from,to,"from (manual)","to (manual)",Timezone,"Activity type",Data,GPS,Modified
2023-07-22T20:03:00-07:00,2023-07-22T20:16:00-07:00,,,America/Vancouver,Walking,"{""calories"":31,""intensity"":30,""manual_distance"":0,""manual_calories"":0,""hr_average"":115,""hr_min"":115,""hr_max"":115,""hr_zone_0"":0,""hr_zone_1"":124,""hr_zone_2"":0,""hr_zone_3"":0,""pause_duration"":0,""steps"":895,""distance"":594,""elevation"":38,""metcumul"":38}",,2023-07-23T11:28:48-07:00
2023-07-22T20:26:00-07:00,2023-07-22T20:32:00-07:00,,,America/Vancouver,Walking,"{""calories"":14,""intensity"":30,""manual_distance"":0,""manual_calories"":0,""hr_average"":0,""hr_min"":0,""hr_max"":0,""hr_zone_0"":0,""hr_zone_1"":0,""hr_zone_2"":0,""hr_zone_3"":0,""pause_duration"":0,""steps"":534,""distance"":355,""elevation"":21,""metcumul"":21}",,2023-07-23T11:28:48-07:00
2023-07-22T21:04:00-07:00,2023-07-22T21:10:00-07:00,,,America/Vancouver,Walking,"{""calories"":14,""intensity"":30,""manual_distance"":0,""manual_calories"":0,""hr_average"":0,""hr_min"":0,""hr_max"":0,""hr_zone_0"":0,""hr_zone_1"":0,""hr_zone_2"":0,""hr_zone_3"":0,""pause_duration"":0,""steps"":556,""distance"":371,""elevation"":21,""metcumul"":21}",,2023-07-23T11:28:49-07:00
2023-07-26T14:54:00-07:00,2023-07-26T15:00:00-07:00,,,America/Vancouver,Walking,"{""calories"":19,""intensity"":30,""manual_distance"":0,""manual_calories"":0,""hr_average"":90,""hr_min"":90,""hr_max"":90,""hr_zone_0"":0,""hr_zone_1"":41,""hr_zone_2"":0,""hr_zone_3"":0,""pause_duration"":0,""steps"":352,""distance"":217,""elevation"":15,""metcumul"":15}",,2023-07-28T16:17:23-07:00
2023-07-26T15:36:00-07:00,2023-07-26T15:47:00-07:00,,,America/Vancouver,Walking,"{""calories"":35,""intensity"":30,""manual_distance"":0,""manual_calories"":0,""hr_average"":120,""hr_min"":120,""hr_max"":120,""hr_zone_0"":0,""hr_zone_1"":48,""hr_zone_2"":0,""hr_zone_3"":0,""pause_duration"":0,""steps"":625,""distance"":402,""elevation"":28,""metcumul"":28}",,2023-07-28T16:17:23-07:00
2023-07-26T16:10:00-07:00,2023-07-26T16:16:00-07:00,,,America/Vancouver,Walking,"{""calories"":19,""intensity"":30,""manual_distance"":0,""manual_calories"":0,""hr_average"":157,""hr_min"":157,""hr_max"":157,""hr_zone_0"":0,""hr_zone_1"":0,""hr_zone_2"":0,""hr_zone_3"":65,""pause_duration"":0,""steps"":347,""distance"":222,""elevation"":15,""metcumul"":15}",,2023-07-28T16:17:24-07:00
2023-07-29T19:13:00-07:00,2023-07-29T19:25:00-07:00,,,America/Vancouver,Walking,"{""calories"":39,""intensity"":30,""manual_distance"":0,""manual_calories"":0,""hr_average"":0,""hr_min"":0,""hr_max"":0,""hr_zone_0"":0,""hr_zone_1"":0,""hr_zone_2"":0,""hr_zone_3"":0,""pause_duration"":0,""steps"":1028,""distance"":656,""elevation"":40,""metcumul"":40}",,2023-08-04T17:55:31-07:00
2023-07-30T16:20:00-07:00,2023-07-30T16:38:00-07:00,,,America/Vancouver,Walking,"{""calories"":58,""intensity"":30,""manual_distance"":0,""manual_calories"":0,""hr_average"":109,""hr_min"":106,""hr_max"":110,""hr_zone_0"":0,""hr_zone_1"":119,""hr_zone_2"":0,""hr_zone_3"":0,""pause_duration"":0,""steps"":1669,""distance"":1110,""elevation"":65,""metcumul"":65}",,2023-08-04T17:55:31-07:00
2023-08-02T21:16:00-07:00,2023-08-02T21:30:00-07:00,,,America/Vancouver,Walking,"{""calories"":45,""intensity"":30,""manual_distance"":0,""manual_calories"":0,""hr_average"":101,""hr_min"":101,""hr_max"":101,""hr_zone_0"":0,""hr_zone_1"":48,""hr_zone_2"":0,""hr_zone_3"":0,""pause_duration"":0,""steps"":1076,""distance"":702,""elevation"":44,""metcumul"":44}",,2023-08-04T17:55:32-07:00
2023-08-02T21:37:00-07:00,2023-08-02T21:50:00-07:00,,,America/Vancouver,Walking,"{""calories"":17.719999313354,""effduration"":720,""intensity"":30,""manual_distance"":0,""manual_calories"":0,""hr_average"":0,""hr_min"":0,""hr_max"":0,""hr_zone_0"":0,""hr_zone_1"":0,""hr_zone_2"":0,""hr_zone_3"":0,""pause_duration"":0,""steps"":1010,""distance"":654.50994873047,""elevation"":36,""metcumul"":40.330001831055}",,2023-08-09T10:59:03-07:00
2023-08-06T19:56:33-07:00,2023-08-06T20:56:31-07:00,,,America/Vancouver,Walking,"{""calories"":57.999992370605,""effduration"":2940,""intensity"":50,""manual_distance"":0,""manual_calories"":0,""hr_average"":108,""hr_min"":59,""hr_max"":173,""hr_zone_0"":399,""hr_zone_1"":2587,""hr_zone_2"":455,""hr_zone_3"":92,""device_startdate"":1691376993,""device_enddate"":1691380591,""pause_duration"":20,""steps"":3266,""distance"":2095.1796875,""elevation"":142,""metcumul"":142.57200622559}",,2023-08-09T10:59:06-07:00
2023-08-06T19:56:33-07:00,2023-08-06T20:56:31-07:00,,,America/Vancouver,"Multi Sport",{},,2023-08-09T10:59:05-07:00
2023-08-06T21:02:00-07:00,2023-08-06T21:10:00-07:00,,,America/Los_Angeles,Walking,"{""calories"":11.059999465942,""effduration"":420,""intensity"":0,""manual_distance"":0,""manual_calories"":0,""hr_average"":111,""hr_min"":111,""hr_max"":111,""hr_zone_0"":0,""hr_zone_1"":39,""hr_zone_2"":0,""hr_zone_3"":0,""pause_duration"":0,""steps"":598,""distance"":392.55001831055,""elevation"":23,""metcumul"":24.590002059937}",,2023-08-11T17:05:07-07:00
2023-08-04T12:26:00-07:00,2023-08-04T12:38:00-07:00,,,America/Los_Angeles,Cycling,"{""calories"":94.266326904297,""effduration"":540,""intensity"":0,""pause_duration"":0,""steps"":38,""distance"":25.439998626709,""metcumul"":10.270000457764}",,2023-08-09T10:59:04-07:00
2023-08-06T19:56:33-07:00,2023-08-06T20:56:31-07:00,,,America/Los_Angeles,Walking,{},,2023-08-09T13:27:14-07:00
2023-08-09T15:43:00-07:00,2023-08-09T15:55:00-07:00,,,America/Los_Angeles,Walking,"{""calories"":16.520261764526,""effduration"":660,""intensity"":0,""pause_duration"":0,""steps"":915,""distance"":589.11999511719,""metcumul"":36.363117218018}",,2023-08-18T10:41:54-07:00
2023-08-12T18:47:00-07:00,2023-08-12T18:58:00-07:00,,,America/Los_Angeles,Walking,"{""calories"":13.530000686646,""effduration"":600,""intensity"":0,""pause_duration"":0,""steps"":759,""distance"":503.26000976562,""metcumul"":31.259998321533}",,2023-08-18T10:51:23-07:00
2023-08-18T09:42:00-07:00,2023-08-18T09:50:00-07:00,,,America/Los_Angeles,Walking,"{""calories"":8.8999996185303,""effduration"":420,""intensity"":0,""pause_duration"":0,""steps"":435,""distance"":312.58999633789,""metcumul"":20.10000038147}",,2023-08-24T09:07:57-07:00
2023-08-18T12:20:00-07:00,2023-08-18T12:35:00-07:00,,,America/Los_Angeles,Walking,"{""calories"":28.359786987305,""effduration"":1319,""intensity"":0,""pause_duration"":0,""steps"":1688,""distance"":1081.6815185547,""metcumul"":39.174694061279}",,2023-08-24T15:10:09-07:00
2023-08-22T11:17:00-07:00,2023-08-22T11:29:00-07:00,,,America/Los_Angeles,Walking,"{""calories"":12.340000152588,""effduration"":660,""intensity"":0,""pause_duration"":0,""steps"":707,""distance"":470.54000854492,""metcumul"":30.959999084473}",,2023-08-24T15:10:11-07:00
2023-08-23T14:55:00-07:00,2023-08-23T15:00:00-07:00,,,America/Los_Angeles,Walking,"{""calories"":8.1000003814697,""effduration"":300,""intensity"":0,""pause_duration"":0,""steps"":459,""distance"":310.35998535156,""metcumul"":18.25}",,2023-08-24T15:10:13-07:00
2023-08-24T08:28:00-07:00,2023-08-24T08:37:00-07:00,,,America/Los_Angeles,Walking,"{""calories"":11.779999732971,""effduration"":540,""intensity"":0,""pause_duration"":0,""steps"":668,""distance"":426.09002685547,""metcumul"":28.329999923706}",,2023-08-24T15:10:28-07:00
2023-08-24T11:39:00-07:00,2023-08-24T11:55:00-07:00,,,America/Los_Angeles,Walking,"{""calories"":24.460000991821,""effduration"":900,""intensity"":0,""pause_duration"":0,""steps"":1419,""distance"":917.26995849609,""metcumul"":56.020000457764}",,2023-08-24T15:10:28-07:00
2023-08-24T12:31:00-07:00,2023-08-24T12:50:00-07:00,,,America/Los_Angeles,Walking,"{""calories"":25.549999237061,""effduration"":1080,""intensity"":0,""hr_average"":103,""hr_min"":97,""hr_max"":108,""hr_zone_0"":0,""hr_zone_1"":659,""hr_zone_2"":0,""hr_zone_3"":0,""pause_duration"":0,""steps"":1520,""distance"":981.63989257812,""metcumul"":61.020004272461}",,2023-08-29T16:47:56-07:00
2023-08-29T08:11:00-07:00,2023-08-29T08:18:00-07:00,,,America/Los_Angeles,Walking,"{""calories"":8.3899993896484,""effduration"":360,""intensity"":0,""pause_duration"":0,""steps"":445,""distance"":284.51901245117,""metcumul"":19.670000076294}",,2023-08-29T16:48:21-07:00
2023-08-29T08:42:00-07:00,2023-08-29T08:55:00-07:00,,,America/Los_Angeles,Walking,"{""calories"":13.239999771118,""effduration"":660,""intensity"":0,""pause_duration"":0,""steps"":780,""distance"":508.14001464844,""metcumul"":33.090000152588}",,2023-08-29T16:48:21-07:00
2023-08-29T11:16:00-07:00,2023-08-29T11:22:00-07:00,,,America/Los_Angeles,Walking,"{""calories"":5.2699999809265,""effduration"":300,""intensity"":0,""pause_duration"":0,""steps"":311,""distance"":195.32998657227,""metcumul"":13.619999885559}",,2023-08-29T18:11:33-07:00
2023-08-29T17:37:00-07:00,2023-08-29T17:45:00-07:00,,,America/Los_Angeles,Walking,"{""calories"":9.960000038147,""effduration"":420,""intensity"":0,""pause_duration"":0,""steps"":578,""distance"":381.85998535156,""metcumul"":23.590000152588}",,2023-08-30T15:17:13-07:00
2023-08-30T08:11:00-07:00,2023-08-30T08:17:00-07:00,,,America/Los_Angeles,Walking,"{""calories"":7.3699998855591,""effduration"":300,""intensity"":0,""pause_duration"":0,""steps"":387,""distance"":263.55001831055,""metcumul"":16.639999389648}",,2023-08-30T15:17:14-07:00
2023-08-30T08:46:00-07:00,2023-08-30T08:53:00-07:00,,,America/Los_Angeles,Walking,"{""calories"":9.0799999237061,""effduration"":420,""intensity"":0,""pause_duration"":0,""steps"":522,""distance"":343.82000732422,""metcumul"":21.89999961853}",,2023-08-30T15:17:15-07:00
2023-08-31T08:57:00-07:00,2023-08-31T09:09:00-07:00,,,America/Los_Angeles,Walking,"{""calories"":14.596415519714,""effduration"":542,""intensity"":0,""pause_duration"":0,""steps"":850,""distance"":545.98089599609,""metcumul"":58.759670257568}",,2023-09-05T14:50:05-07:00
2023-08-31T13:40:00-07:00,2023-08-31T13:51:00-07:00,,,America/Los_Angeles,Walking,"{""calories"":14.470000267029,""effduration"":660,""intensity"":0,""pause_duration"":0,""steps"":827,""distance"":538.70001220703,""metcumul"":34.930000305176}",,2023-09-05T14:50:05-07:00
2023-08-31T17:38:00-07:00,2023-08-31T17:45:00-07:00,,,America/Los_Angeles,Walking,"{""calories"":10.789999961853,""effduration"":420,""intensity"":0,""pause_duration"":0,""steps"":625,""distance"":413.14996337891,""metcumul"":24.859998703003}",,2023-09-05T14:50:06-07:00
2023-09-03T19:54:00-07:00,2023-09-03T20:03:00-07:00,,,America/Los_Angeles,Walking,"{""calories"":11.840000152588,""effduration"":480,""intensity"":0,""pause_duration"":0,""steps"":699,""distance"":453.40002441406,""metcumul"":27.699998855591}",,2023-09-05T14:50:07-07:00
2023-09-05T08:29:00-07:00,2023-09-05T08:40:00-07:00,,,America/Los_Angeles,Walking,"{""calories"":26.178815841675,""effduration"":1103,""intensity"":0,""pause_duration"":0,""steps"":1556,""distance"":991.59417724609,""metcumul"":32.066310882568}",,2023-09-05T18:14:07-07:00
2023-09-05T17:18:00-07:00,2023-09-05T17:28:00-07:00,,,America/Los_Angeles,Walking,"{""calories"":10.279999732971,""effduration"":540,""intensity"":0,""pause_duration"":0,""steps"":590,""distance"":394.34997558594,""metcumul"":25.870002746582}",,2023-09-07T15:01:46-07:00
2023-09-06T08:36:00-07:00,2023-09-06T08:46:00-07:00,,,America/Los_Angeles,Walking,"{""calories"":10.139999389648,""effduration"":480,""intensity"":0,""pause_duration"":0,""steps"":604,""distance"":388.95001220703,""metcumul"":25.14999961853}",,2023-09-07T15:01:47-07:00
2023-09-06T09:51:00-07:00,2023-09-06T09:59:00-07:00,,,America/Los_Angeles,Walking,"{""calories"":15.750232696533,""effduration"":701,""intensity"":0,""pause_duration"":0,""steps"":935,""distance"":600.03375244141,""metcumul"":20.667972564697}",,2023-09-07T15:01:47-07:00
2023-09-07T15:03:00-07:00,2023-09-07T15:15:00-07:00,,,America/Los_Angeles,Cycling,"{""calories"":91.323684692383,""effduration"":420,""intensity"":0,""pause_duration"":0,""steps"":21,""distance"":14.020000457764,""metcumul"":7.5700001716614}",,2023-09-13T07:29:18-07:00
2023-09-07T15:58:00-07:00,2023-09-07T16:07:00-07:00,,,America/Los_Angeles,Walking,"{""calories"":9.75,""effduration"":480,""intensity"":0,""pause_duration"":0,""steps"":536,""distance"":373.99002075195,""metcumul"":23.400001525879}",,2023-09-13T09:28:13-07:00
2023-09-07T17:21:00-07:00,2023-09-07T17:28:00-07:00,,,America/Los_Angeles,Walking,"{""calories"":9.8000001907349,""effduration"":360,""intensity"":0,""pause_duration"":0,""steps"":549,""distance"":375.2799987793,""metcumul"":21.819999694824}",,2023-09-13T09:28:14-07:00
2023-09-07T20:19:00-07:00,2023-09-07T20:34:00-07:00,,,America/Los_Angeles,Cycling,"{""calories"":114.15460205078,""effduration"":360,""intensity"":0,""pause_duration"":0,""steps"":15,""distance"":10.369999885559,""metcumul"":6.5}",,2023-09-13T09:28:14-07:00
2023-09-09T19:04:00-07:00,2023-09-09T19:55:00-07:00,,,America/Los_Angeles,Walking,"{""calories"":78.36735534668,""effduration"":2880,""intensity"":0,""hr_average"":116,""hr_min"":106,""hr_max"":160,""hr_zone_0"":0,""hr_zone_1"":1984,""hr_zone_2"":405,""hr_zone_3"":46,""pause_duration"":0,""steps"":4476,""distance"":2926.1101074219,""metcumul"":176.27014160156}",,2023-09-13T09:28:16-07:00
2023-09-10T14:38:00-07:00,2023-09-10T15:05:00-07:00,,,America/Los_Angeles,Walking,"{""calories"":35.192089080811,""effduration"":1620,""intensity"":0,""pause_duration"":0,""steps"":2094,""distance"":1346.4802246094,""metcumul"":85.046249389648}",,2023-09-13T09:28:17-07:00
2023-09-12T08:27:00-07:00,2023-09-12T08:37:00-07:00,,,America/Los_Angeles,Walking,"{""calories"":12.590000152588,""effduration"":540,""intensity"":0,""pause_duration"":0,""steps"":757,""distance"":483.10000610352,""metcumul"":30.400001525879}",,2023-09-13T09:28:19-07:00
2023-09-12T17:21:00-07:00,2023-09-12T17:32:00-07:00,,,America/Los_Angeles,Walking,"{""calories"":8.9499998092651,""effduration"":600,""intensity"":0,""pause_duration"":0,""steps"":518,""distance"":333.62997436523,""metcumul"":24.690000534058}",,2023-09-13T09:28:19-07:00
2023-09-13T08:22:00-07:00,2023-09-13T08:28:00-07:00,,,America/Los_Angeles,Walking,"{""calories"":6.1299996376038,""effduration"":300,""intensity"":0,""pause_duration"":0,""steps"":349,""distance"":231.12001037598,""metcumul"":15}",,2023-09-19T12:05:03-07:00
2023-09-13T08:59:00-07:00,2023-09-13T09:10:00-07:00,,,America/Los_Angeles,Walking,"{""calories"":11.480000495911,""effduration"":600,""intensity"":0,""pause_duration"":0,""steps"":669,""distance"":440.60998535156,""metcumul"":28.839998245239}",,2023-09-19T12:05:04-07:00
2023-09-13T12:30:00-07:00,2023-09-13T12:39:00-07:00,,,America/Los_Angeles,Walking,"{""calories"":10.319999694824,""effduration"":480,""intensity"":0,""pause_duration"":0,""steps"":586,""distance"":378.41998291016,""metcumul"":25.119998931885}",,2023-09-20T10:10:46-07:00
2023-09-14T19:10:00-07:00,2023-09-14T19:20:00-07:00,,,America/Los_Angeles,Cycling,"{""calories"":76.103065490723,""effduration"":420,""intensity"":0,""pause_duration"":0,""metcumul"":7}",,2023-09-20T10:10:47-07:00
2023-09-17T14:55:00-07:00,2023-09-17T15:07:00-07:00,,,America/Los_Angeles,Walking,"{""calories"":14.820000648499,""effduration"":660,""intensity"":0,""pause_duration"":0,""steps"":869,""distance"":561.71997070312,""metcumul"":35.600002288818}",,2023-09-20T10:10:49-07:00
2023-09-17T16:06:00-07:00,2023-09-17T16:18:00-07:00,,,America/Los_Angeles,Walking,"{""calories"":19.049999237061,""effduration"":720,""intensity"":0,""pause_duration"":0,""steps"":1071,""distance"":716.87005615234,""metcumul"":42.840003967285}",,2023-09-20T10:10:49-07:00
2023-09-19T08:25:00-07:00,2023-09-19T08:35:00-07:00,,,America/Los_Angeles,Walking,"{""calories"":13.249000549316,""effduration"":540,""intensity"":0,""pause_duration"":0,""steps"":766,""distance"":507.89996337891,""metcumul"":30.929998397827}",,2023-09-20T10:10:51-07:00
2023-09-19T13:06:00-07:00,2023-09-19T13:18:00-07:00,,,America/Los_Angeles,Walking,"{""calories"":11.739999771118,""effduration"":600,""intensity"":0,""pause_duration"":0,""steps"":677,""distance"":450.39999389648,""metcumul"":29.159999847412}",,2023-09-20T10:10:51-07:00
2023-09-19T14:04:00-07:00,2023-09-19T14:09:00-07:00,,,America/Los_Angeles,Walking,"{""calories"":5.6699995994568,""effduration"":240,""intensity"":0,""pause_duration"":0,""steps"":319,""distance"":211.91000366211,""metcumul"":13.209999084473}",,2023-09-20T10:15:08-07:00
2023-09-19T14:50:00-07:00,2023-09-19T15:02:00-07:00,,,America/Los_Angeles,Walking,"{""calories"":14.89999961853,""effduration"":660,""intensity"":0,""pause_duration"":0,""steps"":867,""distance"":571.22998046875,""metcumul"":35.430000305176}",,2023-09-20T10:15:09-07:00
2023-09-19T17:19:00-07:00,2023-09-19T17:30:00-07:00,,,America/Los_Angeles,Walking,"{""calories"":11.032903671265,""effduration"":600,""intensity"":0,""pause_duration"":0,""steps"":625,""distance"":422.77996826172,""metcumul"":24.709999084473}",,2023-09-20T10:15:09-07:00
2023-09-20T08:03:00-07:00,2023-09-20T08:09:00-07:00,,,America/Los_Angeles,Walking,"{""calories"":5.4200000762939,""effduration"":300,""intensity"":0,""pause_duration"":0,""steps"":306,""distance"":207.86000061035,""metcumul"":13.680000305176}",,2023-09-20T10:15:10-07:00
2023-09-20T08:24:00-07:00,2023-09-20T08:30:00-07:00,,,America/Los_Angeles,Walking,"{""calories"":6.5569224357605,""effduration"":300,""intensity"":0,""pause_duration"":0,""steps"":368,""distance"":244.2799987793,""metcumul"":13.339999198914}",,2023-09-20T12:42:20-07:00
2023-09-20T11:26:00-07:00,2023-09-20T11:32:00-07:00,,,America/Los_Angeles,Walking,"{""calories"":7.9051918983459,""effduration"":300,""intensity"":0,""pause_duration"":0,""steps"":421,""distance"":301.70001220703,""metcumul"":17.370000839233}",,2023-09-23T13:25:02-07:00
2023-09-20T14:47:00-07:00,2023-09-20T15:13:00-07:00,,,America/Los_Angeles,Walking,"{""calories"":25.289999008179,""effduration"":1260,""intensity"":0,""hr_average"":128,""hr_min"":104,""hr_max"":155,""hr_zone_0"":0,""hr_zone_1"":428,""hr_zone_2"":769,""hr_zone_3"":0,""pause_duration"":0,""steps"":1446,""distance"":965.98992919922,""metcumul"":62.299999237061}",,2023-09-23T13:25:03-07:00
2023-09-21T15:04:00-07:00,2023-09-21T15:20:00-07:00,,,America/Los_Angeles,Cycling,"{""calories"":121.76490783691,""effduration"":660,""intensity"":0,""pause_duration"":0,""steps"":27,""distance"":19.159999847412,""metcumul"":11.849999427795}",,2023-09-23T13:25:03-07:00
2023-09-22T14:03:00-07:00,2023-09-22T14:16:00-07:00,,,America/Los_Angeles,Walking,"{""calories"":13.559999465942,""effduration"":660,""intensity"":0,""pause_duration"":0,""steps"":740,""distance"":504.23004150391,""metcumul"":32.51000213623}",,2023-10-06T13:57:32-07:00
2023-09-26T08:56:00-07:00,2023-09-26T09:08:00-07:00,,,America/Los_Angeles,Walking,"{""calories"":13.510001182556,""effduration"":660,""intensity"":0,""pause_duration"":0,""steps"":900,""distance"":577.65899658203,""metcumul"":33.908996582031}",,2023-10-06T13:57:36-07:00
2023-09-26T10:55:00-07:00,2023-09-26T11:09:00-07:00,,,America/Los_Angeles,Walking,"{""calories"":23.400001525879,""effduration"":840,""intensity"":0,""pause_duration"":0,""steps"":1365,""distance"":896.90997314453,""metcumul"":52.840003967285}",,2023-10-06T13:57:36-07:00
2023-09-27T08:49:00-07:00,2023-09-27T08:58:00-07:00,,,America/Los_Angeles,Walking,"{""calories"":12.598999977112,""effduration"":480,""intensity"":0,""pause_duration"":0,""steps"":715,""distance"":482.43002319336,""metcumul"":28.539999008179}",,2023-10-06T13:57:37-07:00
2023-09-27T14:35:00-07:00,2023-09-27T14:43:00-07:00,,,America/Los_Angeles,Walking,"{""calories"":11.520001411438,""effduration"":480,""intensity"":0,""pause_duration"":0,""steps"":642,""distance"":422.5299987793,""metcumul"":26.920001983643}",,2023-10-06T13:57:38-07:00
2023-09-27T14:48:00-07:00,2023-09-27T15:02:00-07:00,,,America/Los_Angeles,Walking,"{""calories"":18.309999465942,""effduration"":840,""intensity"":0,""pause_duration"":0,""steps"":1066,""distance"":701.67999267578,""metcumul"":44.019996643066}",,2023-10-06T13:57:38-07:00
2023-09-27T15:41:00-07:00,2023-09-27T15:46:00-07:00,,,America/Los_Angeles,Walking,"{""calories"":4.8800001144409,""effduration"":240,""intensity"":0,""pause_duration"":0,""steps"":275,""distance"":185.86898803711,""metcumul"":11.880000114441}",,2023-10-06T13:57:39-07:00
2023-10-01T12:53:00-07:00,2023-10-01T12:58:00-07:00,,,America/Los_Angeles,Walking,"{""calories"":5.039999961853,""effduration"":240,""intensity"":0,""pause_duration"":0,""steps"":277,""distance"":171.72999572754,""metcumul"":12.260000228882}",,2023-10-07T10:56:04-07:00
2023-10-01T13:17:00-07:00,2023-10-01T13:54:00-07:00,,,America/Los_Angeles,Walking,"{""calories"":42.379001617432,""effduration"":2040,""intensity"":0,""pause_duration"":0,""steps"":2357,""distance"":1540.9978027344,""metcumul"":102.62999725342}",,2023-10-07T10:56:04-07:00
2023-10-02T19:03:00-07:00,2023-10-02T19:30:00-07:00,,,America/Los_Angeles,Walking,"{""calories"":38.959995269775,""effduration"":1500,""intensity"":0,""pause_duration"":0,""steps"":2108,""distance"":1432.5198974609,""metcumul"":87.640007019043}",,2023-10-07T10:56:05-07:00
2023-10-03T08:32:00-07:00,2023-10-03T08:41:00-07:00,,,America/Los_Angeles,Walking,"{""calories"":7.1900000572205,""effduration"":480,""intensity"":0,""pause_duration"":0,""steps"":498,""distance"":341.48004150391,""metcumul"":19.410001754761}",,2023-10-07T10:56:06-07:00
2023-10-03T15:34:00-07:00,2023-10-03T15:47:00-07:00,,,America/Los_Angeles,Walking,"{""calories"":12.429999351501,""effduration"":600,""intensity"":0,""pause_duration"":0,""steps"":719,""distance"":477.12002563477,""metcumul"":30.150001525879}",,2023-10-07T10:56:06-07:00
2023-10-05T17:27:00-07:00,2023-10-05T17:37:00-07:00,,,America/Los_Angeles,Walking,"{""calories"":14.420000076294,""effduration"":540,""intensity"":0,""pause_duration"":0,""steps"":813,""distance"":552.99005126953,""metcumul"":32.450000762939}",,2023-10-07T10:56:08-07:00
2023-10-05T20:22:00-07:00,2023-10-05T20:34:00-07:00,,,America/Los_Angeles,Cycling,"{""calories"":91.323684692383,""effduration"":540,""intensity"":0,""pause_duration"":0,""steps"":10,""distance"":7.4800000190735,""metcumul"":9.25}",,2023-10-07T10:56:08-07:00
2023-10-06T18:44:00-07:00,2023-10-06T19:34:00-07:00,,,America/Los_Angeles,Walking,"{""calories"":76.869995117188,""effduration"":2940,""intensity"":0,""pause_duration"":0,""steps"":4286,""distance"":2831.6396484375,""metcumul"":174.35998535156}",,2023-10-07T10:56:09-07:00
2023-10-09T13:56:00-07:00,2023-10-09T14:07:00-07:00,,,America/Los_Angeles,Walking,"{""calories"":11.109999656677,""effduration"":600,""intensity"":0,""pause_duration"":0,""steps"":619,""distance"":412.01898193359,""metcumul"":27.990001678467}",,2023-10-16T23:02:09-07:00
2023-10-10T08:27:00-07:00,2023-10-10T08:40:00-07:00,,,America/Los_Angeles,Walking,"{""calories"":15.409343719482,""effduration"":602,""intensity"":0,""pause_duration"":0,""steps"":856,""distance"":572.33453369141,""metcumul"":67.200210571289}",,2023-10-16T23:02:10-07:00
2023-10-10T15:50:00-07:00,2023-10-10T16:01:00-07:00,,,America/Los_Angeles,Walking,"{""calories"":13.779000282288,""effduration"":540,""intensity"":0,""pause_duration"":0,""steps"":760,""distance"":521.94000244141,""metcumul"":31.129997253418}",,2023-10-16T23:02:11-07:00
2023-10-11T11:11:00-07:00,2023-10-11T11:17:00-07:00,,,America/Los_Angeles,Walking,"{""calories"":10.009999275208,""effduration"":360,""intensity"":0,""pause_duration"":0,""steps"":570,""distance"":383.10998535156,""metcumul"":22.460000991821}",,2023-10-16T23:02:12-07:00
2023-10-11T11:56:00-07:00,2023-10-11T12:12:00-07:00,,,America/Los_Angeles,Walking,"{""calories"":16.440000534058,""effduration"":900,""intensity"":0,""pause_duration"":0,""steps"":975,""distance"":631.47003173828,""metcumul"":42.279998779297}",,2023-10-16T23:02:12-07:00
2023-10-12T14:50:00-07:00,2023-10-12T15:03:00-07:00,,,America/Los_Angeles,Cycling,"{""calories"":98.933990478516,""effduration"":420,""intensity"":0,""pause_duration"":0,""metcumul"":7}",,2023-10-16T23:02:13-07:00
2023-10-12T17:17:00-07:00,2023-10-12T17:32:00-07:00,,,America/Los_Angeles,Walking,"{""calories"":22.129999160767,""effduration"":840,""intensity"":0,""pause_duration"":0,""steps"":1233,""distance"":847.80993652344,""metcumul"":49.640003204346}",,2023-10-16T23:02:14-07:00
2023-10-10T13:51:00-07:00,2023-10-10T13:58:00-07:00,,,America/Los_Angeles,Walking,"{""calories"":7.4000005722046,""effduration"":300,""intensity"":0,""pause_duration"":0,""steps"":420,""distance"":275.31997680664,""metcumul"":17.119998931885}",,2023-10-16T23:02:10-07:00
2023-10-13T12:52:00-07:00,2023-10-13T12:59:00-07:00,,,America/Los_Angeles,Walking,"{""calories"":9.4815473556519,""effduration"":385,""intensity"":0,""pause_duration"":0,""steps"":581,""distance"":359.22933959961,""metcumul"":2.6795139312744}",,2023-10-16T23:33:24-07:00
2023-10-15T17:56:00-07:00,2023-10-15T18:04:00-07:00,,,America/Los_Angeles,Walking,"{""calories"":10.730000495911,""effduration"":420,""intensity"":0,""pause_duration"":0,""steps"":617,""distance"":411.69998168945,""metcumul"":24.590000152588}",,2023-10-20T23:34:14-07:00
2023-10-17T08:21:00-07:00,2023-10-17T08:35:00-07:00,,,America/Los_Angeles,Walking,"{""calories"":20.984184265137,""effduration"":1141,""intensity"":0,""pause_duration"":0,""steps"":1354,""distance"":867.74597167969,""metcumul"":29.989597320557}",,2023-10-20T23:34:50-07:00
2023-10-17T11:58:00-07:00,2023-10-17T12:03:00-07:00,,,America/Los_Angeles,Walking,"{""calories"":4.2399997711182,""effduration"":240,""intensity"":0,""pause_duration"":0,""steps"":245,""distance"":162.87998962402,""metcumul"":10.909999847412}",,2023-10-20T23:34:50-07:00
2023-10-17T12:57:00-07:00,2023-10-17T13:06:00-07:00,,,America/Los_Angeles,Walking,"{""calories"":8.9099998474121,""effduration"":480,""intensity"":0,""pause_duration"":0,""steps"":524,""distance"":342.25,""metcumul"":22.510000228882}",,2023-10-20T23:34:51-07:00
2023-10-18T08:03:00-07:00,2023-10-18T08:12:00-07:00,,,America/Los_Angeles,Walking,"{""calories"":6.9999995231628,""effduration"":420,""intensity"":0,""pause_duration"":0,""steps"":390,""distance"":268.02001953125,""metcumul"":17.939998626709}",,2023-10-20T23:34:52-07:00
2023-10-18T08:23:00-07:00,2023-10-18T08:33:00-07:00,,,America/Los_Angeles,Walking,"{""calories"":9.668999671936,""effduration"":420,""intensity"":0,""pause_duration"":0,""steps"":542,""distance"":363.33999633789,""metcumul"":22.680000305176}",,2023-10-20T23:34:52-07:00
2023-10-19T15:17:00-07:00,2023-10-19T15:25:00-07:00,,,America/Los_Angeles,Walking,"{""calories"":11.888999938965,""effduration"":420,""intensity"":0,""pause_duration"":0,""steps"":650,""distance"":445.93997192383,""metcumul"":26.200000762939}",,2023-10-20T23:34:54-07:00
2023-10-19T17:29:00-07:00,2023-10-19T17:42:00-07:00,,,America/Los_Angeles,Walking,"{""calories"":19.859001159668,""effduration"":720,""intensity"":0,""hr_average"":116,""hr_min"":113,""hr_max"":119,""hr_zone_0"":0,""hr_zone_1"":621,""hr_zone_2"":0,""hr_zone_3"":0,""pause_duration"":0,""steps"":1231,""distance"":835.95001220703,""metcumul"":44.48999786377}",,2023-10-20T23:34:54-07:00
2023-10-19T20:34:00-07:00,2023-10-19T21:00:00-07:00,,,America/Los_Angeles,Cycling,"{""calories"":197.86798095703,""effduration"":840,""intensity"":0,""pause_duration"":0,""steps"":6,""distance"":4.4299998283386,""metcumul"":14}",,2023-10-21T09:38:11-07:00
2023-10-21T13:42:00-07:00,2023-10-21T14:05:00-07:00,,,America/Los_Angeles,Walking,"{""calories"":39.384735107422,""effduration"":1380,""intensity"":0,""pause_duration"":0,""steps"":2062,""distance"":1421.1199951172,""metcumul"":80.709991455078}",,2023-10-21T21:17:32-07:00
2023-10-21T14:22:00-07:00,2023-10-21T14:39:00-07:00,,,America/Los_Angeles,Walking,"{""calories"":31.700002670288,""effduration"":1020,""intensity"":0,""pause_duration"":0,""steps"":1742,""distance"":1211.1398925781,""metcumul"":67.569999694824}",,2023-10-24T14:49:24-07:00
2023-10-24T08:09:00-07:00,2023-10-24T08:16:00-07:00,,,America/Los_Angeles,Walking,"{""calories"":6.4700002670288,""effduration"":300,""intensity"":0,""pause_duration"":0,""steps"":379,""distance"":248.37998962402,""metcumul"":15.659999847412}",,2023-10-29T22:44:50-07:00
2023-10-24T08:31:00-07:00,2023-10-24T08:42:00-07:00,,,America/Los_Angeles,Walking,"{""calories"":15.130001068115,""effduration"":600,""intensity"":0,""pause_duration"":0,""steps"":859,""distance"":579.75,""metcumul"":34.450000762939}",,2023-10-29T22:44:50-07:00
2023-10-25T08:06:00-07:00,2023-10-25T08:14:00-07:00,,,America/Los_Angeles,Walking,"{""calories"":5.7600002288818,""effduration"":360,""intensity"":0,""pause_duration"":0,""steps"":317,""distance"":221.23001098633,""metcumul"":15.090001106262}",,2023-10-29T22:44:52-07:00
2023-10-25T08:23:00-07:00,2023-10-25T08:31:00-07:00,,,America/Los_Angeles,Walking,"{""calories"":11.439999580383,""effduration"":420,""intensity"":0,""pause_duration"":0,""steps"":623,""distance"":438.55999755859,""metcumul"":25.079999923706}",,2023-10-29T22:44:52-07:00
2023-10-25T15:07:00-07:00,2023-10-25T15:15:00-07:00,,,America/Los_Angeles,Walking,"{""calories"":11.339999198914,""effduration"":420,""intensity"":0,""pause_duration"":0,""steps"":615,""distance"":409.79998779297,""metcumul"":25.39999961853}",,2023-10-29T22:44:53-07:00
2023-10-25T15:38:00-07:00,2023-10-25T15:44:00-07:00,,,America/Los_Angeles,Walking,"{""calories"":6.1600003242493,""effduration"":300,""intensity"":0,""pause_duration"":0,""steps"":350,""distance"":233.45001220703,""metcumul"":14.989999771118}",,2023-10-29T22:44:54-07:00
2023-10-28T13:26:00-07:00,2023-10-28T13:37:00-07:00,,,America/Los_Angeles,Cycling,"{""calories"":83.713371276855,""effduration"":480,""intensity"":0,""pause_duration"":0,""metcumul"":8}",,2023-10-29T22:44:56-07:00
2023-10-28T15:05:00-07:00,2023-10-28T15:10:00-07:00,,,America/Los_Angeles,Walking,"{""calories"":7.1299996376038,""effduration"":300,""intensity"":0,""pause_duration"":0,""steps"":402,""distance"":269.79998779297,""metcumul"":16.599998474121}",,2023-10-29T22:44:57-07:00
2023-10-29T17:52:00-07:00,2023-10-29T18:27:00-07:00,,,America/Los_Angeles,Walking,"{""calories"":54.369998931885,""effduration"":2040,""intensity"":0,""hr_average"":111,""hr_min"":105,""hr_max"":117,""hr_zone_0"":0,""hr_zone_1"":1240,""hr_zone_2"":0,""hr_zone_3"":0,""pause_duration"":0,""steps"":3007,""distance"":2004.3400878906,""metcumul"":122.11999511719}",,2023-11-13T15:36:03-08:00
2023-10-29T18:44:00-07:00,2023-10-29T18:51:00-07:00,,,America/Los_Angeles,Walking,"{""calories"":12.176085472107,""effduration"":360,""intensity"":0,""pause_duration"":0,""steps"":620,""distance"":417.82995605469,""metcumul"":21.049999237061}",,2023-11-13T15:36:03-08:00
2023-10-31T08:04:00-07:00,2023-10-31T08:12:00-07:00,,,America/Los_Angeles,Walking,"{""calories"":6.9300003051758,""effduration"":420,""intensity"":0,""pause_duration"":0,""steps"":382,""distance"":261.91000366211,""metcumul"":18.039999008179}",,2023-11-13T15:36:57-08:00
2023-10-31T13:15:00-07:00,2023-10-31T13:26:00-07:00,,,America/Los_Angeles,Walking,"{""calories"":13.539999008179,""effduration"":600,""intensity"":0,""pause_duration"":0,""steps"":787,""distance"":513.45001220703,""metcumul"":32.420001983643}",,2023-11-13T15:36:58-08:00
2023-10-31T15:37:00-07:00,2023-10-31T15:49:00-07:00,,,America/Los_Angeles,Walking,"{""calories"":12.019999504089,""effduration"":540,""intensity"":0,""pause_duration"":0,""steps"":709,""distance"":461.13900756836,""metcumul"":28.680000305176}",,2023-11-13T15:36:58-08:00
2023-10-31T19:14:00-07:00,2023-10-31T19:44:00-07:00,,,America/Los_Angeles,Walking,"{""calories"":35.419998168945,""effduration"":1560,""intensity"":0,""pause_duration"":0,""steps"":1979,""distance"":1285.8798828125,""metcumul"":83.748008728027}",,2023-11-13T15:36:58-08:00
2023-11-01T08:55:00-07:00,2023-11-01T09:02:00-07:00,,,America/Los_Angeles,Walking,"{""calories"":10.029999732971,""effduration"":300,""intensity"":0,""pause_duration"":0,""steps"":537,""distance"":369.16998291016,""metcumul"":20.900001525879}",,2023-11-13T15:36:59-08:00
2023-11-01T11:16:00-07:00,2023-11-01T11:21:00-07:00,,,America/Los_Angeles,Walking,"{""calories"":3.9300003051758,""effduration"":240,""intensity"":0,""pause_duration"":0,""steps"":236,""distance"":151.44000244141,""metcumul"":10.619999885559}",,2023-11-13T15:37:00-08:00
2023-11-01T11:26:00-07:00,2023-11-01T11:33:00-07:00,,,America/Los_Angeles,Walking,"{""calories"":6.7699999809265,""effduration"":360,""intensity"":0,""pause_duration"":0,""steps"":345,""distance"":232.63998413086,""metcumul"":16.589998245239}",,2023-11-13T15:37:00-08:00
2023-11-02T16:02:00-07:00,2023-11-02T16:09:00-07:00,,,America/Los_Angeles,Walking,"{""calories"":10.099999427795,""effduration"":360,""intensity"":0,""pause_duration"":0,""steps"":564,""distance"":387.48999023438,""metcumul"":22.278999328613}",,2023-11-13T15:37:02-08:00
2023-11-05T16:54:00-08:00,2023-11-05T17:01:00-08:00,,,America/Los_Angeles,Walking,"{""calories"":8.789999961853,""effduration"":360,""intensity"":0,""pause_duration"":0,""steps"":498,""distance"":336.94000244141,""metcumul"":20.249998092651}",,2023-11-13T15:37:03-08:00
2023-11-05T18:38:00-08:00,2023-11-05T18:52:00-08:00,,,America/Los_Angeles,Walking,"{""calories"":16.569999694824,""effduration"":780,""intensity"":0,""pause_duration"":0,""steps"":944,""distance"":635.53009033203,""metcumul"":39.990001678467}",,2023-11-13T15:37:04-08:00
2023-11-06T13:16:00-08:00,2023-11-06T13:37:00-08:00,,,America/Los_Angeles,Walking,"{""calories"":32.357002258301,""effduration"":1200,""intensity"":0,""pause_duration"":0,""steps"":1797,""distance"":1227.0998535156,""metcumul"":72.379997253418}",,2023-11-13T15:37:05-08:00
2023-11-06T13:48:00-08:00,2023-11-06T14:08:00-08:00,,,America/Los_Angeles,Walking,"{""calories"":30.280002593994,""effduration"":1140,""intensity"":0,""pause_duration"":0,""steps"":1726,""distance"":1167.7901611328,""metcumul"":67.510009765625}",,2023-11-13T15:37:05-08:00
2023-11-07T15:34:00-08:00,2023-11-07T16:01:00-08:00,,,America/Los_Angeles,Walking,"{""calories"":22.85000038147,""effduration"":1140,""intensity"":0,""pause_duration"":0,""steps"":1211,""distance"":870,""metcumul"":54.478992462158}",,2023-11-13T15:37:06-08:00
2023-11-07T17:19:00-08:00,2023-11-07T17:36:00-08:00,,,America/Los_Angeles,Walking,"{""calories"":22.709999084473,""effduration"":960,""intensity"":0,""hr_average"":102,""hr_min"":96,""hr_max"":109,""hr_zone_0"":0,""hr_zone_1"":623,""hr_zone_2"":0,""hr_zone_3"":0,""pause_duration"":0,""steps"":1301,""distance"":869.78009033203,""metcumul"":53.48999786377}",,2023-11-13T15:37:06-08:00
2023-11-07T20:25:00-08:00,2023-11-07T20:35:00-08:00,,,America/Los_Angeles,Cycling,"{""calories"":76.103065490723,""effduration"":300,""intensity"":0,""pause_duration"":0,""steps"":13,""distance"":8.289999961853,""metcumul"":5.289999961853}",,2023-11-13T15:37:07-08:00
2023-11-08T08:49:00-08:00,2023-11-08T08:56:00-08:00,,,America/Los_Angeles,Walking,"{""calories"":7.4200000762939,""effduration"":360,""intensity"":0,""pause_duration"":0,""steps"":408,""distance"":284.38000488281,""metcumul"":17.859998703003}",,2023-11-13T15:37:08-08:00
2023-11-08T12:19:00-08:00,2023-11-08T12:30:00-08:00,,,America/Los_Angeles,Walking,"{""calories"":14.659999847412,""effduration"":600,""intensity"":0,""pause_duration"":0,""steps"":834,""distance"":552.13000488281,""metcumul"":34.110000610352}",,2023-11-13T15:37:09-08:00
2023-11-08T15:08:00-08:00,2023-11-08T15:15:00-08:00,,,America/Los_Angeles,Walking,"{""calories"":9.4400005340576,""effduration"":360,""intensity"":0,""pause_duration"":0,""steps"":525,""distance"":347.42999267578,""metcumul"":21.279998779297}",,2023-11-13T15:37:09-08:00
2023-11-08T15:41:00-08:00,2023-11-08T15:48:00-08:00,,,America/Los_Angeles,Walking,"{""calories"":8.4200000762939,""effduration"":360,""intensity"":0,""pause_duration"":0,""steps"":500,""distance"":323.46002197266,""metcumul"":20.069999694824}",,2023-11-14T18:10:14-08:00
2023-11-09T17:21:00-08:00,2023-11-09T17:35:00-08:00,,,America/Los_Angeles,Walking,"{""calories"":21.360000610352,""effduration"":780,""intensity"":0,""pause_duration"":0,""steps"":1174,""distance"":809.14996337891,""metcumul"":47.299999237061}",,2023-11-14T18:10:15-08:00
2023-11-12T17:01:00-08:00,2023-11-12T17:42:00-08:00,,,America/Los_Angeles,Walking,"{""calories"":46.110000610352,""effduration"":2340,""intensity"":0,""hr_average"":103,""hr_min"":98,""hr_max"":109,""hr_zone_0"":0,""hr_zone_1"":1887,""hr_zone_2"":0,""hr_zone_3"":0,""pause_duration"":0,""steps"":2692,""distance"":1806.7800292969,""metcumul"":113.57000732422}",,2023-11-14T18:10:17-08:00
2023-11-12T18:02:00-08:00,2023-11-12T18:17:00-08:00,,,America/Los_Angeles,Walking,"{""calories"":22.689001083374,""effduration"":840,""intensity"":0,""pause_duration"":0,""steps"":1284,""distance"":866.90997314453,""metcumul"":50.610004425049}",,2023-11-14T18:10:17-08:00
2023-11-14T15:53:00-08:00,2023-11-14T15:59:00-08:00,,,America/Los_Angeles,Walking,"{""calories"":8.9699993133545,""effduration"":300,""intensity"":0,""pause_duration"":0,""steps"":458,""distance"":312.86001586914,""metcumul"":19.26000213623}",,2023-11-15T04:45:12-08:00
2023-11-14T17:36:00-08:00,2023-11-14T17:46:00-08:00,,,America/Los_Angeles,Other,"{""calories"":83.581405639648,""effduration"":420,""intensity"":0,""pause_duration"":0,""steps"":323,""distance"":222.76000976562,""metcumul"":16.449998855591}",,2023-11-15T04:45:13-08:00
2023-11-14T18:00:00-08:00,2023-11-14T18:10:00-08:00,,,America/Los_Angeles,Other,"{""calories"":83.581405639648,""effduration"":420,""intensity"":0,""pause_duration"":0,""steps"":497,""distance"":361.36999511719,""metcumul"":21.909999847412}",,2023-11-16T17:36:23-08:00
2023-11-16T17:25:00-08:00,2023-11-16T17:39:00-08:00,,,America/Los_Angeles,Walking,"{""calories"":20.42799949646,""effduration"":720,""intensity"":0,""hr_average"":101,""hr_min"":95,""hr_max"":109,""hr_zone_0"":0,""hr_zone_1"":642,""hr_zone_2"":0,""hr_zone_3"":0,""pause_duration"":0,""steps"":1116,""distance"":782.80993652344,""metcumul"":44.729995727539}",,2023-11-19T00:08:30-08:00
2023-11-18T14:38:00-08:00,2023-11-18T15:25:00-08:00,,,America/Los_Angeles,Walking,"{""calories"":58.590431213379,""effduration"":2280,""intensity"":0,""pause_duration"":0,""steps"":3216,""distance"":2145.7897949219,""metcumul"":129.80001831055}",,2023-11-20T21:47:47-08:00
2023-11-18T18:33:00-08:00,2023-11-18T18:46:00-08:00,,,America/Los_Angeles,Cycling,"{""calories"":98.933990478516,""effduration"":480,""intensity"":0,""pause_duration"":0,""metcumul"":8}",,2023-11-20T21:47:48-08:00
2023-11-20T18:21:00-08:00,2023-11-20T18:34:00-08:00,,,America/Los_Angeles,Walking,"{""calories"":22.729000091553,""effduration"":780,""intensity"":0,""pause_duration"":0,""steps"":1241,""distance"":850.69000244141,""metcumul"":49.520004272461}",,2023-11-26T17:19:07-08:00
2023-11-19T14:49:00-08:00,2023-11-19T15:22:00-08:00,,,America/Los_Angeles,Walking,"{""calories"":34.629001617432,""effduration"":1793,""intensity"":0,""pause_duration"":0,""steps"":2122,""distance"":1312.0220947266,""metcumul"":9.7270002365112}",,2023-11-21T00:41:01-08:00
2023-11-22T08:00:00-08:00,2023-11-22T08:14:00-08:00,,,America/Los_Angeles,Cycling,"{""calories"":106.54429626465,""effduration"":420,""intensity"":0,""pause_duration"":0,""steps"":23,""distance"":17.139999389648,""metcumul"":7.5700001716614}",,2023-11-26T17:19:09-08:00
2023-11-23T09:14:00-08:00,2023-11-23T09:24:00-08:00,,,America/Los_Angeles,Cycling,"{""calories"":76.103065490723,""effduration"":420,""intensity"":0,""pause_duration"":0,""steps"":27,""distance"":18.690000534058,""metcumul"":8.1700000762939}",,2023-11-26T17:19:10-08:00
2023-11-23T09:49:00-08:00,2023-11-23T10:06:00-08:00,,,America/Los_Angeles,Cycling,"{""calories"":129.37521362305,""effduration"":540,""intensity"":0,""pause_duration"":0,""steps"":110,""distance"":70.269996643066,""metcumul"":12.10000038147}",,2023-11-26T17:19:10-08:00
2023-11-23T16:49:00-08:00,2023-11-23T17:16:00-08:00,,,America/Los_Angeles,Cycling,"{""calories"":205.47828674316,""effduration"":1141,""intensity"":0,""pause_duration"":0,""steps"":73,""distance"":50.880001068115,""metcumul"":21.14999961853}",,2023-11-26T17:19:11-08:00
2023-11-23T17:38:00-08:00,2023-11-23T17:54:00-08:00,,,America/Los_Angeles,Cycling,"{""calories"":121.76490783691,""effduration"":480,""intensity"":0,""pause_duration"":0,""steps"":6,""distance"":3.710000038147,""metcumul"":8.1199998855591}",,2023-11-26T17:19:11-08:00
2023-11-28T17:21:00-08:00,2023-11-28T17:32:00-08:00,,,America/Los_Angeles,Walking,"{""calories"":20.539999008179,""effduration"":660,""intensity"":0,""pause_duration"":0,""steps"":1126,""distance"":785.88995361328,""metcumul"":43.770000457764}",,2023-12-05T15:34:45-08:00
2023-11-30T17:13:00-08:00,2023-11-30T17:24:00-08:00,,,America/Los_Angeles,Walking,"{""calories"":9.2799997329712,""effduration"":420,""intensity"":0,""pause_duration"":0,""steps"":494,""distance"":355.68002319336,""metcumul"":21.409999847412}",,2023-12-05T15:34:47-08:00
2023-11-30T17:30:00-08:00,2023-11-30T17:51:00-08:00,,,America/Los_Angeles,Walking,"{""calories"":32.360000610352,""effduration"":1140,""intensity"":0,""hr_average"":106,""hr_min"":93,""hr_max"":118,""hr_zone_0"":0,""hr_zone_1"":654,""hr_zone_2"":0,""hr_zone_3"":0,""pause_duration"":0,""steps"":1734,""distance"":1229.2901611328,""metcumul"":70.200004577637}",,2023-12-05T15:34:47-08:00
2023-12-02T11:11:00-08:00,2023-12-02T11:35:00-08:00,,,America/Los_Angeles,Cycling,"{""calories"":194.54885864258,""effduration"":840,""intensity"":0,""hr_average"":96,""hr_min"":96,""hr_max"":97,""hr_zone_0"":0,""hr_zone_1"":727,""hr_zone_2"":0,""hr_zone_3"":0,""pause_duration"":0,""steps"":9,""distance"":7.1300001144409,""metcumul"":14.260000228882}",,2023-12-05T15:34:49-08:00
2023-12-02T19:30:00-08:00,2023-12-02T19:45:00-08:00,,,America/Los_Angeles,Walking,"{""calories"":17.549999237061,""effduration"":840,""intensity"":0,""pause_duration"":0,""steps"":934,""distance"":627.39001464844,""metcumul"":40.349998474121}",,2023-12-05T15:35:10-08:00
2023-12-05T08:31:00-08:00,2023-12-05T08:42:00-08:00,,,America/Los_Angeles,Walking,"{""calories"":15.159998893738,""effduration"":540,""intensity"":0,""pause_duration"":0,""steps"":796,""distance"":538.47998046875,""metcumul"":32.100002288818}",,2023-12-08T16:12:36-08:00
2023-12-05T15:42:00-08:00,2023-12-05T15:48:00-08:00,,,America/Los_Angeles,Walking,"{""calories"":11.570000648499,""effduration"":360,""intensity"":0,""pause_duration"":0,""steps"":629,""distance"":413.54000854492,""metcumul"":24.040000915527}",,2023-12-08T16:12:37-08:00
2023-12-05T17:39:00-08:00,2023-12-05T17:46:00-08:00,,,America/Los_Angeles,Walking,"{""calories"":8.3500003814697,""effduration"":360,""intensity"":0,""pause_duration"":0,""steps"":444,""distance"":298.99996948242,""metcumul"":18.75}",,2023-12-08T16:12:37-08:00
2023-12-06T12:41:00-08:00,2023-12-06T12:50:00-08:00,,,America/Los_Angeles,Walking,"{""calories"":14.89999961853,""effduration"":480,""intensity"":0,""pause_duration"":0,""steps"":750,""distance"":532.98004150391,""metcumul"":29.959999084473}",,2023-12-08T16:12:38-08:00
2023-12-06T15:24:00-08:00,2023-12-06T15:38:00-08:00,,,America/Los_Angeles,Walking,"{""calories"":27.310001373291,""effduration"":780,""intensity"":0,""pause_duration"":0,""steps"":1377,""distance"":972.06994628906,""metcumul"":53.450000762939}",,2023-12-08T16:12:38-08:00
2023-12-08T13:49:00-08:00,2023-12-08T13:56:00-08:00,,,America/Los_Angeles,Walking,"{""calories"":8.0299997329712,""effduration"":360,""intensity"":0,""pause_duration"":0,""steps"":397,""distance"":278.78997802734,""metcumul"":17.790000915527}",,2023-12-11T12:41:36-08:00
2023-12-07T17:10:00-08:00,2023-12-07T17:20:00-08:00,,,America/Los_Angeles,Walking,"{""calories"":17.434999465942,""effduration"":598,""intensity"":0,""pause_duration"":0,""steps"":1003,""distance"":620.15002441406,""metcumul"":2.8670001029968}",,2023-12-09T19:45:03-08:00
2023-12-08T17:53:00-08:00,2023-12-08T18:32:00-08:00,,,America/Los_Angeles,Walking,"{""calories"":48.98999786377,""effduration"":2160,""intensity"":0,""hr_average"":112,""hr_min"":105,""hr_max"":138,""hr_zone_0"":0,""hr_zone_1"":1498,""hr_zone_2"":363,""hr_zone_3"":0,""pause_duration"":0,""steps"":2578,""distance"":1757.4700927734,""metcumul"":109.58999633789}",,2023-12-18T10:18:05-08:00
2023-12-12T16:08:00-08:00,2023-12-12T16:26:00-08:00,,,America/Toronto,Walking,"{""calories"":14.470000267029,""effduration"":660,""intensity"":0,""pause_duration"":0,""steps"":725,""distance"":504.41003417969,""metcumul"":32.150001525879}",,2023-12-18T10:18:07-08:00
2023-12-12T16:36:00-08:00,2023-12-12T16:45:00-08:00,,,America/Toronto,Walking,"{""calories"":12.089999198914,""effduration"":420,""intensity"":0,""pause_duration"":0,""steps"":629,""distance"":431.99996948242,""metcumul"":25.239999771118}",,2023-12-18T10:18:08-08:00
2023-12-12T18:56:00-08:00,2023-12-12T19:07:00-08:00,,,America/Toronto,Walking,"{""calories"":21.539999008179,""effduration"":600,""intensity"":0,""pause_duration"":0,""steps"":1075,""distance"":769.77001953125,""metcumul"":41.529998779297}",,2023-12-18T10:18:08-08:00
2023-12-14T07:38:00-08:00,2023-12-14T07:58:00-08:00,,,America/Toronto,Walking,"{""calories"":21.689998626709,""effduration"":1020,""intensity"":0,""hr_average"":110,""hr_min"":109,""hr_max"":112,""hr_zone_0"":0,""hr_zone_1"":627,""hr_zone_2"":0,""hr_zone_3"":0,""pause_duration"":0,""steps"":1254,""distance"":835.11999511719,""metcumul"":49.9700050354}",,2023-12-18T10:18:10-08:00
2023-12-14T12:12:00-08:00,2023-12-14T12:26:00-08:00,,,America/Toronto,Walking,"{""calories"":14.970000267029,""effduration"":780,""intensity"":0,""pause_duration"":0,""steps"":793,""distance"":525.3701171875,""metcumul"":35.5}",,2023-12-19T16:26:19-08:00
2023-12-18T18:50:00-08:00,2023-12-18T19:00:00-08:00,,,America/Toronto,Walking,"{""calories"":13.263031959534,""effduration"":575,""intensity"":0,""pause_duration"":0,""steps"":763,""distance"":471.75900268555,""metcumul"":4.9506297111511}",,2023-12-25T12:18:17-08:00
2023-12-19T15:18:00-08:00,2023-12-19T15:26:00-08:00,,,America/Toronto,Walking,"{""calories"":11.440000534058,""effduration"":420,""intensity"":0,""pause_duration"":0,""steps"":613,""distance"":409.46002197266,""metcumul"":24.610000610352}",,2023-12-26T13:18:16-08:00
2023-12-24T09:09:00-08:00,2023-12-24T09:19:00-08:00,,,America/Toronto,Walking,"{""calories"":10.360114097595,""effduration"":555,""intensity"":0,""pause_duration"":0,""steps"":596,""distance"":368.50375366211,""metcumul"":2.1951472759247}",,2023-12-26T13:18:16-08:00
2023-12-24T10:07:00-08:00,2023-12-24T10:17:00-08:00,,,America/Toronto,Walking,"{""calories"":16.392000198364,""effduration"":596,""intensity"":0,""pause_duration"":0,""steps"":943,""distance"":583.05200195312,""metcumul"":2.760999917984}",,2024-01-08T09:15:48-08:00
2023-12-26T17:02:00-08:00,2023-12-26T17:08:00-08:00,,,America/Toronto,Walking,"{""calories"":12.939540863037,""effduration"":497,""intensity"":0,""pause_duration"":0,""steps"":703,""distance"":461.20260620117,""metcumul"":15.131161689758}",,2023-12-31T09:52:10-08:00
2024-01-05T12:49:00-08:00,2024-01-05T13:13:00-08:00,,,America/Los_Angeles,Walking,"{""calories"":33.059997558594,""effduration"":1320,""intensity"":0,""hr_average"":102,""hr_min"":91,""hr_max"":118,""hr_zone_0"":0,""hr_zone_1"":724,""hr_zone_2"":0,""hr_zone_3"":0,""pause_duration"":0,""steps"":1838,""distance"":1257.8999023438,""metcumul"":71.979995727539}",,2024-01-10T20:16:33-08:00
2024-01-10T13:33:00-08:00,2024-01-10T14:18:00-08:00,,,America/Los_Angeles,Walking,"{""calories"":78.650001525879,""effduration"":2640,""intensity"":0,""pause_duration"":0,""steps"":4057,""distance"":2701.6298828125,""metcumul"":163.25999450684}",,2024-01-12T20:48:23-08:00
2024-01-08T09:58:00-08:00,2024-01-08T10:06:00-08:00,,,America/Los_Angeles,Walking,"{""calories"":6.539999961853,""effduration"":300,""intensity"":0,""pause_duration"":0,""steps"":339,""distance"":225.4700012207,""metcumul"":14.880001068115}",,2024-01-10T20:16:35-08:00
2024-01-13T17:12:00-08:00,2024-01-13T17:24:00-08:00,,,America/Los_Angeles,Other,"{""calories"":105.76113128662,""effduration"":660,""intensity"":0,""pause_duration"":0,""steps"":1045,""distance"":813.39001464844,""metcumul"":39.870002746582}",,2024-01-13T20:21:25-08:00
2024-01-13T17:24:00-08:00,2024-01-13T17:53:00-08:00,,,America/Los_Angeles,Walking,"{""calories"":50.189998626709,""effduration"":1740,""intensity"":0,""pause_duration"":0,""steps"":2630,""distance"":1747.3898925781,""metcumul"":106.30899810791}",,2024-01-14T11:47:11-08:00
2024-01-14T11:20:00-08:00,2024-01-14T11:30:00-08:00,,,America/Los_Angeles,Cycling,"{""calories"":80.468421936035,""effduration"":300,""intensity"":0,""pause_duration"":0,""steps"":18,""distance"":13.529999732971,""metcumul"":5.4800000190735}",,2024-01-15T12:51:16-08:00
2024-01-14T14:42:00-08:00,2024-01-14T15:03:00-08:00,,,America/Los_Angeles,Cycling,"{""calories"":168.98368835449,""effduration"":720,""intensity"":0,""hr_average"":94,""hr_min"":91,""hr_max"":97,""hr_zone_0"":0,""hr_zone_1"":672,""hr_zone_2"":0,""hr_zone_3"":0,""pause_duration"":0,""steps"":29,""distance"":21.560001373291,""metcumul"":12.939999580383}",,2024-01-15T12:51:16-08:00
2024-01-14T18:57:00-08:00,2024-01-14T19:08:00-08:00,,,America/Los_Angeles,Cycling,"{""calories"":88.620330810547,""effduration"":420,""intensity"":0,""pause_duration"":0,""metcumul"":7}",,2024-01-18T20:57:28-08:00
2024-01-18T17:29:00-08:00,2024-01-18T17:54:00-08:00,,,America/Los_Angeles,Walking,"{""calories"":48,""effduration"":1440,""intensity"":0,""pause_duration"":0,""steps"":2739,""distance"":1897.1900634766,""metcumul"":97.610008239746}",,2024-01-19T19:49:30-08:00
2024-01-19T20:44:00-08:00,2024-01-19T20:57:00-08:00,,,America/Los_Angeles,Walking,"{""calories"":15.549998283386,""effduration"":720,""intensity"":0,""pause_duration"":0,""steps"":847,""distance"":560.73004150391,""metcumul"":35.999000549316}",,2024-01-23T13:33:24-08:00
2024-01-19T14:20:00-08:00,2024-01-19T15:01:00-08:00,,,America/Los_Angeles,Walking,"{""calories"":60.900005340576,""effduration"":2161,""intensity"":0,""pause_duration"":0,""steps"":3117,""distance"":2168.0302734375,""metcumul"":127.31001281738}",,2024-01-23T13:33:24-08:00
2024-01-23T15:19:00-08:00,2024-01-23T16:04:00-08:00,,,America/Los_Angeles,Walking,"{""calories"":74.780006408691,""effduration"":2520,""intensity"":0,""pause_duration"":0,""steps"":3897,""distance"":2626.08984375,""metcumul"":156.83999633789}",,2024-01-25T13:01:43-08:00
2024-01-25T08:28:00-08:00,2024-01-25T08:37:00-08:00,,,America/Los_Angeles,Walking,"{""calories"":16.160001754761,""effduration"":540,""intensity"":0,""pause_duration"":0,""steps"":876,""distance"":575.28002929688,""metcumul"":34.420001983643}",,2024-01-25T15:19:33-08:00
2024-01-25T09:46:00-08:00,2024-01-25T09:57:00-08:00,,,America/Los_Angeles,Walking,"{""calories"":9.0699996948242,""effduration"":480,""intensity"":0,""pause_duration"":0,""steps"":499,""distance"":329.92999267578,""metcumul"":22.049999237061}",,2024-01-25T15:37:36-08:00
2024-01-25T13:11:00-08:00,2024-01-25T13:25:00-08:00,,,America/Los_Angeles,Walking,"{""calories"":13.450000762939,""effduration"":660,""intensity"":0,""hr_average"":92,""hr_min"":81,""hr_max"":103,""hr_zone_0"":135,""hr_zone_1"":506,""hr_zone_2"":0,""hr_zone_3"":0,""pause_duration"":0,""steps"":692,""distance"":465.16003417969,""metcumul"":31.369997024536}",,2024-01-26T11:44:02-08:00
2024-01-25T13:55:00-08:00,2024-01-25T14:05:00-08:00,,,America/Los_Angeles,Walking,"{""calories"":12.979999542236,""effduration"":540,""intensity"":0,""pause_duration"":0,""steps"":670,""distance"":444.16998291016,""metcumul"":28.830001831055}",,2024-01-26T11:44:02-08:00
2024-01-25T15:16:00-08:00,2024-01-25T15:23:00-08:00,,,America/Los_Angeles,Walking,"{""calories"":10.690000534058,""effduration"":420,""intensity"":0,""pause_duration"":0,""steps"":645,""distance"":464.95001220703,""metcumul"":22.770000457764}",,2024-01-27T16:27:31-08:00
2024-01-25T15:44:00-08:00,2024-01-25T15:50:00-08:00,,,America/Los_Angeles,Walking,"{""calories"":7.7400002479553,""effduration"":300,""intensity"":0,""pause_duration"":0,""steps"":409,""distance"":276.04998779297,""metcumul"":16.89999961853}",,2024-01-27T16:27:32-08:00
2024-01-26T19:08:00-08:00,2024-01-26T19:19:00-08:00,,,America/Los_Angeles,Walking,"{""calories"":18.689998626709,""effduration"":660,""intensity"":0,""pause_duration"":0,""steps"":957,""distance"":676.48999023438,""metcumul"":39.110000610352}",,2024-01-29T16:38:28-08:00
2024-01-26T19:41:00-08:00,2024-01-26T19:54:00-08:00,,,America/Los_Angeles,Walking,"{""calories"":19.178998947144,""effduration"":720,""intensity"":0,""hr_average"":124,""hr_min"":117,""hr_max"":133,""hr_zone_0"":0,""hr_zone_1"":193,""hr_zone_2"":446,""hr_zone_3"":0,""pause_duration"":0,""steps"":1101,""distance"":766.39001464844,""metcumul"":41.00899887085}",,2024-01-29T16:38:28-08:00
2024-01-26T20:11:00-08:00,2024-01-26T20:16:00-08:00,,,America/Los_Angeles,Walking,"{""calories"":5.0700001716614,""effduration"":240,""intensity"":0,""pause_duration"":0,""steps"":271,""distance"":184.08999633789,""metcumul"":11.719999313354}",,2024-01-29T16:38:29-08:00
2024-01-27T16:08:00-08:00,2024-01-27T16:38:00-08:00,,,America/Los_Angeles,Walking,"{""calories"":56.98999786377,""effduration"":1740,""intensity"":0,""pause_duration"":0,""steps"":2926,""distance"":2023.0699462891,""metcumul"":115.37001037598}",,2024-01-29T19:19:27-08:00
2024-01-29T18:12:00-08:00,2024-01-29T18:22:00-08:00,,,America/Los_Angeles,Walking,"{""calories"":8.2300004959106,""effduration"":480,""intensity"":0,""pause_duration"":0,""steps"":428,""distance"":280.91998291016,""metcumul"":20.590000152588}",,2024-01-31T18:40:34-08:00
2024-01-29T18:42:00-08:00,2024-01-29T18:50:00-08:00,,,America/Los_Angeles,Walking,"{""calories"":14.610000610352,""effduration"":480,""intensity"":0,""pause_duration"":0,""steps"":769,""distance"":529.78002929688,""metcumul"":30.150001525879}",,2024-02-01T15:22:52-08:00
2024-02-01T12:46:00-08:00,2024-02-01T12:57:00-08:00,,,America/Los_Angeles,Walking,"{""calories"":11.939998626709,""effduration"":600,""intensity"":0,""pause_duration"":0,""steps"":617,""distance"":413.48999023438,""metcumul"":28.219999313354}",,2024-02-01T17:07:24-08:00
2024-02-01T13:42:00-08:00,2024-02-01T13:49:00-08:00,,,America/Los_Angeles,Walking,"{""calories"":9.1000003814697,""effduration"":360,""intensity"":0,""pause_duration"":0,""steps"":449,""distance"":298.33999633789,""metcumul"":19.670000076294}",,2024-02-01T17:07:25-08:00
2024-02-01T15:16:00-08:00,2024-02-01T15:28:00-08:00,,,America/Los_Angeles,Walking,"{""calories"":15.310000419617,""effduration"":660,""intensity"":0,""pause_duration"":0,""steps"":792,""distance"":542.07000732422,""metcumul"":34.189998626709}",,2024-02-02T15:47:28-08:00
2024-02-02T08:56:00-08:00,2024-02-02T09:04:00-08:00,,,America/Los_Angeles,Walking,"{""calories"":11.690000534058,""effduration"":360,""intensity"":0,""pause_duration"":0,""steps"":543,""distance"":392.09997558594,""metcumul"":22.929998397827}",,2024-02-02T17:36:18-08:00
2024-02-02T11:55:00-08:00,2024-02-02T12:01:00-08:00,,,America/Los_Angeles,Walking,"{""calories"":9.8000001907349,""effduration"":360,""intensity"":0,""pause_duration"":0,""steps"":497,""distance"":335.39999389648,""metcumul"":20.770000457764}",,2024-02-02T17:36:19-08:00
2024-02-02T16:19:00-08:00,2024-02-02T16:35:00-08:00,,,America/Los_Angeles,Walking,"{""calories"":35.679538726807,""effduration"":1441,""intensity"":0,""hr_average"":109,""hr_min"":103,""hr_max"":115,""hr_zone_0"":0,""hr_zone_1"":683,""hr_zone_2"":0,""hr_zone_3"":0,""pause_duration"":0,""steps"":2016,""distance"":1325.4138183594,""metcumul"":48.041435241699}",,2024-02-03T00:03:19-08:00
2024-02-02T17:11:00-08:00,2024-02-02T17:27:00-08:00,,,America/Los_Angeles,Walking,"{""calories"":27.040002822876,""effduration"":900,""intensity"":0,""pause_duration"":0,""steps"":1385,""distance"":923.67004394531,""metcumul"":56.549999237061}",,2024-02-03T00:03:20-08:00
2024-02-02T18:49:00-08:00,2024-02-02T18:59:00-08:00,,,America/Los_Angeles,Walking,"{""calories"":14.409999847412,""effduration"":540,""intensity"":0,""pause_duration"":0,""steps"":776,""distance"":513.20001220703,""metcumul"":31.479999542236}",,2024-02-03T16:49:17-08:00
2024-02-02T21:00:00-08:00,2024-02-02T21:10:00-08:00,,,America/Los_Angeles,Cycling,"{""calories"":80.923751831055,""effduration"":360,""intensity"":0,""pause_duration"":0,""steps"":92,""distance"":65.169998168945,""metcumul"":8.9399995803833}",,2024-02-03T16:49:18-08:00
2024-02-03T14:07:00-08:00,2024-02-03T14:16:00-08:00,,,America/Los_Angeles,Walking,"{""calories"":14.789999008179,""effduration"":480,""intensity"":0,""pause_duration"":0,""steps"":733,""distance"":533.40002441406,""metcumul"":29.569999694824}",,2024-02-09T13:03:22-08:00
2024-02-03T16:51:00-08:00,2024-02-03T17:11:00-08:00,,,America/Los_Angeles,Walking,"{""calories"":30.430002212524,""effduration"":1140,""intensity"":0,""hr_average"":115,""hr_min"":111,""hr_max"":119,""hr_zone_0"":0,""hr_zone_1"":663,""hr_zone_2"":0,""hr_zone_3"":0,""pause_duration"":0,""steps"":1571,""distance"":1075.0100097656,""metcumul"":64.970001220703}",,2024-02-09T15:15:23-08:00
2024-02-08T13:46:00-08:00,2024-02-08T14:21:00-08:00,,,America/Los_Angeles,Walking,"{""calories"":45.45299911499,""effduration"":2068,""intensity"":0,""pause_duration"":0,""steps"":2583,""distance"":1603.9500732422,""metcumul"":21.436000823975}",,2024-02-09T15:15:23-08:00
2024-02-09T08:29:00-08:00,2024-02-09T08:38:00-08:00,,,America/Los_Angeles,Walking,"{""calories"":12.539999961853,""effduration"":480,""intensity"":0,""pause_duration"":0,""steps"":640,""distance"":442.13000488281,""metcumul"":26.849998474121}",,2024-02-12T18:47:36-08:00
2024-02-09T15:10:00-08:00,2024-02-09T15:22:00-08:00,,,America/Los_Angeles,Walking,"{""calories"":14.390002250671,""effduration"":660,""intensity"":0,""pause_duration"":0,""steps"":869,""distance"":571.94897460938,""metcumul"":33.360000610352}",,2024-02-12T18:47:36-08:00
2024-02-09T15:42:00-08:00,2024-02-09T15:48:00-08:00,,,America/Los_Angeles,Walking,"{""calories"":7.6599998474121,""effduration"":300,""intensity"":0,""pause_duration"":0,""steps"":390,""distance"":259.82998657227,""metcumul"":16.639999389648}",,2024-02-12T19:47:37-08:00
2024-02-12T18:39:00-08:00,2024-02-12T18:46:00-08:00,,,America/Los_Angeles,Walking,"{""calories"":13.990001678467,""effduration"":420,""intensity"":0,""pause_duration"":0,""steps"":729,""distance"":503.77001953125,""metcumul"":28.26900100708}",,2024-02-14T19:24:51-08:00
2024-02-12T19:00:00-08:00,2024-02-12T19:05:00-08:00,,,America/Los_Angeles,Walking,"{""calories"":7.6299996376038,""effduration"":240,""intensity"":0,""pause_duration"":0,""steps"":407,""distance"":268.33999633789,""metcumul"":15.799999237061}",,2024-02-14T19:24:51-08:00
2024-02-12T20:26:00-08:00,2024-02-12T20:34:00-08:00,,,America/Los_Angeles,Walking,"{""calories"":6.3299999237061,""effduration"":360,""intensity"":0,""pause_duration"":0,""steps"":338,""distance"":223.88000488281,""metcumul"":15.60000038147}",,2024-02-14T19:24:52-08:00
2024-02-23T17:10:28-08:00,2024-02-23T18:12:07-08:00,,,America/Los_Angeles,Running,"{""calories"":116.84998321533,""effduration"":3300,""intensity"":50,""hr_average"":109,""hr_min"":60,""hr_max"":176,""hr_zone_0"":317,""hr_zone_1"":2762,""hr_zone_2"":373,""hr_zone_3"":165,""device_startdate"":1708737028,""device_enddate"":1708740727,""pause_duration"":8,""steps"":6108,""distance"":4087.5004882812,""metcumul"":231.98002624512}",,2024-02-23T19:52:26-08:00
2024-02-23T17:10:28-08:00,2024-02-23T18:12:07-08:00,,,America/Los_Angeles,Running,{},,2024-02-23T19:52:26-08:00
2024-02-29T15:19:00-08:00,2024-02-29T15:28:00-08:00,,,America/Los_Angeles,Walking,"{""calories"":10.789999961853,""effduration"":479,""intensity"":0,""pause_duration"":0,""steps"":620,""distance"":433.16003417969,""metcumul"":24.110000610352}",,2024-03-01T21:08:37-08:00
2024-03-01T08:57:00-08:00,2024-03-01T09:06:00-08:00,,,America/Los_Angeles,Walking,"{""calories"":12.659998893738,""effduration"":480,""intensity"":0,""pause_duration"":0,""steps"":624,""distance"":431.11996459961,""metcumul"":26.859998703003}",,2024-03-01T21:08:37-08:00
2024-03-01T13:42:00-08:00,2024-03-01T14:00:00-08:00,,,America/Los_Angeles,Walking,"{""calories"":17.999998092651,""effduration"":960,""intensity"":0,""pause_duration"":0,""steps"":1053,""distance"":713.19897460938,""metcumul"":43.299999237061}",,2024-03-05T17:40:15-08:00
2024-03-07T14:24:00-08:00,2024-03-07T14:46:00-08:00,,,America/Los_Angeles,Walking,"{""calories"":27.389999389648,""effduration"":1080,""intensity"":0,""pause_duration"":0,""steps"":1373,""distance"":966.07989501953,""metcumul"":58.519996643066}",,2024-03-08T09:02:45-08:00
2024-03-07T17:48:54-08:00,2024-03-07T17:55:53-08:00,,,America/Los_Angeles,Running,"{""calories"":0.10999999940395,""effduration"":60,""intensity"":50,""hr_average"":54,""hr_min"":40,""hr_max"":93,""hr_zone_0"":296,""hr_zone_1"":60,""hr_zone_2"":0,""hr_zone_3"":0,""device_startdate"":1709862534,""device_enddate"":1709862953,""pause_duration"":4,""steps"":6,""distance"":4.1500000953674,""metcumul"":1.1399999856949}",,2024-03-07T17:56:11-08:00
2024-03-07T17:48:54-08:00,2024-03-07T17:55:53-08:00,,,America/Los_Angeles,Running,{},,2024-03-07T17:56:11-08:00
2024-03-08T08:04:00-08:00,2024-03-08T08:10:00-08:00,,,America/Los_Angeles,Walking,"{""calories"":7.9700002670288,""effduration"":300,""intensity"":0,""pause_duration"":0,""steps"":404,""distance"":283.75,""metcumul"":16.780000686646}",,2024-03-08T18:49:31-08:00
2024-03-08T15:15:00-08:00,2024-03-08T15:22:00-08:00,,,America/Los_Angeles,Walking,"{""calories"":15.739999771118,""effduration"":420,""intensity"":0,""pause_duration"":0,""steps"":775,""distance"":562.73999023438,""metcumul"":29.799997329712}",,2024-03-09T02:37:30-08:00
2024-03-08T18:00:00-08:00,2024-03-08T18:10:00-08:00,,,America/Los_Angeles,Walking,"{""calories"":13.209999084473,""effduration"":480,""intensity"":0,""pause_duration"":0,""steps"":721,""distance"":472.58001708984,""metcumul"":28.290002822876}",,2024-03-10T19:29:15-07:00
2024-03-09T18:48:00-08:00,2024-03-09T19:03:00-08:00,,,America/Los_Angeles,Cycling,"{""calories"":122.07943725586,""effduration"":600,""intensity"":0,""pause_duration"":0,""steps"":9,""distance"":5.6999998092651,""metcumul"":10.199999809265}",,2024-03-13T00:21:15-07:00
2024-03-11T15:49:00-07:00,2024-03-11T15:55:00-07:00,,,America/Los_Angeles,Walking,"{""calories"":10.244485855103,""effduration"":326,""intensity"":0,""pause_duration"":0,""steps"":587,""distance"":362.93908691406,""metcumul"":5.9926090240479}",,2024-03-14T08:33:15-07:00
2024-03-14T08:25:00-07:00,2024-03-14T08:37:00-07:00,,,America/Los_Angeles,Walking,"{""calories"":15.069999694824,""effduration"":660,""intensity"":0,""pause_duration"":0,""steps"":716,""distance"":488.60003662109,""metcumul"":32.600002288818}",,2024-03-14T18:41:09-07:00
2024-03-14T13:54:00-07:00,2024-03-14T14:00:00-07:00,,,America/Los_Angeles,Walking,"{""calories"":9.6999998092651,""effduration"":360,""intensity"":0,""pause_duration"":0,""steps"":448,""distance"":307.77001953125,""metcumul"":19.860000610352}",,2024-03-14T18:41:10-07:00
2024-03-14T14:50:00-07:00,2024-03-14T14:59:00-07:00,,,America/Los_Angeles,Walking,"{""calories"":9.1999998092651,""effduration"":420,""intensity"":0,""pause_duration"":0,""steps"":463,""distance"":313.70999145508,""metcumul"":20.390001296997}",,2024-03-14T19:04:36-07:00
2024-03-14T18:40:00-07:00,2024-03-14T18:51:00-07:00,,,America/Los_Angeles,Walking,"{""calories"":16.019998550415,""effduration"":540,""intensity"":0,""pause_duration"":0,""steps"":772,""distance"":549.72003173828,""metcumul"":32.03999710083}",,2024-03-15T16:39:25-07:00
2024-03-15T15:11:00-07:00,2024-03-15T15:21:00-07:00,,,America/Los_Angeles,Walking,"{""calories"":22.382312774658,""effduration"":837,""intensity"":0,""pause_duration"":0,""steps"":1194,""distance"":778.67852783203,""metcumul"":29.119539260864}",,2024-03-15T16:39:26-07:00
2024-03-15T15:40:00-07:00,2024-03-15T16:05:00-07:00,,,America/Los_Angeles,Walking,"{""calories"":30.42999458313,""effduration"":1320,""intensity"":0,""pause_duration"":0,""steps"":1553,""distance"":1032.7200927734,""metcumul"":66.890007019043}",,2024-03-17T19:18:26-07:00
2024-03-17T17:47:52-07:00,2024-03-17T18:18:08-07:00,,,America/Los_Angeles,Running,"{""calories"":11.309999465942,""effduration"":780,""intensity"":50,""hr_average"":99,""hr_min"":66,""hr_max"":139,""hr_zone_0"":251,""hr_zone_1"":1332,""hr_zone_2"":159,""hr_zone_3"":0,""device_startdate"":1710722872,""device_enddate"":1710724688,""pause_duration"":10,""steps"":558,""distance"":379,""metcumul"":28.779998779297}",,2025-02-03T15:14:04-08:00
2024-03-17T17:47:52-07:00,2024-03-17T18:18:08-07:00,,,America/Los_Angeles,Running,{},,2024-03-17T19:18:28-07:00
2024-03-17T22:14:00-07:00,2024-03-17T22:24:00-07:00,,,America/Los_Angeles,Cycling,"{""calories"":83.192581176758,""effduration"":240,""intensity"":0,""pause_duration"":0,""steps"":17,""distance"":12.75,""metcumul"":4.5299997329712}",,2024-03-19T16:16:30-07:00
2024-03-18T16:36:00-07:00,2024-03-18T16:44:00-07:00,,,America/Los_Angeles,Walking,"{""calories"":12.240000724792,""effduration"":420,""intensity"":0,""pause_duration"":0,""steps"":611,""distance"":427.83999633789,""metcumul"":24.700000762939}",,2024-03-19T16:16:31-07:00
2024-03-18T17:05:00-07:00,2024-03-18T17:12:00-07:00,,,America/Los_Angeles,Walking,"{""calories"":10.780000686646,""effduration"":360,""intensity"":0,""pause_duration"":0,""steps"":521,""distance"":377.20004272461,""metcumul"":21.409999847412}",,2024-03-19T16:16:32-07:00
2024-03-18T18:41:00-07:00,2024-03-18T18:48:00-07:00,,,America/Los_Angeles,Walking,"{""calories"":9.8999996185303,""effduration"":360,""intensity"":0,""pause_duration"":0,""steps"":491,""distance"":346.42999267578,""metcumul"":20.309999465942}",,2024-03-20T18:13:24-07:00
2024-03-20T18:11:00-07:00,2024-03-20T18:26:00-07:00,,,America/Los_Angeles,Walking,"{""calories"":17.470001220703,""effduration"":780,""intensity"":0,""pause_duration"":0,""steps"":1006,""distance"":670.77001953125,""metcumul"":38.979999542236}",,2024-03-21T14:52:24-07:00
2024-03-21T08:26:00-07:00,2024-03-21T08:35:00-07:00,,,America/Los_Angeles,Walking,"{""calories"":14.529999732971,""effduration"":480,""intensity"":0,""pause_duration"":0,""steps"":735,""distance"":501.12002563477,""metcumul"":29.420000076294}",,2024-03-21T14:52:25-07:00
2024-03-21T09:56:00-07:00,2024-03-21T10:03:00-07:00,,,America/Los_Angeles,Walking,"{""calories"":6.8800001144409,""effduration"":300,""intensity"":0,""pause_duration"":0,""steps"":346,""distance"":240.75999450684,""metcumul"":14.979999542236}",,2024-03-21T17:07:29-07:00
2024-03-21T14:47:00-07:00,2024-03-21T14:53:00-07:00,,,America/Los_Angeles,Walking,"{""calories"":8.0699996948242,""effduration"":300,""intensity"":0,""pause_duration"":0,""steps"":432,""distance"":283.11001586914,""metcumul"":17.300001144409}",,2024-03-23T16:08:52-07:00
2024-03-25T16:38:00-07:00,2024-03-25T16:50:00-07:00,,,America/Los_Angeles,Walking,"{""calories"":19.659999847412,""effduration"":660,""intensity"":0,""hr_average"":105,""hr_min"":103,""hr_max"":109,""hr_zone_0"":0,""hr_zone_1"":695,""hr_zone_2"":0,""hr_zone_3"":0,""pause_duration"":0,""steps"":965,""distance"":681.43994140625,""metcumul"":39.550003051758}",,2024-03-25T20:27:18-07:00
2024-03-25T18:43:00-07:00,2024-03-25T18:50:00-07:00,,,America/Los_Angeles,Walking,"{""calories"":14.079999923706,""effduration"":360,""intensity"":0,""pause_duration"":0,""steps"":682,""distance"":492.41000366211,""metcumul"":26.119998931885}",,2024-03-26T22:04:19-07:00
2024-03-25T18:21:00-07:00,2024-03-25T18:27:00-07:00,,,America/Los_Angeles,Walking,"{""calories"":7.3099999427795,""effduration"":300,""intensity"":0,""pause_duration"":0,""steps"":360,""distance"":243.88999938965,""metcumul"":15.689999580383}",,2024-03-26T15:23:59-07:00
2024-03-26T14:33:00-07:00,2024-03-26T15:23:00-07:00,,,America/Los_Angeles,Walking,"{""calories"":88.720024108887,""effduration"":3000,""intensity"":0,""hr_average"":116,""hr_min"":110,""hr_max"":123,""hr_zone_0"":0,""hr_zone_1"":2027,""hr_zone_2"":397,""hr_zone_3"":0,""pause_duration"":0,""steps"":4547,""distance"":3046.9792480469,""metcumul"":180.57000732422}",,2024-04-03T19:37:16-07:00
2024-04-05T17:01:00-07:00,2024-04-05T17:09:00-07:00,,,America/Los_Angeles,Walking,"{""calories"":6.1799998283386,""effduration"":360,""intensity"":0,""pause_duration"":0,""steps"":338,""distance"":216.44000244141,""metcumul"":15.150000572205}",,2024-04-06T00:01:30-07:00
2024-04-05T17:19:00-07:00,2024-04-05T17:25:00-07:00,,,America/Los_Angeles,Walking,"{""calories"":6.1300001144409,""effduration"":300,""intensity"":0,""pause_duration"":0,""steps"":329,""distance"":214.48999023438,""metcumul"":14.019999504089}",,2024-04-06T00:01:31-07:00
2024-04-05T18:56:00-07:00,2024-04-05T19:03:00-07:00,,,America/Los_Angeles,Walking,"{""calories"":11.449999809265,""effduration"":360,""intensity"":0,""pause_duration"":0,""steps"":570,""distance"":390.13998413086,""metcumul"":22.739999771118}",,2024-04-09T14:11:09-07:00
2024-04-09T15:01:00-07:00,2024-04-09T15:10:00-07:00,,,America/Los_Angeles,Walking,"{""calories"":12.300000190735,""effduration"":480,""intensity"":0,""pause_duration"":0,""steps"":736,""distance"":505.08996582031,""metcumul"":26.080001831055}",,2024-04-09T19:01:45-07:00
2024-04-09T16:27:00-07:00,2024-04-09T16:40:00-07:00,,,America/Los_Angeles,Walking,"{""calories"":17.5,""effduration"":720,""intensity"":0,""hr_average"":104,""hr_min"":103,""hr_max"":106,""hr_zone_0"":0,""hr_zone_1"":662,""hr_zone_2"":0,""hr_zone_3"":0,""pause_duration"":0,""steps"":888,""distance"":583.58001708984,""metcumul"":37.920001983643}",,2024-04-11T12:57:23-07:00
2024-04-11T07:06:00-07:00,2024-04-11T07:11:00-07:00,,,America/Los_Angeles,Walking,"{""calories"":5.1900000572205,""effduration"":240,""intensity"":0,""pause_duration"":0,""steps"":258,""distance"":181.51998901367,""metcumul"":11.520000457764}",,2024-04-11T12:57:24-07:00
2024-04-11T08:28:00-07:00,2024-04-11T08:38:00-07:00,,,America/Los_Angeles,Walking,"{""calories"":16.279998779297,""effduration"":540,""intensity"":0,""pause_duration"":0,""steps"":819,""distance"":552.28002929688,""metcumul"":33.190002441406}",,2024-04-11T12:57:25-07:00
2024-04-11T09:49:00-07:00,2024-04-11T09:55:00-07:00,,,America/Los_Angeles,Walking,"{""calories"":6.6999998092651,""effduration"":300,""intensity"":0,""pause_duration"":0,""steps"":344,""distance"":234.01998901367,""metcumul"":14.869999885559}",,2024-04-11T21:39:57-07:00
2024-04-12T12:27:00-07:00,2024-04-12T12:35:00-07:00,,,America/Los_Angeles,Walking,"{""calories"":14.940000534058,""effduration"":480,""intensity"":0,""pause_duration"":0,""steps"":728,""distance"":522.51000976562,""metcumul"":29.460000991821}",,2024-04-15T15:37:36-07:00
2024-04-13T17:54:00-07:00,2024-04-13T18:07:00-07:00,,,America/Los_Angeles,Walking,"{""calories"":15.523266792297,""effduration"":713,""intensity"":0,""pause_duration"":0,""steps"":871,""distance"":538.53485107422,""metcumul"":5.2299327850342}",,2024-04-15T15:37:37-07:00
2024-04-15T16:49:00-07:00,2024-04-15T17:01:00-07:00,,,America/Los_Angeles,Walking,"{""calories"":12.60000038147,""effduration"":660,""intensity"":0,""pause_duration"":0,""steps"":627,""distance"":441.45001220703,""metcumul"":29.209999084473}",,2024-04-16T16:34:16-07:00
2024-04-15T18:40:00-07:00,2024-04-15T18:46:00-07:00,,,America/Los_Angeles,Walking,"{""calories"":9.8900003433228,""effduration"":360,""intensity"":0,""pause_duration"":0,""steps"":500,""distance"":346.23001098633,""metcumul"":20.489999771118}",,2024-04-16T16:34:16-07:00
2024-04-18T13:17:00-07:00,2024-04-18T13:35:00-07:00,,,America/Los_Angeles,Walking,"{""calories"":20.64999961853,""effduration"":900,""intensity"":0,""pause_duration"":0,""steps"":1061,""distance"":723.37994384766,""metcumul"":45.270000457764}",,2024-04-18T18:09:21-07:00
2024-04-18T15:48:00-07:00,2024-04-18T15:54:00-07:00,,,America/Los_Angeles,Walking,"{""calories"":7.9099998474121,""effduration"":300,""intensity"":0,""pause_duration"":0,""steps"":406,""distance"":276.48999023438,""metcumul"":16.659999847412}",,2024-04-19T08:11:00-07:00
2024-04-19T08:26:00-07:00,2024-04-19T08:37:00-07:00,,,America/Los_Angeles,Walking,"{""calories"":15.979999542236,""effduration"":600,""intensity"":0,""pause_duration"":0,""steps"":824,""distance"":558.21997070312,""metcumul"":33.75}",,2024-04-19T18:27:58-07:00
2024-04-19T12:59:00-07:00,2024-04-19T13:58:00-07:00,,,America/Los_Angeles,Walking,"{""calories"":81.790000915527,""effduration"":3000,""intensity"":0,""pause_duration"":0,""steps"":4290,""distance"":2861.5500488281,""metcumul"":172.41000366211}",,2024-04-19T18:27:58-07:00
2024-04-19T14:15:00-07:00,2024-04-19T14:31:00-07:00,,,America/Los_Angeles,Walking,"{""calories"":26.798999786377,""effduration"":900,""intensity"":0,""pause_duration"":0,""steps"":1406,""distance"":937.04992675781,""metcumul"":55.329998016357}",,2024-04-22T13:37:18-07:00
2024-04-19T18:03:00-07:00,2024-04-19T18:13:00-07:00,,,America/Los_Angeles,Cycling,"{""calories"":83.258651733398,""effduration"":420,""intensity"":0,""pause_duration"":0,""metcumul"":7}",,2024-04-22T15:37:28-07:00
2024-04-20T14:50:00-07:00,2024-04-20T14:55:00-07:00,,,America/Los_Angeles,Walking,"{""calories"":6.9488577842712,""effduration"":242,""intensity"":0,""pause_duration"":0,""steps"":390,""distance"":241.13500976562,""metcumul"":2.7935662269592}",,2024-04-22T15:37:28-07:00
2024-04-22T16:30:00-07:00,2024-04-22T16:39:00-07:00,,,America/Los_Angeles,Walking,"{""calories"":18.290000915527,""effduration"":480,""intensity"":0,""pause_duration"":0,""steps"":881,""distance"":623.66003417969,""metcumul"":34.319999694824}",,2024-04-22T19:09:15-07:00
2024-04-22T18:41:00-07:00,2024-04-22T18:48:00-07:00,,,America/Los_Angeles,Walking,"{""calories"":13.849999427795,""effduration"":420,""intensity"":0,""pause_duration"":0,""steps"":690,""distance"":484.19000244141,""metcumul"":27.259998321533}",,2024-04-24T12:23:09-07:00
2024-04-25T13:46:00-07:00,2024-04-25T13:52:00-07:00,,,America/Los_Angeles,Walking,"{""calories"":5.8399996757507,""effduration"":240,""intensity"":0,""pause_duration"":0,""steps"":283,""distance"":190.80999755859,""metcumul"":12.470000267029}",,2024-04-26T09:30:47-07:00
2024-04-26T09:00:00-07:00,2024-04-26T09:07:00-07:00,,,America/Los_Angeles,Walking,"{""calories"":11.079998970032,""effduration"":360,""intensity"":0,""pause_duration"":0,""steps"":542,""distance"":387.17001342773,""metcumul"":21.939998626709}",,2024-04-26T15:06:14-07:00
2024-04-26T12:21:00-07:00,2024-04-26T12:27:00-07:00,,,America/Los_Angeles,Walking,"{""calories"":10.200000762939,""effduration"":360,""intensity"":0,""pause_duration"":0,""steps"":520,""distance"":355.67001342773,""metcumul"":20.940002441406}",,2024-04-26T15:06:14-07:00
2024-04-26T13:40:00-07:00,2024-04-26T13:48:00-07:00,,,America/Los_Angeles,Walking,"{""calories"":10.829999923706,""effduration"":420,""intensity"":0,""pause_duration"":0,""steps"":516,""distance"":355.13000488281,""metcumul"":22.489999771118}",,2024-04-26T18:33:17-07:00
2024-04-26T15:13:00-07:00,2024-04-26T15:21:00-07:00,,,America/Los_Angeles,Walking,"{""calories"":11.680000305176,""effduration"":420,""intensity"":0,""pause_duration"":0,""steps"":692,""distance"":477.25997924805,""metcumul"":24.040000915527}",,2024-04-26T18:33:17-07:00
2024-04-26T15:40:00-07:00,2024-04-26T15:46:00-07:00,,,America/Los_Angeles,Walking,"{""calories"":8.6800003051758,""effduration"":300,""intensity"":0,""pause_duration"":0,""steps"":445,""distance"":303.57000732422,""metcumul"":17.670000076294}",,2024-04-27T19:01:20-07:00
2024-04-27T16:18:00-07:00,2024-04-27T16:33:00-07:00,,,America/Los_Angeles,Cycling,"{""calories"":124.8879776001,""effduration"":480,""intensity"":0,""pause_duration"":0,""steps"":14,""distance"":9.8199996948242,""metcumul"":8.3400001525879}",,2024-04-27T19:01:21-07:00
2024-04-27T18:31:00-07:00,2024-04-27T18:39:00-07:00,,,America/Los_Angeles,Walking,"{""calories"":8.9800004959106,""effduration"":420,""intensity"":0,""pause_duration"":0,""steps"":529,""distance"":363.78997802734,""metcumul"":20.080001831055}",,2024-04-27T22:12:09-07:00
2024-04-27T21:43:00-07:00,2024-04-27T21:50:00-07:00,,,America/Los_Angeles,Walking,"{""calories"":10.720000267029,""effduration"":360,""intensity"":0,""pause_duration"":0,""steps"":541,""distance"":374.83999633789,""metcumul"":21.659999847412}",,2024-04-28T18:21:52-07:00
2024-04-27T22:58:00-07:00,2024-04-27T23:15:00-07:00,,,America/Los_Angeles,Cycling,"{""calories"":141.53970336914,""effduration"":480,""intensity"":0,""pause_duration"":0,""metcumul"":8}",,2024-05-02T10:21:13-07:00
2024-04-30T13:01:00-07:00,2024-04-30T13:07:00-07:00,,,America/Los_Angeles,Walking,"{""calories"":6.4800004959106,""effduration"":300,""intensity"":0,""pause_duration"":0,""steps"":340,""distance"":225.73999023438,""metcumul"":14.550000190735}",,2024-05-02T10:21:15-07:00
2024-05-01T13:29:00-07:00,2024-05-01T13:38:00-07:00,,,America/Los_Angeles,Walking,"{""calories"":11.368999481201,""effduration"":540,""intensity"":0,""pause_duration"":0,""steps"":653,""distance"":452.36001586914,""metcumul"":25.180000305176}",,2024-05-03T07:38:37-07:00
2024-05-02T16:12:00-07:00,2024-05-02T16:18:00-07:00,,,America/Los_Angeles,Walking,"{""calories"":11.480000495911,""effduration"":360,""intensity"":0,""hr_average"":106,""hr_min"":84,""hr_max"":125,""hr_zone_0"":30,""hr_zone_1"":528,""hr_zone_2"":127,""hr_zone_3"":0,""pause_duration"":0,""steps"":663,""distance"":477.25997924805,""metcumul"":22.369998931885}",,2024-05-03T08:54:01-07:00
2024-05-03T08:24:00-07:00,2024-05-03T08:29:00-07:00,,,America/Los_Angeles,Walking,"{""calories"":8.0799999237061,""effduration"":240,""intensity"":0,""pause_duration"":0,""steps"":383,""distance"":268,""metcumul"":15.590000152588}",,2024-05-09T00:34:17-07:00
2024-05-09T08:51:00-07:00,2024-05-09T09:01:00-07:00,,,America/Los_Angeles,Walking,"{""calories"":14.909999847412,""effduration"":540,""intensity"":0,""pause_duration"":0,""steps"":695,""distance"":499.25,""metcumul"":29.989999771118}",,2024-05-09T15:46:16-07:00
2024-05-09T15:09:00-07:00,2024-05-09T15:19:00-07:00,,,America/Los_Angeles,Walking,"{""calories"":11.989999771118,""effduration"":541,""intensity"":0,""pause_duration"":0,""steps"":718,""distance"":494.04998779297,""metcumul"":26.599998474121}",,2024-05-09T23:30:18-07:00
2024-05-11T10:41:00-07:00,2024-05-11T10:51:00-07:00,,,America/Los_Angeles,Cycling,"{""calories"":83.258651733398,""effduration"":240,""intensity"":0,""pause_duration"":0,""steps"":22,""distance"":15.159999847412,""metcumul"":4.6199998855591}",,2024-05-12T10:35:36-07:00
2024-05-11T11:56:00-07:00,2024-05-11T12:06:00-07:00,,,America/Los_Angeles,Walking,"{""calories"":15.090000152588,""effduration"":600,""intensity"":0,""pause_duration"":0,""steps"":735,""distance"":527.73999023438,""metcumul"":31.540000915527}",,2024-05-12T10:35:37-07:00
2024-05-11T12:47:00-07:00,2024-05-11T12:55:00-07:00,,,America/Los_Angeles,Walking,"{""calories"":25.881067276001,""effduration"":850,""intensity"":0,""pause_duration"":0,""steps"":1376,""distance"":900.72973632812,""metcumul"":28.188217163086}",,2024-05-13T19:12:29-07:00
2024-05-12T19:43:00-07:00,2024-05-12T20:16:00-07:00,,,America/Los_Angeles,Walking,"{""calories"":41.979999542236,""effduration"":1740,""intensity"":0,""hr_average"":121,""hr_min"":107,""hr_max"":161,""hr_zone_0"":0,""hr_zone_1"":760,""hr_zone_2"":410,""hr_zone_3"":72,""pause_duration"":0,""steps"":2341,""distance"":1525.4100341797,""metcumul"":92.280006408691}",,2024-05-14T20:20:25-07:00
2024-05-16T11:01:00-07:00,2024-05-16T11:07:00-07:00,,,Asia/Tehran,Walking,"{""calories"":10.239999771118,""effduration"":300,""intensity"":0,""pause_duration"":0,""steps"":503,""distance"":358.0299987793,""metcumul"":19.699998855591}",,2024-05-19T02:24:26-07:00
2024-05-16T14:48:00-07:00,2024-05-16T15:03:00-07:00,,,Asia/Tehran,Walking,"{""calories"":19.619998931885,""effduration"":780,""intensity"":0,""pause_duration"":0,""steps"":992,""distance"":659.90997314453,""metcumul"":41.990001678467}",,2024-05-19T02:24:28-07:00
2024-05-16T12:52:00-07:00,2024-05-16T13:01:00-07:00,,,Asia/Tehran,Walking,"{""calories"":9.8899993896484,""effduration"":480,""intensity"":0,""pause_duration"":0,""steps"":509,""distance"":344.25,""metcumul"":22.439998626709}",,2024-05-19T02:24:27-07:00
2024-05-17T14:41:00-07:00,2024-05-17T14:48:00-07:00,,,Asia/Tehran,Walking,"{""calories"":8.5,""effduration"":360,""intensity"":0,""pause_duration"":0,""steps"":423,""distance"":297.47998046875,""metcumul"":18.239999771118}",,2024-05-20T07:26:43-07:00
2024-05-28T01:06:00-07:00,2024-05-28T01:38:00-07:00,,,Asia/Tehran,Walking,"{""calories"":53.9700050354,""effduration"":1800,""intensity"":0,""pause_duration"":0,""steps"":2751,""distance"":1890.3701171875,""metcumul"":108.35001373291}",,2024-07-06T21:32:49-07:00
2024-06-05T06:07:00-07:00,2024-06-05T06:17:00-07:00,,,Asia/Tehran,Cycling,"{""calories"":83.258651733398,""effduration"":300,""intensity"":0,""pause_duration"":0,""steps"":40,""distance"":26.840000152588,""metcumul"":6.039999961853}",,2024-07-06T21:32:54-07:00
2024-06-07T02:25:00-07:00,2024-06-07T02:45:00-07:00,,,Asia/Tehran,Cycling,"{""calories"":166.5173034668,""effduration"":960,""intensity"":0,""pause_duration"":0,""steps"":116,""distance"":78.92000579834,""metcumul"":19.190000534058}",,2024-07-06T21:32:55-07:00
2024-06-07T08:17:00-07:00,2024-06-07T08:32:00-07:00,,,Asia/Tehran,Walking,"{""calories"":16.050001144409,""effduration"":660,""intensity"":0,""pause_duration"":0,""steps"":834,""distance"":535.22003173828,""metcumul"":34.890003204346}",,2024-07-06T21:32:56-07:00
2024-06-07T09:12:00-07:00,2024-06-07T09:17:00-07:00,,,Asia/Tehran,Walking,"{""calories"":6.9599995613098,""effduration"":300,""intensity"":0,""pause_duration"":0,""steps"":375,""distance"":247.26998901367,""metcumul"":15.520000457764}",,2024-07-06T21:32:56-07:00
2024-06-07T10:10:00-07:00,2024-06-07T10:25:00-07:00,,,Asia/Tehran,Walking,"{""calories"":18.789999008179,""effduration"":840,""intensity"":0,""pause_duration"":0,""steps"":996,""distance"":657.61004638672,""metcumul"":42.049999237061}",,2024-07-06T21:32:56-07:00
2024-06-08T01:11:00-07:00,2024-06-08T01:17:00-07:00,,,Asia/Tehran,Walking,"{""calories"":13.150000572205,""effduration"":360,""intensity"":0,""pause_duration"":0,""steps"":637,""distance"":459.45999145508,""metcumul"":24.759998321533}",,2024-07-06T21:32:57-07:00
2024-06-10T01:49:00-07:00,2024-06-10T02:19:00-07:00,,,Asia/Tehran,Walking,"{""calories"":43.46000289917,""effduration"":1500,""intensity"":0,""pause_duration"":0,""steps"":2101,""distance"":1400.9898681641,""metcumul"":88.429985046387}",,2024-07-06T21:32:59-07:00
2024-06-10T06:04:00-07:00,2024-06-10T06:23:00-07:00,,,Asia/Tehran,Walking,"{""calories"":19.900001525879,""effduration"":840,""intensity"":0,""hr_average"":107,""hr_min"":103,""hr_max"":112,""hr_zone_0"":0,""hr_zone_1"":612,""hr_zone_2"":0,""hr_zone_3"":0,""pause_duration"":0,""steps"":1030,""distance"":674.03997802734,""metcumul"":43.759998321533}",,2024-07-06T21:32:59-07:00
2024-06-12T23:21:00-07:00,2024-06-12T23:31:00-07:00,,,America/Los_Angeles,Cycling,"{""calories"":82.921058654785,""effduration"":480,""intensity"":0,""pause_duration"":0,""steps"":128,""distance"":84.610000610352,""metcumul"":11.760000228882}",,2024-08-09T10:02:36-07:00
2024-06-13T00:33:00-07:00,2024-06-13T00:55:00-07:00,,,America/Los_Angeles,Cycling,"{""calories"":182.42633056641,""effduration"":840,""intensity"":0,""pause_duration"":0,""steps"":95,""distance"":66.269996643066,""metcumul"":16.409999847412}",,2024-08-09T10:02:36-07:00
2024-06-13T03:24:00-07:00,2024-06-13T03:30:00-07:00,,,America/Los_Angeles,Walking,"{""calories"":6.5700001716614,""effduration"":300,""intensity"":0,""pause_duration"":0,""steps"":320,""distance"":209.20999145508,""metcumul"":14.539999008179}",,2024-08-09T10:02:37-07:00
2024-06-14T00:01:00-07:00,2024-06-14T00:21:00-07:00,,,America/Los_Angeles,Walking,"{""calories"":21.719999313354,""effduration"":1080,""intensity"":0,""hr_average"":70,""hr_min"":51,""hr_max"":92,""hr_zone_0"":550,""hr_zone_1"":86,""hr_zone_2"":0,""hr_zone_3"":0,""pause_duration"":0,""steps"":1191,""distance"":805.19006347656,""metcumul"":50.140003204346}",,2024-08-09T10:02:38-07:00
2024-06-15T04:25:00-07:00,2024-06-15T04:39:00-07:00,,,America/Los_Angeles,Cycling,"{""calories"":116.08948516846,""effduration"":780,""intensity"":0,""pause_duration"":0,""steps"":126,""distance"":79.380012512207,""metcumul"":16.549999237061}",,2024-08-09T10:02:38-07:00
2024-06-15T06:47:00-07:00,2024-06-15T07:11:00-07:00,,,America/Los_Angeles,Cycling,"{""calories"":199.01054382324,""effduration"":1020,""intensity"":0,""pause_duration"":0,""steps"":348,""distance"":234.45999145508,""metcumul"":27.250003814697}",,2024-08-09T10:02:39-07:00
2024-06-15T07:48:00-07:00,2024-06-15T07:58:00-07:00,,,America/Los_Angeles,Cycling,"{""calories"":82.921058654785,""effduration"":540,""intensity"":0,""pause_duration"":0,""steps"":101,""distance"":68.589996337891,""metcumul"":11.779999732971}",,2024-08-09T10:02:39-07:00
2024-06-17T19:00:00-07:00,2024-06-17T19:13:00-07:00,,,America/Los_Angeles,Walking,"{""calories"":16.650001525879,""effduration"":660,""intensity"":0,""pause_duration"":0,""steps"":951,""distance"":614.44000244141,""metcumul"":38.029998779297}",,2024-08-09T10:02:40-07:00
2024-06-21T10:10:00-07:00,2024-06-21T10:23:00-07:00,,,America/Los_Angeles,Walking,"{""calories"":18.629997253418,""effduration"":660,""intensity"":0,""pause_duration"":0,""steps"":968,""distance"":651.34997558594,""metcumul"":38.669998168945}",,2024-08-09T10:02:41-07:00
2024-06-21T12:28:00-07:00,2024-06-21T12:35:00-07:00,,,America/Los_Angeles,Walking,"{""calories"":16.521913528442,""effduration"":601,""intensity"":0,""pause_duration"":0,""steps"":898,""distance"":574.5693359375,""metcumul"":19.322839736938}",,2024-08-09T10:02:42-07:00
2024-06-24T18:49:00-07:00,2024-06-24T19:02:00-07:00,,,America/Los_Angeles,Walking,"{""calories"":18.770000457764,""effduration"":780,""intensity"":0,""pause_duration"":0,""steps"":942,""distance"":656.85998535156,""metcumul"":39.980003356934}",,2024-08-09T10:02:43-07:00
2024-06-24T19:02:00-07:00,2024-06-24T19:53:00-07:00,,,America/Los_Angeles,Other,"{""calories"":464.4538269043,""effduration"":3060,""intensity"":0,""pause_duration"":0,""steps"":4142,""distance"":2919.4907226562,""metcumul"":168.49996948242}",,2024-08-09T10:02:44-07:00
2024-06-28T17:32:00-07:00,2024-06-28T17:37:00-07:00,,,America/Los_Angeles,Walking,"{""calories"":10.369999885559,""effduration"":300,""intensity"":0,""pause_duration"":0,""steps"":517,""distance"":359.75,""metcumul"":20.049999237061}",,2024-08-09T10:02:46-07:00
2024-06-28T17:45:59-07:00,2024-06-28T18:45:59-07:00,,,America/Los_Angeles,Zumba,"{""calories"":441.80026245117,""intensity"":28,""manual_distance"":0,""manual_calories"":372,""hr_average"":150,""hr_min"":150,""hr_max"":152,""hr_zone_0"":0,""hr_zone_1"":0,""hr_zone_2"":1849,""hr_zone_3"":0,""pause_duration"":0,""distance"":2731.6594238281,""metcumul"":163.61003112793}",,2024-07-06T21:33:12-07:00
2024-06-28T17:48:00-07:00,2024-06-28T18:42:00-07:00,,,America/Los_Angeles,Other,"{""calories"":491.77462768555,""effduration"":3120,""intensity"":0,""hr_average"":150,""hr_min"":150,""hr_max"":152,""hr_zone_0"":0,""hr_zone_1"":0,""hr_zone_2"":1849,""hr_zone_3"":0,""pause_duration"":0,""steps"":3769,""distance"":2678.6193847656,""metcumul"":156.55000305176}",,2024-08-09T10:02:46-07:00
2024-06-29T20:29:00-07:00,2024-06-29T20:39:00-07:00,,,America/Los_Angeles,Walking,"{""calories"":8.1499996185303,""effduration"":361,""intensity"":0,""pause_duration"":0,""steps"":437,""distance"":285.16000366211,""metcumul"":18.390001296997}",,2024-08-09T10:02:47-07:00
2024-06-30T16:19:00-07:00,2024-06-30T16:26:00-07:00,,,America/Los_Angeles,Walking,"{""calories"":8.0900001525879,""effduration"":420,""intensity"":0,""pause_duration"":0,""steps"":503,""distance"":325.45999145508,""metcumul"":19.170000076294}",,2024-08-09T10:02:47-07:00
2024-06-30T18:32:00-07:00,2024-06-30T18:46:00-07:00,,,America/Los_Angeles,Walking,"{""calories"":16.989999771118,""effduration"":720,""intensity"":0,""pause_duration"":0,""steps"":915,""distance"":595.01000976562,""metcumul"":37.759998321533}",,2024-08-09T10:02:48-07:00
2024-07-02T17:38:00-07:00,2024-07-02T17:48:00-07:00,,,America/Los_Angeles,Walking,"{""calories"":12.849999427795,""effduration"":480,""intensity"":0,""pause_duration"":0,""steps"":620,""distance"":441.01998901367,""metcumul"":26.290000915527}",,2024-08-09T10:02:49-07:00
2024-07-02T17:48:00-07:00,2024-07-02T18:21:00-07:00,,,America/Los_Angeles,Other,"{""calories"":300.52893066406,""effduration"":1860,""intensity"":0,""pause_duration"":0,""steps"":1274,""distance"":894.12994384766,""metcumul"":66.540000915527}",,2024-08-09T10:02:49-07:00
2024-07-02T18:22:16-07:00,2024-07-02T18:52:33-07:00,,,America/Los_Angeles,Zumba,"{""calories"":222.08226013184,""effduration"":1260,""intensity"":50,""hr_average"":103,""hr_min"":41,""hr_max"":159,""hr_zone_0"":416,""hr_zone_1"":796,""hr_zone_2"":391,""hr_zone_3"":16,""device_startdate"":1719969736,""device_enddate"":1719971553,""pause_duration"":9,""steps"":268,""distance"":179.76000976562,""metcumul"":28.009998321533}",,2024-07-08T15:31:20-07:00
2024-07-02T18:22:16-07:00,2024-07-02T18:52:33-07:00,,,America/Los_Angeles,Zumba,{},,2024-07-06T21:33:17-07:00
2024-07-05T23:05:00-07:00,2024-07-05T23:12:00-07:00,,,America/Los_Angeles,Walking,"{""calories"":9.426796913147,""effduration"":339,""intensity"":0,""pause_duration"":0,""steps"":528,""distance"":326.45971679688,""metcumul"":2.7334144115448}",,2024-08-09T10:02:50-07:00
2024-07-05T23:26:00-07:00,2024-07-05T23:33:00-07:00,,,America/Los_Angeles,Walking,"{""calories"":9.5517730712891,""effduration"":366,""intensity"":0,""pause_duration"":0,""steps"":535,""distance"":330.78778076172,""metcumul"":2.626825094223}",,2024-08-09T10:02:51-07:00
2024-07-06T18:14:00-07:00,2024-07-06T18:23:00-07:00,,,America/Los_Angeles,Walking,"{""calories"":14.17590045929,""effduration"":474,""intensity"":0,""pause_duration"":0,""steps"":794,""distance"":490.92614746094,""metcumul"":2.8642764091492}",,2024-08-09T10:02:52-07:00
2024-07-07T17:23:00-07:00,2024-07-07T17:39:00-07:00,,,America/Los_Angeles,Cycling,"{""calories"":132.6736907959,""effduration"":540,""intensity"":0,""pause_duration"":0,""steps"":6,""distance"":4.1100001335144,""metcumul"":9.1300001144409}",,2024-08-09T10:02:52-07:00
2024-07-07T20:06:00-07:00,2024-07-07T20:11:00-07:00,,,America/Los_Angeles,Walking,"{""calories"":8.2600002288818,""effduration"":300,""intensity"":0,""pause_duration"":0,""steps"":437,""distance"":288.44998168945,""metcumul"":17.340000152588}",,2024-08-09T10:02:52-07:00
2024-07-07T21:07:00-07:00,2024-07-07T21:23:00-07:00,,,America/Los_Angeles,Walking,"{""calories"":15.920001029968,""effduration"":780,""intensity"":0,""pause_duration"":0,""steps"":872,""distance"":557.65997314453,""metcumul"":37.410003662109}",,2024-08-09T10:02:53-07:00
2024-07-07T21:43:00-07:00,2024-07-07T21:55:00-07:00,,,America/Los_Angeles,Cycling,"{""calories"":99.505271911621,""effduration"":360,""intensity"":0,""pause_duration"":0,""steps"":8,""distance"":4.7399997711182,""metcumul"":6.1700000762939}",,2024-08-09T10:02:53-07:00
2024-07-08T19:56:00-07:00,2024-07-08T20:03:00-07:00,,,America/Los_Angeles,Walking,"{""calories"":11.362306594849,""effduration"":346,""intensity"":0,""pause_duration"":0,""steps"":639,""distance"":395.09042358398,""metcumul"":3.055383682251}",,2024-08-09T10:02:54-07:00
2024-07-08T20:16:00-07:00,2024-07-08T20:25:00-07:00,,,America/Los_Angeles,Walking,"{""calories"":11.255619049072,""effduration"":479,""intensity"":0,""pause_duration"":0,""steps"":633,""distance"":391.38067626953,""metcumul"":2.4707415103912}",,2024-08-09T10:02:54-07:00
2024-07-09T17:46:03-07:00,2024-07-09T18:50:27-07:00,,,America/Los_Angeles,Zumba,"{""calories"":472.27618408203,""effduration"":2460,""intensity"":50,""hr_average"":119,""hr_min"":58,""hr_max"":169,""hr_zone_0"":482,""hr_zone_1"":926,""hr_zone_2"":1831,""hr_zone_3"":55,""device_startdate"":1720572363,""device_enddate"":1720576227,""pause_duration"":348,""steps"":1216,""distance"":834.35015869141,""metcumul"":74.039993286133}",,2024-07-09T21:23:04-07:00
2024-07-09T17:46:03-07:00,2024-07-09T18:50:27-07:00,,,America/Los_Angeles,Zumba,{},,2024-07-09T21:23:04-07:00
2024-07-13T13:53:00-07:00,2024-07-13T14:04:00-07:00,,,America/Los_Angeles,Walking,"{""calories"":18.110000610352,""effduration"":600,""intensity"":0,""pause_duration"":0,""steps"":929,""distance"":612.07995605469,""metcumul"":37.090000152588}",,2024-08-09T10:02:57-07:00
2024-07-13T16:55:00-07:00,2024-07-13T17:04:00-07:00,,,America/Los_Angeles,Walking,"{""calories"":12.239999771118,""effduration"":480,""intensity"":0,""pause_duration"":0,""steps"":658,""distance"":429.91000366211,""metcumul"":26.480001449585}",,2024-08-09T10:02:57-07:00
2024-07-13T17:16:00-07:00,2024-07-13T17:28:00-07:00,,,America/Los_Angeles,Cycling,"{""calories"":99.144859313965,""effduration"":420,""intensity"":0,""pause_duration"":0,""steps"":6,""distance"":3.710000038147,""metcumul"":7.1199998855591}",,2024-08-09T10:02:57-07:00
2024-07-13T19:52:00-07:00,2024-07-13T20:00:00-07:00,,,America/Los_Angeles,Walking,"{""calories"":9.6500005722046,""effduration"":419,""intensity"":0,""pause_duration"":0,""steps"":618,""distance"":404.69998168945,""metcumul"":21.23999786377}",,2024-08-09T10:02:58-07:00
2024-07-14T19:50:00-07:00,2024-07-14T20:00:00-07:00,,,America/Los_Angeles,Cycling,"{""calories"":82.620712280273,""effduration"":360,""intensity"":0,""pause_duration"":0,""steps"":10,""distance"":7.5300002098083,""metcumul"":6.3000001907349}",,2024-08-09T10:02:59-07:00
2024-07-14T22:24:00-07:00,2024-07-14T22:38:00-07:00,,,America/Los_Angeles,Cycling,"{""calories"":115.66899871826,""effduration"":480,""intensity"":0,""pause_duration"":0,""steps"":8,""distance"":5.9000000953674,""metcumul"":8.210000038147}",,2024-08-09T10:02:59-07:00
2024-07-16T19:51:00-07:00,2024-07-16T20:31:00-07:00,,,America/Los_Angeles,Walking,"{""calories"":70.440002441406,""effduration"":2340,""intensity"":0,""hr_average"":117,""hr_min"":98,""hr_max"":135,""hr_zone_0"":0,""hr_zone_1"":1082,""hr_zone_2"":780,""hr_zone_3"":0,""pause_duration"":0,""steps"":3827,""distance"":2521.7297363281,""metcumul"":145.22998046875}",,2024-08-09T10:03:00-07:00
2024-07-21T20:17:00-07:00,2024-07-21T20:31:00-07:00,,,America/Los_Angeles,Walking,"{""calories"":22.629999160767,""effduration"":840,""intensity"":0,""pause_duration"":0,""steps"":1085,""distance"":706.06005859375,""metcumul"":46.689998626709}",,2024-08-09T10:03:02-07:00
2024-07-23T17:49:20-07:00,2024-07-23T18:54:38-07:00,,,America/Los_Angeles,Zumba,"{""calories"":477.14178466797,""effduration"":1860,""intensity"":50,""hr_average"":100,""hr_min"":46,""hr_max"":168,""hr_zone_0"":1178,""hr_zone_1"":1583,""hr_zone_2"":720,""hr_zone_3"":90,""device_startdate"":1721782160,""device_enddate"":1721786078,""pause_duration"":312,""steps"":905,""distance"":621.31994628906,""metcumul"":55.799999237061}",,2024-08-09T10:03:03-07:00
2024-07-23T17:49:20-07:00,2024-07-23T18:54:38-07:00,,,America/Los_Angeles,Zumba,{},,2024-07-25T13:08:28-07:00
2024-07-25T12:30:00-07:00,2024-07-25T12:40:00-07:00,,,America/Los_Angeles,Cycling,"{""calories"":82.620712280273,""effduration"":420,""intensity"":0,""pause_duration"":0,""steps"":9,""distance"":6.0700001716614,""metcumul"":7.210000038147}",,2024-08-09T10:10:05-07:00
2024-07-28T13:42:00-07:00,2024-07-28T13:59:00-07:00,,,America/Los_Angeles,Cycling,"{""calories"":140.4552154541,""effduration"":600,""intensity"":0,""pause_duration"":0,""metcumul"":10}",,2024-08-09T10:10:07-07:00
2024-07-28T14:27:00-07:00,2024-07-28T14:32:00-07:00,,,America/Los_Angeles,Walking,"{""calories"":4.7699995040894,""effduration"":240,""intensity"":0,""pause_duration"":0,""steps"":256,""distance"":167.41999816895,""metcumul"":11}",,2024-08-09T10:10:07-07:00
2024-07-28T15:47:00-07:00,2024-07-28T15:55:00-07:00,,,America/Los_Angeles,Walking,"{""calories"":13.039999961853,""effduration"":420,""intensity"":0,""pause_duration"":0,""steps"":664,""distance"":456.10003662109,""metcumul"":26.159999847412}",,2024-08-09T10:10:07-07:00
2024-07-28T20:04:00-07:00,2024-07-28T20:17:00-07:00,,,America/Los_Angeles,Cycling,"{""calories"":107.40692901611,""effduration"":540,""intensity"":0,""pause_duration"":0,""steps"":111,""distance"":79.75,""metcumul"":12.590000152588}",,2024-08-09T10:10:08-07:00
2024-07-30T17:49:10-07:00,2024-07-30T18:51:55-07:00,,,America/Los_Angeles,Zumba,"{""calories"":458.50915527344,""effduration"":1980,""intensity"":50,""hr_average"":121,""hr_min"":58,""hr_max"":161,""hr_zone_0"":344,""hr_zone_1"":1054,""hr_zone_2"":1823,""hr_zone_3"":124,""device_startdate"":1722386950,""device_enddate"":1722390715,""pause_duration"":318,""steps"":325,""distance"":229.8999786377,""metcumul"":41.51000213623}",,2024-08-09T10:10:09-07:00
2024-07-30T17:49:10-07:00,2024-07-30T18:51:55-07:00,,,America/Los_Angeles,Zumba,{},,2024-07-30T18:53:29-07:00
2024-07-31T21:40:00-07:00,2024-07-31T21:45:00-07:00,,,America/Los_Angeles,Walking,"{""calories"":5.3081994056702,""effduration"":254,""intensity"":0,""pause_duration"":0,""steps"":299,""distance"":184.87017822266,""metcumul"":2.3101034164429}",,2024-08-09T10:10:10-07:00
2024-07-31T22:06:00-07:00,2024-07-31T22:13:00-07:00,,,America/Los_Angeles,Walking,"{""calories"":10.314597129822,""effduration"":349,""intensity"":0,""pause_duration"":0,""steps"":581,""distance"":359.22933959961,""metcumul"":2.8527588844299}",,2024-08-09T10:10:11-07:00
2024-08-01T20:03:00-07:00,2024-08-01T20:15:00-07:00,,,America/Los_Angeles,Walking,"{""calories"":17.848001480103,""effduration"":660,""intensity"":0,""pause_duration"":0,""steps"":889,""distance"":588.11999511719,""metcumul"":37.379001617432}",,2024-08-10T22:38:21-07:00
2024-08-02T20:02:00-07:00,2024-08-02T20:33:00-07:00,,,America/Los_Angeles,Walking,"{""calories"":41.109996795654,""effduration"":1800,""intensity"":0,""pause_duration"":0,""steps"":2239,""distance"":1444.4300537109,""metcumul"":93.059997558594}",,2024-08-10T22:38:22-07:00
2024-08-06T17:56:24-07:00,2024-08-06T18:45:11-07:00,,,America/Los_Angeles,Zumba,"{""calories"":357.18408203125,""effduration"":1440,""intensity"":50,""hr_average"":98,""hr_min"":40,""hr_max"":147,""hr_zone_0"":946,""hr_zone_1"":1383,""hr_zone_2"":566,""hr_zone_3"":0,""device_startdate"":1722992184,""device_enddate"":1722995111,""pause_duration"":6,""steps"":459,""distance"":318.70001220703,""metcumul"":36.249996185303}",,2024-08-07T00:46:41-07:00
2024-08-06T17:56:24-07:00,2024-08-06T18:45:11-07:00,,,America/Los_Angeles,Zumba,{},,2024-08-07T00:46:41-07:00
2024-08-08T18:57:00-07:00,2024-08-08T19:02:00-07:00,,,America/Los_Angeles,Walking,"{""calories"":10.079999923706,""effduration"":300,""intensity"":0,""pause_duration"":0,""steps"":501,""distance"":353.80999755859,""metcumul"":19.619998931885}",,2024-08-10T22:38:24-07:00
2024-08-08T19:07:57-07:00,2024-08-08T20:00:03-07:00,,,America/Los_Angeles,Yoga,"{""calories"":269.27166748047,""effduration"":420,""intensity"":19,""manual_distance"":59.938045501709,""manual_calories"":473.71868896484,""hr_average"":93,""hr_min"":56,""hr_max"":120,""hr_zone_0"":488,""hr_zone_1"":2577,""hr_zone_2"":0,""hr_zone_3"":0,""device_startdate"":1723169277,""device_enddate"":1723172403,""pause_duration"":6,""steps"":23,""distance"":16.740001678467,""metcumul"":7.539999961853}","{""end_coordinate_latitude"":33.956932,""end_coordinate_longitude"":-117.332084,""region_center_latitude"":33.956773,""region_center_longitude"":-117.332077,""span_latitude_delta"":0.000316,""span_longitude_delta"":0.000122,""start_coordinate_latitude"":33.956783,""start_coordinate_longitude"":-117.332138,""avg_speed"":1.57184,""distance"":59.938045,""max_speed"":4.70761,""min_speed"":0.002807}",2024-08-08T20:12:23-07:00
2024-08-08T19:07:57-07:00,2024-08-08T20:00:03-07:00,,,America/Los_Angeles,Other,{},,2024-08-08T20:09:34-07:00
2024-08-08T20:31:00-07:00,2024-08-08T20:39:00-07:00,,,America/Los_Angeles,Walking,"{""calories"":14.469999313354,""effduration"":480,""intensity"":0,""pause_duration"":0,""steps"":756,""distance"":506.45999145508,""metcumul"":29.809997558594}",,2024-08-10T22:38:24-07:00
2024-08-09T12:54:00-07:00,2024-08-09T13:09:00-07:00,,,America/Los_Angeles,Walking,"{""calories"":21.939998626709,""effduration"":840,""intensity"":0,""pause_duration"":0,""steps"":1114,""distance"":770.10998535156,""metcumul"":46.100002288818}",,2024-08-16T13:28:07-07:00
2024-08-09T16:06:00-07:00,2024-08-09T16:15:00-07:00,,,America/Los_Angeles,Walking,"{""calories"":15.040000915527,""effduration"":480,""intensity"":0,""pause_duration"":0,""steps"":748,""distance"":507.11999511719,""metcumul"":30.120000839233}",,2024-08-16T13:28:08-07:00
2024-08-11T18:51:00-07:00,2024-08-11T19:03:00-07:00,,,America/Los_Angeles,Cycling,"{""calories"":99.215492248535,""effduration"":660,""intensity"":0,""pause_duration"":0,""metcumul"":11}",,2024-08-25T21:10:56-07:00
2024-08-17T20:12:00-07:00,2024-08-17T20:22:00-07:00,,,America/Los_Angeles,Walking,"{""calories"":13,""effduration"":540,""intensity"":0,""pause_duration"":0,""steps"":800,""distance"":522.89996337891,""metcumul"":28.969997406006}",,2024-08-24T22:18:51-07:00
2024-08-18T17:12:00-07:00,2024-08-18T17:18:00-07:00,,,America/Los_Angeles,Walking,"{""calories"":7.4099998474121,""effduration"":300,""intensity"":0,""pause_duration"":0,""steps"":474,""distance"":317.69000244141,""metcumul"":15.930000305176}",,2024-08-24T22:18:52-07:00
2024-08-19T18:54:00-07:00,2024-08-19T19:01:00-07:00,,,America/Los_Angeles,Walking,"{""calories"":12.329998970032,""effduration"":420,""intensity"":0,""pause_duration"":0,""steps"":621,""distance"":421.80999755859,""metcumul"":25.010000228882}",,2024-08-24T22:18:53-07:00
2024-08-19T19:02:00-07:00,2024-08-19T19:16:00-07:00,,,America/Los_Angeles,Swimming,"{""calories"":102.36975097656,""effduration"":0,""hr_average"":137,""hr_min"":113,""hr_max"":173,""hr_zone_0"":0,""hr_zone_1"":120,""hr_zone_2"":471,""hr_zone_3"":126,""pause_duration"":0,""laps"":0,""mvts"":0,""pool_length"":25,""type"":9}",,2024-08-24T22:18:53-07:00
2024-08-19T19:02:49-07:00,2024-08-19T20:03:14-07:00,,,America/Los_Angeles,Zumba,"{""calories"":441.77423095703,""effduration"":3360,""intensity"":50,""hr_average"":134,""hr_min"":83,""hr_max"":186,""hr_zone_0"":9,""hr_zone_1"":720,""hr_zone_2"":2285,""hr_zone_3"":521,""device_startdate"":1724119369,""device_enddate"":1724122994,""pause_duration"":15,""steps"":4071,""distance"":2870.4099121094,""metcumul"":169.19906616211}",,2024-08-24T22:18:53-07:00
2024-08-19T19:02:49-07:00,2024-08-19T20:03:14-07:00,,,America/Los_Angeles,Zumba,{},,2024-08-19T20:04:51-07:00
2024-08-21T19:49:00-07:00,2024-08-21T20:25:00-07:00,,,America/Los_Angeles,Walking,"{""calories"":64.540000915527,""effduration"":2040,""intensity"":0,""pause_duration"":0,""steps"":3379,""distance"":2239.6096191406,""metcumul"":130.98001098633}",,2024-08-24T22:18:55-07:00
2024-08-27T11:21:00-07:00,2024-08-27T11:27:00-07:00,,,America/Los_Angeles,Walking,"{""calories"":8.8200006484985,""effduration"":360,""intensity"":0,""pause_duration"":0,""steps"":449,""distance"":305.60000610352,""metcumul"":18.790000915527}",,2024-09-10T14:51:52-07:00
2024-08-29T12:19:00-07:00,2024-08-29T12:32:00-07:00,,,America/Los_Angeles,Walking,"{""calories"":17.359998703003,""effduration"":720,""intensity"":0,""pause_duration"":0,""steps"":946,""distance"":644.90997314453,""metcumul"":37.500003814697}",,2024-09-10T14:51:53-07:00
2024-08-29T14:27:00-07:00,2024-08-29T14:42:00-07:00,,,America/Los_Angeles,Walking,"{""calories"":18.890001296997,""effduration"":840,""intensity"":0,""pause_duration"":0,""steps"":972,""distance"":642.61999511719,""metcumul"":41.850002288818}",,2024-09-10T14:51:53-07:00
2024-08-29T15:52:00-07:00,2024-08-29T16:02:00-07:00,,,America/Los_Angeles,Walking,"{""calories"":17.179998397827,""effduration"":600,""intensity"":0,""pause_duration"":0,""steps"":876,""distance"":603.21002197266,""metcumul"":35.240001678467}",,2024-09-10T14:51:54-07:00
2024-09-02T19:15:00-07:00,2024-09-02T19:32:00-07:00,,,America/Los_Angeles,Walking,"{""calories"":33.459999084473,""effduration"":1020,""intensity"":0,""pause_duration"":0,""steps"":1769,""distance"":1171.4899902344,""metcumul"":68.090003967285}",,2024-09-10T15:05:13-07:00
2024-09-03T18:12:07-07:00,2024-09-03T19:12:18-07:00,,,America/Los_Angeles,Zumba,"{""calories"":439.75473022461,""effduration"":2400,""intensity"":50,""hr_average"":108,""hr_min"":57,""hr_max"":171,""hr_zone_0"":859,""hr_zone_1"":1446,""hr_zone_2"":988,""hr_zone_3"":174,""device_startdate"":1725412327,""device_enddate"":1725415938,""pause_duration"":6,""steps"":1198,""distance"":800.35998535156,""metcumul"":73.73999786377}",,2024-09-10T15:05:14-07:00
2024-09-03T18:12:07-07:00,2024-09-03T19:12:18-07:00,,,America/Los_Angeles,Zumba,{},,2024-09-03T19:12:41-07:00
2024-09-05T15:45:00-07:00,2024-09-05T16:00:00-07:00,,,America/Los_Angeles,Walking,"{""calories"":17.329999923706,""effduration"":840,""intensity"":0,""pause_duration"":0,""steps"":890,""distance"":609.55004882812,""metcumul"":39.100002288818}",,2024-09-11T11:50:17-07:00
2024-09-09T14:57:00-07:00,2024-09-09T15:09:00-07:00,,,America/Los_Angeles,Cycling,"{""calories"":99.144859313965,""effduration"":540,""intensity"":0,""pause_duration"":0,""metcumul"":9}",,2024-10-11T14:51:41-07:00
2024-09-10T11:25:00-07:00,2024-09-10T11:30:00-07:00,,,America/Los_Angeles,Walking,"{""calories"":6.6300001144409,""effduration"":240,""intensity"":0,""pause_duration"":0,""steps"":330,""distance"":232.92999267578,""metcumul"":13.560000419617}",,2024-10-11T18:55:31-07:00
2024-09-10T13:49:00-07:00,2024-09-10T13:59:00-07:00,,,America/Los_Angeles,Cycling,"{""calories"":82.620712280273,""effduration"":300,""intensity"":0,""pause_duration"":0,""metcumul"":5}",,2024-10-11T18:55:31-07:00
2024-09-15T15:25:00-07:00,2024-09-15T15:40:00-07:00,,,America/Los_Angeles,Cycling,"{""calories"":123.93106842041,""effduration"":420,""intensity"":0,""pause_duration"":0,""steps"":62,""distance"":44.51000213623,""metcumul"":8.6800003051758}",,2024-10-11T22:26:50-07:00
2024-09-15T18:30:00-07:00,2024-09-15T18:39:00-07:00,,,America/Los_Angeles,Walking,"{""calories"":18.960000991821,""effduration"":540,""intensity"":0,""pause_duration"":0,""steps"":873,""distance"":549.47998046875,""metcumul"":37.029998779297}",,2024-10-11T22:26:51-07:00
2024-09-21T17:49:00-07:00,2024-09-21T18:00:00-07:00,,,America/Los_Angeles,Walking,"{""calories"":17.479999542236,""effduration"":600,""intensity"":0,""pause_duration"":0,""steps"":944,""distance"":614.08996582031,""metcumul"":36.930000305176}",,2024-10-11T22:26:53-07:00
2024-09-22T14:02:00-07:00,2024-09-22T14:19:00-07:00,,,America/Los_Angeles,Walking,"{""calories"":29.590003967285,""effduration"":1020,""intensity"":0,""pause_duration"":0,""steps"":1553,""distance"":1038.9299316406,""metcumul"":61.419998168945}",,2024-10-11T22:26:54-07:00
2024-09-22T16:10:00-07:00,2024-09-22T16:27:00-07:00,,,America/Los_Angeles,Walking,"{""calories"":27.430000305176,""effduration"":900,""intensity"":0,""pause_duration"":0,""steps"":1431,""distance"":963.13012695312,""metcumul"":56.180000305176}",,2024-10-11T22:26:54-07:00
2024-09-23T16:02:00-07:00,2024-09-23T16:12:00-07:00,,,America/Los_Angeles,Walking,"{""calories"":13.960000038147,""effduration"":540,""intensity"":0,""pause_duration"":0,""steps"":711,""distance"":489.7200012207,""metcumul"":29.440000534058}",,2024-10-11T22:26:55-07:00
2024-09-23T18:48:00-07:00,2024-09-23T19:01:00-07:00,,,America/Los_Angeles,Walking,"{""calories"":18.39999961853,""effduration"":720,""intensity"":0,""pause_duration"":0,""steps"":916,""distance"":646.01007080078,""metcumul"":38.650001525879}",,2024-10-11T22:26:55-07:00
2024-09-24T18:48:00-07:00,2024-09-24T18:58:00-07:00,,,America/Los_Angeles,Walking,"{""calories"":12.779999732971,""effduration"":540,""intensity"":0,""pause_duration"":0,""steps"":703,""distance"":449.0700378418,""metcumul"":28.690000534058}",,2024-10-11T22:26:56-07:00
2024-09-26T15:25:00-07:00,2024-09-26T15:33:00-07:00,,,America/Los_Angeles,Walking,"{""calories"":12.119999885559,""effduration"":420,""intensity"":0,""pause_duration"":0,""steps"":605,""distance"":418.53997802734,""metcumul"":24.420000076294}",,2024-10-11T22:26:57-07:00
2024-09-26T16:10:00-07:00,2024-09-26T16:19:00-07:00,,,America/Los_Angeles,Walking,"{""calories"":14.249999046326,""effduration"":480,""intensity"":0,""pause_duration"":0,""steps"":709,""distance"":500.05001831055,""metcumul"":28.669998168945}",,2024-10-11T22:26:57-07:00
2024-09-29T14:56:00-07:00,2024-09-29T15:07:00-07:00,,,America/Los_Angeles,Cycling,"{""calories"":91.116691589355,""effduration"":360,""intensity"":0,""pause_duration"":0,""metcumul"":6}",,2024-10-12T21:16:02-07:00
2024-09-29T17:05:00-07:00,2024-09-29T17:13:00-07:00,,,America/Los_Angeles,Walking,"{""calories"":9.8000001907349,""effduration"":420,""intensity"":0,""pause_duration"":0,""steps"":513,""distance"":329.92999267578,""metcumul"":21.470001220703}",,2024-10-12T21:16:02-07:00
2024-09-29T22:14:00-07:00,2024-09-29T22:26:00-07:00,,,America/Los_Angeles,Cycling,"{""calories"":99.400024414062,""effduration"":420,""intensity"":0,""pause_duration"":0,""metcumul"":7}",,2024-10-12T21:16:03-07:00
2024-10-01T12:14:00-07:00,2024-10-01T12:21:00-07:00,,,America/Los_Angeles,Walking,"{""calories"":11.579998970032,""effduration"":420,""intensity"":0,""pause_duration"":0,""steps"":605,""distance"":405.21997070312,""metcumul"":24.270000457764}",,2024-10-12T21:16:04-07:00
2024-10-01T18:43:00-07:00,2024-10-01T19:04:00-07:00,,,America/Los_Angeles,Cycling,"{""calories"":173.95004272461,""effduration"":960,""intensity"":0,""hr_average"":94,""hr_min"":91,""hr_max"":99,""hr_zone_0"":0,""hr_zone_1"":642,""hr_zone_2"":0,""hr_zone_3"":0,""pause_duration"":0,""metcumul"":16}",,2024-10-12T21:16:04-07:00
2024-10-01T19:56:00-07:00,2024-10-01T20:04:00-07:00,,,America/Los_Angeles,Walking,"{""calories"":15.099999427795,""effduration"":480,""intensity"":0,""hr_average"":100,""hr_min"":85,""hr_max"":119,""hr_zone_0"":72,""hr_zone_1"":568,""hr_zone_2"":0,""hr_zone_3"":0,""pause_duration"":0,""steps"":778,""distance"":529.68005371094,""metcumul"":30.369998931885}",,2024-10-12T21:16:05-07:00
2024-10-04T15:30:02-07:00,2024-10-04T16:39:01-07:00,,,America/Los_Angeles,Zumba,"{""calories"":503.51690673828,""effduration"":543,""intensity"":50,""device_startdate"":1728081002,""device_enddate"":1728085141,""pause_duration"":106,""steps"":216,""distance"":154.15399169922,""metcumul"":32.407001495361}",,2024-10-28T20:13:42-07:00
2024-10-04T15:30:02-07:00,2024-10-04T16:39:01-07:00,,,America/Los_Angeles,Zumba,{},,2024-10-04T16:39:07-07:00
2024-10-10T19:11:00-07:00,2024-10-10T19:21:00-07:00,,,America/Los_Angeles,Walking,"{""calories"":10.420000076294,""effduration"":480,""intensity"":0,""pause_duration"":0,""steps"":548,""distance"":366.29000854492,""metcumul"":23.529998779297}",,2024-10-24T20:04:50-07:00
2024-10-06T16:13:00-07:00,2024-10-06T16:20:00-07:00,,,America/Los_Angeles,Walking,"{""calories"":8.4899997711182,""effduration"":420,""intensity"":0,""pause_duration"":0,""steps"":469,""distance"":297.61999511719,""metcumul"":19.919998168945}",,2024-10-24T20:04:49-07:00
2024-10-11T19:15:00-07:00,2024-10-11T19:42:00-07:00,,,America/Los_Angeles,Walking,"{""calories"":32.479999542236,""effduration"":1560,""intensity"":0,""pause_duration"":0,""steps"":1771,""distance"":1142.5200195312,""metcumul"":75.999000549316}",,2024-10-24T20:04:51-07:00
2024-10-12T13:39:00-07:00,2024-10-12T13:52:00-07:00,,,America/Los_Angeles,Walking,"{""calories"":16.279998779297,""effduration"":720,""intensity"":0,""pause_duration"":0,""steps"":753,""distance"":481.94003295898,""metcumul"":35.569999694824}",,2024-10-28T20:13:42-07:00
2024-10-12T21:01:00-07:00,2024-10-12T21:14:00-07:00,,,America/Los_Angeles,Walking,"{""calories"":15.879998207092,""effduration"":540,""intensity"":0,""hr_average"":64,""hr_min"":55,""hr_max"":77,""hr_zone_0"":672,""hr_zone_1"":0,""hr_zone_2"":0,""hr_zone_3"":0,""pause_duration"":0,""steps"":800,""distance"":524.48004150391,""metcumul"":32.819999694824}",,2024-10-28T20:13:43-07:00
2024-10-17T15:11:00-07:00,2024-10-17T15:22:00-07:00,,,America/Los_Angeles,Walking,"{""calories"":20.562999725342,""effduration"":702,""intensity"":0,""pause_duration"":0,""steps"":1156,""distance"":715.93603515625,""metcumul"":6.7919998168945}",,2024-10-28T20:15:00-07:00
2024-10-17T15:37:00-07:00,2024-10-17T15:53:00-07:00,,,America/Los_Angeles,Walking,"{""calories"":21.97200012207,""effduration"":945,""intensity"":0,""hr_average"":125,""hr_min"":109,""hr_max"":140,""hr_zone_0"":0,""hr_zone_1"":225,""hr_zone_2"":395,""hr_zone_3"":0,""pause_duration"":0,""steps"":1237,""distance"":764.83099365234,""metcumul"":5.0780000686646}",,2024-10-28T20:15:00-07:00
2024-10-17T16:52:00-07:00,2024-10-17T17:02:00-07:00,,,America/Los_Angeles,Walking,"{""calories"":21.429000854492,""effduration"":621,""intensity"":0,""pause_duration"":0,""steps"":1165,""distance"":737.88500976562,""metcumul"":10.204000473022}",,2024-10-28T20:15:01-07:00
2024-10-17T17:25:00-07:00,2024-10-17T17:51:00-07:00,,,America/Los_Angeles,Walking,"{""calories"":29.220001220703,""effduration"":1542,""intensity"":0,""pause_duration"":0,""steps"":1645,""distance"":1017.0939941406,""metcumul"":6.7210001945496}",,2024-10-28T20:15:01-07:00
2024-10-20T16:19:00-07:00,2024-10-20T16:45:00-07:00,,,America/Los_Angeles,Walking,"{""calories"":28.079998016357,""effduration"":1440,""intensity"":0,""pause_duration"":0,""steps"":1485,""distance"":984.22991943359,""metcumul"":65.650001525879}",,2024-10-28T20:15:02-07:00
2024-10-20T16:59:00-07:00,2024-10-20T17:10:00-07:00,,,America/Los_Angeles,Walking,"{""calories"":16.480001449585,""effduration"":600,""intensity"":0,""pause_duration"":0,""steps"":854,""distance"":572.00994873047,""metcumul"":34.450000762939}",,2024-10-28T20:15:02-07:00
2024-10-24T18:59:15-07:00,2024-10-24T19:59:29-07:00,,,America/Los_Angeles,Zumba,"{""calories"":439.6496887207,""effduration"":420,""intensity"":50,""hr_average"":93,""hr_min"":46,""hr_max"":159,""hr_zone_0"":933,""hr_zone_1"":2414,""hr_zone_2"":171,""hr_zone_3"":23,""device_startdate"":1729821555,""device_enddate"":1729825169,""pause_duration"":7,""steps"":211,""distance"":145.92999267578,""metcumul"":12.659999847412}",,2024-10-24T20:04:56-07:00
2024-10-24T18:59:15-07:00,2024-10-24T19:59:29-07:00,,,America/Los_Angeles,Zumba,{},,2024-10-24T20:04:56-07:00
2024-10-24T20:00:00-07:00,2024-10-24T20:15:00-07:00,,,America/Los_Angeles,Walking,"{""calories"":17.200000762939,""effduration"":840,""intensity"":0,""pause_duration"":0,""steps"":820,""distance"":542.32000732422,""metcumul"":38.809997558594}",,2024-10-28T20:15:03-07:00
2024-10-31T13:21:00-07:00,2024-10-31T13:30:00-07:00,,,America/Los_Angeles,Walking,"{""calories"":10.840000152588,""effduration"":360,""intensity"":0,""pause_duration"":0,""steps"":550,""distance"":380.36996459961,""metcumul"":22.010000228882}",,2024-11-06T21:57:28-08:00
2024-10-31T15:57:00-07:00,2024-10-31T16:07:00-07:00,,,America/Los_Angeles,Walking,"{""calories"":17.729999542236,""effduration"":600,""intensity"":0,""pause_duration"":0,""steps"":904,""distance"":622.05004882812,""metcumul"":36.119998931885}",,2024-11-06T21:57:28-08:00
2024-11-01T18:02:00-07:00,2024-11-01T18:08:00-07:00,,,America/Los_Angeles,Walking,"{""calories"":7.0199999809265,""effduration"":300,""intensity"":0,""pause_duration"":0,""steps"":346,""distance"":241.87998962402,""metcumul"":15.059999465942}",,2024-11-06T21:57:28-08:00
2024-11-04T15:23:00-08:00,2024-11-04T15:49:00-08:00,,,America/Los_Angeles,Cycling,"{""calories"":215.15744018555,""effduration"":1020,""intensity"":0,""pause_duration"":0,""steps"":43,""distance"":29.229999542236,""metcumul"":18.040000915527}",,2024-11-14T18:05:46-08:00
2024-11-05T12:16:00-08:00,2024-11-05T12:26:00-08:00,,,America/Los_Angeles,Walking,"{""calories"":13.059999465942,""effduration"":540,""intensity"":0,""pause_duration"":0,""steps"":659,""distance"":449.91000366211,""metcumul"":28.079998016357}",,2024-11-14T18:05:46-08:00
2024-11-09T16:58:00-08:00,2024-11-09T17:43:00-08:00,,,America/Los_Angeles,Walking,"{""calories"":65.419998168945,""effduration"":2520,""intensity"":0,""hr_average"":139,""hr_min"":107,""hr_max"":174,""hr_zone_0"":0,""hr_zone_1"":436,""hr_zone_2"":905,""hr_zone_3"":501,""pause_duration"":0,""steps"":3492,""distance"":2360.3103027344,""metcumul"":138.83999633789}",,2024-11-14T18:05:47-08:00
2024-11-09T17:48:00-08:00,2024-11-09T18:01:00-08:00,,,America/Los_Angeles,Walking,"{""calories"":12.110149383545,""effduration"":669,""intensity"":0,""pause_duration"":0,""steps"":710,""distance"":472.42565917969,""metcumul"":27.466064453125}",,2024-11-14T18:05:47-08:00
2024-11-10T13:03:00-08:00,2024-11-10T13:21:00-08:00,,,America/Los_Angeles,Cycling,"{""calories"":148.95515441895,""effduration"":600,""intensity"":0,""pause_duration"":0,""steps"":62,""distance"":46.079998016357,""metcumul"":11.969999313354}",,2024-11-14T18:05:48-08:00
2024-11-10T14:40:00-08:00,2024-11-10T14:51:00-08:00,,,America/Los_Angeles,Cycling,"{""calories"":91.028144836426,""effduration"":360,""intensity"":0,""pause_duration"":0,""metcumul"":6}",,2024-11-14T18:05:48-08:00
2024-11-10T15:50:00-08:00,2024-11-10T15:58:00-08:00,,,America/Los_Angeles,Walking,"{""calories"":11,""effduration"":360,""intensity"":0,""pause_duration"":0,""steps"":564,""distance"":389.26998901367,""metcumul"":22.289999008179}",,2024-11-14T18:05:49-08:00
2024-11-10T16:47:00-08:00,2024-11-10T16:59:00-08:00,,,America/Los_Angeles,Walking,"{""calories"":21.150001525879,""effduration"":720,""intensity"":0,""pause_duration"":0,""steps"":1172,""distance"":814.33996582031,""metcumul"":42.880001068115}",,2024-11-14T18:05:49-08:00
2024-11-11T14:39:00-08:00,2024-11-11T14:49:00-08:00,,,America/Los_Angeles,Cycling,"{""calories"":82.752861022949,""effduration"":421,""intensity"":0,""pause_duration"":0,""steps"":30,""distance"":21.670000076294,""metcumul"":7.9900002479553}",,2024-11-14T18:05:50-08:00
2024-11-18T15:09:00-08:00,2024-11-18T15:17:00-08:00,,,America/New_York,Walking,"{""calories"":11.41631603241,""effduration"":475,""intensity"":0,""pause_duration"":0,""steps"":643,""distance"":398.23089599609,""metcumul"":6.1900448799133}",,2024-11-21T12:13:41-08:00
2024-11-21T10:10:00-08:00,2024-11-21T10:27:00-08:00,,,America/Los_Angeles,Walking,"{""calories"":12.652412414551,""effduration"":601,""intensity"":0,""pause_duration"":0,""steps"":713,""distance"":440.84426879883,""metcumul"":2.3203320503235}",,2024-12-11T20:59:40-08:00
2024-11-20T09:55:00-08:00,2024-11-20T10:06:00-08:00,,,America/New_York,Cycling,"{""calories"":91.028144836426,""effduration"":300,""intensity"":0,""pause_duration"":0,""steps"":21,""distance"":13.719999313354,""metcumul"":5.4800000190735}",,2024-11-21T12:13:42-08:00
2024-11-20T21:33:00-08:00,2024-11-20T21:56:00-08:00,,,America/Los_Angeles,Walking,"{""calories"":30.801691055298,""effduration"":1331,""intensity"":0,""pause_duration"":0,""steps"":1584,""distance"":1062.1270751953,""metcumul"":66.535339355469}",,2024-12-11T20:59:39-08:00
2024-11-21T12:41:00-08:00,2024-11-21T13:19:00-08:00,,,America/Los_Angeles,Walking,"{""calories"":62.78999710083,""effduration"":2220,""intensity"":0,""pause_duration"":0,""steps"":3043,""distance"":2102.33984375,""metcumul"":128.76000976562}",,2024-12-11T20:59:40-08:00
2024-11-22T11:06:00-08:00,2024-11-22T12:02:00-08:00,,,America/Los_Angeles,Walking,"{""calories"":87.670013427734,""effduration"":3240,""intensity"":0,""pause_duration"":0,""steps"":4392,""distance"":3081.1994628906,""metcumul"":179.84997558594}",,2024-12-11T20:59:41-08:00
2024-11-22T13:52:00-08:00,2024-11-22T14:11:00-08:00,,,America/Los_Angeles,Walking,"{""calories"":21.709999084473,""effduration"":900,""intensity"":0,""pause_duration"":0,""steps"":1089,""distance"":738.5,""metcumul"":46.799999237061}",,2024-12-11T20:59:41-08:00
2024-11-22T15:43:00-08:00,2024-11-22T16:09:00-08:00,,,America/Los_Angeles,Walking,"{""calories"":38.240001678467,""effduration"":1440,""intensity"":0,""pause_duration"":0,""steps"":1967,""distance"":1368.5902099609,""metcumul"":79.700004577637}",,2024-12-11T20:59:41-08:00
2024-11-22T19:32:00-08:00,2024-11-22T19:56:00-08:00,,,America/Los_Angeles,Walking,"{""calories"":32.989673614502,""effduration"":1461,""intensity"":0,""pause_duration"":0,""steps"":1721,""distance"":1153.2056884766,""metcumul"":64.852493286133}",,2024-12-11T20:59:42-08:00
2024-11-23T11:03:00-08:00,2024-11-23T11:36:00-08:00,,,America/Los_Angeles,Walking,"{""calories"":45.439998626709,""effduration"":1741,""intensity"":0,""pause_duration"":0,""steps"":2159,""distance"":1500.7701416016,""metcumul"":94.259994506836}",,2024-12-18T12:08:34-08:00
2024-11-23T12:16:00-08:00,2024-11-23T12:33:00-08:00,,,America/Los_Angeles,Walking,"{""calories"":29.330001831055,""effduration"":900,""intensity"":0,""hr_average"":113,""hr_min"":110,""hr_max"":117,""hr_zone_0"":0,""hr_zone_1"":691,""hr_zone_2"":0,""hr_zone_3"":0,""pause_duration"":0,""steps"":1414,""distance"":958.28002929688,""metcumul"":57.980003356934}",,2024-12-18T12:08:35-08:00
2024-11-23T12:53:00-08:00,2024-11-23T13:01:00-08:00,,,America/Los_Angeles,Walking,"{""calories"":10.170000076294,""effduration"":420,""intensity"":0,""pause_duration"":0,""steps"":516,""distance"":352.7200012207,""metcumul"":21.950000762939}",,2024-12-18T12:08:35-08:00
2024-11-23T13:14:00-08:00,2024-11-23T13:39:00-08:00,,,America/Los_Angeles,Walking,"{""calories"":35.229999542236,""effduration"":1380,""intensity"":0,""hr_average"":104,""hr_min"":99,""hr_max"":112,""hr_zone_0"":0,""hr_zone_1"":662,""hr_zone_2"":0,""hr_zone_3"":0,""pause_duration"":0,""steps"":1726,""distance"":1144.2501220703,""metcumul"":75.159996032715}",,2024-12-18T12:08:35-08:00
2024-11-23T14:22:00-08:00,2024-11-23T14:55:00-08:00,,,America/Los_Angeles,Walking,"{""calories"":49.419998168945,""effduration"":1920,""intensity"":0,""pause_duration"":0,""steps"":2467,""distance"":1710.1900634766,""metcumul"":103.43000030518}",,2024-12-18T12:08:36-08:00
2024-11-23T18:00:00-08:00,2024-11-23T18:12:00-08:00,,,America/Los_Angeles,Walking,"{""calories"":15.089999198914,""effduration"":659,""intensity"":0,""hr_average"":72,""hr_min"":58,""hr_max"":89,""hr_zone_0"":589,""hr_zone_1"":58,""hr_zone_2"":0,""hr_zone_3"":0,""pause_duration"":0,""steps"":793,""distance"":545.88000488281,""metcumul"":33.119998931885}",,2024-12-18T12:08:36-08:00
2024-11-24T09:57:00-08:00,2024-11-24T10:15:00-08:00,,,America/Los_Angeles,Walking,"{""calories"":28.549999237061,""effduration"":1020,""intensity"":0,""pause_duration"":0,""steps"":1405,""distance"":989.75994873047,""metcumul"":58.569999694824}",,2024-12-23T21:21:30-08:00
2024-11-24T11:07:00-08:00,2024-11-24T11:21:00-08:00,,,America/Los_Angeles,Walking,"{""calories"":21.950000762939,""effduration"":660,""intensity"":0,""pause_duration"":0,""steps"":981,""distance"":704.55004882812,""metcumul"":41.959999084473}",,2024-12-23T21:21:30-08:00
2024-11-24T12:52:00-08:00,2024-11-24T12:59:00-08:00,,,America/Los_Angeles,Walking,"{""calories"":14.179999351501,""effduration"":360,""intensity"":0,""pause_duration"":0,""steps"":649,""distance"":483.40997314453,""metcumul"":25.800001144409}",,2024-12-23T21:21:31-08:00
2024-11-24T13:31:00-08:00,2024-11-24T14:26:00-08:00,,,America/Los_Angeles,Walking,"{""calories"":68.419990539551,""effduration"":2580,""intensity"":0,""hr_average"":105,""hr_min"":93,""hr_max"":114,""hr_zone_0"":0,""hr_zone_1"":2466,""hr_zone_2"":0,""hr_zone_3"":0,""pause_duration"":0,""steps"":3385,""distance"":2314.1196289062,""metcumul"":143.50999450684}",,2024-12-23T21:21:31-08:00
2024-11-24T16:03:00-08:00,2024-11-24T16:34:00-08:00,,,America/Los_Angeles,Walking,"{""calories"":46.859996795654,""effduration"":1680,""intensity"":0,""hr_average"":83,""hr_min"":49,""hr_max"":116,""hr_zone_0"":668,""hr_zone_1"":578,""hr_zone_2"":0,""hr_zone_3"":0,""pause_duration"":0,""steps"":2296,""distance"":1534.8199462891,""metcumul"":97.23999786377}",,2024-12-23T21:21:31-08:00
2024-11-24T16:39:00-08:00,2024-11-24T16:44:00-08:00,,,America/Los_Angeles,Walking,"{""calories"":3.9000000953674,""effduration"":240,""intensity"":0,""hr_average"":97,""hr_min"":95,""hr_max"":101,""hr_zone_0"":0,""hr_zone_1"":1276,""hr_zone_2"":0,""hr_zone_3"":0,""pause_duration"":0,""steps"":166,""distance"":108.93000793457,""metcumul"":9.5200004577637}",,2024-12-23T21:21:32-08:00
2024-11-24T16:49:00-08:00,2024-11-24T17:02:00-08:00,,,America/Los_Angeles,Walking,"{""calories"":25.039999008179,""effduration"":720,""intensity"":0,""pause_duration"":0,""steps"":1189,""distance"":826.19012451172,""metcumul"":48.379997253418}",,2024-12-23T21:21:32-08:00
2024-11-24T17:15:00-08:00,2024-11-24T17:23:00-08:00,,,America/Los_Angeles,Walking,"{""calories"":11.090000152588,""effduration"":420,""intensity"":0,""pause_duration"":0,""steps"":542,""distance"":369.71002197266,""metcumul"":23.040000915527}",,2024-12-23T21:21:32-08:00
2024-11-24T18:33:00-08:00,2024-11-24T18:59:00-08:00,,,America/Los_Angeles,Walking,"{""calories"":40.139999389648,""effduration"":1440,""intensity"":0,""pause_duration"":0,""steps"":2159,""distance"":1467.5598144531,""metcumul"":84}",,2024-12-23T21:21:33-08:00
2024-11-29T18:43:00-08:00,2024-11-29T18:48:00-08:00,,,America/Los_Angeles,Walking,"{""calories"":6.7964587211609,""effduration"":252,""intensity"":0,""pause_duration"":0,""steps"":383,""distance"":236.80694580078,""metcumul"":2.6914782524109}",,2024-12-23T21:21:34-08:00
2024-11-30T16:33:00-08:00,2024-11-30T16:59:00-08:00,,,America/Los_Angeles,Walking,"{""calories"":36.156608581543,""effduration"":1532,""intensity"":0,""pause_duration"":0,""steps"":2036,""distance"":1260.7899169922,""metcumul"":12.941354751587}",,2024-12-23T21:21:34-08:00
2024-12-06T19:32:00-08:00,2024-12-06T19:40:00-08:00,,,America/Los_Angeles,Walking,"{""calories"":14.940000534058,""effduration"":480,""intensity"":0,""pause_duration"":0,""steps"":789,""distance"":528.26995849609,""metcumul"":30.680000305176}",,2024-12-23T21:21:34-08:00
2024-12-11T18:57:00-08:00,2024-12-11T19:05:00-08:00,,,America/Los_Angeles,Walking,"{""calories"":11.580473899841,""effduration"":425,""intensity"":0,""pause_duration"":0,""steps"":646,""distance"":399.41848754883,""metcumul"":2.6916546821594}",,2024-12-23T21:21:36-08:00
2024-12-11T20:01:00-08:00,2024-12-11T20:12:00-08:00,,,America/Los_Angeles,Walking,"{""calories"":15.631847381592,""effduration"":563,""intensity"":0,""pause_duration"":0,""steps"":872,""distance"":539.15313720703,""metcumul"":5.0805912017822}",,2024-12-23T21:21:36-08:00
2024-12-11T19:41:29-08:00,2024-12-11T20:41:29-08:00,,,America/Los_Angeles,Zumba,"{""calories"":443.59799194336,""intensity"":30,""manual_distance"":0,""manual_calories"":382,""pause_duration"":0,""distance"":539.15313720703,""metcumul"":5.0805912017822}",,2024-12-11T21:02:47-08:00
2024-12-11T21:01:39-08:00,2024-12-11T21:01:57-08:00,,,America/Los_Angeles,Zumba,"{""calories"":2.3035078048706,""effduration"":0,""intensity"":50,""device_startdate"":1733979699,""device_enddate"":1733979717,""pause_duration"":0,""metcumul"":0}",,2024-12-23T21:21:37-08:00
2024-12-12T11:31:00-08:00,2024-12-12T11:41:00-08:00,,,America/Los_Angeles,Walking,"{""calories"":13.37843132019,""effduration"":592,""intensity"":0,""pause_duration"":0,""steps"":741,""distance"":462.11224365234,""metcumul"":11.43009853363}",,2024-12-23T21:21:38-08:00
2024-12-12T15:43:00-08:00,2024-12-12T15:53:00-08:00,,,America/Los_Angeles,Walking,"{""calories"":16.884540557861,""effduration"":609,""intensity"":0,""pause_duration"":0,""steps"":932,""distance"":584.11248779297,""metcumul"":8.3752975463867}",,2024-12-23T21:21:38-08:00
2024-12-12T18:39:00-08:00,2024-12-12T18:51:00-08:00,,,America/Los_Angeles,Walking,"{""calories"":18.770000457764,""effduration"":660,""intensity"":0,""pause_duration"":0,""steps"":923,""distance"":659.04992675781,""metcumul"":37.159999847412}",,2024-12-23T21:21:38-08:00
2024-12-19T11:56:00-08:00,2024-12-19T12:01:00-08:00,,,America/Los_Angeles,Walking,"{""calories"":8.2800006866455,""effduration"":300,""intensity"":0,""pause_duration"":0,""steps"":425,""distance"":287.95001220703,""metcumul"":17.280000686646}",,2025-01-01T06:37:39-08:00
2024-12-21T21:57:00-08:00,2024-12-21T22:18:00-08:00,,,America/Los_Angeles,Cycling,"{""calories"":175.07653808594,""effduration"":660,""intensity"":0,""pause_duration"":0,""metcumul"":11}",,2025-01-01T06:37:39-08:00
2024-12-24T16:10:00-08:00,2024-12-24T16:18:00-08:00,,,America/Los_Angeles,Walking,"{""calories"":14.790000915527,""effduration"":420,""intensity"":0,""pause_duration"":0,""steps"":719,""distance"":488.67001342773,""metcumul"":28.640001296997}",,2025-01-01T06:37:39-08:00
2024-12-24T16:56:00-08:00,2024-12-24T17:07:00-08:00,,,America/Los_Angeles,Walking,"{""calories"":14.260000228882,""effduration"":600,""intensity"":0,""pause_duration"":0,""steps"":722,""distance"":496.96002197266,""metcumul"":30.560001373291}",,2025-01-01T06:37:39-08:00
2024-12-26T18:45:00-08:00,2024-12-26T18:53:00-08:00,,,America/Los_Angeles,Walking,"{""calories"":13.529998779297,""effduration"":360,""intensity"":0,""pause_duration"":0,""steps"":656,""distance"":457.9700012207,""metcumul"":25.540000915527}",,2025-01-01T06:37:39-08:00
2024-12-27T15:46:00-08:00,2024-12-27T15:53:00-08:00,,,America/Los_Angeles,Walking,"{""calories"":10.599999427795,""effduration"":420,""intensity"":0,""pause_duration"":0,""steps"":525,""distance"":359.91998291016,""metcumul"":22.130001068115}",,2025-01-01T06:37:39-08:00
2024-12-28T16:42:00-08:00,2024-12-28T17:04:00-08:00,,,America/Los_Angeles,Walking,"{""calories"":29.890001296997,""effduration"":1020,""intensity"":0,""hr_average"":98,""hr_min"":81,""hr_max"":112,""hr_zone_0"":100,""hr_zone_1"":596,""hr_zone_2"":0,""hr_zone_3"":0,""pause_duration"":0,""steps"":1514,""distance"":1009.4099121094,""metcumul"":61.399997711182}",,2025-01-01T06:37:39-08:00
2024-12-29T20:40:00-08:00,2024-12-29T20:55:00-08:00,,,Europe/Paris,Cycling,"{""calories"":125.05466461182,""effduration"":480,""intensity"":0,""pause_duration"":0,""steps"":16,""distance"":12.069999694824,""metcumul"":8.5100002288818}",,2025-01-01T06:37:40-08:00
2024-12-31T16:25:00-08:00,2024-12-31T16:44:00-08:00,,,America/Los_Angeles,Walking,"{""calories"":19.939998626709,""effduration"":1020,""intensity"":0,""hr_average"":90,""hr_min"":69,""hr_max"":109,""hr_zone_0"":247,""hr_zone_1"":380,""hr_zone_2"":0,""hr_zone_3"":0,""pause_duration"":0,""steps"":1041,""distance"":684.2099609375,""metcumul"":46.490001678467}",,2025-01-16T06:58:45-08:00
2025-01-01T08:47:00-08:00,2025-01-01T09:03:00-08:00,,,America/Los_Angeles,Walking,"{""calories"":16.530000686646,""effduration"":840,""intensity"":0,""pause_duration"":0,""steps"":878,""distance"":576.40997314453,""metcumul"":38.569995880127}",,2025-01-16T06:58:47-08:00
2025-01-01T23:53:00-08:00,2025-01-02T00:13:00-08:00,,,America/Los_Angeles,Walking,"{""calories"":27.950000762939,""effduration"":1140,""intensity"":0,""pause_duration"":0,""steps"":1413,""distance"":948.94000244141,""metcumul"":59.170001983643}",,2025-01-16T06:58:48-08:00
2025-01-02T23:16:00-08:00,2025-01-02T23:44:00-08:00,,,America/Los_Angeles,Walking,"{""calories"":47.120002746582,""effduration"":1680,""intensity"":0,""hr_average"":98,""hr_min"":90,""hr_max"":107,""hr_zone_0"":0,""hr_zone_1"":1219,""hr_zone_2"":0,""hr_zone_3"":0,""pause_duration"":0,""steps"":2372,""distance"":1608.4299316406,""metcumul"":95.229995727539}",,2025-01-16T06:58:49-08:00
2025-01-03T00:19:00-08:00,2025-01-03T00:43:00-08:00,,,America/Los_Angeles,Walking,"{""calories"":28.659999847412,""effduration"":1380,""intensity"":0,""pause_duration"":0,""steps"":1353,""distance"":869.46002197266,""metcumul"":64.110000610352}",,2025-01-16T06:58:51-08:00
2025-01-03T07:07:00-08:00,2025-01-03T07:31:00-08:00,,,America/Los_Angeles,Walking,"{""calories"":31.479999542236,""effduration"":1440,""intensity"":0,""pause_duration"":0,""steps"":1605,""distance"":1065.6999511719,""metcumul"":69.880004882812}",,2025-01-16T06:58:52-08:00
2025-01-03T09:14:00-08:00,2025-01-03T09:47:00-08:00,,,America/Los_Angeles,Walking,"{""calories"":58.73999786377,""effduration"":1860,""intensity"":0,""pause_duration"":0,""steps"":2925,""distance"":1993.1098632812,""metcumul"":117.13999176025}",,2025-01-16T06:58:52-08:00
2025-01-04T05:31:00-08:00,2025-01-04T05:47:00-08:00,,,America/Los_Angeles,Walking,"{""calories"":24.340003967285,""effduration"":900,""intensity"":0,""pause_duration"":0,""steps"":1265,""distance"":835.27001953125,""metcumul"":51.280002593994}",,2025-01-16T06:58:54-08:00
2025-01-04T06:14:00-08:00,2025-01-04T06:27:00-08:00,,,America/Los_Angeles,Walking,"{""calories"":27.110000610352,""effduration"":720,""intensity"":0,""pause_duration"":0,""steps"":1305,""distance"":903.66003417969,""metcumul"":51.25}",,2025-01-16T06:58:55-08:00
2025-01-06T02:40:00-08:00,2025-01-06T02:45:00-08:00,,,America/Los_Angeles,Walking,"{""calories"":9.3699998855591,""effduration"":300,""intensity"":0,""pause_duration"":0,""steps"":466,""distance"":325.51998901367,""metcumul"":18.470001220703}",,2025-01-16T06:58:57-08:00
2025-01-06T03:25:00-08:00,2025-01-06T03:41:00-08:00,,,America/Los_Angeles,Walking,"{""calories"":23.14999961853,""effduration"":960,""intensity"":0,""pause_duration"":0,""steps"":1093,""distance"":701.83001708984,""metcumul"":49.26000213623}",,2025-01-16T06:58:58-08:00
2025-01-06T04:48:00-08:00,2025-01-06T05:10:00-08:00,,,America/Los_Angeles,Walking,"{""calories"":26.219997406006,""effduration"":1140,""intensity"":0,""pause_duration"":0,""steps"":1364,""distance"":902.06005859375,""metcumul"":57.599998474121}",,2025-01-16T06:58:58-08:00
2025-01-07T04:10:00-08:00,2025-01-07T04:17:00-08:00,,,America/Los_Angeles,Walking,"{""calories"":11.390000343323,""effduration"":360,""intensity"":0,""pause_duration"":0,""steps"":536,""distance"":367.13000488281,""metcumul"":22.219999313354}",,2025-01-16T06:59:00-08:00
2025-01-07T04:36:00-08:00,2025-01-07T04:42:00-08:00,,,America/Los_Angeles,Walking,"{""calories"":11.319999694824,""effduration"":360,""intensity"":0,""pause_duration"":0,""steps"":572,""distance"":390.36999511719,""metcumul"":22.640001296997}",,2025-01-16T06:59:01-08:00
2025-01-07T06:38:00-08:00,2025-01-07T07:03:00-08:00,,,America/Los_Angeles,Walking,"{""calories"":42.410003662109,""effduration"":1500,""intensity"":0,""pause_duration"":0,""steps"":2200,""distance"":1474.9599609375,""metcumul"":87.17000579834}",,2025-01-16T06:59:02-08:00
2025-01-08T01:18:00-08:00,2025-01-08T01:28:00-08:00,,,America/Los_Angeles,Walking,"{""calories"":19.920000076294,""effduration"":600,""intensity"":0,""pause_duration"":0,""steps"":988,""distance"":668.53002929688,""metcumul"":39.340000152588}",,2025-01-16T06:59:04-08:00
2025-01-08T03:13:00-08:00,2025-01-08T03:19:00-08:00,,,America/Los_Angeles,Walking,"{""calories"":10.960000038147,""effduration"":360,""intensity"":0,""pause_duration"":0,""steps"":524,""distance"":366.65002441406,""metcumul"":21.439998626709}",,2025-01-16T06:59:05-08:00
2025-01-09T00:03:00-08:00,2025-01-09T00:33:00-08:00,,,America/Los_Angeles,Walking,"{""calories"":32.630001068115,""effduration"":1500,""intensity"":0,""pause_duration"":0,""steps"":1658,""distance"":1104.7099609375,""metcumul"":71.850006103516}",,2025-01-16T08:47:24-08:00
2025-01-09T03:47:00-08:00,2025-01-09T03:54:00-08:00,,,America/Los_Angeles,Walking,"{""calories"":10.159999847412,""effduration"":360,""intensity"":0,""pause_duration"":0,""steps"":517,""distance"":336,""metcumul"":21.180000305176}",,2025-01-16T08:47:24-08:00
2025-01-11T01:09:00-08:00,2025-01-11T01:23:00-08:00,,,America/Los_Angeles,Walking,"{""calories"":17.059999465942,""effduration"":780,""intensity"":0,""pause_duration"":0,""steps"":859,""distance"":571.69006347656,""metcumul"":37.869998931885}",,2025-01-16T13:01:17-08:00
2025-01-11T05:18:00-08:00,2025-01-11T05:30:00-08:00,,,America/Los_Angeles,Walking,"{""calories"":22.809997558594,""effduration"":720,""intensity"":0,""pause_duration"":0,""steps"":1118,""distance"":755.10003662109,""metcumul"":45.259998321533}",,2025-01-16T13:01:17-08:00
2025-01-11T15:35:00-08:00,2025-01-11T15:42:00-08:00,,,America/Los_Angeles,Walking,"{""calories"":9.1599998474121,""effduration"":360,""intensity"":0,""pause_duration"":0,""steps"":491,""distance"":319.78002929688,""metcumul"":19.659999847412}",,2025-01-16T14:13:26-08:00
2025-01-10T04:47:00-08:00,2025-01-10T04:54:00-08:00,,,America/Los_Angeles,Walking,"{""calories"":8.9899997711182,""effduration"":360,""intensity"":0,""pause_duration"":0,""steps"":435,""distance"":305.60000610352,""metcumul"":18.840000152588}",,2025-01-16T13:01:16-08:00
2025-01-19T12:39:00-08:00,2025-01-19T12:59:00-08:00,,,America/Los_Angeles,Cycling,"{""calories"":166.82727050781,""effduration"":660,""intensity"":0,""hr_average"":90,""hr_min"":90,""hr_max"":92,""hr_zone_0"":0,""hr_zone_1"":704,""hr_zone_2"":0,""hr_zone_3"":0,""pause_duration"":0,""steps"":20,""distance"":13.779999732971,""metcumul"":11.470000267029}",,2025-01-23T17:43:59-08:00
2025-01-21T14:14:00-08:00,2025-01-21T14:21:00-08:00,,,America/Los_Angeles,Walking,"{""calories"":11.639999389648,""effduration"":420,""intensity"":0,""pause_duration"":0,""steps"":593,""distance"":401.11999511719,""metcumul"":24.039999008179}",,2025-01-23T17:43:59-08:00
2025-01-21T15:59:00-08:00,2025-01-21T16:09:00-08:00,,,America/Los_Angeles,Walking,"{""calories"":13.009998321533,""effduration"":540,""intensity"":0,""pause_duration"":0,""steps"":749,""distance"":524.23999023438,""metcumul"":27.64999961853}",,2025-01-23T17:44:00-08:00
2025-01-23T12:17:00-08:00,2025-01-23T12:26:00-08:00,,,America/Los_Angeles,Walking,"{""calories"":14.020000457764,""effduration"":540,""intensity"":0,""pause_duration"":0,""steps"":802,""distance"":546.11999511719,""metcumul"":29.419998168945}",,2025-02-01T15:17:43-08:00
2025-01-23T14:12:00-08:00,2025-01-23T14:27:00-08:00,,,America/Los_Angeles,Walking,"{""calories"":17.159999847412,""effduration"":840,""intensity"":0,""hr_average"":97,""hr_min"":88,""hr_max"":109,""hr_zone_0"":0,""hr_zone_1"":690,""hr_zone_2"":0,""hr_zone_3"":0,""pause_duration"":0,""steps"":912,""distance"":598.54998779297,""metcumul"":39.529998779297}",,2025-02-01T15:17:44-08:00
2025-01-27T15:07:00-08:00,2025-01-27T15:20:00-08:00,,,America/Los_Angeles,Cycling,"{""calories"":108.828956604,""effduration"":540,""intensity"":0,""pause_duration"":0,""steps"":24,""distance"":16.659999847412,""metcumul"":9.7700004577637}",,2025-02-01T15:17:44-08:00
2025-01-27T17:02:00-08:00,2025-01-27T17:11:00-08:00,,,America/Los_Angeles,Walking,"{""calories"":12.570000648499,""effduration"":480,""intensity"":0,""pause_duration"":0,""steps"":603,""distance"":437.85000610352,""metcumul"":25.700000762939}",,2025-02-01T15:17:44-08:00
2025-01-28T14:13:00-08:00,2025-01-28T14:21:00-08:00,,,America/Los_Angeles,Walking,"{""calories"":11.539999008179,""effduration"":480,""intensity"":0,""pause_duration"":0,""steps"":670,""distance"":454.94000244141,""metcumul"":24.619998931885}",,2025-02-01T15:17:45-08:00
2025-01-28T15:44:00-08:00,2025-01-28T15:51:00-08:00,,,America/Los_Angeles,Walking,"{""calories"":11.779999732971,""effduration"":420,""intensity"":0,""pause_duration"":0,""steps"":569,""distance"":397.07000732422,""metcumul"":23.900001525879}",,2025-02-01T15:17:46-08:00
2025-01-29T11:50:00-08:00,2025-01-29T11:59:00-08:00,,,America/Los_Angeles,Walking,"{""calories"":8.3699998855591,""effduration"":420,""intensity"":0,""pause_duration"":0,""steps"":399,""distance"":279.30004882812,""metcumul"":18.85000038147}",,2025-02-01T15:17:46-08:00
2025-01-29T17:16:00-08:00,2025-01-29T17:26:00-08:00,,,America/Los_Angeles,Walking,"{""calories"":19.039386749268,""effduration"":868,""intensity"":0,""pause_duration"":0,""steps"":999,""distance"":660.19378662109,""metcumul"":23.531986236572}",,2025-02-01T15:17:46-08:00
2025-01-29T17:38:00-08:00,2025-01-29T17:43:00-08:00,,,America/Los_Angeles,Walking,"{""calories"":10.090000152588,""effduration"":300,""intensity"":0,""pause_duration"":0,""steps"":505,""distance"":351.02001953125,""metcumul"":19.709999084473}",,2025-02-01T15:17:47-08:00
2025-01-29T17:57:00-08:00,2025-01-29T18:04:00-08:00,,,America/Los_Angeles,Walking,"{""calories"":14.582535743713,""effduration"":627,""intensity"":0,""pause_duration"":0,""steps"":884,""distance"":571.91461181641,""metcumul"":17.297731399536}",,2025-02-01T15:17:47-08:00
2025-01-30T12:19:00-08:00,2025-01-30T12:34:00-08:00,,,America/Los_Angeles,Walking,"{""calories"":14.790000915527,""effduration"":600,""intensity"":0,""pause_duration"":0,""steps"":749,""distance"":513,""metcumul"":31.569999694824}",,2025-02-01T15:17:48-08:00
2025-01-30T16:04:00-08:00,2025-01-30T16:14:00-08:00,,,America/Los_Angeles,Other,"{""calories"":92.287879943848,""effduration"":420,""intensity"":0,""pause_duration"":0,""steps"":253,""distance"":199.08999633789,""metcumul"":14.639999389648}",,2025-02-01T15:17:48-08:00
2025-02-01T14:26:00-08:00,2025-02-01T14:45:00-08:00,,,America/Los_Angeles,Cycling,"{""calories"":159.65803527832,""effduration"":660,""intensity"":0,""hr_average"":96,""hr_min"":95,""hr_max"":98,""hr_zone_0"":0,""hr_zone_1"":609,""hr_zone_2"":0,""hr_zone_3"":0,""pause_duration"":0,""steps"":6,""distance"":3.8099999427795,""metcumul"":11.130000114441}",,2025-02-08T10:47:41-08:00
2025-02-01T17:37:00-08:00,2025-02-01T17:52:00-08:00,,,America/Los_Angeles,Cycling,"{""calories"":126.04581451416,""effduration"":540,""intensity"":0,""pause_duration"":0,""metcumul"":9}",,2025-02-08T10:47:41-08:00
2025-02-03T15:11:43-08:00,2025-02-03T15:12:09-08:00,,,America/Los_Angeles,Zumba,"{""calories"":3.2203612327576,""effduration"":0,""intensity"":50,""device_startdate"":1738624303,""device_enddate"":1738624329,""pause_duration"":2,""steps"":33,""distance"":33.899974822998,""metcumul"":0}",,2025-02-03T15:16:37-08:00
2025-02-03T15:11:43-08:00,2025-02-03T15:12:09-08:00,,,America/Los_Angeles,Zumba,{},,2025-02-03T15:12:12-08:00
2025-02-03T15:13:17-08:00,2025-02-03T15:21:27-08:00,,,America/Los_Angeles,Walking,"{""calories"":9.229998588562,""effduration"":421,""intensity"":50,""device_startdate"":1738624397,""device_enddate"":1738624887,""pause_duration"":0,""steps"":335,""distance"":321.60998535156,""metcumul"":18.760000228882}","{""end_coordinate_latitude"":33.956829,""end_coordinate_longitude"":-117.332237,""region_center_latitude"":33.956714,""region_center_longitude"":-117.332145,""span_latitude_delta"":0.000297,""span_longitude_delta"":0.000289,""start_coordinate_latitude"":33.956565,""start_coordinate_longitude"":-117.332,""avg_speed"":0.28535,""distance"":139.737702,""max_speed"":0.825778,""min_speed"":0}",2025-02-03T16:22:21-08:00
2025-02-03T15:21:55-08:00,2025-02-03T15:49:10-08:00,,,America/Los_Angeles,Running,"{""calories"":12.800000190735,""effduration"":960,""intensity"":50,""hr_average"":125,""hr_min"":109,""hr_max"":138,""hr_zone_0"":0,""hr_zone_1"":299,""hr_zone_2"":1160,""hr_zone_3"":0,""device_startdate"":1738624915,""device_enddate"":1738626550,""pause_duration"":0,""steps"":544,""distance"":446.36999511719,""metcumul"":33.090000152588}","{""end_coordinate_latitude"":33.956741,""end_coordinate_longitude"":-117.332237,""region_center_latitude"":33.956735,""region_center_longitude"":-117.332324,""span_latitude_delta"":0.000232,""span_longitude_delta"":0.000236,""start_coordinate_latitude"":33.956809,""start_coordinate_longitude"":-117.33226,""avg_speed"":0.072558,""distance"":118.634243,""max_speed"":1.094571,""min_speed"":0}",2025-02-03T16:22:21-08:00
2025-02-04T12:15:00-08:00,2025-02-04T12:21:00-08:00,,,America/Los_Angeles,Walking,"{""calories"":13.182600975037,""effduration"":429,""intensity"":0,""hr_average"":102,""hr_min"":94,""hr_max"":117,""hr_zone_0"":0,""hr_zone_1"":233,""hr_zone_2"":0,""hr_zone_3"":0,""pause_duration"":0,""steps"":670,""distance"":444.07684326172,""metcumul"":16.84387588501}",,2025-02-08T18:15:29-08:00
2025-02-04T12:44:00-08:00,2025-02-04T12:49:00-08:00,,,America/Los_Angeles,Walking,"{""calories"":12.020000457764,""effduration"":300,""intensity"":0,""pause_duration"":0,""steps"":587,""distance"":418.17999267578,""metcumul"":22.340000152588}",,2025-02-08T18:15:29-08:00
2025-02-04T14:13:00-08:00,2025-02-04T14:21:00-08:00,,,America/Los_Angeles,Walking,"{""calories"":14.619999885559,""effduration"":480,""intensity"":0,""pause_duration"":0,""steps"":719,""distance"":490.64999389648,""metcumul"":29.219999313354}",,2025-02-08T18:15:30-08:00
2025-02-05T17:00:00-08:00,2025-02-05T17:05:00-08:00,,,America/Los_Angeles,Walking,"{""calories"":9.710000038147,""effduration"":300,""intensity"":0,""pause_duration"":0,""steps"":472,""distance"":330.16998291016,""metcumul"":18.989999771118}",,2025-02-08T18:15:30-08:00
2025-02-06T12:08:00-08:00,2025-02-06T12:17:00-08:00,,,America/Los_Angeles,Walking,"{""calories"":14.239999771118,""effduration"":540,""intensity"":0,""pause_duration"":0,""steps"":817,""distance"":565.45001220703,""metcumul"":29.460000991821}",,2025-02-08T18:15:30-08:00
2025-02-06T14:14:00-08:00,2025-02-06T14:21:00-08:00,,,America/Los_Angeles,Walking,"{""calories"":8.6999998092651,""effduration"":360,""intensity"":0,""pause_duration"":0,""steps"":433,""distance"":301.04998779297,""metcumul"":18.510000228882}",,2025-02-08T18:15:31-08:00
2025-02-06T14:27:00-08:00,2025-02-06T14:35:00-08:00,,,America/Los_Angeles,Walking,"{""calories"":14.869998931885,""effduration"":420,""intensity"":0,""pause_duration"":0,""steps"":692,""distance"":508.32000732422,""metcumul"":27.76000213623}",,2025-02-08T18:15:31-08:00
2025-02-06T16:02:00-08:00,2025-02-06T16:08:00-08:00,,,America/Los_Angeles,Walking,"{""calories"":8.6300001144409,""effduration"":360,""intensity"":0,""pause_duration"":0,""steps"":437,""distance"":295.01998901367,""metcumul"":18.549999237061}",,2025-02-08T18:15:32-08:00
2025-02-06T16:59:00-08:00,2025-02-06T17:06:00-08:00,,,America/Los_Angeles,Walking,"{""calories"":7.7300000190735,""effduration"":360,""intensity"":0,""pause_duration"":0,""steps"":372,""distance"":252.3099822998,""metcumul"":16.979999542236}",,2025-02-08T18:15:32-08:00
2025-02-08T20:26:00-08:00,2025-02-08T20:37:00-08:00,,,America/Los_Angeles,Cycling,"{""calories"":92.393295288086,""effduration"":480,""intensity"":0,""pause_duration"":0,""metcumul"":8}",,2025-03-01T12:10:35-08:00
2025-02-09T15:14:00-08:00,2025-02-09T15:20:00-08:00,,,America/Los_Angeles,Walking,"{""calories"":6.6700000762939,""effduration"":300,""intensity"":0,""pause_duration"":0,""steps"":355,""distance"":230.93000793457,""metcumul"":14.870000839233}",,2025-03-01T12:10:36-08:00
2025-02-09T17:46:00-08:00,2025-02-09T18:09:00-08:00,,,America/Los_Angeles,Walking,"{""calories"":33.340003967285,""effduration"":1260,""intensity"":0,""hr_average"":115,""hr_min"":112,""hr_max"":119,""hr_zone_0"":0,""hr_zone_1"":669,""hr_zone_2"":0,""hr_zone_3"":0,""pause_duration"":0,""steps"":1696,""distance"":1138.7099609375,""metcumul"":69.67000579834}",,2025-03-02T01:33:30-08:00
2025-02-11T11:50:00-08:00,2025-02-11T11:55:00-08:00,,,America/Los_Angeles,Walking,"{""calories"":9.6300001144409,""effduration"":300,""intensity"":0,""pause_duration"":0,""steps"":456,""distance"":303.86999511719,""metcumul"":18.940000534058}",,2025-03-02T01:33:31-08:00
2025-02-11T12:12:00-08:00,2025-02-11T12:22:00-08:00,,,America/Los_Angeles,Walking,"{""calories"":14.059999465942,""effduration"":540,""intensity"":0,""pause_duration"":0,""steps"":800,""distance"":557.48999023438,""metcumul"":29.209999084473}",,2025-03-02T01:33:32-08:00
2025-02-11T14:12:00-08:00,2025-02-11T14:20:00-08:00,,,America/Los_Angeles,Walking,"{""calories"":14.60000038147,""effduration"":480,""intensity"":0,""pause_duration"":0,""steps"":714,""distance"":505.10998535156,""metcumul"":28.760000228882}",,2025-03-02T01:33:32-08:00
2025-02-13T10:59:00-08:00,2025-02-13T11:05:00-08:00,,,America/Los_Angeles,Walking,"{""calories"":10.029999732971,""effduration"":300,""intensity"":0,""pause_duration"":0,""steps"":465,""distance"":338.75,""metcumul"":18.940000534058}",,2025-03-02T01:33:34-08:00
2025-02-13T12:00:00-08:00,2025-02-13T12:05:00-08:00,,,America/Los_Angeles,Walking,"{""calories"":10.710000038147,""effduration"":300,""intensity"":0,""pause_duration"":0,""steps"":472,""distance"":339.98999023438,""metcumul"":19.700000762939}",,2025-03-02T01:33:34-08:00
2025-02-16T14:39:00-08:00,2025-02-16T15:07:00-08:00,,,America/Los_Angeles,Cycling,"{""calories"":235.18292236328,""effduration"":1200,""intensity"":0,""hr_average"":91,""hr_min"":88,""hr_max"":95,""hr_zone_0"":0,""hr_zone_1"":1254,""hr_zone_2"":0,""hr_zone_3"":0,""pause_duration"":0,""steps"":12,""distance"":8.9099998474121,""metcumul"":20.309999465942}",,2025-03-02T01:33:36-08:00
2025-02-16T20:17:00-08:00,2025-02-16T20:33:00-08:00,,,America/Los_Angeles,Cycling,"{""calories"":134.39024353027,""effduration"":720,""intensity"":0,""pause_duration"":0,""steps"":9,""distance"":6.2300000190735,""metcumul"":12.220000267029}",,2025-03-02T01:33:37-08:00
2025-02-18T11:54:00-08:00,2025-02-18T12:01:00-08:00,,,America/Los_Angeles,Walking,"{""calories"":7.8000001907349,""effduration"":360,""intensity"":0,""pause_duration"":0,""steps"":379,""distance"":264.04998779297,""metcumul"":17.10000038147}",,2025-03-02T01:33:38-08:00
2025-02-18T12:16:00-08:00,2025-02-18T12:21:00-08:00,,,America/Los_Angeles,Walking,"{""calories"":10.109999656677,""effduration"":300,""intensity"":0,""pause_duration"":0,""steps"":503,""distance"":335.51000976562,""metcumul"":19.880001068115}",,2025-03-02T01:33:39-08:00
2025-02-19T12:16:00-08:00,2025-02-19T12:22:00-08:00,,,America/Los_Angeles,Walking,"{""calories"":8.8599996566772,""effduration"":360,""intensity"":0,""pause_duration"":0,""steps"":557,""distance"":376.72998046875,""metcumul"":19.030002593994}",,2025-03-02T01:33:40-08:00
2025-02-19T15:56:00-08:00,2025-02-19T16:03:00-08:00,,,America/Los_Angeles,Walking,"{""calories"":9.6999998092651,""effduration"":360,""intensity"":0,""pause_duration"":0,""steps"":497,""distance"":335.86999511719,""metcumul"":20.200000762939}",,2025-03-02T01:33:40-08:00
2025-02-19T16:33:00-08:00,2025-02-19T16:42:00-08:00,,,America/Los_Angeles,Walking,"{""calories"":11.64999961853,""effduration"":480,""intensity"":0,""pause_duration"":0,""steps"":689,""distance"":477.19998168945,""metcumul"":24.739999771118}",,2025-03-02T01:33:40-08:00
2025-02-19T16:57:00-08:00,2025-02-19T17:04:00-08:00,,,America/Los_Angeles,Walking,"{""calories"":8.2799997329712,""effduration"":300,""intensity"":0,""pause_duration"":0,""steps"":429,""distance"":286.61001586914,""metcumul"":17.25}",,2025-03-02T01:33:41-08:00
2025-02-20T11:53:00-08:00,2025-02-20T11:58:00-08:00,,,America/Los_Angeles,Walking,"{""calories"":5.0799999237061,""effduration"":241,""intensity"":0,""pause_duration"":0,""steps"":360,""distance"":237.79998779297,""metcumul"":11.370000839233}",,2025-03-02T01:33:42-08:00
2025-02-20T12:13:00-08:00,2025-02-20T12:19:00-08:00,,,America/Los_Angeles,Walking,"{""calories"":9.5900001525879,""effduration"":300,""intensity"":0,""pause_duration"":0,""steps"":490,""distance"":331.86999511719,""metcumul"":19.159999847412}",,2025-03-02T01:33:42-08:00
2025-02-20T14:00:00-08:00,2025-02-20T14:06:00-08:00,,,America/Los_Angeles,Walking,"{""calories"":8.7200002670288,""effduration"":300,""intensity"":0,""pause_duration"":0,""steps"":412,""distance"":301.62997436523,""metcumul"":17.039999008179}",,2025-03-02T12:56:35-08:00
2025-02-20T14:21:00-08:00,2025-02-20T14:26:00-08:00,,,America/Los_Angeles,Walking,"{""calories"":10.949998855591,""effduration"":300,""intensity"":0,""pause_duration"":0,""steps"":542,""distance"":366.82000732422,""metcumul"":21.130001068115}",,2025-03-02T12:56:36-08:00
2025-02-20T17:10:00-08:00,2025-02-20T17:16:00-08:00,,,America/Los_Angeles,Walking,"{""calories"":6.0199995040894,""effduration"":300,""intensity"":0,""pause_duration"":0,""steps"":275,""distance"":182.19000244141,""metcumul"":13.570000648499}",,2025-03-02T14:00:29-08:00
2025-02-21T20:34:00-08:00,2025-02-21T20:50:00-08:00,,,America/Los_Angeles,Cycling,"{""calories"":134.39024353027,""effduration"":600,""intensity"":0,""pause_duration"":0,""steps"":22,""distance"":14.549999237061,""metcumul"":10.690000534058}",,2025-03-02T14:00:30-08:00
2025-02-22T17:39:00-08:00,2025-02-22T18:19:00-08:00,,,America/Los_Angeles,Walking,"{""calories"":74.120002746582,""effduration"":2340,""intensity"":0,""hr_average"":107,""hr_min"":106,""hr_max"":109,""hr_zone_0"":0,""hr_zone_1"":1242,""hr_zone_2"":0,""hr_zone_3"":0,""pause_duration"":0,""steps"":3794,""distance"":2556.7697753906,""metcumul"":147.31999206543}",,2025-03-02T14:00:31-08:00
2025-02-25T17:26:00-08:00,2025-02-25T17:47:00-08:00,,,America/Los_Angeles,Walking,"{""calories"":38.027297973633,""effduration"":1422,""intensity"":0,""pause_duration"":0,""steps"":1842,""distance"":1290.6389160156,""metcumul"":66.027206420898}",,2025-03-06T03:31:47-08:00
2025-02-26T09:01:00-08:00,2025-02-26T09:20:00-08:00,,,America/Los_Angeles,Walking,"{""calories"":34.209999084473,""effduration"":1140,""intensity"":0,""pause_duration"":0,""steps"":1569,""distance"":1095.6500244141,""metcumul"":67.029998779297}",,2025-03-06T03:31:48-08:00
2025-02-26T12:27:00-08:00,2025-02-26T12:39:00-08:00,,,America/Los_Angeles,Walking,"{""calories"":21.209999084473,""effduration"":720,""intensity"":0,""pause_duration"":0,""steps"":994,""distance"":707,""metcumul"":41.529998779297}",,2025-03-06T03:31:48-08:00
2025-02-26T12:59:00-08:00,2025-02-26T13:07:00-08:00,,,America/Los_Angeles,Walking,"{""calories"":18.239999771118,""effduration"":480,""intensity"":0,""pause_duration"":0,""steps"":806,""distance"":584.98004150391,""metcumul"":33.080001831055}",,2025-03-06T03:31:48-08:00
2025-02-26T19:55:00-08:00,2025-02-26T20:29:00-08:00,,,America/Los_Angeles,Walking,"{""calories"":48.890003204346,""effduration"":2040,""intensity"":0,""pause_duration"":0,""steps"":2663,""distance"":1791.509765625,""metcumul"":104.99001312256}",,2025-03-06T03:31:49-08:00
2025-02-26T20:45:00-08:00,2025-02-26T20:52:00-08:00,,,America/Los_Angeles,Walking,"{""calories"":10.75,""effduration"":360,""intensity"":0,""pause_duration"":0,""steps"":526,""distance"":359.13000488281,""metcumul"":21.620000839233}",,2025-03-06T03:31:49-08:00
2025-02-27T08:55:00-08:00,2025-02-27T09:17:00-08:00,,,America/Los_Angeles,Walking,"{""calories"":37.439994812012,""effduration"":1140,""intensity"":0,""pause_duration"":0,""steps"":1761,""distance"":1237.830078125,""metcumul"":71.860000610352}",,2025-03-06T03:31:49-08:00
2025-02-27T18:11:00-08:00,2025-02-27T18:22:00-08:00,,,America/Los_Angeles,Cycling,"{""calories"":92.239326477051,""effduration"":660,""intensity"":0,""pause_duration"":0,""steps"":76,""distance"":55.520004272461,""metcumul"":13.029999732971}",,2025-03-06T09:32:26-08:00
2025-02-28T16:49:00-08:00,2025-02-28T16:59:00-08:00,,,America/Los_Angeles,Cycling,"{""calories"":83.853935241699,""effduration"":480,""intensity"":0,""pause_duration"":0,""metcumul"":8}",,2025-03-06T09:32:26-08:00
2025-03-04T12:41:00-08:00,2025-03-04T12:47:00-08:00,,,America/Los_Angeles,Walking,"{""calories"":9.0806226730347,""effduration"":298,""intensity"":0,""pause_duration"":0,""steps"":505,""distance"":312.23892211914,""metcumul"":2.8860068321228}",,2025-04-18T11:00:57-07:00
2025-03-04T14:05:00-08:00,2025-03-04T14:10:00-08:00,,,America/Los_Angeles,Walking,"{""calories"":8.7355880737305,""effduration"":302,""intensity"":0,""pause_duration"":0,""steps"":470,""distance"":291.18759155273,""metcumul"":4.7832961082458}",,2025-04-18T11:00:57-07:00
2025-03-04T15:46:00-08:00,2025-03-04T15:51:00-08:00,,,America/Los_Angeles,Walking,"{""calories"":7.8100004196167,""effduration"":240,""intensity"":0,""pause_duration"":0,""steps"":355,""distance"":262.75,""metcumul"":14.729999542236}",,2025-04-18T11:00:58-07:00
2025-03-05T12:21:00-08:00,2025-03-05T12:37:00-08:00,,,America/Los_Angeles,Walking,"{""calories"":20.690000534058,""effduration"":840,""intensity"":0,""pause_duration"":0,""steps"":1017,""distance"":697.75,""metcumul"":43.730003356934}",,2025-04-18T11:00:58-07:00
2025-03-06T12:53:00-08:00,2025-03-06T13:00:00-08:00,,,America/Los_Angeles,Walking,"{""calories"":11.670000076294,""effduration"":360,""intensity"":0,""pause_duration"":0,""steps"":513,""distance"":368.40997314453,""metcumul"":21.980001449585}",,2025-04-18T11:00:59-07:00
2025-03-06T13:50:00-08:00,2025-03-06T13:58:00-08:00,,,America/Los_Angeles,Walking,"{""calories"":10.489999771118,""effduration"":420,""intensity"":0,""pause_duration"":0,""steps"":538,""distance"":360.85998535156,""metcumul"":22.360000610352}",,2025-04-18T11:00:59-07:00
2025-03-09T17:02:00-07:00,2025-03-09T17:17:00-07:00,,,America/Los_Angeles,Walking,"{""calories"":19.237781524658,""effduration"":785,""intensity"":0,""pause_duration"":0,""steps"":1053,""distance"":657.23083496094,""metcumul"":10.213213920593}",,2025-04-18T11:01:00-07:00
2025-03-11T12:13:00-07:00,2025-03-11T12:18:00-07:00,,,America/Los_Angeles,Walking,"{""calories"":8.3168840408325,""effduration"":252,""intensity"":0,""pause_duration"":0,""steps"":462,""distance"":285.65225219727,""metcumul"":3.0403730869293}",,2025-04-18T11:01:00-07:00
2025-03-11T14:11:00-07:00,2025-03-11T14:19:00-07:00,,,America/Los_Angeles,Walking,"{""calories"":9.8090162277222,""effduration"":454,""intensity"":0,""pause_duration"":0,""steps"":646,""distance"":399.40234375,""metcumul"":5.0788283348083}",,2025-04-18T11:01:01-07:00
2025-03-09T12:20:00-07:00,2025-03-09T12:30:00-07:00,,,America/Los_Angeles,Cycling,"{""calories"":83.949447631836,""effduration"":310,""intensity"":0,""pause_duration"":0,""steps"":16,""distance"":9.924654006958,""metcumul"":7.1416373252869}",,2025-04-18T11:01:00-07:00
2025-03-12T12:11:00-07:00,2025-03-12T12:25:00-07:00,,,America/Los_Angeles,Walking,"{""calories"":15.640000343323,""effduration"":780,""intensity"":0,""pause_duration"":0,""steps"":789,""distance"":534.13000488281,""metcumul"":35.650001525879}",,2025-04-18T11:01:01-07:00
2025-03-12T13:31:00-07:00,2025-03-12T13:41:00-07:00,,,America/Los_Angeles,Walking,"{""calories"":10.489999771118,""effduration"":480,""intensity"":0,""pause_duration"":0,""steps"":610,""distance"":435.97998046875,""metcumul"":22.779998779297}",,2025-04-18T11:01:01-07:00
2025-03-12T14:57:00-07:00,2025-03-12T15:06:00-07:00,,,America/Los_Angeles,Walking,"{""calories"":14.460000038147,""effduration"":480,""intensity"":0,""pause_duration"":0,""steps"":677,""distance"":487.11999511719,""metcumul"":28.200000762939}",,2025-04-18T11:01:02-07:00
2025-03-12T17:39:00-07:00,2025-03-12T17:46:00-07:00,,,America/Los_Angeles,Walking,"{""calories"":10.680000305176,""effduration"":360,""intensity"":0,""pause_duration"":0,""steps"":551,""distance"":369.33999633789,""metcumul"":21.840000152588}",,2025-04-18T11:01:02-07:00
2025-03-13T13:13:00-07:00,2025-03-13T13:19:00-07:00,,,America/Los_Angeles,Walking,"{""calories"":10.759999275208,""effduration"":300,""intensity"":0,""pause_duration"":0,""steps"":494,""distance"":350.98999023438,""metcumul"":20.050001144409}",,2025-04-18T11:01:02-07:00
2025-03-13T14:18:00-07:00,2025-03-13T14:23:00-07:00,,,America/Los_Angeles,Walking,"{""calories"":11.440000534058,""effduration"":300,""intensity"":0,""pause_duration"":0,""steps"":543,""distance"":376.49002075195,""metcumul"":21.280000686646}",,2025-04-18T11:01:03-07:00
2025-03-16T12:59:00-07:00,2025-03-16T13:12:00-07:00,,,America/Los_Angeles,Cycling,"{""calories"":109.13428497314,""effduration"":300,""intensity"":0,""pause_duration"":0,""steps"":13,""distance"":9.4500007629395,""metcumul"":5.2999997138977}",,2025-04-18T11:01:04-07:00
2025-03-16T17:02:00-07:00,2025-03-16T17:11:00-07:00,,,America/Los_Angeles,Walking,"{""calories"":16.85000038147,""effduration"":541,""intensity"":0,""pause_duration"":0,""steps"":900,""distance"":626.83001708984,""metcumul"":32.880001068115}",,2025-04-18T11:01:04-07:00
2025-03-16T17:37:00-07:00,2025-03-16T17:45:00-07:00,,,America/Los_Angeles,Walking,"{""calories"":14.840000152588,""effduration"":479,""intensity"":0,""pause_duration"":0,""steps"":823,""distance"":574.13006591797,""metcumul"":29.509998321533}",,2025-04-18T11:01:04-07:00
2025-03-18T12:14:00-07:00,2025-03-18T12:25:00-07:00,,,America/Los_Angeles,Walking,"{""calories"":17.380001068115,""effduration"":600,""intensity"":0,""hr_average"":104,""hr_min"":96,""hr_max"":112,""hr_zone_0"":0,""hr_zone_1"":624,""hr_zone_2"":0,""hr_zone_3"":0,""pause_duration"":0,""steps"":870,""distance"":587.88000488281,""metcumul"":35.450000762939}",,2025-04-18T11:01:05-07:00
2025-03-18T15:20:00-07:00,2025-03-18T15:29:00-07:00,,,America/Los_Angeles,Walking,"{""calories"":14.480000495911,""effduration"":480,""intensity"":0,""pause_duration"":0,""steps"":694,""distance"":478.44000244141,""metcumul"":28.549999237061}",,2025-04-18T11:01:05-07:00
2025-03-19T15:51:00-07:00,2025-03-19T16:04:00-07:00,,,America/Los_Angeles,Walking,"{""calories"":14.280000686646,""effduration"":660,""intensity"":0,""pause_duration"":0,""steps"":736,""distance"":494.53002929688,""metcumul"":31.790000915527}",,2025-04-18T11:01:06-07:00
2025-03-24T15:12:00-07:00,2025-03-24T15:19:00-07:00,,,America/Los_Angeles,Walking,"{""calories"":13.020168304443,""effduration"":405,""intensity"":0,""pause_duration"":0,""steps"":722,""distance"":446.4089050293,""metcumul"":2.9840397834778}",,2025-04-18T11:01:06-07:00
2025-03-27T14:21:00-07:00,2025-03-27T14:31:00-07:00,,,America/Los_Angeles,Walking,"{""calories"":12.749667167664,""effduration"":555,""intensity"":0,""pause_duration"":0,""steps"":707,""distance"":437.1344909668,""metcumul"":3.5895800590515}",,2025-04-18T11:01:07-07:00
2025-04-05T11:21:00-07:00,2025-04-05T11:32:00-07:00,,,America/Los_Angeles,Walking,"{""calories"":25.609998703003,""effduration"":660,""intensity"":0,""pause_duration"":0,""steps"":1181,""distance"":867.01000976562,""metcumul"":46.720001220703}",,2025-04-18T11:01:07-07:00
2025-04-05T13:41:00-07:00,2025-04-05T13:58:00-07:00,,,America/Los_Angeles,Walking,"{""calories"":26.650001525879,""effduration"":960,""intensity"":0,""pause_duration"":0,""steps"":1317,""distance"":882.02008056641,""metcumul"":54.390007019043}",,2025-04-18T11:01:08-07:00
2025-04-05T16:36:00-07:00,2025-04-05T16:53:00-07:00,,,America/Los_Angeles,Cycling,"{""calories"":143.22567749023,""effduration"":540,""intensity"":0,""pause_duration"":0,""steps"":32,""distance"":24.070001602173,""metcumul"":9.8600006103516}",,2025-04-18T11:01:08-07:00
2025-04-06T19:03:00-07:00,2025-04-06T19:16:00-07:00,,,America/Los_Angeles,Cycling,"{""calories"":109.52552032471,""effduration"":540,""intensity"":0,""pause_duration"":0,""steps"":13,""distance"":9.2200002670288,""metcumul"":9.3099994659424}",,2025-04-18T11:01:09-07:00
2025-04-08T12:12:00-07:00,2025-04-08T12:22:00-07:00,,,America/Los_Angeles,Walking,"{""calories"":14.39999961853,""effduration"":540,""intensity"":0,""pause_duration"":0,""steps"":732,""distance"":498.08999633789,""metcumul"":30.170001983643}",,2025-04-18T11:01:09-07:00
2025-04-08T12:59:00-07:00,2025-04-08T13:06:00-07:00,,,America/Los_Angeles,Walking,"{""calories"":8.5799999237061,""effduration"":360,""intensity"":0,""pause_duration"":0,""steps"":440,""distance"":297.41998291016,""metcumul"":18.510000228882}",,2025-04-18T11:01:09-07:00
2025-04-08T14:21:00-07:00,2025-04-08T14:28:00-07:00,,,America/Los_Angeles,Walking,"{""calories"":9.8400001525879,""effduration"":360,""intensity"":0,""pause_duration"":0,""steps"":503,""distance"":340.03997802734,""metcumul"":20.329999923706}",,2025-04-18T11:01:10-07:00
2025-04-08T15:38:00-07:00,2025-04-08T15:44:00-07:00,,,America/Los_Angeles,Walking,"{""calories"":7.0899996757507,""effduration"":300,""intensity"":0,""pause_duration"":0,""steps"":366,""distance"":245.61999511719,""metcumul"":15.320000648499}",,2025-04-18T11:01:10-07:00
2025-04-09T15:47:00-07:00,2025-04-09T15:55:00-07:00,,,America/Los_Angeles,Walking,"{""calories"":12.060000419617,""effduration"":420,""intensity"":0,""pause_duration"":0,""steps"":602,""distance"":417.92999267578,""metcumul"":24.440000534058}",,2025-04-18T11:01:11-07:00
2025-04-13T20:26:00-07:00,2025-04-13T20:45:00-07:00,,,America/Los_Angeles,Walking,"{""calories"":19.779998779297,""effduration"":900,""intensity"":0,""hr_average"":94,""hr_min"":83,""hr_max"":108,""hr_zone_0"":121,""hr_zone_1"":524,""hr_zone_2"":0,""hr_zone_3"":0,""pause_duration"":0,""steps"":990,""distance"":665.65997314453,""metcumul"":43.930000305176}",,2025-04-18T11:01:11-07:00
2025-04-14T11:35:00-07:00,2025-04-14T11:45:00-07:00,,,America/Los_Angeles,Walking,"{""calories"":11.879999160767,""effduration"":480,""intensity"":0,""pause_duration"":0,""steps"":606,""distance"":411.22003173828,""metcumul"":25.270000457764}",,2025-04-18T11:01:11-07:00
2025-04-15T12:17:00-07:00,2025-04-15T12:29:00-07:00,,,America/Los_Angeles,Walking,"{""calories"":15.099998474121,""effduration"":660,""intensity"":0,""pause_duration"":0,""steps"":796,""distance"":522.98004150391,""metcumul"":33.310001373291}",,2025-04-18T11:01:12-07:00
2025-04-15T12:47:00-07:00,2025-04-15T12:56:00-07:00,,,America/Los_Angeles,Walking,"{""calories"":8.710000038147,""effduration"":360,""intensity"":0,""pause_duration"":0,""steps"":451,""distance"":301.44000244141,""metcumul"":18.760000228882}",,2025-04-18T11:01:13-07:00
2025-04-15T14:07:00-07:00,2025-04-15T14:13:00-07:00,,,America/Los_Angeles,Walking,"{""calories"":9.6499996185303,""effduration"":360,""intensity"":0,""pause_duration"":0,""steps"":502,""distance"":328.63998413086,""metcumul"":20.280000686646}",,2025-04-18T11:01:13-07:00
2025-04-19T18:07:00-07:00,2025-04-19T18:41:00-07:00,,,America/Los_Angeles,Walking,"{""calories"":46.030002593994,""effduration"":1860,""intensity"":0,""hr_average"":109,""hr_min"":109,""hr_max"":110,""hr_zone_0"":0,""hr_zone_1"":1285,""hr_zone_2"":0,""hr_zone_3"":0,""pause_duration"":0,""steps"":2348,""distance"":1590.8000488281,""metcumul"":97.910003662109}",,2025-05-20T16:12:57-07:00
2025-04-20T15:54:00-07:00,2025-04-20T16:03:00-07:00,,,America/Los_Angeles,Walking,"{""calories"":14.849999427795,""effduration"":480,""intensity"":0,""pause_duration"":0,""steps"":721,""distance"":491.42999267578,""metcumul"":29.379999160767}",,2025-05-20T16:12:57-07:00
2025-04-20T19:14:00-07:00,2025-04-20T19:24:00-07:00,,,America/Los_Angeles,Walking,"{""calories"":14.289999961853,""effduration"":540,""intensity"":0,""pause_duration"":0,""steps"":748,""distance"":486.9599609375,""metcumul"":30.39999961853}",,2025-05-20T16:12:57-07:00
2025-04-20T19:37:00-07:00,2025-04-20T19:59:00-07:00,,,America/Los_Angeles,Walking,"{""calories"":51.799663543701,""effduration"":1661,""intensity"":0,""hr_average"":157,""hr_min"":152,""hr_max"":162,""hr_zone_0"":0,""hr_zone_1"":0,""hr_zone_2"":119,""hr_zone_3"":524,""pause_duration"":0,""steps"":2599,""distance"":1693.0283203125,""metcumul"":92.802680969238}",,2025-05-20T16:12:58-07:00
2025-04-21T12:55:00-07:00,2025-04-21T13:01:00-07:00,,,America/Los_Angeles,Walking,"{""calories"":11.380000114441,""effduration"":360,""intensity"":0,""pause_duration"":0,""steps"":530,""distance"":378.68002319336,""metcumul"":21.650001525879}",,2025-05-20T16:12:58-07:00
2025-04-21T13:37:00-07:00,2025-04-21T13:45:00-07:00,,,America/Los_Angeles,Walking,"{""calories"":11.639999389648,""effduration"":360,""intensity"":0,""pause_duration"":0,""steps"":551,""distance"":383.35000610352,""metcumul"":22.090000152588}",,2025-05-20T16:12:58-07:00
2025-04-22T12:41:00-07:00,2025-04-22T13:02:00-07:00,,,America/Los_Angeles,Walking,"{""calories"":23.140001296997,""effduration"":1020,""intensity"":0,""pause_duration"":0,""steps"":1161,""distance"":773.07995605469,""metcumul"":50.479995727539}",,2025-05-20T16:12:59-07:00
2025-04-22T14:29:00-07:00,2025-04-22T14:37:00-07:00,,,America/Los_Angeles,Walking,"{""calories"":13.920000076294,""effduration"":420,""intensity"":0,""pause_duration"":0,""steps"":661,""distance"":462.82998657227,""metcumul"":26.330001831055}",,2025-05-20T10:10:14-07:00
2025-04-22T16:57:00-07:00,2025-04-22T17:07:00-07:00,,,America/Los_Angeles,Walking,"{""calories"":16.789999008179,""effduration"":600,""intensity"":0,""pause_duration"":0,""steps"":847,""distance"":561.14996337891,""metcumul"":34.580001831055}",,2025-05-20T16:12:59-07:00
2025-04-23T12:12:00-07:00,2025-04-23T12:26:00-07:00,,,America/Los_Angeles,Walking,"{""calories"":15.549999237061,""effduration"":780,""intensity"":0,""pause_duration"":0,""steps"":788,""distance"":530.79998779297,""metcumul"":35.349998474121}",,2025-05-21T10:54:08-07:00
2025-04-23T18:01:00-07:00,2025-04-23T18:07:00-07:00,,,America/Los_Angeles,Walking,"{""calories"":10.480000495911,""effduration"":360,""intensity"":0,""pause_duration"":0,""steps"":515,""distance"":343.25,""metcumul"":21.129999160767}",,2025-05-21T10:54:09-07:00
2025-04-24T14:40:00-07:00,2025-04-24T14:51:00-07:00,,,America/Los_Angeles,Walking,"{""calories"":13.25,""effduration"":600,""intensity"":0,""pause_duration"":0,""steps"":670,""distance"":452.22003173828,""metcumul"":28.910001754761}",,2025-05-21T10:54:09-07:00
2025-04-24T17:49:00-07:00,2025-04-24T18:01:00-07:00,,,America/Los_Angeles,Walking,"{""calories"":14.239998817444,""effduration"":660,""intensity"":0,""pause_duration"":0,""steps"":729,""distance"":486.79000854492,""metcumul"":31.379997253418}",,2025-05-21T10:54:10-07:00
2025-04-26T17:50:00-07:00,2025-04-26T18:44:00-07:00,,,America/Los_Angeles,Walking,"{""calories"":82.510009765625,""effduration"":2940,""intensity"":0,""hr_average"":129,""hr_min"":110,""hr_max"":169,""hr_zone_0"":0,""hr_zone_1"":808,""hr_zone_2"":699,""hr_zone_3"":309,""pause_duration"":0,""steps"":4137,""distance"":2759.4799804688,""metcumul"":168.5599822998}",,2025-05-21T10:54:10-07:00
2025-04-29T12:38:00-07:00,2025-04-29T12:47:00-07:00,,,America/Los_Angeles,Walking,"{""calories"":12.350001335144,""effduration"":480,""intensity"":0,""pause_duration"":0,""steps"":686,""distance"":465.25,""metcumul"":25.75}",,2025-05-21T16:54:55-07:00
2025-04-29T14:07:00-07:00,2025-04-29T14:25:00-07:00,,,America/Los_Angeles,Walking,"{""calories"":23.969999313354,""effduration"":960,""intensity"":0,""pause_duration"":0,""steps"":1123,""distance"":807.78002929688,""metcumul"":49.139999389648}",,2025-05-21T16:54:55-07:00
2025-05-01T12:13:00-07:00,2025-05-01T12:19:00-07:00,,,America/Los_Angeles,Walking,"{""calories"":6.8899998664856,""effduration"":240,""intensity"":0,""pause_duration"":0,""steps"":336,""distance"":235.38999938965,""metcumul"":13.730000495911}",,2025-05-22T08:01:13-07:00
2025-05-03T15:07:00-07:00,2025-05-03T15:15:00-07:00,,,America/Los_Angeles,Walking,"{""calories"":8.3499994277954,""effduration"":420,""intensity"":0,""pause_duration"":0,""steps"":433,""distance"":274.51000976562,""metcumul"":19.269998550415}",,2025-05-22T08:01:14-07:00
2025-05-03T19:36:00-07:00,2025-05-03T19:41:00-07:00,,,America/Los_Angeles,Walking,"{""calories"":5.8199996948242,""effduration"":240,""intensity"":0,""pause_duration"":0,""steps"":289,""distance"":198.49000549316,""metcumul"":12.199998855591}",,2025-05-22T08:01:14-07:00
2025-05-06T13:10:00-07:00,2025-05-06T13:17:00-07:00,,,America/Los_Angeles,Walking,"{""calories"":10.770000457764,""effduration"":360,""intensity"":0,""pause_duration"":0,""steps"":495,""distance"":353.11999511719,""metcumul"":20.960000991821}",,2025-05-22T08:01:15-07:00
2025-05-06T14:20:00-07:00,2025-05-06T14:26:00-07:00,,,America/Los_Angeles,Walking,"{""calories"":11.939999580383,""effduration"":300,""intensity"":0,""pause_duration"":0,""steps"":534,""distance"":380.66000366211,""metcumul"":21.510000228882}",,2025-05-22T08:01:15-07:00
2025-05-06T15:37:00-07:00,2025-05-06T16:07:00-07:00,,,America/Los_Angeles,Walking,"{""calories"":41.820003509521,""effduration"":1620,""intensity"":0,""pause_duration"":0,""steps"":1991,""distance"":1411.6600341797,""metcumul"":85.169998168945}",,2025-05-22T08:01:15-07:00
2025-05-07T16:37:00-07:00,2025-05-07T16:44:00-07:00,,,America/Los_Angeles,Walking,"{""calories"":9.3100004196167,""effduration"":360,""intensity"":0,""pause_duration"":0,""steps"":436,""distance"":306.21002197266,""metcumul"":18.85000038147}",,2025-05-22T08:01:16-07:00
2025-05-08T15:44:00-07:00,2025-05-08T15:54:00-07:00,,,America/Los_Angeles,Walking,"{""calories"":24.162599563599,""effduration"":784,""intensity"":0,""pause_duration"":0,""steps"":1245,""distance"":820.46533203125,""metcumul"":27.592916488647}",,2025-05-22T08:01:16-07:00
2025-05-08T19:58:00-07:00,2025-05-08T20:05:00-07:00,,,America/Los_Angeles,Walking,"{""calories"":11.359999656677,""effduration"":420,""intensity"":0,""pause_duration"":0,""steps"":556,""distance"":387.93002319336,""metcumul"":23.040000915527}",,2025-05-22T08:01:16-07:00
2025-05-13T14:40:00-07:00,2025-05-13T14:46:00-07:00,,,America/Los_Angeles,Walking,"{""calories"":6,""effduration"":300,""intensity"":0,""pause_duration"":0,""steps"":301,""distance"":204.46000671387,""metcumul"":13.60000038147}",,2025-05-22T10:03:43-07:00
2025-05-13T18:25:00-07:00,2025-05-13T18:35:00-07:00,,,America/Los_Angeles,Walking,"{""calories"":17.479999542236,""effduration"":540,""intensity"":0,""pause_duration"":0,""steps"":836,""distance"":586.83996582031,""metcumul"":33.790000915527}",,2025-05-22T10:03:43-07:00
2025-05-15T11:53:00-07:00,2025-05-15T12:00:00-07:00,,,America/Los_Angeles,Walking,"{""calories"":8.5299997329712,""effduration"":360,""intensity"":0,""pause_duration"":0,""steps"":427,""distance"":281.54000854492,""metcumul"":18.35000038147}",,2025-05-22T12:06:51-07:00
2025-05-15T15:39:00-07:00,2025-05-15T15:49:00-07:00,,,America/Los_Angeles,Walking,"{""calories"":17.460000991821,""effduration"":540,""intensity"":0,""pause_duration"":0,""steps"":842,""distance"":594.49005126953,""metcumul"":33.600002288818}",,2025-05-22T12:06:51-07:00
2025-05-18T13:57:00-07:00,2025-05-18T14:12:00-07:00,,,America/Los_Angeles,Walking,"{""calories"":21.840000152588,""effduration"":720,""intensity"":0,""pause_duration"":0,""steps"":1029,""distance"":735.80999755859,""metcumul"":42.290000915527}",,2025-05-22T13:24:27-07:00
2025-05-18T14:32:00-07:00,2025-05-18T14:55:00-07:00,,,America/Los_Angeles,Walking,"{""calories"":32.949996948242,""effduration"":1260,""intensity"":0,""pause_duration"":0,""steps"":1568,""distance"":1056.3699951172,""metcumul"":67.940002441406}",,2025-05-22T13:24:27-07:00
2025-05-22T07:51:00-07:00,2025-05-22T08:07:00-07:00,,,America/Los_Angeles,Walking,"{""calories"":24.410001754761,""effduration"":840,""intensity"":0,""pause_duration"":0,""steps"":1178,""distance"":832.62994384766,""metcumul"":48.520000457764}",,2025-05-22T13:24:28-07:00
2025-05-22T09:23:00-07:00,2025-05-22T09:34:00-07:00,,,America/Los_Angeles,Walking,"{""calories"":16.520000457764,""effduration"":660,""intensity"":0,""pause_duration"":0,""steps"":821,""distance"":534.07995605469,""metcumul"":34.799995422363}",,2025-05-22T13:24:28-07:00
2025-05-22T10:31:00-07:00,2025-05-22T10:45:00-07:00,,,America/Los_Angeles,Cycling,"{""calories"":118.53671264648,""effduration"":600,""intensity"":0,""pause_duration"":0,""steps"":25,""distance"":15.25,""metcumul"":10.550000190735}",,2025-05-22T13:24:29-07:00
2025-05-22T11:21:00-07:00,2025-05-22T11:44:00-07:00,,,America/Los_Angeles,Walking,"{""calories"":33.679996490479,""effduration"":1380,""intensity"":0,""pause_duration"":0,""steps"":1746,""distance"":1131.75,""metcumul"":72.669998168945}",,2025-05-22T13:24:30-07:00
2025-05-22T10:12:00-07:00,2025-05-22T10:17:00-07:00,,,America/Los_Angeles,Walking,"{""calories"":9.0699996948242,""effduration"":300,""intensity"":0,""pause_duration"":0,""steps"":469,""distance"":309.16998291016,""metcumul"":18.270000457764}",,2025-05-22T13:24:29-07:00
2025-05-22T12:56:00-07:00,2025-05-22T13:25:00-07:00,,,America/Los_Angeles,Walking,"{""calories"":42.969997406006,""effduration"":1620,""intensity"":0,""pause_duration"":0,""steps"":2209,""distance"":1430.8898925781,""metcumul"":90.529998779297}",,2025-05-22T14:37:11-07:00
2025-05-23T18:51:00-07:00,2025-05-23T18:58:00-07:00,,,America/Los_Angeles,Walking,"{""calories"":9.5599994659424,""effduration"":360,""intensity"":0,""pause_duration"":0,""steps"":475,""distance"":325.79998779297,""metcumul"":19.529998779297}",,2025-05-23T19:32:26-07:00
2025-05-23T19:25:00-07:00,2025-05-23T19:33:00-07:00,,,America/Los_Angeles,Walking,"{""calories"":14.319999694824,""effduration"":421,""intensity"":0,""pause_duration"":0,""steps"":706,""distance"":488.36996459961,""metcumul"":27.540000915527}",,2025-05-24T11:10:52-07:00
2025-05-29T19:46:00-07:00,2025-05-29T20:43:00-07:00,,,America/Los_Angeles,Walking,"{""calories"":96.187301635742,""effduration"":3661,""intensity"":0,""pause_duration"":0,""steps"":4947,""distance"":3275.4709472656,""metcumul"":174.29814147949}",,2025-05-30T01:43:26-07:00
2025-05-31T17:37:00-07:00,2025-05-31T17:57:00-07:00,,,America/Los_Angeles,Walking,"{""calories"":25.389999389648,""effduration"":1140,""intensity"":0,""hr_average"":94,""hr_min"":83,""hr_max"":110,""hr_zone_0"":146,""hr_zone_1"":540,""hr_zone_2"":0,""hr_zone_3"":0,""pause_duration"":0,""steps"":1330,""distance"":864.77014160156,""metcumul"":56.500003814697}",,2025-05-31T18:58:14-07:00
2025-06-03T17:11:00-07:00,2025-06-03T17:18:00-07:00,,,America/Los_Angeles,Walking,"{""calories"":9.039999961853,""effduration"":360,""intensity"":0,""pause_duration"":0,""steps"":465,""distance"":312.75,""metcumul"":19.309999465942}",,2025-06-03T18:00:40-07:00
2025-06-03T18:16:00-07:00,2025-06-03T18:37:00-07:00,,,America/Los_Angeles,Walking,"{""calories"":33.459999084473,""effduration"":1260,""intensity"":0,""pause_duration"":0,""steps"":1645,""distance"":1156.9000244141,""metcumul"":68.310005187988}",,2025-06-03T19:01:18-07:00
2025-06-03T21:56:00-07:00,2025-06-03T22:23:00-07:00,,,America/Los_Angeles,Cycling,"{""calories"":227.00086975098,""effduration"":960,""intensity"":0,""pause_duration"":0,""steps"":13,""distance"":9.0200004577637,""metcumul"":16.309999465942}",,2025-06-06T22:39:20-07:00
2025-06-06T14:13:00-07:00,2025-06-06T14:18:00-07:00,,,America/Los_Angeles,Walking,"{""calories"":9.44704246521,""effduration"":318,""intensity"":0,""pause_duration"":0,""steps"":524,""distance"":323.98651123047,""metcumul"":2.8338861465454}",,2025-06-17T18:14:45-07:00
2025-06-06T14:23:00-07:00,2025-06-06T14:33:00-07:00,,,America/Los_Angeles,Walking,"{""calories"":15.703001976013,""effduration"":527,""intensity"":0,""pause_duration"":0,""steps"":871,""distance"":538.53485107422,""metcumul"":2.8393979072571}",,2025-06-17T18:14:45-07:00
2025-06-06T16:52:00-07:00,2025-06-06T16:59:00-07:00,,,America/Los_Angeles,Walking,"{""calories"":12.187403678894,""effduration"":395,""intensity"":0,""pause_duration"":0,""steps"":676,""distance"":417.96734619141,""metcumul"":2.9046611785889}",,2025-06-17T18:14:46-07:00
2025-06-13T20:01:00-07:00,2025-06-13T20:44:00-07:00,,,America/Los_Angeles,Walking,"{""calories"":81.182693481445,""effduration"":2611,""intensity"":0,""hr_average"":103,""hr_min"":60,""hr_max"":112,""hr_zone_0"":265,""hr_zone_1"":2064,""hr_zone_2"":0,""hr_zone_3"":0,""pause_duration"":0,""steps"":4502,""distance"":2784.3359375,""metcumul"":16.206884384155}",,2025-06-17T18:15:10-07:00
2025-06-13T20:54:00-07:00,2025-06-13T21:04:00-07:00,,,America/Los_Angeles,Walking,"{""calories"":13.160953521729,""effduration"":555,""intensity"":0,""pause_duration"":0,""steps"":730,""distance"":451.35528564453,""metcumul"":2.4638547897339}",,2025-06-17T18:15:11-07:00
2025-06-14T19:45:00-07:00,2025-06-14T20:28:00-07:00,,,America/Los_Angeles,Walking,"{""calories"":74.692924499512,""effduration"":2507,""intensity"":0,""pause_duration"":0,""steps"":4143,""distance"":2561.595703125,""metcumul"":14.214315414429}",,2025-06-17T18:15:11-07:00
2025-06-19T20:13:00-07:00,2025-06-19T21:06:00-07:00,,,America/Los_Angeles,Walking,"{""calories"":92.780006408691,""effduration"":3120,""intensity"":0,""pause_duration"":0,""steps"":4830,""distance"":3290.6809082031,""metcumul"":187.36001586914}",,2025-06-21T15:22:57-07:00
2025-06-21T13:36:00-07:00,2025-06-21T13:48:00-07:00,,,America/Los_Angeles,Cycling,"{""calories"":100.88062286377,""effduration"":360,""intensity"":0,""pause_duration"":0,""steps"":26,""distance"":18.729999542236,""metcumul"":6.6700000762939}",,2025-06-21T15:23:02-07:00
2025-06-21T17:37:00-07:00,2025-06-21T17:46:00-07:00,,,America/Los_Angeles,Walking,"{""calories"":11.75,""effduration"":480,""intensity"":0,""pause_duration"":0,""steps"":728,""distance"":472.53997802734,""metcumul"":25.819997787476}",,2025-06-21T20:29:50-07:00
2025-06-23T19:40:00-07:00,2025-06-23T20:26:00-07:00,,,America/Los_Angeles,Walking,"{""calories"":88.560005187988,""effduration"":2700,""intensity"":0,""hr_average"":124,""hr_min"":112,""hr_max"":136,""hr_zone_0"":0,""hr_zone_1"":592,""hr_zone_2"":1237,""hr_zone_3"":0,""pause_duration"":0,""steps"":4456,""distance"":2998.0498046875,""metcumul"":175.3800201416}",,2025-06-24T14:38:22-07:00
2025-06-24T06:56:00-07:00,2025-06-24T07:04:00-07:00,,,America/Los_Angeles,Walking,"{""calories"":11.570495605469,""effduration"":397,""intensity"":0,""pause_duration"":0,""steps"":639,""distance"":396.8444519043,""metcumul"":6.6754312515259}",,2025-06-24T14:38:23-07:00
2025-06-24T13:51:00-07:00,2025-06-24T14:12:00-07:00,,,America/Los_Angeles,Cycling,"{""calories"":176.54109191895,""effduration"":720,""intensity"":0,""hr_average"":91,""hr_min"":88,""hr_max"":96,""hr_zone_0"":0,""hr_zone_1"":677,""hr_zone_2"":0,""hr_zone_3"":0,""pause_duration"":0,""steps"":84,""distance"":61.830001831055,""metcumul"":14.659999847412}",,2025-06-25T10:31:54-07:00
2025-06-24T16:23:00-07:00,2025-06-24T16:29:00-07:00,,,America/Los_Angeles,Walking,"{""calories"":10.89999961853,""effduration"":360,""intensity"":0,""pause_duration"":0,""steps"":546,""distance"":357.42999267578,""metcumul"":22.080001831055}",,2025-06-25T10:31:54-07:00
2025-06-24T16:58:00-07:00,2025-06-24T17:03:00-07:00,,,America/Los_Angeles,Walking,"{""calories"":4.9699997901917,""effduration"":180,""intensity"":0,""pause_duration"":0,""steps"":244,""distance"":158.72999572754,""metcumul"":10.220000267029}",,2025-06-25T10:31:55-07:00
2025-06-25T19:55:00-07:00,2025-06-25T20:08:00-07:00,,,America/Los_Angeles,Cycling,"{""calories"":109.35371398926,""effduration"":480,""intensity"":0,""pause_duration"":0,""steps"":43,""distance"":31.069999694824,""metcumul"":9.1300001144409}",,2025-06-26T16:01:23-07:00
2025-07-04T20:02:00-07:00,2025-07-04T20:43:00-07:00,,,America/Los_Angeles,Walking,"{""calories"":79.220001220703,""effduration"":2340,""intensity"":0,""pause_duration"":0,""steps"":3891,""distance"":2661.990234375,""metcumul"":153.7099609375}",,2025-07-05T16:04:28-07:00
2025-07-09T12:55:00-07:00,2025-07-09T13:04:00-07:00,,,America/Los_Angeles,Walking,"{""calories"":12.180000305176,""effduration"":479,""intensity"":0,""pause_duration"":0,""steps"":654,""distance"":429.53002929688,""metcumul"":25.389999389648}",,2025-08-06T20:31:42-07:00
2025-07-10T11:19:00-07:00,2025-07-10T11:26:00-07:00,,,America/Los_Angeles,Walking,"{""calories"":11.789232254028,""effduration"":374,""intensity"":0,""pause_duration"":0,""steps"":653,""distance"":403.74655151367,""metcumul"":2.9431653022766}",,2025-08-06T20:31:42-07:00
2025-07-10T13:17:00-07:00,2025-07-10T13:30:00-07:00,,,America/Los_Angeles,Walking,"{""calories"":21.755016326904,""effduration"":716,""intensity"":0,""hr_average"":114,""hr_min"":110,""hr_max"":120,""hr_zone_0"":0,""hr_zone_1"":665,""hr_zone_2"":0,""hr_zone_3"":0,""pause_duration"":0,""steps"":1205,""distance"":745.04534912109,""metcumul"":5.7574601173401}",,2025-08-06T20:31:43-07:00
2025-07-10T14:12:00-07:00,2025-07-10T14:24:00-07:00,,,America/Los_Angeles,Walking,"{""calories"":22.766035079956,""effduration"":673,""intensity"":0,""pause_duration"":0,""steps"":1261,""distance"":779.66986083984,""metcumul"":6.1582646369934}",,2025-08-06T20:31:43-07:00
2025-07-11T16:45:00-07:00,2025-07-11T16:51:00-07:00,,,America/Los_Angeles,Walking,"{""calories"":8.9367065429688,""effduration"":293,""intensity"":0,""pause_duration"":0,""steps"":495,""distance"":306.05596923828,""metcumul"":2.8802073001862}",,2025-08-06T20:31:44-07:00
2025-07-13T13:32:00-07:00,2025-07-13T13:48:00-07:00,,,America/Los_Angeles,Walking,"{""calories"":18.349338531494,""effduration"":922,""intensity"":0,""pause_duration"":0,""steps"":1020,""distance"":630.66082763672,""metcumul"":7.8308820724487}",,2025-08-06T20:31:45-07:00
2025-07-13T14:00:00-07:00,2025-07-13T14:19:00-07:00,,,America/Los_Angeles,Walking,"{""calories"":29.61079788208,""effduration"":1098,""intensity"":0,""pause_duration"":0,""steps"":1646,""distance"":1017.7133789062,""metcumul"":5.258472442627}",,2025-08-06T20:31:45-07:00
2025-07-13T16:54:00-07:00,2025-07-13T17:12:00-07:00,,,America/Los_Angeles,Walking,"{""calories"":25.743043899536,""effduration"":927,""intensity"":0,""pause_duration"":0,""steps"":1431,""distance"":884.78002929688,""metcumul"":5.4945650100708}",,2025-08-06T20:31:46-07:00
2025-07-19T18:42:00-07:00,2025-07-19T18:54:00-07:00,,,America/Los_Angeles,Cycling,"{""calories"":100.76673126221,""effduration"":316,""intensity"":0,""pause_duration"":0,""steps"":48,""distance"":31.032258987427,""metcumul"":8.4676284790039}",,2025-08-06T20:31:49-07:00
2025-07-23T20:00:00-07:00,2025-07-23T20:07:00-07:00,,,America/Los_Angeles,Walking,"{""calories"":8.6695976257324,""effduration"":364,""intensity"":0,""pause_duration"":0,""steps"":484,""distance"":299.25473022461,""metcumul"":2.4798312187195}",,2025-08-06T20:31:51-07:00
2025-07-23T20:15:00-07:00,2025-07-23T20:21:00-07:00,,,America/Los_Angeles,Walking,"{""calories"":7.4694671630859,""effduration"":275,""intensity"":0,""pause_duration"":0,""steps"":417,""distance"":257.82897949219,""metcumul"":2.6876077651978}",,2025-08-06T20:31:52-07:00
2025-07-28T09:36:00-07:00,2025-07-28T09:49:00-07:00,,,America/Los_Angeles,Cycling,"{""calories"":109.16395568848,""effduration"":600,""intensity"":0,""pause_duration"":0,""steps"":12,""distance"":8.25,""metcumul"":10.270000457764}",,2025-08-06T20:31:54-07:00
2025-07-29T16:43:00-07:00,2025-07-29T16:56:00-07:00,,,America/Los_Angeles,Walking,"{""calories"":17.947134017944,""effduration"":734,""intensity"":0,""pause_duration"":0,""steps"":1003,""distance"":620.14978027344,""metcumul"":5.0217337608337}",,2025-08-06T20:31:55-07:00
2025-07-30T14:39:00-07:00,2025-07-30T14:53:00-07:00,,,America/Los_Angeles,Walking,"{""calories"":20.75,""effduration"":780,""intensity"":0,""pause_duration"":0,""steps"":1064,""distance"":719.0400390625,""metcumul"":43.329998016357}",,2025-08-06T20:31:55-07:00
2025-08-04T11:47:00-07:00,2025-08-04T12:00:00-07:00,,,America/Los_Angeles,Cycling,"{""calories"":108.47676086426,""effduration"":420,""intensity"":0,""pause_duration"":0,""steps"":6,""distance"":3.7400000095367,""metcumul"":7.1199998855591}",,2025-08-06T20:31:58-07:00
2025-08-04T17:55:00-07:00,2025-08-04T18:10:00-07:00,,,America/Los_Angeles,Cycling,"{""calories"":125.16549682617,""effduration"":660,""intensity"":0,""pause_duration"":0,""steps"":117,""distance"":85.01000213623,""metcumul"":14.810000419617}",,2025-08-06T20:31:58-07:00
2025-08-05T20:45:00-07:00,2025-08-05T20:56:00-07:00,,,America/Los_Angeles,Walking,"{""calories"":21.71900177002,""effduration"":980,""intensity"":0,""pause_duration"":0,""steps"":1189,""distance"":751.42602539062,""metcumul"":28.070001602173}",,2025-08-06T20:32:33-07:00
2025-08-06T17:30:00-07:00,2025-08-06T20:31:04-07:00,,,America/Los_Angeles,Zumba,"{""calories"":1336.2176513672,""effduration"":2349,""intensity"":50,""hr_average"":133,""hr_min"":76,""hr_max"":176,""hr_zone_0"":72,""hr_zone_1"":595,""hr_zone_2"":268,""hr_zone_3"":615,""device_startdate"":1754526600,""device_enddate"":1754537464,""pause_duration"":0,""steps"":1010,""distance"":685.447265625,""metcumul"":77.991989135742}",,2025-08-06T20:32:33-07:00
2025-08-06T17:30:00-07:00,2025-08-06T20:31:04-07:00,,,America/Los_Angeles,Zumba,{},,2025-08-06T20:32:33-07:00
2025-08-09T16:29:00-07:00,2025-08-09T16:35:00-07:00,,,America/Los_Angeles,Walking,"{""calories"":9.0299997329712,""effduration"":300,""intensity"":0,""pause_duration"":0,""steps"":459,""distance"":314.19000244141,""metcumul"":18.159999847412}",,2025-08-09T23:20:49-07:00
2025-08-16T20:06:00-07:00,2025-08-16T20:20:00-07:00,,,America/Los_Angeles,Cycling,"{""calories"":116.91363525391,""effduration"":420,""intensity"":0,""pause_duration"":0,""steps"":6,""distance"":3.710000038147,""metcumul"":7.1199998855591}",,2025-08-17T11:39:27-07:00
2025-08-16T20:31:00-07:00,2025-08-16T20:45:00-07:00,,,America/Los_Angeles,Cycling,"{""calories"":116.91363525391,""effduration"":600,""intensity"":0,""pause_duration"":0,""metcumul"":10}",,2025-08-17T11:39:27-07:00
2025-08-18T19:50:00-07:00,2025-08-18T20:01:00-07:00,,,America/Los_Angeles,Walking,"{""calories"":22.39999961853,""effduration"":660,""intensity"":0,""pause_duration"":0,""steps"":1102,""distance"":745.20001220703,""metcumul"":43.779998779297}",,2025-08-19T09:31:02-07:00
2025-08-21T20:19:00-07:00,2025-08-21T20:30:00-07:00,,,America/Los_Angeles,Walking,"{""calories"":14.326099395752,""effduration"":630,""intensity"":0,""pause_duration"":0,""steps"":800,""distance"":494.63592529297,""metcumul"":5.2602219581604}",,2025-08-23T11:04:12-07:00
2025-08-29T14:05:00-07:00,2025-08-29T14:25:00-07:00,,,America/Los_Angeles,Cycling,"{""calories"":167.01947021484,""effduration"":680,""intensity"":0,""pause_duration"":0,""steps"":21,""distance"":14.04976940155,""metcumul"":12.723878860474}",,2025-08-29T19:31:42-07:00
2025-08-31T14:18:00-07:00,2025-08-31T14:40:00-07:00,,,America/Los_Angeles,Cycling,"{""calories"":183.72142028809,""effduration"":720,""intensity"":0,""pause_duration"":0,""steps"":43,""distance"":30.959999084473,""metcumul"":13.180000305176}",,2025-08-31T15:38:12-07:00
2025-08-31T16:09:00-07:00,2025-08-31T16:19:00-07:00,,,America/Los_Angeles,Cycling,"{""calories"":83.509735107422,""effduration"":420,""intensity"":0,""pause_duration"":0,""steps"":45,""distance"":31.799999237061,""metcumul"":8.2000007629395}",,2025-08-31T17:27:12-07:00
2025-08-31T17:14:00-07:00,2025-08-31T17:38:00-07:00,,,America/Los_Angeles,Walking,"{""calories"":28.739999771118,""effduration"":1320,""intensity"":0,""pause_duration"":0,""steps"":1569,""distance"":1073.7399902344,""metcumul"":63.889999389648}",,2025-08-31T18:28:15-07:00
2025-08-31T18:32:00-07:00,2025-08-31T18:52:00-07:00,,,America/Los_Angeles,Walking,"{""calories"":31.129997253418,""effduration"":1140,""intensity"":0,""pause_duration"":0,""steps"":1574,""distance"":1066.2799072266,""metcumul"":64.790000915527}",,2025-08-31T19:29:12-07:00
2025-09-06T08:37:00-07:00,2025-09-06T08:51:00-07:00,,,America/Chicago,Cycling,"{""calories"":116.91363525391,""effduration"":480,""intensity"":0,""pause_duration"":0,""steps"":13,""distance"":8.6300001144409,""metcumul"":8.2799997329712}",,2025-09-06T10:05:09-07:00
2025-09-06T17:03:00-07:00,2025-09-06T17:24:00-07:00,,,America/Chicago,Walking,"{""calories"":30.160001754761,""effduration"":1260,""intensity"":0,""pause_duration"":0,""steps"":1644,""distance"":1107.2199707031,""metcumul"":65.389999389648}",,2025-09-06T18:12:17-07:00
2025-09-06T17:43:00-07:00,2025-09-06T18:00:00-07:00,,,America/Chicago,Walking,"{""calories"":25.109998703003,""effduration"":960,""intensity"":0,""pause_duration"":0,""steps"":1538,""distance"":1046.1099853516,""metcumul"":53.069999694824}",,2025-09-06T22:00:18-07:00
2025-09-07T19:52:00-07:00,2025-09-07T20:19:00-07:00,,,America/Chicago,Walking,"{""calories"":49.769996643066,""effduration"":1560,""intensity"":0,""hr_average"":113,""hr_min"":109,""hr_max"":120,""hr_zone_0"":0,""hr_zone_1"":1261,""hr_zone_2"":0,""hr_zone_3"":0,""pause_duration"":0,""steps"":2537,""distance"":1727.6800537109,""metcumul"":99.51000213623}",,2025-09-07T21:05:36-07:00
2025-09-08T13:16:00-07:00,2025-09-08T13:35:00-07:00,,,America/Chicago,Walking,"{""calories"":23.360000610352,""effduration"":960,""intensity"":0,""pause_duration"":0,""steps"":1221,""distance"":852.39996337891,""metcumul"":48.979999542236}",,2025-09-09T19:56:45-07:00
2025-09-09T13:13:00-07:00,2025-09-09T13:29:00-07:00,,,America/Chicago,Walking,"{""calories"":20.030002593994,""effduration"":960,""intensity"":0,""pause_duration"":0,""steps"":1053,""distance"":719.88000488281,""metcumul"":44.299999237061}",,2025-09-09T19:56:45-07:00
2025-09-09T15:26:00-07:00,2025-09-09T15:50:00-07:00,,,America/Chicago,Walking,"{""calories"":36.190006256104,""effduration"":1320,""intensity"":0,""pause_duration"":0,""steps"":1818,""distance"":1240.6900634766,""metcumul"":74.830001831055}",,2025-09-09T19:56:45-07:00
2025-09-09T16:25:00-07:00,2025-09-09T16:46:00-07:00,,,America/Chicago,Walking,"{""calories"":31.23999786377,""effduration"":1200,""intensity"":0,""pause_duration"":0,""steps"":1583,""distance"":1057.9000244141,""metcumul"":65.68000793457}",,2025-09-09T19:56:45-07:00
2025-09-10T14:59:00-07:00,2025-09-10T15:38:00-07:00,,,America/Chicago,Walking,"{""calories"":44.509998321533,""effduration"":2220,""intensity"":0,""pause_duration"":0,""steps"":2522,""distance"":1608.5100097656,""metcumul"":103.84999847412}",,2025-09-11T05:00:38-07:00
2025-09-11T10:57:00-07:00,2025-09-11T11:03:00-07:00,,,America/Los_Angeles,Walking,"{""calories"":6.4700002670288,""effduration"":360,""intensity"":0,""pause_duration"":0,""steps"":410,""distance"":272.2799987793,""metcumul"":15.340000152588}",,2025-09-12T14:00:01-07:00
2025-09-12T14:57:00-07:00,2025-09-12T15:09:00-07:00,,,America/Los_Angeles,Cycling,"{""calories"":100.64346313477,""effduration"":660,""intensity"":0,""pause_duration"":0,""steps"":13,""distance"":8.7600002288818,""metcumul"":11.300000190735}",,2025-09-12T15:57:16-07:00
2025-09-13T19:12:53-07:00,2025-09-13T19:43:14-07:00,,,America/Los_Angeles,Walking,"{""calories"":59.849998474121,""effduration"":1860,""intensity"":50,""device_startdate"":1757815973,""device_enddate"":1757817794,""pause_duration"":0,""steps"":3008,""distance"":1996.8797607422,""metcumul"":119.86000061035}","{""end_coordinate_latitude"":33.941314,""end_coordinate_longitude"":-117.333709,""region_center_latitude"":33.941228,""region_center_longitude"":-117.338073,""span_latitude_delta"":0.001476,""span_longitude_delta"":0.009536,""start_coordinate_latitude"":33.940822,""start_coordinate_longitude"":-117.333702,""avg_speed"":1.210124,""distance"":2204.179302,""max_speed"":1.455156,""min_speed"":0}",2025-09-13T21:47:24-07:00
2025-09-14T12:41:00-07:00,2025-09-14T12:47:00-07:00,,,America/Los_Angeles,Walking,"{""calories"":7.6100001335144,""effduration"":300,""intensity"":0,""pause_duration"":0,""steps"":383,""distance"":252.83001708984,""metcumul"":16.180000305176}",,2025-09-14T13:44:07-07:00
2025-09-14T17:19:00-07:00,2025-09-14T17:27:00-07:00,,,America/Los_Angeles,Walking,"{""calories"":11.390000343323,""effduration"":420,""intensity"":0,""pause_duration"":0,""steps"":577,""distance"":395.4700012207,""metcumul"":22.710000991821}",,2025-09-14T21:15:19-07:00
2025-09-14T17:40:00-07:00,2025-09-14T17:51:00-07:00,,,America/Los_Angeles,Cycling,"{""calories"":92.256507873535,""effduration"":420,""intensity"":0,""pause_duration"":0,""metcumul"":7}",,2025-09-14T21:15:19-07:00
2025-09-17T20:07:00-07:00,2025-09-17T20:18:00-07:00,,,America/Los_Angeles,Walking,"{""calories"":11.869999885559,""effduration"":540,""intensity"":0,""pause_duration"":0,""steps"":629,""distance"":412.94998168945,""metcumul"":26.75}",,2025-09-17T20:35:15-07:00
2025-09-17T20:26:00-07:00,2025-09-17T20:35:00-07:00,,,America/Los_Angeles,Walking,"{""calories"":17.579999923706,""effduration"":541,""intensity"":0,""pause_duration"":0,""steps"":861,""distance"":586.53002929688,""metcumul"":34.459999084473}",,2025-09-18T04:11:49-07:00
2025-09-26T17:57:00-07:00,2025-09-26T18:41:00-07:00,,,America/Los_Angeles,Walking,"{""calories"":70.321640014648,""effduration"":2483,""intensity"":0,""pause_duration"":0,""steps"":3904,""distance"":2418.0908203125,""metcumul"":19.087564468384}",,2025-09-26T21:59:49-07:00
2025-09-29T19:52:00-07:00,2025-09-29T19:59:00-07:00,,,America/Los_Angeles,Walking,"{""calories"":13.449999809265,""effduration"":420,""intensity"":0,""pause_duration"":0,""steps"":689,""distance"":466.50994873047,""metcumul"":26.939998626709}",,2025-09-30T08:50:58-07:00
2025-10-04T14:57:00-07:00,2025-10-04T15:13:00-07:00,,,America/Los_Angeles,Walking,"{""calories"":25.559999465942,""effduration"":900,""intensity"":0,""pause_duration"":0,""steps"":1322,""distance"":888.169921875,""metcumul"":52.830001831055}",,2025-10-04T15:12:16-07:00
2025-10-04T19:44:00-07:00,2025-10-04T19:57:00-07:00,,,America/Los_Angeles,Cycling,"{""calories"":108.68682861328,""effduration"":0,""intensity"":0,""pause_duration"":0,""metcumul"":0}",,2025-10-05T10:02:59-07:00
2025-10-05T18:06:00-07:00,2025-10-05T18:50:00-07:00,,,America/Los_Angeles,Walking,"{""calories"":77.910003662109,""effduration"":2580,""intensity"":0,""pause_duration"":0,""steps"":3882,""distance"":2609.169921875,""metcumul"":157.39999389648}",,2025-10-06T09:02:06-07:00
2025-10-07T13:17:00-07:00,2025-10-07T13:25:00-07:00,,,America/Los_Angeles,Walking,"{""calories"":8.7299995422363,""effduration"":420,""intensity"":0,""pause_duration"":0,""steps"":446,""distance"":303.14001464844,""metcumul"":19.520000457764}",,2025-10-07T14:31:12-07:00
2025-10-08T20:18:00-07:00,2025-10-08T20:28:00-07:00,,,America/Los_Angeles,Walking,"{""calories"":11.460000038147,""effduration"":480,""intensity"":0,""pause_duration"":0,""steps"":570,""distance"":398.48001098633,""metcumul"":24.440000534058}",,2025-10-09T01:49:44-07:00
2025-10-09T18:40:00-07:00,2025-10-09T19:00:00-07:00,,,America/Los_Angeles,Walking,"{""calories"":31.899997711182,""effduration"":1140,""intensity"":0,""pause_duration"":0,""steps"":1669,""distance"":1078.2100830078,""metcumul"":66.930000305176}",,2025-10-09T23:14:43-07:00
2025-10-11T12:31:00-07:00,2025-10-11T12:45:00-07:00,,,America/Los_Angeles,Cycling,"{""calories"":117.04735565186,""effduration"":0,""intensity"":0,""pause_duration"":0,""metcumul"":0}",,2025-10-12T00:51:23-07:00
2025-10-11T14:04:25-07:00,2025-10-11T14:14:00-07:00,,,America/Los_Angeles,Walking,"{""calories"":15.289999961853,""effduration"":480,""intensity"":0,""pause_duration"":0,""steps"":776,""distance"":530.7099609375,""metcumul"":30.280000686646}",,2025-10-12T00:51:23-07:00
2025-10-11T15:15:00-07:00,2025-10-11T15:29:00-07:00,,,America/Los_Angeles,Walking,"{""calories"":20.890001296997,""effduration"":780,""intensity"":0,""pause_duration"":0,""steps"":1180,""distance"":726.5,""metcumul"":46.099998474121}",,2025-10-12T00:51:23-07:00
2025-10-11T17:42:00-07:00,2025-10-11T17:52:00-07:00,,,America/Los_Angeles,Walking,"{""calories"":19.129999160767,""effduration"":600,""intensity"":0,""pause_duration"":0,""steps"":979,""distance"":650.02001953125,""metcumul"":38.48999786377}",,2025-10-12T00:51:24-07:00
2025-10-17T14:26:00-07:00,2025-10-17T14:33:00-07:00,,,America/Los_Angeles,Walking,"{""calories"":13.459999084473,""effduration"":420,""intensity"":0,""hr_average"":117,""hr_min"":116,""hr_max"":118,""hr_zone_0"":0,""hr_zone_1"":620,""hr_zone_2"":0,""hr_zone_3"":0,""pause_duration"":0,""steps"":697,""distance"":467.38998413086,""metcumul"":27}",,2025-10-17T17:18:40-07:00
2025-10-17T17:04:00-07:00,2025-10-17T17:19:00-07:00,,,America/Los_Angeles,Walking,"{""calories"":22.939998626709,""effduration"":840,""intensity"":0,""hr_average"":118,""hr_min"":112,""hr_max"":124,""hr_zone_0"":0,""hr_zone_1"":409,""hr_zone_2"":265,""hr_zone_3"":0,""pause_duration"":0,""steps"":1212,""distance"":793.61999511719,""metcumul"":48.320003509521}",,2025-10-18T01:50:10-07:00
2025-10-17T18:01:00-07:00,2025-10-17T18:06:00-07:00,,,America/Los_Angeles,Walking,"{""calories"":8.6999998092651,""effduration"":240,""intensity"":0,""pause_duration"":0,""steps"":405,""distance"":268.01000976562,""metcumul"":16.689998626709}",,2025-10-18T01:50:10-07:00
2025-10-17T18:35:00-07:00,2025-10-17T18:40:00-07:00,,,America/Los_Angeles,Walking,"{""calories"":8.3400001525879,""effduration"":300,""intensity"":0,""pause_duration"":0,""steps"":436,""distance"":289.94000244141,""metcumul"":17.530000686646}",,2025-10-18T01:50:10-07:00
2025-10-18T17:23:00-07:00,2025-10-18T17:33:00-07:00,,,America/Los_Angeles,Walking,"{""calories"":14.06999874115,""effduration"":600,""intensity"":0,""pause_duration"":0,""steps"":750,""distance"":489.21997070312,""metcumul"":31.190000534058}",,2025-10-18T17:34:25-07:00
2025-10-18T17:58:00-07:00,2025-10-18T18:12:00-07:00,,,America/Los_Angeles,Cycling,"{""calories"":117.04735565186,""effduration"":0,""intensity"":0,""pause_duration"":0,""metcumul"":0}",,2025-10-19T00:33:04-07:00
2025-10-27T13:53:00-07:00,2025-10-27T14:01:00-07:00,,,America/Los_Angeles,Walking,"{""calories"":9.4799995422363,""effduration"":480,""intensity"":0,""pause_duration"":0,""steps"":594,""distance"":393.63003540039,""metcumul"":22.049999237061}",,2025-10-28T00:11:24-07:00
2025-10-28T12:16:00-07:00,2025-10-28T12:29:00-07:00,,,America/Los_Angeles,Cycling,"{""calories"":108.68682861328,""effduration"":0,""intensity"":0,""pause_duration"":0,""metcumul"":0}",,2025-10-28T13:33:24-07:00
2025-10-29T07:36:03-07:00,2025-10-29T07:47:00-07:00,,,America/Chicago,Cycling,"{""calories"":91.547752380371,""effduration"":0,""intensity"":0,""pause_duration"":0,""metcumul"":0}",,2025-10-29T11:40:15-07:00
2025-10-29T11:41:35-07:00,2025-10-29T11:52:00-07:00,,,America/Chicago,Walking,"{""calories"":16.89999961853,""effduration"":600,""intensity"":0,""pause_duration"":0,""steps"":848,""distance"":571.13000488281,""metcumul"":34.909996032715}",,2025-10-29T12:41:14-07:00
2025-10-29T12:15:00-07:00,2025-10-29T12:30:00-07:00,,,America/Chicago,Walking,"{""calories"":24.700000762939,""effduration"":900,""intensity"":0,""pause_duration"":0,""steps"":1234,""distance"":813.57995605469,""metcumul"":51.169998168945}",,2025-10-29T12:41:14-07:00
2025-10-29T14:10:00-07:00,2025-10-29T14:15:00-07:00,,,America/Chicago,Walking,"{""calories"":11.059999465942,""effduration"":300,""intensity"":0,""pause_duration"":0,""steps"":508,""distance"":352.83999633789,""metcumul"":20.680000305176}",,2025-10-29T14:15:09-07:00
2025-10-29T16:16:00-07:00,2025-10-29T16:30:00-07:00,,,America/Chicago,Walking,"{""calories"":23.840000152588,""effduration"":780,""intensity"":0,""hr_average"":98,""hr_min"":93,""hr_max"":104,""hr_zone_0"":0,""hr_zone_1"":615,""hr_zone_2"":0,""hr_zone_3"":0,""pause_duration"":0,""steps"":1200,""distance"":783.78002929688,""metcumul"":48.690002441406}",,2025-10-29T18:03:11-07:00
2025-10-30T13:21:51-07:00,2025-10-30T13:38:00-07:00,,,America/Chicago,Walking,"{""calories"":20.599998474121,""effduration"":960,""intensity"":0,""pause_duration"":0,""steps"":1095,""distance"":708.31005859375,""metcumul"":46.970001220703}",,2025-10-30T13:38:15-07:00
2025-10-30T15:22:20-07:00,2025-10-30T15:39:00-07:00,,,America/Chicago,Walking,"{""calories"":28.440000534058,""effduration"":960,""intensity"":0,""pause_duration"":0,""steps"":1504,""distance"":984.18994140625,""metcumul"":58.660003662109}",,2025-10-30T15:39:51-07:00
2025-10-31T11:08:00-07:00,2025-10-31T11:18:00-07:00,,,America/Chicago,Walking,"{""calories"":11.510000228882,""effduration"":540,""intensity"":0,""pause_duration"":0,""steps"":567,""distance"":385.45004272461,""metcumul"":25.589998245239}",,2025-10-31T11:56:45-07:00
2025-10-31T11:23:00-07:00,2025-10-31T11:33:00-07:00,,,America/Chicago,Cycling,"{""calories"":83.605255126953,""effduration"":0,""intensity"":0,""pause_duration"":0,""metcumul"":0}",,2025-10-31T11:56:45-07:00
2025-10-31T12:18:00-07:00,2025-10-31T12:29:00-07:00,,,America/Phoenix,Other,"{""calories"":101.00288391113,""effduration"":0,""intensity"":0,""pause_duration"":0,""metcumul"":0}",,2025-10-31T15:35:49-07:00
2025-11-05T17:12:21-08:00,2025-11-05T18:04:07-08:00,,,America/Los_Angeles,Zumba,"{""calories"":382.1572265625,""effduration"":2760,""intensity"":50,""hr_average"":118,""hr_min"":67,""hr_max"":165,""hr_zone_0"":98,""hr_zone_1"":1653,""hr_zone_2"":1172,""hr_zone_3"":111,""device_startdate"":1762391541,""device_enddate"":1762394647,""pause_duration"":7,""steps"":5100,""distance"":3478.3576660156,""metcumul"":190.00001525879}","{""end_coordinate_latitude"":33.957145,""end_coordinate_longitude"":-117.329963,""region_center_latitude"":33.956449,""region_center_longitude"":-117.330986,""span_latitude_delta"":0.001392,""span_longitude_delta"":0.002044,""start_coordinate_latitude"":33.955753,""start_coordinate_longitude"":-117.332008,""avg_speed"":-1,""distance"":244.073425,""max_speed"":0.168326,""min_speed"":0}",2025-11-06T15:52:19-08:00
2025-11-05T17:12:21-08:00,2025-11-05T18:04:07-08:00,,,America/Los_Angeles,Zumba,{},,2025-11-06T09:02:15-08:00
2025-11-06T16:34:00-08:00,2025-11-06T16:47:00-08:00,,,America/Los_Angeles,Cycling,"{""calories"":108.51503753662,""effduration"":0,""intensity"":0,""pause_duration"":0,""metcumul"":0}",,2025-11-07T03:31:14-08:00
2025-11-06T16:53:00-08:00,2025-11-06T17:05:00-08:00,,,America/Los_Angeles,Cycling,"{""calories"":100.16772460938,""effduration"":0,""intensity"":0,""pause_duration"":0,""metcumul"":0}",,2025-11-07T03:31:14-08:00
2025-11-08T19:26:00-08:00,2025-11-08T19:37:00-08:00,,,America/Los_Angeles,Walking,"{""calories"":23.750003814697,""effduration"":660,""intensity"":0,""pause_duration"":0,""steps"":1126,""distance"":784.32000732422,""metcumul"":44.910003662109}",,2025-11-08T19:37:19-08:00
2025-11-10T17:18:32-08:00,2025-11-10T17:59:51-08:00,,,America/Los_Angeles,Walking,"{""calories"":86.740005493164,""effduration"":2400,""intensity"":50,""hr_average"":129,""hr_min"":76,""hr_max"":185,""hr_zone_0"":90,""hr_zone_1"":870,""hr_zone_2"":743,""hr_zone_3"":542,""device_startdate"":1762823912,""device_enddate"":1762826391,""pause_duration"":0,""steps"":4226,""distance"":2896.3498535156,""metcumul"":166.11999511719}","{""end_coordinate_latitude"":33.957527,""end_coordinate_longitude"":-117.328575,""region_center_latitude"":33.960027,""region_center_longitude"":-117.327114,""span_latitude_delta"":0.006168,""span_longitude_delta"":0.007804,""start_coordinate_latitude"":33.957317,""start_coordinate_longitude"":-117.328842,""avg_speed"":1.29214,""distance"":3203.215633,""max_speed"":1.855939,""min_speed"":0.162555}",2025-11-10T18:00:08-08:00
2025-11-10T17:18:32-08:00,2025-11-10T17:59:51-08:00,,,America/Los_Angeles,Walking,{},,2025-11-10T18:00:09-08:00
2025-11-11T15:45:00-08:00,2025-11-11T15:51:00-08:00,,,America/Los_Angeles,Walking,"{""calories"":6.1199998855591,""effduration"":300,""intensity"":0,""pause_duration"":0,""steps"":308,""distance"":209.57000732422,""metcumul"":13.880000114441}",,2025-11-11T16:57:13-08:00
2025-11-12T14:21:00-08:00,2025-11-12T14:36:00-08:00,,,America/Los_Angeles,Walking,"{""calories"":22.190000534058,""effduration"":900,""intensity"":0,""pause_duration"":0,""steps"":1120,""distance"":763.95989990234,""metcumul"":47.340007781982}",,2025-11-13T00:35:45-08:00
2025-11-16T20:53:00-08:00,2025-11-16T21:10:00-08:00,,,America/Los_Angeles,Cycling,"{""calories"":142.15344238281,""effduration"":0,""intensity"":0,""pause_duration"":0,""metcumul"":0}",,2025-11-16T22:37:10-08:00
2025-11-17T15:42:13-08:00,2025-11-17T16:41:37-08:00,,,America/Los_Angeles,Other,"{""calories"":545.50964355469,""effduration"":960,""intensity"":50,""hr_average"":85,""hr_min"":47,""hr_max"":126,""hr_zone_0"":1865,""hr_zone_1"":1591,""hr_zone_2"":39,""hr_zone_3"":0,""device_startdate"":1763422933,""device_enddate"":1763426497,""pause_duration"":7,""steps"":285,""distance"":201.86999511719,""metcumul"":23.85000038147}","{""end_coordinate_latitude"":33.957485,""end_coordinate_longitude"":-117.328598,""region_center_latitude"":33.95684,""region_center_longitude"":-117.330814,""span_latitude_delta"":0.002883,""span_longitude_delta"":0.004432,""start_coordinate_latitude"":33.956718,""start_coordinate_longitude"":-117.332206,""avg_speed"":0.381359,""distance"":1356.492536,""max_speed"":12.116097,""min_speed"":0}",2025-11-17T16:51:39-08:00
2025-11-17T15:42:13-08:00,2025-11-17T16:41:37-08:00,,,America/Los_Angeles,Other,{},,2025-11-17T16:51:40-08:00
2025-11-22T13:35:00-08:00,2025-11-22T13:47:00-08:00,,,America/Los_Angeles,Cycling,"{""calories"":100.3436050415,""effduration"":0,""intensity"":0,""pause_duration"":0,""metcumul"":0}",,2025-11-22T16:53:34-08:00
2025-11-22T15:19:00-08:00,2025-11-22T15:33:00-08:00,,,America/Los_Angeles,Walking,"{""calories"":15.329998970032,""effduration"":780,""intensity"":0,""pause_duration"":0,""steps"":815,""distance"":532.83001708984,""metcumul"":35.740001678467}",,2025-11-22T16:53:34-08:00
2025-11-22T18:57:00-08:00,2025-11-22T19:16:00-08:00,,,America/Los_Angeles,Cycling,"{""calories"":158.8773651123,""effduration"":0,""intensity"":0,""pause_duration"":0,""metcumul"":0}",,2025-11-23T01:11:13-08:00
2025-11-25T15:27:00-08:00,2025-11-25T15:34:00-08:00,,,America/Los_Angeles,Walking,"{""calories"":7.0700001716614,""effduration"":300,""intensity"":0,""pause_duration"":0,""steps"":325,""distance"":218.57000732422,""metcumul"":15.029998779297}",,2025-11-25T16:33:16-08:00
2025-11-27T14:22:42-08:00,2025-11-27T14:52:53-08:00,,,America/Los_Angeles,Walking,"{""calories"":37.830009460449,""effduration"":1381,""intensity"":50,""hr_average"":131,""hr_min"":64,""hr_max"":183,""hr_zone_0"":94,""hr_zone_1"":612,""hr_zone_2"":625,""hr_zone_3"":444,""device_startdate"":1764282162,""device_enddate"":1764283973,""pause_duration"":8,""steps"":2006,""distance"":1313.5999755859,""metcumul"":79.950004577637}",,2025-11-27T14:53:17-08:00
2025-11-27T14:22:42-08:00,2025-11-27T14:52:53-08:00,,,America/Los_Angeles,Walking,{},,2025-11-27T14:53:17-08:00
2025-11-28T16:38:00-08:00,2025-11-28T16:57:00-08:00,,,America/Los_Angeles,Walking,"{""calories"":17.160001754761,""effduration"":840,""intensity"":0,""pause_duration"":0,""steps"":878,""distance"":592.14001464844,""metcumul"":39.009998321533}",,2025-11-28T17:43:28-08:00
2025-11-28T17:04:00-08:00,2025-11-28T17:16:00-08:00,,,America/Los_Angeles,Walking,"{""calories"":20.389999389648,""effduration"":660,""intensity"":0,""pause_duration"":0,""steps"":1028,""distance"":708.02001953125,""metcumul"":40.800003051758}",,2025-11-28T17:43:29-08:00
2025-11-28T17:29:00-08:00,2025-11-28T17:42:00-08:00,,,America/Los_Angeles,Walking,"{""calories"":15.409999847412,""effduration"":600,""intensity"":0,""pause_duration"":0,""steps"":743,""distance"":525.29998779297,""metcumul"":31.870000839233}",,2025-11-28T17:43:29-08:00
2025-11-28T17:54:00-08:00,2025-11-28T18:17:00-08:00,,,America/Los_Angeles,Walking,"{""calories"":27.610004425049,""effduration"":1140,""intensity"":0,""pause_duration"":0,""steps"":1372,""distance"":958.31005859375,""metcumul"":58.40998840332}",,2025-11-28T18:44:16-08:00
2025-12-02T12:17:00-08:00,2025-12-02T12:36:00-08:00,,,America/Los_Angeles,Walking,"{""calories"":17.200000762939,""effduration"":900,""intensity"":0,""pause_duration"":0,""steps"":886,""distance"":598.42999267578,""metcumul"":40.110004425049}",,2025-12-02T18:40:56-08:00
2025-12-08T11:19:00-08:00,2025-12-08T11:24:00-08:00,,,America/Los_Angeles,Walking,"{""calories"":9.1400003433228,""effduration"":240,""intensity"":0,""pause_duration"":0,""steps"":431,""distance"":307.94998168945,""metcumul"":17}",,2025-12-08T13:22:32-08:00
2025-12-08T11:41:00-08:00,2025-12-08T11:54:00-08:00,,,America/Los_Angeles,Cycling,"{""calories"":108.06600952148,""effduration"":0,""intensity"":0,""pause_duration"":0,""metcumul"":0}",,2025-12-08T13:22:32-08:00
2025-12-10T21:31:00-08:00,2025-12-10T21:44:00-08:00,,,America/Los_Angeles,Walking,"{""calories"":19.170000076294,""effduration"":720,""intensity"":0,""pause_duration"":0,""steps"":973,""distance"":650.96002197266,""metcumul"":40.250003814697}",,2025-12-11T13:43:47-08:00
2025-12-15T13:07:00-08:00,2025-12-15T13:20:00-08:00,,,America/Los_Angeles,Walking,"{""calories"":8.4700002670288,""effduration"":420,""intensity"":0,""pause_duration"":0,""steps"":424,""distance"":282.11999511719,""metcumul"":19.469999313354}",,2025-12-20T07:48:15-08:00
2025-12-17T12:30:00-08:00,2025-12-17T12:43:00-08:00,,,America/Los_Angeles,Cycling,"{""calories"":107.64665985107,""effduration"":0,""intensity"":0,""pause_duration"":0,""metcumul"":0}",,2025-12-17T22:32:40-08:00
2025-12-17T14:52:24-08:00,2025-12-17T15:02:00-08:00,,,America/Los_Angeles,Walking,"{""calories"":14.569999694824,""effduration"":480,""intensity"":0,""pause_duration"":0,""steps"":721,""distance"":494.75,""metcumul"":29.260000228882}",,2025-12-17T22:32:41-08:00
2025-12-17T16:05:00-08:00,2025-12-17T16:28:00-08:00,,,America/Los_Angeles,Walking,"{""calories"":31.469999313354,""effduration"":1260,""intensity"":0,""pause_duration"":0,""steps"":1652,""distance"":1166.6300048828,""metcumul"":66.57999420166}",,2025-12-17T22:32:41-08:00
2025-12-23T22:16:00-08:00,2025-12-23T22:31:00-08:00,,,America/Los_Angeles,Cycling,"{""calories"":124.20767974854,""effduration"":0,""intensity"":0,""pause_duration"":0,""metcumul"":0}",,2025-12-25T17:11:09-08:00
2025-12-25T16:37:46-08:00,2025-12-25T17:10:13-08:00,,,America/Los_Angeles,Walking,"{""calories"":43.727710723877,""effduration"":1387,""intensity"":50,""hr_average"":120,""hr_min"":78,""hr_max"":188,""hr_zone_0"":208,""hr_zone_1"":722,""hr_zone_2"":854,""hr_zone_3"":110,""device_startdate"":1766709466,""device_enddate"":1766711413,""pause_duration"":6,""steps"":2399,""distance"":1523.4345703125,""metcumul"":27.339427947998}",,2025-12-25T17:11:10-08:00
2025-12-25T16:37:46-08:00,2025-12-25T17:10:13-08:00,,,America/Los_Angeles,Walking,{},,2025-12-25T17:11:11-08:00
2026-01-02T19:42:00-08:00,2026-01-02T19:47:00-08:00,,,America/Los_Angeles,Walking,"{""calories"":9.460000038147,""effduration"":300,""intensity"":0,""pause_duration"":0,""steps"":483,""distance"":330.25997924805,""metcumul"":18.800001144409}",,2026-01-20T12:54:16-08:00
2026-01-04T09:34:00-08:00,2026-01-04T09:53:00-08:00,,,America/Los_Angeles,Cycling,"{""calories"":157.5659942627,""effduration"":780,""intensity"":0,""hr_average"":88,""hr_min"":83,""hr_max"":93,""hr_zone_0"":177,""hr_zone_1"":470,""hr_zone_2"":0,""hr_zone_3"":0,""pause_duration"":0,""steps"":62,""distance"":40.73999786377,""metcumul"":14.560000419617}",,2026-01-20T12:54:17-08:00
2026-01-04T16:18:00-08:00,2026-01-04T16:31:00-08:00,,,America/Los_Angeles,Cycling,"{""calories"":107.8083114624,""effduration"":0,""intensity"":0,""pause_duration"":0,""metcumul"":0}",,2026-01-20T12:54:17-08:00
2026-01-20T12:46:48-08:00,2026-01-20T13:07:00-08:00,,,America/Los_Angeles,Walking,"{""calories"":38.430000305176,""effduration"":1140,""intensity"":0,""manual_distance"":0,""manual_calories"":0,""hr_average"":101,""hr_min"":73,""hr_max"":143,""hr_zone_0"":79,""hr_zone_1"":507,""hr_zone_2"":28,""hr_zone_3"":0,""pause_duration"":7,""steps"":1976,""distance"":1298.3601074219,""metcumul"":77.139999389648}","{""end_coordinate_latitude"":33.954845,""end_coordinate_longitude"":-117.328842,""region_center_latitude"":33.953245,""region_center_longitude"":-117.327713,""span_latitude_delta"":0.003276,""span_longitude_delta"":0.002258,""start_coordinate_latitude"":33.951606,""start_coordinate_longitude"":-117.326583,""avg_speed"":-1,""distance"":428.419739,""max_speed"":4.946514,""min_speed"":0}",2026-01-23T12:25:00-08:00
2026-01-20T12:55:50-08:00,2026-01-20T13:11:29-08:00,,,America/Los_Angeles,Walking,"{""calories"":28.560001373291,""effduration"":840,""intensity"":50,""hr_average"":108,""hr_min"":73,""hr_max"":147,""hr_zone_0"":79,""hr_zone_1"":610,""hr_zone_2"":213,""hr_zone_3"":0,""device_startdate"":1768942550,""device_enddate"":1768943489,""pause_duration"":11,""steps"":1443,""distance"":947.11999511719,""metcumul"":56.909996032715}","{""end_coordinate_latitude"":33.957469,""end_coordinate_longitude"":-117.328704,""region_center_latitude"":33.954538,""region_center_longitude"":-117.327888,""span_latitude_delta"":0.005863,""span_longitude_delta"":0.002609,""start_coordinate_latitude"":33.951606,""start_coordinate_longitude"":-117.326583,""avg_speed"":-1,""distance"":757.899773,""max_speed"":1.449139,""min_speed"":0}",2026-01-23T12:25:01-08:00
2026-01-20T12:55:50-08:00,2026-01-20T13:11:29-08:00,,,America/Los_Angeles,Walking,{},,2026-01-23T12:25:01-08:00
2026-01-22T13:10:00-08:00,2026-01-22T13:21:00-08:00,,,America/Los_Angeles,Cycling,"{""calories"":90.843147277832,""effduration"":0,""intensity"":0,""pause_duration"":0,""metcumul"":0}",,2026-01-25T14:50:08-08:00
2026-01-23T17:10:39-08:00,2026-01-23T17:21:00-08:00,,,America/Los_Angeles,Walking,"{""calories"":14.359999656677,""effduration"":600,""intensity"":0,""pause_duration"":0,""steps"":863,""distance"":581.77001953125,""metcumul"":31.200000762939}",,2026-01-25T14:50:08-08:00
2026-01-23T17:49:00-08:00,2026-01-23T18:00:00-08:00,,,America/Los_Angeles,Walking,"{""calories"":15.440000534058,""effduration"":660,""intensity"":0,""pause_duration"":0,""steps"":895,""distance"":588.52996826172,""metcumul"":34.150001525879}",,2026-01-25T14:50:09-08:00
2026-01-25T15:03:00-08:00,2026-01-25T15:10:00-08:00,,,America/Los_Angeles,Walking,"{""calories"":5.1999998092651,""effduration"":420,""intensity"":0,""pause_duration"":0,""steps"":320,""distance"":211.3399810791,""metcumul"":14.539999961853}",,2026-02-14T15:12:52-08:00
2026-01-25T16:27:00-08:00,2026-01-25T16:37:00-08:00,,,America/Los_Angeles,Cycling,"{""calories"":82.584678649902,""effduration"":0,""intensity"":0,""pause_duration"":0,""metcumul"":0}",,2026-02-14T15:12:52-08:00
2026-01-27T16:53:00-08:00,2026-01-27T17:23:00-08:00,,,America/Los_Angeles,Walking,"{""calories"":39.470001220703,""effduration"":1680,""intensity"":0,""pause_duration"":0,""steps"":2027,""distance"":1341.4100341797,""metcumul"":86.270011901855}",,2026-02-14T15:12:53-08:00
2026-02-14T12:52:00-08:00,2026-02-14T13:17:00-08:00,,,America/Los_Angeles,Walking,"{""calories"":40.219993591309,""effduration"":1440,""intensity"":0,""hr_average"":115,""hr_min"":98,""hr_max"":131,""hr_zone_0"":0,""hr_zone_1"":769,""hr_zone_2"":492,""hr_zone_3"":0,""pause_duration"":0,""steps"":1995,""distance"":1404.3499755859,""metcumul"":81.75}",,2026-02-14T15:13:02-08:00
2026-02-14T14:41:00-08:00,2026-02-14T15:14:00-08:00,,,America/Los_Angeles,Walking,"{""calories"":149.58921813965,""effduration"":0,""intensity"":33,""manual_intensity"":0,""hr_average"":109,""hr_min"":109,""hr_max"":110,""hr_zone_0"":0,""hr_zone_1"":1877,""hr_zone_2"":0,""hr_zone_3"":0,""pause_duration"":0,""steps"":2582,""distance"":1731.8499755859,""metcumul"":4.7656984329224}",,2026-03-09T13:25:54-07:00
2026-03-27T12:14:00-07:00,2026-03-27T12:25:00-07:00,,,America/Los_Angeles,Walking,"{""calories"":62.98853302002,""effduration"":660,""intensity"":57,""manual_intensity"":0,""pause_duration"":0,""steps"":820,""distance"":561.7900390625,""metcumul"":6.0352873802185}",,2026-04-02T21:52:19-07:00
2026-03-27T13:12:00-07:00,2026-03-27T13:25:00-07:00,,,America/Los_Angeles,Walking,"{""calories"":77.170875549316,""effduration"":720,""intensity"":61,""manual_intensity"":0,""pause_duration"":0,""steps"":924,""distance"":613.75,""metcumul"":6.2566118240356}",,2026-04-02T21:52:20-07:00
2026-03-27T18:20:00-07:00,2026-03-27T18:25:00-07:00,,,America/Los_Angeles,Walking,"{""calories"":27.881229400635,""effduration"":300,""intensity"":54,""manual_intensity"":0,""pause_duration"":0,""steps"":373,""distance"":247.75,""metcumul"":5.8772077560425}",,2026-04-02T21:52:20-07:00
2026-03-28T14:21:00-07:00,2026-03-28T14:40:00-07:00,,,America/Los_Angeles,Walking,"{""calories"":98.806213378906,""effduration"":1080,""intensity"":46,""manual_intensity"":0,""pause_duration"":0,""steps"":1044,""distance"":695.65008544922,""metcumul"":5.4809999465942}",,2026-04-02T21:52:20-07:00
2026-04-01T18:14:00-07:00,2026-04-01T18:28:00-07:00,,,America/Los_Angeles,Walking,"{""calories"":76.540855407715,""effduration"":780,""intensity"":51,""manual_intensity"":0,""hr_average"":101,""hr_min"":101,""hr_max"":102,""hr_zone_0"":0,""hr_zone_1"":657,""hr_zone_2"":0,""hr_zone_3"":0,""pause_duration"":0,""steps"":978,""distance"":651.7099609375,""metcumul"":5.7355813980103}",,2026-04-05T21:16:15-07:00
2026-04-01T18:48:00-07:00,2026-04-01T18:54:00-07:00,,,America/Los_Angeles,Walking,"{""calories"":17.157749176025,""effduration"":0,""intensity"":0,""manual_intensity"":0,""pause_duration"":0,""steps"":347,""distance"":227.2200012207,""metcumul"":3}",,2026-04-19T02:47:21-07:00
2026-04-03T18:52:00-07:00,2026-04-03T19:05:00-07:00,,,America/Los_Angeles,Walking,"{""calories"":78.81364440918,""effduration"":720,""intensity"":63,""hr_average"":121,""hr_min"":111,""hr_max"":129,""hr_zone_0"":0,""hr_zone_1"":529,""hr_zone_2"":145,""hr_zone_3"":0,""pause_duration"":0,""steps"":925,""distance"":641.45001220703,""metcumul"":6.3601922988892}",,2026-04-19T02:47:46-07:00
2026-04-03T19:14:00-07:00,2026-04-03T19:19:00-07:00,,,America/Los_Angeles,Walking,"{""calories"":14.298124313354,""effduration"":300,""intensity"":0,""pause_duration"":0,""steps"":277,""distance"":185.03999328613,""metcumul"":3}",,2026-04-19T02:47:47-07:00
2026-04-04T20:47:00-07:00,2026-04-04T20:57:00-07:00,,,America/Los_Angeles,Walking,"{""calories"":53.915203094482,""effduration"":600,""intensity"":50,""pause_duration"":0,""steps"":753,""distance"":469.08999633789,""metcumul"":5.6561822891235}",,2026-04-19T02:47:47-07:00
2026-04-06T21:15:00-07:00,2026-04-06T21:23:00-07:00,,,America/Los_Angeles,Walking,"{""calories"":41.555545806885,""effduration"":420,""intensity"":46,""pause_duration"":0,""steps"":435,""distance"":292.19000244141,""metcumul"":5.4494314193726}",,2026-04-19T02:47:48-07:00
2026-04-08T11:59:00-07:00,2026-04-08T12:07:00-07:00,,,America/Los_Angeles,Walking,"{""calories"":22.876998901367,""effduration"":0,""intensity"":0,""pause_duration"":0,""steps"":575,""distance"":398.02001953125,""metcumul"":3}",,2026-04-19T02:47:54-07:00
2026-04-23T09:22:00-07:00,2026-04-23T09:34:00-07:00,,,America/Los_Angeles,Walking,"{""calories"":62.630176544189,""effduration"":1248,""intensity"":46,""pause_duration"":0,""steps"":1849,""distance"":1228.2690429688,""metcumul"":5.4753837585449}",,2026-04-23T11:12:38-07:00
2026-04-23T15:05:00-07:00,2026-04-23T15:14:00-07:00,,,America/Los_Angeles,Walking,"{""calories"":25.736623764038,""effduration"":540,""intensity"":0,""pause_duration"":0,""steps"":756,""distance"":496.98001098633,""metcumul"":3}",,2026-04-23T17:27:19-07:00
2026-04-23T17:48:00-07:00,2026-04-23T17:53:00-07:00,,,America/Los_Angeles,Walking,"{""calories"":27.826301574707,""effduration"":300,""intensity"":53,""pause_duration"":0,""steps"":457,""distance"":293.38000488281,""metcumul"":5.8384509086609}",,2026-04-23T18:40:24-07:00
2026-04-23T18:34:00-07:00,2026-04-23T18:41:00-07:00,,,America/Los_Angeles,Walking,"{""calories"":20.017374038696,""effduration"":420,""intensity"":0,""pause_duration"":0,""steps"":579,""distance"":380.17999267578,""metcumul"":3}",,2026-04-23T18:41:14-07:00
2026-04-23T19:57:00-07:00,2026-04-23T20:02:00-07:00,,,America/Los_Angeles,Walking,"{""calories"":14.298124313354,""effduration"":300,""intensity"":0,""pause_duration"":0,""steps"":296,""distance"":198.74000549316,""metcumul"":3}",,2026-04-23T20:50:26-07:00
2026-04-23T21:37:00-07:00,2026-04-23T21:43:00-07:00,,,America/Los_Angeles,Walking,"{""calories"":17.157749176025,""effduration"":360,""intensity"":0,""pause_duration"":0,""steps"":410,""distance"":268.13998413086,""metcumul"":3}",,2026-04-23T22:20:33-07:00
2026-04-23T21:52:00-07:00,2026-04-23T21:57:00-07:00,,,America/Los_Angeles,Walking,"{""calories"":25.92599105835,""effduration"":300,""intensity"":45,""pause_duration"":0,""steps"":376,""distance"":241.69000244141,""metcumul"":5.4093871116638}",,2026-04-26T10:47:25-07:00
2026-04-23T22:21:00-07:00,2026-04-23T22:37:00-07:00,,,America/Los_Angeles,Walking,"{""calories"":46.010665893555,""effduration"":960,""intensity"":0,""pause_duration"":0,""steps"":1482,""distance"":951.95001220703,""metcumul"":3}",,2026-04-26T10:47:25-07:00
2026-04-26T15:32:00-07:00,2026-04-26T15:38:00-07:00,,,America/Los_Angeles,Walking,"{""calories"":30.625385284424,""effduration"":644,""intensity"":43,""pause_duration"":0,""steps"":853,""distance"":553.62878417969,""metcumul"":5.3249187469482}",,2026-04-26T20:51:12-07:00
2026-04-26T17:48:00-07:00,2026-04-26T17:54:00-07:00,,,America/Los_Angeles,Walking,"{""calories"":17.253999710083,""effduration"":360,""intensity"":0,""pause_duration"":0,""steps"":337,""distance"":233.69999694824,""metcumul"":3}",,2026-04-26T20:51:21-07:00
2026-04-27T13:36:00-07:00,2026-04-27T13:45:00-07:00,,,America/Los_Angeles,Walking,"{""calories"":54.047168731689,""effduration"":480,""intensity"":61,""pause_duration"":0,""steps"":635,""distance"":435.57000732422,""metcumul"":6.2676553726196}",,2026-04-29T10:55:02-07:00
2026-05-04T19:31:38-07:00,2026-05-04T19:59:13-07:00,,,America/Los_Angeles,Walking,"{""calories"":149.32089233398,""effduration"":1069,""intensity"":0,""manual_intensity"":50,""device_startdate"":1777948298,""device_enddate"":1777949953,""pause_duration"":0,""steps"":1876,""distance"":1159.9211425781,""metcumul"":5.6500000953674}",,2026-05-07T20:55:28-07:00
2026-05-04T19:31:38-07:00,2026-05-04T19:59:13-07:00,,,America/Los_Angeles,Walking,{},,2026-05-07T20:55:28-07:00
2026-05-07T19:58:00-07:00,2026-05-07T20:10:00-07:00,,,America/Los_Angeles,Walking,"{""calories"":34.492752075195,""effduration"":720,""intensity"":0,""pause_duration"":0,""steps"":962,""distance"":639.91998291016,""metcumul"":3}",,2026-05-07T20:59:51-07:00
2026-05-07T20:44:00-07:00,2026-05-07T21:02:00-07:00,,,America/Los_Angeles,Walking,"{""calories"":51.739128112793,""effduration"":960,""intensity"":0,""pause_duration"":0,""steps"":1373,""distance"":916.15002441406,""metcumul"":3}",,2026-05-10T13:15:54-07:00
2026-05-10T11:27:43-07:00,2026-05-10T13:13:29-07:00,,,America/Los_Angeles,Walking,"{""calories"":572.56213378906,""effduration"":3862,""intensity"":54,""manual_intensity"":50,""hr_average"":106,""hr_min"":47,""hr_max"":150,""hr_zone_0"":536,""hr_zone_1"":4398,""hr_zone_2"":291,""hr_zone_3"":0,""device_startdate"":1778437663,""device_enddate"":1778444009,""pause_duration"":1057,""steps"":4786,""distance"":3118.0051269531,""metcumul"":5.6500000953674}",,2026-05-10T22:56:33-07:00
2026-05-10T11:27:43-07:00,2026-05-10T13:13:29-07:00,,,America/Los_Angeles,Walking,{},,2026-05-10T13:15:39-07:00
2026-05-10T21:20:00-07:00,2026-05-10T21:44:00-07:00,,,America/Los_Angeles,Walking,"{""calories"":141.42939758301,""effduration"":1380,""intensity"":59,""pause_duration"":0,""steps"":1966,""distance"":1331.25,""metcumul"":6.1503958702087}",,2026-05-10T22:56:34-07:00
2026-05-10T14:16:00-07:00,2026-05-10T15:13:00-07:00,,,America/Los_Angeles,Walking,"{""calories"":321.99090576172,""effduration"":3060,""intensity"":54,""hr_average"":106,""hr_min"":52,""hr_max"":131,""hr_zone_0"":417,""hr_zone_1"":1171,""hr_zone_2"":228,""hr_zone_3"":0,""pause_duration"":0,""steps"":4126,""distance"":2780.2199707031,""metcumul"":5.895809173584}",,2026-05-10T22:56:33-07:00
2026-05-10T15:57:00-07:00,2026-05-10T16:10:00-07:00,,,America/Los_Angeles,Walking,"{""calories"":37.367149353027,""effduration"":660,""intensity"":0,""pause_duration"":0,""steps"":834,""distance"":575.10998535156,""metcumul"":3}",,2026-05-10T22:56:34-07:00
2026-05-10T20:11:00-07:00,2026-05-10T20:30:00-07:00,,,America/Los_Angeles,Walking,"{""calories"":109.64767456055,""effduration"":1080,""intensity"":57,""pause_duration"":0,""steps"":1433,""distance"":985.26000976562,""metcumul"":6.0231056213379}",,2026-05-10T22:56:34-07:00
2026-05-11T07:26:00-07:00,2026-05-11T07:48:00-07:00,,,America/Los_Angeles,Walking,"{""calories"":139.70559692383,""effduration"":1260,""intensity"":68,""pause_duration"":0,""steps"":2098,""distance"":1497.6700439453,""metcumul"":6.6277446746826}",,2026-05-11T23:16:37-07:00
2026-05-11T16:35:00-07:00,2026-05-11T16:57:00-07:00,,,America/Los_Angeles,Walking,"{""calories"":125.61946868896,""effduration"":1793,""intensity"":55,""pause_duration"":0,""steps"":2485,""distance"":1635.2419433594,""metcumul"":5.9594879150391}",,2026-05-11T23:16:38-07:00
2026-05-11T12:44:00-07:00,2026-05-11T12:49:00-07:00,,,America/Los_Angeles,Walking,"{""calories"":14.371980667114,""effduration"":300,""intensity"":0,""pause_duration"":0,""steps"":307,""distance"":207.18000793457,""metcumul"":3}",,2026-05-11T23:16:37-07:00
2026-05-11T16:19:00-07:00,2026-05-11T16:30:00-07:00,,,America/Los_Angeles,Walking,"{""calories"":31.618356704712,""effduration"":540,""intensity"":0,""pause_duration"":0,""steps"":667,""distance"":431.39999389648,""metcumul"":3}",,2026-05-11T23:16:37-07:00
2026-05-12T10:04:00-07:00,2026-05-12T10:17:00-07:00,,,America/Los_Angeles,Walking,"{""calories"":76.211837768555,""effduration"":780,""intensity"":58,""pause_duration"":0,""steps"":1319,""distance"":940.13995361328,""metcumul"":6.1186237335205}",,2026-05-12T22:19:57-07:00
2026-05-12T16:15:00-07:00,2026-05-12T16:36:00-07:00,,,America/Los_Angeles,Walking,"{""calories"":60.362316131592,""effduration"":1260,""intensity"":0,""pause_duration"":0,""steps"":1661,""distance"":1113.6799316406,""metcumul"":3}",,2026-05-12T22:19:57-07:00
2026-05-12T16:58:00-07:00,2026-05-12T17:03:00-07:00,,,America/Los_Angeles,Walking,"{""calories"":14.371980667114,""effduration"":300,""intensity"":0,""pause_duration"":0,""steps"":356,""distance"":249.05999755859,""metcumul"":3}",,2026-05-12T22:19:57-07:00
2026-05-13T08:20:00-07:00,2026-05-13T08:45:00-07:00,,,America/Los_Angeles,Walking,"{""calories"":150.08070373535,""effduration"":1500,""intensity"":61,""pause_duration"":0,""steps"":1934,""distance"":1330.1700439453,""metcumul"":6.2655539512634}",,2026-05-18T10:44:49-07:00
2026-05-13T20:42:00-07:00,2026-05-13T20:49:00-07:00,,,America/Los_Angeles,Walking,"{""calories"":20.217021942139,""effduration"":420,""intensity"":0,""pause_duration"":0,""steps"":457,""distance"":317.95999145508,""metcumul"":3}",,2026-05-18T11:26:58-07:00
2026-05-23T16:43:00-07:00,2026-05-23T16:49:00-07:00,,,America/Los_Angeles,Walking,"{""calories"":17.328876495361,""effduration"":360,""intensity"":0,""pause_duration"":0,""steps"":470,""distance"":320.30001831055,""metcumul"":3}",,2026-05-23T19:57:37-07:00
2026-05-24T12:31:00-07:00,2026-05-24T12:43:00-07:00,,,America/Los_Angeles,Walking,"{""calories"":34.657752990723,""effduration"":720,""intensity"":0,""pause_duration"":0,""steps"":723,""distance"":475.29998779297,""metcumul"":3}",,2026-05-26T10:22:09-07:00
2026-05-29T19:50:00-07:00,2026-05-29T19:57:00-07:00,,,America/Los_Angeles,Walking,"{""calories"":20.217021942139,""effduration"":452,""intensity"":0,""pause_duration"":0,""steps"":594,""distance"":371.69299316406,""metcumul"":3}",,2026-05-30T22:27:01-07:00
2026-05-31T16:45:00-07:00,2026-05-31T16:58:00-07:00,,,America/Los_Angeles,Walking,"{""calories"":78.886764526367,""effduration"":660,""intensity"":62,""hr_average"":119,""hr_min"":103,""hr_max"":134,""hr_zone_0"":0,""hr_zone_1"":492,""hr_zone_2"":196,""hr_zone_3"":0,""pause_duration"":0,""steps"":714,""distance"":482.39996337891,""metcumul"":6.2860417366028}",,2026-05-31T22:57:08-07:00
2026-06-01T19:02:21-07:00,2026-06-01T19:41:54-07:00,,,America/Los_Angeles,Walking,"{""calories"":215.46734619141,""effduration"":2280,""intensity"":62,""manual_intensity"":50,""hr_average"":119,""hr_min"":93,""hr_max"":145,""hr_zone_0"":0,""hr_zone_1"":1896,""hr_zone_2"":450,""hr_zone_3"":0,""device_startdate"":1780365741,""device_enddate"":1780368114,""pause_duration"":6,""steps"":3583,""distance"":2415.6801757812,""metcumul"":5.6500000953674}",,2026-06-01T19:45:47-07:00
2026-06-01T19:02:21-07:00,2026-06-01T19:41:54-07:00,,,America/Los_Angeles,Walking,{},,2026-06-01T19:45:48-07:00
2026-06-06T14:47:00-07:00,2026-06-06T14:52:00-07:00,,,America/Los_Angeles,Walking,"{""calories"":14.420313835144,""effduration"":300,""intensity"":0,""pause_duration"":0,""steps"":460,""distance"":319.34997558594,""metcumul"":3}",,2026-06-11T00:35:30-07:00
2026-06-09T15:19:00-07:00,2026-06-09T16:06:00-07:00,,,America/Los_Angeles,Walking,"{""calories"":253.4467010498,""effduration"":2643,""intensity"":49,""pause_duration"":0,""steps"":3579,""distance"":2311.9260253906,""metcumul"":5.6092567443848}",,2026-06-11T00:35:31-07:00
2026-06-12T14:20:21-07:00,2026-06-12T15:57:15-07:00,,,America/Los_Angeles,Hiking,"{""calories"":523.39947509766,""effduration"":4680,""intensity"":59,""manual_intensity"":50,""hr_average"":116,""hr_min"":67,""hr_max"":177,""hr_zone_0"":805,""hr_zone_1"":3293,""hr_zone_2"":1368,""hr_zone_3"":287,""device_startdate"":1781299221,""device_enddate"":1781305035,""pause_duration"":7,""steps"":5398,""distance"":3503.7004394531,""metcumul"":5.6500000953674}",,2026-06-28T18:11:17-07:00
2026-06-12T14:20:21-07:00,2026-06-12T15:57:15-07:00,,,America/Los_Angeles,Hiking,{},,2026-06-12T15:58:09-07:00
2026-06-17T20:50:00-07:00,2026-06-17T21:10:00-07:00,,,America/Los_Angeles,Walking,"{""calories"":149.18368530273,""effduration"":1200,""intensity"":90,""hr_average"":165,""hr_min"":165,""hr_max"":167,""hr_zone_0"":0,""hr_zone_1"":0,""hr_zone_2"":0,""hr_zone_3"":670,""pause_duration"":0,""steps"":1946,""distance"":1284.9500732422,""metcumul"":7.7720637321472}",,2026-06-20T16:05:49-07:00
2026-06-18T13:34:00-07:00,2026-06-18T13:39:00-07:00,,,America/Los_Angeles,Walking,"{""calories"":30.786428451538,""effduration"":300,""intensity"":64,""pause_duration"":0,""steps"":453,""distance"":306.53997802734,""metcumul"":6.4155559539795}",,2026-06-20T16:06:04-07:00
2026-06-18T17:22:00-07:00,2026-06-18T17:32:00-07:00,,,America/Los_Angeles,Walking,"{""calories"":51.986129760742,""effduration"":600,""intensity"":45,""pause_duration"":0,""steps"":823,""distance"":547.19000244141,""metcumul"":5.4166712760925}",,2026-06-20T16:06:04-07:00
2026-06-20T19:26:34-07:00,2026-06-20T19:53:31-07:00,,,America/Los_Angeles,Walking,"{""calories"":146.13768005371,""effduration"":1620,""intensity"":58,""manual_intensity"":50,""hr_average"":113,""hr_min"":92,""hr_max"":131,""hr_zone_0"":0,""hr_zone_1"":1545,""hr_zone_2"":49,""hr_zone_3"":0,""device_startdate"":1782008794,""device_enddate"":1782010411,""pause_duration"":0,""steps"":3771,""distance"":2587.5500488281,""metcumul"":5.6500000953674}","{""end_coordinate_latitude"":33.656414,""end_coordinate_longitude"":-117.837234,""region_center_latitude"":33.655939,""region_center_longitude"":-117.835304,""span_latitude_delta"":0.00185,""span_longitude_delta"":0.00389,""start_coordinate_latitude"":33.65538,""start_coordinate_longitude"":-117.835594,""avg_speed"":0.699829,""distance"":1131.623137,""max_speed"":1.594225,""min_speed"":0}",2026-06-20T21:04:04-07:00
2026-06-20T19:26:34-07:00,2026-06-20T19:53:31-07:00,,,America/Los_Angeles,Walking,{},,2026-06-20T19:54:14-07:00
2026-06-21T14:58:00-07:00,2026-06-21T15:04:00-07:00,,,America/Los_Angeles,Walking,"{""calories"":17.275373458862,""effduration"":360,""intensity"":0,""pause_duration"":0,""steps"":449,""distance"":307.30999755859,""metcumul"":3}",,2026-06-22T21:59:31-07:00
2026-06-21T18:16:00-07:00,2026-06-21T18:22:00-07:00,,,America/Los_Angeles,Walking,"{""calories"":17.275373458862,""effduration"":360,""intensity"":0,""pause_duration"":0,""steps"":458,""distance"":313.26998901367,""metcumul"":3}",,2026-06-22T21:59:32-07:00
2026-06-22T21:20:10-07:00,2026-06-22T21:58:54-07:00,,,America/Los_Angeles,Walking,"{""calories"":210.03337097168,""effduration"":2100,""intensity"":56,""manual_intensity"":50,""hr_average"":110,""hr_min"":54,""hr_max"":170,""hr_zone_0"":514,""hr_zone_1"":1212,""hr_zone_2"":495,""hr_zone_3"":35,""device_startdate"":1782188410,""device_enddate"":1782190734,""pause_duration"":8,""steps"":2090,""distance"":1409.1796875,""metcumul"":5.6500000953674}",,2026-06-22T21:59:33-07:00
2026-06-22T21:20:10-07:00,2026-06-22T21:58:54-07:00,,,America/Los_Angeles,Walking,{},,2026-06-22T21:59:33-07:00
2026-06-25T21:54:22-07:00,2026-06-25T22:29:52-07:00,,,America/Los_Angeles,Walking,"{""calories"":191.75109863281,""effduration"":2100,""intensity"":71,""manual_intensity"":50,""hr_average"":135,""hr_min"":94,""hr_max"":176,""hr_zone_0"":0,""hr_zone_1"":946,""hr_zone_2"":747,""hr_zone_3"":435,""device_startdate"":1782449662,""device_enddate"":1782451792,""pause_duration"":0,""steps"":3621,""distance"":2458.0502929688,""metcumul"":5.6500000953674}","{""end_coordinate_latitude"":33.957515,""end_coordinate_longitude"":-117.32862,""region_center_latitude"":33.957365,""region_center_longitude"":-117.328662,""span_latitude_delta"":0.000316,""span_longitude_delta"":8.3e-5,""start_coordinate_latitude"":33.957206,""start_coordinate_longitude"":-117.328651,""avg_speed"":-1,""distance"":41.411497,""max_speed"":1.151608,""min_speed"":0.373158}",2026-07-01T18:06:13-07:00
2026-06-25T21:54:22-07:00,2026-06-25T22:29:52-07:00,,,America/Los_Angeles,Walking,{},,2026-06-25T22:36:18-07:00
2026-06-28T15:45:09-07:00,2026-06-28T17:44:43-07:00,,,America/Los_Angeles,Hiking,"{""calories"":645.83209228516,""effduration"":5770,""intensity"":58,""manual_intensity"":50,""manual_distance"":1708.6760253906,""manual_calories"":107.70176696777,""hr_average"":126,""hr_min"":72,""hr_max"":173,""hr_zone_0"":216,""hr_zone_1"":3229,""hr_zone_2"":2647,""hr_zone_3"":160,""device_startdate"":1782686709,""device_enddate"":1782693883,""pause_duration"":915,""steps"":8298,""distance"":5444.740234375,""metcumul"":5.6500000953674}","{""end_coordinate_latitude"":34.170452,""end_coordinate_longitude"":-117.522377,""region_center_latitude"":34.177463,""region_center_longitude"":-117.52362,""span_latitude_delta"":0.014022,""span_longitude_delta"":0.003402,""start_coordinate_latitude"":34.184474,""start_coordinate_longitude"":-117.524482,""avg_speed"":-1,""distance"":1710.496395,""max_speed"":1.902239,""min_speed"":0.115485}",2026-07-09T16:35:17-07:00
2026-06-28T15:45:09-07:00,2026-06-28T17:44:43-07:00,,,America/Los_Angeles,Hiking,{},,2026-06-28T17:44:53-07:00
2026-06-28T15:43:00-07:00,2026-06-28T16:26:00-07:00,,,America/Los_Angeles,Walking,"{""calories"":232.26190185547,""effduration"":2400,""intensity"":71,""manual_intensity"":50,""manual_calories"":208,""hr_average"":136,""hr_min"":78,""hr_max"":173,""hr_zone_0"":97,""hr_zone_1"":591,""hr_zone_2"":1748,""hr_zone_3"":115,""device_startdate"":1782686580,""device_enddate"":1782689160,""pause_duration"":0,""steps"":2871,""distance"":1863.2890625,""metcumul"":5.6500000953674}",,2026-07-05T10:47:30-07:00
2026-07-11T15:36:00-07:00,2026-07-11T15:52:00-07:00,,,America/Los_Angeles,Walking,"{""calories"":86.162498474121,""effduration"":960,""intensity"":51,""manual_intensity"":50,""manual_distance"":19.16304397583,""manual_calories"":54.926502227783,""hr_average"":105,""hr_min"":73,""hr_max"":154,""hr_zone_0"":225,""hr_zone_1"":549,""hr_zone_2"":182,""hr_zone_3"":0,""device_startdate"":1783809360,""device_enddate"":1783810320,""pause_duration"":0,""steps"":169,""distance"":104.49183654785,""metcumul"":5.6500000953674}","{""end_coordinate_latitude"":33.689208,""end_coordinate_longitude"":-117.882881,""region_center_latitude"":33.689235,""region_center_longitude"":-117.882919,""span_latitude_delta"":5.3e-5,""span_longitude_delta"":7.6e-5,""start_coordinate_latitude"":33.689243,""start_coordinate_longitude"":-117.882896,""avg_speed"":-1,""distance"":17.356654,""max_speed"":0.101356,""min_speed"":0}",2026-07-16T13:55:37-07:00
2026-07-11T16:46:00-07:00,2026-07-11T16:58:00-07:00,,,America/Los_Angeles,Walking,"{""calories"":64.621871948242,""effduration"":720,""intensity"":57,""manual_intensity"":50,""manual_distance"":431.71365356445,""manual_calories"":35.966983795166,""hr_average"":114,""hr_min"":95,""hr_max"":134,""hr_zone_0"":0,""hr_zone_1"":636,""hr_zone_2"":80,""hr_zone_3"":0,""device_startdate"":1783813560,""device_enddate"":1783814280,""pause_duration"":0,""steps"":507,""distance"":313.47552490234,""metcumul"":5.6500000953674}","{""end_coordinate_latitude"":33.691749,""end_coordinate_longitude"":-117.887504,""region_center_latitude"":33.690464,""region_center_longitude"":-117.887401,""span_latitude_delta"":0.002655,""span_longitude_delta"":0.001411,""start_coordinate_latitude"":33.689136,""start_coordinate_longitude"":-117.886695,""avg_speed"":0.600352,""distance"":432.253721,""max_speed"":2.158603,""min_speed"":0}",2026-07-12T11:51:43-07:00
2026-07-11T20:35:00-07:00,2026-07-11T20:55:00-07:00,,,America/Los_Angeles,Walking,"{""calories"":107.703125,""effduration"":1140,""intensity"":56,""manual_intensity"":50,""manual_calories"":64.024917602539,""hr_average"":113,""hr_min"":91,""hr_max"":167,""hr_zone_0"":0,""hr_zone_1"":982,""hr_zone_2"":78,""hr_zone_3"":18,""device_startdate"":1783827300,""device_enddate"":1783828500,""pause_duration"":10,""steps"":1853,""distance"":1246.9901123047,""metcumul"":5.6500000953674}",,2026-07-12T11:51:51-07:00
2026-07-11T20:35:35-07:00,2026-07-11T20:55:05-07:00,,,America/Los_Angeles,Walking,{},,2026-07-12T11:51:52-07:00
2026-07-12T21:52:37-07:00,2026-07-12T22:22:37-07:00,,,America/Los_Angeles,Swimming,"{""calories"":247.33592224121,""effduration"":0,""manual_calories"":207.22402954102,""device_startdate"":1783918357,""device_enddate"":1783920157,""pause_duration"":0,""laps"":0,""mvts"":0,""pool_length"":25,""type"":9}",,2026-07-12T22:23:15-07:00
2026-07-12T21:55:00-07:00,2026-07-12T22:25:00-07:00,,,America/Los_Angeles,Swimming,"{""calories"":161.93756103516,""manual_distance"":0,""manual_calories"":162,""pause_duration"":0,""laps"":0,""mvts"":0,""pool_length"":25,""type"":9}",,2026-07-13T07:47:44-07:00
2026-07-13T09:18:00-07:00,2026-07-13T09:28:00-07:00,,,America/Los_Angeles,Walking,"{""calories"":53.655380249023,""effduration"":600,""intensity"":55,""manual_intensity"":50,""manual_calories"":21.092769622803,""hr_average"":112,""hr_min"":74,""hr_max"":134,""hr_zone_0"":25,""hr_zone_1"":535,""hr_zone_2"":35,""hr_zone_3"":0,""device_startdate"":1783959480,""device_enddate"":1783960080,""pause_duration"":0,""steps"":126,""distance"":82.208709716797,""metcumul"":5.6500000953674}",,2026-07-13T11:58:32-07:00
2026-07-13T11:01:00-07:00,2026-07-13T11:19:00-07:00,,,America/Los_Angeles,Walking,"{""calories"":96.579689025879,""effduration"":1140,""intensity"":43,""manual_intensity"":50,""manual_calories"":30.65584564209,""hr_average"":93,""hr_min"":73,""hr_max"":128,""hr_zone_0"":336,""hr_zone_1"":619,""hr_zone_2"":2,""hr_zone_3"":0,""device_startdate"":1783965660,""device_enddate"":1783966740,""pause_duration"":0,""steps"":458,""distance"":299.5302734375,""metcumul"":5.6500000953674}",,2026-07-15T14:36:18-07:00
2026-07-13T15:30:00-07:00,2026-07-13T15:55:00-07:00,,,America/Los_Angeles,Walking,"{""calories"":134.13845825195,""effduration"":1440,""intensity"":58,""manual_intensity"":50,""manual_calories"":83.951507568359,""hr_average"":117,""hr_min"":91,""hr_max"":149,""hr_zone_0"":0,""hr_zone_1"":1107,""hr_zone_2"":359,""hr_zone_3"":0,""device_startdate"":1783981800,""device_enddate"":1783983300,""pause_duration"":0,""steps"":1796,""distance"":1159.2601318359,""metcumul"":5.6500000953674}",,2026-07-14T11:13:20-07:00
2026-07-13T16:43:00-07:00,2026-07-13T17:10:00-07:00,,,America/Los_Angeles,Hiking,"{""calories"":144.86953735352,""effduration"":1560,""intensity"":59,""manual_intensity"":50,""manual_calories"":88.675140380859,""hr_average"":118,""hr_min"":110,""hr_max"":129,""hr_zone_0"":0,""hr_zone_1"":1552,""hr_zone_2"":35,""hr_zone_3"":0,""device_startdate"":1783986180,""device_enddate"":1783987800,""pause_duration"":0,""steps"":2465,""distance"":1675.9702148438,""metcumul"":5.6500000953674}",,2026-07-14T11:13:21-07:00
2026-07-13T17:59:00-07:00,2026-07-13T18:09:00-07:00,,,America/Los_Angeles,Walking,"{""calories"":53.655380249023,""effduration"":540,""intensity"":51,""manual_intensity"":50,""manual_distance"":548.45947265625,""manual_calories"":25.519420623779,""hr_average"":105,""hr_min"":92,""hr_max"":116,""hr_zone_0"":0,""hr_zone_1"":566,""hr_zone_2"":0,""hr_zone_3"":0,""device_startdate"":1783990740,""device_enddate"":1783991340,""pause_duration"":0,""steps"":794,""distance"":527.88000488281,""metcumul"":5.6500000953674}","{""end_coordinate_latitude"":33.34925,""end_coordinate_longitude"":-118.326171,""region_center_latitude"":33.347135,""region_center_longitude"":-118.326805,""span_latitude_delta"":0.00423,""span_longitude_delta"":0.001388,""start_coordinate_latitude"":33.34502,""start_coordinate_longitude"":-118.326583,""avg_speed"":0.909638,""distance"":545.782717,""max_speed"":1.542734,""min_speed"":0.42309}",2026-07-14T11:13:21-07:00
2026-07-13T18:24:00-07:00,2026-07-13T18:41:00-07:00,,,America/Los_Angeles,Walking,"{""calories"":91.214149475098,""effduration"":1020,""intensity"":53,""manual_intensity"":50,""manual_distance"":1104.8604736328,""manual_calories"":48.384037017822,""hr_average"":108,""hr_min"":99,""hr_max"":114,""hr_zone_0"":0,""hr_zone_1"":1016,""hr_zone_2"":0,""hr_zone_3"":0,""device_startdate"":1783992240,""device_enddate"":1783993260,""pause_duration"":0,""steps"":1459,""distance"":981.98480224609,""metcumul"":5.6500000953674}","{""end_coordinate_latitude"":33.344345,""end_coordinate_longitude"":-118.322219,""region_center_latitude"":33.34589,""region_center_longitude"":-118.324851,""span_latitude_delta"":0.005996,""span_longitude_delta"":0.005264,""start_coordinate_latitude"":33.348888,""start_coordinate_longitude"":-118.326148,""avg_speed"":1.085189,""distance"":1106.892947,""max_speed"":1.408306,""min_speed"":0.254531}",2026-07-14T11:13:21-07:00
2026-07-16T13:57:50-07:00,2026-07-16T14:08:07-07:00,,,America/Los_Angeles,Walking,"{""calories"":55.175617218018,""effduration"":0,""intensity"":43,""manual_intensity"":50,""hr_average"":94,""hr_min"":70,""hr_max"":118,""hr_zone_0"":215,""hr_zone_1"":375,""hr_zone_2"":0,""hr_zone_3"":0,""device_startdate"":1784235470,""device_enddate"":1784236087,""pause_duration"":7,""metcumul"":5.6500000953674}","{""end_coordinate_latitude"":33.956813,""end_coordinate_longitude"":-117.33226,""region_center_latitude"":33.956747,""region_center_longitude"":-117.33229,""span_latitude_delta"":0.000156,""span_longitude_delta"":9.1e-5,""start_coordinate_latitude"":33.956668,""start_coordinate_longitude"":-117.332336,""avg_speed"":0.059676,""distance"":36.40229,""max_speed"":0.16448,""min_speed"":0}",2026-07-16T14:08:17-07:00
2026-07-16T13:57:50-07:00,2026-07-16T14:08:07-07:00,,,America/Los_Angeles,Walking,{},,2026-07-16T14:08:17-07:00
2026-07-16T14:11:38-07:00,2026-07-16T14:21:49-07:00,,,America/Los_Angeles,Walking,"{""calories"":54.639064788818,""effduration"":240,""intensity"":54,""manual_intensity"":50,""hr_average"":111,""hr_min"":97,""hr_max"":124,""hr_zone_0"":0,""hr_zone_1"":523,""hr_zone_2"":0,""hr_zone_3"":0,""device_startdate"":1784236298,""device_enddate"":1784236909,""pause_duration"":5,""steps"":318,""distance"":209.09999084473,""metcumul"":5.6500000953674}","{""end_coordinate_latitude"":33.956806,""end_coordinate_longitude"":-117.33226,""region_center_latitude"":33.956773,""region_center_longitude"":-117.332286,""span_latitude_delta"":0.000217,""span_longitude_delta"":9.9e-5,""start_coordinate_latitude"":33.956733,""start_coordinate_longitude"":-117.332298,""avg_speed"":0.07598,""distance"":46.044132,""max_speed"":0,""min_speed"":0}",2026-07-16T14:22:08-07:00
2026-07-16T14:11:38-07:00,2026-07-16T14:21:49-07:00,,,America/Los_Angeles,Walking,{},,2026-07-16T14:22:08-07:00
2026-07-16T14:25:42-07:00,2026-07-16T14:35:53-07:00,,,America/Los_Angeles,Walking,"{""calories"":54.639064788818,""effduration"":540,""intensity"":48,""manual_intensity"":50,""hr_average"":103,""hr_min"":95,""hr_max"":116,""hr_zone_0"":0,""hr_zone_1"":581,""hr_zone_2"":0,""hr_zone_3"":0,""device_startdate"":1784237142,""device_enddate"":1784237753,""pause_duration"":5,""steps"":732,""distance"":459.55999755859,""metcumul"":5.6500000953674}","{""end_coordinate_latitude"":33.95679,""end_coordinate_longitude"":-117.332237,""region_center_latitude"":33.956735,""region_center_longitude"":-117.332283,""span_latitude_delta"":0.000125,""span_longitude_delta"":9.1e-5,""start_coordinate_latitude"":33.956672,""start_coordinate_longitude"":-117.33229,""avg_speed"":0.049789,""distance"":30.172325,""max_speed"":0.22299,""min_speed"":0}",2026-07-16T14:36:18-07:00
2026-07-16T14:25:42-07:00,2026-07-16T14:35:53-07:00,,,America/Los_Angeles,Walking,{},,2026-07-16T14:36:18-07:00
