start,duration,value
2026-07-16T23:35:52+02:00,[60],[0]
2026-07-16T23:35:51+02:00,[60],[0]
2026-07-16T23:35:50+02:00,[60],[0]
2026-07-16T23:35:49+02:00,[60],[0]
2026-07-16T23:35:48+02:00,[60],[0]
2026-07-16T23:35:47+02:00,[60],[0]
2026-07-16T23:35:46+02:00,[60],[0]
2026-07-16T23:35:45+02:00,[60],[0]
2026-07-16T23:35:44+02:00,[60],[0]
2026-07-16T23:35:43+02:00,[60],[0]
2026-07-16T23:35:42+02:00,[60],[0]
2026-07-16T23:35:41+02:00,[60],[0]
2026-07-16T23:35:40+02:00,[60],[0]
2026-07-16T23:35:39+02:00,[60],[0]
2026-07-16T23:35:38+02:00,[60],[0]
2026-07-16T23:35:37+02:00,[60],[0]
2026-07-16T23:35:36+02:00,[60],[0]
2026-07-16T23:35:35+02:00,[60],[0]
2026-07-16T23:35:34+02:00,[60],[0]
2026-07-16T23:35:33+02:00,[60],[0]
2026-07-16T23:35:32+02:00,[60],[0]
2026-07-16T23:35:31+02:00,[60],[0]
2026-07-16T23:35:30+02:00,[60],[0]
2026-07-16T23:35:29+02:00,[60],[0]
2026-07-16T23:35:28+02:00,[60],[0]
2026-07-16T23:35:27+02:00,[60],[0]
2026-07-16T23:35:26+02:00,[60],[0]
2026-07-16T23:35:25+02:00,[60],[0]
2026-07-16T23:35:24+02:00,[60],[0]
2026-07-16T23:35:23+02:00,[60],[0]
2026-07-16T23:35:22+02:00,[60],[0]
2026-07-16T23:35:21+02:00,[60],[0]
2026-07-16T23:35:20+02:00,[60],[0]
2026-07-16T23:35:19+02:00,[60],[0]
2026-07-16T23:35:18+02:00,[60],[0]
2026-07-16T23:35:17+02:00,[60],[0]
2026-07-16T23:35:16+02:00,[60],[0]
2026-07-16T23:35:15+02:00,[60],[0]
2026-07-16T23:35:14+02:00,[60],[0]
2026-07-16T23:35:13+02:00,[60],[0]
2026-07-16T23:35:12+02:00,[60],[0]
2026-07-16T23:35:11+02:00,[60],[0]
2026-07-16T23:35:10+02:00,[60],[0]
2026-07-16T23:35:09+02:00,[60],[0]
2026-07-16T23:35:08+02:00,[60],[0]
2026-07-16T23:35:07+02:00,[60],[0]
2026-07-16T23:35:06+02:00,[60],[0]
2026-07-16T23:35:05+02:00,[60],[0]
2026-07-16T23:35:04+02:00,[60],[0]
2026-07-16T23:35:03+02:00,[60],[0]
2026-07-16T23:35:02+02:00,[60],[0]
2026-07-16T23:35:01+02:00,[60],[0]
2026-07-16T23:35:00+02:00,[60],[0]
2026-07-16T23:34:59+02:00,[60],[0]
2026-07-16T23:34:58+02:00,[60],[0]
2026-07-16T23:34:57+02:00,[60],[0]
2026-07-16T23:34:56+02:00,[60],[0]
2026-07-16T23:34:55+02:00,[60],[0]
2026-07-16T23:34:54+02:00,[60],[0]
2026-07-16T23:34:53+02:00,[60],[0]
2026-07-16T23:34:52+02:00,[60],[0]
2026-07-16T23:34:51+02:00,[60],[0]
2026-07-16T23:34:50+02:00,[60],[0]
2026-07-16T23:34:49+02:00,[60],[0]
2026-07-16T23:34:48+02:00,[60],[0]
2026-07-16T23:34:47+02:00,[60],[0]
2026-07-16T23:34:46+02:00,[60],[0]
2026-07-16T23:34:45+02:00,[60],[0]
2026-07-16T23:34:44+02:00,[60],[0]
2026-07-16T23:34:43+02:00,[60],[0]
2026-07-16T23:34:42+02:00,[60],[0]
2026-07-16T23:34:41+02:00,[60],[0]
2026-07-16T23:34:40+02:00,[60],[0]
2026-07-16T23:34:39+02:00,[60],[0]
2026-07-16T23:34:38+02:00,[60],[0]
2026-07-16T23:34:37+02:00,[60],[0]
2026-07-16T23:34:36+02:00,[60],[0]
2026-07-16T23:34:35+02:00,[60],[0]
2026-07-16T23:34:34+02:00,[60],[0]
2026-07-16T23:34:33+02:00,[60],[0]
2026-07-16T23:34:32+02:00,[60],[0]
2026-07-16T23:34:31+02:00,[60],[0]
2026-07-16T23:34:30+02:00,[60],[0]
2026-07-16T23:34:29+02:00,[60],[0]
2026-07-16T23:34:28+02:00,[60],[0]
2026-07-16T23:34:27+02:00,[60],[0]
2026-07-16T23:34:26+02:00,[60],[0]
2026-07-16T23:34:25+02:00,[60],[0]
2026-07-16T23:34:24+02:00,[60],[0]
2026-07-16T23:34:23+02:00,[60],[0]
2026-07-16T23:34:22+02:00,[60],[0]
2026-07-16T23:34:21+02:00,[60],[0]
2026-07-16T23:34:20+02:00,[60],[0]
2026-07-16T23:34:19+02:00,[60],[0]
2026-07-16T23:34:18+02:00,[60],[0]
2026-07-16T23:34:17+02:00,[60],[0]
2026-07-16T23:34:16+02:00,[60],[0]
2026-07-16T23:34:15+02:00,[60],[0]
2026-07-16T23:34:14+02:00,[60],[0]
2026-07-16T23:34:13+02:00,[60],[0]
2026-07-16T23:34:12+02:00,[60],[0]
2026-07-16T23:34:11+02:00,[60],[0]
2026-07-16T23:34:10+02:00,[60],[0]
2026-07-16T23:34:09+02:00,[60],[0]
2026-07-16T23:34:08+02:00,[60],[0]
2026-07-16T23:34:07+02:00,[60],[0]
2026-07-16T23:34:06+02:00,[60],[0]
2026-07-16T23:34:05+02:00,[60],[0]
2026-07-16T23:34:04+02:00,[60],[0]
2026-07-16T23:34:03+02:00,[60],[0]
2026-07-16T23:34:02+02:00,[60],[0]
2026-07-16T23:34:01+02:00,[60],[0]
2026-07-16T23:34:00+02:00,[60],[0]
2026-07-16T23:33:59+02:00,[60],[0]
2026-07-16T23:33:58+02:00,[60],[0]
2026-07-16T23:33:57+02:00,[60],[0]
2026-07-16T23:33:56+02:00,[60],[0]
2026-07-16T23:33:55+02:00,[60],[0]
2026-07-16T23:33:54+02:00,[60],[0]
2026-07-16T23:33:53+02:00,[60],[0]
2026-07-16T23:33:52+02:00,[60],[0]
2026-07-16T23:33:51+02:00,[60],[0]
2026-07-16T23:33:50+02:00,[60],[0]
2026-07-16T23:33:49+02:00,[60],[0]
2026-07-16T23:33:48+02:00,[60],[0]
2026-07-16T23:33:47+02:00,[60],[0]
2026-07-16T23:33:46+02:00,[60],[0]
2026-07-16T23:33:45+02:00,[60],[0]
2026-07-16T23:33:44+02:00,[60],[0]
2026-07-16T23:33:43+02:00,[60],[0]
2026-07-16T23:33:42+02:00,[60],[0]
2026-07-16T23:33:41+02:00,[60],[0]
2026-07-16T23:33:40+02:00,[60],[0]
2026-07-16T23:33:39+02:00,[60],[0]
2026-07-16T23:33:38+02:00,[60],[0]
2026-07-16T23:33:37+02:00,[60],[0]
2026-07-16T23:33:36+02:00,[60],[0]
2026-07-16T23:33:35+02:00,[60],[0]
2026-07-16T23:33:34+02:00,[60],[0]
2026-07-16T23:33:33+02:00,[60],[0]
2026-07-16T23:33:32+02:00,[60],[0]
2026-07-16T23:33:31+02:00,[60],[0]
2026-07-16T23:33:30+02:00,[60],[0]
2026-07-16T23:33:29+02:00,[60],[0]
2026-07-16T23:33:28+02:00,[60],[0]
2026-07-16T23:33:27+02:00,[60],[0]
2026-07-16T23:33:26+02:00,[60],[0]
2026-07-16T23:33:25+02:00,[60],[0]
2026-07-16T23:33:24+02:00,[60],[0]
2026-07-16T23:33:23+02:00,[60],[0]
2026-07-16T23:33:22+02:00,[60],[0]
2026-07-16T23:33:21+02:00,[60],[0]
2026-07-16T23:33:20+02:00,[60],[0]
2026-07-16T23:33:19+02:00,[60],[0]
2026-07-16T23:33:18+02:00,[60],[0]
2026-07-16T23:33:17+02:00,[60],[0]
2026-07-16T23:33:16+02:00,[60],[0]
2026-07-16T23:33:15+02:00,[60],[0]
2026-07-16T23:33:14+02:00,[60],[0]
2026-07-16T23:33:13+02:00,[60],[0]
2026-07-16T23:33:12+02:00,[60],[0]
2026-07-16T23:33:11+02:00,[60],[0]
2026-07-16T23:33:10+02:00,[60],[0]
2026-07-16T23:33:09+02:00,[60],[0]
2026-07-16T23:33:08+02:00,[60],[0]
2026-07-16T23:33:07+02:00,[60],[0]
2026-07-16T23:33:06+02:00,[60],[0]
2026-07-16T23:33:05+02:00,[60],[0]
2026-07-16T23:33:04+02:00,[60],[0]
2026-07-16T23:33:03+02:00,[60],[0]
2026-07-16T23:33:02+02:00,[60],[0]
2026-07-16T23:33:01+02:00,[60],[0]
2026-07-16T23:33:00+02:00,[60],[0]
2026-07-16T23:32:59+02:00,[60],[0]
2026-07-16T23:32:58+02:00,[60],[0]
2026-07-16T23:32:57+02:00,[60],[0]
2026-07-16T23:32:56+02:00,[60],[0]
2026-07-16T23:32:55+02:00,[60],[0]
2026-07-16T23:32:54+02:00,[60],[0]
2026-07-16T23:32:53+02:00,[60],[0]
2026-07-16T23:32:52+02:00,[60],[0]
2026-07-16T23:32:51+02:00,[60],[0]
2026-07-16T23:32:50+02:00,[60],[0]
2026-07-16T23:32:49+02:00,[60],[0]
2026-07-16T23:32:48+02:00,[60],[0]
2026-07-16T23:32:47+02:00,[60],[0]
2026-07-16T23:32:46+02:00,[60],[0]
2026-07-16T23:32:45+02:00,[60],[0]
2026-07-16T23:32:44+02:00,[60],[0]
2026-07-16T23:32:43+02:00,[60],[0]
2026-07-16T23:32:42+02:00,[60],[0]
2026-07-16T23:32:41+02:00,[60],[0]
2026-07-16T23:32:40+02:00,[60],[0]
2026-07-16T23:32:39+02:00,[60],[0]
2026-07-16T23:32:38+02:00,[60],[0]
2026-07-16T23:32:37+02:00,[60],[0]
2026-07-16T23:32:36+02:00,[60],[0]
2026-07-16T23:32:35+02:00,[60],[0]
2026-07-16T23:32:34+02:00,[60],[0]
2026-07-16T23:32:33+02:00,[60],[0]
2026-07-16T23:32:32+02:00,[60],[0]
2026-07-16T23:32:31+02:00,[60],[0]
2026-07-16T23:32:30+02:00,[60],[0]
2026-07-16T23:32:29+02:00,[60],[0]
2026-07-16T23:32:28+02:00,[60],[0]
2026-07-16T23:32:27+02:00,[60],[0]
2026-07-16T23:32:26+02:00,[60],[0]
2026-07-16T23:32:25+02:00,[60],[0]
2026-07-16T23:32:24+02:00,[60],[0]
2026-07-16T23:32:23+02:00,[60],[0]
2026-07-16T23:32:22+02:00,[60],[0]
2026-07-16T23:32:21+02:00,[60],[0]
2026-07-16T23:32:20+02:00,[60],[0]
2026-07-16T23:32:19+02:00,[60],[0]
2026-07-16T23:32:18+02:00,[60],[0]
2026-07-16T23:32:17+02:00,[60],[0]
2026-07-16T23:32:16+02:00,[60],[0]
2026-07-16T23:32:15+02:00,[60],[0]
2026-07-16T23:32:14+02:00,[60],[0]
2026-07-16T23:32:13+02:00,[60],[0]
2026-07-16T23:32:12+02:00,[60],[0]
2026-07-16T23:32:11+02:00,[60],[0]
2026-07-16T23:32:10+02:00,[60],[0]
2026-07-16T23:32:09+02:00,[60],[0]
2026-07-16T23:32:08+02:00,[60],[0]
2026-07-16T23:32:07+02:00,[60],[0]
2026-07-16T23:32:06+02:00,[60],[0]
2026-07-16T23:32:05+02:00,[60],[0]
2026-07-16T23:32:04+02:00,[60],[0]
2026-07-16T23:32:03+02:00,[60],[0]
2026-07-16T23:32:02+02:00,[60],[0]
2026-07-16T23:32:01+02:00,[60],[0]
2026-07-16T23:32:00+02:00,[60],[0]
2026-07-16T23:31:59+02:00,[60],[0]
2026-07-16T23:31:58+02:00,[60],[0]
2026-07-16T23:31:57+02:00,[60],[0]
2026-07-16T23:31:56+02:00,[60],[0]
2026-07-16T23:31:55+02:00,[60],[0]
2026-07-16T23:31:54+02:00,[60],[0]
2026-07-16T23:31:53+02:00,[60],[0]
2026-07-16T23:31:52+02:00,[60],[0]
2026-07-16T23:31:51+02:00,[60],[0]
2026-07-16T23:31:50+02:00,[60],[0]
2026-07-16T23:31:49+02:00,[60],[0]
2026-07-16T23:31:48+02:00,[60],[0]
2026-07-16T23:31:47+02:00,[60],[0]
2026-07-16T23:31:46+02:00,[60],[0]
2026-07-16T23:31:45+02:00,[60],[0]
2026-07-16T23:31:44+02:00,[60],[0]
2026-07-16T23:31:43+02:00,[60],[0]
2026-07-16T23:31:42+02:00,[60],[0]
2026-07-16T23:31:41+02:00,[60],[0]
2026-07-16T23:31:40+02:00,[60],[0]
2026-07-16T23:31:39+02:00,[60],[0]
2026-07-16T23:31:38+02:00,[60],[0]
2026-07-16T23:31:37+02:00,[60],[0]
2026-07-16T23:31:36+02:00,[60],[0]
2026-07-16T23:31:35+02:00,[60],[0]
2026-07-16T23:31:34+02:00,[60],[0]
2026-07-16T23:31:33+02:00,[60],[0]
2026-07-16T23:31:32+02:00,[60],[0]
2026-07-16T23:31:31+02:00,[60],[0]
2026-07-16T23:31:30+02:00,[60],[0]
2026-07-16T23:31:29+02:00,[60],[0]
2026-07-16T23:31:28+02:00,[60],[0]
2026-07-16T23:31:27+02:00,[60],[0]
2026-07-16T23:31:26+02:00,[60],[0]
2026-07-16T23:31:25+02:00,[60],[0]
2026-07-16T23:31:24+02:00,[60],[0]
2026-07-16T23:31:23+02:00,[60],[0]
2026-07-16T23:31:22+02:00,[60],[0]
2026-07-16T23:31:21+02:00,[60],[0]
2026-07-16T23:31:20+02:00,[60],[0]
2026-07-16T23:31:19+02:00,[60],[0]
2026-07-16T23:31:18+02:00,[60],[0]
2026-07-16T23:31:17+02:00,[60],[0]
2026-07-16T23:31:16+02:00,[60],[0]
2026-07-16T23:31:15+02:00,[60],[0]
2026-07-16T23:31:14+02:00,[60],[0]
2026-07-16T23:31:13+02:00,[60],[0]
2026-07-16T23:31:12+02:00,[60],[0]
2026-07-16T23:31:11+02:00,[60],[0]
2026-07-16T23:31:10+02:00,[60],[0]
2026-07-16T23:31:09+02:00,[60],[0]
2026-07-16T23:31:08+02:00,[60],[0]
2026-07-16T23:31:07+02:00,[60],[0]
2026-07-16T23:31:06+02:00,[60],[0]
2026-07-16T23:31:05+02:00,[60],[0]
2026-07-16T23:31:04+02:00,[60],[0]
2026-07-16T23:31:03+02:00,[60],[0]
2026-07-16T23:31:02+02:00,[60],[0]
2026-07-16T23:31:01+02:00,[60],[0]
2026-07-16T23:31:00+02:00,[60],[0]
2026-07-16T23:30:59+02:00,[60],[0]
2026-07-16T23:30:58+02:00,[60],[0]
2026-07-16T23:30:57+02:00,[60],[0]
2026-07-16T23:30:56+02:00,[60],[0]
2026-07-16T23:30:55+02:00,[60],[0]
2026-07-16T23:30:54+02:00,[60],[0]
2026-07-16T23:30:53+02:00,[60],[0]
2026-07-16T23:30:52+02:00,[60],[0]
2026-07-16T23:30:51+02:00,[60],[0]
2026-07-16T23:30:50+02:00,[60],[0]
2026-07-16T23:30:49+02:00,[60],[0]
2026-07-16T23:30:48+02:00,[60],[0]
2026-07-16T23:30:47+02:00,[60],[0]
2026-07-16T23:30:46+02:00,[60],[0]
2026-07-16T23:30:45+02:00,[60],[0]
2026-07-16T23:30:44+02:00,[60],[0]
2026-07-16T23:30:43+02:00,[60],[0]
2026-07-16T23:30:42+02:00,[60],[0]
2026-07-16T23:30:41+02:00,[60],[0]
2026-07-16T23:30:40+02:00,[60],[0]
2026-07-16T23:30:39+02:00,[60],[0]
2026-07-16T23:30:38+02:00,[60],[0]
2026-07-16T23:30:37+02:00,[60],[0]
2026-07-16T23:30:36+02:00,[60],[0]
2026-07-16T23:30:35+02:00,[60],[0]
2026-07-16T23:30:34+02:00,[60],[0]
2026-07-16T23:30:33+02:00,[60],[0]
2026-07-16T23:30:32+02:00,[60],[0]
2026-07-16T23:30:31+02:00,[60],[0]
2026-07-16T23:30:30+02:00,[60],[0]
2026-07-16T23:30:29+02:00,[60],[0]
2026-07-16T23:30:28+02:00,[60],[0]
2026-07-16T23:30:27+02:00,[60],[0]
2026-07-16T23:30:26+02:00,[60],[0]
2026-07-16T23:30:25+02:00,[60],[0]
2026-07-16T23:30:24+02:00,[60],[0]
2026-07-16T23:30:23+02:00,[60],[0]
2026-07-16T23:30:22+02:00,[60],[0]
2026-07-16T23:30:21+02:00,[60],[0]
2026-07-16T23:30:20+02:00,[60],[0]
2026-07-16T23:30:19+02:00,[60],[0]
2026-07-16T23:30:18+02:00,[60],[0]
2026-07-16T23:30:17+02:00,[60],[0]
2026-07-16T23:30:16+02:00,[60],[0]
2026-07-16T23:30:15+02:00,[60],[0]
2026-07-16T23:30:14+02:00,[60],[0]
2026-07-16T23:30:13+02:00,[60],[0]
2026-07-16T23:30:12+02:00,[60],[0]
2026-07-16T23:30:11+02:00,[60],[0]
2026-07-16T23:30:10+02:00,[60],[0]
2026-07-16T23:30:09+02:00,[60],[0]
2026-07-16T23:30:08+02:00,[60],[0]
2026-07-16T23:30:07+02:00,[60],[0]
2026-07-16T23:30:06+02:00,[60],[0]
2026-07-16T23:30:05+02:00,[60],[0]
2026-07-16T23:30:04+02:00,[60],[0]
2026-07-16T23:30:03+02:00,[60],[0]
2026-07-16T23:30:02+02:00,[60],[0]
2026-07-16T23:30:01+02:00,[60],[0]
2026-07-16T23:30:00+02:00,[60],[0]
2026-07-16T23:29:59+02:00,[60],[0]
2026-07-16T23:29:58+02:00,[60],[0]
2026-07-16T23:29:57+02:00,[60],[0]
2026-07-16T23:29:56+02:00,[60],[0]
2026-07-16T23:29:55+02:00,[60],[0]
2026-07-16T23:29:54+02:00,[60],[0]
2026-07-16T23:29:53+02:00,[60],[0]
2026-07-16T23:29:52+02:00,[60],[0]
2026-07-16T23:29:51+02:00,[60],[0]
2026-07-16T23:29:50+02:00,[60],[0]
2026-07-16T23:29:49+02:00,[60],[0]
2026-07-16T23:29:48+02:00,[60],[0]
2026-07-16T23:29:47+02:00,[60],[0]
2026-07-16T23:29:46+02:00,[60],[0]
2026-07-16T23:29:45+02:00,[60],[0]
2026-07-16T23:29:44+02:00,[60],[0]
2026-07-16T23:29:43+02:00,[60],[0]
2026-07-16T23:29:42+02:00,[60],[0]
2026-07-16T23:29:41+02:00,[60],[0]
2026-07-16T23:29:40+02:00,[60],[0]
2026-07-16T23:29:39+02:00,[60],[0]
2026-07-16T23:29:38+02:00,[60],[0]
2026-07-16T23:29:37+02:00,[60],[0]
2026-07-16T23:29:36+02:00,[60],[0]
2026-07-16T23:29:35+02:00,[60],[0]
2026-07-16T23:29:34+02:00,[60],[0]
2026-07-16T23:29:33+02:00,[60],[0]
2026-07-16T23:29:32+02:00,[60],[0]
2026-07-16T23:29:31+02:00,[60],[0]
2026-07-16T23:29:30+02:00,[60],[0]
2026-07-16T23:29:29+02:00,[60],[0]
2026-07-16T23:29:28+02:00,[60],[0]
2026-07-16T23:29:27+02:00,[60],[0]
2026-07-16T23:29:26+02:00,[60],[0]
2026-07-16T23:29:25+02:00,[60],[0]
2026-07-16T23:29:24+02:00,[60],[0]
2026-07-16T23:29:23+02:00,[60],[0]
2026-07-16T23:29:22+02:00,[60],[0]
2026-07-16T23:29:21+02:00,[60],[0]
2026-07-16T23:29:20+02:00,[60],[0]
2026-07-16T23:29:19+02:00,[60],[0]
2026-07-16T23:29:18+02:00,[60],[0]
2026-07-16T23:29:17+02:00,[60],[0]
2026-07-16T23:29:16+02:00,[60],[0]
2026-07-16T23:29:15+02:00,[60],[0]
2026-07-16T23:29:14+02:00,[60],[0]
2026-07-16T23:29:13+02:00,[60],[0]
2026-07-16T23:29:12+02:00,[60],[0]
2026-07-16T23:29:11+02:00,[60],[0]
2026-07-16T23:29:10+02:00,[60],[0]
2026-07-16T23:29:09+02:00,[60],[0]
2026-07-16T23:29:08+02:00,[60],[0]
2026-07-16T23:29:07+02:00,[60],[0]
2026-07-16T23:29:06+02:00,[60],[0]
2026-07-16T23:29:05+02:00,[60],[0]
2026-07-16T23:29:04+02:00,[60],[0]
2026-07-16T23:29:03+02:00,[60],[0]
2026-07-16T23:29:02+02:00,[60],[0]
2026-07-16T23:29:01+02:00,[60],[0]
2026-07-16T23:29:00+02:00,[60],[0]
2026-07-16T23:28:59+02:00,[60],[0]
2026-07-16T23:28:58+02:00,[60],[0]
2026-07-16T23:28:57+02:00,[60],[0]
2026-07-16T23:28:56+02:00,[60],[0]
2026-07-16T23:28:55+02:00,[60],[0]
2026-07-16T23:28:54+02:00,[60],[0]
2026-07-16T23:28:53+02:00,[60],[0]
2026-07-16T23:28:52+02:00,[60],[0]
2026-07-16T23:28:51+02:00,[60],[0]
2026-07-16T23:28:50+02:00,[60],[0]
2026-07-16T23:28:49+02:00,[60],[0]
2026-07-16T23:28:48+02:00,[60],[0.006]
2026-07-16T23:28:47+02:00,[60],[0]
2026-07-16T23:28:46+02:00,[60],[0]
2026-07-16T23:28:45+02:00,[60],[0]
2026-07-16T23:28:44+02:00,[60],[0]
2026-07-16T23:28:43+02:00,[60],[0]
2026-07-16T23:28:42+02:00,[60],[0]
2026-07-16T23:28:41+02:00,[60],[0]
2026-07-16T23:28:40+02:00,[60],[0]
2026-07-16T23:28:39+02:00,[60],[0]
2026-07-16T23:28:38+02:00,[60],[0]
2026-07-16T23:28:37+02:00,[60],[0]
2026-07-16T23:28:36+02:00,[60],[0]
2026-07-16T23:28:35+02:00,[60],[0]
2026-07-16T23:28:34+02:00,[60],[0]
2026-07-16T23:28:33+02:00,[60],[0]
2026-07-16T23:28:32+02:00,[60],[0]
2026-07-16T23:28:31+02:00,[60],[0]
2026-07-16T23:28:30+02:00,[60],[0]
2026-07-16T23:28:29+02:00,[60],[0]
2026-07-16T23:28:28+02:00,[60],[0]
2026-07-16T23:28:27+02:00,[60],[0]
2026-07-16T23:28:26+02:00,[60],[0]
2026-07-16T23:28:25+02:00,[60],[0]
2026-07-16T23:28:24+02:00,[60],[0]
2026-07-16T23:28:23+02:00,[60],[0]
2026-07-16T23:28:22+02:00,[60],[0]
2026-07-16T23:28:21+02:00,[60],[0]
2026-07-16T23:28:20+02:00,[60],[0]
2026-07-16T23:28:19+02:00,[60],[0]
2026-07-16T23:28:18+02:00,[60],[0]
2026-07-16T23:28:17+02:00,[60],[0]
2026-07-16T23:28:16+02:00,[60],[0]
2026-07-16T23:28:15+02:00,[60],[0]
2026-07-16T23:28:14+02:00,[60],[0]
2026-07-16T23:28:13+02:00,[60],[0]
2026-07-16T23:28:12+02:00,[60],[0]
2026-07-16T23:28:11+02:00,[60],[0]
2026-07-16T23:28:10+02:00,[60],[0]
2026-07-16T23:28:09+02:00,[60],[0]
2026-07-16T23:28:08+02:00,[60],[0]
2026-07-16T23:28:07+02:00,[60],[0]
2026-07-16T23:28:06+02:00,[60],[0]
2026-07-16T23:28:05+02:00,[60],[0]
2026-07-16T23:28:04+02:00,[60],[0]
2026-07-16T23:28:03+02:00,[60],[0]
2026-07-16T23:28:02+02:00,[60],[0]
2026-07-16T23:28:01+02:00,[60],[0.054]
2026-07-16T23:28:00+02:00,[60],[0]
2026-07-16T23:27:59+02:00,[60],[0]
2026-07-16T23:27:58+02:00,[60],[0]
2026-07-16T23:27:57+02:00,[60],[0]
2026-07-16T23:27:56+02:00,[60],[0]
2026-07-16T23:27:55+02:00,[60],[0]
2026-07-16T23:27:54+02:00,[60],[0]
2026-07-16T23:27:53+02:00,[60],[0]
2026-07-16T23:27:52+02:00,[60],[0]
2026-07-16T23:27:51+02:00,[60],[0]
2026-07-16T23:27:50+02:00,[60],[0]
2026-07-16T23:27:49+02:00,[60],[0]
2026-07-16T23:27:48+02:00,[60],[0]
2026-07-16T23:27:47+02:00,[60],[0]
2026-07-16T23:27:46+02:00,[60],[0]
2026-07-16T23:27:45+02:00,[60],[0]
2026-07-16T23:27:44+02:00,[60],[0]
2026-07-16T23:27:43+02:00,[60],[0]
2026-07-16T23:27:42+02:00,[60],[0]
2026-07-16T23:27:41+02:00,[60],[0]
2026-07-16T23:27:40+02:00,[60],[0.019]
2026-07-16T23:27:39+02:00,[60],[0]
2026-07-16T23:27:38+02:00,[60],[0]
2026-07-16T23:27:37+02:00,[60],[0]
2026-07-16T23:27:36+02:00,[60],[0]
2026-07-16T23:27:35+02:00,[60],[0]
2026-07-16T23:27:34+02:00,[60],[0]
2026-07-16T23:27:33+02:00,[60],[0]
2026-07-16T23:27:32+02:00,[60],[0]
2026-07-16T23:27:31+02:00,[60],[0]
2026-07-16T23:27:30+02:00,[60],[0]
2026-07-16T23:27:29+02:00,[60],[0]
2026-07-16T23:27:28+02:00,[60],[0]
2026-07-16T23:27:27+02:00,[60],[0]
2026-07-16T23:27:26+02:00,[60],[0]
2026-07-16T23:27:25+02:00,[60],[0]
2026-07-16T23:27:24+02:00,[60],[0]
2026-07-16T23:27:23+02:00,[60],[0]
2026-07-16T23:27:22+02:00,[60],[0]
2026-07-16T23:27:21+02:00,[60],[0]
2026-07-16T23:27:20+02:00,[60],[0]
2026-07-16T23:27:19+02:00,[60],[0]
2026-07-16T23:27:18+02:00,[60],[0]
2026-07-16T23:27:17+02:00,[60],[0]
2026-07-16T23:27:16+02:00,[60],[0]
2026-07-16T23:27:15+02:00,[60],[0]
2026-07-16T23:27:14+02:00,[60],[0]
2026-07-16T23:27:13+02:00,[60],[0]
2026-07-16T23:27:12+02:00,[60],[0]
2026-07-16T23:27:11+02:00,[60],[0]
2026-07-16T23:27:10+02:00,[60],[0]
2026-07-16T23:27:09+02:00,[60],[0.017]
2026-07-16T23:27:08+02:00,[60],[0.021]
2026-07-16T23:27:07+02:00,[60],[0.014]
2026-07-16T23:27:06+02:00,[60],[0.028]
2026-07-16T23:27:05+02:00,[60],[0.029]
2026-07-16T23:27:04+02:00,[60],[0.036]
2026-07-16T23:27:03+02:00,[60],[0.022]
2026-07-16T23:27:02+02:00,[60],[0.027]
2026-07-16T23:27:01+02:00,[60],[0.028]
2026-07-16T23:27:00+02:00,[60],[0.02]
2026-07-16T23:26:59+02:00,[60],[0.022]
2026-07-16T23:26:58+02:00,[60],[0.031]
2026-07-16T23:26:57+02:00,[60],[0.046]
2026-07-16T23:26:56+02:00,[60],[0.053]
2026-07-16T23:26:55+02:00,[60],[0.028]
2026-07-16T23:26:54+02:00,[60],[0.059]
2026-07-16T23:26:53+02:00,[60],[0.05]
2026-07-16T23:26:52+02:00,[60],[0.036]
2026-07-16T23:26:51+02:00,[60],[0.029]
2026-07-16T23:26:50+02:00,[60],[0.013]
2026-07-16T23:26:49+02:00,[60],[0.047]
2026-07-16T23:26:48+02:00,[60],[0.041]
2026-07-16T23:26:47+02:00,[60],[0.044]
2026-07-16T23:26:46+02:00,[60],[0.067]
2026-07-16T23:26:45+02:00,[60],[0.019]
2026-07-16T23:26:44+02:00,[60],[0.035]
2026-07-16T23:26:43+02:00,[60],[0.058]
2026-07-16T23:26:42+02:00,[60],[0.141]
2026-07-16T23:26:41+02:00,[60],[0.059]
2026-07-16T23:26:40+02:00,[60],[0.119]
2026-07-16T23:26:39+02:00,[60],[0.072]
2026-07-16T23:26:38+02:00,[60],[0.059]
2026-07-16T23:26:37+02:00,[60],[0.025]
2026-07-16T23:26:36+02:00,[60],[0.015]
2026-07-16T23:26:35+02:00,[60],[0.012]
2026-07-16T23:26:34+02:00,[60],[0.014]
2026-07-16T23:26:33+02:00,[60],[0.032]
2026-07-16T23:26:32+02:00,[60],[0.033]
2026-07-16T23:26:31+02:00,[60],[0.03]
2026-07-16T23:26:30+02:00,[60],[0.015]
2026-07-16T23:26:29+02:00,[60],[0.058]
2026-07-16T23:26:28+02:00,[60],[0.046]
2026-07-16T23:26:27+02:00,[60],[0.02]
2026-07-16T23:26:26+02:00,[60],[0.053]
2026-07-16T23:26:25+02:00,[60],[0.045]
2026-07-16T23:26:24+02:00,[60],[0.076]
2026-07-16T23:26:23+02:00,[60],[0.066]
2026-07-16T23:26:22+02:00,[60],[0.037]
2026-07-16T23:26:21+02:00,[60],[0.027]
2026-07-16T23:26:20+02:00,[60],[0.043]
2026-07-16T23:26:19+02:00,[60],[0.028]
2026-07-16T23:26:18+02:00,[60],[0]
2026-07-16T23:26:17+02:00,[60],[0]
2026-07-16T23:26:16+02:00,[60],[0]
2026-07-16T23:26:15+02:00,[60],[0]
2026-07-16T23:26:14+02:00,[60],[0]
2026-07-16T23:26:13+02:00,[60],[0]
2026-07-16T23:26:12+02:00,[60],[0]
2026-07-16T23:26:11+02:00,[60],[0]
2026-07-16T23:26:10+02:00,[60],[0]
2026-07-16T23:26:09+02:00,[60],[0]
2026-07-16T23:26:08+02:00,[60],[0]
2026-07-16T23:26:07+02:00,[60],[0]
2026-07-16T23:26:06+02:00,[60],[0]
2026-07-16T23:26:05+02:00,[60],[0]
2026-07-16T23:26:04+02:00,[60],[0]
2026-07-16T23:26:03+02:00,[60],[0]
2026-07-16T23:26:02+02:00,[60],[0]
2026-07-16T23:26:01+02:00,[60],[0]
2026-07-16T23:26:00+02:00,[60],[0]
2026-07-16T23:25:59+02:00,[60],[0]
2026-07-16T23:25:58+02:00,[60],[0]
2026-07-16T23:25:57+02:00,[60],[0]
2026-07-16T23:25:56+02:00,[60],[0]
2026-07-16T23:25:55+02:00,[60],[0]
2026-07-16T23:25:54+02:00,[60],[0]
2026-07-16T23:25:53+02:00,[60],[0]
2026-07-16T23:25:52+02:00,[60],[0]
2026-07-16T23:25:51+02:00,[60],[0]
2026-07-16T23:25:50+02:00,[60],[0]
2026-07-16T23:25:49+02:00,[60],[0]
2026-07-16T23:25:48+02:00,[60],[0]
2026-07-16T23:25:47+02:00,[60],[0]
2026-07-16T23:25:43+02:00,[60],[-1]
2026-07-16T23:25:42+02:00,[60],[-1]
2026-07-16T23:24:54+02:00,[60],[-1]
2026-07-16T23:24:32+02:00,[60],[-1]
2026-07-16T23:21:48+02:00,[60],[0]
2026-07-16T23:21:47+02:00,[60],[0]
2026-07-16T23:21:46+02:00,[60],[0]
2026-07-16T23:21:45+02:00,[60],[0]
2026-07-16T23:21:44+02:00,[60],[0]
2026-07-16T23:21:43+02:00,[60],[0]
2026-07-16T23:21:42+02:00,[60],[0]
2026-07-16T23:21:41+02:00,[60],[0]
2026-07-16T23:21:40+02:00,[60],[0]
2026-07-16T23:21:39+02:00,[60],[0]
2026-07-16T23:21:38+02:00,[60],[0]
2026-07-16T23:21:37+02:00,[60],[0]
2026-07-16T23:21:36+02:00,[60],[0]
2026-07-16T23:21:35+02:00,[60],[0]
2026-07-16T23:21:34+02:00,[60],[0]
2026-07-16T23:21:33+02:00,[60],[0]
2026-07-16T23:21:32+02:00,[60],[0]
2026-07-16T23:21:31+02:00,[60],[0]
2026-07-16T23:21:30+02:00,[60],[0]
2026-07-16T23:21:29+02:00,[60],[0]
2026-07-16T23:21:28+02:00,[60],[0]
2026-07-16T23:21:27+02:00,[60],[0]
2026-07-16T23:21:26+02:00,[60],[0]
2026-07-16T23:21:25+02:00,[60],[0]
2026-07-16T23:21:24+02:00,[60],[0]
2026-07-16T23:21:23+02:00,[60],[0]
2026-07-16T23:21:22+02:00,[60],[0]
2026-07-16T23:21:21+02:00,[60],[0]
2026-07-16T23:21:20+02:00,[60],[0]
2026-07-16T23:21:19+02:00,[60],[0]
2026-07-16T23:21:18+02:00,[60],[0]
2026-07-16T23:21:17+02:00,[60],[0]
2026-07-16T23:21:16+02:00,[60],[0]
2026-07-16T23:21:15+02:00,[60],[0]
2026-07-16T23:21:14+02:00,[60],[0]
2026-07-16T23:21:13+02:00,[60],[0]
2026-07-16T23:21:12+02:00,[60],[0]
2026-07-16T23:21:11+02:00,[60],[0]
2026-07-16T23:21:10+02:00,[60],[0]
2026-07-16T23:21:09+02:00,[60],[0]
2026-07-16T23:21:08+02:00,[60],[0]
2026-07-16T23:21:07+02:00,[60],[0]
2026-07-16T23:21:06+02:00,[60],[0]
2026-07-16T23:21:05+02:00,[60],[0]
2026-07-16T23:21:04+02:00,[60],[0]
2026-07-16T23:21:03+02:00,[60],[0]
2026-07-16T23:21:02+02:00,[60],[0]
2026-07-16T23:21:01+02:00,[60],[0]
2026-07-16T23:21:00+02:00,[60],[0]
2026-07-16T23:20:59+02:00,[60],[0]
2026-07-16T23:20:58+02:00,[60],[0]
2026-07-16T23:20:57+02:00,[60],[0]
2026-07-16T23:20:56+02:00,[60],[0]
2026-07-16T23:20:55+02:00,[60],[0]
2026-07-16T23:20:54+02:00,[60],[0]
2026-07-16T23:20:53+02:00,[60],[0]
2026-07-16T23:20:52+02:00,[60],[0]
2026-07-16T23:20:51+02:00,[60],[0]
2026-07-16T23:20:50+02:00,[60],[0]
2026-07-16T23:20:49+02:00,[60],[0]
2026-07-16T23:20:48+02:00,[60],[0]
2026-07-16T23:20:47+02:00,[60],[0]
2026-07-16T23:20:46+02:00,[60],[0]
2026-07-16T23:20:45+02:00,[60],[0]
2026-07-16T23:20:44+02:00,[60],[0]
2026-07-16T23:20:43+02:00,[60],[0]
2026-07-16T23:20:42+02:00,[60],[0]
2026-07-16T23:20:41+02:00,[60],[0]
2026-07-16T23:20:40+02:00,[60],[0]
2026-07-16T23:20:39+02:00,[60],[0]
2026-07-16T23:20:38+02:00,[60],[0]
2026-07-16T23:20:37+02:00,[60],[0]
2026-07-16T23:20:36+02:00,[60],[0]
2026-07-16T23:20:35+02:00,[60],[0]
2026-07-16T23:20:34+02:00,[60],[0]
2026-07-16T23:20:33+02:00,[60],[0]
2026-07-16T23:20:32+02:00,[60],[0]
2026-07-16T23:20:31+02:00,[60],[0]
2026-07-16T23:20:30+02:00,[60],[0]
2026-07-16T23:20:29+02:00,[60],[0]
2026-07-16T23:20:28+02:00,[60],[0]
2026-07-16T23:20:27+02:00,[60],[0]
2026-07-16T23:20:26+02:00,[60],[0]
2026-07-16T23:20:25+02:00,[60],[0]
2026-07-16T23:20:24+02:00,[60],[0]
2026-07-16T23:20:23+02:00,[60],[0]
2026-07-16T23:20:22+02:00,[60],[0]
2026-07-16T23:20:21+02:00,[60],[0]
2026-07-16T23:20:20+02:00,[60],[0]
2026-07-16T23:20:19+02:00,[60],[0]
2026-07-16T23:20:18+02:00,[60],[0]
2026-07-16T23:20:17+02:00,[60],[0]
2026-07-16T23:20:16+02:00,[60],[0]
2026-07-16T23:20:15+02:00,[60],[0]
2026-07-16T23:20:14+02:00,[60],[0]
2026-07-16T23:20:13+02:00,[60],[0]
2026-07-16T23:20:12+02:00,[60],[0]
2026-07-16T23:20:11+02:00,[60],[0]
2026-07-16T23:20:10+02:00,[60],[0]
2026-07-16T23:20:09+02:00,[60],[0]
2026-07-16T23:20:08+02:00,[60],[0]
2026-07-16T23:20:07+02:00,[60],[0]
2026-07-16T23:20:06+02:00,[60],[0]
2026-07-16T23:20:05+02:00,[60],[0]
2026-07-16T23:20:04+02:00,[60],[0]
2026-07-16T23:20:03+02:00,[60],[0]
2026-07-16T23:20:02+02:00,[60],[0]
2026-07-16T23:20:01+02:00,[60],[0]
2026-07-16T23:20:00+02:00,[60],[0]
2026-07-16T23:19:59+02:00,[60],[0]
2026-07-16T23:19:58+02:00,[60],[0]
2026-07-16T23:19:57+02:00,[60],[0]
2026-07-16T23:19:56+02:00,[60],[0]
2026-07-16T23:19:55+02:00,[60],[0]
2026-07-16T23:19:54+02:00,[60],[0]
2026-07-16T23:19:53+02:00,[60],[0]
2026-07-16T23:19:52+02:00,[60],[0]
2026-07-16T23:19:51+02:00,[60],[0]
2026-07-16T23:19:50+02:00,[60],[0]
2026-07-16T23:19:49+02:00,[60],[0]
2026-07-16T23:19:48+02:00,[60],[0]
2026-07-16T23:19:47+02:00,[60],[0]
2026-07-16T23:19:46+02:00,[60],[0]
2026-07-16T23:19:45+02:00,[60],[0]
2026-07-16T23:19:44+02:00,[60],[0]
2026-07-16T23:19:43+02:00,[60],[0]
2026-07-16T23:19:42+02:00,[60],[0]
2026-07-16T23:19:41+02:00,[60],[0]
2026-07-16T23:19:40+02:00,[60],[0]
2026-07-16T23:19:39+02:00,[60],[0]
2026-07-16T23:19:38+02:00,[60],[0]
2026-07-16T23:19:37+02:00,[60],[0]
2026-07-16T23:19:36+02:00,[60],[0]
2026-07-16T23:19:35+02:00,[60],[0]
2026-07-16T23:19:34+02:00,[60],[0]
2026-07-16T23:19:33+02:00,[60],[0]
2026-07-16T23:19:32+02:00,[60],[0]
2026-07-16T23:19:31+02:00,[60],[0]
2026-07-16T23:19:30+02:00,[60],[0]
2026-07-16T23:19:29+02:00,[60],[0]
2026-07-16T23:19:28+02:00,[60],[0]
2026-07-16T23:19:27+02:00,[60],[0]
2026-07-16T23:19:26+02:00,[60],[0]
2026-07-16T23:19:25+02:00,[60],[0]
2026-07-16T23:19:24+02:00,[60],[0]
2026-07-16T23:19:23+02:00,[60],[0]
2026-07-16T23:19:22+02:00,[60],[0]
2026-07-16T23:19:21+02:00,[60],[0]
2026-07-16T23:19:20+02:00,[60],[0]
2026-07-16T23:19:19+02:00,[60],[0]
2026-07-16T23:19:18+02:00,[60],[0]
2026-07-16T23:19:17+02:00,[60],[0]
2026-07-16T23:19:16+02:00,[60],[0]
2026-07-16T23:19:15+02:00,[60],[0]
2026-07-16T23:19:14+02:00,[60],[0]
2026-07-16T23:19:13+02:00,[60],[0]
2026-07-16T23:19:12+02:00,[60],[0]
2026-07-16T23:19:11+02:00,[60],[0]
2026-07-16T23:19:10+02:00,[60],[0]
2026-07-16T23:19:09+02:00,[60],[0]
2026-07-16T23:19:08+02:00,[60],[0]
2026-07-16T23:19:07+02:00,[60],[0]
2026-07-16T23:19:06+02:00,[60],[0]
2026-07-16T23:19:05+02:00,[60],[0]
2026-07-16T23:19:04+02:00,[60],[0]
2026-07-16T23:19:03+02:00,[60],[0]
2026-07-16T23:19:02+02:00,[60],[0]
2026-07-16T23:19:01+02:00,[60],[0]
2026-07-16T23:19:00+02:00,[60],[0]
2026-07-16T23:18:59+02:00,[60],[0]
2026-07-16T23:18:58+02:00,[60],[0]
2026-07-16T23:18:57+02:00,[60],[0]
2026-07-16T23:18:56+02:00,[60],[0]
2026-07-16T23:18:55+02:00,[60],[0]
2026-07-16T23:18:54+02:00,[60],[0]
2026-07-16T23:18:53+02:00,[60],[0]
2026-07-16T23:18:52+02:00,[60],[0]
2026-07-16T23:18:51+02:00,[60],[0]
2026-07-16T23:18:50+02:00,[60],[0]
2026-07-16T23:18:49+02:00,[60],[0]
2026-07-16T23:18:48+02:00,[60],[0]
2026-07-16T23:18:47+02:00,[60],[0]
2026-07-16T23:18:46+02:00,[60],[0]
2026-07-16T23:18:45+02:00,[60],[0]
2026-07-16T23:18:44+02:00,[60],[0]
2026-07-16T23:18:43+02:00,[60],[0]
2026-07-16T23:18:42+02:00,[60],[0]
2026-07-16T23:18:41+02:00,[60],[0]
2026-07-16T23:18:40+02:00,[60],[0]
2026-07-16T23:18:39+02:00,[60],[0]
2026-07-16T23:18:38+02:00,[60],[0]
2026-07-16T23:18:37+02:00,[60],[0]
2026-07-16T23:18:36+02:00,[60],[0]
2026-07-16T23:18:35+02:00,[60],[0]
2026-07-16T23:18:34+02:00,[60],[0]
2026-07-16T23:18:33+02:00,[60],[0]
2026-07-16T23:18:32+02:00,[60],[0]
2026-07-16T23:18:31+02:00,[60],[0]
2026-07-16T23:18:30+02:00,[60],[0]
2026-07-16T23:18:29+02:00,[60],[0]
2026-07-16T23:18:28+02:00,[60],[0]
2026-07-16T23:18:27+02:00,[60],[0]
2026-07-16T23:18:26+02:00,[60],[0]
2026-07-16T23:18:25+02:00,[60],[0]
2026-07-16T23:18:24+02:00,[60],[0]
2026-07-16T23:18:23+02:00,[60],[0]
2026-07-16T23:18:22+02:00,[60],[0]
2026-07-16T23:18:21+02:00,[60],[0]
2026-07-16T23:18:20+02:00,[60],[0]
2026-07-16T23:18:19+02:00,[60],[0]
2026-07-16T23:18:18+02:00,[60],[0]
2026-07-16T23:18:17+02:00,[60],[0]
2026-07-16T23:18:16+02:00,[60],[0]
2026-07-16T23:18:15+02:00,[60],[0]
2026-07-16T23:18:14+02:00,[60],[0]
2026-07-16T23:18:13+02:00,[60],[0]
2026-07-16T23:18:12+02:00,[60],[0]
2026-07-16T23:18:11+02:00,[60],[0]
2026-07-16T23:18:10+02:00,[60],[0]
2026-07-16T23:18:09+02:00,[60],[0]
2026-07-16T23:18:08+02:00,[60],[0]
2026-07-16T23:18:07+02:00,[60],[0]
2026-07-16T23:18:06+02:00,[60],[0]
2026-07-16T23:18:05+02:00,[60],[0]
2026-07-16T23:18:04+02:00,[60],[0]
2026-07-16T23:18:03+02:00,[60],[0]
2026-07-16T23:18:02+02:00,[60],[0]
2026-07-16T23:18:01+02:00,[60],[0]
2026-07-16T23:18:00+02:00,[60],[0]
2026-07-16T23:17:59+02:00,[60],[0]
2026-07-16T23:17:58+02:00,[60],[0]
2026-07-16T23:17:57+02:00,[60],[0]
2026-07-16T23:17:56+02:00,[60],[0]
2026-07-16T23:17:55+02:00,[60],[0]
2026-07-16T23:17:54+02:00,[60],[0]
2026-07-16T23:17:53+02:00,[60],[0]
2026-07-16T23:17:52+02:00,[60],[0]
2026-07-16T23:17:51+02:00,[60],[0]
2026-07-16T23:17:50+02:00,[60],[0]
2026-07-16T23:17:49+02:00,[60],[0]
2026-07-16T23:17:48+02:00,[60],[0]
2026-07-16T23:17:47+02:00,[60],[0]
2026-07-16T23:17:46+02:00,[60],[0]
2026-07-16T23:17:45+02:00,[60],[0]
2026-07-16T23:17:44+02:00,[60],[0]
2026-07-16T23:17:43+02:00,[60],[0]
2026-07-16T23:17:42+02:00,[60],[0]
2026-07-16T23:17:41+02:00,[60],[0]
2026-07-16T23:17:40+02:00,[60],[0]
2026-07-16T23:17:39+02:00,[60],[0]
2026-07-16T23:17:38+02:00,[60],[0]
2026-07-16T23:17:37+02:00,[60],[0]
2026-07-16T23:17:36+02:00,[60],[0]
2026-07-16T23:17:35+02:00,[60],[0]
2026-07-16T23:17:34+02:00,[60],[0]
2026-07-16T23:17:33+02:00,[60],[0]
2026-07-16T23:17:32+02:00,[60],[0]
2026-07-16T23:17:31+02:00,[60],[0]
2026-07-16T23:17:30+02:00,[60],[0]
2026-07-16T23:17:29+02:00,[60],[0]
2026-07-16T23:17:28+02:00,[60],[0]
2026-07-16T23:17:27+02:00,[60],[0]
2026-07-16T23:17:26+02:00,[60],[0]
2026-07-16T23:17:25+02:00,[60],[0]
2026-07-16T23:17:24+02:00,[60],[0]
2026-07-16T23:17:23+02:00,[60],[0]
2026-07-16T23:17:22+02:00,[60],[0]
2026-07-16T23:17:21+02:00,[60],[0]
2026-07-16T23:17:20+02:00,[60],[0]
2026-07-16T23:17:19+02:00,[60],[0]
2026-07-16T23:17:18+02:00,[60],[0]
2026-07-16T23:17:17+02:00,[60],[0]
2026-07-16T23:17:16+02:00,[60],[0]
2026-07-16T23:17:15+02:00,[60],[0]
2026-07-16T23:17:14+02:00,[60],[0]
2026-07-16T23:17:13+02:00,[60],[0]
2026-07-16T23:17:12+02:00,[60],[0]
2026-07-16T23:17:11+02:00,[60],[0]
2026-07-16T23:17:10+02:00,[60],[0]
2026-07-16T23:17:09+02:00,[60],[0]
2026-07-16T23:17:08+02:00,[60],[0]
2026-07-16T23:17:07+02:00,[60],[0]
2026-07-16T23:17:06+02:00,[60],[0]
2026-07-16T23:17:05+02:00,[60],[0]
2026-07-16T23:17:04+02:00,[60],[0]
2026-07-16T23:17:03+02:00,[60],[0]
2026-07-16T23:17:02+02:00,[60],[0]
2026-07-16T23:17:01+02:00,[60],[0]
2026-07-16T23:17:00+02:00,[60],[0]
2026-07-16T23:16:59+02:00,[60],[0]
2026-07-16T23:16:58+02:00,[60],[0]
2026-07-16T23:16:57+02:00,[60],[0]
2026-07-16T23:16:56+02:00,[60],[0]
2026-07-16T23:16:55+02:00,[60],[0]
2026-07-16T23:16:54+02:00,[60],[0]
2026-07-16T23:16:53+02:00,[60],[0]
2026-07-16T23:16:52+02:00,[60],[0]
2026-07-16T23:16:51+02:00,[60],[0]
2026-07-16T23:16:50+02:00,[60],[0]
2026-07-16T23:16:49+02:00,[60],[0]
2026-07-16T23:16:48+02:00,[60],[0]
2026-07-16T23:16:47+02:00,[60],[0]
2026-07-16T23:16:46+02:00,[60],[0]
2026-07-16T23:16:45+02:00,[60],[0]
2026-07-16T23:16:44+02:00,[60],[0]
2026-07-16T23:16:43+02:00,[60],[0]
2026-07-16T23:16:42+02:00,[60],[0]
2026-07-16T23:16:41+02:00,[60],[0]
2026-07-16T23:16:40+02:00,[60],[0]
2026-07-16T23:16:39+02:00,[60],[0]
2026-07-16T23:16:38+02:00,[60],[0]
2026-07-16T23:16:37+02:00,[60],[0]
2026-07-16T23:16:36+02:00,[60],[0]
2026-07-16T23:16:35+02:00,[60],[0]
2026-07-16T23:16:34+02:00,[60],[0]
2026-07-16T23:16:33+02:00,[60],[0]
2026-07-16T23:16:32+02:00,[60],[0]
2026-07-16T23:16:31+02:00,[60],[0]
2026-07-16T23:16:30+02:00,[60],[0]
2026-07-16T23:16:29+02:00,[60],[0]
2026-07-16T23:16:28+02:00,[60],[0]
2026-07-16T23:16:27+02:00,[60],[0]
2026-07-16T23:16:26+02:00,[60],[0]
2026-07-16T23:16:25+02:00,[60],[0]
2026-07-16T23:16:24+02:00,[60],[0]
2026-07-16T23:16:23+02:00,[60],[0]
2026-07-16T23:16:22+02:00,[60],[0]
2026-07-16T23:16:21+02:00,[60],[0]
2026-07-16T23:16:20+02:00,[60],[0]
2026-07-16T23:16:19+02:00,[60],[0]
2026-07-16T23:16:18+02:00,[60],[0]
2026-07-16T23:16:17+02:00,[60],[0]
2026-07-16T23:16:16+02:00,[60],[0]
2026-07-16T23:16:15+02:00,[60],[0]
2026-07-16T23:16:14+02:00,[60],[0]
2026-07-16T23:16:13+02:00,[60],[0]
2026-07-16T23:16:12+02:00,[60],[0]
2026-07-16T23:16:11+02:00,[60],[0]
2026-07-16T23:16:10+02:00,[60],[0]
2026-07-16T23:16:09+02:00,[60],[0]
2026-07-16T23:16:08+02:00,[60],[0]
2026-07-16T23:16:07+02:00,[60],[0]
2026-07-16T23:16:06+02:00,[60],[0]
2026-07-16T23:16:05+02:00,[60],[0]
2026-07-16T23:16:04+02:00,[60],[0]
2026-07-16T23:16:03+02:00,[60],[0]
2026-07-16T23:16:02+02:00,[60],[0]
2026-07-16T23:16:01+02:00,[60],[0]
2026-07-16T23:16:00+02:00,[60],[0]
2026-07-16T23:15:59+02:00,[60],[0]
2026-07-16T23:15:58+02:00,[60],[0]
2026-07-16T23:15:57+02:00,[60],[0]
2026-07-16T23:15:56+02:00,[60],[0]
2026-07-16T23:15:55+02:00,[60],[0]
2026-07-16T23:15:54+02:00,[60],[0]
2026-07-16T23:15:53+02:00,[60],[0]
2026-07-16T23:15:52+02:00,[60],[0]
2026-07-16T23:15:51+02:00,[60],[0]
2026-07-16T23:15:50+02:00,[60],[0]
2026-07-16T23:15:49+02:00,[60],[0]
2026-07-16T23:15:48+02:00,[60],[0]
2026-07-16T23:15:47+02:00,[60],[0]
2026-07-16T23:15:46+02:00,[60],[0]
2026-07-16T23:15:45+02:00,[60],[0]
2026-07-16T23:15:44+02:00,[60],[0]
2026-07-16T23:15:43+02:00,[60],[0]
2026-07-16T23:15:42+02:00,[60],[0]
2026-07-16T23:15:41+02:00,[60],[0]
2026-07-16T23:15:40+02:00,[60],[0]
2026-07-16T23:15:39+02:00,[60],[0]
2026-07-16T23:15:38+02:00,[60],[0]
2026-07-16T23:15:37+02:00,[60],[0]
2026-07-16T23:15:36+02:00,[60],[0]
2026-07-16T23:15:35+02:00,[60],[0]
2026-07-16T23:15:34+02:00,[60],[0]
2026-07-16T23:15:33+02:00,[60],[0]
2026-07-16T23:15:32+02:00,[60],[0]
2026-07-16T23:15:31+02:00,[60],[0]
2026-07-16T23:15:30+02:00,[60],[0]
2026-07-16T23:15:29+02:00,[60],[0]
2026-07-16T23:15:28+02:00,[60],[0]
2026-07-16T23:15:27+02:00,[60],[0]
2026-07-16T23:15:26+02:00,[60],[0]
2026-07-16T23:15:25+02:00,[60],[0]
2026-07-16T23:15:24+02:00,[60],[0]
2026-07-16T23:15:23+02:00,[60],[0]
2026-07-16T23:15:22+02:00,[60],[0]
2026-07-16T23:15:21+02:00,[60],[0]
2026-07-16T23:15:20+02:00,[60],[0]
2026-07-16T23:15:19+02:00,[60],[0]
2026-07-16T23:15:18+02:00,[60],[0]
2026-07-16T23:15:17+02:00,[60],[0]
2026-07-16T23:15:16+02:00,[60],[0]
2026-07-16T23:15:15+02:00,[60],[0]
2026-07-16T23:15:14+02:00,[60],[0]
2026-07-16T23:15:13+02:00,[60],[0]
2026-07-16T23:15:12+02:00,[60],[0]
2026-07-16T23:15:11+02:00,[60],[0]
2026-07-16T23:15:10+02:00,[60],[0]
2026-07-16T23:15:09+02:00,[60],[0]
2026-07-16T23:15:08+02:00,[60],[0]
2026-07-16T23:15:07+02:00,[60],[0]
2026-07-16T23:15:06+02:00,[60],[0]
2026-07-16T23:15:05+02:00,[60],[0]
2026-07-16T23:15:04+02:00,[60],[0]
2026-07-16T23:15:03+02:00,[60],[0]
2026-07-16T23:15:02+02:00,[60],[0]
2026-07-16T23:15:01+02:00,[60],[0]
2026-07-16T23:15:00+02:00,[60],[0]
2026-07-16T23:14:59+02:00,[60],[0]
2026-07-16T23:14:58+02:00,[60],[0]
2026-07-16T23:14:57+02:00,[60],[0]
2026-07-16T23:14:56+02:00,[60],[0]
2026-07-16T23:14:55+02:00,[60],[0]
2026-07-16T23:14:54+02:00,[60],[0]
2026-07-16T23:14:53+02:00,[60],[0]
2026-07-16T23:14:52+02:00,[60],[0]
2026-07-16T23:14:51+02:00,[60],[0]
2026-07-16T23:14:50+02:00,[60],[0]
2026-07-16T23:14:49+02:00,[60],[0]
2026-07-16T23:14:48+02:00,[60],[0]
2026-07-16T23:14:47+02:00,[60],[0]
2026-07-16T23:14:46+02:00,[60],[0]
2026-07-16T23:14:45+02:00,[60],[0]
2026-07-16T23:14:44+02:00,[60],[0]
2026-07-16T23:14:43+02:00,[60],[0]
2026-07-16T23:14:42+02:00,[60],[0]
2026-07-16T23:14:41+02:00,[60],[0]
2026-07-16T23:14:40+02:00,[60],[0]
2026-07-16T23:14:39+02:00,[60],[0]
2026-07-16T23:14:38+02:00,[60],[0]
2026-07-16T23:14:37+02:00,[60],[0]
2026-07-16T23:14:36+02:00,[60],[0]
2026-07-16T23:14:35+02:00,[60],[0]
2026-07-16T23:14:34+02:00,[60],[0]
2026-07-16T23:14:33+02:00,[60],[0]
2026-07-16T23:14:32+02:00,[60],[0]
2026-07-16T23:14:31+02:00,[60],[0]
2026-07-16T23:14:30+02:00,[60],[0]
2026-07-16T23:14:29+02:00,[60],[0]
2026-07-16T23:14:28+02:00,[60],[0]
2026-07-16T23:14:27+02:00,[60],[0]
2026-07-16T23:14:26+02:00,[60],[0]
2026-07-16T23:14:25+02:00,[60],[0]
2026-07-16T23:14:24+02:00,[60],[0]
2026-07-16T23:14:23+02:00,[60],[0]
2026-07-16T23:14:22+02:00,[60],[0]
2026-07-16T23:14:21+02:00,[60],[0]
2026-07-16T23:14:20+02:00,[60],[0]
2026-07-16T23:14:19+02:00,[60],[0]
2026-07-16T23:14:18+02:00,[60],[0]
2026-07-16T23:14:17+02:00,[60],[0]
2026-07-16T23:14:16+02:00,[60],[0]
2026-07-16T23:14:15+02:00,[60],[0]
2026-07-16T23:14:14+02:00,[60],[0]
2026-07-16T23:14:13+02:00,[60],[0]
2026-07-16T23:14:12+02:00,[60],[0]
2026-07-16T23:14:11+02:00,[60],[0]
2026-07-16T23:14:10+02:00,[60],[0]
2026-07-16T23:14:09+02:00,[60],[0]
2026-07-16T23:14:08+02:00,[60],[0]
2026-07-16T23:14:07+02:00,[60],[0]
2026-07-16T23:14:06+02:00,[60],[0]
2026-07-16T23:14:05+02:00,[60],[0]
2026-07-16T23:14:04+02:00,[60],[0]
2026-07-16T23:14:03+02:00,[60],[0]
2026-07-16T23:14:02+02:00,[60],[0]
2026-07-16T23:14:01+02:00,[60],[0]
2026-07-16T23:14:00+02:00,[60],[0]
2026-07-16T23:13:59+02:00,[60],[0]
2026-07-16T23:13:58+02:00,[60],[0]
2026-07-16T23:13:57+02:00,[60],[0]
2026-07-16T23:13:56+02:00,[60],[0]
2026-07-16T23:13:55+02:00,[60],[0]
2026-07-16T23:13:54+02:00,[60],[0]
2026-07-16T23:13:53+02:00,[60],[0]
2026-07-16T23:13:52+02:00,[60],[0]
2026-07-16T23:13:51+02:00,[60],[0]
2026-07-16T23:13:50+02:00,[60],[0]
2026-07-16T23:13:49+02:00,[60],[0]
2026-07-16T23:13:48+02:00,[60],[0]
2026-07-16T23:13:47+02:00,[60],[0]
2026-07-16T23:13:46+02:00,[60],[0]
2026-07-16T23:13:45+02:00,[60],[0]
2026-07-16T23:13:44+02:00,[60],[0]
2026-07-16T23:13:43+02:00,[60],[0]
2026-07-16T23:13:42+02:00,[60],[0]
2026-07-16T23:13:41+02:00,[60],[0]
2026-07-16T23:13:40+02:00,[60],[0]
2026-07-16T23:13:39+02:00,[60],[0]
2026-07-16T23:13:38+02:00,[60],[0]
2026-07-16T23:13:37+02:00,[60],[0]
2026-07-16T23:13:36+02:00,[60],[0]
2026-07-16T23:13:35+02:00,[60],[0]
2026-07-16T23:13:34+02:00,[60],[0]
2026-07-16T23:13:33+02:00,[60],[0]
2026-07-16T23:13:32+02:00,[60],[0]
2026-07-16T23:13:31+02:00,[60],[0]
2026-07-16T23:13:30+02:00,[60],[0]
2026-07-16T23:13:29+02:00,[60],[0]
2026-07-16T23:13:28+02:00,[60],[0]
2026-07-16T23:13:27+02:00,[60],[0]
2026-07-16T23:13:26+02:00,[60],[0]
2026-07-16T23:13:25+02:00,[60],[0]
2026-07-16T23:13:24+02:00,[60],[0]
2026-07-16T23:13:23+02:00,[60],[0]
2026-07-16T23:13:22+02:00,[60],[0]
2026-07-16T23:13:21+02:00,[60],[0]
2026-07-16T23:13:20+02:00,[60],[0]
2026-07-16T23:13:19+02:00,[60],[0]
2026-07-16T23:13:18+02:00,[60],[0]
2026-07-16T23:13:17+02:00,[60],[0]
2026-07-16T23:13:16+02:00,[60],[0]
2026-07-16T23:13:15+02:00,[60],[0]
2026-07-16T23:13:14+02:00,[60],[0]
2026-07-16T23:13:13+02:00,[60],[0]
2026-07-16T23:13:12+02:00,[60],[0]
2026-07-16T23:13:11+02:00,[60],[0]
2026-07-16T23:13:10+02:00,[60],[0]
2026-07-16T23:13:09+02:00,[60],[0]
2026-07-16T23:13:08+02:00,[60],[0]
2026-07-16T23:13:07+02:00,[60],[0]
2026-07-16T23:13:06+02:00,[60],[0]
2026-07-16T23:13:05+02:00,[60],[0]
2026-07-16T23:13:04+02:00,[60],[0]
2026-07-16T23:13:03+02:00,[60],[0]
2026-07-16T23:13:02+02:00,[60],[0]
2026-07-16T23:13:01+02:00,[60],[0]
2026-07-16T23:13:00+02:00,[60],[0]
2026-07-16T23:12:59+02:00,[60],[0]
2026-07-16T23:12:58+02:00,[60],[0]
2026-07-16T23:12:57+02:00,[60],[0]
2026-07-16T23:12:56+02:00,[60],[0]
2026-07-16T23:12:55+02:00,[60],[0]
2026-07-16T23:12:54+02:00,[60],[0]
2026-07-16T23:12:53+02:00,[60],[0]
2026-07-16T23:12:52+02:00,[60],[0]
2026-07-16T23:12:51+02:00,[60],[0]
2026-07-16T23:12:50+02:00,[60],[0]
2026-07-16T23:12:49+02:00,[60],[0]
2026-07-16T23:12:48+02:00,[60],[0]
2026-07-16T23:12:47+02:00,[60],[0]
2026-07-16T23:12:46+02:00,[60],[0]
2026-07-16T23:12:45+02:00,[60],[0]
2026-07-16T23:12:44+02:00,[60],[0]
2026-07-16T23:12:43+02:00,[60],[0]
2026-07-16T23:12:42+02:00,[60],[0]
2026-07-16T23:12:41+02:00,[60],[0]
2026-07-16T23:12:40+02:00,[60],[0]
2026-07-16T23:12:39+02:00,[60],[0]
2026-07-16T23:12:38+02:00,[60],[0]
2026-07-16T23:12:37+02:00,[60],[0]
2026-07-16T23:12:36+02:00,[60],[0]
2026-07-16T23:12:35+02:00,[60],[0]
2026-07-16T23:12:34+02:00,[60],[0]
2026-07-16T23:12:33+02:00,[60],[0]
2026-07-16T23:12:32+02:00,[60],[0]
2026-07-16T23:12:31+02:00,[60],[0]
2026-07-16T23:12:30+02:00,[60],[0]
2026-07-16T23:12:29+02:00,[60],[0]
2026-07-16T23:12:28+02:00,[60],[0]
2026-07-16T23:12:27+02:00,[60],[0]
2026-07-16T23:12:26+02:00,[60],[0]
2026-07-16T23:12:25+02:00,[60],[0]
2026-07-16T23:12:24+02:00,[60],[0]
2026-07-16T23:12:23+02:00,[60],[0]
2026-07-16T23:12:22+02:00,[60],[0]
2026-07-16T23:12:21+02:00,[60],[0]
2026-07-16T23:12:20+02:00,[60],[0]
2026-07-16T23:12:19+02:00,[60],[0]
2026-07-16T23:12:18+02:00,[60],[0]
2026-07-16T23:12:17+02:00,[60],[0]
2026-07-16T23:12:16+02:00,[60],[0]
2026-07-16T23:12:15+02:00,[60],[0]
2026-07-16T23:12:14+02:00,[60],[0.019]
2026-07-16T23:12:13+02:00,[60],[0]
2026-07-16T23:12:12+02:00,[60],[0]
2026-07-16T23:12:11+02:00,[60],[0]
2026-07-16T23:12:10+02:00,[60],[0]
2026-07-16T23:12:09+02:00,[60],[0]
2026-07-16T23:12:08+02:00,[60],[0]
2026-07-16T23:12:07+02:00,[60],[0]
2026-07-16T23:12:06+02:00,[60],[0]
2026-07-16T23:12:05+02:00,[60],[0]
2026-07-16T23:12:04+02:00,[60],[0]
2026-07-16T23:12:03+02:00,[60],[0]
2026-07-16T23:12:02+02:00,[60],[0]
2026-07-16T23:12:01+02:00,[60],[0]
2026-07-16T23:12:00+02:00,[60],[0]
2026-07-16T23:11:59+02:00,[60],[0]
2026-07-16T23:11:58+02:00,[60],[0]
2026-07-16T23:11:57+02:00,[60],[0]
2026-07-16T23:11:56+02:00,[60],[0]
2026-07-16T23:11:55+02:00,[60],[0]
2026-07-16T23:11:54+02:00,[60],[0]
2026-07-16T23:11:53+02:00,[60],[0]
2026-07-16T23:11:52+02:00,[60],[0]
2026-07-16T23:11:51+02:00,[60],[0]
2026-07-16T23:11:50+02:00,[60],[0]
2026-07-16T23:11:49+02:00,[60],[0]
2026-07-16T23:11:48+02:00,[60],[0]
2026-07-16T23:11:47+02:00,[60],[0]
2026-07-16T23:11:46+02:00,[60],[0]
2026-07-16T23:11:45+02:00,[60],[0]
2026-07-16T23:11:44+02:00,[60],[0]
2026-07-16T23:11:43+02:00,[60],[0]
2026-07-16T23:11:42+02:00,[60],[0]
2026-07-16T23:11:38+02:00,[60],[-1]
2026-07-16T23:11:29+02:00,[60],[-1]
2026-07-16T23:11:06+02:00,[60],[-1]
2026-07-16T23:08:06+02:00,[60],[0]
2026-07-16T23:08:05+02:00,[60],[0]
2026-07-16T23:08:04+02:00,[60],[0]
2026-07-16T23:08:03+02:00,[60],[0]
2026-07-16T23:08:02+02:00,[60],[0]
2026-07-16T23:08:01+02:00,[60],[0]
2026-07-16T23:08:00+02:00,[60],[0]
2026-07-16T23:07:59+02:00,[60],[0]
2026-07-16T23:07:58+02:00,[60],[0.04]
2026-07-16T23:07:57+02:00,[60],[0.132]
2026-07-16T23:07:56+02:00,[60],[0.273]
2026-07-16T23:07:55+02:00,[60],[0.312]
2026-07-16T23:07:54+02:00,[60],[0.139]
2026-07-16T23:07:53+02:00,[60],[0.227]
2026-07-16T23:07:52+02:00,[60],[0.123]
2026-07-16T23:07:51+02:00,[60],[0.017]
2026-07-16T23:07:50+02:00,[60],[0]
2026-07-16T23:07:49+02:00,[60],[0]
2026-07-16T23:07:48+02:00,[60],[0]
2026-07-16T23:07:47+02:00,[60],[0]
2026-07-16T23:07:46+02:00,[60],[0]
2026-07-16T23:07:45+02:00,[60],[0]
2026-07-16T23:07:44+02:00,[60],[0]
2026-07-16T23:07:43+02:00,[60],[0]
2026-07-16T23:07:42+02:00,[60],[0]
2026-07-16T23:07:41+02:00,[60],[0]
2026-07-16T23:07:40+02:00,[60],[0]
2026-07-16T23:07:39+02:00,[60],[0]
2026-07-16T23:07:38+02:00,[60],[0]
2026-07-16T23:07:37+02:00,[60],[0]
2026-07-16T23:07:36+02:00,[60],[0]
2026-07-16T23:07:35+02:00,[60],[0]
2026-07-16T23:07:34+02:00,[60],[0]
2026-07-16T23:07:33+02:00,[60],[0]
2026-07-16T23:07:32+02:00,[60],[0]
2026-07-16T23:07:31+02:00,[60],[0]
2026-07-16T23:07:30+02:00,[60],[0]
2026-07-16T23:07:29+02:00,[60],[0]
2026-07-16T23:07:28+02:00,[60],[0]
2026-07-16T23:07:27+02:00,[60],[0]
2026-07-16T23:07:26+02:00,[60],[0]
2026-07-16T23:07:25+02:00,[60],[0]
2026-07-16T23:07:24+02:00,[60],[0]
2026-07-16T23:07:23+02:00,[60],[0]
2026-07-16T23:07:22+02:00,[60],[0]
2026-07-16T23:07:21+02:00,[60],[0]
2026-07-16T23:07:20+02:00,[60],[0]
2026-07-16T23:07:19+02:00,[60],[0]
2026-07-16T23:07:18+02:00,[60],[0]
2026-07-16T23:07:17+02:00,[60],[0]
2026-07-16T23:07:16+02:00,[60],[0]
2026-07-16T23:07:15+02:00,[60],[0]
2026-07-16T23:07:14+02:00,[60],[0]
2026-07-16T23:07:13+02:00,[60],[0]
2026-07-16T23:07:12+02:00,[60],[0]
2026-07-16T23:07:11+02:00,[60],[0]
2026-07-16T23:07:10+02:00,[60],[0]
2026-07-16T23:07:09+02:00,[60],[0]
2026-07-16T23:07:08+02:00,[60],[0]
2026-07-16T23:07:07+02:00,[60],[0]
2026-07-16T23:07:06+02:00,[60],[0]
2026-07-16T23:07:05+02:00,[60],[0]
2026-07-16T23:07:04+02:00,[60],[0]
2026-07-16T23:07:03+02:00,[60],[0]
2026-07-16T23:07:02+02:00,[60],[0]
2026-07-16T23:07:01+02:00,[60],[0]
2026-07-16T23:07:00+02:00,[60],[0]
2026-07-16T23:06:59+02:00,[60],[0]
2026-07-16T23:06:58+02:00,[60],[0]
2026-07-16T23:06:57+02:00,[60],[0]
2026-07-16T23:06:56+02:00,[60],[0]
2026-07-16T23:06:55+02:00,[60],[0]
2026-07-16T23:06:54+02:00,[60],[0]
2026-07-16T23:06:53+02:00,[60],[0]
2026-07-16T23:06:52+02:00,[60],[0]
2026-07-16T23:06:51+02:00,[60],[0]
2026-07-16T23:06:50+02:00,[60],[0]
2026-07-16T23:06:49+02:00,[60],[0]
2026-07-16T23:06:48+02:00,[60],[0]
2026-07-16T23:06:47+02:00,[60],[0]
2026-07-16T23:06:46+02:00,[60],[0]
2026-07-16T23:06:45+02:00,[60],[0]
2026-07-16T23:06:44+02:00,[60],[0]
2026-07-16T23:06:43+02:00,[60],[0]
2026-07-16T23:06:42+02:00,[60],[0]
2026-07-16T23:06:41+02:00,[60],[0]
2026-07-16T23:06:40+02:00,[60],[0]
2026-07-16T23:06:39+02:00,[60],[0]
2026-07-16T23:06:38+02:00,[60],[0]
2026-07-16T23:06:37+02:00,[60],[0]
2026-07-16T23:06:36+02:00,[60],[0]
2026-07-16T23:06:35+02:00,[60],[0]
2026-07-16T23:06:34+02:00,[60],[0]
2026-07-16T23:06:33+02:00,[60],[0]
2026-07-16T23:06:32+02:00,[60],[0]
2026-07-16T23:06:31+02:00,[60],[0]
2026-07-16T23:06:30+02:00,[60],[0]
2026-07-16T23:06:29+02:00,[60],[0]
2026-07-16T23:06:28+02:00,[60],[0]
2026-07-16T23:06:27+02:00,[60],[0]
2026-07-16T23:06:26+02:00,[60],[0]
2026-07-16T23:06:25+02:00,[60],[0]
2026-07-16T23:06:24+02:00,[60],[0]
2026-07-16T23:06:23+02:00,[60],[0]
2026-07-16T23:06:22+02:00,[60],[0]
2026-07-16T23:06:21+02:00,[60],[0.005]
2026-07-16T23:06:20+02:00,[60],[0]
2026-07-16T23:06:19+02:00,[60],[0]
2026-07-16T23:06:18+02:00,[60],[0]
2026-07-16T23:06:17+02:00,[60],[0]
2026-07-16T23:06:16+02:00,[60],[0]
2026-07-16T23:06:15+02:00,[60],[0]
2026-07-16T23:06:14+02:00,[60],[0]
2026-07-16T23:06:13+02:00,[60],[0]
2026-07-16T23:06:12+02:00,[60],[0]
2026-07-16T23:06:11+02:00,[60],[0]
2026-07-16T23:06:10+02:00,[60],[0]
2026-07-16T23:06:09+02:00,[60],[0]
2026-07-16T23:06:08+02:00,[60],[0]
2026-07-16T23:06:07+02:00,[60],[0]
2026-07-16T23:06:06+02:00,[60],[0]
2026-07-16T23:06:05+02:00,[60],[0]
2026-07-16T23:06:04+02:00,[60],[0]
2026-07-16T23:06:03+02:00,[60],[0]
2026-07-16T23:06:02+02:00,[60],[0]
2026-07-16T23:06:01+02:00,[60],[0]
2026-07-16T23:06:00+02:00,[60],[0]
2026-07-16T23:05:59+02:00,[60],[0]
2026-07-16T23:05:58+02:00,[60],[0]
2026-07-16T23:05:57+02:00,[60],[0]
2026-07-16T23:05:56+02:00,[60],[0]
2026-07-16T23:05:55+02:00,[60],[0]
2026-07-16T23:05:54+02:00,[60],[0]
2026-07-16T23:05:53+02:00,[60],[0]
2026-07-16T23:05:52+02:00,[60],[0]
2026-07-16T23:05:51+02:00,[60],[0]
2026-07-16T23:05:50+02:00,[60],[0]
2026-07-16T23:05:49+02:00,[60],[0]
2026-07-16T23:05:48+02:00,[60],[0]
2026-07-16T23:05:47+02:00,[60],[0]
2026-07-16T23:05:46+02:00,[60],[0]
2026-07-16T23:05:45+02:00,[60],[0]
2026-07-16T23:05:44+02:00,[60],[0]
2026-07-16T23:05:43+02:00,[60],[0]
2026-07-16T23:05:42+02:00,[60],[0.018]
2026-07-16T23:05:41+02:00,[60],[0]
2026-07-16T23:05:40+02:00,[60],[0]
2026-07-16T23:05:39+02:00,[60],[0]
2026-07-16T23:05:38+02:00,[60],[0]
2026-07-16T23:05:37+02:00,[60],[0.005]
2026-07-16T23:05:36+02:00,[60],[0]
2026-07-16T23:05:35+02:00,[60],[0]
2026-07-16T23:05:34+02:00,[60],[0]
2026-07-16T23:05:33+02:00,[60],[0]
2026-07-16T23:05:32+02:00,[60],[0]
2026-07-16T23:05:31+02:00,[60],[0]
2026-07-16T23:05:30+02:00,[60],[0]
2026-07-16T23:05:29+02:00,[60],[0]
2026-07-16T23:05:28+02:00,[60],[0]
2026-07-16T23:05:27+02:00,[60],[0]
2026-07-16T23:05:26+02:00,[60],[0]
2026-07-16T23:05:25+02:00,[60],[0]
2026-07-16T23:05:24+02:00,[60],[0]
2026-07-16T23:05:23+02:00,[60],[0]
2026-07-16T23:05:22+02:00,[60],[0]
2026-07-16T23:05:21+02:00,[60],[0]
2026-07-16T23:05:20+02:00,[60],[0]
2026-07-16T23:05:19+02:00,[60],[0]
2026-07-16T23:05:18+02:00,[60],[0]
2026-07-16T23:05:17+02:00,[60],[0]
2026-07-16T23:05:16+02:00,[60],[0]
2026-07-16T23:05:15+02:00,[60],[0]
2026-07-16T23:05:14+02:00,[60],[0]
2026-07-16T23:05:13+02:00,[60],[0]
2026-07-16T23:05:12+02:00,[60],[0]
2026-07-16T23:05:11+02:00,[60],[0]
2026-07-16T23:05:10+02:00,[60],[0]
2026-07-16T23:05:09+02:00,[60],[0]
2026-07-16T23:05:08+02:00,[60],[0]
2026-07-16T23:05:07+02:00,[60],[0]
2026-07-16T23:05:06+02:00,[60],[0]
2026-07-16T23:05:05+02:00,[60],[0]
2026-07-16T23:05:04+02:00,[60],[0]
2026-07-16T23:05:03+02:00,[60],[0]
2026-07-16T23:05:02+02:00,[60],[0]
2026-07-16T23:05:01+02:00,[60],[0]
2026-07-16T23:05:00+02:00,[60],[0]
2026-07-16T23:04:59+02:00,[60],[0]
2026-07-16T23:04:58+02:00,[60],[0]
2026-07-16T23:04:57+02:00,[60],[0]
2026-07-16T23:04:56+02:00,[60],[0]
2026-07-16T23:04:55+02:00,[60],[0]
2026-07-16T23:04:54+02:00,[60],[0]
2026-07-16T23:04:53+02:00,[60],[0]
2026-07-16T23:04:52+02:00,[60],[0]
2026-07-16T23:04:51+02:00,[60],[0]
2026-07-16T23:04:50+02:00,[60],[0]
2026-07-16T23:04:49+02:00,[60],[0]
2026-07-16T23:04:48+02:00,[60],[0]
2026-07-16T23:04:47+02:00,[60],[0]
2026-07-16T23:04:46+02:00,[60],[0]
2026-07-16T23:04:45+02:00,[60],[0]
2026-07-16T23:04:44+02:00,[60],[0]
2026-07-16T23:04:43+02:00,[60],[0]
2026-07-16T23:04:42+02:00,[60],[0]
2026-07-16T23:04:41+02:00,[60],[0]
2026-07-16T23:04:40+02:00,[60],[0]
2026-07-16T23:04:39+02:00,[60],[0]
2026-07-16T23:04:38+02:00,[60],[0]
2026-07-16T23:04:37+02:00,[60],[0]
2026-07-16T23:04:36+02:00,[60],[0]
2026-07-16T23:04:35+02:00,[60],[0]
2026-07-16T23:04:34+02:00,[60],[0]
2026-07-16T23:04:33+02:00,[60],[0]
2026-07-16T23:04:32+02:00,[60],[0]
2026-07-16T23:04:31+02:00,[60],[0]
2026-07-16T23:04:30+02:00,[60],[0]
2026-07-16T23:04:29+02:00,[60],[0]
2026-07-16T23:04:28+02:00,[60],[0]
2026-07-16T23:04:27+02:00,[60],[0]
2026-07-16T23:04:26+02:00,[60],[0]
2026-07-16T23:04:25+02:00,[60],[0]
2026-07-16T23:04:24+02:00,[60],[0]
2026-07-16T23:04:23+02:00,[60],[0]
2026-07-16T23:04:22+02:00,[60],[0]
2026-07-16T23:04:21+02:00,[60],[0]
2026-07-16T23:04:20+02:00,[60],[0]
2026-07-16T23:04:19+02:00,[60],[0]
2026-07-16T23:04:18+02:00,[60],[0]
2026-07-16T23:04:17+02:00,[60],[0]
2026-07-16T23:04:16+02:00,[60],[0]
2026-07-16T23:04:15+02:00,[60],[0]
2026-07-16T23:04:14+02:00,[60],[0]
2026-07-16T23:04:13+02:00,[60],[0]
2026-07-16T23:04:12+02:00,[60],[0]
2026-07-16T23:04:11+02:00,[60],[0]
2026-07-16T23:04:10+02:00,[60],[0]
2026-07-16T23:04:09+02:00,[60],[0]
2026-07-16T23:04:08+02:00,[60],[0]
2026-07-16T23:04:07+02:00,[60],[0]
2026-07-16T23:04:06+02:00,[60],[0]
2026-07-16T23:04:05+02:00,[60],[0]
2026-07-16T23:04:04+02:00,[60],[0]
2026-07-16T23:04:03+02:00,[60],[0]
2026-07-16T23:04:02+02:00,[60],[0]
2026-07-16T23:04:01+02:00,[60],[0]
2026-07-16T23:04:00+02:00,[60],[0]
2026-07-16T23:03:59+02:00,[60],[0]
2026-07-16T23:03:58+02:00,[60],[0]
2026-07-16T23:03:57+02:00,[60],[0]
2026-07-16T23:03:56+02:00,[60],[0]
2026-07-16T23:03:55+02:00,[60],[0]
2026-07-16T23:03:54+02:00,[60],[0]
2026-07-16T23:03:53+02:00,[60],[0]
2026-07-16T23:03:52+02:00,[60],[0]
2026-07-16T23:03:51+02:00,[60],[0]
2026-07-16T23:03:50+02:00,[60],[0]
2026-07-16T23:03:49+02:00,[60],[0]
2026-07-16T23:03:48+02:00,[60],[0]
2026-07-16T23:03:47+02:00,[60],[0]
2026-07-16T23:03:46+02:00,[60],[0]
2026-07-16T23:03:45+02:00,[60],[0]
2026-07-16T23:03:44+02:00,[60],[0]
2026-07-16T23:03:43+02:00,[60],[0]
2026-07-16T23:03:42+02:00,[60],[0]
2026-07-16T23:03:41+02:00,[60],[0]
2026-07-16T23:03:40+02:00,[60],[0]
2026-07-16T23:03:39+02:00,[60],[0]
2026-07-16T23:03:38+02:00,[60],[0]
2026-07-16T23:03:37+02:00,[60],[0]
2026-07-16T23:03:36+02:00,[60],[0]
2026-07-16T23:03:35+02:00,[60],[0]
2026-07-16T23:03:34+02:00,[60],[0]
2026-07-16T23:03:33+02:00,[60],[0]
2026-07-16T23:03:32+02:00,[60],[0]
2026-07-16T23:03:31+02:00,[60],[0]
2026-07-16T23:03:30+02:00,[60],[0]
2026-07-16T23:03:29+02:00,[60],[0]
2026-07-16T23:03:28+02:00,[60],[0]
2026-07-16T23:03:27+02:00,[60],[0]
2026-07-16T23:03:26+02:00,[60],[0]
2026-07-16T23:03:25+02:00,[60],[0]
2026-07-16T23:03:24+02:00,[60],[0]
2026-07-16T23:03:23+02:00,[60],[0]
2026-07-16T23:03:22+02:00,[60],[0]
2026-07-16T23:03:21+02:00,[60],[0]
2026-07-16T23:03:20+02:00,[60],[0]
2026-07-16T23:03:19+02:00,[60],[0]
2026-07-16T23:03:18+02:00,[60],[0]
2026-07-16T23:03:17+02:00,[60],[0]
2026-07-16T23:03:16+02:00,[60],[0]
2026-07-16T23:03:15+02:00,[60],[0]
2026-07-16T23:03:14+02:00,[60],[0]
2026-07-16T23:03:13+02:00,[60],[0]
2026-07-16T23:03:12+02:00,[60],[0]
2026-07-16T23:03:11+02:00,[60],[0]
2026-07-16T23:03:10+02:00,[60],[0]
2026-07-16T23:03:09+02:00,[60],[0]
2026-07-16T23:03:08+02:00,[60],[0]
2026-07-16T23:03:07+02:00,[60],[0]
2026-07-16T23:03:06+02:00,[60],[0]
2026-07-16T23:03:05+02:00,[60],[0]
2026-07-16T23:03:04+02:00,[60],[0]
2026-07-16T23:03:03+02:00,[60],[0]
2026-07-16T23:03:02+02:00,[60],[0]
2026-07-16T23:03:01+02:00,[60],[0]
2026-07-16T23:03:00+02:00,[60],[0]
2026-07-16T23:02:59+02:00,[60],[0]
2026-07-16T23:02:58+02:00,[60],[0]
2026-07-16T23:02:57+02:00,[60],[0]
2026-07-16T23:02:56+02:00,[60],[0]
2026-07-16T23:02:55+02:00,[60],[0]
2026-07-16T23:02:54+02:00,[60],[0]
2026-07-16T23:02:53+02:00,[60],[0]
2026-07-16T23:02:52+02:00,[60],[0]
2026-07-16T23:02:51+02:00,[60],[0]
2026-07-16T23:02:50+02:00,[60],[0]
2026-07-16T23:02:49+02:00,[60],[0]
2026-07-16T23:02:48+02:00,[60],[0]
2026-07-16T23:02:47+02:00,[60],[0]
2026-07-16T23:02:46+02:00,[60],[0]
2026-07-16T23:02:45+02:00,[60],[0]
2026-07-16T23:02:44+02:00,[60],[0]
2026-07-16T23:02:43+02:00,[60],[0]
2026-07-16T23:02:42+02:00,[60],[0]
2026-07-16T23:02:41+02:00,[60],[0]
2026-07-16T23:02:40+02:00,[60],[0]
2026-07-16T23:02:39+02:00,[60],[0]
2026-07-16T23:02:38+02:00,[60],[0]
2026-07-16T23:02:37+02:00,[60],[0]
2026-07-16T23:02:36+02:00,[60],[0]
2026-07-16T23:02:35+02:00,[60],[0]
2026-07-16T23:02:34+02:00,[60],[0]
2026-07-16T23:02:33+02:00,[60],[0]
2026-07-16T23:02:32+02:00,[60],[0]
2026-07-16T23:02:31+02:00,[60],[0]
2026-07-16T23:02:30+02:00,[60],[0]
2026-07-16T23:02:29+02:00,[60],[0]
2026-07-16T23:02:28+02:00,[60],[0]
2026-07-16T23:02:27+02:00,[60],[0]
2026-07-16T23:02:26+02:00,[60],[0]
2026-07-16T23:02:25+02:00,[60],[0]
2026-07-16T23:02:24+02:00,[60],[0]
2026-07-16T23:02:23+02:00,[60],[0]
2026-07-16T23:02:22+02:00,[60],[0]
2026-07-16T23:02:21+02:00,[60],[0]
2026-07-16T23:02:20+02:00,[60],[0]
2026-07-16T23:02:19+02:00,[60],[0]
2026-07-16T23:02:18+02:00,[60],[0]
2026-07-16T23:02:17+02:00,[60],[0]
2026-07-16T23:02:16+02:00,[60],[0]
2026-07-16T23:02:15+02:00,[60],[0]
2026-07-16T23:02:14+02:00,[60],[0]
2026-07-16T23:02:13+02:00,[60],[0]
2026-07-16T23:02:12+02:00,[60],[0]
2026-07-16T23:02:11+02:00,[60],[0]
2026-07-16T23:02:10+02:00,[60],[0]
2026-07-16T23:02:09+02:00,[60],[0.049]
2026-07-16T23:02:08+02:00,[60],[0]
2026-07-16T23:02:07+02:00,[60],[0]
2026-07-16T23:02:06+02:00,[60],[0]
2026-07-16T23:02:05+02:00,[60],[0]
2026-07-16T23:02:04+02:00,[60],[0]
2026-07-16T23:02:03+02:00,[60],[0]
2026-07-16T23:02:02+02:00,[60],[0]
2026-07-16T23:02:01+02:00,[60],[0]
2026-07-16T23:02:00+02:00,[60],[0]
2026-07-16T23:01:59+02:00,[60],[0]
2026-07-16T23:01:58+02:00,[60],[0]
2026-07-16T23:01:57+02:00,[60],[0]
2026-07-16T23:01:56+02:00,[60],[0]
2026-07-16T23:01:55+02:00,[60],[0]
2026-07-16T23:01:54+02:00,[60],[0]
2026-07-16T23:01:53+02:00,[60],[0]
2026-07-16T23:01:52+02:00,[60],[0]
2026-07-16T23:01:51+02:00,[60],[0]
2026-07-16T23:01:50+02:00,[60],[0]
2026-07-16T23:01:49+02:00,[60],[0]
2026-07-16T23:01:48+02:00,[60],[0]
2026-07-16T23:01:47+02:00,[60],[0]
2026-07-16T23:01:46+02:00,[60],[0]
2026-07-16T23:01:45+02:00,[60],[0]
2026-07-16T23:01:44+02:00,[60],[0]
2026-07-16T23:01:43+02:00,[60],[0]
2026-07-16T23:01:42+02:00,[60],[0]
2026-07-16T23:01:41+02:00,[60],[0]
2026-07-16T23:01:40+02:00,[60],[0]
2026-07-16T23:01:39+02:00,[60],[0]
2026-07-16T23:01:38+02:00,[60],[0]
2026-07-16T23:01:37+02:00,[60],[0]
2026-07-16T23:01:36+02:00,[60],[0]
2026-07-16T23:01:35+02:00,[60],[0]
2026-07-16T23:01:34+02:00,[60],[0]
2026-07-16T23:01:33+02:00,[60],[0]
2026-07-16T23:01:32+02:00,[60],[0]
2026-07-16T23:01:31+02:00,[60],[0]
2026-07-16T23:01:30+02:00,[60],[0]
2026-07-16T23:01:29+02:00,[60],[0]
2026-07-16T23:01:28+02:00,[60],[0]
2026-07-16T23:01:27+02:00,[60],[0]
2026-07-16T23:01:26+02:00,[60],[0]
2026-07-16T23:01:25+02:00,[60],[0]
2026-07-16T23:01:24+02:00,[60],[0]
2026-07-16T23:01:23+02:00,[60],[0]
2026-07-16T23:01:22+02:00,[60],[0]
2026-07-16T23:01:21+02:00,[60],[0]
2026-07-16T23:01:20+02:00,[60],[0]
2026-07-16T23:01:19+02:00,[60],[0]
2026-07-16T23:01:18+02:00,[60],[0]
2026-07-16T23:01:17+02:00,[60],[0]
2026-07-16T23:01:16+02:00,[60],[0]
2026-07-16T23:01:15+02:00,[60],[0]
2026-07-16T23:01:14+02:00,[60],[0]
2026-07-16T23:01:13+02:00,[60],[0]
2026-07-16T23:01:12+02:00,[60],[0]
2026-07-16T23:01:11+02:00,[60],[0]
2026-07-16T23:01:10+02:00,[60],[0]
2026-07-16T23:01:09+02:00,[60],[0]
2026-07-16T23:01:08+02:00,[60],[0]
2026-07-16T23:01:07+02:00,[60],[0]
2026-07-16T23:01:06+02:00,[60],[0]
2026-07-16T23:01:05+02:00,[60],[0]
2026-07-16T23:01:04+02:00,[60],[0]
2026-07-16T23:01:03+02:00,[60],[0]
2026-07-16T23:01:02+02:00,[60],[0]
2026-07-16T23:01:01+02:00,[60],[0]
2026-07-16T23:01:00+02:00,[60],[0]
2026-07-16T23:00:59+02:00,[60],[0]
2026-07-16T23:00:58+02:00,[60],[0]
2026-07-16T23:00:57+02:00,[60],[0]
2026-07-16T23:00:56+02:00,[60],[0]
2026-07-16T23:00:55+02:00,[60],[0]
2026-07-16T23:00:54+02:00,[60],[0]
2026-07-16T23:00:53+02:00,[60],[0]
2026-07-16T23:00:52+02:00,[60],[0]
2026-07-16T23:00:51+02:00,[60],[0]
2026-07-16T23:00:50+02:00,[60],[0]
2026-07-16T23:00:49+02:00,[60],[0]
2026-07-16T23:00:48+02:00,[60],[0]
2026-07-16T23:00:47+02:00,[60],[0]
2026-07-16T23:00:46+02:00,[60],[0]
2026-07-16T23:00:45+02:00,[60],[0]
2026-07-16T23:00:44+02:00,[60],[0]
2026-07-16T23:00:43+02:00,[60],[0]
2026-07-16T23:00:42+02:00,[60],[0]
2026-07-16T23:00:41+02:00,[60],[0]
2026-07-16T23:00:40+02:00,[60],[0]
2026-07-16T23:00:39+02:00,[60],[0]
2026-07-16T23:00:38+02:00,[60],[0]
2026-07-16T23:00:37+02:00,[60],[0]
2026-07-16T23:00:36+02:00,[60],[0]
2026-07-16T23:00:35+02:00,[60],[0]
2026-07-16T23:00:34+02:00,[60],[0]
2026-07-16T23:00:33+02:00,[60],[0]
2026-07-16T23:00:32+02:00,[60],[0]
2026-07-16T23:00:31+02:00,[60],[0]
2026-07-16T23:00:30+02:00,[60],[0]
2026-07-16T23:00:29+02:00,[60],[0]
2026-07-16T23:00:28+02:00,[60],[0]
2026-07-16T23:00:27+02:00,[60],[0]
2026-07-16T23:00:26+02:00,[60],[0]
2026-07-16T23:00:25+02:00,[60],[0]
2026-07-16T23:00:24+02:00,[60],[0]
2026-07-16T23:00:23+02:00,[60],[0]
2026-07-16T23:00:22+02:00,[60],[0]
2026-07-16T23:00:21+02:00,[60],[0]
2026-07-16T23:00:20+02:00,[60],[0]
2026-07-16T23:00:19+02:00,[60],[0]
2026-07-16T23:00:18+02:00,[60],[0]
2026-07-16T23:00:17+02:00,[60],[0]
2026-07-16T23:00:16+02:00,[60],[0]
2026-07-16T23:00:15+02:00,[60],[0]
2026-07-16T23:00:14+02:00,[60],[0]
2026-07-16T23:00:13+02:00,[60],[0]
2026-07-16T23:00:12+02:00,[60],[0]
2026-07-16T23:00:11+02:00,[60],[0]
2026-07-16T23:00:10+02:00,[60],[0]
2026-07-16T23:00:09+02:00,[60],[0]
2026-07-16T23:00:08+02:00,[60],[0]
2026-07-16T23:00:07+02:00,[60],[0]
2026-07-16T23:00:06+02:00,[60],[0]
2026-07-16T23:00:05+02:00,[60],[0]
2026-07-16T23:00:04+02:00,[60],[0]
2026-07-16T23:00:03+02:00,[60],[0]
2026-07-16T23:00:02+02:00,[60],[0]
2026-07-16T23:00:01+02:00,[60],[0]
2026-07-16T23:00:00+02:00,[60],[0]
2026-07-16T22:59:59+02:00,[60],[0]
2026-07-16T22:59:58+02:00,[60],[0]
2026-07-16T22:59:57+02:00,[60],[0]
2026-07-16T22:59:56+02:00,[60],[0]
2026-07-16T22:59:55+02:00,[60],[0]
2026-07-16T22:59:54+02:00,[60],[0]
2026-07-16T22:59:53+02:00,[60],[0]
2026-07-16T22:59:52+02:00,[60],[0]
2026-07-16T22:59:51+02:00,[60],[0]
2026-07-16T22:59:50+02:00,[60],[0]
2026-07-16T22:59:49+02:00,[60],[0]
2026-07-16T22:59:48+02:00,[60],[0]
2026-07-16T22:59:47+02:00,[60],[0]
2026-07-16T22:59:46+02:00,[60],[0]
2026-07-16T22:59:45+02:00,[60],[0]
2026-07-16T22:59:44+02:00,[60],[0]
2026-07-16T22:59:43+02:00,[60],[0]
2026-07-16T22:59:42+02:00,[60],[0]
2026-07-16T22:59:41+02:00,[60],[0]
2026-07-16T22:59:40+02:00,[60],[0]
2026-07-16T22:59:39+02:00,[60],[0]
2026-07-16T22:59:38+02:00,[60],[0]
2026-07-16T22:59:37+02:00,[60],[0]
2026-07-16T22:59:36+02:00,[60],[0]
2026-07-16T22:59:35+02:00,[60],[0]
2026-07-16T22:59:34+02:00,[60],[0]
2026-07-16T22:59:33+02:00,[60],[0]
2026-07-16T22:59:32+02:00,[60],[0]
2026-07-16T22:59:31+02:00,[60],[0]
2026-07-16T22:59:30+02:00,[60],[0]
2026-07-16T22:59:29+02:00,[60],[0]
2026-07-16T22:59:28+02:00,[60],[0]
2026-07-16T22:59:27+02:00,[60],[0]
2026-07-16T22:59:26+02:00,[60],[0]
2026-07-16T22:59:25+02:00,[60],[0]
2026-07-16T22:59:24+02:00,[60],[0]
2026-07-16T22:59:23+02:00,[60],[0]
2026-07-16T22:59:22+02:00,[60],[0]
2026-07-16T22:59:21+02:00,[60],[0]
2026-07-16T22:59:20+02:00,[60],[0]
2026-07-16T22:59:19+02:00,[60],[0]
2026-07-16T22:59:18+02:00,[60],[0]
2026-07-16T22:59:17+02:00,[60],[0]
2026-07-16T22:59:16+02:00,[60],[0]
2026-07-16T22:59:15+02:00,[60],[0]
2026-07-16T22:59:14+02:00,[60],[0]
2026-07-16T22:59:13+02:00,[60],[0]
2026-07-16T22:59:12+02:00,[60],[0]
2026-07-16T22:59:11+02:00,[60],[0]
2026-07-16T22:59:10+02:00,[60],[0]
2026-07-16T22:59:09+02:00,[60],[0]
2026-07-16T22:59:08+02:00,[60],[0]
2026-07-16T22:59:07+02:00,[60],[0]
2026-07-16T22:59:06+02:00,[60],[0]
2026-07-16T22:59:05+02:00,[60],[0]
2026-07-16T22:59:04+02:00,[60],[0]
2026-07-16T22:59:03+02:00,[60],[0]
2026-07-16T22:59:02+02:00,[60],[0]
2026-07-16T22:59:01+02:00,[60],[0]
2026-07-16T22:59:00+02:00,[60],[0]
2026-07-16T22:58:59+02:00,[60],[0]
2026-07-16T22:58:58+02:00,[60],[0]
2026-07-16T22:58:57+02:00,[60],[0]
2026-07-16T22:58:56+02:00,[60],[0]
2026-07-16T22:58:55+02:00,[60],[0]
2026-07-16T22:58:54+02:00,[60],[0]
2026-07-16T22:58:53+02:00,[60],[0]
2026-07-16T22:58:52+02:00,[60],[0]
2026-07-16T22:58:51+02:00,[60],[0]
2026-07-16T22:58:50+02:00,[60],[0]
2026-07-16T22:58:49+02:00,[60],[0]
2026-07-16T22:58:48+02:00,[60],[0]
2026-07-16T22:58:47+02:00,[60],[0]
2026-07-16T22:58:46+02:00,[60],[0]
2026-07-16T22:58:45+02:00,[60],[0]
2026-07-16T22:58:44+02:00,[60],[0]
2026-07-16T22:58:43+02:00,[60],[0]
2026-07-16T22:58:42+02:00,[60],[0]
2026-07-16T22:58:41+02:00,[60],[0]
2026-07-16T22:58:40+02:00,[60],[0]
2026-07-16T22:58:39+02:00,[60],[0]
2026-07-16T22:58:38+02:00,[60],[0]
2026-07-16T22:58:37+02:00,[60],[0]
2026-07-16T22:58:36+02:00,[60],[0]
2026-07-16T22:58:35+02:00,[60],[0.023]
2026-07-16T22:58:34+02:00,[60],[1.389]
2026-07-16T22:58:32+02:00,[60],[0.063]
2026-07-16T22:58:31+02:00,[60],[0.026]
2026-07-16T22:58:30+02:00,[60],[0.017]
2026-07-16T22:58:29+02:00,[60],[0.017]
2026-07-16T22:58:28+02:00,[60],[0.017]
2026-07-16T22:58:27+02:00,[60],[0.011]
2026-07-16T22:58:26+02:00,[60],[0]
2026-07-16T22:58:25+02:00,[60],[0]
2026-07-16T22:58:24+02:00,[60],[0]
2026-07-16T22:58:23+02:00,[60],[0]
2026-07-16T22:58:22+02:00,[60],[0]
2026-07-16T22:58:21+02:00,[60],[0]
2026-07-16T22:58:20+02:00,[60],[0]
2026-07-16T22:58:19+02:00,[60],[0]
2026-07-16T22:58:18+02:00,[60],[0]
2026-07-16T22:58:17+02:00,[60],[0]
2026-07-16T22:58:16+02:00,[60],[0]
2026-07-16T22:58:15+02:00,[60],[0]
2026-07-16T22:58:14+02:00,[60],[0]
2026-07-16T22:58:13+02:00,[60],[0]
2026-07-16T22:58:12+02:00,[60],[0]
2026-07-16T22:58:11+02:00,[60],[0]
2026-07-16T22:58:10+02:00,[60],[0]
2026-07-16T22:58:09+02:00,[60],[0]
2026-07-16T22:58:08+02:00,[60],[0]
2026-07-16T22:58:07+02:00,[60],[0]
2026-07-16T22:58:06+02:00,[60],[0]
2026-07-16T22:58:05+02:00,[60],[0]
2026-07-16T22:58:04+02:00,[60],[0]
2026-07-16T22:58:03+02:00,[60],[0]
2026-07-16T22:58:02+02:00,[60],[0]
2026-07-16T22:58:01+02:00,[60],[0]
2026-07-16T22:58:00+02:00,[60],[0]
2026-07-16T22:57:59+02:00,[60],[0]
2026-07-16T22:57:58+02:00,[60],[0]
2026-07-16T22:57:57+02:00,[60],[0]
2026-07-16T22:57:56+02:00,[60],[0]
2026-07-16T22:57:55+02:00,[60],[0]
2026-07-16T22:57:53+02:00,[60],[-1]
2026-07-16T22:57:52+02:00,[60],[-1]
2026-07-16T22:57:34+02:00,[60],[-1]
2026-07-14T03:40:58+02:00,[60],[-1]
2026-07-14T03:40:20+02:00,[60],[-1]
2026-07-14T03:39:26+02:00,[60],[-1]
2026-07-14T03:39:21+02:00,[60],[-1]
2026-07-14T03:39:10+02:00,[60],[-1]
2026-07-14T03:39:04+02:00,[60],[-1]
2026-07-14T03:39:00+02:00,[60],[-1]
2026-07-14T03:38:55+02:00,[60],[-1]
2026-07-14T03:38:50+02:00,[60],[-1]
2026-07-14T03:38:44+02:00,[60],[-1]
2026-07-14T03:38:39+02:00,[60],[-1]
2026-07-14T03:38:33+02:00,[60],[-1]
2026-07-14T03:38:27+02:00,[60],[-1]
2026-07-14T03:38:23+02:00,[60],[-1]
2026-07-14T03:38:19+02:00,[60],[-1]
2026-07-14T03:38:14+02:00,[60],[-1]
2026-07-14T03:38:09+02:00,[60],[-1]
2026-07-14T03:38:04+02:00,[60],[-1]
2026-07-14T03:38:00+02:00,[60],[-1]
2026-07-14T03:37:56+02:00,[60],[-1]
2026-07-14T03:37:51+02:00,[60],[-1]
2026-07-14T03:37:46+02:00,[60],[-1]
2026-07-14T03:37:42+02:00,[60],[-1]
2026-07-14T03:37:38+02:00,[60],[-1]
2026-07-14T03:37:34+02:00,[60],[-1]
2026-07-14T03:37:29+02:00,[60],[-1]
2026-07-14T03:37:25+02:00,[60],[-1]
2026-07-14T03:37:20+02:00,[60],[-1]
2026-07-14T03:37:16+02:00,[60],[-1]
2026-07-14T03:37:12+02:00,[60],[-1]
2026-07-14T03:37:08+02:00,[60],[-1]
2026-07-14T03:37:03+02:00,[60],[-1]
2026-07-14T03:36:58+02:00,[60],[-1]
2026-07-14T03:36:53+02:00,[60],[-1]
2026-07-14T03:36:49+02:00,[60],[-1]
2026-07-14T03:36:44+02:00,[60],[-1]
2026-07-14T03:36:40+02:00,[60],[-1]
2026-07-14T03:36:36+02:00,[60],[-1]
2026-07-14T03:36:32+02:00,[60],[-1]
2026-07-14T03:36:27+02:00,[60],[-1]
2026-07-14T03:36:21+02:00,[60],[-1]
2026-07-14T03:36:16+02:00,[60],[-1]
2026-07-14T03:36:10+02:00,[60],[-1]
2026-07-14T03:35:56+02:00,[60],[-1]
2026-07-14T03:35:52+02:00,[60],[-1]
2026-07-14T03:35:47+02:00,[60],[-1]
2026-07-14T03:35:43+02:00,[60],[-1]
2026-07-14T03:35:37+02:00,[60],[-1]
2026-07-14T03:35:32+02:00,[60],[-1]
2026-07-14T03:35:28+02:00,[60],[-1]
2026-07-14T03:35:23+02:00,[60],[-1]
2026-07-14T03:35:18+02:00,[60],[-1]
2026-07-14T03:35:13+02:00,[60],[-1]
2026-07-14T03:35:09+02:00,[60],[-1]
2026-07-14T03:35:04+02:00,[60],[-1]
2026-07-14T03:35:00+02:00,[60],[-1]
2026-07-14T03:34:56+02:00,[60],[-1]
2026-07-14T03:34:52+02:00,[60],[-1]
2026-07-14T03:34:47+02:00,[60],[-1]
2026-07-14T03:34:43+02:00,[60],[-1]
2026-07-14T03:34:39+02:00,[60],[-1]
2026-07-14T03:34:35+02:00,[60],[-1]
2026-07-14T03:34:31+02:00,[60],[-1]
2026-07-14T03:34:27+02:00,[60],[-1]
2026-07-14T03:34:23+02:00,[60],[-1]
2026-07-14T03:34:19+02:00,[60],[-1]
2026-07-14T03:34:15+02:00,[60],[-1]
2026-07-14T03:34:10+02:00,[60],[-1]
2026-07-14T03:34:04+02:00,[60],[-1]
2026-07-14T03:34:00+02:00,[60],[-1]
2026-07-14T03:33:55+02:00,[60],[-1]
2026-07-14T03:33:51+02:00,[60],[-1]
2026-07-14T03:33:48+02:00,[60],[-1]
2026-07-14T03:33:44+02:00,[60],[-1]
2026-07-14T03:33:40+02:00,[60],[-1]
2026-07-14T03:33:36+02:00,[60],[-1]
2026-07-14T03:33:32+02:00,[60],[-1]
2026-07-14T03:33:28+02:00,[60],[-1]
2026-07-14T03:33:24+02:00,[60],[-1]
2026-07-14T03:33:20+02:00,[60],[-1]
2026-07-14T03:33:15+02:00,[60],[-1]
2026-07-14T03:33:10+02:00,[60],[-1]
2026-07-14T03:33:05+02:00,[60],[-1]
2026-07-14T03:33:00+02:00,[60],[-1]
2026-07-14T03:32:56+02:00,[60],[-1]
2026-07-14T03:32:52+02:00,[60],[-1]
2026-07-14T03:32:47+02:00,[60],[-1]
2026-07-14T03:32:42+02:00,[60],[-1]
2026-07-14T03:32:38+02:00,[60],[-1]
2026-07-14T03:32:33+02:00,[60],[-1]
2026-07-14T03:32:29+02:00,[60],[-1]
2026-07-14T03:32:25+02:00,[60],[-1]
2026-07-14T03:32:19+02:00,[60],[-1]
2026-07-14T03:32:14+02:00,[60],[-1]
2026-07-14T03:32:10+02:00,[60],[-1]
2026-07-14T03:32:06+02:00,[60],[-1]
2026-07-14T03:32:02+02:00,[60],[-1]
2026-07-14T03:31:57+02:00,[60],[-1]
2026-07-14T03:31:52+02:00,[60],[-1]
2026-07-14T03:31:47+02:00,[60],[-1]
2026-07-14T03:31:42+02:00,[60],[-1]
2026-07-14T03:31:37+02:00,[60],[-1]
2026-07-14T03:31:33+02:00,[60],[-1]
2026-07-14T03:31:27+02:00,[60],[-1]
2026-07-14T03:31:22+02:00,[60],[-1]
2026-07-14T03:31:18+02:00,[60],[-1]
2026-07-14T03:31:13+02:00,[60],[-1]
2026-07-14T03:31:09+02:00,[60],[-1]
2026-07-14T03:31:05+02:00,[60],[-1]
2026-07-14T03:31:00+02:00,[60],[-1]
2026-07-14T03:30:55+02:00,[60],[-1]
2026-07-14T03:30:51+02:00,[60],[-1]
2026-07-14T03:30:46+02:00,[60],[-1]
2026-07-14T03:30:40+02:00,[60],[-1]
2026-07-14T03:30:34+02:00,[60],[-1]
2026-07-14T03:30:30+02:00,[60],[-1]
2026-07-14T03:30:26+02:00,[60],[-1]
2026-07-14T03:30:21+02:00,[60],[-1]
2026-07-14T03:30:17+02:00,[60],[-1]
2026-07-14T03:30:13+02:00,[60],[-1]
2026-07-14T03:30:08+02:00,[60],[-1]
2026-07-14T03:30:03+02:00,[60],[-1]
2026-07-14T03:29:57+02:00,[60],[-1]
2026-07-14T03:29:53+02:00,[60],[-1]
2026-07-14T03:29:48+02:00,[60],[-1]
2026-07-14T03:29:44+02:00,[60],[-1]
2026-07-14T03:29:39+02:00,[60],[-1]
2026-07-14T03:29:34+02:00,[60],[-1]
2026-07-14T03:29:28+02:00,[60],[-1]
2026-07-14T03:29:23+02:00,[60],[-1]
2026-07-14T03:29:19+02:00,[60],[-1]
2026-07-14T03:29:14+02:00,[60],[-1]
2026-07-14T03:29:10+02:00,[60],[-1]
2026-07-14T03:29:05+02:00,[60],[-1]
2026-07-14T03:29:00+02:00,[60],[-1]
2026-07-14T03:28:56+02:00,[60],[-1]
2026-07-14T03:28:51+02:00,[60],[-1]
2026-07-14T03:28:47+02:00,[60],[-1]
2026-07-14T03:28:43+02:00,[60],[-1]
2026-07-14T03:28:37+02:00,[60],[-1]
2026-07-14T03:28:32+02:00,[60],[-1]
2026-07-14T03:28:26+02:00,[60],[-1]
2026-07-14T03:28:21+02:00,[60],[-1]
2026-07-14T03:28:16+02:00,[60],[-1]
2026-07-14T03:28:11+02:00,[60],[-1]
2026-07-14T03:28:05+02:00,[60],[-1]
2026-07-14T03:28:00+02:00,[60],[-1]
2026-07-14T03:27:55+02:00,[60],[-1]
2026-07-14T03:27:50+02:00,[60],[-1]
2026-07-14T03:27:45+02:00,[60],[-1]
2026-07-14T03:27:41+02:00,[60],[-1]
2026-07-14T03:27:36+02:00,[60],[-1]
2026-07-14T03:27:31+02:00,[60],[-1]
2026-07-14T03:27:26+02:00,[60],[-1]
2026-07-14T03:27:21+02:00,[60],[-1]
2026-07-14T03:27:17+02:00,[60],[-1]
2026-07-14T03:27:12+02:00,[60],[-1]
2026-07-14T03:27:07+02:00,[60],[-1]
2026-07-14T03:27:02+02:00,[60],[-1]
2026-07-14T03:26:57+02:00,[60],[-1]
2026-07-14T03:26:51+02:00,[60],[-1]
2026-07-14T03:26:46+02:00,[60],[-1]
2026-07-14T03:26:41+02:00,[60],[-1]
2026-07-14T03:26:36+02:00,[60],[-1]
2026-07-14T03:26:31+02:00,[60],[-1]
2026-07-14T03:26:25+02:00,[60],[-1]
2026-07-14T03:26:20+02:00,[60],[-1]
2026-07-14T03:26:15+02:00,[60],[-1]
2026-07-14T03:26:10+02:00,[60],[-1]
2026-07-14T03:26:06+02:00,[60],[-1]
2026-07-14T03:26:00+02:00,[60],[-1]
2026-07-14T03:25:55+02:00,[60],[-1]
2026-07-14T03:25:49+02:00,[60],[-1]
2026-07-14T03:25:44+02:00,[60],[-1]
2026-07-14T03:25:39+02:00,[60],[-1]
2026-07-14T03:25:34+02:00,[60],[-1]
2026-07-14T03:25:29+02:00,[60],[-1]
2026-07-14T03:25:24+02:00,[60],[-1]
2026-07-14T03:25:19+02:00,[60],[-1]
2026-07-14T03:25:14+02:00,[60],[-1]
2026-07-14T03:25:09+02:00,[60],[-1]
2026-07-14T03:25:04+02:00,[60],[-1]
2026-07-14T03:25:00+02:00,[60],[-1]
2026-07-14T03:24:55+02:00,[60],[-1]
2026-07-14T03:24:50+02:00,[60],[-1]
2026-07-14T03:24:46+02:00,[60],[-1]
2026-07-14T03:24:41+02:00,[60],[-1]
2026-07-14T03:24:35+02:00,[60],[-1]
2026-07-14T03:24:31+02:00,[60],[-1]
2026-07-14T03:24:26+02:00,[60],[-1]
2026-07-14T03:24:20+02:00,[60],[-1]
2026-07-14T03:24:16+02:00,[60],[-1]
2026-07-14T03:24:12+02:00,[60],[-1]
2026-07-14T03:24:00+02:00,[60],[-1]
2026-07-14T03:07:52+02:00,[60],[-1]
2026-07-14T03:07:47+02:00,[60],[-1]
2026-07-14T03:07:41+02:00,[60],[-1]
2026-07-14T03:07:37+02:00,[60],[-1]
2026-07-14T03:07:34+02:00,[60],[-1]
2026-07-14T03:07:31+02:00,[60],[-1]
2026-07-14T03:07:27+02:00,[60],[-1]
2026-07-14T03:07:24+02:00,[60],[-1]
2026-07-14T03:07:18+02:00,[60],[-1]
2026-07-14T03:07:15+02:00,[60],[-1]
2026-07-14T03:07:09+02:00,[60],[-1]
2026-07-14T03:06:55+02:00,[60],[-1]
2026-07-14T03:06:50+02:00,[60],[-1]
2026-07-14T03:06:46+02:00,[60],[-1]
2026-07-14T03:06:40+02:00,[60],[-1]
2026-07-14T03:06:36+02:00,[60],[-1]
2026-07-14T03:06:30+02:00,[60],[-1]
2026-07-14T03:06:25+02:00,[60],[-1]
2026-07-14T03:06:20+02:00,[60],[-1]
2026-07-14T03:06:15+02:00,[60],[-1]
2026-07-14T03:06:11+02:00,[60],[-1]
2026-07-14T03:06:06+02:00,[60],[-1]
2026-07-14T03:06:01+02:00,[60],[-1]
2026-07-14T03:05:57+02:00,[60],[-1]
2026-07-14T03:05:52+02:00,[60],[-1]
2026-07-14T03:05:47+02:00,[60],[-1]
2026-07-14T03:05:43+02:00,[60],[-1]
2026-07-14T03:05:38+02:00,[60],[-1]
2026-07-14T03:05:34+02:00,[60],[-1]
2026-07-14T03:05:30+02:00,[60],[-1]
2026-07-14T03:05:26+02:00,[60],[-1]
2026-07-14T03:05:21+02:00,[60],[-1]
2026-07-14T03:05:17+02:00,[60],[-1]
2026-07-14T03:05:12+02:00,[60],[-1]
2026-07-14T03:05:07+02:00,[60],[-1]
2026-07-14T03:05:02+02:00,[60],[-1]
2026-07-14T03:04:56+02:00,[60],[-1]
2026-07-14T03:04:51+02:00,[60],[-1]
2026-07-14T03:04:46+02:00,[60],[-1]
2026-07-14T03:04:41+02:00,[60],[-1]
2026-07-14T03:04:24+02:00,[60],[-1]
2026-07-14T03:04:19+02:00,[60],[-1]
2026-07-14T03:04:15+02:00,[60],[-1]
2026-07-14T03:04:10+02:00,[60],[-1]
2026-07-14T03:04:05+02:00,[60],[-1]
2026-07-14T03:04:00+02:00,[60],[-1]
2026-07-14T03:03:56+02:00,[60],[-1]
2026-07-14T03:03:50+02:00,[60],[-1]
2026-07-14T03:03:45+02:00,[60],[-1]
2026-07-14T03:03:40+02:00,[60],[-1]
2026-07-14T03:03:36+02:00,[60],[-1]
2026-07-14T03:03:29+02:00,[60],[-1]
2026-07-14T03:03:24+02:00,[60],[-1]
2026-07-14T03:03:19+02:00,[60],[-1]
2026-07-14T03:03:14+02:00,[60],[-1]
2026-07-14T03:03:09+02:00,[60],[-1]
2026-07-14T03:03:04+02:00,[60],[-1]
2026-07-14T03:03:00+02:00,[60],[-1]
2026-07-14T03:02:56+02:00,[60],[-1]
2026-07-14T03:02:52+02:00,[60],[-1]
2026-07-14T03:02:48+02:00,[60],[-1]
2026-07-14T03:02:43+02:00,[60],[-1]
2026-07-14T03:02:38+02:00,[60],[-1]
2026-07-14T03:02:33+02:00,[60],[-1]
2026-07-14T03:02:28+02:00,[60],[-1]
2026-07-14T03:02:22+02:00,[60],[-1]
2026-07-14T03:02:16+02:00,[60],[-1]
2026-07-14T03:01:52+02:00,[60],[-1]
2026-07-14T03:01:46+02:00,[60],[-1]
2026-07-14T03:01:40+02:00,[60],[-1]
2026-07-14T03:01:34+02:00,[60],[-1]
2026-07-14T03:01:13+02:00,[60],[-1]
2026-07-14T03:01:06+02:00,[60],[-1]
2026-07-14T03:00:59+02:00,[60],[-1]
2026-07-14T03:00:54+02:00,[60],[-1]
2026-07-14T03:00:48+02:00,[60],[-1]
2026-07-14T03:00:42+02:00,[60],[-1]
2026-07-14T03:00:37+02:00,[60],[-1]
2026-07-14T03:00:31+02:00,[60],[-1]
2026-07-14T03:00:26+02:00,[60],[-1]
2026-07-14T03:00:21+02:00,[60],[-1]
2026-07-14T03:00:16+02:00,[60],[-1]
2026-07-14T03:00:11+02:00,[60],[-1]
2026-07-14T03:00:06+02:00,[60],[-1]
2026-07-14T03:00:00+02:00,[60],[-1]
2026-07-14T02:59:56+02:00,[60],[-1]
2026-07-14T02:59:52+02:00,[60],[-1]
2026-07-14T02:59:47+02:00,[60],[-1]
2026-07-14T02:59:41+02:00,[60],[-1]
2026-07-14T02:59:36+02:00,[60],[-1]
2026-07-14T02:59:32+02:00,[60],[-1]
2026-07-14T02:59:29+02:00,[60],[-1]
2026-07-14T02:59:25+02:00,[60],[-1]
2026-07-14T02:59:21+02:00,[60],[-1]
2026-07-14T02:59:18+02:00,[60],[-1]
2026-07-14T02:59:16+02:00,[60],[-1]
2026-07-14T02:59:14+02:00,[60],[-1]
2026-07-14T02:59:09+02:00,[60],[-1]
2026-07-12T01:57:58+02:00,[60],[-1]
2026-07-12T01:57:40+02:00,[60],[-1]
2026-07-12T01:57:35+02:00,[60],[-1]
2026-07-12T01:57:34+02:00,[60],[-1]
2026-07-12T01:57:10+02:00,[60],[-1]
2026-07-12T01:57:02+02:00,[60],[-1]
2026-07-12T01:56:52+02:00,[60],[-1]
2026-07-12T01:56:34+02:00,[60],[-1]
2026-07-12T01:56:28+02:00,[60],[-1]
2026-07-12T01:56:22+02:00,[60],[-1]
2026-07-12T01:56:10+02:00,[60],[-1]
2026-07-12T01:55:16+02:00,[60],[-1]
2026-07-12T01:54:53+02:00,[60],[-1]
2026-07-12T01:54:41+02:00,[60],[-1]
2026-07-12T01:54:29+02:00,[60],[-1]
2026-07-12T01:54:11+02:00,[60],[-1]
2026-07-12T01:53:53+02:00,[60],[-1]
2026-07-12T01:53:41+02:00,[60],[-1]
2026-07-12T01:53:35+02:00,[60],[-1]
2026-07-12T01:53:29+02:00,[60],[-1]
2026-07-12T01:53:23+02:00,[60],[-1]
2026-07-12T01:53:17+02:00,[60],[-1]
2026-07-12T01:53:11+02:00,[60],[-1]
2026-07-12T01:53:05+02:00,[60],[-1]
2026-07-12T01:52:59+02:00,[60],[-1]
2026-07-12T01:52:53+02:00,[60],[-1]
2026-07-12T01:52:47+02:00,[60],[-1]
2026-07-12T01:52:41+02:00,[60],[-1]
2026-07-12T01:52:35+02:00,[60],[-1]
2026-07-12T01:52:29+02:00,[60],[-1]
2026-07-12T01:52:17+02:00,[60],[-1]
2026-07-12T01:52:11+02:00,[60],[-1]
2026-07-12T01:51:59+02:00,[60],[-1]
2026-07-12T01:51:53+02:00,[60],[-1]
2026-07-12T01:51:47+02:00,[60],[-1]
2026-07-12T01:51:41+02:00,[60],[-1]
2026-07-12T01:51:35+02:00,[60],[-1]
2026-07-12T01:51:29+02:00,[60],[-1]
2026-07-12T01:51:23+02:00,[60],[-1]
2026-07-12T01:51:21+02:00,[60],[-1]
2026-07-12T01:51:17+02:00,[60],[-1]
2026-07-12T01:51:05+02:00,[60],[-1]
2026-07-12T01:50:59+02:00,[60],[-1]
2026-07-12T01:50:53+02:00,[60],[-1]
2026-07-12T01:50:41+02:00,[60],[-1]
2026-07-12T01:50:35+02:00,[60],[-1]
2026-07-12T01:50:29+02:00,[60],[-1]
2026-07-12T01:50:23+02:00,[60],[-1]
2026-07-12T01:50:17+02:00,[60],[-1]
2026-07-12T01:50:05+02:00,[60],[-1]
2026-07-12T01:49:59+02:00,[60],[-1]
2026-07-12T01:49:47+02:00,[60],[-1]
2026-07-12T01:49:41+02:00,[60],[-1]
2026-07-12T01:49:35+02:00,[60],[-1]
2026-07-12T01:49:28+02:00,[60],[-1]
2026-07-12T01:49:15+02:00,[60],[-1]
2026-07-12T01:48:54+02:00,[60],[-1]
2026-07-12T01:48:34+02:00,[60],[-1]
2026-07-12T01:48:22+02:00,[60],[-1]
2026-07-12T01:48:19+02:00,[60],[-1]
2026-07-12T01:48:16+02:00,[60],[-1]
2026-07-12T01:48:11+02:00,[60],[-1]
2026-07-12T01:48:05+02:00,[60],[-1]
2026-07-12T01:47:54+02:00,[60],[-1]
2026-07-12T01:47:50+02:00,[60],[-1]
2026-07-12T01:47:45+02:00,[60],[-1]
2026-07-12T01:47:40+02:00,[60],[-1]
2026-07-12T01:47:35+02:00,[60],[-1]
2026-07-12T01:47:30+02:00,[60],[-1]
2026-07-12T01:47:26+02:00,[60],[-1]
2026-07-12T01:47:22+02:00,[60],[-1]
2026-07-12T01:47:19+02:00,[60],[-1]
2026-07-12T01:47:15+02:00,[60],[-1]
2026-07-12T01:47:11+02:00,[60],[-1]
2026-07-12T01:47:07+02:00,[60],[-1]
2026-07-12T01:47:03+02:00,[60],[-1]
2026-07-12T01:46:59+02:00,[60],[-1]
2026-07-12T01:46:55+02:00,[60],[-1]
2026-07-12T01:46:51+02:00,[60],[-1]
2026-07-12T01:46:47+02:00,[60],[-1]
2026-07-12T01:46:00+02:00,[60],[-1]
2026-07-12T00:40:29+02:00,[60],[-1]
2026-07-12T00:38:44+02:00,[60],[-1]
2026-07-12T00:38:42+02:00,[60],[-1]
2026-07-12T00:37:40+02:00,[60],[-1]
2026-07-12T00:37:11+02:00,[60],[-1]
2026-07-12T00:36:39+02:00,[60],[-1]
2026-06-29T02:34:50+02:00,[60],[-1]
2026-06-29T02:34:45+02:00,[60],[-1]
2026-06-29T02:34:40+02:00,[60],[-1]
2026-06-29T02:34:35+02:00,[60],[-1]
2026-06-29T02:34:31+02:00,[60],[-1]
2026-06-29T02:34:26+02:00,[60],[-1]
2026-06-29T02:34:21+02:00,[60],[-1]
2026-06-29T02:34:17+02:00,[60],[-1]
2026-06-29T02:34:12+02:00,[60],[-1]
2026-06-29T02:34:07+02:00,[60],[-1]
2026-06-29T02:34:01+02:00,[60],[-1]
2026-06-29T02:33:55+02:00,[60],[-1]
2026-06-29T02:33:50+02:00,[60],[-1]
2026-06-29T02:33:45+02:00,[60],[-1]
2026-06-29T02:33:39+02:00,[60],[-1]
2026-06-29T02:33:33+02:00,[60],[-1]
2026-06-29T02:33:26+02:00,[60],[-1]
2026-06-29T02:33:20+02:00,[60],[-1]
2026-06-29T02:33:15+02:00,[60],[-1]
2026-06-29T02:33:10+02:00,[60],[-1]
2026-06-29T02:33:05+02:00,[60],[-1]
2026-06-29T02:32:59+02:00,[60],[-1]
2026-06-29T02:32:53+02:00,[60],[-1]
2026-06-29T02:32:48+02:00,[60],[-1]
2026-06-29T02:32:43+02:00,[60],[-1]
2026-06-29T02:32:38+02:00,[60],[-1]
2026-06-29T02:32:33+02:00,[60],[-1]
2026-06-29T02:32:28+02:00,[60],[-1]
2026-06-29T02:32:23+02:00,[60],[-1]
2026-06-29T02:32:18+02:00,[60],[-1]
2026-06-29T02:32:13+02:00,[60],[-1]
2026-06-29T02:32:08+02:00,[60],[-1]
2026-06-29T02:32:03+02:00,[60],[-1]
2026-06-29T02:31:55+02:00,[60],[-1]
2026-06-29T02:31:50+02:00,[60],[-1]
2026-06-29T02:31:45+02:00,[60],[-1]
2026-06-29T02:31:41+02:00,[60],[-1]
2026-06-29T02:31:36+02:00,[60],[-1]
2026-06-29T02:31:31+02:00,[60],[-1]
2026-06-29T02:31:26+02:00,[60],[-1]
2026-06-29T02:31:20+02:00,[60],[-1]
2026-06-29T02:31:13+02:00,[60],[-1]
2026-06-29T02:31:08+02:00,[60],[-1]
2026-06-29T02:31:03+02:00,[60],[-1]
2026-06-29T02:30:58+02:00,[60],[-1]
2026-06-29T02:30:53+02:00,[60],[-1]
2026-06-29T02:30:48+02:00,[60],[-1]
2026-06-29T02:30:44+02:00,[60],[-1]
2026-06-29T02:30:39+02:00,[60],[-1]
2026-06-29T02:30:34+02:00,[60],[-1]
2026-06-29T02:30:29+02:00,[60],[-1]
2026-06-29T02:30:24+02:00,[60],[-1]
2026-06-29T02:30:18+02:00,[60],[-1]
2026-06-29T02:30:11+02:00,[60],[-1]
2026-06-29T02:30:05+02:00,[60],[-1]
2026-06-29T02:29:58+02:00,[60],[-1]
2026-06-29T02:29:51+02:00,[60],[-1]
2026-06-29T02:29:44+02:00,[60],[-1]
2026-06-29T02:29:38+02:00,[60],[-1]
2026-06-29T02:29:31+02:00,[60],[-1]
2026-06-29T02:29:24+02:00,[60],[-1]
2026-06-29T02:29:18+02:00,[60],[-1]
2026-06-29T02:29:12+02:00,[60],[-1]
2026-06-29T02:29:06+02:00,[60],[-1]
2026-06-29T02:29:00+02:00,[60],[-1]
2026-06-29T02:28:55+02:00,[60],[-1]
2026-06-29T02:28:51+02:00,[60],[-1]
2026-06-29T02:28:47+02:00,[60],[-1]
2026-06-29T02:28:43+02:00,[60],[-1]
2026-06-29T02:28:41+02:00,[60],[-1]
2026-06-29T02:28:38+02:00,[60],[-1]
2026-06-29T02:28:33+02:00,[60],[-1]
2026-06-29T02:28:18+02:00,[60],[-1]
2026-06-29T02:27:43+02:00,[60],[-1]
2026-06-29T02:27:15+02:00,[60],[-1]
2026-06-29T02:26:39+02:00,[60],[-1]
2026-06-29T02:26:21+02:00,[60],[-1]
2026-06-29T02:26:13+02:00,[60],[-1]
2026-06-29T02:26:07+02:00,[60],[-1]
2026-06-29T02:26:02+02:00,[60],[-1]
2026-06-29T02:25:55+02:00,[60],[-1]
2026-06-29T02:25:48+02:00,[60],[-1]
2026-06-29T02:25:41+02:00,[60],[-1]
2026-06-29T02:24:59+02:00,[60],[-1]
2026-06-29T02:24:54+02:00,[60],[-1]
2026-06-29T02:24:48+02:00,[60],[-1]
2026-06-29T02:24:42+02:00,[60],[-1]
2026-06-29T02:24:36+02:00,[60],[-1]
2026-06-29T02:24:31+02:00,[60],[-1]
2026-06-29T02:24:25+02:00,[60],[-1]
2026-06-29T02:24:20+02:00,[60],[-1]
2026-06-29T02:24:15+02:00,[60],[-1]
2026-06-29T02:24:10+02:00,[60],[-1]
2026-06-29T02:24:06+02:00,[60],[-1]
2026-06-29T02:24:01+02:00,[60],[-1]
2026-06-29T02:23:57+02:00,[60],[-1]
2026-06-29T02:23:52+02:00,[60],[-1]
2026-06-29T02:23:48+02:00,[60],[-1]
2026-06-29T02:23:44+02:00,[60],[-1]
2026-06-29T02:23:38+02:00,[60],[-1]
2026-06-29T02:23:33+02:00,[60],[-1]
2026-06-29T02:23:28+02:00,[60],[-1]
2026-06-29T02:23:23+02:00,[60],[-1]
2026-06-29T02:23:19+02:00,[60],[-1]
2026-06-29T02:23:14+02:00,[60],[-1]
2026-06-29T02:23:09+02:00,[60],[-1]
2026-06-29T02:23:04+02:00,[60],[-1]
2026-06-29T02:22:59+02:00,[60],[-1]
2026-06-29T02:22:54+02:00,[60],[-1]
2026-06-29T02:22:50+02:00,[60],[-1]
2026-06-29T02:22:45+02:00,[60],[-1]
2026-06-29T02:22:40+02:00,[60],[-1]
2026-06-29T02:22:36+02:00,[60],[-1]
2026-06-29T02:22:32+02:00,[60],[-1]
2026-06-29T02:22:27+02:00,[60],[-1]
2026-06-29T02:22:22+02:00,[60],[-1]
2026-06-29T02:22:17+02:00,[60],[-1]
2026-06-29T02:22:12+02:00,[60],[-1]
2026-06-29T02:22:07+02:00,[60],[-1]
2026-06-29T02:22:02+02:00,[60],[-1]
2026-06-29T02:21:57+02:00,[60],[-1]
2026-06-29T02:21:52+02:00,[60],[-1]
2026-06-29T02:21:47+02:00,[60],[-1]
2026-06-29T02:21:43+02:00,[60],[-1]
2026-06-29T02:21:38+02:00,[60],[-1]
2026-06-29T02:21:33+02:00,[60],[-1]
2026-06-29T02:21:28+02:00,[60],[-1]
2026-06-29T02:21:23+02:00,[60],[-1]
2026-06-29T02:21:18+02:00,[60],[-1]
2026-06-29T02:21:13+02:00,[60],[-1]
2026-06-29T02:21:08+02:00,[60],[-1]
2026-06-29T02:21:04+02:00,[60],[-1]
2026-06-29T02:20:59+02:00,[60],[-1]
2026-06-29T02:20:53+02:00,[60],[-1]
2026-06-29T02:20:48+02:00,[60],[-1]
2026-06-29T02:20:42+02:00,[60],[-1]
2026-06-29T02:20:36+02:00,[60],[-1]
2026-06-29T02:20:28+02:00,[60],[-1]
2026-06-29T02:20:22+02:00,[60],[-1]
2026-06-29T02:20:16+02:00,[60],[-1]
2026-06-29T02:20:10+02:00,[60],[-1]
2026-06-29T02:20:05+02:00,[60],[-1]
2026-06-29T02:19:59+02:00,[60],[-1]
2026-06-29T02:19:54+02:00,[60],[-1]
2026-06-29T02:19:49+02:00,[60],[-1]
2026-06-29T02:19:43+02:00,[60],[-1]
2026-06-29T02:19:38+02:00,[60],[-1]
2026-06-29T02:19:33+02:00,[60],[-1]
2026-06-29T02:19:28+02:00,[60],[-1]
2026-06-29T02:19:22+02:00,[60],[-1]
2026-06-29T02:19:16+02:00,[60],[-1]
2026-06-29T02:19:10+02:00,[60],[-1]
2026-06-29T02:19:05+02:00,[60],[-1]
2026-06-29T02:18:58+02:00,[60],[-1]
2026-06-29T02:18:52+02:00,[60],[-1]
2026-06-29T02:18:47+02:00,[60],[-1]
2026-06-29T02:18:42+02:00,[60],[-1]
2026-06-29T02:18:37+02:00,[60],[-1]
2026-06-29T02:18:32+02:00,[60],[-1]
2026-06-29T02:18:27+02:00,[60],[-1]
2026-06-29T02:18:22+02:00,[60],[-1]
2026-06-29T02:18:17+02:00,[60],[-1]
2026-06-29T02:18:12+02:00,[60],[-1]
2026-06-29T02:18:07+02:00,[60],[-1]
2026-06-29T02:18:03+02:00,[60],[-1]
2026-06-29T02:17:58+02:00,[60],[-1]
2026-06-29T02:17:53+02:00,[60],[-1]
2026-06-29T02:17:49+02:00,[60],[-1]
2026-06-29T02:17:45+02:00,[60],[-1]
2026-06-29T02:17:40+02:00,[60],[-1]
2026-06-29T02:17:34+02:00,[60],[-1]
2026-06-29T02:17:29+02:00,[60],[-1]
2026-06-29T02:17:24+02:00,[60],[-1]
2026-06-29T02:17:20+02:00,[60],[-1]
2026-06-29T02:17:14+02:00,[60],[-1]
2026-06-29T02:17:09+02:00,[60],[-1]
2026-06-29T02:17:05+02:00,[60],[-1]
2026-06-29T02:17:00+02:00,[60],[-1]
2026-06-29T02:16:55+02:00,[60],[-1]
2026-06-29T02:16:50+02:00,[60],[-1]
2026-06-29T02:16:46+02:00,[60],[-1]
2026-06-29T02:16:40+02:00,[60],[-1]
2026-06-29T02:16:34+02:00,[60],[-1]
2026-06-29T02:16:28+02:00,[60],[-1]
2026-06-29T02:16:22+02:00,[60],[-1]
2026-06-29T02:16:17+02:00,[60],[-1]
2026-06-29T02:16:11+02:00,[60],[-1]
2026-06-29T02:16:05+02:00,[60],[-1]
2026-06-29T02:15:59+02:00,[60],[-1]
2026-06-29T02:15:51+02:00,[60],[-1]
2026-06-29T02:15:32+02:00,[60],[-1]
2026-06-29T02:15:14+02:00,[60],[-1]
2026-06-29T02:15:07+02:00,[60],[-1]
2026-06-29T02:15:01+02:00,[60],[-1]
2026-06-29T02:14:55+02:00,[60],[-1]
2026-06-29T02:14:49+02:00,[60],[-1]
2026-06-29T02:14:43+02:00,[60],[-1]
2026-06-29T02:14:38+02:00,[60],[-1]
2026-06-29T02:14:33+02:00,[60],[-1]
2026-06-29T02:14:28+02:00,[60],[-1]
2026-06-29T02:14:20+02:00,[60],[-1]
2026-06-29T02:14:15+02:00,[60],[-1]
2026-06-29T02:14:10+02:00,[60],[-1]
2026-06-29T02:14:04+02:00,[60],[-1]
2026-06-29T02:13:59+02:00,[60],[-1]
2026-06-29T02:13:54+02:00,[60],[-1]
2026-06-29T02:13:49+02:00,[60],[-1]
2026-06-29T02:13:43+02:00,[60],[-1]
2026-06-29T02:13:38+02:00,[60],[-1]
2026-06-29T02:13:33+02:00,[60],[-1]
2026-06-29T02:13:28+02:00,[60],[-1]
2026-06-29T02:13:23+02:00,[60],[-1]
2026-06-29T02:13:17+02:00,[60],[-1]
2026-06-29T02:13:12+02:00,[60],[-1]
2026-06-29T02:13:07+02:00,[60],[-1]
2026-06-29T02:13:02+02:00,[60],[-1]
2026-06-29T02:12:55+02:00,[60],[-1]
2026-06-29T02:12:50+02:00,[60],[-1]
2026-06-29T02:12:45+02:00,[60],[-1]
2026-06-29T02:12:40+02:00,[60],[-1]
2026-06-29T02:12:35+02:00,[60],[-1]
2026-06-29T02:12:31+02:00,[60],[-1]
2026-06-29T02:12:26+02:00,[60],[-1]
2026-06-29T02:12:22+02:00,[60],[-1]
2026-06-29T02:12:17+02:00,[60],[-1]
2026-06-29T02:12:12+02:00,[60],[-1]
2026-06-29T02:12:08+02:00,[60],[-1]
2026-06-29T02:12:02+02:00,[60],[-1]
2026-06-29T02:11:56+02:00,[60],[-1]
2026-06-29T02:11:51+02:00,[60],[-1]
2026-06-29T02:11:46+02:00,[60],[-1]
2026-06-29T02:11:42+02:00,[60],[-1]
2026-06-29T02:11:38+02:00,[60],[-1]
2026-06-29T02:11:34+02:00,[60],[-1]
2026-06-29T02:11:29+02:00,[60],[-1]
2026-06-29T02:11:24+02:00,[60],[-1]
2026-06-29T02:11:19+02:00,[60],[-1]
2026-06-29T02:11:15+02:00,[60],[-1]
2026-06-29T02:11:10+02:00,[60],[-1]
2026-06-29T02:11:05+02:00,[60],[-1]
2026-06-29T02:11:01+02:00,[60],[-1]
2026-06-29T02:10:57+02:00,[60],[-1]
2026-06-29T02:10:52+02:00,[60],[-1]
2026-06-29T02:10:47+02:00,[60],[-1]
2026-06-29T02:10:42+02:00,[60],[-1]
2026-06-29T02:10:36+02:00,[60],[-1]
2026-06-29T02:10:32+02:00,[60],[-1]
2026-06-29T02:10:28+02:00,[60],[-1]
2026-06-29T02:10:24+02:00,[60],[-1]
2026-06-29T02:10:20+02:00,[60],[-1]
2026-06-29T02:10:16+02:00,[60],[-1]
2026-06-29T02:10:12+02:00,[60],[-1]
2026-06-29T02:10:08+02:00,[60],[-1]
2026-06-29T02:10:04+02:00,[60],[-1]
2026-06-29T02:10:00+02:00,[60],[-1]
2026-06-29T02:09:56+02:00,[60],[-1]
2026-06-29T02:09:52+02:00,[60],[-1]
2026-06-29T02:09:48+02:00,[60],[-1]
2026-06-29T02:09:44+02:00,[60],[-1]
2026-06-29T02:09:40+02:00,[60],[-1]
2026-06-29T02:09:36+02:00,[60],[-1]
2026-06-29T02:09:32+02:00,[60],[-1]
2026-06-29T02:09:28+02:00,[60],[-1]
2026-06-29T02:09:24+02:00,[60],[-1]
2026-06-29T02:09:19+02:00,[60],[-1]
2026-06-29T02:09:15+02:00,[60],[-1]
2026-06-29T02:09:10+02:00,[60],[-1]
2026-06-29T02:09:06+02:00,[60],[-1]
2026-06-29T02:09:02+02:00,[60],[-1]
2026-06-29T02:08:58+02:00,[60],[-1]
2026-06-29T02:08:54+02:00,[60],[-1]
2026-06-29T02:08:50+02:00,[60],[-1]
2026-06-29T02:08:45+02:00,[60],[-1]
2026-06-29T02:08:40+02:00,[60],[-1]
2026-06-29T02:08:36+02:00,[60],[-1]
2026-06-29T02:08:32+02:00,[60],[-1]
2026-06-29T02:08:27+02:00,[60],[-1]
2026-06-29T02:08:22+02:00,[60],[-1]
2026-06-29T02:08:18+02:00,[60],[-1]
2026-06-29T02:08:13+02:00,[60],[-1]
2026-06-29T02:08:08+02:00,[60],[-1]
2026-06-29T02:08:05+02:00,[60],[-1]
2026-06-29T02:08:00+02:00,[60],[-1]
2026-06-29T02:07:56+02:00,[60],[-1]
2026-06-29T02:07:52+02:00,[60],[-1]
2026-06-29T02:07:47+02:00,[60],[-1]
2026-06-29T02:07:43+02:00,[60],[-1]
2026-06-29T02:07:40+02:00,[60],[-1]
2026-06-29T02:07:34+02:00,[60],[-1]
2026-06-29T02:07:30+02:00,[60],[-1]
2026-06-29T02:07:26+02:00,[60],[-1]
2026-06-29T02:07:22+02:00,[60],[-1]
2026-06-29T02:07:18+02:00,[60],[-1]
2026-06-29T02:07:13+02:00,[60],[-1]
2026-06-29T02:07:07+02:00,[60],[-1]
2026-06-29T02:06:50+02:00,[60],[-1]
2026-06-29T02:06:45+02:00,[60],[-1]
2026-06-29T02:06:39+02:00,[60],[-1]
2026-06-29T02:06:34+02:00,[60],[-1]
2026-06-29T02:06:29+02:00,[60],[-1]
2026-06-29T02:06:25+02:00,[60],[-1]
2026-06-29T02:06:21+02:00,[60],[-1]
2026-06-29T02:06:15+02:00,[60],[-1]
2026-06-29T02:06:09+02:00,[60],[-1]
2026-06-29T02:05:57+02:00,[60],[-1]
2026-06-26T07:29:51+02:00,[60],[0.246]
2026-06-26T07:29:50+02:00,[60],[0.222]
2026-06-26T07:29:49+02:00,[60],[0.093]
2026-06-26T07:29:48+02:00,[60],[0.258]
2026-06-26T07:29:47+02:00,[60],[0.208]
2026-06-26T07:29:46+02:00,[60],[0.129]
2026-06-26T07:29:45+02:00,[60],[0.25]
2026-06-26T07:29:44+02:00,[60],[0.073]
2026-06-26T07:29:43+02:00,[60],[0.17]
2026-06-26T07:29:42+02:00,[60],[0.491]
2026-06-26T07:29:41+02:00,[60],[0.15]
2026-06-26T07:29:40+02:00,[60],[0.284]
2026-06-26T07:29:39+02:00,[60],[0.423]
2026-06-26T07:29:38+02:00,[60],[0.301]
2026-06-26T07:29:37+02:00,[60],[0.166]
2026-06-26T07:29:36+02:00,[60],[0.093]
2026-06-26T07:29:35+02:00,[60],[0.285]
2026-06-26T07:29:34+02:00,[60],[0.033]
2026-06-26T07:29:33+02:00,[60],[0.036]
2026-06-26T07:29:32+02:00,[60],[0.93]
2026-06-26T07:29:31+02:00,[60],[0.679]
2026-06-26T07:29:30+02:00,[60],[0.822]
2026-06-26T07:29:29+02:00,[60],[0.945]
2026-06-26T07:29:28+02:00,[60],[0.892]
2026-06-26T07:29:27+02:00,[60],[1.089]
2026-06-26T07:29:26+02:00,[60],[0.81]
2026-06-26T07:29:25+02:00,[60],[0.338]
2026-06-26T07:29:24+02:00,[60],[0.417]
2026-06-26T07:29:23+02:00,[60],[0.748]
2026-06-26T07:29:22+02:00,[60],[0.975]
2026-06-26T07:29:21+02:00,[60],[1.105]
2026-06-26T07:29:20+02:00,[60],[1.037]
2026-06-26T07:29:19+02:00,[60],[0.627]
2026-06-26T07:29:18+02:00,[60],[0.605]
2026-06-26T07:29:17+02:00,[60],[0.952]
2026-06-26T07:29:16+02:00,[60],[1.082]
2026-06-26T07:29:15+02:00,[60],[1.029]
2026-06-26T07:29:14+02:00,[60],[1.223]
2026-06-26T07:29:13+02:00,[60],[1.244]
2026-06-26T07:29:12+02:00,[60],[1.076]
2026-06-26T07:29:11+02:00,[60],[1.325]
2026-06-26T07:29:10+02:00,[60],[0.82]
2026-06-26T07:29:09+02:00,[60],[1.24]
2026-06-26T07:29:08+02:00,[60],[1.162]
2026-06-26T07:29:07+02:00,[60],[1.29]
2026-06-26T07:29:06+02:00,[60],[1.299]
2026-06-26T07:29:05+02:00,[60],[1.317]
2026-06-26T07:29:03+02:00,[60],[1.317]
2026-06-26T07:29:02+02:00,[60],[1.266]
2026-06-26T07:29:01+02:00,[60],[1.266]
2026-06-26T07:29:00+02:00,[60],[1.266]
2026-06-26T07:28:59+02:00,[60],[1.2]
2026-06-26T07:28:58+02:00,[60],[1.206]
2026-06-26T07:28:57+02:00,[60],[1.206]
2026-06-26T07:28:56+02:00,[60],[1.206]
2026-06-26T07:28:55+02:00,[60],[1.109]
2026-06-26T07:28:54+02:00,[60],[1.107]
2026-06-26T07:28:53+02:00,[60],[1.107]
2026-06-21T04:53:31+02:00,[60],[0]
2026-06-21T04:53:29+02:00,[60],[0]
2026-06-21T04:53:28+02:00,[60],[0]
2026-06-21T04:53:27+02:00,[60],[0]
2026-06-21T04:53:26+02:00,[60],[0]
2026-06-21T04:53:25+02:00,[60],[0]
2026-06-21T04:53:24+02:00,[60],[0]
2026-06-21T04:53:23+02:00,[60],[0]
2026-06-21T04:53:22+02:00,[60],[0]
2026-06-21T04:53:21+02:00,[60],[0]
2026-06-21T04:53:20+02:00,[60],[0]
2026-06-21T04:53:19+02:00,[60],[0]
2026-06-21T04:53:18+02:00,[60],[0]
2026-06-21T04:53:17+02:00,[60],[0]
2026-06-21T04:53:16+02:00,[60],[0]
2026-06-21T04:53:15+02:00,[60],[0]
2026-06-21T04:53:14+02:00,[60],[0]
2026-06-21T04:53:13+02:00,[60],[0]
2026-06-21T04:53:12+02:00,[60],[0]
2026-06-21T04:53:11+02:00,[60],[0]
2026-06-21T04:53:10+02:00,[60],[0]
2026-06-21T04:53:09+02:00,[60],[0]
2026-06-21T04:53:08+02:00,[60],[0]
2026-06-21T04:53:07+02:00,[60],[0]
2026-06-21T04:53:06+02:00,[60],[0]
2026-06-21T04:53:05+02:00,[60],[0]
2026-06-21T04:53:03+02:00,[60],[0]
2026-06-21T04:53:02+02:00,[60],[0]
2026-06-21T04:53:01+02:00,[60],[0]
2026-06-21T04:53:00+02:00,[60],[0]
2026-06-21T04:52:59+02:00,[60],[0.017]
2026-06-21T04:52:58+02:00,[60],[0]
2026-06-21T04:52:57+02:00,[60],[0.075]
2026-06-21T04:52:56+02:00,[60],[0.206]
2026-06-21T04:52:55+02:00,[60],[0.178]
2026-06-21T04:52:54+02:00,[60],[0.032]
2026-06-21T04:52:53+02:00,[60],[0.298]
2026-06-21T04:52:52+02:00,[60],[0.082]
2026-06-21T04:52:51+02:00,[60],[0.039]
2026-06-21T04:52:50+02:00,[60],[0.12]
2026-06-21T04:52:49+02:00,[60],[0.419]
2026-06-21T04:52:48+02:00,[60],[0.311]
2026-06-21T04:52:47+02:00,[60],[0.481]
2026-06-21T04:52:46+02:00,[60],[0.384]
2026-06-21T04:52:45+02:00,[60],[0.458]
2026-06-21T04:52:44+02:00,[60],[0.781]
2026-06-21T04:52:43+02:00,[60],[0.914]
2026-06-21T04:52:42+02:00,[60],[1.268]
2026-06-21T04:52:41+02:00,[60],[1.315]
2026-06-21T04:52:40+02:00,[60],[1.384]
2026-06-21T04:52:39+02:00,[60],[1.462]
2026-06-21T04:52:38+02:00,[60],[1.422]
2026-06-21T04:52:37+02:00,[60],[1.401]
2026-06-21T04:52:36+02:00,[60],[1.273]
2026-06-21T04:52:35+02:00,[60],[1.136]
2026-06-21T04:52:34+02:00,[60],[0.943]
2026-06-21T04:52:33+02:00,[60],[1.058]
2026-06-21T04:52:32+02:00,[60],[0.956]
2026-06-21T04:52:31+02:00,[60],[1.218]
2026-06-21T04:52:30+02:00,[60],[1.234]
2026-06-21T04:52:29+02:00,[60],[1.344]
2026-06-21T04:52:28+02:00,[60],[1.314]
2026-06-21T04:52:27+02:00,[60],[1.197]
2026-06-21T04:52:26+02:00,[60],[1.255]
2026-06-21T04:52:25+02:00,[60],[1.313]
2026-06-21T04:52:24+02:00,[60],[1.356]
2026-06-21T04:52:23+02:00,[60],[1.443]
2026-06-21T04:52:22+02:00,[60],[1.296]
2026-06-21T04:52:21+02:00,[60],[1.382]
2026-06-21T04:52:20+02:00,[60],[1.458]
2026-06-21T04:52:19+02:00,[60],[1.382]
2026-06-21T04:52:18+02:00,[60],[1.163]
2026-06-21T04:52:17+02:00,[60],[1.179]
2026-06-21T04:52:16+02:00,[60],[0.976]
2026-06-21T04:52:15+02:00,[60],[1.035]
2026-06-21T04:52:14+02:00,[60],[1.061]
2026-06-21T04:52:13+02:00,[60],[1.142]
2026-06-21T04:52:12+02:00,[60],[1.173]
2026-06-21T04:52:11+02:00,[60],[1.33]
2026-06-21T04:52:10+02:00,[60],[1.522]
2026-06-21T04:52:09+02:00,[60],[1.333]
2026-06-21T04:52:08+02:00,[60],[1.482]
2026-06-21T04:52:07+02:00,[60],[1.225]
2026-06-21T04:52:06+02:00,[60],[1.265]
2026-06-21T04:52:05+02:00,[60],[1.343]
2026-06-21T04:52:04+02:00,[60],[1.367]
2026-06-21T04:52:03+02:00,[60],[1.541]
2026-06-21T04:52:02+02:00,[60],[1.212]
2026-06-21T04:52:01+02:00,[60],[1.359]
2026-06-21T04:52:00+02:00,[60],[1.323]
2026-06-21T04:51:59+02:00,[60],[1.389]
2026-06-21T04:51:58+02:00,[60],[1.183]
2026-06-21T04:51:57+02:00,[60],[1.168]
2026-06-21T04:51:56+02:00,[60],[1.115]
2026-06-21T04:51:55+02:00,[60],[1.056]
2026-06-21T04:51:54+02:00,[60],[1.065]
2026-06-21T04:51:53+02:00,[60],[1.178]
2026-06-21T04:51:52+02:00,[60],[1.171]
2026-06-21T04:51:51+02:00,[60],[1.394]
2026-06-21T04:51:50+02:00,[60],[1.324]
2026-06-21T04:51:49+02:00,[60],[1.465]
2026-06-21T04:51:48+02:00,[60],[1.306]
2026-06-21T04:51:47+02:00,[60],[1.325]
2026-06-21T04:51:46+02:00,[60],[1.561]
2026-06-21T04:51:45+02:00,[60],[1.081]
2026-06-21T04:51:44+02:00,[60],[1.046]
2026-06-21T04:51:43+02:00,[60],[1.002]
2026-06-21T04:51:42+02:00,[60],[1.139]
2026-06-21T04:51:41+02:00,[60],[1.072]
2026-06-21T04:51:40+02:00,[60],[1.24]
2026-06-21T04:51:39+02:00,[60],[1.285]
2026-06-21T04:51:38+02:00,[60],[1.338]
2026-06-21T04:51:37+02:00,[60],[1.254]
2026-06-21T04:51:36+02:00,[60],[1.154]
2026-06-21T04:51:35+02:00,[60],[1.29]
2026-06-21T04:51:34+02:00,[60],[1.359]
2026-06-21T04:51:33+02:00,[60],[1.327]
2026-06-21T04:51:32+02:00,[60],[1.304]
2026-06-21T04:51:31+02:00,[60],[1.259]
2026-06-21T04:51:30+02:00,[60],[1.242]
2026-06-21T04:51:29+02:00,[60],[1.201]
2026-06-21T04:51:28+02:00,[60],[1.275]
2026-06-21T04:51:27+02:00,[60],[1.133]
2026-06-21T04:51:26+02:00,[60],[1.072]
2026-06-21T04:51:25+02:00,[60],[1.351]
2026-06-21T04:51:24+02:00,[60],[1.289]
2026-06-21T04:51:23+02:00,[60],[1.26]
2026-06-21T04:51:22+02:00,[60],[1.269]
2026-06-21T04:51:21+02:00,[60],[1.334]
2026-06-21T04:51:20+02:00,[60],[1.242]
2026-06-21T04:51:19+02:00,[60],[1.338]
2026-06-21T04:51:18+02:00,[60],[1.475]
2026-06-21T04:51:17+02:00,[60],[1.289]
2026-06-21T04:51:16+02:00,[60],[1.461]
2026-06-21T04:51:15+02:00,[60],[1.28]
2026-06-21T04:51:14+02:00,[60],[1.244]
2026-06-21T04:51:13+02:00,[60],[1.221]
2026-06-21T04:51:12+02:00,[60],[1.059]
2026-06-21T04:51:11+02:00,[60],[0.698]
2026-06-21T04:51:10+02:00,[60],[0.941]
2026-06-21T04:51:09+02:00,[60],[1.363]
2026-06-21T04:51:08+02:00,[60],[1.369]
2026-06-21T04:51:07+02:00,[60],[1.335]
2026-06-21T04:51:06+02:00,[60],[1.317]
2026-06-21T04:51:05+02:00,[60],[1.514]
2026-06-21T04:51:04+02:00,[60],[1.329]
2026-06-21T04:51:03+02:00,[60],[1.432]
2026-06-21T04:51:02+02:00,[60],[1.362]
2026-06-21T04:51:01+02:00,[60],[1.296]
2026-06-21T04:51:00+02:00,[60],[1.328]
2026-06-21T04:50:59+02:00,[60],[1.259]
2026-06-21T04:50:58+02:00,[60],[1.258]
2026-06-21T04:50:57+02:00,[60],[1.085]
2026-06-21T04:50:56+02:00,[60],[1.18]
2026-06-21T04:50:55+02:00,[60],[1.318]
2026-06-21T04:50:54+02:00,[60],[1.345]
2026-06-21T04:50:53+02:00,[60],[1.298]
2026-06-21T04:50:52+02:00,[60],[1.337]
2026-06-21T04:50:51+02:00,[60],[1.405]
2026-06-21T04:50:50+02:00,[60],[1.307]
2026-06-21T04:50:49+02:00,[60],[1.407]
2026-06-21T04:50:48+02:00,[60],[1.259]
2026-06-21T04:50:47+02:00,[60],[1.685]
2026-06-21T04:50:46+02:00,[60],[1.254]
2026-06-21T04:50:45+02:00,[60],[1.027]
2026-06-21T04:50:44+02:00,[60],[1.004]
2026-06-21T04:50:43+02:00,[60],[1.018]
2026-06-21T04:50:42+02:00,[60],[0.945]
2026-06-21T04:50:41+02:00,[60],[1.14]
2026-06-21T04:50:40+02:00,[60],[1.289]
2026-06-21T04:50:39+02:00,[60],[1.321]
2026-06-21T04:50:38+02:00,[60],[1.404]
2026-06-21T04:50:37+02:00,[60],[1.394]
2026-06-21T04:50:36+02:00,[60],[1.261]
2026-06-21T04:50:35+02:00,[60],[1.13]
2026-06-21T04:50:34+02:00,[60],[1.272]
2026-06-21T04:50:33+02:00,[60],[1.466]
2026-06-21T04:50:32+02:00,[60],[1.297]
2026-06-21T04:50:31+02:00,[60],[1.235]
2026-06-21T04:50:30+02:00,[60],[1.207]
2026-06-21T04:50:29+02:00,[60],[1.389]
2026-06-21T04:50:28+02:00,[60],[1.165]
2026-06-21T04:50:27+02:00,[60],[1.203]
2026-06-21T04:50:26+02:00,[60],[1.4]
2026-06-21T04:50:25+02:00,[60],[1.236]
2026-06-21T04:50:24+02:00,[60],[1.368]
2026-06-21T04:50:23+02:00,[60],[1.237]
2026-06-21T04:50:22+02:00,[60],[1.564]
2026-06-21T04:50:21+02:00,[60],[1.254]
2026-06-21T04:50:20+02:00,[60],[0.992]
2026-06-21T04:50:19+02:00,[60],[0.825]
2026-06-21T04:50:18+02:00,[60],[1.18]
2026-06-21T04:50:17+02:00,[60],[1.272]
2026-06-21T04:50:16+02:00,[60],[1.259]
2026-06-21T04:50:15+02:00,[60],[1.336]
2026-06-21T04:50:14+02:00,[60],[1.199]
2026-06-21T04:50:13+02:00,[60],[1.437]
2026-06-21T04:50:12+02:00,[60],[1.164]
2026-06-21T04:50:11+02:00,[60],[0.996]
2026-06-21T04:50:10+02:00,[60],[1.205]
2026-06-21T04:50:09+02:00,[60],[1.294]
2026-06-21T04:50:08+02:00,[60],[0.899]
2026-06-21T04:50:07+02:00,[60],[1.126]
2026-06-21T04:50:06+02:00,[60],[1.17]
2026-06-21T04:50:05+02:00,[60],[1.593]
2026-06-21T04:50:04+02:00,[60],[1.348]
2026-06-21T04:50:03+02:00,[60],[1.688]
2026-06-21T04:50:02+02:00,[60],[0.954]
2026-06-21T04:50:01+02:00,[60],[0.458]
2026-06-21T04:50:00+02:00,[60],[1.276]
2026-06-21T04:49:59+02:00,[60],[1.444]
2026-06-21T04:49:58+02:00,[60],[1.252]
2026-06-21T04:49:57+02:00,[60],[1.178]
2026-06-21T04:49:56+02:00,[60],[1.219]
2026-06-21T04:49:55+02:00,[60],[1.331]
2026-06-21T04:49:54+02:00,[60],[1.337]
2026-06-21T04:49:53+02:00,[60],[1.575]
2026-06-21T04:49:52+02:00,[60],[1.155]
2026-06-21T04:49:51+02:00,[60],[1.048]
2026-06-21T04:49:50+02:00,[60],[1.29]
2026-06-21T04:49:49+02:00,[60],[1.303]
2026-06-21T04:49:48+02:00,[60],[1.292]
2026-06-21T04:49:47+02:00,[60],[1.214]
2026-06-21T04:49:46+02:00,[60],[1.277]
2026-06-21T04:49:45+02:00,[60],[1.292]
2026-06-21T04:49:44+02:00,[60],[1.099]
2026-06-21T04:49:43+02:00,[60],[1.192]
2026-06-21T04:49:42+02:00,[60],[1.318]
2026-06-21T04:49:41+02:00,[60],[1.381]
2026-06-21T04:49:40+02:00,[60],[1.303]
2026-06-21T04:49:39+02:00,[60],[1.478]
2026-06-21T04:49:38+02:00,[60],[1.253]
2026-06-21T04:49:37+02:00,[60],[1.152]
2026-06-21T04:49:36+02:00,[60],[1.34]
2026-06-21T04:49:35+02:00,[60],[1.247]
2026-06-21T04:49:34+02:00,[60],[1.121]
2026-06-21T04:49:33+02:00,[60],[1]
2026-06-21T04:49:32+02:00,[60],[0.933]
2026-06-21T04:49:31+02:00,[60],[1.281]
2026-06-21T04:49:30+02:00,[60],[1.233]
2026-06-21T04:49:29+02:00,[60],[1.263]
2026-06-21T04:49:28+02:00,[60],[1.109]
2026-06-21T04:49:27+02:00,[60],[1.367]
2026-06-21T04:49:26+02:00,[60],[1.498]
2026-06-21T04:49:25+02:00,[60],[1.05]
2026-06-21T04:49:24+02:00,[60],[1.046]
2026-06-21T04:49:23+02:00,[60],[1.142]
2026-06-21T04:49:22+02:00,[60],[1.311]
2026-06-21T04:49:21+02:00,[60],[1.315]
2026-06-21T04:49:20+02:00,[60],[0.893]
2026-06-21T04:49:18+02:00,[60],[0.859]
2026-06-21T04:49:17+02:00,[60],[1.103]
2026-06-21T04:49:16+02:00,[60],[1.272]
2026-06-21T04:49:15+02:00,[60],[1.335]
2026-06-21T04:49:14+02:00,[60],[1.308]
2026-06-21T04:49:13+02:00,[60],[1.453]
2026-06-21T04:49:12+02:00,[60],[1.203]
2026-06-21T04:49:11+02:00,[60],[1.134]
2026-06-21T04:49:10+02:00,[60],[1.227]
2026-06-21T04:49:09+02:00,[60],[1.311]
2026-06-21T04:49:08+02:00,[60],[1.369]
2026-06-21T04:49:07+02:00,[60],[1.034]
2026-06-21T04:49:06+02:00,[60],[0.914]
2026-06-21T04:49:05+02:00,[60],[0.776]
2026-06-21T04:49:04+02:00,[60],[1.164]
2026-06-21T04:49:03+02:00,[60],[1.322]
2026-06-21T04:49:02+02:00,[60],[1.289]
2026-06-21T04:49:01+02:00,[60],[1.317]
2026-06-21T04:49:00+02:00,[60],[1.221]
2026-06-21T04:48:59+02:00,[60],[1.078]
2026-06-21T04:48:58+02:00,[60],[1.104]
2026-06-21T04:48:57+02:00,[60],[1.166]
2026-06-21T04:48:56+02:00,[60],[1.184]
2026-06-21T04:48:55+02:00,[60],[1.172]
2026-06-21T04:48:54+02:00,[60],[1.278]
2026-06-21T04:48:53+02:00,[60],[1.088]
2026-06-21T04:48:52+02:00,[60],[1.09]
2026-06-21T04:48:51+02:00,[60],[1.002]
2026-06-21T04:48:50+02:00,[60],[1]
2026-06-21T04:48:49+02:00,[60],[1.273]
2026-06-21T04:48:48+02:00,[60],[1.227]
2026-06-21T04:48:47+02:00,[60],[1.323]
2026-06-21T04:48:46+02:00,[60],[1.186]
2026-06-21T04:48:45+02:00,[60],[1.607]
2026-06-21T04:48:44+02:00,[60],[1.34]
2026-06-21T04:48:43+02:00,[60],[1.347]
2026-06-21T04:48:42+02:00,[60],[1.524]
2026-06-21T04:48:41+02:00,[60],[0.621]
2026-06-21T04:48:40+02:00,[60],[1.219]
2026-06-21T04:48:39+02:00,[60],[1.306]
2026-06-21T04:48:38+02:00,[60],[1.433]
2026-06-21T04:48:37+02:00,[60],[1.316]
2026-06-21T04:48:36+02:00,[60],[1.02]
2026-06-21T04:48:35+02:00,[60],[1.065]
2026-06-21T04:48:34+02:00,[60],[1.104]
2026-06-21T04:48:33+02:00,[60],[1.031]
2026-06-21T04:48:32+02:00,[60],[1.033]
2026-06-21T04:48:31+02:00,[60],[1.324]
2026-06-21T04:48:30+02:00,[60],[1.375]
2026-06-21T04:48:29+02:00,[60],[1.346]
2026-06-21T04:48:28+02:00,[60],[1.283]
2026-06-21T04:48:27+02:00,[60],[1.354]
2026-06-21T04:48:26+02:00,[60],[1.245]
2026-06-21T04:48:25+02:00,[60],[1.232]
2026-06-21T04:48:24+02:00,[60],[1.22]
2026-06-21T04:48:23+02:00,[60],[1.27]
2026-06-21T04:48:22+02:00,[60],[1.361]
2026-06-21T04:48:21+02:00,[60],[1.462]
2026-06-21T04:48:20+02:00,[60],[1.374]
2026-06-21T04:48:19+02:00,[60],[1.371]
2026-06-21T04:48:18+02:00,[60],[1.382]
2026-06-21T04:48:17+02:00,[60],[1.338]
2026-06-21T04:48:16+02:00,[60],[1.314]
2026-06-21T04:48:15+02:00,[60],[1.344]
2026-06-21T04:48:14+02:00,[60],[1.431]
2026-06-21T04:48:13+02:00,[60],[1.386]
2026-06-21T04:48:12+02:00,[60],[1.324]
2026-06-21T04:48:11+02:00,[60],[1.378]
2026-06-21T04:48:10+02:00,[60],[1.586]
2026-06-21T04:48:09+02:00,[60],[1.319]
2026-06-21T04:48:08+02:00,[60],[0.97]
2026-06-21T04:48:07+02:00,[60],[1.087]
2026-06-21T04:48:06+02:00,[60],[0.68]
2026-06-21T04:48:05+02:00,[60],[1.286]
2026-06-21T04:48:04+02:00,[60],[1.31]
2026-06-21T04:48:03+02:00,[60],[1.251]
2026-06-21T04:48:02+02:00,[60],[1.075]
2026-06-21T04:48:01+02:00,[60],[1.355]
2026-06-21T04:48:00+02:00,[60],[1.36]
2026-06-21T04:47:59+02:00,[60],[1.404]
2026-06-21T04:47:58+02:00,[60],[1.256]
2026-06-21T04:47:57+02:00,[60],[1.103]
2026-06-21T04:47:56+02:00,[60],[1.282]
2026-06-21T04:47:55+02:00,[60],[1.259]
2026-06-21T04:47:54+02:00,[60],[1.197]
2026-06-21T04:47:53+02:00,[60],[1.205]
2026-06-21T04:47:52+02:00,[60],[1.439]
2026-06-21T04:47:51+02:00,[60],[1.581]
2026-06-21T04:47:50+02:00,[60],[1.004]
2026-06-21T04:47:49+02:00,[60],[1.126]
2026-06-21T04:47:48+02:00,[60],[1.286]
2026-06-21T04:47:47+02:00,[60],[1.285]
2026-06-21T04:47:46+02:00,[60],[1.288]
2026-06-21T04:47:45+02:00,[60],[1.301]
2026-06-21T04:47:44+02:00,[60],[1.156]
2026-06-21T04:47:43+02:00,[60],[1.154]
2026-06-21T04:47:42+02:00,[60],[1.21]
2026-06-21T04:47:41+02:00,[60],[1.386]
2026-06-21T04:47:40+02:00,[60],[1.261]
2026-06-21T04:47:39+02:00,[60],[1.143]
2026-06-21T04:47:38+02:00,[60],[1.085]
2026-06-21T04:47:37+02:00,[60],[0.944]
2026-06-21T04:47:36+02:00,[60],[0.974]
2026-06-21T04:47:35+02:00,[60],[0.942]
2026-06-21T04:47:34+02:00,[60],[0.732]
2026-06-21T04:47:33+02:00,[60],[0.421]
2026-06-21T04:47:32+02:00,[60],[0.23]
2026-06-21T04:47:31+02:00,[60],[0.19]
2026-06-21T04:47:30+02:00,[60],[0.079]
2026-06-21T04:47:29+02:00,[60],[0.203]
2026-06-21T04:47:28+02:00,[60],[0]
2026-06-21T04:47:27+02:00,[60],[0.042]
2026-06-21T04:47:26+02:00,[60],[0.01]
2026-06-21T04:47:25+02:00,[60],[0.011]
2026-06-21T04:47:24+02:00,[60],[0.071]
2026-06-21T04:47:23+02:00,[60],[0.034]
2026-06-21T04:47:22+02:00,[60],[0.03]
2026-06-21T04:47:21+02:00,[60],[0.05]
2026-06-21T04:47:20+02:00,[60],[0.027]
2026-06-21T04:47:19+02:00,[60],[0.024]
2026-06-21T04:47:18+02:00,[60],[0]
2026-06-21T04:47:17+02:00,[60],[0]
2026-06-21T04:47:16+02:00,[60],[0.062]
2026-06-21T04:47:15+02:00,[60],[0.049]
2026-06-21T04:47:14+02:00,[60],[0.122]
2026-06-21T04:47:13+02:00,[60],[0.16]
2026-06-21T04:47:12+02:00,[60],[0.109]
2026-06-21T04:47:11+02:00,[60],[0.146]
2026-06-21T04:47:10+02:00,[60],[0.278]
2026-06-21T04:47:09+02:00,[60],[0.88]
2026-06-21T04:47:08+02:00,[60],[1.232]
2026-06-21T04:47:07+02:00,[60],[0.968]
2026-06-21T04:47:06+02:00,[60],[0.896]
2026-06-21T04:47:05+02:00,[60],[1.103]
2026-06-21T04:47:04+02:00,[60],[0.979]
2026-06-21T04:47:03+02:00,[60],[1.059]
2026-06-21T04:47:02+02:00,[60],[1.193]
2026-06-21T04:47:01+02:00,[60],[1.285]
2026-06-21T04:47:00+02:00,[60],[1.375]
2026-06-21T04:46:59+02:00,[60],[1.435]
2026-06-21T04:46:58+02:00,[60],[1.37]
2026-06-21T04:46:57+02:00,[60],[1.298]
2026-06-21T04:46:56+02:00,[60],[1.27]
2026-06-21T04:46:55+02:00,[60],[1.245]
2026-06-21T04:46:54+02:00,[60],[1.137]
2026-06-21T04:46:53+02:00,[60],[1.15]
2026-06-21T04:46:52+02:00,[60],[1.153]
2026-06-21T04:46:51+02:00,[60],[1.37]
2026-06-21T04:46:50+02:00,[60],[1.312]
2026-06-21T04:46:49+02:00,[60],[1.332]
2026-06-21T04:46:48+02:00,[60],[1.217]
2026-06-21T04:46:47+02:00,[60],[1.349]
2026-06-21T04:46:46+02:00,[60],[1.375]
2026-06-21T04:46:45+02:00,[60],[1.413]
2026-06-21T04:46:44+02:00,[60],[1.244]
2026-06-21T04:46:43+02:00,[60],[1.134]
2026-06-21T04:46:42+02:00,[60],[1.18]
2026-06-21T04:46:41+02:00,[60],[1.389]
2026-06-21T04:46:40+02:00,[60],[1.391]
2026-06-21T04:46:39+02:00,[60],[1.495]
2026-06-21T04:46:38+02:00,[60],[1.218]
2026-06-21T04:46:37+02:00,[60],[1.018]
2026-06-21T04:46:36+02:00,[60],[1.357]
2026-06-21T04:46:35+02:00,[60],[1.359]
2026-06-21T04:46:34+02:00,[60],[1.32]
2026-06-21T04:46:33+02:00,[60],[1.295]
2026-06-21T04:46:32+02:00,[60],[1.142]
2026-06-21T04:46:31+02:00,[60],[1.305]
2026-06-21T04:46:30+02:00,[60],[1.349]
2026-06-21T04:46:29+02:00,[60],[1.458]
2026-06-21T04:46:28+02:00,[60],[1.397]
2026-06-21T04:46:27+02:00,[60],[1.441]
2026-06-21T04:46:26+02:00,[60],[1.382]
2026-06-21T04:46:25+02:00,[60],[1.458]
2026-06-21T04:46:24+02:00,[60],[1.25]
2026-06-21T04:46:22+02:00,[60],[1.359]
2026-06-21T04:46:21+02:00,[60],[1.195]
2026-06-21T04:46:20+02:00,[60],[1.325]
2026-06-21T04:46:19+02:00,[60],[1.385]
2026-06-21T04:46:18+02:00,[60],[1.398]
2026-06-21T04:46:17+02:00,[60],[1.318]
2026-06-21T04:46:16+02:00,[60],[1.261]
2026-06-21T04:46:15+02:00,[60],[1.125]
2026-06-21T04:46:14+02:00,[60],[1.193]
2026-06-21T04:46:13+02:00,[60],[1.35]
2026-06-21T04:46:12+02:00,[60],[1.445]
2026-06-21T04:46:11+02:00,[60],[1.35]
2026-06-21T04:46:10+02:00,[60],[1.498]
2026-06-21T04:46:09+02:00,[60],[1.32]
2026-06-21T04:46:08+02:00,[60],[1.352]
2026-06-21T04:46:07+02:00,[60],[1.363]
2026-06-21T04:46:06+02:00,[60],[1.281]
2026-06-21T04:46:05+02:00,[60],[1.141]
2026-06-21T04:46:04+02:00,[60],[1.157]
2026-06-21T04:46:03+02:00,[60],[1.146]
2026-06-21T04:46:02+02:00,[60],[1.296]
2026-06-21T04:46:01+02:00,[60],[1.3]
2026-06-21T04:46:00+02:00,[60],[1.287]
2026-06-21T04:45:59+02:00,[60],[1.322]
2026-06-21T04:45:58+02:00,[60],[1.422]
2026-06-21T04:45:57+02:00,[60],[1.313]
2026-06-21T04:45:56+02:00,[60],[2.003]
2026-06-21T04:45:55+02:00,[60],[1.384]
2026-06-21T04:45:54+02:00,[60],[1.404]
2026-06-21T04:45:53+02:00,[60],[1.578]
2026-06-21T04:45:52+02:00,[60],[1.331]
2026-06-21T04:45:51+02:00,[60],[1.107]
2026-06-21T04:45:50+02:00,[60],[0.64]
2026-06-21T04:45:49+02:00,[60],[0.969]
2026-06-21T04:45:48+02:00,[60],[0.842]
2026-06-21T04:45:47+02:00,[60],[1.087]
2026-06-21T04:45:46+02:00,[60],[1.181]
2026-06-21T04:45:45+02:00,[60],[1.2]
2026-06-21T04:45:44+02:00,[60],[1.191]
2026-06-21T04:45:43+02:00,[60],[1.112]
2026-06-21T04:45:42+02:00,[60],[1.13]
2026-06-21T04:45:41+02:00,[60],[1.263]
2026-06-21T04:45:40+02:00,[60],[1.246]
2026-06-21T04:45:39+02:00,[60],[1.049]
2026-06-21T04:45:38+02:00,[60],[1.176]
2026-06-21T04:45:37+02:00,[60],[1.182]
2026-06-21T04:45:36+02:00,[60],[1.257]
2026-06-21T04:45:35+02:00,[60],[1.253]
2026-06-21T04:45:34+02:00,[60],[1.193]
2026-06-21T04:45:33+02:00,[60],[1.331]
2026-06-21T04:45:32+02:00,[60],[1.454]
2026-06-21T04:45:31+02:00,[60],[1.321]
2026-06-21T04:45:30+02:00,[60],[1.227]
2026-06-21T04:45:29+02:00,[60],[1.076]
2026-06-21T04:45:28+02:00,[60],[1.054]
2026-06-21T04:45:27+02:00,[60],[1.238]
2026-06-21T04:45:26+02:00,[60],[1.224]
2026-06-21T04:45:25+02:00,[60],[1.282]
2026-06-21T04:45:24+02:00,[60],[1.541]
2026-06-21T04:45:23+02:00,[60],[1.599]
2026-06-21T04:45:22+02:00,[60],[1.494]
2026-06-21T04:45:21+02:00,[60],[1.205]
2026-06-21T04:45:20+02:00,[60],[0.966]
2026-06-21T04:45:19+02:00,[60],[1.099]
2026-06-21T04:45:18+02:00,[60],[0.695]
2026-06-21T04:45:17+02:00,[60],[0.267]
2026-06-21T04:45:16+02:00,[60],[0.088]
2026-06-21T04:45:15+02:00,[60],[0.808]
2026-06-21T04:45:14+02:00,[60],[1.199]
2026-06-21T04:45:13+02:00,[60],[1.444]
2026-06-21T04:45:12+02:00,[60],[1.333]
2026-06-21T04:45:11+02:00,[60],[1.291]
2026-06-21T04:45:10+02:00,[60],[1.374]
2026-06-21T04:45:09+02:00,[60],[1.255]
2026-06-21T04:45:08+02:00,[60],[1.331]
2026-06-21T04:45:07+02:00,[60],[1.393]
2026-06-21T04:45:06+02:00,[60],[1.233]
2026-06-21T04:45:05+02:00,[60],[1.205]
2026-06-21T04:45:04+02:00,[60],[1.387]
2026-06-21T04:45:03+02:00,[60],[1.305]
2026-06-21T04:45:02+02:00,[60],[1.305]
2026-06-21T04:45:01+02:00,[60],[1.342]
2026-06-21T04:45:00+02:00,[60],[1.415]
2026-06-21T04:44:59+02:00,[60],[1.349]
2026-06-21T04:44:58+02:00,[60],[1.261]
2026-06-21T04:44:57+02:00,[60],[1.311]
2026-06-21T04:44:56+02:00,[60],[1.516]
2026-06-21T04:44:55+02:00,[60],[1.175]
2026-06-21T04:44:54+02:00,[60],[1.094]
2026-06-21T04:44:53+02:00,[60],[1.062]
2026-06-21T04:44:52+02:00,[60],[1.006]
2026-06-21T04:44:51+02:00,[60],[1.08]
2026-06-21T04:44:50+02:00,[60],[1.214]
2026-06-21T04:44:49+02:00,[60],[1.343]
2026-06-21T04:44:48+02:00,[60],[1.301]
2026-06-21T04:44:47+02:00,[60],[1.363]
2026-06-21T04:44:46+02:00,[60],[1.239]
2026-06-21T04:44:45+02:00,[60],[1.205]
2026-06-21T04:44:44+02:00,[60],[1.265]
2026-06-21T04:44:43+02:00,[60],[1.296]
2026-06-21T04:44:42+02:00,[60],[1.475]
2026-06-21T04:44:41+02:00,[60],[1.351]
2026-06-21T04:44:40+02:00,[60],[1.501]
2026-06-21T04:44:39+02:00,[60],[1.34]
2026-06-21T04:44:38+02:00,[60],[1.419]
2026-06-21T04:44:37+02:00,[60],[1.319]
2026-06-21T04:44:36+02:00,[60],[1.356]
2026-06-21T04:44:35+02:00,[60],[1.361]
2026-06-21T04:44:34+02:00,[60],[1.36]
2026-06-21T04:44:33+02:00,[60],[1.46]
2026-06-21T04:44:32+02:00,[60],[1.36]
2026-06-21T04:44:31+02:00,[60],[1.411]
2026-06-21T04:44:30+02:00,[60],[1.222]
2026-06-21T04:44:29+02:00,[60],[1.002]
2026-06-21T04:44:28+02:00,[60],[1.202]
2026-06-21T04:44:27+02:00,[60],[1.244]
2026-06-21T04:44:26+02:00,[60],[1.299]
2026-06-21T04:44:25+02:00,[60],[1.298]
2026-06-21T04:44:24+02:00,[60],[1.261]
2026-06-21T04:44:23+02:00,[60],[1.306]
2026-06-21T04:44:22+02:00,[60],[1.326]
2026-06-21T04:44:21+02:00,[60],[1.29]
2026-06-21T04:44:20+02:00,[60],[1.186]
2026-06-21T04:44:19+02:00,[60],[1.226]
2026-06-21T04:44:18+02:00,[60],[1.196]
2026-06-21T04:44:17+02:00,[60],[1.334]
2026-06-21T04:44:16+02:00,[60],[1.336]
2026-06-21T04:44:15+02:00,[60],[1.088]
2026-06-21T04:44:14+02:00,[60],[1.277]
2026-06-21T04:44:13+02:00,[60],[1.188]
2026-06-21T04:44:12+02:00,[60],[1.241]
2026-06-21T04:44:11+02:00,[60],[1.272]
2026-06-21T04:44:10+02:00,[60],[1.239]
2026-06-21T04:44:09+02:00,[60],[1.176]
2026-06-21T04:44:08+02:00,[60],[1.291]
2026-06-21T04:44:07+02:00,[60],[1.285]
2026-06-21T04:44:06+02:00,[60],[1.271]
2026-06-21T04:44:05+02:00,[60],[1.258]
2026-06-21T04:44:04+02:00,[60],[1.326]
2026-06-21T04:44:03+02:00,[60],[1.264]
2026-06-21T04:44:02+02:00,[60],[1.161]
2026-06-21T04:44:01+02:00,[60],[1.381]
2026-06-21T04:43:59+02:00,[60],[1.248]
2026-06-21T04:43:58+02:00,[60],[1.305]
2026-06-21T04:43:57+02:00,[60],[1.356]
2026-06-21T04:43:56+02:00,[60],[1.289]
2026-06-21T04:43:55+02:00,[60],[1.255]
2026-06-21T04:43:54+02:00,[60],[1.198]
2026-06-21T04:43:53+02:00,[60],[0.965]
2026-06-21T04:43:52+02:00,[60],[0.879]
2026-06-21T04:43:51+02:00,[60],[0.838]
2026-06-21T04:43:50+02:00,[60],[0.878]
2026-06-21T04:43:49+02:00,[60],[1.037]
2026-06-21T04:43:48+02:00,[60],[0.89]
2026-06-21T04:43:47+02:00,[60],[0.803]
2026-06-21T04:43:46+02:00,[60],[0.883]
2026-06-21T04:43:45+02:00,[60],[0.642]
2026-06-21T04:43:44+02:00,[60],[0.445]
2026-06-21T04:43:43+02:00,[60],[0.325]
2026-06-21T04:43:42+02:00,[60],[0.136]
2026-06-21T04:43:41+02:00,[60],[0.017]
2026-06-21T04:43:40+02:00,[60],[0]
2026-06-21T04:43:39+02:00,[60],[0.092]
2026-06-21T04:43:38+02:00,[60],[0.084]
2026-06-21T04:43:37+02:00,[60],[0.177]
2026-06-21T04:43:36+02:00,[60],[0.225]
2026-06-21T04:43:35+02:00,[60],[0.776]
2026-06-21T04:43:34+02:00,[60],[0.983]
2026-06-21T04:43:33+02:00,[60],[1.024]
2026-06-21T04:43:32+02:00,[60],[0.906]
2026-06-21T04:43:31+02:00,[60],[0.788]
2026-06-21T04:43:30+02:00,[60],[1.313]
2026-06-21T04:43:29+02:00,[60],[1.172]
2026-06-21T04:43:28+02:00,[60],[1.295]
2026-06-21T04:43:27+02:00,[60],[1.049]
2026-06-21T04:43:26+02:00,[60],[1.342]
2026-06-21T04:43:25+02:00,[60],[1.292]
2026-06-21T04:43:24+02:00,[60],[1.305]
2026-06-21T04:43:23+02:00,[60],[1.077]
2026-06-21T04:43:22+02:00,[60],[1.343]
2026-06-21T04:43:21+02:00,[60],[1.306]
2026-06-21T04:43:20+02:00,[60],[1.256]
2026-06-21T04:43:19+02:00,[60],[1.167]
2026-06-21T04:43:18+02:00,[60],[1.192]
2026-06-21T04:43:17+02:00,[60],[1.173]
2026-06-21T04:43:16+02:00,[60],[1.26]
2026-06-21T04:43:15+02:00,[60],[0.779]
2026-06-21T04:43:14+02:00,[60],[1.189]
2026-06-21T04:43:13+02:00,[60],[1.269]
2026-06-21T04:43:12+02:00,[60],[1.188]
2026-06-21T04:43:11+02:00,[60],[1.149]
2026-06-21T04:43:10+02:00,[60],[1.258]
2026-06-21T04:43:09+02:00,[60],[1.24]
2026-06-21T04:43:08+02:00,[60],[1.193]
2026-06-21T04:43:07+02:00,[60],[1.307]
2026-06-21T04:43:06+02:00,[60],[1.285]
2026-06-21T04:43:05+02:00,[60],[1.186]
2026-06-21T04:43:04+02:00,[60],[1.292]
2026-06-21T04:43:03+02:00,[60],[1.447]
2026-06-21T04:43:02+02:00,[60],[1.377]
2026-06-21T04:43:01+02:00,[60],[1.299]
2026-06-21T04:43:00+02:00,[60],[1.311]
2026-06-21T04:42:59+02:00,[60],[1.252]
2026-06-21T04:42:58+02:00,[60],[1.204]
2026-06-21T04:42:57+02:00,[60],[1.315]
2026-06-21T04:42:56+02:00,[60],[1.131]
2026-06-21T04:42:55+02:00,[60],[1.23]
2026-06-21T04:42:54+02:00,[60],[1.151]
2026-06-21T04:42:53+02:00,[60],[1.339]
2026-06-21T04:42:52+02:00,[60],[1.404]
2026-06-21T04:42:51+02:00,[60],[1.315]
2026-06-21T04:42:50+02:00,[60],[1.341]
2026-06-21T04:42:49+02:00,[60],[1.321]
2026-06-21T04:42:48+02:00,[60],[1.02]
2026-06-21T04:42:47+02:00,[60],[1.18]
2026-06-21T04:42:46+02:00,[60],[1.196]
2026-06-21T04:42:45+02:00,[60],[1.127]
2026-06-21T04:42:44+02:00,[60],[1.309]
2026-06-21T04:42:43+02:00,[60],[1.193]
2026-06-21T04:42:42+02:00,[60],[1.247]
2026-06-21T04:42:41+02:00,[60],[1.093]
2026-06-21T04:42:40+02:00,[60],[1.171]
2026-06-21T04:42:39+02:00,[60],[1.207]
2026-06-21T04:42:38+02:00,[60],[1.246]
2026-06-21T04:42:37+02:00,[60],[1.327]
2026-06-21T04:42:36+02:00,[60],[1.408]
2026-06-21T04:42:35+02:00,[60],[1.338]
2026-06-21T04:42:34+02:00,[60],[1.279]
2026-06-21T04:42:33+02:00,[60],[1.234]
2026-06-21T04:42:32+02:00,[60],[1.238]
2026-06-21T04:42:31+02:00,[60],[1.043]
2026-06-21T04:42:30+02:00,[60],[1.204]
2026-06-21T04:42:29+02:00,[60],[1.242]
2026-06-21T04:42:28+02:00,[60],[1.261]
2026-06-21T04:42:27+02:00,[60],[1.188]
2026-06-21T04:42:26+02:00,[60],[1.208]
2026-06-21T04:42:25+02:00,[60],[1.203]
2026-06-21T04:42:24+02:00,[60],[1.16]
2026-06-21T04:42:23+02:00,[60],[1.27]
2026-06-21T04:42:22+02:00,[60],[1.244]
2026-06-21T04:42:21+02:00,[60],[1.21]
2026-06-21T04:42:20+02:00,[60],[1.27]
2026-06-21T04:42:19+02:00,[60],[1.273]
2026-06-21T04:42:18+02:00,[60],[1.22]
2026-06-21T04:42:17+02:00,[60],[1.199]
2026-06-21T04:42:16+02:00,[60],[1.089]
2026-06-21T04:42:15+02:00,[60],[1.28]
2026-06-21T04:42:14+02:00,[60],[1.351]
2026-06-21T04:42:13+02:00,[60],[1.156]
2026-06-21T04:42:12+02:00,[60],[1.263]
2026-06-21T04:42:11+02:00,[60],[1.484]
2026-06-21T04:42:10+02:00,[60],[1.094]
2026-06-21T04:42:09+02:00,[60],[1.238]
2026-06-21T04:42:08+02:00,[60],[1.197]
2026-06-21T04:42:07+02:00,[60],[1.323]
2026-06-21T04:42:06+02:00,[60],[1.154]
2026-06-21T04:42:05+02:00,[60],[1.227]
2026-06-21T04:42:04+02:00,[60],[1.176]
2026-06-21T04:42:03+02:00,[60],[1.173]
2026-06-21T04:42:02+02:00,[60],[1.203]
2026-06-21T04:42:01+02:00,[60],[1.169]
2026-06-21T04:42:00+02:00,[60],[1.061]
2026-06-21T04:41:59+02:00,[60],[1.087]
2026-06-21T04:41:58+02:00,[60],[0.957]
2026-06-21T04:41:57+02:00,[60],[1.073]
2026-06-21T04:41:56+02:00,[60],[1.122]
2026-06-21T04:41:55+02:00,[60],[1.1]
2026-06-21T04:41:54+02:00,[60],[1.186]
2026-06-21T04:41:53+02:00,[60],[1.22]
2026-06-21T04:41:52+02:00,[60],[1.121]
2026-06-21T04:41:51+02:00,[60],[1.309]
2026-06-21T04:41:50+02:00,[60],[1.252]
2026-06-21T04:41:49+02:00,[60],[1.038]
2026-06-21T04:41:48+02:00,[60],[1.039]
2026-06-21T04:41:47+02:00,[60],[0.988]
2026-06-21T04:41:46+02:00,[60],[0.944]
2026-06-21T04:41:45+02:00,[60],[1.269]
2026-06-21T04:41:44+02:00,[60],[1.142]
2026-06-21T04:41:43+02:00,[60],[1.308]
2026-06-21T04:41:42+02:00,[60],[1.156]
2026-06-21T04:41:41+02:00,[60],[1.127]
2026-06-21T04:41:40+02:00,[60],[1.283]
2026-06-21T04:41:39+02:00,[60],[1.353]
2026-06-21T04:41:38+02:00,[60],[1.233]
2026-06-21T04:41:37+02:00,[60],[1.448]
2026-06-21T04:41:36+02:00,[60],[1.467]
2026-06-21T04:41:35+02:00,[60],[1.546]
2026-06-21T04:41:34+02:00,[60],[1.408]
2026-06-21T04:41:33+02:00,[60],[1.326]
2026-06-21T04:41:32+02:00,[60],[1.167]
2026-06-21T04:41:31+02:00,[60],[1.067]
2026-06-21T04:41:30+02:00,[60],[1.455]
2026-06-21T04:41:29+02:00,[60],[1.457]
2026-06-21T04:41:28+02:00,[60],[1.316]
2026-06-21T04:41:27+02:00,[60],[1.371]
2026-06-21T04:41:26+02:00,[60],[1.303]
2026-06-21T04:41:24+02:00,[60],[1.261]
2026-06-21T04:41:23+02:00,[60],[1.142]
2026-06-21T04:41:22+02:00,[60],[1.442]
2026-06-21T04:41:21+02:00,[60],[1.497]
2026-06-21T04:41:20+02:00,[60],[1.588]
2026-06-21T04:41:19+02:00,[60],[1.248]
2026-06-21T04:41:18+02:00,[60],[0.963]
2026-06-21T04:41:17+02:00,[60],[1.429]
2026-06-21T04:41:16+02:00,[60],[1.486]
2026-06-21T04:41:15+02:00,[60],[1.552]
2026-06-21T04:41:14+02:00,[60],[1.477]
2026-06-21T04:41:13+02:00,[60],[1.462]
2026-06-21T04:41:12+02:00,[60],[1.486]
2026-06-21T04:41:11+02:00,[60],[1.459]
2026-06-21T04:41:10+02:00,[60],[1.434]
2026-06-21T04:41:09+02:00,[60],[1.463]
2026-06-21T04:41:08+02:00,[60],[1.453]
2026-06-21T04:41:07+02:00,[60],[1.419]
2026-06-21T04:41:06+02:00,[60],[1.474]
2026-06-21T04:41:05+02:00,[60],[1.479]
2026-06-21T04:41:04+02:00,[60],[1.481]
2026-06-21T04:41:03+02:00,[60],[1.47]
2026-06-21T04:41:02+02:00,[60],[1.476]
2026-06-21T04:41:01+02:00,[60],[1.231]
2026-06-21T04:41:00+02:00,[60],[1.256]
2026-06-21T04:40:59+02:00,[60],[1.218]
2026-06-21T04:40:58+02:00,[60],[1.171]
2026-06-21T04:40:57+02:00,[60],[1.126]
2026-06-21T04:40:56+02:00,[60],[1.218]
2026-06-21T04:40:55+02:00,[60],[1.116]
2026-06-21T04:40:54+02:00,[60],[1.173]
2026-06-21T04:40:53+02:00,[60],[1.324]
2026-06-21T04:40:52+02:00,[60],[1.172]
2026-06-21T04:40:51+02:00,[60],[1.398]
2026-06-21T04:40:50+02:00,[60],[1.469]
2026-06-21T04:40:49+02:00,[60],[1.49]
2026-06-21T04:40:48+02:00,[60],[1.504]
2026-06-21T04:40:47+02:00,[60],[1.503]
2026-06-21T04:40:46+02:00,[60],[1.393]
2026-06-21T04:40:45+02:00,[60],[1.09]
2026-06-21T04:40:44+02:00,[60],[1.127]
2026-06-21T04:40:43+02:00,[60],[1.414]
2026-06-21T04:40:42+02:00,[60],[1.392]
2026-06-21T04:40:41+02:00,[60],[1.449]
2026-06-21T04:40:40+02:00,[60],[1.487]
2026-06-21T04:40:39+02:00,[60],[1.506]
2026-06-21T04:40:38+02:00,[60],[1.494]
2026-06-21T04:40:37+02:00,[60],[1.458]
2026-06-21T04:40:36+02:00,[60],[1.428]
2026-06-21T04:40:35+02:00,[60],[1.328]
2026-06-21T04:40:34+02:00,[60],[1.33]
2026-06-21T04:40:33+02:00,[60],[0.963]
2026-06-21T04:40:32+02:00,[60],[1.226]
2026-06-21T04:40:31+02:00,[60],[1.407]
2026-06-21T04:40:30+02:00,[60],[1.338]
2026-06-21T04:40:29+02:00,[60],[1.087]
2026-06-21T04:40:28+02:00,[60],[1.45]
2026-06-21T04:40:27+02:00,[60],[1.459]
2026-06-21T04:40:26+02:00,[60],[1.507]
2026-06-21T04:40:25+02:00,[60],[1.515]
2026-06-21T04:40:24+02:00,[60],[1.508]
2026-06-21T04:40:23+02:00,[60],[1.503]
2026-06-21T04:40:22+02:00,[60],[1.487]
2026-06-21T04:40:21+02:00,[60],[1.467]
2026-06-21T04:40:20+02:00,[60],[1.504]
2026-06-21T04:40:19+02:00,[60],[1.515]
2026-06-21T04:40:18+02:00,[60],[1.521]
2026-06-21T04:40:17+02:00,[60],[1.524]
2026-06-21T04:40:16+02:00,[60],[1.496]
2026-06-21T04:40:15+02:00,[60],[1.518]
2026-06-21T04:40:14+02:00,[60],[1.525]
2026-06-21T04:40:13+02:00,[60],[1.586]
2026-06-21T04:40:12+02:00,[60],[1.392]
2026-06-21T04:40:11+02:00,[60],[1.397]
2026-06-21T04:40:10+02:00,[60],[1.353]
2026-06-21T04:40:09+02:00,[60],[1.325]
2026-06-21T04:40:08+02:00,[60],[1.306]
2026-06-21T04:40:07+02:00,[60],[1.334]
2026-06-21T04:40:06+02:00,[60],[1.359]
2026-06-21T04:40:05+02:00,[60],[1.4]
2026-06-21T04:40:04+02:00,[60],[1.361]
2026-06-21T04:40:03+02:00,[60],[1.312]
2026-06-21T04:40:02+02:00,[60],[1.311]
2026-06-21T04:40:01+02:00,[60],[1.34]
2026-06-21T04:40:00+02:00,[60],[1.226]
2026-06-21T04:39:59+02:00,[60],[1.13]
2026-06-21T04:39:58+02:00,[60],[1.233]
2026-06-21T04:39:57+02:00,[60],[1.182]
2026-06-21T04:39:56+02:00,[60],[1.261]
2026-06-21T04:39:55+02:00,[60],[1.365]
2026-06-21T04:39:54+02:00,[60],[1.443]
2026-06-21T04:39:53+02:00,[60],[1.512]
2026-06-21T04:39:52+02:00,[60],[1.518]
2026-06-21T04:39:51+02:00,[60],[1.514]
2026-06-21T04:39:50+02:00,[60],[1.483]
2026-06-21T04:39:49+02:00,[60],[1.507]
2026-06-21T04:39:48+02:00,[60],[1.529]
2026-06-21T04:39:47+02:00,[60],[1.528]
2026-06-21T04:39:46+02:00,[60],[1.529]
2026-06-21T04:39:45+02:00,[60],[1.527]
2026-06-21T04:39:44+02:00,[60],[1.508]
2026-06-21T04:39:43+02:00,[60],[1.518]
2026-06-21T04:39:42+02:00,[60],[1.517]
2026-06-21T04:39:41+02:00,[60],[1.53]
2026-06-21T04:39:40+02:00,[60],[1.531]
2026-06-21T04:39:39+02:00,[60],[1.518]
2026-06-21T04:39:38+02:00,[60],[1.515]
2026-06-21T04:39:37+02:00,[60],[1.542]
2026-06-21T04:39:36+02:00,[60],[1.445]
2026-06-21T04:39:35+02:00,[60],[1.385]
2026-06-21T04:39:34+02:00,[60],[1.372]
2026-06-21T04:39:33+02:00,[60],[1.355]
2026-06-21T04:39:32+02:00,[60],[1.181]
2026-06-21T04:39:31+02:00,[60],[1.178]
2026-06-21T04:39:30+02:00,[60],[1.469]
2026-06-21T04:39:29+02:00,[60],[1.492]
2026-06-21T04:39:28+02:00,[60],[1.49]
2026-06-21T04:39:27+02:00,[60],[1.507]
2026-06-21T04:39:26+02:00,[60],[1.506]
2026-06-21T04:39:25+02:00,[60],[1.511]
2026-06-21T04:39:24+02:00,[60],[1.516]
2026-06-21T04:39:23+02:00,[60],[1.505]
2026-06-21T04:39:22+02:00,[60],[1.483]
2026-06-21T04:39:21+02:00,[60],[1.318]
2026-06-21T04:39:20+02:00,[60],[1.237]
2026-06-21T04:39:19+02:00,[60],[1.249]
2026-06-21T04:39:18+02:00,[60],[1.367]
2026-06-21T04:39:17+02:00,[60],[1.47]
2026-06-21T04:39:16+02:00,[60],[1.491]
2026-06-21T04:39:15+02:00,[60],[1.563]
2026-06-21T04:39:14+02:00,[60],[1.336]
2026-06-21T04:39:13+02:00,[60],[1.258]
2026-06-21T04:39:12+02:00,[60],[0.994]
2026-06-21T04:39:11+02:00,[60],[0.41]
2026-06-21T04:39:10+02:00,[60],[0.425]
2026-06-21T04:39:09+02:00,[60],[0.316]
2026-06-21T04:39:08+02:00,[60],[0.351]
2026-06-21T04:39:07+02:00,[60],[0.333]
2026-06-21T04:39:06+02:00,[60],[0.342]
2026-06-21T04:39:05+02:00,[60],[0.225]
2026-06-21T04:39:04+02:00,[60],[0.188]
2026-06-21T04:39:03+02:00,[60],[0.202]
2026-06-21T04:39:02+02:00,[60],[0.196]
2026-06-21T04:39:01+02:00,[60],[0.191]
2026-06-21T04:39:00+02:00,[60],[0.253]
2026-06-21T04:38:59+02:00,[60],[0.231]
2026-06-21T04:38:58+02:00,[60],[0.225]
2026-06-21T04:38:57+02:00,[60],[0.25]
2026-06-21T04:38:56+02:00,[60],[0.192]
2026-06-21T04:38:55+02:00,[60],[0.226]
2026-06-21T04:38:54+02:00,[60],[0.187]
2026-06-21T04:38:53+02:00,[60],[0.163]
2026-06-21T04:38:52+02:00,[60],[0.178]
2026-06-21T04:38:51+02:00,[60],[0.232]
2026-06-21T04:38:50+02:00,[60],[0.234]
2026-06-21T04:38:49+02:00,[60],[0.167]
2026-06-21T04:38:48+02:00,[60],[0.274]
2026-06-21T04:38:47+02:00,[60],[0.306]
2026-06-21T04:38:46+02:00,[60],[0.281]
2026-06-21T04:38:45+02:00,[60],[0.019]
2026-06-21T04:38:44+02:00,[60],[0.089]
2026-06-21T04:38:43+02:00,[60],[0.058]
2026-06-21T04:38:42+02:00,[60],[0.073]
2026-06-21T04:38:41+02:00,[60],[0.058]
2026-06-21T04:38:40+02:00,[60],[0.006]
2026-06-21T04:38:39+02:00,[60],[0.065]
2026-06-21T04:38:38+02:00,[60],[0.072]
2026-06-21T04:38:37+02:00,[60],[0.084]
2026-06-21T04:38:36+02:00,[60],[0]
2026-06-21T04:38:35+02:00,[60],[0.073]
2026-06-21T04:38:34+02:00,[60],[0.042]
2026-06-21T04:38:33+02:00,[60],[0]
2026-06-21T04:38:32+02:00,[60],[0.036]
2026-06-21T04:38:31+02:00,[60],[0.16]
2026-06-21T04:38:30+02:00,[60],[0.004]
2026-06-21T04:38:29+02:00,[60],[0]
2026-06-21T04:38:28+02:00,[60],[0]
2026-06-21T04:38:27+02:00,[60],[0]
2026-06-21T04:38:26+02:00,[60],[0]
2026-06-21T04:38:25+02:00,[60],[0.072]
2026-06-21T04:38:24+02:00,[60],[0.091]
2026-06-21T04:38:23+02:00,[60],[0.054]
2026-06-21T04:38:22+02:00,[60],[0.077]
2026-06-21T04:38:21+02:00,[60],[0.084]
2026-06-21T04:38:20+02:00,[60],[0.135]
2026-06-21T04:38:19+02:00,[60],[0.123]
2026-06-21T04:38:18+02:00,[60],[0.105]
2026-06-21T04:38:17+02:00,[60],[0.021]
2026-06-21T04:38:16+02:00,[60],[0.099]
2026-06-21T04:38:15+02:00,[60],[0.099]
2026-06-21T04:38:14+02:00,[60],[0.094]
2026-06-21T04:38:13+02:00,[60],[0.108]
2026-06-21T04:38:12+02:00,[60],[0.061]
2026-06-21T04:38:11+02:00,[60],[0.105]
2026-06-21T04:38:10+02:00,[60],[0.137]
2026-06-21T04:38:09+02:00,[60],[0.138]
2026-06-21T04:38:08+02:00,[60],[0.111]
2026-06-21T04:38:07+02:00,[60],[0.082]
2026-06-21T04:38:06+02:00,[60],[0.073]
2026-06-21T04:38:05+02:00,[60],[0.399]
2026-06-21T04:38:04+02:00,[60],[0.676]
2026-06-21T04:38:03+02:00,[60],[1.177]
2026-06-21T04:38:02+02:00,[60],[1.223]
2026-06-21T04:38:01+02:00,[60],[1.249]
2026-06-21T04:38:00+02:00,[60],[1.263]
2026-06-21T04:37:59+02:00,[60],[1.312]
2026-06-21T04:37:58+02:00,[60],[1.276]
2026-06-21T04:37:57+02:00,[60],[1.24]
2026-06-21T04:37:56+02:00,[60],[1.208]
2026-06-21T04:37:55+02:00,[60],[1.623]
2026-06-21T04:37:54+02:00,[60],[1.287]
2026-06-21T04:37:53+02:00,[60],[1.053]
2026-06-21T04:37:52+02:00,[60],[1.353]
2026-06-21T04:37:51+02:00,[60],[1.192]
2026-06-21T04:37:50+02:00,[60],[1.391]
2026-06-21T04:37:49+02:00,[60],[1.443]
2026-06-21T04:37:48+02:00,[60],[1.373]
2026-06-21T04:37:47+02:00,[60],[1.312]
2026-06-21T04:37:46+02:00,[60],[1.368]
2026-06-21T04:37:45+02:00,[60],[1.289]
2026-06-21T04:37:44+02:00,[60],[1.053]
2026-06-21T04:37:43+02:00,[60],[1.184]
2026-06-21T04:37:42+02:00,[60],[1.349]
2026-06-21T04:37:41+02:00,[60],[1.482]
2026-06-21T04:37:40+02:00,[60],[1.354]
2026-06-21T04:37:39+02:00,[60],[1.184]
2026-06-21T04:37:38+02:00,[60],[1.237]
2026-06-21T04:37:37+02:00,[60],[1.135]
2026-06-21T04:37:36+02:00,[60],[1.27]
2026-06-21T04:37:35+02:00,[60],[1.182]
2026-06-21T04:37:34+02:00,[60],[1.057]
2026-06-21T04:37:33+02:00,[60],[1.131]
2026-06-21T04:37:32+02:00,[60],[1.23]
2026-06-21T04:37:31+02:00,[60],[1.251]
2026-06-21T04:37:30+02:00,[60],[1.072]
2026-06-21T04:37:29+02:00,[60],[1.244]
2026-06-21T04:37:28+02:00,[60],[1.217]
2026-06-21T04:37:27+02:00,[60],[1.274]
2026-06-21T04:37:26+02:00,[60],[1.253]
2026-06-21T04:37:25+02:00,[60],[1.303]
2026-06-21T04:37:24+02:00,[60],[1.22]
2026-06-21T04:37:23+02:00,[60],[1.274]
2026-06-21T04:37:22+02:00,[60],[1.327]
2026-06-21T04:37:21+02:00,[60],[1.278]
2026-06-21T04:37:20+02:00,[60],[1.31]
2026-06-21T04:37:19+02:00,[60],[1.251]
2026-06-21T04:37:18+02:00,[60],[1.262]
2026-06-21T04:37:17+02:00,[60],[1.307]
2026-06-21T04:37:16+02:00,[60],[1.315]
2026-06-21T04:37:15+02:00,[60],[1.349]
2026-06-21T04:37:14+02:00,[60],[1.37]
2026-06-21T04:37:13+02:00,[60],[1.297]
2026-01-20T22:11:28+01:00,[60],[0.345]
2026-01-20T22:11:27+01:00,[60],[0.371]
2026-01-20T22:11:26+01:00,[60],[0.218]
2026-01-20T22:11:25+01:00,[60],[0.347]
2026-01-20T22:11:24+01:00,[60],[0.57]
2026-01-20T22:11:23+01:00,[60],[0.664]
2026-01-20T22:11:22+01:00,[60],[0.651]
2026-01-20T22:11:21+01:00,[60],[0.333]
2026-01-20T22:11:20+01:00,[60],[0.083]
2026-01-20T22:11:19+01:00,[60],[0.309]
2026-01-20T22:11:18+01:00,[60],[0.524]
2026-01-20T22:11:17+01:00,[60],[0.123]
2026-01-20T22:11:16+01:00,[60],[0.076]
2026-01-20T22:11:15+01:00,[60],[0.627]
2026-01-20T22:11:14+01:00,[60],[0.592]
2026-01-20T22:11:13+01:00,[60],[0.887]
2026-01-20T22:11:12+01:00,[60],[0.665]
2026-01-20T22:11:11+01:00,[60],[0.735]
2026-01-20T22:11:10+01:00,[60],[0.796]
2026-01-20T22:11:09+01:00,[60],[0.685]
2026-01-20T22:11:08+01:00,[60],[0.792]
2026-01-20T22:11:07+01:00,[60],[0.993]
2026-01-20T22:11:06+01:00,[60],[1]
2026-01-20T22:11:05+01:00,[60],[0.91]
2026-01-20T22:11:04+01:00,[60],[0.617]
2026-01-20T22:11:03+01:00,[60],[0.632]
2026-01-20T22:11:02+01:00,[60],[0.99]
2026-01-20T22:11:01+01:00,[60],[1.083]
2026-01-20T22:11:00+01:00,[60],[1.052]
2026-01-20T22:10:59+01:00,[60],[1.012]
2026-01-20T22:10:58+01:00,[60],[1.042]
2026-01-20T22:10:57+01:00,[60],[1.067]
2026-01-20T22:10:56+01:00,[60],[1.263]
2026-01-20T22:10:55+01:00,[60],[1.188]
2026-01-20T22:10:54+01:00,[60],[0.965]
2026-01-20T22:10:53+01:00,[60],[1.052]
2026-01-20T22:10:52+01:00,[60],[1.283]
2026-01-20T22:10:51+01:00,[60],[1.047]
2026-01-20T22:10:50+01:00,[60],[1.129]
2026-01-20T22:10:49+01:00,[60],[1.13]
2026-01-20T22:10:48+01:00,[60],[1.165]
2026-01-20T22:10:47+01:00,[60],[1.128]
2026-01-20T22:10:46+01:00,[60],[0.889]
2026-01-20T22:10:45+01:00,[60],[0.971]
2026-01-20T22:10:44+01:00,[60],[1.03]
2026-01-20T22:10:43+01:00,[60],[1.132]
2026-01-20T22:10:42+01:00,[60],[1.105]
2026-01-20T22:10:41+01:00,[60],[1.188]
2026-01-20T22:10:40+01:00,[60],[1.172]
2026-01-20T22:10:39+01:00,[60],[1.312]
2026-01-20T22:10:38+01:00,[60],[1.195]
2026-01-20T22:10:37+01:00,[60],[1.071]
2026-01-20T22:10:35+01:00,[60],[0.991]
2026-01-20T22:10:34+01:00,[60],[0.928]
2026-01-20T22:10:33+01:00,[60],[1.052]
2026-01-20T22:10:32+01:00,[60],[1.101]
2026-01-20T22:10:31+01:00,[60],[1.04]
2026-01-20T22:10:30+01:00,[60],[0.935]
2026-01-20T22:10:29+01:00,[60],[1.002]
2026-01-20T22:10:28+01:00,[60],[1.056]
2026-01-20T22:10:27+01:00,[60],[1.117]
2026-01-20T22:10:26+01:00,[60],[1.06]
2026-01-20T22:10:25+01:00,[60],[0.94]
2026-01-20T22:10:24+01:00,[60],[0.789]
2026-01-20T22:10:23+01:00,[60],[0.963]
2026-01-20T22:10:22+01:00,[60],[0.912]
2026-01-20T22:10:21+01:00,[60],[1.006]
2026-01-20T22:10:20+01:00,[60],[0.9]
2026-01-20T22:10:19+01:00,[60],[0.604]
2026-01-20T22:10:18+01:00,[60],[0.932]
2026-01-20T22:10:17+01:00,[60],[1.026]
2026-01-20T22:10:16+01:00,[60],[1.002]
2026-01-20T22:10:15+01:00,[60],[1.168]
2026-01-20T22:10:14+01:00,[60],[1.049]
2026-01-20T22:10:13+01:00,[60],[0.865]
2026-01-20T22:10:12+01:00,[60],[0.741]
2026-01-20T22:10:11+01:00,[60],[1.057]
2026-01-20T22:10:10+01:00,[60],[1.35]
2026-01-20T22:10:09+01:00,[60],[1.597]
2026-01-20T22:10:08+01:00,[60],[0.989]
2026-01-20T22:10:07+01:00,[60],[1.06]
2026-01-20T22:10:06+01:00,[60],[1.105]
2026-01-20T22:10:05+01:00,[60],[1.303]
2026-01-20T22:10:04+01:00,[60],[1.294]
2026-01-20T22:10:03+01:00,[60],[1.41]
2026-01-20T22:10:02+01:00,[60],[1.302]
2026-01-20T22:10:01+01:00,[60],[1.235]
2026-01-20T22:10:00+01:00,[60],[1.332]
2026-01-20T22:09:59+01:00,[60],[1.454]
2026-01-20T22:09:58+01:00,[60],[1.222]
2026-01-20T22:09:57+01:00,[60],[1.265]
2026-01-20T22:09:56+01:00,[60],[1.372]
2026-01-20T22:09:55+01:00,[60],[1.212]
2026-01-20T22:09:54+01:00,[60],[1.284]
2026-01-20T22:09:53+01:00,[60],[1.372]
2026-01-20T22:09:52+01:00,[60],[1.33]
2026-01-20T22:09:51+01:00,[60],[1.288]
2026-01-20T22:09:50+01:00,[60],[1.273]
2026-01-20T22:09:49+01:00,[60],[1.257]
2026-01-20T22:09:48+01:00,[60],[1.274]
2026-01-20T22:09:47+01:00,[60],[1.228]
2026-01-20T22:09:46+01:00,[60],[1.089]
2026-01-20T22:09:45+01:00,[60],[1.343]
2026-01-20T22:09:44+01:00,[60],[1.168]
2026-01-20T22:09:43+01:00,[60],[1.172]
2026-01-20T22:09:42+01:00,[60],[1.165]
2026-01-20T22:09:41+01:00,[60],[1.112]
2026-01-20T22:09:40+01:00,[60],[1.278]
2026-01-20T22:09:39+01:00,[60],[0.995]
2026-01-20T22:09:38+01:00,[60],[1.288]
2026-01-20T22:09:37+01:00,[60],[1.329]
2026-01-20T22:09:36+01:00,[60],[1.169]
2026-01-20T22:09:35+01:00,[60],[1.25]
2026-01-20T22:09:34+01:00,[60],[1.231]
2026-01-20T22:09:33+01:00,[60],[1.311]
2026-01-20T22:09:32+01:00,[60],[1.267]
2026-01-20T22:09:31+01:00,[60],[1.196]
2026-01-20T22:09:30+01:00,[60],[1.077]
2026-01-20T22:09:29+01:00,[60],[1.047]
2026-01-20T22:09:28+01:00,[60],[1.171]
2026-01-20T22:09:27+01:00,[60],[1.369]
2026-01-20T22:09:26+01:00,[60],[1.188]
2026-01-20T22:09:25+01:00,[60],[0.944]
2026-01-20T22:09:24+01:00,[60],[1.154]
2026-01-20T22:09:23+01:00,[60],[1.174]
2026-01-20T22:09:22+01:00,[60],[1.215]
2026-01-20T22:09:21+01:00,[60],[1.251]
2026-01-20T22:09:20+01:00,[60],[1.142]
2026-01-20T22:09:19+01:00,[60],[1.238]
2026-01-20T22:09:18+01:00,[60],[1.238]
2026-01-20T22:09:17+01:00,[60],[1.18]
2026-01-20T22:09:16+01:00,[60],[1.317]
2026-01-20T22:09:15+01:00,[60],[1.156]
2026-01-20T22:09:14+01:00,[60],[1.239]
2026-01-20T22:09:13+01:00,[60],[1.397]
2026-01-20T22:09:12+01:00,[60],[1.316]
2026-01-20T22:09:11+01:00,[60],[1.326]
2026-01-20T22:09:10+01:00,[60],[1.32]
2026-01-20T22:09:09+01:00,[60],[1.056]
2026-01-20T22:09:08+01:00,[60],[1.069]
2026-01-20T22:09:07+01:00,[60],[1.128]
2026-01-20T22:09:06+01:00,[60],[0.937]
2026-01-20T22:09:05+01:00,[60],[0.916]
2026-01-20T22:09:04+01:00,[60],[1.096]
2026-01-20T22:09:03+01:00,[60],[1.045]
2026-01-20T22:09:02+01:00,[60],[1.143]
2026-01-20T22:09:01+01:00,[60],[1.282]
2026-01-20T22:09:00+01:00,[60],[1.133]
2026-01-20T22:08:59+01:00,[60],[1.198]
2026-01-20T22:08:58+01:00,[60],[1.161]
2026-01-20T22:08:57+01:00,[60],[1.149]
2026-01-20T22:08:56+01:00,[60],[1.168]
2026-01-20T22:08:55+01:00,[60],[1.18]
2026-01-20T22:08:54+01:00,[60],[1.162]
2026-01-20T22:08:53+01:00,[60],[1.169]
2026-01-20T22:08:52+01:00,[60],[1.192]
2026-01-20T22:08:51+01:00,[60],[1.282]
2026-01-20T22:08:50+01:00,[60],[1.315]
2026-01-20T22:08:49+01:00,[60],[1.216]
2026-01-20T22:08:48+01:00,[60],[1.192]
2026-01-20T22:08:47+01:00,[60],[1.103]
2026-01-20T22:08:46+01:00,[60],[1.061]
2026-01-20T22:08:45+01:00,[60],[1.235]
2026-01-20T22:08:44+01:00,[60],[0.996]
2026-01-20T22:08:43+01:00,[60],[0.975]
2026-01-20T22:08:42+01:00,[60],[1.308]
2026-01-20T22:08:41+01:00,[60],[1.287]
2026-01-20T22:08:40+01:00,[60],[0.862]
2026-01-20T22:08:39+01:00,[60],[1.203]
2026-01-20T22:08:38+01:00,[60],[1.407]
2026-01-20T22:08:37+01:00,[60],[1.057]
2026-01-20T22:08:36+01:00,[60],[1.194]
2026-01-20T22:08:35+01:00,[60],[1.218]
2026-01-20T22:08:34+01:00,[60],[1]
2026-01-20T22:08:33+01:00,[60],[0.978]
2026-01-20T22:08:32+01:00,[60],[0.93]
2026-01-20T22:08:31+01:00,[60],[0.901]
2026-01-20T22:08:30+01:00,[60],[0.953]
2026-01-20T22:08:29+01:00,[60],[1.161]
2026-01-20T22:08:28+01:00,[60],[1.02]
2026-01-20T22:08:27+01:00,[60],[0.814]
2026-01-20T22:08:26+01:00,[60],[0.743]
2026-01-20T22:08:25+01:00,[60],[0.831]
2026-01-20T22:08:24+01:00,[60],[0.75]
2026-01-20T22:08:23+01:00,[60],[0.606]
2026-01-20T22:08:22+01:00,[60],[0.665]
2026-01-20T22:08:21+01:00,[60],[0.508]
2026-01-20T22:08:20+01:00,[60],[0.921]
2026-01-20T22:08:19+01:00,[60],[1.055]
2026-01-20T22:08:18+01:00,[60],[1.129]
2026-01-20T22:08:17+01:00,[60],[1.17]
2026-01-20T22:08:16+01:00,[60],[1.031]
2026-01-20T22:08:15+01:00,[60],[0.943]
2026-01-20T22:08:14+01:00,[60],[0.923]
2026-01-20T22:08:13+01:00,[60],[1.072]
2026-01-20T22:08:12+01:00,[60],[1.096]
2026-01-20T22:08:11+01:00,[60],[1.008]
2026-01-20T22:08:10+01:00,[60],[1.065]
2026-01-20T22:08:09+01:00,[60],[1.002]
2026-01-20T22:08:08+01:00,[60],[1.088]
2026-01-20T22:08:07+01:00,[60],[1.199]
2026-01-20T22:08:06+01:00,[60],[1.229]
2026-01-20T22:08:05+01:00,[60],[1.188]
2026-01-20T22:08:04+01:00,[60],[0.936]
2026-01-20T22:08:03+01:00,[60],[0.93]
2026-01-20T22:08:02+01:00,[60],[0.832]
2026-01-20T22:08:01+01:00,[60],[0.958]
2026-01-20T22:08:00+01:00,[60],[1.098]
2026-01-20T22:07:59+01:00,[60],[1.204]
2026-01-20T22:07:58+01:00,[60],[1.25]
2026-01-20T22:07:57+01:00,[60],[1.172]
2026-01-20T22:07:56+01:00,[60],[1.281]
2026-01-20T22:07:55+01:00,[60],[1.271]
2026-01-20T22:07:54+01:00,[60],[1.221]
2026-01-20T22:07:53+01:00,[60],[1.164]
2026-01-20T22:07:52+01:00,[60],[1.275]
2026-01-20T22:07:51+01:00,[60],[1.233]
2026-01-20T22:07:50+01:00,[60],[1.189]
2026-01-20T22:07:49+01:00,[60],[1.214]
2026-01-20T22:07:48+01:00,[60],[1.07]
2026-01-20T22:07:47+01:00,[60],[0.894]
2026-01-20T22:07:46+01:00,[60],[0.914]
2026-01-20T22:07:45+01:00,[60],[1.366]
2026-01-20T22:07:44+01:00,[60],[1.237]
2026-01-20T22:07:43+01:00,[60],[0.995]
2026-01-20T22:07:42+01:00,[60],[1.177]
2026-01-20T22:07:41+01:00,[60],[1.051]
2026-01-20T22:07:40+01:00,[60],[1.012]
2026-01-20T22:07:39+01:00,[60],[1.199]
2026-01-20T22:07:38+01:00,[60],[1.308]
2026-01-20T22:07:37+01:00,[60],[1.134]
2026-01-20T22:07:36+01:00,[60],[1.128]
2026-01-20T22:07:35+01:00,[60],[1.068]
2026-01-20T22:07:34+01:00,[60],[1.305]
2026-01-20T22:07:33+01:00,[60],[1.286]
2026-01-20T22:07:32+01:00,[60],[1.293]
2026-01-20T22:07:31+01:00,[60],[1.204]
2026-01-20T22:07:30+01:00,[60],[1.357]
2026-01-20T22:07:29+01:00,[60],[1.38]
2026-01-20T22:07:28+01:00,[60],[1.38]
2026-01-20T22:07:27+01:00,[60],[1.443]
2026-01-20T22:07:26+01:00,[60],[1.452]
2026-01-20T22:07:25+01:00,[60],[1.457]
2026-01-20T22:07:24+01:00,[60],[1.46]
2026-01-20T22:07:23+01:00,[60],[1.46]
2026-01-20T22:07:22+01:00,[60],[1.407]
2026-01-20T22:07:21+01:00,[60],[1.407]
2026-01-20T22:07:20+01:00,[60],[1.407]
2026-01-20T22:07:19+01:00,[60],[1.426]
2026-01-20T22:07:18+01:00,[60],[1.385]
2026-01-20T22:07:17+01:00,[60],[1.401]
2026-01-20T22:07:16+01:00,[60],[1.399]
2026-01-20T22:07:15+01:00,[60],[1.388]
2026-01-20T22:07:14+01:00,[60],[1.399]
2026-01-20T22:07:13+01:00,[60],[1.346]
2026-01-20T22:07:12+01:00,[60],[1.238]
2026-01-20T22:07:11+01:00,[60],[1.279]
2026-01-20T22:07:10+01:00,[60],[1.279]
2026-01-20T22:07:09+01:00,[60],[1.279]
2026-01-20T22:07:08+01:00,[60],[1.317]
2026-01-20T22:07:07+01:00,[60],[1.278]
2026-01-20T22:07:06+01:00,[60],[1.238]
2026-01-20T22:07:05+01:00,[60],[1.238]
2026-01-20T22:07:03+01:00,[60],[1.116]
2026-01-20T22:07:02+01:00,[60],[0.928]
2026-01-20T22:07:01+01:00,[60],[0.641]
2026-01-20T22:07:00+01:00,[60],[0.284]
2026-01-20T22:06:59+01:00,[60],[0.284]
2026-01-20T22:06:57+01:00,[60],[-1]
2026-01-20T22:06:54+01:00,[60],[-1]
2026-01-20T21:55:51+01:00,[60],[-1]
2025-11-18T01:41:38+01:00,[60],[0]
2025-11-18T01:41:37+01:00,[60],[0]
2025-11-18T01:41:36+01:00,[60],[0]
2025-11-18T01:41:35+01:00,[60],[0]
2025-11-18T01:41:34+01:00,[60],[0]
2025-11-18T01:41:33+01:00,[60],[0]
2025-11-18T01:41:32+01:00,[60],[0]
2025-11-18T01:41:31+01:00,[60],[0]
2025-11-18T01:41:30+01:00,[60],[0]
2025-11-18T01:41:29+01:00,[60],[0]
2025-11-18T01:41:28+01:00,[60],[0]
2025-11-18T01:41:27+01:00,[60],[0]
2025-11-18T01:41:26+01:00,[60],[0]
2025-11-18T01:41:25+01:00,[60],[0]
2025-11-18T01:41:24+01:00,[60],[0]
2025-11-18T01:41:23+01:00,[60],[0]
2025-11-18T01:41:22+01:00,[60],[0]
2025-11-18T01:41:21+01:00,[60],[0]
2025-11-18T01:41:20+01:00,[60],[0]
2025-11-18T01:41:19+01:00,[60],[0.481]
2025-11-18T01:41:18+01:00,[60],[0.223]
2025-11-18T01:41:17+01:00,[60],[0.219]
2025-11-18T01:41:16+01:00,[60],[0.075]
2025-11-18T01:41:15+01:00,[60],[0.073]
2025-11-18T01:41:14+01:00,[60],[0.059]
2025-11-18T01:41:13+01:00,[60],[0.223]
2025-11-18T01:41:12+01:00,[60],[0.129]
2025-11-18T01:41:11+01:00,[60],[0.076]
2025-11-18T01:41:10+01:00,[60],[0]
2025-11-18T01:41:09+01:00,[60],[0.04]
2025-11-18T01:41:08+01:00,[60],[0]
2025-11-18T01:41:07+01:00,[60],[0]
2025-11-18T01:41:06+01:00,[60],[0]
2025-11-18T01:41:05+01:00,[60],[0]
2025-11-18T01:41:04+01:00,[60],[0.272]
2025-11-18T01:41:03+01:00,[60],[0.015]
2025-11-18T01:41:02+01:00,[60],[0.049]
2025-11-18T01:41:01+01:00,[60],[0.351]
2025-11-18T01:41:00+01:00,[60],[0.039]
2025-11-18T01:40:59+01:00,[60],[0]
2025-11-18T01:40:58+01:00,[60],[0.229]
2025-11-18T01:40:57+01:00,[60],[0.095]
2025-11-18T01:40:56+01:00,[60],[0.264]
2025-11-18T01:40:55+01:00,[60],[0.071]
2025-11-18T01:40:54+01:00,[60],[0.215]
2025-11-18T01:40:53+01:00,[60],[0.051]
2025-11-18T01:40:52+01:00,[60],[0.037]
2025-11-18T01:40:50+01:00,[60],[0.154]
2025-11-18T01:40:49+01:00,[60],[0.261]
2025-11-18T01:40:48+01:00,[60],[0.274]
2025-11-18T01:40:47+01:00,[60],[0.435]
2025-11-18T01:40:46+01:00,[60],[0.332]
2025-11-18T01:40:45+01:00,[60],[0.324]
2025-11-18T01:40:44+01:00,[60],[0.459]
2025-11-18T01:40:43+01:00,[60],[0.153]
2025-11-18T01:40:42+01:00,[60],[0.043]
2025-11-18T01:40:41+01:00,[60],[0.097]
2025-11-18T01:40:40+01:00,[60],[0.118]
2025-11-18T01:40:39+01:00,[60],[0.125]
2025-11-18T01:40:38+01:00,[60],[0]
2025-11-18T01:40:37+01:00,[60],[0.238]
2025-11-18T01:40:36+01:00,[60],[0.359]
2025-11-18T01:40:35+01:00,[60],[0.337]
2025-11-18T01:40:34+01:00,[60],[0.185]
2025-11-18T01:40:33+01:00,[60],[0.266]
2025-11-18T01:40:32+01:00,[60],[0.066]
2025-11-18T01:40:31+01:00,[60],[0.042]
2025-11-18T01:40:30+01:00,[60],[0.076]
2025-11-18T01:40:29+01:00,[60],[0]
2025-11-18T01:40:28+01:00,[60],[0]
2025-11-18T01:40:27+01:00,[60],[0]
2025-11-18T01:40:26+01:00,[60],[0]
2025-11-18T01:40:25+01:00,[60],[0]
2025-11-18T01:40:24+01:00,[60],[0]
2025-11-18T01:40:23+01:00,[60],[0.101]
2025-11-18T01:40:22+01:00,[60],[0.31]
2025-11-18T01:40:21+01:00,[60],[0.162]
2025-11-18T01:40:20+01:00,[60],[0.207]
2025-11-18T01:40:19+01:00,[60],[0.205]
2025-11-18T01:40:18+01:00,[60],[0.129]
2025-11-18T01:40:17+01:00,[60],[0.421]
2025-11-18T01:40:16+01:00,[60],[0.327]
2025-11-18T01:40:15+01:00,[60],[0.887]
2025-11-18T01:40:14+01:00,[60],[0.942]
2025-11-18T01:40:13+01:00,[60],[0.553]
2025-11-18T01:40:12+01:00,[60],[0.385]
2025-11-18T01:40:11+01:00,[60],[0.282]
2025-11-18T01:40:10+01:00,[60],[0.696]
2025-11-18T01:40:09+01:00,[60],[1.038]
2025-11-18T01:40:08+01:00,[60],[1.124]
2025-11-18T01:40:07+01:00,[60],[0.662]
2025-11-18T01:40:06+01:00,[60],[0.29]
2025-11-18T01:40:05+01:00,[60],[0.483]
2025-11-18T01:40:04+01:00,[60],[0.619]
2025-11-18T01:40:03+01:00,[60],[0.84]
2025-11-18T01:40:02+01:00,[60],[0.819]
2025-11-18T01:40:01+01:00,[60],[0.935]
2025-11-18T01:40:00+01:00,[60],[0.162]
2025-11-18T01:39:59+01:00,[60],[0.166]
2025-11-18T01:39:58+01:00,[60],[0.12]
2025-11-18T01:39:57+01:00,[60],[0.058]
2025-11-18T01:39:56+01:00,[60],[0]
2025-11-18T01:39:55+01:00,[60],[0.692]
2025-11-18T01:39:54+01:00,[60],[0.19]
2025-11-18T01:39:49+01:00,[60],[0]
2025-11-18T01:39:48+01:00,[60],[0]
2025-11-18T01:39:47+01:00,[60],[0]
2025-11-18T01:39:46+01:00,[60],[0]
2025-11-18T01:39:45+01:00,[60],[0]
2025-11-18T01:39:43+01:00,[60],[0]
2025-11-18T01:39:42+01:00,[60],[0]
2025-11-18T01:39:41+01:00,[60],[0]
2025-11-18T01:39:40+01:00,[60],[0]
2025-11-18T01:39:39+01:00,[60],[0]
2025-11-18T01:39:37+01:00,[60],[0]
2025-11-18T01:39:36+01:00,[60],[0]
2025-11-18T01:39:35+01:00,[60],[0]
2025-11-18T01:39:34+01:00,[60],[0]
2025-11-18T01:39:33+01:00,[60],[0]
2025-11-18T01:39:32+01:00,[60],[0]
2025-11-18T01:39:31+01:00,[60],[0]
2025-11-18T01:39:30+01:00,[60],[0]
2025-11-18T01:39:29+01:00,[60],[0]
2025-11-18T01:39:28+01:00,[60],[0]
2025-11-18T01:39:27+01:00,[60],[0]
2025-11-18T01:39:26+01:00,[60],[0]
2025-11-18T01:39:25+01:00,[60],[0]
2025-11-18T01:39:24+01:00,[60],[0]
2025-11-18T01:39:23+01:00,[60],[0]
2025-11-18T01:39:22+01:00,[60],[0]
2025-11-18T01:39:21+01:00,[60],[0]
2025-11-18T01:39:20+01:00,[60],[0]
2025-11-18T01:39:19+01:00,[60],[0]
2025-11-18T01:39:18+01:00,[60],[0]
2025-11-18T01:39:17+01:00,[60],[0]
2025-11-18T01:39:16+01:00,[60],[0]
2025-11-18T01:39:15+01:00,[60],[0]
2025-11-18T01:39:14+01:00,[60],[0]
2025-11-18T01:39:13+01:00,[60],[0.412]
2025-11-18T01:39:12+01:00,[60],[0.823]
2025-11-18T01:39:11+01:00,[60],[0.823]
2025-11-18T01:39:10+01:00,[60],[0.823]
2025-11-18T01:39:09+01:00,[60],[0.823]
2025-11-18T01:39:08+01:00,[60],[0]
2025-11-18T01:39:07+01:00,[60],[0]
2025-11-18T01:39:06+01:00,[60],[0]
2025-11-18T01:39:05+01:00,[60],[0]
2025-11-18T01:39:04+01:00,[60],[0]
2025-11-18T01:39:03+01:00,[60],[0]
2025-11-18T01:39:02+01:00,[60],[0]
2025-11-18T01:39:01+01:00,[60],[0]
2025-11-18T01:39:00+01:00,[60],[0.412]
2025-11-18T01:38:59+01:00,[60],[0.823]
2025-11-18T01:38:58+01:00,[60],[0]
2025-11-18T01:38:57+01:00,[60],[0]
2025-11-18T01:38:56+01:00,[60],[0.412]
2025-11-18T01:38:55+01:00,[60],[0.412]
2025-11-18T01:38:54+01:00,[60],[0]
2025-11-18T01:38:53+01:00,[60],[0.412]
2025-11-18T01:38:52+01:00,[60],[0]
2025-11-18T01:38:51+01:00,[60],[0]
2025-11-18T01:38:50+01:00,[60],[0]
2025-11-18T01:38:49+01:00,[60],[0]
2025-11-18T01:38:48+01:00,[60],[0]
2025-11-18T01:38:47+01:00,[60],[0]
2025-11-18T01:38:46+01:00,[60],[0]
2025-11-18T01:38:45+01:00,[60],[0]
2025-11-18T01:38:44+01:00,[60],[1.235]
2025-11-18T01:38:43+01:00,[60],[0.823]
2025-11-18T01:38:42+01:00,[60],[1.235]
2025-11-18T01:38:41+01:00,[60],[0.412]
2025-11-18T01:38:40+01:00,[60],[0.823]
2025-11-18T01:38:39+01:00,[60],[0.823]
2025-11-18T01:38:38+01:00,[60],[0.823]
2025-11-18T01:38:37+01:00,[60],[0.823]
2025-11-18T01:38:36+01:00,[60],[0.823]
2025-11-18T01:38:35+01:00,[60],[1.235]
2025-11-18T01:38:34+01:00,[60],[0.823]
2025-11-18T01:38:33+01:00,[60],[0.823]
2025-11-18T01:38:32+01:00,[60],[2.109]
2025-11-18T01:38:31+01:00,[60],[2.932]
2025-11-18T01:38:30+01:00,[60],[2.932]
2025-11-18T01:38:29+01:00,[60],[3.344]
2025-11-18T01:38:28+01:00,[60],[3.344]
2025-11-18T01:38:27+01:00,[60],[2.521]
2025-11-18T01:38:26+01:00,[60],[3.755]
2025-11-18T01:38:25+01:00,[60],[4.167]
2025-11-18T01:38:24+01:00,[60],[5.453]
2025-11-18T01:38:23+01:00,[60],[7.099]
2025-11-18T01:38:22+01:00,[60],[7.511]
2025-11-18T01:38:21+01:00,[60],[8.385]
2025-11-18T01:38:20+01:00,[60],[8.385]
2025-11-18T01:38:19+01:00,[60],[7.974]
2025-11-18T01:38:18+01:00,[60],[7.562]
2025-11-18T01:38:17+01:00,[60],[6.276]
2025-11-18T01:38:16+01:00,[60],[5.042]
2025-11-18T01:38:15+01:00,[60],[4.579]
2025-11-18T01:38:14+01:00,[60],[4.167]
2025-11-18T01:38:13+01:00,[60],[5.042]
2025-11-18T01:38:12+01:00,[60],[5.042]
2025-11-18T01:38:11+01:00,[60],[3.755]
2025-11-18T01:38:10+01:00,[60],[1.646]
2025-11-18T01:38:09+01:00,[60],[0.823]
2025-11-18T01:38:08+01:00,[60],[0]
2025-11-18T01:38:07+01:00,[60],[0]
2025-11-18T01:38:06+01:00,[60],[0]
2025-11-18T01:38:05+01:00,[60],[0]
2025-11-18T01:38:04+01:00,[60],[0]
2025-11-18T01:38:03+01:00,[60],[0]
2025-11-18T01:38:02+01:00,[60],[0]
2025-11-18T01:38:01+01:00,[60],[0]
2025-11-18T01:38:00+01:00,[60],[0]
2025-11-18T01:37:59+01:00,[60],[0]
2025-11-18T01:37:58+01:00,[60],[0]
2025-11-18T01:37:57+01:00,[60],[0]
2025-11-18T01:37:56+01:00,[60],[0]
2025-11-18T01:37:55+01:00,[60],[0]
2025-11-18T01:37:54+01:00,[60],[0]
2025-11-18T01:37:53+01:00,[60],[0]
2025-11-18T01:37:52+01:00,[60],[0]
2025-11-18T01:37:51+01:00,[60],[0]
2025-11-18T01:37:50+01:00,[60],[0]
2025-11-18T01:37:49+01:00,[60],[0]
2025-11-18T01:37:48+01:00,[60],[0]
2025-11-18T01:37:47+01:00,[60],[0]
2025-11-18T01:37:46+01:00,[60],[0]
2025-11-18T01:37:45+01:00,[60],[0]
2025-11-18T01:37:44+01:00,[60],[0]
2025-11-18T01:37:43+01:00,[60],[1.235]
2025-11-18T01:37:42+01:00,[60],[2.932]
2025-11-18T01:37:40+01:00,[60],[5.865]
2025-11-18T01:37:39+01:00,[60],[7.099]
2025-11-18T01:37:38+01:00,[60],[8.385]
2025-11-18T01:37:37+01:00,[60],[9.209]
2025-11-18T01:37:36+01:00,[60],[10.495]
2025-11-18T01:37:35+01:00,[60],[11.318]
2025-11-18T01:37:34+01:00,[60],[11.318]
2025-11-18T01:37:33+01:00,[60],[12.141]
2025-11-18T01:37:32+01:00,[60],[12.552]
2025-11-18T01:37:31+01:00,[60],[12.964]
2025-11-18T01:37:30+01:00,[60],[14.25]
2025-11-18T01:37:29+01:00,[60],[13.839]
2025-11-18T01:37:28+01:00,[60],[13.376]
2025-11-18T01:37:27+01:00,[60],[12.964]
2025-11-18T01:37:26+01:00,[60],[12.141]
2025-11-18T01:37:25+01:00,[60],[10.906]
2025-11-18T01:37:24+01:00,[60],[8.797]
2025-11-18T01:37:23+01:00,[60],[7.562]
2025-11-18T01:37:22+01:00,[60],[5.453]
2025-11-18T01:37:21+01:00,[60],[4.167]
2025-11-18T01:37:20+01:00,[60],[2.932]
2025-11-18T01:37:19+01:00,[60],[0.823]
2025-11-18T01:37:18+01:00,[60],[0]
2025-11-18T01:37:17+01:00,[60],[0]
2025-11-18T01:37:16+01:00,[60],[0]
2025-11-18T01:37:15+01:00,[60],[0]
2025-11-18T01:37:14+01:00,[60],[0]
2025-11-18T01:37:13+01:00,[60],[0.412]
2025-11-18T01:37:12+01:00,[60],[0]
2025-11-18T01:37:11+01:00,[60],[0]
2025-11-18T01:37:10+01:00,[60],[0]
2025-11-18T01:37:09+01:00,[60],[0]
2025-11-18T01:37:08+01:00,[60],[0]
2025-11-18T01:37:07+01:00,[60],[0]
2025-11-18T01:37:06+01:00,[60],[0]
2025-11-18T01:37:05+01:00,[60],[0]
2025-11-18T01:37:04+01:00,[60],[0]
2025-11-18T01:37:03+01:00,[60],[0]
2025-11-18T01:37:02+01:00,[60],[0.412]
2025-11-18T01:37:01+01:00,[60],[0]
2025-11-18T01:37:00+01:00,[60],[0]
2025-11-18T01:36:59+01:00,[60],[0]
2025-11-18T01:36:58+01:00,[60],[0]
2025-11-18T01:36:57+01:00,[60],[0]
2025-11-18T01:36:56+01:00,[60],[0]
2025-11-18T01:36:55+01:00,[60],[0]
2025-11-18T01:36:54+01:00,[60],[0]
2025-11-18T01:36:53+01:00,[60],[0]
2025-11-18T01:36:52+01:00,[60],[0]
2025-11-18T01:36:51+01:00,[60],[0]
2025-11-18T01:36:50+01:00,[60],[0]
2025-11-18T01:36:49+01:00,[60],[0]
2025-11-18T01:36:48+01:00,[60],[0]
2025-11-18T01:36:47+01:00,[60],[0]
2025-11-18T01:36:46+01:00,[60],[0]
2025-11-18T01:36:45+01:00,[60],[0.412]
2025-11-18T01:36:44+01:00,[60],[0.823]
2025-11-18T01:36:43+01:00,[60],[1.235]
2025-11-18T01:36:42+01:00,[60],[2.932]
2025-11-18T01:36:41+01:00,[60],[4.167]
2025-11-18T01:36:40+01:00,[60],[6.276]
2025-11-18T01:36:39+01:00,[60],[7.974]
2025-11-18T01:36:38+01:00,[60],[9.209]
2025-11-18T01:36:37+01:00,[60],[9.62]
2025-11-18T01:36:36+01:00,[60],[9.62]
2025-11-18T01:36:35+01:00,[60],[10.855]
2025-11-18T01:36:34+01:00,[60],[11.318]
2025-11-18T01:36:33+01:00,[60],[12.141]
2025-11-18T01:36:32+01:00,[60],[12.964]
2025-11-18T01:36:31+01:00,[60],[14.199]
2025-11-18T01:36:30+01:00,[60],[15.073]
2025-11-18T01:36:29+01:00,[60],[15.485]
2025-11-18T01:36:28+01:00,[60],[15.485]
2025-11-18T01:36:27+01:00,[60],[15.433]
2025-11-18T01:36:26+01:00,[60],[15.433]
2025-11-18T01:36:25+01:00,[60],[15.433]
2025-11-18T01:36:24+01:00,[60],[14.559]
2025-11-18T01:36:23+01:00,[60],[14.559]
2025-11-18T01:36:22+01:00,[60],[14.147]
2025-11-18T01:36:21+01:00,[60],[14.147]
2025-11-18T01:36:20+01:00,[60],[14.147]
2025-11-18T01:36:19+01:00,[60],[13.324]
2025-11-18T01:36:18+01:00,[60],[12.861]
2025-11-18T01:36:17+01:00,[60],[11.626]
2025-11-18T01:36:16+01:00,[60],[11.215]
2025-11-18T01:36:15+01:00,[60],[9.98]
2025-11-18T01:36:14+01:00,[60],[8.746]
2025-11-18T01:36:13+01:00,[60],[8.694]
2025-11-18T01:36:12+01:00,[60],[8.694]
2025-11-18T01:36:11+01:00,[60],[8.694]
2025-11-18T01:36:10+01:00,[60],[8.694]
2025-11-18T01:36:09+01:00,[60],[8.334]
2025-11-18T01:36:08+01:00,[60],[6.636]
2025-11-18T01:36:07+01:00,[60],[5.813]
2025-11-18T01:36:06+01:00,[60],[3.755]
2025-11-18T01:36:05+01:00,[60],[2.469]
2025-11-18T01:36:04+01:00,[60],[2.058]
2025-11-18T01:36:03+01:00,[60],[2.881]
2025-11-18T01:36:02+01:00,[60],[2.469]
2025-11-18T01:36:01+01:00,[60],[3.344]
2025-11-18T01:36:00+01:00,[60],[3.344]
2025-11-18T01:35:59+01:00,[60],[2.932]
2025-11-18T01:35:58+01:00,[60],[2.058]
2025-11-18T01:35:57+01:00,[60],[1.235]
2025-11-18T01:35:56+01:00,[60],[0.823]
2025-11-18T01:35:55+01:00,[60],[1.235]
2025-11-18T01:35:54+01:00,[60],[1.646]
2025-11-18T01:35:53+01:00,[60],[2.058]
2025-11-18T01:35:52+01:00,[60],[2.469]
2025-11-18T01:35:51+01:00,[60],[2.932]
2025-11-18T01:35:50+01:00,[60],[4.167]
2025-11-18T01:35:49+01:00,[60],[4.167]
2025-11-18T01:35:48+01:00,[60],[4.579]
2025-11-18T01:35:47+01:00,[60],[4.579]
2025-11-18T01:35:45+01:00,[60],[4.99]
2025-11-18T01:35:44+01:00,[60],[4.99]
2025-11-18T01:35:43+01:00,[60],[5.402]
2025-11-18T01:35:42+01:00,[60],[5.402]
2025-11-18T01:35:41+01:00,[60],[4.579]
2025-11-18T01:35:40+01:00,[60],[4.99]
2025-11-18T01:35:39+01:00,[60],[4.579]
2025-11-18T01:35:38+01:00,[60],[3.344]
2025-11-18T01:35:37+01:00,[60],[2.469]
2025-11-18T01:35:36+01:00,[60],[1.646]
2025-11-18T01:35:35+01:00,[60],[0.412]
2025-11-18T01:35:34+01:00,[60],[0]
2025-11-18T01:35:33+01:00,[60],[0]
2025-11-18T01:35:32+01:00,[60],[0]
2025-11-18T01:35:31+01:00,[60],[0.412]
2025-11-18T01:35:30+01:00,[60],[0]
2025-11-18T01:35:29+01:00,[60],[0.823]
2025-11-18T01:35:28+01:00,[60],[0.823]
2025-11-18T01:35:27+01:00,[60],[0.412]
2025-11-18T01:35:26+01:00,[60],[0]
2025-11-18T01:35:25+01:00,[60],[0]
2025-11-18T01:35:24+01:00,[60],[0]
2025-11-18T01:35:23+01:00,[60],[0]
2025-11-18T01:35:22+01:00,[60],[0]
2025-11-18T01:35:21+01:00,[60],[0.823]
2025-11-18T01:35:20+01:00,[60],[0.412]
2025-11-18T01:35:19+01:00,[60],[0]
2025-11-18T01:35:18+01:00,[60],[0.823]
2025-11-18T01:35:17+01:00,[60],[0.823]
2025-11-18T01:35:16+01:00,[60],[0.412]
2025-11-18T01:35:15+01:00,[60],[0]
2025-11-18T01:35:14+01:00,[60],[0]
2025-11-18T01:35:13+01:00,[60],[0]
2025-11-18T01:35:12+01:00,[60],[0]
2025-11-18T01:35:11+01:00,[60],[0]
2025-11-18T01:35:09+01:00,[60],[0]
2025-11-18T01:35:08+01:00,[60],[0]
2025-11-18T01:35:07+01:00,[60],[0]
2025-11-18T01:35:06+01:00,[60],[0]
2025-11-18T01:35:05+01:00,[60],[0]
2025-11-18T01:35:04+01:00,[60],[0]
2025-11-18T01:35:03+01:00,[60],[0]
2025-11-18T01:35:02+01:00,[60],[0]
2025-11-18T01:35:01+01:00,[60],[0]
2025-11-18T01:35:00+01:00,[60],[0]
2025-11-18T01:34:59+01:00,[60],[0]
2025-11-18T01:34:58+01:00,[60],[0]
2025-11-18T01:34:57+01:00,[60],[0]
2025-11-18T01:34:56+01:00,[60],[0]
2025-11-18T01:34:55+01:00,[60],[0]
2025-11-18T01:34:54+01:00,[60],[0]
2025-11-18T01:34:53+01:00,[60],[0.061]
2025-11-18T01:34:52+01:00,[60],[0]
2025-11-18T01:34:51+01:00,[60],[0]
2025-11-18T01:34:50+01:00,[60],[0]
2025-11-18T01:34:49+01:00,[60],[0]
2025-11-18T01:34:48+01:00,[60],[0]
2025-11-18T01:34:47+01:00,[60],[0]
2025-11-18T01:34:46+01:00,[60],[0.039]
2025-11-18T01:34:45+01:00,[60],[0.069]
2025-11-18T01:34:44+01:00,[60],[0.049]
2025-11-18T01:34:43+01:00,[60],[0.036]
2025-11-18T01:34:42+01:00,[60],[0.074]
2025-11-18T01:34:41+01:00,[60],[0.043]
2025-11-18T01:34:40+01:00,[60],[0.1]
2025-11-18T01:34:39+01:00,[60],[0.056]
2025-11-18T01:34:38+01:00,[60],[0.046]
2025-11-18T01:34:37+01:00,[60],[0.072]
2025-11-18T01:34:36+01:00,[60],[0.325]
2025-11-18T01:34:35+01:00,[60],[0.029]
2025-11-18T01:34:33+01:00,[60],[0.113]
2025-11-18T01:34:32+01:00,[60],[0.076]
2025-11-18T01:34:31+01:00,[60],[0.085]
2025-11-18T01:34:30+01:00,[60],[0.147]
2025-11-18T01:34:29+01:00,[60],[0.155]
2025-11-18T01:34:28+01:00,[60],[0.022]
2025-11-18T01:34:27+01:00,[60],[0.054]
2025-11-18T01:34:26+01:00,[60],[0.516]
2025-11-18T01:34:25+01:00,[60],[0.079]
2025-11-18T01:34:24+01:00,[60],[0.216]
2025-11-18T01:34:23+01:00,[60],[0.499]
2025-11-18T01:34:22+01:00,[60],[0.763]
2025-11-18T01:34:21+01:00,[60],[0.378]
2025-11-18T01:34:20+01:00,[60],[1.337]
2025-11-18T01:34:19+01:00,[60],[1.422]
2025-11-18T01:34:18+01:00,[60],[1.726]
2025-11-18T01:34:17+01:00,[60],[1.252]
2025-11-18T01:34:16+01:00,[60],[0.869]
2025-11-18T01:34:15+01:00,[60],[0.912]
2025-11-18T01:34:14+01:00,[60],[1.339]
2025-11-18T01:34:13+01:00,[60],[1.104]
2025-11-18T01:34:12+01:00,[60],[1.206]
2025-11-18T01:34:11+01:00,[60],[1.022]
2025-11-18T01:34:10+01:00,[60],[0.966]
2025-11-18T01:34:09+01:00,[60],[1.356]
2025-11-18T01:34:08+01:00,[60],[1.197]
2025-11-18T01:34:07+01:00,[60],[1.082]
2025-11-18T01:34:06+01:00,[60],[1.184]
2025-11-18T01:34:05+01:00,[60],[1.336]
2025-11-18T01:34:04+01:00,[60],[1.331]
2025-11-18T01:34:03+01:00,[60],[1.382]
2025-11-18T01:34:02+01:00,[60],[1.353]
2025-11-18T01:34:01+01:00,[60],[1.235]
2025-11-18T01:34:00+01:00,[60],[1.332]
2025-11-18T01:33:59+01:00,[60],[1.405]
2025-11-18T01:33:58+01:00,[60],[1.215]
2025-11-18T01:33:57+01:00,[60],[1.181]
2025-11-18T01:33:56+01:00,[60],[0.862]
2025-11-18T01:33:55+01:00,[60],[0.797]
2025-11-18T01:33:54+01:00,[60],[0.766]
2025-11-18T01:33:53+01:00,[60],[1.243]
2025-11-18T01:33:52+01:00,[60],[1.314]
2025-11-18T01:33:51+01:00,[60],[0.977]
2025-11-18T01:33:50+01:00,[60],[1.114]
2025-11-18T01:33:49+01:00,[60],[1.188]
2025-11-18T01:33:48+01:00,[60],[1.13]
2025-11-18T01:33:47+01:00,[60],[1.275]
2025-11-18T01:33:46+01:00,[60],[1.357]
2025-11-18T01:33:45+01:00,[60],[1.546]
2025-11-18T01:33:44+01:00,[60],[1.092]
2025-11-18T01:33:43+01:00,[60],[0.91]
2025-11-18T01:33:42+01:00,[60],[1.059]
2025-11-18T01:33:41+01:00,[60],[0.994]
2025-11-18T01:33:40+01:00,[60],[0.647]
2025-11-18T01:33:39+01:00,[60],[0.63]
2025-11-18T01:33:38+01:00,[60],[0.895]
2025-11-18T01:33:37+01:00,[60],[0.377]
2025-11-18T01:33:36+01:00,[60],[0.494]
2025-11-18T01:33:35+01:00,[60],[0.438]
2025-11-18T01:33:34+01:00,[60],[0.405]
2025-11-18T01:33:33+01:00,[60],[0.391]
2025-11-18T01:33:32+01:00,[60],[0.364]
2025-11-18T01:33:31+01:00,[60],[0.492]
2025-11-18T01:33:30+01:00,[60],[0.692]
2025-11-18T01:33:29+01:00,[60],[0.129]
2025-11-18T01:33:28+01:00,[60],[0.134]
2025-11-18T01:33:27+01:00,[60],[0.288]
2025-11-18T01:33:26+01:00,[60],[0]
2025-11-18T01:33:25+01:00,[60],[0.184]
2025-11-18T01:33:24+01:00,[60],[0.529]
2025-11-18T01:33:23+01:00,[60],[0.505]
2025-11-18T01:33:22+01:00,[60],[0.301]
2025-11-18T01:33:21+01:00,[60],[0.151]
2025-11-18T01:33:20+01:00,[60],[0.099]
2025-11-18T01:33:19+01:00,[60],[0]
2025-11-18T01:33:18+01:00,[60],[0]
2025-11-18T01:33:17+01:00,[60],[0]
2025-11-18T01:33:16+01:00,[60],[0]
2025-11-18T01:33:15+01:00,[60],[0]
2025-11-18T01:33:14+01:00,[60],[0.428]
2025-11-18T01:33:13+01:00,[60],[0.302]
2025-11-18T01:33:12+01:00,[60],[0.309]
2025-11-18T01:33:11+01:00,[60],[0.011]
2025-11-18T01:33:10+01:00,[60],[0.12]
2025-11-18T01:33:09+01:00,[60],[0]
2025-11-18T01:33:08+01:00,[60],[0.018]
2025-11-18T01:33:07+01:00,[60],[0]
2025-11-18T01:33:06+01:00,[60],[0]
2025-11-18T01:33:05+01:00,[60],[0.025]
2025-11-18T01:33:04+01:00,[60],[0]
2025-11-18T01:33:03+01:00,[60],[0]
2025-11-18T01:33:02+01:00,[60],[0]
2025-11-18T01:33:01+01:00,[60],[0]
2025-11-18T01:33:00+01:00,[60],[0]
2025-11-18T01:32:59+01:00,[60],[0]
2025-11-18T01:32:58+01:00,[60],[0]
2025-11-18T01:32:57+01:00,[60],[0]
2025-11-18T01:32:56+01:00,[60],[0]
2025-11-18T01:32:55+01:00,[60],[0]
2025-11-18T01:32:54+01:00,[60],[0]
2025-11-18T01:32:53+01:00,[60],[0]
2025-11-18T01:32:52+01:00,[60],[0]
2025-11-18T01:32:51+01:00,[60],[0.058]
2025-11-18T01:32:50+01:00,[60],[0]
2025-11-18T01:32:49+01:00,[60],[0]
2025-11-18T01:32:48+01:00,[60],[0]
2025-11-18T01:32:47+01:00,[60],[0]
2025-11-18T01:32:46+01:00,[60],[0]
2025-11-18T01:32:45+01:00,[60],[0]
2025-11-18T01:32:44+01:00,[60],[0]
2025-11-18T01:32:43+01:00,[60],[0]
2025-11-18T01:32:42+01:00,[60],[0]
2025-11-18T01:32:41+01:00,[60],[0]
2025-11-18T01:32:40+01:00,[60],[0]
2025-11-18T01:32:39+01:00,[60],[0]
2025-11-18T01:32:38+01:00,[60],[0]
2025-11-18T01:32:37+01:00,[60],[0]
2025-11-18T01:32:36+01:00,[60],[0]
2025-11-18T01:32:35+01:00,[60],[0]
2025-11-18T01:32:34+01:00,[60],[0]
2025-11-18T01:32:33+01:00,[60],[0]
2025-11-18T01:32:32+01:00,[60],[0]
2025-11-18T01:32:31+01:00,[60],[0]
2025-11-18T01:32:30+01:00,[60],[0.082]
2025-11-18T01:32:29+01:00,[60],[0.364]
2025-11-18T01:32:27+01:00,[60],[0.166]
2025-11-18T01:32:26+01:00,[60],[0.186]
2025-11-18T01:32:25+01:00,[60],[0.177]
2025-11-18T01:32:24+01:00,[60],[0]
2025-11-18T01:32:23+01:00,[60],[0]
2025-11-18T01:32:22+01:00,[60],[0]
2025-11-18T01:32:21+01:00,[60],[0]
2025-11-18T01:32:20+01:00,[60],[0]
2025-11-18T01:32:19+01:00,[60],[0]
2025-11-18T01:32:18+01:00,[60],[0.045]
2025-11-18T01:32:17+01:00,[60],[0.037]
2025-11-18T01:32:16+01:00,[60],[0.135]
2025-11-18T01:32:15+01:00,[60],[0.037]
2025-11-18T01:32:14+01:00,[60],[0.1]
2025-11-18T01:32:13+01:00,[60],[0.02]
2025-11-18T01:32:12+01:00,[60],[0]
2025-11-18T01:32:11+01:00,[60],[0]
2025-11-18T01:32:10+01:00,[60],[0]
2025-11-18T01:32:09+01:00,[60],[0]
2025-11-18T01:32:08+01:00,[60],[0]
2025-11-18T01:32:07+01:00,[60],[0]
2025-11-18T01:32:06+01:00,[60],[0]
2025-11-18T01:32:05+01:00,[60],[0]
2025-11-18T01:32:04+01:00,[60],[0]
2025-11-18T01:32:03+01:00,[60],[0]
2025-11-18T01:32:02+01:00,[60],[0]
2025-11-18T01:32:01+01:00,[60],[0]
2025-11-18T01:32:00+01:00,[60],[0]
2025-11-18T01:31:59+01:00,[60],[0]
2025-11-18T01:31:58+01:00,[60],[0]
2025-11-18T01:31:57+01:00,[60],[0]
2025-11-18T01:31:56+01:00,[60],[0]
2025-11-18T01:31:55+01:00,[60],[0]
2025-11-18T01:31:54+01:00,[60],[0]
2025-11-18T01:31:53+01:00,[60],[0]
2025-11-18T01:31:52+01:00,[60],[0]
2025-11-18T01:31:51+01:00,[60],[0]
2025-11-18T01:31:50+01:00,[60],[0]
2025-11-18T01:31:49+01:00,[60],[0]
2025-11-18T01:31:48+01:00,[60],[0]
2025-11-18T01:31:47+01:00,[60],[0]
2025-11-18T01:31:46+01:00,[60],[0]
2025-11-18T01:31:45+01:00,[60],[0]
2025-11-18T01:31:44+01:00,[60],[0]
2025-11-18T01:31:43+01:00,[60],[0]
2025-11-18T01:31:42+01:00,[60],[0]
2025-11-18T01:31:41+01:00,[60],[0]
2025-11-18T01:31:40+01:00,[60],[0]
2025-11-18T01:31:39+01:00,[60],[0]
2025-11-18T01:31:38+01:00,[60],[0]
2025-11-18T01:31:37+01:00,[60],[0]
2025-11-18T01:31:36+01:00,[60],[0]
2025-11-18T01:31:35+01:00,[60],[0]
2025-11-18T01:31:34+01:00,[60],[0]
2025-11-18T01:31:33+01:00,[60],[0]
2025-11-18T01:31:32+01:00,[60],[0]
2025-11-18T01:31:31+01:00,[60],[0]
2025-11-18T01:31:30+01:00,[60],[0]
2025-11-18T01:31:29+01:00,[60],[0]
2025-11-18T01:31:28+01:00,[60],[0]
2025-11-18T01:31:27+01:00,[60],[0]
2025-11-18T01:31:26+01:00,[60],[0]
2025-11-18T01:31:25+01:00,[60],[0]
2025-11-18T01:31:24+01:00,[60],[0]
2025-11-18T01:31:23+01:00,[60],[0]
2025-11-18T01:31:22+01:00,[60],[0]
2025-11-18T01:31:21+01:00,[60],[0]
2025-11-18T01:31:20+01:00,[60],[0]
2025-11-18T01:31:19+01:00,[60],[0]
2025-11-18T01:31:18+01:00,[60],[0]
2025-11-18T01:31:17+01:00,[60],[0]
2025-11-18T01:31:16+01:00,[60],[0]
2025-11-18T01:31:15+01:00,[60],[0]
2025-11-18T01:31:14+01:00,[60],[0]
2025-11-18T01:31:13+01:00,[60],[0]
2025-11-18T01:31:12+01:00,[60],[0]
2025-11-18T01:31:11+01:00,[60],[0.026]
2025-11-18T01:31:10+01:00,[60],[0]
2025-11-18T01:31:09+01:00,[60],[0]
2025-11-18T01:31:07+01:00,[60],[0]
2025-11-18T01:31:06+01:00,[60],[0]
2025-11-18T01:31:05+01:00,[60],[0]
2025-11-18T01:31:04+01:00,[60],[0]
2025-11-18T01:31:03+01:00,[60],[0]
2025-11-18T01:31:02+01:00,[60],[0]
2025-11-18T01:31:01+01:00,[60],[0.048]
2025-11-18T01:31:00+01:00,[60],[0]
2025-11-18T01:30:59+01:00,[60],[0.026]
2025-11-18T01:30:58+01:00,[60],[0]
2025-11-18T01:30:57+01:00,[60],[0]
2025-11-18T01:30:56+01:00,[60],[0.104]
2025-11-18T01:30:55+01:00,[60],[0]
2025-11-18T01:30:54+01:00,[60],[0]
2025-11-18T01:30:53+01:00,[60],[0]
2025-11-18T01:30:52+01:00,[60],[0]
2025-11-18T01:30:51+01:00,[60],[0]
2025-11-18T01:30:50+01:00,[60],[0]
2025-11-18T01:30:49+01:00,[60],[0]
2025-11-18T01:30:48+01:00,[60],[0]
2025-11-18T01:30:47+01:00,[60],[0]
2025-11-18T01:30:46+01:00,[60],[0]
2025-11-18T01:30:45+01:00,[60],[0]
2025-11-18T01:30:44+01:00,[60],[0.051]
2025-11-18T01:30:43+01:00,[60],[0]
2025-11-18T01:30:42+01:00,[60],[0]
2025-11-18T01:30:41+01:00,[60],[0]
2025-11-18T01:30:40+01:00,[60],[0]
2025-11-18T01:30:39+01:00,[60],[0]
2025-11-18T01:30:38+01:00,[60],[0]
2025-11-18T01:30:37+01:00,[60],[0]
2025-11-18T01:30:36+01:00,[60],[0]
2025-11-18T01:30:35+01:00,[60],[0]
2025-11-18T01:30:34+01:00,[60],[0]
2025-11-18T01:30:33+01:00,[60],[0]
2025-11-18T01:30:32+01:00,[60],[0.023]
2025-11-18T01:30:31+01:00,[60],[0]
2025-11-18T01:30:30+01:00,[60],[0]
2025-11-18T01:30:29+01:00,[60],[0]
2025-11-18T01:30:28+01:00,[60],[0]
2025-11-18T01:30:27+01:00,[60],[0]
2025-11-18T01:30:26+01:00,[60],[0]
2025-11-18T01:30:25+01:00,[60],[0]
2025-11-18T01:30:24+01:00,[60],[0]
2025-11-18T01:30:23+01:00,[60],[0]
2025-11-18T01:30:22+01:00,[60],[0]
2025-11-18T01:30:21+01:00,[60],[0]
2025-11-18T01:30:20+01:00,[60],[0]
2025-11-18T01:30:19+01:00,[60],[0]
2025-11-18T01:30:18+01:00,[60],[0]
2025-11-18T01:30:17+01:00,[60],[0]
2025-11-18T01:30:16+01:00,[60],[0]
2025-11-18T01:30:15+01:00,[60],[0]
2025-11-18T01:30:14+01:00,[60],[0]
2025-11-18T01:30:13+01:00,[60],[0]
2025-11-18T01:30:12+01:00,[60],[0]
2025-11-18T01:30:11+01:00,[60],[0]
2025-11-18T01:30:10+01:00,[60],[0]
2025-11-18T01:30:09+01:00,[60],[0]
2025-11-18T01:30:08+01:00,[60],[0]
2025-11-18T01:30:07+01:00,[60],[0]
2025-11-18T01:30:06+01:00,[60],[0]
2025-11-18T01:30:05+01:00,[60],[0]
2025-11-18T01:30:04+01:00,[60],[0]
2025-11-18T01:30:03+01:00,[60],[0]
2025-11-18T01:30:02+01:00,[60],[0.043]
2025-11-18T01:30:01+01:00,[60],[0]
2025-11-18T01:30:00+01:00,[60],[0.075]
2025-11-18T01:29:59+01:00,[60],[0.188]
2025-11-18T01:29:58+01:00,[60],[0.061]
2025-11-18T01:29:57+01:00,[60],[0]
2025-11-18T01:29:56+01:00,[60],[0]
2025-11-18T01:29:55+01:00,[60],[0]
2025-11-18T01:29:54+01:00,[60],[0]
2025-11-18T01:29:53+01:00,[60],[0.142]
2025-11-18T01:29:52+01:00,[60],[0]
2025-11-18T01:29:51+01:00,[60],[0.07]
2025-11-18T01:29:50+01:00,[60],[0.166]
2025-11-18T01:29:49+01:00,[60],[0]
2025-11-18T01:29:48+01:00,[60],[0.101]
2025-11-18T01:29:47+01:00,[60],[0.021]
2025-11-18T01:29:46+01:00,[60],[0.056]
2025-11-18T01:29:45+01:00,[60],[0.062]
2025-11-18T01:29:44+01:00,[60],[0.03]
2025-11-18T01:29:43+01:00,[60],[0]
2025-11-18T01:29:42+01:00,[60],[0]
2025-11-18T01:29:41+01:00,[60],[0]
2025-11-18T01:29:40+01:00,[60],[0.074]
2025-11-18T01:29:39+01:00,[60],[0]
2025-11-18T01:29:38+01:00,[60],[0]
2025-11-18T01:29:37+01:00,[60],[0]
2025-11-18T01:29:36+01:00,[60],[0]
2025-11-18T01:29:35+01:00,[60],[0]
2025-11-18T01:29:34+01:00,[60],[0]
2025-11-18T01:29:33+01:00,[60],[0]
2025-11-18T01:29:32+01:00,[60],[0]
2025-11-18T01:29:31+01:00,[60],[0.164]
2025-11-18T01:29:30+01:00,[60],[0]
2025-11-18T01:29:29+01:00,[60],[0]
2025-11-18T01:29:28+01:00,[60],[0]
2025-11-18T01:29:27+01:00,[60],[0]
2025-11-18T01:29:26+01:00,[60],[0]
2025-11-18T01:29:25+01:00,[60],[0]
2025-11-18T01:29:24+01:00,[60],[0]
2025-11-18T01:29:23+01:00,[60],[0.109]
2025-11-18T01:29:22+01:00,[60],[0]
2025-11-18T01:29:21+01:00,[60],[0]
2025-11-18T01:29:20+01:00,[60],[0]
2025-11-18T01:29:19+01:00,[60],[0]
2025-11-18T01:29:18+01:00,[60],[0.085]
2025-11-18T01:29:17+01:00,[60],[0]
2025-11-18T01:29:16+01:00,[60],[0.073]
2025-11-18T01:29:15+01:00,[60],[0]
2025-11-18T01:29:14+01:00,[60],[0]
2025-11-18T01:29:13+01:00,[60],[0.206]
2025-11-18T01:29:12+01:00,[60],[0.086]
2025-11-18T01:29:11+01:00,[60],[0]
2025-11-18T01:29:10+01:00,[60],[0]
2025-11-18T01:29:09+01:00,[60],[0]
2025-11-18T01:29:08+01:00,[60],[0.288]
2025-11-18T01:29:07+01:00,[60],[0]
2025-11-18T01:29:06+01:00,[60],[0.072]
2025-11-18T01:29:05+01:00,[60],[0.161]
2025-11-18T01:29:04+01:00,[60],[0.787]
2025-11-18T01:29:03+01:00,[60],[0.039]
2025-11-18T01:29:02+01:00,[60],[0.365]
2025-11-18T01:29:01+01:00,[60],[1.099]
2025-11-18T01:29:00+01:00,[60],[0.968]
2025-11-18T01:28:59+01:00,[60],[1.951]
2025-11-18T01:28:58+01:00,[60],[1.94]
2025-11-18T01:28:57+01:00,[60],[2.119]
2025-11-18T01:28:56+01:00,[60],[1.989]
2025-11-18T01:28:55+01:00,[60],[3.557]
2025-11-18T01:28:54+01:00,[60],[3.505]
2025-11-18T01:28:53+01:00,[60],[0.337]
2025-11-18T01:28:52+01:00,[60],[0]
2025-11-18T01:28:51+01:00,[60],[0.171]
2025-11-18T01:28:50+01:00,[60],[0.291]
2025-11-18T01:28:49+01:00,[60],[0.185]
2025-11-18T01:28:48+01:00,[60],[0.026]
2025-11-18T01:28:47+01:00,[60],[0.293]
2025-11-18T01:28:46+01:00,[60],[0.315]
2025-11-18T01:28:45+01:00,[60],[0.075]
2025-11-18T01:28:44+01:00,[60],[0]
2025-11-18T01:28:43+01:00,[60],[0]
2025-11-18T01:28:42+01:00,[60],[0]
2025-11-18T01:28:41+01:00,[60],[0]
2025-11-18T01:28:40+01:00,[60],[0]
2025-11-18T01:28:39+01:00,[60],[0]
2025-11-18T01:28:38+01:00,[60],[0]
2025-11-18T01:28:37+01:00,[60],[0]
2025-11-18T01:28:36+01:00,[60],[0]
2025-11-18T01:28:35+01:00,[60],[0]
2025-11-18T01:28:34+01:00,[60],[0]
2025-11-18T01:28:33+01:00,[60],[0]
2025-11-18T01:28:32+01:00,[60],[0]
2025-11-18T01:28:31+01:00,[60],[0]
2025-11-18T01:28:30+01:00,[60],[0]
2025-11-18T01:28:29+01:00,[60],[0]
2025-11-18T01:28:28+01:00,[60],[0]
2025-11-18T01:28:27+01:00,[60],[0]
2025-11-18T01:28:26+01:00,[60],[0]
2025-11-18T01:28:25+01:00,[60],[0]
2025-11-18T01:28:24+01:00,[60],[0]
2025-11-18T01:28:23+01:00,[60],[0]
2025-11-18T01:28:22+01:00,[60],[0]
2025-11-18T01:28:21+01:00,[60],[0]
2025-11-18T01:28:20+01:00,[60],[0]
2025-11-18T01:28:19+01:00,[60],[0]
2025-11-18T01:28:18+01:00,[60],[0]
2025-11-18T01:28:17+01:00,[60],[0]
2025-11-18T01:28:16+01:00,[60],[0.08]
2025-11-18T01:28:15+01:00,[60],[0.037]
2025-11-18T01:28:14+01:00,[60],[0.019]
2025-11-18T01:28:13+01:00,[60],[0]
2025-11-18T01:28:12+01:00,[60],[0.182]
2025-11-18T01:28:11+01:00,[60],[0.245]
2025-11-18T01:28:10+01:00,[60],[0.105]
2025-11-18T01:28:09+01:00,[60],[0.038]
2025-11-18T01:28:08+01:00,[60],[0.03]
2025-11-18T01:28:07+01:00,[60],[0.351]
2025-11-18T01:28:06+01:00,[60],[0.268]
2025-11-18T01:28:05+01:00,[60],[0.055]
2025-11-18T01:28:04+01:00,[60],[0.041]
2025-11-18T01:28:03+01:00,[60],[0.578]
2025-11-18T01:28:02+01:00,[60],[0.593]
2025-11-18T01:28:01+01:00,[60],[0.537]
2025-11-18T01:28:00+01:00,[60],[0.139]
2025-11-18T01:27:59+01:00,[60],[0.367]
2025-11-18T01:27:58+01:00,[60],[0.082]
2025-11-18T01:27:57+01:00,[60],[0.131]
2025-11-18T01:27:56+01:00,[60],[0.22]
2025-11-18T01:27:55+01:00,[60],[0.129]
2025-11-18T01:27:54+01:00,[60],[0.165]
2025-11-18T01:27:53+01:00,[60],[0.139]
2025-11-18T01:27:52+01:00,[60],[0.097]
2025-11-18T01:27:51+01:00,[60],[0.27]
2025-11-18T01:27:50+01:00,[60],[0.177]
2025-11-18T01:27:49+01:00,[60],[0.187]
2025-11-18T01:27:48+01:00,[60],[0.049]
2025-11-18T01:27:47+01:00,[60],[0.027]
2025-11-18T01:27:46+01:00,[60],[0.052]
2025-11-18T01:27:45+01:00,[60],[0.201]
2025-11-18T01:27:44+01:00,[60],[0.004]
2025-11-18T01:27:43+01:00,[60],[0.028]
2025-11-18T01:27:42+01:00,[60],[0.103]
2025-11-18T01:27:41+01:00,[60],[0.066]
2025-11-18T01:27:40+01:00,[60],[0.288]
2025-11-18T01:27:39+01:00,[60],[0.362]
2025-11-18T01:27:38+01:00,[60],[0.408]
2025-11-18T01:27:37+01:00,[60],[0.111]
2025-11-18T01:27:36+01:00,[60],[0.086]
2025-11-18T01:27:35+01:00,[60],[0.169]
2025-11-18T01:27:34+01:00,[60],[0.335]
2025-11-18T01:27:33+01:00,[60],[0.13]
2025-11-18T01:27:32+01:00,[60],[0.3]
2025-11-18T01:27:31+01:00,[60],[0.063]
2025-11-18T01:27:30+01:00,[60],[0.081]
2025-11-18T01:27:29+01:00,[60],[0.307]
2025-11-18T01:27:28+01:00,[60],[0.146]
2025-11-18T01:27:27+01:00,[60],[0.088]
2025-11-18T01:27:26+01:00,[60],[0.226]
2025-11-18T01:27:25+01:00,[60],[0.152]
2025-11-18T01:27:24+01:00,[60],[0.249]
2025-11-18T01:27:23+01:00,[60],[0.155]
2025-11-18T01:27:22+01:00,[60],[0.087]
2025-11-18T01:27:21+01:00,[60],[0.221]
2025-11-18T01:27:20+01:00,[60],[0.556]
2025-11-18T01:27:19+01:00,[60],[0.183]
2025-11-18T01:27:18+01:00,[60],[0.286]
2025-11-18T01:27:17+01:00,[60],[0.222]
2025-11-18T01:27:16+01:00,[60],[0.105]
2025-11-18T01:27:15+01:00,[60],[0.076]
2025-11-18T01:27:14+01:00,[60],[0.356]
2025-11-18T01:27:13+01:00,[60],[0.336]
2025-11-18T01:27:12+01:00,[60],[0.185]
2025-11-18T01:27:11+01:00,[60],[0.158]
2025-11-18T01:27:10+01:00,[60],[0.319]
2025-11-18T01:27:09+01:00,[60],[0.248]
2025-11-18T01:27:08+01:00,[60],[0.108]
2025-11-18T01:27:07+01:00,[60],[0.126]
2025-11-18T01:27:06+01:00,[60],[0.419]
2025-11-18T01:27:05+01:00,[60],[0.623]
2025-11-18T01:27:04+01:00,[60],[0.046]
2025-11-18T01:27:03+01:00,[60],[0.039]
2025-11-18T01:27:02+01:00,[60],[0]
2025-11-18T01:27:01+01:00,[60],[0.127]
2025-11-18T01:27:00+01:00,[60],[0.146]
2025-11-18T01:26:59+01:00,[60],[0.019]
2025-11-18T01:26:58+01:00,[60],[0.021]
2025-11-18T01:26:57+01:00,[60],[0.049]
2025-11-18T01:26:56+01:00,[60],[0]
2025-11-18T01:26:55+01:00,[60],[0.137]
2025-11-18T01:26:54+01:00,[60],[0.082]
2025-11-18T01:26:53+01:00,[60],[0.166]
2025-11-18T01:26:52+01:00,[60],[0.1]
2025-11-18T01:26:51+01:00,[60],[0.111]
2025-11-18T01:26:50+01:00,[60],[0.052]
2025-11-18T01:26:49+01:00,[60],[0.144]
2025-11-18T01:26:48+01:00,[60],[0.058]
2025-11-18T01:26:47+01:00,[60],[0.072]
2025-11-18T01:26:46+01:00,[60],[0]
2025-11-18T01:26:45+01:00,[60],[0]
2025-11-18T01:26:44+01:00,[60],[0.051]
2025-11-18T01:26:43+01:00,[60],[0.1]
2025-11-18T01:26:42+01:00,[60],[0.196]
2025-11-18T01:26:41+01:00,[60],[0.264]
2025-11-18T01:26:40+01:00,[60],[0.203]
2025-11-18T01:26:39+01:00,[60],[0.151]
2025-11-18T01:26:38+01:00,[60],[0.302]
2025-11-18T01:26:37+01:00,[60],[0.114]
2025-11-18T01:26:36+01:00,[60],[0.152]
2025-11-18T01:26:35+01:00,[60],[0.178]
2025-11-18T01:26:34+01:00,[60],[0.164]
2025-11-18T01:26:33+01:00,[60],[0.072]
2025-11-18T01:26:32+01:00,[60],[0.044]
2025-11-18T01:26:31+01:00,[60],[0.045]
2025-11-18T01:26:30+01:00,[60],[0.216]
2025-11-18T01:26:29+01:00,[60],[0.326]
2025-11-18T01:26:28+01:00,[60],[0.177]
2025-11-18T01:26:27+01:00,[60],[0.003]
2025-11-18T01:26:26+01:00,[60],[0.026]
2025-11-18T01:26:25+01:00,[60],[0]
2025-11-18T01:26:24+01:00,[60],[0]
2025-11-18T01:26:23+01:00,[60],[0.031]
2025-11-18T01:26:22+01:00,[60],[0]
2025-11-18T01:26:21+01:00,[60],[0]
2025-11-18T01:26:20+01:00,[60],[0]
2025-11-18T01:26:19+01:00,[60],[0.118]
2025-11-18T01:26:18+01:00,[60],[0]
2025-11-18T01:26:17+01:00,[60],[0]
2025-11-18T01:26:16+01:00,[60],[0]
2025-11-18T01:26:15+01:00,[60],[0]
2025-11-18T01:26:14+01:00,[60],[0]
2025-11-18T01:26:13+01:00,[60],[0]
2025-11-18T01:26:12+01:00,[60],[0]
2025-11-18T01:26:11+01:00,[60],[0]
2025-11-18T01:26:10+01:00,[60],[0.059]
2025-11-18T01:26:09+01:00,[60],[0.032]
2025-11-18T01:26:08+01:00,[60],[0.07]
2025-11-18T01:26:07+01:00,[60],[0.192]
2025-11-18T01:26:06+01:00,[60],[0.74]
2025-11-18T01:26:05+01:00,[60],[0.704]
2025-11-18T01:26:04+01:00,[60],[0]
2025-11-18T01:26:03+01:00,[60],[0]
2025-11-18T01:26:02+01:00,[60],[0]
2025-11-18T01:26:01+01:00,[60],[0.22]
2025-11-18T01:26:00+01:00,[60],[0.489]
2025-11-18T01:25:59+01:00,[60],[0]
2025-11-18T01:25:58+01:00,[60],[0.189]
2025-11-18T01:25:57+01:00,[60],[0.14]
2025-11-18T01:25:56+01:00,[60],[0.4]
2025-11-18T01:25:55+01:00,[60],[0.105]
2025-11-18T01:25:54+01:00,[60],[0.151]
2025-11-18T01:25:53+01:00,[60],[0.12]
2025-11-18T01:25:52+01:00,[60],[0.247]
2025-11-18T01:25:51+01:00,[60],[0.185]
2025-11-18T01:25:50+01:00,[60],[0.097]
2025-11-18T01:25:49+01:00,[60],[0.023]
2025-11-18T01:25:48+01:00,[60],[0.004]
2025-11-18T01:25:47+01:00,[60],[0.014]
2025-11-18T01:25:46+01:00,[60],[0.013]
2025-11-18T01:25:45+01:00,[60],[0.003]
2025-11-18T01:25:44+01:00,[60],[0.011]
2025-11-18T01:25:43+01:00,[60],[0.009]
2025-11-18T01:25:42+01:00,[60],[0.008]
2025-11-18T01:25:41+01:00,[60],[0.012]
2025-11-18T01:25:40+01:00,[60],[0.036]
2025-11-18T01:25:39+01:00,[60],[0.01]
2025-11-18T01:25:38+01:00,[60],[0.005]
2025-11-18T01:25:37+01:00,[60],[0.006]
2025-11-18T01:25:36+01:00,[60],[0.012]
2025-11-18T01:25:35+01:00,[60],[0.006]
2025-11-18T01:25:34+01:00,[60],[0.007]
2025-11-18T01:25:33+01:00,[60],[0.017]
2025-11-18T01:25:32+01:00,[60],[0.017]
2025-11-18T01:25:31+01:00,[60],[0.015]
2025-11-18T01:25:30+01:00,[60],[0.004]
2025-11-18T01:25:29+01:00,[60],[0.012]
2025-11-18T01:25:28+01:00,[60],[0.014]
2025-11-18T01:25:27+01:00,[60],[0.02]
2025-11-18T01:25:26+01:00,[60],[0.015]
2025-11-18T01:25:25+01:00,[60],[0.013]
2025-11-18T01:25:24+01:00,[60],[0.007]
2025-11-18T01:25:23+01:00,[60],[0.006]
2025-11-18T01:25:22+01:00,[60],[0.007]
2025-11-18T01:25:21+01:00,[60],[0.009]
2025-11-18T01:25:20+01:00,[60],[0.01]
2025-11-18T01:25:19+01:00,[60],[0.014]
2025-11-18T01:25:18+01:00,[60],[0.017]
2025-11-18T01:25:17+01:00,[60],[0.014]
2025-11-18T01:25:16+01:00,[60],[0.013]
2025-11-18T01:25:15+01:00,[60],[0.014]
2025-11-18T01:25:14+01:00,[60],[0.008]
2025-11-18T01:25:13+01:00,[60],[0.024]
2025-11-18T01:25:12+01:00,[60],[0.007]
2025-11-18T01:25:11+01:00,[60],[0.005]
2025-11-18T01:25:10+01:00,[60],[0.011]
2025-11-18T01:25:09+01:00,[60],[0.009]
2025-11-18T01:25:08+01:00,[60],[0.012]
2025-11-18T01:25:07+01:00,[60],[0.16]
2025-11-18T01:25:06+01:00,[60],[0.019]
2025-11-18T01:25:05+01:00,[60],[0.002]
2025-11-18T01:25:04+01:00,[60],[0.006]
2025-11-18T01:25:03+01:00,[60],[0.003]
2025-11-18T01:25:02+01:00,[60],[0.003]
2025-11-18T01:25:01+01:00,[60],[0.003]
2025-11-18T01:25:00+01:00,[60],[0.02]
2025-11-18T01:24:59+01:00,[60],[0.011]
2025-11-18T01:24:58+01:00,[60],[0.004]
2025-11-18T01:24:57+01:00,[60],[0.014]
2025-11-18T01:24:56+01:00,[60],[0.005]
2025-11-18T01:24:55+01:00,[60],[0.01]
2025-11-18T01:24:54+01:00,[60],[0.006]
2025-11-18T01:24:53+01:00,[60],[0.008]
2025-11-18T01:24:52+01:00,[60],[0.009]
2025-11-18T01:24:51+01:00,[60],[0.005]
2025-11-18T01:24:50+01:00,[60],[0.006]
2025-11-18T01:24:49+01:00,[60],[0.012]
2025-11-18T01:24:48+01:00,[60],[0.011]
2025-11-18T01:24:47+01:00,[60],[0.013]
2025-11-18T01:24:46+01:00,[60],[0.011]
2025-11-18T01:24:45+01:00,[60],[0.004]
2025-11-18T01:24:44+01:00,[60],[0.002]
2025-11-18T01:24:43+01:00,[60],[0.021]
2025-11-18T01:24:42+01:00,[60],[0.013]
2025-11-18T01:24:41+01:00,[60],[0.008]
2025-11-18T01:24:40+01:00,[60],[0.01]
2025-11-18T01:24:39+01:00,[60],[0.005]
2025-11-18T01:24:38+01:00,[60],[0.009]
2025-11-18T01:24:37+01:00,[60],[0.013]
2025-11-18T01:24:36+01:00,[60],[0.009]
2025-11-18T01:24:35+01:00,[60],[0.019]
2025-11-18T01:24:34+01:00,[60],[0.008]
2025-11-18T01:24:33+01:00,[60],[0.003]
2025-11-18T01:24:32+01:00,[60],[0.031]
2025-11-18T01:24:31+01:00,[60],[0.008]
2025-11-18T01:24:30+01:00,[60],[0.026]
2025-11-18T01:24:29+01:00,[60],[0.04]
2025-11-18T01:24:28+01:00,[60],[0.013]
2025-11-18T01:24:27+01:00,[60],[0.006]
2025-11-18T01:24:26+01:00,[60],[0.017]
2025-11-18T01:24:25+01:00,[60],[0.025]
2025-11-18T01:24:24+01:00,[60],[0.021]
2025-11-18T01:24:23+01:00,[60],[0.021]
2025-11-18T01:24:22+01:00,[60],[0.009]
2025-11-18T01:24:21+01:00,[60],[0.011]
2025-11-18T01:24:20+01:00,[60],[0.003]
2025-11-18T01:24:19+01:00,[60],[0.017]
2025-11-18T01:24:18+01:00,[60],[0.005]
2025-11-18T01:24:17+01:00,[60],[0.007]
2025-11-18T01:24:16+01:00,[60],[0.006]
2025-11-18T01:24:15+01:00,[60],[0.006]
2025-11-18T01:24:14+01:00,[60],[0.004]
2025-11-18T01:24:13+01:00,[60],[0.006]
2025-11-18T01:24:12+01:00,[60],[0.006]
2025-11-18T01:24:11+01:00,[60],[0.001]
2025-11-18T01:24:10+01:00,[60],[0.007]
2025-11-18T01:24:09+01:00,[60],[0.012]
2025-11-18T01:24:08+01:00,[60],[0.007]
2025-11-18T01:24:07+01:00,[60],[0.013]
2025-11-18T01:24:06+01:00,[60],[0.007]
2025-11-18T01:24:05+01:00,[60],[0.006]
2025-11-18T01:24:04+01:00,[60],[0.01]
2025-11-18T01:24:03+01:00,[60],[0.006]
2025-11-18T01:24:02+01:00,[60],[0.009]
2025-11-18T01:24:01+01:00,[60],[0.006]
2025-11-18T01:24:00+01:00,[60],[0.007]
2025-11-18T01:23:59+01:00,[60],[0.01]
2025-11-18T01:23:58+01:00,[60],[0.009]
2025-11-18T01:23:57+01:00,[60],[0.007]
2025-11-18T01:23:56+01:00,[60],[0.03]
2025-11-18T01:23:55+01:00,[60],[0.023]
2025-11-18T01:23:54+01:00,[60],[0.019]
2025-11-18T01:23:53+01:00,[60],[0.005]
2025-11-18T01:23:52+01:00,[60],[0.008]
2025-11-18T01:23:51+01:00,[60],[0.022]
2025-11-18T01:23:50+01:00,[60],[0.001]
2025-11-18T01:23:49+01:00,[60],[0.016]
2025-11-18T01:23:48+01:00,[60],[0.009]
2025-11-18T01:23:47+01:00,[60],[0.011]
2025-11-18T01:23:46+01:00,[60],[0.01]
2025-11-18T01:23:45+01:00,[60],[0.039]
2025-11-18T01:23:44+01:00,[60],[0.01]
2025-11-18T01:23:43+01:00,[60],[0.025]
2025-11-18T01:23:42+01:00,[60],[0.033]
2025-11-18T01:23:41+01:00,[60],[0.02]
2025-11-18T01:23:40+01:00,[60],[0.013]
2025-11-18T01:23:39+01:00,[60],[0.008]
2025-11-18T01:23:38+01:00,[60],[0.045]
2025-11-18T01:23:37+01:00,[60],[0.007]
2025-11-18T01:23:36+01:00,[60],[0.015]
2025-11-18T01:23:35+01:00,[60],[0.037]
2025-11-18T01:23:34+01:00,[60],[0.019]
2025-11-18T01:23:33+01:00,[60],[0.016]
2025-11-18T01:23:32+01:00,[60],[0.011]
2025-11-18T01:23:31+01:00,[60],[0.01]
2025-11-18T01:23:30+01:00,[60],[0.02]
2025-11-18T01:23:29+01:00,[60],[0.005]
2025-11-18T01:23:28+01:00,[60],[0.008]
2025-11-18T01:23:27+01:00,[60],[0.024]
2025-11-18T01:23:26+01:00,[60],[0.008]
2025-11-18T01:23:25+01:00,[60],[0.012]
2025-11-18T01:23:24+01:00,[60],[0.028]
2025-11-18T01:23:23+01:00,[60],[0.032]
2025-11-18T01:23:22+01:00,[60],[0.004]
2025-11-18T01:23:21+01:00,[60],[0.029]
2025-11-18T01:23:20+01:00,[60],[0.047]
2025-11-18T01:23:19+01:00,[60],[0.017]
2025-11-18T01:23:18+01:00,[60],[0.047]
2025-11-18T01:23:17+01:00,[60],[0.008]
2025-11-18T01:23:16+01:00,[60],[0.006]
2025-11-18T01:23:15+01:00,[60],[0.041]
2025-11-18T01:23:14+01:00,[60],[0.014]
2025-11-18T01:23:13+01:00,[60],[0.024]
2025-11-18T01:23:12+01:00,[60],[0.006]
2025-11-18T01:23:11+01:00,[60],[0.021]
2025-11-18T01:23:10+01:00,[60],[0.004]
2025-11-18T01:23:09+01:00,[60],[0.01]
2025-11-18T01:23:08+01:00,[60],[0.012]
2025-11-18T01:23:07+01:00,[60],[0.003]
2025-11-18T01:23:06+01:00,[60],[0.003]
2025-11-18T01:23:05+01:00,[60],[0.016]
2025-11-18T01:23:04+01:00,[60],[0.015]
2025-11-18T01:23:03+01:00,[60],[0.008]
2025-11-18T01:23:02+01:00,[60],[0.011]
2025-11-18T01:23:01+01:00,[60],[0.038]
2025-11-18T01:23:00+01:00,[60],[0.038]
2025-11-18T01:22:59+01:00,[60],[0.004]
2025-11-18T01:22:58+01:00,[60],[0.005]
2025-11-18T01:22:57+01:00,[60],[0.003]
2025-11-18T01:22:56+01:00,[60],[0.014]
2025-11-18T01:22:55+01:00,[60],[0.016]
2025-11-18T01:22:54+01:00,[60],[0.012]
2025-11-18T01:22:53+01:00,[60],[0.008]
2025-11-18T01:22:52+01:00,[60],[0.022]
2025-11-18T01:22:51+01:00,[60],[0.006]
2025-11-18T01:22:50+01:00,[60],[0.007]
2025-11-18T01:22:49+01:00,[60],[0.028]
2025-11-18T01:22:48+01:00,[60],[0.015]
2025-11-18T01:22:47+01:00,[60],[0.027]
2025-11-18T01:22:46+01:00,[60],[0.012]
2025-11-18T01:22:45+01:00,[60],[0.003]
2025-11-18T01:22:44+01:00,[60],[0.025]
2025-11-18T01:22:43+01:00,[60],[0.041]
2025-11-18T01:22:42+01:00,[60],[0.025]
2025-11-18T01:22:41+01:00,[60],[0.003]
2025-11-18T01:22:40+01:00,[60],[0.002]
2025-11-18T01:22:39+01:00,[60],[0.019]
2025-11-18T01:22:38+01:00,[60],[0.022]
2025-11-18T01:22:37+01:00,[60],[0.016]
2025-11-18T01:22:36+01:00,[60],[0.005]
2025-11-18T01:22:35+01:00,[60],[0.01]
2025-11-18T01:22:34+01:00,[60],[0.014]
2025-11-18T01:22:33+01:00,[60],[0.008]
2025-11-18T01:22:32+01:00,[60],[0.008]
2025-11-18T01:22:31+01:00,[60],[0.021]
2025-11-18T01:22:30+01:00,[60],[0.02]
2025-11-18T01:22:29+01:00,[60],[0.004]
2025-11-18T01:22:28+01:00,[60],[0.02]
2025-11-18T01:22:27+01:00,[60],[0]
2025-11-18T01:22:26+01:00,[60],[0]
2025-11-18T01:22:25+01:00,[60],[0]
2025-11-18T01:22:24+01:00,[60],[0]
2025-11-18T01:22:23+01:00,[60],[0]
2025-11-18T01:22:22+01:00,[60],[0]
2025-11-18T01:22:21+01:00,[60],[0]
2025-11-18T01:22:20+01:00,[60],[0]
2025-11-18T01:22:19+01:00,[60],[0]
2025-11-18T01:22:18+01:00,[60],[0]
2025-11-18T01:22:17+01:00,[60],[0]
2025-11-18T01:22:16+01:00,[60],[0]
2025-11-18T01:22:15+01:00,[60],[0]
2025-11-18T01:22:14+01:00,[60],[0]
2025-11-18T01:22:13+01:00,[60],[0]
2025-11-18T01:22:12+01:00,[60],[0]
2025-11-18T01:22:11+01:00,[60],[0]
2025-11-18T01:22:10+01:00,[60],[0]
2025-11-18T01:22:09+01:00,[60],[0]
2025-11-18T01:22:08+01:00,[60],[0]
2025-11-18T01:22:07+01:00,[60],[0]
2025-11-18T01:22:06+01:00,[60],[0]
2025-11-18T01:22:05+01:00,[60],[0]
2025-11-18T01:22:04+01:00,[60],[0]
2025-11-18T01:22:03+01:00,[60],[0]
2025-11-18T01:22:02+01:00,[60],[0]
2025-11-18T01:22:01+01:00,[60],[0]
2025-11-18T01:22:00+01:00,[60],[0]
2025-11-18T01:21:59+01:00,[60],[0]
2025-11-18T01:21:58+01:00,[60],[0]
2025-11-18T01:21:57+01:00,[60],[0]
2025-11-18T01:21:56+01:00,[60],[0]
2025-11-18T01:21:54+01:00,[60],[-1]
2025-11-18T01:21:51+01:00,[60],[0]
2025-11-18T01:21:41+01:00,[60],[0]
2025-11-18T01:21:40+01:00,[60],[0]
2025-11-18T01:21:39+01:00,[60],[0]
2025-11-18T01:21:38+01:00,[60],[0]
2025-11-18T01:21:37+01:00,[60],[0]
2025-11-18T01:21:36+01:00,[60],[0]
2025-11-18T01:21:35+01:00,[60],[0]
2025-11-18T01:21:34+01:00,[60],[0]
2025-11-18T01:21:33+01:00,[60],[0]
2025-11-18T01:21:32+01:00,[60],[0]
2025-11-18T01:21:31+01:00,[60],[0]
2025-11-18T01:21:30+01:00,[60],[0]
2025-11-18T01:21:29+01:00,[60],[0]
2025-11-18T01:21:28+01:00,[60],[0]
2025-11-18T01:21:27+01:00,[60],[0]
2025-11-18T01:21:26+01:00,[60],[0]
2025-11-18T01:21:25+01:00,[60],[0]
2025-11-18T01:21:24+01:00,[60],[0]
2025-11-18T01:21:23+01:00,[60],[0]
2025-11-18T01:21:22+01:00,[60],[0]
2025-11-18T01:21:21+01:00,[60],[0]
2025-11-18T01:21:20+01:00,[60],[0]
2025-11-18T01:21:19+01:00,[60],[0]
2025-11-18T01:21:18+01:00,[60],[0]
2025-11-18T01:21:17+01:00,[60],[0]
2025-11-18T01:21:16+01:00,[60],[0]
2025-11-18T01:21:15+01:00,[60],[0]
2025-11-18T01:21:14+01:00,[60],[0]
2025-11-18T01:21:13+01:00,[60],[0]
2025-11-18T01:21:12+01:00,[60],[0]
2025-11-18T01:21:11+01:00,[60],[0]
2025-11-18T01:21:10+01:00,[60],[0]
2025-11-18T01:21:09+01:00,[60],[0]
2025-11-18T01:21:08+01:00,[60],[0]
2025-11-18T01:21:07+01:00,[60],[0]
2025-11-18T01:21:06+01:00,[60],[0]
2025-11-18T01:21:05+01:00,[60],[0]
2025-11-18T01:21:04+01:00,[60],[0]
2025-11-18T01:21:03+01:00,[60],[0]
2025-11-18T01:21:02+01:00,[60],[0]
2025-11-18T01:21:01+01:00,[60],[0]
2025-11-18T01:21:00+01:00,[60],[0]
2025-11-18T01:20:59+01:00,[60],[0]
2025-11-18T01:20:58+01:00,[60],[0]
2025-11-18T01:20:57+01:00,[60],[0]
2025-11-18T01:20:56+01:00,[60],[0]
2025-11-18T01:20:55+01:00,[60],[0]
2025-11-18T01:20:54+01:00,[60],[0]
2025-11-18T01:20:53+01:00,[60],[0]
2025-11-18T01:20:52+01:00,[60],[0]
2025-11-18T01:20:51+01:00,[60],[0]
2025-11-18T01:20:50+01:00,[60],[0]
2025-11-18T01:20:49+01:00,[60],[0]
2025-11-18T01:20:48+01:00,[60],[0]
2025-11-18T01:20:47+01:00,[60],[0]
2025-11-18T01:20:46+01:00,[60],[0]
2025-11-18T01:20:45+01:00,[60],[0]
2025-11-18T01:20:44+01:00,[60],[0]
2025-11-18T01:20:43+01:00,[60],[0]
2025-11-18T01:20:42+01:00,[60],[0]
2025-11-18T01:20:41+01:00,[60],[0]
2025-11-18T01:20:40+01:00,[60],[0]
2025-11-18T01:20:39+01:00,[60],[0]
2025-11-18T01:20:38+01:00,[60],[0]
2025-11-18T01:20:37+01:00,[60],[0]
2025-11-18T01:20:36+01:00,[60],[0]
2025-11-18T01:20:35+01:00,[60],[0]
2025-11-18T01:20:34+01:00,[60],[0]
2025-11-18T01:20:33+01:00,[60],[0]
2025-11-18T01:20:32+01:00,[60],[0]
2025-11-18T01:20:31+01:00,[60],[0]
2025-11-18T01:20:30+01:00,[60],[0]
2025-11-18T01:20:29+01:00,[60],[0]
2025-11-18T01:20:28+01:00,[60],[0]
2025-11-18T01:20:27+01:00,[60],[0]
2025-11-18T01:20:26+01:00,[60],[0]
2025-11-18T01:20:25+01:00,[60],[0]
2025-11-18T01:20:24+01:00,[60],[0]
2025-11-18T01:20:23+01:00,[60],[0]
2025-11-18T01:20:22+01:00,[60],[0]
2025-11-18T01:20:21+01:00,[60],[0]
2025-11-18T01:20:20+01:00,[60],[0]
2025-11-18T01:20:19+01:00,[60],[0]
2025-11-18T01:20:18+01:00,[60],[0]
2025-11-18T01:20:17+01:00,[60],[0]
2025-11-18T01:20:16+01:00,[60],[0]
2025-11-18T01:20:15+01:00,[60],[0]
2025-11-18T01:20:14+01:00,[60],[0]
2025-11-18T01:20:13+01:00,[60],[0]
2025-11-18T01:20:12+01:00,[60],[0]
2025-11-18T01:20:11+01:00,[60],[0]
2025-11-18T01:20:10+01:00,[60],[0]
2025-11-18T01:20:09+01:00,[60],[0]
2025-11-18T01:20:07+01:00,[60],[0]
2025-11-18T01:20:06+01:00,[60],[0]
2025-11-18T01:20:05+01:00,[60],[0]
2025-11-18T01:20:04+01:00,[60],[0]
2025-11-18T01:20:03+01:00,[60],[0]
2025-11-18T01:20:02+01:00,[60],[0]
2025-11-18T01:20:01+01:00,[60],[0]
2025-11-18T01:20:00+01:00,[60],[0]
2025-11-18T01:19:59+01:00,[60],[0]
2025-11-18T01:19:58+01:00,[60],[0]
2025-11-18T01:19:57+01:00,[60],[0]
2025-11-18T01:19:56+01:00,[60],[0]
2025-11-18T01:19:55+01:00,[60],[0]
2025-11-18T01:19:54+01:00,[60],[0]
2025-11-18T01:19:53+01:00,[60],[0]
2025-11-18T01:19:52+01:00,[60],[0]
2025-11-18T01:19:51+01:00,[60],[0]
2025-11-18T01:19:50+01:00,[60],[0]
2025-11-18T01:19:49+01:00,[60],[0]
2025-11-18T01:19:48+01:00,[60],[0]
2025-11-18T01:19:47+01:00,[60],[0]
2025-11-18T01:19:46+01:00,[60],[0]
2025-11-18T01:19:45+01:00,[60],[0]
2025-11-18T01:19:44+01:00,[60],[0]
2025-11-18T01:19:43+01:00,[60],[0]
2025-11-18T01:19:42+01:00,[60],[0]
2025-11-18T01:19:41+01:00,[60],[0]
2025-11-18T01:19:40+01:00,[60],[0]
2025-11-18T01:19:39+01:00,[60],[0]
2025-11-18T01:19:38+01:00,[60],[0]
2025-11-18T01:19:37+01:00,[60],[0]
2025-11-18T01:19:36+01:00,[60],[0]
2025-11-18T01:19:35+01:00,[60],[0]
2025-11-18T01:19:34+01:00,[60],[0]
2025-11-18T01:19:33+01:00,[60],[0]
2025-11-18T01:19:32+01:00,[60],[0]
2025-11-18T01:19:31+01:00,[60],[0]
2025-11-18T01:19:30+01:00,[60],[0]
2025-11-18T01:19:29+01:00,[60],[0]
2025-11-18T01:19:28+01:00,[60],[0]
2025-11-18T01:19:27+01:00,[60],[0]
2025-11-18T01:19:26+01:00,[60],[0]
2025-11-18T01:19:25+01:00,[60],[0]
2025-11-18T01:19:24+01:00,[60],[0]
2025-11-18T01:19:23+01:00,[60],[0]
2025-11-18T01:19:22+01:00,[60],[0]
2025-11-18T01:19:21+01:00,[60],[0]
2025-11-18T01:19:20+01:00,[60],[0]
2025-11-18T01:19:19+01:00,[60],[0]
2025-11-18T01:19:18+01:00,[60],[0]
2025-11-18T01:19:17+01:00,[60],[0]
2025-11-18T01:19:16+01:00,[60],[0]
2025-11-18T01:19:15+01:00,[60],[0]
2025-11-18T01:19:14+01:00,[60],[0]
2025-11-18T01:19:13+01:00,[60],[0]
2025-11-18T01:19:12+01:00,[60],[0]
2025-11-18T01:19:11+01:00,[60],[0]
2025-11-18T01:19:10+01:00,[60],[0]
2025-11-18T01:19:09+01:00,[60],[0]
2025-11-18T01:19:08+01:00,[60],[0]
2025-11-18T01:19:07+01:00,[60],[0]
2025-11-18T01:19:06+01:00,[60],[0]
2025-11-18T01:19:05+01:00,[60],[0]
2025-11-18T01:19:04+01:00,[60],[0]
2025-11-18T01:19:03+01:00,[60],[0]
2025-11-18T01:19:02+01:00,[60],[0]
2025-11-18T01:19:01+01:00,[60],[0]
2025-11-18T01:19:00+01:00,[60],[0]
2025-11-18T01:18:59+01:00,[60],[0]
2025-11-18T01:18:58+01:00,[60],[0]
2025-11-18T01:18:57+01:00,[60],[0]
2025-11-18T01:18:56+01:00,[60],[0]
2025-11-18T01:18:55+01:00,[60],[0]
2025-11-18T01:18:54+01:00,[60],[0]
2025-11-18T01:18:53+01:00,[60],[0]
2025-11-18T01:18:52+01:00,[60],[0]
2025-11-18T01:18:51+01:00,[60],[0]
2025-11-18T01:18:50+01:00,[60],[0]
2025-11-18T01:18:49+01:00,[60],[0]
2025-11-18T01:18:48+01:00,[60],[0]
2025-11-18T01:18:47+01:00,[60],[0]
2025-11-18T01:18:46+01:00,[60],[0]
2025-11-18T01:18:45+01:00,[60],[0]
2025-11-18T01:18:44+01:00,[60],[0]
2025-11-18T01:18:43+01:00,[60],[0]
2025-11-18T01:18:42+01:00,[60],[0]
2025-11-18T01:18:41+01:00,[60],[0]
2025-11-18T01:18:40+01:00,[60],[0]
2025-11-18T01:18:39+01:00,[60],[0]
2025-11-18T01:18:38+01:00,[60],[0]
2025-11-18T01:18:37+01:00,[60],[0]
2025-11-18T01:18:36+01:00,[60],[0]
2025-11-18T01:18:35+01:00,[60],[0]
2025-11-18T01:18:34+01:00,[60],[0]
2025-11-18T01:18:33+01:00,[60],[0]
2025-11-18T01:18:32+01:00,[60],[0]
2025-11-18T01:18:31+01:00,[60],[0]
2025-11-18T01:18:30+01:00,[60],[0]
2025-11-18T01:18:29+01:00,[60],[0]
2025-11-18T01:18:28+01:00,[60],[0]
2025-11-18T01:18:27+01:00,[60],[0]
2025-11-18T01:18:26+01:00,[60],[0]
2025-11-18T01:18:25+01:00,[60],[0]
2025-11-18T01:18:24+01:00,[60],[0]
2025-11-18T01:18:23+01:00,[60],[0]
2025-11-18T01:18:22+01:00,[60],[0]
2025-11-18T01:18:21+01:00,[60],[0]
2025-11-18T01:18:20+01:00,[60],[0]
2025-11-18T01:18:19+01:00,[60],[0]
2025-11-18T01:18:18+01:00,[60],[0]
2025-11-18T01:18:17+01:00,[60],[0]
2025-11-18T01:18:16+01:00,[60],[0]
2025-11-18T01:18:15+01:00,[60],[0]
2025-11-18T01:18:14+01:00,[60],[0]
2025-11-18T01:18:13+01:00,[60],[0]
2025-11-18T01:18:12+01:00,[60],[0]
2025-11-18T01:18:11+01:00,[60],[0]
2025-11-18T01:18:10+01:00,[60],[0]
2025-11-18T01:18:09+01:00,[60],[0]
2025-11-18T01:18:08+01:00,[60],[0]
2025-11-18T01:18:07+01:00,[60],[0]
2025-11-18T01:18:06+01:00,[60],[0]
2025-11-18T01:18:05+01:00,[60],[0]
2025-11-18T01:18:04+01:00,[60],[0]
2025-11-18T01:18:03+01:00,[60],[0]
2025-11-18T01:18:01+01:00,[60],[0]
2025-11-18T01:18:00+01:00,[60],[0]
2025-11-18T01:17:59+01:00,[60],[0]
2025-11-18T01:17:58+01:00,[60],[0]
2025-11-18T01:17:57+01:00,[60],[0]
2025-11-18T01:17:56+01:00,[60],[0]
2025-11-18T01:17:55+01:00,[60],[0]
2025-11-18T01:17:54+01:00,[60],[0]
2025-11-18T01:17:53+01:00,[60],[0]
2025-11-18T01:17:52+01:00,[60],[0]
2025-11-18T01:17:51+01:00,[60],[0]
2025-11-18T01:17:50+01:00,[60],[0]
2025-11-18T01:17:49+01:00,[60],[0]
2025-11-18T01:17:48+01:00,[60],[0]
2025-11-18T01:17:47+01:00,[60],[0]
2025-11-18T01:17:46+01:00,[60],[0]
2025-11-18T01:17:45+01:00,[60],[0]
2025-11-18T01:17:44+01:00,[60],[0]
2025-11-18T01:17:43+01:00,[60],[0]
2025-11-18T01:17:42+01:00,[60],[0]
2025-11-18T01:17:41+01:00,[60],[0]
2025-11-18T01:17:40+01:00,[60],[0]
2025-11-18T01:17:39+01:00,[60],[0]
2025-11-18T01:17:38+01:00,[60],[0]
2025-11-18T01:17:37+01:00,[60],[0]
2025-11-18T01:17:36+01:00,[60],[0]
2025-11-18T01:17:35+01:00,[60],[0]
2025-11-18T01:17:34+01:00,[60],[0]
2025-11-18T01:17:33+01:00,[60],[0]
2025-11-18T01:17:32+01:00,[60],[0]
2025-11-18T01:17:31+01:00,[60],[0]
2025-11-18T01:17:30+01:00,[60],[0]
2025-11-18T01:17:29+01:00,[60],[0]
2025-11-18T01:17:28+01:00,[60],[0]
2025-11-18T01:17:27+01:00,[60],[0]
2025-11-18T01:17:26+01:00,[60],[0]
2025-11-18T01:17:25+01:00,[60],[0]
2025-11-18T01:17:24+01:00,[60],[0]
2025-11-18T01:17:23+01:00,[60],[0]
2025-11-18T01:17:22+01:00,[60],[0]
2025-11-18T01:17:21+01:00,[60],[0]
2025-11-18T01:17:20+01:00,[60],[0]
2025-11-18T01:17:19+01:00,[60],[0]
2025-11-18T01:17:18+01:00,[60],[0]
2025-11-18T01:17:17+01:00,[60],[0]
2025-11-18T01:17:16+01:00,[60],[0]
2025-11-18T01:17:15+01:00,[60],[0]
2025-11-18T01:17:14+01:00,[60],[0]
2025-11-18T01:17:13+01:00,[60],[0]
2025-11-18T01:17:12+01:00,[60],[0]
2025-11-18T01:17:11+01:00,[60],[0]
2025-11-18T01:17:10+01:00,[60],[0]
2025-11-18T01:17:09+01:00,[60],[0]
2025-11-18T01:17:08+01:00,[60],[0]
2025-11-18T01:17:07+01:00,[60],[0]
2025-11-18T01:17:06+01:00,[60],[0]
2025-11-18T01:17:05+01:00,[60],[0]
2025-11-18T01:17:04+01:00,[60],[0]
2025-11-18T01:17:03+01:00,[60],[0]
2025-11-18T01:17:02+01:00,[60],[0]
2025-11-18T01:17:01+01:00,[60],[0]
2025-11-18T01:17:00+01:00,[60],[0]
2025-11-18T01:16:59+01:00,[60],[0]
2025-11-18T01:16:58+01:00,[60],[0]
2025-11-18T01:16:57+01:00,[60],[0]
2025-11-18T01:16:56+01:00,[60],[0]
2025-11-18T01:16:55+01:00,[60],[0]
2025-11-18T01:16:54+01:00,[60],[0]
2025-11-18T01:16:53+01:00,[60],[0]
2025-11-18T01:16:52+01:00,[60],[0]
2025-11-18T01:16:51+01:00,[60],[0]
2025-11-18T01:16:50+01:00,[60],[0]
2025-11-18T01:16:49+01:00,[60],[0]
2025-11-18T01:16:48+01:00,[60],[0]
2025-11-18T01:16:47+01:00,[60],[0]
2025-11-18T01:16:46+01:00,[60],[0]
2025-11-18T01:16:45+01:00,[60],[0]
2025-11-18T01:16:44+01:00,[60],[0]
2025-11-18T01:16:43+01:00,[60],[0]
2025-11-18T01:16:42+01:00,[60],[0]
2025-11-18T01:16:41+01:00,[60],[0]
2025-11-18T01:16:40+01:00,[60],[0]
2025-11-18T01:16:39+01:00,[60],[0]
2025-11-18T01:16:38+01:00,[60],[0]
2025-11-18T01:16:37+01:00,[60],[0]
2025-11-18T01:16:36+01:00,[60],[0]
2025-11-18T01:16:35+01:00,[60],[0]
2025-11-18T01:16:34+01:00,[60],[0]
2025-11-18T01:16:33+01:00,[60],[0]
2025-11-18T01:16:32+01:00,[60],[0]
2025-11-18T01:16:31+01:00,[60],[0]
2025-11-18T01:16:30+01:00,[60],[0]
2025-11-18T01:16:29+01:00,[60],[0]
2025-11-18T01:16:28+01:00,[60],[0]
2025-11-18T01:16:27+01:00,[60],[0]
2025-11-18T01:16:26+01:00,[60],[0]
2025-11-18T01:16:25+01:00,[60],[0]
2025-11-18T01:16:24+01:00,[60],[0]
2025-11-18T01:16:23+01:00,[60],[0]
2025-11-18T01:16:22+01:00,[60],[0]
2025-11-18T01:16:21+01:00,[60],[0]
2025-11-18T01:16:20+01:00,[60],[0]
2025-11-18T01:16:19+01:00,[60],[0]
2025-11-18T01:16:18+01:00,[60],[0]
2025-11-18T01:16:17+01:00,[60],[0]
2025-11-18T01:16:16+01:00,[60],[0]
2025-11-18T01:16:15+01:00,[60],[0]
2025-11-18T01:16:14+01:00,[60],[0]
2025-11-18T01:16:13+01:00,[60],[0]
2025-11-18T01:16:12+01:00,[60],[0]
2025-11-18T01:16:11+01:00,[60],[0]
2025-11-18T01:16:10+01:00,[60],[0]
2025-11-18T01:16:09+01:00,[60],[0]
2025-11-18T01:16:08+01:00,[60],[0]
2025-11-18T01:16:07+01:00,[60],[0]
2025-11-18T01:16:06+01:00,[60],[0]
2025-11-18T01:16:05+01:00,[60],[0]
2025-11-18T01:16:04+01:00,[60],[0]
2025-11-18T01:16:03+01:00,[60],[0]
2025-11-18T01:16:02+01:00,[60],[0]
2025-11-18T01:16:01+01:00,[60],[0]
2025-11-18T01:16:00+01:00,[60],[0]
2025-11-18T01:15:59+01:00,[60],[0]
2025-11-18T01:15:58+01:00,[60],[0]
2025-11-18T01:15:57+01:00,[60],[0]
2025-11-18T01:15:55+01:00,[60],[0]
2025-11-18T01:15:54+01:00,[60],[0]
2025-11-18T01:15:53+01:00,[60],[0]
2025-11-18T01:15:52+01:00,[60],[0]
2025-11-18T01:15:51+01:00,[60],[0]
2025-11-18T01:15:50+01:00,[60],[0]
2025-11-18T01:15:49+01:00,[60],[0]
2025-11-18T01:15:48+01:00,[60],[0]
2025-11-18T01:15:47+01:00,[60],[0]
2025-11-18T01:15:46+01:00,[60],[0]
2025-11-18T01:15:45+01:00,[60],[0]
2025-11-18T01:15:44+01:00,[60],[0]
2025-11-18T01:15:43+01:00,[60],[0]
2025-11-18T01:15:42+01:00,[60],[0]
2025-11-18T01:15:41+01:00,[60],[0]
2025-11-18T01:15:40+01:00,[60],[0]
2025-11-18T01:15:39+01:00,[60],[0]
2025-11-18T01:15:38+01:00,[60],[0]
2025-11-18T01:15:37+01:00,[60],[0]
2025-11-18T01:15:36+01:00,[60],[0]
2025-11-18T01:15:35+01:00,[60],[0]
2025-11-18T01:15:34+01:00,[60],[0]
2025-11-18T01:15:33+01:00,[60],[0]
2025-11-18T01:15:32+01:00,[60],[0]
2025-11-18T01:15:31+01:00,[60],[0]
2025-11-18T01:15:30+01:00,[60],[0]
2025-11-18T01:15:29+01:00,[60],[0]
2025-11-18T01:15:28+01:00,[60],[0]
2025-11-18T01:15:27+01:00,[60],[0]
2025-11-18T01:15:26+01:00,[60],[0]
2025-11-18T01:15:25+01:00,[60],[0]
2025-11-18T01:15:24+01:00,[60],[0]
2025-11-18T01:15:23+01:00,[60],[0]
2025-11-18T01:15:22+01:00,[60],[0]
2025-11-18T01:15:21+01:00,[60],[0]
2025-11-18T01:15:20+01:00,[60],[0]
2025-11-18T01:15:19+01:00,[60],[0]
2025-11-18T01:15:18+01:00,[60],[0]
2025-11-18T01:15:17+01:00,[60],[0]
2025-11-18T01:15:16+01:00,[60],[0]
2025-11-18T01:15:15+01:00,[60],[0]
2025-11-18T01:15:14+01:00,[60],[0]
2025-11-18T01:15:13+01:00,[60],[0]
2025-11-18T01:15:12+01:00,[60],[0]
2025-11-18T01:15:11+01:00,[60],[0]
2025-11-18T01:15:10+01:00,[60],[0.012]
2025-11-18T01:15:09+01:00,[60],[0]
2025-11-18T01:15:08+01:00,[60],[0]
2025-11-18T01:15:07+01:00,[60],[0]
2025-11-18T01:15:06+01:00,[60],[0]
2025-11-18T01:15:05+01:00,[60],[0]
2025-11-18T01:15:04+01:00,[60],[0]
2025-11-18T01:15:03+01:00,[60],[0]
2025-11-18T01:15:02+01:00,[60],[0]
2025-11-18T01:15:01+01:00,[60],[0]
2025-11-18T01:15:00+01:00,[60],[0]
2025-11-18T01:14:59+01:00,[60],[0]
2025-11-18T01:14:58+01:00,[60],[0]
2025-11-18T01:14:57+01:00,[60],[0]
2025-11-18T01:14:56+01:00,[60],[0]
2025-11-18T01:14:55+01:00,[60],[0]
2025-11-18T01:14:54+01:00,[60],[0]
2025-11-18T01:14:53+01:00,[60],[0]
2025-11-18T01:14:52+01:00,[60],[0]
2025-11-18T01:14:51+01:00,[60],[0]
2025-11-18T01:14:50+01:00,[60],[0]
2025-11-18T01:14:49+01:00,[60],[0]
2025-11-18T01:14:48+01:00,[60],[0]
2025-11-18T01:14:47+01:00,[60],[0]
2025-11-18T01:14:46+01:00,[60],[0]
2025-11-18T01:14:45+01:00,[60],[0]
2025-11-18T01:14:44+01:00,[60],[0]
2025-11-18T01:14:43+01:00,[60],[0]
2025-11-18T01:14:42+01:00,[60],[0]
2025-11-18T01:14:41+01:00,[60],[0]
2025-11-18T01:14:40+01:00,[60],[0]
2025-11-18T01:14:39+01:00,[60],[0]
2025-11-18T01:14:38+01:00,[60],[0]
2025-11-18T01:14:37+01:00,[60],[0]
2025-11-18T01:14:36+01:00,[60],[0]
2025-11-18T01:14:35+01:00,[60],[0]
2025-11-18T01:14:34+01:00,[60],[0]
2025-11-18T01:14:33+01:00,[60],[0]
2025-11-18T01:14:32+01:00,[60],[0]
2025-11-18T01:14:31+01:00,[60],[0]
2025-11-18T01:14:30+01:00,[60],[0]
2025-11-18T01:14:29+01:00,[60],[0]
2025-11-18T01:14:28+01:00,[60],[0]
2025-11-18T01:14:27+01:00,[60],[0]
2025-11-18T01:14:26+01:00,[60],[0]
2025-11-18T01:14:25+01:00,[60],[0]
2025-11-18T01:14:24+01:00,[60],[0]
2025-11-18T01:14:23+01:00,[60],[0]
2025-11-18T01:14:22+01:00,[60],[0]
2025-11-18T01:14:21+01:00,[60],[0]
2025-11-18T01:14:20+01:00,[60],[0]
2025-11-18T01:14:19+01:00,[60],[0]
2025-11-18T01:14:18+01:00,[60],[0]
2025-11-18T01:14:17+01:00,[60],[0]
2025-11-18T01:14:16+01:00,[60],[0]
2025-11-18T01:14:15+01:00,[60],[0]
2025-11-18T01:14:14+01:00,[60],[0]
2025-11-18T01:14:13+01:00,[60],[0]
2025-11-18T01:14:12+01:00,[60],[0]
2025-11-18T01:14:11+01:00,[60],[0]
2025-11-18T01:14:10+01:00,[60],[0]
2025-11-18T01:14:09+01:00,[60],[0]
2025-11-18T01:14:08+01:00,[60],[0]
2025-11-18T01:14:07+01:00,[60],[0]
2025-11-18T01:14:06+01:00,[60],[0.036]
2025-11-18T01:14:05+01:00,[60],[0]
2025-11-18T01:14:04+01:00,[60],[0]
2025-11-18T01:14:03+01:00,[60],[0]
2025-11-18T01:14:02+01:00,[60],[0]
2025-11-18T01:14:01+01:00,[60],[0]
2025-11-18T01:14:00+01:00,[60],[0]
2025-11-18T01:13:59+01:00,[60],[0]
2025-11-18T01:13:58+01:00,[60],[0]
2025-11-18T01:13:57+01:00,[60],[0]
2025-11-18T01:13:56+01:00,[60],[0]
2025-11-18T01:13:55+01:00,[60],[0]
2025-11-18T01:13:54+01:00,[60],[0]
2025-11-18T01:13:53+01:00,[60],[0]
2025-11-18T01:13:52+01:00,[60],[0]
2025-11-18T01:13:51+01:00,[60],[0]
2025-11-18T01:13:49+01:00,[60],[0]
2025-11-18T01:13:48+01:00,[60],[0]
2025-11-18T01:13:47+01:00,[60],[0]
2025-11-18T01:13:46+01:00,[60],[0]
2025-11-18T01:13:45+01:00,[60],[0]
2025-11-18T01:13:44+01:00,[60],[0]
2025-11-18T01:13:43+01:00,[60],[0]
2025-11-18T01:13:42+01:00,[60],[0]
2025-11-18T01:13:41+01:00,[60],[0]
2025-11-18T01:13:40+01:00,[60],[0]
2025-11-18T01:13:39+01:00,[60],[0]
2025-11-18T01:13:38+01:00,[60],[0]
2025-11-18T01:13:37+01:00,[60],[0]
2025-11-18T01:13:36+01:00,[60],[0]
2025-11-18T01:13:35+01:00,[60],[0]
2025-11-18T01:13:34+01:00,[60],[0]
2025-11-18T01:13:33+01:00,[60],[0]
2025-11-18T01:13:32+01:00,[60],[0]
2025-11-18T01:13:31+01:00,[60],[0]
2025-11-18T01:13:30+01:00,[60],[0]
2025-11-18T01:13:29+01:00,[60],[0]
2025-11-18T01:13:28+01:00,[60],[0]
2025-11-18T01:13:27+01:00,[60],[0]
2025-11-18T01:13:26+01:00,[60],[0]
2025-11-18T01:13:25+01:00,[60],[0]
2025-11-18T01:13:24+01:00,[60],[0]
2025-11-18T01:13:23+01:00,[60],[0]
2025-11-18T01:13:22+01:00,[60],[0]
2025-11-18T01:13:21+01:00,[60],[0]
2025-11-18T01:13:20+01:00,[60],[0]
2025-11-18T01:13:19+01:00,[60],[0]
2025-11-18T01:13:18+01:00,[60],[0]
2025-11-18T01:13:17+01:00,[60],[0]
2025-11-18T01:13:16+01:00,[60],[0]
2025-11-18T01:13:15+01:00,[60],[0]
2025-11-18T01:13:14+01:00,[60],[0]
2025-11-18T01:13:13+01:00,[60],[0]
2025-11-18T01:13:12+01:00,[60],[0]
2025-11-18T01:13:11+01:00,[60],[0]
2025-11-18T01:13:10+01:00,[60],[0]
2025-11-18T01:13:09+01:00,[60],[0]
2025-11-18T01:13:08+01:00,[60],[0]
2025-11-18T01:13:07+01:00,[60],[0]
2025-11-18T01:13:06+01:00,[60],[0]
2025-11-18T01:13:05+01:00,[60],[0]
2025-11-18T01:13:04+01:00,[60],[0]
2025-11-18T01:13:03+01:00,[60],[0]
2025-11-18T01:13:02+01:00,[60],[0]
2025-11-18T01:13:01+01:00,[60],[0]
2025-11-18T01:13:00+01:00,[60],[0]
2025-11-18T01:12:59+01:00,[60],[0]
2025-11-18T01:12:58+01:00,[60],[0]
2025-11-18T01:12:57+01:00,[60],[0]
2025-11-18T01:12:56+01:00,[60],[0]
2025-11-18T01:12:55+01:00,[60],[0]
2025-11-18T01:12:54+01:00,[60],[0]
2025-11-18T01:12:53+01:00,[60],[0]
2025-11-18T01:12:52+01:00,[60],[0]
2025-11-18T01:12:51+01:00,[60],[0]
2025-11-18T01:12:50+01:00,[60],[0]
2025-11-18T01:12:49+01:00,[60],[0]
2025-11-18T01:12:48+01:00,[60],[0]
2025-11-18T01:12:47+01:00,[60],[0]
2025-11-18T01:12:46+01:00,[60],[0]
2025-11-18T01:12:45+01:00,[60],[0]
2025-11-18T01:12:44+01:00,[60],[0]
2025-11-18T01:12:43+01:00,[60],[0]
2025-11-18T01:12:42+01:00,[60],[0]
2025-11-18T01:12:41+01:00,[60],[0]
2025-11-18T01:12:40+01:00,[60],[0]
2025-11-18T01:12:39+01:00,[60],[0]
2025-11-18T01:12:38+01:00,[60],[0]
2025-11-18T01:12:37+01:00,[60],[0]
2025-11-18T01:12:36+01:00,[60],[0]
2025-11-18T01:12:35+01:00,[60],[0]
2025-11-18T01:12:34+01:00,[60],[0]
2025-11-18T01:12:33+01:00,[60],[0]
2025-11-18T01:12:32+01:00,[60],[0]
2025-11-18T01:12:31+01:00,[60],[0]
2025-11-18T01:12:30+01:00,[60],[0]
2025-11-18T01:12:29+01:00,[60],[0]
2025-11-18T01:12:28+01:00,[60],[0]
2025-11-18T01:12:27+01:00,[60],[0]
2025-11-18T01:12:26+01:00,[60],[0]
2025-11-18T01:12:25+01:00,[60],[0]
2025-11-18T01:12:24+01:00,[60],[0]
2025-11-18T01:12:23+01:00,[60],[0]
2025-11-18T01:12:22+01:00,[60],[0]
2025-11-18T01:12:21+01:00,[60],[0]
2025-11-18T01:12:20+01:00,[60],[0]
2025-11-18T01:12:19+01:00,[60],[0]
2025-11-18T01:12:18+01:00,[60],[0]
2025-11-18T01:12:17+01:00,[60],[0]
2025-11-18T01:12:16+01:00,[60],[0]
2025-11-18T01:12:15+01:00,[60],[0]
2025-11-18T01:12:14+01:00,[60],[0]
2025-11-18T01:12:13+01:00,[60],[0]
2025-11-18T01:12:12+01:00,[60],[0]
2025-11-18T01:12:11+01:00,[60],[0]
2025-11-18T01:12:10+01:00,[60],[0]
2025-11-18T01:12:09+01:00,[60],[0]
2025-11-18T01:12:08+01:00,[60],[0]
2025-11-18T01:12:07+01:00,[60],[0]
2025-11-18T01:12:06+01:00,[60],[0]
2025-11-18T01:12:05+01:00,[60],[0]
2025-11-18T01:12:04+01:00,[60],[0]
2025-11-18T01:12:03+01:00,[60],[0]
2025-11-18T01:12:02+01:00,[60],[0]
2025-11-18T01:12:01+01:00,[60],[0]
2025-11-18T01:12:00+01:00,[60],[0]
2025-11-18T01:11:59+01:00,[60],[0]
2025-11-18T01:11:58+01:00,[60],[0]
2025-11-18T01:11:57+01:00,[60],[0]
2025-11-18T01:11:56+01:00,[60],[0]
2025-11-18T01:11:55+01:00,[60],[0]
2025-11-18T01:11:54+01:00,[60],[0]
2025-11-18T01:11:53+01:00,[60],[0]
2025-11-18T01:11:52+01:00,[60],[0]
2025-11-18T01:11:51+01:00,[60],[0]
2025-11-18T01:11:50+01:00,[60],[0]
2025-11-18T01:11:49+01:00,[60],[0]
2025-11-18T01:11:48+01:00,[60],[0]
2025-11-18T01:11:47+01:00,[60],[0]
2025-11-18T01:11:46+01:00,[60],[0]
2025-11-18T01:11:45+01:00,[60],[0]
2025-11-18T01:11:43+01:00,[60],[0]
2025-11-18T01:11:42+01:00,[60],[0]
2025-11-18T01:11:41+01:00,[60],[0]
2025-11-18T01:11:40+01:00,[60],[0]
2025-11-18T01:11:39+01:00,[60],[0]
2025-11-18T01:11:38+01:00,[60],[0]
2025-11-18T01:11:37+01:00,[60],[0]
2025-11-18T01:11:36+01:00,[60],[0]
2025-11-18T01:11:35+01:00,[60],[0]
2025-11-18T01:11:34+01:00,[60],[0]
2025-11-18T01:11:33+01:00,[60],[0]
2025-11-18T01:11:32+01:00,[60],[0]
2025-11-18T01:11:31+01:00,[60],[0]
2025-11-18T01:11:30+01:00,[60],[0]
2025-11-18T01:11:29+01:00,[60],[0]
2025-11-18T01:11:28+01:00,[60],[0]
2025-11-18T01:11:27+01:00,[60],[0]
2025-11-18T01:11:26+01:00,[60],[0]
2025-11-18T01:11:25+01:00,[60],[0]
2025-11-18T01:11:24+01:00,[60],[0]
2025-11-18T01:11:23+01:00,[60],[0]
2025-11-18T01:11:22+01:00,[60],[0]
2025-11-18T01:11:21+01:00,[60],[0]
2025-11-18T01:11:20+01:00,[60],[0]
2025-11-18T01:11:19+01:00,[60],[0]
2025-11-18T01:11:18+01:00,[60],[0]
2025-11-18T01:11:17+01:00,[60],[0]
2025-11-18T01:11:16+01:00,[60],[0]
2025-11-18T01:11:15+01:00,[60],[0]
2025-11-18T01:11:14+01:00,[60],[0]
2025-11-18T01:11:13+01:00,[60],[0]
2025-11-18T01:11:12+01:00,[60],[0]
2025-11-18T01:11:11+01:00,[60],[0]
2025-11-18T01:11:10+01:00,[60],[0]
2025-11-18T01:11:09+01:00,[60],[0]
2025-11-18T01:11:08+01:00,[60],[0]
2025-11-18T01:11:07+01:00,[60],[0]
2025-11-18T01:11:06+01:00,[60],[0]
2025-11-18T01:11:05+01:00,[60],[0]
2025-11-18T01:11:04+01:00,[60],[0]
2025-11-18T01:11:03+01:00,[60],[0]
2025-11-18T01:11:02+01:00,[60],[0]
2025-11-18T01:11:01+01:00,[60],[0]
2025-11-18T01:11:00+01:00,[60],[0]
2025-11-18T01:10:59+01:00,[60],[0]
2025-11-18T01:10:58+01:00,[60],[0]
2025-11-18T01:10:57+01:00,[60],[0]
2025-11-18T01:10:56+01:00,[60],[0]
2025-11-18T01:10:55+01:00,[60],[0]
2025-11-18T01:10:54+01:00,[60],[0]
2025-11-18T01:10:53+01:00,[60],[0]
2025-11-18T01:10:52+01:00,[60],[0]
2025-11-18T01:10:51+01:00,[60],[0]
2025-11-18T01:10:50+01:00,[60],[0]
2025-11-18T01:10:49+01:00,[60],[0]
2025-11-18T01:10:48+01:00,[60],[0]
2025-11-18T01:10:47+01:00,[60],[0]
2025-11-18T01:10:46+01:00,[60],[0]
2025-11-18T01:10:45+01:00,[60],[0]
2025-11-18T01:10:44+01:00,[60],[0]
2025-11-18T01:10:43+01:00,[60],[0]
2025-11-18T01:10:42+01:00,[60],[0]
2025-11-18T01:10:41+01:00,[60],[0]
2025-11-18T01:10:40+01:00,[60],[0]
2025-11-18T01:10:39+01:00,[60],[0]
2025-11-18T01:10:38+01:00,[60],[0]
2025-11-18T01:10:37+01:00,[60],[0]
2025-11-18T01:10:36+01:00,[60],[0]
2025-11-18T01:10:35+01:00,[60],[0]
2025-11-18T01:10:34+01:00,[60],[0]
2025-11-18T01:10:33+01:00,[60],[0]
2025-11-18T01:10:32+01:00,[60],[0]
2025-11-18T01:10:31+01:00,[60],[0]
2025-11-18T01:10:30+01:00,[60],[0]
2025-11-18T01:10:29+01:00,[60],[0]
2025-11-18T01:10:28+01:00,[60],[0]
2025-11-18T01:10:27+01:00,[60],[0]
2025-11-18T01:10:26+01:00,[60],[0]
2025-11-18T01:10:25+01:00,[60],[0]
2025-11-18T01:10:24+01:00,[60],[0]
2025-11-18T01:10:23+01:00,[60],[0]
2025-11-18T01:10:22+01:00,[60],[0]
2025-11-18T01:10:21+01:00,[60],[0]
2025-11-18T01:10:20+01:00,[60],[0]
2025-11-18T01:10:19+01:00,[60],[0]
2025-11-18T01:10:18+01:00,[60],[0]
2025-11-18T01:10:17+01:00,[60],[0]
2025-11-18T01:10:16+01:00,[60],[0]
2025-11-18T01:10:15+01:00,[60],[0]
2025-11-18T01:10:14+01:00,[60],[0]
2025-11-18T01:10:13+01:00,[60],[0]
2025-11-18T01:10:12+01:00,[60],[0]
2025-11-18T01:10:10+01:00,[60],[0]
2025-11-18T01:10:09+01:00,[60],[0]
2025-11-18T01:10:08+01:00,[60],[0]
2025-11-18T01:10:07+01:00,[60],[0]
2025-11-18T01:10:06+01:00,[60],[0]
2025-11-18T01:10:05+01:00,[60],[0]
2025-11-18T01:10:04+01:00,[60],[0]
2025-11-18T01:10:03+01:00,[60],[0]
2025-11-18T01:10:02+01:00,[60],[0]
2025-11-18T01:10:01+01:00,[60],[0]
2025-11-18T01:10:00+01:00,[60],[0]
2025-11-18T01:09:59+01:00,[60],[0]
2025-11-18T01:09:58+01:00,[60],[0]
2025-11-18T01:09:57+01:00,[60],[0]
2025-11-18T01:09:56+01:00,[60],[0]
2025-11-18T01:09:55+01:00,[60],[0]
2025-11-18T01:09:54+01:00,[60],[0]
2025-11-18T01:09:53+01:00,[60],[0]
2025-11-18T01:09:52+01:00,[60],[0]
2025-11-18T01:09:51+01:00,[60],[0]
2025-11-18T01:09:50+01:00,[60],[0]
2025-11-18T01:09:49+01:00,[60],[0]
2025-11-18T01:09:48+01:00,[60],[0]
2025-11-18T01:09:47+01:00,[60],[0]
2025-11-18T01:09:46+01:00,[60],[0]
2025-11-18T01:09:45+01:00,[60],[0]
2025-11-18T01:09:44+01:00,[60],[0]
2025-11-18T01:09:43+01:00,[60],[0]
2025-11-18T01:09:42+01:00,[60],[0]
2025-11-18T01:09:41+01:00,[60],[0]
2025-11-18T01:09:40+01:00,[60],[0]
2025-11-18T01:09:39+01:00,[60],[0]
2025-11-18T01:09:38+01:00,[60],[0]
2025-11-18T01:09:37+01:00,[60],[0]
2025-11-18T01:09:36+01:00,[60],[0]
2025-11-18T01:09:35+01:00,[60],[0]
2025-11-18T01:09:34+01:00,[60],[0]
2025-11-18T01:09:33+01:00,[60],[0]
2025-11-18T01:09:32+01:00,[60],[0]
2025-11-18T01:09:31+01:00,[60],[0]
2025-11-18T01:09:30+01:00,[60],[0]
2025-11-18T01:09:29+01:00,[60],[0]
2025-11-18T01:09:28+01:00,[60],[0]
2025-11-18T01:09:27+01:00,[60],[0]
2025-11-18T01:09:26+01:00,[60],[0]
2025-11-18T01:09:25+01:00,[60],[0]
2025-11-18T01:09:24+01:00,[60],[0]
2025-11-18T01:09:23+01:00,[60],[0]
2025-11-18T01:09:22+01:00,[60],[0]
2025-11-18T01:09:21+01:00,[60],[0]
2025-11-18T01:09:20+01:00,[60],[0]
2025-11-18T01:09:19+01:00,[60],[0]
2025-11-18T01:09:18+01:00,[60],[0]
2025-11-18T01:09:17+01:00,[60],[0]
2025-11-18T01:09:16+01:00,[60],[0]
2025-11-18T01:09:15+01:00,[60],[0]
2025-11-18T01:09:14+01:00,[60],[0]
2025-11-18T01:09:13+01:00,[60],[0]
2025-11-18T01:09:12+01:00,[60],[0]
2025-11-18T01:09:11+01:00,[60],[0]
2025-11-18T01:09:10+01:00,[60],[0]
2025-11-18T01:09:09+01:00,[60],[0]
2025-11-18T01:09:08+01:00,[60],[0]
2025-11-18T01:09:07+01:00,[60],[0]
2025-11-18T01:09:06+01:00,[60],[0]
2025-11-18T01:09:05+01:00,[60],[0]
2025-11-18T01:09:04+01:00,[60],[0]
2025-11-18T01:09:03+01:00,[60],[0]
2025-11-18T01:09:02+01:00,[60],[0]
2025-11-18T01:09:01+01:00,[60],[0]
2025-11-18T01:09:00+01:00,[60],[0]
2025-11-18T01:08:59+01:00,[60],[0]
2025-11-18T01:08:58+01:00,[60],[0]
2025-11-18T01:08:57+01:00,[60],[0]
2025-11-18T01:08:56+01:00,[60],[0]
2025-11-18T01:08:55+01:00,[60],[0]
2025-11-18T01:08:54+01:00,[60],[0]
2025-11-18T01:08:53+01:00,[60],[0]
2025-11-18T01:08:52+01:00,[60],[0]
2025-11-18T01:08:51+01:00,[60],[0]
2025-11-18T01:08:50+01:00,[60],[0]
2025-11-18T01:08:49+01:00,[60],[0]
2025-11-18T01:08:48+01:00,[60],[0]
2025-11-18T01:08:47+01:00,[60],[0]
2025-11-18T01:08:46+01:00,[60],[0]
2025-11-18T01:08:45+01:00,[60],[0]
2025-11-18T01:08:44+01:00,[60],[0]
2025-11-18T01:08:43+01:00,[60],[0]
2025-11-18T01:08:42+01:00,[60],[0]
2025-11-18T01:08:41+01:00,[60],[0]
2025-11-18T01:08:40+01:00,[60],[0]
2025-11-18T01:08:39+01:00,[60],[0]
2025-11-18T01:08:38+01:00,[60],[0]
2025-11-18T01:08:37+01:00,[60],[0]
2025-11-18T01:08:36+01:00,[60],[0]
2025-11-18T01:08:35+01:00,[60],[0]
2025-11-18T01:08:34+01:00,[60],[0]
2025-11-18T01:08:33+01:00,[60],[0]
2025-11-18T01:08:32+01:00,[60],[0]
2025-11-18T01:08:31+01:00,[60],[0]
2025-11-18T01:08:30+01:00,[60],[0]
2025-11-18T01:08:29+01:00,[60],[0]
2025-11-18T01:08:28+01:00,[60],[0]
2025-11-18T01:08:27+01:00,[60],[0]
2025-11-18T01:08:26+01:00,[60],[0]
2025-11-18T01:08:25+01:00,[60],[0]
2025-11-18T01:08:24+01:00,[60],[0]
2025-11-18T01:08:23+01:00,[60],[0]
2025-11-18T01:08:22+01:00,[60],[0]
2025-11-18T01:08:21+01:00,[60],[0]
2025-11-18T01:08:20+01:00,[60],[0]
2025-11-18T01:08:19+01:00,[60],[0]
2025-11-18T01:08:18+01:00,[60],[0]
2025-11-18T01:08:17+01:00,[60],[0]
2025-11-18T01:08:16+01:00,[60],[0]
2025-11-18T01:08:15+01:00,[60],[0]
2025-11-18T01:08:14+01:00,[60],[0]
2025-11-18T01:08:13+01:00,[60],[0]
2025-11-18T01:08:12+01:00,[60],[0]
2025-11-18T01:08:11+01:00,[60],[0]
2025-11-18T01:08:10+01:00,[60],[0]
2025-11-18T01:08:09+01:00,[60],[0]
2025-11-18T01:08:08+01:00,[60],[0]
2025-11-18T01:08:07+01:00,[60],[0]
2025-11-18T01:08:06+01:00,[60],[0]
2025-11-18T01:08:05+01:00,[60],[0]
2025-11-18T01:08:04+01:00,[60],[0]
2025-11-18T01:08:03+01:00,[60],[0]
2025-11-18T01:08:02+01:00,[60],[0]
2025-11-18T01:08:01+01:00,[60],[0]
2025-11-18T01:08:00+01:00,[60],[0]
2025-11-18T01:07:59+01:00,[60],[0]
2025-11-18T01:07:58+01:00,[60],[0]
2025-11-18T01:07:57+01:00,[60],[0]
2025-11-18T01:07:56+01:00,[60],[0]
2025-11-18T01:07:55+01:00,[60],[0]
2025-11-18T01:07:54+01:00,[60],[0]
2025-11-18T01:07:53+01:00,[60],[0]
2025-11-18T01:07:52+01:00,[60],[0]
2025-11-18T01:07:51+01:00,[60],[0]
2025-11-18T01:07:50+01:00,[60],[0]
2025-11-18T01:07:49+01:00,[60],[0]
2025-11-18T01:07:48+01:00,[60],[0]
2025-11-18T01:07:47+01:00,[60],[0]
2025-11-18T01:07:46+01:00,[60],[0]
2025-11-18T01:07:45+01:00,[60],[0]
2025-11-18T01:07:44+01:00,[60],[0]
2025-11-18T01:07:43+01:00,[60],[0]
2025-11-18T01:07:42+01:00,[60],[0]
2025-11-18T01:07:41+01:00,[60],[0]
2025-11-18T01:07:40+01:00,[60],[0]
2025-11-18T01:07:39+01:00,[60],[0]
2025-11-18T01:07:38+01:00,[60],[0]
2025-11-18T01:07:37+01:00,[60],[0]
2025-11-18T01:07:36+01:00,[60],[0]
2025-11-18T01:07:35+01:00,[60],[0]
2025-11-18T01:07:34+01:00,[60],[0]
2025-11-18T01:07:33+01:00,[60],[0]
2025-11-18T01:07:32+01:00,[60],[0]
2025-11-18T01:07:31+01:00,[60],[0]
2025-11-18T01:07:30+01:00,[60],[0]
2025-11-18T01:07:29+01:00,[60],[0]
2025-11-18T01:07:28+01:00,[60],[0]
2025-11-18T01:07:27+01:00,[60],[0]
2025-11-18T01:07:26+01:00,[60],[0]
2025-11-18T01:07:25+01:00,[60],[0]
2025-11-18T01:07:24+01:00,[60],[0]
2025-11-18T01:07:23+01:00,[60],[0]
2025-11-18T01:07:22+01:00,[60],[0]
2025-11-18T01:07:21+01:00,[60],[0]
2025-11-18T01:07:20+01:00,[60],[0]
2025-11-18T01:07:19+01:00,[60],[0]
2025-11-18T01:07:18+01:00,[60],[0]
2025-11-18T01:07:17+01:00,[60],[0]
2025-11-18T01:07:16+01:00,[60],[0]
2025-11-18T01:07:15+01:00,[60],[0]
2025-11-18T01:07:14+01:00,[60],[0]
2025-11-18T01:07:13+01:00,[60],[0]
2025-11-18T01:07:12+01:00,[60],[0]
2025-11-18T01:07:11+01:00,[60],[0]
2025-11-18T01:07:10+01:00,[60],[0]
2025-11-18T01:07:09+01:00,[60],[0]
2025-11-18T01:07:08+01:00,[60],[0]
2025-11-18T01:07:07+01:00,[60],[0]
2025-11-18T01:07:06+01:00,[60],[0]
2025-11-18T01:07:05+01:00,[60],[0]
2025-11-18T01:07:04+01:00,[60],[0]
2025-11-18T01:07:03+01:00,[60],[0]
2025-11-18T01:07:02+01:00,[60],[0]
2025-11-18T01:07:01+01:00,[60],[0]
2025-11-18T01:07:00+01:00,[60],[0]
2025-11-18T01:06:59+01:00,[60],[0]
2025-11-18T01:06:58+01:00,[60],[0]
2025-11-18T01:06:57+01:00,[60],[0]
2025-11-18T01:06:56+01:00,[60],[0]
2025-11-18T01:06:55+01:00,[60],[0]
2025-11-18T01:06:54+01:00,[60],[0]
2025-11-18T01:06:53+01:00,[60],[0]
2025-11-18T01:06:52+01:00,[60],[0]
2025-11-18T01:06:51+01:00,[60],[0]
2025-11-18T01:06:50+01:00,[60],[0]
2025-11-18T01:06:49+01:00,[60],[0]
2025-11-18T01:06:48+01:00,[60],[0]
2025-11-18T01:06:47+01:00,[60],[0]
2025-11-18T01:06:46+01:00,[60],[0]
2025-11-18T01:06:45+01:00,[60],[0]
2025-11-18T01:06:44+01:00,[60],[0]
2025-11-18T01:06:43+01:00,[60],[0]
2025-11-18T01:06:42+01:00,[60],[0]
2025-11-18T01:06:41+01:00,[60],[0]
2025-11-18T01:06:40+01:00,[60],[0]
2025-11-18T01:06:39+01:00,[60],[0]
2025-11-18T01:06:38+01:00,[60],[0]
2025-11-18T01:06:37+01:00,[60],[0]
2025-11-18T01:06:36+01:00,[60],[0]
2025-11-18T01:06:35+01:00,[60],[0]
2025-11-18T01:06:34+01:00,[60],[0]
2025-11-18T01:06:33+01:00,[60],[0]
2025-11-18T01:06:32+01:00,[60],[0]
2025-11-18T01:06:31+01:00,[60],[0]
2025-11-18T01:06:30+01:00,[60],[0]
2025-11-18T01:06:29+01:00,[60],[0]
2025-11-18T01:06:28+01:00,[60],[0]
2025-11-18T01:06:27+01:00,[60],[0]
2025-11-18T01:06:26+01:00,[60],[0]
2025-11-18T01:06:25+01:00,[60],[0]
2025-11-18T01:06:24+01:00,[60],[0]
2025-11-18T01:06:23+01:00,[60],[0]
2025-11-18T01:06:22+01:00,[60],[0]
2025-11-18T01:06:21+01:00,[60],[0]
2025-11-18T01:06:20+01:00,[60],[0]
2025-11-18T01:06:19+01:00,[60],[0]
2025-11-18T01:06:18+01:00,[60],[0]
2025-11-18T01:06:17+01:00,[60],[0]
2025-11-18T01:06:16+01:00,[60],[0]
2025-11-18T01:06:15+01:00,[60],[0]
2025-11-18T01:06:14+01:00,[60],[0]
2025-11-18T01:06:13+01:00,[60],[0]
2025-11-18T01:06:12+01:00,[60],[0]
2025-11-18T01:06:11+01:00,[60],[0]
2025-11-18T01:06:10+01:00,[60],[0]
2025-11-18T01:06:09+01:00,[60],[0]
2025-11-18T01:06:08+01:00,[60],[0]
2025-11-18T01:06:07+01:00,[60],[0]
2025-11-18T01:06:06+01:00,[60],[0]
2025-11-18T01:06:05+01:00,[60],[0]
2025-11-18T01:06:04+01:00,[60],[0]
2025-11-18T01:06:03+01:00,[60],[0]
2025-11-18T01:06:02+01:00,[60],[0]
2025-11-18T01:06:01+01:00,[60],[0]
2025-11-18T01:06:00+01:00,[60],[0]
2025-11-18T01:05:59+01:00,[60],[0]
2025-11-18T01:05:58+01:00,[60],[0]
2025-11-18T01:05:57+01:00,[60],[0]
2025-11-18T01:05:56+01:00,[60],[0]
2025-11-18T01:05:55+01:00,[60],[0]
2025-11-18T01:05:54+01:00,[60],[0]
2025-11-18T01:05:53+01:00,[60],[0]
2025-11-18T01:05:52+01:00,[60],[0]
2025-11-18T01:05:51+01:00,[60],[0]
2025-11-18T01:05:50+01:00,[60],[0]
2025-11-18T01:05:49+01:00,[60],[0]
2025-11-18T01:05:48+01:00,[60],[0]
2025-11-18T01:05:47+01:00,[60],[0]
2025-11-18T01:05:46+01:00,[60],[0]
2025-11-18T01:05:45+01:00,[60],[0]
2025-11-18T01:05:44+01:00,[60],[0]
2025-11-18T01:05:43+01:00,[60],[0]
2025-11-18T01:05:42+01:00,[60],[0]
2025-11-18T01:05:41+01:00,[60],[0]
2025-11-18T01:05:40+01:00,[60],[0]
2025-11-18T01:05:39+01:00,[60],[0]
2025-11-18T01:05:38+01:00,[60],[0]
2025-11-18T01:05:37+01:00,[60],[0]
2025-11-18T01:05:36+01:00,[60],[0]
2025-11-18T01:05:35+01:00,[60],[0]
2025-11-18T01:05:34+01:00,[60],[0]
2025-11-18T01:05:33+01:00,[60],[0]
2025-11-18T01:05:32+01:00,[60],[0]
2025-11-18T01:05:31+01:00,[60],[0]
2025-11-18T01:05:30+01:00,[60],[0]
2025-11-18T01:05:29+01:00,[60],[0]
2025-11-18T01:05:28+01:00,[60],[0]
2025-11-18T01:05:27+01:00,[60],[0]
2025-11-18T01:05:26+01:00,[60],[0]
2025-11-18T01:05:25+01:00,[60],[0]
2025-11-18T01:05:24+01:00,[60],[0]
2025-11-18T01:05:23+01:00,[60],[0]
2025-11-18T01:05:22+01:00,[60],[0]
2025-11-18T01:05:21+01:00,[60],[0]
2025-11-18T01:05:20+01:00,[60],[0]
2025-11-18T01:05:19+01:00,[60],[0]
2025-11-18T01:05:18+01:00,[60],[0]
2025-11-18T01:05:17+01:00,[60],[0]
2025-11-18T01:05:16+01:00,[60],[0]
2025-11-18T01:05:15+01:00,[60],[0]
2025-11-18T01:05:14+01:00,[60],[0]
2025-11-18T01:05:13+01:00,[60],[0]
2025-11-18T01:05:12+01:00,[60],[0]
2025-11-18T01:05:11+01:00,[60],[0]
2025-11-18T01:05:10+01:00,[60],[0]
2025-11-18T01:05:09+01:00,[60],[0]
2025-11-18T01:05:08+01:00,[60],[0]
2025-11-18T01:05:07+01:00,[60],[0]
2025-11-18T01:05:06+01:00,[60],[0]
2025-11-18T01:05:05+01:00,[60],[0]
2025-11-18T01:05:04+01:00,[60],[0]
2025-11-18T01:05:03+01:00,[60],[0]
2025-11-18T01:05:02+01:00,[60],[0]
2025-11-18T01:05:01+01:00,[60],[0]
2025-11-18T01:05:00+01:00,[60],[0]
2025-11-18T01:04:59+01:00,[60],[0]
2025-11-18T01:04:58+01:00,[60],[0]
2025-11-18T01:04:57+01:00,[60],[0]
2025-11-18T01:04:56+01:00,[60],[0]
2025-11-18T01:04:55+01:00,[60],[0]
2025-11-18T01:04:54+01:00,[60],[0]
2025-11-18T01:04:53+01:00,[60],[0]
2025-11-18T01:04:52+01:00,[60],[0]
2025-11-18T01:04:51+01:00,[60],[0]
2025-11-18T01:04:50+01:00,[60],[0]
2025-11-18T01:04:49+01:00,[60],[0]
2025-11-18T01:04:48+01:00,[60],[0]
2025-11-18T01:04:47+01:00,[60],[0]
2025-11-18T01:04:46+01:00,[60],[0]
2025-11-18T01:04:45+01:00,[60],[0]
2025-11-18T01:04:44+01:00,[60],[0]
2025-11-18T01:04:43+01:00,[60],[0]
2025-11-18T01:04:42+01:00,[60],[0]
2025-11-18T01:04:41+01:00,[60],[0]
2025-11-18T01:04:40+01:00,[60],[0]
2025-11-18T01:04:39+01:00,[60],[0]
2025-11-18T01:04:38+01:00,[60],[0]
2025-11-18T01:04:37+01:00,[60],[0]
2025-11-18T01:04:36+01:00,[60],[0]
2025-11-18T01:04:35+01:00,[60],[0]
2025-11-18T01:04:34+01:00,[60],[0]
2025-11-18T01:04:33+01:00,[60],[0]
2025-11-18T01:04:32+01:00,[60],[0]
2025-11-18T01:04:31+01:00,[60],[0]
2025-11-18T01:04:30+01:00,[60],[0]
2025-11-18T01:04:29+01:00,[60],[0]
2025-11-18T01:04:28+01:00,[60],[0]
2025-11-18T01:04:27+01:00,[60],[0]
2025-11-18T01:04:26+01:00,[60],[0]
2025-11-18T01:04:25+01:00,[60],[0]
2025-11-18T01:04:24+01:00,[60],[0]
2025-11-18T01:04:23+01:00,[60],[0]
2025-11-18T01:04:22+01:00,[60],[0]
2025-11-18T01:04:21+01:00,[60],[0]
2025-11-18T01:04:20+01:00,[60],[0]
2025-11-18T01:04:19+01:00,[60],[0]
2025-11-18T01:04:18+01:00,[60],[0]
2025-11-18T01:04:17+01:00,[60],[0]
2025-11-18T01:04:16+01:00,[60],[0]
2025-11-18T01:04:15+01:00,[60],[0]
2025-11-18T01:04:14+01:00,[60],[0]
2025-11-18T01:04:13+01:00,[60],[0]
2025-11-18T01:04:12+01:00,[60],[0]
2025-11-18T01:04:11+01:00,[60],[0]
2025-11-18T01:04:10+01:00,[60],[0]
2025-11-18T01:04:09+01:00,[60],[0]
2025-11-18T01:04:08+01:00,[60],[0]
2025-11-18T01:04:07+01:00,[60],[0]
2025-11-18T01:04:06+01:00,[60],[0]
2025-11-18T01:04:05+01:00,[60],[0]
2025-11-18T01:04:04+01:00,[60],[0]
2025-11-18T01:04:03+01:00,[60],[0]
2025-11-18T01:04:02+01:00,[60],[0]
2025-11-18T01:04:01+01:00,[60],[0]
2025-11-18T01:04:00+01:00,[60],[0]
2025-11-18T01:03:59+01:00,[60],[0]
2025-11-18T01:03:58+01:00,[60],[0]
2025-11-18T01:03:57+01:00,[60],[0]
2025-11-18T01:03:56+01:00,[60],[0]
2025-11-18T01:03:55+01:00,[60],[0]
2025-11-18T01:03:54+01:00,[60],[0]
2025-11-18T01:03:53+01:00,[60],[0]
2025-11-18T01:03:52+01:00,[60],[0]
2025-11-18T01:03:51+01:00,[60],[0]
2025-11-18T01:03:50+01:00,[60],[0]
2025-11-18T01:03:49+01:00,[60],[0]
2025-11-18T01:03:48+01:00,[60],[0]
2025-11-18T01:03:47+01:00,[60],[0]
2025-11-18T01:03:46+01:00,[60],[0]
2025-11-18T01:03:45+01:00,[60],[0]
2025-11-18T01:03:44+01:00,[60],[0]
2025-11-18T01:03:43+01:00,[60],[0]
2025-11-18T01:03:42+01:00,[60],[0]
2025-11-18T01:03:41+01:00,[60],[0]
2025-11-18T01:03:40+01:00,[60],[0]
2025-11-18T01:03:39+01:00,[60],[0]
2025-11-18T01:03:38+01:00,[60],[0]
2025-11-18T01:03:37+01:00,[60],[0]
2025-11-18T01:03:36+01:00,[60],[0]
2025-11-18T01:03:35+01:00,[60],[0]
2025-11-18T01:03:34+01:00,[60],[0]
2025-11-18T01:03:33+01:00,[60],[0]
2025-11-18T01:03:32+01:00,[60],[0]
2025-11-18T01:03:31+01:00,[60],[0]
2025-11-18T01:03:30+01:00,[60],[0]
2025-11-18T01:03:29+01:00,[60],[0]
2025-11-18T01:03:28+01:00,[60],[0]
2025-11-18T01:03:27+01:00,[60],[0]
2025-11-18T01:03:26+01:00,[60],[0]
2025-11-18T01:03:25+01:00,[60],[0]
2025-11-18T01:03:24+01:00,[60],[0]
2025-11-18T01:03:23+01:00,[60],[0]
2025-11-18T01:03:22+01:00,[60],[0]
2025-11-18T01:03:21+01:00,[60],[0]
2025-11-18T01:03:20+01:00,[60],[0]
2025-11-18T01:03:19+01:00,[60],[0]
2025-11-18T01:03:18+01:00,[60],[0]
2025-11-18T01:03:17+01:00,[60],[0]
2025-11-18T01:03:16+01:00,[60],[0]
2025-11-18T01:03:15+01:00,[60],[0]
2025-11-18T01:03:14+01:00,[60],[0]
2025-11-18T01:03:13+01:00,[60],[0]
2025-11-18T01:03:12+01:00,[60],[0]
2025-11-18T01:03:11+01:00,[60],[0]
2025-11-18T01:03:10+01:00,[60],[0]
2025-11-18T01:03:09+01:00,[60],[0]
2025-11-18T01:03:08+01:00,[60],[0]
2025-11-18T01:03:07+01:00,[60],[0]
2025-11-18T01:03:06+01:00,[60],[0]
2025-11-18T01:03:05+01:00,[60],[0]
2025-11-18T01:03:04+01:00,[60],[0]
2025-11-18T01:03:03+01:00,[60],[0]
2025-11-18T01:03:02+01:00,[60],[0]
2025-11-18T01:03:01+01:00,[60],[0]
2025-11-18T01:03:00+01:00,[60],[0]
2025-11-18T01:02:59+01:00,[60],[0]
2025-11-18T01:02:58+01:00,[60],[0]
2025-11-18T01:02:57+01:00,[60],[0]
2025-11-18T01:02:56+01:00,[60],[0]
2025-11-18T01:02:55+01:00,[60],[0]
2025-11-18T01:02:54+01:00,[60],[0]
2025-11-18T01:02:53+01:00,[60],[0]
2025-11-18T01:02:52+01:00,[60],[0]
2025-11-18T01:02:51+01:00,[60],[0]
2025-11-18T01:02:50+01:00,[60],[0]
2025-11-18T01:02:49+01:00,[60],[0]
2025-11-18T01:02:48+01:00,[60],[0]
2025-11-18T01:02:47+01:00,[60],[0]
2025-11-18T01:02:46+01:00,[60],[0]
2025-11-18T01:02:45+01:00,[60],[0]
2025-11-18T01:02:44+01:00,[60],[0]
2025-11-18T01:02:43+01:00,[60],[0]
2025-11-18T01:02:42+01:00,[60],[0]
2025-11-18T01:02:41+01:00,[60],[0]
2025-11-18T01:02:40+01:00,[60],[0]
2025-11-18T01:02:39+01:00,[60],[0]
2025-11-18T01:02:38+01:00,[60],[0]
2025-11-18T01:02:37+01:00,[60],[0]
2025-11-18T01:02:36+01:00,[60],[0]
2025-11-18T01:02:35+01:00,[60],[0]
2025-11-18T01:02:34+01:00,[60],[0]
2025-11-18T01:02:33+01:00,[60],[0]
2025-11-18T01:02:32+01:00,[60],[0]
2025-11-18T01:02:31+01:00,[60],[0]
2025-11-18T01:02:30+01:00,[60],[0]
2025-11-18T01:02:29+01:00,[60],[0]
2025-11-18T01:02:28+01:00,[60],[0]
2025-11-18T01:02:27+01:00,[60],[0]
2025-11-18T01:02:26+01:00,[60],[0]
2025-11-18T01:02:25+01:00,[60],[0]
2025-11-18T01:02:24+01:00,[60],[0]
2025-11-18T01:02:23+01:00,[60],[0]
2025-11-18T01:02:22+01:00,[60],[0]
2025-11-18T01:02:21+01:00,[60],[0]
2025-11-18T01:02:20+01:00,[60],[0]
2025-11-18T01:02:19+01:00,[60],[0]
2025-11-18T01:02:18+01:00,[60],[0]
2025-11-18T01:02:17+01:00,[60],[0]
2025-11-18T01:02:16+01:00,[60],[0]
2025-11-18T01:02:15+01:00,[60],[0]
2025-11-18T01:02:14+01:00,[60],[0]
2025-11-18T01:02:13+01:00,[60],[0]
2025-11-18T01:02:12+01:00,[60],[0]
2025-11-18T01:02:11+01:00,[60],[0]
2025-11-18T01:02:10+01:00,[60],[0]
2025-11-18T01:02:09+01:00,[60],[0]
2025-11-18T01:02:08+01:00,[60],[0]
2025-11-18T01:02:07+01:00,[60],[0]
2025-11-18T01:02:06+01:00,[60],[0]
2025-11-18T01:02:05+01:00,[60],[0]
2025-11-18T01:02:04+01:00,[60],[0]
2025-11-18T01:02:03+01:00,[60],[0]
2025-11-18T01:02:02+01:00,[60],[0]
2025-11-18T01:02:01+01:00,[60],[0]
2025-11-18T01:02:00+01:00,[60],[0]
2025-11-18T01:01:59+01:00,[60],[0]
2025-11-18T01:01:58+01:00,[60],[0]
2025-11-18T01:01:57+01:00,[60],[0]
2025-11-18T01:01:56+01:00,[60],[0]
2025-11-18T01:01:55+01:00,[60],[0]
2025-11-18T01:01:54+01:00,[60],[0]
2025-11-18T01:01:53+01:00,[60],[0]
2025-11-18T01:01:52+01:00,[60],[0]
2025-11-18T01:01:51+01:00,[60],[0]
2025-11-18T01:01:50+01:00,[60],[0]
2025-11-18T01:01:49+01:00,[60],[0]
2025-11-18T01:01:48+01:00,[60],[0]
2025-11-18T01:01:47+01:00,[60],[0]
2025-11-18T01:01:46+01:00,[60],[0]
2025-11-18T01:01:45+01:00,[60],[0]
2025-11-18T01:01:44+01:00,[60],[0]
2025-11-18T01:01:43+01:00,[60],[0]
2025-11-18T01:01:42+01:00,[60],[0]
2025-11-18T01:01:41+01:00,[60],[0]
2025-11-18T01:01:40+01:00,[60],[0]
2025-11-18T01:01:39+01:00,[60],[0]
2025-11-18T01:01:38+01:00,[60],[0]
2025-11-18T01:01:37+01:00,[60],[0]
2025-11-18T01:01:36+01:00,[60],[0]
2025-11-18T01:01:35+01:00,[60],[0]
2025-11-18T01:01:34+01:00,[60],[0]
2025-11-18T01:01:33+01:00,[60],[0]
2025-11-18T01:01:32+01:00,[60],[0]
2025-11-18T01:01:31+01:00,[60],[0]
2025-11-18T01:01:30+01:00,[60],[0]
2025-11-18T01:01:29+01:00,[60],[0]
2025-11-18T01:01:28+01:00,[60],[0]
2025-11-18T01:01:27+01:00,[60],[0]
2025-11-18T01:01:26+01:00,[60],[0]
2025-11-18T01:01:25+01:00,[60],[0]
2025-11-18T01:01:24+01:00,[60],[0]
2025-11-18T01:01:23+01:00,[60],[0]
2025-11-18T01:01:22+01:00,[60],[0]
2025-11-18T01:01:21+01:00,[60],[0]
2025-11-18T01:01:20+01:00,[60],[0]
2025-11-18T01:01:19+01:00,[60],[0]
2025-11-18T01:01:18+01:00,[60],[0]
2025-11-18T01:01:17+01:00,[60],[0]
2025-11-18T01:01:16+01:00,[60],[0]
2025-11-18T01:01:15+01:00,[60],[0]
2025-11-18T01:01:14+01:00,[60],[0]
2025-11-18T01:01:13+01:00,[60],[0]
2025-11-18T01:01:12+01:00,[60],[0]
2025-11-18T01:01:11+01:00,[60],[0]
2025-11-18T01:01:10+01:00,[60],[0]
2025-11-18T01:01:09+01:00,[60],[0]
2025-11-18T01:01:08+01:00,[60],[0]
2025-11-18T01:01:07+01:00,[60],[0]
2025-11-18T01:01:06+01:00,[60],[0]
2025-11-18T01:01:05+01:00,[60],[0]
2025-11-18T01:01:04+01:00,[60],[0]
2025-11-18T01:01:03+01:00,[60],[0]
2025-11-18T01:01:02+01:00,[60],[0]
2025-11-18T01:01:01+01:00,[60],[0]
2025-11-18T01:01:00+01:00,[60],[0]
2025-11-18T01:00:59+01:00,[60],[0]
2025-11-18T01:00:58+01:00,[60],[0]
2025-11-18T01:00:57+01:00,[60],[0]
2025-11-18T01:00:56+01:00,[60],[0]
2025-11-18T01:00:55+01:00,[60],[0]
2025-11-18T01:00:54+01:00,[60],[0]
2025-11-18T01:00:53+01:00,[60],[0]
2025-11-18T01:00:52+01:00,[60],[0]
2025-11-18T01:00:51+01:00,[60],[0]
2025-11-18T01:00:50+01:00,[60],[0]
2025-11-18T01:00:49+01:00,[60],[0]
2025-11-18T01:00:48+01:00,[60],[0]
2025-11-18T01:00:47+01:00,[60],[0]
2025-11-18T01:00:46+01:00,[60],[0]
2025-11-18T01:00:45+01:00,[60],[0]
2025-11-18T01:00:44+01:00,[60],[0]
2025-11-18T01:00:43+01:00,[60],[0]
2025-11-18T01:00:42+01:00,[60],[0]
2025-11-18T01:00:41+01:00,[60],[0]
2025-11-18T01:00:40+01:00,[60],[0]
2025-11-18T01:00:39+01:00,[60],[0]
2025-11-18T01:00:38+01:00,[60],[0]
2025-11-18T01:00:37+01:00,[60],[0]
2025-11-18T01:00:36+01:00,[60],[0]
2025-11-18T01:00:35+01:00,[60],[0]
2025-11-18T01:00:34+01:00,[60],[0]
2025-11-18T01:00:33+01:00,[60],[0]
2025-11-18T01:00:32+01:00,[60],[0]
2025-11-18T01:00:31+01:00,[60],[0]
2025-11-18T01:00:30+01:00,[60],[0]
2025-11-18T01:00:29+01:00,[60],[0]
2025-11-18T01:00:28+01:00,[60],[0]
2025-11-18T01:00:27+01:00,[60],[0]
2025-11-18T01:00:26+01:00,[60],[0]
2025-11-18T01:00:25+01:00,[60],[0]
2025-11-18T01:00:24+01:00,[60],[0]
2025-11-18T01:00:23+01:00,[60],[0]
2025-11-18T01:00:22+01:00,[60],[0]
2025-11-18T01:00:21+01:00,[60],[0]
2025-11-18T01:00:20+01:00,[60],[0]
2025-11-18T01:00:19+01:00,[60],[0]
2025-11-18T01:00:18+01:00,[60],[0]
2025-11-18T01:00:17+01:00,[60],[0]
2025-11-18T01:00:16+01:00,[60],[0]
2025-11-18T01:00:15+01:00,[60],[0]
2025-11-18T01:00:14+01:00,[60],[0]
2025-11-18T01:00:13+01:00,[60],[0]
2025-11-18T01:00:12+01:00,[60],[0]
2025-11-18T01:00:11+01:00,[60],[0]
2025-11-18T01:00:10+01:00,[60],[0]
2025-11-18T01:00:09+01:00,[60],[0]
2025-11-18T01:00:08+01:00,[60],[0]
2025-11-18T01:00:07+01:00,[60],[0]
2025-11-18T01:00:06+01:00,[60],[0]
2025-11-18T01:00:05+01:00,[60],[0]
2025-11-18T01:00:04+01:00,[60],[0]
2025-11-18T01:00:03+01:00,[60],[0]
2025-11-18T01:00:02+01:00,[60],[0]
2025-11-18T01:00:01+01:00,[60],[0]
2025-11-18T01:00:00+01:00,[60],[0]
2025-11-18T00:59:59+01:00,[60],[0]
2025-11-18T00:59:58+01:00,[60],[0]
2025-11-18T00:59:57+01:00,[60],[0]
2025-11-18T00:59:56+01:00,[60],[0]
2025-11-18T00:59:55+01:00,[60],[0]
2025-11-18T00:59:54+01:00,[60],[0]
2025-11-18T00:59:53+01:00,[60],[0]
2025-11-18T00:59:52+01:00,[60],[0]
2025-11-18T00:59:51+01:00,[60],[0]
2025-11-18T00:59:50+01:00,[60],[0]
2025-11-18T00:59:49+01:00,[60],[0]
2025-11-18T00:59:48+01:00,[60],[0]
2025-11-18T00:59:47+01:00,[60],[0]
2025-11-18T00:59:46+01:00,[60],[0]
2025-11-18T00:59:45+01:00,[60],[0]
2025-11-18T00:59:44+01:00,[60],[0]
2025-11-18T00:59:43+01:00,[60],[0]
2025-11-18T00:59:42+01:00,[60],[0]
2025-11-18T00:59:41+01:00,[60],[0]
2025-11-18T00:59:40+01:00,[60],[0]
2025-11-18T00:59:39+01:00,[60],[0]
2025-11-18T00:59:38+01:00,[60],[0]
2025-11-18T00:59:37+01:00,[60],[0]
2025-11-18T00:59:36+01:00,[60],[0]
2025-11-18T00:59:35+01:00,[60],[0]
2025-11-18T00:59:34+01:00,[60],[0]
2025-11-18T00:59:33+01:00,[60],[0]
2025-11-18T00:59:32+01:00,[60],[0]
2025-11-18T00:59:31+01:00,[60],[0]
2025-11-18T00:59:30+01:00,[60],[0]
2025-11-18T00:59:29+01:00,[60],[0]
2025-11-18T00:59:28+01:00,[60],[0]
2025-11-18T00:59:27+01:00,[60],[0]
2025-11-18T00:59:26+01:00,[60],[0]
2025-11-18T00:59:25+01:00,[60],[0]
2025-11-18T00:59:24+01:00,[60],[0]
2025-11-18T00:59:23+01:00,[60],[0]
2025-11-18T00:59:22+01:00,[60],[0]
2025-11-18T00:59:21+01:00,[60],[0]
2025-11-18T00:59:20+01:00,[60],[0]
2025-11-18T00:59:19+01:00,[60],[0]
2025-11-18T00:59:18+01:00,[60],[0]
2025-11-18T00:59:17+01:00,[60],[0]
2025-11-18T00:59:16+01:00,[60],[0]
2025-11-18T00:59:15+01:00,[60],[0]
2025-11-18T00:59:14+01:00,[60],[0]
2025-11-18T00:59:13+01:00,[60],[0]
2025-11-18T00:59:12+01:00,[60],[0]
2025-11-18T00:59:11+01:00,[60],[0]
2025-11-18T00:59:10+01:00,[60],[0]
2025-11-18T00:59:09+01:00,[60],[0]
2025-11-18T00:59:08+01:00,[60],[0]
2025-11-18T00:59:07+01:00,[60],[0]
2025-11-18T00:59:06+01:00,[60],[0]
2025-11-18T00:59:05+01:00,[60],[0]
2025-11-18T00:59:04+01:00,[60],[0]
2025-11-18T00:59:03+01:00,[60],[0]
2025-11-18T00:59:02+01:00,[60],[0]
2025-11-18T00:59:01+01:00,[60],[0]
2025-11-18T00:59:00+01:00,[60],[0]
2025-11-18T00:58:59+01:00,[60],[0]
2025-11-18T00:58:58+01:00,[60],[0]
2025-11-18T00:58:57+01:00,[60],[0]
2025-11-18T00:58:56+01:00,[60],[0]
2025-11-18T00:58:55+01:00,[60],[0]
2025-11-18T00:58:54+01:00,[60],[0]
2025-11-18T00:58:53+01:00,[60],[0]
2025-11-18T00:58:52+01:00,[60],[0]
2025-11-18T00:58:51+01:00,[60],[0]
2025-11-18T00:58:50+01:00,[60],[0]
2025-11-18T00:58:49+01:00,[60],[0]
2025-11-18T00:58:48+01:00,[60],[0]
2025-11-18T00:58:47+01:00,[60],[0]
2025-11-18T00:58:46+01:00,[60],[0]
2025-11-18T00:58:45+01:00,[60],[0]
2025-11-18T00:58:44+01:00,[60],[0]
2025-11-18T00:58:43+01:00,[60],[0]
2025-11-18T00:58:42+01:00,[60],[0]
2025-11-18T00:58:41+01:00,[60],[0]
2025-11-18T00:58:40+01:00,[60],[0]
2025-11-18T00:58:39+01:00,[60],[0]
2025-11-18T00:58:38+01:00,[60],[0]
2025-11-18T00:58:37+01:00,[60],[0]
2025-11-18T00:58:36+01:00,[60],[0]
2025-11-18T00:58:35+01:00,[60],[0]
2025-11-18T00:58:34+01:00,[60],[0]
2025-11-18T00:58:33+01:00,[60],[0]
2025-11-18T00:58:32+01:00,[60],[0]
2025-11-18T00:58:31+01:00,[60],[0]
2025-11-18T00:58:30+01:00,[60],[0]
2025-11-18T00:58:29+01:00,[60],[0]
2025-11-18T00:58:28+01:00,[60],[0]
2025-11-18T00:58:27+01:00,[60],[0]
2025-11-18T00:58:26+01:00,[60],[0]
2025-11-18T00:58:25+01:00,[60],[0]
2025-11-18T00:58:24+01:00,[60],[0]
2025-11-18T00:58:23+01:00,[60],[0]
2025-11-18T00:58:22+01:00,[60],[0]
2025-11-18T00:58:21+01:00,[60],[0]
2025-11-18T00:58:20+01:00,[60],[0]
2025-11-18T00:58:19+01:00,[60],[0]
2025-11-18T00:58:18+01:00,[60],[0]
2025-11-18T00:58:17+01:00,[60],[0]
2025-11-18T00:58:16+01:00,[60],[0]
2025-11-18T00:58:15+01:00,[60],[0]
2025-11-18T00:58:14+01:00,[60],[0]
2025-11-18T00:58:13+01:00,[60],[0]
2025-11-18T00:58:12+01:00,[60],[0]
2025-11-18T00:58:11+01:00,[60],[0]
2025-11-18T00:58:10+01:00,[60],[0]
2025-11-18T00:58:09+01:00,[60],[0]
2025-11-18T00:58:08+01:00,[60],[0]
2025-11-18T00:58:07+01:00,[60],[0]
2025-11-18T00:58:06+01:00,[60],[0]
2025-11-18T00:58:05+01:00,[60],[0]
2025-11-18T00:58:04+01:00,[60],[0]
2025-11-18T00:58:03+01:00,[60],[0]
2025-11-18T00:58:02+01:00,[60],[0]
2025-11-18T00:58:01+01:00,[60],[0]
2025-11-18T00:58:00+01:00,[60],[0]
2025-11-18T00:57:59+01:00,[60],[0]
2025-11-18T00:57:58+01:00,[60],[0]
2025-11-18T00:57:57+01:00,[60],[0]
2025-11-18T00:57:56+01:00,[60],[0]
2025-11-18T00:57:55+01:00,[60],[0]
2025-11-18T00:57:54+01:00,[60],[0]
2025-11-18T00:57:53+01:00,[60],[0]
2025-11-18T00:57:52+01:00,[60],[0]
2025-11-18T00:57:51+01:00,[60],[0]
2025-11-18T00:57:50+01:00,[60],[0]
2025-11-18T00:57:49+01:00,[60],[0]
2025-11-18T00:57:48+01:00,[60],[0]
2025-11-18T00:57:47+01:00,[60],[0]
2025-11-18T00:57:46+01:00,[60],[0]
2025-11-18T00:57:45+01:00,[60],[0]
2025-11-18T00:57:44+01:00,[60],[0]
2025-11-18T00:57:43+01:00,[60],[0]
2025-11-18T00:57:42+01:00,[60],[0]
2025-11-18T00:57:41+01:00,[60],[0]
2025-11-18T00:57:40+01:00,[60],[0]
2025-11-18T00:57:39+01:00,[60],[0]
2025-11-18T00:57:38+01:00,[60],[0]
2025-11-18T00:57:37+01:00,[60],[0]
2025-11-18T00:57:36+01:00,[60],[0]
2025-11-18T00:57:35+01:00,[60],[0]
2025-11-18T00:57:34+01:00,[60],[0]
2025-11-18T00:57:33+01:00,[60],[0]
2025-11-18T00:57:32+01:00,[60],[0]
2025-11-18T00:57:31+01:00,[60],[0]
2025-11-18T00:57:30+01:00,[60],[0]
2025-11-18T00:57:29+01:00,[60],[0]
2025-11-18T00:57:28+01:00,[60],[0]
2025-11-18T00:57:27+01:00,[60],[0]
2025-11-18T00:57:26+01:00,[60],[0]
2025-11-18T00:57:25+01:00,[60],[0]
2025-11-18T00:57:24+01:00,[60],[0]
2025-11-18T00:57:23+01:00,[60],[0]
2025-11-18T00:57:22+01:00,[60],[0]
2025-11-18T00:57:21+01:00,[60],[0]
2025-11-18T00:57:20+01:00,[60],[0]
2025-11-18T00:57:19+01:00,[60],[0]
2025-11-18T00:57:18+01:00,[60],[0]
2025-11-18T00:57:17+01:00,[60],[0]
2025-11-18T00:57:16+01:00,[60],[0]
2025-11-18T00:57:14+01:00,[60],[0]
2025-11-18T00:57:13+01:00,[60],[0]
2025-11-18T00:57:12+01:00,[60],[0]
2025-11-18T00:57:11+01:00,[60],[0]
2025-11-18T00:57:10+01:00,[60],[0]
2025-11-18T00:57:08+01:00,[60],[0]
2025-11-18T00:57:07+01:00,[60],[0]
2025-11-18T00:57:05+01:00,[60],[0]
2025-11-18T00:57:04+01:00,[60],[0]
2025-11-18T00:57:03+01:00,[60],[0]
2025-11-18T00:57:02+01:00,[60],[0]
2025-11-18T00:57:01+01:00,[60],[0]
2025-11-18T00:57:00+01:00,[60],[0]
2025-11-18T00:56:59+01:00,[60],[0]
2025-11-18T00:56:58+01:00,[60],[0]
2025-11-18T00:56:57+01:00,[60],[0]
2025-11-18T00:56:56+01:00,[60],[0]
2025-11-18T00:56:55+01:00,[60],[0]
2025-11-18T00:56:54+01:00,[60],[0]
2025-11-18T00:56:53+01:00,[60],[0]
2025-11-18T00:56:52+01:00,[60],[0]
2025-11-18T00:56:51+01:00,[60],[0]
2025-11-18T00:56:50+01:00,[60],[0]
2025-11-18T00:56:49+01:00,[60],[0]
2025-11-18T00:56:48+01:00,[60],[0]
2025-11-18T00:56:47+01:00,[60],[0]
2025-11-18T00:56:46+01:00,[60],[0]
2025-11-18T00:56:45+01:00,[60],[0]
2025-11-18T00:56:44+01:00,[60],[0]
2025-11-18T00:56:43+01:00,[60],[0]
2025-11-18T00:56:42+01:00,[60],[0]
2025-11-18T00:56:41+01:00,[60],[0]
2025-11-18T00:56:40+01:00,[60],[0]
2025-11-18T00:56:39+01:00,[60],[0]
2025-11-18T00:56:38+01:00,[60],[0]
2025-11-18T00:56:37+01:00,[60],[0]
2025-11-18T00:56:36+01:00,[60],[0]
2025-11-18T00:56:35+01:00,[60],[0]
2025-11-18T00:56:34+01:00,[60],[0]
2025-11-18T00:56:33+01:00,[60],[0]
2025-11-18T00:56:32+01:00,[60],[0]
2025-11-18T00:56:31+01:00,[60],[0]
2025-11-18T00:56:30+01:00,[60],[0]
2025-11-18T00:56:29+01:00,[60],[0]
2025-11-18T00:56:28+01:00,[60],[0]
2025-11-18T00:56:27+01:00,[60],[0]
2025-11-18T00:56:26+01:00,[60],[0]
2025-11-18T00:56:25+01:00,[60],[0]
2025-11-18T00:56:24+01:00,[60],[0]
2025-11-18T00:56:23+01:00,[60],[0]
2025-11-18T00:56:22+01:00,[60],[0]
2025-11-18T00:56:21+01:00,[60],[0]
2025-11-18T00:56:20+01:00,[60],[0]
2025-11-18T00:56:19+01:00,[60],[0]
2025-11-18T00:56:18+01:00,[60],[0]
2025-11-18T00:56:17+01:00,[60],[0]
2025-11-18T00:56:16+01:00,[60],[0]
2025-11-18T00:56:15+01:00,[60],[0]
2025-11-18T00:56:14+01:00,[60],[0]
2025-11-18T00:56:13+01:00,[60],[0]
2025-11-18T00:56:12+01:00,[60],[0]
2025-11-18T00:56:11+01:00,[60],[0]
2025-11-18T00:56:10+01:00,[60],[0]
2025-11-18T00:56:09+01:00,[60],[0]
2025-11-18T00:56:08+01:00,[60],[0]
2025-11-18T00:56:07+01:00,[60],[0]
2025-11-18T00:56:06+01:00,[60],[0]
2025-11-18T00:56:05+01:00,[60],[0]
2025-11-18T00:56:04+01:00,[60],[0]
2025-11-18T00:56:03+01:00,[60],[0]
2025-11-18T00:56:02+01:00,[60],[0]
2025-11-18T00:56:01+01:00,[60],[0]
2025-11-18T00:56:00+01:00,[60],[0]
2025-11-18T00:55:59+01:00,[60],[0]
2025-11-18T00:55:58+01:00,[60],[0]
2025-11-18T00:55:57+01:00,[60],[0]
2025-11-18T00:55:56+01:00,[60],[0]
2025-11-18T00:55:55+01:00,[60],[0]
2025-11-18T00:55:54+01:00,[60],[0]
2025-11-18T00:55:53+01:00,[60],[0]
2025-11-18T00:55:52+01:00,[60],[0]
2025-11-18T00:55:51+01:00,[60],[0]
2025-11-18T00:55:50+01:00,[60],[0]
2025-11-18T00:55:49+01:00,[60],[0]
2025-11-18T00:55:48+01:00,[60],[0]
2025-11-18T00:55:47+01:00,[60],[0]
2025-11-18T00:55:46+01:00,[60],[0]
2025-11-18T00:55:45+01:00,[60],[0]
2025-11-18T00:55:44+01:00,[60],[0]
2025-11-18T00:55:43+01:00,[60],[0]
2025-11-18T00:55:42+01:00,[60],[0]
2025-11-18T00:55:41+01:00,[60],[0]
2025-11-18T00:55:40+01:00,[60],[0]
2025-11-18T00:55:39+01:00,[60],[0]
2025-11-18T00:55:38+01:00,[60],[0]
2025-11-18T00:55:37+01:00,[60],[0]
2025-11-18T00:55:36+01:00,[60],[0]
2025-11-18T00:55:35+01:00,[60],[0]
2025-11-18T00:55:34+01:00,[60],[0]
2025-11-18T00:55:33+01:00,[60],[0]
2025-11-18T00:55:32+01:00,[60],[0]
2025-11-18T00:55:31+01:00,[60],[0]
2025-11-18T00:55:30+01:00,[60],[0]
2025-11-18T00:55:29+01:00,[60],[0]
2025-11-18T00:55:28+01:00,[60],[0]
2025-11-18T00:55:27+01:00,[60],[0]
2025-11-18T00:55:26+01:00,[60],[0]
2025-11-18T00:55:25+01:00,[60],[0]
2025-11-18T00:55:24+01:00,[60],[0]
2025-11-18T00:55:23+01:00,[60],[0]
2025-11-18T00:55:22+01:00,[60],[0]
2025-11-18T00:55:21+01:00,[60],[0.151]
2025-11-18T00:55:20+01:00,[60],[0]
2025-11-18T00:55:19+01:00,[60],[0.005]
2025-11-18T00:55:18+01:00,[60],[0.009]
2025-11-18T00:55:17+01:00,[60],[0.01]
2025-11-18T00:55:16+01:00,[60],[0.009]
2025-11-18T00:55:15+01:00,[60],[0.007]
2025-11-18T00:55:14+01:00,[60],[0.017]
2025-11-18T00:55:13+01:00,[60],[0.009]
2025-11-18T00:55:12+01:00,[60],[0.007]
2025-11-18T00:55:11+01:00,[60],[0.018]
2025-11-18T00:55:10+01:00,[60],[0.021]
2025-11-18T00:55:09+01:00,[60],[0.008]
2025-11-18T00:55:08+01:00,[60],[0.018]
2025-11-18T00:55:07+01:00,[60],[0.012]
2025-11-18T00:55:06+01:00,[60],[0.031]
2025-11-18T00:55:05+01:00,[60],[0.008]
2025-11-18T00:55:04+01:00,[60],[0.008]
2025-11-18T00:55:03+01:00,[60],[0.018]
2025-11-18T00:55:02+01:00,[60],[0.024]
2025-11-18T00:55:01+01:00,[60],[0.007]
2025-11-18T00:55:00+01:00,[60],[0.011]
2025-11-18T00:54:58+01:00,[60],[0.02]
2025-11-18T00:54:57+01:00,[60],[0.033]
2025-11-18T00:54:56+01:00,[60],[0.005]
2025-11-18T00:54:55+01:00,[60],[0.037]
2025-11-18T00:54:54+01:00,[60],[0.007]
2025-11-18T00:54:53+01:00,[60],[0.012]
2025-11-18T00:54:52+01:00,[60],[0.005]
2025-11-18T00:54:51+01:00,[60],[0.007]
2025-11-18T00:54:50+01:00,[60],[0.027]
2025-11-18T00:54:49+01:00,[60],[0.016]
2025-11-18T00:54:48+01:00,[60],[0.011]
2025-11-18T00:54:47+01:00,[60],[0.003]
2025-11-18T00:54:46+01:00,[60],[0.015]
2025-11-18T00:54:45+01:00,[60],[0.016]
2025-11-18T00:54:44+01:00,[60],[0.008]
2025-11-18T00:54:43+01:00,[60],[0.023]
2025-11-18T00:54:42+01:00,[60],[0.022]
2025-11-18T00:54:41+01:00,[60],[0.004]
2025-11-18T00:54:40+01:00,[60],[0.004]
2025-11-18T00:54:39+01:00,[60],[0.024]
2025-11-18T00:54:38+01:00,[60],[0.021]
2025-11-18T00:54:37+01:00,[60],[0.012]
2025-11-18T00:54:36+01:00,[60],[0.005]
2025-11-18T00:54:35+01:00,[60],[0.016]
2025-11-18T00:54:34+01:00,[60],[0.003]
2025-11-18T00:54:33+01:00,[60],[0.027]
2025-11-18T00:54:32+01:00,[60],[0.009]
2025-11-18T00:54:31+01:00,[60],[0.016]
2025-11-18T00:54:30+01:00,[60],[0.004]
2025-11-18T00:54:29+01:00,[60],[0.021]
2025-11-18T00:54:28+01:00,[60],[0.022]
2025-11-18T00:54:27+01:00,[60],[0.008]
2025-11-18T00:54:26+01:00,[60],[0.01]
2025-11-18T00:54:25+01:00,[60],[0.023]
2025-11-18T00:54:24+01:00,[60],[0.014]
2025-11-18T00:54:23+01:00,[60],[0.004]
2025-11-18T00:54:22+01:00,[60],[0.01]
2025-11-18T00:54:21+01:00,[60],[0.007]
2025-11-18T00:54:20+01:00,[60],[0.01]
2025-11-18T00:54:19+01:00,[60],[0.007]
2025-11-18T00:54:18+01:00,[60],[0.014]
2025-11-18T00:54:17+01:00,[60],[0.023]
2025-11-18T00:54:16+01:00,[60],[0.011]
2025-11-18T00:54:15+01:00,[60],[0.015]
2025-11-18T00:54:14+01:00,[60],[0.007]
2025-11-18T00:54:13+01:00,[60],[0.012]
2025-11-18T00:54:12+01:00,[60],[0.004]
2025-11-18T00:54:11+01:00,[60],[0.007]
2025-11-18T00:54:10+01:00,[60],[0.005]
2025-11-18T00:54:09+01:00,[60],[0.014]
2025-11-18T00:54:08+01:00,[60],[0.013]
2025-11-18T00:54:07+01:00,[60],[0.027]
2025-11-18T00:54:06+01:00,[60],[0.01]
2025-11-18T00:54:05+01:00,[60],[0.012]
2025-11-18T00:54:04+01:00,[60],[0.013]
2025-11-18T00:54:03+01:00,[60],[0.012]
2025-11-18T00:54:02+01:00,[60],[0.007]
2025-11-18T00:54:01+01:00,[60],[0.018]
2025-11-18T00:54:00+01:00,[60],[0.015]
2025-11-18T00:53:59+01:00,[60],[0.017]
2025-11-18T00:53:58+01:00,[60],[0.009]
2025-11-18T00:53:57+01:00,[60],[0.014]
2025-11-18T00:53:56+01:00,[60],[0.02]
2025-11-18T00:53:55+01:00,[60],[0.01]
2025-11-18T00:53:54+01:00,[60],[0.008]
2025-11-18T00:53:53+01:00,[60],[0.011]
2025-11-18T00:53:52+01:00,[60],[0.012]
2025-11-18T00:53:51+01:00,[60],[0.004]
2025-11-18T00:53:50+01:00,[60],[0.023]
2025-11-18T00:53:49+01:00,[60],[0.012]
2025-11-18T00:53:48+01:00,[60],[0.009]
2025-11-18T00:53:47+01:00,[60],[0.014]
2025-11-18T00:53:46+01:00,[60],[0.005]
2025-11-18T00:53:45+01:00,[60],[0.023]
2025-11-18T00:53:44+01:00,[60],[0.008]
2025-11-18T00:53:43+01:00,[60],[0.006]
2025-11-18T00:53:42+01:00,[60],[0.008]
2025-11-18T00:53:41+01:00,[60],[0.008]
2025-11-18T00:53:40+01:00,[60],[0.015]
2025-11-18T00:53:39+01:00,[60],[0.016]
2025-11-18T00:53:38+01:00,[60],[0.009]
2025-11-18T00:53:37+01:00,[60],[0.005]
2025-11-18T00:53:36+01:00,[60],[0.009]
2025-11-18T00:53:35+01:00,[60],[0.006]
2025-11-18T00:53:34+01:00,[60],[0.003]
2025-11-18T00:53:33+01:00,[60],[0.003]
2025-11-18T00:53:32+01:00,[60],[0.013]
2025-11-18T00:53:31+01:00,[60],[0.019]
2025-11-18T00:53:30+01:00,[60],[0.009]
2025-11-18T00:53:29+01:00,[60],[0.004]
2025-11-18T00:53:28+01:00,[60],[0.01]
2025-11-18T00:53:27+01:00,[60],[0.005]
2025-11-18T00:53:26+01:00,[60],[0.006]
2025-11-18T00:53:25+01:00,[60],[0.004]
2025-11-18T00:53:24+01:00,[60],[0.006]
2025-11-18T00:53:23+01:00,[60],[0.009]
2025-11-18T00:53:22+01:00,[60],[0.005]
2025-11-18T00:53:21+01:00,[60],[0.004]
2025-11-18T00:53:20+01:00,[60],[0.002]
2025-11-18T00:53:19+01:00,[60],[0.016]
2025-11-18T00:53:18+01:00,[60],[0.01]
2025-11-18T00:53:17+01:00,[60],[0.01]
2025-11-18T00:53:16+01:00,[60],[0.008]
2025-11-18T00:53:15+01:00,[60],[0.006]
2025-11-18T00:53:14+01:00,[60],[0.02]
2025-11-18T00:53:13+01:00,[60],[0.007]
2025-11-18T00:53:12+01:00,[60],[0.007]
2025-11-18T00:53:11+01:00,[60],[0.004]
2025-11-18T00:53:10+01:00,[60],[0.014]
2025-11-18T00:53:09+01:00,[60],[0.014]
2025-11-18T00:53:08+01:00,[60],[0.006]
2025-11-18T00:53:07+01:00,[60],[0.002]
2025-11-18T00:53:06+01:00,[60],[0.003]
2025-11-18T00:53:05+01:00,[60],[0.011]
2025-11-18T00:53:04+01:00,[60],[0.031]
2025-11-18T00:53:03+01:00,[60],[0.018]
2025-11-18T00:53:02+01:00,[60],[0.012]
2025-11-18T00:53:01+01:00,[60],[0.006]
2025-11-18T00:53:00+01:00,[60],[0.002]
2025-11-18T00:52:59+01:00,[60],[0.016]
2025-11-18T00:52:58+01:00,[60],[0.004]
2025-11-18T00:52:57+01:00,[60],[0.008]
2025-11-18T00:52:56+01:00,[60],[0.014]
2025-11-18T00:52:55+01:00,[60],[0.006]
2025-11-18T00:52:53+01:00,[60],[0.031]
2025-11-18T00:52:52+01:00,[60],[0.054]
2025-11-18T00:52:51+01:00,[60],[0.039]
2025-11-18T00:52:50+01:00,[60],[0.002]
2025-11-18T00:52:49+01:00,[60],[0.006]
2025-11-18T00:52:48+01:00,[60],[0.01]
2025-11-18T00:52:47+01:00,[60],[0.008]
2025-11-18T00:52:46+01:00,[60],[0.009]
2025-11-18T00:52:45+01:00,[60],[0.007]
2025-11-18T00:52:44+01:00,[60],[0.009]
2025-11-18T00:52:43+01:00,[60],[0.004]
2025-11-18T00:52:42+01:00,[60],[0.011]
2025-11-18T00:52:41+01:00,[60],[0.005]
2025-11-18T00:52:40+01:00,[60],[0.009]
2025-11-18T00:52:39+01:00,[60],[0.013]
2025-11-18T00:52:38+01:00,[60],[0.008]
2025-11-18T00:52:37+01:00,[60],[0.014]
2025-11-18T00:52:36+01:00,[60],[0.025]
2025-11-18T00:52:35+01:00,[60],[0.014]
2025-11-18T00:52:34+01:00,[60],[0.005]
2025-11-18T00:52:33+01:00,[60],[0.03]
2025-11-18T00:52:32+01:00,[60],[0.027]
2025-11-18T00:52:31+01:00,[60],[0.007]
2025-11-18T00:52:30+01:00,[60],[0.005]
2025-11-18T00:52:29+01:00,[60],[0.004]
2025-11-18T00:52:28+01:00,[60],[0.011]
2025-11-18T00:52:27+01:00,[60],[0.004]
2025-11-18T00:52:26+01:00,[60],[0.006]
2025-11-18T00:52:25+01:00,[60],[0.003]
2025-11-18T00:52:24+01:00,[60],[0.008]
2025-11-18T00:52:23+01:00,[60],[0.009]
2025-11-18T00:52:22+01:00,[60],[0.01]
2025-11-18T00:52:21+01:00,[60],[0.012]
2025-11-18T00:52:20+01:00,[60],[0.012]
2025-11-18T00:52:19+01:00,[60],[0.012]
2025-11-18T00:52:18+01:00,[60],[0.008]
2025-11-18T00:52:17+01:00,[60],[0.009]
2025-11-18T00:52:16+01:00,[60],[0.005]
2025-11-18T00:52:15+01:00,[60],[0.014]
2025-11-18T00:52:14+01:00,[60],[0.006]
2025-11-18T00:52:13+01:00,[60],[0.002]
2025-11-18T00:52:12+01:00,[60],[0.008]
2025-11-18T00:52:11+01:00,[60],[0.007]
2025-11-18T00:52:10+01:00,[60],[0.008]
2025-11-18T00:52:09+01:00,[60],[0.015]
2025-11-18T00:52:08+01:00,[60],[0.013]
2025-11-18T00:52:07+01:00,[60],[0.009]
2025-11-18T00:52:06+01:00,[60],[0.01]
2025-11-18T00:52:05+01:00,[60],[0.003]
2025-11-18T00:52:04+01:00,[60],[0.007]
2025-11-18T00:52:03+01:00,[60],[0.007]
2025-11-18T00:52:02+01:00,[60],[0.007]
2025-11-18T00:52:01+01:00,[60],[0.006]
2025-11-18T00:52:00+01:00,[60],[0.004]
2025-11-18T00:51:59+01:00,[60],[0.012]
2025-11-18T00:51:58+01:00,[60],[0.003]
2025-11-18T00:51:57+01:00,[60],[0.012]
2025-11-18T00:51:56+01:00,[60],[0.009]
2025-11-18T00:51:55+01:00,[60],[0.016]
2025-11-18T00:51:54+01:00,[60],[0.007]
2025-11-18T00:51:53+01:00,[60],[0.004]
2025-11-18T00:51:52+01:00,[60],[0.005]
2025-11-18T00:51:51+01:00,[60],[0.006]
2025-11-18T00:51:50+01:00,[60],[0.001]
2025-11-18T00:51:49+01:00,[60],[0.011]
2025-11-18T00:51:48+01:00,[60],[0.015]
2025-11-18T00:51:47+01:00,[60],[0.004]
2025-11-18T00:51:46+01:00,[60],[0.004]
2025-11-18T00:51:45+01:00,[60],[0.009]
2025-11-18T00:51:44+01:00,[60],[0.004]
2025-11-18T00:51:43+01:00,[60],[0.009]
2025-11-18T00:51:42+01:00,[60],[0.005]
2025-11-18T00:51:41+01:00,[60],[0.01]
2025-11-18T00:51:40+01:00,[60],[0.012]
2025-11-18T00:51:39+01:00,[60],[0.006]
2025-11-18T00:51:38+01:00,[60],[0.002]
2025-11-18T00:51:37+01:00,[60],[0.018]
2025-11-18T00:51:36+01:00,[60],[0.004]
2025-11-18T00:51:35+01:00,[60],[0.005]
2025-11-18T00:51:34+01:00,[60],[0.009]
2025-11-18T00:51:33+01:00,[60],[0.005]
2025-11-18T00:51:32+01:00,[60],[0.002]
2025-11-18T00:51:31+01:00,[60],[0.015]
2025-11-18T00:51:30+01:00,[60],[0.008]
2025-11-18T00:51:29+01:00,[60],[0.031]
2025-11-18T00:51:28+01:00,[60],[0.029]
2025-11-18T00:51:27+01:00,[60],[0.01]
2025-11-18T00:51:26+01:00,[60],[0.006]
2025-11-18T00:51:25+01:00,[60],[0.027]
2025-11-18T00:51:24+01:00,[60],[0.008]
2025-11-18T00:51:23+01:00,[60],[0.013]
2025-11-18T00:51:22+01:00,[60],[0.024]
2025-11-18T00:51:21+01:00,[60],[0.008]
2025-11-18T00:51:20+01:00,[60],[0.005]
2025-11-18T00:51:19+01:00,[60],[0.01]
2025-11-18T00:51:18+01:00,[60],[0.012]
2025-11-18T00:51:17+01:00,[60],[0.002]
2025-11-18T00:51:16+01:00,[60],[0.007]
2025-11-18T00:51:15+01:00,[60],[0.005]
2025-11-18T00:51:14+01:00,[60],[0.007]
2025-11-18T00:51:13+01:00,[60],[0.005]
2025-11-18T00:51:12+01:00,[60],[0.009]
2025-11-18T00:51:11+01:00,[60],[0.012]
2025-11-18T00:51:10+01:00,[60],[0.019]
2025-11-18T00:51:09+01:00,[60],[0.04]
2025-11-18T00:51:08+01:00,[60],[0.01]
2025-11-18T00:51:07+01:00,[60],[0.006]
2025-11-18T00:51:06+01:00,[60],[0.008]
2025-11-18T00:51:05+01:00,[60],[0.011]
2025-11-18T00:51:04+01:00,[60],[0.006]
2025-11-18T00:51:03+01:00,[60],[0.013]
2025-11-18T00:51:02+01:00,[60],[0.038]
2025-11-18T00:51:01+01:00,[60],[0.011]
2025-11-18T00:51:00+01:00,[60],[0.006]
2025-11-18T00:50:59+01:00,[60],[0.016]
2025-11-18T00:50:58+01:00,[60],[0.006]
2025-11-18T00:50:57+01:00,[60],[0.005]
2025-11-18T00:50:56+01:00,[60],[0.01]
2025-11-18T00:50:55+01:00,[60],[0.015]
2025-11-18T00:50:54+01:00,[60],[0.007]
2025-11-18T00:50:53+01:00,[60],[0.006]
2025-11-18T00:50:52+01:00,[60],[0.004]
2025-11-18T00:50:51+01:00,[60],[0.009]
2025-11-18T00:50:50+01:00,[60],[0.01]
2025-11-18T00:50:49+01:00,[60],[0.006]
2025-11-18T00:50:47+01:00,[60],[0.006]
2025-11-18T00:50:46+01:00,[60],[0.005]
2025-11-18T00:50:45+01:00,[60],[0.013]
2025-11-18T00:50:44+01:00,[60],[0.012]
2025-11-18T00:50:43+01:00,[60],[0.012]
2025-11-18T00:50:42+01:00,[60],[0.007]
2025-11-18T00:50:41+01:00,[60],[0.005]
2025-11-18T00:50:40+01:00,[60],[0.004]
2025-11-18T00:50:39+01:00,[60],[0.005]
2025-11-18T00:50:38+01:00,[60],[0.003]
2025-11-18T00:50:37+01:00,[60],[0.01]
2025-11-18T00:50:36+01:00,[60],[0.01]
2025-11-18T00:50:35+01:00,[60],[0.003]
2025-11-18T00:50:34+01:00,[60],[0.005]
2025-11-18T00:50:33+01:00,[60],[0.01]
2025-11-18T00:50:32+01:00,[60],[0.006]
2025-11-18T00:50:31+01:00,[60],[0.007]
2025-11-18T00:50:30+01:00,[60],[0.003]
2025-11-18T00:50:29+01:00,[60],[0.008]
2025-11-18T00:50:28+01:00,[60],[0.001]
2025-11-18T00:50:27+01:00,[60],[0.008]
2025-11-18T00:50:26+01:00,[60],[0.007]
2025-11-18T00:50:25+01:00,[60],[0.004]
2025-11-18T00:50:24+01:00,[60],[0.004]
2025-11-18T00:50:23+01:00,[60],[0.009]
2025-11-18T00:50:22+01:00,[60],[0.004]
2025-11-18T00:50:21+01:00,[60],[0.005]
2025-11-18T00:50:20+01:00,[60],[0.007]
2025-11-18T00:50:19+01:00,[60],[0.009]
2025-11-18T00:50:18+01:00,[60],[0.005]
2025-11-18T00:50:17+01:00,[60],[0.007]
2025-11-18T00:50:16+01:00,[60],[0.012]
2025-11-18T00:50:15+01:00,[60],[0.005]
2025-11-18T00:50:14+01:00,[60],[0.011]
2025-11-18T00:50:13+01:00,[60],[0.01]
2025-11-18T00:50:12+01:00,[60],[0.007]
2025-11-18T00:50:11+01:00,[60],[0.007]
2025-11-18T00:50:10+01:00,[60],[0.008]
2025-11-18T00:50:09+01:00,[60],[0.009]
2025-11-18T00:50:08+01:00,[60],[0.01]
2025-11-18T00:50:07+01:00,[60],[0.003]
2025-11-18T00:50:06+01:00,[60],[0.018]
2025-11-18T00:50:05+01:00,[60],[0.004]
2025-11-18T00:50:04+01:00,[60],[0.013]
2025-11-18T00:50:03+01:00,[60],[0.003]
2025-11-18T00:50:02+01:00,[60],[0.003]
2025-11-18T00:50:01+01:00,[60],[0.003]
2025-11-18T00:50:00+01:00,[60],[0.006]
2025-11-18T00:49:59+01:00,[60],[0.006]
2025-11-18T00:49:58+01:00,[60],[0.004]
2025-11-18T00:49:57+01:00,[60],[0.003]
2025-11-18T00:49:56+01:00,[60],[0.007]
2025-11-18T00:49:55+01:00,[60],[0.006]
2025-11-18T00:49:54+01:00,[60],[0.006]
2025-11-18T00:49:53+01:00,[60],[0.004]
2025-11-18T00:49:52+01:00,[60],[0.007]
2025-11-18T00:49:51+01:00,[60],[0.01]
2025-11-18T00:49:50+01:00,[60],[0.012]
2025-11-18T00:49:49+01:00,[60],[0.003]
2025-11-18T00:49:48+01:00,[60],[0.013]
2025-11-18T00:49:47+01:00,[60],[0.019]
2025-11-18T00:49:46+01:00,[60],[0.011]
2025-11-18T00:49:45+01:00,[60],[0.006]
2025-11-18T00:49:44+01:00,[60],[0.007]
2025-11-18T00:49:43+01:00,[60],[0.01]
2025-11-18T00:49:42+01:00,[60],[0.02]
2025-11-18T00:49:41+01:00,[60],[0.023]
2025-11-18T00:49:40+01:00,[60],[0.006]
2025-11-18T00:49:39+01:00,[60],[0.01]
2025-11-18T00:49:38+01:00,[60],[0.016]
2025-11-18T00:49:37+01:00,[60],[0.012]
2025-11-18T00:49:36+01:00,[60],[0.004]
2025-11-18T00:49:35+01:00,[60],[0.013]
2025-11-18T00:49:34+01:00,[60],[0.023]
2025-11-18T00:49:33+01:00,[60],[0.014]
2025-11-18T00:49:32+01:00,[60],[0.012]
2025-11-18T00:49:31+01:00,[60],[0.024]
2025-11-18T00:49:30+01:00,[60],[0.021]
2025-11-18T00:49:29+01:00,[60],[0.007]
2025-11-18T00:49:28+01:00,[60],[0.003]
2025-11-18T00:49:27+01:00,[60],[0.016]
2025-11-18T00:49:26+01:00,[60],[0.006]
2025-11-18T00:49:25+01:00,[60],[0.026]
2025-11-18T00:49:24+01:00,[60],[0.012]
2025-11-18T00:49:23+01:00,[60],[0.008]
2025-11-18T00:49:22+01:00,[60],[0.002]
2025-11-18T00:49:21+01:00,[60],[0.009]
2025-11-18T00:49:20+01:00,[60],[0.006]
2025-11-18T00:49:19+01:00,[60],[0.014]
2025-11-18T00:49:18+01:00,[60],[0.008]
2025-11-18T00:49:17+01:00,[60],[0.014]
2025-11-18T00:49:16+01:00,[60],[0.007]
2025-11-18T00:49:15+01:00,[60],[0.071]
2025-11-18T00:49:14+01:00,[60],[0.003]
2025-11-18T00:49:13+01:00,[60],[0.003]
2025-11-18T00:49:12+01:00,[60],[0.006]
2025-11-18T00:49:11+01:00,[60],[0.016]
2025-11-18T00:49:10+01:00,[60],[0.013]
2025-11-18T00:49:09+01:00,[60],[0.002]
2025-11-18T00:49:08+01:00,[60],[0.008]
2025-11-18T00:49:07+01:00,[60],[0.002]
2025-11-18T00:49:06+01:00,[60],[0.005]
2025-11-18T00:49:05+01:00,[60],[0.018]
2025-11-18T00:49:04+01:00,[60],[0.012]
2025-11-18T00:49:03+01:00,[60],[0.005]
2025-11-18T00:49:02+01:00,[60],[0.015]
2025-11-18T00:49:01+01:00,[60],[0.004]
2025-11-18T00:49:00+01:00,[60],[0.01]
2025-11-18T00:48:59+01:00,[60],[0.015]
2025-11-18T00:48:58+01:00,[60],[0.004]
2025-11-18T00:48:57+01:00,[60],[0.036]
2025-11-18T00:48:56+01:00,[60],[0.018]
2025-11-18T00:48:55+01:00,[60],[0.011]
2025-11-18T00:48:54+01:00,[60],[0.038]
2025-11-18T00:48:53+01:00,[60],[0.006]
2025-11-18T00:48:52+01:00,[60],[0.01]
2025-11-18T00:48:51+01:00,[60],[0.005]
2025-11-18T00:48:50+01:00,[60],[0.013]
2025-11-18T00:48:49+01:00,[60],[0.007]
2025-11-18T00:48:48+01:00,[60],[0.021]
2025-11-18T00:48:47+01:00,[60],[0.011]
2025-11-18T00:48:46+01:00,[60],[0.015]
2025-11-18T00:48:45+01:00,[60],[0.004]
2025-11-18T00:48:44+01:00,[60],[0.018]
2025-11-18T00:48:43+01:00,[60],[0.032]
2025-11-18T00:48:41+01:00,[60],[0.006]
2025-11-18T00:48:40+01:00,[60],[0.006]
2025-11-18T00:48:39+01:00,[60],[0.005]
2025-11-18T00:48:38+01:00,[60],[0.012]
2025-11-18T00:48:37+01:00,[60],[0.004]
2025-11-18T00:48:36+01:00,[60],[0.011]
2025-11-18T00:48:35+01:00,[60],[0.005]
2025-11-18T00:48:34+01:00,[60],[0.018]
2025-11-18T00:48:33+01:00,[60],[0.015]
2025-11-18T00:48:32+01:00,[60],[0.009]
2025-11-18T00:48:31+01:00,[60],[0.012]
2025-11-18T00:48:30+01:00,[60],[0.029]
2025-11-18T00:48:29+01:00,[60],[0.009]
2025-11-18T00:48:28+01:00,[60],[0.019]
2025-11-18T00:48:27+01:00,[60],[0.011]
2025-11-18T00:48:26+01:00,[60],[0.001]
2025-11-18T00:48:25+01:00,[60],[0.005]
2025-11-18T00:48:24+01:00,[60],[0.019]
2025-11-18T00:48:23+01:00,[60],[0.006]
2025-11-18T00:48:22+01:00,[60],[0.007]
2025-11-18T00:48:21+01:00,[60],[0.007]
2025-11-18T00:48:20+01:00,[60],[0.014]
2025-11-18T00:48:19+01:00,[60],[0.013]
2025-11-18T00:48:18+01:00,[60],[0.014]
2025-11-18T00:48:17+01:00,[60],[0.013]
2025-11-18T00:48:16+01:00,[60],[0.009]
2025-11-18T00:48:15+01:00,[60],[0.012]
2025-11-18T00:48:14+01:00,[60],[0.009]
2025-11-18T00:48:13+01:00,[60],[0.014]
2025-11-18T00:48:12+01:00,[60],[0.012]
2025-11-18T00:48:11+01:00,[60],[0.014]
2025-11-18T00:48:10+01:00,[60],[0.005]
2025-11-18T00:48:09+01:00,[60],[0.003]
2025-11-18T00:48:08+01:00,[60],[0.008]
2025-11-18T00:48:07+01:00,[60],[0.022]
2025-11-18T00:48:06+01:00,[60],[0.006]
2025-11-18T00:48:05+01:00,[60],[0.015]
2025-11-18T00:48:04+01:00,[60],[0.004]
2025-11-18T00:48:03+01:00,[60],[0.009]
2025-11-18T00:48:02+01:00,[60],[0.01]
2025-11-18T00:48:01+01:00,[60],[0.004]
2025-11-18T00:48:00+01:00,[60],[0.025]
2025-11-18T00:47:59+01:00,[60],[0.006]
2025-11-18T00:47:58+01:00,[60],[0.008]
2025-11-18T00:47:57+01:00,[60],[0]
2025-11-18T00:47:56+01:00,[60],[0.008]
2025-11-18T00:47:55+01:00,[60],[0.005]
2025-11-18T00:47:54+01:00,[60],[0.014]
2025-11-18T00:47:53+01:00,[60],[0.007]
2025-11-18T00:47:52+01:00,[60],[0.009]
2025-11-18T00:47:51+01:00,[60],[0.009]
2025-11-18T00:47:50+01:00,[60],[0.009]
2025-11-18T00:47:49+01:00,[60],[0.012]
2025-11-18T00:47:48+01:00,[60],[0.019]
2025-11-18T00:47:47+01:00,[60],[0.028]
2025-11-18T00:47:46+01:00,[60],[0.003]
2025-11-18T00:47:45+01:00,[60],[0.002]
2025-11-18T00:47:44+01:00,[60],[0.002]
2025-11-18T00:47:43+01:00,[60],[0.037]
2025-11-18T00:47:42+01:00,[60],[0.005]
2025-11-18T00:47:41+01:00,[60],[0.022]
2025-11-18T00:47:40+01:00,[60],[0.01]
2025-11-18T00:47:39+01:00,[60],[0.003]
2025-11-18T00:47:38+01:00,[60],[0.005]
2025-11-18T00:47:37+01:00,[60],[0.012]
2025-11-18T00:47:36+01:00,[60],[0.003]
2025-11-18T00:47:35+01:00,[60],[0.007]
2025-11-18T00:47:34+01:00,[60],[0.011]
2025-11-18T00:47:33+01:00,[60],[0.009]
2025-11-18T00:47:32+01:00,[60],[0.017]
2025-11-18T00:47:31+01:00,[60],[0.029]
2025-11-18T00:47:30+01:00,[60],[0.005]
2025-11-18T00:47:29+01:00,[60],[0.007]
2025-11-18T00:47:28+01:00,[60],[0.004]
2025-11-18T00:47:27+01:00,[60],[0.013]
2025-11-18T00:47:26+01:00,[60],[0.015]
2025-11-18T00:47:25+01:00,[60],[0.007]
2025-11-18T00:47:24+01:00,[60],[0.005]
2025-11-18T00:47:23+01:00,[60],[0.005]
2025-11-18T00:47:22+01:00,[60],[0.014]
2025-11-18T00:47:21+01:00,[60],[0.004]
2025-11-18T00:47:20+01:00,[60],[0.005]
2025-11-18T00:47:19+01:00,[60],[0.004]
2025-11-18T00:47:18+01:00,[60],[0.006]
2025-11-18T00:47:17+01:00,[60],[0.007]
2025-11-18T00:47:16+01:00,[60],[0.009]
2025-11-18T00:47:15+01:00,[60],[0.014]
2025-11-18T00:47:14+01:00,[60],[0.023]
2025-11-18T00:47:13+01:00,[60],[0.01]
2025-11-18T00:47:12+01:00,[60],[0.012]
2025-11-18T00:47:11+01:00,[60],[0.004]
2025-11-18T00:47:10+01:00,[60],[0.006]
2025-11-18T00:47:09+01:00,[60],[0.008]
2025-11-18T00:47:08+01:00,[60],[0.019]
2025-11-18T00:47:07+01:00,[60],[0.004]
2025-11-18T00:47:06+01:00,[60],[0.028]
2025-11-18T00:47:05+01:00,[60],[0.033]
2025-11-18T00:47:04+01:00,[60],[0.026]
2025-11-18T00:47:03+01:00,[60],[0.007]
2025-11-18T00:47:02+01:00,[60],[0.007]
2025-11-18T00:47:01+01:00,[60],[0.002]
2025-11-18T00:47:00+01:00,[60],[0.002]
2025-11-18T00:46:59+01:00,[60],[0.003]
2025-11-18T00:46:58+01:00,[60],[0.017]
2025-11-18T00:46:57+01:00,[60],[0.011]
2025-11-18T00:46:56+01:00,[60],[0.006]
2025-11-18T00:46:55+01:00,[60],[0.001]
2025-11-18T00:46:54+01:00,[60],[0.008]
2025-11-18T00:46:53+01:00,[60],[0.012]
2025-11-18T00:46:52+01:00,[60],[0.005]
2025-11-18T00:46:51+01:00,[60],[0.006]
2025-11-18T00:46:50+01:00,[60],[0.002]
2025-11-18T00:46:49+01:00,[60],[0.002]
2025-11-18T00:46:48+01:00,[60],[0.011]
2025-11-18T00:46:47+01:00,[60],[0.004]
2025-11-18T00:46:46+01:00,[60],[0.004]
2025-11-18T00:46:45+01:00,[60],[0.006]
2025-11-18T00:46:44+01:00,[60],[0.029]
2025-11-18T00:46:43+01:00,[60],[0.005]
2025-11-18T00:46:42+01:00,[60],[0.008]
2025-11-18T00:46:41+01:00,[60],[0.003]
2025-11-18T00:46:40+01:00,[60],[0.009]
2025-11-18T00:46:39+01:00,[60],[0.006]
2025-11-18T00:46:38+01:00,[60],[0.008]
2025-11-18T00:46:36+01:00,[60],[0.014]
2025-11-18T00:46:35+01:00,[60],[0.006]
2025-11-18T00:46:34+01:00,[60],[0.005]
2025-11-18T00:46:33+01:00,[60],[0.003]
2025-11-18T00:46:32+01:00,[60],[0.009]
2025-11-18T00:46:31+01:00,[60],[0.044]
2025-11-18T00:46:30+01:00,[60],[0.035]
2025-11-18T00:46:29+01:00,[60],[0.042]
2025-11-18T00:46:28+01:00,[60],[0.007]
2025-11-18T00:46:27+01:00,[60],[0.004]
2025-11-18T00:46:26+01:00,[60],[0.004]
2025-11-18T00:46:25+01:00,[60],[0.003]
2025-11-18T00:46:24+01:00,[60],[0.006]
2025-11-18T00:46:23+01:00,[60],[0.013]
2025-11-18T00:46:22+01:00,[60],[0.001]
2025-11-18T00:46:21+01:00,[60],[0.012]
2025-11-18T00:46:20+01:00,[60],[0.017]
2025-11-18T00:46:19+01:00,[60],[0.018]
2025-11-18T00:46:18+01:00,[60],[0.005]
2025-11-18T00:46:17+01:00,[60],[0.01]
2025-11-18T00:46:16+01:00,[60],[0.004]
2025-11-18T00:46:15+01:00,[60],[0.007]
2025-11-18T00:46:14+01:00,[60],[0.016]
2025-11-18T00:46:13+01:00,[60],[0.008]
2025-11-18T00:46:12+01:00,[60],[0.009]
2025-11-18T00:46:11+01:00,[60],[0.006]
2025-11-18T00:46:10+01:00,[60],[0.003]
2025-11-18T00:46:09+01:00,[60],[0.018]
2025-11-18T00:46:08+01:00,[60],[0.054]
2025-11-18T00:46:07+01:00,[60],[0.042]
2025-11-18T00:46:06+01:00,[60],[0.005]
2025-11-18T00:46:05+01:00,[60],[0.003]
2025-11-18T00:46:04+01:00,[60],[0.004]
2025-11-18T00:46:03+01:00,[60],[0.016]
2025-11-18T00:46:02+01:00,[60],[0.006]
2025-11-18T00:46:01+01:00,[60],[0.003]
2025-11-18T00:46:00+01:00,[60],[0.006]
2025-11-18T00:45:59+01:00,[60],[0.007]
2025-11-18T00:45:58+01:00,[60],[0.008]
2025-11-18T00:45:57+01:00,[60],[0.019]
2025-11-18T00:45:56+01:00,[60],[0.007]
2025-11-18T00:45:55+01:00,[60],[0.007]
2025-11-18T00:45:54+01:00,[60],[0.008]
2025-11-18T00:45:53+01:00,[60],[0.006]
2025-11-18T00:45:52+01:00,[60],[0.005]
2025-11-18T00:45:51+01:00,[60],[0.009]
2025-11-18T00:45:50+01:00,[60],[0.014]
2025-11-18T00:45:49+01:00,[60],[0.034]
2025-11-18T00:45:48+01:00,[60],[0.01]
2025-11-18T00:45:47+01:00,[60],[0.009]
2025-11-18T00:45:46+01:00,[60],[0.001]
2025-11-18T00:45:45+01:00,[60],[0.008]
2025-11-18T00:45:44+01:00,[60],[0.006]
2025-11-18T00:45:43+01:00,[60],[0.006]
2025-11-18T00:45:42+01:00,[60],[0.008]
2025-11-18T00:45:41+01:00,[60],[0.001]
2025-11-18T00:45:40+01:00,[60],[0.008]
2025-11-18T00:45:39+01:00,[60],[0.01]
2025-11-18T00:45:38+01:00,[60],[0.016]
2025-11-18T00:45:37+01:00,[60],[0.004]
2025-11-18T00:45:36+01:00,[60],[0.003]
2025-11-18T00:45:35+01:00,[60],[0.008]
2025-11-18T00:45:34+01:00,[60],[0.009]
2025-11-18T00:45:33+01:00,[60],[0.009]
2025-11-18T00:45:32+01:00,[60],[0.02]
2025-11-18T00:45:31+01:00,[60],[0.008]
2025-11-18T00:45:30+01:00,[60],[0.014]
2025-11-18T00:45:29+01:00,[60],[0.011]
2025-11-18T00:45:28+01:00,[60],[0.012]
2025-11-18T00:45:27+01:00,[60],[0.004]
2025-11-18T00:45:26+01:00,[60],[0.002]
2025-11-18T00:45:25+01:00,[60],[0.01]
2025-11-18T00:45:24+01:00,[60],[0.006]
2025-11-18T00:45:23+01:00,[60],[0.006]
2025-11-18T00:45:22+01:00,[60],[0.009]
2025-11-18T00:45:21+01:00,[60],[0.005]
2025-11-18T00:45:20+01:00,[60],[0.009]
2025-11-18T00:45:19+01:00,[60],[0.003]
2025-11-18T00:45:18+01:00,[60],[0.012]
2025-11-18T00:45:17+01:00,[60],[0.002]
2025-11-18T00:45:16+01:00,[60],[0.01]
2025-11-18T00:45:15+01:00,[60],[0.004]
2025-11-18T00:45:14+01:00,[60],[0.005]
2025-11-18T00:45:13+01:00,[60],[0.002]
2025-11-18T00:45:12+01:00,[60],[0.011]
2025-11-18T00:45:11+01:00,[60],[0.007]
2025-11-18T00:45:10+01:00,[60],[0.008]
2025-11-18T00:45:09+01:00,[60],[0.005]
2025-11-18T00:45:08+01:00,[60],[0.006]
2025-11-18T00:45:07+01:00,[60],[0.004]
2025-11-18T00:45:06+01:00,[60],[0.019]
2025-11-18T00:45:05+01:00,[60],[0.023]
2025-11-18T00:45:04+01:00,[60],[0.011]
2025-11-18T00:45:03+01:00,[60],[0.005]
2025-11-18T00:45:02+01:00,[60],[0.003]
2025-11-18T00:45:01+01:00,[60],[0.002]
2025-11-18T00:45:00+01:00,[60],[0.002]
2025-11-18T00:44:59+01:00,[60],[0.006]
2025-11-18T00:44:58+01:00,[60],[0.004]
2025-11-18T00:44:57+01:00,[60],[0.003]
2025-11-18T00:44:56+01:00,[60],[0.003]
2025-11-18T00:44:55+01:00,[60],[0.002]
2025-11-18T00:44:54+01:00,[60],[0.004]
2025-11-18T00:44:53+01:00,[60],[0.009]
2025-11-18T00:44:52+01:00,[60],[0.005]
2025-11-18T00:44:51+01:00,[60],[0.004]
2025-11-18T00:44:50+01:00,[60],[0.005]
2025-11-18T00:44:49+01:00,[60],[0.003]
2025-11-18T00:44:48+01:00,[60],[0.008]
2025-11-18T00:44:47+01:00,[60],[0.007]
2025-11-18T00:44:46+01:00,[60],[0.006]
2025-11-18T00:44:45+01:00,[60],[0.002]
2025-11-18T00:44:44+01:00,[60],[0.003]
2025-11-18T00:44:43+01:00,[60],[0.007]
2025-11-18T00:44:42+01:00,[60],[0.004]
2025-11-18T00:44:41+01:00,[60],[0.005]
2025-11-18T00:44:40+01:00,[60],[0.008]
2025-11-18T00:44:39+01:00,[60],[0.004]
2025-11-18T00:44:38+01:00,[60],[0.007]
2025-11-18T00:44:37+01:00,[60],[0.007]
2025-11-18T00:44:36+01:00,[60],[0.007]
2025-11-18T00:44:35+01:00,[60],[0.005]
2025-11-18T00:44:34+01:00,[60],[0.006]
2025-11-18T00:44:33+01:00,[60],[0.012]
2025-11-18T00:44:32+01:00,[60],[0.008]
2025-11-18T00:44:30+01:00,[60],[0.016]
2025-11-18T00:44:29+01:00,[60],[0.016]
2025-11-18T00:44:28+01:00,[60],[0.016]
2025-11-18T00:44:27+01:00,[60],[0.006]
2025-11-18T00:44:26+01:00,[60],[0.002]
2025-11-18T00:44:25+01:00,[60],[0.031]
2025-11-18T00:44:24+01:00,[60],[0.008]
2025-11-18T00:44:23+01:00,[60],[0.015]
2025-11-18T00:44:22+01:00,[60],[0.011]
2025-11-18T00:44:21+01:00,[60],[0.009]
2025-11-18T00:44:20+01:00,[60],[0.005]
2025-11-18T00:44:19+01:00,[60],[0.015]
2025-11-18T00:44:18+01:00,[60],[0.009]
2025-11-18T00:44:17+01:00,[60],[0.009]
2025-11-18T00:44:16+01:00,[60],[0.01]
2025-11-18T00:44:15+01:00,[60],[0.005]
2025-11-18T00:44:14+01:00,[60],[0.013]
2025-11-18T00:44:13+01:00,[60],[0.01]
2025-11-18T00:44:12+01:00,[60],[0.013]
2025-11-18T00:44:11+01:00,[60],[0.003]
2025-11-18T00:44:10+01:00,[60],[0.002]
2025-11-18T00:44:09+01:00,[60],[0.005]
2025-11-18T00:44:08+01:00,[60],[0.011]
2025-11-18T00:44:07+01:00,[60],[0.007]
2025-11-18T00:44:06+01:00,[60],[0.005]
2025-11-18T00:44:05+01:00,[60],[0.009]
2025-11-18T00:44:04+01:00,[60],[0.009]
2025-11-18T00:44:03+01:00,[60],[0.005]
2025-11-18T00:44:02+01:00,[60],[0.002]
2025-11-18T00:44:01+01:00,[60],[0.005]
2025-11-18T00:44:00+01:00,[60],[0.006]
2025-11-18T00:43:59+01:00,[60],[0.002]
2025-11-18T00:43:58+01:00,[60],[0.012]
2025-11-18T00:43:57+01:00,[60],[0.02]
2025-11-18T00:43:56+01:00,[60],[0.007]
2025-11-18T00:43:55+01:00,[60],[0.011]
2025-11-18T00:43:54+01:00,[60],[0.013]
2025-11-18T00:43:53+01:00,[60],[0.006]
2025-11-18T00:43:52+01:00,[60],[0.003]
2025-11-18T00:43:51+01:00,[60],[0.01]
2025-11-18T00:43:50+01:00,[60],[0.012]
2025-11-18T00:43:49+01:00,[60],[0.003]
2025-11-18T00:43:48+01:00,[60],[0.007]
2025-11-18T00:43:47+01:00,[60],[0.005]
2025-11-18T00:43:46+01:00,[60],[0.008]
2025-11-18T00:43:45+01:00,[60],[0.002]
2025-11-18T00:43:44+01:00,[60],[0.034]
2025-11-18T00:43:43+01:00,[60],[0.015]
2025-11-18T00:43:42+01:00,[60],[0.018]
2025-11-18T00:43:41+01:00,[60],[0.005]
2025-11-18T00:43:40+01:00,[60],[0.003]
2025-11-18T00:43:39+01:00,[60],[0.004]
2025-11-18T00:43:38+01:00,[60],[0.018]
2025-11-18T00:43:37+01:00,[60],[0.003]
2025-11-18T00:43:36+01:00,[60],[0.008]
2025-11-18T00:43:35+01:00,[60],[0.015]
2025-11-18T00:43:34+01:00,[60],[0.089]
2025-11-18T00:43:33+01:00,[60],[0.01]
2025-11-18T00:43:32+01:00,[60],[0.006]
2025-11-18T00:43:31+01:00,[60],[0.005]
2025-11-18T00:43:30+01:00,[60],[0.013]
2025-11-18T00:43:29+01:00,[60],[0.004]
2025-11-18T00:43:28+01:00,[60],[0.009]
2025-11-18T00:43:27+01:00,[60],[0.003]
2025-11-18T00:43:26+01:00,[60],[0.014]
2025-11-18T00:43:25+01:00,[60],[0.004]
2025-11-18T00:43:24+01:00,[60],[0.011]
2025-11-18T00:43:23+01:00,[60],[0.008]
2025-11-18T00:43:22+01:00,[60],[0.002]
2025-11-18T00:43:21+01:00,[60],[0.008]
2025-11-18T00:43:20+01:00,[60],[0.017]
2025-11-18T00:43:19+01:00,[60],[0.008]
2025-11-18T00:43:18+01:00,[60],[0.003]
2025-11-18T00:43:17+01:00,[60],[0.006]
2025-11-18T00:43:16+01:00,[60],[0.003]
2025-11-18T00:43:15+01:00,[60],[0.002]
2025-11-18T00:43:14+01:00,[60],[0.021]
2025-11-18T00:43:13+01:00,[60],[0.007]
2025-11-18T00:43:12+01:00,[60],[0.005]
2025-11-18T00:43:11+01:00,[60],[0.007]
2025-11-18T00:43:10+01:00,[60],[0.003]
2025-11-18T00:43:09+01:00,[60],[0.006]
2025-11-18T00:43:08+01:00,[60],[0.023]
2025-11-18T00:43:07+01:00,[60],[0.015]
2025-11-18T00:43:06+01:00,[60],[0.013]
2025-11-18T00:43:05+01:00,[60],[0.014]
2025-11-18T00:43:04+01:00,[60],[0.012]
2025-11-18T00:43:03+01:00,[60],[0.006]
2025-11-18T00:43:02+01:00,[60],[0.001]
2025-11-18T00:43:01+01:00,[60],[0.006]
2025-11-18T00:43:00+01:00,[60],[0.003]
2025-11-18T00:42:59+01:00,[60],[0.003]
2025-11-18T00:42:58+01:00,[60],[0.005]
2025-11-18T00:42:57+01:00,[60],[0.007]
2025-11-18T00:42:56+01:00,[60],[0.007]
2025-11-18T00:42:55+01:00,[60],[0.009]
2025-11-18T00:42:54+01:00,[60],[0.005]
2025-11-18T00:42:53+01:00,[60],[0]
2025-11-18T00:42:52+01:00,[60],[0]
2025-11-18T00:42:51+01:00,[60],[0]
2025-11-18T00:42:50+01:00,[60],[0]
2025-11-18T00:42:49+01:00,[60],[0]
2025-11-18T00:42:48+01:00,[60],[0]
2025-11-18T00:42:47+01:00,[60],[0]
2025-11-18T00:42:46+01:00,[60],[0]
2025-11-18T00:42:45+01:00,[60],[0]
2025-11-18T00:42:44+01:00,[60],[0]
2025-11-18T00:42:43+01:00,[60],[0]
2025-11-18T00:42:42+01:00,[60],[0]
2025-11-18T00:42:41+01:00,[60],[0]
2025-11-18T00:42:40+01:00,[60],[0]
2025-11-18T00:42:39+01:00,[60],[0]
2025-11-18T00:42:38+01:00,[60],[0]
2025-11-18T00:42:37+01:00,[60],[0]
2025-11-18T00:42:36+01:00,[60],[0]
2025-11-18T00:42:35+01:00,[60],[0]
2025-11-18T00:42:34+01:00,[60],[0]
2025-11-18T00:42:33+01:00,[60],[0]
2025-11-18T00:42:32+01:00,[60],[0]
2025-11-18T00:42:31+01:00,[60],[0]
2025-11-18T00:42:30+01:00,[60],[0]
2025-11-18T00:42:29+01:00,[60],[0]
2025-11-18T00:42:28+01:00,[60],[0]
2025-11-18T00:42:27+01:00,[60],[0]
2025-11-18T00:42:26+01:00,[60],[0]
2025-11-18T00:42:24+01:00,[60],[0]
2025-11-18T00:42:23+01:00,[60],[0]
2025-11-18T00:42:22+01:00,[60],[0]
2025-11-18T00:42:20+01:00,[60],[-1]
2025-11-18T00:42:17+01:00,[60],[-1]
2025-11-11T02:59:50+01:00,[60],[0.91]
2025-11-11T02:59:49+01:00,[60],[0.339]
2025-11-11T02:59:48+01:00,[60],[0.031]
2025-11-11T02:59:47+01:00,[60],[0.13]
2025-11-11T02:59:46+01:00,[60],[0.148]
2025-11-11T02:59:45+01:00,[60],[0.242]
2025-11-11T02:59:44+01:00,[60],[0.077]
2025-11-11T02:59:43+01:00,[60],[0.16]
2025-11-11T02:59:42+01:00,[60],[0.141]
2025-11-11T02:59:41+01:00,[60],[0.818]
2025-11-11T02:59:40+01:00,[60],[1.602]
2025-11-11T02:59:39+01:00,[60],[1.803]
2025-11-11T02:59:38+01:00,[60],[1.543]
2025-11-11T02:59:37+01:00,[60],[1.507]
2025-11-11T02:59:36+01:00,[60],[1.753]
2025-11-11T02:59:35+01:00,[60],[1.637]
2025-11-11T02:59:34+01:00,[60],[0.852]
2025-11-11T02:59:33+01:00,[60],[0.144]
2025-11-11T02:59:32+01:00,[60],[0.099]
2025-11-11T02:59:31+01:00,[60],[0.531]
2025-11-11T02:59:30+01:00,[60],[0.111]
2025-11-11T02:59:29+01:00,[60],[0.102]
2025-11-11T02:59:28+01:00,[60],[0.108]
2025-11-11T02:59:27+01:00,[60],[0.376]
2025-11-11T02:59:26+01:00,[60],[1.008]
2025-11-11T02:59:25+01:00,[60],[0.911]
2025-11-11T02:59:24+01:00,[60],[0.54]
2025-11-11T02:59:23+01:00,[60],[0.613]
2025-11-11T02:59:22+01:00,[60],[0.87]
2025-11-11T02:59:21+01:00,[60],[0.635]
2025-11-11T02:59:20+01:00,[60],[1.071]
2025-11-11T02:59:19+01:00,[60],[1.397]
2025-11-11T02:59:18+01:00,[60],[1.263]
2025-11-11T02:59:17+01:00,[60],[1.25]
2025-11-11T02:59:16+01:00,[60],[1.087]
2025-11-11T02:59:15+01:00,[60],[1.022]
2025-11-11T02:59:14+01:00,[60],[1.315]
2025-11-11T02:59:13+01:00,[60],[1.399]
2025-11-11T02:59:12+01:00,[60],[1.315]
2025-11-11T02:59:11+01:00,[60],[1.395]
2025-11-11T02:59:10+01:00,[60],[1.277]
2025-11-11T02:59:09+01:00,[60],[1.099]
2025-11-11T02:59:08+01:00,[60],[0.976]
2025-11-11T02:59:07+01:00,[60],[1.066]
2025-11-11T02:59:06+01:00,[60],[1.346]
2025-11-11T02:59:05+01:00,[60],[1.508]
2025-11-11T02:59:04+01:00,[60],[1.354]
2025-11-11T02:59:03+01:00,[60],[1.213]
2025-11-11T02:59:02+01:00,[60],[1.238]
2025-11-11T02:59:01+01:00,[60],[1.122]
2025-11-11T02:59:00+01:00,[60],[1.081]
2025-11-11T02:58:59+01:00,[60],[1.196]
2025-11-11T02:58:58+01:00,[60],[1.414]
2025-11-11T02:58:57+01:00,[60],[1.395]
2025-11-11T02:58:56+01:00,[60],[1.335]
2025-11-11T02:58:55+01:00,[60],[1.086]
2025-11-11T02:58:54+01:00,[60],[1.227]
2025-11-11T02:58:53+01:00,[60],[1.188]
2025-11-11T02:58:52+01:00,[60],[1.459]
2025-11-11T02:58:51+01:00,[60],[1.466]
2025-11-11T02:58:50+01:00,[60],[1.329]
2025-11-11T02:58:49+01:00,[60],[1.184]
2025-11-11T02:58:48+01:00,[60],[1.316]
2025-11-11T02:58:47+01:00,[60],[1.052]
2025-11-11T02:58:46+01:00,[60],[0.909]
2025-11-11T02:58:45+01:00,[60],[1.143]
2025-11-11T02:58:44+01:00,[60],[0.82]
2025-11-11T02:58:43+01:00,[60],[0.726]
2025-11-11T02:58:42+01:00,[60],[0.483]
2025-11-11T02:58:41+01:00,[60],[0.238]
2025-11-11T02:58:40+01:00,[60],[0.192]
2025-11-11T02:58:39+01:00,[60],[0.397]
2025-11-11T02:58:38+01:00,[60],[0.816]
2025-11-11T02:58:37+01:00,[60],[0.971]
2025-11-11T02:58:36+01:00,[60],[0.606]
2025-11-11T02:58:34+01:00,[60],[0.09]
2025-11-11T02:58:33+01:00,[60],[0.192]
2025-11-11T02:58:32+01:00,[60],[0.194]
2025-11-11T02:58:31+01:00,[60],[0.173]
2025-11-11T02:58:30+01:00,[60],[0.122]
2025-11-11T02:58:29+01:00,[60],[0.074]
2025-11-11T02:58:28+01:00,[60],[0.231]
2025-11-11T02:58:27+01:00,[60],[0]
2025-11-11T02:58:26+01:00,[60],[0]
2025-11-11T02:58:25+01:00,[60],[0.819]
2025-11-11T02:58:24+01:00,[60],[0.468]
2025-11-11T02:58:23+01:00,[60],[0.042]
2025-11-11T02:58:22+01:00,[60],[0.104]
2025-11-11T02:58:21+01:00,[60],[0.065]
2025-11-11T02:58:20+01:00,[60],[0]
2025-11-11T02:58:19+01:00,[60],[0]
2025-11-11T02:58:18+01:00,[60],[0]
2025-11-11T02:58:17+01:00,[60],[0.173]
2025-11-11T02:58:16+01:00,[60],[0.055]
2025-11-11T02:58:15+01:00,[60],[0.105]
2025-11-11T02:58:14+01:00,[60],[0.107]
2025-11-11T02:58:13+01:00,[60],[0]
2025-11-11T02:58:12+01:00,[60],[0]
2025-11-11T02:58:11+01:00,[60],[0]
2025-11-11T02:58:10+01:00,[60],[0]
2025-11-11T02:58:09+01:00,[60],[0.081]
2025-11-11T02:58:08+01:00,[60],[0]
2025-11-11T02:58:07+01:00,[60],[0]
2025-11-11T02:58:06+01:00,[60],[0]
2025-11-11T02:58:05+01:00,[60],[0.202]
2025-11-11T02:58:04+01:00,[60],[0]
2025-11-11T02:58:03+01:00,[60],[0]
2025-11-11T02:58:02+01:00,[60],[0]
2025-11-11T02:58:01+01:00,[60],[0.043]
2025-11-11T02:58:00+01:00,[60],[0.177]
2025-11-11T02:57:59+01:00,[60],[0.102]
2025-11-11T02:57:58+01:00,[60],[0.063]
2025-11-11T02:57:57+01:00,[60],[0.076]
2025-11-11T02:57:56+01:00,[60],[0]
2025-11-11T02:57:55+01:00,[60],[0]
2025-11-11T02:57:54+01:00,[60],[0]
2025-11-11T02:57:53+01:00,[60],[0.314]
2025-11-11T02:57:52+01:00,[60],[0]
2025-11-11T02:57:51+01:00,[60],[0.782]
2025-11-11T02:57:50+01:00,[60],[0]
2025-11-11T02:57:49+01:00,[60],[0]
2025-11-11T02:57:48+01:00,[60],[0.09]
2025-11-11T02:57:47+01:00,[60],[0.072]
2025-11-11T02:57:46+01:00,[60],[0.062]
2025-11-11T02:57:45+01:00,[60],[0.048]
2025-11-11T02:57:44+01:00,[60],[0]
2025-11-11T02:57:43+01:00,[60],[0]
2025-11-11T02:57:42+01:00,[60],[0]
2025-11-11T02:57:41+01:00,[60],[0]
2025-11-11T02:57:40+01:00,[60],[0.015]
2025-11-11T02:57:39+01:00,[60],[0]
2025-11-11T02:57:38+01:00,[60],[0]
2025-11-11T02:57:37+01:00,[60],[0.061]
2025-11-11T02:57:36+01:00,[60],[0.018]
2025-11-11T02:57:35+01:00,[60],[0.052]
2025-11-11T02:57:34+01:00,[60],[0.289]
2025-11-11T02:57:33+01:00,[60],[0]
2025-11-11T02:57:32+01:00,[60],[0]
2025-11-11T02:57:31+01:00,[60],[0]
2025-11-11T02:57:30+01:00,[60],[0]
2025-11-11T02:57:29+01:00,[60],[0]
2025-11-11T02:57:28+01:00,[60],[0]
2025-11-11T02:57:27+01:00,[60],[0.013]
2025-11-11T02:57:26+01:00,[60],[0.173]
2025-11-11T02:57:25+01:00,[60],[0.113]
2025-11-11T02:57:24+01:00,[60],[0.043]
2025-11-11T02:57:23+01:00,[60],[0.651]
2025-11-11T02:57:22+01:00,[60],[0.206]
2025-11-11T02:57:21+01:00,[60],[0.196]
2025-11-11T02:57:20+01:00,[60],[0.289]
2025-11-11T02:57:19+01:00,[60],[0.084]
2025-11-11T02:57:18+01:00,[60],[0.251]
2025-11-11T02:57:17+01:00,[60],[0.27]
2025-11-11T02:57:16+01:00,[60],[1]
2025-11-11T02:57:15+01:00,[60],[0.933]
2025-11-11T02:57:14+01:00,[60],[0.745]
2025-11-11T02:57:13+01:00,[60],[0.829]
2025-11-11T02:57:12+01:00,[60],[1.162]
2025-11-11T02:57:11+01:00,[60],[1.382]
2025-11-11T02:57:10+01:00,[60],[1.437]
2025-11-11T02:57:09+01:00,[60],[1.195]
2025-11-11T02:57:08+01:00,[60],[0.889]
2025-11-11T02:57:07+01:00,[60],[1.064]
2025-11-11T02:57:06+01:00,[60],[0.717]
2025-11-11T02:57:05+01:00,[60],[1.173]
2025-11-11T02:57:04+01:00,[60],[0.897]
2025-11-11T02:57:03+01:00,[60],[0.981]
2025-11-11T02:57:02+01:00,[60],[1.193]
2025-11-11T02:57:01+01:00,[60],[1.398]
2025-11-11T02:57:00+01:00,[60],[1.109]
2025-11-11T02:56:59+01:00,[60],[1.051]
2025-11-11T02:56:58+01:00,[60],[1.071]
2025-11-11T02:56:57+01:00,[60],[0.864]
2025-11-11T02:56:56+01:00,[60],[1.043]
2025-11-11T02:56:55+01:00,[60],[1.138]
2025-11-11T02:56:54+01:00,[60],[1.204]
2025-11-11T02:56:53+01:00,[60],[1.226]
2025-11-11T02:56:52+01:00,[60],[1.19]
2025-11-11T02:56:51+01:00,[60],[1.195]
2025-11-11T02:56:50+01:00,[60],[1.322]
2025-11-11T02:56:49+01:00,[60],[1.271]
2025-11-11T02:56:48+01:00,[60],[1.373]
2025-11-11T02:56:47+01:00,[60],[1.536]
2025-11-11T02:56:46+01:00,[60],[1.356]
2025-11-11T02:56:45+01:00,[60],[1.214]
2025-11-11T02:56:44+01:00,[60],[0.992]
2025-11-11T02:56:43+01:00,[60],[0.872]
2025-11-11T02:56:42+01:00,[60],[0.932]
2025-11-11T02:56:41+01:00,[60],[1.08]
2025-11-11T02:56:40+01:00,[60],[1.124]
2025-11-11T02:56:39+01:00,[60],[1.329]
2025-11-11T02:56:38+01:00,[60],[1.385]
2025-11-11T02:56:37+01:00,[60],[1.574]
2025-11-11T02:56:36+01:00,[60],[1.271]
2025-11-11T02:56:35+01:00,[60],[1.255]
2025-11-11T02:56:34+01:00,[60],[1.301]
2025-11-11T02:56:33+01:00,[60],[1.367]
2025-11-11T02:56:32+01:00,[60],[1.364]
2025-11-11T02:56:31+01:00,[60],[1.151]
2025-11-11T02:56:30+01:00,[60],[1.35]
2025-11-11T02:56:28+01:00,[60],[1.409]
2025-11-11T02:56:27+01:00,[60],[1.272]
2025-11-11T02:56:26+01:00,[60],[1.052]
2025-11-11T02:56:25+01:00,[60],[1.325]
2025-11-11T02:56:24+01:00,[60],[1.262]
2025-11-11T02:56:23+01:00,[60],[1.159]
2025-11-11T02:56:22+01:00,[60],[1.107]
2025-11-11T02:56:21+01:00,[60],[1.174]
2025-11-11T02:56:20+01:00,[60],[1.331]
2025-11-11T02:56:19+01:00,[60],[1.455]
2025-11-11T02:56:18+01:00,[60],[1.261]
2025-11-11T02:56:17+01:00,[60],[1.176]
2025-11-11T02:56:16+01:00,[60],[1.281]
2025-11-11T02:56:15+01:00,[60],[1.188]
2025-11-11T02:56:14+01:00,[60],[1.05]
2025-11-11T02:56:13+01:00,[60],[1.231]
2025-11-11T02:56:12+01:00,[60],[1.056]
2025-11-11T02:56:11+01:00,[60],[0.992]
2025-11-11T02:56:10+01:00,[60],[0.807]
2025-11-11T02:56:09+01:00,[60],[1.146]
2025-11-11T02:56:08+01:00,[60],[1.37]
2025-11-11T02:56:07+01:00,[60],[1.38]
2025-11-11T02:56:06+01:00,[60],[1.316]
2025-11-11T02:56:05+01:00,[60],[1.127]
2025-11-11T02:56:04+01:00,[60],[1.17]
2025-11-11T02:56:03+01:00,[60],[1.182]
2025-11-11T02:56:02+01:00,[60],[1.213]
2025-11-11T02:56:01+01:00,[60],[1.159]
2025-11-11T02:56:00+01:00,[60],[1.151]
2025-11-11T02:55:59+01:00,[60],[1.196]
2025-11-11T02:55:58+01:00,[60],[1.115]
2025-11-11T02:55:57+01:00,[60],[1.286]
2025-11-11T02:55:56+01:00,[60],[1.489]
2025-11-11T02:55:55+01:00,[60],[1.345]
2025-11-11T02:55:54+01:00,[60],[1.241]
2025-11-11T02:55:53+01:00,[60],[1.289]
2025-11-11T02:55:52+01:00,[60],[1.367]
2025-11-11T02:55:51+01:00,[60],[1.228]
2025-11-11T02:55:50+01:00,[60],[1.032]
2025-11-11T02:55:49+01:00,[60],[0.947]
2025-11-11T02:55:48+01:00,[60],[0.972]
2025-11-11T02:55:47+01:00,[60],[0.789]
2025-11-11T02:55:46+01:00,[60],[0.672]
2025-11-11T02:55:45+01:00,[60],[1.247]
2025-11-11T02:55:44+01:00,[60],[1.294]
2025-11-11T02:55:43+01:00,[60],[1.261]
2025-11-11T02:55:42+01:00,[60],[1.124]
2025-11-11T02:55:41+01:00,[60],[1.288]
2025-11-11T02:55:40+01:00,[60],[1.078]
2025-11-11T02:55:39+01:00,[60],[0.796]
2025-11-11T02:55:38+01:00,[60],[0.723]
2025-11-11T02:55:37+01:00,[60],[0.779]
2025-11-11T02:55:36+01:00,[60],[1.034]
2025-11-11T02:55:35+01:00,[60],[1.012]
2025-11-11T02:55:34+01:00,[60],[0.914]
2025-11-11T02:55:33+01:00,[60],[0.868]
2025-11-11T02:55:32+01:00,[60],[0.922]
2025-11-11T02:55:31+01:00,[60],[0.906]
2025-11-11T02:55:30+01:00,[60],[0.924]
2025-11-11T02:55:29+01:00,[60],[1.277]
2025-11-11T02:55:28+01:00,[60],[1.426]
2025-11-11T02:55:27+01:00,[60],[1.254]
2025-11-11T02:55:26+01:00,[60],[0.87]
2025-11-11T02:55:25+01:00,[60],[0.637]
2025-11-11T02:55:24+01:00,[60],[0.721]
2025-11-11T02:55:23+01:00,[60],[1.263]
2025-11-11T02:55:22+01:00,[60],[1.383]
2025-11-11T02:55:21+01:00,[60],[1.397]
2025-11-11T02:55:20+01:00,[60],[1.006]
2025-11-11T02:55:19+01:00,[60],[1.261]
2025-11-11T02:55:18+01:00,[60],[1.119]
2025-11-11T02:55:17+01:00,[60],[1.142]
2025-11-11T02:55:16+01:00,[60],[1.24]
2025-11-11T02:55:15+01:00,[60],[1.118]
2025-11-11T02:55:14+01:00,[60],[1.127]
2025-11-11T02:55:13+01:00,[60],[1.063]
2025-11-11T02:55:12+01:00,[60],[1.132]
2025-11-11T02:55:11+01:00,[60],[1.062]
2025-11-11T02:55:10+01:00,[60],[1.041]
2025-11-11T02:55:09+01:00,[60],[0.812]
2025-11-11T02:55:08+01:00,[60],[1.099]
2025-11-11T02:55:07+01:00,[60],[1.126]
2025-11-11T02:55:06+01:00,[60],[1.361]
2025-11-11T02:55:05+01:00,[60],[1.522]
2025-11-11T02:55:04+01:00,[60],[1.22]
2025-11-11T02:55:03+01:00,[60],[1.22]
2025-11-11T02:55:02+01:00,[60],[0.898]
2025-11-11T02:55:01+01:00,[60],[0.614]
2025-11-11T02:55:00+01:00,[60],[0.652]
2025-11-11T02:54:59+01:00,[60],[1.249]
2025-11-11T02:54:58+01:00,[60],[1.427]
2025-11-11T02:54:57+01:00,[60],[1.463]
2025-11-11T02:54:56+01:00,[60],[1.385]
2025-11-11T02:54:55+01:00,[60],[1.549]
2025-11-11T02:54:54+01:00,[60],[1.257]
2025-11-11T02:54:53+01:00,[60],[0.611]
2025-11-11T02:54:52+01:00,[60],[1.184]
2025-11-11T02:54:51+01:00,[60],[1.305]
2025-11-11T02:54:50+01:00,[60],[1.255]
2025-11-11T02:54:49+01:00,[60],[1.164]
2025-11-11T02:54:48+01:00,[60],[1.233]
2025-11-11T02:54:47+01:00,[60],[1.148]
2025-11-11T02:54:46+01:00,[60],[1.206]
2025-11-11T02:54:45+01:00,[60],[1.395]
2025-11-11T02:54:44+01:00,[60],[1.361]
2025-11-11T02:54:43+01:00,[60],[1.12]
2025-11-11T02:54:42+01:00,[60],[0.885]
2025-11-11T02:54:41+01:00,[60],[1.222]
2025-11-11T02:54:40+01:00,[60],[1.438]
2025-11-11T02:54:39+01:00,[60],[1.696]
2025-11-11T02:54:38+01:00,[60],[1.448]
2025-11-11T02:54:37+01:00,[60],[1.302]
2025-11-11T02:54:36+01:00,[60],[1.23]
2025-11-11T02:54:35+01:00,[60],[0.764]
2025-11-11T02:54:34+01:00,[60],[1.305]
2025-11-11T02:54:33+01:00,[60],[1.365]
2025-11-11T02:54:32+01:00,[60],[1.535]
2025-11-11T02:54:31+01:00,[60],[1.102]
2025-11-11T02:54:30+01:00,[60],[0.581]
2025-11-11T02:54:29+01:00,[60],[0.977]
2025-11-11T02:54:28+01:00,[60],[1.379]
2025-11-11T02:54:27+01:00,[60],[1.36]
2025-11-11T02:54:26+01:00,[60],[1.086]
2025-11-11T02:54:25+01:00,[60],[0.928]
2025-11-11T02:54:23+01:00,[60],[1.089]
2025-11-11T02:54:22+01:00,[60],[1.338]
2025-11-11T02:54:21+01:00,[60],[1.372]
2025-11-11T02:54:20+01:00,[60],[1.353]
2025-11-11T02:54:19+01:00,[60],[1.53]
2025-11-11T02:54:18+01:00,[60],[1.395]
2025-11-11T02:54:17+01:00,[60],[1.575]
2025-11-11T02:54:16+01:00,[60],[1.274]
2025-11-11T02:54:15+01:00,[60],[0.69]
2025-11-11T02:54:14+01:00,[60],[0.935]
2025-11-11T02:54:13+01:00,[60],[1.029]
2025-11-11T02:54:12+01:00,[60],[1.148]
2025-11-11T02:54:11+01:00,[60],[1.118]
2025-11-11T02:54:10+01:00,[60],[1.044]
2025-11-11T02:54:09+01:00,[60],[1.367]
2025-11-11T02:54:08+01:00,[60],[1.554]
2025-11-11T02:54:07+01:00,[60],[1.357]
2025-11-11T02:54:06+01:00,[60],[1.401]
2025-11-11T02:54:05+01:00,[60],[1.445]
2025-11-11T02:54:04+01:00,[60],[1.31]
2025-11-11T02:54:03+01:00,[60],[1.362]
2025-11-11T02:54:02+01:00,[60],[1.373]
2025-11-11T02:54:01+01:00,[60],[1.173]
2025-11-11T02:54:00+01:00,[60],[0.834]
2025-11-11T02:53:59+01:00,[60],[0.73]
2025-11-11T02:53:58+01:00,[60],[1.22]
2025-11-11T02:53:57+01:00,[60],[1.369]
2025-11-11T02:53:56+01:00,[60],[1.5]
2025-11-11T02:53:55+01:00,[60],[1.342]
2025-11-11T02:53:54+01:00,[60],[1.24]
2025-11-11T02:53:53+01:00,[60],[1.367]
2025-11-11T02:53:52+01:00,[60],[1.681]
2025-11-11T02:53:51+01:00,[60],[0.773]
2025-11-11T02:53:50+01:00,[60],[0.61]
2025-11-11T02:53:49+01:00,[60],[1.361]
2025-11-11T02:53:48+01:00,[60],[1.364]
2025-11-11T02:53:47+01:00,[60],[1.248]
2025-11-11T02:53:46+01:00,[60],[1.339]
2025-11-11T02:53:45+01:00,[60],[1.321]
2025-11-11T02:53:44+01:00,[60],[1.266]
2025-11-11T02:53:43+01:00,[60],[1.066]
2025-11-11T02:53:42+01:00,[60],[0.92]
2025-11-11T02:53:41+01:00,[60],[0.893]
2025-11-11T02:53:40+01:00,[60],[1.124]
2025-11-11T02:53:39+01:00,[60],[0.925]
2025-11-11T02:53:38+01:00,[60],[0.623]
2025-11-11T02:53:37+01:00,[60],[0.937]
2025-11-11T02:53:36+01:00,[60],[1.165]
2025-11-11T02:53:35+01:00,[60],[1.342]
2025-11-11T02:53:34+01:00,[60],[1.328]
2025-11-11T02:53:33+01:00,[60],[1.218]
2025-11-11T02:53:32+01:00,[60],[1.036]
2025-11-11T02:53:31+01:00,[60],[0.937]
2025-11-11T02:53:30+01:00,[60],[1.092]
2025-11-11T02:53:29+01:00,[60],[1.277]
2025-11-11T02:53:28+01:00,[60],[1.426]
2025-11-11T02:53:27+01:00,[60],[1.407]
2025-11-11T02:53:26+01:00,[60],[1.366]
2025-11-11T02:53:25+01:00,[60],[1.734]
2025-11-11T02:53:24+01:00,[60],[1.123]
2025-11-11T02:53:23+01:00,[60],[0.965]
2025-11-11T02:53:22+01:00,[60],[1.173]
2025-11-11T02:53:21+01:00,[60],[1.375]
2025-11-11T02:53:20+01:00,[60],[1.403]
2025-11-11T02:53:19+01:00,[60],[1.031]
2025-11-11T02:53:18+01:00,[60],[1.059]
2025-11-11T02:53:17+01:00,[60],[1.344]
2025-11-11T02:53:16+01:00,[60],[1.446]
2025-11-11T02:53:15+01:00,[60],[1.434]
2025-11-11T02:53:14+01:00,[60],[1.395]
2025-11-11T02:53:13+01:00,[60],[0.992]
2025-11-11T02:53:12+01:00,[60],[1.192]
2025-11-11T02:53:11+01:00,[60],[1.104]
2025-11-11T02:53:10+01:00,[60],[0.96]
2025-11-11T02:53:09+01:00,[60],[0.766]
2025-11-11T02:53:08+01:00,[60],[0.78]
2025-11-11T02:53:07+01:00,[60],[1.162]
2025-11-11T02:53:06+01:00,[60],[1.282]
2025-11-11T02:53:05+01:00,[60],[1.4]
2025-11-11T02:53:04+01:00,[60],[1.532]
2025-11-11T02:53:03+01:00,[60],[1.271]
2025-11-11T02:53:02+01:00,[60],[0.932]
2025-11-11T02:53:01+01:00,[60],[1.04]
2025-11-11T02:53:00+01:00,[60],[1.296]
2025-11-11T02:52:59+01:00,[60],[1.413]
2025-11-11T02:52:58+01:00,[60],[1.365]
2025-11-11T02:52:57+01:00,[60],[1.409]
2025-11-11T02:52:56+01:00,[60],[1.169]
2025-11-11T02:52:55+01:00,[60],[1.17]
2025-11-11T02:52:54+01:00,[60],[1.219]
2025-11-11T02:52:53+01:00,[60],[1.3]
2025-11-11T02:52:52+01:00,[60],[1.212]
2025-11-11T02:52:51+01:00,[60],[1.121]
2025-11-11T02:52:50+01:00,[60],[1.419]
2025-11-11T02:52:49+01:00,[60],[1.419]
2025-11-11T02:52:48+01:00,[60],[1.735]
2025-11-11T02:52:47+01:00,[60],[1.288]
2025-11-11T02:52:46+01:00,[60],[0.733]
2025-11-11T02:52:45+01:00,[60],[0.888]
2025-11-11T02:52:44+01:00,[60],[0.701]
2025-11-11T02:52:43+01:00,[60],[1]
2025-11-11T02:52:42+01:00,[60],[1.213]
2025-11-11T02:52:41+01:00,[60],[1.266]
2025-11-11T02:52:40+01:00,[60],[1.202]
2025-11-11T02:52:39+01:00,[60],[0.866]
2025-11-11T02:52:38+01:00,[60],[0.791]
2025-11-11T02:52:37+01:00,[60],[1.299]
2025-11-11T02:52:36+01:00,[60],[1.244]
2025-11-11T02:52:35+01:00,[60],[1.37]
2025-11-11T02:52:34+01:00,[60],[1.384]
2025-11-11T02:52:33+01:00,[60],[1.273]
2025-11-11T02:52:32+01:00,[60],[1.3]
2025-11-11T02:52:31+01:00,[60],[1.23]
2025-11-11T02:52:30+01:00,[60],[1.342]
2025-11-11T02:52:29+01:00,[60],[1.287]
2025-11-11T02:52:28+01:00,[60],[1.115]
2025-11-11T02:52:27+01:00,[60],[1.301]
2025-11-11T02:52:26+01:00,[60],[1.294]
2025-11-11T02:52:25+01:00,[60],[1.159]
2025-11-11T02:52:24+01:00,[60],[1.083]
2025-11-11T02:52:23+01:00,[60],[1.143]
2025-11-11T02:52:22+01:00,[60],[1.355]
2025-11-11T02:52:21+01:00,[60],[1.438]
2025-11-11T02:52:20+01:00,[60],[1.585]
2025-11-11T02:52:19+01:00,[60],[1.403]
2025-11-11T02:52:17+01:00,[60],[0.862]
2025-11-11T02:52:16+01:00,[60],[1.055]
2025-11-11T02:52:15+01:00,[60],[1.15]
2025-11-11T02:52:14+01:00,[60],[1.363]
2025-11-11T02:52:13+01:00,[60],[1.382]
2025-11-11T02:52:12+01:00,[60],[1.315]
2025-11-11T02:52:11+01:00,[60],[1.41]
2025-11-11T02:52:10+01:00,[60],[1.335]
2025-11-11T02:52:09+01:00,[60],[1.324]
2025-11-11T02:52:08+01:00,[60],[1.131]
2025-11-11T02:52:07+01:00,[60],[1.514]
2025-11-11T02:52:06+01:00,[60],[1.34]
2025-11-11T02:52:05+01:00,[60],[1.26]
2025-11-11T02:52:04+01:00,[60],[1.25]
2025-11-11T02:52:03+01:00,[60],[1.127]
2025-11-11T02:52:02+01:00,[60],[1.389]
2025-11-11T02:52:01+01:00,[60],[1.327]
2025-11-11T02:52:00+01:00,[60],[1.28]
2025-11-11T02:51:59+01:00,[60],[1.082]
2025-11-11T02:51:58+01:00,[60],[1.126]
2025-11-11T02:51:57+01:00,[60],[1.272]
2025-11-11T02:51:56+01:00,[60],[1.124]
2025-11-11T02:51:55+01:00,[60],[0.573]
2025-11-11T02:51:54+01:00,[60],[0.809]
2025-11-11T02:51:53+01:00,[60],[0.839]
2025-11-11T02:51:52+01:00,[60],[0.852]
2025-11-11T02:51:51+01:00,[60],[1.063]
2025-11-11T02:51:50+01:00,[60],[0.991]
2025-11-11T02:51:49+01:00,[60],[0.987]
2025-11-11T02:51:48+01:00,[60],[1.203]
2025-11-11T02:51:47+01:00,[60],[1.182]
2025-11-11T02:51:46+01:00,[60],[1.038]
2025-11-11T02:51:45+01:00,[60],[1.069]
2025-11-11T02:51:44+01:00,[60],[1.083]
2025-11-11T02:51:43+01:00,[60],[1.186]
2025-11-11T02:51:42+01:00,[60],[1.256]
2025-11-11T02:51:41+01:00,[60],[1.186]
2025-11-11T02:51:40+01:00,[60],[1.125]
2025-11-11T02:51:39+01:00,[60],[1.075]
2025-11-11T02:51:38+01:00,[60],[1.13]
2025-11-11T02:51:37+01:00,[60],[1.153]
2025-11-11T02:51:36+01:00,[60],[1.158]
2025-11-11T02:51:35+01:00,[60],[0.94]
2025-11-11T02:51:34+01:00,[60],[0.729]
2025-11-11T02:51:33+01:00,[60],[0.683]
2025-11-11T02:51:32+01:00,[60],[0.954]
2025-11-11T02:51:31+01:00,[60],[1.094]
2025-11-11T02:51:30+01:00,[60],[0.845]
2025-11-11T02:51:29+01:00,[60],[1.087]
2025-11-11T02:51:28+01:00,[60],[1.099]
2025-11-11T02:51:27+01:00,[60],[1.091]
2025-11-11T02:51:26+01:00,[60],[1.114]
2025-11-11T02:51:25+01:00,[60],[1.024]
2025-11-11T02:51:24+01:00,[60],[1.03]
2025-11-11T02:51:23+01:00,[60],[1.069]
2025-11-11T02:51:22+01:00,[60],[0.96]
2025-11-11T02:51:21+01:00,[60],[0.795]
2025-11-11T02:51:20+01:00,[60],[1.165]
2025-11-11T02:51:19+01:00,[60],[1.022]
2025-11-11T02:51:18+01:00,[60],[1.034]
2025-11-11T02:51:17+01:00,[60],[0.963]
2025-11-11T02:51:16+01:00,[60],[0.925]
2025-11-11T02:51:15+01:00,[60],[0.878]
2025-11-11T02:51:14+01:00,[60],[0.901]
2025-11-11T02:51:13+01:00,[60],[0.934]
2025-11-11T02:51:12+01:00,[60],[0.99]
2025-11-11T02:51:11+01:00,[60],[0.877]
2025-11-11T02:51:10+01:00,[60],[1.025]
2025-11-11T02:51:09+01:00,[60],[1.047]
2025-11-11T02:51:08+01:00,[60],[0.98]
2025-11-11T02:51:07+01:00,[60],[0.937]
2025-11-11T02:51:06+01:00,[60],[0.817]
2025-11-11T02:51:05+01:00,[60],[0.771]
2025-11-11T02:51:04+01:00,[60],[1.194]
2025-11-11T02:51:03+01:00,[60],[1.053]
2025-11-11T02:51:02+01:00,[60],[0.847]
2025-11-11T02:51:01+01:00,[60],[0.787]
2025-11-11T02:51:00+01:00,[60],[0.976]
2025-11-11T02:50:59+01:00,[60],[0.921]
2025-11-11T02:50:58+01:00,[60],[0.999]
2025-11-11T02:50:57+01:00,[60],[0.971]
2025-11-11T02:50:56+01:00,[60],[0.658]
2025-11-11T02:50:55+01:00,[60],[0.971]
2025-11-11T02:50:54+01:00,[60],[0.994]
2025-11-11T02:50:53+01:00,[60],[0.997]
2025-11-11T02:50:52+01:00,[60],[0.842]
2025-11-11T02:50:51+01:00,[60],[1.106]
2025-11-11T02:50:50+01:00,[60],[1.038]
2025-11-11T02:50:49+01:00,[60],[1.131]
2025-11-11T02:50:48+01:00,[60],[0.87]
2025-11-11T02:50:47+01:00,[60],[0.997]
2025-11-11T02:50:46+01:00,[60],[0.923]
2025-11-11T02:50:45+01:00,[60],[0.927]
2025-11-11T02:50:44+01:00,[60],[1.137]
2025-11-11T02:50:43+01:00,[60],[1.086]
2025-11-11T02:50:42+01:00,[60],[1.058]
2025-11-11T02:50:41+01:00,[60],[0.914]
2025-11-11T02:50:40+01:00,[60],[0.882]
2025-11-11T02:50:39+01:00,[60],[1.095]
2025-11-11T02:50:38+01:00,[60],[1.29]
2025-11-11T02:50:37+01:00,[60],[1.075]
2025-11-11T02:50:36+01:00,[60],[0.905]
2025-11-11T02:50:35+01:00,[60],[0.882]
2025-11-11T02:50:34+01:00,[60],[1.055]
2025-11-11T02:50:33+01:00,[60],[1.341]
2025-11-11T02:50:32+01:00,[60],[1.319]
2025-11-11T02:50:31+01:00,[60],[1.081]
2025-11-11T02:50:30+01:00,[60],[0.976]
2025-11-11T02:50:29+01:00,[60],[1.03]
2025-11-11T02:50:28+01:00,[60],[1.141]
2025-11-11T02:50:27+01:00,[60],[1.232]
2025-11-11T02:50:26+01:00,[60],[1.302]
2025-11-11T02:50:25+01:00,[60],[1.367]
2025-11-11T02:50:24+01:00,[60],[1.006]
2025-11-11T02:50:23+01:00,[60],[1.162]
2025-11-11T02:50:22+01:00,[60],[1.194]
2025-11-11T02:50:21+01:00,[60],[1.18]
2025-11-11T02:50:20+01:00,[60],[1.014]
2025-11-11T02:50:19+01:00,[60],[0.98]
2025-11-11T02:50:18+01:00,[60],[0.863]
2025-11-11T02:50:17+01:00,[60],[1.006]
2025-11-11T02:50:16+01:00,[60],[1.387]
2025-11-11T02:50:15+01:00,[60],[1.472]
2025-11-11T02:50:14+01:00,[60],[1.594]
2025-11-11T02:50:13+01:00,[60],[1.25]
2025-11-11T02:50:12+01:00,[60],[0.941]
2025-11-11T02:50:11+01:00,[60],[0.927]
2025-11-11T02:50:10+01:00,[60],[1.431]
2025-11-11T02:50:09+01:00,[60],[1.47]
2025-11-11T02:50:08+01:00,[60],[1.445]
2025-11-11T02:50:07+01:00,[60],[1.487]
2025-11-11T02:50:06+01:00,[60],[1.36]
2025-11-11T02:50:05+01:00,[60],[1.29]
2025-11-11T02:50:04+01:00,[60],[1.265]
2025-11-11T02:50:03+01:00,[60],[1.185]
2025-11-11T02:50:02+01:00,[60],[0.97]
2025-11-11T02:50:01+01:00,[60],[0.941]
2025-11-11T02:50:00+01:00,[60],[1.141]
2025-11-11T02:49:59+01:00,[60],[0.997]
2025-11-11T02:49:58+01:00,[60],[0.903]
2025-11-11T02:49:57+01:00,[60],[1.117]
2025-11-11T02:49:56+01:00,[60],[1.067]
2025-11-11T02:49:55+01:00,[60],[1.163]
2025-11-11T02:49:54+01:00,[60],[1.281]
2025-11-11T02:49:53+01:00,[60],[1.377]
2025-11-11T02:49:52+01:00,[60],[1.457]
2025-11-11T02:49:51+01:00,[60],[1.418]
2025-11-11T02:49:50+01:00,[60],[1.44]
2025-11-11T02:49:49+01:00,[60],[1.417]
2025-11-11T02:49:48+01:00,[60],[1.301]
2025-11-11T02:49:47+01:00,[60],[1.42]
2025-11-11T02:49:46+01:00,[60],[1.45]
2025-11-11T02:49:45+01:00,[60],[1.528]
2025-11-11T02:49:44+01:00,[60],[1.309]
2025-11-11T02:49:43+01:00,[60],[1.022]
2025-11-11T02:49:42+01:00,[60],[1.063]
2025-11-11T02:49:41+01:00,[60],[0.988]
2025-11-11T02:49:40+01:00,[60],[1.118]
2025-11-11T02:49:39+01:00,[60],[1.445]
2025-11-11T02:49:38+01:00,[60],[1.836]
2025-11-11T02:49:37+01:00,[60],[1.087]
2025-11-11T02:49:36+01:00,[60],[1.185]
2025-11-11T02:49:35+01:00,[60],[1.238]
2025-11-11T02:49:34+01:00,[60],[1.349]
2025-11-11T02:49:33+01:00,[60],[1.452]
2025-11-11T02:49:32+01:00,[60],[1.494]
2025-11-11T02:49:31+01:00,[60],[1.598]
2025-11-11T02:49:30+01:00,[60],[1.449]
2025-11-11T02:49:29+01:00,[60],[1.587]
2025-11-11T02:49:28+01:00,[60],[1.29]
2025-11-11T02:49:27+01:00,[60],[1.422]
2025-11-11T02:49:26+01:00,[60],[1.47]
2025-11-11T02:49:25+01:00,[60],[1.467]
2025-11-11T02:49:24+01:00,[60],[1.396]
2025-11-11T02:49:23+01:00,[60],[1.415]
2025-11-11T02:49:22+01:00,[60],[1.442]
2025-11-11T02:49:21+01:00,[60],[1.373]
2025-11-11T02:49:20+01:00,[60],[1.405]
2025-11-11T02:49:19+01:00,[60],[1.38]
2025-11-11T02:49:18+01:00,[60],[1.377]
2025-11-11T02:49:17+01:00,[60],[1.28]
2025-11-11T02:49:16+01:00,[60],[1.367]
2025-11-11T02:49:15+01:00,[60],[1.561]
2025-11-11T02:49:14+01:00,[60],[1.305]
2025-11-11T02:49:13+01:00,[60],[1.24]
2025-11-11T02:49:12+01:00,[60],[1.236]
2025-11-11T02:49:11+01:00,[60],[1.396]
2025-11-11T02:49:10+01:00,[60],[1.31]
2025-11-11T02:49:09+01:00,[60],[1.325]
2025-11-11T02:49:08+01:00,[60],[1.187]
2025-11-11T02:49:07+01:00,[60],[1.153]
2025-11-11T02:49:06+01:00,[60],[1.317]
2025-11-11T02:49:05+01:00,[60],[1.427]
2025-11-11T02:49:04+01:00,[60],[1.454]
2025-11-11T02:49:03+01:00,[60],[1.383]
2025-11-11T02:49:02+01:00,[60],[1.335]
2025-11-11T02:49:01+01:00,[60],[0.945]
2025-11-11T02:49:00+01:00,[60],[0.87]
2025-11-11T02:48:59+01:00,[60],[1.088]
2025-11-11T02:48:58+01:00,[60],[1.39]
2025-11-11T02:48:57+01:00,[60],[1.443]
2025-11-11T02:48:56+01:00,[60],[1.599]
2025-11-11T02:48:55+01:00,[60],[1.416]
2025-11-11T02:48:54+01:00,[60],[1.409]
2025-11-11T02:48:53+01:00,[60],[1.523]
2025-11-11T02:48:52+01:00,[60],[1.199]
2025-11-11T02:48:51+01:00,[60],[1.363]
2025-11-11T02:48:50+01:00,[60],[1.485]
2025-11-11T02:48:49+01:00,[60],[1.434]
2025-11-11T02:48:48+01:00,[60],[1.529]
2025-11-11T02:48:47+01:00,[60],[1.33]
2025-11-11T02:48:46+01:00,[60],[1.653]
2025-11-11T02:48:45+01:00,[60],[1.427]
2025-11-11T02:48:44+01:00,[60],[1.476]
2025-11-11T02:48:43+01:00,[60],[1.417]
2025-11-11T02:48:42+01:00,[60],[1.524]
2025-11-11T02:48:41+01:00,[60],[1.348]
2025-11-11T02:48:40+01:00,[60],[1.276]
2025-11-11T02:48:39+01:00,[60],[1.269]
2025-11-11T02:48:38+01:00,[60],[1.225]
2025-11-11T02:48:37+01:00,[60],[1.256]
2025-11-11T02:48:36+01:00,[60],[1.2]
2025-11-11T02:48:35+01:00,[60],[1.064]
2025-11-11T02:48:34+01:00,[60],[1.111]
2025-11-11T02:48:33+01:00,[60],[1.026]
2025-11-11T02:48:32+01:00,[60],[0.981]
2025-11-11T02:48:31+01:00,[60],[1.397]
2025-11-11T02:48:30+01:00,[60],[1.443]
2025-11-11T02:48:29+01:00,[60],[1.318]
2025-11-11T02:48:28+01:00,[60],[1.319]
2025-11-11T02:48:27+01:00,[60],[1.388]
2025-11-11T02:48:26+01:00,[60],[1.558]
2025-11-11T02:48:25+01:00,[60],[1.218]
2025-11-11T02:48:24+01:00,[60],[1.337]
2025-11-11T02:48:23+01:00,[60],[1.413]
2025-11-11T02:48:22+01:00,[60],[1.394]
2025-11-11T02:48:21+01:00,[60],[1.478]
2025-11-11T02:48:20+01:00,[60],[1.421]
2025-11-11T02:48:19+01:00,[60],[1.534]
2025-11-11T02:48:18+01:00,[60],[1.27]
2025-11-11T02:48:17+01:00,[60],[1.111]
2025-11-11T02:48:16+01:00,[60],[1.377]
2025-11-11T02:48:15+01:00,[60],[1.399]
2025-11-11T02:48:14+01:00,[60],[1.338]
2025-11-11T02:48:13+01:00,[60],[1.49]
2025-11-11T02:48:12+01:00,[60],[1.296]
2025-11-11T02:48:11+01:00,[60],[1.254]
2025-11-11T02:48:10+01:00,[60],[1.24]
2025-11-11T02:48:09+01:00,[60],[1.403]
2025-11-11T02:48:08+01:00,[60],[1.489]
2025-11-11T02:48:07+01:00,[60],[1.283]
2025-11-11T02:48:06+01:00,[60],[1.387]
2025-11-11T02:48:05+01:00,[60],[1.387]
2025-11-11T02:48:04+01:00,[60],[1.415]
2025-11-11T02:48:03+01:00,[60],[1.528]
2025-11-11T02:48:02+01:00,[60],[1.49]
2025-11-11T02:48:01+01:00,[60],[1.354]
2025-11-11T02:48:00+01:00,[60],[1.212]
2025-11-11T02:47:59+01:00,[60],[1.323]
2025-11-11T02:47:58+01:00,[60],[1.173]
2025-11-11T02:47:57+01:00,[60],[1.163]
2025-11-11T02:47:56+01:00,[60],[0.607]
2025-11-11T02:47:55+01:00,[60],[0.817]
2025-11-11T02:47:54+01:00,[60],[1.365]
2025-11-11T02:47:53+01:00,[60],[1.605]
2025-11-11T02:47:52+01:00,[60],[1.083]
2025-11-11T02:47:51+01:00,[60],[1.391]
2025-11-11T02:47:50+01:00,[60],[1.77]
2025-11-11T02:47:49+01:00,[60],[1.463]
2025-11-11T02:47:48+01:00,[60],[1.605]
2025-11-11T02:47:47+01:00,[60],[1.411]
2025-11-11T02:47:46+01:00,[60],[1.475]
2025-11-11T02:47:45+01:00,[60],[1.694]
2025-11-11T02:47:44+01:00,[60],[1.358]
2025-11-11T02:47:43+01:00,[60],[1.401]
2025-11-11T02:47:42+01:00,[60],[1.473]
2025-11-11T02:47:41+01:00,[60],[1.455]
2025-11-11T02:47:40+01:00,[60],[1.522]
2025-11-11T02:47:39+01:00,[60],[1.234]
2025-11-11T02:47:38+01:00,[60],[1.161]
2025-11-11T02:47:37+01:00,[60],[1.423]
2025-11-11T02:47:36+01:00,[60],[1.629]
2025-11-11T02:47:35+01:00,[60],[1.398]
2025-11-11T02:47:34+01:00,[60],[1.459]
2025-11-11T02:47:33+01:00,[60],[1.037]
2025-11-11T02:47:32+01:00,[60],[1.118]
2025-11-11T02:47:31+01:00,[60],[0.972]
2025-11-11T02:47:30+01:00,[60],[1.197]
2025-11-11T02:47:29+01:00,[60],[1.404]
2025-11-11T02:47:28+01:00,[60],[1.411]
2025-11-11T02:47:27+01:00,[60],[1.449]
2025-11-11T02:47:26+01:00,[60],[1.495]
2025-11-11T02:47:25+01:00,[60],[1.264]
2025-11-11T02:47:24+01:00,[60],[1.447]
2025-11-11T02:47:23+01:00,[60],[1.453]
2025-11-11T02:47:22+01:00,[60],[1.539]
2025-11-11T02:47:21+01:00,[60],[1.463]
2025-11-11T02:47:20+01:00,[60],[1.428]
2025-11-11T02:47:19+01:00,[60],[1.588]
2025-11-11T02:47:18+01:00,[60],[1.465]
2025-11-11T02:47:17+01:00,[60],[1.484]
2025-11-11T02:47:16+01:00,[60],[1.418]
2025-11-11T02:47:15+01:00,[60],[1.06]
2025-11-11T02:47:14+01:00,[60],[0.976]
2025-11-11T02:47:13+01:00,[60],[1.391]
2025-11-11T02:47:12+01:00,[60],[1.422]
2025-11-11T02:47:11+01:00,[60],[1.305]
2025-11-11T02:47:10+01:00,[60],[1.348]
2025-11-11T02:47:09+01:00,[60],[1.366]
2025-11-11T02:47:08+01:00,[60],[1.167]
2025-11-11T02:47:07+01:00,[60],[0.697]
2025-11-11T02:47:06+01:00,[60],[0.806]
2025-11-11T02:47:05+01:00,[60],[1.405]
2025-11-11T02:47:04+01:00,[60],[1.462]
2025-11-11T02:47:03+01:00,[60],[1.568]
2025-11-11T02:47:02+01:00,[60],[1.476]
2025-11-11T02:47:01+01:00,[60],[1.489]
2025-11-11T02:47:00+01:00,[60],[1.565]
2025-11-11T02:46:59+01:00,[60],[1.477]
2025-11-11T02:46:58+01:00,[60],[1.477]
2025-11-11T02:46:57+01:00,[60],[1.489]
2025-11-11T02:46:56+01:00,[60],[1.513]
2025-11-11T02:46:55+01:00,[60],[1.346]
2025-11-11T02:46:54+01:00,[60],[1.264]
2025-11-11T02:46:53+01:00,[60],[1.197]
2025-11-11T02:46:52+01:00,[60],[1.159]
2025-11-11T02:46:51+01:00,[60],[0.926]
2025-11-11T02:46:50+01:00,[60],[1.094]
2025-11-11T02:46:49+01:00,[60],[1.411]
2025-11-11T02:46:48+01:00,[60],[1.676]
2025-11-11T02:46:47+01:00,[60],[1.274]
2025-11-11T02:46:46+01:00,[60],[1.07]
2025-11-11T02:46:45+01:00,[60],[1.006]
2025-11-11T02:46:44+01:00,[60],[1.297]
2025-11-11T02:46:43+01:00,[60],[1.442]
2025-11-11T02:46:42+01:00,[60],[1.461]
2025-11-11T02:46:41+01:00,[60],[1.089]
2025-11-11T02:46:40+01:00,[60],[0.557]
2025-11-11T02:46:39+01:00,[60],[0.813]
2025-11-11T02:46:38+01:00,[60],[1.416]
2025-11-11T02:46:37+01:00,[60],[1.461]
2025-11-11T02:46:36+01:00,[60],[1.565]
2025-11-11T02:46:35+01:00,[60],[1.461]
2025-11-11T02:46:34+01:00,[60],[1.475]
2025-11-11T02:46:33+01:00,[60],[1.492]
2025-11-11T02:46:32+01:00,[60],[1.352]
2025-11-11T02:46:31+01:00,[60],[1.304]
2025-11-11T02:46:30+01:00,[60],[1.128]
2025-11-11T02:46:29+01:00,[60],[1.161]
2025-11-11T02:46:28+01:00,[60],[1.44]
2025-11-11T02:46:27+01:00,[60],[1.464]
2025-11-11T02:46:26+01:00,[60],[1.252]
2025-11-11T02:46:25+01:00,[60],[1.373]
2025-11-11T02:46:24+01:00,[60],[1.24]
2025-11-11T02:46:23+01:00,[60],[1.284]
2025-11-11T02:46:22+01:00,[60],[1.194]
2025-11-11T02:46:21+01:00,[60],[1.376]
2025-11-11T02:46:20+01:00,[60],[1.432]
2025-11-11T02:46:19+01:00,[60],[1.368]
2025-11-11T02:46:18+01:00,[60],[1.387]
2025-11-11T02:46:17+01:00,[60],[1.546]
2025-11-11T02:46:16+01:00,[60],[1.276]
2025-11-11T02:46:15+01:00,[60],[1.271]
2025-11-11T02:46:14+01:00,[60],[1.484]
2025-11-11T02:46:13+01:00,[60],[1.496]
2025-11-11T02:46:12+01:00,[60],[1.495]
2025-11-11T02:46:11+01:00,[60],[1.387]
2025-11-11T02:46:10+01:00,[60],[1.453]
2025-11-11T02:46:09+01:00,[60],[1.453]
2025-11-11T02:46:08+01:00,[60],[1.686]
2025-11-11T02:46:07+01:00,[60],[1.398]
2025-11-11T02:46:06+01:00,[60],[1.274]
2025-11-11T02:46:05+01:00,[60],[0.964]
2025-11-11T02:46:04+01:00,[60],[0.933]
2025-11-11T02:46:03+01:00,[60],[1.095]
2025-11-11T02:46:02+01:00,[60],[1.202]
2025-11-11T02:46:01+01:00,[60],[1.199]
2025-11-11T02:46:00+01:00,[60],[1.379]
2025-11-11T02:45:59+01:00,[60],[1.29]
2025-11-11T02:45:58+01:00,[60],[1.277]
2025-11-11T02:45:57+01:00,[60],[1.362]
2025-11-11T02:45:56+01:00,[60],[1.36]
2025-11-11T02:45:55+01:00,[60],[1.256]
2025-11-11T02:45:54+01:00,[60],[1.446]
2025-11-11T02:45:53+01:00,[60],[1.59]
2025-11-11T02:45:52+01:00,[60],[1.339]
2025-11-11T02:45:51+01:00,[60],[1.381]
2025-11-11T02:45:50+01:00,[60],[1.377]
2025-11-11T02:45:49+01:00,[60],[1.304]
2025-11-11T02:45:48+01:00,[60],[0.914]
2025-11-11T02:45:47+01:00,[60],[1.391]
2025-11-11T02:45:46+01:00,[60],[1.466]
2025-11-11T02:45:45+01:00,[60],[1.473]
2025-11-11T02:45:44+01:00,[60],[1.168]
2025-11-11T02:45:43+01:00,[60],[1.308]
2025-11-11T02:45:42+01:00,[60],[1.118]
2025-11-11T02:45:41+01:00,[60],[0.864]
2025-11-11T02:45:40+01:00,[60],[1.425]
2025-11-11T02:45:39+01:00,[60],[1.206]
2025-11-11T02:45:38+01:00,[60],[0.959]
2025-11-11T02:45:37+01:00,[60],[1.113]
2025-11-11T02:45:36+01:00,[60],[1.187]
2025-11-11T02:45:35+01:00,[60],[1.384]
2025-11-11T02:45:34+01:00,[60],[1.402]
2025-11-11T02:45:33+01:00,[60],[1.616]
2025-11-11T02:45:32+01:00,[60],[1.112]
2025-11-11T02:45:31+01:00,[60],[0.827]
2025-11-11T02:45:30+01:00,[60],[0.867]
2025-11-11T02:45:29+01:00,[60],[1.381]
2025-11-11T02:45:28+01:00,[60],[1.51]
2025-11-11T02:45:27+01:00,[60],[1.479]
2025-11-11T02:45:26+01:00,[60],[1.549]
2025-11-11T02:45:25+01:00,[60],[1.477]
2025-11-11T02:45:24+01:00,[60],[1.448]
2025-11-11T02:45:23+01:00,[60],[1.387]
2025-11-11T02:45:22+01:00,[60],[1.429]
2025-11-11T02:45:21+01:00,[60],[1.438]
2025-11-11T02:45:20+01:00,[60],[1.198]
2025-11-11T02:45:19+01:00,[60],[1.09]
2025-11-11T02:45:18+01:00,[60],[1.133]
2025-11-11T02:45:17+01:00,[60],[1.158]
2025-11-11T02:45:16+01:00,[60],[1.171]
2025-11-11T02:45:15+01:00,[60],[1.303]
2025-11-11T02:45:14+01:00,[60],[1.423]
2025-11-11T02:45:13+01:00,[60],[1.593]
2025-11-11T02:45:12+01:00,[60],[1.404]
2025-11-11T02:45:11+01:00,[60],[1.41]
2025-11-11T02:45:10+01:00,[60],[1.422]
2025-11-11T02:45:09+01:00,[60],[1.677]
2025-11-11T02:45:08+01:00,[60],[1.097]
2025-11-11T02:45:07+01:00,[60],[0.957]
2025-11-11T02:45:06+01:00,[60],[1.163]
2025-11-11T02:45:05+01:00,[60],[1.378]
2025-11-11T02:45:04+01:00,[60],[1.423]
2025-11-11T02:45:03+01:00,[60],[1.399]
2025-11-11T02:45:02+01:00,[60],[1.348]
2025-11-11T02:45:01+01:00,[60],[1.281]
2025-11-11T02:45:00+01:00,[60],[1.297]
2025-11-11T02:44:59+01:00,[60],[1.407]
2025-11-11T02:44:58+01:00,[60],[1.43]
2025-11-11T02:44:57+01:00,[60],[1.355]
2025-11-11T02:44:56+01:00,[60],[1.097]
2025-11-11T02:44:55+01:00,[60],[1.372]
2025-11-11T02:44:54+01:00,[60],[1.226]
2025-11-11T02:44:53+01:00,[60],[1.217]
2025-11-11T02:44:52+01:00,[60],[1.42]
2025-11-11T02:44:51+01:00,[60],[1.458]
2025-11-11T02:44:50+01:00,[60],[1.282]
2025-11-11T02:44:49+01:00,[60],[1.218]
2025-11-11T02:44:48+01:00,[60],[1.438]
2025-11-11T02:44:47+01:00,[60],[1.482]
2025-11-11T02:44:46+01:00,[60],[1.263]
2025-11-11T02:44:45+01:00,[60],[1.263]
2025-11-11T02:44:44+01:00,[60],[1.321]
2025-11-11T02:44:43+01:00,[60],[1.308]
2025-11-11T02:44:42+01:00,[60],[1.156]
2025-11-11T02:44:41+01:00,[60],[1.156]
2025-11-11T02:44:40+01:00,[60],[1.243]
2025-11-11T02:44:39+01:00,[60],[1.283]
2025-11-11T02:44:38+01:00,[60],[1.319]
2025-11-11T02:44:37+01:00,[60],[1.365]
2025-11-11T02:44:36+01:00,[60],[1.162]
2025-11-11T02:44:35+01:00,[60],[0.99]
2025-11-11T02:44:34+01:00,[60],[1.113]
2025-11-11T02:44:33+01:00,[60],[1.443]
2025-11-11T02:44:32+01:00,[60],[1.462]
2025-11-11T02:44:31+01:00,[60],[1.335]
2025-11-11T02:44:30+01:00,[60],[0.878]
2025-11-11T02:44:29+01:00,[60],[1.084]
2025-11-11T02:44:28+01:00,[60],[1.339]
2025-11-11T02:44:27+01:00,[60],[0.786]
2025-11-11T02:44:26+01:00,[60],[0.813]
2025-11-11T02:44:25+01:00,[60],[0.243]
2025-11-11T02:44:24+01:00,[60],[0.18]
2025-11-11T02:44:23+01:00,[60],[0.187]
2025-11-11T02:44:22+01:00,[60],[0.128]
2025-11-11T02:44:21+01:00,[60],[0.138]
2025-11-11T02:44:20+01:00,[60],[0.085]
2025-11-11T02:44:19+01:00,[60],[0.284]
2025-11-11T02:44:18+01:00,[60],[0.205]
2025-11-11T02:44:17+01:00,[60],[0.63]
2025-11-11T02:44:16+01:00,[60],[0.206]
2025-11-11T02:44:15+01:00,[60],[0.338]
2025-11-11T02:44:14+01:00,[60],[0.052]
2025-11-11T02:44:13+01:00,[60],[0.136]
2025-11-11T02:44:12+01:00,[60],[0.453]
2025-11-11T02:44:11+01:00,[60],[0.695]
2025-11-11T02:44:10+01:00,[60],[1.018]
2025-11-11T02:44:09+01:00,[60],[1.065]
2025-11-11T02:44:08+01:00,[60],[1.273]
2025-11-11T02:44:07+01:00,[60],[1.464]
2025-11-11T02:44:06+01:00,[60],[1.729]
2025-11-11T02:44:05+01:00,[60],[1.463]
2025-11-11T02:44:04+01:00,[60],[1.564]
2025-11-11T02:44:03+01:00,[60],[1.393]
2025-11-11T02:44:02+01:00,[60],[0.98]
2025-11-11T02:44:01+01:00,[60],[1.253]
2025-11-11T02:44:00+01:00,[60],[1.303]
2025-11-11T02:43:59+01:00,[60],[1.387]
2025-11-11T02:43:58+01:00,[60],[1.562]
2025-11-11T02:43:57+01:00,[60],[1.189]
2025-11-11T02:43:56+01:00,[60],[1.006]
2025-11-11T02:43:55+01:00,[60],[1.089]
2025-11-11T02:43:54+01:00,[60],[0.974]
2025-11-11T02:43:53+01:00,[60],[1.169]
2025-11-11T02:43:52+01:00,[60],[1.181]
2025-11-11T02:43:51+01:00,[60],[1.256]
2025-11-11T02:43:50+01:00,[60],[1.389]
2025-11-11T02:43:49+01:00,[60],[1.351]
2025-11-11T02:43:48+01:00,[60],[1.306]
2025-11-11T02:43:47+01:00,[60],[1.077]
2025-11-11T02:43:46+01:00,[60],[1.129]
2025-11-11T02:43:45+01:00,[60],[1.364]
2025-11-11T02:43:44+01:00,[60],[1.287]
2025-11-11T02:43:43+01:00,[60],[1.285]
2025-11-11T02:43:42+01:00,[60],[1.388]
2025-11-11T02:43:41+01:00,[60],[1.457]
2025-11-11T02:43:40+01:00,[60],[1.21]
2025-11-11T02:43:39+01:00,[60],[0.964]
2025-11-11T02:43:38+01:00,[60],[0.833]
2025-11-11T02:43:37+01:00,[60],[1.377]
2025-11-11T02:43:36+01:00,[60],[1.485]
2025-11-11T02:43:35+01:00,[60],[1.437]
2025-11-11T02:43:34+01:00,[60],[1.488]
2025-11-11T02:43:33+01:00,[60],[1.51]
2025-11-11T02:43:32+01:00,[60],[1.457]
2025-11-11T02:43:31+01:00,[60],[1.556]
2025-11-11T02:43:30+01:00,[60],[1.452]
2025-11-11T02:43:29+01:00,[60],[1.334]
2025-11-11T02:43:28+01:00,[60],[1.462]
2025-11-11T02:43:27+01:00,[60],[1.45]
2025-11-11T02:43:26+01:00,[60],[1.632]
2025-11-11T02:43:25+01:00,[60],[1.224]
2025-11-11T02:43:24+01:00,[60],[1.01]
2025-11-11T02:43:23+01:00,[60],[0.996]
2025-11-11T02:43:22+01:00,[60],[0.996]
2025-11-11T02:43:21+01:00,[60],[1.006]
2025-11-11T02:43:20+01:00,[60],[1.156]
2025-11-11T02:43:19+01:00,[60],[1.022]
2025-11-11T02:43:18+01:00,[60],[1.271]
2025-11-11T02:43:17+01:00,[60],[1.293]
2025-11-11T02:43:16+01:00,[60],[1.263]
2025-11-11T02:43:15+01:00,[60],[1.447]
2025-11-11T02:43:14+01:00,[60],[1.665]
2025-11-11T02:43:13+01:00,[60],[1.431]
2025-11-11T02:43:12+01:00,[60],[1.798]
2025-11-11T02:43:11+01:00,[60],[1.172]
2025-11-11T02:43:10+01:00,[60],[1.157]
2025-11-11T02:43:09+01:00,[60],[1.136]
2025-11-11T02:43:08+01:00,[60],[1.008]
2025-11-11T02:43:07+01:00,[60],[1.158]
2025-11-11T02:43:06+01:00,[60],[1.09]
2025-11-11T02:43:05+01:00,[60],[1.084]
2025-11-11T02:43:04+01:00,[60],[1.177]
2025-11-11T02:43:03+01:00,[60],[1.291]
2025-11-11T02:43:02+01:00,[60],[1.41]
2025-11-11T02:43:01+01:00,[60],[1.591]
2025-11-11T02:43:00+01:00,[60],[1.423]
2025-11-11T02:42:59+01:00,[60],[1.514]
2025-11-11T02:42:58+01:00,[60],[1.445]
2025-11-11T02:42:57+01:00,[60],[1.591]
2025-11-11T02:42:56+01:00,[60],[1.439]
2025-11-11T02:42:55+01:00,[60],[1.556]
2025-11-11T02:42:54+01:00,[60],[1.33]
2025-11-11T02:42:53+01:00,[60],[1.298]
2025-11-11T02:42:52+01:00,[60],[1.282]
2025-11-11T02:42:51+01:00,[60],[1.321]
2025-11-11T02:42:50+01:00,[60],[1.085]
2025-11-11T02:42:49+01:00,[60],[0.762]
2025-11-11T02:42:48+01:00,[60],[0.672]
2025-11-11T02:42:47+01:00,[60],[0.968]
2025-11-11T02:42:46+01:00,[60],[1.288]
2025-11-11T02:42:45+01:00,[60],[1.308]
2025-11-11T02:42:44+01:00,[60],[1.38]
2025-11-11T02:42:43+01:00,[60],[1.424]
2025-11-11T02:42:42+01:00,[60],[1.571]
2025-11-11T02:42:41+01:00,[60],[1.4]
2025-11-11T02:42:40+01:00,[60],[1.363]
2025-11-11T02:42:39+01:00,[60],[1.438]
2025-11-11T02:42:38+01:00,[60],[1.381]
2025-11-11T02:42:37+01:00,[60],[1.289]
2025-11-11T02:42:36+01:00,[60],[1.292]
2025-11-11T02:42:35+01:00,[60],[1.332]
2025-11-11T02:42:34+01:00,[60],[1.385]
2025-11-11T02:42:33+01:00,[60],[1.072]
2025-11-11T02:42:32+01:00,[60],[0.843]
2025-11-11T02:42:31+01:00,[60],[0.988]
2025-11-11T02:42:30+01:00,[60],[1.152]
2025-11-11T02:42:29+01:00,[60],[1.336]
2025-11-11T02:42:28+01:00,[60],[1.348]
2025-11-11T02:42:27+01:00,[60],[1.481]
2025-11-11T02:42:26+01:00,[60],[1.165]
2025-11-11T02:42:25+01:00,[60],[0.933]
2025-11-11T02:42:24+01:00,[60],[1.31]
2025-11-11T02:42:23+01:00,[60],[1.573]
2025-11-11T02:42:22+01:00,[60],[1.365]
2025-11-11T02:42:21+01:00,[60],[1.447]
2025-11-11T02:42:20+01:00,[60],[1.337]
2025-11-11T02:42:19+01:00,[60],[1.351]
2025-11-11T02:42:18+01:00,[60],[1.459]
2025-11-11T02:42:17+01:00,[60],[1.314]
2025-11-11T02:42:16+01:00,[60],[1.881]
2025-11-11T02:42:15+01:00,[60],[1.291]
2025-11-11T02:42:14+01:00,[60],[1.178]
2025-11-11T02:42:13+01:00,[60],[1.247]
2025-11-11T02:42:12+01:00,[60],[1.275]
2025-11-11T02:42:11+01:00,[60],[1.415]
2025-11-11T02:42:10+01:00,[60],[1.227]
2025-11-11T02:42:09+01:00,[60],[1.177]
2025-11-11T02:42:08+01:00,[60],[1.047]
2025-11-11T02:42:07+01:00,[60],[0.797]
2025-11-11T02:42:06+01:00,[60],[1.056]
2025-11-11T02:42:05+01:00,[60],[1.294]
2025-11-11T02:42:04+01:00,[60],[1.506]
2025-11-11T02:42:03+01:00,[60],[1.291]
2025-11-11T02:42:02+01:00,[60],[1.539]
2025-11-11T02:42:01+01:00,[60],[1.41]
2025-11-11T02:42:00+01:00,[60],[1.332]
2025-11-11T02:41:59+01:00,[60],[1.432]
2025-11-11T02:41:58+01:00,[60],[1.393]
2025-11-11T02:41:57+01:00,[60],[1.405]
2025-11-11T02:41:56+01:00,[60],[1.278]
2025-11-11T02:41:55+01:00,[60],[1.253]
2025-11-11T02:41:54+01:00,[60],[1.518]
2025-11-11T02:41:53+01:00,[60],[1.322]
2025-11-11T02:41:52+01:00,[60],[1.189]
2025-11-11T02:41:51+01:00,[60],[1.102]
2025-11-11T02:41:50+01:00,[60],[1.234]
2025-11-11T02:41:49+01:00,[60],[1.36]
2025-11-11T02:41:48+01:00,[60],[0.902]
2025-11-11T02:41:47+01:00,[60],[1.064]
2025-11-11T02:41:46+01:00,[60],[1.167]
2025-11-11T02:41:45+01:00,[60],[1.336]
2025-11-11T02:41:44+01:00,[60],[1.275]
2025-11-11T02:41:43+01:00,[60],[1.507]
2025-11-11T02:41:42+01:00,[60],[1.248]
2025-11-11T02:41:41+01:00,[60],[1.532]
2025-11-11T02:41:40+01:00,[60],[1.22]
2025-11-11T02:41:39+01:00,[60],[1.359]
2025-11-11T02:41:38+01:00,[60],[0.868]
2025-11-11T02:41:37+01:00,[60],[0.516]
2025-11-11T02:41:36+01:00,[60],[0.81]
2025-11-11T02:41:35+01:00,[60],[1.032]
2025-11-11T02:41:34+01:00,[60],[0.999]
2025-11-11T02:41:33+01:00,[60],[1.141]
2025-11-11T02:41:32+01:00,[60],[0.889]
2025-11-11T02:41:31+01:00,[60],[1.08]
2025-11-11T02:41:30+01:00,[60],[1.13]
2025-11-11T02:41:29+01:00,[60],[0.964]
2025-11-11T02:41:28+01:00,[60],[1.034]
2025-11-11T02:41:27+01:00,[60],[1.123]
2025-11-11T02:41:26+01:00,[60],[1.198]
2025-11-11T02:41:25+01:00,[60],[1.138]
2025-11-11T02:41:24+01:00,[60],[0.996]
2025-11-11T02:41:23+01:00,[60],[1.19]
2025-11-11T02:41:22+01:00,[60],[1.059]
2025-11-11T02:41:21+01:00,[60],[1.14]
2025-11-11T02:41:20+01:00,[60],[1.136]
2025-11-11T02:41:19+01:00,[60],[1.108]
2025-11-11T02:41:18+01:00,[60],[1.142]
2025-11-11T02:41:17+01:00,[60],[1.01]
2025-11-11T02:41:16+01:00,[60],[1.047]
2025-11-11T02:41:15+01:00,[60],[1.06]
2025-11-11T02:41:14+01:00,[60],[0.83]
2025-11-11T02:41:13+01:00,[60],[1.109]
2025-11-11T02:41:12+01:00,[60],[1.018]
2025-11-11T02:41:11+01:00,[60],[0.985]
2025-11-11T02:41:10+01:00,[60],[0.993]
2025-11-11T02:41:09+01:00,[60],[1.014]
2025-11-11T02:41:08+01:00,[60],[1.229]
2025-11-11T02:41:07+01:00,[60],[1.042]
2025-11-11T02:41:06+01:00,[60],[1.002]
2025-11-11T02:41:05+01:00,[60],[1.06]
2025-11-11T02:41:04+01:00,[60],[1.212]
2025-11-11T02:41:03+01:00,[60],[1.341]
2025-11-11T02:41:02+01:00,[60],[1.441]
2025-11-11T02:41:01+01:00,[60],[1.022]
2025-11-11T02:41:00+01:00,[60],[1.033]
2025-11-11T02:40:59+01:00,[60],[1.348]
2025-11-11T02:40:58+01:00,[60],[1.465]
2025-11-11T02:40:57+01:00,[60],[1.253]
2025-11-11T02:40:56+01:00,[60],[1.151]
2025-11-11T02:40:55+01:00,[60],[1.073]
2025-11-11T02:40:54+01:00,[60],[1.071]
2025-11-11T02:40:53+01:00,[60],[1.357]
2025-11-11T02:40:52+01:00,[60],[1.394]
2025-11-11T02:40:51+01:00,[60],[1.395]
2025-11-11T02:40:50+01:00,[60],[1.031]
2025-11-11T02:40:49+01:00,[60],[1.404]
2025-11-11T02:40:48+01:00,[60],[1.308]
2025-11-11T02:40:47+01:00,[60],[1.287]
2025-11-11T02:40:46+01:00,[60],[1.299]
2025-11-11T02:40:45+01:00,[60],[1.268]
2025-11-11T02:40:44+01:00,[60],[1.27]
2025-11-11T02:40:43+01:00,[60],[1.104]
2025-11-11T02:40:42+01:00,[60],[1.165]
2025-11-11T02:40:41+01:00,[60],[0.844]
2025-11-11T02:40:40+01:00,[60],[0.487]
2025-11-11T02:40:39+01:00,[60],[0.918]
2025-11-11T02:40:38+01:00,[60],[1.295]
2025-11-11T02:40:37+01:00,[60],[1.656]
2025-11-11T02:40:36+01:00,[60],[1.683]
2025-11-11T02:40:35+01:00,[60],[1.621]
2025-11-11T02:40:34+01:00,[60],[1.664]
2025-11-11T02:40:33+01:00,[60],[1.637]
2025-11-11T02:40:32+01:00,[60],[1.614]
2025-11-11T02:40:31+01:00,[60],[1.629]
2025-11-11T02:40:30+01:00,[60],[1.564]
2025-11-11T02:40:29+01:00,[60],[1.502]
2025-11-11T02:40:28+01:00,[60],[1.598]
2025-11-11T02:40:27+01:00,[60],[1.609]
2025-11-11T02:40:26+01:00,[60],[1.318]
2025-11-11T02:40:25+01:00,[60],[1.547]
2025-11-11T02:40:24+01:00,[60],[1.531]
2025-11-11T02:40:23+01:00,[60],[1.659]
2025-11-11T02:40:22+01:00,[60],[1.627]
2025-11-11T02:40:21+01:00,[60],[1.531]
2025-11-11T02:40:20+01:00,[60],[1.622]
2025-11-11T02:40:19+01:00,[60],[1.63]
2025-11-11T02:40:18+01:00,[60],[1.549]
2025-11-11T02:40:17+01:00,[60],[1.634]
2025-11-11T02:40:16+01:00,[60],[1.553]
2025-11-11T02:40:15+01:00,[60],[1.536]
2025-11-11T02:40:14+01:00,[60],[1.603]
2025-11-11T02:40:13+01:00,[60],[1.701]
2025-11-11T02:40:12+01:00,[60],[1.688]
2025-11-11T02:40:11+01:00,[60],[1.605]
2025-11-11T02:40:10+01:00,[60],[1.655]
2025-11-11T02:40:09+01:00,[60],[1.695]
2025-11-11T02:40:08+01:00,[60],[1.677]
2025-11-11T02:40:07+01:00,[60],[1.662]
2025-11-11T02:40:06+01:00,[60],[1.632]
2025-11-11T02:40:05+01:00,[60],[1.626]
2025-11-11T02:40:04+01:00,[60],[1.637]
2025-11-11T02:40:03+01:00,[60],[1.613]
2025-11-11T02:40:02+01:00,[60],[1.635]
2025-11-11T02:40:01+01:00,[60],[1.621]
2025-11-11T02:40:00+01:00,[60],[1.666]
2025-11-11T02:39:59+01:00,[60],[1.621]
2025-11-11T02:39:58+01:00,[60],[1.649]
2025-11-11T02:39:57+01:00,[60],[1.646]
2025-11-11T02:39:56+01:00,[60],[1.481]
2025-11-11T02:39:55+01:00,[60],[1.548]
2025-11-11T02:39:54+01:00,[60],[1.684]
2025-11-11T02:39:53+01:00,[60],[1.733]
2025-11-11T02:39:52+01:00,[60],[1.764]
2025-11-11T02:39:51+01:00,[60],[1.692]
2025-11-11T02:39:50+01:00,[60],[1.655]
2025-11-11T02:39:49+01:00,[60],[1.623]
2025-11-11T02:39:48+01:00,[60],[1.68]
2025-11-11T02:39:47+01:00,[60],[1.653]
2025-11-11T02:39:46+01:00,[60],[1.748]
2025-11-11T02:39:45+01:00,[60],[1.709]
2025-11-11T02:39:44+01:00,[60],[1.74]
2025-11-11T02:39:43+01:00,[60],[1.712]
2025-11-11T02:39:42+01:00,[60],[1.679]
2025-11-11T02:39:41+01:00,[60],[1.677]
2025-11-11T02:39:40+01:00,[60],[1.656]
2025-11-11T02:39:39+01:00,[60],[1.631]
2025-11-11T02:39:38+01:00,[60],[1.697]
2025-11-11T02:39:37+01:00,[60],[1.654]
2025-11-11T02:39:36+01:00,[60],[1.701]
2025-11-11T02:39:35+01:00,[60],[1.588]
2025-11-11T02:39:34+01:00,[60],[1.365]
2025-11-11T02:39:33+01:00,[60],[1.492]
2025-11-11T02:39:32+01:00,[60],[1.647]
2025-11-11T02:39:31+01:00,[60],[1.417]
2025-11-11T02:39:30+01:00,[60],[1.486]
2025-11-11T02:39:29+01:00,[60],[1.548]
2025-11-11T02:39:28+01:00,[60],[1.509]
2025-11-11T02:39:27+01:00,[60],[1.541]
2025-11-11T02:39:26+01:00,[60],[0.897]
2025-11-11T02:39:25+01:00,[60],[0.798]
2025-11-11T02:39:24+01:00,[60],[1.501]
2025-11-11T02:39:23+01:00,[60],[1.508]
2025-11-11T02:39:22+01:00,[60],[1.65]
2025-11-11T02:39:21+01:00,[60],[1.51]
2025-11-11T02:39:20+01:00,[60],[1.525]
2025-11-11T02:39:19+01:00,[60],[1.539]
2025-11-11T02:39:18+01:00,[60],[1.545]
2025-11-11T02:39:17+01:00,[60],[1.517]
2025-11-11T02:39:16+01:00,[60],[1.505]
2025-11-11T02:39:15+01:00,[60],[1.835]
2025-11-11T02:39:14+01:00,[60],[1.186]
2025-11-11T02:39:13+01:00,[60],[0.979]
2025-11-11T02:39:12+01:00,[60],[1.212]
2025-11-11T02:39:11+01:00,[60],[1.192]
2025-11-11T02:39:10+01:00,[60],[1.096]
2025-11-11T02:39:09+01:00,[60],[1.321]
2025-11-11T02:39:08+01:00,[60],[1.214]
2025-11-11T02:39:07+01:00,[60],[1.199]
2025-11-11T02:39:06+01:00,[60],[1.236]
2025-11-11T02:39:05+01:00,[60],[1.256]
2025-11-11T02:39:04+01:00,[60],[1.252]
2025-11-11T02:39:03+01:00,[60],[1.091]
2025-11-11T02:39:02+01:00,[60],[1.127]
2025-11-11T02:39:01+01:00,[60],[1.317]
2025-11-11T02:39:00+01:00,[60],[1.446]
2025-11-11T02:38:59+01:00,[60],[1.48]
2025-11-11T02:38:58+01:00,[60],[1.726]
2025-11-11T02:38:57+01:00,[60],[1.355]
2025-11-11T02:38:56+01:00,[60],[1.5]
2025-11-11T02:38:55+01:00,[60],[1.541]
2025-11-11T02:38:54+01:00,[60],[1.764]
2025-11-11T02:38:53+01:00,[60],[1.367]
2025-11-11T02:38:52+01:00,[60],[1.207]
2025-11-11T02:38:51+01:00,[60],[1.139]
2025-11-11T02:38:50+01:00,[60],[1.178]
2025-11-11T02:38:49+01:00,[60],[0.855]
2025-11-11T02:38:48+01:00,[60],[0.643]
2025-11-11T02:38:47+01:00,[60],[1.212]
2025-11-11T02:38:46+01:00,[60],[1.34]
2025-11-11T02:38:45+01:00,[60],[1.247]
2025-11-11T02:38:44+01:00,[60],[1.295]
2025-11-11T02:38:43+01:00,[60],[1.376]
2025-11-11T02:38:42+01:00,[60],[1.443]
2025-11-11T02:38:41+01:00,[60],[1.496]
2025-11-11T02:38:40+01:00,[60],[1.556]
2025-11-11T02:38:39+01:00,[60],[1.399]
2025-11-11T02:38:38+01:00,[60],[1.319]
2025-11-11T02:38:37+01:00,[60],[1.32]
2025-11-11T02:38:36+01:00,[60],[1.192]
2025-11-11T02:38:35+01:00,[60],[1.133]
2025-11-11T02:38:34+01:00,[60],[1.275]
2025-11-11T02:38:33+01:00,[60],[1.257]
2025-11-11T02:38:32+01:00,[60],[1.082]
2025-11-11T02:38:31+01:00,[60],[0.99]
2025-11-11T02:38:30+01:00,[60],[0.94]
2025-11-11T02:38:29+01:00,[60],[1.358]
2025-11-11T02:38:28+01:00,[60],[1.451]
2025-11-11T02:38:27+01:00,[60],[1.617]
2025-11-11T02:38:26+01:00,[60],[1.403]
2025-11-11T02:38:25+01:00,[60],[1.17]
2025-11-11T02:38:24+01:00,[60],[1.225]
2025-11-11T02:38:23+01:00,[60],[1.458]
2025-11-11T02:38:22+01:00,[60],[1.496]
2025-11-11T02:38:21+01:00,[60],[1.322]
2025-11-11T02:38:20+01:00,[60],[1.265]
2025-11-11T02:38:19+01:00,[60],[0.944]
2025-11-11T02:38:18+01:00,[60],[0.804]
2025-11-11T02:38:17+01:00,[60],[1.214]
2025-11-11T02:38:16+01:00,[60],[0.918]
2025-11-11T02:38:15+01:00,[60],[1.166]
2025-11-11T02:38:14+01:00,[60],[0.917]
2025-11-11T02:38:13+01:00,[60],[1.16]
2025-11-11T02:38:12+01:00,[60],[1.42]
2025-11-11T02:38:11+01:00,[60],[1.442]
2025-11-11T02:38:10+01:00,[60],[1.498]
2025-11-11T02:38:09+01:00,[60],[1.382]
2025-11-11T02:38:08+01:00,[60],[1.258]
2025-11-11T02:38:07+01:00,[60],[1.413]
2025-11-11T02:38:06+01:00,[60],[1.521]
2025-11-11T02:38:05+01:00,[60],[1.253]
2025-11-11T02:38:04+01:00,[60],[1.385]
2025-11-11T02:38:03+01:00,[60],[1.39]
2025-11-11T02:38:02+01:00,[60],[1.1]
2025-11-11T02:38:01+01:00,[60],[0.821]
2025-11-11T02:38:00+01:00,[60],[0.811]
2025-11-11T02:37:59+01:00,[60],[1.03]
2025-11-11T02:37:58+01:00,[60],[1.426]
2025-11-11T02:37:57+01:00,[60],[1.632]
2025-11-11T02:37:56+01:00,[60],[1.189]
2025-11-11T02:37:55+01:00,[60],[1.345]
2025-11-11T02:37:54+01:00,[60],[1.296]
2025-11-11T02:37:53+01:00,[60],[1.311]
2025-11-11T02:37:52+01:00,[60],[1.453]
2025-11-11T02:37:51+01:00,[60],[1.506]
2025-11-11T02:37:50+01:00,[60],[1.478]
2025-11-11T02:37:49+01:00,[60],[1.298]
2025-11-11T02:37:48+01:00,[60],[1.206]
2025-11-11T02:37:47+01:00,[60],[1.233]
2025-11-11T02:37:46+01:00,[60],[1.164]
2025-11-11T02:37:45+01:00,[60],[0.761]
2025-11-11T02:37:44+01:00,[60],[0.675]
2025-11-11T02:37:43+01:00,[60],[0.892]
2025-11-11T02:37:42+01:00,[60],[1.085]
2025-11-11T02:37:41+01:00,[60],[1.142]
2025-11-11T02:37:40+01:00,[60],[1.008]
2025-11-11T02:37:39+01:00,[60],[1.088]
2025-11-11T02:37:38+01:00,[60],[1.448]
2025-11-11T02:37:37+01:00,[60],[1.413]
2025-11-11T02:37:36+01:00,[60],[1.238]
2025-11-11T02:37:35+01:00,[60],[1.09]
2025-11-11T02:37:34+01:00,[60],[1.204]
2025-11-11T02:37:33+01:00,[60],[1.454]
2025-11-11T02:37:32+01:00,[60],[1.532]
2025-11-11T02:37:31+01:00,[60],[1.498]
2025-11-11T02:37:30+01:00,[60],[1.595]
2025-11-11T02:37:29+01:00,[60],[1.216]
2025-11-11T02:37:28+01:00,[60],[1.466]
2025-11-11T02:37:27+01:00,[60],[1.478]
2025-11-11T02:37:26+01:00,[60],[1.797]
2025-11-11T02:37:25+01:00,[60],[1.481]
2025-11-11T02:37:24+01:00,[60],[1.779]
2025-11-11T02:37:23+01:00,[60],[1.354]
2025-11-11T02:37:22+01:00,[60],[1.091]
2025-11-11T02:37:21+01:00,[60],[0.918]
2025-11-11T02:37:20+01:00,[60],[0.999]
2025-11-11T02:37:19+01:00,[60],[1.187]
2025-11-11T02:37:18+01:00,[60],[1.16]
2025-11-11T02:37:17+01:00,[60],[1.077]
2025-11-11T02:37:16+01:00,[60],[0.971]
2025-11-11T02:37:15+01:00,[60],[1.099]
2025-11-11T02:37:14+01:00,[60],[1.202]
2025-11-11T02:37:13+01:00,[60],[1.456]
2025-11-11T02:37:12+01:00,[60],[1.488]
2025-11-11T02:37:11+01:00,[60],[1.443]
2025-11-11T02:37:10+01:00,[60],[1.42]
2025-11-11T02:37:09+01:00,[60],[1.468]
2025-11-11T02:37:08+01:00,[60],[1.457]
2025-11-11T02:37:07+01:00,[60],[1.497]
2025-11-11T02:37:06+01:00,[60],[1.582]
2025-11-11T02:37:05+01:00,[60],[1.503]
2025-11-11T02:37:04+01:00,[60],[1.483]
2025-11-11T02:37:03+01:00,[60],[1.349]
2025-11-11T02:37:02+01:00,[60],[0.935]
2025-11-11T02:37:01+01:00,[60],[1.28]
2025-11-11T02:37:00+01:00,[60],[1.505]
2025-11-11T02:36:59+01:00,[60],[1.627]
2025-11-11T02:36:58+01:00,[60],[1.514]
2025-11-11T02:36:57+01:00,[60],[1.504]
2025-11-11T02:36:56+01:00,[60],[1.633]
2025-11-11T02:36:55+01:00,[60],[1.242]
2025-11-11T02:36:54+01:00,[60],[0.975]
2025-11-11T02:36:53+01:00,[60],[0.866]
2025-11-11T02:36:52+01:00,[60],[1.167]
2025-11-11T02:36:51+01:00,[60],[1.243]
2025-11-11T02:36:50+01:00,[60],[1.135]
2025-11-11T02:36:49+01:00,[60],[0.808]
2025-11-11T02:36:48+01:00,[60],[0.862]
2025-11-11T02:36:47+01:00,[60],[1.375]
2025-11-11T02:36:46+01:00,[60],[1.544]
2025-11-11T02:36:45+01:00,[60],[1.655]
2025-11-11T02:36:44+01:00,[60],[1.462]
2025-11-11T02:36:43+01:00,[60],[1.268]
2025-11-11T02:36:42+01:00,[60],[1.244]
2025-11-11T02:36:41+01:00,[60],[1.202]
2025-11-11T02:36:40+01:00,[60],[1.066]
2025-11-11T02:36:39+01:00,[60],[1.159]
2025-11-11T02:36:38+01:00,[60],[1.129]
2025-11-11T02:36:37+01:00,[60],[1.313]
2025-11-11T02:36:36+01:00,[60],[1.296]
2025-11-11T02:36:35+01:00,[60],[0.981]
2025-11-11T02:36:34+01:00,[60],[1.04]
2025-11-11T02:36:33+01:00,[60],[1.252]
2025-11-11T02:36:32+01:00,[60],[1.347]
2025-11-11T02:36:31+01:00,[60],[1.397]
2025-11-11T02:36:30+01:00,[60],[2.505]
2025-11-11T02:36:29+01:00,[60],[2.259]
2025-11-11T02:36:28+01:00,[60],[1.729]
2025-11-11T02:36:27+01:00,[60],[1.349]
2025-11-11T02:36:26+01:00,[60],[1.783]
2025-11-11T02:36:25+01:00,[60],[0.53]
2025-11-11T02:36:24+01:00,[60],[0.063]
2025-11-11T02:36:23+01:00,[60],[0.354]
2025-11-11T02:36:22+01:00,[60],[0.108]
2025-11-11T02:36:21+01:00,[60],[0.791]
2025-11-11T02:36:20+01:00,[60],[0.85]
2025-11-11T02:36:19+01:00,[60],[0.738]
2025-11-11T02:36:18+01:00,[60],[0.826]
2025-11-11T02:36:17+01:00,[60],[1.323]
2025-11-11T02:36:16+01:00,[60],[1.422]
2025-11-11T02:36:15+01:00,[60],[1.413]
2025-11-11T02:36:14+01:00,[60],[1.344]
2025-11-11T02:36:13+01:00,[60],[1.191]
2025-11-11T02:36:12+01:00,[60],[1.231]
2025-11-11T02:36:11+01:00,[60],[0.935]
2025-11-11T02:36:10+01:00,[60],[1.21]
2025-11-11T02:36:09+01:00,[60],[1.267]
2025-11-11T02:36:08+01:00,[60],[1.18]
2025-11-11T02:36:07+01:00,[60],[1.34]
2025-11-11T02:36:06+01:00,[60],[1.227]
2025-11-11T02:36:05+01:00,[60],[1.395]
2025-11-11T02:36:04+01:00,[60],[1.497]
2025-11-11T02:36:03+01:00,[60],[1.231]
2025-11-11T02:36:02+01:00,[60],[1.387]
2025-11-11T02:36:01+01:00,[60],[1.507]
2025-11-11T02:36:00+01:00,[60],[1.485]
2025-11-11T02:35:59+01:00,[60],[1.16]
2025-11-11T02:35:58+01:00,[60],[0.898]
2025-11-11T02:35:57+01:00,[60],[1.093]
2025-11-11T02:35:56+01:00,[60],[0.921]
2025-11-11T02:35:55+01:00,[60],[1.006]
2025-11-11T02:35:54+01:00,[60],[1.244]
2025-11-11T02:35:53+01:00,[60],[1.273]
2025-11-11T02:35:52+01:00,[60],[1.176]
2025-11-11T02:35:51+01:00,[60],[1.369]
2025-11-11T02:35:50+01:00,[60],[1.52]
2025-11-11T02:35:49+01:00,[60],[1.355]
2025-11-11T02:35:48+01:00,[60],[1.455]
2025-11-11T02:35:47+01:00,[60],[1.224]
2025-11-11T02:35:46+01:00,[60],[0.846]
2025-11-11T02:35:45+01:00,[60],[0.778]
2025-11-11T02:35:44+01:00,[60],[1.091]
2025-11-11T02:35:43+01:00,[60],[1.33]
2025-11-11T02:35:42+01:00,[60],[1.46]
2025-11-11T02:35:41+01:00,[60],[1.357]
2025-11-11T02:35:40+01:00,[60],[1.405]
2025-11-11T02:35:39+01:00,[60],[0.878]
2025-11-11T02:35:38+01:00,[60],[0.902]
2025-11-11T02:35:37+01:00,[60],[0.81]
2025-11-11T02:35:36+01:00,[60],[1.004]
2025-11-11T02:35:35+01:00,[60],[1.372]
2025-11-11T02:35:34+01:00,[60],[1.429]
2025-11-11T02:35:33+01:00,[60],[1.446]
2025-11-11T02:35:31+01:00,[60],[1.395]
2025-11-11T02:35:30+01:00,[60],[0.863]
2025-11-11T02:35:29+01:00,[60],[0.884]
2025-11-11T02:35:28+01:00,[60],[0.837]
2025-11-11T02:35:27+01:00,[60],[0.832]
2025-11-11T02:35:26+01:00,[60],[0.904]
2025-11-11T02:35:25+01:00,[60],[0.946]
2025-11-11T02:35:24+01:00,[60],[1.186]
2025-11-11T02:35:23+01:00,[60],[1.315]
2025-11-11T02:35:22+01:00,[60],[1.718]
2025-11-11T02:35:21+01:00,[60],[1.428]
2025-11-11T02:35:20+01:00,[60],[1.408]
2025-11-11T02:35:19+01:00,[60],[0.926]
2025-11-11T02:35:18+01:00,[60],[0.787]
2025-11-11T02:35:17+01:00,[60],[0.979]
2025-11-11T02:35:16+01:00,[60],[1.106]
2025-11-11T02:35:15+01:00,[60],[1.292]
2025-11-11T02:35:14+01:00,[60],[1.44]
2025-11-11T02:35:13+01:00,[60],[1.311]
2025-11-11T02:35:12+01:00,[60],[1.453]
2025-11-11T02:35:11+01:00,[60],[0.963]
2025-11-11T02:35:10+01:00,[60],[1.064]
2025-11-11T02:35:09+01:00,[60],[1.313]
2025-11-11T02:35:08+01:00,[60],[1.488]
2025-11-11T02:35:07+01:00,[60],[1.294]
2025-11-11T02:35:06+01:00,[60],[1.464]
2025-11-11T02:35:05+01:00,[60],[1.29]
2025-11-11T02:35:04+01:00,[60],[1.381]
2025-11-11T02:35:03+01:00,[60],[1.209]
2025-11-11T02:35:02+01:00,[60],[1.3]
2025-11-11T02:35:01+01:00,[60],[1.316]
2025-11-11T02:35:00+01:00,[60],[1.312]
2025-11-11T02:34:59+01:00,[60],[1.417]
2025-11-11T02:34:58+01:00,[60],[1.419]
2025-11-11T02:34:57+01:00,[60],[1.403]
2025-11-11T02:34:56+01:00,[60],[1.307]
2025-11-11T02:34:55+01:00,[60],[1.169]
2025-11-11T02:34:54+01:00,[60],[1.265]
2025-11-11T02:34:53+01:00,[60],[1.271]
2025-11-11T02:34:52+01:00,[60],[1.196]
2025-11-11T02:34:51+01:00,[60],[1.246]
2025-11-11T02:34:50+01:00,[60],[1.519]
2025-11-11T02:34:49+01:00,[60],[1.255]
2025-11-11T02:34:48+01:00,[60],[1.534]
2025-11-11T02:34:47+01:00,[60],[1.323]
2025-11-11T02:34:46+01:00,[60],[1.24]
2025-11-11T02:34:45+01:00,[60],[1.342]
2025-11-11T02:34:44+01:00,[60],[1.229]
2025-11-11T02:34:43+01:00,[60],[1.388]
2025-11-11T02:34:42+01:00,[60],[1.164]
2025-11-11T02:34:41+01:00,[60],[1.228]
2025-11-11T02:34:40+01:00,[60],[1.599]
2025-11-11T02:34:39+01:00,[60],[1.234]
2025-11-11T02:34:38+01:00,[60],[1.603]
2025-11-11T02:34:37+01:00,[60],[1.203]
2025-11-11T02:34:36+01:00,[60],[1.424]
2025-11-11T02:34:35+01:00,[60],[1.127]
2025-11-11T02:34:34+01:00,[60],[1.291]
2025-11-11T02:34:33+01:00,[60],[1.405]
2025-11-11T02:34:32+01:00,[60],[1.316]
2025-11-11T02:34:31+01:00,[60],[1.268]
2025-11-11T02:34:30+01:00,[60],[1.256]
2025-11-11T02:34:29+01:00,[60],[1.41]
2025-11-11T02:34:28+01:00,[60],[1.07]
2025-11-11T02:34:27+01:00,[60],[1.25]
2025-11-11T02:34:26+01:00,[60],[1.369]
2025-11-11T02:34:25+01:00,[60],[1.171]
2025-11-11T02:34:24+01:00,[60],[1.127]
2025-11-11T02:34:23+01:00,[60],[1.589]
2025-11-11T02:34:22+01:00,[60],[1.302]
2025-11-11T02:34:21+01:00,[60],[1.42]
2025-11-11T02:34:20+01:00,[60],[1.091]
2025-11-11T02:34:19+01:00,[60],[1.206]
2025-11-11T02:34:18+01:00,[60],[1.22]
2025-11-11T02:34:17+01:00,[60],[1.196]
2025-11-11T02:34:16+01:00,[60],[1.352]
2025-11-11T02:34:15+01:00,[60],[1.273]
2025-11-11T02:34:14+01:00,[60],[1.217]
2025-11-11T02:34:13+01:00,[60],[1.104]
2025-11-11T02:34:12+01:00,[60],[1.248]
2025-11-11T02:34:11+01:00,[60],[1.428]
2025-11-11T02:34:10+01:00,[60],[1.232]
2025-11-11T02:34:09+01:00,[60],[1.474]
2025-11-11T02:34:08+01:00,[60],[1.341]
2025-11-11T02:34:07+01:00,[60],[1.178]
2025-11-11T02:34:06+01:00,[60],[0.986]
2025-11-11T02:34:05+01:00,[60],[0.545]
2025-11-11T02:34:04+01:00,[60],[0.701]
2025-11-11T02:34:03+01:00,[60],[1.251]
2025-11-11T02:34:02+01:00,[60],[1.489]
2025-11-11T02:34:01+01:00,[60],[1.277]
2025-11-11T02:34:00+01:00,[60],[1.506]
2025-11-11T02:33:59+01:00,[60],[0.872]
2025-11-11T02:33:58+01:00,[60],[0.411]
2025-11-11T02:33:57+01:00,[60],[0.052]
2025-11-11T02:33:56+01:00,[60],[0.471]
2025-11-11T02:33:55+01:00,[60],[1.277]
2025-11-11T02:33:54+01:00,[60],[1.552]
2025-11-11T02:33:53+01:00,[60],[1.394]
2025-11-11T02:33:52+01:00,[60],[1.191]
2025-11-11T02:33:51+01:00,[60],[1.352]
2025-11-11T02:33:50+01:00,[60],[1.325]
2025-11-11T02:33:49+01:00,[60],[1.454]
2025-11-11T02:33:48+01:00,[60],[1.378]
2025-11-11T02:33:47+01:00,[60],[1.318]
2025-11-11T02:33:46+01:00,[60],[1.343]
2025-11-11T02:33:45+01:00,[60],[1.439]
2025-11-11T02:33:44+01:00,[60],[1.323]
2025-11-11T02:33:43+01:00,[60],[1.472]
2025-11-11T02:33:42+01:00,[60],[1.274]
2025-11-11T02:33:41+01:00,[60],[1.287]
2025-11-11T02:33:40+01:00,[60],[1.242]
2025-11-11T02:33:39+01:00,[60],[1.52]
2025-11-11T02:33:38+01:00,[60],[1.077]
2025-11-11T02:33:37+01:00,[60],[1.186]
2025-11-11T02:33:36+01:00,[60],[1.314]
2025-11-11T02:33:35+01:00,[60],[1.415]
2025-11-11T02:33:34+01:00,[60],[1.592]
2025-11-11T02:33:33+01:00,[60],[0.988]
2025-11-11T02:33:32+01:00,[60],[0.623]
2025-11-11T02:33:31+01:00,[60],[0.831]
2025-11-11T02:33:30+01:00,[60],[1.002]
2025-11-11T02:33:29+01:00,[60],[1.398]
2025-11-11T02:33:28+01:00,[60],[1.341]
2025-11-11T02:33:27+01:00,[60],[1.425]
2025-11-11T02:33:25+01:00,[60],[1.595]
2025-11-11T02:33:24+01:00,[60],[1.457]
2025-11-11T02:33:23+01:00,[60],[1.437]
2025-11-11T02:33:22+01:00,[60],[1.403]
2025-11-11T02:33:21+01:00,[60],[0.945]
2025-11-11T02:33:20+01:00,[60],[0.88]
2025-11-11T02:33:19+01:00,[60],[0.793]
2025-11-11T02:33:18+01:00,[60],[1.059]
2025-11-11T02:33:17+01:00,[60],[0.888]
2025-11-11T02:33:16+01:00,[60],[1.31]
2025-11-11T02:33:15+01:00,[60],[1.386]
2025-11-11T02:33:14+01:00,[60],[1.532]
2025-11-11T02:33:13+01:00,[60],[1.365]
2025-11-11T02:33:12+01:00,[60],[1.499]
2025-11-11T02:33:11+01:00,[60],[1.219]
2025-11-11T02:33:10+01:00,[60],[0.956]
2025-11-11T02:33:09+01:00,[60],[0.648]
2025-11-11T02:33:08+01:00,[60],[0.804]
2025-11-11T02:33:07+01:00,[60],[1.002]
2025-11-11T02:33:06+01:00,[60],[1.315]
2025-11-11T02:33:05+01:00,[60],[1.526]
2025-11-11T02:33:04+01:00,[60],[1.314]
2025-11-11T02:33:03+01:00,[60],[1.27]
2025-11-11T02:33:02+01:00,[60],[1.437]
2025-11-11T02:33:01+01:00,[60],[1.417]
2025-11-11T02:33:00+01:00,[60],[1.253]
2025-11-11T02:32:59+01:00,[60],[1.304]
2025-11-11T02:32:58+01:00,[60],[1.343]
2025-11-11T02:32:57+01:00,[60],[1.583]
2025-11-11T02:32:56+01:00,[60],[1.315]
2025-11-11T02:32:55+01:00,[60],[1.01]
2025-11-11T02:32:54+01:00,[60],[0.852]
2025-11-11T02:32:53+01:00,[60],[0.66]
2025-11-11T02:32:52+01:00,[60],[0.751]
2025-11-11T02:32:51+01:00,[60],[0.958]
2025-11-11T02:32:50+01:00,[60],[1.196]
2025-11-11T02:32:49+01:00,[60],[1.495]
2025-11-11T02:32:48+01:00,[60],[0.985]
2025-11-11T02:32:47+01:00,[60],[0.698]
2025-11-11T02:32:46+01:00,[60],[0.91]
2025-11-11T02:32:45+01:00,[60],[1.248]
2025-11-11T02:32:44+01:00,[60],[1.14]
2025-11-11T02:32:43+01:00,[60],[1.337]
2025-11-11T02:32:42+01:00,[60],[1.014]
2025-11-11T02:32:41+01:00,[60],[0.879]
2025-11-11T02:32:40+01:00,[60],[0.542]
2025-11-11T02:32:39+01:00,[60],[0.683]
2025-11-11T02:32:38+01:00,[60],[0.7]
2025-11-11T02:32:37+01:00,[60],[0.762]
2025-11-11T02:32:36+01:00,[60],[1.244]
2025-11-11T02:32:35+01:00,[60],[1.418]
2025-11-11T02:32:34+01:00,[60],[1.401]
2025-11-11T02:32:33+01:00,[60],[1.263]
2025-11-11T02:32:32+01:00,[60],[0.946]
2025-11-11T02:32:31+01:00,[60],[0.516]
2025-11-11T02:32:30+01:00,[60],[0.93]
2025-11-11T02:32:29+01:00,[60],[1.206]
2025-11-11T02:32:28+01:00,[60],[1.361]
2025-11-11T02:32:27+01:00,[60],[1.261]
2025-11-11T02:32:26+01:00,[60],[0.913]
2025-11-11T02:32:25+01:00,[60],[0.802]
2025-11-11T02:32:24+01:00,[60],[1.008]
2025-11-11T02:32:23+01:00,[60],[1.182]
2025-11-11T02:32:22+01:00,[60],[1.603]
2025-11-11T02:32:21+01:00,[60],[1.327]
2025-11-11T02:32:20+01:00,[60],[1.206]
2025-11-11T02:32:19+01:00,[60],[0.738]
2025-11-11T02:32:18+01:00,[60],[0.965]
2025-11-11T02:32:17+01:00,[60],[1.405]
2025-11-11T02:32:16+01:00,[60],[1.186]
2025-11-11T02:32:15+01:00,[60],[1.142]
2025-11-11T02:32:14+01:00,[60],[1.389]
2025-11-11T02:32:13+01:00,[60],[1.134]
2025-11-11T02:32:12+01:00,[60],[1.149]
2025-11-11T02:32:11+01:00,[60],[1.239]
2025-11-11T02:32:10+01:00,[60],[1.247]
2025-11-11T02:32:09+01:00,[60],[1.027]
2025-11-11T02:32:08+01:00,[60],[0.889]
2025-11-11T02:32:07+01:00,[60],[1.035]
2025-11-11T02:32:06+01:00,[60],[1.004]
2025-11-11T02:32:05+01:00,[60],[1.154]
2025-11-11T02:32:04+01:00,[60],[1.218]
2025-11-11T02:32:03+01:00,[60],[1.158]
2025-11-11T02:32:02+01:00,[60],[1.099]
2025-11-11T02:32:01+01:00,[60],[1.106]
2025-11-11T02:32:00+01:00,[60],[1.15]
2025-11-11T02:31:59+01:00,[60],[1.204]
2025-11-11T02:31:58+01:00,[60],[1.125]
2025-11-11T02:31:57+01:00,[60],[1.063]
2025-11-11T02:31:56+01:00,[60],[1.188]
2025-11-11T02:31:55+01:00,[60],[1.255]
2025-11-11T02:31:54+01:00,[60],[1.144]
2025-11-11T02:31:53+01:00,[60],[1.039]
2025-11-11T02:31:52+01:00,[60],[0.979]
2025-11-11T02:31:51+01:00,[60],[1.012]
2025-11-11T02:31:50+01:00,[60],[0.97]
2025-11-11T02:31:49+01:00,[60],[0.998]
2025-11-11T02:31:48+01:00,[60],[0.983]
2025-11-11T02:31:47+01:00,[60],[1.024]
2025-11-11T02:31:46+01:00,[60],[1.106]
2025-11-11T02:31:45+01:00,[60],[1.089]
2025-11-11T02:31:44+01:00,[60],[1.071]
2025-11-11T02:31:43+01:00,[60],[1.002]
2025-11-11T02:31:42+01:00,[60],[0.874]
2025-11-11T02:31:41+01:00,[60],[1.225]
2025-11-11T02:31:40+01:00,[60],[1.1]
2025-11-11T02:31:39+01:00,[60],[1.178]
2025-11-11T02:31:38+01:00,[60],[1.016]
2025-11-11T02:31:37+01:00,[60],[1.194]
2025-11-11T02:31:36+01:00,[60],[1.031]
2025-11-11T02:31:35+01:00,[60],[1.012]
2025-11-11T02:31:34+01:00,[60],[0.987]
2025-11-11T02:31:33+01:00,[60],[0.948]
2025-11-11T02:31:32+01:00,[60],[1.074]
2025-11-11T02:31:31+01:00,[60],[1.031]
2025-11-11T02:31:30+01:00,[60],[1.136]
2025-11-11T02:31:29+01:00,[60],[0.845]
2025-11-11T02:31:28+01:00,[60],[0.733]
2025-11-11T02:31:27+01:00,[60],[1.014]
2025-11-11T02:31:26+01:00,[60],[1.128]
2025-11-11T02:31:25+01:00,[60],[1.028]
2025-11-11T02:31:24+01:00,[60],[1.156]
2025-11-11T02:31:23+01:00,[60],[0.981]
2025-11-11T02:31:22+01:00,[60],[0.991]
2025-11-11T02:31:21+01:00,[60],[1.08]
2025-11-11T02:31:19+01:00,[60],[1.271]
2025-11-11T02:31:18+01:00,[60],[0.99]
2025-11-11T02:31:17+01:00,[60],[0.616]
2025-11-11T02:31:16+01:00,[60],[0.059]
2025-11-11T02:31:15+01:00,[60],[1.168]
2025-11-11T02:31:14+01:00,[60],[1.075]
2025-11-11T02:31:13+01:00,[60],[1.626]
2025-11-11T02:31:12+01:00,[60],[1.164]
2025-11-11T02:31:11+01:00,[60],[0.666]
2025-11-11T02:31:10+01:00,[60],[0.738]
2025-11-11T02:31:09+01:00,[60],[1.204]
2025-11-11T02:31:08+01:00,[60],[1.165]
2025-11-11T02:31:07+01:00,[60],[0.849]
2025-11-11T02:31:06+01:00,[60],[0.859]
2025-11-11T02:31:05+01:00,[60],[1.153]
2025-11-11T02:31:04+01:00,[60],[1.158]
2025-11-11T02:31:03+01:00,[60],[1.371]
2025-11-11T02:31:02+01:00,[60],[1.058]
2025-11-11T02:31:01+01:00,[60],[1.172]
2025-11-11T02:31:00+01:00,[60],[1.228]
2025-11-11T02:30:59+01:00,[60],[1.282]
2025-11-11T02:30:58+01:00,[60],[1.234]
2025-11-11T02:30:57+01:00,[60],[0.692]
2025-11-11T02:30:56+01:00,[60],[0.787]
2025-11-11T02:30:55+01:00,[60],[0.412]
2025-11-11T02:30:54+01:00,[60],[1.285]
2025-11-11T02:30:53+01:00,[60],[1.646]
2025-11-11T02:30:52+01:00,[60],[1.76]
2025-11-11T02:30:51+01:00,[60],[1.746]
2025-11-11T02:30:50+01:00,[60],[1.406]
2025-11-11T02:30:49+01:00,[60],[1.396]
2025-11-11T02:30:48+01:00,[60],[1.168]
2025-11-11T02:30:47+01:00,[60],[1.294]
2025-11-11T02:30:46+01:00,[60],[1.205]
2025-11-11T02:30:45+01:00,[60],[0.884]
2025-11-11T02:30:44+01:00,[60],[0.141]
2025-11-11T02:30:43+01:00,[60],[0.962]
2025-11-11T02:30:42+01:00,[60],[1.049]
2025-11-11T02:30:41+01:00,[60],[1.221]
2025-11-11T02:30:40+01:00,[60],[1.081]
2025-11-11T02:30:39+01:00,[60],[1.15]
2025-11-11T02:30:38+01:00,[60],[1.263]
2025-11-11T02:30:37+01:00,[60],[1.185]
2025-11-11T02:30:36+01:00,[60],[1.166]
2025-11-11T02:30:35+01:00,[60],[1.326]
2025-11-11T02:30:34+01:00,[60],[1.321]
2025-11-11T02:30:33+01:00,[60],[1.081]
2025-11-11T02:30:32+01:00,[60],[0.954]
2025-11-11T02:30:31+01:00,[60],[1.189]
2025-11-11T02:30:30+01:00,[60],[1.437]
2025-11-11T02:30:29+01:00,[60],[1.274]
2025-11-11T02:30:28+01:00,[60],[1.044]
2025-11-11T02:30:27+01:00,[60],[1.144]
2025-11-11T02:30:26+01:00,[60],[1.391]
2025-11-11T02:30:25+01:00,[60],[1.447]
2025-11-11T02:30:24+01:00,[60],[1.343]
2025-11-11T02:30:23+01:00,[60],[1.454]
2025-11-11T02:30:22+01:00,[60],[1.072]
2025-11-11T02:30:21+01:00,[60],[0.771]
2025-11-11T02:30:20+01:00,[60],[0.803]
2025-11-11T02:30:19+01:00,[60],[0.982]
2025-11-11T02:30:18+01:00,[60],[1.112]
2025-11-11T02:30:17+01:00,[60],[1.033]
2025-11-11T02:30:16+01:00,[60],[0.504]
2025-11-11T02:30:15+01:00,[60],[0.624]
2025-11-11T02:30:14+01:00,[60],[1.173]
2025-11-11T02:30:13+01:00,[60],[1.092]
2025-11-11T02:30:12+01:00,[60],[0.689]
2025-11-11T02:30:11+01:00,[60],[0.697]
2025-11-11T02:30:10+01:00,[60],[1.191]
2025-11-11T02:30:09+01:00,[60],[1.405]
2025-11-11T02:30:08+01:00,[60],[1.02]
2025-11-11T02:30:07+01:00,[60],[0.721]
2025-11-11T02:30:06+01:00,[60],[0.659]
2025-11-11T02:30:05+01:00,[60],[1.223]
2025-11-11T02:30:04+01:00,[60],[1.376]
2025-11-11T02:30:03+01:00,[60],[1.175]
2025-11-11T02:30:02+01:00,[60],[0.587]
2025-11-11T02:30:01+01:00,[60],[0.553]
2025-11-11T02:30:00+01:00,[60],[0.43]
2025-11-11T02:29:59+01:00,[60],[0.725]
2025-11-11T02:29:58+01:00,[60],[0.92]
2025-11-11T02:29:57+01:00,[60],[1.109]
2025-11-11T02:29:56+01:00,[60],[1.081]
2025-11-11T02:29:55+01:00,[60],[0.914]
2025-11-11T02:29:54+01:00,[60],[0.967]
2025-11-11T02:29:53+01:00,[60],[1.271]
2025-11-11T02:29:52+01:00,[60],[1.629]
2025-11-11T02:29:51+01:00,[60],[1.211]
2025-11-11T02:29:50+01:00,[60],[0.359]
2025-11-11T02:29:49+01:00,[60],[0.392]
2025-11-11T02:29:48+01:00,[60],[0.644]
2025-11-11T02:29:47+01:00,[60],[1.126]
2025-11-11T02:29:46+01:00,[60],[0.884]
2025-11-11T02:29:45+01:00,[60],[0.568]
2025-11-11T02:29:44+01:00,[60],[0.727]
2025-11-11T02:29:43+01:00,[60],[0.928]
2025-11-11T02:29:42+01:00,[60],[0.778]
2025-11-11T02:29:41+01:00,[60],[0.681]
2025-11-11T02:29:40+01:00,[60],[0.829]
2025-11-11T02:29:39+01:00,[60],[1.055]
2025-11-11T02:29:38+01:00,[60],[1.308]
2025-11-11T02:29:37+01:00,[60],[1.251]
2025-11-11T02:29:36+01:00,[60],[0.852]
2025-11-11T02:29:35+01:00,[60],[0.863]
2025-11-11T02:29:34+01:00,[60],[0.841]
2025-11-11T02:29:33+01:00,[60],[1.022]
2025-11-11T02:29:32+01:00,[60],[1.016]
2025-11-11T02:29:31+01:00,[60],[0.915]
2025-11-11T02:29:30+01:00,[60],[0.72]
2025-11-11T02:29:29+01:00,[60],[0.836]
2025-11-11T02:29:28+01:00,[60],[0.901]
2025-11-11T02:29:27+01:00,[60],[0.862]
2025-11-11T02:29:26+01:00,[60],[0.764]
2025-11-11T02:29:25+01:00,[60],[1.01]
2025-11-11T02:29:24+01:00,[60],[1.124]
2025-11-11T02:29:23+01:00,[60],[0.972]
2025-11-11T02:29:22+01:00,[60],[0.689]
2025-11-11T02:29:21+01:00,[60],[0.945]
2025-11-11T02:29:20+01:00,[60],[1.133]
2025-11-11T02:29:19+01:00,[60],[0.96]
2025-11-11T02:29:18+01:00,[60],[0.815]
2025-11-11T02:29:17+01:00,[60],[0.585]
2025-11-11T02:29:16+01:00,[60],[0.325]
2025-11-11T02:29:15+01:00,[60],[0.663]
2025-11-11T02:29:13+01:00,[60],[1.105]
2025-11-11T02:29:12+01:00,[60],[0.985]
2025-11-11T02:29:11+01:00,[60],[0.903]
2025-11-11T02:29:10+01:00,[60],[0.704]
2025-11-11T02:29:09+01:00,[60],[0.968]
2025-11-11T02:29:08+01:00,[60],[1.041]
2025-11-11T02:29:07+01:00,[60],[1.225]
2025-11-11T02:29:06+01:00,[60],[1.121]
2025-11-11T02:29:05+01:00,[60],[0.764]
2025-11-11T02:29:04+01:00,[60],[1.014]
2025-11-11T02:29:03+01:00,[60],[1.168]
2025-11-11T02:29:02+01:00,[60],[0.795]
2025-11-11T02:29:01+01:00,[60],[0.551]
2025-11-11T02:29:00+01:00,[60],[0.774]
2025-11-11T02:28:59+01:00,[60],[0.831]
2025-11-11T02:28:58+01:00,[60],[0.652]
2025-11-11T02:28:57+01:00,[60],[0.667]
2025-11-11T02:28:56+01:00,[60],[0.677]
2025-11-11T02:28:55+01:00,[60],[1.076]
2025-11-11T02:28:54+01:00,[60],[1.31]
2025-11-11T02:28:53+01:00,[60],[1.304]
2025-11-11T02:28:52+01:00,[60],[1.354]
2025-11-11T02:28:51+01:00,[60],[1.2]
2025-11-11T02:28:50+01:00,[60],[0.883]
2025-11-11T02:28:49+01:00,[60],[0.923]
2025-11-11T02:28:48+01:00,[60],[1.071]
2025-11-11T02:28:47+01:00,[60],[1.024]
2025-11-11T02:28:46+01:00,[60],[0.69]
2025-11-11T02:28:45+01:00,[60],[0.134]
2025-11-11T02:28:44+01:00,[60],[0.053]
2025-11-11T02:28:43+01:00,[60],[0.422]
2025-11-11T02:28:42+01:00,[60],[0.512]
2025-11-11T02:28:41+01:00,[60],[1.203]
2025-11-11T02:28:40+01:00,[60],[1.412]
2025-11-11T02:28:39+01:00,[60],[1.388]
2025-11-11T02:28:38+01:00,[60],[1.238]
2025-11-11T02:28:37+01:00,[60],[0.95]
2025-11-11T02:28:36+01:00,[60],[0.647]
2025-11-11T02:28:35+01:00,[60],[0.938]
2025-11-11T02:28:34+01:00,[60],[1.319]
2025-11-11T02:28:33+01:00,[60],[1.406]
2025-11-11T02:28:32+01:00,[60],[1.485]
2025-11-11T02:28:31+01:00,[60],[1.428]
2025-11-11T02:28:30+01:00,[60],[1.155]
2025-11-11T02:28:29+01:00,[60],[1.002]
2025-11-11T02:28:28+01:00,[60],[0.854]
2025-11-11T02:28:27+01:00,[60],[0.769]
2025-11-11T02:28:26+01:00,[60],[1.07]
2025-11-11T02:28:25+01:00,[60],[1.387]
2025-11-11T02:28:24+01:00,[60],[1.387]
2025-11-11T02:28:23+01:00,[60],[1.132]
2025-11-11T02:28:22+01:00,[60],[0.942]
2025-11-11T02:28:21+01:00,[60],[0.81]
2025-11-11T02:28:20+01:00,[60],[0.976]
2025-11-11T02:28:19+01:00,[60],[1.214]
2025-11-11T02:28:18+01:00,[60],[1.397]
2025-11-11T02:28:17+01:00,[60],[1.349]
2025-11-11T02:28:16+01:00,[60],[1.172]
2025-11-11T02:28:15+01:00,[60],[1.095]
2025-11-11T02:28:14+01:00,[60],[0.992]
2025-11-11T02:28:13+01:00,[60],[1.087]
2025-11-11T02:28:12+01:00,[60],[1.385]
2025-11-11T02:28:11+01:00,[60],[1.408]
2025-11-11T02:28:10+01:00,[60],[1.159]
2025-11-11T02:28:09+01:00,[60],[0.962]
2025-11-11T02:28:08+01:00,[60],[0.883]
2025-11-11T02:28:07+01:00,[60],[1.039]
2025-11-11T02:28:06+01:00,[60],[1.377]
2025-11-11T02:28:05+01:00,[60],[1.328]
2025-11-11T02:28:04+01:00,[60],[0.995]
2025-11-11T02:28:03+01:00,[60],[1.055]
2025-11-11T02:28:02+01:00,[60],[0.877]
2025-11-11T02:28:01+01:00,[60],[0.933]
2025-11-11T02:28:00+01:00,[60],[0.923]
2025-11-11T02:27:59+01:00,[60],[1.344]
2025-11-11T02:27:58+01:00,[60],[1.285]
2025-11-11T02:27:57+01:00,[60],[1.064]
2025-11-11T02:27:56+01:00,[60],[0.824]
2025-11-11T02:27:55+01:00,[60],[0.904]
2025-11-11T02:27:54+01:00,[60],[1.54]
2025-11-11T02:27:53+01:00,[60],[1.593]
2025-11-11T02:27:52+01:00,[60],[1.577]
2025-11-11T02:27:51+01:00,[60],[1.557]
2025-11-11T02:27:50+01:00,[60],[1.521]
2025-11-11T02:27:49+01:00,[60],[1.5]
2025-11-11T02:27:48+01:00,[60],[1.522]
2025-11-11T02:27:47+01:00,[60],[1.533]
2025-11-11T02:27:46+01:00,[60],[1.6]
2025-11-11T02:27:45+01:00,[60],[1.584]
2025-11-11T02:27:44+01:00,[60],[1.585]
2025-11-11T02:27:43+01:00,[60],[1.606]
2025-11-11T02:27:42+01:00,[60],[1.625]
2025-11-11T02:27:41+01:00,[60],[1.538]
2025-11-11T02:27:40+01:00,[60],[1.62]
2025-11-11T02:27:39+01:00,[60],[1.611]
2025-11-11T02:27:38+01:00,[60],[1.431]
2025-11-11T02:27:37+01:00,[60],[1.219]
2025-11-11T02:27:36+01:00,[60],[1.326]
2025-11-11T02:27:35+01:00,[60],[1.292]
2025-11-11T02:27:34+01:00,[60],[1.294]
2025-11-11T02:27:33+01:00,[60],[1.344]
2025-11-11T02:27:32+01:00,[60],[1.538]
2025-11-11T02:27:31+01:00,[60],[1.348]
2025-11-11T02:27:30+01:00,[60],[1.537]
2025-11-11T02:27:29+01:00,[60],[1.16]
2025-11-11T02:27:28+01:00,[60],[1.159]
2025-11-11T02:27:27+01:00,[60],[1.248]
2025-11-11T02:27:26+01:00,[60],[1.172]
2025-11-11T02:27:25+01:00,[60],[1.371]
2025-11-11T02:27:24+01:00,[60],[1.252]
2025-11-11T02:27:23+01:00,[60],[1.166]
2025-11-11T02:27:22+01:00,[60],[1.068]
2025-11-11T02:27:21+01:00,[60],[1.293]
2025-11-11T02:27:20+01:00,[60],[1.441]
2025-11-11T02:27:19+01:00,[60],[1.4]
2025-11-11T02:27:18+01:00,[60],[1.044]
2025-11-11T02:27:17+01:00,[60],[0.471]
2025-11-11T02:27:16+01:00,[60],[0.808]
2025-11-11T02:27:15+01:00,[60],[1.006]
2025-11-11T02:27:14+01:00,[60],[1.043]
2025-11-11T02:27:13+01:00,[60],[0.788]
2025-11-11T02:27:12+01:00,[60],[0.912]
2025-11-11T02:27:11+01:00,[60],[1.166]
2025-11-11T02:27:10+01:00,[60],[1.466]
2025-11-11T02:27:09+01:00,[60],[1.173]
2025-11-11T02:27:08+01:00,[60],[1.012]
2025-11-11T02:27:07+01:00,[60],[0.902]
2025-11-11T02:27:06+01:00,[60],[0.809]
2025-11-11T02:27:05+01:00,[60],[1.179]
2025-11-11T02:27:04+01:00,[60],[1.334]
2025-11-11T02:27:03+01:00,[60],[1.174]
2025-11-11T02:27:02+01:00,[60],[0.55]
2025-11-11T02:27:01+01:00,[60],[0.908]
2025-11-11T02:27:00+01:00,[60],[1.318]
2025-11-11T02:26:59+01:00,[60],[0.95]
2025-11-11T02:26:58+01:00,[60],[1.435]
2025-11-11T02:26:57+01:00,[60],[0.957]
2025-11-11T02:26:56+01:00,[60],[0.825]
2025-11-11T02:26:55+01:00,[60],[0.968]
2025-11-11T02:26:54+01:00,[60],[1.32]
2025-11-11T02:26:53+01:00,[60],[1.375]
2025-11-11T02:26:52+01:00,[60],[1.091]
2025-11-11T02:26:51+01:00,[60],[1.427]
2025-11-11T02:26:50+01:00,[60],[1.053]
2025-11-11T02:26:49+01:00,[60],[1.439]
2025-11-11T02:26:48+01:00,[60],[1.199]
2025-11-11T02:26:47+01:00,[60],[1.258]
2025-11-11T02:26:46+01:00,[60],[1.116]
2025-11-11T02:26:45+01:00,[60],[0.926]
2025-11-11T02:26:44+01:00,[60],[0.881]
2025-11-11T02:26:43+01:00,[60],[1.294]
2025-11-11T02:26:42+01:00,[60],[0.891]
2025-11-11T02:26:41+01:00,[60],[1.471]
2025-11-11T02:26:40+01:00,[60],[0.875]
2025-11-11T02:26:39+01:00,[60],[1.629]
2025-11-11T02:26:38+01:00,[60],[1.313]
2025-11-11T02:26:37+01:00,[60],[1.23]
2025-11-11T02:26:36+01:00,[60],[1.259]
2025-11-11T02:26:35+01:00,[60],[1.283]
2025-11-11T02:26:34+01:00,[60],[0.854]
2025-11-11T02:26:33+01:00,[60],[0.685]
2025-11-11T02:26:32+01:00,[60],[0.587]
2025-11-11T02:26:31+01:00,[60],[0.788]
2025-11-11T02:26:30+01:00,[60],[1.683]
2025-11-11T02:26:29+01:00,[60],[1.727]
2025-11-11T02:26:28+01:00,[60],[1.696]
2025-11-11T02:26:27+01:00,[60],[1.641]
2025-11-11T02:26:26+01:00,[60],[1.735]
2025-11-11T02:26:25+01:00,[60],[1.697]
2025-11-11T02:26:24+01:00,[60],[1.637]
2025-11-11T02:26:23+01:00,[60],[1.474]
2025-11-11T02:26:22+01:00,[60],[1.487]
2025-11-11T02:26:21+01:00,[60],[1.416]
2025-11-11T02:26:20+01:00,[60],[1.435]
2025-11-11T02:26:19+01:00,[60],[1.423]
2025-11-11T02:26:18+01:00,[60],[1.502]
2025-11-11T02:26:17+01:00,[60],[1.567]
2025-11-11T02:26:16+01:00,[60],[1.562]
2025-11-11T02:26:15+01:00,[60],[1.633]
2025-11-11T02:26:14+01:00,[60],[1.687]
2025-11-11T02:26:13+01:00,[60],[1.726]
2025-11-11T02:26:12+01:00,[60],[1.688]
2025-11-11T02:26:11+01:00,[60],[1.614]
2025-11-11T02:26:10+01:00,[60],[1.615]
2025-11-11T02:26:09+01:00,[60],[1.732]
2025-11-11T02:26:08+01:00,[60],[1.747]
2025-11-11T02:26:07+01:00,[60],[1.688]
2025-11-11T02:26:06+01:00,[60],[1.746]
2025-11-11T02:26:05+01:00,[60],[1.651]
2025-11-11T02:26:04+01:00,[60],[1.696]
2025-11-11T02:26:03+01:00,[60],[1.723]
2025-11-11T02:26:02+01:00,[60],[1.734]
2025-11-11T02:26:01+01:00,[60],[1.776]
2025-11-11T02:26:00+01:00,[60],[1.787]
2025-11-11T02:25:59+01:00,[60],[1.811]
2025-11-11T02:25:58+01:00,[60],[1.803]
2025-11-11T02:25:57+01:00,[60],[1.878]
2025-11-11T02:25:56+01:00,[60],[1.827]
2025-11-11T02:25:55+01:00,[60],[1.715]
2025-11-11T02:25:54+01:00,[60],[1.826]
2025-11-11T02:25:53+01:00,[60],[1.79]
2025-11-11T02:25:52+01:00,[60],[1.788]
2025-11-11T02:25:51+01:00,[60],[1.797]
2025-11-11T02:25:50+01:00,[60],[1.659]
2025-11-11T02:25:49+01:00,[60],[1.715]
2025-11-11T02:25:48+01:00,[60],[1.759]
2025-11-11T02:25:47+01:00,[60],[1.837]
2025-11-11T02:25:46+01:00,[60],[1.824]
2025-11-11T02:25:45+01:00,[60],[1.532]
2025-11-11T02:25:44+01:00,[60],[1.243]
2025-11-11T02:25:43+01:00,[60],[1.611]
2025-11-11T02:25:42+01:00,[60],[1.759]
2025-11-11T02:25:41+01:00,[60],[1.79]
2025-11-11T02:25:40+01:00,[60],[1.795]
2025-11-11T02:25:39+01:00,[60],[1.817]
2025-11-11T02:25:38+01:00,[60],[1.833]
2025-11-11T02:25:37+01:00,[60],[1.804]
2025-11-11T02:25:36+01:00,[60],[1.701]
2025-11-11T02:25:35+01:00,[60],[1.701]
2025-11-11T02:25:34+01:00,[60],[1.762]
2025-11-11T02:25:33+01:00,[60],[1.818]
2025-11-11T02:25:32+01:00,[60],[1.779]
2025-11-11T02:25:31+01:00,[60],[1.759]
2025-11-11T02:25:30+01:00,[60],[1.78]
2025-11-11T02:25:29+01:00,[60],[1.755]
2025-11-11T02:25:28+01:00,[60],[1.738]
2025-11-11T02:25:27+01:00,[60],[1.767]
2025-11-11T02:25:26+01:00,[60],[1.747]
2025-11-11T02:25:25+01:00,[60],[1.768]
2025-11-11T02:25:24+01:00,[60],[1.794]
2025-11-11T02:25:23+01:00,[60],[1.814]
2025-11-11T02:25:22+01:00,[60],[1.774]
2025-11-11T02:25:21+01:00,[60],[1.833]
2025-11-11T02:25:20+01:00,[60],[1.805]
2025-11-11T02:25:19+01:00,[60],[1.801]
2025-11-11T02:25:18+01:00,[60],[1.795]
2025-11-11T02:25:17+01:00,[60],[1.713]
2025-11-11T02:25:16+01:00,[60],[1.753]
2025-11-11T02:25:15+01:00,[60],[1.669]
2025-11-11T02:25:14+01:00,[60],[1.712]
2025-11-11T02:25:13+01:00,[60],[1.811]
2025-11-11T02:25:12+01:00,[60],[1.841]
2025-11-11T02:25:11+01:00,[60],[1.82]
2025-11-11T02:25:10+01:00,[60],[1.826]
2025-11-11T02:25:09+01:00,[60],[1.808]
2025-11-11T02:25:08+01:00,[60],[1.831]
2025-11-11T02:25:07+01:00,[60],[1.755]
2025-11-11T02:25:06+01:00,[60],[1.791]
2025-11-11T02:25:05+01:00,[60],[1.795]
2025-11-11T02:25:04+01:00,[60],[1.772]
2025-11-11T02:25:03+01:00,[60],[1.796]
2025-11-11T02:25:02+01:00,[60],[1.801]
2025-11-11T02:25:01+01:00,[60],[1.829]
2025-11-11T02:25:00+01:00,[60],[1.755]
2025-11-11T02:24:59+01:00,[60],[1.792]
2025-11-11T02:24:58+01:00,[60],[1.736]
2025-11-11T02:24:57+01:00,[60],[1.729]
2025-11-11T02:24:56+01:00,[60],[1.769]
2025-11-11T02:24:55+01:00,[60],[1.776]
2025-11-11T02:24:54+01:00,[60],[1.776]
2025-11-11T02:24:53+01:00,[60],[1.767]
2025-11-11T02:24:52+01:00,[60],[1.767]
2025-11-11T02:24:51+01:00,[60],[1.822]
2025-11-11T02:24:50+01:00,[60],[1.795]
2025-11-11T02:24:49+01:00,[60],[1.721]
2025-11-11T02:24:48+01:00,[60],[1.776]
2025-11-11T02:24:47+01:00,[60],[1.81]
2025-11-11T02:24:46+01:00,[60],[1.807]
2025-11-11T02:24:45+01:00,[60],[1.77]
2025-11-11T02:24:44+01:00,[60],[1.807]
2025-11-11T02:24:43+01:00,[60],[1.71]
2025-11-11T02:24:42+01:00,[60],[1.693]
2025-11-11T02:24:41+01:00,[60],[1.721]
2025-11-11T02:24:40+01:00,[60],[1.737]
2025-11-11T02:24:39+01:00,[60],[1.718]
2025-11-11T02:24:38+01:00,[60],[1.706]
2025-11-11T02:24:37+01:00,[60],[1.753]
2025-11-11T02:24:36+01:00,[60],[1.758]
2025-11-11T02:24:35+01:00,[60],[1.732]
2025-11-11T02:24:34+01:00,[60],[1.707]
2025-11-11T02:24:33+01:00,[60],[1.744]
2025-11-11T02:24:32+01:00,[60],[1.658]
2025-11-11T02:24:31+01:00,[60],[1.666]
2025-11-11T02:24:30+01:00,[60],[1.656]
2025-11-11T02:24:29+01:00,[60],[1.713]
2025-11-11T02:24:28+01:00,[60],[1.761]
2025-11-11T02:24:27+01:00,[60],[1.768]
2025-11-11T02:24:26+01:00,[60],[1.695]
2025-11-11T02:24:25+01:00,[60],[1.565]
2025-11-11T02:24:24+01:00,[60],[1.519]
2025-11-11T02:24:23+01:00,[60],[1.643]
2025-11-11T02:24:22+01:00,[60],[1.707]
2025-11-11T02:24:21+01:00,[60],[1.7]
2025-11-11T02:24:20+01:00,[60],[1.711]
2025-11-11T02:24:19+01:00,[60],[1.689]
2025-11-11T02:24:18+01:00,[60],[1.701]
2025-11-11T02:24:17+01:00,[60],[1.712]
2025-11-11T02:24:16+01:00,[60],[1.706]
2025-11-11T02:24:15+01:00,[60],[1.665]
2025-11-11T02:24:14+01:00,[60],[1.698]
2025-11-11T02:24:13+01:00,[60],[1.667]
2025-11-11T02:24:12+01:00,[60],[1.68]
2025-11-11T02:24:11+01:00,[60],[1.724]
2025-11-11T02:24:10+01:00,[60],[1.748]
2025-11-11T02:24:09+01:00,[60],[1.739]
2025-11-11T02:24:08+01:00,[60],[1.751]
2025-11-11T02:24:07+01:00,[60],[1.761]
2025-11-11T02:24:06+01:00,[60],[1.747]
2025-11-11T02:24:05+01:00,[60],[1.762]
2025-11-11T02:24:04+01:00,[60],[1.768]
2025-11-11T02:24:03+01:00,[60],[1.778]
2025-11-11T02:24:02+01:00,[60],[1.782]
2025-11-11T02:24:01+01:00,[60],[1.766]
2025-11-11T02:24:00+01:00,[60],[1.772]
2025-11-11T02:23:59+01:00,[60],[1.764]
2025-11-11T02:23:58+01:00,[60],[1.77]
2025-11-11T02:23:57+01:00,[60],[1.781]
2025-11-11T02:23:56+01:00,[60],[1.749]
2025-11-11T02:23:55+01:00,[60],[1.76]
2025-11-11T02:23:54+01:00,[60],[1.784]
2025-11-11T02:23:53+01:00,[60],[1.789]
2025-11-11T02:23:52+01:00,[60],[1.767]
2025-11-11T02:23:51+01:00,[60],[1.77]
2025-11-11T02:23:50+01:00,[60],[1.768]
2025-11-11T02:23:49+01:00,[60],[1.784]
2025-11-11T02:23:48+01:00,[60],[1.756]
2025-11-11T02:23:47+01:00,[60],[1.753]
2025-11-11T02:23:46+01:00,[60],[1.753]
2025-11-11T02:23:45+01:00,[60],[1.775]
2025-11-11T02:23:44+01:00,[60],[1.757]
2025-11-11T02:23:43+01:00,[60],[1.722]
2025-11-11T02:23:42+01:00,[60],[1.741]
2025-11-11T02:23:41+01:00,[60],[1.729]
2025-11-11T02:23:40+01:00,[60],[1.766]
2025-11-11T02:23:39+01:00,[60],[1.8]
2025-11-11T02:23:38+01:00,[60],[1.619]
2025-11-11T02:23:37+01:00,[60],[1.085]
2025-11-11T02:23:36+01:00,[60],[1.042]
2025-11-11T02:23:35+01:00,[60],[1.271]
2025-11-11T02:23:34+01:00,[60],[1.064]
2025-11-11T02:23:33+01:00,[60],[1.229]
2025-11-11T02:23:32+01:00,[60],[1.145]
2025-11-11T02:23:31+01:00,[60],[1.062]
2025-11-11T02:23:30+01:00,[60],[1.657]
2025-11-11T02:23:29+01:00,[60],[1.048]
2025-11-11T02:23:28+01:00,[60],[1.635]
2025-11-11T02:23:27+01:00,[60],[0.992]
2025-11-11T02:23:26+01:00,[60],[1.708]
2025-11-11T02:23:25+01:00,[60],[1.016]
2025-11-11T02:23:24+01:00,[60],[1.72]
2025-11-11T02:23:23+01:00,[60],[1.14]
2025-11-11T02:23:22+01:00,[60],[1.609]
2025-11-11T02:23:21+01:00,[60],[1.002]
2025-11-11T02:23:20+01:00,[60],[1.538]
2025-11-11T02:23:19+01:00,[60],[1.025]
2025-11-11T02:23:18+01:00,[60],[1.736]
2025-11-11T02:23:17+01:00,[60],[1.116]
2025-11-11T02:23:16+01:00,[60],[1.139]
2025-11-11T02:23:15+01:00,[60],[1.332]
2025-11-11T02:23:14+01:00,[60],[1.336]
2025-11-11T02:23:13+01:00,[60],[1.16]
2025-11-11T02:23:12+01:00,[60],[1.022]
2025-11-11T02:23:11+01:00,[60],[1.359]
2025-11-11T02:23:10+01:00,[60],[0.996]
2025-11-11T02:23:09+01:00,[60],[1.461]
2025-11-11T02:23:08+01:00,[60],[1.033]
2025-11-11T02:23:07+01:00,[60],[1.826]
2025-11-11T02:23:06+01:00,[60],[1.076]
2025-11-11T02:23:05+01:00,[60],[1.767]
2025-11-11T02:23:04+01:00,[60],[1.074]
2025-11-11T02:23:03+01:00,[60],[1.588]
2025-11-11T02:23:02+01:00,[60],[1.297]
2025-11-11T02:23:01+01:00,[60],[1.022]
2025-11-11T02:23:00+01:00,[60],[1.112]
2025-11-11T02:22:59+01:00,[60],[1.323]
2025-11-11T02:22:58+01:00,[60],[1.373]
2025-11-11T02:22:57+01:00,[60],[1.107]
2025-11-11T02:22:56+01:00,[60],[0.988]
2025-11-11T02:22:55+01:00,[60],[1.596]
2025-11-11T02:22:54+01:00,[60],[1.123]
2025-11-11T02:22:53+01:00,[60],[0.417]
2025-11-11T02:22:52+01:00,[60],[0.658]
2025-11-11T02:22:51+01:00,[60],[0.749]
2025-11-11T02:22:50+01:00,[60],[1]
2025-11-11T02:22:49+01:00,[60],[1.511]
2025-11-11T02:22:48+01:00,[60],[1.385]
2025-11-11T02:22:47+01:00,[60],[0.974]
2025-11-11T02:22:46+01:00,[60],[1.53]
2025-11-11T02:22:45+01:00,[60],[1.155]
2025-11-11T02:22:44+01:00,[60],[1.493]
2025-11-11T02:22:43+01:00,[60],[1.179]
2025-11-11T02:22:42+01:00,[60],[1.431]
2025-11-11T02:22:41+01:00,[60],[1.239]
2025-11-11T02:22:40+01:00,[60],[1.083]
2025-11-11T02:22:39+01:00,[60],[1.356]
2025-11-11T02:22:38+01:00,[60],[0.496]
2025-11-11T02:22:37+01:00,[60],[0.638]
2025-11-11T02:22:36+01:00,[60],[1.683]
2025-11-11T02:22:35+01:00,[60],[1.747]
2025-11-11T02:22:34+01:00,[60],[1.737]
2025-11-11T02:22:33+01:00,[60],[1.711]
2025-11-11T02:22:32+01:00,[60],[1.743]
2025-11-11T02:22:31+01:00,[60],[1.741]
2025-11-11T02:22:30+01:00,[60],[1.725]
2025-11-11T02:22:29+01:00,[60],[1.727]
2025-11-11T02:22:28+01:00,[60],[1.707]
2025-11-11T02:22:27+01:00,[60],[1.733]
2025-11-11T02:22:26+01:00,[60],[1.749]
2025-11-11T02:22:25+01:00,[60],[1.742]
2025-11-11T02:22:24+01:00,[60],[1.737]
2025-11-11T02:22:23+01:00,[60],[1.737]
2025-11-11T02:22:22+01:00,[60],[1.75]
2025-11-11T02:22:21+01:00,[60],[1.711]
2025-11-11T02:22:20+01:00,[60],[1.693]
2025-11-11T02:22:19+01:00,[60],[1.699]
2025-11-11T02:22:18+01:00,[60],[1.697]
2025-11-11T02:22:17+01:00,[60],[1.743]
2025-11-11T02:22:16+01:00,[60],[1.692]
2025-11-11T02:22:15+01:00,[60],[1.72]
2025-11-11T02:22:14+01:00,[60],[1.741]
2025-11-11T02:22:13+01:00,[60],[1.761]
2025-11-11T02:22:12+01:00,[60],[1.747]
2025-11-11T02:22:11+01:00,[60],[1.746]
2025-11-11T02:22:10+01:00,[60],[1.737]
2025-11-11T02:22:09+01:00,[60],[1.741]
2025-11-11T02:22:08+01:00,[60],[1.758]
2025-11-11T02:22:07+01:00,[60],[1.759]
2025-11-11T02:22:06+01:00,[60],[1.744]
2025-11-11T02:22:05+01:00,[60],[1.731]
2025-11-11T02:22:04+01:00,[60],[1.694]
2025-11-11T02:22:03+01:00,[60],[1.725]
2025-11-11T02:22:02+01:00,[60],[1.759]
2025-11-11T02:22:01+01:00,[60],[1.734]
2025-11-11T02:22:00+01:00,[60],[1.724]
2025-11-11T02:21:59+01:00,[60],[1.702]
2025-11-11T02:21:58+01:00,[60],[1.72]
2025-11-11T02:21:57+01:00,[60],[1.726]
2025-11-11T02:21:56+01:00,[60],[1.725]
2025-11-11T02:21:55+01:00,[60],[1.719]
2025-11-11T02:21:54+01:00,[60],[1.737]
2025-11-11T02:21:53+01:00,[60],[1.746]
2025-11-11T02:21:52+01:00,[60],[1.728]
2025-11-11T02:21:51+01:00,[60],[1.729]
2025-11-11T02:21:50+01:00,[60],[1.716]
2025-11-11T02:21:49+01:00,[60],[1.751]
2025-11-11T02:21:48+01:00,[60],[1.747]
2025-11-11T02:21:47+01:00,[60],[1.709]
2025-11-11T02:21:46+01:00,[60],[1.696]
2025-11-11T02:21:45+01:00,[60],[1.711]
2025-11-11T02:21:44+01:00,[60],[1.695]
2025-11-11T02:21:43+01:00,[60],[1.713]
2025-11-11T02:21:42+01:00,[60],[1.751]
2025-11-11T02:21:41+01:00,[60],[1.771]
2025-11-11T02:21:39+01:00,[60],[1.75]
2025-11-11T02:21:38+01:00,[60],[1.744]
2025-11-11T02:21:37+01:00,[60],[1.738]
2025-11-11T02:21:36+01:00,[60],[1.715]
2025-11-11T02:21:35+01:00,[60],[1.718]
2025-11-11T02:21:34+01:00,[60],[1.731]
2025-11-11T02:21:33+01:00,[60],[1.735]
2025-11-11T02:21:32+01:00,[60],[1.714]
2025-11-11T02:21:31+01:00,[60],[1.701]
2025-11-11T02:21:30+01:00,[60],[1.69]
2025-11-11T02:21:29+01:00,[60],[1.713]
2025-11-11T02:21:28+01:00,[60],[1.731]
2025-11-11T02:21:27+01:00,[60],[1.461]
2025-11-11T02:21:26+01:00,[60],[1.234]
2025-11-11T02:21:25+01:00,[60],[1.18]
2025-11-11T02:21:24+01:00,[60],[1.004]
2025-11-11T02:21:23+01:00,[60],[1.515]
2025-11-11T02:21:22+01:00,[60],[1.276]
2025-11-11T02:21:21+01:00,[60],[1.182]
2025-11-11T02:21:20+01:00,[60],[1.014]
2025-11-11T02:21:19+01:00,[60],[1.576]
2025-11-11T02:21:18+01:00,[60],[1.256]
2025-11-11T02:21:17+01:00,[60],[1.47]
2025-11-11T02:21:16+01:00,[60],[1.249]
2025-11-11T02:21:15+01:00,[60],[0.988]
2025-11-11T02:21:14+01:00,[60],[1.526]
2025-11-11T02:21:13+01:00,[60],[0.998]
2025-11-11T02:21:12+01:00,[60],[1.486]
2025-11-11T02:21:11+01:00,[60],[0.997]
2025-11-11T02:21:10+01:00,[60],[1.637]
2025-11-11T02:21:09+01:00,[60],[1.014]
2025-11-11T02:21:08+01:00,[60],[1.558]
2025-11-11T02:21:07+01:00,[60],[1.034]
2025-11-11T02:21:06+01:00,[60],[1.513]
2025-11-11T02:21:05+01:00,[60],[1.222]
2025-11-11T02:21:04+01:00,[60],[1.459]
2025-11-11T02:21:03+01:00,[60],[1.244]
2025-11-11T02:21:02+01:00,[60],[0.993]
2025-11-11T02:21:01+01:00,[60],[1.665]
2025-11-11T02:21:00+01:00,[60],[1.004]
2025-11-11T02:20:59+01:00,[60],[1.621]
2025-11-11T02:20:58+01:00,[60],[1.13]
2025-11-11T02:20:57+01:00,[60],[0.991]
2025-11-11T02:20:56+01:00,[60],[1.382]
2025-11-11T02:20:55+01:00,[60],[1.066]
2025-11-11T02:20:54+01:00,[60],[1.602]
2025-11-11T02:20:53+01:00,[60],[1.133]
2025-11-11T02:20:52+01:00,[60],[1.206]
2025-11-11T02:20:51+01:00,[60],[1.418]
2025-11-11T02:20:50+01:00,[60],[0.989]
2025-11-11T02:20:49+01:00,[60],[1.747]
2025-11-11T02:20:48+01:00,[60],[1.01]
2025-11-11T02:20:47+01:00,[60],[1.588]
2025-11-11T02:20:46+01:00,[60],[1.203]
2025-11-11T02:20:45+01:00,[60],[1.377]
2025-11-11T02:20:44+01:00,[60],[1.178]
2025-11-11T02:20:43+01:00,[60],[1.034]
2025-11-11T02:20:42+01:00,[60],[1.463]
2025-11-11T02:20:41+01:00,[60],[1.025]
2025-11-11T02:20:40+01:00,[60],[1.059]
2025-11-11T02:20:39+01:00,[60],[1.261]
2025-11-11T02:20:38+01:00,[60],[1.006]
2025-11-11T02:20:37+01:00,[60],[1.501]
2025-11-11T02:20:36+01:00,[60],[1.403]
2025-11-11T02:20:35+01:00,[60],[1.415]
2025-11-11T02:20:34+01:00,[60],[1.153]
2025-11-11T02:20:33+01:00,[60],[1.02]
2025-11-11T02:20:32+01:00,[60],[1.491]
2025-11-11T02:20:31+01:00,[60],[0.993]
2025-11-11T02:20:30+01:00,[60],[1.467]
2025-11-11T02:20:29+01:00,[60],[1.171]
2025-11-11T02:20:28+01:00,[60],[1.437]
2025-11-11T02:20:27+01:00,[60],[1.357]
2025-11-11T02:20:26+01:00,[60],[1.262]
2025-11-11T02:20:25+01:00,[60],[1.016]
2025-11-11T02:20:24+01:00,[60],[1.475]
2025-11-11T02:20:23+01:00,[60],[1.281]
2025-11-11T02:20:22+01:00,[60],[1.176]
2025-11-11T02:20:21+01:00,[60],[1.213]
2025-11-11T02:20:20+01:00,[60],[1.381]
2025-11-11T02:20:19+01:00,[60],[1.371]
2025-11-11T02:20:18+01:00,[60],[1.441]
2025-11-11T02:20:17+01:00,[60],[1.27]
2025-11-11T02:20:16+01:00,[60],[1.107]
2025-11-11T02:20:15+01:00,[60],[1.418]
2025-11-11T02:20:14+01:00,[60],[1.646]
2025-11-11T02:20:13+01:00,[60],[1.123]
2025-11-11T02:20:12+01:00,[60],[0.568]
2025-11-11T02:20:11+01:00,[60],[0.923]
2025-11-11T02:20:10+01:00,[60],[1.3]
2025-11-11T02:20:09+01:00,[60],[1.275]
2025-11-11T02:20:08+01:00,[60],[1.248]
2025-11-11T02:20:07+01:00,[60],[1.282]
2025-11-11T02:20:06+01:00,[60],[1.401]
2025-11-11T02:20:05+01:00,[60],[1.224]
2025-11-11T02:20:04+01:00,[60],[1.303]
2025-11-11T02:20:03+01:00,[60],[1.364]
2025-11-11T02:20:02+01:00,[60],[1.014]
2025-11-11T02:20:01+01:00,[60],[1.136]
2025-11-11T02:20:00+01:00,[60],[0.754]
2025-11-11T02:19:59+01:00,[60],[0.391]
2025-11-11T02:19:58+01:00,[60],[0.567]
2025-11-11T02:19:57+01:00,[60],[0.974]
2025-11-11T02:19:56+01:00,[60],[1.399]
2025-11-11T02:19:55+01:00,[60],[1.4]
2025-11-11T02:19:54+01:00,[60],[1.219]
2025-11-11T02:19:53+01:00,[60],[1.316]
2025-11-11T02:19:52+01:00,[60],[1.14]
2025-11-11T02:19:51+01:00,[60],[1.371]
2025-11-11T02:19:50+01:00,[60],[1.378]
2025-11-11T02:19:49+01:00,[60],[1.507]
2025-11-11T02:19:48+01:00,[60],[1.146]
2025-11-11T02:19:47+01:00,[60],[1.026]
2025-11-11T02:19:46+01:00,[60],[1.048]
2025-11-11T02:19:45+01:00,[60],[1.108]
2025-11-11T02:19:44+01:00,[60],[1.225]
2025-11-11T02:19:43+01:00,[60],[0.481]
2025-11-11T02:19:42+01:00,[60],[1.085]
2025-11-11T02:19:41+01:00,[60],[1.424]
2025-11-11T02:19:40+01:00,[60],[1.477]
2025-11-11T02:19:39+01:00,[60],[1.371]
2025-11-11T02:19:38+01:00,[60],[1.338]
2025-11-11T02:19:37+01:00,[60],[1.287]
2025-11-11T02:19:36+01:00,[60],[1.565]
2025-11-11T02:19:35+01:00,[60],[1.413]
2025-11-11T02:19:34+01:00,[60],[0.946]
2025-11-11T02:19:33+01:00,[60],[1.042]
2025-11-11T02:19:32+01:00,[60],[1.305]
2025-11-11T02:19:31+01:00,[60],[1.528]
2025-11-11T02:19:30+01:00,[60],[1.442]
2025-11-11T02:19:29+01:00,[60],[1.675]
2025-11-11T02:19:28+01:00,[60],[1.109]
2025-11-11T02:19:27+01:00,[60],[1.317]
2025-11-11T02:19:26+01:00,[60],[1.411]
2025-11-11T02:19:25+01:00,[60],[1.281]
2025-11-11T02:19:24+01:00,[60],[1.326]
2025-11-11T02:19:23+01:00,[60],[1.234]
2025-11-11T02:19:22+01:00,[60],[1.198]
2025-11-11T02:19:21+01:00,[60],[1.262]
2025-11-11T02:19:20+01:00,[60],[1.08]
2025-11-11T02:19:19+01:00,[60],[1.053]
2025-11-11T02:19:18+01:00,[60],[1.016]
2025-11-11T02:19:17+01:00,[60],[1.035]
2025-11-11T02:19:16+01:00,[60],[0.786]
2025-11-11T02:19:15+01:00,[60],[0.804]
2025-11-11T02:19:14+01:00,[60],[0.995]
2025-11-11T02:19:13+01:00,[60],[0.991]
2025-11-11T02:19:12+01:00,[60],[0.39]
2025-11-11T02:19:11+01:00,[60],[0.806]
2025-11-11T02:19:10+01:00,[60],[0.434]
2025-11-11T02:19:09+01:00,[60],[0.964]
2025-11-11T02:19:08+01:00,[60],[0.964]
2025-11-11T02:19:07+01:00,[60],[0.431]
2025-11-11T02:19:06+01:00,[60],[0.326]
2025-11-11T02:19:05+01:00,[60],[0.106]
2025-11-11T02:19:04+01:00,[60],[0.326]
2025-11-11T02:19:03+01:00,[60],[0]
2025-11-11T02:19:02+01:00,[60],[0]
2025-11-11T02:19:01+01:00,[60],[0]
2025-11-11T02:19:00+01:00,[60],[0]
2025-11-11T02:18:59+01:00,[60],[0]
2025-11-11T02:18:58+01:00,[60],[0]
2025-11-11T02:18:57+01:00,[60],[0]
2025-11-11T02:18:56+01:00,[60],[0]
2025-11-11T02:18:55+01:00,[60],[0]
2025-11-11T02:18:54+01:00,[60],[0]
2025-11-11T02:18:53+01:00,[60],[0]
2025-11-11T02:18:52+01:00,[60],[0]
2025-11-11T02:18:51+01:00,[60],[0]
2025-11-11T02:18:50+01:00,[60],[0]
2025-11-11T02:18:49+01:00,[60],[0]
2025-11-11T02:18:48+01:00,[60],[0]
2025-11-11T02:18:47+01:00,[60],[0]
2025-11-11T02:18:46+01:00,[60],[0]
2025-11-11T02:18:45+01:00,[60],[0]
2025-11-11T02:18:44+01:00,[60],[0]
2025-11-11T02:18:43+01:00,[60],[0]
2025-11-11T02:18:42+01:00,[60],[0]
2025-11-11T02:18:41+01:00,[60],[0]
2025-11-11T02:18:40+01:00,[60],[0]
2025-11-11T02:18:32+01:00,[60],[-1]
2025-11-11T02:17:42+01:00,[60],[-1]
2025-11-06T05:07:36+01:00,[60],[0.212]
2025-11-06T05:07:35+01:00,[60],[0.126]
2025-11-06T05:07:34+01:00,[60],[0.205]
2025-11-06T05:07:33+01:00,[60],[0.205]
2025-11-06T05:07:32+01:00,[60],[0.275]
2025-11-06T05:07:31+01:00,[60],[0.08]
2025-11-06T05:07:30+01:00,[60],[0.106]
2025-11-06T05:07:29+01:00,[60],[0.034]
2025-11-06T05:07:28+01:00,[60],[0.172]
2025-11-06T05:07:27+01:00,[60],[0.1]
2025-11-06T05:07:26+01:00,[60],[0.151]
2025-11-06T05:07:25+01:00,[60],[0]
2025-11-06T05:07:24+01:00,[60],[1.574]
2025-11-06T05:07:19+01:00,[60],[-1]
2025-11-06T05:07:17+01:00,[60],[-1]
2025-11-06T03:50:12+01:00,[60],[-1]
2025-11-06T03:49:56+01:00,[60],[-1]
2025-11-06T03:09:04+01:00,[60],[-1]
2025-11-06T03:08:29+01:00,[60],[-1]
2025-11-06T03:01:15+01:00,[60],[-1]
2025-11-06T03:01:11+01:00,[60],[-1]
2025-11-06T02:49:10+01:00,[60],[-1]
2025-09-14T04:43:13+02:00,[60],[0.017]
2025-09-14T04:43:12+02:00,[60],[0.062]
2025-09-14T04:43:11+02:00,[60],[0.028]
2025-09-14T04:43:10+02:00,[60],[0.07]
2025-09-14T04:43:09+02:00,[60],[0.049]
2025-09-14T04:43:08+02:00,[60],[0.486]
2025-09-14T04:43:07+02:00,[60],[0.578]
2025-09-14T04:43:06+02:00,[60],[0.835]
2025-09-14T04:43:05+02:00,[60],[0.85]
2025-09-14T04:43:04+02:00,[60],[0.801]
2025-09-14T04:43:03+02:00,[60],[0.764]
2025-09-14T04:43:02+02:00,[60],[0.699]
2025-09-14T04:43:01+02:00,[60],[0.762]
2025-09-14T04:43:00+02:00,[60],[0.677]
2025-09-14T04:42:59+02:00,[60],[0.679]
2025-09-14T04:42:58+02:00,[60],[0.636]
2025-09-14T04:42:57+02:00,[60],[0.696]
2025-09-14T04:42:56+02:00,[60],[0.737]
2025-09-14T04:42:55+02:00,[60],[0.873]
2025-09-14T04:42:54+02:00,[60],[0.849]
2025-09-14T04:42:53+02:00,[60],[0.873]
2025-09-14T04:42:52+02:00,[60],[0.847]
2025-09-14T04:42:51+02:00,[60],[0.722]
2025-09-14T04:42:50+02:00,[60],[0.831]
2025-09-14T04:42:49+02:00,[60],[0.723]
2025-09-14T04:42:48+02:00,[60],[0.774]
2025-09-14T04:42:47+02:00,[60],[0.742]
2025-09-14T04:42:46+02:00,[60],[0.756]
2025-09-14T04:42:45+02:00,[60],[0.745]
2025-09-14T04:42:44+02:00,[60],[0.908]
2025-09-14T04:42:43+02:00,[60],[0.854]
2025-09-14T04:42:42+02:00,[60],[0.854]
2025-09-14T04:42:41+02:00,[60],[0.828]
2025-09-14T04:42:40+02:00,[60],[0.764]
2025-09-14T04:42:39+02:00,[60],[0.751]
2025-09-14T04:42:38+02:00,[60],[0.813]
2025-09-14T04:42:37+02:00,[60],[0.926]
2025-09-14T04:42:36+02:00,[60],[0.757]
2025-09-14T04:42:35+02:00,[60],[0.603]
2025-09-14T04:42:34+02:00,[60],[0.287]
2025-09-14T04:42:33+02:00,[60],[0.084]
2025-09-14T04:42:32+02:00,[60],[0.143]
2025-09-14T04:42:31+02:00,[60],[0.162]
2025-09-14T04:42:30+02:00,[60],[0.064]
2025-09-14T04:42:29+02:00,[60],[0.093]
2025-09-14T04:42:28+02:00,[60],[0.258]
2025-09-14T04:42:27+02:00,[60],[0.548]
2025-09-14T04:42:26+02:00,[60],[0.72]
2025-09-14T04:42:25+02:00,[60],[0.859]
2025-09-14T04:42:24+02:00,[60],[0.891]
2025-09-14T04:42:23+02:00,[60],[0.977]
2025-09-14T04:42:22+02:00,[60],[0.957]
2025-09-14T04:42:21+02:00,[60],[0.913]
2025-09-14T04:42:20+02:00,[60],[0.89]
2025-09-14T04:42:19+02:00,[60],[0.933]
2025-09-14T04:42:18+02:00,[60],[0.902]
2025-09-14T04:42:17+02:00,[60],[0.954]
2025-09-14T04:42:16+02:00,[60],[1.01]
2025-09-14T04:42:15+02:00,[60],[0.972]
2025-09-14T04:42:14+02:00,[60],[1]
2025-09-14T04:42:13+02:00,[60],[0.911]
2025-09-14T04:42:12+02:00,[60],[0.892]
2025-09-14T04:42:11+02:00,[60],[0.917]
2025-09-14T04:42:10+02:00,[60],[0.804]
2025-09-14T04:42:09+02:00,[60],[0.319]
2025-09-14T04:42:08+02:00,[60],[0.093]
2025-09-14T04:42:07+02:00,[60],[0.123]
2025-09-14T04:42:06+02:00,[60],[0.132]
2025-09-14T04:42:05+02:00,[60],[0.05]
2025-09-14T04:42:04+02:00,[60],[0.125]
2025-09-14T04:42:03+02:00,[60],[0]
2025-09-14T04:42:02+02:00,[60],[0.194]
2025-09-14T04:42:01+02:00,[60],[0.054]
2025-09-14T04:42:00+02:00,[60],[0.452]
2025-09-14T04:41:59+02:00,[60],[0.79]
2025-09-14T04:41:58+02:00,[60],[0.551]
2025-09-14T04:41:57+02:00,[60],[0.212]
2025-09-14T04:41:56+02:00,[60],[0.183]
2025-09-14T04:41:55+02:00,[60],[0.094]
2025-09-14T04:41:54+02:00,[60],[0.226]
2025-09-14T04:41:53+02:00,[60],[0.703]
2025-09-14T04:41:52+02:00,[60],[1.01]
2025-09-14T04:41:51+02:00,[60],[1.053]
2025-09-14T04:41:50+02:00,[60],[1.012]
2025-09-14T04:41:49+02:00,[60],[0.917]
2025-09-14T04:41:48+02:00,[60],[1.016]
2025-09-14T04:41:47+02:00,[60],[1.15]
2025-09-14T04:41:46+02:00,[60],[1.209]
2025-09-14T04:41:45+02:00,[60],[1.132]
2025-09-14T04:41:44+02:00,[60],[1.224]
2025-09-14T04:41:43+02:00,[60],[1.227]
2025-09-14T04:41:42+02:00,[60],[1.217]
2025-09-14T04:41:41+02:00,[60],[1.271]
2025-09-14T04:41:40+02:00,[60],[1.239]
2025-09-14T04:41:39+02:00,[60],[1.196]
2025-09-14T04:41:38+02:00,[60],[1.248]
2025-09-14T04:41:37+02:00,[60],[0.567]
2025-09-14T04:41:36+02:00,[60],[1.221]
2025-09-14T04:41:35+02:00,[60],[1.149]
2025-09-14T04:41:34+02:00,[60],[1.146]
2025-09-14T04:41:33+02:00,[60],[1.18]
2025-09-14T04:41:32+02:00,[60],[1.386]
2025-09-14T04:41:31+02:00,[60],[1.478]
2025-09-14T04:41:30+02:00,[60],[1.125]
2025-09-14T04:41:29+02:00,[60],[1.357]
2025-09-14T04:41:28+02:00,[60],[1.414]
2025-09-14T04:41:27+02:00,[60],[1.385]
2025-09-14T04:41:26+02:00,[60],[1.444]
2025-09-14T04:41:25+02:00,[60],[1.295]
2025-09-14T04:41:24+02:00,[60],[1.196]
2025-09-14T04:41:23+02:00,[60],[1.079]
2025-09-14T04:41:22+02:00,[60],[1.205]
2025-09-14T04:41:21+02:00,[60],[1.315]
2025-09-14T04:41:20+02:00,[60],[1.771]
2025-09-14T04:41:19+02:00,[60],[1.395]
2025-09-14T04:41:18+02:00,[60],[1.429]
2025-09-14T04:41:17+02:00,[60],[1.452]
2025-09-14T04:41:16+02:00,[60],[1.306]
2025-09-14T04:41:15+02:00,[60],[1.289]
2025-09-14T04:41:14+02:00,[60],[1.343]
2025-09-14T04:41:13+02:00,[60],[1.399]
2025-09-14T04:41:12+02:00,[60],[1.291]
2025-09-14T04:41:11+02:00,[60],[1.198]
2025-09-14T04:41:10+02:00,[60],[1.365]
2025-09-14T04:41:09+02:00,[60],[1.194]
2025-09-14T04:41:08+02:00,[60],[1.03]
2025-09-14T04:41:07+02:00,[60],[1.373]
2025-09-14T04:41:06+02:00,[60],[1.602]
2025-09-14T04:41:05+02:00,[60],[1.232]
2025-09-14T04:41:04+02:00,[60],[1.399]
2025-09-14T04:41:03+02:00,[60],[1.483]
2025-09-14T04:41:02+02:00,[60],[1.362]
2025-09-14T04:41:01+02:00,[60],[1.374]
2025-09-14T04:41:00+02:00,[60],[1.458]
2025-09-14T04:40:59+02:00,[60],[1.41]
2025-09-14T04:40:58+02:00,[60],[1.3]
2025-09-14T04:40:57+02:00,[60],[1.344]
2025-09-14T04:40:56+02:00,[60],[1.517]
2025-09-14T04:40:55+02:00,[60],[1.116]
2025-09-14T04:40:54+02:00,[60],[1.331]
2025-09-14T04:40:53+02:00,[60],[1.438]
2025-09-14T04:40:52+02:00,[60],[1.68]
2025-09-14T04:40:51+02:00,[60],[1.419]
2025-09-14T04:40:50+02:00,[60],[1.346]
2025-09-14T04:40:49+02:00,[60],[1.324]
2025-09-14T04:40:48+02:00,[60],[1.427]
2025-09-14T04:40:47+02:00,[60],[1.263]
2025-09-14T04:40:46+02:00,[60],[1.37]
2025-09-14T04:40:45+02:00,[60],[1.305]
2025-09-14T04:40:44+02:00,[60],[1.584]
2025-09-14T04:40:43+02:00,[60],[1.181]
2025-09-14T04:40:42+02:00,[60],[1.037]
2025-09-14T04:40:41+02:00,[60],[1.154]
2025-09-14T04:40:40+02:00,[60],[1.218]
2025-09-14T04:40:39+02:00,[60],[1.314]
2025-09-14T04:40:38+02:00,[60],[1.508]
2025-09-14T04:40:37+02:00,[60],[1.146]
2025-09-14T04:40:36+02:00,[60],[1.245]
2025-09-14T04:40:35+02:00,[60],[1.289]
2025-09-14T04:40:34+02:00,[60],[1.443]
2025-09-14T04:40:33+02:00,[60],[1.449]
2025-09-14T04:40:32+02:00,[60],[1.409]
2025-09-14T04:40:31+02:00,[60],[1.311]
2025-09-14T04:40:30+02:00,[60],[1.316]
2025-09-14T04:40:29+02:00,[60],[1.718]
2025-09-14T04:40:28+02:00,[60],[1.296]
2025-09-14T04:40:27+02:00,[60],[1.452]
2025-09-14T04:40:26+02:00,[60],[1.215]
2025-09-14T04:40:25+02:00,[60],[1.285]
2025-09-14T04:40:24+02:00,[60],[1.367]
2025-09-14T04:40:23+02:00,[60],[1.364]
2025-09-14T04:40:22+02:00,[60],[1.588]
2025-09-14T04:40:21+02:00,[60],[1.018]
2025-09-14T04:40:20+02:00,[60],[1.443]
2025-09-14T04:40:19+02:00,[60],[1.23]
2025-09-14T04:40:18+02:00,[60],[1.274]
2025-09-14T04:40:17+02:00,[60],[1.262]
2025-09-14T04:40:16+02:00,[60],[1.471]
2025-09-14T04:40:15+02:00,[60],[1.222]
2025-09-14T04:40:14+02:00,[60],[1.237]
2025-09-14T04:40:13+02:00,[60],[1.417]
2025-09-14T04:40:12+02:00,[60],[1.247]
2025-09-14T04:40:11+02:00,[60],[1.438]
2025-09-14T04:40:10+02:00,[60],[0.885]
2025-09-14T04:40:09+02:00,[60],[0.663]
2025-09-14T04:40:08+02:00,[60],[0.899]
2025-09-14T04:40:07+02:00,[60],[0.835]
2025-09-14T04:40:06+02:00,[60],[1.365]
2025-09-14T04:40:05+02:00,[60],[1.233]
2025-09-14T04:40:04+02:00,[60],[1.125]
2025-09-14T04:40:03+02:00,[60],[0.919]
2025-09-14T04:40:02+02:00,[60],[1.06]
2025-09-14T04:40:01+02:00,[60],[1.314]
2025-09-14T04:40:00+02:00,[60],[1.142]
2025-09-14T04:39:59+02:00,[60],[1.158]
2025-09-14T04:39:58+02:00,[60],[0.943]
2025-09-14T04:39:57+02:00,[60],[0.834]
2025-09-14T04:39:56+02:00,[60],[0.952]
2025-09-14T04:39:55+02:00,[60],[1.244]
2025-09-14T04:39:54+02:00,[60],[1.158]
2025-09-14T04:39:53+02:00,[60],[1.274]
2025-09-14T04:39:52+02:00,[60],[1.338]
2025-09-14T04:39:51+02:00,[60],[1.151]
2025-09-14T04:39:50+02:00,[60],[1.199]
2025-09-14T04:39:49+02:00,[60],[1.081]
2025-09-14T04:39:48+02:00,[60],[1.207]
2025-09-14T04:39:47+02:00,[60],[1.142]
2025-09-14T04:39:46+02:00,[60],[1.165]
2025-09-14T04:39:45+02:00,[60],[1.182]
2025-09-14T04:39:44+02:00,[60],[1.095]
2025-09-14T04:39:43+02:00,[60],[0.965]
2025-09-14T04:39:42+02:00,[60],[0.882]
2025-09-14T04:39:41+02:00,[60],[0.733]
2025-09-14T04:39:40+02:00,[60],[1.062]
2025-09-14T04:39:39+02:00,[60],[1.238]
2025-09-14T04:39:38+02:00,[60],[1.2]
2025-09-14T04:39:37+02:00,[60],[1.197]
2025-09-14T04:39:36+02:00,[60],[1.32]
2025-09-14T04:39:35+02:00,[60],[1.239]
2025-09-14T04:39:34+02:00,[60],[1.069]
2025-09-14T04:39:33+02:00,[60],[1.086]
2025-09-14T04:39:32+02:00,[60],[0.943]
2025-09-14T04:39:31+02:00,[60],[0.851]
2025-09-14T04:39:30+02:00,[60],[1.162]
2025-09-14T04:39:29+02:00,[60],[1.25]
2025-09-14T04:39:28+02:00,[60],[1.715]
2025-09-14T04:39:27+02:00,[60],[1.281]
2025-09-14T04:39:26+02:00,[60],[0.896]
2025-09-14T04:39:25+02:00,[60],[0.643]
2025-09-14T04:39:24+02:00,[60],[0.885]
2025-09-14T04:39:23+02:00,[60],[1.059]
2025-09-14T04:39:22+02:00,[60],[1.02]
2025-09-14T04:39:21+02:00,[60],[1.093]
2025-09-14T04:39:20+02:00,[60],[1.164]
2025-09-14T04:39:19+02:00,[60],[1.232]
2025-09-14T04:39:18+02:00,[60],[1.293]
2025-09-14T04:39:17+02:00,[60],[1.152]
2025-09-14T04:39:16+02:00,[60],[0.576]
2025-09-14T04:39:15+02:00,[60],[0.868]
2025-09-14T04:39:14+02:00,[60],[0.855]
2025-09-14T04:39:13+02:00,[60],[1.074]
2025-09-14T04:39:12+02:00,[60],[1.039]
2025-09-14T04:39:11+02:00,[60],[1.016]
2025-09-14T04:39:10+02:00,[60],[1.018]
2025-09-14T04:39:09+02:00,[60],[0.886]
2025-09-14T04:39:08+02:00,[60],[0.878]
2025-09-14T04:39:07+02:00,[60],[1.085]
2025-09-14T04:39:06+02:00,[60],[1.038]
2025-09-14T04:39:05+02:00,[60],[1.148]
2025-09-14T04:39:04+02:00,[60],[0.954]
2025-09-14T04:39:03+02:00,[60],[0.974]
2025-09-14T04:39:02+02:00,[60],[0.756]
2025-09-14T04:39:01+02:00,[60],[0.845]
2025-09-14T04:39:00+02:00,[60],[1.012]
2025-09-14T04:38:59+02:00,[60],[1.004]
2025-09-14T04:38:58+02:00,[60],[0.961]
2025-09-14T04:38:57+02:00,[60],[1.083]
2025-09-14T04:38:56+02:00,[60],[0.882]
2025-09-14T04:38:55+02:00,[60],[0.959]
2025-09-14T04:38:54+02:00,[60],[0.997]
2025-09-14T04:38:53+02:00,[60],[1.099]
2025-09-14T04:38:52+02:00,[60],[1.271]
2025-09-14T04:38:51+02:00,[60],[1.171]
2025-09-14T04:38:50+02:00,[60],[1.082]
2025-09-14T04:38:49+02:00,[60],[1.121]
2025-09-14T04:38:48+02:00,[60],[0.956]
2025-09-14T04:38:47+02:00,[60],[1.018]
2025-09-14T04:38:46+02:00,[60],[0.932]
2025-09-14T04:38:45+02:00,[60],[0.799]
2025-09-14T04:38:44+02:00,[60],[0.738]
2025-09-14T04:38:43+02:00,[60],[0.793]
2025-09-14T04:38:42+02:00,[60],[1.052]
2025-09-14T04:38:41+02:00,[60],[0.959]
2025-09-14T04:38:40+02:00,[60],[0.621]
2025-09-14T04:38:39+02:00,[60],[0.551]
2025-09-14T04:38:38+02:00,[60],[1.153]
2025-09-14T04:38:37+02:00,[60],[1.283]
2025-09-14T04:38:36+02:00,[60],[1.115]
2025-09-14T04:38:35+02:00,[60],[0.763]
2025-09-14T04:38:34+02:00,[60],[0.511]
2025-09-14T04:38:33+02:00,[60],[0.85]
2025-09-14T04:38:32+02:00,[60],[1.122]
2025-09-14T04:38:31+02:00,[60],[1.093]
2025-09-14T04:38:30+02:00,[60],[1.215]
2025-09-14T04:38:29+02:00,[60],[1.321]
2025-09-14T04:38:28+02:00,[60],[1.154]
2025-09-14T04:38:27+02:00,[60],[0.979]
2025-09-14T04:38:26+02:00,[60],[1.002]
2025-09-14T04:38:25+02:00,[60],[0.929]
2025-09-14T04:38:24+02:00,[60],[1.269]
2025-09-14T04:38:23+02:00,[60],[1.446]
2025-09-14T04:38:22+02:00,[60],[1.295]
2025-09-14T04:38:21+02:00,[60],[1.259]
2025-09-14T04:38:20+02:00,[60],[1.306]
2025-09-14T04:38:19+02:00,[60],[1.188]
2025-09-14T04:38:18+02:00,[60],[1.104]
2025-09-14T04:38:17+02:00,[60],[1.183]
2025-09-14T04:38:16+02:00,[60],[1.072]
2025-09-14T04:38:15+02:00,[60],[1.258]
2025-09-14T04:38:14+02:00,[60],[1.322]
2025-09-14T04:38:13+02:00,[60],[1.3]
2025-09-14T04:38:12+02:00,[60],[1.29]
2025-09-14T04:38:11+02:00,[60],[1.274]
2025-09-14T04:38:10+02:00,[60],[1.24]
2025-09-14T04:38:09+02:00,[60],[1.006]
2025-09-14T04:38:08+02:00,[60],[0.995]
2025-09-14T04:38:07+02:00,[60],[1.276]
2025-09-14T04:38:06+02:00,[60],[1.385]
2025-09-14T04:38:05+02:00,[60],[1.199]
2025-09-14T04:38:04+02:00,[60],[1.581]
2025-09-14T04:38:03+02:00,[60],[1.064]
2025-09-14T04:38:02+02:00,[60],[0.993]
2025-09-14T04:38:01+02:00,[60],[0.988]
2025-09-14T04:38:00+02:00,[60],[0.957]
2025-09-14T04:37:59+02:00,[60],[0.916]
2025-09-14T04:37:58+02:00,[60],[1.025]
2025-09-14T04:37:57+02:00,[60],[1.336]
2025-09-14T04:37:56+02:00,[60],[1.384]
2025-09-14T04:37:55+02:00,[60],[1.329]
2025-09-14T04:37:54+02:00,[60],[1.116]
2025-09-14T04:37:53+02:00,[60],[0.867]
2025-09-14T04:37:52+02:00,[60],[0.848]
2025-09-14T04:37:51+02:00,[60],[1.02]
2025-09-14T04:37:50+02:00,[60],[1.132]
2025-09-14T04:37:49+02:00,[60],[0.916]
2025-09-14T04:37:48+02:00,[60],[1.316]
2025-09-14T04:37:47+02:00,[60],[0.902]
2025-09-14T04:37:46+02:00,[60],[1.043]
2025-09-14T04:37:45+02:00,[60],[1.081]
2025-09-14T04:37:44+02:00,[60],[0.909]
2025-09-14T04:37:43+02:00,[60],[0.968]
2025-09-14T04:37:42+02:00,[60],[1.086]
2025-09-14T04:37:41+02:00,[60],[1.024]
2025-09-14T04:37:40+02:00,[60],[0.755]
2025-09-14T04:37:39+02:00,[60],[0.678]
2025-09-14T04:37:38+02:00,[60],[1.149]
2025-09-14T04:37:37+02:00,[60],[1.23]
2025-09-14T04:37:36+02:00,[60],[1.416]
2025-09-14T04:37:35+02:00,[60],[1.128]
2025-09-14T04:37:34+02:00,[60],[1.342]
2025-09-14T04:37:33+02:00,[60],[0.914]
2025-09-14T04:37:32+02:00,[60],[0.82]
2025-09-14T04:37:31+02:00,[60],[0.792]
2025-09-14T04:37:30+02:00,[60],[0.446]
2025-09-14T04:37:29+02:00,[60],[0.709]
2025-09-14T04:37:28+02:00,[60],[1.233]
2025-09-14T04:37:27+02:00,[60],[1.02]
2025-09-14T04:37:26+02:00,[60],[1.01]
2025-09-14T04:37:25+02:00,[60],[1.124]
2025-09-14T04:37:24+02:00,[60],[1.07]
2025-09-14T04:37:23+02:00,[60],[0.939]
2025-09-14T04:37:22+02:00,[60],[0.942]
2025-09-14T04:37:21+02:00,[60],[1.211]
2025-09-14T04:37:20+02:00,[60],[1.69]
2025-09-14T04:37:19+02:00,[60],[1.101]
2025-09-14T04:37:18+02:00,[60],[1.236]
2025-09-14T04:37:17+02:00,[60],[1.102]
2025-09-14T04:37:16+02:00,[60],[1.047]
2025-09-14T04:37:15+02:00,[60],[1.049]
2025-09-14T04:37:14+02:00,[60],[1.04]
2025-09-14T04:37:13+02:00,[60],[0.966]
2025-09-14T04:37:12+02:00,[60],[1.148]
2025-09-14T04:37:11+02:00,[60],[1.13]
2025-09-14T04:37:10+02:00,[60],[1.058]
2025-09-14T04:37:09+02:00,[60],[1.139]
2025-09-14T04:37:08+02:00,[60],[1.117]
2025-09-14T04:37:07+02:00,[60],[1.034]
2025-09-14T04:37:06+02:00,[60],[1.279]
2025-09-14T04:37:05+02:00,[60],[1.034]
2025-09-14T04:37:04+02:00,[60],[1.058]
2025-09-14T04:37:03+02:00,[60],[1.103]
2025-09-14T04:37:02+02:00,[60],[1.257]
2025-09-14T04:37:01+02:00,[60],[1.087]
2025-09-14T04:37:00+02:00,[60],[0.601]
2025-09-14T04:36:59+02:00,[60],[0.782]
2025-09-14T04:36:58+02:00,[60],[0.936]
2025-09-14T04:36:57+02:00,[60],[0.758]
2025-09-14T04:36:56+02:00,[60],[1.088]
2025-09-14T04:36:55+02:00,[60],[1.099]
2025-09-14T04:36:54+02:00,[60],[1.179]
2025-09-14T04:36:53+02:00,[60],[1.085]
2025-09-14T04:36:52+02:00,[60],[0.908]
2025-09-14T04:36:51+02:00,[60],[0.888]
2025-09-14T04:36:50+02:00,[60],[0.664]
2025-09-14T04:36:49+02:00,[60],[1.094]
2025-09-14T04:36:48+02:00,[60],[1.177]
2025-09-14T04:36:47+02:00,[60],[1.178]
2025-09-14T04:36:46+02:00,[60],[1.085]
2025-09-14T04:36:45+02:00,[60],[0.915]
2025-09-14T04:36:44+02:00,[60],[1.083]
2025-09-14T04:36:43+02:00,[60],[1.042]
2025-09-14T04:36:42+02:00,[60],[1.008]
2025-09-14T04:36:41+02:00,[60],[1.088]
2025-09-14T04:36:40+02:00,[60],[0.988]
2025-09-14T04:36:39+02:00,[60],[0.881]
2025-09-14T04:36:38+02:00,[60],[1.052]
2025-09-14T04:36:37+02:00,[60],[1.055]
2025-09-14T04:36:36+02:00,[60],[1.004]
2025-09-14T04:36:35+02:00,[60],[0.83]
2025-09-14T04:36:34+02:00,[60],[0.913]
2025-09-14T04:36:33+02:00,[60],[1.069]
2025-09-14T04:36:32+02:00,[60],[1.014]
2025-09-14T04:36:31+02:00,[60],[0.975]
2025-09-14T04:36:30+02:00,[60],[0.968]
2025-09-14T04:36:29+02:00,[60],[1.072]
2025-09-14T04:36:28+02:00,[60],[0.985]
2025-09-14T04:36:27+02:00,[60],[1.034]
2025-09-14T04:36:26+02:00,[60],[1.068]
2025-09-14T04:36:25+02:00,[60],[1.185]
2025-09-14T04:36:24+02:00,[60],[0.609]
2025-09-14T04:36:23+02:00,[60],[1.057]
2025-09-14T04:36:22+02:00,[60],[1.147]
2025-09-14T04:36:21+02:00,[60],[1.054]
2025-09-14T04:36:20+02:00,[60],[0.965]
2025-09-14T04:36:19+02:00,[60],[1.039]
2025-09-14T04:36:18+02:00,[60],[1.214]
2025-09-14T04:36:17+02:00,[60],[1.179]
2025-09-14T04:36:16+02:00,[60],[1.092]
2025-09-14T04:36:15+02:00,[60],[1.099]
2025-09-14T04:36:14+02:00,[60],[0.577]
2025-09-14T04:36:13+02:00,[60],[0.693]
2025-09-14T04:36:12+02:00,[60],[1.396]
2025-09-14T04:36:11+02:00,[60],[0.914]
2025-09-14T04:36:10+02:00,[60],[0.645]
2025-09-14T04:36:08+02:00,[60],[0.678]
2025-09-14T04:36:07+02:00,[60],[0.775]
2025-09-14T04:36:06+02:00,[60],[1.212]
2025-09-14T04:36:05+02:00,[60],[1.563]
2025-09-14T04:36:04+02:00,[60],[0.576]
2025-09-14T04:36:03+02:00,[60],[0.569]
2025-09-14T04:36:02+02:00,[60],[0.846]
2025-09-14T04:36:01+02:00,[60],[1.078]
2025-09-14T04:36:00+02:00,[60],[0.901]
2025-09-14T04:35:59+02:00,[60],[0.874]
2025-09-14T04:35:58+02:00,[60],[1.004]
2025-09-14T04:35:57+02:00,[60],[1.069]
2025-09-14T04:35:56+02:00,[60],[0.838]
2025-09-14T04:35:55+02:00,[60],[0.739]
2025-09-14T04:35:54+02:00,[60],[0.89]
2025-09-14T04:35:53+02:00,[60],[1.06]
2025-09-14T04:35:52+02:00,[60],[1.088]
2025-09-14T04:35:51+02:00,[60],[0.866]
2025-09-14T04:35:50+02:00,[60],[0.819]
2025-09-14T04:35:49+02:00,[60],[0.938]
2025-09-14T04:35:48+02:00,[60],[0.986]
2025-09-14T04:35:47+02:00,[60],[0.997]
2025-09-14T04:35:46+02:00,[60],[0.708]
2025-09-14T04:35:45+02:00,[60],[0.866]
2025-09-14T04:35:44+02:00,[60],[1.02]
2025-09-14T04:35:43+02:00,[60],[0.87]
2025-09-14T04:35:42+02:00,[60],[0.785]
2025-09-14T04:35:41+02:00,[60],[1.031]
2025-09-14T04:35:40+02:00,[60],[0.779]
2025-09-14T04:35:39+02:00,[60],[1.01]
2025-09-14T04:35:38+02:00,[60],[0.962]
2025-09-14T04:35:37+02:00,[60],[1.088]
2025-09-14T04:35:36+02:00,[60],[0.961]
2025-09-14T04:35:35+02:00,[60],[1.084]
2025-09-14T04:35:34+02:00,[60],[1.033]
2025-09-14T04:35:33+02:00,[60],[1.029]
2025-09-14T04:35:32+02:00,[60],[1.09]
2025-09-14T04:35:31+02:00,[60],[1.262]
2025-09-14T04:35:30+02:00,[60],[1.663]
2025-09-14T04:35:29+02:00,[60],[1.263]
2025-09-14T04:35:28+02:00,[60],[1.356]
2025-09-14T04:35:27+02:00,[60],[1.52]
2025-09-14T04:35:26+02:00,[60],[1.26]
2025-09-14T04:35:25+02:00,[60],[1.533]
2025-09-14T04:35:24+02:00,[60],[1.28]
2025-09-14T04:35:23+02:00,[60],[0.959]
2025-09-14T04:35:22+02:00,[60],[1.042]
2025-09-14T04:35:21+02:00,[60],[1.193]
2025-09-14T04:35:20+02:00,[60],[0.811]
2025-09-14T04:35:19+02:00,[60],[1.055]
2025-09-14T04:35:18+02:00,[60],[1.293]
2025-09-14T04:35:17+02:00,[60],[1.306]
2025-09-14T04:35:16+02:00,[60],[1.403]
2025-09-14T04:35:15+02:00,[60],[1.245]
2025-09-14T04:35:14+02:00,[60],[1.56]
2025-09-14T04:35:13+02:00,[60],[1.337]
2025-09-14T04:35:12+02:00,[60],[0.853]
2025-09-14T04:35:11+02:00,[60],[0.596]
2025-09-14T04:35:10+02:00,[60],[0.621]
2025-09-14T04:35:09+02:00,[60],[1.118]
2025-09-14T04:35:08+02:00,[60],[0.99]
2025-09-14T04:35:07+02:00,[60],[0.914]
2025-09-14T04:35:06+02:00,[60],[0.998]
2025-09-14T04:35:05+02:00,[60],[1.027]
2025-09-14T04:35:04+02:00,[60],[0.811]
2025-09-14T04:35:03+02:00,[60],[0.449]
2025-09-14T04:35:02+02:00,[60],[0.096]
2025-09-14T04:35:01+02:00,[60],[0]
2025-09-14T04:35:00+02:00,[60],[0]
2025-09-14T04:34:59+02:00,[60],[0]
2025-09-14T04:34:58+02:00,[60],[0]
2025-09-14T04:34:57+02:00,[60],[0]
2025-09-14T04:34:56+02:00,[60],[0]
2025-09-14T04:34:55+02:00,[60],[0]
2025-09-14T04:34:54+02:00,[60],[0]
2025-09-14T04:34:53+02:00,[60],[0.01]
2025-09-14T04:34:52+02:00,[60],[0.023]
2025-09-14T04:34:51+02:00,[60],[0]
2025-09-14T04:34:50+02:00,[60],[0.017]
2025-09-14T04:34:49+02:00,[60],[0.066]
2025-09-14T04:34:48+02:00,[60],[0.008]
2025-09-14T04:34:47+02:00,[60],[0.262]
2025-09-14T04:34:46+02:00,[60],[0.713]
2025-09-14T04:34:45+02:00,[60],[1.037]
2025-09-14T04:34:44+02:00,[60],[1.224]
2025-09-14T04:34:43+02:00,[60],[1.156]
2025-09-14T04:34:42+02:00,[60],[1.125]
2025-09-14T04:34:41+02:00,[60],[1.133]
2025-09-14T04:34:40+02:00,[60],[1.118]
2025-09-14T04:34:39+02:00,[60],[0.997]
2025-09-14T04:34:38+02:00,[60],[1.148]
2025-09-14T04:34:37+02:00,[60],[0.957]
2025-09-14T04:34:36+02:00,[60],[1.155]
2025-09-14T04:34:35+02:00,[60],[1.195]
2025-09-14T04:34:34+02:00,[60],[1.268]
2025-09-14T04:34:33+02:00,[60],[1.298]
2025-09-14T04:34:32+02:00,[60],[0.81]
2025-09-14T04:34:31+02:00,[60],[1.066]
2025-09-14T04:34:30+02:00,[60],[1.223]
2025-09-14T04:34:29+02:00,[60],[0.991]
2025-09-14T04:34:28+02:00,[60],[1.546]
2025-09-14T04:34:27+02:00,[60],[1.405]
2025-09-14T04:34:26+02:00,[60],[1.026]
2025-09-14T04:34:25+02:00,[60],[1.459]
2025-09-14T04:34:24+02:00,[60],[1.267]
2025-09-14T04:34:23+02:00,[60],[1.006]
2025-09-14T04:34:22+02:00,[60],[0.998]
2025-09-14T04:34:21+02:00,[60],[1.068]
2025-09-14T04:34:20+02:00,[60],[1.483]
2025-09-14T04:34:19+02:00,[60],[1.082]
2025-09-14T04:34:18+02:00,[60],[1.291]
2025-09-14T04:34:17+02:00,[60],[1.702]
2025-09-14T04:34:16+02:00,[60],[1.302]
2025-09-14T04:34:15+02:00,[60],[0.982]
2025-09-14T04:34:14+02:00,[60],[1.53]
2025-09-14T04:34:13+02:00,[60],[1.229]
2025-09-14T04:34:12+02:00,[60],[0.47]
2025-09-14T04:34:11+02:00,[60],[0.219]
2025-09-14T04:34:10+02:00,[60],[1.041]
2025-09-14T04:34:09+02:00,[60],[1.087]
2025-09-14T04:34:08+02:00,[60],[3.004]
2025-09-14T04:34:07+02:00,[60],[1.05]
2025-09-14T04:34:06+02:00,[60],[1.951]
2025-09-14T04:34:05+02:00,[60],[1.314]
2025-09-14T04:34:04+02:00,[60],[1.032]
2025-09-14T04:34:03+02:00,[60],[1.033]
2025-09-14T04:34:02+02:00,[60],[1.382]
2025-09-14T04:34:01+02:00,[60],[1.251]
2025-09-14T04:34:00+02:00,[60],[0.956]
2025-09-14T04:33:59+02:00,[60],[1.429]
2025-09-14T04:33:58+02:00,[60],[1.297]
2025-09-14T04:33:57+02:00,[60],[1.269]
2025-09-14T04:33:55+02:00,[60],[1.081]
2025-09-14T04:33:54+02:00,[60],[1.418]
2025-09-14T04:33:53+02:00,[60],[1.429]
2025-09-14T04:33:52+02:00,[60],[1.287]
2025-09-14T04:33:51+02:00,[60],[1.246]
2025-09-14T04:33:50+02:00,[60],[1.02]
2025-09-14T04:33:49+02:00,[60],[1.56]
2025-09-14T04:33:48+02:00,[60],[1.253]
2025-09-14T04:33:47+02:00,[60],[0.939]
2025-09-14T04:33:46+02:00,[60],[1.116]
2025-09-14T04:33:45+02:00,[60],[1.343]
2025-09-14T04:33:44+02:00,[60],[0.984]
2025-09-14T04:33:43+02:00,[60],[1.188]
2025-09-14T04:33:42+02:00,[60],[1.26]
2025-09-14T04:33:41+02:00,[60],[1.12]
2025-09-14T04:33:40+02:00,[60],[1.256]
2025-09-14T04:33:39+02:00,[60],[1.091]
2025-09-14T04:33:38+02:00,[60],[1.059]
2025-09-14T04:33:37+02:00,[60],[1.049]
2025-09-14T04:33:36+02:00,[60],[1.025]
2025-09-14T04:33:35+02:00,[60],[1.307]
2025-09-14T04:33:34+02:00,[60],[1.033]
2025-09-14T04:33:33+02:00,[60],[1.041]
2025-09-14T04:33:32+02:00,[60],[1.29]
2025-09-14T04:33:31+02:00,[60],[1.572]
2025-09-14T04:33:30+02:00,[60],[1.754]
2025-09-14T04:33:29+02:00,[60],[1.008]
2025-09-14T04:33:28+02:00,[60],[0.639]
2025-09-14T04:33:27+02:00,[60],[1.237]
2025-09-14T04:33:26+02:00,[60],[1.004]
2025-09-14T04:33:25+02:00,[60],[0.984]
2025-09-14T04:33:24+02:00,[60],[0.586]
2025-09-14T04:33:23+02:00,[60],[0.064]
2025-09-14T04:33:22+02:00,[60],[0.033]
2025-09-14T04:33:21+02:00,[60],[0.03]
2025-09-14T04:33:20+02:00,[60],[0.041]
2025-09-14T04:33:19+02:00,[60],[0]
2025-09-14T04:33:18+02:00,[60],[0.055]
2025-09-14T04:33:17+02:00,[60],[0]
2025-09-14T04:33:16+02:00,[60],[0]
2025-09-14T04:33:15+02:00,[60],[0.027]
2025-09-14T04:33:14+02:00,[60],[0.042]
2025-09-14T04:33:13+02:00,[60],[0.043]
2025-09-14T04:33:12+02:00,[60],[0.03]
2025-09-14T04:33:11+02:00,[60],[0.016]
2025-09-14T04:33:10+02:00,[60],[0]
2025-09-14T04:33:09+02:00,[60],[0]
2025-09-14T04:33:08+02:00,[60],[0]
2025-09-14T04:33:07+02:00,[60],[0]
2025-09-14T04:33:06+02:00,[60],[0]
2025-09-14T04:33:05+02:00,[60],[0]
2025-09-14T04:33:04+02:00,[60],[0]
2025-09-14T04:33:03+02:00,[60],[0]
2025-09-14T04:33:02+02:00,[60],[0.083]
2025-09-14T04:33:01+02:00,[60],[0.078]
2025-09-14T04:33:00+02:00,[60],[0.059]
2025-09-14T04:32:59+02:00,[60],[0.042]
2025-09-14T04:32:58+02:00,[60],[0.072]
2025-09-14T04:32:57+02:00,[60],[0.023]
2025-09-14T04:32:56+02:00,[60],[0.04]
2025-09-14T04:32:55+02:00,[60],[0.128]
2025-09-14T04:32:54+02:00,[60],[0.138]
2025-09-14T04:32:53+02:00,[60],[0.023]
2025-09-14T04:32:52+02:00,[60],[0.08]
2025-09-14T04:32:51+02:00,[60],[0]
2025-09-14T04:32:50+02:00,[60],[0.083]
2025-09-14T04:32:49+02:00,[60],[0.061]
2025-09-14T04:32:48+02:00,[60],[0.043]
2025-09-14T04:32:47+02:00,[60],[0.045]
2025-09-14T04:32:46+02:00,[60],[0]
2025-09-14T04:32:45+02:00,[60],[0]
2025-09-14T04:32:44+02:00,[60],[0]
2025-09-14T04:32:43+02:00,[60],[0]
2025-09-14T04:32:42+02:00,[60],[0]
2025-09-14T04:32:41+02:00,[60],[0]
2025-09-14T04:32:40+02:00,[60],[0]
2025-09-14T04:32:39+02:00,[60],[0.044]
2025-09-14T04:32:38+02:00,[60],[0.051]
2025-09-14T04:32:37+02:00,[60],[0.085]
2025-09-14T04:32:36+02:00,[60],[0]
2025-09-14T04:32:35+02:00,[60],[0]
2025-09-14T04:32:34+02:00,[60],[0.036]
2025-09-14T04:32:33+02:00,[60],[0.041]
2025-09-14T04:32:32+02:00,[60],[0.049]
2025-09-14T04:32:31+02:00,[60],[0.055]
2025-09-14T04:32:30+02:00,[60],[0.065]
2025-09-14T04:32:29+02:00,[60],[0.643]
2025-09-14T04:32:28+02:00,[60],[0.988]
2025-09-14T04:32:27+02:00,[60],[1.104]
2025-09-14T04:32:26+02:00,[60],[1.065]
2025-09-14T04:32:25+02:00,[60],[1.122]
2025-09-14T04:32:24+02:00,[60],[1.237]
2025-09-14T04:32:23+02:00,[60],[1.177]
2025-09-14T04:32:22+02:00,[60],[0.989]
2025-09-14T04:32:21+02:00,[60],[0.895]
2025-09-14T04:32:20+02:00,[60],[1.427]
2025-09-14T04:32:19+02:00,[60],[1.171]
2025-09-14T04:32:18+02:00,[60],[1.209]
2025-09-14T04:32:17+02:00,[60],[1.276]
2025-09-14T04:32:16+02:00,[60],[1.077]
2025-09-14T04:32:15+02:00,[60],[0.838]
2025-09-14T04:32:14+02:00,[60],[0.781]
2025-09-14T04:32:13+02:00,[60],[0.902]
2025-09-14T04:32:12+02:00,[60],[1.567]
2025-09-14T04:32:11+02:00,[60],[1.34]
2025-09-14T04:32:10+02:00,[60],[1.189]
2025-09-14T04:32:09+02:00,[60],[1.174]
2025-09-14T04:32:08+02:00,[60],[1.294]
2025-09-14T04:32:07+02:00,[60],[0.984]
2025-09-14T04:32:06+02:00,[60],[0.973]
2025-09-14T04:32:05+02:00,[60],[1.432]
2025-09-14T04:32:04+02:00,[60],[1.022]
2025-09-14T04:32:03+02:00,[60],[1.025]
2025-09-14T04:32:02+02:00,[60],[1.169]
2025-09-14T04:32:01+02:00,[60],[1.218]
2025-09-14T04:32:00+02:00,[60],[1.591]
2025-09-14T04:31:59+02:00,[60],[1.413]
2025-09-14T04:31:58+02:00,[60],[0.939]
2025-09-14T04:31:57+02:00,[60],[0.816]
2025-09-14T04:31:56+02:00,[60],[0.943]
2025-09-14T04:31:55+02:00,[60],[1.088]
2025-09-14T04:31:54+02:00,[60],[1.083]
2025-09-14T04:31:53+02:00,[60],[1.377]
2025-09-14T04:31:52+02:00,[60],[1.209]
2025-09-14T04:31:50+02:00,[60],[1.194]
2025-09-14T04:31:49+02:00,[60],[1.402]
2025-09-14T04:31:48+02:00,[60],[1.199]
2025-09-14T04:31:47+02:00,[60],[0.76]
2025-09-14T04:31:46+02:00,[60],[1.081]
2025-09-14T04:31:45+02:00,[60],[1.076]
2025-09-14T04:31:44+02:00,[60],[1.352]
2025-09-14T04:31:43+02:00,[60],[1.643]
2025-09-14T04:31:42+02:00,[60],[1.36]
2025-09-14T04:31:41+02:00,[60],[0.988]
2025-09-14T04:31:40+02:00,[60],[0.871]
2025-09-14T04:31:39+02:00,[60],[1.031]
2025-09-14T04:31:38+02:00,[60],[1.083]
2025-09-14T04:31:37+02:00,[60],[1.316]
2025-09-14T04:31:36+02:00,[60],[1.33]
2025-09-14T04:31:35+02:00,[60],[1.388]
2025-09-14T04:31:34+02:00,[60],[1.079]
2025-09-14T04:31:33+02:00,[60],[1.53]
2025-09-14T04:31:32+02:00,[60],[1.421]
2025-09-14T04:31:31+02:00,[60],[1.053]
2025-09-14T04:31:30+02:00,[60],[1.427]
2025-09-14T04:31:29+02:00,[60],[1.008]
2025-09-14T04:31:28+02:00,[60],[0.079]
2025-09-14T04:31:27+02:00,[60],[0.302]
2025-09-14T04:31:26+02:00,[60],[0.852]
2025-09-14T04:31:25+02:00,[60],[1.094]
2025-09-14T04:31:24+02:00,[60],[1.24]
2025-09-14T04:31:23+02:00,[60],[1.089]
2025-09-14T04:31:22+02:00,[60],[1.142]
2025-09-14T04:31:21+02:00,[60],[0.995]
2025-09-14T04:31:20+02:00,[60],[1.065]
2025-09-14T04:31:19+02:00,[60],[0.96]
2025-09-14T04:31:18+02:00,[60],[1.319]
2025-09-14T04:31:17+02:00,[60],[1.242]
2025-09-14T04:31:16+02:00,[60],[1.405]
2025-09-14T04:31:15+02:00,[60],[1.3]
2025-09-14T04:31:14+02:00,[60],[1.193]
2025-09-14T04:31:13+02:00,[60],[1.238]
2025-09-14T04:31:12+02:00,[60],[1.038]
2025-09-14T04:31:11+02:00,[60],[0.828]
2025-09-14T04:31:10+02:00,[60],[0.795]
2025-09-14T04:31:09+02:00,[60],[1.363]
2025-09-14T04:31:08+02:00,[60],[0.952]
2025-09-14T04:31:07+02:00,[60],[0.937]
2025-09-14T04:31:06+02:00,[60],[0.897]
2025-09-14T04:31:05+02:00,[60],[1.423]
2025-09-14T04:31:04+02:00,[60],[1.178]
2025-09-14T04:31:03+02:00,[60],[0.902]
2025-09-14T04:31:02+02:00,[60],[1.306]
2025-09-14T04:31:01+02:00,[60],[0.997]
2025-09-14T04:31:00+02:00,[60],[1.095]
2025-09-14T04:30:59+02:00,[60],[1.12]
2025-09-14T04:30:58+02:00,[60],[1.089]
2025-09-14T04:30:57+02:00,[60],[0.812]
2025-09-14T04:30:56+02:00,[60],[1.459]
2025-09-14T04:30:55+02:00,[60],[1.012]
2025-09-14T04:30:54+02:00,[60],[0.717]
2025-09-14T04:30:53+02:00,[60],[0.999]
2025-09-14T04:30:52+02:00,[60],[1.101]
2025-09-14T04:30:51+02:00,[60],[1.116]
2025-09-14T04:30:50+02:00,[60],[1.072]
2025-09-14T04:30:49+02:00,[60],[0.832]
2025-09-14T04:30:48+02:00,[60],[1.01]
2025-09-14T04:30:47+02:00,[60],[1.036]
2025-09-14T04:30:46+02:00,[60],[1.071]
2025-09-14T04:30:45+02:00,[60],[1.022]
2025-09-14T04:30:44+02:00,[60],[0.863]
2025-09-14T04:30:43+02:00,[60],[0.814]
2025-09-14T04:30:42+02:00,[60],[0.964]
2025-09-14T04:30:41+02:00,[60],[1.196]
2025-09-14T04:30:40+02:00,[60],[1.232]
2025-09-14T04:30:39+02:00,[60],[1.092]
2025-09-14T04:30:38+02:00,[60],[1.016]
2025-09-14T04:30:37+02:00,[60],[0.821]
2025-09-14T04:30:36+02:00,[60],[0.678]
2025-09-14T04:30:35+02:00,[60],[0.599]
2025-09-14T04:30:34+02:00,[60],[1.062]
2025-09-14T04:30:33+02:00,[60],[1.232]
2025-09-14T04:30:32+02:00,[60],[1.261]
2025-09-14T04:30:31+02:00,[60],[1.018]
2025-09-14T04:30:30+02:00,[60],[1.033]
2025-09-14T04:30:29+02:00,[60],[1.006]
2025-09-14T04:30:28+02:00,[60],[1.025]
2025-09-14T04:30:27+02:00,[60],[0.847]
2025-09-14T04:30:26+02:00,[60],[0.854]
2025-09-14T04:30:25+02:00,[60],[1.159]
2025-09-14T04:30:24+02:00,[60],[1.268]
2025-09-14T04:30:23+02:00,[60],[1.371]
2025-09-14T04:30:22+02:00,[60],[1.093]
2025-09-14T04:30:21+02:00,[60],[0.642]
2025-09-14T04:30:20+02:00,[60],[0.847]
2025-09-14T04:30:19+02:00,[60],[1.512]
2025-09-14T04:30:18+02:00,[60],[1.235]
2025-09-14T04:30:17+02:00,[60],[1.018]
2025-09-14T04:30:16+02:00,[60],[0.881]
2025-09-14T04:30:15+02:00,[60],[0.917]
2025-09-14T04:30:14+02:00,[60],[1.508]
2025-09-14T04:30:13+02:00,[60],[1.303]
2025-09-14T04:30:12+02:00,[60],[1.022]
2025-09-14T04:30:11+02:00,[60],[0.796]
2025-09-14T04:30:10+02:00,[60],[0.909]
2025-09-14T04:30:09+02:00,[60],[1.075]
2025-09-14T04:30:08+02:00,[60],[1.128]
2025-09-14T04:30:07+02:00,[60],[0.942]
2025-09-14T04:30:06+02:00,[60],[0.966]
2025-09-14T04:30:05+02:00,[60],[0.975]
2025-09-14T04:30:04+02:00,[60],[0.937]
2025-09-14T04:30:03+02:00,[60],[1.172]
2025-09-14T04:30:02+02:00,[60],[1.094]
2025-09-14T04:30:01+02:00,[60],[0.712]
2025-09-14T04:30:00+02:00,[60],[1.095]
2025-09-14T04:29:59+02:00,[60],[1.062]
2025-09-14T04:29:58+02:00,[60],[0.951]
2025-09-14T04:29:57+02:00,[60],[0.829]
2025-09-14T04:29:56+02:00,[60],[0.877]
2025-09-14T04:29:55+02:00,[60],[0.941]
2025-09-14T04:29:54+02:00,[60],[1.305]
2025-09-14T04:29:53+02:00,[60],[1.216]
2025-09-14T04:29:52+02:00,[60],[0.802]
2025-09-14T04:29:51+02:00,[60],[0.898]
2025-09-14T04:29:50+02:00,[60],[1.281]
2025-09-14T04:29:49+02:00,[60],[0.936]
2025-09-14T04:29:48+02:00,[60],[0.79]
2025-09-14T04:29:47+02:00,[60],[0.847]
2025-09-14T04:29:45+02:00,[60],[1.232]
2025-09-14T04:29:44+02:00,[60],[1.327]
2025-09-14T04:29:43+02:00,[60],[1.215]
2025-09-14T04:29:42+02:00,[60],[1.085]
2025-09-14T04:29:41+02:00,[60],[0.878]
2025-09-14T04:29:40+02:00,[60],[1.224]
2025-09-14T04:29:39+02:00,[60],[1.368]
2025-09-14T04:29:38+02:00,[60],[1.138]
2025-09-14T04:29:37+02:00,[60],[0.916]
2025-09-14T04:29:36+02:00,[60],[0.789]
2025-09-14T04:29:35+02:00,[60],[0.861]
2025-09-14T04:29:34+02:00,[60],[1.158]
2025-09-14T04:29:33+02:00,[60],[1.347]
2025-09-14T04:29:32+02:00,[60],[1.131]
2025-09-14T04:29:31+02:00,[60],[0.967]
2025-09-14T04:29:30+02:00,[60],[0.941]
2025-09-14T04:29:29+02:00,[60],[0.992]
2025-09-14T04:29:28+02:00,[60],[1.101]
2025-09-14T04:29:27+02:00,[60],[1.36]
2025-09-14T04:29:26+02:00,[60],[1.002]
2025-09-14T04:29:25+02:00,[60],[1]
2025-09-14T04:29:24+02:00,[60],[1.097]
2025-09-14T04:29:23+02:00,[60],[1.171]
2025-09-14T04:29:22+02:00,[60],[1.076]
2025-09-14T04:29:21+02:00,[60],[1.183]
2025-09-14T04:29:20+02:00,[60],[1.245]
2025-09-14T04:29:19+02:00,[60],[1.09]
2025-09-14T04:29:18+02:00,[60],[1.098]
2025-09-14T04:29:17+02:00,[60],[1.129]
2025-09-14T04:29:16+02:00,[60],[1.18]
2025-09-14T04:29:15+02:00,[60],[0.916]
2025-09-14T04:29:14+02:00,[60],[1.445]
2025-09-14T04:29:13+02:00,[60],[1.328]
2025-09-14T04:29:12+02:00,[60],[1.148]
2025-09-14T04:29:11+02:00,[60],[1.002]
2025-09-14T04:29:10+02:00,[60],[0.906]
2025-09-14T04:29:09+02:00,[60],[0.924]
2025-09-14T04:29:08+02:00,[60],[0.903]
2025-09-14T04:29:07+02:00,[60],[1.26]
2025-09-14T04:29:06+02:00,[60],[1.091]
2025-09-14T04:29:05+02:00,[60],[1]
2025-09-14T04:29:04+02:00,[60],[1.01]
2025-09-14T04:29:03+02:00,[60],[1.12]
2025-09-14T04:29:02+02:00,[60],[1.01]
2025-09-14T04:29:01+02:00,[60],[1.033]
2025-09-14T04:29:00+02:00,[60],[0.967]
2025-09-14T04:28:59+02:00,[60],[1.357]
2025-09-14T04:28:58+02:00,[60],[1.263]
2025-09-14T04:28:57+02:00,[60],[1.139]
2025-09-14T04:28:56+02:00,[60],[1.073]
2025-09-14T04:28:55+02:00,[60],[0.922]
2025-09-14T04:28:54+02:00,[60],[0.888]
2025-09-14T04:28:53+02:00,[60],[1.089]
2025-09-14T04:28:52+02:00,[60],[1.206]
2025-09-14T04:28:51+02:00,[60],[1.126]
2025-09-14T04:28:50+02:00,[60],[1.087]
2025-09-14T04:28:49+02:00,[60],[1.1]
2025-09-14T04:28:48+02:00,[60],[1.334]
2025-09-14T04:28:47+02:00,[60],[1.219]
2025-09-14T04:28:46+02:00,[60],[0.843]
2025-09-14T04:28:45+02:00,[60],[0.983]
2025-09-14T04:28:44+02:00,[60],[1.038]
2025-09-14T04:28:43+02:00,[60],[0.947]
2025-09-14T04:28:42+02:00,[60],[0.883]
2025-09-14T04:28:41+02:00,[60],[0.952]
2025-09-14T04:28:40+02:00,[60],[1.171]
2025-09-14T04:28:39+02:00,[60],[1.328]
2025-09-14T04:28:38+02:00,[60],[1.122]
2025-09-14T04:28:37+02:00,[60],[1.076]
2025-09-14T04:28:36+02:00,[60],[0.92]
2025-09-14T04:28:35+02:00,[60],[0.897]
2025-09-14T04:28:34+02:00,[60],[0.733]
2025-09-14T04:28:33+02:00,[60],[0.824]
2025-09-14T04:28:32+02:00,[60],[0.919]
2025-09-14T04:28:31+02:00,[60],[0.842]
2025-09-14T04:28:30+02:00,[60],[1.205]
2025-09-14T04:28:29+02:00,[60],[1.198]
2025-09-14T04:28:28+02:00,[60],[1.072]
2025-09-14T04:28:27+02:00,[60],[1.105]
2025-09-14T04:28:26+02:00,[60],[1.149]
2025-09-14T04:28:25+02:00,[60],[1.143]
2025-09-14T04:28:24+02:00,[60],[1.085]
2025-09-14T04:28:23+02:00,[60],[1.171]
2025-09-14T04:28:22+02:00,[60],[1.037]
2025-09-14T04:28:21+02:00,[60],[1.399]
2025-09-14T04:28:20+02:00,[60],[1.036]
2025-09-14T04:28:19+02:00,[60],[1.041]
2025-09-14T04:28:18+02:00,[60],[1.014]
2025-09-14T04:28:17+02:00,[60],[1.214]
2025-09-14T04:28:16+02:00,[60],[1.137]
2025-09-14T04:28:15+02:00,[60],[1.257]
2025-09-14T04:28:14+02:00,[60],[1.354]
2025-09-14T04:28:13+02:00,[60],[1.13]
2025-09-14T04:28:12+02:00,[60],[0.992]
2025-09-14T04:28:11+02:00,[60],[1.08]
2025-09-14T04:28:10+02:00,[60],[0.971]
2025-09-14T04:28:09+02:00,[60],[0.987]
2025-09-14T04:28:08+02:00,[60],[0.746]
2025-09-14T04:28:07+02:00,[60],[0.796]
2025-09-14T04:28:06+02:00,[60],[1.025]
2025-09-14T04:28:05+02:00,[60],[1.379]
2025-09-14T04:28:04+02:00,[60],[1.394]
2025-09-14T04:28:03+02:00,[60],[1.249]
2025-09-14T04:28:02+02:00,[60],[1.199]
2025-09-14T04:28:01+02:00,[60],[1.138]
2025-09-14T04:28:00+02:00,[60],[1.014]
2025-09-14T04:27:59+02:00,[60],[0.845]
2025-09-14T04:27:58+02:00,[60],[0.84]
2025-09-14T04:27:57+02:00,[60],[0.939]
2025-09-14T04:27:56+02:00,[60],[1.06]
2025-09-14T04:27:55+02:00,[60],[0.999]
2025-09-14T04:27:54+02:00,[60],[0.995]
2025-09-14T04:27:53+02:00,[60],[1.181]
2025-09-14T04:27:52+02:00,[60],[1.361]
2025-09-14T04:27:51+02:00,[60],[1.253]
2025-09-14T04:27:50+02:00,[60],[1.201]
2025-09-14T04:27:49+02:00,[60],[1.259]
2025-09-14T04:27:48+02:00,[60],[1.279]
2025-09-14T04:27:47+02:00,[60],[1.172]
2025-09-14T04:27:46+02:00,[60],[1.062]
2025-09-14T04:27:45+02:00,[60],[1.092]
2025-09-14T04:27:44+02:00,[60],[1.167]
2025-09-14T04:27:43+02:00,[60],[1.178]
2025-09-14T04:27:42+02:00,[60],[1.25]
2025-09-14T04:27:41+02:00,[60],[1.14]
2025-09-14T04:27:39+02:00,[60],[1.01]
2025-09-14T04:27:38+02:00,[60],[0.89]
2025-09-14T04:27:37+02:00,[60],[1.027]
2025-09-14T04:27:36+02:00,[60],[1.052]
2025-09-14T04:27:35+02:00,[60],[1.241]
2025-09-14T04:27:34+02:00,[60],[1.246]
2025-09-14T04:27:33+02:00,[60],[1.211]
2025-09-14T04:27:32+02:00,[60],[1.316]
2025-09-14T04:27:31+02:00,[60],[1.071]
2025-09-14T04:27:30+02:00,[60],[1.114]
2025-09-14T04:27:29+02:00,[60],[1.125]
2025-09-14T04:27:28+02:00,[60],[1.264]
2025-09-14T04:27:27+02:00,[60],[1.135]
2025-09-14T04:27:26+02:00,[60],[1.057]
2025-09-14T04:27:25+02:00,[60],[1.121]
2025-09-14T04:27:24+02:00,[60],[1.126]
2025-09-14T04:27:23+02:00,[60],[0.884]
2025-09-14T04:27:22+02:00,[60],[0.694]
2025-09-14T04:27:21+02:00,[60],[1.045]
2025-09-14T04:27:20+02:00,[60],[1.278]
2025-09-14T04:27:19+02:00,[60],[1.463]
2025-09-14T04:27:18+02:00,[60],[1.346]
2025-09-14T04:27:17+02:00,[60],[1.244]
2025-09-14T04:27:16+02:00,[60],[1.03]
2025-09-14T04:27:15+02:00,[60],[0.923]
2025-09-14T04:27:14+02:00,[60],[1.055]
2025-09-14T04:27:13+02:00,[60],[1.116]
2025-09-14T04:27:12+02:00,[60],[1.054]
2025-09-14T04:27:11+02:00,[60],[1.452]
2025-09-14T04:27:10+02:00,[60],[1.08]
2025-09-14T04:27:09+02:00,[60],[1.129]
2025-09-14T04:27:08+02:00,[60],[1.085]
2025-09-14T04:27:07+02:00,[60],[1.233]
2025-09-14T04:27:06+02:00,[60],[1.168]
2025-09-14T04:27:05+02:00,[60],[0.91]
2025-09-14T04:27:04+02:00,[60],[1.041]
2025-09-14T04:27:03+02:00,[60],[1.255]
2025-09-14T04:27:02+02:00,[60],[1.159]
2025-09-14T04:27:01+02:00,[60],[0.971]
2025-09-14T04:27:00+02:00,[60],[0.964]
2025-09-14T04:26:59+02:00,[60],[1.325]
2025-09-14T04:26:58+02:00,[60],[1.403]
2025-09-14T04:26:57+02:00,[60],[1.26]
2025-09-14T04:26:56+02:00,[60],[1.04]
2025-09-14T04:26:55+02:00,[60],[0.97]
2025-09-14T04:26:54+02:00,[60],[1.05]
2025-09-14T04:26:53+02:00,[60],[1.269]
2025-09-14T04:26:52+02:00,[60],[1.326]
2025-09-14T04:26:51+02:00,[60],[1.099]
2025-09-14T04:26:50+02:00,[60],[0.912]
2025-09-14T04:26:49+02:00,[60],[0.928]
2025-09-14T04:26:48+02:00,[60],[1.08]
2025-09-14T04:26:47+02:00,[60],[1.279]
2025-09-14T04:26:46+02:00,[60],[1.389]
2025-09-14T04:26:45+02:00,[60],[1.44]
2025-09-14T04:26:44+02:00,[60],[1.236]
2025-09-14T04:26:43+02:00,[60],[0.9]
2025-09-14T04:26:42+02:00,[60],[1.173]
2025-09-14T04:26:41+02:00,[60],[1.213]
2025-09-14T04:26:40+02:00,[60],[1.314]
2025-09-14T04:26:39+02:00,[60],[1.028]
2025-09-14T04:26:38+02:00,[60],[1.027]
2025-09-14T04:26:37+02:00,[60],[1.43]
2025-09-14T04:26:36+02:00,[60],[1.164]
2025-09-14T04:26:35+02:00,[60],[1.101]
2025-09-14T04:26:34+02:00,[60],[0.93]
2025-09-14T04:26:33+02:00,[60],[1.435]
2025-09-14T04:26:32+02:00,[60],[0.88]
2025-09-14T04:26:31+02:00,[60],[1.146]
2025-09-14T04:26:30+02:00,[60],[1.099]
2025-09-14T04:26:29+02:00,[60],[1.165]
2025-09-14T04:26:28+02:00,[60],[1.163]
2025-09-14T04:26:27+02:00,[60],[1.361]
2025-09-14T04:26:26+02:00,[60],[1.448]
2025-09-14T04:26:25+02:00,[60],[1.307]
2025-09-14T04:26:24+02:00,[60],[1.084]
2025-09-14T04:26:23+02:00,[60],[0.957]
2025-09-14T04:26:22+02:00,[60],[1.028]
2025-09-14T04:26:21+02:00,[60],[0.726]
2025-09-14T04:26:20+02:00,[60],[0.897]
2025-09-14T04:26:19+02:00,[60],[0.913]
2025-09-14T04:26:18+02:00,[60],[0.865]
2025-09-14T04:26:17+02:00,[60],[2.011]
2025-09-14T04:26:16+02:00,[60],[1.273]
2025-09-14T04:26:14+02:00,[60],[1.006]
2025-09-14T04:26:13+02:00,[60],[1.073]
2025-09-14T04:26:12+02:00,[60],[1.27]
2025-09-14T04:26:11+02:00,[60],[0.986]
2025-09-14T04:26:10+02:00,[60],[0.996]
2025-09-14T04:26:09+02:00,[60],[1.303]
2025-09-14T04:26:08+02:00,[60],[1.145]
2025-09-14T04:26:07+02:00,[60],[0.972]
2025-09-14T04:26:06+02:00,[60],[0.93]
2025-09-14T04:26:05+02:00,[60],[0.715]
2025-09-14T04:26:04+02:00,[60],[0.985]
2025-09-14T04:26:03+02:00,[60],[1.136]
2025-09-14T04:26:02+02:00,[60],[1.01]
2025-09-14T04:26:01+02:00,[60],[0.881]
2025-09-14T04:26:00+02:00,[60],[1.002]
2025-09-14T04:25:59+02:00,[60],[1.039]
2025-09-14T04:25:58+02:00,[60],[0.902]
2025-09-14T04:25:57+02:00,[60],[0.857]
2025-09-14T04:25:56+02:00,[60],[0.618]
2025-09-14T04:25:55+02:00,[60],[0.881]
2025-09-14T04:25:54+02:00,[60],[1.368]
2025-09-14T04:25:53+02:00,[60],[0.873]
2025-09-14T04:25:52+02:00,[60],[0.744]
2025-09-14T04:25:51+02:00,[60],[0.915]
2025-09-14T04:25:50+02:00,[60],[0.854]
2025-09-14T04:25:49+02:00,[60],[0.702]
2025-09-14T04:25:48+02:00,[60],[0.646]
2025-09-14T04:25:47+02:00,[60],[1.146]
2025-09-14T04:25:46+02:00,[60],[1.281]
2025-09-14T04:25:45+02:00,[60],[0.731]
2025-09-14T04:25:44+02:00,[60],[0.65]
2025-09-14T04:25:43+02:00,[60],[0.745]
2025-09-14T04:25:42+02:00,[60],[1.012]
2025-09-14T04:25:41+02:00,[60],[1.238]
2025-09-14T04:25:40+02:00,[60],[1.112]
2025-09-14T04:25:39+02:00,[60],[0.862]
2025-09-14T04:25:38+02:00,[60],[0.775]
2025-09-14T04:25:37+02:00,[60],[0.844]
2025-09-14T04:25:36+02:00,[60],[1.211]
2025-09-14T04:25:35+02:00,[60],[1.202]
2025-09-14T04:25:34+02:00,[60],[1.14]
2025-09-14T04:25:33+02:00,[60],[0.729]
2025-09-14T04:25:32+02:00,[60],[0.752]
2025-09-14T04:25:31+02:00,[60],[0.964]
2025-09-14T04:25:30+02:00,[60],[1.126]
2025-09-14T04:25:29+02:00,[60],[1.223]
2025-09-14T04:25:28+02:00,[60],[1.031]
2025-09-14T04:25:27+02:00,[60],[1.095]
2025-09-14T04:25:26+02:00,[60],[1.242]
2025-09-14T04:25:25+02:00,[60],[0.944]
2025-09-14T04:25:24+02:00,[60],[1.091]
2025-09-14T04:25:23+02:00,[60],[1.045]
2025-09-14T04:25:22+02:00,[60],[1.264]
2025-09-14T04:25:21+02:00,[60],[1.201]
2025-09-14T04:25:20+02:00,[60],[1.226]
2025-09-14T04:25:19+02:00,[60],[1.05]
2025-09-14T04:25:18+02:00,[60],[1.029]
2025-09-14T04:25:17+02:00,[60],[0.909]
2025-09-14T04:25:16+02:00,[60],[0.901]
2025-09-14T04:25:15+02:00,[60],[0.964]
2025-09-14T04:25:14+02:00,[60],[1.37]
2025-09-14T04:25:13+02:00,[60],[1.004]
2025-09-14T04:25:12+02:00,[60],[1.447]
2025-09-14T04:25:11+02:00,[60],[1.053]
2025-09-14T04:25:10+02:00,[60],[1.077]
2025-09-14T04:25:09+02:00,[60],[0.959]
2025-09-14T04:25:08+02:00,[60],[1.123]
2025-09-14T04:25:07+02:00,[60],[1.145]
2025-09-14T04:25:06+02:00,[60],[1.162]
2025-09-14T04:25:05+02:00,[60],[1.122]
2025-09-14T04:25:04+02:00,[60],[1.085]
2025-09-14T04:25:03+02:00,[60],[0.809]
2025-09-14T04:25:02+02:00,[60],[0.872]
2025-09-14T04:25:01+02:00,[60],[1.008]
2025-09-14T04:25:00+02:00,[60],[1.358]
2025-09-14T04:24:59+02:00,[60],[1.219]
2025-09-14T04:24:58+02:00,[60],[1.092]
2025-09-14T04:24:57+02:00,[60],[1.2]
2025-09-14T04:24:56+02:00,[60],[1.063]
2025-09-14T04:24:55+02:00,[60],[1.029]
2025-09-14T04:24:54+02:00,[60],[1.063]
2025-09-14T04:24:53+02:00,[60],[1.156]
2025-09-14T04:24:52+02:00,[60],[1.061]
2025-09-14T04:24:51+02:00,[60],[1.068]
2025-09-14T04:24:50+02:00,[60],[0.797]
2025-09-14T04:24:49+02:00,[60],[0.671]
2025-09-14T04:24:48+02:00,[60],[0.77]
2025-09-14T04:24:47+02:00,[60],[1.008]
2025-09-14T04:24:46+02:00,[60],[0.884]
2025-09-14T04:24:45+02:00,[60],[0.987]
2025-09-14T04:24:44+02:00,[60],[0.584]
2025-09-14T04:24:43+02:00,[60],[1.059]
2025-09-14T04:24:42+02:00,[60],[1.132]
2025-09-14T04:24:41+02:00,[60],[1.26]
2025-09-14T04:24:40+02:00,[60],[0.842]
2025-09-14T04:24:39+02:00,[60],[0.575]
2025-09-14T04:24:38+02:00,[60],[0.532]
2025-09-14T04:24:37+02:00,[60],[0.928]
2025-09-14T04:24:36+02:00,[60],[0.986]
2025-09-14T04:24:35+02:00,[60],[1.01]
2025-09-14T04:24:34+02:00,[60],[0.967]
2025-09-14T04:24:33+02:00,[60],[0.575]
2025-09-14T04:24:32+02:00,[60],[0.816]
2025-09-14T04:24:31+02:00,[60],[1.008]
2025-09-14T04:24:30+02:00,[60],[0.929]
2025-09-14T04:24:29+02:00,[60],[0.798]
2025-09-14T04:24:28+02:00,[60],[0.757]
2025-09-14T04:24:27+02:00,[60],[0.683]
2025-09-14T04:24:26+02:00,[60],[0.744]
2025-09-14T04:24:25+02:00,[60],[0.796]
2025-09-14T04:24:24+02:00,[60],[0.936]
2025-09-14T04:24:23+02:00,[60],[1.031]
2025-09-14T04:24:22+02:00,[60],[0.612]
2025-09-14T04:24:21+02:00,[60],[0.705]
2025-09-14T04:24:20+02:00,[60],[0.823]
2025-09-14T04:24:19+02:00,[60],[1.061]
2025-09-14T04:24:18+02:00,[60],[1.159]
2025-09-14T04:24:17+02:00,[60],[1.209]
2025-09-14T04:24:16+02:00,[60],[1.384]
2025-09-14T04:24:15+02:00,[60],[1.268]
2025-09-14T04:24:14+02:00,[60],[0.983]
2025-09-14T04:24:13+02:00,[60],[0.816]
2025-09-14T04:24:12+02:00,[60],[0.823]
2025-09-14T04:24:11+02:00,[60],[0.962]
2025-09-14T04:24:10+02:00,[60],[1.366]
2025-09-14T04:24:09+02:00,[60],[1.273]
2025-09-14T04:24:08+02:00,[60],[1.207]
2025-09-14T04:24:07+02:00,[60],[0.869]
2025-09-14T04:24:06+02:00,[60],[0.769]
2025-09-14T04:24:05+02:00,[60],[0.899]
2025-09-14T04:24:04+02:00,[60],[0.914]
2025-09-14T04:24:03+02:00,[60],[0.997]
2025-09-14T04:24:02+02:00,[60],[1.199]
2025-09-14T04:24:01+02:00,[60],[1.288]
2025-09-14T04:24:00+02:00,[60],[1.201]
2025-09-14T04:23:59+02:00,[60],[1.2]
2025-09-14T04:23:58+02:00,[60],[1.353]
2025-09-14T04:23:57+02:00,[60],[1.221]
2025-09-14T04:23:56+02:00,[60],[1.116]
2025-09-14T04:23:55+02:00,[60],[1.155]
2025-09-14T04:23:54+02:00,[60],[0.931]
2025-09-14T04:23:53+02:00,[60],[1.499]
2025-09-14T04:23:52+02:00,[60],[1.332]
2025-09-14T04:23:51+02:00,[60],[0.95]
2025-09-14T04:23:50+02:00,[60],[0.76]
2025-09-14T04:23:49+02:00,[60],[0.908]
2025-09-14T04:23:48+02:00,[60],[1.212]
2025-09-14T04:23:47+02:00,[60],[1.198]
2025-09-14T04:23:46+02:00,[60],[1.187]
2025-09-14T04:23:45+02:00,[60],[1.046]
2025-09-14T04:23:44+02:00,[60],[0.996]
2025-09-14T04:23:43+02:00,[60],[1.268]
2025-09-14T04:23:42+02:00,[60],[1.37]
2025-09-14T04:23:41+02:00,[60],[1.219]
2025-09-14T04:23:40+02:00,[60],[1.223]
2025-09-14T04:23:39+02:00,[60],[0.978]
2025-09-14T04:23:38+02:00,[60],[1.118]
2025-09-14T04:23:37+02:00,[60],[1.271]
2025-09-14T04:23:36+02:00,[60],[1.28]
2025-09-14T04:23:35+02:00,[60],[1.201]
2025-09-14T04:23:34+02:00,[60],[1.316]
2025-09-14T04:23:33+02:00,[60],[1.122]
2025-09-14T04:23:32+02:00,[60],[0.932]
2025-09-14T04:23:31+02:00,[60],[1.472]
2025-09-14T04:23:30+02:00,[60],[1.222]
2025-09-14T04:23:29+02:00,[60],[1.281]
2025-09-14T04:23:28+02:00,[60],[1.043]
2025-09-14T04:23:27+02:00,[60],[0.904]
2025-09-14T04:23:26+02:00,[60],[1.584]
2025-09-14T04:23:25+02:00,[60],[1.538]
2025-09-14T04:23:24+02:00,[60],[1.555]
2025-09-14T04:23:23+02:00,[60],[1.564]
2025-09-14T04:23:22+02:00,[60],[1.492]
2025-09-14T04:23:21+02:00,[60],[1.505]
2025-09-14T04:23:20+02:00,[60],[1.572]
2025-09-14T04:23:19+02:00,[60],[1.572]
2025-09-14T04:23:18+02:00,[60],[1.623]
2025-09-14T04:23:17+02:00,[60],[1.556]
2025-09-14T04:23:16+02:00,[60],[1.583]
2025-09-14T04:23:15+02:00,[60],[1.586]
2025-09-14T04:23:14+02:00,[60],[1.539]
2025-09-14T04:23:13+02:00,[60],[1.286]
2025-09-14T04:23:12+02:00,[60],[1.236]
2025-09-14T04:23:11+02:00,[60],[1.287]
2025-09-14T04:23:10+02:00,[60],[1.172]
2025-09-14T04:23:09+02:00,[60],[1.176]
2025-09-14T04:23:08+02:00,[60],[1.045]
2025-09-14T04:23:07+02:00,[60],[0.849]
2025-09-14T04:23:06+02:00,[60],[0.926]
2025-09-14T04:23:05+02:00,[60],[1.158]
2025-09-14T04:23:04+02:00,[60],[0.841]
2025-09-14T04:23:03+02:00,[60],[0.813]
2025-09-14T04:23:02+02:00,[60],[1.278]
2025-09-14T04:23:01+02:00,[60],[1.483]
2025-09-14T04:23:00+02:00,[60],[1.574]
2025-09-14T04:22:59+02:00,[60],[1.584]
2025-09-14T04:22:58+02:00,[60],[1.594]
2025-09-14T04:22:57+02:00,[60],[1.565]
2025-09-14T04:22:56+02:00,[60],[1.566]
2025-09-14T04:22:55+02:00,[60],[1.48]
2025-09-14T04:22:54+02:00,[60],[1.529]
2025-09-14T04:22:53+02:00,[60],[1.519]
2025-09-14T04:22:52+02:00,[60],[1.545]
2025-09-14T04:22:51+02:00,[60],[1.538]
2025-09-14T04:22:50+02:00,[60],[1.61]
2025-09-14T04:22:49+02:00,[60],[1.551]
2025-09-14T04:22:48+02:00,[60],[1.546]
2025-09-14T04:22:47+02:00,[60],[1.571]
2025-09-14T04:22:46+02:00,[60],[1.55]
2025-09-14T04:22:45+02:00,[60],[1.574]
2025-09-14T04:22:44+02:00,[60],[1.592]
2025-09-14T04:22:43+02:00,[60],[1.563]
2025-09-14T04:22:42+02:00,[60],[1.557]
2025-09-14T04:22:41+02:00,[60],[1.531]
2025-09-14T04:22:40+02:00,[60],[1.501]
2025-09-14T04:22:39+02:00,[60],[1.529]
2025-09-14T04:22:38+02:00,[60],[1.584]
2025-09-14T04:22:37+02:00,[60],[1.56]
2025-09-14T04:22:36+02:00,[60],[1.549]
2025-09-14T04:22:35+02:00,[60],[1.573]
2025-09-14T04:22:34+02:00,[60],[1.596]
2025-09-14T04:22:33+02:00,[60],[1.584]
2025-09-14T04:22:32+02:00,[60],[1.536]
2025-09-14T04:22:31+02:00,[60],[1.348]
2025-09-14T04:22:30+02:00,[60],[1.224]
2025-09-14T04:22:29+02:00,[60],[1.245]
2025-09-14T04:22:28+02:00,[60],[1.025]
2025-09-14T04:22:27+02:00,[60],[1.098]
2025-09-14T04:22:26+02:00,[60],[1.319]
2025-09-14T04:22:25+02:00,[60],[1.237]
2025-09-14T04:22:24+02:00,[60],[1.092]
2025-09-14T04:22:23+02:00,[60],[0.983]
2025-09-14T04:22:22+02:00,[60],[1.17]
2025-09-14T04:22:21+02:00,[60],[1.333]
2025-09-14T04:22:20+02:00,[60],[1.241]
2025-09-14T04:22:19+02:00,[60],[1.226]
2025-09-14T04:22:18+02:00,[60],[0.916]
2025-09-14T04:22:17+02:00,[60],[1.305]
2025-09-14T04:22:16+02:00,[60],[1.018]
2025-09-14T04:22:15+02:00,[60],[1.235]
2025-09-14T04:22:14+02:00,[60],[1.444]
2025-09-14T04:22:13+02:00,[60],[1.389]
2025-09-14T04:22:12+02:00,[60],[1.016]
2025-09-14T04:22:11+02:00,[60],[1.564]
2025-09-14T04:22:10+02:00,[60],[1.193]
2025-09-14T04:22:09+02:00,[60],[0.965]
2025-09-14T04:22:08+02:00,[60],[1.527]
2025-09-14T04:22:07+02:00,[60],[1.217]
2025-09-14T04:22:06+02:00,[60],[1.04]
2025-09-14T04:22:05+02:00,[60],[0.999]
2025-09-14T04:22:04+02:00,[60],[1.018]
2025-09-14T04:22:03+02:00,[60],[1.004]
2025-09-14T04:22:02+02:00,[60],[1.208]
2025-09-14T04:22:01+02:00,[60],[0.908]
2025-09-14T04:22:00+02:00,[60],[1.391]
2025-09-14T04:21:59+02:00,[60],[0.9]
2025-09-14T04:21:58+02:00,[60],[1.03]
2025-09-14T04:21:57+02:00,[60],[0.927]
2025-09-14T04:21:56+02:00,[60],[0.875]
2025-09-14T04:21:55+02:00,[60],[0.893]
2025-09-14T04:21:54+02:00,[60],[1.063]
2025-09-14T04:21:53+02:00,[60],[1.092]
2025-09-14T04:21:52+02:00,[60],[1.175]
2025-09-14T04:21:51+02:00,[60],[1.01]
2025-09-14T04:21:50+02:00,[60],[1.163]
2025-09-14T04:21:49+02:00,[60],[0.995]
2025-09-14T04:21:48+02:00,[60],[0.764]
2025-09-14T04:21:47+02:00,[60],[0.998]
2025-09-14T04:21:46+02:00,[60],[1.177]
2025-09-14T04:21:45+02:00,[60],[1.03]
2025-09-14T04:21:44+02:00,[60],[1.006]
2025-09-14T04:21:43+02:00,[60],[1.141]
2025-09-14T04:21:42+02:00,[60],[1.025]
2025-09-14T04:21:41+02:00,[60],[1.219]
2025-09-14T04:21:40+02:00,[60],[0.995]
2025-09-14T04:21:39+02:00,[60],[0.983]
2025-09-14T04:21:38+02:00,[60],[0.747]
2025-09-14T04:21:37+02:00,[60],[0.682]
2025-09-14T04:21:36+02:00,[60],[1.105]
2025-09-14T04:21:35+02:00,[60],[1.094]
2025-09-14T04:21:34+02:00,[60],[1.27]
2025-09-14T04:21:33+02:00,[60],[1.264]
2025-09-14T04:21:32+02:00,[60],[1.083]
2025-09-14T04:21:31+02:00,[60],[1.218]
2025-09-14T04:21:30+02:00,[60],[1.346]
2025-09-14T04:21:29+02:00,[60],[1.042]
2025-09-14T04:21:28+02:00,[60],[1.204]
2025-09-14T04:21:27+02:00,[60],[0.948]
2025-09-14T04:21:26+02:00,[60],[0.848]
2025-09-14T04:21:25+02:00,[60],[1.081]
2025-09-14T04:21:24+02:00,[60],[1.204]
2025-09-14T04:21:23+02:00,[60],[1.19]
2025-09-14T04:21:22+02:00,[60],[0.981]
2025-09-14T04:21:21+02:00,[60],[0.994]
2025-09-14T04:21:20+02:00,[60],[0.969]
2025-09-14T04:21:19+02:00,[60],[0.872]
2025-09-14T04:21:18+02:00,[60],[1.199]
2025-09-14T04:21:17+02:00,[60],[1.106]
2025-09-14T04:21:16+02:00,[60],[1.258]
2025-09-14T04:21:15+02:00,[60],[1.146]
2025-09-14T04:21:14+02:00,[60],[1.214]
2025-09-14T04:21:13+02:00,[60],[1.268]
2025-09-14T04:21:12+02:00,[60],[1.249]
2025-09-14T04:21:11+02:00,[60],[1.187]
2025-09-14T04:21:10+02:00,[60],[1.158]
2025-09-14T04:21:09+02:00,[60],[1.133]
2025-09-14T04:21:08+02:00,[60],[1.129]
2025-09-14T04:21:07+02:00,[60],[1.018]
2025-09-14T04:21:06+02:00,[60],[0.772]
2025-09-14T04:21:05+02:00,[60],[1.025]
2025-09-14T04:21:04+02:00,[60],[1.333]
2025-09-14T04:21:03+02:00,[60],[1.022]
2025-09-14T04:21:02+02:00,[60],[1.077]
2025-09-14T04:21:01+02:00,[60],[1.24]
2025-09-14T04:21:00+02:00,[60],[1.184]
2025-09-14T04:20:59+02:00,[60],[1.178]
2025-09-14T04:20:58+02:00,[60],[0.952]
2025-09-14T04:20:57+02:00,[60],[0.996]
2025-09-14T04:20:56+02:00,[60],[1.206]
2025-09-14T04:20:55+02:00,[60],[1]
2025-09-14T04:20:54+02:00,[60],[0.844]
2025-09-14T04:20:53+02:00,[60],[1.47]
2025-09-14T04:20:52+02:00,[60],[1.11]
2025-09-14T04:20:51+02:00,[60],[0.893]
2025-09-14T04:20:50+02:00,[60],[1.071]
2025-09-14T04:20:49+02:00,[60],[1.097]
2025-09-14T04:20:48+02:00,[60],[1.366]
2025-09-14T04:20:47+02:00,[60],[1.227]
2025-09-14T04:20:46+02:00,[60],[1.068]
2025-09-14T04:20:45+02:00,[60],[1.091]
2025-09-14T04:20:44+02:00,[60],[1.171]
2025-09-14T04:20:43+02:00,[60],[1.183]
2025-09-14T04:20:42+02:00,[60],[1.38]
2025-09-14T04:20:41+02:00,[60],[1.472]
2025-09-14T04:20:40+02:00,[60],[1.363]
2025-09-14T04:20:39+02:00,[60],[1.012]
2025-09-14T04:20:38+02:00,[60],[0.884]
2025-09-14T04:20:37+02:00,[60],[1.33]
2025-09-14T04:20:36+02:00,[60],[0.991]
2025-09-14T04:20:35+02:00,[60],[1.107]
2025-09-14T04:20:34+02:00,[60],[1.123]
2025-09-14T04:20:33+02:00,[60],[0.998]
2025-09-14T04:20:32+02:00,[60],[1.103]
2025-09-14T04:20:31+02:00,[60],[1.272]
2025-09-14T04:20:30+02:00,[60],[0.903]
2025-09-14T04:20:29+02:00,[60],[0.913]
2025-09-14T04:20:28+02:00,[60],[1.119]
2025-09-14T04:20:27+02:00,[60],[1.171]
2025-09-14T04:20:26+02:00,[60],[1.116]
2025-09-14T04:20:25+02:00,[60],[0.951]
2025-09-14T04:20:24+02:00,[60],[1.099]
2025-09-14T04:20:23+02:00,[60],[1.004]
2025-09-14T04:20:22+02:00,[60],[0.78]
2025-09-14T04:20:21+02:00,[60],[1.089]
2025-09-14T04:20:20+02:00,[60],[1.285]
2025-09-14T04:20:19+02:00,[60],[1.301]
2025-09-14T04:20:18+02:00,[60],[1.025]
2025-09-14T04:20:17+02:00,[60],[0.95]
2025-09-14T04:20:16+02:00,[60],[0.712]
2025-09-14T04:20:15+02:00,[60],[0.936]
2025-09-14T04:20:14+02:00,[60],[1.13]
2025-09-14T04:20:13+02:00,[60],[1.085]
2025-09-14T04:20:12+02:00,[60],[1.113]
2025-09-14T04:20:11+02:00,[60],[1.243]
2025-09-14T04:20:10+02:00,[60],[1.224]
2025-09-14T04:20:09+02:00,[60],[1.088]
2025-09-14T04:20:08+02:00,[60],[0.953]
2025-09-14T04:20:07+02:00,[60],[1.096]
2025-09-14T04:20:06+02:00,[60],[1.196]
2025-09-14T04:20:05+02:00,[60],[0.944]
2025-09-14T04:20:04+02:00,[60],[1.094]
2025-09-14T04:20:03+02:00,[60],[1.116]
2025-09-14T04:20:02+02:00,[60],[1.299]
2025-09-14T04:20:01+02:00,[60],[1.318]
2025-09-14T04:20:00+02:00,[60],[1.331]
2025-09-14T04:19:59+02:00,[60],[1.272]
2025-09-14T04:19:58+02:00,[60],[1.063]
2025-09-14T04:19:57+02:00,[60],[0.872]
2025-09-14T04:19:56+02:00,[60],[1.134]
2025-09-14T04:19:55+02:00,[60],[0.997]
2025-09-14T04:19:54+02:00,[60],[1.229]
2025-09-14T04:19:53+02:00,[60],[1.131]
2025-09-14T04:19:52+02:00,[60],[1.202]
2025-09-14T04:19:51+02:00,[60],[1.295]
2025-09-14T04:19:50+02:00,[60],[1.243]
2025-09-14T04:19:49+02:00,[60],[1.113]
2025-09-14T04:19:48+02:00,[60],[1.135]
2025-09-14T04:19:47+02:00,[60],[1.119]
2025-09-14T04:19:46+02:00,[60],[1.1]
2025-09-14T04:19:45+02:00,[60],[1.076]
2025-09-14T04:19:44+02:00,[60],[1.28]
2025-09-14T04:19:43+02:00,[60],[0.904]
2025-09-14T04:19:42+02:00,[60],[1.126]
2025-09-14T04:19:41+02:00,[60],[1.246]
2025-09-14T04:19:40+02:00,[60],[1.255]
2025-09-14T04:19:39+02:00,[60],[1.34]
2025-09-14T04:19:38+02:00,[60],[1.24]
2025-09-14T04:19:37+02:00,[60],[1.108]
2025-09-14T04:19:36+02:00,[60],[1.123]
2025-09-14T04:19:35+02:00,[60],[1.376]
2025-09-14T04:19:34+02:00,[60],[1.323]
2025-09-14T04:19:33+02:00,[60],[1.131]
2025-09-14T04:19:32+02:00,[60],[1.189]
2025-09-14T04:19:31+02:00,[60],[1.131]
2025-09-14T04:19:30+02:00,[60],[1.084]
2025-09-14T04:19:29+02:00,[60],[0.916]
2025-09-14T04:19:28+02:00,[60],[0.845]
2025-09-14T04:19:27+02:00,[60],[1.059]
2025-09-14T04:19:26+02:00,[60],[1.092]
2025-09-14T04:19:25+02:00,[60],[1.263]
2025-09-14T04:19:24+02:00,[60],[1.259]
2025-09-14T04:19:23+02:00,[60],[1.187]
2025-09-14T04:19:22+02:00,[60],[1.192]
2025-09-14T04:19:21+02:00,[60],[1.218]
2025-09-14T04:19:20+02:00,[60],[1.271]
2025-09-14T04:19:19+02:00,[60],[1.256]
2025-09-14T04:19:18+02:00,[60],[1.131]
2025-09-14T04:19:17+02:00,[60],[1.12]
2025-09-14T04:19:16+02:00,[60],[0.983]
2025-09-14T04:19:15+02:00,[60],[1.204]
2025-09-14T04:19:14+02:00,[60],[1.274]
2025-09-14T04:19:13+02:00,[60],[1.153]
2025-09-14T04:19:12+02:00,[60],[1.184]
2025-09-14T04:19:11+02:00,[60],[1.176]
2025-09-14T04:19:10+02:00,[60],[1.08]
2025-09-14T04:19:09+02:00,[60],[1.2]
2025-09-14T04:19:08+02:00,[60],[1.129]
2025-09-14T04:19:07+02:00,[60],[1.069]
2025-09-14T04:19:06+02:00,[60],[1.344]
2025-09-14T04:19:05+02:00,[60],[1.179]
2025-09-14T04:19:04+02:00,[60],[1.061]
2025-09-14T04:19:03+02:00,[60],[1.155]
2025-09-14T04:19:02+02:00,[60],[1.075]
2025-09-14T04:19:01+02:00,[60],[1.112]
2025-09-14T04:19:00+02:00,[60],[0.979]
2025-09-14T04:18:59+02:00,[60],[1.251]
2025-09-14T04:18:58+02:00,[60],[1.008]
2025-09-14T04:18:57+02:00,[60],[0.777]
2025-09-14T04:18:56+02:00,[60],[1.219]
2025-09-14T04:18:55+02:00,[60],[1.365]
2025-09-14T04:18:54+02:00,[60],[1.197]
2025-09-14T04:18:53+02:00,[60],[1.23]
2025-09-14T04:18:52+02:00,[60],[1.154]
2025-09-14T04:18:51+02:00,[60],[1.149]
2025-09-14T04:18:50+02:00,[60],[1.095]
2025-09-14T04:18:49+02:00,[60],[1.038]
2025-09-14T04:18:48+02:00,[60],[1.01]
2025-09-14T04:18:47+02:00,[60],[1.014]
2025-09-14T04:18:46+02:00,[60],[1.018]
2025-09-14T04:18:45+02:00,[60],[0.991]
2025-09-14T04:18:44+02:00,[60],[1.321]
2025-09-14T04:18:43+02:00,[60],[0.949]
2025-09-14T04:18:42+02:00,[60],[1.022]
2025-09-14T04:18:41+02:00,[60],[1.035]
2025-09-14T04:18:40+02:00,[60],[0.846]
2025-09-14T04:18:39+02:00,[60],[0.986]
2025-09-14T04:18:38+02:00,[60],[0.86]
2025-09-14T04:18:37+02:00,[60],[1.453]
2025-09-14T04:18:36+02:00,[60],[1.122]
2025-09-14T04:18:35+02:00,[60],[1.347]
2025-09-14T04:18:34+02:00,[60],[1.271]
2025-09-14T04:18:33+02:00,[60],[1.022]
2025-09-14T04:18:32+02:00,[60],[1.086]
2025-09-14T04:18:31+02:00,[60],[1.223]
2025-09-14T04:18:30+02:00,[60],[1.146]
2025-09-14T04:18:29+02:00,[60],[1.125]
2025-09-14T04:18:28+02:00,[60],[1.164]
2025-09-14T04:18:27+02:00,[60],[0.881]
2025-09-14T04:18:26+02:00,[60],[0.865]
2025-09-14T04:18:25+02:00,[60],[1.169]
2025-09-14T04:18:24+02:00,[60],[1.103]
2025-09-14T04:18:23+02:00,[60],[0.881]
2025-09-14T04:18:22+02:00,[60],[1.661]
2025-09-14T04:18:21+02:00,[60],[1.129]
2025-09-14T04:18:20+02:00,[60],[1.14]
2025-09-14T04:18:19+02:00,[60],[1.279]
2025-09-14T04:18:18+02:00,[60],[1.223]
2025-09-14T04:18:17+02:00,[60],[1.018]
2025-09-14T04:18:16+02:00,[60],[0.871]
2025-09-14T04:18:15+02:00,[60],[0.719]
2025-09-14T04:18:14+02:00,[60],[0.676]
2025-09-14T04:18:13+02:00,[60],[1.111]
2025-09-14T04:18:12+02:00,[60],[1.047]
2025-09-14T04:18:11+02:00,[60],[1.147]
2025-09-14T04:18:10+02:00,[60],[1.193]
2025-09-14T04:18:09+02:00,[60],[1.186]
2025-09-14T04:18:08+02:00,[60],[0.973]
2025-09-14T04:18:07+02:00,[60],[1.065]
2025-09-14T04:18:06+02:00,[60],[0.896]
2025-09-14T04:18:05+02:00,[60],[1.48]
2025-09-14T04:18:04+02:00,[60],[1.161]
2025-09-14T04:18:03+02:00,[60],[0.997]
2025-09-14T04:18:02+02:00,[60],[1.386]
2025-09-14T04:18:01+02:00,[60],[1.22]
2025-09-14T04:18:00+02:00,[60],[1.364]
2025-09-14T04:17:59+02:00,[60],[1.01]
2025-09-14T04:17:58+02:00,[60],[1.563]
2025-09-14T04:17:57+02:00,[60],[1.119]
2025-09-14T04:17:56+02:00,[60],[0.887]
2025-09-14T04:17:55+02:00,[60],[1.466]
2025-09-14T04:17:54+02:00,[60],[1.267]
2025-09-14T04:17:53+02:00,[60],[1.213]
2025-09-14T04:17:52+02:00,[60],[1.059]
2025-09-14T04:17:51+02:00,[60],[0.868]
2025-09-14T04:17:50+02:00,[60],[0.843]
2025-09-14T04:17:49+02:00,[60],[0.833]
2025-09-14T04:17:48+02:00,[60],[1.082]
2025-09-14T04:17:47+02:00,[60],[1.097]
2025-09-14T04:17:46+02:00,[60],[1.17]
2025-09-14T04:17:45+02:00,[60],[1.068]
2025-09-14T04:17:44+02:00,[60],[1.135]
2025-09-14T04:17:43+02:00,[60],[1.133]
2025-09-14T04:17:42+02:00,[60],[1.054]
2025-09-14T04:17:41+02:00,[60],[1.203]
2025-09-14T04:17:40+02:00,[60],[0.988]
2025-09-14T04:17:39+02:00,[60],[0.799]
2025-09-14T04:17:38+02:00,[60],[1.143]
2025-09-14T04:17:37+02:00,[60],[1.256]
2025-09-14T04:17:36+02:00,[60],[1.174]
2025-09-14T04:17:35+02:00,[60],[1.097]
2025-09-14T04:17:34+02:00,[60],[1.152]
2025-09-14T04:17:33+02:00,[60],[1.351]
2025-09-14T04:17:32+02:00,[60],[1.265]
2025-09-14T04:17:31+02:00,[60],[1.384]
2025-09-14T04:17:30+02:00,[60],[1.341]
2025-09-14T04:17:29+02:00,[60],[1.159]
2025-09-14T04:17:28+02:00,[60],[1.212]
2025-09-14T04:17:27+02:00,[60],[1.315]
2025-09-14T04:17:26+02:00,[60],[1.221]
2025-09-14T04:17:25+02:00,[60],[1.187]
2025-09-14T04:17:24+02:00,[60],[1.129]
2025-09-14T04:17:23+02:00,[60],[0.965]
2025-09-14T04:17:22+02:00,[60],[1.12]
2025-09-14T04:17:21+02:00,[60],[1.383]
2025-09-14T04:17:20+02:00,[60],[1.267]
2025-09-14T04:17:19+02:00,[60],[1.068]
2025-09-14T04:17:18+02:00,[60],[1.265]
2025-09-14T04:17:17+02:00,[60],[1.097]
2025-09-14T04:17:16+02:00,[60],[1.291]
2025-09-14T04:17:15+02:00,[60],[1.173]
2025-09-14T04:17:14+02:00,[60],[0.895]
2025-09-14T04:17:13+02:00,[60],[1.426]
2025-09-14T04:17:12+02:00,[60],[1.097]
2025-09-14T04:17:11+02:00,[60],[1.354]
2025-09-14T04:17:10+02:00,[60],[1.267]
2025-09-14T04:17:09+02:00,[60],[1.204]
2025-09-14T04:17:08+02:00,[60],[1.075]
2025-09-14T04:17:07+02:00,[60],[1.221]
2025-09-14T04:17:06+02:00,[60],[1.265]
2025-09-14T04:17:05+02:00,[60],[1.186]
2025-09-14T04:17:04+02:00,[60],[1.188]
2025-09-14T04:17:03+02:00,[60],[1.125]
2025-09-14T04:17:02+02:00,[60],[1.042]
2025-09-14T04:17:01+02:00,[60],[1.225]
2025-09-14T04:17:00+02:00,[60],[1.177]
2025-09-14T04:16:59+02:00,[60],[1.14]
2025-09-14T04:16:58+02:00,[60],[1.06]
2025-09-14T04:16:57+02:00,[60],[1.141]
2025-09-14T04:16:56+02:00,[60],[1.103]
2025-09-14T04:16:55+02:00,[60],[0.974]
2025-09-14T04:16:54+02:00,[60],[1.002]
2025-09-14T04:16:53+02:00,[60],[1.449]
2025-09-14T04:16:52+02:00,[60],[1.13]
2025-09-14T04:16:51+02:00,[60],[0.972]
2025-09-14T04:16:50+02:00,[60],[0.973]
2025-09-14T04:16:49+02:00,[60],[1.026]
2025-09-14T04:16:48+02:00,[60],[1.006]
2025-09-14T04:16:47+02:00,[60],[0.81]
2025-09-14T04:16:46+02:00,[60],[0.918]
2025-09-14T04:16:45+02:00,[60],[0.951]
2025-09-14T04:16:44+02:00,[60],[1.073]
2025-09-14T04:16:43+02:00,[60],[1.299]
2025-09-14T04:16:42+02:00,[60],[1.364]
2025-09-14T04:16:41+02:00,[60],[1.301]
2025-09-14T04:16:40+02:00,[60],[1.014]
2025-09-14T04:16:39+02:00,[60],[1.115]
2025-09-14T04:16:38+02:00,[60],[0.999]
2025-09-14T04:16:37+02:00,[60],[1.144]
2025-09-14T04:16:36+02:00,[60],[1.056]
2025-09-14T04:16:35+02:00,[60],[1.073]
2025-09-14T04:16:34+02:00,[60],[1.127]
2025-09-14T04:16:33+02:00,[60],[0.993]
2025-09-14T04:16:32+02:00,[60],[1.11]
2025-09-14T04:16:31+02:00,[60],[1.094]
2025-09-14T04:16:30+02:00,[60],[0.968]
2025-09-14T04:16:29+02:00,[60],[0.89]
2025-09-14T04:16:28+02:00,[60],[0.936]
2025-09-14T04:16:27+02:00,[60],[0.773]
2025-09-14T04:16:26+02:00,[60],[1.379]
2025-09-14T04:16:25+02:00,[60],[1.377]
2025-09-14T04:16:24+02:00,[60],[1.208]
2025-09-14T04:16:23+02:00,[60],[1.195]
2025-09-14T04:16:22+02:00,[60],[1.087]
2025-09-14T04:16:21+02:00,[60],[0.974]
2025-09-14T04:16:20+02:00,[60],[1.088]
2025-09-14T04:16:19+02:00,[60],[0.931]
2025-09-14T04:16:18+02:00,[60],[1.131]
2025-09-14T04:16:17+02:00,[60],[1.091]
2025-09-14T04:16:16+02:00,[60],[1.148]
2025-09-14T04:16:15+02:00,[60],[1.077]
2025-09-14T04:16:14+02:00,[60],[1.181]
2025-09-14T04:16:13+02:00,[60],[1.002]
2025-09-14T04:16:12+02:00,[60],[1.251]
2025-09-14T04:16:11+02:00,[60],[1.325]
2025-09-14T04:16:10+02:00,[60],[0.98]
2025-09-14T04:16:09+02:00,[60],[0.856]
2025-09-14T04:16:08+02:00,[60],[1.041]
2025-09-14T04:16:07+02:00,[60],[1.097]
2025-09-14T04:16:06+02:00,[60],[1.28]
2025-09-14T04:16:05+02:00,[60],[0.831]
2025-09-14T04:16:04+02:00,[60],[1.257]
2025-09-14T04:16:03+02:00,[60],[1.098]
2025-09-14T04:16:02+02:00,[60],[1.177]
2025-09-14T04:16:01+02:00,[60],[1.294]
2025-09-14T04:16:00+02:00,[60],[1.301]
2025-09-14T04:15:59+02:00,[60],[1.1]
2025-09-14T04:15:58+02:00,[60],[1.086]
2025-09-14T04:15:57+02:00,[60],[1.086]
2025-09-14T04:15:56+02:00,[60],[1.358]
2025-09-14T04:15:55+02:00,[60],[1.419]
2025-09-14T04:15:54+02:00,[60],[1.025]
2025-09-14T04:15:53+02:00,[60],[1.264]
2025-09-14T04:15:52+02:00,[60],[1.102]
2025-09-14T04:15:51+02:00,[60],[0.99]
2025-09-14T04:15:50+02:00,[60],[1.037]
2025-09-14T04:15:49+02:00,[60],[0.904]
2025-09-14T04:15:48+02:00,[60],[1.096]
2025-09-14T04:15:47+02:00,[60],[0.867]
2025-09-14T04:15:46+02:00,[60],[1.057]
2025-09-14T04:15:45+02:00,[60],[0.871]
2025-09-14T04:15:44+02:00,[60],[1.483]
2025-09-14T04:15:43+02:00,[60],[1.198]
2025-09-14T04:15:42+02:00,[60],[1.134]
2025-09-14T04:15:41+02:00,[60],[1.333]
2025-09-14T04:15:40+02:00,[60],[0.992]
2025-09-14T04:15:39+02:00,[60],[0.869]
2025-09-14T04:15:38+02:00,[60],[1.086]
2025-09-14T04:15:37+02:00,[60],[1.234]
2025-09-14T04:15:36+02:00,[60],[1.288]
2025-09-14T04:15:35+02:00,[60],[1.13]
2025-09-14T04:15:34+02:00,[60],[0.947]
2025-09-14T04:15:33+02:00,[60],[1.071]
2025-09-14T04:15:32+02:00,[60],[1.268]
2025-09-14T04:15:31+02:00,[60],[1.059]
2025-09-14T04:15:30+02:00,[60],[0.97]
2025-09-14T04:15:29+02:00,[60],[0.812]
2025-09-14T04:15:28+02:00,[60],[0.961]
2025-09-14T04:15:27+02:00,[60],[1.233]
2025-09-14T04:15:26+02:00,[60],[0.947]
2025-09-14T04:15:25+02:00,[60],[0.994]
2025-09-14T04:15:24+02:00,[60],[1.077]
2025-09-14T04:15:23+02:00,[60],[1.012]
2025-09-14T04:15:22+02:00,[60],[1.226]
2025-09-14T04:15:21+02:00,[60],[1.393]
2025-09-14T04:15:20+02:00,[60],[1.391]
2025-09-14T04:15:19+02:00,[60],[1.163]
2025-09-14T04:15:18+02:00,[60],[1.055]
2025-09-14T04:15:17+02:00,[60],[1.202]
2025-09-14T04:15:16+02:00,[60],[1.044]
2025-09-14T04:15:15+02:00,[60],[0.823]
2025-09-14T04:15:14+02:00,[60],[0.808]
2025-09-14T04:15:13+02:00,[60],[0.755]
2025-09-14T04:15:12+02:00,[60],[0.914]
2025-09-14T04:15:11+02:00,[60],[0.941]
2025-09-14T04:15:10+02:00,[60],[0.924]
2025-09-14T04:15:09+02:00,[60],[1.094]
2025-09-14T04:15:08+02:00,[60],[1.217]
2025-09-14T04:15:07+02:00,[60],[0.891]
2025-09-14T04:15:06+02:00,[60],[1.448]
2025-09-14T04:15:05+02:00,[60],[1.264]
2025-09-14T04:15:04+02:00,[60],[1.146]
2025-09-14T04:15:03+02:00,[60],[0.928]
2025-09-14T04:15:02+02:00,[60],[0.946]
2025-09-14T04:15:01+02:00,[60],[1.386]
2025-09-14T04:15:00+02:00,[60],[1.217]
2025-09-14T04:14:59+02:00,[60],[0.916]
2025-09-14T04:14:58+02:00,[60],[1.077]
2025-09-14T04:14:57+02:00,[60],[1.298]
2025-09-14T04:14:56+02:00,[60],[1.379]
2025-09-14T04:14:55+02:00,[60],[1.31]
2025-09-14T04:14:54+02:00,[60],[1.376]
2025-09-14T04:14:53+02:00,[60],[1.282]
2025-09-14T04:14:52+02:00,[60],[1.172]
2025-09-14T04:14:51+02:00,[60],[1.182]
2025-09-14T04:14:50+02:00,[60],[1.203]
2025-09-14T04:14:49+02:00,[60],[1.286]
2025-09-14T04:14:48+02:00,[60],[1.16]
2025-09-14T04:14:47+02:00,[60],[1.111]
2025-09-14T04:14:46+02:00,[60],[1.032]
2025-09-14T04:14:45+02:00,[60],[0.942]
2025-09-14T04:14:44+02:00,[60],[1.152]
2025-09-14T04:14:43+02:00,[60],[1.277]
2025-09-14T04:14:42+02:00,[60],[1.22]
2025-09-14T04:14:41+02:00,[60],[1.21]
2025-09-14T04:14:40+02:00,[60],[1.227]
2025-09-14T04:14:39+02:00,[60],[1.158]
2025-09-14T04:14:38+02:00,[60],[0.963]
2025-09-14T04:14:37+02:00,[60],[0.914]
2025-09-14T04:14:36+02:00,[60],[1.176]
2025-09-14T04:14:35+02:00,[60],[1.311]
2025-09-14T04:14:34+02:00,[60],[1.14]
2025-09-14T04:14:33+02:00,[60],[1.31]
2025-09-14T04:14:32+02:00,[60],[1.266]
2025-09-14T04:14:31+02:00,[60],[0.932]
2025-09-14T04:14:30+02:00,[60],[0.89]
2025-09-14T04:14:29+02:00,[60],[0.774]
2025-09-14T04:14:28+02:00,[60],[1.048]
2025-09-14T04:14:27+02:00,[60],[0.919]
2025-09-14T04:14:26+02:00,[60],[1.394]
2025-09-14T04:14:25+02:00,[60],[1.067]
2025-09-14T04:14:24+02:00,[60],[0.976]
2025-09-14T04:14:23+02:00,[60],[1.087]
2025-09-14T04:14:22+02:00,[60],[1.177]
2025-09-14T04:14:21+02:00,[60],[1.22]
2025-09-14T04:14:20+02:00,[60],[1.156]
2025-09-14T04:14:19+02:00,[60],[1.086]
2025-09-14T04:14:18+02:00,[60],[1.121]
2025-09-14T04:14:17+02:00,[60],[1.07]
2025-09-14T04:14:16+02:00,[60],[1.13]
2025-09-14T04:14:15+02:00,[60],[1.108]
2025-09-14T04:14:14+02:00,[60],[1.127]
2025-09-14T04:14:13+02:00,[60],[1.125]
2025-09-14T04:14:12+02:00,[60],[0.939]
2025-09-14T04:14:11+02:00,[60],[1.393]
2025-09-14T04:14:10+02:00,[60],[0.999]
2025-09-14T04:14:09+02:00,[60],[0.883]
2025-09-14T04:14:08+02:00,[60],[1.472]
2025-09-14T04:14:07+02:00,[60],[1.396]
2025-09-14T04:14:06+02:00,[60],[1.313]
2025-09-14T04:14:05+02:00,[60],[1.087]
2025-09-14T04:14:04+02:00,[60],[0.877]
2025-09-14T04:14:03+02:00,[60],[1.557]
2025-09-14T04:14:02+02:00,[60],[1.317]
2025-09-14T04:14:01+02:00,[60],[1.204]
2025-09-14T04:14:00+02:00,[60],[0.997]
2025-09-14T04:13:59+02:00,[60],[0.58]
2025-09-14T04:13:58+02:00,[60],[1.278]
2025-09-14T04:13:57+02:00,[60],[1.159]
2025-09-14T04:13:56+02:00,[60],[1.05]
2025-09-14T04:13:55+02:00,[60],[1.108]
2025-09-14T04:13:54+02:00,[60],[1.063]
2025-09-14T04:13:53+02:00,[60],[1.189]
2025-09-14T04:13:52+02:00,[60],[0.955]
2025-09-14T04:13:51+02:00,[60],[1.287]
2025-09-14T04:13:50+02:00,[60],[1.349]
2025-09-14T04:13:49+02:00,[60],[1.358]
2025-09-14T04:13:48+02:00,[60],[1.279]
2025-09-14T04:13:47+02:00,[60],[1.338]
2025-09-14T04:13:46+02:00,[60],[1.101]
2025-09-14T04:13:45+02:00,[60],[1.308]
2025-09-14T04:13:44+02:00,[60],[1.179]
2025-09-14T04:13:43+02:00,[60],[1.147]
2025-09-14T04:13:42+02:00,[60],[1.195]
2025-09-14T04:13:41+02:00,[60],[1.293]
2025-09-14T04:13:40+02:00,[60],[1.271]
2025-09-14T04:13:39+02:00,[60],[1.042]
2025-09-14T04:13:38+02:00,[60],[1.109]
2025-09-14T04:13:37+02:00,[60],[1.146]
2025-09-14T04:13:36+02:00,[60],[1.277]
2025-09-14T04:13:35+02:00,[60],[1.105]
2025-09-14T04:13:34+02:00,[60],[1.145]
2025-09-14T04:13:33+02:00,[60],[1.151]
2025-09-14T04:13:32+02:00,[60],[1.213]
2025-09-14T04:13:31+02:00,[60],[1.15]
2025-09-14T04:13:30+02:00,[60],[1.088]
2025-09-14T04:13:29+02:00,[60],[1.088]
2025-09-14T04:13:28+02:00,[60],[1.161]
2025-09-14T04:13:27+02:00,[60],[1.127]
2025-09-14T04:13:26+02:00,[60],[1.155]
2025-09-14T04:13:25+02:00,[60],[1.155]
2025-09-14T04:13:24+02:00,[60],[1.186]
2025-09-14T04:13:23+02:00,[60],[1.186]
2025-09-14T04:13:22+02:00,[60],[1.18]
2025-09-14T04:13:21+02:00,[60],[1.18]
2025-09-14T04:13:20+02:00,[60],[1.163]
2025-09-14T04:13:19+02:00,[60],[1.175]
2025-09-14T04:13:18+02:00,[60],[1.181]
2025-09-14T04:13:17+02:00,[60],[1.249]
2025-09-14T04:13:16+02:00,[60],[1.279]
2025-09-14T04:13:15+02:00,[60],[1.279]
2025-09-14T04:13:14+02:00,[60],[1.132]
2025-09-14T04:13:13+02:00,[60],[1.081]
2025-09-14T04:13:12+02:00,[60],[1.058]
2025-09-14T04:13:11+02:00,[60],[1.058]
2025-09-14T04:13:10+02:00,[60],[1.305]
2025-09-14T04:13:09+02:00,[60],[1.414]
2025-09-14T04:13:08+02:00,[60],[1.368]
2025-09-14T04:13:07+02:00,[60],[1.368]
2025-09-14T04:13:06+02:00,[60],[1.414]
2025-09-14T04:13:05+02:00,[60],[1.368]
2025-09-14T04:13:04+02:00,[60],[1.22]
2025-09-14T04:13:03+02:00,[60],[1.21]
2025-09-14T04:13:02+02:00,[60],[1.21]
2025-09-14T04:13:01+02:00,[60],[1.156]
2025-09-14T04:12:59+02:00,[60],[1.11]
2025-09-14T04:12:58+02:00,[60],[1.134]
2025-09-14T04:12:57+02:00,[60],[1.134]
2025-09-14T04:12:55+02:00,[60],[0]
2025-09-14T04:12:53+02:00,[60],[-1]
2025-09-14T04:12:49+02:00,[60],[-1]
2025-02-04T00:37:12+01:00,[60],[0]
2025-02-04T00:37:10+01:00,[60],[0]
2025-02-04T00:37:08+01:00,[60],[0]
2025-02-04T00:37:07+01:00,[60],[0]
2025-02-04T00:37:05+01:00,[60],[0]
2025-02-04T00:37:03+01:00,[60],[0]
2025-02-04T00:37:01+01:00,[60],[0]
2025-02-04T00:36:59+01:00,[60],[0]
2025-02-04T00:36:57+01:00,[60],[0]
2025-02-04T00:36:55+01:00,[60],[0]
2025-02-04T00:36:53+01:00,[60],[0]
2025-02-04T00:36:51+01:00,[60],[0]
2025-02-04T00:36:49+01:00,[60],[0]
2025-02-04T00:36:47+01:00,[60],[0.032]
2025-02-04T00:36:45+01:00,[60],[0]
2025-02-04T00:36:44+01:00,[60],[0]
2025-02-04T00:36:42+01:00,[60],[0]
2025-02-04T00:36:41+01:00,[60],[0]
2025-02-04T00:36:39+01:00,[60],[0]
2025-02-04T00:36:38+01:00,[60],[0]
2025-02-04T00:36:36+01:00,[60],[0]
2025-02-04T00:36:35+01:00,[60],[0]
2025-02-04T00:36:33+01:00,[60],[0]
2025-02-04T00:36:32+01:00,[60],[0]
2025-02-04T00:36:30+01:00,[60],[0]
2025-02-04T00:36:28+01:00,[60],[0]
2025-02-04T00:36:26+01:00,[60],[0]
2025-02-04T00:36:24+01:00,[60],[0]
2025-02-04T00:36:22+01:00,[60],[0]
2025-02-04T00:36:20+01:00,[60],[0]
2025-02-04T00:36:18+01:00,[60],[0]
2025-02-04T00:36:16+01:00,[60],[0]
2025-02-04T00:36:14+01:00,[60],[0]
2025-02-04T00:36:12+01:00,[60],[0]
2025-02-04T00:36:10+01:00,[60],[0]
2025-02-04T00:36:08+01:00,[60],[0]
2025-02-04T00:36:06+01:00,[60],[0]
2025-02-04T00:36:04+01:00,[60],[0]
2025-02-04T00:36:02+01:00,[60],[0]
2025-02-04T00:36:00+01:00,[60],[0]
2025-02-04T00:35:58+01:00,[60],[0]
2025-02-04T00:35:56+01:00,[60],[0]
2025-02-04T00:35:54+01:00,[60],[0]
2025-02-04T00:35:52+01:00,[60],[0]
2025-02-04T00:35:50+01:00,[60],[0]
2025-02-04T00:35:48+01:00,[60],[0]
2025-02-04T00:35:46+01:00,[60],[0]
2025-02-04T00:35:44+01:00,[60],[0]
2025-02-04T00:35:42+01:00,[60],[0]
2025-02-04T00:35:40+01:00,[60],[0]
2025-02-04T00:35:38+01:00,[60],[0]
2025-02-04T00:35:36+01:00,[60],[0]
2025-02-04T00:35:34+01:00,[60],[0.373]
2025-02-04T00:35:32+01:00,[60],[0.085]
2025-02-04T00:35:30+01:00,[60],[0.078]
2025-02-04T00:35:28+01:00,[60],[0]
2025-02-04T00:35:26+01:00,[60],[0]
2025-02-04T00:35:24+01:00,[60],[0]
2025-02-04T00:35:22+01:00,[60],[0]
2025-02-04T00:35:20+01:00,[60],[0]
2025-02-04T00:35:18+01:00,[60],[0]
2025-02-04T00:35:16+01:00,[60],[0]
2025-02-04T00:35:14+01:00,[60],[0.148]
2025-02-04T00:35:13+01:00,[60],[0.058]
2025-02-04T00:35:11+01:00,[60],[0]
2025-02-04T00:35:09+01:00,[60],[0.036]
2025-02-04T00:35:07+01:00,[60],[0.03]
2025-02-04T00:35:05+01:00,[60],[0.106]
2025-02-04T00:35:03+01:00,[60],[0.179]
2025-02-04T00:35:01+01:00,[60],[0.539]
2025-02-04T00:34:59+01:00,[60],[0.245]
2025-02-04T00:34:57+01:00,[60],[0.574]
2025-02-04T00:34:55+01:00,[60],[0.237]
2025-02-04T00:34:53+01:00,[60],[0]
2025-02-04T00:34:51+01:00,[60],[0]
2025-02-04T00:34:49+01:00,[60],[0.085]
2025-02-04T00:34:47+01:00,[60],[0.268]
2025-02-04T00:34:45+01:00,[60],[0.063]
2025-02-04T00:34:43+01:00,[60],[0.08]
2025-02-04T00:34:41+01:00,[60],[0]
2025-02-04T00:34:39+01:00,[60],[0]
2025-02-04T00:34:38+01:00,[60],[0]
2025-02-04T00:34:36+01:00,[60],[0]
2025-02-04T00:34:35+01:00,[60],[0]
2025-02-04T00:34:33+01:00,[60],[0]
2025-02-04T00:34:32+01:00,[60],[0]
2025-02-04T00:34:30+01:00,[60],[0]
2025-02-04T00:34:29+01:00,[60],[0]
2025-02-04T00:34:27+01:00,[60],[0]
2025-02-04T00:34:26+01:00,[60],[0]
2025-02-04T00:34:24+01:00,[60],[0.182]
2025-02-04T00:34:22+01:00,[60],[0.52]
2025-02-04T00:34:20+01:00,[60],[0.407]
2025-02-04T00:34:18+01:00,[60],[0.597]
2025-02-04T00:34:16+01:00,[60],[0.11]
2025-02-04T00:34:14+01:00,[60],[0.59]
2025-02-04T00:34:12+01:00,[60],[0.38]
2025-02-04T00:34:10+01:00,[60],[1.066]
2025-02-04T00:34:08+01:00,[60],[0.679]
2025-02-04T00:34:06+01:00,[60],[0.165]
2025-02-04T00:34:04+01:00,[60],[0.472]
2025-02-04T00:34:02+01:00,[60],[0.682]
2025-02-04T00:34:00+01:00,[60],[0.234]
2025-02-04T00:33:58+01:00,[60],[0.107]
2025-02-04T00:33:56+01:00,[60],[0.57]
2025-02-04T00:33:54+01:00,[60],[0.052]
2025-02-04T00:33:52+01:00,[60],[0.401]
2025-02-04T00:33:50+01:00,[60],[0.111]
2025-02-04T00:33:48+01:00,[60],[0.137]
2025-02-04T00:33:46+01:00,[60],[0]
2025-02-04T00:33:44+01:00,[60],[0]
2025-02-04T00:33:42+01:00,[60],[0]
2025-02-04T00:33:40+01:00,[60],[0]
2025-02-04T00:33:38+01:00,[60],[0]
2025-02-04T00:33:36+01:00,[60],[0]
2025-02-04T00:33:34+01:00,[60],[0]
2025-02-04T00:33:32+01:00,[60],[0]
2025-02-04T00:33:31+01:00,[60],[0]
2025-02-04T00:33:29+01:00,[60],[0]
2025-02-04T00:33:27+01:00,[60],[0]
2025-02-04T00:33:25+01:00,[60],[0]
2025-02-04T00:33:23+01:00,[60],[0]
2025-02-04T00:33:21+01:00,[60],[0]
2025-02-04T00:33:19+01:00,[60],[0]
2025-02-04T00:33:17+01:00,[60],[0]
2025-02-04T00:33:15+01:00,[60],[0]
2025-02-04T00:33:13+01:00,[60],[0]
2025-02-04T00:33:11+01:00,[60],[0.188]
2025-02-04T00:33:09+01:00,[60],[0.597]
2025-02-04T00:33:07+01:00,[60],[0.207]
2025-02-04T00:33:05+01:00,[60],[0.416]
2025-02-04T00:33:03+01:00,[60],[0.581]
2025-02-04T00:33:01+01:00,[60],[0.359]
2025-02-04T00:32:59+01:00,[60],[0.152]
2025-02-04T00:32:57+01:00,[60],[0.13]
2025-02-04T00:32:55+01:00,[60],[0]
2025-02-04T00:32:53+01:00,[60],[0]
2025-02-04T00:32:51+01:00,[60],[0]
2025-02-04T00:32:49+01:00,[60],[0]
2025-02-04T00:32:47+01:00,[60],[0]
2025-02-04T00:32:45+01:00,[60],[0]
2025-02-04T00:32:43+01:00,[60],[0]
2025-02-04T00:32:41+01:00,[60],[0]
2025-02-04T00:32:39+01:00,[60],[0]
2025-02-04T00:32:37+01:00,[60],[0]
2025-02-04T00:32:35+01:00,[60],[0]
2025-02-04T00:32:33+01:00,[60],[0]
2025-02-04T00:32:32+01:00,[60],[0]
2025-02-04T00:32:30+01:00,[60],[0]
2025-02-04T00:32:29+01:00,[60],[0]
2025-02-04T00:32:27+01:00,[60],[0]
2025-02-04T00:32:26+01:00,[60],[0]
2025-02-04T00:32:24+01:00,[60],[0]
2025-02-04T00:32:23+01:00,[60],[0]
2025-02-04T00:32:21+01:00,[60],[0]
2025-02-04T00:32:20+01:00,[60],[0]
2025-02-04T00:32:18+01:00,[60],[0]
2025-02-04T00:32:16+01:00,[60],[0]
2025-02-04T00:32:14+01:00,[60],[0]
2025-02-04T00:32:12+01:00,[60],[0]
2025-02-04T00:32:10+01:00,[60],[0]
2025-02-04T00:32:08+01:00,[60],[0]
2025-02-04T00:32:06+01:00,[60],[0]
2025-02-04T00:32:04+01:00,[60],[0]
2025-02-04T00:32:02+01:00,[60],[0]
2025-02-04T00:32:00+01:00,[60],[0]
2025-02-04T00:31:58+01:00,[60],[0]
2025-02-04T00:31:56+01:00,[60],[0]
2025-02-04T00:31:54+01:00,[60],[0]
2025-02-04T00:31:52+01:00,[60],[0]
2025-02-04T00:31:50+01:00,[60],[0]
2025-02-04T00:31:48+01:00,[60],[0]
2025-02-04T00:31:46+01:00,[60],[0]
2025-02-04T00:31:44+01:00,[60],[0]
2025-02-04T00:31:42+01:00,[60],[0]
2025-02-04T00:31:40+01:00,[60],[0]
2025-02-04T00:31:38+01:00,[60],[0]
2025-02-04T00:31:36+01:00,[60],[0]
2025-02-04T00:31:34+01:00,[60],[0]
2025-02-04T00:31:32+01:00,[60],[0.03]
2025-02-04T00:31:31+01:00,[60],[0]
2025-02-04T00:31:29+01:00,[60],[0]
2025-02-04T00:31:27+01:00,[60],[0.014]
2025-02-04T00:31:25+01:00,[60],[0.009]
2025-02-04T00:31:23+01:00,[60],[0.015]
2025-02-04T00:31:21+01:00,[60],[0.093]
2025-02-04T00:31:19+01:00,[60],[0.043]
2025-02-04T00:31:17+01:00,[60],[0.043]
2025-02-04T00:31:15+01:00,[60],[0.019]
2025-02-04T00:31:13+01:00,[60],[0.008]
2025-02-04T00:31:11+01:00,[60],[0.005]
2025-02-04T00:31:09+01:00,[60],[0.061]
2025-02-04T00:31:07+01:00,[60],[0.009]
2025-02-04T00:31:05+01:00,[60],[0.061]
2025-02-04T00:31:03+01:00,[60],[0.072]
2025-02-04T00:31:01+01:00,[60],[0.066]
2025-02-04T00:30:59+01:00,[60],[0.033]
2025-02-04T00:30:57+01:00,[60],[0.021]
2025-02-04T00:30:55+01:00,[60],[0.208]
2025-02-04T00:30:53+01:00,[60],[0.144]
2025-02-04T00:30:51+01:00,[60],[0.035]
2025-02-04T00:30:49+01:00,[60],[0.194]
2025-02-04T00:30:47+01:00,[60],[0.072]
2025-02-04T00:30:45+01:00,[60],[0.084]
2025-02-04T00:30:43+01:00,[60],[0.06]
2025-02-04T00:30:41+01:00,[60],[0.053]
2025-02-04T00:30:39+01:00,[60],[0.095]
2025-02-04T00:30:37+01:00,[60],[0.102]
2025-02-04T00:30:35+01:00,[60],[0.084]
2025-02-04T00:30:33+01:00,[60],[0.023]
2025-02-04T00:30:31+01:00,[60],[0.053]
2025-02-04T00:30:29+01:00,[60],[0.091]
2025-02-04T00:30:27+01:00,[60],[0.127]
2025-02-04T00:30:25+01:00,[60],[0.096]
2025-02-04T00:30:23+01:00,[60],[0.094]
2025-02-04T00:30:21+01:00,[60],[0]
2025-02-04T00:30:20+01:00,[60],[0]
2025-02-04T00:30:19+01:00,[60],[0]
2025-02-04T00:30:17+01:00,[60],[0]
2025-02-04T00:30:15+01:00,[60],[0]
2025-02-04T00:30:14+01:00,[60],[0]
2025-02-04T00:30:11+01:00,[60],[0]
2025-02-04T00:30:09+01:00,[60],[0]
2025-02-04T00:30:07+01:00,[60],[0]
2025-02-04T00:30:05+01:00,[60],[0]
2025-02-04T00:30:03+01:00,[60],[0]
2025-02-04T00:30:01+01:00,[60],[0]
2025-02-04T00:29:59+01:00,[60],[0]
2025-02-04T00:29:57+01:00,[60],[0]
2025-02-04T00:29:55+01:00,[60],[0]
2025-02-04T00:29:53+01:00,[60],[0]
2025-02-04T00:29:51+01:00,[60],[0]
2025-02-04T00:29:49+01:00,[60],[0]
2025-02-04T00:29:47+01:00,[60],[0]
2025-02-04T00:29:45+01:00,[60],[0]
2025-02-04T00:29:43+01:00,[60],[0]
2025-02-04T00:29:41+01:00,[60],[0]
2025-02-04T00:29:39+01:00,[60],[0]
2025-02-04T00:29:38+01:00,[60],[0]
2025-02-04T00:29:36+01:00,[60],[0]
2025-02-04T00:29:34+01:00,[60],[0]
2025-02-04T00:29:32+01:00,[60],[0]
2025-02-04T00:29:30+01:00,[60],[0]
2025-02-04T00:29:28+01:00,[60],[0]
2025-02-04T00:29:26+01:00,[60],[0]
2025-02-04T00:29:24+01:00,[60],[0]
2025-02-04T00:29:22+01:00,[60],[0]
2025-02-04T00:29:20+01:00,[60],[0]
2025-02-04T00:29:18+01:00,[60],[0]
2025-02-04T00:29:16+01:00,[60],[0]
2025-02-04T00:29:14+01:00,[60],[0]
2025-02-04T00:29:12+01:00,[60],[0]
2025-02-04T00:29:10+01:00,[60],[0]
2025-02-04T00:29:08+01:00,[60],[0]
2025-02-04T00:29:06+01:00,[60],[0]
2025-02-04T00:29:04+01:00,[60],[0]
2025-02-04T00:29:02+01:00,[60],[0]
2025-02-04T00:29:00+01:00,[60],[0]
2025-02-04T00:28:58+01:00,[60],[0]
2025-02-04T00:28:56+01:00,[60],[0]
2025-02-04T00:28:54+01:00,[60],[0]
2025-02-04T00:28:52+01:00,[60],[0]
2025-02-04T00:28:50+01:00,[60],[0]
2025-02-04T00:28:48+01:00,[60],[0]
2025-02-04T00:28:46+01:00,[60],[0]
2025-02-04T00:28:44+01:00,[60],[0]
2025-02-04T00:28:42+01:00,[60],[0]
2025-02-04T00:28:40+01:00,[60],[0]
2025-02-04T00:28:38+01:00,[60],[0]
2025-02-04T00:28:36+01:00,[60],[0]
2025-02-04T00:28:34+01:00,[60],[0]
2025-02-04T00:28:32+01:00,[60],[0]
2025-02-04T00:28:30+01:00,[60],[0]
2025-02-04T00:28:28+01:00,[60],[0]
2025-02-04T00:28:26+01:00,[60],[0]
2025-02-04T00:28:24+01:00,[60],[0]
2025-02-04T00:28:22+01:00,[60],[0]
2025-02-04T00:28:20+01:00,[60],[0]
2025-02-04T00:28:19+01:00,[60],[0]
2025-02-04T00:28:17+01:00,[60],[0]
2025-02-04T00:28:16+01:00,[60],[0]
2025-02-04T00:28:14+01:00,[60],[0]
2025-02-04T00:28:13+01:00,[60],[0]
2025-02-04T00:28:11+01:00,[60],[0]
2025-02-04T00:28:10+01:00,[60],[0]
2025-02-04T00:28:08+01:00,[60],[0]
2025-02-04T00:28:07+01:00,[60],[0]
2025-02-04T00:28:06+01:00,[60],[0]
2025-02-04T00:28:04+01:00,[60],[0]
2025-02-04T00:28:02+01:00,[60],[0]
2025-02-04T00:28:00+01:00,[60],[0]
2025-02-04T00:27:58+01:00,[60],[0]
2025-02-04T00:27:56+01:00,[60],[0]
2025-02-04T00:27:54+01:00,[60],[0]
2025-02-04T00:27:52+01:00,[60],[0]
2025-02-04T00:27:50+01:00,[60],[0]
2025-02-04T00:27:48+01:00,[60],[0]
2025-02-04T00:27:46+01:00,[60],[0]
2025-02-04T00:27:44+01:00,[60],[0]
2025-02-04T00:27:42+01:00,[60],[0]
2025-02-04T00:27:40+01:00,[60],[0]
2025-02-04T00:27:38+01:00,[60],[0.079]
2025-02-04T00:27:36+01:00,[60],[0]
2025-02-04T00:27:34+01:00,[60],[0]
2025-02-04T00:27:32+01:00,[60],[0]
2025-02-04T00:27:30+01:00,[60],[0]
2025-02-04T00:27:28+01:00,[60],[0]
2025-02-04T00:27:26+01:00,[60],[0]
2025-02-04T00:27:24+01:00,[60],[0]
2025-02-04T00:27:22+01:00,[60],[0]
2025-02-04T00:27:20+01:00,[60],[0]
2025-02-04T00:27:18+01:00,[60],[0]
2025-02-04T00:27:16+01:00,[60],[0]
2025-02-04T00:27:14+01:00,[60],[0]
2025-02-04T00:27:12+01:00,[60],[0]
2025-02-04T00:27:10+01:00,[60],[0]
2025-02-04T00:27:08+01:00,[60],[0.025]
2025-02-04T00:27:06+01:00,[60],[0]
2025-02-04T00:27:04+01:00,[60],[0]
2025-02-04T00:27:02+01:00,[60],[0]
2025-02-04T00:27:00+01:00,[60],[0]
2025-02-04T00:26:58+01:00,[60],[0]
2025-02-04T00:26:56+01:00,[60],[0]
2025-02-04T00:26:54+01:00,[60],[0]
2025-02-04T00:26:52+01:00,[60],[0]
2025-02-04T00:26:50+01:00,[60],[0]
2025-02-04T00:26:48+01:00,[60],[0.202]
2025-02-04T00:26:46+01:00,[60],[0]
2025-02-04T00:26:44+01:00,[60],[0]
2025-02-04T00:26:42+01:00,[60],[0]
2025-02-04T00:26:40+01:00,[60],[0]
2025-02-04T00:26:38+01:00,[60],[0]
2025-02-04T00:26:36+01:00,[60],[0]
2025-02-04T00:26:34+01:00,[60],[0]
2025-02-04T00:26:32+01:00,[60],[0]
2025-02-04T00:26:30+01:00,[60],[0]
2025-02-04T00:26:28+01:00,[60],[0]
2025-02-04T00:26:26+01:00,[60],[0]
2025-02-04T00:26:24+01:00,[60],[0]
2025-02-04T00:26:22+01:00,[60],[0]
2025-02-04T00:26:20+01:00,[60],[0]
2025-02-04T00:26:18+01:00,[60],[0]
2025-02-04T00:26:16+01:00,[60],[0]
2025-02-04T00:26:14+01:00,[60],[0]
2025-02-04T00:26:12+01:00,[60],[0]
2025-02-04T00:26:10+01:00,[60],[0]
2025-02-04T00:26:08+01:00,[60],[0.036]
2025-02-04T00:26:06+01:00,[60],[0]
2025-02-04T00:26:04+01:00,[60],[0]
2025-02-04T00:26:02+01:00,[60],[0]
2025-02-04T00:26:01+01:00,[60],[0.03]
2025-02-04T00:25:59+01:00,[60],[0]
2025-02-04T00:25:57+01:00,[60],[0.023]
2025-02-04T00:25:55+01:00,[60],[0]
2025-02-04T00:25:53+01:00,[60],[0]
2025-02-04T00:25:51+01:00,[60],[0.018]
2025-02-04T00:25:49+01:00,[60],[0]
2025-02-04T00:25:47+01:00,[60],[0]
2025-02-04T00:25:45+01:00,[60],[0.091]
2025-02-04T00:25:43+01:00,[60],[0]
2025-02-04T00:25:41+01:00,[60],[0.205]
2025-02-04T00:25:39+01:00,[60],[0]
2025-02-04T00:25:37+01:00,[60],[0]
2025-02-04T00:25:35+01:00,[60],[0]
2025-02-04T00:25:33+01:00,[60],[0]
2025-02-04T00:25:31+01:00,[60],[0]
2025-02-04T00:25:29+01:00,[60],[0]
2025-02-04T00:25:27+01:00,[60],[0]
2025-02-04T00:25:25+01:00,[60],[0]
2025-02-04T00:25:23+01:00,[60],[0]
2025-02-04T00:25:21+01:00,[60],[0]
2025-02-04T00:25:19+01:00,[60],[0]
2025-02-04T00:25:17+01:00,[60],[0]
2025-02-04T00:25:15+01:00,[60],[0]
2025-02-04T00:25:13+01:00,[60],[0]
2025-02-04T00:25:11+01:00,[60],[0]
2025-02-04T00:25:09+01:00,[60],[0]
2025-02-04T00:25:07+01:00,[60],[0]
2025-02-04T00:25:06+01:00,[60],[0.038]
2025-02-04T00:25:04+01:00,[60],[0]
2025-02-04T00:25:02+01:00,[60],[0]
2025-02-04T00:25:00+01:00,[60],[0]
2025-02-04T00:24:58+01:00,[60],[0]
2025-02-04T00:24:56+01:00,[60],[0.795]
2025-02-04T00:24:54+01:00,[60],[0.015]
2025-02-04T00:24:52+01:00,[60],[0]
2025-02-04T00:24:50+01:00,[60],[0]
2025-02-04T00:24:48+01:00,[60],[0]
2025-02-04T00:24:46+01:00,[60],[0]
2025-02-04T00:24:44+01:00,[60],[0]
2025-02-04T00:24:42+01:00,[60],[0]
2025-02-04T00:24:40+01:00,[60],[0]
2025-02-04T00:24:38+01:00,[60],[0]
2025-02-04T00:24:36+01:00,[60],[0]
2025-02-04T00:24:34+01:00,[60],[0]
2025-02-04T00:24:32+01:00,[60],[0]
2025-02-04T00:24:30+01:00,[60],[0]
2025-02-04T00:24:28+01:00,[60],[0]
2025-02-04T00:24:26+01:00,[60],[0]
2025-02-04T00:24:24+01:00,[60],[0]
2025-02-04T00:24:22+01:00,[60],[0]
2025-02-04T00:24:20+01:00,[60],[0]
2025-02-04T00:24:18+01:00,[60],[0]
2025-02-04T00:24:16+01:00,[60],[0]
2025-02-04T00:24:14+01:00,[60],[0]
2025-02-04T00:24:12+01:00,[60],[0]
2025-02-04T00:24:10+01:00,[60],[0]
2025-02-04T00:24:08+01:00,[60],[0]
2025-02-04T00:24:07+01:00,[60],[0]
2025-02-04T00:24:05+01:00,[60],[0]
2025-02-04T00:24:04+01:00,[60],[0]
2025-02-04T00:24:02+01:00,[60],[0]
2025-02-04T00:24:01+01:00,[60],[0]
2025-02-04T00:23:59+01:00,[60],[0]
2025-02-04T00:23:58+01:00,[60],[0]
2025-02-04T00:23:56+01:00,[60],[0]
2025-02-04T00:23:55+01:00,[60],[0]
2025-02-04T00:23:53+01:00,[60],[0]
2025-02-04T00:23:51+01:00,[60],[0]
2025-02-04T00:23:49+01:00,[60],[0]
2025-02-04T00:23:47+01:00,[60],[0]
2025-02-04T00:23:45+01:00,[60],[0]
2025-02-04T00:23:43+01:00,[60],[0]
2025-02-04T00:23:41+01:00,[60],[0]
2025-02-04T00:23:39+01:00,[60],[0]
2025-02-04T00:23:37+01:00,[60],[0]
2025-02-04T00:23:35+01:00,[60],[0]
2025-02-04T00:23:33+01:00,[60],[0]
2025-02-04T00:23:31+01:00,[60],[0]
2025-02-04T00:23:29+01:00,[60],[0]
2025-02-04T00:23:27+01:00,[60],[0]
2025-02-04T00:23:25+01:00,[60],[0]
2025-02-04T00:23:23+01:00,[60],[0]
2025-02-04T00:23:21+01:00,[60],[0]
2025-02-04T00:23:19+01:00,[60],[0]
2025-02-04T00:23:17+01:00,[60],[0]
2025-02-04T00:23:15+01:00,[60],[0]
2025-02-04T00:23:13+01:00,[60],[0]
2025-02-04T00:23:11+01:00,[60],[0]
2025-02-04T00:23:09+01:00,[60],[0]
2025-02-04T00:23:07+01:00,[60],[0]
2025-02-04T00:23:05+01:00,[60],[0]
2025-02-04T00:23:03+01:00,[60],[0]
2025-02-04T00:23:01+01:00,[60],[0]
2025-02-04T00:22:59+01:00,[60],[0]
2025-02-04T00:22:57+01:00,[60],[0]
2025-02-04T00:22:55+01:00,[60],[0]
2025-02-04T00:22:53+01:00,[60],[0]
2025-02-04T00:22:51+01:00,[60],[0]
2025-02-04T00:22:49+01:00,[60],[0]
2025-02-04T00:22:47+01:00,[60],[0]
2025-02-04T00:22:45+01:00,[60],[0]
2025-02-04T00:22:43+01:00,[60],[0]
2025-02-04T00:22:41+01:00,[60],[0]
2025-02-04T00:22:39+01:00,[60],[0]
2025-02-04T00:22:37+01:00,[60],[0]
2025-02-04T00:22:35+01:00,[60],[0]
2025-02-04T00:22:33+01:00,[60],[0]
2025-02-04T00:22:31+01:00,[60],[0]
2025-02-04T00:22:29+01:00,[60],[0]
2025-02-04T00:22:27+01:00,[60],[0]
2025-02-04T00:22:25+01:00,[60],[0.031]
2025-02-04T00:22:23+01:00,[60],[0.034]
2025-02-04T00:22:21+01:00,[60],[0]
2025-02-04T00:22:19+01:00,[60],[0]
2025-02-04T00:22:17+01:00,[60],[0]
2025-02-04T00:22:15+01:00,[60],[0]
2025-02-04T00:22:13+01:00,[60],[0]
2025-02-04T00:22:11+01:00,[60],[0]
2025-02-04T00:22:09+01:00,[60],[0]
2025-02-04T00:22:07+01:00,[60],[0]
2025-02-04T00:22:05+01:00,[60],[0]
2025-02-04T00:22:03+01:00,[60],[0]
2025-02-04T00:22:01+01:00,[60],[0]
2025-02-04T00:21:59+01:00,[60],[0]
2025-02-04T00:21:58+01:00,[60],[0]
2025-02-04T00:21:56+01:00,[60],[0]
2025-02-04T00:21:55+01:00,[60],[0]
2025-02-04T00:21:54+01:00,[60],[0]
2025-02-04T00:21:26+01:00,[60],[0]
2025-02-04T00:21:24+01:00,[60],[0]
2025-02-04T00:21:22+01:00,[60],[0]
2025-02-04T00:21:20+01:00,[60],[0.425]
2025-02-04T00:21:18+01:00,[60],[0]
2025-02-04T00:21:16+01:00,[60],[0]
2025-02-04T00:21:14+01:00,[60],[0]
2025-02-04T00:21:12+01:00,[60],[0]
2025-02-04T00:21:10+01:00,[60],[0]
2025-02-04T00:21:08+01:00,[60],[0]
2025-02-04T00:21:06+01:00,[60],[0.062]
2025-02-04T00:21:04+01:00,[60],[0.012]
2025-02-04T00:21:02+01:00,[60],[0]
2025-02-04T00:21:00+01:00,[60],[0]
2025-02-04T00:20:58+01:00,[60],[0]
2025-02-04T00:20:56+01:00,[60],[0]
2025-02-04T00:20:54+01:00,[60],[0]
2025-02-04T00:20:52+01:00,[60],[0]
2025-02-04T00:20:50+01:00,[60],[0]
2025-02-04T00:20:48+01:00,[60],[0]
2025-02-04T00:20:46+01:00,[60],[0]
2025-02-04T00:20:44+01:00,[60],[0.038]
2025-02-04T00:20:42+01:00,[60],[0]
2025-02-04T00:20:40+01:00,[60],[0.065]
2025-02-04T00:20:38+01:00,[60],[0]
2025-02-04T00:20:36+01:00,[60],[0]
2025-02-04T00:20:34+01:00,[60],[0.084]
2025-02-04T00:20:32+01:00,[60],[0.011]
2025-02-04T00:20:30+01:00,[60],[0.057]
2025-02-04T00:20:28+01:00,[60],[0]
2025-02-04T00:20:26+01:00,[60],[0.043]
2025-02-04T00:20:24+01:00,[60],[0]
2025-02-04T00:20:22+01:00,[60],[0.018]
2025-02-04T00:20:20+01:00,[60],[0.115]
2025-02-04T00:20:18+01:00,[60],[0]
2025-02-04T00:20:16+01:00,[60],[0.078]
2025-02-04T00:20:14+01:00,[60],[0]
2025-02-04T00:20:12+01:00,[60],[0.431]
2025-02-04T00:20:10+01:00,[60],[0.203]
2025-02-04T00:20:08+01:00,[60],[0.01]
2025-02-04T00:20:06+01:00,[60],[0]
2025-02-04T00:20:04+01:00,[60],[0]
2025-02-04T00:20:02+01:00,[60],[0.226]
2025-02-04T00:20:00+01:00,[60],[0]
2025-02-04T00:19:58+01:00,[60],[0]
2025-02-04T00:19:56+01:00,[60],[0]
2025-02-04T00:19:55+01:00,[60],[0]
2025-02-04T00:19:53+01:00,[60],[0]
2025-02-04T00:19:52+01:00,[60],[0]
2025-02-04T00:19:50+01:00,[60],[0]
2025-02-04T00:19:49+01:00,[60],[0]
2025-02-04T00:19:47+01:00,[60],[0]
2025-02-04T00:19:46+01:00,[60],[0]
2025-02-04T00:19:44+01:00,[60],[0.04]
2025-02-04T00:19:43+01:00,[60],[0]
2025-02-04T00:19:41+01:00,[60],[0]
2025-02-04T00:19:39+01:00,[60],[0.011]
2025-02-04T00:19:37+01:00,[60],[0.018]
2025-02-04T00:19:35+01:00,[60],[0.016]
2025-02-04T00:19:33+01:00,[60],[0.005]
2025-02-04T00:19:31+01:00,[60],[0.011]
2025-02-04T00:19:29+01:00,[60],[0.003]
2025-02-04T00:19:27+01:00,[60],[0.017]
2025-02-04T00:19:25+01:00,[60],[0.004]
2025-02-04T00:19:23+01:00,[60],[0.014]
2025-02-04T00:19:21+01:00,[60],[0.009]
2025-02-04T00:19:19+01:00,[60],[0.009]
2025-02-04T00:19:17+01:00,[60],[0.012]
2025-02-04T00:19:15+01:00,[60],[0.004]
2025-02-04T00:19:13+01:00,[60],[0.01]
2025-02-04T00:19:11+01:00,[60],[0.005]
2025-02-04T00:19:09+01:00,[60],[0.023]
2025-02-04T00:19:07+01:00,[60],[0.038]
2025-02-04T00:19:05+01:00,[60],[0.021]
2025-02-04T00:19:03+01:00,[60],[0.034]
2025-02-04T00:19:01+01:00,[60],[0.039]
2025-02-04T00:18:59+01:00,[60],[0.044]
2025-02-04T00:18:57+01:00,[60],[0.059]
2025-02-04T00:18:55+01:00,[60],[0.026]
2025-02-04T00:18:53+01:00,[60],[0.029]
2025-02-04T00:18:51+01:00,[60],[0.099]
2025-02-04T00:18:49+01:00,[60],[0.028]
2025-02-04T00:18:47+01:00,[60],[0.026]
2025-02-04T00:18:45+01:00,[60],[0.021]
2025-02-04T00:18:43+01:00,[60],[0.019]
2025-02-04T00:18:41+01:00,[60],[0.011]
2025-02-04T00:18:39+01:00,[60],[0.023]
2025-02-04T00:18:37+01:00,[60],[0.036]
2025-02-04T00:18:35+01:00,[60],[0.004]
2025-02-04T00:18:33+01:00,[60],[0.004]
2025-02-04T00:18:31+01:00,[60],[0.015]
2025-02-04T00:18:29+01:00,[60],[0.01]
2025-02-04T00:18:27+01:00,[60],[0.03]
2025-02-04T00:18:25+01:00,[60],[0.007]
2025-02-04T00:18:23+01:00,[60],[0.022]
2025-02-04T00:18:21+01:00,[60],[0.019]
2025-02-04T00:18:19+01:00,[60],[0.005]
2025-02-04T00:18:17+01:00,[60],[0.018]
2025-02-04T00:18:15+01:00,[60],[0.028]
2025-02-04T00:18:13+01:00,[60],[0.003]
2025-02-04T00:18:11+01:00,[60],[0.011]
2025-02-04T00:18:09+01:00,[60],[0.012]
2025-02-04T00:18:07+01:00,[60],[0.012]
2025-02-04T00:18:05+01:00,[60],[0.01]
2025-02-04T00:18:03+01:00,[60],[0.05]
2025-02-04T00:18:01+01:00,[60],[0.005]
2025-02-04T00:17:59+01:00,[60],[0.014]
2025-02-04T00:17:57+01:00,[60],[0.033]
2025-02-04T00:17:55+01:00,[60],[0.016]
2025-02-04T00:17:53+01:00,[60],[0.569]
2025-02-04T00:17:52+01:00,[60],[0.016]
2025-02-04T00:17:50+01:00,[60],[0.117]
2025-02-04T00:17:48+01:00,[60],[0.067]
2025-02-04T00:17:47+01:00,[60],[0.095]
2025-02-04T00:17:46+01:00,[60],[0.009]
2025-02-04T00:17:44+01:00,[60],[0.071]
2025-02-04T00:17:42+01:00,[60],[0.052]
2025-02-04T00:17:41+01:00,[60],[0.093]
2025-02-04T00:17:39+01:00,[60],[0.135]
2025-02-04T00:17:38+01:00,[60],[0.093]
2025-02-04T00:17:36+01:00,[60],[0.072]
2025-02-04T00:17:34+01:00,[60],[0.019]
2025-02-04T00:17:32+01:00,[60],[0.116]
2025-02-04T00:17:30+01:00,[60],[0.049]
2025-02-04T00:17:28+01:00,[60],[0.063]
2025-02-04T00:17:26+01:00,[60],[0.113]
2025-02-04T00:17:24+01:00,[60],[0.184]
2025-02-04T00:17:22+01:00,[60],[0.25]
2025-02-04T00:17:20+01:00,[60],[0.164]
2025-02-04T00:17:18+01:00,[60],[0.192]
2025-02-04T00:17:16+01:00,[60],[0.142]
2025-02-04T00:17:14+01:00,[60],[0.048]
2025-02-04T00:17:12+01:00,[60],[0.298]
2025-02-04T00:17:10+01:00,[60],[0.139]
2025-02-04T00:17:08+01:00,[60],[0.172]
2025-02-04T00:17:06+01:00,[60],[0.126]
2025-02-04T00:17:04+01:00,[60],[0.065]
2025-02-04T00:17:02+01:00,[60],[0.024]
2025-02-04T00:17:00+01:00,[60],[0.043]
2025-02-04T00:16:58+01:00,[60],[0.01]
2025-02-04T00:16:56+01:00,[60],[0.022]
2025-02-04T00:16:54+01:00,[60],[0.02]
2025-02-04T00:16:52+01:00,[60],[0.031]
2025-02-04T00:16:50+01:00,[60],[0.014]
2025-02-04T00:16:48+01:00,[60],[0.015]
2025-02-04T00:16:46+01:00,[60],[0.023]
2025-02-04T00:16:44+01:00,[60],[0.02]
2025-02-04T00:16:42+01:00,[60],[0.039]
2025-02-04T00:16:40+01:00,[60],[0.023]
2025-02-04T00:16:38+01:00,[60],[0.014]
2025-02-04T00:16:36+01:00,[60],[0.025]
2025-02-04T00:16:34+01:00,[60],[0.016]
2025-02-04T00:16:32+01:00,[60],[0]
2025-02-04T00:16:30+01:00,[60],[0.014]
2025-02-04T00:16:28+01:00,[60],[0]
2025-02-04T00:16:26+01:00,[60],[0.267]
2025-02-04T00:16:24+01:00,[60],[0.239]
2025-02-04T00:16:22+01:00,[60],[0.474]
2025-02-04T00:16:20+01:00,[60],[0.007]
2025-02-04T00:16:18+01:00,[60],[0.009]
2025-02-04T00:16:16+01:00,[60],[0.016]
2025-02-04T00:16:14+01:00,[60],[0.024]
2025-02-04T00:16:12+01:00,[60],[0]
2025-02-04T00:16:10+01:00,[60],[0.034]
2025-02-04T00:16:08+01:00,[60],[0]
2025-02-04T00:16:06+01:00,[60],[0.014]
2025-02-04T00:16:04+01:00,[60],[0.003]
2025-02-04T00:16:02+01:00,[60],[0.02]
2025-02-04T00:16:00+01:00,[60],[0.018]
2025-02-04T00:15:58+01:00,[60],[0]
2025-02-04T00:15:56+01:00,[60],[0]
2025-02-04T00:15:54+01:00,[60],[0.014]
2025-02-04T00:15:52+01:00,[60],[0.02]
2025-02-04T00:15:50+01:00,[60],[0.012]
2025-02-04T00:15:48+01:00,[60],[0.006]
2025-02-04T00:15:47+01:00,[60],[0.013]
2025-02-04T00:15:45+01:00,[60],[0.017]
2025-02-04T00:15:44+01:00,[60],[0.033]
2025-02-04T00:15:42+01:00,[60],[0.01]
2025-02-04T00:15:41+01:00,[60],[0.015]
2025-02-04T00:15:39+01:00,[60],[0.01]
2025-02-04T00:15:38+01:00,[60],[0.021]
2025-02-04T00:15:36+01:00,[60],[0.011]
2025-02-04T00:15:35+01:00,[60],[0.022]
2025-02-04T00:15:33+01:00,[60],[0]
2025-02-04T00:15:32+01:00,[60],[0]
2025-02-04T00:15:30+01:00,[60],[0.012]
2025-02-04T00:15:28+01:00,[60],[0.17]
2025-02-04T00:15:26+01:00,[60],[0.008]
2025-02-04T00:15:24+01:00,[60],[0.013]
2025-02-04T00:15:22+01:00,[60],[0.027]
2025-02-04T00:15:20+01:00,[60],[0.019]
2025-02-04T00:15:18+01:00,[60],[0.015]
2025-02-04T00:15:16+01:00,[60],[0.018]
2025-02-04T00:15:14+01:00,[60],[0.019]
2025-02-04T00:15:12+01:00,[60],[0.037]
2025-02-04T00:15:10+01:00,[60],[0.025]
2025-02-04T00:15:08+01:00,[60],[0.214]
2025-02-04T00:15:06+01:00,[60],[0.043]
2025-02-04T00:15:04+01:00,[60],[0.116]
2025-02-04T00:15:02+01:00,[60],[0.288]
2025-02-04T00:15:00+01:00,[60],[0.602]
2025-02-04T00:14:58+01:00,[60],[0.029]
2025-02-04T00:14:56+01:00,[60],[0.015]
2025-02-04T00:14:54+01:00,[60],[0.052]
2025-02-04T00:14:52+01:00,[60],[0.004]
2025-02-04T00:14:50+01:00,[60],[0.027]
2025-02-04T00:14:48+01:00,[60],[0.018]
2025-02-04T00:14:46+01:00,[60],[0.02]
2025-02-04T00:14:44+01:00,[60],[0.024]
2025-02-04T00:14:42+01:00,[60],[0.018]
2025-02-04T00:14:40+01:00,[60],[0.004]
2025-02-04T00:14:38+01:00,[60],[0.043]
2025-02-04T00:14:36+01:00,[60],[0.024]
2025-02-04T00:14:34+01:00,[60],[0.078]
2025-02-04T00:14:32+01:00,[60],[0.011]
2025-02-04T00:14:30+01:00,[60],[0.018]
2025-02-04T00:14:28+01:00,[60],[0.011]
2025-02-04T00:14:26+01:00,[60],[0.026]
2025-02-04T00:14:24+01:00,[60],[0.038]
2025-02-04T00:14:22+01:00,[60],[0.023]
2025-02-04T00:14:20+01:00,[60],[0.035]
2025-02-04T00:14:18+01:00,[60],[0]
2025-02-04T00:14:16+01:00,[60],[0.017]
2025-02-04T00:14:14+01:00,[60],[0.019]
2025-02-04T00:14:12+01:00,[60],[0.078]
2025-02-04T00:14:10+01:00,[60],[0.117]
2025-02-04T00:14:08+01:00,[60],[0.403]
2025-02-04T00:14:06+01:00,[60],[0.128]
2025-02-04T00:14:04+01:00,[60],[0.194]
2025-02-04T00:14:02+01:00,[60],[0.063]
2025-02-04T00:14:00+01:00,[60],[0.083]
2025-02-04T00:13:58+01:00,[60],[0.107]
2025-02-04T00:13:56+01:00,[60],[0.16]
2025-02-04T00:13:54+01:00,[60],[0.053]
2025-02-04T00:13:52+01:00,[60],[0.019]
2025-02-04T00:13:50+01:00,[60],[0.02]
2025-02-04T00:13:48+01:00,[60],[0.073]
2025-02-04T00:13:46+01:00,[60],[0.041]
2025-02-04T00:13:44+01:00,[60],[0.169]
2025-02-04T00:13:43+01:00,[60],[0.264]
2025-02-04T00:13:41+01:00,[60],[0]
2025-02-04T00:13:39+01:00,[60],[0.016]
2025-02-04T00:13:38+01:00,[60],[0.009]
2025-02-04T00:13:36+01:00,[60],[0]
2025-02-04T00:13:35+01:00,[60],[0]
2025-02-04T00:13:33+01:00,[60],[0.112]
2025-02-04T00:13:32+01:00,[60],[0.112]
2025-02-04T00:13:30+01:00,[60],[0.122]
2025-02-04T00:13:28+01:00,[60],[0.178]
2025-02-04T00:13:26+01:00,[60],[0.517]
2025-02-04T00:13:24+01:00,[60],[0.618]
2025-02-04T00:13:23+01:00,[60],[1.053]
2025-02-04T00:13:21+01:00,[60],[-1]
2025-02-04T00:13:19+01:00,[60],[-1]
2025-02-04T00:13:18+01:00,[60],[-1]
2025-02-04T00:13:06+01:00,[60],[-1]
2025-02-04T00:12:57+01:00,[60],[-1]
2024-08-09T04:47:09+02:00,[60],[1.237]
2024-08-09T04:08:34+02:00,[60],[0.01]
2024-08-09T04:08:09+02:00,[60],[0]
2024-08-09T04:08:05+02:00,[60],[0]
2024-08-09T04:08:03+02:00,[60],[0]
2024-08-09T04:08:01+02:00,[60],[0]
2024-08-09T04:07:59+02:00,[60],[-1]
2024-08-09T04:07:29+02:00,[60],[0]
2024-08-09T04:07:27+02:00,[60],[0]
2024-08-09T04:07:25+02:00,[60],[0]
2024-08-09T04:06:49+02:00,[60],[-1]
2024-08-09T04:05:21+02:00,[60],[-1]
