start,duration,value
2026-07-18T05:02:13+02:00,[35],[0]
2026-07-18T05:01:00+02:00,[52],[0.11]
2026-07-18T04:01:16+02:00,[67],[0.03]
2026-07-18T03:46:58+02:00,[66],[0.02]
2026-07-18T03:45:49+02:00,[15],[0]
2026-07-17T07:59:45+02:00,[67],[0]
2026-07-17T07:25:00+02:00,[71],[0.67]
2026-07-17T07:11:14+02:00,[52],[0]
2026-07-16T23:38:25+02:00,[43],[0]
2026-07-16T22:53:48+02:00,[32],[0.06]
2026-07-14T07:41:20+02:00,[19],[0]
2026-07-14T06:10:38+02:00,[124],[0.01]
2026-07-14T06:08:50+02:00,[97],[0]
2026-07-14T06:07:45+02:00,[48],[0]
2026-07-14T03:48:11+02:00,[65],[0.03]
2026-07-14T03:47:05+02:00,[23],[0.14]
2026-07-14T03:36:24+02:00,[163],[0]
2026-07-14T03:29:18+02:00,"[300,100]","[0,0]"
2026-07-14T03:24:18+02:00,[299],[0]
2026-07-14T03:19:19+02:00,[204],[0.01]
2026-07-14T03:17:10+02:00,[54],[0]
2026-07-14T03:15:18+02:00,[92],[0]
2026-07-14T03:07:25+02:00,[26],[0]
2026-07-14T03:04:49+02:00,[128],[0.01]
2026-07-14T03:02:24+02:00,[120],[0]
2026-07-14T02:58:36+02:00,[157],[0.01]
2026-07-14T02:53:31+02:00,[72],[0]
2026-07-14T02:02:14+02:00,[95],[0]
2026-07-14T01:59:43+02:00,[31],[0]
2026-07-14T01:44:34+02:00,[119],[0]
2026-07-14T01:42:34+02:00,[53],[0]
2026-07-14T01:31:17+02:00,[65],[0.12]
2026-07-14T01:01:00+02:00,[17],[0]
2026-07-14T00:41:36+02:00,[68],[0]
2026-07-14T00:35:56+02:00,[27],[0]
2026-07-14T00:32:19+02:00,[202],[0]
2026-07-14T00:29:46+02:00,[136],[0.08]
2026-07-14T00:22:50+02:00,[15],[0.4]
2026-07-13T23:24:37+02:00,[20],[0.06]
2026-07-13T23:23:46+02:00,[33],[0]
2026-07-13T23:12:32+02:00,[90],[0.02]
2026-07-13T23:07:16+02:00,[27],[0.13]
2026-07-13T23:05:20+02:00,[38],[0.17]
2026-07-13T23:00:30+02:00,[23],[0.3]
2026-07-13T22:58:34+02:00,[36],[0.13]
2026-07-13T22:57:45+02:00,[38],[0]
2026-07-13T22:49:49+02:00,[15],[0]
2026-07-13T22:41:00+02:00,[86],[0]
2026-07-13T22:38:16+02:00,[66],[0.07]
2026-07-13T20:50:42+02:00,[43],[0.19]
2026-07-13T20:30:07+02:00,[34],[0]
2026-07-13T20:17:08+02:00,[35],[0]
2026-07-13T20:14:38+02:00,[69],[0]
2026-07-13T02:56:59+02:00,[49],[0]
2026-07-13T02:55:51+02:00,[41],[0]
2026-07-13T02:46:02+02:00,[28],[0.17]
2026-07-13T02:36:02+02:00,[17],[0]
2026-07-13T01:41:54+02:00,[24],[0]
2026-07-13T00:50:54+02:00,[32],[0]
2026-07-13T00:39:22+02:00,[104],[0]
2026-07-12T05:53:01+02:00,[94],[0]
2026-07-12T05:46:49+02:00,"[299,35]","[0,0]"
2026-07-12T05:41:48+02:00,[300],[0]
2026-07-12T05:40:54+02:00,[41],[0]
2026-07-12T05:37:41+02:00,[174],[0]
2026-07-12T05:35:59+02:00,[87],[0]
2026-07-12T04:42:04+02:00,[24],[0]
2026-07-12T04:05:38+02:00,[41],[0]
2026-07-12T03:45:30+02:00,[78],[0.02]
2026-07-12T02:46:22+02:00,[32],[0]
2026-07-12T02:25:07+02:00,[157],[0]
2026-07-12T02:22:05+02:00,[16],[0]
2026-07-12T02:20:47+02:00,[39],[0]
2026-07-12T02:16:29+02:00,[135],[0.01]
2026-07-12T02:15:30+02:00,[29],[0.15]
2026-07-12T01:52:33+02:00,[72],[0]
2026-07-12T01:49:24+02:00,[155],[0.02]
2026-07-12T01:46:41+02:00,[91],[0.01]
2026-07-12T01:40:35+02:00,[39],[0.04]
2026-07-11T01:27:40+02:00,[37],[0.05]
2026-07-11T00:18:02+02:00,[30],[0]
2026-07-10T07:53:58+02:00,[80],[0.04]
2026-07-09T04:00:33+02:00,[46],[0]
2026-07-09T03:51:02+02:00,[23],[0]
2026-07-09T03:43:18+02:00,[119],[0]
2026-07-09T03:42:21+02:00,[34],[0.07]
2026-07-09T03:39:43+02:00,[23],[0]
2026-07-09T03:38:08+02:00,[80],[0]
2026-07-09T03:27:57+02:00,[73],[0]
2026-07-09T03:26:04+02:00,[19],[0]
2026-07-09T03:21:50+02:00,[243],[0.05]
2026-07-09T03:19:53+02:00,[17],[0]
2026-07-09T03:14:02+02:00,[57],[0.04]
2026-07-09T02:58:12+02:00,[114],[0]
2026-07-09T02:33:38+02:00,[50],[0]
2026-07-07T05:23:38+02:00,[25],[0]
2026-07-07T05:02:15+02:00,[32],[0]
2026-07-07T04:37:28+02:00,[28],[0]
2026-07-07T03:58:39+02:00,[60],[0]
2026-07-07T03:34:55+02:00,[73],[0.09]
2026-07-07T03:22:57+02:00,[22],[0]
2026-07-07T03:19:04+02:00,[35],[0.05]
2026-07-07T03:15:55+02:00,[50],[0]
2026-07-07T03:10:26+02:00,[26],[0]
2026-07-07T02:53:53+02:00,[23],[0]
2026-07-07T02:48:56+02:00,[32],[0.06]
2026-07-07T01:57:33+02:00,[36],[0]
2026-07-07T01:37:06+02:00,[59],[0.4]
2026-07-07T01:33:27+02:00,[40],[0]
2026-07-07T01:31:18+02:00,[19],[0]
2026-07-06T05:11:16+02:00,[51],[0]
2026-07-05T03:51:26+02:00,[43],[0.03]
2026-07-05T03:49:29+02:00,[32],[0]
2026-07-05T03:41:37+02:00,[51],[0]
2026-07-05T03:10:55+02:00,[17],[0]
2026-07-05T02:12:57+02:00,[24],[0]
2026-07-05T01:36:41+02:00,[25],[0.2]
2026-07-02T03:25:56+02:00,[56],[0.03]
2026-07-02T02:42:03+02:00,[49],[0]
2026-07-02T01:56:01+02:00,[82],[0.04]
2026-07-02T01:45:33+02:00,[15],[0]
2026-07-02T01:38:55+02:00,[43],[0]
2026-07-02T00:32:00+02:00,[124],[0.41]
2026-07-02T00:24:38+02:00,[297],[0.05]
2026-07-01T23:02:49+02:00,[163],[0]
2026-07-01T22:58:01+02:00,[81],[0]
2026-07-01T06:25:15+02:00,[27],[0.09]
2026-07-01T06:24:39+02:00,[22],[0]
2026-07-01T06:23:25+02:00,[63],[0.17]
2026-07-01T06:22:33+02:00,[26],[0.13]
2026-07-01T05:58:43+02:00,[30],[0.07]
2026-07-01T05:56:43+02:00,[54],[0.03]
2026-07-01T05:40:35+02:00,[11],[0]
2026-07-01T01:42:58+02:00,[172],[0.01]
2026-06-30T22:08:02+02:00,[19],[0]
2026-06-30T22:07:03+02:00,[20],[0]
2026-06-30T22:04:09+02:00,[53],[0.03]
2026-06-30T22:02:49+02:00,[38],[0]
2026-06-30T22:00:38+02:00,[86],[0.02]
2026-06-30T06:59:37+02:00,[35],[0]
2026-06-30T06:07:45+02:00,[57],[0.38]
2026-06-30T05:41:04+02:00,[68],[0.21]
2026-06-29T03:21:37+02:00,[31],[0]
2026-06-29T02:36:26+02:00,[299],[0]
2026-06-29T02:06:29+02:00,[299],[0]
2026-06-29T02:01:03+02:00,[144],[0]
2026-06-29T01:38:04+02:00,[70],[0]
2026-06-29T01:31:09+02:00,[45],[0.06]
2026-06-29T01:28:59+02:00,[114],[0]
2026-06-29T01:23:58+02:00,[299],[0.01]
2026-06-28T02:28:41+02:00,[104],[0]
2026-06-28T01:49:35+02:00,[45],[0.04]
2026-06-28T01:37:59+02:00,[52],[0]
2026-06-28T01:37:07+02:00,[42],[0]
2026-06-28T01:35:02+02:00,[41],[0]
2026-06-28T01:30:50+02:00,[201],[0]
2026-06-28T01:29:10+02:00,[74],[0.04]
2026-06-28T01:17:35+02:00,[23],[0.1]
2026-06-28T01:11:06+02:00,[22],[0.2]
2026-06-28T00:39:08+02:00,[131],[0.01]
2026-06-28T00:37:34+02:00,[33],[0]
2026-06-27T23:09:32+02:00,[125],[0.02]
2026-06-27T23:08:02+02:00,[61],[0]
2026-06-27T23:07:18+02:00,[24],[0]
2026-06-27T23:06:45+02:00,[19],[0]
2026-06-27T06:02:47+02:00,[26],[0]
2026-06-27T06:01:43+02:00,[27],[0]
2026-06-27T06:00:37+02:00,[15],[0]
2026-06-27T05:48:57+02:00,[45],[0.05]
2026-06-27T05:48:21+02:00,[14],[0]
2026-06-27T05:43:23+02:00,[49],[0]
2026-06-27T05:39:35+02:00,[38],[0]
2026-06-27T03:58:06+02:00,[29],[0]
2026-06-26T07:25:20+02:00,[256],[0]
2026-06-26T07:16:42+02:00,[210],[0.02]
2026-06-26T07:07:22+02:00,[105],[0]
2026-06-26T07:05:55+02:00,[76],[0]
2026-06-26T07:04:27+02:00,[75],[0]
2026-06-25T08:29:20+02:00,[95],[0]
2026-06-25T05:47:04+02:00,[100],[0.01]
2026-06-25T01:56:05+02:00,[21],[0.2]
2026-06-25T01:53:55+02:00,[23],[0]
2026-06-25T01:44:14+02:00,[42],[0.04]
2026-06-25T01:42:48+02:00,[17],[0.17]
2026-06-25T01:39:24+02:00,[135],[0.01]
2026-06-25T01:38:05+02:00,[41],[0]
2026-06-25T01:30:16+02:00,[16],[0]
2026-06-23T07:22:51+02:00,[51],[0.06]
2026-06-23T07:12:36+02:00,[45],[0]
2026-06-23T06:58:02+02:00,[53],[0]
2026-06-23T06:55:51+02:00,[43],[0.03]
2026-06-23T06:48:42+02:00,[45],[0.06]
2026-06-23T06:46:34+02:00,[43],[0]
2026-06-23T06:39:21+02:00,[117],[0]
2026-06-23T06:36:24+02:00,[64],[0]
2026-06-23T06:33:30+02:00,[120],[0.02]
2026-06-23T06:30:45+02:00,[75],[0.02]
2026-06-23T06:27:17+02:00,[172],[0]
2026-06-23T06:22:15+02:00,[300],[0]
2026-06-23T06:19:11+02:00,[165],[0.02]
2026-06-22T06:21:31+02:00,[29],[0]
2026-06-22T03:15:43+02:00,[262],[0]
2026-06-22T03:03:26+02:00,[34],[0]
2026-06-22T02:58:01+02:00,[48],[0.03]
2026-06-22T02:30:05+02:00,[100],[0]
2026-06-22T02:27:00+02:00,[160],[0]
2026-06-22T02:26:17+02:00,[32],[0.06]
2026-06-22T02:20:32+02:00,[69],[0.05]
2026-06-22T00:00:23+02:00,[182],[0.02]
2026-06-21T23:59:14+02:00,[51],[0]
2026-06-21T04:48:50+02:00,[121],[0.02]
2026-06-21T04:47:42+02:00,[52],[0]
2026-06-21T04:45:25+02:00,[102],[0.01]
2026-06-21T04:43:55+02:00,[78],[0]
2026-06-21T04:38:53+02:00,[283],[0]
2026-06-21T04:37:08+02:00,[73],[0.02]
2026-06-21T04:34:38+02:00,[138],[0]
2026-06-21T04:32:54+02:00,[86],[0]
2026-06-21T04:31:25+02:00,[61],[0]
2026-06-21T04:26:25+02:00,[299],[0]
2026-06-21T01:19:34+02:00,[41],[0]
2026-06-21T01:05:01+02:00,[58],[0]
2026-06-19T03:33:03+02:00,[36],[0]
2026-06-19T02:25:58+02:00,"[299,34]","[0,0]"
2026-06-19T02:24:47+02:00,[59],[0]
2026-06-19T02:22:59+02:00,[69],[0.03]
2026-06-19T02:15:17+02:00,[19],[0]
2026-06-19T02:13:33+02:00,[25],[0]
2026-06-19T02:02:48+02:00,[29],[0]
2026-06-19T02:01:36+02:00,[15],[0.1]
2026-06-19T01:58:53+02:00,[24],[0]
2026-06-19T01:56:51+02:00,[79],[0.06]
2026-06-19T01:48:07+02:00,[31],[0.39]
2026-06-19T01:33:21+02:00,[147],[0.04]
2026-06-18T22:34:29+02:00,[258],[0.02]
2026-06-18T06:08:17+02:00,[84],[0]
2026-06-18T06:03:17+02:00,[293],[0]
2026-06-18T06:01:01+02:00,[116],[0]
2026-06-18T05:56:21+02:00,[266],[0.01]
2026-06-18T05:51:20+02:00,[297],[0]
2026-06-18T05:24:00+02:00,[56],[0]
2026-06-18T05:16:36+02:00,[53],[0.11]
2026-06-18T05:11:36+02:00,[49],[0.06]
2026-06-18T05:09:45+02:00,[45],[0]
2026-06-18T04:57:49+02:00,[75],[0.04]
2026-06-18T04:50:54+02:00,[121],[0.01]
2026-06-17T06:24:43+02:00,[25],[0.08]
2026-06-17T05:41:04+02:00,[23],[0]
2026-06-17T05:33:27+02:00,[51],[0]
2026-06-17T05:22:57+02:00,[27],[0.06]
2026-06-17T05:13:29+02:00,[21],[0.07]
2026-06-17T04:49:45+02:00,[29],[0.07]
2026-06-16T23:08:50+02:00,[31],[0]
2026-06-16T23:07:17+02:00,[24],[0.15]
2026-06-13T04:31:01+02:00,[42],[0]
2026-06-13T02:57:01+02:00,[40],[0]
2026-06-13T02:54:54+02:00,[65],[0]
2026-06-13T02:18:56+02:00,[39],[0]
2026-06-13T01:54:31+02:00,[110],[0]
2026-06-13T01:53:10+02:00,[70],[0]
2026-06-13T01:49:14+02:00,[25],[0.1]
2026-06-13T01:46:12+02:00,[35],[0]
2026-06-13T01:38:52+02:00,[35],[0]
2026-06-13T01:36:32+02:00,[20],[0]
2026-06-13T01:19:20+02:00,[47],[0.08]
2026-06-13T01:14:26+02:00,[44],[0]
2026-06-13T00:57:44+02:00,[47],[0]
2026-06-13T00:57:06+02:00,[26],[0]
2026-06-13T00:49:48+02:00,[21],[0]
2026-06-13T00:49:04+02:00,[31],[0]
2026-06-13T00:45:55+02:00,[22],[0]
2026-06-12T23:45:06+02:00,[23],[0.07]
2026-06-12T23:39:54+02:00,[120],[0.04]
2026-06-12T23:35:58+02:00,[35],[0]
2026-06-12T23:32:40+02:00,[44],[0]
2026-06-12T23:20:50+02:00,[92],[0]
2026-06-10T03:04:43+02:00,[66],[0.02]
2026-06-10T02:45:59+02:00,[43],[0]
2026-06-10T02:03:45+02:00,[64],[0]
2026-06-10T01:56:19+02:00,[28],[0]
2026-06-10T01:40:55+02:00,[84],[0]
2026-06-10T01:40:03+02:00,[24],[0]
2026-06-10T01:39:25+02:00,[24],[0]
2026-06-10T01:24:11+02:00,[45],[0]
2026-06-10T01:21:33+02:00,[146],[0]
2026-06-10T00:57:57+02:00,[225],[0.01]
2026-06-10T00:52:46+02:00,[197],[0]
2026-06-10T00:42:43+02:00,"[299,297]","[0.01,0]"
2026-06-10T00:32:43+02:00,"[299,300]","[0.01,0.02]"
2026-06-10T00:27:42+02:00,[300],[0.01]
2026-06-10T00:22:38+02:00,[300],[0.02]
2026-06-10T00:21:47+02:00,[27],[0.23]
2026-06-09T22:18:17+02:00,[73],[0.05]
2026-06-09T03:40:48+02:00,[36],[0]
2026-06-09T03:37:37+02:00,[64],[0]
2026-06-09T03:35:50+02:00,[20],[0.08]
2026-06-09T03:30:46+02:00,[16],[0]
2026-06-09T03:29:07+02:00,[30],[0]
2026-06-09T03:06:22+02:00,[51],[0]
2026-06-09T02:57:07+02:00,[32],[0]
2026-06-09T02:50:19+02:00,[33],[0.05]
2026-06-09T02:34:45+02:00,[20],[0]
2026-06-09T02:34:04+02:00,[30],[0]
2026-06-09T02:28:27+02:00,[29],[0.07]
2026-06-09T02:23:35+02:00,[19],[0]
2026-06-09T02:15:39+02:00,[42],[0.03]
2026-06-09T02:11:30+02:00,[28],[0]
2026-06-09T02:06:26+02:00,[29],[0.18]
2026-06-09T02:03:20+02:00,[18],[0]
2026-06-07T03:40:03+02:00,[45],[0]
2026-06-07T01:53:45+02:00,[52],[0]
2026-06-07T01:20:25+02:00,[61],[0.03]
2026-06-07T01:12:49+02:00,[36],[0]
2026-06-07T01:10:28+02:00,[65],[0.09]
2026-06-07T01:06:03+02:00,[23],[0]
2026-06-07T00:18:44+02:00,[36],[0]
2026-06-06T23:49:23+02:00,[44],[0]
2026-06-06T23:47:56+02:00,[28],[0]
2026-06-06T23:23:31+02:00,[30],[0]
2026-06-06T23:00:59+02:00,[27],[0.05]
2026-06-06T22:14:55+02:00,[28],[0.05]
2026-06-04T21:59:51+02:00,[37],[0.13]
2026-06-04T21:21:17+02:00,[56],[0.11]
2026-06-04T20:05:52+02:00,[55],[0]
2026-06-04T06:13:11+02:00,[45],[0]
2026-06-04T06:10:53+02:00,[47],[0.17]
2026-06-04T06:09:19+02:00,[38],[0]
2026-06-04T06:04:03+02:00,[30],[0.17]
2026-06-04T05:55:27+02:00,[37],[0]
2026-06-04T05:39:32+02:00,[51],[0]
2026-06-04T05:38:15+02:00,[35],[0]
2026-06-04T05:29:37+02:00,[51],[0.03]
2026-06-04T05:22:23+02:00,[27],[0]
2026-06-04T05:12:49+02:00,[22],[0.06]
2026-06-04T05:08:36+02:00,[24],[0]
2026-06-04T05:07:56+02:00,[23],[0]
2026-06-02T04:39:13+02:00,[34],[0.06]
2026-06-02T04:37:01+02:00,[107],[0]
2026-06-02T04:32:25+02:00,[173],[0.02]
2026-06-02T04:27:15+02:00,[233],[0]
2026-06-02T04:15:03+02:00,[70],[0]
2026-06-02T04:08:50+02:00,[76],[0]
2026-06-02T04:08:18+02:00,[21],[0]
2026-06-02T04:06:06+02:00,[65],[0]
2026-06-02T04:02:34+02:00,[191],[0]
2026-06-01T01:46:34+02:00,[80],[0]
2026-05-31T23:54:37+02:00,[46],[0]
2026-05-31T03:34:10+02:00,[32],[0]
2026-05-30T23:06:11+02:00,[16],[0.18]
2026-05-30T06:45:46+02:00,[15],[0]
2026-05-30T06:44:58+02:00,[24],[0]
2026-05-30T06:11:45+02:00,[46],[0]
2026-05-30T06:08:25+02:00,[43],[0]
2026-05-30T05:41:52+02:00,[23],[0]
2026-05-30T05:24:38+02:00,[211],[0]
2026-05-30T04:50:19+02:00,[210],[0]
2026-05-29T05:14:26+02:00,[56],[0]
2026-05-29T05:09:23+02:00,[298],[0]
2026-05-29T05:07:14+02:00,[21],[0.06]
2026-05-29T04:55:37+02:00,[113],[0.01]
2026-05-29T04:54:24+02:00,[33],[0]
2026-05-28T03:36:30+02:00,[28],[0]
2026-05-28T03:15:41+02:00,[22],[0]
2026-05-28T02:59:31+02:00,[22],[0]
2026-05-25T00:06:45+02:00,[179],[0.02]
2026-05-24T23:55:48+02:00,[184],[0]
2026-05-24T23:37:15+02:00,[46],[0]
2026-05-24T23:35:35+02:00,[35],[0]
2026-05-24T23:34:01+02:00,[18],[0]
2026-05-24T23:22:21+02:00,[59],[0]
2026-05-24T23:21:18+02:00,[17],[0]
2026-05-24T23:19:31+02:00,[29],[0.19]
2026-05-24T23:18:56+02:00,[23],[0.15]
2026-05-24T23:14:30+02:00,[119],[0.01]
2026-05-24T23:13:54+02:00,[24],[0.08]
2026-05-24T23:11:27+02:00,[26],[0]
2026-05-24T21:57:06+02:00,[25],[0.3]
2026-05-24T21:40:21+02:00,[150],[0.01]
2026-05-24T21:39:24+02:00,[38],[0]
2026-05-24T21:37:02+02:00,[67],[0.05]
2026-05-24T21:35:56+02:00,[34],[0.04]
2026-05-24T21:34:43+02:00,[31],[0]
2026-05-24T21:05:02+02:00,[220],[0.01]
2026-05-24T21:00:04+02:00,[51],[0.68]
2026-05-24T20:52:43+02:00,[27],[0.55]
2026-05-24T20:51:40+02:00,[23],[0.36]
2026-05-24T20:38:21+02:00,[68],[0.52]
2026-05-24T20:35:29+02:00,[32],[0.06]
2026-05-24T20:31:44+02:00,[108],[0.03]
2026-05-24T20:30:56+02:00,[23],[0.27]
2026-05-24T19:20:22+02:00,[29],[0]
2026-05-24T02:41:36+02:00,[55],[0]
2026-05-24T01:44:54+02:00,[47],[0]
2026-05-23T23:21:27+02:00,[36],[0]
2026-05-23T23:20:39+02:00,[35],[0]
2026-05-21T04:21:56+02:00,[50],[0]
2026-05-21T04:15:20+02:00,[57],[0.1]
2026-05-21T04:05:41+02:00,[33],[0]
2026-05-21T03:31:19+02:00,[28],[0.05]
2026-05-20T03:21:01+02:00,[95],[0]
2026-05-20T03:11:59+02:00,[20],[0.09]
2026-05-20T03:09:28+02:00,[131],[0.01]
2026-05-20T03:08:30+02:00,[41],[0]
2026-05-20T03:06:27+02:00,[13],[0]
2026-05-20T03:00:55+02:00,[23],[0.3]
2026-05-20T02:59:57+02:00,[40],[0.47]
2026-05-20T02:52:30+02:00,[16],[0.2]
2026-05-20T02:35:18+02:00,[56],[0]
2026-05-17T04:10:49+02:00,[31],[0]
2026-05-17T03:54:42+02:00,[36],[0]
2026-05-17T03:38:27+02:00,[76],[0]
2026-05-17T03:35:52+02:00,[42],[0.1]
2026-05-17T03:28:05+02:00,[101],[0]
2026-05-17T03:13:15+02:00,[13],[0]
2026-05-17T03:08:15+02:00,[22],[0]
2026-05-17T02:21:39+02:00,[17],[0.2]
2026-05-17T02:09:55+02:00,[45],[0]
2026-05-17T00:08:02+02:00,[29],[0.3]
2026-05-15T05:52:04+02:00,[37],[0]
2026-05-15T05:46:18+02:00,[36],[0]
2026-05-15T05:44:06+02:00,[25],[0]
2026-05-15T05:41:33+02:00,[30],[0]
2026-05-15T05:37:01+02:00,[25],[0]
2026-05-15T05:20:42+02:00,[26],[0]
2026-05-14T05:44:42+02:00,[167],[0]
2026-05-14T05:42:50+02:00,[46],[0.04]
2026-05-14T05:24:37+02:00,[15],[0]
2026-05-14T05:20:56+02:00,[16],[0]
2026-05-14T00:47:55+02:00,[67],[0.02]
2026-05-13T23:58:31+02:00,[77],[0.04]
2026-05-13T23:25:58+02:00,[25],[0]
2026-05-13T22:36:10+02:00,[16],[0]
2026-05-13T22:25:02+02:00,[83],[0.21]
2026-05-13T21:35:12+02:00,[31],[0.08]
2026-05-13T21:32:52+02:00,[76],[0.05]
2026-05-13T21:24:14+02:00,[43],[0.11]
2026-05-13T21:23:04+02:00,[58],[0]
2026-05-13T20:39:59+02:00,[24],[0]
2026-05-13T20:14:49+02:00,[69],[0]
2026-05-13T20:13:44+02:00,[34],[0.05]
2026-05-13T20:10:49+02:00,[40],[0]
2026-05-13T19:57:04+02:00,[34],[0]
2026-05-13T19:53:55+02:00,[89],[0.01]
2026-05-13T18:39:42+02:00,[79],[0.02]
2026-05-13T17:43:03+02:00,[93],[0]
2026-05-13T17:40:21+02:00,[109],[0]
2026-05-13T17:38:27+02:00,[75],[0]
2026-05-13T17:35:40+02:00,[152],[0.02]
2026-05-13T17:27:55+02:00,[209],[0]
2026-05-13T17:25:48+02:00,[48],[0]
2026-05-13T17:23:38+02:00,[76],[0]
2026-05-13T01:58:35+02:00,[170],[0]
2026-05-13T01:51:32+02:00,[27],[0]
2026-05-13T01:32:57+02:00,[116],[0.01]
2026-05-13T01:30:51+02:00,[82],[0]
2026-05-13T01:28:57+02:00,[102],[0]
2026-05-13T01:28:16+02:00,[26],[0.07]
2026-05-13T01:24:15+02:00,[150],[0.04]
2026-05-13T01:18:07+02:00,[178],[0.05]
2026-05-13T01:16:56+02:00,[27],[0]
2026-05-12T23:03:54+02:00,[53],[0.08]
2026-05-12T22:52:45+02:00,[57],[0.12]
2026-05-12T21:56:49+02:00,[50],[0.21]
2026-05-12T21:06:31+02:00,[29],[0]
2026-05-12T20:30:57+02:00,[19],[0]
2026-05-12T20:30:08+02:00,[32],[0.06]
2026-05-12T20:28:42+02:00,[59],[0]
2026-05-12T19:54:02+02:00,[58],[0]
2026-05-12T19:13:36+02:00,[153],[0]
2026-05-12T19:05:50+02:00,[270],[0]
2026-05-12T19:03:43+02:00,[56],[0]
2026-05-12T02:22:57+02:00,[77],[0.02]
2026-05-12T01:52:39+02:00,[209],[0]
2026-05-12T01:51:33+02:00,[52],[0]
2026-05-12T01:47:54+02:00,[114],[0]
2026-05-12T01:46:50+02:00,[49],[0]
2026-05-12T01:45:50+02:00,[34],[0]
2026-05-12T01:43:22+02:00,[48],[0]
2026-05-12T01:41:37+02:00,[64],[0]
2026-05-12T01:39:56+02:00,[90],[0]
2026-05-12T01:37:39+02:00,[78],[0]
2026-05-12T01:27:30+02:00,[145],[0]
2026-05-12T01:24:28+02:00,[165],[0.01]
2026-05-12T01:22:24+02:00,[52],[0.03]
2026-05-12T00:01:45+02:00,[15],[0]
2026-05-11T23:55:49+02:00,[29],[0]
2026-05-11T23:54:57+02:00,[27],[0.54]
2026-05-11T23:46:35+02:00,[46],[0.05]
2026-05-11T21:47:29+02:00,[69],[0]
2026-05-11T21:45:39+02:00,[78],[0.03]
2026-05-11T21:44:40+02:00,[27],[0]
2026-05-11T21:19:09+02:00,[13],[0]
2026-05-11T21:17:27+02:00,[57],[0]
2026-05-11T21:01:21+02:00,[72],[0]
2026-05-11T20:34:36+02:00,[42],[0]
2026-05-11T20:28:57+02:00,[33],[0]
2026-05-11T20:26:44+02:00,[75],[0.02]
2026-05-11T20:25:26+02:00,[41],[0]
2026-05-11T20:23:49+02:00,[17],[0]
2026-05-11T19:49:21+02:00,[20],[0.08]
2026-05-11T19:46:05+02:00,[23],[0.07]
2026-05-11T19:22:18+02:00,[31],[0]
2026-05-11T19:21:08+02:00,[28],[0.11]
2026-05-11T19:19:17+02:00,[80],[0.08]
2026-05-11T17:43:21+02:00,[50],[0.04]
2026-05-11T17:40:44+02:00,[42],[0]
2026-05-11T16:44:46+02:00,[35],[0]
2026-05-11T16:44:03+02:00,[26],[0]
2026-05-11T16:41:52+02:00,[100],[0]
2026-05-11T16:35:44+02:00,[300],[0]
2026-05-11T16:34:55+02:00,[39],[0]
2026-05-11T16:33:07+02:00,[91],[0]
2026-05-11T16:31:49+02:00,[66],[0]
2026-05-11T16:29:30+02:00,[129],[0]
2026-05-11T16:28:44+02:00,[35],[0]
2026-05-11T16:26:09+02:00,[30],[0]
2026-05-11T06:42:09+02:00,[121],[0.01]
2026-05-11T06:37:22+02:00,[269],[0]
2026-05-11T06:33:20+02:00,[186],[0]
2026-05-11T06:30:53+02:00,[90],[0.02]
2026-05-11T06:26:34+02:00,[201],[0]
2026-05-11T06:24:07+02:00,[111],[0]
2026-05-11T05:26:20+02:00,[17],[0.09]
2026-05-11T05:23:39+02:00,[150],[0]
2026-05-11T05:21:00+02:00,[107],[0]
2026-05-11T05:17:32+02:00,[159],[0]
2026-05-11T05:16:23+02:00,[52],[0]
2026-05-11T05:12:46+02:00,[174],[0]
2026-05-11T01:07:33+02:00,[13],[0]
2026-05-11T01:03:31+02:00,[93],[0]
2026-05-11T00:59:22+02:00,[227],[0]
2026-05-11T00:57:58+02:00,[51],[0]
2026-05-11T00:11:44+02:00,[54],[0]
2026-05-11T00:10:55+02:00,[31],[0]
2026-05-11T00:07:54+02:00,[37],[0]
2026-05-11T00:05:54+02:00,[74],[0]
2026-05-11T00:01:56+02:00,[198],[0.02]
2026-05-10T23:57:49+02:00,[68],[0]
2026-05-10T23:53:42+02:00,[137],[0]
2026-05-10T23:45:06+02:00,[51],[0.19]
2026-05-10T23:43:11+02:00,[104],[0.08]
2026-05-10T23:40:41+02:00,[79],[0]
2026-05-10T23:39:42+02:00,[30],[0]
2026-05-10T23:38:54+02:00,[35],[0]
2026-05-10T23:38:08+02:00,[28],[0]
2026-05-10T23:35:12+02:00,[104],[0]
2026-05-10T23:30:30+02:00,[234],[0]
2026-05-10T23:27:10+02:00,[177],[0]
2026-05-10T23:23:34+02:00,[33],[0.04]
2026-05-10T22:37:16+02:00,[64],[0.08]
2026-05-10T22:29:51+02:00,[47],[0]
2026-05-10T22:29:11+02:00,[22],[0]
2026-05-10T22:24:36+02:00,[31],[0]
2026-05-10T22:23:04+02:00,[75],[0]
2026-05-10T22:02:34+02:00,[148],[0]
2026-05-10T21:50:55+02:00,[228],[0]
2026-05-10T21:49:25+02:00,[64],[0]
2026-05-10T21:41:30+02:00,[121],[0]
2026-05-10T21:40:44+02:00,[24],[0]
2026-05-10T21:37:40+02:00,[152],[0]
2026-05-10T21:26:50+02:00,[16],[0]
2026-05-10T21:24:56+02:00,[73],[0.02]
2026-05-10T20:54:16+02:00,[33],[0]
2026-05-10T20:41:05+02:00,[31],[0]
2026-05-10T20:39:43+02:00,[62],[0]
2026-05-10T20:38:30+02:00,[29],[0]
2026-05-10T20:37:55+02:00,[14],[0]
2026-05-10T20:34:22+02:00,[159],[0.01]
2026-05-10T20:33:27+02:00,[28],[0]
2026-05-10T20:32:17+02:00,[52],[0]
2026-05-10T20:29:58+02:00,[124],[0.01]
2026-05-10T20:28:25+02:00,[74],[0]
2026-05-10T06:46:59+02:00,[66],[0]
2026-05-10T06:39:46+02:00,[75],[0.02]
2026-05-10T06:12:47+02:00,[113],[0]
2026-05-10T06:09:41+02:00,[146],[0]
2026-05-10T06:06:19+02:00,[141],[0]
2026-05-10T06:03:55+02:00,[35],[0]
2026-05-10T04:46:07+02:00,[92],[0]
2026-05-10T04:45:26+02:00,[23],[0]
2026-05-10T04:27:59+02:00,[22],[0]
2026-05-10T04:25:32+02:00,[79],[0]
2026-05-10T02:42:02+02:00,[31],[0]
2026-05-10T01:18:18+02:00,[247],[0]
2026-05-10T00:55:28+02:00,[62],[0]
2026-05-10T00:13:44+02:00,[45],[0]
2026-05-09T23:29:25+02:00,[19],[0]
2026-05-09T22:01:27+02:00,[45],[0.05]
2026-05-09T21:53:56+02:00,[144],[0.12]
2026-05-09T21:53:16+02:00,[25],[0]
2026-05-09T05:10:36+02:00,[14],[0]
2026-05-09T05:09:12+02:00,[37],[0]
2026-05-09T05:03:55+02:00,[16],[0]
2026-05-09T05:01:46+02:00,[31],[0]
2026-05-09T04:41:29+02:00,[17],[0.07]
2026-05-09T04:40:33+02:00,[38],[0.05]
2026-05-09T04:39:24+02:00,[28],[0]
2026-05-09T04:36:56+02:00,[20],[0]
2026-05-09T04:36:03+02:00,[41],[0]
2026-05-09T04:28:40+02:00,[112],[0.02]
2026-05-09T04:08:43+02:00,[54],[0.07]
2026-05-09T04:03:04+02:00,[22],[0]
2026-05-09T03:48:23+02:00,[33],[0]
2026-05-09T03:40:01+02:00,[28],[0]
2026-05-09T03:30:44+02:00,[17],[0]
2026-05-08T06:50:37+02:00,[142],[0]
2026-05-08T06:33:11+02:00,[51],[0]
2026-05-08T06:29:52+02:00,[130],[0]
2026-05-08T05:57:11+02:00,[63],[0]
2026-05-08T05:52:43+02:00,[258],[0]
2026-05-08T05:48:47+02:00,[209],[0]
2026-05-08T05:47:42+02:00,[52],[0]
2026-05-08T05:47:08+02:00,[12],[0]
2026-05-08T05:45:59+02:00,[50],[0]
2026-05-08T05:43:17+02:00,[75],[0]
2026-05-08T05:39:21+02:00,[23],[0.25]
2026-05-08T05:27:59+02:00,[20],[0]
2026-05-08T05:26:44+02:00,[61],[0]
2026-05-08T05:13:35+02:00,[17],[0]
2026-05-08T05:11:54+02:00,[65],[0.06]
2026-05-08T05:09:02+02:00,[23],[0]
2026-05-08T05:05:59+02:00,[124],[0.03]
2026-05-08T05:02:17+02:00,[91],[0.07]
2026-05-08T05:00:31+02:00,[62],[0]
2026-05-08T04:56:39+02:00,[138],[0.02]
2026-05-08T04:40:34+02:00,[126],[0.08]
2026-05-08T04:39:00+02:00,[42],[0.11]
2026-05-08T04:36:01+02:00,[124],[0.01]
2026-05-08T04:24:28+02:00,[19],[0]
2026-05-06T06:21:49+02:00,[161],[0]
2026-05-06T04:15:13+02:00,[52],[0]
2026-05-06T04:13:27+02:00,[76],[0]
2026-05-05T04:52:16+02:00,"[300,104]","[0,0]"
2026-05-05T04:50:35+02:00,[89],[0]
2026-05-05T04:32:00+02:00,"[299,168]","[0,0.01]"
2026-05-04T06:57:32+02:00,[35],[0]
2026-05-04T06:22:14+02:00,[33],[0]
2026-05-04T05:51:17+02:00,[35],[0]
2026-05-04T05:41:46+02:00,[23],[0]
2026-05-04T05:23:59+02:00,[31],[0]
2026-05-04T02:00:46+02:00,[36],[0.2]
2026-05-02T05:35:08+02:00,[136],[0]
2026-05-02T05:34:15+02:00,[39],[0]
2026-05-02T05:19:37+02:00,[73],[0.04]
2026-05-02T05:17:08+02:00,[73],[0.02]
2026-05-02T05:15:51+02:00,[53],[0.27]
2026-05-02T05:11:56+02:00,[70],[0.05]
2026-05-02T05:10:36+02:00,[51],[0.05]
2026-05-02T04:36:34+02:00,[86],[0.02]
2026-05-02T04:29:09+02:00,[135],[0]
2026-05-02T04:27:40+02:00,[14],[0]
2026-05-02T04:21:40+02:00,[58],[0]
2026-05-02T04:12:52+02:00,[43],[0.04]
2026-05-02T03:50:56+02:00,[115],[0]
2026-04-30T07:44:16+02:00,[47],[0]
2026-04-30T07:32:39+02:00,[47],[0.05]
2026-04-30T06:39:41+02:00,[92],[0]
2026-04-30T04:45:52+02:00,[86],[0]
2026-04-27T05:23:22+02:00,[102],[0]
2026-04-27T05:15:43+02:00,[16],[0]
2026-04-27T05:15:02+02:00,[30],[0]
2026-04-27T05:13:18+02:00,[55],[0.03]
2026-04-27T05:11:49+02:00,[38],[0.04]
2026-04-27T05:09:29+02:00,[62],[0]
2026-04-27T05:03:06+02:00,[26],[0]
2026-04-27T05:01:02+02:00,[68],[0]
2026-04-27T04:57:55+02:00,[40],[0.05]
2026-04-27T04:56:57+02:00,[27],[0]
2026-04-27T04:45:22+02:00,[46],[0]
2026-04-27T02:51:52+02:00,[39],[0]
2026-04-27T02:48:25+02:00,[85],[0]
2026-04-27T00:34:59+02:00,[122],[0.01]
2026-04-27T00:09:56+02:00,[165],[0]
2026-04-27T00:08:08+02:00,[38],[0]
2026-04-27T00:04:52+02:00,[36],[0]
2026-04-25T04:12:44+02:00,[18],[0]
2026-04-24T07:34:01+02:00,[175],[0]
2026-04-24T07:31:17+02:00,[91],[0]
2026-04-24T07:21:19+02:00,"[299,298]","[0,0]"
2026-04-24T07:09:37+02:00,[97],[0.07]
2026-04-24T07:08:26+02:00,[31],[0.1]
2026-04-24T07:05:07+02:00,[49],[0.05]
2026-04-24T06:58:19+02:00,[51],[0.04]
2026-04-24T06:54:04+02:00,[166],[0.06]
2026-04-24T06:51:45+02:00,[109],[0.09]
2026-04-24T06:45:28+02:00,[56],[0.08]
2026-04-24T06:43:51+02:00,[86],[0.04]
2026-04-24T06:37:50+02:00,[298],[0]
2026-04-24T06:16:28+02:00,[39],[0]
2026-04-24T06:13:32+02:00,[160],[0.01]
2026-04-24T05:48:41+02:00,[40],[0.04]
2026-04-24T05:47:50+02:00,[37],[0.06]
2026-04-24T05:43:22+02:00,[42],[0]
2026-04-24T05:16:50+02:00,[82],[0]
2026-04-24T05:00:45+02:00,[24],[0]
2026-04-24T05:00:02+02:00,[28],[0.07]
2026-04-24T04:58:20+02:00,[74],[0]
2026-04-24T04:44:33+02:00,[173],[0.01]
2026-04-24T03:38:54+02:00,[91],[0]
2026-04-24T03:37:08+02:00,[51],[0.1]
2026-04-24T03:34:05+02:00,[137],[0.01]
2026-04-24T02:50:16+02:00,[170],[0.01]
2026-04-24T02:48:22+02:00,[95],[0.04]
2026-04-24T02:41:25+02:00,[67],[0.02]
2026-04-24T02:35:18+02:00,[21],[0]
2026-04-24T02:16:34+02:00,[202],[0.09]
2026-04-24T02:08:53+02:00,[80],[0]
2026-04-24T01:05:20+02:00,[69],[0]
2026-04-24T01:02:28+02:00,[86],[0]
2026-04-24T01:01:05+02:00,[63],[0]
2026-04-24T00:41:43+02:00,[25],[0]
2026-04-24T00:10:59+02:00,[139],[0.02]
2026-04-24T00:10:13+02:00,[31],[0.13]
2026-04-24T00:06:12+02:00,[133],[0]
2026-04-24T00:05:14+02:00,[33],[0.15]
2026-04-24T00:00:37+02:00,[40],[0.06]
2026-04-24T00:00:04+02:00,[20],[0.3]
2026-04-23T23:55:07+02:00,[79],[0.1]
2026-04-23T22:47:26+02:00,[143],[0.01]
2026-04-23T22:38:13+02:00,[44],[0.15]
2026-04-23T22:28:24+02:00,[31],[0]
2026-04-23T22:23:03+02:00,[55],[0.13]
2026-04-23T22:18:49+02:00,[28],[0.29]
2026-04-23T22:17:03+02:00,[17],[0.1]
2026-04-23T21:38:44+02:00,[30],[0.25]
2026-04-23T21:29:20+02:00,[103],[0]
2026-04-23T20:52:44+02:00,[60],[0.04]
2026-04-23T20:51:06+02:00,[86],[0.07]
2026-04-23T20:45:31+02:00,[37],[0]
2026-04-23T20:40:30+02:00,[44],[0.1]
2026-04-23T20:37:01+02:00,[105],[0]
2026-04-23T19:48:18+02:00,[23],[0.08]
2026-04-23T19:13:41+02:00,[39],[0.18]
2026-04-23T19:12:27+02:00,[38],[0.24]
2026-04-23T19:02:20+02:00,[108],[0]
2026-04-23T19:01:46+02:00,[17],[0]
2026-04-23T18:59:41+02:00,[13],[0]
2026-04-23T18:58:16+02:00,[59],[0.03]
2026-04-23T18:53:54+02:00,[56],[0]
2026-04-23T18:51:26+02:00,[33],[0]
2026-04-23T18:44:44+02:00,[76],[0.02]
2026-04-23T18:41:46+02:00,[106],[0]
2026-04-23T18:27:39+02:00,"[299,21]","[0,0]"
2026-04-23T18:25:42+02:00,[72],[0]
2026-04-23T18:24:32+02:00,[58],[0.02]
2026-04-23T06:01:10+02:00,[67],[0]
2026-04-23T06:00:14+02:00,[30],[0]
2026-04-23T05:54:07+02:00,[57],[0]
2026-04-23T05:49:31+02:00,[20],[0]
2026-04-23T05:45:49+02:00,[51],[0.03]
2026-04-23T05:44:43+02:00,[32],[0]
2026-04-23T05:41:20+02:00,[26],[0]
2026-04-23T05:32:49+02:00,[132],[0]
2026-04-23T05:07:31+02:00,[105],[0.06]
2026-04-23T05:05:14+02:00,[18],[0.09]
2026-04-23T05:04:32+02:00,[26],[0]
2026-04-23T05:01:30+02:00,[70],[0]
2026-04-23T04:36:37+02:00,[24],[0]
2026-04-23T04:35:28+02:00,[31],[0]
2026-04-22T02:12:00+02:00,[24],[0]
2026-04-22T02:11:06+02:00,[37],[0.04]
2026-04-22T01:27:00+02:00,[26],[0.09]
2026-04-21T23:10:40+02:00,[13],[0]
2026-04-19T07:33:30+02:00,[62],[0]
2026-04-19T07:31:23+02:00,[60],[0]
2026-04-19T07:17:01+02:00,[26],[0]
2026-04-19T06:16:16+02:00,[45],[0.04]
2026-04-19T06:15:22+02:00,[31],[0]
2026-04-19T06:14:08+02:00,[51],[0]
2026-04-19T06:11:57+02:00,[89],[0]
2026-04-19T05:58:41+02:00,[68],[0]
2026-04-19T05:57:09+02:00,[24],[0]
2026-04-19T04:34:37+02:00,[148],[0.01]
2026-04-19T03:32:55+02:00,[25],[0]
2026-04-19T01:23:35+02:00,[61],[0]
2026-04-19T01:22:56+02:00,[29],[0]
2026-04-19T01:20:54+02:00,[88],[0]
2026-04-19T01:19:32+02:00,[65],[0]
2026-04-19T01:18:56+02:00,[25],[0]
2026-04-19T01:16:25+02:00,[133],[0.01]
2026-04-19T01:05:50+02:00,[130],[0.01]
2026-04-19T00:43:04+02:00,[41],[0.13]
2026-04-19T00:41:15+02:00,[29],[0]
2026-04-19T00:36:43+02:00,[42],[0.5]
2026-04-18T23:28:07+02:00,[107],[0]
2026-04-18T23:27:08+02:00,[43],[0]
2026-04-18T23:21:30+02:00,[51],[0.05]
2026-04-18T23:16:37+02:00,[22],[0]
2026-04-18T23:14:54+02:00,[31],[0.23]
2026-04-18T23:09:39+02:00,[36],[0]
2026-04-17T04:53:33+02:00,[62],[0]
2026-04-17T04:28:46+02:00,[13],[0]
2026-04-17T04:25:54+02:00,[28],[0]
2026-04-17T04:19:58+02:00,[36],[0]
2026-04-17T04:18:21+02:00,[20],[0.09]
2026-04-17T04:10:12+02:00,[41],[0]
2026-04-17T04:04:31+02:00,[210],[0]
2026-04-17T04:03:46+02:00,[16],[0]
2026-04-17T04:00:20+02:00,[13],[0.1]
2026-04-17T03:55:37+02:00,[19],[0.17]
2026-04-17T03:51:47+02:00,[61],[0]
2026-04-17T03:31:51+02:00,[18],[0.18]
2026-04-16T03:22:28+02:00,[27],[0.15]
2026-04-16T02:50:41+02:00,[42],[0.13]
2026-04-16T02:36:03+02:00,[28],[0]
2026-04-16T02:34:40+02:00,[16],[0]
2026-04-16T02:33:15+02:00,[54],[0]
2026-04-16T02:29:04+02:00,[43],[0.04]
2026-04-16T02:24:56+02:00,[55],[0.03]
2026-04-16T02:17:01+02:00,[27],[0]
2026-04-16T02:14:25+02:00,[29],[0]
2026-04-16T02:13:39+02:00,[29],[0.15]
2026-04-16T02:13:08+02:00,[21],[0.2]
2026-04-16T02:09:14+02:00,[21],[0.31]
2026-04-16T02:05:51+02:00,[30],[0.05]
2026-04-16T02:00:58+02:00,[18],[0]
2026-04-16T01:50:23+02:00,[16],[0]
2026-04-16T01:49:07+02:00,[35],[0]
2026-04-16T01:22:43+02:00,[24],[0.3]
2026-04-16T01:11:14+02:00,[18],[0.09]
2026-04-12T05:14:53+02:00,[33],[0.04]
2026-04-12T04:10:04+02:00,[144],[0]
2026-04-12T04:09:04+02:00,[46],[0]
2026-04-12T04:07:21+02:00,[69],[0.04]
2026-04-12T04:02:46+02:00,[26],[0]
2026-04-12T03:59:23+02:00,[20],[0]
2026-04-12T03:54:53+02:00,[73],[0]
2026-04-12T03:53:31+02:00,[65],[0]
2026-04-12T03:49:55+02:00,[84],[0.43]
2026-04-12T03:48:43+02:00,[50],[0.13]
2026-04-12T03:32:55+02:00,[53],[0.17]
2026-04-12T03:30:10+02:00,[146],[0.24]
2026-04-12T03:29:08+02:00,[51],[0.15]
2026-04-11T04:36:53+02:00,[27],[0]
2026-04-11T04:35:25+02:00,[49],[0.2]
2026-04-11T04:18:46+02:00,[23],[0]
2026-04-11T03:42:22+02:00,[26],[0]
2026-04-11T03:17:52+02:00,[16],[0]
2026-04-11T00:50:41+02:00,[73],[0]
2026-04-10T03:36:44+02:00,[32],[0.07]
2026-04-10T03:31:43+02:00,[299],[0]
2026-04-10T03:25:08+02:00,[233],[0.01]
2026-04-10T03:22:58+02:00,[31],[0]
2026-04-10T01:29:15+02:00,[186],[0]
2026-04-08T21:01:56+02:00,[195],[0]
2026-04-08T21:00:00+02:00,[41],[0]
2026-04-08T20:54:23+02:00,[22],[0.09]
2026-04-08T20:52:16+02:00,[112],[0]
2026-04-08T19:59:19+02:00,[77],[0]
2026-04-08T00:30:07+02:00,[15],[0.08]
2026-04-07T06:22:50+02:00,[33],[0]
2026-04-07T06:20:10+02:00,[44],[0]
2026-04-07T06:18:23+02:00,[55],[0]
2026-04-07T06:16:06+02:00,[65],[0]
2026-04-07T06:01:29+02:00,[76],[0]
2026-04-07T05:54:08+02:00,[26],[0.06]
2026-04-07T05:51:23+02:00,[100],[0]
2026-04-07T05:37:10+02:00,[15],[0]
2026-04-07T05:36:19+02:00,[31],[0]
2026-04-05T06:25:52+02:00,[13],[0]
2026-04-05T06:19:00+02:00,[34],[0]
2026-04-05T06:02:44+02:00,[36],[0]
2026-04-05T05:56:22+02:00,[35],[0.11]
2026-04-05T05:55:33+02:00,[31],[0.36]
2026-04-05T05:53:04+02:00,[97],[0.09]
2026-04-05T05:50:58+02:00,[73],[0.09]
2026-04-05T05:49:02+02:00,[104],[0.2]
2026-04-05T05:48:03+02:00,[46],[0.06]
2026-04-05T05:46:44+02:00,[34],[0.14]
2026-04-05T05:36:36+02:00,[49],[0]
2026-04-05T05:27:14+02:00,[121],[0.21]
2026-04-05T05:14:08+02:00,[27],[0.17]
2026-04-05T05:13:27+02:00,[21],[0.08]
2026-04-05T05:11:19+02:00,[35],[0.2]
2026-04-05T05:10:24+02:00,[22],[0]
2026-04-05T05:09:32+02:00,[40],[0]
2026-04-05T05:08:22+02:00,[24],[0]
2026-04-05T04:46:14+02:00,[18],[0]
2026-04-05T04:44:10+02:00,[31],[0.19]
2026-04-05T03:12:01+02:00,[20],[0.5]
2026-04-05T02:51:57+02:00,[60],[0]
2026-04-05T02:50:55+02:00,[33],[0]
2026-04-04T05:42:35+02:00,[70],[0]
2026-04-04T05:40:18+02:00,[19],[0]
2026-04-04T05:38:40+02:00,[88],[0]
2026-04-04T05:27:25+02:00,[31],[0]
2026-04-04T05:23:51+02:00,[35],[0]
2026-04-04T04:21:29+02:00,[52],[0]
2026-04-04T04:15:35+02:00,[29],[0]
2026-04-04T04:03:29+02:00,[39],[0]
2026-04-04T04:01:36+02:00,[93],[0]
2026-04-04T04:00:10+02:00,[57],[0]
2026-04-04T03:55:25+02:00,[41],[0]
2026-04-04T02:53:28+02:00,[19],[0.1]
2026-04-03T06:01:43+02:00,[48],[0]
2026-04-03T05:42:11+02:00,[29],[0]
2026-04-03T05:23:57+02:00,[77],[0]
2026-04-03T05:14:49+02:00,[24],[0]
2026-04-03T05:07:07+02:00,[33],[0.14]
2026-04-03T04:44:50+02:00,[26],[0.21]
2026-04-03T04:38:54+02:00,[64],[0]
2026-04-03T03:54:01+02:00,[173],[0]
2026-04-03T03:52:42+02:00,[61],[0]
2026-04-03T03:35:53+02:00,[170],[0]
2026-04-03T03:35:01+02:00,[37],[0]
2026-04-02T06:11:41+02:00,[44],[0]
2026-04-02T06:11:10+02:00,[18],[0]
2026-04-02T05:38:45+02:00,[18],[0]
2026-04-02T05:32:56+02:00,[55],[0.04]
2026-04-02T05:14:09+02:00,[36],[0]
2026-04-02T04:51:48+02:00,[56],[0.08]
2026-04-02T03:49:59+02:00,[95],[0]
2026-04-02T03:48:35+02:00,[39],[0]
2026-04-02T03:22:25+02:00,[20],[0]
2026-04-02T03:20:03+02:00,[59],[0.03]
2026-04-02T03:14:14+02:00,[52],[0]
2026-04-02T02:20:41+02:00,[61],[0]
2026-03-31T07:54:00+02:00,[78],[0]
2026-03-31T07:06:07+02:00,[62],[0]
2026-03-29T23:38:15+02:00,[47],[0]
2026-03-29T23:32:43+02:00,[73],[0.03]
2026-03-29T23:16:03+02:00,[137],[0]
2026-03-29T23:14:58+02:00,[31],[0.04]
2026-03-29T23:05:39+02:00,[34],[0]
2026-03-29T23:04:46+02:00,[14],[0]
2026-03-29T23:04:11+02:00,[25],[0.09]
2026-03-29T23:03:03+02:00,[52],[0.13]
2026-03-29T22:32:37+02:00,[54],[0.18]
2026-03-29T22:31:59+02:00,[20],[0.09]
2026-03-29T22:24:40+02:00,[16],[0.08]
2026-03-29T22:23:37+02:00,[52],[0.2]
2026-03-29T22:19:54+02:00,[74],[0.02]
2026-03-29T22:18:39+02:00,[43],[0]
2026-03-29T22:15:52+02:00,[62],[0.11]
2026-03-28T23:35:51+01:00,[62],[0]
2026-03-28T23:34:09+01:00,[30],[0]
2026-03-28T22:58:33+01:00,[31],[0.04]
2026-03-28T22:33:17+01:00,[119],[0]
2026-03-28T22:30:18+01:00,[85],[0]
2026-03-28T22:28:54+01:00,[73],[0.03]
2026-03-28T22:27:09+01:00,[86],[0.05]
2026-03-28T22:25:12+01:00,[86],[0]
2026-03-28T22:23:19+01:00,[51],[0]
2026-03-28T22:21:37+01:00,[65],[0]
2026-03-28T22:04:26+01:00,[42],[0]
2026-03-28T22:00:35+01:00,[35],[0]
2026-03-28T21:41:34+01:00,[96],[0]
2026-03-28T21:29:04+01:00,[13],[0]
2026-03-28T21:16:22+01:00,[18],[0]
2026-03-28T21:09:28+01:00,[80],[0]
2026-03-28T20:53:19+01:00,[56],[0.04]
2026-03-28T20:50:22+01:00,[118],[0]
2026-03-28T20:48:47+01:00,[32],[0]
2026-03-28T20:30:37+01:00,[52],[0]
2026-03-28T20:29:40+01:00,[45],[0]
2026-03-28T20:26:56+01:00,[47],[0.05]
2026-03-28T20:25:11+01:00,[24],[0]
2026-03-28T20:23:41+01:00,[66],[0]
2026-03-28T20:12:18+01:00,[25],[0]
2026-03-28T19:47:40+01:00,[91],[0.02]
2026-03-28T19:44:20+01:00,[17],[0]
2026-03-28T19:40:54+01:00,[124],[0.01]
2026-03-28T19:31:02+01:00,[24],[0.08]
2026-03-28T19:30:18+01:00,[20],[0]
2026-03-28T19:04:57+01:00,[29],[0]
2026-03-28T18:45:59+01:00,[89],[0.02]
2026-03-28T18:40:54+01:00,[156],[0.01]
2026-03-28T18:36:05+01:00,[46],[0]
2026-03-28T17:53:40+01:00,[39],[0]
2026-03-28T17:52:20+01:00,[19],[0]
2026-03-28T17:47:22+01:00,[15],[0]
2026-03-28T17:46:36+01:00,[16],[0]
2026-03-28T17:33:55+01:00,[67],[0]
2026-03-28T17:30:53+01:00,[24],[0.15]
2026-03-28T17:30:01+01:00,[40],[0]
2026-03-28T17:10:26+01:00,[134],[0]
2026-03-28T16:48:38+01:00,[18],[0]
2026-03-28T02:23:34+01:00,[24],[0]
2026-03-28T02:22:40+01:00,[16],[0]
2026-03-28T02:20:12+01:00,[136],[0]
2026-03-28T01:33:12+01:00,[128],[0]
2026-03-28T00:48:24+01:00,[16],[0.1]
2026-03-28T00:46:26+01:00,[105],[0]
2026-03-28T00:21:46+01:00,[64],[0]
2026-03-28T00:09:31+01:00,[26],[0]
2026-03-28T00:04:22+01:00,[34],[0]
2026-03-27T23:57:03+01:00,[25],[0]
2026-03-27T23:15:22+01:00,[32],[0]
2026-03-27T23:10:57+01:00,[59],[0]
2026-03-27T23:02:16+01:00,[72],[0.02]
2026-03-27T22:56:31+01:00,[19],[0]
2026-03-27T22:56:07+01:00,[12],[0]
2026-03-27T22:27:43+01:00,[13],[0]
2026-03-27T22:26:07+01:00,[83],[0]
2026-03-27T22:21:29+01:00,[32],[0]
2026-03-27T22:20:18+01:00,[52],[0]
2026-03-27T22:18:49+01:00,[52],[0]
2026-03-27T22:15:46+01:00,[155],[0]
2026-03-27T22:13:23+01:00,[55],[0]
2026-03-27T22:05:59+01:00,[14],[0]
2026-03-27T22:03:22+01:00,[60],[0]
2026-03-27T21:56:45+01:00,[25],[0]
2026-03-27T21:51:28+01:00,[153],[0.01]
2026-03-27T21:45:55+01:00,[23],[0.07]
2026-03-27T21:44:46+01:00,[46],[0]
2026-03-27T21:43:30+01:00,[36],[0]
2026-03-27T21:24:32+01:00,[18],[0]
2026-03-27T21:19:51+01:00,[242],[0]
2026-03-27T21:18:51+01:00,[44],[0]
2026-03-27T21:17:16+01:00,[28],[0]
2026-03-27T21:12:54+01:00,[102],[0]
2026-03-27T20:48:14+01:00,[48],[0]
2026-03-27T20:37:58+01:00,[68],[0]
2026-03-27T20:30:36+01:00,[39],[0]
2026-03-27T20:22:28+01:00,[124],[0.02]
2026-03-27T20:17:39+01:00,[66],[0]
2026-03-27T20:03:22+01:00,[56],[0]
2026-03-27T19:57:58+01:00,[28],[0]
2026-03-27T19:16:54+01:00,[31],[0]
2026-03-27T18:31:52+01:00,[26],[0]
2026-03-27T18:22:43+01:00,[25],[0]
2026-03-27T17:26:30+01:00,[159],[0]
2026-03-27T16:33:45+01:00,[19],[0.07]
2026-03-27T05:23:06+01:00,[21],[0]
2026-03-27T05:18:17+01:00,[21],[0]
2026-03-27T02:55:45+01:00,[33],[0.05]
2026-03-27T00:17:05+01:00,[21],[0]
2026-03-26T05:30:53+01:00,[112],[0]
2026-03-26T05:28:49+01:00,[38],[0.2]
2026-03-26T05:09:41+01:00,[24],[0]
2026-03-26T05:02:39+01:00,[217],[0.01]
2026-03-26T05:01:56+01:00,[33],[0]
2026-03-26T04:32:49+01:00,[42],[0.13]
2026-03-26T04:21:15+01:00,[35],[0]
2026-03-23T03:25:13+01:00,[26],[0]
2026-03-23T03:23:18+01:00,[31],[0]
2026-03-23T03:20:52+01:00,[81],[0.06]
2026-03-23T03:17:14+01:00,[27],[0.08]
2026-03-23T03:15:53+01:00,[31],[0]
2026-03-23T03:12:34+01:00,[91],[0.02]
2026-03-23T03:09:55+01:00,[57],[0]
2026-03-23T03:08:38+01:00,[30],[0.05]
2026-03-23T02:50:01+01:00,[33],[0.05]
2026-03-22T03:35:47+01:00,[36],[0]
2026-03-22T03:23:39+01:00,[33],[0]
2026-03-22T03:21:26+01:00,[47],[0.1]
2026-03-22T02:16:35+01:00,[82],[0.03]
2026-03-22T01:45:06+01:00,[35],[0]
2026-03-22T01:35:37+01:00,[47],[0]
2026-03-22T01:19:55+01:00,[189],[0.02]
2026-03-22T00:44:37+01:00,[15],[0]
2026-03-22T00:43:13+01:00,[27],[0]
2026-03-22T00:41:11+01:00,[33],[0]
2026-03-22T00:39:51+01:00,[43],[0]
2026-03-22T00:27:43+01:00,[21],[0.07]
2026-03-21T07:54:47+01:00,[85],[0]
2026-03-21T06:01:53+01:00,[88],[0]
2026-03-20T07:35:25+01:00,[34],[0]
2026-03-20T07:33:40+01:00,[48],[0]
2026-03-20T06:33:54+01:00,[24],[0]
2026-03-20T06:31:44+01:00,[82],[0]
2026-03-20T06:29:21+01:00,[123],[0]
2026-03-20T03:02:50+01:00,[127],[0]
2026-03-20T03:01:00+01:00,[26],[0.06]
2026-03-19T05:19:33+01:00,[24],[0]
2026-03-19T04:25:33+01:00,[21],[0.27]
2026-03-16T23:47:49+01:00,[67],[0]
2026-03-16T22:58:56+01:00,[93],[0]
2026-03-13T05:59:30+01:00,[29],[0]
2026-03-13T05:49:01+01:00,[36],[0]
2026-03-11T01:05:47+01:00,[34],[0.05]
2026-03-11T00:59:00+01:00,[88],[0]
2026-03-11T00:37:14+01:00,[18],[0.3]
2026-03-11T00:26:51+01:00,[23],[0.08]
2026-03-11T00:17:36+01:00,[37],[0.05]
2026-03-08T07:02:57+01:00,[179],[0.01]
2026-03-08T07:01:48+01:00,[49],[0]
2026-03-08T07:00:35+01:00,[47],[0]
2026-03-08T06:48:22+01:00,[41],[0.06]
2026-03-08T06:44:06+01:00,[60],[0.03]
2026-03-08T06:40:54+01:00,[28],[0.13]
2026-03-08T06:35:49+01:00,[25],[0]
2026-03-08T06:31:23+01:00,[43],[0.06]
2026-03-08T04:23:16+01:00,[82],[0.04]
2026-03-08T03:25:39+01:00,[46],[0]
2026-03-08T02:32:19+01:00,[32],[0]
2026-03-08T02:09:36+01:00,[46],[0.05]
2026-03-07T06:53:54+01:00,[55],[0]
2026-03-07T06:53:27+01:00,[12],[0]
2026-03-07T06:52:23+01:00,[29],[0]
2026-03-07T06:49:39+01:00,[17],[0]
2026-03-07T06:47:52+01:00,[31],[0]
2026-03-07T06:44:29+01:00,[39],[0]
2026-03-07T06:41:24+01:00,[114],[0.03]
2026-03-07T06:37:19+01:00,[37],[0]
2026-03-07T06:20:40+01:00,[52],[0.04]
2026-03-07T06:17:34+01:00,[28],[0.38]
2026-03-07T06:07:06+01:00,[87],[0.03]
2026-03-06T04:58:29+01:00,[63],[0]
2026-03-06T04:50:26+01:00,[15],[0]
2026-03-06T04:09:31+01:00,[21],[0.1]
2026-03-06T04:06:20+01:00,[32],[0.21]
2026-03-06T03:53:26+01:00,[61],[0]
2026-03-05T05:34:47+01:00,[100],[0]
2026-03-05T05:23:37+01:00,[132],[0.05]
2026-03-05T05:22:15+01:00,[31],[0.1]
2026-03-03T02:50:58+01:00,[29],[0]
2026-03-03T02:49:49+01:00,[21],[0]
2026-03-03T02:47:36+01:00,[20],[0]
2026-03-03T02:26:18+01:00,[249],[0]
2026-03-03T02:18:11+01:00,[259],[0.02]
2026-03-02T06:05:31+01:00,[18],[0]
2026-03-02T05:23:53+01:00,[23],[0]
2026-03-01T08:42:57+01:00,[79],[0]
2026-03-01T08:01:24+01:00,[80],[0]
2026-02-28T00:22:28+01:00,[36],[0]
2026-02-27T23:31:03+01:00,[38],[0]
2026-02-27T06:12:56+01:00,[55],[0]
2026-02-27T06:05:38+01:00,[58],[0]
2026-02-27T05:30:17+01:00,[59],[0]
2026-02-27T05:03:36+01:00,[59],[0.02]
2026-02-27T05:02:24+01:00,[51],[0]
2026-02-27T04:54:59+01:00,[126],[0.04]
2026-02-27T04:45:17+01:00,[20],[0]
2026-02-27T04:41:09+01:00,[32],[0]
2026-02-27T04:32:32+01:00,[52],[0.08]
2026-02-27T04:04:23+01:00,[25],[0.07]
2026-02-25T06:53:36+01:00,[67],[0]
2026-02-25T01:36:47+01:00,[21],[0]
2026-02-23T05:49:46+01:00,[175],[0]
2026-02-23T03:02:18+01:00,[186],[0.01]
2026-02-22T02:17:50+01:00,[91],[0]
2026-02-22T02:16:50+01:00,[38],[0]
2026-02-22T02:14:10+01:00,[111],[0]
2026-02-22T02:12:01+01:00,[119],[0]
2026-02-22T02:02:56+01:00,[31],[0]
2026-02-22T02:00:44+01:00,[102],[0.02]
2026-02-22T01:59:38+01:00,[49],[0.04]
2026-02-22T00:33:54+01:00,[98],[0]
2026-02-22T00:31:36+01:00,[124],[0.06]
2026-02-19T01:42:33+01:00,[21],[0]
2026-02-19T01:21:34+01:00,[27],[0]
2026-02-19T01:18:21+01:00,[136],[0]
2026-02-19T01:17:22+01:00,[39],[0]
2026-02-19T01:05:49+01:00,[19],[0]
2026-02-18T03:09:51+01:00,[110],[0]
2026-02-18T03:04:14+01:00,[47],[0.03]
2026-02-18T03:03:07+01:00,[32],[0.05]
2026-02-18T03:02:11+01:00,[22],[0]
2026-02-18T02:54:03+01:00,[118],[0.03]
2026-02-18T02:51:48+01:00,[16],[0]
2026-02-18T02:16:53+01:00,[28],[0]
2026-02-18T02:12:03+01:00,[20],[0]
2026-02-18T02:11:26+01:00,[18],[0]
2026-02-18T01:52:29+01:00,[33],[0]
2026-02-18T01:39:30+01:00,[48],[0.03]
2026-02-18T01:27:37+01:00,[51],[0]
2026-02-18T01:03:21+01:00,[44],[0]
2026-02-17T02:26:39+01:00,[168],[0]
2026-02-17T02:21:52+01:00,[254],[0.01]
2026-02-17T02:20:19+01:00,[28],[0.13]
2026-02-17T02:16:28+01:00,[85],[0]
2026-02-17T02:15:41+01:00,[27],[0]
2026-02-17T02:08:33+01:00,[32],[0]
2026-02-17T02:04:38+01:00,[126],[0]
2026-02-17T02:03:18+01:00,[59],[0.03]
2026-02-17T01:57:22+01:00,[83],[0.02]
2026-02-17T01:53:57+01:00,[88],[0.02]
2026-02-17T01:51:43+01:00,[118],[0.01]
2026-02-17T01:50:36+01:00,[34],[0]
2026-02-17T01:43:50+01:00,[28],[0]
2026-02-17T01:41:02+01:00,[42],[0]
2026-02-17T01:40:06+01:00,[24],[0]
2026-02-17T01:38:38+01:00,[40],[0.08]
2026-02-17T01:37:08+01:00,[33],[0.35]
2026-02-17T01:30:13+01:00,[42],[0]
2026-02-17T01:29:28+01:00,[28],[0.56]
2026-02-17T01:27:19+01:00,[47],[0.03]
2026-02-17T01:26:44+01:00,[21],[0.58]
2026-02-17T01:24:28+01:00,[94],[0.06]
2026-02-17T01:23:54+01:00,[24],[0]
2026-02-17T01:21:00+01:00,[74],[0.07]
2026-02-17T01:17:57+01:00,[43],[0]
2026-02-17T01:14:58+01:00,[48],[0]
2026-02-15T02:57:22+01:00,[95],[0]
2026-02-15T01:42:23+01:00,[54],[0]
2026-02-15T00:51:10+01:00,[38],[0]
2026-02-15T00:46:42+01:00,[77],[0]
2026-02-15T00:12:10+01:00,[26],[0]
2026-02-15T00:08:54+01:00,[182],[0]
2026-02-15T00:06:36+01:00,[113],[0]
2026-02-15T00:05:38+01:00,[40],[0]
2026-02-14T23:59:01+01:00,[145],[0]
2026-02-14T23:58:20+01:00,[26],[0]
2026-02-14T23:54:52+01:00,[187],[0]
2026-02-14T23:53:23+01:00,[68],[0]
2026-02-14T23:48:42+01:00,[183],[0.01]
2026-02-14T23:47:16+01:00,[42],[0]
2026-02-14T23:44:13+01:00,[163],[0]
2026-02-14T23:42:16+01:00,[99],[0]
2026-02-14T22:10:27+01:00,[235],[0.01]
2026-02-14T22:04:31+01:00,[275],[0]
2026-02-14T22:02:43+01:00,[89],[0]
2026-02-14T22:00:57+01:00,[76],[0]
2026-02-14T21:58:18+01:00,[145],[0]
2026-02-14T21:53:51+01:00,[241],[0]
2026-02-10T23:24:43+01:00,[14],[0]
2026-02-10T23:20:41+01:00,[27],[0.25]
2026-02-10T04:31:37+01:00,[40],[0]
2026-02-10T04:28:58+01:00,[17],[0.42]
2026-02-10T04:19:03+01:00,[21],[0.5]
2026-02-10T04:13:28+01:00,[112],[0.04]
2026-02-10T04:05:43+01:00,[32],[0.37]
2026-02-10T04:00:03+01:00,[49],[0]
2026-02-10T03:45:03+01:00,[24],[0]
2026-02-10T03:38:30+01:00,[44],[0]
2026-02-10T03:36:41+01:00,[44],[0]
2026-02-09T03:08:22+01:00,[51],[0]
2026-02-09T03:04:10+01:00,[75],[0.02]
2026-02-09T02:54:37+01:00,[26],[0.33]
2026-02-09T02:50:53+01:00,[34],[0]
2026-02-09T02:44:26+01:00,[55],[0]
2026-02-09T02:40:40+01:00,[23],[0]
2026-02-08T04:18:55+01:00,[30],[0.04]
2026-02-08T03:05:35+01:00,[18],[0]
2026-02-06T02:28:28+01:00,[76],[0]
2026-02-05T20:03:47+01:00,[27],[0]
2026-02-05T20:02:49+01:00,[16],[0]
2026-02-05T19:50:37+01:00,[47],[0]
2026-02-05T19:31:37+01:00,[28],[0.17]
2026-02-05T19:14:29+01:00,[20],[0]
2026-02-05T19:09:38+01:00,[78],[0]
2026-02-05T19:03:21+01:00,[24],[0]
2026-02-05T19:02:07+01:00,[24],[0]
2026-02-05T18:56:40+01:00,[60],[0.3]
2026-02-05T18:55:15+01:00,[74],[0.12]
2026-02-05T18:51:02+01:00,[26],[0.08]
2026-02-05T18:49:51+01:00,[52],[0.06]
2026-02-05T18:33:48+01:00,[61],[0]
2026-02-05T18:31:58+01:00,[30],[0]
2026-02-05T18:14:37+01:00,[31],[0.05]
2026-02-05T18:10:04+01:00,[40],[0]
2026-02-05T18:03:41+01:00,[18],[0]
2026-02-05T18:01:47+01:00,[51],[0]
2026-02-05T05:50:51+01:00,[48],[0]
2026-02-05T05:48:09+01:00,[21],[0]
2026-02-05T05:43:20+01:00,[70],[0.07]
2026-02-05T05:32:21+01:00,[56],[0.03]
2026-02-05T05:29:01+01:00,[56],[0]
2026-02-05T05:27:59+01:00,[43],[0.04]
2026-02-05T05:15:57+01:00,[300],[0]
2026-02-05T04:48:20+01:00,[138],[0.01]
2026-02-05T04:43:17+01:00,[72],[0]
2026-02-05T04:40:14+01:00,[161],[0.02]
2026-02-05T04:32:38+01:00,[20],[0.1]
2026-02-04T20:36:41+01:00,[19],[0]
2026-02-04T20:01:35+01:00,[60],[0]
2026-02-01T04:25:06+01:00,[52],[0]
2026-02-01T04:06:00+01:00,[53],[0]
2026-02-01T03:38:35+01:00,[51],[0]
2026-02-01T00:42:02+01:00,[21],[0]
2026-02-01T00:39:08+01:00,[67],[0]
2026-01-28T03:38:06+01:00,[12],[0]
2026-01-28T03:33:54+01:00,[44],[0.13]
2026-01-28T03:30:20+01:00,[37],[0.1]
2026-01-28T03:28:09+01:00,[18],[0.09]
2026-01-28T03:06:52+01:00,[65],[0.07]
2026-01-28T02:42:53+01:00,[20],[0]
2026-01-28T02:22:17+01:00,[15],[0]
2026-01-28T02:17:18+01:00,[298],[0]
2026-01-28T01:55:36+01:00,[181],[0]
2026-01-28T01:53:58+01:00,[80],[0.02]
2026-01-26T00:30:29+01:00,[26],[0]
2026-01-25T23:45:55+01:00,[67],[0]
2026-01-25T23:45:05+01:00,[34],[0]
2026-01-25T20:17:45+01:00,[23],[0.06]
2026-01-25T20:12:11+01:00,[32],[0.04]
2026-01-25T20:11:36+01:00,[18],[0]
2026-01-25T20:10:55+01:00,[25],[0]
2026-01-25T19:57:28+01:00,[47],[0.03]
2026-01-25T19:51:25+01:00,[40],[0]
2026-01-25T19:49:19+01:00,[83],[0]
2026-01-25T19:48:35+01:00,[15],[0]
2026-01-25T19:39:50+01:00,[98],[0]
2026-01-25T19:39:02+01:00,[34],[0.04]
2026-01-25T00:36:22+01:00,[43],[0.05]
2026-01-25T00:33:58+01:00,[80],[0]
2026-01-25T00:25:23+01:00,[75],[0.38]
2026-01-25T00:22:46+01:00,[34],[0.63]
2026-01-24T23:49:20+01:00,[24],[0.92]
2026-01-24T23:37:46+01:00,[38],[0.23]
2026-01-24T23:23:13+01:00,[46],[0.04]
2026-01-24T22:57:54+01:00,[35],[0.16]
2026-01-24T02:58:49+01:00,[33],[0.04]
2026-01-24T02:57:07+01:00,[85],[0]
2026-01-24T02:56:14+01:00,[29],[0]
2026-01-24T02:54:56+01:00,[61],[0.02]
2026-01-24T02:53:03+01:00,[64],[0]
2026-01-24T02:49:47+01:00,[176],[0]
2026-01-24T02:19:04+01:00,[93],[0]
2026-01-23T06:57:16+01:00,[50],[0]
2026-01-23T06:55:34+01:00,[17],[0]
2026-01-23T06:32:15+01:00,[27],[0]
2026-01-23T06:31:35+01:00,[18],[0.09]
2026-01-23T05:52:10+01:00,[18],[0.1]
2026-01-23T05:39:16+01:00,[30],[0]
2026-01-23T05:20:35+01:00,[64],[0]
2026-01-23T05:01:50+01:00,[21],[0]
2026-01-23T05:00:31+01:00,[62],[0]
2026-01-23T00:20:22+01:00,[108],[0]
2026-01-23T00:18:55+01:00,[56],[0]
2026-01-23T00:13:30+01:00,[18],[0]
2026-01-22T23:50:08+01:00,[31],[0]
2026-01-22T23:48:41+01:00,[38],[0]
2026-01-22T23:46:51+01:00,[49],[0]
2026-01-22T23:14:44+01:00,[53],[0]
2026-01-20T22:07:07+01:00,[273],[0.01]
2026-01-20T22:04:06+01:00,[134],[0]
2026-01-20T22:01:34+01:00,[109],[0.01]
2026-01-20T21:58:47+01:00,[156],[0]
2026-01-20T21:52:25+01:00,"[299,39]","[0.01,0]"
2026-01-20T21:47:23+01:00,[300],[0]
2026-01-20T21:44:45+01:00,[114],[0]
2026-01-20T21:42:04+01:00,[149],[0]
2026-01-19T01:25:18+01:00,[32],[0]
2026-01-19T01:22:21+01:00,[14],[0]
2026-01-19T01:18:03+01:00,[22],[0]
2026-01-19T01:13:23+01:00,[25],[0.05]
2026-01-19T01:07:04+01:00,[24],[0.13]
2026-01-19T01:05:50+01:00,[31],[0]
2026-01-19T00:57:45+01:00,[114],[0]
2026-01-19T00:49:40+01:00,[28],[0.24]
2026-01-19T00:44:34+01:00,[31],[0]
2026-01-19T00:43:08+01:00,[38],[0.13]
2026-01-19T00:40:20+01:00,[40],[0.05]
2026-01-19T00:37:35+01:00,[25],[0.14]
2026-01-19T00:34:59+01:00,[38],[0.19]
2026-01-19T00:19:20+01:00,[27],[0.04]
2026-01-19T00:14:05+01:00,[34],[0.1]
2026-01-19T00:12:57+01:00,[25],[0.08]
2026-01-19T00:12:05+01:00,[28],[0]
2026-01-18T07:55:06+01:00,[55],[0.04]
2026-01-17T04:05:15+01:00,[72],[0.02]
2026-01-17T02:16:19+01:00,[86],[0]
2026-01-17T02:10:59+01:00,[270],[0.01]
2026-01-17T02:08:07+01:00,[24],[0]
2026-01-16T22:48:44+01:00,[84],[0.02]
2026-01-16T22:47:37+01:00,[46],[0.03]
2026-01-16T22:44:06+01:00,[142],[0]
2026-01-16T22:42:36+01:00,[74],[0]
2026-01-16T02:47:39+01:00,[89],[0]
2026-01-13T03:15:00+01:00,[32],[0]
2026-01-13T03:02:28+01:00,[99],[0]
2026-01-13T02:58:35+01:00,[68],[0]
2026-01-13T02:55:53+01:00,[25],[0]
2026-01-13T02:52:30+01:00,[34],[0.04]
2026-01-13T02:47:07+01:00,[42],[0.04]
2026-01-13T02:46:14+01:00,[38],[0.04]
2026-01-13T02:44:55+01:00,[56],[0.03]
2026-01-13T02:42:29+01:00,[22],[0]
2026-01-13T02:23:24+01:00,[24],[0]
2026-01-13T01:40:14+01:00,[28],[0]
2026-01-13T01:36:14+01:00,[22],[0]
2026-01-13T01:34:58+01:00,[55],[0]
2026-01-13T01:31:20+01:00,[76],[0.04]
2026-01-13T01:20:14+01:00,[44],[0]
2026-01-11T08:04:38+01:00,[77],[0.25]
2026-01-11T07:34:10+01:00,[166],[0]
2026-01-11T07:12:01+01:00,[55],[0.03]
2026-01-11T07:08:32+01:00,[134],[0]
2026-01-10T02:46:23+01:00,[62],[0]
2026-01-10T02:45:27+01:00,[45],[0]
2026-01-10T02:41:43+01:00,[201],[0]
2026-01-10T02:37:29+01:00,[172],[0]
2026-01-10T02:35:08+01:00,[106],[0]
2026-01-10T02:30:09+01:00,[298],[0]
2026-01-10T02:25:09+01:00,[299],[0]
2026-01-10T02:22:12+01:00,[165],[0]
2026-01-10T02:17:13+01:00,[298],[0]
2026-01-10T02:12:14+01:00,[297],[0]
2026-01-10T02:09:16+01:00,[133],[0]
2026-01-10T02:08:10+01:00,[56],[0]
2026-01-09T03:04:18+01:00,[63],[0]
2026-01-09T03:01:46+01:00,[24],[0]
2026-01-09T02:48:55+01:00,[33],[0]
2026-01-09T02:17:25+01:00,[48],[0]
2026-01-08T07:41:55+01:00,[167],[0.01]
2026-01-08T07:35:09+01:00,[31],[0.08]
2026-01-08T07:22:53+01:00,[11],[0]
2026-01-08T07:14:04+01:00,[25],[0]
2026-01-08T06:51:45+01:00,[17],[0]
2026-01-08T06:50:42+01:00,[19],[0]
2026-01-08T06:45:52+01:00,[77],[0]
2026-01-05T00:11:34+01:00,[25],[0]
2026-01-04T19:25:12+01:00,[29],[0.07]
2026-01-03T05:29:55+01:00,[13],[0.09]
2026-01-03T05:25:30+01:00,[28],[0.05]
2026-01-03T05:21:55+01:00,[31],[0.25]
2026-01-03T05:15:51+01:00,[49],[0.05]
2026-01-03T05:13:39+01:00,[32],[0]
2026-01-03T05:08:34+01:00,[25],[0]
2026-01-03T05:07:32+01:00,[41],[0.22]
2026-01-03T05:06:22+01:00,[25],[0.3]
2026-01-03T05:03:08+01:00,[43],[0.11]
2026-01-03T05:00:58+01:00,[24],[0]
2026-01-03T04:58:07+01:00,[33],[0]
2026-01-03T04:55:02+01:00,[76],[0.03]
2026-01-03T04:50:54+01:00,[79],[0]
2026-01-03T04:45:51+01:00,[106],[0.01]
2026-01-03T04:42:17+01:00,[188],[0]
2026-01-03T04:34:37+01:00,[44],[0]
2026-01-03T04:32:40+01:00,[78],[0]
2026-01-03T04:29:35+01:00,[84],[0]
2026-01-03T04:26:58+01:00,[117],[0]
2026-01-03T04:24:30+01:00,[71],[0]
2026-01-03T04:22:53+01:00,[26],[0.06]
2026-01-03T04:21:14+01:00,[14],[0]
2026-01-03T04:16:34+01:00,[25],[0]
2026-01-03T04:14:01+01:00,[38],[0.05]
2026-01-03T04:09:29+01:00,[15],[0]
2026-01-03T04:08:48+01:00,[14],[0]
2026-01-03T04:07:49+01:00,[22],[0]
2026-01-03T04:04:36+01:00,[50],[0.06]
2026-01-03T04:00:24+01:00,[54],[0.1]
2026-01-03T03:57:49+01:00,[41],[0]
2026-01-01T01:12:40+01:00,[82],[0.04]
2026-01-01T01:09:39+01:00,[21],[0]
2026-01-01T01:06:58+01:00,[52],[0.06]
2026-01-01T01:06:07+01:00,[20],[0.18]
2026-01-01T00:58:32+01:00,[16],[0]
2026-01-01T00:52:14+01:00,[26],[0]
2026-01-01T00:30:03+01:00,[85],[0]
2026-01-01T00:07:28+01:00,[58],[0]
2025-12-31T23:48:13+01:00,[15],[0]
2025-12-31T05:41:14+01:00,[23],[0.06]
2025-12-31T04:30:40+01:00,[26],[0]
2025-12-31T04:29:46+01:00,[21],[0]
2025-12-31T04:28:50+01:00,[24],[0]
2025-12-31T04:23:53+01:00,[24],[0]
2025-12-31T04:16:59+01:00,[28],[0.05]
2025-12-31T03:56:46+01:00,[19],[0]
2025-12-30T06:41:28+01:00,[28],[0]
2025-12-30T06:15:04+01:00,[36],[0]
2025-12-29T06:21:02+01:00,[252],[0]
2025-12-29T05:47:34+01:00,[95],[0.04]
2025-12-29T04:31:38+01:00,[53],[0]
2025-12-29T04:15:03+01:00,[58],[0.04]
2025-12-29T04:11:41+01:00,[74],[0.02]
2025-12-28T08:54:06+01:00,[23],[0]
2025-12-28T08:49:30+01:00,[32],[0]
2025-12-28T08:47:34+01:00,[17],[0]
2025-12-28T08:45:29+01:00,[30],[0]
2025-12-28T08:43:31+01:00,[60],[0.02]
2025-12-28T08:40:57+01:00,[19],[0]
2025-12-28T08:30:15+01:00,[31],[0]
2025-12-28T08:10:42+01:00,[21],[0]
2025-12-28T07:42:00+01:00,[18],[0]
2025-12-28T07:41:01+01:00,[20],[0.1]
2025-12-26T02:04:28+01:00,"[300,33]","[0,0]"
2025-12-26T01:54:26+01:00,[299],[0]
2025-12-26T01:46:01+01:00,[204],[0]
2025-12-24T06:43:48+01:00,[27],[0]
2025-12-24T05:59:30+01:00,[26],[0]
2025-12-24T05:44:08+01:00,[23],[0]
2025-12-24T05:32:58+01:00,[55],[0]
2025-12-24T05:22:19+01:00,[20],[0]
2025-12-24T05:20:24+01:00,[15],[0]
2025-12-24T04:23:27+01:00,[98],[0.02]
2025-12-24T04:21:10+01:00,[123],[0]
2025-12-24T04:19:50+01:00,[69],[0]
2025-12-24T04:17:03+01:00,[30],[0]
2025-12-24T04:15:40+01:00,[52],[0]
2025-12-24T04:04:57+01:00,[87],[0.31]
2025-12-24T03:58:55+01:00,[45],[0.1]
2025-12-24T03:48:06+01:00,[39],[0]
2025-12-24T03:47:12+01:00,[27],[0.05]
2025-12-21T03:08:11+01:00,[138],[0]
2025-12-21T03:06:48+01:00,[63],[0]
2025-12-21T03:01:01+01:00,[27],[0]
2025-12-20T23:13:14+01:00,[213],[0.01]
2025-12-18T05:33:48+01:00,[24],[0]
2025-12-18T05:30:31+01:00,[26],[0]
2025-12-18T05:19:30+01:00,[78],[0.04]
2025-12-18T03:02:15+01:00,[84],[0]
2025-12-18T03:00:13+01:00,[92],[0]
2025-12-18T02:24:07+01:00,[188],[0]
2025-12-18T02:21:52+01:00,[82],[0]
2025-12-18T02:18:45+01:00,[77],[0]
2025-12-18T02:17:03+01:00,[58],[0.1]
2025-12-18T02:15:15+01:00,[96],[0.31]
2025-12-18T01:27:52+01:00,[53],[0]
2025-12-18T01:22:15+01:00,[222],[0]
2025-12-18T01:20:44+01:00,[52],[0]
2025-12-18T01:18:29+01:00,[33],[0]
2025-12-18T01:14:02+01:00,[37],[0.03]
2025-12-18T01:11:11+01:00,[75],[0]
2025-12-18T01:09:22+01:00,[54],[0]
2025-12-18T00:46:34+01:00,[86],[0]
2025-12-18T00:42:02+01:00,[214],[0]
2025-12-18T00:40:08+01:00,[31],[0]
2025-12-18T00:02:01+01:00,[59],[0]
2025-12-18T00:00:34+01:00,[60],[0]
2025-12-17T23:58:42+01:00,[93],[0]
2025-12-17T23:56:22+01:00,[103],[0]
2025-12-17T23:55:24+01:00,[38],[0]
2025-12-17T23:23:26+01:00,[56],[0]
2025-12-17T23:13:30+01:00,[72],[0.03]
2025-12-15T22:44:25+01:00,[109],[0]
2025-12-15T22:43:20+01:00,[33],[0]
2025-12-15T22:31:37+01:00,[29],[0]
2025-12-15T22:07:06+01:00,[143],[0.02]
2025-12-14T06:03:44+01:00,[25],[0]
2025-12-14T05:32:33+01:00,[24],[0.17]
2025-12-14T05:09:15+01:00,[19],[0]
2025-12-14T05:00:38+01:00,[116],[0]
2025-12-14T04:59:41+01:00,[34],[0]
2025-12-14T04:28:48+01:00,[199],[0.01]
2025-12-14T04:14:36+01:00,[141],[0]
2025-12-14T04:13:04+01:00,[43],[0.06]
2025-12-14T03:29:11+01:00,[29],[0]
2025-12-12T22:53:34+01:00,[16],[0]
2025-12-12T22:41:14+01:00,[16],[0]
2025-12-11T19:38:37+01:00,[23],[0.08]
2025-12-11T06:39:43+01:00,[231],[0]
2025-12-11T06:35:29+01:00,[208],[0.01]
2025-12-11T06:34:00+01:00,[54],[0.03]
2025-12-11T05:45:16+01:00,[16],[0.08]
2025-12-11T05:41:53+01:00,[188],[0.02]
2025-12-11T05:40:39+01:00,[14],[0]
2025-12-11T05:39:48+01:00,[26],[0.4]
2025-12-11T05:22:25+01:00,[19],[0.18]
2025-12-11T05:20:43+01:00,[29],[0]
2025-12-11T05:19:46+01:00,[46],[0.05]
2025-12-11T05:18:47+01:00,[18],[0.18]
2025-12-11T05:16:15+01:00,[41],[0.11]
2025-12-11T05:13:19+01:00,[127],[0]
2025-12-11T05:11:05+01:00,[51],[0]
2025-12-11T05:09:56+01:00,[50],[0]
2025-12-11T05:09:54+01:00,[54],[0]
2025-12-11T04:36:55+01:00,[23],[0.27]
2025-12-11T04:17:49+01:00,[55],[0]
2025-12-11T04:16:28+01:00,[32],[0]
2025-12-11T04:13:23+01:00,[62],[0.08]
2025-12-11T04:12:13+01:00,[32],[0]
2025-12-11T03:25:20+01:00,[50],[0]
2025-12-11T03:25:14+01:00,[58],[0]
2025-12-09T22:33:21+01:00,[23],[0.09]
2025-12-09T06:30:48+01:00,[49],[0.25]
2025-12-09T04:59:20+01:00,[83],[0.02]
2025-12-09T04:30:25+01:00,[150],[0.1]
2025-12-09T04:28:30+01:00,[91],[0.02]
2025-12-09T04:22:33+01:00,[69],[0.06]
2025-12-09T04:17:30+01:00,[14],[0.1]
2025-12-09T04:05:59+01:00,[28],[0]
2025-12-09T03:18:36+01:00,[30],[0]
2025-12-08T22:39:24+01:00,[15],[0]
2025-12-08T22:38:37+01:00,[29],[0]
2025-12-08T21:41:19+01:00,[16],[0]
2025-12-08T21:40:12+01:00,[28],[0]
2025-12-08T21:39:25+01:00,[21],[0]
2025-12-08T20:19:44+01:00,[179],[0]
2025-12-08T20:06:27+01:00,[260],[0]
2025-12-07T23:06:02+01:00,[18],[0]
2025-12-07T23:04:32+01:00,[32],[0]
2025-12-05T23:22:49+01:00,[31],[0]
2025-12-05T22:40:35+01:00,[92],[0.02]
2025-12-05T21:56:41+01:00,[15],[0.09]
2025-12-05T21:55:06+01:00,[75],[0]
2025-12-05T05:44:51+01:00,[47],[0]
2025-12-05T05:41:08+01:00,[24],[0]
2025-12-05T05:39:21+01:00,[45],[0]
2025-12-05T05:08:46+01:00,[28],[0]
2025-12-05T05:06:59+01:00,[17],[0.09]
2025-12-05T05:03:55+01:00,[118],[0.01]
2025-12-05T05:02:56+01:00,[45],[0]
2025-12-05T05:00:55+01:00,[60],[0.03]
2025-12-05T04:58:14+01:00,[46],[0.07]
2025-12-05T04:57:17+01:00,[21],[0]
2025-12-05T04:55:04+01:00,[65],[0]
2025-12-05T04:54:07+01:00,[29],[0]
2025-12-05T04:46:13+01:00,[184],[0.01]
2025-12-05T04:44:06+01:00,[43],[0]
2025-12-05T04:36:17+01:00,[44],[0]
2025-12-05T04:32:55+01:00,[69],[0]
2025-12-05T04:26:03+01:00,[126],[0]
2025-12-05T04:24:52+01:00,[34],[0]
2025-12-05T04:22:20+01:00,[56],[0]
2025-12-05T04:21:41+01:00,[26],[0]
2025-12-05T04:20:52+01:00,[34],[0]
2025-12-05T04:01:05+01:00,[96],[0]
2025-12-05T03:23:15+01:00,[150],[0]
2025-12-03T05:21:50+01:00,[45],[0]
2025-12-03T05:17:48+01:00,[24],[0.09]
2025-12-03T05:09:22+01:00,[169],[0]
2025-12-03T05:08:26+01:00,[27],[0]
2025-12-03T05:06:57+01:00,[63],[0]
2025-12-03T05:00:50+01:00,[48],[0]
2025-12-03T04:59:28+01:00,[70],[0]
2025-12-03T04:57:17+01:00,[75],[0.04]
2025-12-03T04:49:16+01:00,[80],[0.36]
2025-12-03T04:47:37+01:00,[13],[0]
2025-12-03T04:45:20+01:00,[31],[0]
2025-12-03T04:32:23+01:00,[48],[0]
2025-12-03T04:30:16+01:00,[42],[0.1]
2025-12-02T21:31:04+01:00,[22],[0]
2025-12-02T21:25:07+01:00,[24],[0.1]
2025-12-02T21:22:38+01:00,[40],[0]
2025-12-02T21:17:37+01:00,[299],[0]
2025-12-01T21:21:04+01:00,[19],[0.08]
2025-12-01T03:21:44+01:00,[42],[0.03]
2025-12-01T03:18:38+01:00,[29],[0]
2025-12-01T03:06:08+01:00,[17],[0.17]
2025-12-01T02:45:36+01:00,[114],[0]
2025-11-30T04:42:34+01:00,[31],[0]
2025-11-30T04:26:55+01:00,[57],[0.25]
2025-11-30T04:21:37+01:00,[22],[0]
2025-11-30T04:16:00+01:00,[18],[0]
2025-11-30T04:07:13+01:00,[43],[0.04]
2025-11-30T03:22:26+01:00,[38],[0.03]
2025-11-30T03:21:35+01:00,[28],[0.05]
2025-11-30T03:19:19+01:00,[59],[0]
2025-11-30T03:18:52+01:00,[15],[0]
2025-11-30T02:53:03+01:00,[20],[0]
2025-11-30T02:45:16+01:00,[23],[0.2]
2025-11-30T02:37:08+01:00,[27],[0]
2025-11-30T02:05:22+01:00,[12],[0]
2025-11-30T02:00:21+01:00,[30],[0]
2025-11-30T01:38:00+01:00,[23],[0.07]
2025-11-30T01:32:33+01:00,[18],[0]
2025-11-30T01:29:26+01:00,[27],[0.08]
2025-11-30T01:24:39+01:00,[56],[0]
2025-11-30T01:03:18+01:00,[85],[0]
2025-11-29T03:39:06+01:00,[65],[0.03]
2025-11-29T03:35:18+01:00,[33],[0]
2025-11-29T03:13:18+01:00,[117],[0]
2025-11-29T03:11:41+01:00,[76],[0]
2025-11-29T03:10:29+01:00,[14],[0]
2025-11-29T03:04:40+01:00,[55],[0]
2025-11-29T03:02:03+01:00,[79],[0]
2025-11-29T02:58:04+01:00,[228],[0.01]
2025-11-29T02:56:40+01:00,[51],[0]
2025-11-29T02:55:35+01:00,[53],[0]
2025-11-29T02:54:39+01:00,[27],[0]
2025-11-29T02:40:11+01:00,[101],[0.01]
2025-11-29T02:36:33+01:00,[137],[0]
2025-11-29T02:12:24+01:00,[158],[0]
2025-11-29T02:09:46+01:00,[128],[0]
2025-11-29T02:07:43+01:00,[109],[0]
2025-11-29T02:04:43+01:00,[86],[0]
2025-11-29T01:51:15+01:00,[156],[0]
2025-11-29T01:48:14+01:00,[94],[0]
2025-11-29T01:45:10+01:00,[24],[0]
2025-11-29T01:42:57+01:00,[31],[0.06]
2025-11-29T01:09:43+01:00,[26],[0]
2025-11-29T01:03:30+01:00,[64],[0]
2025-11-29T00:47:27+01:00,[28],[0]
2025-11-29T00:36:58+01:00,[43],[0]
2025-11-29T00:34:31+01:00,[91],[0]
2025-11-28T23:59:38+01:00,[54],[0]
2025-11-28T23:42:46+01:00,[79],[0.02]
2025-11-28T23:41:57+01:00,[35],[0]
2025-11-28T23:40:41+01:00,[51],[0]
2025-11-28T23:29:51+01:00,[52],[0]
2025-11-28T23:22:57+01:00,[106],[0.02]
2025-11-28T23:02:18+01:00,[56],[0]
2025-11-28T22:57:17+01:00,[182],[0.01]
2025-11-28T22:56:11+01:00,[21],[0]
2025-11-28T22:55:22+01:00,[33],[0]
2025-11-28T22:51:39+01:00,[23],[0]
2025-11-28T22:36:39+01:00,[18],[0]
2025-11-28T22:35:06+01:00,[21],[0.2]
2025-11-28T22:30:17+01:00,[18],[0]
2025-11-28T22:03:12+01:00,[48],[0.03]
2025-11-28T21:46:26+01:00,[41],[0.1]
2025-11-28T21:44:51+01:00,[46],[0]
2025-11-28T00:24:26+01:00,[21],[0.08]
2025-11-27T23:44:39+01:00,[69],[0]
2025-11-27T23:43:30+01:00,[44],[0.03]
2025-11-27T23:42:24+01:00,[32],[0]
2025-11-27T23:33:57+01:00,"[300,110]","[0,0]"
2025-11-27T23:33:30+01:00,[14],[0]
2025-11-27T23:28:26+01:00,[299],[0]
2025-11-27T23:22:32+01:00,[281],[0]
2025-11-27T23:05:50+01:00,[68],[0]
2025-11-27T22:28:49+01:00,[35],[0.05]
2025-11-27T08:00:54+01:00,[35],[0.04]
2025-11-27T07:30:23+01:00,[39],[0]
2025-11-27T07:00:43+01:00,[40],[0.08]
2025-11-26T02:51:16+01:00,[47],[0]
2025-11-26T02:40:38+01:00,[19],[0]
2025-11-26T02:29:42+01:00,[34],[0.11]
2025-11-26T02:19:10+01:00,[26],[0]
2025-11-26T02:01:13+01:00,[28],[0]
2025-11-26T01:56:34+01:00,[48],[0]
2025-11-26T01:18:48+01:00,[40],[0]
2025-11-26T00:27:15+01:00,[177],[0]
2025-11-25T23:59:10+01:00,[86],[0.04]
2025-11-23T03:14:19+01:00,[48],[0]
2025-11-23T03:13:11+01:00,[44],[0.04]
2025-11-23T03:01:54+01:00,[95],[0]
2025-11-23T02:20:24+01:00,[27],[0]
2025-11-23T02:00:19+01:00,[34],[0]
2025-11-23T01:34:57+01:00,[19],[0]
2025-11-23T01:18:38+01:00,[38],[0.04]
2025-11-23T01:15:09+01:00,[17],[0]
2025-11-23T01:12:29+01:00,[68],[0]
2025-11-23T00:56:21+01:00,[61],[0.19]
2025-11-23T00:52:06+01:00,[28],[0.05]
2025-11-23T00:27:55+01:00,[104],[0.05]
2025-11-23T00:25:51+01:00,[90],[0.02]
2025-11-23T00:19:48+01:00,[31],[0]
2025-11-23T00:05:46+01:00,[20],[0]
2025-11-22T23:53:08+01:00,[65],[0]
2025-11-22T23:51:55+01:00,[46],[0.14]
2025-11-22T23:18:35+01:00,[37],[0.06]
2025-11-22T23:16:59+01:00,[56],[0.06]
2025-11-22T04:43:59+01:00,[50],[0]
2025-11-22T04:38:31+01:00,[47],[0.03]
2025-11-22T04:27:18+01:00,[72],[0.03]
2025-11-22T01:48:50+01:00,[77],[0.02]
2025-11-20T06:36:05+01:00,[66],[0]
2025-11-20T06:09:21+01:00,[18],[0]
2025-11-20T06:03:33+01:00,[47],[0]
2025-11-20T05:55:05+01:00,[39],[0.04]
2025-11-20T05:37:24+01:00,[27],[0]
2025-11-20T04:55:06+01:00,[64],[0]
2025-11-20T04:53:18+01:00,[28],[0.08]
2025-11-20T04:44:04+01:00,[39],[0]
2025-11-20T04:42:16+01:00,[65],[0]
2025-11-20T04:40:49+01:00,[65],[0.09]
2025-11-20T04:38:03+01:00,[52],[0]
2025-11-18T01:33:39+01:00,[42],[0]
2025-11-17T04:29:30+01:00,[86],[0]
2025-11-17T04:27:20+01:00,[101],[0.01]
2025-11-17T04:26:24+01:00,[26],[0.05]
2025-11-17T04:22:42+01:00,[33],[0.15]
2025-11-17T04:19:51+01:00,[20],[0]
2025-11-17T03:43:15+01:00,[15],[0.1]
2025-11-17T03:34:53+01:00,[83],[0.21]
2025-11-17T02:52:16+01:00,[48],[0]
2025-11-17T02:51:01+01:00,[43],[0]
2025-11-17T02:45:10+01:00,[32],[0.15]
2025-11-17T02:43:45+01:00,[31],[0]
2025-11-17T02:42:37+01:00,[35],[0.19]
2025-11-17T02:41:10+01:00,[21],[0]
2025-11-17T02:34:20+01:00,[79],[0]
2025-11-17T02:33:14+01:00,[30],[0.06]
2025-11-17T02:20:22+01:00,[65],[0]
2025-11-17T02:11:21+01:00,[46],[0.03]
2025-11-15T00:13:22+01:00,[21],[0.17]
2025-11-15T00:10:41+01:00,[15],[0]
2025-11-15T00:04:17+01:00,[26],[0]
2025-11-15T00:02:56+01:00,[24],[0.27]
2025-11-14T23:41:20+01:00,[23],[0]
2025-11-14T23:09:22+01:00,[25],[0]
2025-11-13T00:42:09+01:00,[88],[0]
2025-11-13T00:16:48+01:00,[28],[0]
2025-11-12T23:54:04+01:00,[16],[0]
2025-11-12T23:33:40+01:00,[73],[0]
2025-11-12T23:28:33+01:00,[15],[0]
2025-11-12T23:24:59+01:00,[40],[0]
2025-11-12T23:24:33+01:00,[12],[0]
2025-11-12T23:23:31+01:00,[26],[0]
2025-11-12T23:22:33+01:00,[22],[0.2]
2025-11-12T23:21:22+01:00,[59],[0]
2025-11-12T19:50:09+01:00,[52],[0]
2025-11-12T01:29:29+01:00,[35],[0]
2025-11-12T01:24:21+01:00,[100],[0]
2025-11-12T01:23:25+01:00,[41],[0]
2025-11-12T01:21:07+01:00,[36],[0]
2025-11-12T01:20:09+01:00,[39],[0]
2025-11-12T00:48:38+01:00,[96],[0]
2025-11-12T00:45:42+01:00,[45],[0]
2025-11-12T00:13:56+01:00,[55],[0]
2025-11-11T02:58:51+01:00,[31],[0]
2025-11-11T02:55:07+01:00,[105],[0.02]
2025-11-11T02:52:40+01:00,[52],[0]
2025-11-11T02:50:13+01:00,[137],[0.01]
2025-11-11T02:33:38+01:00,[16],[0]
2025-11-11T02:31:22+01:00,[87],[0.08]
2025-11-11T02:20:00+01:00,[299],[0]
2025-11-11T02:19:07+01:00,[39],[0]
2025-11-09T23:37:27+01:00,[18],[0]
2025-11-09T21:22:03+01:00,[25],[0]
2025-11-09T04:49:05+01:00,[88],[0.03]
2025-11-09T04:35:41+01:00,[23],[0.08]
2025-11-09T04:27:20+01:00,[49],[0]
2025-11-09T04:26:48+01:00,[21],[0]
2025-11-08T05:24:18+01:00,[29],[0]
2025-11-08T02:55:38+01:00,[27],[0]
2025-11-08T02:41:50+01:00,[24],[0]
2025-11-08T02:36:17+01:00,[29],[0]
2025-11-07T05:50:07+01:00,[36],[0.04]
2025-11-07T05:03:04+01:00,[42],[0]
2025-11-07T02:57:56+01:00,[49],[0]
2025-11-07T02:56:07+01:00,[46],[0]
2025-11-07T02:32:52+01:00,[94],[0.02]
2025-11-07T02:22:19+01:00,[25],[0]
2025-11-06T03:00:22+01:00,[56],[0.03]
2025-11-06T02:59:23+01:00,[24],[0]
2025-11-06T02:57:38+01:00,[91],[0]
2025-11-06T02:45:25+01:00,[123],[0]
2025-11-06T02:44:35+01:00,[34],[0]
2025-11-06T02:42:03+01:00,[134],[0]
2025-11-06T02:38:54+01:00,[165],[0.01]
2025-11-06T02:35:18+01:00,[200],[0]
2025-11-06T02:33:22+01:00,[100],[0]
2025-11-06T02:31:19+01:00,[110],[0]
2025-11-06T02:17:25+01:00,"[300,299]","[0,0]"
2025-11-06T02:12:24+01:00,[203],[0]
2025-11-05T06:08:45+01:00,[44],[0]
2025-11-05T05:52:47+01:00,[36],[0]
2025-11-05T05:43:16+01:00,[75],[0.06]
2025-11-05T05:40:25+01:00,[26],[0]
2025-11-05T04:46:45+01:00,[66],[0]
2025-11-05T04:46:00+01:00,[34],[0]
2025-11-02T04:11:58+01:00,[36],[0]
2025-11-02T03:51:25+01:00,[20],[0]
2025-11-02T03:44:16+01:00,[26],[0.08]
2025-11-02T01:20:01+01:00,[19],[0]
2025-11-01T04:18:55+01:00,[122],[0]
2025-11-01T04:16:10+01:00,[66],[0.14]
2025-11-01T04:11:58+01:00,[19],[0]
2025-11-01T04:09:31+01:00,[43],[0.1]
2025-11-01T04:01:56+01:00,[15],[0]
2025-11-01T03:39:19+01:00,[22],[0]
2025-11-01T03:38:27+01:00,[14],[0]
2025-11-01T03:34:40+01:00,[126],[0]
2025-10-31T23:59:13+01:00,[48],[0]
2025-10-31T23:52:59+01:00,[27],[0.08]
2025-10-31T20:28:46+01:00,[28],[0.06]
2025-10-31T20:27:53+01:00,[31],[0]
2025-10-31T20:23:41+01:00,[99],[0]
2025-10-31T19:14:03+01:00,[17],[0]
2025-10-31T19:12:12+01:00,[54],[0]
2025-10-31T19:09:39+01:00,[75],[0]
2025-10-31T04:22:44+01:00,[112],[0.51]
2025-10-31T04:20:17+01:00,[62],[0.06]
2025-10-31T04:17:22+01:00,[141],[0.15]
2025-10-31T01:12:40+01:00,[105],[0]
2025-10-31T01:09:31+01:00,[36],[0.08]
2025-10-31T00:13:28+01:00,[106],[0.18]
2025-10-31T00:11:33+01:00,[72],[0.09]
2025-10-31T00:09:46+01:00,[92],[0.02]
2025-10-30T23:49:44+01:00,[31],[0]
2025-10-30T23:48:32+01:00,[32],[0]
2025-10-30T23:47:01+01:00,[70],[0.03]
2025-10-30T23:44:00+01:00,[169],[0]
2025-10-30T23:40:06+01:00,[211],[0]
2025-10-30T23:39:40+01:00,[15],[0]
2025-10-30T23:36:25+01:00,[174],[0]
2025-10-30T23:35:44+01:00,[18],[0.09]
2025-10-30T23:32:42+01:00,[171],[0]
2025-10-30T23:30:57+01:00,[91],[0]
2025-10-30T23:25:54+01:00,[299],[0.01]
2025-10-30T23:24:26+01:00,[71],[0.03]
2025-10-30T23:17:48+01:00,[102],[0.07]
2025-10-30T23:15:31+01:00,[33],[0.05]
2025-10-30T23:13:45+01:00,[40],[0.19]
2025-10-30T21:58:46+01:00,[79],[0]
2025-10-30T21:38:49+01:00,[45],[0]
2025-10-30T21:32:34+01:00,[299],[0]
2025-10-30T21:31:13+01:00,[71],[0.03]
2025-10-30T21:29:25+01:00,[20],[0]
2025-10-30T21:26:04+01:00,[187],[0]
2025-10-30T21:21:00+01:00,[137],[0]
2025-10-30T00:18:06+01:00,"[299,276]","[0.09,0.06]"
2025-10-30T00:16:33+01:00,[74],[0.13]
2025-10-29T23:13:24+01:00,[84],[0]
2025-10-29T22:20:15+01:00,[279],[0]
2025-10-29T22:16:30+01:00,[133],[0]
2025-10-29T22:11:47+01:00,[273],[0]
2025-10-29T22:10:02+01:00,[85],[0]
2025-10-29T20:27:20+01:00,[31],[0.04]
2025-10-29T20:21:41+01:00,[290],[0]
2025-10-29T20:17:11+01:00,[166],[0]
2025-10-29T20:16:24+01:00,[35],[0]
2025-10-29T19:58:26+01:00,[130],[0.07]
2025-10-29T19:50:38+01:00,[55],[0]
2025-10-29T19:49:32+01:00,[42],[0]
2025-10-29T15:05:46+01:00,[29],[0.06]
2025-10-29T15:04:45+01:00,[19],[0]
2025-10-29T15:01:00+01:00,[86],[0]
2025-10-29T14:58:29+01:00,[44],[0]
2025-10-29T06:39:10+01:00,[115],[0.09]
2025-10-29T06:37:20+01:00,[70],[0.09]
2025-10-29T06:34:57+01:00,[39],[0.04]
2025-10-29T05:52:47+01:00,[16],[0]
2025-10-29T05:49:23+01:00,[22],[0]
2025-10-29T05:45:03+01:00,[68],[0]
2025-10-29T05:40:14+01:00,[224],[0]
2025-10-29T03:27:22+01:00,[70],[0.07]
2025-10-29T02:13:16+01:00,[40],[0]
2025-10-29T02:05:01+01:00,[65],[0.02]
2025-10-29T02:04:19+01:00,[13],[0]
2025-10-29T02:02:53+01:00,[39],[0]
2025-10-29T02:00:28+01:00,[125],[0]
2025-10-29T01:58:02+01:00,[112],[0]
2025-10-29T01:55:30+01:00,[36],[0.14]
2025-10-29T00:56:45+01:00,[43],[0]
2025-10-29T00:48:53+01:00,[116],[0]
2025-10-28T21:22:30+01:00,[16],[0]
2025-10-28T21:05:28+01:00,[86],[0]
2025-10-28T21:04:35+01:00,[20],[0]
2025-10-28T04:46:52+01:00,[88],[0]
2025-10-28T04:36:19+01:00,[90],[0]
2025-10-28T04:34:11+01:00,[117],[0]
2025-10-28T04:32:33+01:00,[18],[0.09]
2025-10-28T04:25:13+01:00,[66],[0]
2025-10-28T04:23:07+01:00,[114],[0]
2025-10-28T04:20:59+01:00,[33],[0]
2025-10-28T04:06:14+01:00,[31],[0]
2025-10-28T00:27:02+01:00,[84],[0]
2025-10-28T00:26:26+01:00,[21],[0]
2025-10-28T00:25:45+01:00,[27],[0]
2025-10-27T23:29:49+01:00,[39],[0.15]
2025-10-25T06:07:23+02:00,[110],[0.01]
2025-10-25T04:45:48+02:00,[125],[0.03]
2025-10-23T21:23:46+02:00,[72],[0]
2025-10-23T21:07:14+02:00,[67],[0]
2025-10-23T20:51:07+02:00,[15],[0]
2025-10-22T02:19:01+02:00,[34],[0]
2025-10-22T02:16:51+02:00,[36],[0]
2025-10-22T02:15:40+02:00,[57],[0]
2025-10-22T01:48:29+02:00,[29],[0]
2025-10-22T01:47:26+02:00,[23],[0]
2025-10-22T01:43:59+02:00,[37],[0]
2025-10-22T00:31:37+02:00,[63],[0]
2025-10-22T00:17:34+02:00,[46],[0]
2025-10-22T00:02:56+02:00,[56],[0]
2025-10-22T00:01:40+02:00,[27],[0]
2025-10-21T22:49:58+02:00,[32],[0]
2025-10-21T06:44:35+02:00,[91],[0.02]
2025-10-21T05:28:35+02:00,[97],[0]
2025-10-20T04:29:24+02:00,[255],[0]
2025-10-20T04:28:39+02:00,[35],[0]
2025-10-20T03:23:02+02:00,[66],[0]
2025-10-20T03:18:01+02:00,[300],[0]
2025-10-19T03:15:24+02:00,[101],[0.05]
2025-10-19T02:41:16+02:00,[275],[0.03]
2025-10-19T02:29:23+02:00,[194],[0.03]
2025-10-19T02:27:30+02:00,[60],[0]
2025-10-19T02:26:20+02:00,[38],[0.07]
2025-10-18T04:46:21+02:00,[80],[0.02]
2025-10-18T04:43:23+02:00,[15],[0]
2025-10-18T04:29:51+02:00,[24],[0.09]
2025-10-18T04:21:31+02:00,[53],[0]
2025-10-18T04:16:12+02:00,[56],[0.05]
2025-10-18T04:10:11+02:00,[79],[0]
2025-10-18T04:05:54+02:00,[36],[0]
2025-10-18T03:51:32+02:00,[18],[0]
2025-10-18T03:00:34+02:00,[248],[0]
2025-10-18T02:15:35+02:00,[99],[0.04]
2025-10-18T02:14:57+02:00,[19],[0.08]
2025-10-18T02:14:00+02:00,[45],[0.15]
2025-10-18T02:12:14+02:00,[80],[0]
2025-10-18T02:10:48+02:00,[45],[0.11]
2025-10-18T02:08:57+02:00,[20],[0.1]
2025-10-17T23:25:43+02:00,"[299,121]","[0.01,0.01]"
2025-10-16T05:18:39+02:00,[49],[0]
2025-10-16T05:15:37+02:00,[14],[0.1]
2025-10-16T05:09:19+02:00,[33],[0]
2025-10-16T04:48:02+02:00,[28],[0]
2025-10-16T04:42:36+02:00,[33],[0.04]
2025-10-16T03:57:52+02:00,[32],[0.06]
2025-10-16T02:42:24+02:00,[159],[0]
2025-10-14T05:32:41+02:00,[32],[0]
2025-10-14T05:14:11+02:00,[65],[0.03]
2025-10-14T05:12:05+02:00,[17],[0]
2025-10-14T05:10:12+02:00,[40],[0]
2025-10-14T04:59:25+02:00,[42],[0]
2025-10-14T04:29:59+02:00,[29],[0]
2025-10-14T04:24:26+02:00,[19],[0]
2025-10-14T04:17:44+02:00,[134],[0.01]
2025-10-14T04:16:36+02:00,[47],[0]
2025-10-14T04:09:59+02:00,[77],[0.02]
2025-10-14T04:09:29+02:00,[13],[0.1]
2025-10-14T04:08:03+02:00,[23],[0.2]
2025-10-14T04:06:10+02:00,[34],[0.05]
2025-10-14T03:40:28+02:00,[16],[0]
2025-10-12T05:28:32+02:00,[21],[0]
2025-10-12T05:25:52+02:00,[29],[0]
2025-10-12T04:01:49+02:00,[152],[0.02]
2025-10-12T03:55:48+02:00,[32],[0.2]
2025-10-12T03:54:45+02:00,[20],[0.07]
2025-10-12T03:34:13+02:00,[50],[0]
2025-10-12T03:26:26+02:00,[32],[0.07]
2025-10-12T03:23:07+02:00,[89],[0]
2025-10-12T03:14:48+02:00,[68],[0]
2025-10-12T02:47:19+02:00,[164],[0]
2025-10-12T02:42:19+02:00,[299],[0]
2025-10-12T02:37:14+02:00,[66],[0]
2025-10-12T02:34:29+02:00,[59],[0.04]
2025-10-12T02:32:34+02:00,[46],[0.25]
2025-10-12T02:24:27+02:00,[24],[0]
2025-10-12T00:33:01+02:00,[110],[0.03]
2025-10-12T00:31:40+02:00,[70],[0.06]
2025-10-12T00:24:34+02:00,[277],[0.02]
2025-10-12T00:18:22+02:00,"[300,59]","[0.04,0.13]"
2025-10-12T00:16:36+02:00,[90],[0]
2025-10-11T23:11:05+02:00,[75],[0]
2025-10-11T23:06:17+02:00,[63],[0]
2025-10-11T23:00:59+02:00,[300],[0]
2025-10-11T22:25:52+02:00,[41],[0]
2025-10-11T22:19:34+02:00,[31],[0]
2025-10-11T22:16:12+02:00,[41],[0]
2025-10-10T03:52:26+02:00,[293],[0]
2025-10-10T03:51:44+02:00,[30],[0]
2025-10-10T03:43:56+02:00,[219],[0.02]
2025-10-10T03:41:43+02:00,[50],[0]
2025-10-09T05:23:34+02:00,[169],[0]
2025-10-09T05:22:10+02:00,[51],[0]
2025-10-09T05:20:49+02:00,[65],[0]
2025-10-09T05:09:27+02:00,[52],[0.03]
2025-10-09T04:56:37+02:00,[20],[0]
2025-10-09T04:48:18+02:00,[35],[0]
2025-10-09T04:42:42+02:00,[34],[0.04]
2025-10-09T04:32:53+02:00,[32],[0]
2025-10-09T04:29:19+02:00,[28],[0]
2025-10-09T04:24:14+02:00,[25],[0]
2025-10-09T04:23:35+02:00,[21],[0]
2025-10-09T04:21:08+02:00,[134],[0]
2025-10-09T04:20:30+02:00,[22],[0.08]
2025-10-09T04:08:31+02:00,[166],[0.02]
2025-10-09T04:05:18+02:00,[23],[0]
2025-10-09T04:03:22+02:00,[35],[0]
2025-10-09T04:02:45+02:00,[26],[0]
2025-10-09T04:01:57+02:00,[34],[0]
2025-10-09T03:57:47+02:00,[28],[0]
2025-10-09T03:53:23+02:00,[34],[0]
2025-10-09T03:51:35+02:00,[87],[0]
2025-10-09T03:44:44+02:00,[19],[0]
2025-10-09T03:43:52+02:00,[23],[0.06]
2025-10-09T02:29:11+02:00,[82],[0]
2025-10-09T02:25:39+02:00,[171],[0]
2025-10-07T23:52:12+02:00,[38],[0]
2025-10-07T23:49:19+02:00,[17],[0.1]
2025-10-07T23:48:34+02:00,[34],[0]
2025-10-07T23:44:07+02:00,[22],[0]
2025-10-07T23:29:21+02:00,[22],[0.08]
2025-10-07T22:45:43+02:00,[17],[0]
2025-10-07T22:38:42+02:00,[21],[0]
2025-10-07T22:20:19+02:00,[63],[0.03]
2025-10-07T05:09:04+02:00,[25],[0]
2025-10-07T05:06:48+02:00,[27],[0]
2025-10-07T04:48:58+02:00,[51],[0]
2025-10-07T04:39:12+02:00,[26],[0]
2025-10-07T04:36:29+02:00,[70],[0]
2025-10-07T04:31:25+02:00,[69],[0]
2025-10-07T04:27:26+02:00,[21],[0]
2025-10-07T04:01:36+02:00,[16],[0.1]
2025-10-06T03:43:05+02:00,[266],[0.01]
2025-10-06T03:40:07+02:00,[105],[0]
2025-10-06T03:32:29+02:00,[158],[0]
2025-10-06T03:31:46+02:00,[28],[0]
2025-10-06T03:31:04+02:00,[18],[0]
2025-10-06T03:22:45+02:00,[94],[0]
2025-10-06T03:19:19+02:00,[136],[0]
2025-10-06T03:17:30+02:00,[41],[0]
2025-10-06T03:11:33+02:00,[299],[0]
2025-10-06T03:10:23+02:00,[19],[0]
2025-10-06T03:05:47+02:00,[232],[0]
2025-10-05T04:02:15+02:00,[162],[0.01]
2025-10-05T04:00:47+02:00,[16],[0]
2025-10-05T03:59:46+02:00,[26],[0]
2025-10-05T03:52:27+02:00,[26],[0.2]
2025-10-05T03:38:23+02:00,[83],[0.02]
2025-10-05T03:36:07+02:00,[96],[0.02]
2025-10-05T02:39:57+02:00,[43],[0]
2025-10-05T01:04:00+02:00,[103],[0]
2025-10-05T01:02:21+02:00,[23],[0]
2025-10-05T01:01:48+02:00,[18],[0.07]
2025-10-05T00:59:53+02:00,[96],[0]
2025-10-05T00:52:14+02:00,[32],[0]
2025-10-05T00:50:03+02:00,[22],[0.1]
2025-10-05T00:43:36+02:00,[96],[0]
2025-10-05T00:40:36+02:00,[19],[0]
2025-10-05T00:28:26+02:00,[24],[0.06]
2025-10-05T00:27:28+02:00,[31],[0]
2025-10-05T00:24:53+02:00,[28],[0]
2025-10-05T00:21:12+02:00,[71],[0]
2025-10-05T00:20:21+02:00,[35],[0]
2025-10-05T00:19:19+02:00,[47],[0]
2025-10-05T00:18:46+02:00,[22],[0.08]
2025-10-05T00:10:46+02:00,[33],[0.06]
2025-10-05T00:06:27+02:00,[218],[0.01]
2025-10-05T00:03:21+02:00,[106],[0]
2025-10-04T23:59:39+02:00,[199],[0]
2025-10-04T23:58:29+02:00,[27],[0]
2025-10-04T23:57:25+02:00,[54],[0]
2025-10-02T04:36:20+02:00,[32],[0]
2025-10-02T04:18:46+02:00,[70],[0.06]
2025-10-02T04:17:17+02:00,[53],[0.09]
2025-10-02T03:49:04+02:00,[27],[0.07]
2025-10-02T03:17:05+02:00,[20],[0]
2025-10-02T03:09:28+02:00,[36],[0]
2025-10-02T02:58:30+02:00,[71],[0]
2025-10-02T02:45:41+02:00,[53],[0]
2025-09-30T07:07:31+02:00,[21],[0]
2025-09-30T06:50:05+02:00,[67],[0.03]
2025-09-30T04:56:05+02:00,[71],[0.02]
2025-09-30T04:52:34+02:00,[174],[0.05]
2025-09-29T05:54:48+02:00,[27],[0]
2025-09-29T05:53:28+02:00,[15],[0]
2025-09-29T05:51:34+02:00,[87],[0]
2025-09-29T05:49:54+02:00,[81],[0]
2025-09-29T05:39:33+02:00,[98],[0]
2025-09-29T05:34:10+02:00,[36],[0.04]
2025-09-29T05:32:21+02:00,[59],[0]
2025-09-29T05:31:17+02:00,[14],[0]
2025-09-29T05:29:06+02:00,[21],[0]
2025-09-29T05:15:47+02:00,[33],[0]
2025-09-29T05:12:41+02:00,[32],[0]
2025-09-29T05:03:50+02:00,[38],[0]
2025-09-29T04:59:51+02:00,[73],[0]
2025-09-29T04:55:17+02:00,[48],[0]
2025-09-29T04:50:59+02:00,[18],[0.08]
2025-09-27T03:38:42+02:00,[50],[0]
2025-09-27T03:26:26+02:00,[75],[0.03]
2025-09-27T03:19:08+02:00,[82],[0.05]
2025-09-27T03:14:27+02:00,[88],[0.11]
2025-09-27T03:13:26+02:00,[22],[0]
2025-09-27T03:12:40+02:00,[29],[0]
2025-09-27T03:11:32+02:00,[52],[0]
2025-09-27T03:05:23+02:00,[155],[0]
2025-09-27T03:00:47+02:00,[240],[0.01]
2025-09-27T02:28:50+02:00,[51],[0]
2025-09-27T02:16:36+02:00,[36],[0.48]
2025-09-27T01:55:01+02:00,[43],[0]
2025-09-27T01:28:34+02:00,[21],[0.91]
2025-09-26T02:35:23+02:00,[42],[0]
2025-09-26T02:34:44+02:00,[17],[0.09]
2025-09-26T02:32:56+02:00,[51],[0]
2025-09-26T02:31:17+02:00,[49],[0.05]
2025-09-26T02:27:48+02:00,[150],[0.02]
2025-09-26T02:26:22+02:00,[44],[0]
2025-09-26T02:25:26+02:00,[30],[0]
2025-09-26T02:24:06+02:00,[16],[0.18]
2025-09-26T02:23:05+02:00,[22],[0]
2025-09-26T02:17:52+02:00,[28],[0]
2025-09-26T02:12:06+02:00,[43],[0.09]
2025-09-26T02:11:30+02:00,[25],[0]
2025-09-26T02:06:58+02:00,[88],[0]
2025-09-26T01:58:43+02:00,[133],[0]
2025-09-26T01:44:10+02:00,[46],[0.03]
2025-09-26T01:43:08+02:00,[45],[0]
2025-09-26T01:33:59+02:00,[82],[0]
2025-09-24T04:48:47+02:00,[299],[0]
2025-09-24T04:43:21+02:00,[87],[0]
2025-09-24T04:41:25+02:00,[36],[0]
2025-09-24T04:28:26+02:00,[108],[0]
2025-09-24T04:25:44+02:00,[36],[0]
2025-09-24T04:16:03+02:00,[18],[0]
2025-09-24T04:07:25+02:00,[22],[0.07]
2025-09-24T03:52:08+02:00,[22],[0.09]
2025-09-23T01:18:34+02:00,[57],[0]
2025-09-23T01:15:54+02:00,[148],[0]
2025-09-23T01:13:21+02:00,[62],[0]
2025-09-23T01:01:16+02:00,[111],[0.02]
2025-09-23T00:55:11+02:00,[171],[0]
2025-09-20T03:54:49+02:00,[32],[0]
2025-09-20T03:36:56+02:00,[91],[0]
2025-09-20T03:35:48+02:00,[22],[0]
2025-09-20T03:29:17+02:00,[24],[0.18]
2025-09-20T03:25:30+02:00,[56],[0]
2025-09-20T03:22:07+02:00,[55],[0]
2025-09-20T03:15:40+02:00,[91],[0]
2025-09-20T03:14:15+02:00,[40],[0.04]
2025-09-20T02:59:45+02:00,[107],[0.13]
2025-09-20T02:52:43+02:00,[19],[0]
2025-09-20T02:51:00+02:00,[37],[0.05]
2025-09-20T02:49:21+02:00,[22],[0]
2025-09-20T02:47:09+02:00,[35],[0.05]
2025-09-20T02:45:47+02:00,[41],[0.03]
2025-09-20T02:43:52+02:00,[30],[0.2]
2025-09-20T02:43:19+02:00,[18],[0]
2025-09-20T02:42:25+02:00,[41],[0]
2025-09-20T02:35:48+02:00,[46],[0]
2025-09-20T02:31:38+02:00,[41],[0]
2025-09-19T01:50:36+02:00,[35],[0.07]
2025-09-18T22:24:45+02:00,[32],[0]
2025-09-18T22:23:57+02:00,[14],[0]
2025-09-18T21:42:32+02:00,[24],[0]
2025-09-18T21:41:28+02:00,[16],[0]
2025-09-18T21:40:42+02:00,[22],[0.07]
2025-09-18T21:30:10+02:00,[22],[0]
2025-09-18T18:53:52+02:00,[34],[0.05]
2025-09-18T17:30:12+02:00,[22],[0]
2025-09-18T17:28:15+02:00,[21],[0]
2025-09-18T05:32:52+02:00,[130],[0]
2025-09-18T05:32:11+02:00,[24],[0]
2025-09-18T05:31:19+02:00,[36],[0]
2025-09-18T05:26:33+02:00,[275],[0]
2025-09-18T05:15:13+02:00,[50],[0]
2025-09-18T05:13:33+02:00,[23],[0.07]
2025-09-18T05:12:19+02:00,[59],[0]
2025-09-18T05:11:08+02:00,[34],[0.05]
2025-09-18T05:07:08+02:00,[154],[0.02]
2025-09-18T05:02:33+02:00,[69],[0]
2025-09-18T04:55:49+02:00,[54],[0]
2025-09-18T04:52:20+02:00,[169],[0.02]
2025-09-18T04:48:33+02:00,[59],[0]
2025-09-18T04:40:11+02:00,[21],[0.08]
2025-09-18T04:35:39+02:00,[64],[0.06]
2025-09-18T04:20:45+02:00,[48],[0]
2025-09-18T04:19:08+02:00,[40],[0]
2025-09-17T06:53:19+02:00,[36],[0]
2025-09-17T06:46:18+02:00,[26],[0.06]
2025-09-17T06:44:27+02:00,[76],[0]
2025-09-17T06:42:09+02:00,[20],[0]
2025-09-17T06:33:23+02:00,[18],[0]
2025-09-16T22:45:21+02:00,[50],[0]
2025-09-16T20:21:56+02:00,[23],[0]
2025-09-15T02:18:58+02:00,"[299,23]","[0,0]"
2025-09-15T02:17:45+02:00,[26],[0]
2025-09-15T02:14:35+02:00,[13],[0]
2025-09-15T02:11:53+02:00,[26],[0]
2025-09-15T02:10:18+02:00,[66],[0.07]
2025-09-15T02:06:24+02:00,[27],[0.05]
2025-09-15T02:05:36+02:00,[19],[0]
2025-09-15T02:04:31+02:00,[19],[0.27]
2025-09-15T01:57:47+02:00,[75],[0]
2025-09-15T01:49:36+02:00,[38],[0.3]
2025-09-15T01:46:01+02:00,[12],[0]
2025-09-15T01:08:02+02:00,[28],[0.08]
2025-09-15T01:07:04+02:00,[17],[0.3]
2025-09-15T00:47:38+02:00,[13],[0]
2025-09-15T00:27:54+02:00,[63],[0]
2025-09-15T00:25:50+02:00,[80],[0]
2025-09-15T00:23:15+02:00,[71],[0.03]
2025-09-15T00:09:05+02:00,[41],[0.03]
2025-09-14T21:45:19+02:00,[47],[0]
2025-09-14T21:42:01+02:00,[180],[0]
2025-09-14T05:06:18+02:00,[34],[0]
2025-09-14T04:52:42+02:00,[17],[0]
2025-09-14T04:40:40+02:00,[70],[0]
2025-09-14T04:39:39+02:00,[38],[0]
2025-09-14T04:37:48+02:00,[90],[0]
2025-09-14T04:35:33+02:00,[113],[0]
2025-09-14T04:13:19+02:00,"[299,300]","[0,0]"
2025-09-13T02:04:46+02:00,[28],[0]
2025-09-13T01:25:44+02:00,[70],[0]
2025-09-13T01:14:56+02:00,[72],[0]
2025-09-13T01:05:38+02:00,[46],[0]
2025-09-13T00:58:37+02:00,[28],[0.27]
2025-09-13T00:57:59+02:00,[15],[0]
2025-09-13T00:56:31+02:00,[22],[0]
2025-09-13T00:48:55+02:00,[46],[0]
2025-09-13T00:37:00+02:00,[19],[0]
2025-09-13T00:23:03+02:00,[157],[0.02]
2025-09-13T00:14:54+02:00,[114],[0.02]
2025-09-12T00:39:11+02:00,[28],[0]
2025-09-12T00:26:29+02:00,[29],[0]
2025-09-12T00:22:34+02:00,[203],[0]
2025-09-11T20:43:54+02:00,[14],[0]
2025-09-11T20:17:01+02:00,[67],[0.05]
2025-09-11T20:14:05+02:00,[14],[0]
2025-09-11T20:13:24+02:00,[26],[0]
2025-09-11T20:11:01+02:00,[75],[0]
2025-09-11T20:09:13+02:00,[57],[0]
2025-09-11T20:07:00+02:00,[91],[0]
2025-09-11T19:57:46+02:00,"[299,39]","[0.04,0]"
2025-09-11T16:05:05+02:00,[16],[0]
2025-09-11T16:00:40+02:00,[32],[0]
2025-09-11T15:51:02+02:00,[48],[0]
2025-09-11T15:50:08+02:00,[21],[0.2]
2025-09-11T01:36:43+02:00,[38],[0]
2025-09-11T01:36:00+02:00,[28],[0]
2025-09-11T01:30:08+02:00,[13],[0.1]
2025-09-11T01:18:12+02:00,[55],[0]
2025-09-11T01:16:41+02:00,[28],[0.05]
2025-09-11T00:58:11+02:00,[65],[0.08]
2025-09-11T00:34:32+02:00,[95],[0.03]
2025-09-11T00:32:30+02:00,[111],[0]
2025-09-11T00:30:10+02:00,[126],[0.01]
2025-09-11T00:26:45+02:00,[158],[0]
2025-09-11T00:22:23+02:00,[236],[0]
2025-09-11T00:18:49+02:00,[196],[0.02]
2025-09-11T00:16:03+02:00,[153],[0.03]
2025-09-11T00:13:18+02:00,[30],[0]
2025-09-11T00:10:28+02:00,[45],[0.04]
2025-09-11T00:09:47+02:00,[30],[0]
2025-09-11T00:08:09+02:00,[85],[0.02]
2025-09-11T00:05:09+02:00,[147],[0]
2025-09-11T00:03:20+02:00,[98],[0.07]
2025-09-11T00:01:09+02:00,[28],[0]
2025-09-10T23:59:34+02:00,[31],[0.06]
2025-09-10T23:18:17+02:00,[23],[0.07]
2025-09-10T01:44:27+02:00,[53],[0.03]
2025-09-10T01:41:46+02:00,[137],[0.04]
2025-09-10T01:37:38+02:00,[148],[0.02]
2025-09-10T01:34:54+02:00,[134],[0]
2025-09-10T01:28:09+02:00,"[299,36]","[0,0]"
2025-09-10T01:24:27+02:00,[57],[0]
2025-09-10T01:04:55+02:00,[45],[0.14]
2025-09-10T01:03:53+02:00,[20],[0]
2025-09-10T00:52:42+02:00,[67],[0]
2025-09-10T00:46:40+02:00,[199],[0]
2025-09-10T00:39:48+02:00,[181],[0]
2025-09-10T00:37:38+02:00,[113],[0]
2025-09-10T00:36:56+02:00,[25],[0]
2025-09-10T00:35:35+02:00,[37],[0]
2025-09-10T00:31:16+02:00,[109],[0]
2025-09-09T22:26:11+02:00,[140],[0]
2025-09-09T22:24:23+02:00,[60],[0]
2025-09-09T22:20:55+02:00,[118],[0]
2025-09-09T22:19:07+02:00,[78],[0]
2025-09-09T22:17:21+02:00,[68],[0]
2025-09-09T01:51:22+02:00,[17],[0]
2025-09-09T01:49:41+02:00,[47],[0.04]
2025-09-09T01:44:35+02:00,[29],[0.12]
2025-09-09T01:43:48+02:00,[28],[0]
2025-09-09T01:42:21+02:00,[22],[0]
2025-09-09T01:41:03+02:00,[29],[0.06]
2025-09-09T00:16:49+02:00,[16],[0]
2025-09-08T22:50:04+02:00,[88],[0]
2025-09-08T22:49:08+02:00,[34],[0]
2025-09-08T22:46:57+02:00,[73],[0]
2025-09-08T22:45:30+02:00,[16],[0]
2025-09-08T22:43:18+02:00,[109],[0]
2025-09-08T22:42:40+02:00,[18],[0]
2025-09-08T22:32:35+02:00,[120],[0]
2025-09-08T22:31:29+02:00,[17],[0]
2025-09-08T22:30:28+02:00,[39],[0]
2025-09-08T22:28:13+02:00,[89],[0]
2025-09-08T22:25:22+02:00,[92],[0]
2025-09-08T22:19:33+02:00,[53],[0]
2025-09-08T22:16:10+02:00,[185],[0]
2025-09-08T22:14:54+02:00,[62],[0]
2025-09-08T05:14:06+02:00,[170],[0.01]
2025-09-08T05:11:14+02:00,[120],[0]
2025-09-08T05:06:14+02:00,[299],[0]
2025-09-08T05:02:51+02:00,[156],[0]
2025-09-08T05:00:23+02:00,[135],[0]
2025-09-08T04:56:43+02:00,[173],[0.02]
2025-09-08T04:51:44+02:00,[298],[0]
2025-09-08T04:47:19+02:00,[66],[0]
2025-09-08T04:46:26+02:00,[25],[0]
2025-09-08T04:35:18+02:00,[300],[0.03]
2025-09-08T04:34:31+02:00,[31],[0]
2025-09-08T04:32:08+02:00,[23],[0]
2025-09-08T04:29:56+02:00,[39],[0]
2025-09-08T04:12:14+02:00,[17],[0.08]
2025-09-08T03:54:48+02:00,[16],[0]
2025-09-08T03:48:42+02:00,[11],[0]
2025-09-08T03:47:13+02:00,[44],[0]
2025-09-08T03:35:57+02:00,[170],[0]
2025-09-08T03:35:06+02:00,[28],[0]
2025-09-08T03:32:19+02:00,[100],[0]
2025-09-08T03:30:27+02:00,[45],[0]
2025-09-08T03:28:46+02:00,[85],[0]
2025-09-08T03:27:50+02:00,[45],[0]
2025-09-08T03:25:55+02:00,[20],[0]
2025-09-08T03:25:04+02:00,[35],[0.31]
2025-09-08T03:24:15+02:00,[36],[0]
2025-09-08T03:22:21+02:00,[95],[0]
2025-09-07T21:24:47+02:00,[43],[0]
2025-09-07T21:14:25+02:00,[39],[0]
2025-09-07T21:11:49+02:00,[36],[0.05]
2025-09-07T21:05:05+02:00,[58],[0.11]
2025-09-07T20:55:11+02:00,[36],[0]
2025-09-07T20:53:19+02:00,[44],[0]
2025-09-07T20:51:59+02:00,[69],[0.05]
2025-09-07T20:48:41+02:00,[26],[0]
2025-09-07T20:47:37+02:00,[39],[0.06]
2025-09-07T20:14:44+02:00,[37],[0.38]
2025-09-07T20:13:45+02:00,[28],[0.06]
2025-09-07T20:12:32+02:00,[33],[0]
2025-09-07T20:07:26+02:00,[45],[0]
2025-09-07T20:04:59+02:00,[120],[0.03]
2025-09-07T19:54:08+02:00,[27],[0]
2025-09-07T19:53:05+02:00,[35],[0]
2025-09-07T19:52:03+02:00,[33],[0]
2025-09-07T19:50:52+02:00,[33],[0.06]
2025-09-07T19:14:35+02:00,[56],[0]
2025-09-07T18:55:27+02:00,[31],[0]
2025-09-07T18:39:44+02:00,[34],[0.07]
2025-09-07T02:57:06+02:00,[79],[0]
2025-09-07T02:52:48+02:00,[244],[0]
2025-09-07T02:44:03+02:00,"[299,182]","[0,0]"
2025-09-07T02:22:14+02:00,[68],[0]
2025-09-07T02:19:32+02:00,[61],[0]
2025-09-07T02:13:35+02:00,[278],[0]
2025-09-07T02:03:58+02:00,"[299,199]","[0,0]"
2025-09-07T01:46:45+02:00,[29],[0]
2025-09-06T20:45:46+02:00,[23],[0]
2025-09-06T20:44:02+02:00,[37],[0]
2025-09-06T20:12:27+02:00,[57],[0.03]
2025-09-06T19:53:18+02:00,[36],[0]
2025-09-06T05:47:53+02:00,[28],[0]
2025-09-06T05:45:27+02:00,[58],[0]
2025-09-06T05:41:20+02:00,[204],[0]
2025-09-06T05:35:19+02:00,[65],[0]
2025-09-06T01:41:16+02:00,[78],[0.02]
2025-09-05T21:44:26+02:00,[19],[0]
2025-09-05T21:41:56+02:00,[14],[0]
2025-09-05T20:34:02+02:00,[142],[0]
2025-09-05T20:14:42+02:00,[59],[0]
2025-09-05T20:09:14+02:00,[21],[0]
2025-09-04T05:35:15+02:00,[24],[0]
2025-09-04T05:32:58+02:00,[20],[0]
2025-09-04T05:29:16+02:00,[45],[0]
2025-09-04T05:28:35+02:00,[25],[0.07]
2025-09-04T05:27:18+02:00,[67],[0]
2025-09-04T05:24:07+02:00,[36],[0.04]
2025-09-04T05:21:32+02:00,[46],[0]
2025-09-04T05:19:37+02:00,[45],[0.03]
2025-09-04T05:17:48+02:00,[51],[0]
2025-09-04T05:17:18+02:00,[13],[0]
2025-09-04T05:16:26+02:00,[26],[0]
2025-09-04T05:15:32+02:00,[16],[0]
2025-09-04T05:14:46+02:00,[30],[0.07]
2025-09-04T05:12:06+02:00,[33],[0]
2025-09-04T05:10:58+02:00,[21],[0]
2025-09-04T05:08:11+02:00,[36],[0]
2025-09-04T05:06:01+02:00,[31],[0.11]
2025-09-04T05:05:11+02:00,[17],[0]
2025-09-04T05:03:59+02:00,[34],[0.05]
2025-09-04T04:54:04+02:00,[29],[0]
2025-09-04T04:48:54+02:00,[20],[0.1]
2025-09-01T03:49:34+02:00,[86],[0]
2025-09-01T03:45:57+02:00,[131],[0]
2025-09-01T03:44:52+02:00,[55],[0]
2025-09-01T03:44:16+02:00,[17],[0]
2025-09-01T03:42:19+02:00,[104],[0]
2025-09-01T03:40:00+02:00,[84],[0]
2025-09-01T03:35:48+02:00,[165],[0]
2025-09-01T03:34:22+02:00,[49],[0]
2025-09-01T03:33:03+02:00,[47],[0]
2025-09-01T03:16:10+02:00,[28],[0.06]
2025-09-01T03:15:20+02:00,[16],[0]
2025-09-01T03:14:21+02:00,[44],[0]
2025-09-01T03:13:23+02:00,[33],[0]
2025-09-01T03:09:47+02:00,[51],[0]
2025-09-01T03:08:31+02:00,[35],[0.04]
2025-09-01T03:06:18+02:00,[55],[0]
2025-09-01T03:04:35+02:00,[70],[0]
2025-09-01T02:58:33+02:00,[37],[0]
2025-09-01T02:55:43+02:00,[30],[0]
2025-09-01T02:54:26+02:00,[55],[0.03]
2025-09-01T02:52:37+02:00,[13],[0.2]
2025-09-01T02:45:33+02:00,[66],[0]
2025-09-01T02:36:36+02:00,[89],[0]
2025-09-01T02:34:03+02:00,[120],[0]
2025-09-01T02:32:13+02:00,[89],[0]
2025-09-01T02:27:15+02:00,[64],[0]
2025-09-01T02:24:48+02:00,[106],[0]
2025-09-01T02:23:20+02:00,[31],[0]
2025-09-01T02:22:41+02:00,[16],[0]
2025-09-01T02:19:33+02:00,[176],[0]
2025-09-01T02:18:03+02:00,[49],[0]
2025-09-01T00:40:59+02:00,[60],[0]
2025-09-01T00:36:44+02:00,[17],[0]
2025-09-01T00:35:47+02:00,[25],[0.08]
2025-09-01T00:26:08+02:00,[85],[0]
2025-08-31T23:55:42+02:00,[94],[0.02]
2025-08-31T23:51:58+02:00,[119],[0]
2025-08-30T05:36:04+02:00,[45],[0]
2025-08-30T05:30:33+02:00,[17],[0]
2025-08-30T05:29:45+02:00,[19],[0.3]
2025-08-30T05:27:25+02:00,[14],[0.1]
2025-08-30T05:25:18+02:00,[39],[0]
2025-08-30T04:34:55+02:00,[19],[0]
2025-08-30T04:20:20+02:00,[20],[0.17]
2025-08-30T04:06:55+02:00,[26],[0.06]
2025-08-30T03:53:33+02:00,[27],[0.13]
2025-08-30T03:32:36+02:00,[27],[0]
2025-08-30T03:30:22+02:00,[42],[0.08]
2025-08-30T03:18:59+02:00,[36],[0]
2025-08-30T02:13:11+02:00,[12],[0]
2025-08-30T01:46:41+02:00,[52],[0]
2025-08-30T01:10:44+02:00,[25],[0.07]
2025-08-30T01:06:55+02:00,[87],[0]
2025-08-30T01:03:24+02:00,[102],[0]
2025-08-30T00:59:19+02:00,[220],[0.01]
2025-08-30T00:57:28+02:00,[45],[0]
2025-08-30T00:54:43+02:00,[44],[0.03]
2025-08-30T00:52:44+02:00,[64],[0]
2025-08-30T00:46:15+02:00,[32],[0]
2025-08-30T00:45:06+02:00,[21],[0]
2025-08-30T00:42:59+02:00,[114],[0]
2025-08-30T00:40:41+02:00,[98],[0]
2025-08-30T00:36:09+02:00,[201],[0]
2025-08-30T00:32:56+02:00,[16],[0]
2025-08-30T00:26:33+02:00,[13],[0]
2025-08-30T00:25:07+02:00,[42],[0]
2025-08-30T00:22:49+02:00,[107],[0]
2025-08-30T00:14:13+02:00,[28],[0]
2025-08-30T00:13:17+02:00,[46],[0.14]
2025-08-30T00:05:26+02:00,[123],[0]
2025-08-24T07:24:50+02:00,[35],[0]
2025-08-24T07:23:07+02:00,[23],[0.14]
2025-08-24T07:11:35+02:00,[15],[0]
2025-08-24T07:10:41+02:00,[38],[0]
2025-08-24T07:02:11+02:00,[34],[0]
2025-08-24T06:41:35+02:00,[58],[0]
2025-08-24T06:25:29+02:00,[14],[0.1]
2025-08-24T06:19:32+02:00,[47],[0]
2025-08-24T06:10:35+02:00,[37],[0]
2025-08-24T06:08:14+02:00,[57],[0]
2025-08-23T07:06:16+02:00,[37],[0]
2025-08-23T06:59:36+02:00,[45],[0.04]
2025-08-23T06:52:30+02:00,[15],[0.09]
2025-08-23T06:46:21+02:00,[17],[0]
2025-08-23T06:18:23+02:00,[30],[0]
2025-08-23T06:16:57+02:00,[34],[0.05]
2025-08-23T06:10:17+02:00,[23],[0]
2025-08-23T06:05:36+02:00,[44],[0]
2025-08-23T06:04:19+02:00,[64],[0]
2025-08-23T06:02:07+02:00,[15],[0]
2025-08-23T06:00:23+02:00,[88],[0]
2025-08-22T06:10:32+02:00,[21],[0]
2025-08-22T06:07:42+02:00,[18],[0]
2025-08-22T06:07:09+02:00,[21],[0]
2025-08-22T06:05:30+02:00,[48],[0]
2025-08-22T05:29:14+02:00,[26],[0]
2025-08-22T05:26:37+02:00,[84],[0.02]
2025-08-22T05:23:08+02:00,[23],[0]
2025-08-22T05:22:18+02:00,[33],[0]
2025-08-22T05:12:51+02:00,[28],[0]
2025-08-22T05:12:10+02:00,[17],[0]
2025-08-20T05:37:38+02:00,[108],[0]
2025-08-20T05:36:21+02:00,[66],[0]
2025-08-20T05:35:23+02:00,[36],[0]
2025-08-20T05:33:04+02:00,[56],[0]
2025-08-20T05:26:07+02:00,[212],[0.01]
2025-08-20T05:22:57+02:00,[153],[0]
2025-08-20T05:12:59+02:00,"[299,299]","[0,0]"
2025-08-20T05:03:14+02:00,[260],[0]
2025-08-20T05:00:21+02:00,[159],[0]
2025-08-20T04:53:00+02:00,[300],[0]
2025-08-20T04:50:04+02:00,[100],[0]
2025-08-20T04:43:38+02:00,[139],[0.01]
2025-08-19T07:18:27+02:00,[122],[0.04]
2025-08-19T05:09:48+02:00,[115],[0.02]
2025-08-19T04:57:50+02:00,[168],[0.01]
2025-08-19T04:56:17+02:00,[59],[0.03]
2025-08-19T04:53:55+02:00,[123],[0.01]
2025-08-19T04:50:13+02:00,[178],[0]
2025-08-18T05:58:15+02:00,[46],[0]
2025-08-18T05:30:21+02:00,[19],[0]
2025-08-18T05:25:25+02:00,[27],[0]
2025-08-18T05:21:55+02:00,[54],[0]
2025-08-17T03:11:25+02:00,[30],[0]
2025-08-17T02:13:19+02:00,[24],[0]
2025-08-17T01:00:33+02:00,[45],[0]
2025-08-17T00:32:09+02:00,[48],[0.03]
2025-08-16T23:29:48+02:00,[52],[0]
2025-08-16T22:30:39+02:00,[42],[0]
2025-08-16T20:29:42+02:00,[20],[0]
2025-08-14T05:11:27+02:00,[57],[0]
2025-08-14T05:02:54+02:00,[32],[0.07]
2025-08-14T04:35:36+02:00,[41],[0]
2025-08-14T04:27:31+02:00,[42],[0]
2025-08-14T04:18:48+02:00,[93],[0.02]
2025-08-14T04:16:33+02:00,[37],[0]
2025-08-14T04:15:11+02:00,[44],[0.04]
2025-08-14T04:14:27+02:00,[24],[0]
2025-08-14T04:07:04+02:00,[17],[0]
2025-08-14T03:53:06+02:00,[93],[0]
2025-08-11T03:33:22+02:00,[35],[0]
2025-08-11T03:10:01+02:00,[34],[0]
2025-08-11T02:57:26+02:00,[84],[0.08]
2025-08-11T00:30:05+02:00,[20],[0.45]
2025-08-11T00:26:50+02:00,[173],[0.03]
2025-08-10T04:31:39+02:00,[26],[0]
2025-08-10T04:30:05+02:00,[41],[0]
2025-08-10T04:29:31+02:00,[17],[0]
2025-08-10T04:13:28+02:00,[71],[0.02]
2025-08-10T03:35:13+02:00,[26],[0.3]
2025-08-10T03:32:13+02:00,[65],[0]
2025-08-10T02:33:23+02:00,[77],[0]
2025-08-10T02:23:51+02:00,[96],[0.11]
2025-08-10T02:22:32+02:00,[28],[0]
2025-08-10T02:20:41+02:00,[73],[0.02]
2025-08-10T02:07:51+02:00,[37],[0]
2025-08-10T02:04:15+02:00,[36],[0]
2025-08-10T02:03:37+02:00,[28],[0]
2025-08-10T02:02:16+02:00,[19],[0.08]
2025-08-10T01:49:14+02:00,[87],[0]
2025-08-10T01:32:34+02:00,[63],[0]
2025-08-10T01:29:38+02:00,[130],[0]
2025-08-10T01:19:37+02:00,[45],[0]
2025-08-10T01:18:17+02:00,[43],[0]
2025-08-10T01:17:07+02:00,[14],[0]
2025-08-10T01:13:14+02:00,[32],[0]
2025-08-10T01:07:26+02:00,[86],[0.02]
2025-08-07T03:32:22+02:00,[34],[0.21]
2025-08-07T02:20:01+02:00,[36],[0]
2025-08-06T06:07:39+02:00,[49],[0.03]
2025-08-06T06:05:12+02:00,[43],[0]
2025-08-06T05:53:06+02:00,[113],[0.04]
2025-08-06T05:48:05+02:00,[296],[0.01]
2025-08-06T05:08:09+02:00,[70],[0]
2025-08-06T04:54:29+02:00,[45],[0]
2025-08-06T04:47:11+02:00,[23],[0]
2025-08-05T00:34:09+02:00,[33],[0]
2025-08-04T23:21:51+02:00,[67],[0]
2025-08-04T22:27:25+02:00,[68],[0]
2025-08-04T22:10:27+02:00,[44],[0]
2025-08-04T22:03:00+02:00,[50],[0]
2025-08-04T03:06:22+02:00,[22],[0]
2025-08-04T02:23:04+02:00,[39],[0]
2025-08-03T05:53:22+02:00,[58],[0]
2025-08-03T05:51:12+02:00,[17],[0]
2025-08-03T05:39:45+02:00,[37],[0]
2025-08-03T05:25:58+02:00,[19],[0]
2025-08-03T05:20:05+02:00,[43],[0.04]
2025-08-03T05:17:03+02:00,[24],[0]
2025-08-03T05:08:42+02:00,[40],[0.09]
2025-08-03T04:52:13+02:00,[34],[0.06]
2025-07-31T04:30:16+02:00,[36],[0]
2025-07-31T04:19:06+02:00,[40],[0]
2025-07-31T02:47:17+02:00,[31],[0]
2025-07-31T02:28:39+02:00,[27],[0]
2025-07-31T02:23:33+02:00,[28],[0]
2025-07-30T23:48:18+02:00,[21],[0]
2025-07-30T23:47:13+02:00,[28],[0]
2025-07-30T23:45:52+02:00,[39],[0]
2025-07-30T23:43:33+02:00,[117],[0]
2025-07-30T23:40:33+02:00,[30],[0]
2025-07-30T01:51:27+02:00,[22],[0]
2025-07-28T21:50:46+02:00,[39],[0]
2025-07-28T21:48:24+02:00,[67],[0]
2025-07-28T21:46:49+02:00,[67],[0.18]
2025-07-28T21:46:15+02:00,[22],[0.08]
2025-07-28T21:40:55+02:00,[47],[0]
2025-07-28T21:39:44+02:00,[29],[0]
2025-07-28T21:37:36+02:00,[43],[0.17]
2025-07-28T21:32:53+02:00,[20],[0]
2025-07-28T21:22:34+02:00,[67],[0.09]
2025-07-28T21:21:37+02:00,[13],[0]
2025-07-28T21:20:12+02:00,[56],[0.04]
2025-07-27T06:54:27+02:00,[47],[0.04]
2025-07-27T06:44:29+02:00,[21],[0]
2025-07-27T06:43:14+02:00,[53],[0.03]
2025-07-27T06:06:43+02:00,[77],[0]
2025-07-27T06:01:43+02:00,[299],[0]
2025-07-27T05:59:02+02:00,[41],[0.11]
2025-07-27T05:57:49+02:00,[45],[0]
2025-07-27T05:44:08+02:00,[54],[0]
2025-07-27T05:42:27+02:00,[43],[0.04]
2025-07-27T05:39:18+02:00,[169],[0]
2025-07-27T05:35:21+02:00,[16],[0]
2025-07-27T05:18:26+02:00,[56],[0.02]
2025-07-27T05:15:29+02:00,[157],[0]
2025-07-27T04:54:42+02:00,[45],[0.04]
2025-07-27T04:50:18+02:00,[27],[0.13]
2025-07-27T04:45:00+02:00,[114],[0.07]
2025-07-27T04:41:42+02:00,[144],[0.06]
2025-07-27T04:33:26+02:00,[91],[0.05]
2025-07-24T06:04:26+02:00,[139],[0]
2025-07-24T06:02:29+02:00,[104],[0.01]
2025-07-24T05:17:58+02:00,[118],[0.04]
2025-07-24T05:17:21+02:00,[20],[0]
2025-07-24T05:04:09+02:00,[138],[0.01]
2025-07-23T06:06:21+02:00,[288],[0.01]
2025-07-23T05:46:17+02:00,[188],[0.02]
2025-07-23T05:37:09+02:00,[146],[0.02]
2025-07-23T05:36:10+02:00,[34],[0.06]
2025-07-23T05:34:33+02:00,[36],[0]
2025-07-23T05:18:22+02:00,[16],[0]
2025-07-20T04:06:50+02:00,[29],[0]
2025-07-20T03:30:00+02:00,[112],[0]
2025-07-20T03:11:37+02:00,[127],[0.02]
2025-07-20T03:03:56+02:00,[140],[0.1]
2025-07-20T00:33:21+02:00,[27],[0]
2025-07-20T00:20:47+02:00,[186],[0.03]
2025-07-19T06:35:14+02:00,[54],[0]
2025-07-19T06:23:11+02:00,[39],[0]
2025-07-19T05:57:50+02:00,[26],[0]
2025-07-19T05:53:43+02:00,[19],[0.18]
2025-07-19T05:29:43+02:00,[52],[0.03]
2025-07-17T02:13:22+02:00,[74],[0.02]
2025-07-17T02:11:22+02:00,[52],[0.1]
2025-07-17T02:09:10+02:00,[45],[0]
2025-07-17T02:04:50+02:00,[48],[0]
2025-07-17T02:02:37+02:00,[22],[0]
2025-07-17T01:59:10+02:00,[163],[0.03]
2025-07-15T06:09:45+02:00,[48],[0]
2025-07-15T06:06:59+02:00,[21],[0]
2025-07-15T06:05:00+02:00,[17],[0]
2025-07-15T06:00:19+02:00,[19],[0.07]
2025-07-15T05:59:11+02:00,[56],[0.03]
2025-07-15T05:42:33+02:00,[13],[0]
2025-07-15T05:29:35+02:00,[21],[0.08]
2025-07-14T02:08:37+02:00,[66],[0.03]
2025-07-14T02:07:18+02:00,[62],[0]
2025-07-14T02:05:05+02:00,[39],[0]
2025-07-14T01:58:51+02:00,[19],[0]
2025-07-14T01:57:47+02:00,[47],[0]
2025-07-14T01:56:00+02:00,[82],[0]
2025-07-13T23:16:10+02:00,[40],[0]
2025-07-13T23:01:03+02:00,"[299,300,188]","[0,0,0]"
2025-07-13T22:44:48+02:00,[178],[0]
2025-07-13T22:34:09+02:00,[91],[0]
2025-07-13T22:01:55+02:00,[29],[0]
2025-07-13T20:59:54+02:00,[32],[0]
2025-07-13T20:14:11+02:00,[28],[0]
2025-07-13T01:37:03+02:00,[22],[0]
2025-07-13T01:35:41+02:00,[17],[0]
2025-07-13T00:09:53+02:00,[100],[0]
2025-07-12T23:18:41+02:00,[78],[0.03]
2025-07-12T23:18:00+02:00,[24],[0.05]
2025-07-12T22:41:54+02:00,[17],[0]
2025-07-12T19:13:52+02:00,[41],[0.11]
2025-07-12T18:48:19+02:00,[45],[0]
2025-07-12T17:58:08+02:00,[55],[0.08]
2025-07-12T17:54:05+02:00,[72],[0.07]
2025-07-12T17:53:03+02:00,[13],[0.1]
2025-07-12T17:49:16+02:00,[47],[0]
2025-07-12T04:49:43+02:00,[41],[0.06]
2025-07-12T04:32:26+02:00,[20],[0]
2025-07-12T03:42:49+02:00,[21],[0.18]
2025-07-12T03:41:03+02:00,[20],[0.07]
2025-07-12T03:16:12+02:00,[82],[0]
2025-07-12T03:13:39+02:00,[30],[0]
2025-07-12T03:08:14+02:00,[32],[0]
2025-07-12T02:23:23+02:00,[44],[0]
2025-07-12T02:17:50+02:00,[58],[0]
2025-07-12T02:12:59+02:00,[37],[0.12]
2025-07-12T02:04:06+02:00,[29],[0]
2025-07-12T01:47:32+02:00,[161],[0.01]
2025-07-12T01:03:18+02:00,[51],[0.03]
2025-07-12T01:02:09+02:00,[53],[0.04]
2025-07-12T00:02:10+02:00,[18],[0]
2025-07-11T23:55:31+02:00,[258],[0]
2025-07-11T23:53:54+02:00,[37],[0]
2025-07-11T23:52:46+02:00,[18],[0.08]
2025-07-11T23:33:30+02:00,[28],[0]
2025-07-11T23:29:11+02:00,[97],[0]
2025-07-11T22:30:42+02:00,[78],[0]
2025-07-11T22:26:20+02:00,[93],[0]
2025-07-11T22:24:12+02:00,[94],[0]
2025-07-11T22:22:40+02:00,[67],[0]
2025-07-11T22:19:50+02:00,[108],[0]
2025-07-11T22:17:06+02:00,[100],[0]
2025-07-11T22:15:04+02:00,[79],[0.08]
2025-07-11T22:11:33+02:00,[97],[0]
2025-07-11T22:09:29+02:00,[86],[0]
2025-07-11T22:03:58+02:00,[82],[0.02]
2025-07-11T22:01:21+02:00,[71],[0]
2025-07-11T22:00:21+02:00,[49],[0]
2025-07-11T21:59:08+02:00,[58],[0.03]
2025-07-11T21:14:48+02:00,[67],[0]
2025-07-11T21:13:26+02:00,[21],[0]
2025-07-11T21:11:04+02:00,[32],[0.06]
2025-07-11T21:04:24+02:00,[39],[0]
2025-07-11T20:46:21+02:00,[35],[0]
2025-07-11T20:43:44+02:00,[17],[0]
2025-07-11T19:14:57+02:00,[31],[0]
2025-07-11T19:07:15+02:00,[17],[0.17]
2025-07-11T05:58:15+02:00,[113],[0]
2025-07-11T05:56:43+02:00,[38],[0]
2025-07-11T05:43:44+02:00,[101],[0.02]
2025-07-11T05:40:28+02:00,[150],[0]
2025-07-11T05:34:02+02:00,[102],[0]
2025-07-11T05:33:21+02:00,[22],[0.07]
2025-07-11T05:31:33+02:00,[36],[0]
2025-07-11T04:06:56+02:00,[39],[0]
2025-07-11T03:24:47+02:00,[77],[0]
2025-07-11T02:14:59+02:00,[53],[0]
2025-07-11T02:12:21+02:00,[125],[0]
2025-07-11T02:11:08+02:00,[36],[0]
2025-07-11T00:47:36+02:00,[97],[0]
2025-07-10T23:56:33+02:00,[86],[0.05]
2025-07-10T23:54:11+02:00,[24],[0]
2025-07-10T23:21:12+02:00,[124],[0]
2025-07-10T23:16:12+02:00,[299],[0]
2025-07-10T23:14:16+02:00,[98],[0]
2025-07-10T23:09:18+02:00,[297],[0]
2025-07-10T23:08:16+02:00,[32],[0]
2025-07-10T22:52:58+02:00,[45],[0]
2025-07-10T22:45:23+02:00,[125],[0]
2025-07-10T22:41:35+02:00,[131],[0]
2025-07-10T22:28:31+02:00,[44],[0.04]
2025-07-10T22:21:56+02:00,"[300,85]","[0,0]"
2025-07-10T22:20:58+02:00,[38],[0]
2025-07-10T22:18:01+02:00,[112],[0]
2025-07-10T20:21:55+02:00,[218],[0]
2025-07-10T20:20:55+02:00,[44],[0]
2025-07-10T20:12:02+02:00,[32],[0]
2025-07-10T20:10:33+02:00,[23],[0]
2025-07-10T20:06:18+02:00,[74],[0]
2025-07-10T19:51:23+02:00,[46],[0]
2025-07-10T19:46:36+02:00,[244],[0.01]
2025-07-10T19:45:24+02:00,[44],[0]
2025-07-10T22:41:35+02:00,[131],[0]
2025-07-10T22:28:31+02:00,[44],[0.04]
2025-07-10T22:21:56+02:00,"[300,85]","[0,0]"
2025-07-10T22:20:58+02:00,[38],[0]
2025-07-10T22:18:01+02:00,[112],[0]
2025-07-10T20:21:55+02:00,[218],[0]
2025-07-10T20:20:55+02:00,[44],[0]
2025-07-10T20:12:02+02:00,[32],[0]
2025-07-10T20:10:33+02:00,[23],[0]
2025-07-10T20:06:18+02:00,[74],[0]
2025-07-10T19:51:23+02:00,[46],[0]
2025-07-10T19:46:36+02:00,[244],[0.01]
2025-07-10T19:45:24+02:00,[44],[0]
2025-07-10T05:08:11+02:00,[118],[0.07]
2025-07-10T05:03:15+02:00,[29],[0]
2025-07-10T05:01:06+02:00,[32],[0]
2025-07-10T03:45:42+02:00,[20],[0]
2025-07-10T03:40:27+02:00,[23],[0]
2025-07-10T03:23:18+02:00,[132],[0]
2025-07-10T03:15:36+02:00,[46],[0]
2025-07-10T03:14:20+02:00,[52],[0]
2025-07-09T22:15:34+02:00,[20],[0]
2025-07-09T22:12:29+02:00,[172],[0]
2025-07-09T22:01:37+02:00,[63],[0]
2025-07-09T21:55:05+02:00,[45],[0]
2025-07-09T21:46:31+02:00,[94],[0]
2025-07-09T21:37:10+02:00,[45],[0]
2025-07-09T21:06:45+02:00,[113],[0]
2025-07-09T06:05:02+02:00,[55],[0.03]
2025-07-09T04:59:40+02:00,[60],[0.04]
2025-07-09T04:23:40+02:00,[27],[0]
2025-07-09T02:21:05+02:00,[60],[0]
2025-07-08T06:15:26+02:00,[32],[0]
2025-07-08T06:14:00+02:00,[21],[0]
2025-07-08T05:53:41+02:00,[150],[0]
2025-07-08T03:34:03+02:00,[74],[0]
2025-07-08T03:27:48+02:00,[23],[0]
2025-07-08T03:23:07+02:00,[32],[0]
2025-07-08T03:19:33+02:00,[22],[0.1]
2025-07-08T03:18:50+02:00,[25],[0]
2025-07-08T02:52:55+02:00,[45],[0.15]
2025-07-08T02:42:41+02:00,[48],[0.04]
2025-07-07T21:30:09+02:00,[25],[0]
2025-07-07T20:56:11+02:00,[27],[0]
2025-07-06T07:40:17+02:00,[56],[0]
2025-07-06T04:30:58+02:00,[54],[0]
2025-07-06T03:15:43+02:00,[75],[0]
2025-07-06T03:11:47+02:00,[24],[0.07]
2025-07-06T02:36:29+02:00,[35],[0]
2025-07-06T01:54:04+02:00,[76],[0]
2025-07-06T01:50:06+02:00,[32],[0.35]
2025-07-06T01:35:16+02:00,[13],[0]
2025-07-06T01:23:21+02:00,[34],[0]
2025-07-05T23:13:10+02:00,[21],[0.09]
2025-07-05T05:36:59+02:00,[258],[0]
2025-07-05T05:35:32+02:00,[67],[0]
2025-07-05T05:20:34+02:00,"[300,299]","[0,0]"
2025-07-05T05:08:55+02:00,"[300,299,80]","[0,0,0]"
2025-07-05T05:04:22+02:00,[251],[0.01]
2025-07-04T03:49:57+02:00,[18],[0]
2025-07-03T05:26:05+02:00,[15],[0]
2025-07-03T05:20:39+02:00,[48],[0.04]
2025-07-03T04:44:14+02:00,[18],[0.09]
2025-07-03T04:35:54+02:00,[20],[0]
2025-06-29T02:29:18+02:00,[17],[0]
2025-06-29T02:00:38+02:00,[14],[0]
2025-06-29T01:20:05+02:00,[24],[0.08]
2025-06-29T00:54:43+02:00,[41],[0]
2025-06-27T06:05:20+02:00,[229],[0]
2025-06-27T05:17:56+02:00,[61],[0.08]
2025-06-27T04:40:04+02:00,[117],[0]
2025-06-27T02:59:16+02:00,[97],[0.02]
2025-06-27T02:58:30+02:00,[33],[0]
2025-06-26T05:42:10+02:00,[14],[0]
2025-06-26T05:34:12+02:00,[20],[0]
2025-06-26T05:08:06+02:00,[37],[0.03]
2025-06-26T05:06:15+02:00,[34],[0.04]
2025-06-26T05:01:04+02:00,[149],[0.03]
2025-06-26T04:59:29+02:00,[35],[0]
2025-06-26T04:58:37+02:00,[25],[0]
2025-06-26T04:57:18+02:00,[57],[0.09]
2025-06-26T04:56:05+02:00,[19],[0]
2025-06-25T02:29:14+02:00,[27],[0]
2025-06-25T02:24:13+02:00,[300],[0]
2025-06-25T02:20:19+02:00,[18],[0]
2025-06-25T02:18:57+02:00,[69],[0]
2025-06-25T02:08:50+02:00,[32],[0.06]
2025-06-25T01:59:37+02:00,[120],[0]
2025-06-25T01:46:37+02:00,[39],[0.15]
2025-06-25T01:32:48+02:00,[23],[0.06]
2025-06-25T01:23:32+02:00,"[299,20]","[0,0]"
2025-06-25T00:39:44+02:00,[26],[0.18]
2025-06-25T00:34:53+02:00,[96],[0.06]
2025-06-25T00:31:08+02:00,[30],[0.06]
2025-06-25T00:25:02+02:00,[97],[0]
2025-06-24T23:45:41+02:00,[41],[0]
2025-06-24T16:01:17+02:00,[126],[0.03]
2025-06-24T05:19:35+02:00,[264],[0.01]
2025-06-24T05:11:13+02:00,[299],[0]
2025-06-24T05:10:04+02:00,[47],[0]
2025-06-24T05:07:19+02:00,[143],[0.02]
2025-06-24T05:03:45+02:00,[104],[0.02]
2025-06-24T04:54:00+02:00,"[300,238]","[0.01,0.02]"
2025-06-24T04:48:23+02:00,[128],[0]
2025-06-24T04:46:57+02:00,[17],[0]
2025-06-24T04:44:47+02:00,[109],[0.02]
2025-06-24T04:43:28+02:00,[34],[0]
2025-06-22T02:37:09+02:00,[295],[0.01]
2025-06-22T02:33:55+02:00,[20],[0]
2025-06-22T02:32:02+02:00,[98],[0.09]
2025-06-22T02:30:32+02:00,[24],[0]
2025-06-22T02:18:46+02:00,[64],[0]
2025-06-22T02:15:49+02:00,[39],[0]
2025-06-22T02:14:23+02:00,[24],[0]
2025-06-22T02:13:45+02:00,[17],[0.18]
2025-06-22T02:12:02+02:00,[43],[0.05]
2025-06-22T02:11:17+02:00,[22],[0]
2025-06-22T02:10:24+02:00,[41],[0]
2025-06-22T02:09:51+02:00,[22],[0]
2025-06-21T23:09:15+02:00,[82],[0.05]
2025-06-21T23:05:29+02:00,[211],[0.02]
2025-06-20T05:57:48+02:00,[212],[0]
2025-06-20T05:54:44+02:00,[17],[0]
2025-06-20T05:51:41+02:00,[126],[0]
2025-06-20T05:48:43+02:00,[107],[0]
2025-06-20T05:19:02+02:00,"[300,299,300,299,300]","[0,0,0,0,0]"
2025-06-20T05:18:04+02:00,[21],[0]
2025-06-20T05:16:00+02:00,[60],[0.03]
2025-06-20T05:15:13+02:00,[34],[0]
2025-06-20T05:14:26+02:00,[31],[0]
2025-06-19T03:13:56+02:00,[32],[0]
2025-06-19T03:12:51+02:00,[43],[0.04]
2025-06-19T03:03:23+02:00,[38],[0.11]
2025-06-19T03:00:48+02:00,[21],[0.09]
2025-06-19T02:57:51+02:00,[15],[0.3]
2025-06-19T02:55:48+02:00,[29],[0.31]
2025-06-19T02:50:00+02:00,[44],[0.22]
2025-06-19T02:49:19+02:00,[25],[0.06]
2025-06-18T05:55:25+02:00,[30],[0]
2025-06-18T05:41:04+02:00,[23],[0]
2025-06-18T05:40:15+02:00,[23],[0]
2025-06-18T05:37:25+02:00,[33],[0]
2025-06-18T05:13:57+02:00,[30],[0.07]
2025-06-18T05:10:46+02:00,[30],[0.13]
2025-06-18T05:09:53+02:00,[31],[0.22]
2025-06-18T05:06:55+02:00,[19],[0]
2025-06-18T04:58:04+02:00,[50],[0]
2025-06-18T04:48:49+02:00,[37],[0.45]
2025-06-18T04:44:06+02:00,[17],[0.2]
2025-06-18T04:42:58+02:00,[50],[0]
2025-06-18T04:39:23+02:00,[52],[0]
2025-06-18T04:37:41+02:00,[36],[0.08]
2025-06-18T04:32:43+02:00,[37],[0.14]
2025-06-18T04:05:31+02:00,[120],[0]
2025-06-15T05:40:08+02:00,[44],[0]
2025-06-15T05:38:29+02:00,[26],[0]
2025-06-15T05:37:42+02:00,[24],[0]
2025-06-15T05:36:08+02:00,[30],[0]
2025-06-15T05:34:25+02:00,[42],[0]
2025-06-15T05:25:40+02:00,[114],[0]
2025-06-15T05:15:46+02:00,[76],[0.05]
2025-06-15T05:08:23+02:00,[35],[0.06]
2025-06-15T05:06:18+02:00,[103],[0.03]
2025-06-15T05:03:22+02:00,[79],[0.08]
2025-06-15T04:50:50+02:00,[300],[0]
2025-06-15T04:48:25+02:00,[79],[0]
2025-06-14T06:00:59+02:00,[81],[0]
2025-06-14T05:57:02+02:00,[69],[0]
2025-06-14T05:56:06+02:00,[46],[0]
2025-06-14T05:54:16+02:00,[61],[0.05]
2025-06-14T05:44:13+02:00,[16],[0]
2025-06-14T05:40:52+02:00,[179],[0]
2025-06-14T05:28:59+02:00,"[300,299]","[0,0]"
2025-06-14T05:25:54+02:00,[174],[0]
2025-06-14T05:25:21+02:00,[20],[0]
2025-06-14T05:24:42+02:00,[27],[0.08]
2025-06-14T05:09:43+02:00,"[299,300,299]","[0,0,0]"
2025-06-14T05:06:24+02:00,[124],[0]
2025-06-14T05:02:29+02:00,[223],[0]
2025-06-14T05:01:59+02:00,[17],[0.08]
2025-06-13T03:07:25+02:00,[27],[0]
2025-06-13T02:18:49+02:00,[38],[0]
2025-06-13T02:14:27+02:00,[26],[0]
2025-06-12T22:21:41+02:00,[42],[0]
2025-06-12T22:18:56+02:00,[66],[0]
2025-06-12T21:42:34+02:00,[26],[0]
2025-06-12T21:41:53+02:00,[31],[0]
2025-06-12T21:08:48+02:00,[75],[0.05]
2025-06-12T20:44:22+02:00,[13],[0]
2025-06-12T20:15:47+02:00,[29],[0]
2025-06-12T20:11:56+02:00,[21],[0]
2025-06-12T19:57:00+02:00,[120],[0]
2025-06-12T19:56:28+02:00,[15],[0]
2025-06-12T19:21:09+02:00,[41],[0.05]
2025-06-11T06:04:33+02:00,[65],[0]
2025-06-11T05:59:33+02:00,[299],[0]
2025-06-11T05:55:42+02:00,[145],[0]
2025-06-11T05:42:17+02:00,[26],[0]
2025-06-11T05:39:39+02:00,[34],[0]
2025-06-09T23:33:00+02:00,[117],[0.02]
2025-06-09T21:18:22+02:00,[80],[0]
2025-06-07T04:17:04+02:00,[34],[0.19]
2025-06-07T01:52:59+02:00,[234],[0.04]
2025-06-07T01:28:10+02:00,[46],[0.42]
2025-06-07T01:26:16+02:00,[27],[0.45]
2025-06-07T01:18:53+02:00,[41],[0]
2025-06-07T01:17:37+02:00,[63],[0]
2025-06-07T01:14:58+02:00,[113],[0.02]
2025-06-07T01:12:36+02:00,[102],[0.05]
2025-06-07T01:08:37+02:00,[68],[0.02]
2025-06-07T01:03:31+02:00,[89],[0.05]
2025-06-07T01:00:47+02:00,[65],[0.02]
2025-06-07T00:16:19+02:00,[146],[0.27]
2025-06-07T00:13:03+02:00,[104],[0.05]
2025-06-07T00:08:21+02:00,[43],[0.12]
2025-06-07T00:06:17+02:00,[54],[0.03]
2025-06-07T00:05:21+02:00,[23],[0.07]
2025-06-07T00:01:51+02:00,[22],[0.29]
2025-06-07T00:00:57+02:00,[38],[0.28]
2025-06-06T23:55:22+02:00,[48],[0.17]
2025-06-06T23:53:48+02:00,[24],[0.4]
2025-06-06T23:53:07+02:00,[26],[0.13]
2025-06-06T23:46:34+02:00,[57],[0]
2025-06-06T23:45:30+02:00,[47],[0]
2025-06-06T23:44:14+02:00,[32],[0.05]
2025-06-06T23:38:46+02:00,[80],[0]
2025-06-06T23:29:24+02:00,[166],[0]
2025-06-06T23:24:03+02:00,[296],[0.01]
2025-06-06T23:17:50+02:00,[46],[0.03]
2025-06-06T22:43:20+02:00,[49],[0]
2025-06-05T06:12:29+02:00,[19],[0]
2025-06-05T06:08:52+02:00,[29],[0]
2025-06-05T06:07:18+02:00,[37],[0]
2025-06-05T05:54:16+02:00,[24],[0]
2025-06-05T05:48:35+02:00,[13],[0.1]
2025-06-05T05:36:32+02:00,[19],[0.08]
2025-06-05T05:33:58+02:00,[33],[0.11]
2025-06-05T05:26:53+02:00,[40],[0]
2025-06-05T05:25:55+02:00,[40],[0]
2025-06-05T05:22:59+02:00,[72],[0.1]
2025-06-05T05:21:10+02:00,[29],[0]
2025-06-05T05:20:15+02:00,[15],[0.1]
2025-06-05T05:18:47+02:00,[60],[0]
2025-06-05T05:15:59+02:00,[35],[0]
2025-06-05T05:14:57+02:00,[26],[0.08]
2025-06-05T05:13:35+02:00,[17],[0]
2025-06-04T06:33:39+02:00,[57],[0]
2025-06-04T06:31:30+02:00,[80],[0.04]
2025-06-04T06:27:54+02:00,[48],[0]
2025-06-04T06:23:40+02:00,[26],[0]
2025-06-04T06:22:19+02:00,[69],[0.03]
2025-06-04T03:34:05+02:00,[147],[0]
2025-06-04T03:31:19+02:00,[121],[0]
2025-06-04T03:29:41+02:00,[80],[0]
2025-06-04T03:27:09+02:00,[121],[0.01]
2025-06-04T03:18:54+02:00,[96],[0]
2025-06-04T02:15:04+02:00,[70],[0]
2025-06-04T02:13:34+02:00,[62],[0]
2025-06-04T02:12:35+02:00,[49],[0]
2025-06-04T02:11:50+02:00,[31],[0]
2025-06-02T06:52:46+02:00,[20],[0]
2025-06-02T06:47:03+02:00,[22],[0]
2025-06-02T05:33:53+02:00,[59],[0]
2025-06-02T05:00:49+02:00,[40],[0]
2025-06-02T03:23:24+02:00,[66],[0]
2025-06-02T03:12:34+02:00,[40],[0.05]
2025-06-02T03:09:37+02:00,[14],[0]
2025-06-02T02:45:42+02:00,[14],[0.08]
2025-06-02T02:44:17+02:00,[67],[0.03]
2025-06-01T06:38:18+02:00,[62],[0]
2025-06-01T06:33:56+02:00,[125],[0]
2025-06-01T03:14:45+02:00,[105],[0.07]
2025-06-01T03:04:18+02:00,[23],[0.17]
2025-06-01T02:55:32+02:00,[86],[0]
2025-06-01T02:52:41+02:00,[63],[0.03]
2025-06-01T02:51:02+02:00,[38],[0.04]
2025-06-01T02:49:29+02:00,[67],[0.16]
2025-06-01T00:47:18+02:00,[245],[0.02]
2025-05-30T23:59:54+02:00,[62],[0]
2025-05-30T23:57:33+02:00,[17],[0]
2025-05-30T23:55:19+02:00,[49],[0]
2025-05-30T23:35:20+02:00,[39],[0]
2025-05-30T23:18:10+02:00,[22],[0]
2025-05-30T06:22:52+02:00,[25],[0]
2025-05-30T06:20:58+02:00,[25],[0]
2025-05-30T05:54:02+02:00,[28],[0]
2025-05-30T05:50:58+02:00,[24],[0]
2025-05-30T05:30:08+02:00,[94],[0]
2025-05-30T05:28:09+02:00,[99],[0]
2025-05-30T05:00:48+02:00,[72],[0]
2025-05-30T04:59:10+02:00,[33],[0]
2025-05-30T04:54:36+02:00,[116],[0]
2025-05-30T04:49:37+02:00,[235],[0]
2025-05-29T04:59:26+02:00,[18],[0]
2025-05-29T04:38:59+02:00,[39],[0.09]
2025-05-29T04:38:10+02:00,[34],[0.05]
2025-05-29T04:37:25+02:00,[26],[0]
2025-05-29T04:26:19+02:00,[36],[0]
2025-05-29T03:33:05+02:00,[96],[0]
2025-05-29T03:22:43+02:00,[104],[0]
2025-05-29T03:08:10+02:00,[33],[0]
2025-05-29T02:59:47+02:00,[17],[0]
2025-05-29T02:58:13+02:00,[45],[0.11]
2025-05-29T01:30:16+02:00,[27],[0]
2025-05-28T03:04:24+02:00,[71],[0]
2025-05-28T02:53:28+02:00,[114],[0]
2025-05-28T02:52:37+02:00,[25],[0]
2025-05-28T02:50:31+02:00,[25],[0.08]
2025-05-28T02:38:36+02:00,[161],[0]
2025-05-28T02:29:08+02:00,[95],[0]
2025-05-28T01:33:31+02:00,[123],[0.02]
2025-05-27T23:28:13+02:00,[71],[0]
2025-05-25T03:15:00+02:00,[76],[0]
2025-05-25T02:58:54+02:00,[21],[0.27]
2025-05-24T05:53:05+02:00,[25],[0]
2025-05-24T04:30:28+02:00,[71],[0.03]
2025-05-24T04:28:12+02:00,[118],[0]
2025-05-24T04:25:15+02:00,[155],[0]
2025-05-24T03:54:01+02:00,[127],[0]
2025-05-24T03:51:28+02:00,[134],[0]
2025-05-22T23:39:47+02:00,[109],[0]
2025-05-22T23:38:47+02:00,[42],[0.19]
2025-05-22T22:46:27+02:00,[87],[0.19]
2025-05-22T22:44:41+02:00,[96],[0]
2025-05-22T22:33:17+02:00,[124],[0]
2025-05-22T22:22:53+02:00,[29],[0]
2025-05-22T22:21:12+02:00,[62],[0.02]
2025-05-22T22:16:11+02:00,[300],[0.02]
2025-05-22T22:14:37+02:00,[54],[0]
2025-05-22T22:12:32+02:00,[102],[0.01]
2025-05-22T22:09:16+02:00,[145],[0]
2025-05-22T22:08:21+02:00,[27],[0.06]
2025-05-22T22:05:05+02:00,[80],[0]
2025-05-22T22:03:52+02:00,[53],[0]
2025-05-22T21:58:52+02:00,[299],[0]
2025-05-22T21:57:37+02:00,[59],[0.06]
2025-05-22T20:50:33+02:00,[18],[0.08]
2025-05-22T20:40:59+02:00,[165],[0]
2025-05-22T20:35:19+02:00,[290],[0]
2025-05-22T20:32:59+02:00,[79],[0]
2025-05-22T20:31:55+02:00,[37],[0]
2025-05-22T20:27:11+02:00,[261],[0]
2025-05-22T20:22:54+02:00,[148],[0.33]
2025-05-22T20:11:14+02:00,[86],[0.06]
2025-05-22T20:00:19+02:00,[21],[0]
2025-05-22T19:58:51+02:00,[77],[0.09]
2025-05-22T19:57:07+02:00,[45],[0]
2025-05-22T19:17:32+02:00,[116],[0.03]
2025-05-22T19:15:12+02:00,[100],[0]
2025-05-22T18:58:16+02:00,[57],[0.04]
2025-05-22T18:55:22+02:00,[44],[0]
2025-05-22T18:32:34+02:00,[103],[0]
2025-05-22T18:30:33+02:00,[69],[0]
2025-05-22T18:29:04+02:00,[55],[0.03]
2025-05-22T17:53:03+02:00,[27],[0.04]
2025-05-22T17:02:46+02:00,[41],[0]
2025-05-22T16:57:27+02:00,[57],[0]
2025-05-22T16:53:27+02:00,[227],[0]
2025-05-22T16:50:24+02:00,[66],[0]
2025-05-22T16:48:36+02:00,[34],[0.1]
2025-05-22T05:13:02+02:00,[91],[0]
2025-05-22T05:11:16+02:00,[59],[0.03]
2025-05-22T03:22:38+02:00,[97],[0.04]
2025-05-22T03:20:36+02:00,[40],[0]
2025-05-20T04:25:13+02:00,[39],[0]
2025-05-20T04:14:23+02:00,[20],[0]
2025-05-20T04:11:48+02:00,[41],[0]
2025-05-20T03:56:45+02:00,[37],[0.04]
2025-05-20T03:50:54+02:00,[23],[0]
2025-05-20T03:44:50+02:00,[25],[0]
2025-05-20T03:40:54+02:00,[32],[0]
2025-05-20T03:40:20+02:00,[23],[0.2]
2025-05-20T03:36:19+02:00,[24],[0.06]
2025-05-20T03:31:29+02:00,[45],[0]
2025-05-20T03:26:48+02:00,[19],[0]
2025-05-20T03:18:23+02:00,[19],[0]
2025-05-19T07:22:01+02:00,[31],[0]
2025-05-19T00:53:16+02:00,[203],[0]
2025-05-19T00:19:48+02:00,[17],[0]
2025-05-19T00:14:50+02:00,[137],[0]
2025-05-19T00:13:08+02:00,[85],[0.02]
2025-05-19T00:04:24+02:00,[65],[0.03]
2025-05-18T23:48:13+02:00,[290],[0]
2025-05-18T23:44:10+02:00,[95],[0]
2025-05-18T23:39:05+02:00,[201],[0]
2025-05-18T23:38:05+02:00,[26],[0]
2025-05-18T23:35:28+02:00,[145],[0.03]
2025-05-18T23:06:18+02:00,[58],[0]
2025-05-18T22:59:19+02:00,"[299,43]","[0.01,0]"
2025-05-18T22:57:37+02:00,[21],[0.08]
2025-05-18T03:49:46+02:00,[168],[0]
2025-05-18T02:58:56+02:00,[61],[0]
2025-05-17T23:59:42+02:00,[183],[0]
2025-05-16T05:21:27+02:00,[35],[0]
2025-05-16T05:10:38+02:00,[32],[0]
2025-05-16T04:11:46+02:00,[32],[0]
2025-05-16T03:41:48+02:00,[25],[0.06]
2025-05-16T02:09:47+02:00,[27],[0.07]
2025-05-16T02:05:55+02:00,[26],[0.17]
2025-05-16T01:43:31+02:00,[182],[0.01]
2025-05-16T01:32:04+02:00,[23],[0]
2025-05-16T01:31:23+02:00,[19],[0]
2025-05-16T01:28:30+02:00,[82],[0.02]
2025-05-16T01:27:46+02:00,[27],[0]
2025-05-16T01:22:19+02:00,[28],[0.07]
2025-05-16T01:19:53+02:00,[26],[0.05]
2025-05-16T01:17:22+02:00,[18],[0]
2025-05-16T01:16:21+02:00,[38],[0]
2025-05-16T01:10:30+02:00,[46],[0]
2025-05-16T01:07:49+02:00,[99],[0]
2025-05-16T01:01:42+02:00,[38],[0.06]
2025-05-16T00:59:58+02:00,[84],[0.01]
2025-05-16T00:44:54+02:00,[85],[0]
2025-05-16T00:42:59+02:00,[96],[0]
2025-05-16T00:41:45+02:00,[34],[0]
2025-05-16T00:39:05+02:00,[141],[0]
2025-05-15T21:26:51+02:00,[16],[0]
2025-05-15T20:56:40+02:00,[108],[0.01]
2025-05-15T20:55:40+02:00,[41],[0]
2025-05-15T20:53:59+02:00,[50],[0]
2025-05-15T19:54:38+02:00,[23],[0]
2025-05-14T04:49:33+02:00,[37],[0]
2025-05-14T04:47:00+02:00,[29],[0]
2025-05-14T04:41:52+02:00,[36],[0]
2025-05-14T03:33:09+02:00,[40],[0]
2025-05-14T03:28:55+02:00,[213],[0.01]
2025-05-14T03:27:00+02:00,[103],[0]
2025-05-14T01:50:06+02:00,[56],[0.03]
2025-05-14T01:41:04+02:00,[38],[0]
2025-05-13T23:40:52+02:00,[138],[0]
2025-05-13T23:21:50+02:00,[33],[0]
2025-05-13T22:00:39+02:00,[26],[0]
2025-05-13T21:55:16+02:00,[13],[0]
2025-05-11T03:43:59+02:00,[35],[0]
2025-05-11T03:38:27+02:00,[46],[0]
2025-05-11T03:30:29+02:00,[29],[0.62]
2025-05-11T03:28:17+02:00,[17],[0.3]
2025-05-11T02:52:45+02:00,[39],[0]
2025-05-11T02:51:41+02:00,[27],[0.36]
2025-05-11T00:08:36+02:00,[70],[0.17]
2025-05-11T00:06:43+02:00,[32],[0.05]
2025-05-10T06:05:08+02:00,[21],[0.5]
2025-05-10T05:44:31+02:00,[19],[0]
2025-05-10T05:40:15+02:00,[40],[0]
2025-05-10T05:13:18+02:00,[22],[0.08]
2025-05-10T04:54:01+02:00,[45],[0]
2025-05-10T04:35:41+02:00,[24],[0]
2025-05-10T04:28:55+02:00,[113],[0.01]
2025-05-10T04:28:14+02:00,[23],[0]
2025-05-10T04:18:21+02:00,[28],[0.04]
2025-05-10T04:16:26+02:00,[19],[0]
2025-05-10T04:12:40+02:00,[40],[0]
2025-05-10T04:08:38+02:00,[76],[0]
2025-05-10T04:06:47+02:00,[39],[0.05]
2025-05-10T04:05:55+02:00,[19],[0]
2025-05-10T04:04:29+02:00,[45],[0]
2025-05-10T00:36:22+02:00,[27],[0]
2025-05-10T00:10:10+02:00,[20],[0]
2025-05-10T00:09:26+02:00,[19],[0]
2025-05-09T05:42:39+02:00,[41],[0.04]
2025-05-09T05:25:48+02:00,[43],[0.21]
2025-05-09T05:22:14+02:00,[13],[0]
2025-05-09T05:20:14+02:00,[29],[0]
2025-05-09T05:03:28+02:00,[64],[0]
2025-05-09T05:01:23+02:00,[107],[0]
2025-05-09T04:59:37+02:00,[73],[0]
2025-05-09T03:48:17+02:00,[85],[0]
2025-05-09T03:45:34+02:00,[95],[0]
2025-05-09T03:41:21+02:00,[77],[0]
2025-05-09T03:25:17+02:00,[172],[0]
2025-05-09T03:24:20+02:00,[36],[0.17]
2025-05-09T03:08:33+02:00,[27],[0.19]
2025-05-09T03:04:04+02:00,[64],[0]
2025-05-09T02:58:17+02:00,[20],[0.17]
2025-05-09T02:53:52+02:00,[26],[0]
2025-05-09T02:52:21+02:00,[75],[0]
2025-05-09T02:39:36+02:00,[23],[0]
2025-05-09T01:41:36+02:00,[25],[0]
2025-05-09T01:30:37+02:00,[24],[0]
2025-05-09T00:50:08+02:00,[45],[0.04]
2025-05-09T00:48:07+02:00,[98],[0]
2025-05-09T00:45:06+02:00,[134],[0.05]
2025-05-08T23:09:28+02:00,[266],[0.03]
2025-05-08T22:19:33+02:00,[23],[0]
2025-05-08T22:17:13+02:00,[88],[0]
2025-05-08T03:12:20+02:00,[31],[0]
2025-05-08T03:11:12+02:00,[44],[0]
2025-05-08T02:13:39+02:00,[24],[0.08]
2025-05-08T01:40:01+02:00,[157],[0]
2025-05-08T01:06:19+02:00,[19],[0]
2025-05-08T01:05:27+02:00,[41],[0]
2025-05-07T23:59:42+02:00,[50],[0]
2025-05-07T23:56:50+02:00,[115],[0.03]
2025-05-07T23:55:17+02:00,[75],[0]
2025-05-07T22:35:15+02:00,[23],[0.09]
2025-05-07T22:29:18+02:00,[175],[0]
2025-05-07T21:25:31+02:00,[31],[0]
2025-05-07T21:17:01+02:00,[231],[0]
2025-05-07T20:55:42+02:00,[101],[0]
2025-05-07T20:52:54+02:00,[87],[0]
2025-05-07T19:58:48+02:00,[22],[0]
2025-05-07T19:57:51+02:00,[35],[0]
2025-05-07T19:56:37+02:00,[33],[0]
2025-05-07T01:03:22+02:00,[107],[0.02]
2025-05-07T00:59:48+02:00,[85],[0]
2025-05-07T00:57:44+02:00,[35],[0]
2025-05-07T00:52:20+02:00,[32],[0]
2025-05-07T00:49:53+02:00,[123],[0.01]
2025-05-07T00:43:43+02:00,[94],[0.01]
2025-05-07T00:38:43+02:00,[299],[0]
2025-05-06T23:20:40+02:00,[236],[0]
2025-05-06T23:20:03+02:00,[25],[0]
2025-05-06T22:14:22+02:00,[34],[0]
2025-05-06T22:11:06+02:00,[171],[0]
2025-05-06T04:14:23+02:00,[38],[0]
2025-05-06T04:00:22+02:00,[15],[0]
2025-05-06T03:24:13+02:00,[44],[0.11]
2025-05-04T04:36:54+02:00,[158],[0]
2025-05-04T04:19:58+02:00,[54],[0]
2025-05-04T04:19:06+02:00,[40],[0]
2025-05-04T04:15:48+02:00,[45],[0.07]
2025-05-04T04:13:45+02:00,[24],[0]
2025-05-04T04:00:05+02:00,[38],[0.06]
2025-05-04T03:58:18+02:00,[20],[0]
2025-05-04T03:57:37+02:00,[29],[0]
2025-05-04T03:52:28+02:00,[22],[0]
2025-05-04T03:49:18+02:00,[47],[0]
2025-05-04T03:48:07+02:00,[32],[0]
2025-05-04T03:26:48+02:00,[47],[0]
2025-05-04T03:20:55+02:00,[28],[0]
2025-05-04T02:58:42+02:00,[199],[0]
2025-05-04T00:10:52+02:00,[130],[0.05]
2025-05-04T00:09:23+02:00,[78],[0.03]
2025-05-04T00:07:28+02:00,[40],[0]
2025-05-03T06:37:34+02:00,[46],[0]
2025-05-03T06:31:53+02:00,[53],[0]
2025-05-03T06:29:27+02:00,[12],[0.1]
2025-05-03T06:25:49+02:00,[48],[0]
2025-05-03T06:24:46+02:00,[35],[0.05]
2025-05-03T06:11:45+02:00,[31],[0]
2025-05-03T06:03:31+02:00,[47],[0.04]
2025-05-03T05:23:56+02:00,[15],[0]
2025-05-03T05:18:40+02:00,[45],[0.04]
2025-05-03T05:16:58+02:00,[35],[0]
2025-05-03T05:09:06+02:00,[40],[0]
2025-05-03T04:59:24+02:00,[59],[0]
2025-05-03T04:53:38+02:00,[18],[0]
2025-05-03T04:43:48+02:00,[66],[0]
2025-05-02T03:03:11+02:00,[42],[0]
2025-05-02T03:00:47+02:00,[37],[0]
2025-05-02T03:00:17+02:00,[18],[0]
2025-05-02T02:06:50+02:00,[60],[0.1]
2025-05-01T23:24:51+02:00,[20],[0]
2025-05-01T22:22:26+02:00,[53],[0]
2025-05-01T21:15:12+02:00,[122],[0]
2025-05-01T20:51:23+02:00,[89],[0]
2025-05-01T20:50:25+02:00,[47],[0.12]
2025-05-01T20:48:28+02:00,[75],[0]
2025-05-01T19:52:32+02:00,[15],[0]
2025-04-30T02:02:59+02:00,[34],[0]
2025-04-30T02:00:50+02:00,[48],[0]
2025-04-30T01:00:41+02:00,[15],[0]
2025-04-30T00:59:00+02:00,[40],[0]
2025-04-30T00:44:47+02:00,[25],[0]
2025-04-30T00:40:15+02:00,[53],[0]
2025-04-30T00:39:16+02:00,[26],[0.08]
2025-04-29T23:58:49+02:00,[114],[0.01]
2025-04-29T23:58:18+02:00,[20],[0]
2025-04-29T23:09:54+02:00,[135],[0]
2025-04-29T23:08:06+02:00,[30],[0]
2025-04-29T22:12:13+02:00,[26],[0]
2025-04-29T22:10:47+02:00,[42],[0.04]
2025-04-29T22:09:20+02:00,[57],[0.03]
2025-04-29T21:43:48+02:00,[125],[0]
2025-04-29T21:39:22+02:00,[214],[0]
2025-04-29T21:17:31+02:00,[72],[0]
2025-04-29T21:16:47+02:00,[25],[0]
2025-04-29T21:13:15+02:00,[58],[0]
2025-04-29T20:54:08+02:00,[30],[0]
2025-04-29T00:22:19+02:00,[79],[0.02]
2025-04-29T00:21:25+02:00,[41],[0.04]
2025-04-28T23:34:19+02:00,[38],[0]
2025-04-28T04:53:10+02:00,[94],[0.02]
2025-04-28T04:50:56+02:00,[47],[0]
2025-04-28T04:08:39+02:00,[12],[0]
2025-04-28T04:02:38+02:00,[59],[0]
2025-04-28T03:43:19+02:00,[91],[0]
2025-04-28T03:37:42+02:00,[120],[0.14]
2025-04-28T03:29:27+02:00,[28],[0]
2025-04-28T03:28:23+02:00,[34],[0.5]
2025-04-28T03:26:23+02:00,[57],[0.71]
2025-04-28T03:25:00+02:00,[29],[0.38]
2025-04-28T03:24:31+02:00,[16],[0.9]
2025-04-28T03:04:08+02:00,[38],[0.06]
2025-04-28T02:57:59+02:00,[23],[0.7]
2025-04-28T02:41:02+02:00,[30],[0]
2025-04-28T02:09:14+02:00,[197],[0.01]
2025-04-28T00:25:11+02:00,[19],[0]
2025-04-28T00:22:42+02:00,[125],[0]
2025-04-28T00:11:25+02:00,[56],[0]
2025-04-28T00:06:27+02:00,[14],[0]
2025-04-28T00:03:50+02:00,[39],[0.26]
2025-04-27T23:56:41+02:00,[32],[0]
2025-04-27T23:50:15+02:00,[48],[0]
2025-04-27T23:46:01+02:00,[83],[0.03]
2025-04-27T23:42:25+02:00,[21],[0.09]
2025-04-27T23:41:28+02:00,[31],[0]
2025-04-25T23:51:29+02:00,[12],[0]
2025-04-25T23:31:49+02:00,[43],[0.04]
2025-04-25T02:57:02+02:00,[143],[0]
2025-04-25T02:54:52+02:00,[95],[0.02]
2025-04-25T02:52:11+02:00,[137],[0]
2025-04-25T02:50:14+02:00,[26],[0.07]
2025-04-24T23:47:04+02:00,[27],[0]
2025-04-24T23:41:23+02:00,[300],[0]
2025-04-24T04:02:36+02:00,[34],[0]
2025-04-24T03:03:31+02:00,[172],[0.02]
2025-04-24T02:41:55+02:00,[58],[0.02]
2025-04-24T02:38:31+02:00,[148],[0]
2025-04-24T02:22:13+02:00,[125],[0.03]
2025-04-24T02:19:01+02:00,[14],[0.09]
2025-04-24T00:50:10+02:00,[22],[0]
2025-04-24T00:03:07+02:00,[25],[0]
2025-04-23T23:55:30+02:00,[63],[0]
2025-04-23T22:27:03+02:00,[197],[0]
2025-04-23T21:20:10+02:00,[26],[0]
2025-04-23T21:16:55+02:00,[122],[0.02]
2025-04-23T21:15:11+02:00,[82],[0]
2025-04-23T21:12:43+02:00,[71],[0]
2025-04-23T20:51:50+02:00,[143],[0]
2025-04-23T20:50:21+02:00,[24],[0]
2025-04-23T19:51:10+02:00,[31],[0]
2025-04-23T19:48:51+02:00,[69],[0]
2025-04-23T03:01:48+02:00,[72],[0]
2025-04-23T02:06:37+02:00,[27],[0]
2025-04-23T02:02:47+02:00,[60],[0.03]
2025-04-23T01:19:20+02:00,[43],[0]
2025-04-23T01:17:07+02:00,[79],[0.03]
2025-04-23T01:13:12+02:00,[209],[0.01]
2025-04-23T00:47:31+02:00,[68],[0.06]
2025-04-22T23:31:26+02:00,[300],[0.02]
2025-04-22T21:59:01+02:00,[24],[0]
2025-04-22T21:55:08+02:00,[122],[0.02]
2025-04-22T21:52:16+02:00,[149],[0.01]
2025-04-22T21:51:00+02:00,[37],[0]
2025-04-22T21:45:14+02:00,[42],[0]
2025-04-22T21:41:47+02:00,[156],[0]
2025-04-22T20:56:27+02:00,[35],[0.05]
2025-04-22T01:44:55+02:00,[35],[0.03]
2025-04-22T01:36:00+02:00,[21],[0]
2025-04-22T01:26:57+02:00,[25],[0]
2025-04-22T01:26:11+02:00,[19],[0]
2025-04-22T01:04:04+02:00,[34],[0]
2025-04-22T01:03:05+02:00,[21],[0]
2025-04-22T00:59:59+02:00,[40],[0.03]
2025-04-22T00:48:01+02:00,[93],[0.01]
2025-04-22T00:46:01+02:00,[24],[0]
2025-04-22T00:43:32+02:00,[37],[0]
2025-04-22T00:42:17+02:00,[19],[0.07]
2025-04-22T00:37:17+02:00,[35],[0]
2025-04-22T00:20:15+02:00,[63],[0]
2025-04-22T00:16:25+02:00,[22],[0]
2025-04-22T00:15:54+02:00,[19],[0.14]
2025-04-21T22:42:04+02:00,[91],[0]
2025-04-21T22:37:57+02:00,[184],[0]
2025-04-21T22:03:09+02:00,[25],[0]
2025-04-21T22:00:43+02:00,[20],[0]
2025-04-21T21:55:42+02:00,[291],[0.01]
2025-04-21T04:20:17+02:00,[143],[0.02]
2025-04-21T04:15:16+02:00,[298],[0.01]
2025-04-21T00:59:57+02:00,[75],[0]
2025-04-21T00:54:57+02:00,[299],[0]
2025-04-20T03:37:45+02:00,[161],[0.02]
2025-04-20T03:33:23+02:00,[251],[0]
2025-04-20T03:22:51+02:00,"[299,82]","[0,0]"
2025-04-20T03:21:28+02:00,[46],[0]
2025-04-20T03:20:37+02:00,[37],[0]
2025-04-20T03:15:46+02:00,[122],[0]
2025-04-20T03:13:13+02:00,[15],[0]
2025-04-20T03:08:32+02:00,[45],[0]
2025-04-20T02:53:04+02:00,[43],[0.09]
2025-04-20T02:51:34+02:00,[35],[0]
2025-04-19T23:44:59+02:00,[67],[0.26]
2025-04-19T23:19:02+02:00,[14],[0]
2025-04-19T03:58:01+02:00,[23],[0]
2025-04-19T03:48:13+02:00,[22],[0.18]
2025-04-19T03:43:37+02:00,[43],[0.04]
2025-04-19T03:42:16+02:00,[16],[0]
2025-04-19T03:34:16+02:00,[72],[0]
2025-04-19T03:33:00+02:00,[46],[0.16]
2025-04-19T03:24:03+02:00,[67],[0.05]
2025-04-19T03:17:41+02:00,[68],[0]
2025-04-19T03:13:29+02:00,[54],[0]
2025-04-19T03:12:55+02:00,[20],[0]
2025-04-19T03:06:02+02:00,[67],[0.01]
2025-04-19T02:58:45+02:00,[24],[0]
2025-04-19T02:25:47+02:00,[99],[0]
2025-04-19T02:20:06+02:00,[45],[0.04]
2025-04-17T03:01:22+02:00,[33],[0]
2025-04-17T01:59:45+02:00,[37],[0]
2025-04-17T01:58:46+02:00,[26],[0]
2025-04-17T00:52:17+02:00,[41],[0]
2025-04-16T23:59:14+02:00,[77],[0]
2025-04-16T23:58:09+02:00,[22],[0]
2025-04-16T22:56:40+02:00,[156],[0]
2025-04-16T21:22:32+02:00,[239],[0.01]
2025-04-16T21:15:12+02:00,[104],[0]
2025-04-16T21:14:23+02:00,[32],[0.04]
2025-04-16T20:54:21+02:00,[22],[0]
2025-04-16T20:50:38+02:00,[54],[0]
2025-04-16T19:54:17+02:00,[26],[0]
2025-04-16T02:18:49+02:00,[60],[0]
2025-04-16T02:16:27+02:00,[70],[0]
2025-04-16T01:15:39+02:00,[36],[0]
2025-04-16T00:46:54+02:00,[134],[0]
2025-04-16T00:46:00+02:00,[19],[0]
2025-04-15T23:24:50+02:00,[21],[0]
2025-04-15T23:12:28+02:00,[14],[0]
2025-04-15T23:07:57+02:00,[259],[0.01]
2025-04-15T23:07:10+02:00,[36],[0]
2025-04-15T22:02:26+02:00,[48],[0]
2025-04-15T21:49:13+02:00,[120],[0]
2025-04-15T21:47:24+02:00,[99],[0]
2025-04-15T21:23:53+02:00,[220],[0]
2025-04-15T21:21:24+02:00,[129],[0.03]
2025-04-15T21:19:30+02:00,[28],[0]
2025-04-15T21:18:54+02:00,[19],[0]
2025-04-15T21:15:14+02:00,[208],[0]
2025-04-15T21:14:22+02:00,[33],[0]
2025-04-15T20:56:07+02:00,[138],[0]
2025-04-15T20:53:44+02:00,[51],[0]
2025-04-15T20:01:08+02:00,[29],[0]
2025-04-15T19:59:08+02:00,[19],[0.1]
2025-04-14T23:25:36+02:00,[16],[0.07]
2025-04-14T23:24:44+02:00,[34],[0.11]
2025-04-14T22:31:39+02:00,[17],[0]
2025-04-14T21:55:13+02:00,[52],[0.09]
2025-04-14T20:36:30+02:00,[253],[0.01]
2025-04-14T20:35:26+02:00,[47],[0]
2025-04-14T05:37:47+02:00,[28],[0.05]
2025-04-14T05:33:59+02:00,[201],[0.01]
2025-04-14T05:28:45+02:00,[81],[0.02]
2025-04-14T05:10:12+02:00,[22],[0]
2025-04-14T04:55:31+02:00,[18],[0.6]
2025-04-14T04:50:02+02:00,[29],[0.06]
2025-04-14T04:48:20+02:00,[21],[0]
2025-04-14T00:07:09+02:00,[35],[0]
2025-04-14T00:05:29+02:00,[33],[0]
2025-04-14T00:04:08+02:00,[27],[0.09]
2025-04-14T00:03:33+02:00,[19],[0.08]
2025-04-13T23:53:56+02:00,[49],[0.09]
2025-04-13T23:32:45+02:00,[35],[0.61]
2025-04-13T06:23:22+02:00,[64],[0]
2025-04-13T06:02:54+02:00,[33],[0.07]
2025-04-13T05:35:49+02:00,[122],[0.01]
2025-04-13T05:01:05+02:00,[116],[0]
2025-04-13T05:00:26+02:00,[28],[0]
2025-04-13T04:46:06+02:00,[219],[0.01]
2025-04-13T04:42:05+02:00,[31],[0.06]
2025-04-13T04:37:19+02:00,[21],[0]
2025-04-13T04:35:46+02:00,[77],[0.08]
2025-04-13T04:33:41+02:00,[25],[0.06]
2025-04-13T04:32:25+02:00,[62],[0]
2025-04-13T04:28:25+02:00,[139],[0]
2025-04-13T04:26:35+02:00,[72],[0.02]
2025-04-13T04:16:26+02:00,[106],[0.02]
2025-04-13T04:14:33+02:00,[29],[0.05]
2025-04-13T04:10:51+02:00,[17],[0]
2025-04-13T04:09:58+02:00,[35],[0.04]
2025-04-13T03:51:04+02:00,[107],[0]
2025-04-13T03:49:52+02:00,[42],[0]
2025-04-13T03:45:22+02:00,[17],[0]
2025-04-13T03:42:20+02:00,[41],[0]
2025-04-13T03:38:53+02:00,[80],[0.02]
2025-04-13T03:35:18+02:00,[24],[0]
2025-04-13T03:32:03+02:00,[12],[0]
2025-04-13T03:31:01+02:00,[19],[0]
2025-04-13T03:30:16+02:00,[19],[0]
2025-04-13T03:28:29+02:00,[25],[0]
2025-04-13T03:24:44+02:00,[178],[0]
2025-04-13T03:23:13+02:00,[38],[0.05]
2025-04-13T03:21:43+02:00,[26],[0]
2025-04-13T03:21:19+02:00,[13],[0.3]
2025-04-13T03:19:08+02:00,[64],[0.06]
2025-04-13T03:10:28+02:00,[79],[0]
2025-04-13T03:06:55+02:00,[174],[0]
2025-04-13T01:48:09+02:00,[24],[0]
2025-04-11T06:11:18+02:00,[144],[0]
2025-04-11T05:59:16+02:00,[69],[0]
2025-04-11T05:55:53+02:00,[69],[0.02]
2025-04-11T05:48:23+02:00,[77],[0.03]
2025-04-11T05:45:33+02:00,[20],[0]
2025-04-11T05:39:28+02:00,[74],[0]
2025-04-11T05:24:58+02:00,[35],[0.09]
2025-04-10T04:23:22+02:00,[24],[0]
2025-04-10T04:22:01+02:00,[20],[0]
2025-04-10T04:08:37+02:00,[108],[0]
2025-04-10T04:06:14+02:00,[76],[0]
2025-04-10T02:40:13+02:00,[54],[0.03]
2025-04-10T02:36:57+02:00,[101],[0.02]
2025-04-10T02:35:44+02:00,[17],[0]
2025-04-10T02:26:46+02:00,[40],[0.03]
2025-04-10T02:25:16+02:00,[32],[0]
2025-04-10T02:21:11+02:00,[60],[0.03]
2025-04-10T02:18:44+02:00,[82],[0.02]
2025-04-10T01:39:24+02:00,[250],[0]
2025-04-10T00:50:19+02:00,[96],[0.02]
2025-04-10T00:07:00+02:00,[20],[0]
2025-04-10T00:06:25+02:00,[24],[0.13]
2025-04-09T02:45:54+02:00,[66],[0]
2025-04-09T02:35:48+02:00,[37],[0]
2025-04-09T02:29:20+02:00,[26],[0]
2025-04-09T01:13:03+02:00,[96],[0]
2025-04-09T00:41:24+02:00,[129],[0.03]
2025-04-09T00:40:57+02:00,[14],[0]
2025-04-08T23:22:32+02:00,[281],[0.01]
2025-04-08T22:04:54+02:00,[31],[0]
2025-04-08T22:01:03+02:00,[196],[0.01]
2025-04-08T21:20:00+02:00,[53],[0]
2025-04-08T21:18:44+02:00,[51],[0]
2025-04-08T21:15:09+02:00,[146],[0]
2025-04-07T03:54:43+02:00,[46],[0]
2025-04-07T03:27:31+02:00,[55],[0]
2025-04-07T03:14:04+02:00,[138],[0]
2025-04-07T02:53:49+02:00,[47],[0.04]
2025-04-07T00:56:31+02:00,[247],[0]
2025-04-06T02:10:05+02:00,[39],[0.06]
2025-04-06T02:03:55+02:00,[20],[0]
2025-04-06T00:40:58+02:00,[150],[0]
2025-04-06T00:39:46+02:00,[34],[0]
2025-04-06T00:38:17+02:00,[75],[0.04]
2025-04-06T00:31:24+02:00,[26],[0.4]
2025-04-06T00:30:05+02:00,[28],[0]
2025-04-06T00:17:59+02:00,[29],[0.16]
2025-04-06T00:15:59+02:00,[105],[0]
2025-04-06T00:14:59+02:00,[44],[0]
2025-04-06T00:08:33+02:00,[158],[0.05]
2025-04-06T00:06:52+02:00,[51],[0.18]
2025-04-05T23:34:05+02:00,[70],[0]
2025-04-05T23:32:17+02:00,[82],[0]
2025-04-05T22:56:22+02:00,[51],[0]
2025-04-05T22:53:28+02:00,[124],[0.01]
2025-04-05T22:52:21+02:00,[26],[0]
2025-04-05T22:49:10+02:00,[172],[0.01]
2025-04-05T22:43:48+02:00,[280],[0]
2025-04-05T21:36:50+02:00,[44],[0.24]
2025-04-05T21:33:13+02:00,[206],[0.11]
2025-04-05T20:32:05+02:00,[14],[0]
2025-04-05T20:27:25+02:00,[81],[0]
2025-04-05T20:26:29+02:00,[30],[0]
2025-04-05T20:24:13+02:00,[74],[0]
2025-04-05T20:23:21+02:00,[30],[0]
2025-04-05T20:21:51+02:00,[58],[0.03]
2025-04-04T23:34:48+02:00,[47],[0]
2025-04-04T23:33:39+02:00,[30],[0.06]
2025-04-04T23:27:55+02:00,[17],[0.1]
2025-04-04T23:01:56+02:00,[90],[0]
2025-04-04T22:44:36+02:00,[80],[0]
2025-04-04T01:52:31+02:00,[70],[0]
2025-04-04T00:38:18+02:00,[86],[0]
2025-04-03T22:24:58+02:00,[96],[0]
2025-04-02T03:51:38+02:00,[33],[0]
2025-04-02T03:49:51+02:00,[25],[0.18]
2025-04-02T03:48:35+02:00,[24],[0]
2025-04-02T03:47:32+02:00,[33],[0]
2025-04-02T03:33:23+02:00,[13],[0]
2025-04-02T03:30:33+02:00,[21],[0]
2025-04-02T03:29:44+02:00,[24],[0]
2025-04-02T03:26:18+02:00,[89],[0.01]
2025-04-02T03:24:32+02:00,[75],[0]
2025-04-02T03:21:00+02:00,[14],[0.09]
2025-04-02T03:00:47+02:00,[33],[0.04]
2025-04-02T02:55:53+02:00,[48],[0.04]
2025-04-02T02:53:52+02:00,[53],[0.03]
2025-04-02T02:46:40+02:00,[20],[0.21]
2025-04-02T02:41:25+02:00,[37],[0.3]
2025-04-02T02:38:16+02:00,[31],[0]
2025-04-02T02:31:04+02:00,[26],[0]
2025-04-02T02:21:36+02:00,[37],[0]
2025-04-02T02:20:45+02:00,[32],[0.06]
2025-04-02T02:12:28+02:00,[45],[0.94]
2025-04-02T02:09:50+02:00,[35],[0.38]
2025-04-02T02:09:02+02:00,[24],[0]
2025-04-02T02:07:25+02:00,[56],[0.22]
2025-04-02T02:02:13+02:00,[35],[0.48]
2025-04-02T01:56:44+02:00,[33],[0.22]
2025-04-02T01:53:40+02:00,[49],[0.23]
2025-04-02T01:42:06+02:00,[74],[0.38]
2025-04-02T01:32:45+02:00,[34],[0]
2025-04-02T01:29:52+02:00,[103],[0.26]
2025-04-02T01:29:17+02:00,[24],[0.27]
2025-04-02T01:27:33+02:00,[22],[0.5]
2025-04-02T01:23:18+02:00,[28],[0.25]
2025-03-30T01:59:18+01:00,[30],[0]
2025-03-30T01:56:55+01:00,[31],[0]
2025-03-30T01:54:34+01:00,[19],[0]
2025-03-30T01:52:46+01:00,[14],[0.08]
2025-03-30T01:43:23+01:00,[35],[0]
2025-03-30T01:22:04+01:00,[21],[0]
2025-03-30T01:01:09+01:00,[48],[0]
2025-03-29T23:59:08+01:00,[154],[0.01]
2025-03-29T21:00:09+01:00,[32],[0]
2025-03-29T20:58:09+01:00,[30],[0]
2025-03-29T20:56:40+01:00,[65],[0]
2025-03-29T20:55:21+01:00,[29],[0]
2025-03-29T06:20:10+01:00,[60],[0]
2025-03-29T06:17:58+01:00,[39],[0]
2025-03-29T06:02:55+01:00,[63],[0]
2025-03-29T05:07:57+01:00,[45],[0]
2025-03-27T23:45:04+01:00,[116],[0]
2025-03-27T22:27:38+01:00,[105],[0]
2025-03-27T22:23:56+01:00,[146],[0.04]
2025-03-27T20:47:29+01:00,[19],[0.09]
2025-03-27T20:41:50+01:00,[299],[0]
2025-03-27T20:02:07+01:00,[111],[0]
2025-03-27T20:00:05+01:00,[36],[0]
2025-03-26T01:02:59+01:00,[63],[0]
2025-03-25T23:43:47+01:00,[133],[0]
2025-03-25T23:42:59+01:00,[25],[0]
2025-03-25T22:25:05+01:00,[18],[0]
2025-03-25T22:19:39+01:00,[110],[0]
2025-03-25T22:17:04+01:00,[108],[0]
2025-03-25T21:01:50+01:00,[39],[0.05]
2025-03-25T20:13:28+01:00,[210],[0]
2025-03-25T19:52:55+01:00,[116],[0]
2025-03-25T19:52:22+01:00,[20],[0]
2025-03-25T19:51:21+01:00,[34],[0]
2025-03-25T03:17:24+01:00,[17],[0]
2025-03-25T02:11:06+01:00,[40],[0]
2025-03-25T02:07:08+01:00,[135],[0]
2025-03-25T02:03:42+01:00,[122],[0]
2025-03-25T01:30:26+01:00,[131],[0.01]
2025-03-25T01:27:17+01:00,[87],[0]
2025-03-25T01:11:27+01:00,[35],[0.06]
2025-03-25T01:08:10+01:00,[184],[0]
2025-03-25T00:54:43+01:00,[146],[0.01]
2025-03-25T00:50:05+01:00,[19],[0]
2025-03-24T23:30:18+01:00,[70],[0]
2025-03-24T23:18:36+01:00,[39],[0]
2025-03-24T23:13:36+01:00,[299],[0]
2025-03-24T22:49:07+01:00,[105],[0]
2025-03-24T21:56:57+01:00,[19],[0]
2025-03-24T21:55:53+01:00,[21],[0]
2025-03-24T21:54:15+01:00,[23],[0]
2025-03-24T04:53:35+01:00,[32],[0]
2025-03-24T04:49:37+01:00,[17],[0]
2025-03-24T04:48:09+01:00,[74],[0]
2025-03-24T04:30:52+01:00,[68],[0]
2025-03-24T04:23:14+01:00,[75],[0]
2025-03-24T04:21:55+01:00,[24],[0]
2025-03-24T04:14:44+01:00,[18],[0.08]
2025-03-20T06:04:25+01:00,[27],[0]
2025-03-20T04:45:58+01:00,[11],[0]
2025-03-20T04:35:57+01:00,[21],[0.13]
2025-03-20T04:34:22+01:00,[15],[0]
2025-03-20T01:51:56+01:00,[34],[0]
2025-03-20T01:42:06+01:00,[26],[0]
2025-03-20T01:38:50+01:00,[67],[0]
2025-03-20T01:38:03+01:00,[32],[0.06]
2025-03-20T00:02:23+01:00,[32],[0]
2025-03-19T23:58:13+01:00,[84],[0.02]
2025-03-19T23:55:09+01:00,[154],[0.03]
2025-03-19T23:53:30+01:00,[85],[0]
2025-03-19T22:59:45+01:00,[39],[0.05]
2025-03-19T22:56:22+01:00,[149],[0]
2025-03-19T22:54:57+01:00,[14],[0]
2025-03-19T22:45:20+01:00,[19],[0]
2025-03-19T20:46:15+01:00,[172],[0]
2025-03-19T20:45:39+01:00,[23],[0]
2025-03-19T20:17:20+01:00,[13],[0.08]
2025-03-19T19:02:42+01:00,[16],[0]
2025-03-19T02:15:20+01:00,[73],[0]
2025-03-19T02:13:51+01:00,[15],[0]
2025-03-19T01:53:29+01:00,[28],[0]
2025-03-19T01:52:26+01:00,[29],[0]
2025-03-19T01:51:07+01:00,[47],[0]
2025-03-19T01:47:06+01:00,[15],[0]
2025-03-19T01:42:59+01:00,[43],[0.2]
2025-03-19T01:04:18+01:00,[25],[0]
2025-03-19T01:02:09+01:00,[64],[0]
2025-03-18T23:40:47+01:00,[67],[0]
2025-03-18T23:28:25+01:00,[37],[0]
2025-03-18T23:22:42+01:00,[281],[0]
2025-03-18T23:22:18+01:00,[13],[0]
2025-03-18T22:18:38+01:00,[141],[0]
2025-03-18T22:16:16+01:00,[122],[0]
2025-03-18T22:15:18+01:00,[35],[0]
2025-03-18T21:03:50+01:00,[26],[0]
2025-03-18T21:01:30+01:00,[122],[0]
2025-03-18T20:20:32+01:00,[134],[0.02]
2025-03-18T20:15:12+01:00,[206],[0]
2025-03-18T19:55:49+01:00,[108],[0]
2025-03-18T19:54:09+01:00,[39],[0]
2025-03-17T01:44:03+01:00,[37],[0]
2025-03-17T01:40:26+01:00,[202],[0]
2025-03-17T01:39:12+01:00,[62],[0]
2025-03-17T01:30:45+01:00,[64],[0.06]
2025-03-17T01:29:08+01:00,[56],[0.04]
2025-03-17T01:18:36+01:00,[37],[0.22]
2025-03-17T01:09:08+01:00,[108],[0]
2025-03-17T01:00:44+01:00,[46],[0]
2025-03-16T20:21:59+01:00,[14],[0.08]
2025-03-14T23:22:18+01:00,[22],[0]
2025-03-14T23:21:12+01:00,[20],[0]
2025-03-14T23:19:54+01:00,[37],[0]
2025-03-14T22:58:03+01:00,[35],[0]
2025-03-14T22:52:25+01:00,[42],[0.03]
2025-03-14T22:48:38+01:00,[31],[0.29]
2025-03-14T22:38:06+01:00,[20],[0]
2025-03-14T22:36:57+01:00,[55],[0]
2025-03-14T22:32:46+01:00,[42],[0]
2025-03-14T22:05:23+01:00,[20],[0.08]
2025-03-14T21:56:44+01:00,[75],[0]
2025-03-14T21:55:53+01:00,[21],[0]
2025-03-14T21:30:50+01:00,[30],[0]
2025-03-14T03:17:15+01:00,[35],[0]
2025-03-14T03:12:36+01:00,[18],[0]
2025-03-14T03:11:39+01:00,[24],[0.1]
2025-03-14T03:10:32+01:00,[33],[0]
2025-03-14T03:05:21+01:00,[93],[0.06]
2025-03-14T02:11:53+01:00,[36],[0]
2025-03-14T00:58:52+01:00,[43],[0]
2025-03-14T00:47:25+01:00,[85],[0]
2025-03-14T00:45:07+01:00,[27],[0.08]
2025-03-14T00:44:01+01:00,[36],[0.12]
2025-03-14T00:40:27+01:00,[120],[0]
2025-03-14T00:34:50+01:00,[83],[0.04]
2025-03-14T00:12:26+01:00,[17],[0]
2025-03-14T00:06:24+01:00,[125],[0.06]
2025-03-14T00:01:55+01:00,[27],[0.1]
2025-03-13T23:56:57+01:00,[32],[0]
2025-03-13T23:56:15+01:00,[31],[0]
2025-03-13T22:18:50+01:00,[294],[0.01]
2025-03-13T21:17:08+01:00,[24],[0]
2025-03-13T21:12:47+01:00,[220],[0]
2025-03-13T05:00:41+01:00,[36],[0]
2025-03-13T04:48:58+01:00,[53],[0]
2025-03-13T04:36:14+01:00,[35],[0]
2025-03-13T04:29:36+01:00,[17],[0]
2025-03-13T04:27:02+01:00,[26],[0.55]
2025-03-13T04:22:28+01:00,[31],[0.1]
2025-03-13T03:28:36+01:00,[25],[0]
2025-03-13T03:27:22+01:00,[16],[0]
2025-03-13T01:39:39+01:00,[289],[0]
2025-03-13T01:11:45+01:00,[45],[0]
2025-03-13T01:09:31+01:00,[44],[0]
2025-03-13T01:07:44+01:00,[68],[0]
2025-03-13T01:05:38+01:00,[24],[0]
2025-03-12T23:58:42+01:00,[33],[0]
2025-03-12T23:03:39+01:00,[35],[0]
2025-03-12T23:01:21+01:00,[97],[0]
2025-03-12T22:58:48+01:00,[141],[0]
2025-03-12T21:37:09+01:00,[109],[0.01]
2025-03-12T21:33:59+01:00,[150],[0.01]
2025-03-12T20:18:58+01:00,[79],[0]
2025-03-12T20:17:25+01:00,[20],[0.09]
2025-03-12T20:12:02+01:00,[211],[0]
2025-03-12T19:53:29+01:00,[144],[0]
2025-03-12T19:51:01+01:00,[69],[0]
2025-03-12T02:25:33+01:00,[11],[0]
2025-03-12T02:20:51+01:00,[51],[0]
2025-03-11T22:17:09+01:00,[26],[0.06]
2025-03-11T21:01:11+01:00,[43],[0.03]
2025-03-11T20:59:27+01:00,[40],[0.04]
2025-03-11T20:39:31+01:00,[241],[0]
2025-03-11T20:13:08+01:00,[244],[0]
2025-03-11T19:54:04+01:00,[113],[0]
2025-03-11T19:53:31+01:00,[22],[0]
2025-03-11T19:51:54+01:00,[50],[0]
2025-03-11T18:54:31+01:00,[27],[0]
2025-03-10T03:22:29+01:00,[60],[0]
2025-03-10T03:17:44+01:00,[32],[0]
2025-03-10T02:37:59+01:00,[42],[0]
2025-03-10T01:45:10+01:00,[35],[0]
2025-03-09T23:06:08+01:00,[24],[0]
2025-03-09T23:05:29+01:00,[27],[0]
2025-03-09T21:46:56+01:00,[132],[0]
2025-03-09T21:45:30+01:00,[62],[0.05]
2025-03-09T20:56:28+01:00,[31],[0]
2025-03-08T02:15:09+01:00,[27],[0]
2025-03-08T02:10:27+01:00,[40],[0]
2025-03-08T01:07:43+01:00,[29],[0]
2025-03-08T00:41:50+01:00,[36],[0]
2025-03-08T00:37:43+01:00,[31],[0]
2025-03-08T00:33:34+01:00,[35],[0]
2025-03-07T05:35:48+01:00,[23],[0]
2025-03-07T05:30:54+01:00,[34],[0.06]
2025-03-07T02:33:58+01:00,[42],[0]
2025-03-07T02:30:21+01:00,[55],[0.03]
2025-03-07T02:07:33+01:00,[28],[0]
2025-03-07T01:18:40+01:00,[22],[0]
2025-03-07T01:17:55+01:00,[34],[0.04]
2025-03-07T01:16:55+01:00,[29],[0]
2025-03-07T00:51:56+01:00,[14],[0]
2025-03-06T23:23:23+01:00,[14],[0]
2025-03-06T22:52:57+01:00,[224],[0]
2025-03-06T22:51:22+01:00,[52],[0]
2025-03-06T22:50:06+01:00,[30],[0]
2025-03-06T21:57:58+01:00,[35],[0]
2025-03-06T21:53:32+01:00,[226],[0]
2025-03-06T05:21:44+01:00,[68],[0.03]
2025-03-06T04:17:09+01:00,[58],[0.03]
2025-03-06T04:15:40+01:00,[55],[0]
2025-03-06T03:59:58+01:00,[22],[0]
2025-03-06T03:52:41+01:00,[21],[0]
2025-03-06T03:21:10+01:00,[27],[0]
2025-03-06T02:27:47+01:00,[34],[0.09]
2025-03-06T02:27:03+01:00,[16],[0]
2025-03-06T02:15:12+01:00,[21],[0.07]
2025-03-06T00:57:37+01:00,[141],[0]
2025-03-06T00:30:02+01:00,[42],[0.05]
2025-03-06T00:17:32+01:00,[33],[0]
2025-03-05T21:34:12+01:00,[84],[0]
2025-03-05T21:30:40+01:00,[147],[0]
2025-03-05T21:25:30+01:00,[56],[0]
2025-03-05T21:23:08+01:00,[111],[0]
2025-03-05T21:21:51+01:00,[45],[0]
2025-03-05T20:55:14+01:00,[51],[0]
2025-03-05T20:52:12+01:00,[54],[0.07]
2025-03-05T03:15:06+01:00,[95],[0.02]
2025-03-05T03:13:02+01:00,[65],[0]
2025-03-05T01:13:12+01:00,[20],[0.08]
2025-03-05T00:48:21+01:00,[21],[0]
2025-03-05T00:47:46+01:00,[25],[0]
2025-03-05T00:46:09+01:00,[21],[0]
2025-03-04T23:07:18+01:00,[133],[0]
2025-03-04T22:02:06+01:00,[45],[0]
2025-03-04T22:00:52+01:00,[34],[0]
2025-03-04T21:41:41+01:00,[254],[0]
2025-03-04T21:02:45+01:00,[24],[0]
2025-03-04T19:42:34+01:00,[77],[0]
2025-03-03T00:40:51+01:00,[46],[0]
2025-03-03T00:35:27+01:00,[60],[0]
2025-03-03T00:16:47+01:00,[87],[0.02]
2025-03-03T00:02:33+01:00,[15],[0.08]
2025-03-02T23:53:14+01:00,[26],[0.06]
2025-03-02T23:52:11+01:00,[28],[0]
2025-03-02T23:47:24+01:00,[54],[0.08]
2025-03-02T23:36:39+01:00,[81],[0.09]
2025-03-02T23:23:08+01:00,[61],[0.03]
2025-03-02T22:47:39+01:00,[14],[0]
2025-03-02T22:26:29+01:00,[23],[0]
2025-03-02T03:46:25+01:00,[54],[0.41]
2025-03-02T03:05:24+01:00,[48],[0]
2025-03-02T03:01:46+01:00,[36],[0.24]
2025-03-02T02:21:31+01:00,[17],[0.4]
2025-03-01T08:54:34+01:00,[79],[0.02]
2025-03-01T05:04:17+01:00,[31],[0]
2025-03-01T05:02:43+01:00,[29],[0]
2025-03-01T05:01:00+01:00,[87],[0]
2025-03-01T03:47:54+01:00,[73],[0]
2025-03-01T02:56:22+01:00,[78],[0.02]
2025-03-01T02:25:31+01:00,[33],[0]
2025-03-01T02:11:02+01:00,[18],[0]
2025-03-01T02:01:16+01:00,[23],[0]
2025-03-01T01:48:37+01:00,[17],[0]
2025-03-01T01:47:03+01:00,[51],[0]
2025-03-01T00:41:21+01:00,[31],[0]
2025-03-01T00:33:28+01:00,[45],[0]
2025-03-01T00:32:30+01:00,[33],[0]
2025-03-01T00:07:03+01:00,[48],[0.03]
2025-02-28T20:10:35+01:00,[19],[0]
2025-02-28T18:33:13+01:00,[20],[0]
2025-02-28T08:43:55+01:00,[25],[0]
2025-02-28T08:00:41+01:00,[19],[0]
2025-02-28T05:33:41+01:00,[16],[0]
2025-02-28T03:24:15+01:00,[20],[0]
2025-02-28T03:22:35+01:00,[30],[0]
2025-02-28T03:07:24+01:00,[33],[0]
2025-02-28T03:04:52+01:00,[50],[0]
2025-02-28T03:02:48+01:00,[53],[0.11]
2025-02-28T01:07:43+01:00,[50],[0]
2025-02-28T01:01:02+01:00,[44],[0.04]
2025-02-28T00:56:39+01:00,[60],[0]
2025-02-28T00:03:44+01:00,[32],[0.06]
2025-02-28T00:01:40+01:00,[40],[0.04]
2025-02-27T23:54:35+01:00,[30],[0]
2025-02-27T23:36:08+01:00,[59],[0]
2025-02-27T23:28:33+01:00,[27],[0]
2025-02-27T23:27:23+01:00,[42],[0]
2025-02-27T23:25:59+01:00,[28],[0.08]
2025-02-27T23:19:03+01:00,[27],[0]
2025-02-27T23:08:38+01:00,[61],[0]
2025-02-27T23:06:29+01:00,[77],[0]
2025-02-27T23:05:19+01:00,[45],[0]
2025-02-27T23:01:44+01:00,[78],[0]
2025-02-27T23:01:01+01:00,[29],[0.06]
2025-02-27T21:32:22+01:00,[46],[0]
2025-02-27T20:14:05+01:00,[75],[0.19]
2025-02-27T18:14:37+01:00,[66],[0]
2025-02-27T18:12:13+01:00,[95],[0.01]
2025-02-27T18:09:40+01:00,[123],[0]
2025-02-27T18:08:22+01:00,[24],[0]
2025-02-27T18:06:11+01:00,[84],[0]
2025-02-27T18:05:32+01:00,[17],[0.1]
2025-02-27T18:00:33+01:00,[298],[0]
2025-02-27T17:57:54+01:00,[117],[0]
2025-02-27T17:51:41+01:00,[17],[0]
2025-02-27T05:59:56+01:00,[25],[0]
2025-02-27T05:46:43+01:00,[187],[0.01]
2025-02-27T05:44:28+01:00,[100],[0]
2025-02-27T05:25:37+01:00,[100],[0]
2025-02-27T05:24:29+01:00,[56],[0]
2025-02-27T05:19:58+01:00,[247],[0]
2025-02-27T05:16:13+01:00,[45],[0.05]
2025-02-27T05:14:42+01:00,[57],[0]
2025-02-27T05:07:35+01:00,[123],[0]
2025-02-27T05:02:27+01:00,[264],[0]
2025-02-27T04:58:48+01:00,[184],[0]
2025-02-27T04:57:16+01:00,[63],[0]
2025-02-27T04:56:09+01:00,[55],[0]
2025-02-27T04:54:49+01:00,[38],[0]
2025-02-27T04:50:18+01:00,[42],[0.12]
2025-02-27T04:47:21+01:00,[17],[0.2]
2025-02-27T01:56:58+01:00,[19],[0.09]
2025-02-27T01:43:34+01:00,[299],[0]
2025-02-27T01:41:34+01:00,[80],[0]
2025-02-27T01:40:50+01:00,[29],[0]
2025-02-26T22:05:47+01:00,[52],[0]
2025-02-26T22:01:24+01:00,[140],[0]
2025-02-26T22:00:13+01:00,[55],[0]
2025-02-26T21:58:53+01:00,[57],[0]
2025-02-26T21:37:32+01:00,[34],[0]
2025-02-26T21:36:10+01:00,[59],[0]
2025-02-26T21:32:55+01:00,[32],[0]
2025-02-26T21:30:29+01:00,[90],[0]
2025-02-26T21:28:59+01:00,[75],[0]
2025-02-26T18:20:36+01:00,[63],[0]
2025-02-26T18:17:35+01:00,[139],[0]
2025-02-26T18:12:53+01:00,[146],[0]
2025-02-26T18:09:27+01:00,[111],[0]
2025-02-26T18:08:37+01:00,[28],[0]
2025-02-26T18:07:25+01:00,[32],[0]
2025-02-26T18:02:44+01:00,[252],[0]
2025-02-26T05:36:49+01:00,[15],[0.08]
2025-02-26T02:55:46+01:00,[29],[0]
2025-02-26T02:46:36+01:00,[119],[0.01]
2025-02-26T02:44:19+01:00,[118],[0]
2025-02-26T02:41:42+01:00,[112],[0]
2025-02-26T02:39:29+01:00,[119],[0]
2025-02-26T02:37:03+01:00,[65],[0]
2025-02-26T02:33:29+01:00,[190],[0]
2025-02-26T02:31:39+01:00,[46],[0]
2025-02-25T23:20:07+01:00,[32],[0]
2025-02-25T22:16:04+01:00,[152],[0]
2025-02-25T22:15:32+01:00,[19],[0]
2025-02-25T21:31:24+01:00,[81],[0]
2025-02-25T19:03:46+01:00,[17],[0]
2025-02-25T13:48:44+01:00,[19],[0]
2025-02-24T01:32:55+01:00,[31],[0.05]
2025-02-24T01:30:33+01:00,[80],[0]
2025-02-24T01:29:25+01:00,[46],[0]
2025-02-23T23:26:40+01:00,[258],[0.02]
2025-02-23T23:24:43+01:00,[101],[0]
2025-02-23T03:37:42+01:00,[300],[0]
2025-02-23T03:35:25+01:00,[18],[0.08]
2025-02-23T03:18:11+01:00,[16],[0]
2025-02-23T03:14:47+01:00,[82],[0.08]
2025-02-23T03:12:22+01:00,[108],[0]
2025-02-23T03:10:40+01:00,[58],[0]
2025-02-23T03:05:39+01:00,[300],[0]
2025-02-23T03:03:26+01:00,[49],[0.04]
2025-02-23T03:01:35+01:00,[90],[0]
2025-02-23T02:55:34+01:00,[17],[0]
2025-02-23T02:51:33+01:00,[218],[0]
2025-02-23T02:41:28+01:00,[274],[0]
2025-02-22T05:11:22+01:00,[45],[0]
2025-02-22T05:08:49+01:00,[42],[0.12]
2025-02-22T04:20:57+01:00,[19],[0]
2025-02-22T04:19:37+01:00,[34],[0]
2025-02-22T03:42:20+01:00,[27],[0]
2025-02-22T03:24:57+01:00,[16],[0]
2025-02-22T03:17:31+01:00,[38],[0.1]
2025-02-22T03:15:49+01:00,[32],[0]
2025-02-21T22:50:14+01:00,[44],[0.04]
2025-02-21T22:33:49+01:00,[50],[0]
2025-02-21T21:48:36+01:00,[42],[0]
2025-02-21T02:10:59+01:00,[46],[0]
2025-02-21T01:13:44+01:00,[61],[0]
2025-02-21T00:41:54+01:00,[143],[0]
2025-02-21T00:40:59+01:00,[27],[0]
2025-02-20T23:24:48+01:00,[49],[0.03]
2025-02-20T23:19:49+01:00,[298],[0]
2025-02-20T21:55:41+01:00,[45],[0]
2025-02-20T21:13:10+01:00,[251],[0]
2025-02-20T20:52:45+01:00,[195],[0]
2025-02-20T04:29:58+01:00,[43],[0]
2025-02-20T04:26:57+01:00,[44],[0]
2025-02-20T04:26:01+01:00,[38],[0]
2025-02-20T04:20:11+01:00,[37],[0]
2025-02-20T04:05:51+01:00,[54],[0]
2025-02-20T03:54:59+01:00,[47],[0]
2025-02-20T03:39:54+01:00,[48],[0]
2025-02-20T01:38:41+01:00,[66],[0]
2025-02-20T01:33:36+01:00,[298],[0.01]
2025-02-20T01:11:53+01:00,[38],[0]
2025-02-20T00:59:13+01:00,[96],[0]
2025-02-20T00:57:59+01:00,[58],[0]
2025-02-20T00:56:32+01:00,[41],[0]
2025-02-20T00:02:07+01:00,[48],[0.04]
2025-02-19T23:59:20+01:00,[112],[0]
2025-02-19T23:31:12+01:00,[182],[0.02]
2025-02-19T21:20:50+01:00,[39],[0]
2025-02-19T21:16:52+01:00,[224],[0]
2025-02-19T21:16:07+01:00,[12],[0]
2025-02-19T20:53:18+01:00,[117],[0.03]
2025-02-19T20:50:33+01:00,[26],[0]
2025-02-19T00:42:52+01:00,[32],[0]
2025-02-18T23:23:53+01:00,[111],[0.03]
2025-02-18T23:20:48+01:00,[147],[0.01]
2025-02-18T23:19:36+01:00,[49],[0.03]
2025-02-18T22:01:52+01:00,[37],[0]
2025-02-18T21:59:35+01:00,[28],[0]
2025-02-18T21:16:56+01:00,[247],[0]
2025-02-18T20:57:45+01:00,[129],[0]
2025-02-18T20:56:26+01:00,[49],[0]
2025-02-18T19:59:48+01:00,[84],[0]
2025-02-18T04:31:14+01:00,[55],[0]
2025-02-18T04:16:04+01:00,[14],[0.17]
2025-02-18T03:30:02+01:00,[47],[0]
2025-02-18T02:47:25+01:00,[49],[0.03]
2025-02-18T02:46:40+01:00,[21],[0]
2025-02-18T02:43:15+01:00,[18],[0]
2025-02-18T02:41:01+01:00,[85],[0.02]
2025-02-17T04:58:50+01:00,[44],[0.04]
2025-02-17T00:32:57+01:00,[20],[0]
2025-02-16T00:52:14+01:00,[125],[0]
2025-02-16T00:49:18+01:00,[30],[0.1]
2025-02-16T00:48:11+01:00,[28],[0.08]
2025-02-16T00:45:11+01:00,[18],[0.2]
2025-02-16T00:38:42+01:00,[19],[0]
2025-02-16T00:37:27+01:00,[39],[0.08]
2025-02-16T00:34:38+01:00,[47],[0.11]
2025-02-16T00:18:22+01:00,[33],[0]
2025-02-16T00:17:17+01:00,[26],[0]
2025-02-15T23:43:00+01:00,[45],[0.13]
2025-02-15T23:39:38+01:00,[17],[0]
2025-02-15T23:30:20+01:00,[37],[0.28]
2025-02-15T00:01:58+01:00,[25],[0.05]
2025-02-13T23:20:05+01:00,[69],[0]
2025-02-13T23:15:57+01:00,[77],[0]
2025-02-13T23:14:56+01:00,[48],[0]
2025-02-13T23:13:41+01:00,[57],[0.03]
2025-02-13T22:02:48+01:00,[39],[0]
2025-02-13T21:52:05+01:00,[168],[0.01]
2025-02-13T21:01:59+01:00,[101],[0]
2025-02-13T21:00:14+01:00,[94],[0.02]
2025-02-13T20:01:06+01:00,[134],[0]
2025-02-13T19:59:31+01:00,[85],[0]
2025-02-12T02:00:41+01:00,[107],[0.04]
2025-02-12T00:43:12+01:00,[121],[0]
2025-02-11T23:16:17+01:00,[196],[0]
2025-02-11T23:12:46+01:00,[150],[0.04]
2025-02-11T22:07:57+01:00,[29],[0]
2025-02-11T22:04:35+01:00,[156],[0]
2025-02-11T21:18:33+01:00,[69],[0]
2025-02-11T21:13:32+01:00,[299],[0]
2025-02-11T21:12:44+01:00,[14],[0]
2025-02-11T20:50:18+01:00,[250],[0.01]
2025-02-10T03:03:05+01:00,[254],[0]
2025-02-10T03:02:02+01:00,[47],[0]
2025-02-10T03:00:29+01:00,[57],[0]
2025-02-10T02:57:49+01:00,[135],[0]
2025-02-10T02:52:49+01:00,[37],[0]
2025-02-10T02:51:13+01:00,[81],[0]
2025-02-10T02:48:38+01:00,[19],[0]
2025-02-10T02:45:55+01:00,[111],[0.03]
2025-02-10T02:32:24+01:00,[75],[0]
2025-02-10T02:30:12+01:00,[35],[0]
2025-02-10T02:25:51+01:00,[247],[0]
2025-02-10T02:23:50+01:00,[97],[0.01]
2025-02-10T02:15:04+01:00,[100],[0]
2025-02-10T02:14:14+01:00,[23],[0.09]
2025-02-10T00:17:22+01:00,[97],[0.02]
2025-02-10T00:15:02+01:00,[46],[0]
2025-02-09T05:20:28+01:00,[74],[0.04]
2025-02-09T04:56:47+01:00,[24],[0]
2025-02-09T04:07:15+01:00,[31],[0.1]
2025-02-09T04:00:23+01:00,[27],[0]
2025-02-09T03:50:32+01:00,[133],[0.01]
2025-02-09T03:40:03+01:00,[23],[0.13]
2025-02-09T03:36:16+01:00,[25],[0.06]
2025-02-09T03:34:52+01:00,[14],[0.17]
2025-02-09T03:32:01+01:00,[16],[0.09]
2025-02-09T03:11:16+01:00,[130],[0.14]
2025-02-09T03:08:06+01:00,[58],[0]
2025-02-09T02:59:30+01:00,[49],[0.06]
2025-02-09T02:58:29+01:00,[40],[0]
2025-02-08T01:01:52+01:00,[192],[0]
2025-02-08T01:00:37+01:00,[63],[0.03]
2025-02-07T23:59:50+01:00,[198],[0]
2025-02-07T04:07:20+01:00,[37],[0]
2025-02-07T04:00:57+01:00,[52],[0.04]
2025-02-07T03:53:24+01:00,[74],[0]
2025-02-07T03:48:45+01:00,[100],[0.01]
2025-02-07T03:42:18+01:00,[30],[0.08]
2025-02-07T03:41:34+01:00,[31],[0]
2025-02-07T03:38:47+01:00,[22],[0.55]
2025-02-07T03:37:29+01:00,[64],[0.23]
2025-02-07T03:26:30+01:00,[41],[0.13]
2025-02-07T03:20:54+01:00,[43],[0]
2025-02-07T03:16:03+01:00,[52],[0]
2025-02-07T02:49:34+01:00,[83],[0]
2025-02-07T02:48:45+01:00,[26],[0]
2025-02-07T02:39:47+01:00,[42],[0]
2025-02-07T02:30:21+01:00,[19],[0]
2025-02-07T02:03:32+01:00,[16],[0]
2025-02-07T02:00:26+01:00,[53],[0]
2025-02-07T01:05:23+01:00,[25],[0.06]
2025-02-07T01:03:00+01:00,[80],[0.02]
2025-02-06T23:30:28+01:00,[131],[0]
2025-02-06T23:27:51+01:00,[145],[0]
2025-02-06T23:17:59+01:00,[104],[0]
2025-02-06T23:15:43+01:00,[68],[0.03]
2025-02-06T22:06:00+01:00,[48],[0]
2025-02-06T22:01:45+01:00,[156],[0]
2025-02-06T22:00:13+01:00,[39],[0]
2025-02-06T21:46:40+01:00,[115],[0]
2025-02-06T21:40:21+01:00,[31],[0]
2025-02-06T21:32:21+01:00,[186],[0]
2025-02-06T21:20:35+01:00,[31],[0]
2025-02-06T21:16:13+01:00,[35],[0]
2025-02-06T21:14:52+01:00,[56],[0.07]
2025-02-06T21:12:55+01:00,[91],[0]
2025-02-06T21:09:00+01:00,[192],[0]
2025-02-06T20:51:53+01:00,[256],[0]
2025-02-06T03:05:26+01:00,[31],[0]
2025-02-06T03:04:08+01:00,[35],[0.07]
2025-02-06T02:03:09+01:00,[30],[0]
2025-02-06T02:01:07+01:00,[87],[0]
2025-02-06T01:40:44+01:00,[44],[0]
2025-02-06T00:58:04+01:00,[18],[0]
2025-02-06T00:57:05+01:00,[37],[0]
2025-02-06T00:03:54+01:00,[115],[0]
2025-02-06T00:02:16+01:00,[38],[0]
2025-02-05T23:54:31+01:00,[36],[0]
2025-02-05T23:20:47+01:00,[44],[0]
2025-02-05T23:20:05+01:00,[27],[0]
2025-02-05T21:25:08+01:00,[234],[0]
2025-02-05T21:06:46+01:00,[86],[0]
2025-02-05T21:04:35+01:00,[67],[0]
2025-02-05T03:50:06+01:00,[69],[0.02]
2025-02-05T03:43:35+01:00,[24],[0]
2025-02-05T03:42:30+01:00,[38],[0]
2025-02-05T03:13:28+01:00,[20],[0.08]
2025-02-05T02:00:19+01:00,[25],[0]
2025-02-05T01:08:59+01:00,[73],[0]
2025-02-05T01:05:59+01:00,[75],[0]
2025-02-05T00:42:16+01:00,[122],[0]
2025-02-04T23:15:44+01:00,[300],[0.01]
2025-02-04T23:14:01+01:00,[87],[0.02]
2025-02-04T22:08:07+01:00,[33],[0]
2025-02-04T22:04:57+01:00,[127],[0]
2025-02-04T22:03:40+01:00,[36],[0]
2025-02-04T21:54:21+01:00,[55],[0]
2025-02-04T21:44:18+01:00,[289],[0]
2025-02-04T21:43:54+01:00,[12],[0]
2025-02-04T21:33:20+01:00,[27],[0]
2025-02-04T21:16:49+01:00,[112],[0]
2025-02-04T21:16:09+01:00,[19],[0]
2025-02-04T20:55:40+01:00,[97],[0]
2025-02-04T05:01:42+01:00,[22],[0.18]
2025-02-04T04:48:22+01:00,[45],[0]
2025-02-04T03:07:05+01:00,[20],[0.27]
2025-02-04T00:56:26+01:00,[58],[0]
2025-02-04T00:54:45+01:00,[31],[0]
2025-02-04T00:51:58+01:00,[119],[0.01]
2025-02-04T00:51:16+01:00,[30],[0]
2025-02-04T00:09:35+01:00,[25],[0]
2025-02-03T23:59:16+01:00,[18],[0]
2025-02-03T23:56:04+01:00,[181],[0]
2025-02-03T23:53:47+01:00,[67],[0]
2025-02-02T23:27:36+01:00,[22],[0]
2025-02-02T23:18:36+01:00,[39],[0.05]
2025-02-02T23:06:13+01:00,[101],[0.02]
2025-02-02T22:50:13+01:00,[28],[0]
2025-02-02T22:46:06+01:00,[18],[0]
2025-02-02T22:40:35+01:00,[75],[0]
2025-02-02T22:37:10+01:00,[16],[0.08]
2025-02-02T22:36:27+01:00,[30],[0]
2025-02-02T22:33:39+01:00,[115],[0]
2025-02-02T02:26:13+01:00,[16],[0]
2025-02-02T02:24:31+01:00,[82],[0.02]
2025-02-02T02:21:55+01:00,[60],[0]
2025-02-02T02:10:06+01:00,[72],[0.05]
2025-02-02T02:09:10+01:00,[39],[0]
2025-02-02T02:06:05+01:00,[76],[0.04]
2025-02-02T02:05:07+01:00,[33],[0.05]
2025-02-02T02:02:21+01:00,[18],[0]
2025-02-02T02:00:31+01:00,[43],[0]
2025-02-02T01:38:09+01:00,[73],[0]
2025-02-02T01:37:09+01:00,[20],[0]
2025-02-02T01:36:05+01:00,[53],[0.03]
2025-02-02T00:59:56+01:00,[200],[0]
2025-02-02T00:51:00+01:00,[19],[0.1]
2025-02-02T00:47:06+01:00,[170],[0.05]
2025-02-02T00:46:10+01:00,[35],[0.04]
2025-02-02T00:26:58+01:00,[21],[0]
2025-02-02T00:15:36+01:00,[46],[0]
2025-02-02T00:13:42+01:00,[29],[0]
2025-02-02T00:12:20+01:00,[67],[0]
2025-02-02T00:03:20+01:00,[106],[0]
2025-01-31T02:00:43+01:00,[47],[0]
2025-01-31T00:38:37+01:00,[128],[0]
2025-01-31T00:38:03+01:00,[21],[0]
2025-01-30T23:27:57+01:00,[19],[0]
2025-01-30T23:16:17+01:00,[211],[0]
2025-01-30T23:13:56+01:00,[43],[0]
2025-01-30T22:03:18+01:00,[35],[0]
2025-01-30T22:00:15+01:00,[129],[0]
2025-01-30T21:28:58+01:00,[121],[0]
2025-01-30T21:25:08+01:00,[217],[0]
2025-01-30T21:00:16+01:00,[111],[0.02]
2025-01-30T20:57:39+01:00,[55],[0]
2025-01-30T05:08:22+01:00,[15],[0.18]
2025-01-30T04:27:38+01:00,[52],[0]
2025-01-30T04:04:56+01:00,[70],[0]
2025-01-30T03:01:27+01:00,[61],[0]
2025-01-30T02:38:08+01:00,[267],[0]
2025-01-30T02:22:14+01:00,[59],[0]
2025-01-30T02:20:21+01:00,[41],[0]
2025-01-30T02:19:29+01:00,[15],[0]
2025-01-30T00:52:20+01:00,[112],[0]
2025-01-30T00:36:36+01:00,[45],[0]
2025-01-30T00:01:21+01:00,[27],[0]
2025-01-29T23:50:35+01:00,[202],[0]
2025-01-29T23:35:29+01:00,[17],[0]
2025-01-29T23:32:01+01:00,[197],[0]
2025-01-29T21:24:07+01:00,[31],[0]
2025-01-29T21:20:16+01:00,[114],[0]
2025-01-29T21:18:32+01:00,[93],[0]
2025-01-29T20:53:51+01:00,[137],[0.01]
2025-01-29T20:52:14+01:00,[27],[0]
2025-01-29T19:41:00+01:00,[28],[0]
2025-01-29T00:48:30+01:00,[179],[0.01]
2025-01-29T00:45:18+01:00,[178],[0]
2025-01-28T23:27:08+01:00,[35],[0]
2025-01-28T23:14:05+01:00,"[300,85]","[0.01,0.02]"
2025-01-28T22:04:09+01:00,[34],[0.04]
2025-01-28T22:00:33+01:00,[164],[0]
2025-01-28T19:53:37+01:00,[21],[0]
2025-01-28T04:41:42+01:00,[22],[0]
2025-01-28T04:14:48+01:00,[38],[0]
2025-01-28T04:13:52+01:00,[35],[0]
2025-01-28T04:08:12+01:00,[28],[0]
2025-01-28T04:05:58+01:00,[92],[0.02]
2025-01-28T04:03:48+01:00,[93],[0.02]
2025-01-28T03:21:15+01:00,[21],[0.4]
2025-01-28T03:19:01+01:00,[15],[0]
2025-01-28T03:17:18+01:00,[26],[0.07]
2025-01-28T03:16:36+01:00,[31],[0.06]
2025-01-28T03:14:43+01:00,[15],[0]
2025-01-28T03:12:54+01:00,[22],[0.33]
2025-01-28T03:11:45+01:00,[39],[0]
2025-01-28T03:09:40+01:00,[20],[0]
2025-01-28T02:07:53+01:00,[12],[0]
2025-01-28T02:07:28+01:00,[13],[0]
2025-01-28T02:05:54+01:00,[79],[0]
2025-01-28T02:04:58+01:00,[44],[0]
2025-01-28T00:50:10+01:00,[22],[0]
2025-01-28T00:41:03+01:00,[282],[0.01]
2025-01-27T02:00:48+01:00,[19],[0.08]
2025-01-27T01:48:39+01:00,[25],[0.06]
2025-01-27T01:41:25+01:00,[46],[0]
2025-01-27T01:39:21+01:00,[27],[0.73]
2025-01-27T01:37:24+01:00,[52],[0.69]
2025-01-27T01:25:31+01:00,[38],[0.03]
2025-01-27T01:07:54+01:00,[38],[0]
2025-01-27T01:04:01+01:00,[26],[0.05]
2025-01-27T00:59:47+01:00,[39],[0.09]
2025-01-27T00:48:41+01:00,[22],[0.13]
2025-01-27T00:32:32+01:00,[25],[0.12]
2025-01-27T00:30:23+01:00,[61],[0.02]
2025-01-27T00:28:43+01:00,[37],[0]
2025-01-26T02:32:09+01:00,[30],[0]
2025-01-25T03:32:33+01:00,[28],[0.06]
2025-01-25T03:30:10+01:00,[32],[0.27]
2025-01-25T03:26:26+01:00,[57],[0]
2025-01-25T02:26:47+01:00,[49],[0.03]
2025-01-24T03:12:35+01:00,[14],[0]
2025-01-24T03:01:00+01:00,[39],[0]
2025-01-24T02:41:21+01:00,[39],[0]
2025-01-24T02:23:22+01:00,[35],[0]
2025-01-24T02:01:55+01:00,[25],[0]
2025-01-24T02:00:25+01:00,[30],[0]
2025-01-24T01:08:09+01:00,[145],[0]
2025-01-24T01:06:10+01:00,[97],[0]
2025-01-24T00:42:38+01:00,[43],[0]
2025-01-23T23:20:51+01:00,[110],[0]
2025-01-23T23:15:27+01:00,[280],[0.01]
2025-01-23T23:12:56+01:00,[63],[0.03]
2025-01-23T21:50:44+01:00,[23],[0]
2025-01-23T21:36:58+01:00,[147],[0]
2025-01-23T21:25:02+01:00,[38],[0]
2025-01-23T21:18:32+01:00,"[300,49]","[0,0]"
2025-01-23T20:59:20+01:00,[23],[0]
2025-01-23T02:40:29+01:00,[47],[0]
2025-01-23T02:37:46+01:00,[88],[0]
2025-01-23T02:21:16+01:00,[131],[0]
2025-01-23T02:17:07+01:00,[49],[0]
2025-01-23T00:58:24+01:00,[79],[0.02]
2025-01-23T00:57:02+01:00,[64],[0]
2025-01-22T23:57:02+01:00,[17],[0]
2025-01-22T23:55:06+01:00,[50],[0]
2025-01-22T23:54:17+01:00,[36],[0]
2025-01-22T23:25:19+01:00,[40],[0]
2025-01-22T23:24:43+01:00,[22],[0]
2025-01-22T23:18:59+01:00,[58],[0]
2025-01-22T23:08:58+01:00,[48],[0.04]
2025-01-22T21:26:49+01:00,[61],[0]
2025-01-22T21:25:09+01:00,[87],[0]
2025-01-22T21:23:33+01:00,[78],[0]
2025-01-22T20:58:12+01:00,[98],[0]
2025-01-22T20:55:45+01:00,[44],[0]
2025-01-22T19:54:51+01:00,[20],[0]
2025-01-22T19:53:27+01:00,[14],[0]
2025-01-22T01:06:12+01:00,[70],[0]
2025-01-22T01:05:00+01:00,[60],[0]
2025-01-22T01:02:48+01:00,[75],[0]
2025-01-22T00:59:37+01:00,[176],[0]
2025-01-21T23:26:39+01:00,[15],[0.1]
2025-01-21T23:19:51+01:00,[39],[0.06]
2025-01-21T23:17:47+01:00,[93],[0.02]
2025-01-21T23:15:58+01:00,[96],[0]
2025-01-21T23:14:25+01:00,[42],[0]
2025-01-21T22:02:56+01:00,[33],[0]
2025-01-21T21:59:47+01:00,[147],[0]
2025-01-21T21:58:30+01:00,[32],[0]
2025-01-21T21:50:57+01:00,[37],[0]
2025-01-21T21:43:46+01:00,[26],[0]
2025-01-21T21:43:10+01:00,[17],[0]
2025-01-19T23:57:27+01:00,[29],[0]
2025-01-19T23:14:43+01:00,[18],[0]
2025-01-19T23:13:14+01:00,[58],[0.05]
2025-01-19T23:11:50+01:00,[54],[0.03]
2025-01-19T22:56:56+01:00,[56],[0]
2025-01-19T22:36:38+01:00,[17],[0]
2025-01-19T22:18:35+01:00,[30],[0.14]
2025-01-18T03:43:53+01:00,[56],[0]
2025-01-18T03:42:41+01:00,[45],[0.03]
2025-01-18T03:34:17+01:00,[35],[0.09]
2025-01-18T03:30:28+01:00,[55],[0.03]
2025-01-18T03:28:08+01:00,[73],[0.06]
2025-01-18T03:20:27+01:00,[46],[0.05]
2025-01-18T03:19:48+01:00,[18],[0]
2025-01-18T03:17:46+01:00,[24],[0.17]
2025-01-18T03:11:07+01:00,[22],[0.18]
2025-01-18T03:07:17+01:00,[60],[0]
2025-01-18T02:24:47+01:00,[93],[0.02]
2025-01-18T01:46:36+01:00,[19],[0]
2025-01-13T02:11:37+01:00,[21],[0]
2025-01-13T01:53:45+01:00,[20],[0]
2025-01-13T01:51:16+01:00,[45],[0]
2025-01-12T22:11:05+01:00,[198],[0.02]
2025-01-12T22:08:33+01:00,[41],[0]
2025-01-12T22:05:57+01:00,[51],[0.17]
2025-01-12T07:02:09+01:00,[71],[0]
2025-01-12T02:32:14+01:00,[53],[0]
2025-01-12T01:33:07+01:00,[25],[0.06]
2025-01-11T14:23:21+01:00,[236],[0]
2025-01-11T14:21:29+01:00,[86],[0]
2025-01-11T14:20:05+01:00,[52],[0]
2025-01-11T14:18:31+01:00,[59],[0.05]
2025-01-11T14:16:15+01:00,[57],[0.03]
2025-01-11T14:09:15+01:00,[24],[0]
2025-01-11T14:08:01+01:00,[40],[0]
2025-01-11T10:35:14+01:00,[84],[0]
2025-01-11T10:19:43+01:00,[49],[0]
2025-01-11T10:15:54+01:00,[95],[0]
2025-01-10T17:05:54+01:00,[50],[0.04]
2025-01-10T15:31:57+01:00,[79],[0]
2025-01-10T14:23:06+01:00,[86],[0.02]
2025-01-10T14:22:01+01:00,[54],[0]
2025-01-10T14:21:10+01:00,[28],[0]
2025-01-10T13:49:02+01:00,[118],[0]
2025-01-10T13:46:13+01:00,[123],[0]
2025-01-10T13:45:29+01:00,[18],[0]
2025-01-10T13:43:55+01:00,[82],[0]
2025-01-10T13:18:08+01:00,[21],[0.1]
2025-01-10T13:14:02+01:00,[19],[0]
2025-01-10T13:10:01+01:00,[229],[0.01]
2025-01-10T12:45:16+01:00,[22],[0.08]
2025-01-10T11:53:31+01:00,[29],[0.08]
2025-01-10T11:51:35+01:00,[26],[0.08]
2025-01-10T11:10:48+01:00,[107],[0]
2025-01-10T11:08:37+01:00,[29],[0.08]
2025-01-10T10:53:02+01:00,[27],[0.15]
2025-01-10T10:50:24+01:00,[68],[0.22]
2025-01-09T13:17:57+01:00,[139],[0.01]
2025-01-09T13:13:46+01:00,[183],[0.08]
2025-01-09T13:10:14+01:00,[40],[0]
2025-01-09T12:43:19+01:00,[16],[0]
2025-01-09T12:36:57+01:00,[21],[0]
2025-01-09T12:32:15+01:00,[128],[0]
2025-01-09T09:29:58+01:00,[48],[0.03]
2025-01-09T09:29:03+01:00,[40],[0]
2025-01-09T09:24:24+01:00,[252],[0.03]
2025-01-09T09:13:50+01:00,[25],[0]
2025-01-09T09:12:15+01:00,[23],[0]
2025-01-09T09:09:13+01:00,[68],[0]
2025-01-08T19:42:27+01:00,[79],[0.02]
2025-01-08T19:36:56+01:00,[19],[0.07]
2025-01-08T19:35:06+01:00,[71],[0.11]
2025-01-08T19:33:44+01:00,[48],[0.03]
2025-01-08T19:24:44+01:00,[20],[0.08]
2025-01-08T19:19:38+01:00,[19],[0.15]
2025-01-08T18:34:45+01:00,[49],[0.05]
2025-01-08T18:15:47+01:00,[69],[0]
2025-01-08T17:49:35+01:00,[15],[0.1]
2025-01-08T17:45:20+01:00,[43],[0]
2025-01-08T17:43:11+01:00,[56],[0]
2025-01-08T17:42:25+01:00,[36],[0]
2025-01-08T17:40:50+01:00,[38],[0]
2025-01-08T17:27:59+01:00,[33],[0.04]
2025-01-08T17:09:07+01:00,[15],[0.08]
2025-01-08T16:52:24+01:00,[22],[0]
2025-01-08T16:40:11+01:00,[39],[0.07]
2025-01-08T16:37:55+01:00,[22],[0.33]
2025-01-08T16:35:04+01:00,[34],[0]
2025-01-08T16:34:24+01:00,[16],[0.08]
2025-01-08T14:52:14+01:00,[40],[0.04]
2025-01-08T13:44:47+01:00,[17],[0]
2025-01-08T13:40:40+01:00,[23],[0.5]
2025-01-08T13:38:25+01:00,[34],[0]
2025-01-08T13:35:09+01:00,[17],[0]
2025-01-08T13:32:08+01:00,[36],[0]
2025-01-08T13:31:26+01:00,[16],[0]
2025-01-08T13:19:51+01:00,[67],[0.02]
2025-01-08T13:17:19+01:00,[17],[0.08]
2025-01-08T13:16:18+01:00,[31],[0.13]
2025-01-08T13:14:59+01:00,[45],[0.04]
2025-01-08T13:13:17+01:00,[57],[0.04]
2025-01-08T13:11:36+01:00,[60],[0.14]
2025-01-08T13:07:28+01:00,[92],[0.06]
2025-01-08T13:04:57+01:00,[51],[0]
2025-01-08T12:34:00+01:00,[40],[0.11]
2025-01-08T12:30:47+01:00,[74],[0.06]
2025-01-08T12:25:44+01:00,[89],[0]
2025-01-08T12:24:16+01:00,[27],[0.07]
2025-01-08T12:23:18+01:00,[36],[0]
2025-01-08T12:22:40+01:00,[18],[0]
2025-01-08T12:19:51+01:00,[93],[0.01]
2025-01-08T11:25:21+01:00,[18],[0]
2025-01-08T11:20:12+01:00,[124],[0]
2025-01-08T11:17:12+01:00,[147],[0.01]
2025-01-08T11:12:29+01:00,[39],[0.16]
2025-01-08T10:25:46+01:00,[112],[0.02]
2025-01-08T10:22:23+01:00,[191],[0.01]
2025-01-08T10:17:24+01:00,[298],[0]
2025-01-08T10:10:46+01:00,[28],[0]
2025-01-08T10:09:22+01:00,[18],[0]
2025-01-07T18:04:20+01:00,[30],[0]
2025-01-07T18:03:06+01:00,[63],[0.02]
2025-01-07T18:00:44+01:00,[129],[0.02]
2025-01-07T17:49:58+01:00,[55],[0.03]
2025-01-07T17:44:04+01:00,[23],[0.07]
2025-01-07T17:42:56+01:00,[34],[0]
2025-01-07T17:41:41+01:00,[63],[0]
2025-01-07T17:38:16+01:00,[53],[0]
2025-01-07T17:30:40+01:00,[53],[0.32]
2025-01-07T17:28:08+01:00,[44],[0.43]
2025-01-07T17:20:54+01:00,[28],[0]
2025-01-07T16:56:32+01:00,[19],[0.23]
2025-01-07T16:47:21+01:00,[17],[0]
2025-01-07T16:38:36+01:00,[114],[0.09]
2025-01-07T16:36:27+01:00,[36],[0]
2025-01-07T16:32:20+01:00,[58],[0.11]
2025-01-07T16:24:59+01:00,[69],[0.05]
2025-01-07T16:02:32+01:00,[24],[0]
2025-01-07T16:00:22+01:00,[71],[0.06]
2025-01-07T15:55:21+01:00,[295],[0.09]
2025-01-07T15:54:18+01:00,[17],[0.1]
2025-01-07T15:52:43+01:00,[79],[0]
2025-01-07T15:51:33+01:00,[51],[0]
2025-01-07T15:50:35+01:00,[39],[0]
2025-01-07T15:49:23+01:00,[43],[0]
2025-01-07T15:46:26+01:00,[156],[0]
2025-01-07T15:45:39+01:00,[20],[0]
2025-01-07T15:43:33+01:00,[100],[0.02]
2025-01-07T15:42:11+01:00,[66],[0]
2025-01-07T15:39:49+01:00,[121],[0]
2025-01-07T14:38:15+01:00,[113],[0]
2025-01-07T13:38:54+01:00,[179],[0.01]
2025-01-07T13:36:11+01:00,[108],[0]
2025-01-07T13:31:13+01:00,[180],[0.02]
2025-01-07T13:15:03+01:00,[39],[0.05]
2025-01-07T13:09:11+01:00,[298],[0.01]
2025-01-07T11:13:32+01:00,[72],[0.03]
2025-01-06T16:57:20+01:00,[154],[0.03]
2025-01-06T16:51:04+01:00,[58],[0]
2025-01-06T16:49:22+01:00,[11],[0]
2025-01-06T16:47:29+01:00,[23],[0.07]
2025-01-06T16:35:28+01:00,[27],[0]
2025-01-06T16:07:35+01:00,[79],[0.13]
2025-01-06T15:39:57+01:00,[25],[0]
2025-01-06T14:09:05+01:00,[27],[0]
2025-01-06T13:52:47+01:00,[78],[0]
2025-01-06T12:26:38+01:00,[36],[0.06]
2025-01-05T18:18:30+01:00,[137],[0]
2025-01-05T18:15:29+01:00,[35],[0]
2025-01-05T18:14:52+01:00,[13],[0]
2025-01-05T18:07:15+01:00,[53],[0]
2025-01-05T17:50:24+01:00,[45],[0.14]
2025-01-05T17:49:31+01:00,[15],[0]
2025-01-05T17:47:27+01:00,[50],[0.16]
2025-01-05T17:14:06+01:00,[130],[0]
2025-01-05T17:09:16+01:00,[152],[0.01]
2025-01-05T14:34:18+01:00,[23],[0]
2025-01-05T14:31:42+01:00,[41],[0]
2025-01-05T14:30:27+01:00,[63],[0]
2025-01-05T13:46:11+01:00,[65],[0]
2025-01-05T13:43:25+01:00,[148],[0.01]
2025-01-05T13:37:22+01:00,[85],[0]
2025-01-05T13:33:28+01:00,[217],[0.06]
2025-01-05T13:32:46+01:00,[22],[0.13]
2025-01-05T13:30:35+01:00,[86],[0.1]
2025-01-05T13:15:12+01:00,[29],[0.06]
2025-01-05T13:07:27+01:00,[24],[0.33]
2025-01-05T11:12:10+01:00,[24],[0.13]
2025-01-05T11:09:35+01:00,[105],[0]
2025-01-05T11:08:06+01:00,[26],[0]
2025-01-05T11:05:04+01:00,[31],[0]
2025-01-05T10:58:29+01:00,[123],[0.02]
2025-01-05T10:56:21+01:00,[44],[0]
2025-01-05T10:55:06+01:00,[26],[0]
2025-01-05T10:53:08+01:00,[48],[0.05]
2025-01-04T15:45:23+01:00,[56],[0.08]
2025-01-04T15:34:18+01:00,[51],[0.05]
2025-01-04T15:23:58+01:00,[115],[0]
2025-01-04T15:18:56+01:00,[300],[0]
2025-01-04T15:17:16+01:00,[88],[0]
2025-01-04T15:14:10+01:00,[146],[0]
2025-01-04T14:41:18+01:00,"[300,73]","[0.01,0.18]"
2025-01-04T14:37:52+01:00,[114],[0.01]
2025-01-04T14:33:16+01:00,[64],[0]
2025-01-04T14:01:14+01:00,[27],[0]
2025-01-04T13:58:34+01:00,[77],[0]
2025-01-04T13:56:22+01:00,[83],[0.08]
2025-01-04T13:47:36+01:00,[51],[0.03]
2025-01-04T13:45:37+01:00,[89],[0]
2025-01-04T13:44:53+01:00,[25],[0]
2025-01-04T11:40:03+01:00,[46],[0]
2025-01-04T11:32:40+01:00,[65],[0]
2025-01-04T11:28:45+01:00,[61],[0]
2025-01-04T11:27:49+01:00,[45],[0]
2025-01-04T08:02:05+01:00,[71],[0.02]
2025-01-04T07:58:32+01:00,[105],[0]
2025-01-03T18:42:34+01:00,[49],[0]
2025-01-03T18:41:38+01:00,[34],[0]
2025-01-03T18:37:44+01:00,[211],[0.01]
2025-01-03T18:31:06+01:00,"[300,79]","[0,0]"
2025-01-03T18:26:34+01:00,[120],[0]
2025-01-03T18:22:02+01:00,[241],[0]
2025-01-03T18:21:31+01:00,[15],[0]
2025-01-03T18:16:29+01:00,[300],[0]
2025-01-03T18:03:16+01:00,[93],[0.03]
2025-01-03T18:01:23+01:00,[61],[0.02]
2025-01-03T18:00:14+01:00,[45],[0.05]
2025-01-03T17:57:16+01:00,[29],[0.13]
2025-01-03T17:07:34+01:00,[63],[0.03]
2025-01-03T17:06:35+01:00,[23],[0]
2025-01-03T16:35:49+01:00,[85],[0.03]
2025-01-03T16:33:52+01:00,[90],[0.02]
2025-01-03T16:32:45+01:00,[23],[0]
2025-01-03T16:29:47+01:00,[81],[0.04]
2025-01-03T16:24:46+01:00,[298],[0.01]
2025-01-03T16:24:00+01:00,[32],[0]
2025-01-03T16:16:10+01:00,[189],[0.01]
2025-01-03T16:11:10+01:00,[299],[0]
2025-01-03T16:07:15+01:00,[181],[0]
2025-01-03T16:05:28+01:00,[70],[0]
2025-01-03T16:03:51+01:00,[76],[0.03]
2025-01-03T15:57:37+01:00,[145],[0.01]
2025-01-03T10:57:12+01:00,[52],[0]
2025-01-03T10:54:55+01:00,[14],[0]
2025-01-03T10:38:47+01:00,[32],[0]
2025-01-03T10:27:21+01:00,[45],[0]
2025-01-03T10:26:30+01:00,[19],[0]
2025-01-03T10:20:45+01:00,[50],[0]
2025-01-03T10:16:25+01:00,[47],[0.03]
2025-01-03T10:14:08+01:00,[45],[0.04]
2025-01-03T10:11:25+01:00,[34],[0]
2025-01-03T10:06:38+01:00,[69],[0.02]
2025-01-03T10:05:36+01:00,[38],[0]
2025-01-03T10:00:14+01:00,[56],[0.08]
2025-01-03T09:57:25+01:00,[37],[0.04]
2025-01-03T09:50:24+01:00,[35],[0]
2025-01-03T09:47:44+01:00,[21],[0]
2025-01-03T09:47:11+01:00,[15],[0]
2025-01-03T09:35:59+01:00,[166],[0.09]
2025-01-03T09:28:00+01:00,[20],[0]
2025-01-03T09:23:04+01:00,[143],[0]
2025-01-03T09:19:02+01:00,[97],[0.04]
2025-01-03T09:15:18+01:00,[33],[0.24]
2025-01-03T08:49:10+01:00,[94],[0]
2025-01-03T08:44:33+01:00,[28],[0]
2025-01-03T08:42:00+01:00,[142],[0]
2025-01-03T08:37:04+01:00,[37],[0]
2025-01-03T08:29:31+01:00,[142],[0]
2025-01-03T08:27:59+01:00,[76],[0]
2025-01-03T08:22:38+01:00,[297],[0]
2025-01-03T08:21:17+01:00,[66],[0]
2025-01-03T08:19:53+01:00,[56],[0]
2025-01-03T08:18:29+01:00,[39],[0]
2025-01-03T08:16:01+01:00,[100],[0]
2025-01-03T08:11:41+01:00,[47],[0]
2025-01-03T08:10:33+01:00,[20],[0.17]
2025-01-03T08:08:31+01:00,[13],[0.1]
2025-01-03T08:07:50+01:00,[18],[0.67]
2025-01-03T08:06:29+01:00,[38],[0]
2025-01-03T08:06:02+01:00,[16],[0]
2025-01-03T07:23:09+01:00,[65],[0]
2025-01-02T11:39:22+01:00,[73],[0]
2025-01-02T11:24:53+01:00,[136],[0]
2025-01-02T11:24:00+01:00,[21],[0]
2025-01-02T11:21:40+01:00,[113],[0.02]
2025-01-02T11:20:51+01:00,[31],[0]
2025-01-02T11:18:27+01:00,[65],[0]
2025-01-02T11:15:51+01:00,[126],[0.01]
2025-01-02T11:09:37+01:00,[62],[0.06]
2025-01-02T11:03:24+01:00,[16],[0.18]
2025-01-02T11:02:32+01:00,[33],[0]
2025-01-02T10:56:47+01:00,[20],[0.07]
2025-01-02T10:53:19+01:00,[15],[0.09]
2025-01-02T10:45:27+01:00,[20],[0]
2025-01-02T10:41:38+01:00,[26],[0.06]
2025-01-02T10:35:24+01:00,[14],[0.09]
2025-01-02T10:30:24+01:00,[46],[0.08]
2025-01-02T10:26:38+01:00,[44],[0.54]
2025-01-02T10:23:36+01:00,[40],[0.53]
2025-01-02T10:19:47+01:00,[25],[0.11]
2025-01-02T10:13:52+01:00,[24],[0.06]
2025-01-02T10:08:53+01:00,[26],[0.08]
2025-01-02T10:06:49+01:00,[58],[0]
2025-01-02T10:06:04+01:00,[21],[0]
2025-01-02T10:03:57+01:00,[80],[0]
2025-01-02T09:09:13+01:00,[64],[0]
2025-01-02T09:08:14+01:00,[39],[0.06]
2025-01-02T09:07:24+01:00,[37],[0]
2025-01-02T09:05:16+01:00,[87],[0]
2025-01-02T09:03:47+01:00,[33],[0]
2025-01-02T09:02:53+01:00,[36],[0]
2025-01-02T09:00:23+01:00,[124],[0]
2025-01-02T02:55:23+01:00,[13],[0]
2025-01-02T02:54:07+01:00,[45],[0]
2025-01-02T02:31:32+01:00,[170],[0]
2025-01-02T02:29:47+01:00,[91],[0.01]
2025-01-02T02:18:25+01:00,[78],[0]
2025-01-02T02:16:33+01:00,[52],[0.03]
2025-01-02T02:14:29+01:00,[85],[0]
2025-01-02T02:13:44+01:00,[23],[0]
2025-01-02T02:08:42+01:00,[243],[0.01]
2025-01-02T02:07:09+01:00,[40],[0]
2025-01-01T22:13:16+01:00,[69],[0.02]
2025-01-01T22:06:34+01:00,[30],[0.18]
2025-01-01T15:56:26+01:00,[35],[0.2]
2025-01-01T15:37:32+01:00,[64],[0.11]
2025-01-01T15:21:11+01:00,[42],[0.16]
2025-01-01T15:20:23+01:00,[27],[0.13]
2025-01-01T02:38:38+01:00,[22],[0.36]
2025-01-01T01:42:22+01:00,[30],[0.47]
2025-01-01T01:39:34+01:00,[158],[0.04]
2025-01-01T01:35:25+01:00,[133],[0.03]
2025-01-01T01:33:45+01:00,[52],[0.13]
2025-01-01T01:31:24+01:00,[54],[0.16]
2025-01-01T01:28:08+01:00,[114],[0.08]
2025-01-01T01:27:17+01:00,[20],[0]
2024-12-31T21:22:25+01:00,[25],[0]
2024-12-31T03:24:09+01:00,[88],[0]
2024-12-31T03:17:05+01:00,[97],[0.01]
2024-12-31T03:15:40+01:00,[23],[0]
2024-12-31T03:08:35+01:00,[29],[0]
2024-12-31T02:54:09+01:00,[80],[0]
2024-12-31T02:53:03+01:00,[25],[0]
2024-12-31T02:43:27+01:00,[43],[0]
2024-12-30T05:13:36+01:00,[16],[0.09]
2024-12-30T05:13:09+01:00,[15],[0]
2024-12-30T05:11:45+01:00,[65],[0.19]
2024-12-30T03:22:07+01:00,[45],[0]
2024-12-30T03:21:32+01:00,[23],[0]
2024-12-30T02:13:48+01:00,[83],[0]
2024-12-30T01:48:33+01:00,[15],[0.3]
2024-12-30T00:47:27+01:00,[24],[0]
2024-12-30T00:45:53+01:00,[23],[0]
2024-12-29T01:59:17+01:00,[174],[0]
2024-12-29T01:56:38+01:00,[143],[0]
2024-12-29T01:51:54+01:00,[270],[0.01]
2024-12-29T01:47:17+01:00,[197],[0.01]
2024-12-29T01:32:30+01:00,[33],[0]
2024-12-29T01:15:32+01:00,[28],[0]
2024-12-29T00:59:55+01:00,[33],[0.54]
2024-12-28T00:59:53+01:00,[56],[0]
2024-12-28T00:56:21+01:00,[36],[0]
2024-12-28T00:52:14+01:00,[20],[0]
2024-12-28T00:50:35+01:00,[76],[0.02]
2024-12-28T00:49:47+01:00,[31],[0.09]
2024-12-28T00:48:42+01:00,[26],[0.06]
2024-12-28T00:47:56+01:00,[19],[0]
2024-12-28T00:46:24+01:00,[48],[0]
2024-12-28T00:36:18+01:00,[34],[0]
2024-12-28T00:33:14+01:00,[27],[0]
2024-12-28T00:29:02+01:00,[22],[0.1]
2024-12-27T03:47:14+01:00,[275],[0]
2024-12-27T03:46:10+01:00,[50],[0]
2024-12-27T03:04:39+01:00,[80],[0.07]
2024-12-27T02:57:09+01:00,[135],[0]
2024-12-26T04:10:05+01:00,[28],[0]
2024-12-25T02:04:42+01:00,[77],[0]
2024-12-25T02:02:34+01:00,[22],[0]
2024-12-25T02:01:34+01:00,[43],[0]
2024-12-25T02:00:35+01:00,[44],[0]
2024-12-25T01:15:54+01:00,[49],[0]
2024-12-25T01:14:34+01:00,[38],[0]
2024-12-25T01:11:15+01:00,[163],[0]
2024-12-25T01:08:17+01:00,[141],[0]
2024-12-25T01:07:39+01:00,[21],[0.18]
2024-12-25T01:03:11+01:00,[27],[0]
2024-12-25T01:00:54+01:00,[12],[0]
2024-12-25T00:58:02+01:00,[86],[0.02]
2024-12-25T00:56:45+01:00,[37],[0.05]
2024-12-25T00:51:16+01:00,[162],[0]
2024-12-25T00:47:13+01:00,[156],[0.03]
2024-12-25T00:43:57+01:00,[18],[0]
2024-12-25T00:40:41+01:00,[108],[0.03]
2024-12-25T00:35:21+01:00,[49],[0.08]
2024-12-25T00:30:34+01:00,[40],[0.03]
2024-12-25T00:29:39+01:00,[41],[0]
2024-12-25T00:27:37+01:00,[98],[0.06]
2024-12-25T00:25:08+01:00,[27],[0.07]
2024-12-25T00:21:03+01:00,[68],[0]
2024-12-25T00:06:23+01:00,[115],[0.04]
2024-12-25T00:03:34+01:00,[19],[0.17]
2024-12-25T00:00:51+01:00,[29],[0]
2024-12-24T05:12:30+01:00,[18],[0]
2024-12-24T05:07:58+01:00,[58],[0.03]
2024-12-24T01:16:46+01:00,[25],[0]
2024-12-22T04:26:37+01:00,[111],[0.03]
2024-12-22T03:36:46+01:00,[17],[0]
2024-12-22T03:31:16+01:00,[15],[0]
2024-12-21T06:04:12+01:00,[30],[0]
2024-12-20T01:48:30+01:00,[27],[0]
2024-12-20T01:39:51+01:00,[296],[0]
2024-12-20T01:38:29+01:00,[16],[0]
2024-12-20T00:06:17+01:00,[16],[0]
2024-12-19T23:57:30+01:00,[197],[0.01]
2024-12-19T23:49:28+01:00,[41],[0]
2024-12-19T23:40:18+01:00,[51],[0]
2024-12-19T21:05:56+01:00,[16],[0]
2024-12-19T21:04:42+01:00,[20],[0]
2024-12-19T21:01:09+01:00,[98],[0]
2024-12-19T19:53:13+01:00,[63],[0.02]
2024-12-19T19:51:39+01:00,[21],[0]
2024-12-18T05:23:58+01:00,[143],[0]
2024-12-18T05:22:13+01:00,[17],[0]
2024-12-18T02:49:47+01:00,[153],[0.04]
2024-12-18T02:29:11+01:00,[43],[0]
2024-12-18T02:28:14+01:00,[25],[0]
2024-12-18T01:15:33+01:00,[33],[0]
2024-12-17T05:46:14+01:00,[64],[0.05]
2024-12-17T05:44:50+01:00,[39],[0]
2024-12-17T01:43:56+01:00,[59],[0.07]
2024-12-17T01:14:56+01:00,[53],[0]
2024-12-16T21:13:33+01:00,[173],[0]
2024-12-16T21:10:26+01:00,[28],[0.19]
2024-12-16T21:06:38+01:00,[21],[0.05]
2024-12-16T21:05:10+01:00,[27],[0.05]
2024-12-16T20:54:09+01:00,[37],[0.04]
2024-12-16T20:52:13+01:00,[32],[0]
2024-12-16T20:30:39+01:00,[115],[0.02]
2024-12-14T23:13:48+01:00,[81],[0]
2024-12-14T05:46:12+01:00,[71],[0]
2024-12-14T05:40:39+01:00,[76],[0]
2024-12-14T05:38:15+01:00,[21],[0.1]
2024-12-14T05:37:29+01:00,[35],[0]
2024-12-14T05:33:03+01:00,[106],[0]
2024-12-14T05:29:04+01:00,[72],[0]
2024-12-14T05:14:05+01:00,[24],[0]
2024-12-14T05:12:04+01:00,[25],[0.08]
2024-12-14T05:07:33+01:00,[58],[0.09]
2024-12-14T04:43:28+01:00,[29],[0]
2024-12-13T03:42:15+01:00,[95],[0]
2024-12-13T03:40:51+01:00,[73],[0]
2024-12-13T03:40:05+01:00,[24],[0]
2024-12-13T01:11:22+01:00,[10],[0]
2024-12-13T01:05:56+01:00,[299],[0]
2024-12-13T00:59:29+01:00,[48],[0]
2024-12-13T00:44:22+01:00,[219],[0]
2024-12-12T21:47:25+01:00,[34],[0]
2024-12-12T20:36:44+01:00,[219],[0]
2024-12-12T05:10:42+01:00,[38],[0.24]
2024-12-12T05:06:17+01:00,[255],[0.01]
2024-12-12T05:04:02+01:00,[107],[0.02]
2024-12-12T04:00:08+01:00,[135],[0]
2024-12-11T01:15:54+01:00,[46],[0]
2024-12-09T06:29:45+01:00,[23],[0]
2024-12-09T01:40:04+01:00,[32],[0]
2024-12-07T06:12:54+01:00,[54],[0]
2024-12-07T05:18:43+01:00,[20],[0]
2024-12-07T05:17:59+01:00,[21],[0]
2024-12-07T05:15:58+01:00,[52],[0]
2024-12-07T05:03:44+01:00,[49],[0]
2024-12-07T04:59:32+01:00,[16],[0]
2024-12-07T04:50:17+01:00,[47],[0]
2024-12-07T04:34:16+01:00,"[299,23]","[0,0]"
2024-12-07T04:32:17+01:00,[103],[0]
2024-12-07T04:14:29+01:00,[159],[0]
2024-12-07T04:10:10+01:00,[109],[0]
2024-12-07T04:07:40+01:00,[108],[0.04]
2024-12-07T01:49:59+01:00,[131],[0]
2024-12-03T04:08:10+01:00,[12],[0.09]
2024-12-03T04:04:23+01:00,[26],[0]
2024-12-03T04:03:58+01:00,[14],[0]
2024-12-03T03:44:54+01:00,[19],[0]
2024-12-03T03:42:10+01:00,[22],[0]
2024-12-03T01:21:53+01:00,[26],[0]
2024-12-02T03:55:53+01:00,[33],[0]
2024-12-02T02:59:37+01:00,[100],[0]
2024-12-02T02:58:50+01:00,[35],[0.06]
2024-12-02T02:54:14+01:00,[50],[0.33]
2024-12-02T02:49:05+01:00,[56],[0]
2024-12-02T02:30:49+01:00,[82],[0]
2024-12-01T05:15:24+01:00,[56],[0]
2024-12-01T05:10:25+01:00,[297],[0]
2024-12-01T05:03:39+01:00,[21],[0.2]
2024-12-01T04:48:17+01:00,[201],[0.01]
2024-12-01T04:47:08+01:00,[29],[0]
2024-12-01T04:44:58+01:00,[34],[0]
2024-12-01T04:44:02+01:00,[28],[0]
2024-12-01T04:35:29+01:00,[87],[0.02]
2024-12-01T04:34:43+01:00,[32],[0.05]
2024-12-01T04:32:02+01:00,[146],[0.02]
2024-12-01T04:28:14+01:00,[32],[0.17]
2024-12-01T04:23:28+01:00,[26],[0]
2024-12-01T04:21:22+01:00,[59],[0.06]
2024-12-01T04:20:47+01:00,[17],[0]
2024-12-01T04:19:05+01:00,[17],[0.64]
2024-12-01T04:12:14+01:00,[147],[0.01]
2024-12-01T04:09:52+01:00,[130],[0.03]
2024-12-01T04:07:46+01:00,[106],[0.38]
2024-12-01T04:05:44+01:00,[36],[0.17]
2024-12-01T03:59:58+01:00,[84],[0.04]
2024-12-01T03:47:50+01:00,[126],[0.05]
2024-12-01T03:45:48+01:00,[30],[0.23]
2024-12-01T03:40:58+01:00,[138],[0.03]
2024-12-01T03:18:42+01:00,[46],[0.04]
2024-12-01T01:57:24+01:00,[27],[0.18]
2024-12-01T01:56:36+01:00,[36],[0.19]
2024-12-01T01:49:41+01:00,[190],[0.21]
2024-12-01T01:40:40+01:00,[53],[0.03]
2024-12-01T01:40:07+01:00,[15],[0]
2024-12-01T01:36:25+01:00,[89],[0.09]
2024-12-01T00:12:02+01:00,[49],[0.11]
2024-11-30T03:46:02+01:00,[85],[0]
2024-11-30T03:43:45+01:00,[26],[0]
2024-11-30T03:33:41+01:00,[79],[0.11]
2024-11-30T03:29:13+01:00,[53],[0.08]
2024-11-30T03:11:57+01:00,[23],[0]
2024-11-30T03:11:01+01:00,[44],[0.08]
2024-11-30T03:09:58+01:00,[16],[0]
2024-11-30T03:09:08+01:00,[25],[0.06]
2024-11-30T02:48:16+01:00,[34],[0]
2024-11-30T02:47:03+01:00,[58],[0.12]
2024-11-30T02:37:10+01:00,[46],[0.3]
2024-11-30T02:35:56+01:00,[15],[0.09]
2024-11-30T02:30:47+01:00,[15],[0.1]
2024-11-30T02:29:40+01:00,[20],[0]
2024-11-30T02:28:22+01:00,[56],[0]
2024-11-30T02:25:15+01:00,[21],[0.1]
2024-11-30T02:23:49+01:00,[40],[0.04]
2024-11-30T02:22:12+01:00,[79],[0.02]
2024-11-30T02:10:45+01:00,[19],[0]
2024-11-30T02:07:56+01:00,[19],[0]
2024-11-30T02:05:47+01:00,[42],[0]
2024-11-30T02:00:00+01:00,[45],[0]
2024-11-30T01:57:44+01:00,[42],[0]
2024-11-30T01:47:32+01:00,[75],[0.15]
2024-11-30T01:46:12+01:00,[68],[0.02]
2024-11-30T01:45:05+01:00,[38],[0.03]
2024-11-30T01:40:06+01:00,[82],[0.07]
2024-11-30T01:19:14+01:00,[17],[0]
2024-11-29T02:51:37+01:00,[15],[0]
2024-11-29T02:43:20+01:00,[41],[0]
2024-11-29T02:40:59+01:00,[26],[0.09]
2024-11-26T23:55:23+01:00,[50],[0]
2024-11-26T23:38:25+01:00,[20],[0.91]
2024-11-26T23:26:50+01:00,[20],[0]
2024-11-26T01:45:15+01:00,[61],[0]
2024-11-26T01:40:51+01:00,[16],[0]
2024-11-26T01:39:24+01:00,[68],[0]
2024-11-25T22:38:14+01:00,[33],[0]
2024-11-25T20:20:44+01:00,[20],[0]
2024-11-25T19:52:50+01:00,[70],[0.22]
2024-11-25T10:21:39+01:00,[52],[0.35]
2024-11-25T10:17:03+01:00,[84],[0]
2024-11-25T10:14:34+01:00,[85],[0]
2024-11-25T10:12:28+01:00,[37],[0.06]
2024-11-25T03:56:53+01:00,[132],[0]
2024-11-25T03:52:47+01:00,[215],[0.01]
2024-11-25T03:49:33+01:00,[145],[0]
2024-11-25T03:48:06+01:00,[61],[0]
2024-11-25T03:43:05+01:00,[250],[0.01]
2024-11-25T03:40:38+01:00,[100],[0]
2024-11-25T03:38:57+01:00,[53],[0]
2024-11-25T03:36:43+01:00,[115],[0]
2024-11-25T02:17:48+01:00,[151],[0]
2024-11-25T02:16:40+01:00,[52],[0.03]
2024-11-25T01:59:54+01:00,[15],[0.18]
2024-11-25T01:49:34+01:00,"[299,288]","[0,0.01]"
2024-11-25T01:40:08+01:00,[48],[0]
2024-11-25T01:38:38+01:00,[21],[0]
2024-11-25T01:27:46+01:00,"[299,58]","[0,0]"
2024-11-25T01:24:25+01:00,[161],[0.01]
2024-11-25T01:22:56+01:00,[35],[0]
2024-11-25T01:17:16+01:00,[125],[0]
2024-11-25T01:16:34+01:00,[23],[0]
2024-11-25T01:14:36+01:00,[102],[0]
2024-11-25T01:09:26+01:00,[245],[0]
2024-11-25T01:06:27+01:00,[61],[0]
2024-11-25T00:19:40+01:00,[22],[0]
2024-11-25T00:13:53+01:00,[57],[0]
2024-11-25T00:04:33+01:00,[64],[0]
2024-11-25T00:02:36+01:00,[102],[0]
2024-11-25T00:01:29+01:00,[57],[0]
2024-11-24T23:56:38+01:00,[61],[0.03]
2024-11-24T23:48:17+01:00,[31],[0]
2024-11-24T23:37:15+01:00,[35],[0.24]
2024-11-24T23:27:34+01:00,[23],[0]
2024-11-24T23:23:57+01:00,[78],[0]
2024-11-24T23:21:23+01:00,[103],[0]
2024-11-24T23:20:16+01:00,[24],[0]
2024-11-24T23:14:44+01:00,[206],[0.01]
2024-11-24T23:12:02+01:00,[57],[0]
2024-11-24T23:10:30+01:00,[29],[0]
2024-11-24T23:09:10+01:00,[57],[0]
2024-11-24T23:03:21+01:00,[131],[0]
2024-11-24T22:55:19+01:00,[214],[0]
2024-11-24T22:52:30+01:00,[103],[0]
2024-11-24T22:50:36+01:00,[91],[0]
2024-11-24T22:47:07+01:00,[191],[0.01]
2024-11-24T22:37:02+01:00,[285],[0.04]
2024-11-24T21:52:50+01:00,[298],[0]
2024-11-24T21:51:57+01:00,[18],[0]
2024-11-24T21:29:14+01:00,[22],[0]
2024-11-24T21:26:55+01:00,[44],[0]
2024-11-24T21:24:13+01:00,[33],[0.13]
2024-11-24T20:59:09+01:00,[90],[0.05]
2024-11-24T20:56:07+01:00,[26],[0]
2024-11-24T20:48:18+01:00,[57],[0]
2024-11-24T20:47:44+01:00,[19],[0]
2024-11-24T20:44:02+01:00,[184],[0]
2024-11-24T20:41:26+01:00,[23],[0]
2024-11-24T20:16:11+01:00,[196],[0]
2024-11-24T20:11:23+01:00,[240],[0]
2024-11-24T19:11:25+01:00,[51],[0]
2024-11-24T19:08:05+01:00,[175],[0]
2024-11-24T19:07:01+01:00,[47],[0]
2024-11-24T19:03:45+01:00,[156],[0]
2024-11-24T19:02:14+01:00,[54],[0]
2024-11-24T18:58:17+01:00,[203],[0]
2024-11-24T03:04:23+01:00,[202],[0]
2024-11-24T03:00:44+01:00,[193],[0.01]
2024-11-24T02:51:45+01:00,[22],[0.08]
2024-11-24T02:50:28+01:00,[17],[0]
2024-11-24T02:49:28+01:00,[27],[0]
2024-11-24T02:21:20+01:00,[47],[0.07]
2024-11-24T02:20:18+01:00,[45],[0]
2024-11-24T02:18:12+01:00,[41],[0.11]
2024-11-24T02:13:36+01:00,[29],[0]
2024-11-24T01:39:39+01:00,[53],[0.16]
2024-11-24T01:38:45+01:00,[43],[0]
2024-11-24T01:27:50+01:00,[41],[0.17]
2024-11-24T01:26:13+01:00,[77],[0.02]
2024-11-24T01:19:53+01:00,[62],[0.08]
2024-11-24T01:02:52+01:00,[35],[0]
2024-11-24T01:01:36+01:00,[16],[0]
2024-11-24T00:59:24+01:00,[96],[0]
2024-11-24T00:57:46+01:00,[72],[0]
2024-11-24T00:56:46+01:00,[13],[0]
2024-11-24T00:36:24+01:00,[16],[0]
2024-11-24T00:34:11+01:00,[16],[0]
2024-11-24T00:31:40+01:00,[72],[0]
2024-11-24T00:25:01+01:00,[75],[0.15]
2024-11-24T00:24:06+01:00,[27],[0]
2024-11-24T00:19:55+01:00,[29],[0]
2024-11-24T00:18:10+01:00,[39],[0]
2024-11-24T00:16:40+01:00,[46],[0.08]
2024-11-24T00:07:18+01:00,[53],[0]
2024-11-24T00:06:12+01:00,[19],[0]
2024-11-23T23:49:55+01:00,[25],[0.06]
2024-11-23T23:48:27+01:00,[48],[0]
2024-11-23T23:46:35+01:00,[30],[0]
2024-11-23T23:45:03+01:00,[37],[0]
2024-11-23T23:42:54+01:00,[46],[0]
2024-11-23T23:39:10+01:00,[156],[0]
2024-11-23T23:36:39+01:00,[126],[0]
2024-11-23T23:33:06+01:00,[172],[0]
2024-11-23T23:29:01+01:00,[182],[0]
2024-11-23T23:25:52+01:00,[119],[0]
2024-11-23T23:24:14+01:00,[55],[0]
2024-11-23T23:22:37+01:00,[38],[0]
2024-11-23T23:12:54+01:00,[26],[0]
2024-11-23T22:59:51+01:00,[81],[0.02]
2024-11-23T22:56:25+01:00,[53],[0]
2024-11-23T22:54:35+01:00,[54],[0]
2024-11-23T22:53:19+01:00,[60],[0]
2024-11-23T22:51:08+01:00,[69],[0]
2024-11-23T22:36:51+01:00,[41],[0.04]
2024-11-23T22:35:30+01:00,[66],[0.05]
2024-11-23T22:34:08+01:00,[58],[0]
2024-11-23T22:31:00+01:00,[127],[0]
2024-11-23T22:29:53+01:00,[23],[0]
2024-11-23T22:27:57+01:00,[84],[0]
2024-11-23T22:22:47+01:00,[160],[0]
2024-11-23T22:17:48+01:00,[299],[0]
2024-11-23T22:17:02+01:00,[28],[0]
2024-11-23T22:14:57+01:00,[27],[0]
2024-11-23T21:54:34+01:00,[113],[0]
2024-11-23T21:52:30+01:00,[50],[0]
2024-11-23T21:27:48+01:00,[297],[0]
2024-11-23T21:26:42+01:00,[55],[0]
2024-11-23T21:21:35+01:00,[126],[0]
2024-11-23T21:16:09+01:00,[295],[0]
2024-11-23T20:59:08+01:00,[211],[0.03]
2024-11-23T20:54:00+01:00,[50],[0.03]
2024-11-23T20:27:43+01:00,[205],[0]
2024-11-23T20:24:02+01:00,[205],[0]
2024-11-23T20:18:20+01:00,[47],[0]
2024-11-23T20:14:34+01:00,[41],[0]
2024-11-23T20:09:50+01:00,[67],[0]
2024-11-23T20:07:49+01:00,[84],[0]
2024-11-23T20:03:47+01:00,[16],[0]
2024-11-23T19:24:16+01:00,[34],[0.07]
2024-11-23T04:46:57+01:00,[142],[0.02]
2024-11-23T04:45:42+01:00,[16],[0]
2024-11-23T04:42:07+01:00,[195],[0]
2024-11-23T04:39:18+01:00,[131],[0]
2024-11-23T04:38:00+01:00,[19],[0.08]
2024-11-23T04:37:21+01:00,[23],[0]
2024-11-23T04:36:04+01:00,[45],[0]
2024-11-23T04:35:16+01:00,[25],[0]
2024-11-23T04:33:34+01:00,[76],[0.02]
2024-11-23T04:11:07+01:00,[95],[0]
2024-11-23T04:09:22+01:00,[20],[0.17]
2024-11-23T04:08:37+01:00,[24],[0]
2024-11-23T04:06:04+01:00,[127],[0.05]
2024-11-23T04:04:38+01:00,[66],[0]
2024-11-23T04:02:12+01:00,[22],[0]
2024-11-23T04:01:29+01:00,[15],[0]
2024-11-23T03:59:03+01:00,[14],[0]
2024-11-23T03:58:21+01:00,[19],[0]
2024-11-23T03:52:08+01:00,[20],[0.07]
2024-11-23T03:50:55+01:00,[54],[0.1]
2024-11-23T03:45:13+01:00,[51],[0.12]
2024-11-23T03:40:13+01:00,[37],[0.18]
2024-11-23T03:38:56+01:00,[28],[0.07]
2024-11-23T03:34:22+01:00,[20],[0]
2024-11-23T03:30:37+01:00,[46],[0.04]
2024-11-23T03:27:21+01:00,[36],[0.07]
2024-11-23T03:16:30+01:00,[25],[0]
2024-11-23T03:08:42+01:00,[44],[0.09]
2024-11-23T03:08:07+01:00,[22],[0]
2024-11-23T02:49:22+01:00,[18],[0.45]
2024-11-23T02:25:06+01:00,[18],[0.55]
2024-11-23T02:24:23+01:00,[26],[0.88]
2024-11-23T02:22:55+01:00,[28],[0.36]
2024-11-23T01:46:43+01:00,[50],[0.16]
2024-11-23T01:18:43+01:00,[15],[0.09]
2024-11-23T01:18:09+01:00,[18],[0.08]
2024-11-23T01:14:26+01:00,[44],[0.3]
2024-11-23T01:13:11+01:00,[19],[0]
2024-11-23T01:07:42+01:00,[84],[0]
2024-11-23T01:05:51+01:00,[64],[0]
2024-11-23T01:02:34+01:00,[76],[0]
2024-11-23T01:01:28+01:00,[55],[0]
2024-11-23T00:59:54+01:00,[68],[0.02]
2024-11-23T00:58:12+01:00,[63],[0]
2024-11-23T00:56:40+01:00,[64],[0]
2024-11-23T00:55:07+01:00,[58],[0]
2024-11-23T00:53:26+01:00,[51],[0]
2024-11-23T00:51:24+01:00,[56],[0]
2024-11-23T00:49:18+01:00,[114],[0]
2024-11-23T00:42:49+01:00,[189],[0.01]
2024-11-22T23:42:24+01:00,[189],[0]
2024-11-22T23:23:57+01:00,[20],[0.1]
2024-11-22T23:20:49+01:00,[16],[0]
2024-11-22T23:19:52+01:00,[21],[0]
2024-11-22T23:08:39+01:00,[52],[0]
2024-11-22T23:07:37+01:00,[32],[0.1]
2024-11-22T23:06:03+01:00,[37],[0.04]
2024-11-22T23:03:19+01:00,[125],[0]
2024-11-22T22:55:47+01:00,[49],[0.11]
2024-11-22T22:53:08+01:00,[93],[0.11]
2024-11-22T22:52:16+01:00,[23],[0]
2024-11-22T22:44:07+01:00,[38],[0.17]
2024-11-22T22:35:25+01:00,[15],[0]
2024-11-22T22:28:31+01:00,[27],[0.13]
2024-11-22T22:25:38+01:00,[39],[0.07]
2024-11-22T22:24:39+01:00,[44],[0]
2024-11-22T22:23:15+01:00,[52],[0.07]
2024-11-22T22:22:22+01:00,[31],[0]
2024-11-22T21:14:09+01:00,[83],[0.63]
2024-11-22T20:59:08+01:00,[159],[0.01]
2024-11-22T20:56:31+01:00,[46],[0.11]
2024-11-22T20:54:22+01:00,[55],[0]
2024-11-22T20:50:15+01:00,[214],[0.01]
2024-11-22T20:48:51+01:00,[24],[0.07]
2024-11-22T20:42:39+01:00,[45],[0]
2024-11-22T20:41:09+01:00,[36],[0]
2024-11-22T20:40:29+01:00,[23],[0]
2024-11-22T20:38:08+01:00,[56],[0]
2024-11-22T20:37:03+01:00,[50],[0]
2024-11-22T20:35:36+01:00,[61],[0]
2024-11-22T20:33:40+01:00,[74],[0]
2024-11-22T20:29:27+01:00,[34],[0.92]
2024-11-22T20:28:00+01:00,[44],[0.18]
2024-11-22T20:26:43+01:00,[46],[0]
2024-11-22T20:23:25+01:00,[168],[0]
2024-11-22T20:19:32+01:00,[218],[0]
2024-11-22T20:16:37+01:00,[135],[0]
2024-11-22T20:11:48+01:00,[251],[0]
2024-11-22T20:11:16+01:00,[21],[0.07]
2024-11-22T20:08:47+01:00,[113],[0]
2024-11-21T22:16:32+01:00,[119],[0]
2024-11-21T22:12:15+01:00,[212],[0.01]
2024-11-21T22:09:13+01:00,[115],[0]
2024-11-21T22:07:45+01:00,[48],[0]
2024-11-21T22:05:02+01:00,[142],[0]
2024-11-21T22:03:54+01:00,[53],[0]
2024-11-21T22:03:00+01:00,[21],[0.08]
2024-11-21T22:01:40+01:00,[47],[0.03]
2024-11-21T22:00:02+01:00,[49],[0]
2024-11-21T21:57:39+01:00,[99],[0]
2024-11-21T21:56:20+01:00,[63],[0]
2024-11-21T21:53:43+01:00,[60],[0.03]
2024-11-21T21:53:04+01:00,[25],[0]
2024-11-21T21:52:16+01:00,[26],[0]
2024-11-21T21:49:59+01:00,[106],[0]
2024-11-21T21:48:32+01:00,[69],[0.03]
2024-11-21T21:43:26+01:00,[137],[0.03]
2024-11-21T20:58:26+01:00,[40],[0]
2024-11-21T20:56:33+01:00,[54],[0.09]
2024-11-21T20:54:50+01:00,[72],[0]
2024-11-21T20:52:59+01:00,[82],[0]
2024-11-21T20:48:19+01:00,[50],[0.03]
2024-11-21T20:40:54+01:00,[19],[0.1]
2024-11-21T20:00:30+01:00,[66],[0]
2024-11-21T19:58:07+01:00,[29],[0]
2024-11-21T19:57:12+01:00,[30],[0]
2024-11-21T19:55:18+01:00,[24],[0]
2024-11-21T19:52:33+01:00,[50],[0.13]
2024-11-21T19:29:32+01:00,[64],[0]
2024-11-21T19:28:12+01:00,[33],[0.13]
2024-11-21T19:26:14+01:00,[41],[0]
2024-11-21T19:23:21+01:00,[46],[0]
2024-11-21T19:19:24+01:00,[30],[0]
2024-11-21T19:16:54+01:00,[104],[0]
2024-11-21T19:15:03+01:00,[95],[0]
2024-11-21T19:13:45+01:00,[28],[0]
2024-11-21T19:12:54+01:00,[38],[0.1]
2024-11-21T19:09:43+01:00,[95],[0]
2024-11-21T18:48:44+01:00,[20],[0.17]
2024-11-21T18:48:08+01:00,[22],[0]
2024-11-21T18:40:50+01:00,[22],[0]
2024-11-21T18:27:51+01:00,[21],[1]
2024-11-21T18:25:02+01:00,[23],[0]
2024-11-21T18:23:37+01:00,[43],[0]
2024-11-21T18:22:45+01:00,[25],[0]
2024-11-21T18:02:40+01:00,[180],[0]
2024-11-21T18:01:00+01:00,[88],[0]
2024-11-21T17:59:49+01:00,[30],[0]
2024-11-21T17:55:27+01:00,[61],[0]
2024-11-21T17:53:35+01:00,[53],[0]
2024-11-21T17:52:56+01:00,[24],[0]
2024-11-21T17:51:27+01:00,[24],[0]
2024-11-21T17:43:48+01:00,[171],[0]
2024-11-21T16:09:52+01:00,[24],[0.07]
2024-11-21T06:33:34+01:00,[29],[0.07]
2024-11-20T09:34:44+01:00,[16],[0]
2024-11-20T09:32:26+01:00,[46],[0.07]
2024-11-20T09:25:52+01:00,[32],[0.19]
2024-11-19T01:19:18+01:00,[261],[0]
2024-11-19T00:11:28+01:00,[241],[0]
2024-11-18T23:38:46+01:00,[74],[0.02]
2024-11-18T23:35:07+01:00,[164],[0]
2024-11-18T03:44:58+01:00,[51],[0]
2024-11-18T03:27:14+01:00,[36],[0.1]
2024-11-18T03:19:39+01:00,[23],[0]
2024-11-18T03:16:04+01:00,[35],[0]
2024-11-18T00:56:23+01:00,[26],[0.25]
2024-11-18T00:50:53+01:00,[44],[0.38]
2024-11-18T00:37:04+01:00,[35],[0.2]
2024-11-18T00:03:01+01:00,[37],[0.06]
2024-11-16T06:28:37+01:00,[42],[0]
2024-11-16T06:26:53+01:00,[44],[0]
2024-11-16T06:22:39+01:00,[41],[0]
2024-11-16T06:14:01+01:00,[43],[0]
2024-11-16T05:57:58+01:00,[277],[0]
2024-11-16T05:54:51+01:00,[26],[0.4]
2024-11-16T05:51:14+01:00,[36],[0.5]
2024-11-16T05:46:52+01:00,[33],[0]
2024-11-16T05:45:29+01:00,[59],[0.06]
2024-11-16T05:24:03+01:00,[155],[0]
2024-11-16T05:13:08+01:00,[34],[0]
2024-11-16T05:12:26+01:00,[18],[0.1]
2024-11-16T05:10:53+01:00,[76],[0.11]
2024-11-16T05:10:06+01:00,[27],[0.27]
2024-11-16T05:05:18+01:00,[118],[0]
2024-11-15T02:57:50+01:00,[145],[0]
2024-11-15T01:19:46+01:00,[17],[0]
2024-11-15T01:16:43+01:00,[158],[0]
2024-11-11T22:53:55+01:00,[68],[0]
2024-11-11T22:52:23+01:00,[45],[0]
2024-11-11T22:47:25+01:00,[23],[0.07]
2024-11-11T22:36:12+01:00,[119],[0]
2024-11-11T22:33:39+01:00,[77],[0.02]
2024-11-11T22:32:00+01:00,[77],[0.02]
2024-11-11T22:09:20+01:00,[53],[0.04]
2024-11-11T22:03:06+01:00,[33],[0.35]
2024-11-11T21:59:40+01:00,[16],[0]
2024-11-11T21:58:27+01:00,[51],[0]
2024-11-11T21:57:08+01:00,[44],[0]
2024-11-11T21:53:49+01:00,[156],[0.04]
2024-11-11T21:52:32+01:00,[61],[0.09]
2024-11-11T21:07:39+01:00,[153],[0]
2024-11-11T21:06:32+01:00,[55],[0]
2024-11-11T21:04:50+01:00,[58],[0]
2024-11-11T21:03:40+01:00,[41],[0]
2024-11-11T20:57:27+01:00,[52],[0.06]
2024-11-11T20:56:33+01:00,[35],[0]
2024-11-11T20:15:07+01:00,[32],[0]
2024-11-11T03:43:19+01:00,[23],[0]
2024-11-11T03:19:47+01:00,[38],[0]
2024-11-11T03:11:41+01:00,[18],[0]
2024-11-11T02:56:44+01:00,[55],[0.03]
2024-11-11T02:45:09+01:00,[35],[0]
2024-11-11T02:38:03+01:00,[18],[0]
2024-11-11T02:32:08+01:00,[44],[0.05]
2024-11-11T01:55:38+01:00,[222],[0]
2024-11-11T01:54:21+01:00,[53],[0]
2024-11-11T01:53:17+01:00,[47],[0]
2024-11-11T01:48:17+01:00,[299],[0]
2024-11-11T01:05:27+01:00,[147],[0]
2024-11-11T01:04:08+01:00,[54],[0]
2024-11-11T01:01:58+01:00,[29],[0]
2024-11-11T01:00:26+01:00,[27],[0]
2024-11-11T00:56:27+01:00,[102],[0]
2024-11-11T00:54:27+01:00,[103],[0]
2024-11-11T00:52:15+01:00,[82],[0]
2024-11-10T02:56:43+01:00,[33],[0]
2024-11-10T02:55:35+01:00,[58],[0.03]
2024-11-10T02:54:13+01:00,[70],[0.02]
2024-11-10T02:51:03+01:00,[136],[0]
2024-11-10T02:44:16+01:00,[53],[0.08]
2024-11-10T02:40:31+01:00,[17],[0.07]
2024-11-10T02:34:15+01:00,[72],[0.04]
2024-11-10T02:30:45+01:00,[195],[0.01]
2024-11-10T02:25:51+01:00,[195],[0]
2024-11-10T02:15:50+01:00,"[300,267]","[0.01,0]"
2024-11-10T02:11:33+01:00,[212],[0]
2024-11-10T02:07:05+01:00,[242],[0]
2024-11-10T02:02:00+01:00,[300],[0.01]
2024-11-10T02:00:17+01:00,[83],[0]
2024-11-05T21:21:02+01:00,[16],[0]
2024-11-05T21:16:13+01:00,[275],[0.01]
2024-11-05T20:32:25+01:00,[76],[0]
2024-11-05T20:30:15+01:00,[119],[0]
2024-11-05T03:48:00+01:00,[22],[0.06]
2024-11-05T02:54:13+01:00,[25],[0]
2024-11-05T01:01:25+01:00,[29],[0]
2024-11-05T00:59:33+01:00,[23],[0]
2024-11-04T02:22:09+01:00,[48],[0]
2024-11-04T02:19:49+01:00,[25],[0]
2024-11-04T02:09:45+01:00,[53],[0]
2024-11-02T02:02:46+01:00,[46],[0]
2024-11-02T01:50:01+01:00,[73],[0.04]
2024-11-02T01:39:35+01:00,[72],[0.1]
2024-11-02T01:37:02+01:00,[42],[0.32]
2024-11-02T00:49:51+01:00,[25],[0.19]
2024-11-01T02:01:41+01:00,[181],[0]
2024-11-01T02:01:10+01:00,[18],[0]
2024-11-01T01:55:45+01:00,[37],[0]
2024-11-01T00:03:19+01:00,[224],[0]
2024-11-01T00:01:06+01:00,[113],[0]
2024-10-31T22:16:03+01:00,[262],[0]
2024-10-31T22:14:10+01:00,[41],[0.05]
2024-10-31T21:25:10+01:00,[286],[0]
2024-10-31T20:51:21+01:00,[22],[0]
2024-10-31T20:40:52+01:00,[43],[0]
2024-10-31T19:31:58+01:00,[162],[0]
2024-10-29T04:13:37+01:00,[15],[0]
2024-10-29T04:11:12+01:00,[78],[0]
2024-10-29T03:01:47+01:00,[164],[0]
2024-10-29T02:33:08+01:00,[28],[0]
2024-10-29T02:31:47+01:00,[63],[0]
2024-10-28T23:54:08+01:00,[61],[0]
2024-10-28T23:05:29+01:00,[73],[0]
2024-10-28T05:29:55+01:00,[81],[0.02]
2024-10-28T02:39:34+01:00,[42],[0]
2024-10-26T05:02:27+02:00,[34],[0]
2024-10-26T04:58:47+02:00,[16],[0]
2024-10-26T04:58:18+02:00,[17],[0]
2024-10-26T04:57:31+02:00,[26],[0]
2024-10-26T04:34:05+02:00,[22],[0]
2024-10-26T04:22:25+02:00,[42],[0]
2024-10-26T05:02:27+02:00,[34],[0]
2024-10-26T04:58:47+02:00,[16],[0]
2024-10-26T04:58:18+02:00,[17],[0]
2024-10-26T04:57:31+02:00,[26],[0]
2024-10-26T04:34:05+02:00,[22],[0]
2024-10-26T04:22:25+02:00,[42],[0]
2024-10-25T05:05:42+02:00,[215],[0]
2024-10-25T05:04:23+02:00,[61],[0]
2024-10-25T04:02:21+02:00,[20],[0.1]
2024-10-25T03:58:27+02:00,[185],[0.01]
2024-10-25T03:56:17+02:00,[69],[0]
2024-10-24T02:38:40+02:00,[178],[0]
2024-10-24T02:37:57+02:00,[23],[0]
2024-10-24T02:36:03+02:00,[80],[0]
2024-10-24T02:33:30+02:00,[21],[0]
2024-10-24T02:31:38+02:00,[42],[0]
2024-10-24T02:28:31+02:00,[146],[0]
2024-10-23T01:38:27+02:00,[43],[0.05]
2024-10-23T01:32:19+02:00,[21],[0.17]
2024-10-23T01:31:38+02:00,[23],[0.08]
2024-10-23T01:25:29+02:00,[242],[0.01]
2024-10-23T01:23:32+02:00,[63],[0]
2024-10-23T01:17:13+02:00,[47],[0]
2024-10-23T01:00:05+02:00,[24],[0]
2024-10-23T00:55:43+02:00,[30],[0.18]
2024-10-23T00:38:25+02:00,[43],[0]
2024-10-23T00:36:50+02:00,[32],[0]
2024-10-23T00:26:48+02:00,[33],[0.08]
2024-10-23T00:19:26+02:00,[51],[0.3]
2024-10-23T00:16:34+02:00,[23],[0.07]
2024-10-23T00:11:52+02:00,[29],[0.07]
2024-10-23T00:10:47+02:00,[43],[0]
2024-10-23T00:08:56+02:00,[26],[0]
2024-10-23T00:08:03+02:00,[36],[0.04]
2024-10-23T00:01:03+02:00,[46],[0.06]
2024-10-21T02:42:44+02:00,[60],[0.03]
2024-10-21T02:39:50+02:00,[121],[0]
2024-10-21T02:08:06+02:00,[17],[0]
2024-10-21T02:07:05+02:00,[31],[0]
2024-10-21T02:06:14+02:00,[11],[0]
2024-10-21T02:04:05+02:00,[109],[0.01]
2024-10-21T02:02:17+02:00,[96],[0.01]
2024-10-21T01:58:18+02:00,[225],[0.01]
2024-10-21T01:42:53+02:00,[87],[0]
2024-10-21T01:37:23+02:00,[293],[0]
2024-10-21T01:34:00+02:00,[22],[0]
2024-10-21T01:32:29+02:00,[39],[0.05]
2024-10-21T01:30:59+02:00,[80],[0.03]
2024-10-21T01:29:21+02:00,[40],[0]
2024-10-21T01:26:47+02:00,[112],[0]
2024-10-21T01:24:02+02:00,[88],[0]
2024-10-21T01:22:38+02:00,[30],[0.15]
2024-10-21T00:53:21+02:00,[30],[0]
2024-10-19T01:45:32+02:00,[44],[0.04]
2024-10-19T01:44:08+02:00,[57],[0.03]
2024-10-19T01:36:55+02:00,[96],[0.54]
2024-10-19T01:33:45+02:00,[24],[0.25]
2024-10-19T01:32:37+02:00,[24],[0.29]
2024-10-19T01:25:51+02:00,[46],[0]
2024-10-19T01:24:35+02:00,[45],[0.56]
2024-10-19T00:43:25+02:00,[58],[0]
2024-10-19T00:36:01+02:00,[33],[0]
2024-10-19T00:18:17+02:00,[24],[0.27]
2024-10-18T23:49:39+02:00,[25],[0]
2024-10-18T04:22:49+02:00,[19],[0.09]
2024-10-18T02:49:38+02:00,[49],[0]
2024-10-18T02:46:25+02:00,[39],[0]
2024-10-18T02:45:29+02:00,[29],[0]
2024-10-18T02:43:14+02:00,[55],[0]
2024-10-18T02:41:46+02:00,[51],[0]
2024-10-18T02:34:24+02:00,[43],[0]
2024-10-18T02:30:42+02:00,[157],[0]
2024-10-18T02:29:17+02:00,[29],[0]
2024-10-18T02:28:03+02:00,[41],[0]
2024-10-18T02:25:37+02:00,[26],[0]
2024-10-18T01:57:14+02:00,[245],[0]
2024-10-18T01:52:15+02:00,[298],[0.01]
2024-10-18T00:49:10+02:00,[200],[0.01]
2024-10-18T00:45:29+02:00,[176],[0]
2024-10-18T00:44:46+02:00,[32],[0]
2024-10-18T00:20:42+02:00,[68],[0]
2024-10-18T00:14:09+02:00,"[299,71]","[0.01,0]"
2024-10-15T03:46:52+02:00,[184],[0]
2024-10-15T03:45:56+02:00,[19],[0]
2024-10-15T03:43:11+02:00,[106],[0]
2024-10-15T03:41:56+02:00,[35],[0.07]
2024-10-15T01:07:12+02:00,[188],[0]
2024-10-15T01:05:58+02:00,[20],[0]
2024-10-14T03:09:03+02:00,[50],[0]
2024-10-14T02:52:44+02:00,[15],[0]
2024-10-14T02:43:19+02:00,[29],[0]
2024-10-14T02:42:35+02:00,[23],[0.08]
2024-10-14T02:41:13+02:00,[36],[0]
2024-10-14T02:35:40+02:00,[22],[0]
2024-10-14T02:33:48+02:00,[76],[0]
2024-10-14T02:28:21+02:00,[185],[0.03]
2024-10-14T02:26:57+02:00,[17],[0]
2024-10-14T02:05:14+02:00,[55],[0.03]
2024-10-14T01:37:29+02:00,[141],[0.01]
2024-10-14T01:34:39+02:00,[142],[0]
2024-10-14T01:20:51+02:00,[95],[0]
2024-10-14T00:48:30+02:00,[107],[0]
2024-10-14T00:47:47+02:00,[18],[0]
2024-10-14T00:45:52+02:00,[48],[0.08]
2024-10-13T06:05:15+02:00,[275],[0.02]
2024-10-13T06:03:58+02:00,[63],[0.03]
2024-10-13T06:02:11+02:00,[95],[0.17]
2024-10-13T05:50:26+02:00,[92],[0.04]
2024-10-13T05:43:18+02:00,[60],[0]
2024-10-13T05:28:08+02:00,[50],[0.43]
2024-10-13T05:20:14+02:00,[39],[0]
2024-10-13T05:18:33+02:00,[27],[0.14]
2024-10-13T05:17:26+02:00,[43],[0]
2024-10-13T05:12:13+02:00,[75],[0.53]
2024-10-13T05:08:51+02:00,[22],[0.5]
2024-10-13T05:01:02+02:00,[69],[0.1]
2024-10-13T04:56:33+02:00,[22],[0]
2024-10-13T04:53:34+02:00,[72],[0.14]
2024-10-13T04:51:48+02:00,[30],[0.05]
2024-10-13T03:57:18+02:00,[105],[0.2]
2024-10-13T03:56:03+02:00,[49],[0.78]
2024-10-13T03:53:23+02:00,[122],[0.09]
2024-10-13T03:49:46+02:00,[103],[0.02]
2024-10-13T03:48:07+02:00,[89],[0.45]
2024-10-13T03:39:37+02:00,[34],[0.04]
2024-10-13T03:34:42+02:00,[29],[0.14]
2024-10-13T03:31:08+02:00,[131],[0]
2024-10-13T00:03:07+02:00,[118],[0]
2024-10-12T23:23:18+02:00,[39],[0]
2024-10-12T23:22:19+02:00,[32],[0]
2024-10-12T22:48:29+02:00,[97],[0.02]
2024-10-12T22:42:28+02:00,[90],[0.05]
2024-10-12T22:09:33+02:00,[56],[0]
2024-10-12T22:07:01+02:00,[84],[0.03]
2024-10-12T22:06:02+02:00,[46],[0]
2024-10-12T21:58:35+02:00,[49],[0]
2024-10-12T21:33:35+02:00,[29],[0.08]
2024-10-12T21:28:19+02:00,[53],[0]
2024-10-12T21:26:37+02:00,[29],[0]
2024-10-12T21:24:45+02:00,[97],[0.02]
2024-10-12T04:38:24+02:00,[112],[0]
2024-10-12T04:36:03+02:00,[106],[0.02]
2024-10-12T04:33:03+02:00,[124],[0.02]
2024-10-12T04:28:34+02:00,[238],[0.09]
2024-10-12T04:27:38+02:00,[27],[0.3]
2024-10-12T04:26:10+02:00,[68],[0.09]
2024-10-12T04:22:55+02:00,[24],[0.2]
2024-10-12T04:18:19+02:00,[97],[0.03]
2024-10-12T04:17:39+02:00,[23],[0.14]
2024-10-12T04:04:06+02:00,[16],[0.2]
2024-10-12T03:50:56+02:00,[36],[0.41]
2024-10-12T03:48:39+02:00,[86],[0]
2024-10-12T03:45:30+02:00,[61],[0]
2024-10-12T03:42:11+02:00,[175],[0.02]
2024-10-12T03:38:02+02:00,[36],[0]
2024-10-12T03:35:31+02:00,[23],[0.09]
2024-10-11T04:14:49+02:00,[127],[0]
2024-10-11T04:14:18+02:00,[17],[0]
2024-10-11T04:12:31+02:00,[37],[0.04]
2024-10-11T03:49:29+02:00,[30],[0]
2024-10-11T03:48:35+02:00,[24],[0]
2024-10-11T03:47:14+02:00,[32],[0]
2024-10-11T03:46:00+02:00,[14],[0]
2024-10-11T03:45:13+02:00,[33],[0]
2024-10-11T03:39:39+02:00,[18],[0]
2024-10-11T01:03:24+02:00,[18],[0]
2024-10-11T00:05:57+02:00,[128],[0.03]
2024-10-11T00:05:18+02:00,[19],[0]
2024-10-10T05:19:23+02:00,[42],[0]
2024-10-10T05:05:37+02:00,[17],[0]
2024-10-10T05:03:17+02:00,[21],[0]
2024-10-10T04:53:27+02:00,[27],[0]
2024-10-10T04:50:06+02:00,[41],[0.03]
2024-10-10T03:58:45+02:00,[16],[0]
2024-10-08T21:18:23+02:00,[61],[0]
2024-10-08T21:15:49+02:00,[63],[0]
2024-10-08T21:11:52+02:00,[222],[0.01]
2024-10-08T20:28:46+02:00,[211],[0]
2024-10-08T20:26:41+02:00,[86],[0]
2024-10-07T01:46:44+02:00,[88],[0]
2024-10-07T01:42:12+02:00,[24],[0.09]
2024-10-07T01:39:59+02:00,[22],[0]
2024-10-07T01:37:00+02:00,[67],[0]
2024-10-07T01:22:45+02:00,[75],[0]
2024-10-07T01:19:17+02:00,[15],[0]
2024-10-07T01:15:26+02:00,[123],[0.02]
2024-10-07T01:13:14+02:00,[77],[0.03]
2024-10-07T00:57:08+02:00,[14],[0]
2024-10-07T00:14:02+02:00,[29],[0.08]
2024-10-06T23:45:02+02:00,[15],[0]
2024-10-06T23:42:59+02:00,[51],[0]
2024-10-06T23:23:06+02:00,[25],[0.13]
2024-10-06T23:01:35+02:00,[95],[0]
2024-10-06T23:00:04+02:00,[22],[0]
2024-10-05T00:30:50+02:00,[20],[0.07]
2024-10-05T00:19:41+02:00,[17],[0.08]
2024-10-02T05:14:59+02:00,[52],[0]
2024-10-02T05:13:58+02:00,[44],[0]
2024-10-02T05:12:29+02:00,[25],[0]
2024-10-02T05:10:55+02:00,[51],[0.06]
2024-10-02T05:09:31+02:00,[22],[0]
2024-10-02T05:07:46+02:00,[95],[0]
2024-10-02T05:01:06+02:00,[190],[0]
2024-10-02T04:59:41+02:00,[47],[0]
2024-10-02T04:57:12+02:00,[139],[0]
2024-10-02T04:55:46+02:00,[70],[0]
2024-10-02T04:49:57+02:00,[68],[0]
2024-10-02T04:44:35+02:00,[43],[0]
2024-10-02T04:38:54+02:00,[133],[0.05]
2024-10-02T04:36:08+02:00,[24],[0]
2024-10-02T04:33:54+02:00,[15],[0.09]
2024-10-02T04:31:32+02:00,[62],[0]
2024-10-02T04:30:24+02:00,[20],[0.08]
2024-10-02T04:27:37+02:00,[60],[0.02]
2024-10-02T04:26:47+02:00,[32],[0]
2024-10-02T04:15:15+02:00,[108],[0.02]
2024-10-02T04:09:31+02:00,[42],[0]
2024-10-02T04:08:46+02:00,[31],[0]
2024-10-02T04:06:49+02:00,[99],[0.01]
2024-10-01T21:20:28+02:00,[50],[0]
2024-10-01T21:15:11+02:00,[275],[0]
2024-10-01T20:28:53+02:00,[19],[0]
2024-10-01T20:24:57+02:00,[189],[0]
2024-10-01T19:23:00+02:00,[38],[0.04]
2024-10-01T05:53:20+02:00,[26],[0.15]
2024-10-01T05:37:59+02:00,[35],[0]
2024-10-01T05:32:24+02:00,[17],[0]
2024-10-01T05:29:11+02:00,[21],[0.08]
2024-10-01T05:27:23+02:00,[28],[0]
2024-10-01T05:15:43+02:00,[39],[0]
2024-10-01T05:11:48+02:00,[24],[0]
2024-10-01T04:55:20+02:00,[66],[0.15]
2024-10-01T04:30:24+02:00,[51],[0]
2024-09-30T02:06:43+02:00,[204],[0.32]
2024-09-27T03:16:45+02:00,[57],[0]
2024-09-27T03:14:55+02:00,[68],[0]
2024-09-27T03:09:49+02:00,[20],[0]
2024-09-27T01:16:19+02:00,[21],[0]
2024-09-27T01:14:02+02:00,[122],[0]
2024-09-27T01:11:33+02:00,[54],[0]
2024-09-27T01:10:10+02:00,[40],[0]
2024-09-27T01:02:54+02:00,[35],[0]
2024-09-27T01:01:11+02:00,[40],[0.04]
2024-09-27T00:26:30+02:00,[190],[0]
2024-09-27T00:23:47+02:00,[33],[0]
2024-09-27T00:00:21+02:00,[109],[0]
2024-09-26T21:55:24+02:00,[35],[0.1]
2024-09-26T21:53:52+02:00,[39],[0]
2024-09-26T21:45:50+02:00,[29],[0.07]
2024-09-26T20:09:57+02:00,[43],[0]
2024-09-26T20:08:14+02:00,[19],[0]
2024-09-26T19:47:38+02:00,[35],[0]
2024-09-26T19:45:47+02:00,[69],[0]
2024-09-26T19:43:36+02:00,[25],[0]
2024-09-26T00:57:47+02:00,[33],[0]
2024-09-26T00:57:02+02:00,[26],[0]
2024-09-26T00:55:37+02:00,[17],[0]
2024-09-26T00:43:14+02:00,[14],[0.2]
2024-09-26T00:06:00+02:00,[15],[0]
2024-09-26T00:04:48+02:00,[47],[0.13]
2024-09-25T23:53:20+02:00,[25],[0.92]
2024-09-25T23:49:55+02:00,[20],[0.09]
2024-09-25T23:36:01+02:00,[15],[0.08]
2024-09-25T23:34:12+02:00,[12],[0]
2024-09-25T23:16:51+02:00,[37],[0.06]
2024-09-25T03:53:16+02:00,[118],[0.02]
2024-09-25T03:51:47+02:00,[77],[0]
2024-09-25T03:50:12+02:00,[62],[0]
2024-09-25T03:48:40+02:00,[82],[0.23]
2024-09-25T03:47:56+02:00,[33],[0]
2024-09-25T02:53:14+02:00,[208],[0]
2024-09-24T03:55:47+02:00,[56],[0.04]
2024-09-24T03:50:21+02:00,[71],[0]
2024-09-24T03:48:59+02:00,[22],[0]
2024-09-24T01:09:18+02:00,[32],[0]
2024-09-24T01:06:57+02:00,[103],[0]
2024-09-24T01:03:13+02:00,[169],[0]
2024-09-24T01:01:29+02:00,[91],[0]
2024-09-23T06:22:48+02:00,[24],[0]
2024-09-23T03:52:09+02:00,[59],[0]
2024-09-23T02:30:00+02:00,[129],[0]
2024-09-23T01:46:15+02:00,[48],[0.05]
2024-09-23T01:44:16+02:00,[42],[0]
2024-09-23T01:20:13+02:00,[289],[0.01]
2024-09-23T01:17:41+02:00,[29],[0]
2024-09-23T00:56:27+02:00,[23],[0]
2024-09-23T00:25:16+02:00,[23],[0]
2024-09-23T00:17:48+02:00,[16],[0]
2024-09-23T00:14:31+02:00,[40],[0]
2024-09-22T23:33:27+02:00,[18],[0]
2024-09-22T23:15:14+02:00,[38],[0.15]
2024-09-22T23:11:51+02:00,[39],[0]
2024-09-22T23:08:39+02:00,[167],[0]
2024-09-22T23:05:18+02:00,[130],[0]
2024-09-22T23:02:42+02:00,[132],[0.01]
2024-09-22T02:57:01+02:00,[84],[0.02]
2024-09-22T02:33:29+02:00,[13],[0]
2024-09-22T02:33:00+02:00,[12],[0.1]
2024-09-22T02:31:22+02:00,[77],[0]
2024-09-21T23:52:28+02:00,[50],[0.04]
2024-09-21T07:09:47+02:00,[92],[0.02]
2024-09-21T07:01:40+02:00,[17],[0.25]
2024-09-21T07:00:31+02:00,[39],[0.17]
2024-09-21T06:54:58+02:00,[31],[0]
2024-09-21T06:53:37+02:00,[12],[0]
2024-09-21T06:47:19+02:00,[35],[0.04]
2024-09-21T06:40:57+02:00,[51],[0.08]
2024-09-21T06:40:19+02:00,[20],[0.09]
2024-09-21T06:21:46+02:00,[66],[0.02]
2024-09-21T05:58:35+02:00,[29],[0]
2024-09-21T05:40:42+02:00,[32],[0]
2024-09-21T05:25:54+02:00,[85],[0]
2024-09-21T05:23:25+02:00,[35],[0.08]
2024-09-21T05:22:11+02:00,[41],[0.03]
2024-09-21T05:09:29+02:00,[71],[0]
2024-09-21T05:07:51+02:00,[53],[0.06]
2024-09-21T04:39:48+02:00,[42],[0]
2024-09-21T04:11:12+02:00,[64],[0.11]
2024-09-21T03:55:04+02:00,[52],[0.11]
2024-09-21T03:54:20+02:00,[29],[0.13]
2024-09-21T03:20:10+02:00,[53],[0]
2024-09-20T03:22:24+02:00,[90],[0]
2024-09-20T03:18:57+02:00,[97],[0]
2024-09-20T03:18:01+02:00,[28],[0]
2024-09-20T03:17:21+02:00,[19],[0]
2024-09-20T00:43:52+02:00,[19],[0]
2024-09-20T00:42:20+02:00,[74],[0]
2024-09-20T00:40:10+02:00,[16],[0]
2024-09-17T03:44:56+02:00,[25],[0]
2024-09-17T03:43:23+02:00,[28],[0]
2024-09-17T00:59:04+02:00,[38],[0]
2024-09-17T00:56:47+02:00,[39],[0]
2024-09-17T00:07:15+02:00,[57],[0]
2024-09-16T05:35:59+02:00,[29],[0.21]
2024-09-16T05:22:49+02:00,[41],[0]
2024-09-16T05:17:46+02:00,[59],[0.02]
2024-09-16T05:11:14+02:00,[103],[0]
2024-09-16T03:36:57+02:00,[89],[0]
2024-09-16T03:30:04+02:00,[99],[0]
2024-09-16T03:28:37+02:00,[37],[0]
2024-09-16T02:24:31+02:00,[22],[0]
2024-09-16T02:19:31+02:00,[44],[0.08]
2024-09-16T00:51:00+02:00,[217],[0.02]
2024-09-16T00:49:25+02:00,[21],[0]
2024-09-13T21:43:35+02:00,[21],[0]
2024-09-13T21:41:03+02:00,[48],[0.07]
2024-09-13T21:35:20+02:00,[41],[0.1]
2024-09-13T21:31:59+02:00,[46],[0.11]
2024-09-13T05:35:58+02:00,[42],[0.03]
2024-09-13T05:34:36+02:00,[41],[0.05]
2024-09-13T05:28:04+02:00,[22],[0]
2024-09-13T05:25:41+02:00,[23],[0]
2024-09-13T03:42:46+02:00,[24],[0]
2024-09-13T03:41:38+02:00,[41],[0]
2024-09-13T02:59:49+02:00,[34],[0]
2024-09-13T01:08:41+02:00,[49],[0]
2024-09-12T04:22:25+02:00,[55],[0]
2024-09-12T04:12:09+02:00,[34],[0.13]
2024-09-12T03:40:17+02:00,[70],[0.03]
2024-09-10T23:42:53+02:00,[43],[0]
2024-09-10T23:25:59+02:00,[50],[0]
2024-09-10T21:39:31+02:00,[154],[0.02]
2024-09-10T21:31:23+02:00,[49],[0]
2024-09-10T20:25:38+02:00,[181],[0.01]
2024-09-10T05:16:00+02:00,[39],[0]
2024-09-10T05:14:48+02:00,[53],[0]
2024-09-10T05:12:26+02:00,[28],[0]
2024-09-10T04:58:23+02:00,[37],[0]
2024-09-10T04:55:34+02:00,[56],[0.03]
2024-09-10T04:54:51+02:00,[14],[0]
2024-09-10T04:53:02+02:00,[54],[0]
2024-09-10T04:45:25+02:00,[23],[0]
2024-09-10T04:44:30+02:00,[20],[0.15]
2024-09-10T04:40:56+02:00,[27],[0.23]
2024-09-10T04:39:19+02:00,[15],[0]
2024-09-10T04:36:53+02:00,[20],[0]
2024-09-10T04:26:59+02:00,[29],[0]
2024-09-10T03:50:11+02:00,[44],[0.04]
2024-09-10T01:05:10+02:00,[23],[0]
2024-09-10T01:03:13+02:00,[28],[0]
2024-09-09T04:04:55+02:00,[54],[0]
2024-09-09T03:59:51+02:00,[19],[0]
2024-09-09T03:58:18+02:00,[27],[0.31]
2024-09-09T03:57:05+02:00,[21],[0.64]
2024-09-09T03:55:40+02:00,[30],[0]
2024-09-09T03:47:29+02:00,[37],[0]
2024-09-09T03:28:26+02:00,[17],[0]
2024-09-06T03:37:05+02:00,[52],[0]
2024-09-06T03:31:17+02:00,[50],[0]
2024-09-06T03:29:10+02:00,[80],[0]
2024-09-06T03:27:11+02:00,[62],[0]
2024-09-06T03:20:20+02:00,[80],[0]
2024-09-06T00:52:42+02:00,[230],[0.01]
2024-09-06T00:49:52+02:00,[24],[0]
2024-09-06T00:49:14+02:00,[25],[0.08]
2024-09-05T23:16:33+02:00,[26],[0]
2024-09-05T23:01:22+02:00,[46],[0.19]
2024-09-05T22:34:17+02:00,[18],[0]
2024-09-05T22:10:15+02:00,[29],[0]
2024-09-05T21:47:43+02:00,[92],[0.02]
2024-09-05T21:42:43+02:00,[299],[0]
2024-09-05T20:33:23+02:00,[128],[0]
2024-09-05T05:02:23+02:00,[115],[0]
2024-09-05T04:57:08+02:00,[17],[0.07]
2024-09-05T04:52:33+02:00,[74],[0.04]
2024-09-05T04:47:38+02:00,[100],[0.07]
2024-09-05T04:44:23+02:00,[156],[0.02]
2024-09-04T04:02:57+02:00,[205],[0.02]
2024-09-04T04:00:36+02:00,[26],[0.73]
2024-09-04T03:48:43+02:00,[60],[0.3]
2024-09-04T03:47:40+02:00,[29],[0]
2024-09-04T02:50:07+02:00,[37],[0]
2024-09-04T02:46:53+02:00,[142],[0]
2024-09-03T04:38:56+02:00,[42],[0]
2024-09-03T04:20:15+02:00,"[300,299,90]","[0,0,0]"
2024-09-03T04:17:49+02:00,[114],[0]
2024-09-03T04:14:43+02:00,[172],[0]
2024-09-03T04:05:36+02:00,[114],[0]
2024-09-03T04:02:32+02:00,[133],[0]
2024-09-03T04:01:36+02:00,[20],[0.1]
2024-09-03T03:59:48+02:00,[19],[0]
2024-09-03T03:57:08+02:00,[24],[0]
2024-09-03T03:11:30+02:00,[69],[0]
2024-09-01T04:52:56+02:00,[154],[0.01]
2024-09-01T04:46:48+02:00,[45],[0.53]
2024-09-01T04:43:49+02:00,[27],[0]
2024-09-01T04:39:29+02:00,[17],[0.25]
2024-09-01T04:38:47+02:00,[17],[0.27]
2024-09-01T04:34:20+02:00,[153],[0]
2024-09-01T04:29:59+02:00,[73],[0.13]
2024-09-01T04:29:03+02:00,[17],[0]
2024-09-01T04:12:46+02:00,[65],[0.19]
2024-09-01T03:46:11+02:00,[40],[0.45]
2024-09-01T03:41:12+02:00,[41],[0.33]
2024-09-01T03:38:07+02:00,[20],[0.08]
2024-09-01T03:33:41+02:00,[209],[0.01]
2024-09-01T03:25:25+02:00,[40],[0.11]
2024-09-01T02:59:41+02:00,[37],[0.19]
2024-08-30T02:38:26+02:00,[22],[0]
2024-08-30T02:36:35+02:00,[52],[0.03]
2024-08-30T02:27:15+02:00,[53],[0]
2024-08-30T01:01:31+02:00,[43],[0.04]
2024-08-30T00:58:17+02:00,[93],[0]
2024-08-30T00:55:26+02:00,[148],[0]
2024-08-30T00:53:11+02:00,[63],[0]
2024-08-29T23:39:29+02:00,[49],[0]
2024-08-29T23:38:03+02:00,[73],[0.03]
2024-08-29T23:34:46+02:00,[63],[0.02]
2024-08-29T23:29:21+02:00,[101],[0]
2024-08-29T23:28:41+02:00,[29],[0]
2024-08-29T21:27:05+02:00,[27],[0]
2024-08-29T21:26:03+02:00,[18],[0]
2024-08-29T21:19:55+02:00,[91],[0]
2024-08-29T20:29:33+02:00,[246],[0.01]
2024-08-27T21:45:18+02:00,[41],[0]
2024-08-27T20:30:18+02:00,[30],[0]
2024-08-27T20:28:53+02:00,[40],[0]
2024-08-27T20:24:05+02:00,[79],[0]
2024-08-27T06:06:01+02:00,[40],[0]
2024-08-27T06:02:49+02:00,[42],[0.04]
2024-08-27T05:57:56+02:00,[68],[0.03]
2024-08-27T05:36:22+02:00,[20],[0]
2024-08-27T05:35:35+02:00,[32],[0]
2024-08-27T05:30:18+02:00,[16],[0]
2024-08-27T05:17:02+02:00,[15],[0.09]
2024-08-27T05:10:39+02:00,[74],[0.05]
2024-08-27T05:07:49+02:00,[39],[0.06]
2024-08-27T05:00:10+02:00,[71],[0.02]
2024-08-27T04:50:25+02:00,[60],[0.13]
2024-08-27T03:53:02+02:00,[39],[0]
2024-08-27T03:50:06+02:00,[59],[0]
2024-08-27T02:45:28+02:00,[26],[0.09]
2024-08-25T05:04:00+02:00,[27],[0]
2024-08-25T00:57:41+02:00,[70],[0.09]
2024-08-25T00:04:45+02:00,[40],[0]
2024-08-24T22:55:06+02:00,[38],[0]
2024-08-24T22:52:24+02:00,[42],[0]
2024-08-24T22:45:46+02:00,[60],[0]
2024-08-24T22:44:30+02:00,[40],[0.08]
2024-08-24T22:42:54+02:00,[80],[0]
2024-08-23T03:48:32+02:00,[16],[0]
2024-08-23T03:35:55+02:00,[17],[0.18]
2024-08-23T03:05:53+02:00,[35],[0.08]
2024-08-23T03:03:13+02:00,[79],[0.18]
2024-08-23T03:01:02+02:00,[28],[0]
2024-08-23T02:58:58+02:00,[21],[0]
2024-08-23T02:58:20+02:00,[22],[0.7]
2024-08-23T02:52:25+02:00,[59],[0.36]
2024-08-23T02:47:40+02:00,[109],[0.58]
2024-08-23T02:46:08+02:00,[58],[0.69]
2024-08-23T02:42:49+02:00,[23],[0.62]
2024-08-23T02:31:36+02:00,[22],[0.6]
2024-08-23T02:22:22+02:00,[35],[0.2]
2024-08-23T02:18:40+02:00,[41],[0.25]
2024-08-23T01:45:20+02:00,[19],[0]
2024-08-22T05:19:01+02:00,[260],[0.02]
2024-08-22T05:18:06+02:00,[16],[0]
2024-08-22T05:08:53+02:00,[300],[0]
2024-08-22T05:03:53+02:00,[300],[0]
2024-08-22T04:56:08+02:00,"[300,121]","[0,0]"
2024-08-22T04:53:42+02:00,[130],[0]
2024-08-22T04:51:59+02:00,[85],[0]
2024-08-22T04:50:34+02:00,[75],[0]
2024-08-22T04:30:30+02:00,[89],[0]
2024-08-22T04:29:41+02:00,[33],[0]
2024-08-20T05:08:29+02:00,[106],[0.02]
2024-08-20T05:03:22+02:00,[265],[0.01]
2024-08-20T04:59:56+02:00,[22],[0.07]
2024-08-20T04:01:06+02:00,[23],[0.06]
2024-08-20T03:58:05+02:00,[144],[0]
2024-08-20T03:56:27+02:00,[80],[0]
2024-08-20T03:54:11+02:00,[76],[0]
2024-08-19T03:25:30+02:00,[46],[0.02]
2024-08-19T03:14:35+02:00,[19],[0]
2024-08-19T03:05:17+02:00,[52],[0]
2024-08-19T03:00:07+02:00,[87],[0.01]
2024-08-19T02:50:46+02:00,[19],[0]
2024-08-19T02:48:40+02:00,[107],[0]
2024-08-19T02:47:46+02:00,[30],[0]
2024-08-19T02:39:21+02:00,[15],[0]
2024-08-19T02:38:24+02:00,[20],[0]
2024-08-19T02:14:59+02:00,[51],[0]
2024-08-19T02:13:54+02:00,[50],[0]
2024-08-19T02:12:09+02:00,[37],[0]
2024-08-19T01:48:47+02:00,[128],[0]
2024-08-19T01:47:00+02:00,[83],[0.01]
2024-08-19T01:43:43+02:00,[58],[0.05]
2024-08-19T01:34:39+02:00,[70],[0.05]
2024-08-19T01:29:20+02:00,[16],[0]
2024-08-19T01:28:11+02:00,[51],[0]
2024-08-19T01:12:08+02:00,[86],[0.02]
2024-08-19T01:09:21+02:00,[46],[0]
2024-08-19T01:06:39+02:00,[133],[0.02]
2024-08-18T22:57:47+02:00,[32],[0]
2024-08-18T06:02:12+02:00,[27],[0]
2024-08-18T05:52:05+02:00,[15],[0.1]
2024-08-18T05:15:20+02:00,[296],[0]
2024-08-18T05:12:07+02:00,[163],[0.07]
2024-08-18T05:11:08+02:00,[16],[0.3]
2024-08-18T05:09:49+02:00,[17],[0.45]
2024-08-18T05:05:32+02:00,[45],[0]
2024-08-18T05:03:26+02:00,[108],[0.01]
2024-08-18T05:02:10+02:00,[41],[0]
2024-08-18T04:58:46+02:00,[36],[0]
2024-08-18T04:56:49+02:00,[25],[0]
2024-08-18T04:50:31+02:00,[92],[0.14]
2024-08-18T04:46:08+02:00,[28],[0]
2024-08-18T04:41:01+02:00,[38],[0.04]
2024-08-18T04:35:42+02:00,[80],[0.07]
2024-08-18T04:32:53+02:00,[45],[0.17]
2024-08-18T04:27:54+02:00,[39],[0]
2024-08-18T04:16:24+02:00,[14],[0]
2024-08-18T03:55:52+02:00,[78],[0.07]
2024-08-18T03:48:44+02:00,[15],[0]
2024-08-18T03:42:11+02:00,[139],[0.01]
2024-08-18T03:28:42+02:00,[20],[0.75]
2024-08-18T03:27:43+02:00,[31],[0.33]
2024-08-18T03:21:50+02:00,[23],[0.07]
2024-08-18T03:19:40+02:00,[53],[0.12]
2024-08-18T03:14:40+02:00,[77],[0.18]
2024-08-18T03:10:01+02:00,[50],[0.1]
2024-08-18T03:08:44+02:00,[26],[0.62]
2024-08-18T03:03:56+02:00,[64],[0.07]
2024-08-15T21:55:42+02:00,[25],[0]
2024-08-15T21:45:16+02:00,[34],[0]
2024-08-15T21:32:44+02:00,[58],[0]
2024-08-15T21:20:12+02:00,[60],[0.19]
2024-08-15T20:08:57+02:00,[51],[0.03]
2024-08-15T19:48:57+02:00,[53],[0.1]
2024-08-15T00:55:58+02:00,[54],[0.07]
2024-08-15T00:26:38+02:00,[54],[0.06]
2024-08-15T00:24:54+02:00,[36],[0]
2024-08-15T00:21:09+02:00,[22],[0]
2024-08-15T00:10:59+02:00,[29],[0.31]
2024-08-12T17:27:08+02:00,[15],[0]
2024-08-11T05:05:00+02:00,[27],[0]
2024-08-11T04:50:06+02:00,[89],[0.04]
2024-08-11T04:46:59+02:00,[173],[0.01]
2024-08-11T04:45:59+02:00,[36],[0.04]
2024-08-11T04:40:31+02:00,[165],[0.02]
2024-08-11T04:18:41+02:00,[19],[0.07]
2024-08-11T04:15:09+02:00,[20],[0]
2024-08-11T04:03:05+02:00,[103],[0.07]
2024-08-11T04:01:38+02:00,[75],[0.04]
2024-08-11T04:00:36+02:00,[22],[0]
2024-08-11T03:58:38+02:00,[66],[0.2]
2024-08-11T03:57:50+02:00,[35],[0.43]
2024-08-11T03:56:38+02:00,[27],[0.24]
2024-08-11T03:53:49+02:00,[74],[0.16]
2024-08-11T03:27:03+02:00,[21],[0.13]
2024-08-11T03:20:36+02:00,[19],[0.42]
2024-08-11T03:20:04+02:00,[14],[0.1]
2024-08-11T03:12:00+02:00,[42],[0.03]
2024-08-11T03:10:06+02:00,[22],[0.14]
2024-08-11T02:59:20+02:00,[23],[0.08]
2024-08-11T02:38:03+02:00,[53],[0.29]
2024-08-11T02:34:45+02:00,[73],[0]
2024-08-11T02:33:05+02:00,[61],[0.32]
2024-08-11T02:31:16+02:00,[34],[0.2]
2024-08-11T02:30:18+02:00,[33],[0]
2024-08-10T03:50:35+02:00,[62],[0]
2024-08-10T03:49:25+02:00,[52],[0]
2024-08-10T03:47:50+02:00,[82],[0]
2024-08-10T02:14:48+02:00,[59],[0]
2024-08-10T02:13:55+02:00,[37],[0]
2024-08-10T02:10:31+02:00,[88],[0.31]
2024-08-10T02:09:04+02:00,[31],[0.42]
2024-08-10T02:06:40+02:00,[34],[0]
2024-08-10T02:02:45+02:00,[61],[0.33]
2024-08-10T01:59:44+02:00,[51],[0.18]
2024-08-10T01:28:39+02:00,[32],[0]
2024-08-10T01:11:58+02:00,[88],[0.07]
2024-08-10T01:09:56+02:00,[33],[0.04]
2024-08-10T01:09:09+02:00,[27],[0]
2024-08-10T01:08:09+02:00,[37],[0]
2024-08-10T01:06:12+02:00,[103],[0.02]
2024-08-10T01:03:10+02:00,[34],[0.05]
2024-08-10T00:26:16+02:00,[19],[0]
2024-08-09T23:51:26+02:00,[104],[0]
2024-08-09T23:38:07+02:00,[47],[0]
2024-08-09T22:20:36+02:00,[31],[0.41]
2024-08-09T22:07:29+02:00,[82],[0.02]
2024-08-09T22:04:09+02:00,[34],[0.11]
2024-08-09T22:02:08+02:00,[105],[0]
2024-08-09T21:54:18+02:00,[280],[0]
2024-08-09T21:40:17+02:00,[37],[0.09]
2024-08-09T05:37:23+02:00,[103],[0]
2024-08-09T05:34:25+02:00,[149],[0.01]
2024-08-09T05:32:37+02:00,[47],[0.03]
2024-08-09T05:31:04+02:00,[81],[0.02]
2024-08-09T05:09:27+02:00,[54],[0.14]
2024-08-09T05:07:47+02:00,[79],[0]
2024-08-09T04:01:47+02:00,[18],[0]
2024-08-09T03:57:59+02:00,[206],[0]
2024-08-09T03:56:29+02:00,[60],[0]
2024-08-09T00:53:40+02:00,[30],[0.05]
2024-08-09T00:50:41+02:00,[29],[0.32]
2024-08-09T00:48:38+02:00,[21],[0]
2024-08-08T01:23:48+02:00,[17],[0.09]
2024-08-07T03:55:57+02:00,[72],[0]
2024-08-07T03:45:08+02:00,[182],[0.01]
2024-08-07T03:43:15+02:00,[50],[0.11]
2024-08-07T02:48:47+02:00,[111],[0]
2024-08-07T02:47:10+02:00,[81],[0.02]
2024-08-07T02:12:52+02:00,[108],[0]
2024-08-07T01:52:16+02:00,[17],[0.1]
2024-08-07T01:49:59+02:00,[98],[0.12]
2024-08-07T01:43:09+02:00,[36],[0.25]
2024-08-07T01:18:40+02:00,[94],[0]
2024-08-07T01:10:03+02:00,[126],[0.22]
2024-08-05T20:22:01+02:00,[21],[0]
2024-08-05T19:21:19+02:00,[60],[0.07]
2024-08-05T05:32:26+02:00,[35],[0.06]
2024-08-05T05:28:19+02:00,[28],[0.37]
2024-08-05T05:27:08+02:00,[48],[0.43]
2024-08-05T05:26:04+02:00,[40],[0.38]
2024-08-05T05:20:47+02:00,[70],[0.05]
2024-08-05T05:14:20+02:00,[17],[1]
2024-08-05T05:10:54+02:00,[48],[0.39]
2024-08-05T05:07:04+02:00,[20],[0.36]
2024-08-05T05:04:48+02:00,[25],[0.41]
2024-08-05T05:03:32+02:00,[25],[0.75]
2024-08-05T04:55:55+02:00,[37],[0]
2024-08-05T04:44:42+02:00,[37],[0.15]
2024-08-03T05:32:00+02:00,[31],[0.15]
2024-08-03T05:31:07+02:00,[37],[0]
2024-08-03T05:28:55+02:00,[114],[0]
2024-08-03T05:23:54+02:00,[298],[0.01]
2024-08-03T05:21:48+02:00,[114],[0]
2024-08-03T05:17:35+02:00,[222],[0.01]
2024-08-03T05:16:59+02:00,[13],[0]
2024-08-03T05:16:11+02:00,[14],[0]
2024-08-03T05:11:15+02:00,[54],[0.03]
2024-08-03T05:09:43+02:00,[79],[0.03]
2024-08-03T05:05:37+02:00,[134],[0]
2024-08-03T05:04:07+02:00,[79],[0]
2024-08-03T05:02:32+02:00,[60],[0.09]
2024-08-03T05:01:47+02:00,[26],[0]
2024-08-03T04:59:00+02:00,[26],[0.15]
2024-08-03T04:54:51+02:00,[159],[0.27]
2024-08-03T04:49:11+02:00,[39],[0]
2024-08-03T04:46:29+02:00,[83],[0.51]
2024-08-03T04:46:03+02:00,[11],[0]
2024-08-03T04:43:33+02:00,[65],[0.02]
2024-08-03T04:42:42+02:00,[29],[0.25]
2024-08-03T04:36:31+02:00,[51],[0]
2024-08-03T04:33:20+02:00,[154],[0.29]
2024-08-03T04:31:02+02:00,[113],[0.27]
2024-08-03T04:29:26+02:00,[42],[0.04]
2024-08-03T04:28:04+02:00,[40],[0]
2024-08-03T03:48:17+02:00,[76],[0.24]
2024-08-03T03:05:40+02:00,[66],[0.93]
2024-08-02T05:11:01+02:00,[90],[0]
2024-08-02T05:09:33+02:00,[78],[0]
2024-08-02T05:06:02+02:00,[199],[0]
2024-08-02T05:05:06+02:00,[33],[0]
2024-08-02T05:03:46+02:00,[22],[0.09]
2024-08-02T04:05:55+02:00,[15],[0]
2024-08-02T04:02:04+02:00,[193],[0]
2024-08-01T23:48:59+02:00,[219],[0.05]
2024-08-01T23:33:30+02:00,[226],[0]
2024-08-01T23:22:38+02:00,[36],[0.2]
2024-08-01T07:07:31+02:00,[223],[0]
2024-08-01T06:40:40+02:00,[136],[0]
2024-08-01T06:12:20+02:00,[171],[0.01]
2024-08-01T05:52:24+02:00,[131],[0.01]
2024-08-01T05:45:47+02:00,[26],[0.18]
2024-08-01T05:41:05+02:00,[93],[0]
2024-08-01T05:38:55+02:00,[117],[0]
2024-08-01T05:33:18+02:00,[158],[0]
2024-07-31T03:57:29+02:00,[66],[0]
2024-07-31T03:52:30+02:00,[298],[0]
2024-07-31T03:51:51+02:00,[24],[0.12]
2024-07-31T03:50:58+02:00,[26],[0.13]
2024-07-31T02:41:58+02:00,[217],[0]
2024-07-31T01:39:31+02:00,[46],[0]
2024-07-31T01:37:44+02:00,[34],[0]
2024-07-31T01:17:24+02:00,[105],[0.04]
2024-07-31T01:16:22+02:00,[52],[0.76]
2024-07-31T01:05:27+02:00,[17],[0.5]
2024-07-31T01:03:40+02:00,[14],[0.4]
2024-07-31T00:54:55+02:00,[21],[0.15]
2024-07-31T00:53:27+02:00,[46],[0.64]
2024-07-31T00:52:57+02:00,[17],[0.5]
2024-07-31T00:50:49+02:00,[36],[0.75]
2024-07-31T00:46:13+02:00,[19],[0.42]
2024-07-31T00:45:22+02:00,[35],[0.43]
2024-07-31T00:37:58+02:00,[83],[0]
2024-07-31T00:30:29+02:00,[84],[0.1]
2024-07-30T23:59:16+02:00,[31],[0]
2024-07-30T23:58:17+02:00,[26],[0]
2024-07-30T23:57:42+02:00,[18],[0]
2024-07-29T04:02:37+02:00,[25],[0.08]
2024-07-29T03:51:05+02:00,[38],[0]
2024-07-29T03:44:53+02:00,[18],[0]
2024-07-29T03:41:08+02:00,[25],[0.14]
2024-07-29T03:03:15+02:00,[36],[0]
2024-07-29T02:48:38+02:00,[27],[0]
2024-07-29T02:45:48+02:00,[81],[0]
2024-07-29T02:01:52+02:00,[55],[0]
2024-07-29T01:57:11+02:00,[95],[0]
2024-07-29T01:56:30+02:00,[30],[0.15]
2024-07-29T01:53:39+02:00,[36],[0]
2024-07-29T01:49:47+02:00,[70],[0]
2024-07-29T00:50:35+02:00,[124],[0.02]
2024-07-28T23:33:03+02:00,[34],[0]
2024-07-28T23:29:58+02:00,[54],[0]
2024-07-28T23:29:14+02:00,[22],[0.1]
2024-07-28T23:26:58+02:00,[62],[0]
2024-07-28T23:20:31+02:00,[73],[0]
2024-07-28T23:19:24+02:00,[55],[0]
2024-07-28T23:15:21+02:00,[98],[0.02]
2024-07-28T03:26:40+02:00,[49],[0]
2024-07-28T03:06:59+02:00,[25],[0.07]
2024-07-28T02:38:48+02:00,[31],[0.58]
2024-07-28T02:35:10+02:00,[66],[0]
2024-07-28T02:29:10+02:00,[45],[0.04]
2024-07-25T22:00:53+02:00,[72],[0.62]
2024-07-25T21:57:27+02:00,[46],[0.65]
2024-07-25T19:36:34+02:00,[45],[0]
2024-07-25T19:24:44+02:00,[30],[0.1]
2024-07-25T01:57:03+02:00,[39],[0]
2024-07-25T01:47:35+02:00,[24],[0.25]
2024-07-24T04:05:06+02:00,[163],[0]
2024-07-24T04:02:04+02:00,[169],[0]
2024-07-24T03:55:23+02:00,[154],[0.02]
2024-07-24T03:54:27+02:00,[37],[0]
2024-07-24T03:50:51+02:00,[198],[0.13]
2024-07-24T03:49:54+02:00,[33],[0.31]
2024-07-24T02:34:06+02:00,[232],[0]
2024-07-24T02:31:46+02:00,[76],[0.03]
2024-07-22T21:17:24+02:00,[28],[0.67]
2024-07-22T05:25:41+02:00,[68],[0.05]
2024-07-22T05:23:38+02:00,[103],[0.12]
2024-07-22T05:19:31+02:00,[22],[0.31]
2024-07-22T05:17:13+02:00,[118],[0.28]
2024-07-22T04:28:20+02:00,[103],[0.09]
2024-07-22T04:25:48+02:00,[43],[0.07]
2024-07-22T04:09:46+02:00,[114],[0.32]
2024-07-22T04:02:31+02:00,[30],[0.27]
2024-07-22T03:42:34+02:00,[110],[0.22]
2024-07-22T03:28:18+02:00,[23],[0.27]
2024-07-22T03:25:47+02:00,[131],[0.11]
2024-07-22T03:03:42+02:00,[113],[0.02]
2024-07-22T02:48:36+02:00,[133],[0.01]
2024-07-22T02:31:22+02:00,[23],[0.08]
2024-07-22T02:20:06+02:00,[42],[0.14]
2024-07-22T02:08:16+02:00,[59],[0.13]
2024-07-21T23:29:01+02:00,[36],[0]
2024-07-21T22:30:12+02:00,[32],[0]
2024-07-21T22:28:16+02:00,[27],[0.5]
2024-07-21T22:26:33+02:00,[87],[0.09]
2024-07-21T22:25:19+02:00,[40],[0.07]
2024-07-21T22:19:29+02:00,[19],[0.45]
2024-07-21T22:14:30+02:00,[15],[0.58]
2024-07-21T22:12:24+02:00,[29],[0.06]
2024-07-21T21:56:08+02:00,[35],[0.03]
2024-07-21T21:41:00+02:00,[44],[0.23]
2024-07-20T03:53:09+02:00,[34],[0]
2024-07-20T03:35:59+02:00,[37],[0.16]
2024-07-20T03:32:06+02:00,[63],[0.28]
2024-07-20T03:29:37+02:00,[100],[0.39]
2024-07-20T03:28:38+02:00,[28],[0.33]
2024-07-20T03:27:42+02:00,[40],[0.08]
2024-07-20T03:24:46+02:00,[39],[0.09]
2024-07-20T03:22:46+02:00,[48],[0.15]
2024-07-20T03:20:04+02:00,[89],[0.04]
2024-07-20T02:28:21+02:00,[15],[0.8]
2024-07-20T02:22:07+02:00,[69],[0.59]
2024-07-19T04:00:06+02:00,[28],[0.06]
2024-07-19T03:50:27+02:00,[26],[0.12]
2024-07-19T03:40:38+02:00,[199],[0]
2024-07-19T03:36:28+02:00,[27],[0.06]
2024-07-19T03:33:45+02:00,[151],[0.01]
2024-07-19T03:15:31+02:00,[26],[0]
2024-07-19T02:50:30+02:00,[36],[0.27]
2024-07-18T00:30:09+02:00,[42],[0]
2024-07-18T00:26:28+02:00,[40],[0.23]
2024-07-18T00:21:31+02:00,[25],[0.72]
2024-07-18T00:20:50+02:00,[28],[0.4]
2024-07-18T00:09:00+02:00,[54],[0.53]
2024-07-17T23:46:29+02:00,[40],[0.09]
2024-07-17T23:25:05+02:00,[14],[0.1]
2024-07-15T03:54:20+02:00,[26],[0]
2024-07-15T03:22:26+02:00,[19],[0.08]
2024-07-15T03:07:14+02:00,[30],[0.26]
2024-07-15T02:41:15+02:00,[18],[0.27]
2024-07-15T02:40:29+02:00,[20],[0]
2024-07-15T02:06:07+02:00,[32],[0.47]
2024-07-15T01:36:58+02:00,[102],[0.28]
2024-07-14T22:46:04+02:00,[53],[0]
2024-07-14T22:27:23+02:00,[192],[0]
2024-07-14T22:23:04+02:00,[109],[0]
2024-07-14T22:22:18+02:00,[31],[0.41]
2024-07-14T22:21:07+02:00,[21],[0.31]
2024-07-14T21:56:55+02:00,[48],[0]
2024-07-14T21:55:36+02:00,[48],[0]
2024-07-14T21:54:21+02:00,[37],[0]
2024-07-14T21:52:05+02:00,[36],[0.05]
2024-07-14T21:50:44+02:00,[40],[0.09]
2024-07-14T21:36:57+02:00,[147],[0.08]
2024-07-14T21:24:55+02:00,[67],[0.09]
2024-07-14T21:16:53+02:00,[54],[0.25]
2024-07-14T20:52:21+02:00,[155],[0.03]
2024-07-14T20:50:34+02:00,[51],[0.13]
2024-07-14T20:27:10+02:00,[54],[0.08]
2024-07-14T05:51:10+02:00,[48],[0]
2024-07-14T05:19:21+02:00,[29],[0.05]
2024-07-14T05:17:32+02:00,[44],[0.06]
2024-07-14T04:52:07+02:00,[106],[0.04]
2024-07-14T04:31:52+02:00,[252],[0.02]
2024-07-14T04:30:33+02:00,[21],[0]
2024-07-14T04:12:54+02:00,[36],[0.2]
2024-07-14T04:07:52+02:00,[38],[0]
2024-07-14T04:04:28+02:00,[165],[0]
2024-07-14T04:02:24+02:00,[113],[0.02]
2024-07-14T01:59:19+02:00,[157],[0]
2024-07-14T01:57:05+02:00,[119],[0]
2024-07-14T01:55:21+02:00,[92],[0]
2024-07-14T01:44:29+02:00,[38],[0.05]
2024-07-14T01:43:13+02:00,[31],[0]
2024-07-14T01:41:45+02:00,[77],[0]
2024-07-14T01:39:53+02:00,[45],[0]
2024-07-14T01:38:58+02:00,[40],[0]
2024-07-14T01:38:10+02:00,[37],[0]
2024-07-14T01:35:37+02:00,[137],[0]
2024-07-14T01:07:38+02:00,[27],[0]
2024-07-14T01:05:51+02:00,[69],[0]
2024-07-14T01:02:40+02:00,[41],[0]
2024-07-14T00:58:05+02:00,[20],[0.08]
2024-07-14T00:56:02+02:00,[100],[0]
2024-07-14T00:50:17+02:00,[135],[0]
2024-07-14T00:47:41+02:00,[146],[0]
2024-07-14T00:20:27+02:00,[79],[0]
2024-07-14T00:18:51+02:00,[42],[0]
2024-07-14T00:16:34+02:00,[18],[0]
2024-07-14T00:10:13+02:00,[46],[0]
2024-07-13T23:52:39+02:00,[69],[0.09]
2024-07-13T23:47:16+02:00,[70],[0.02]
2024-07-13T23:33:35+02:00,[154],[0.01]
2024-07-13T23:31:12+02:00,[131],[0.01]
2024-07-13T23:25:14+02:00,[25],[0]
2024-07-13T23:24:05+02:00,[58],[0]
2024-07-13T22:54:57+02:00,"[300,161]","[0,0]"
2024-07-13T22:54:01+02:00,[40],[0.05]
2024-07-13T22:45:32+02:00,[17],[0]
2024-07-13T22:39:28+02:00,[64],[0]
2024-07-13T22:34:54+02:00,[69],[0]
2024-07-13T22:27:12+02:00,[46],[0]
2024-07-13T22:23:38+02:00,[20],[0]
2024-07-13T22:14:56+02:00,[187],[0.02]
2024-07-13T22:13:29+02:00,[75],[0]
2024-07-13T21:48:01+02:00,[35],[0]
2024-07-13T21:46:30+02:00,[58],[0]
2024-07-13T21:45:21+02:00,[56],[0]
2024-07-13T21:43:46+02:00,[68],[0]
2024-07-13T20:58:29+02:00,[26],[0]
2024-07-13T20:56:03+02:00,[46],[0]
2024-07-13T20:55:11+02:00,[39],[0]
2024-07-13T20:53:10+02:00,[13],[0]
2024-07-13T20:51:19+02:00,[40],[0]
2024-07-13T20:47:24+02:00,[181],[0]
2024-07-13T20:46:43+02:00,[29],[0]
2024-07-13T04:46:50+02:00,[37],[0]
2024-07-13T04:27:09+02:00,[48],[0.09]
2024-07-13T04:23:48+02:00,[20],[0.4]
2024-07-13T04:10:32+02:00,[40],[0.04]
2024-07-13T04:04:36+02:00,[22],[0.08]
2024-07-13T03:58:36+02:00,[91],[0.03]
2024-07-13T03:48:02+02:00,[49],[0.09]
2024-07-13T03:38:43+02:00,[68],[0.04]
2024-07-13T03:31:01+02:00,[72],[0.02]
2024-07-13T03:29:57+02:00,[38],[0]
2024-07-13T03:25:52+02:00,[37],[0.52]
2024-07-13T03:24:16+02:00,[40],[0.38]
2024-07-13T03:21:15+02:00,[63],[0]
2024-07-13T03:15:54+02:00,[21],[0.07]
2024-07-13T03:03:05+02:00,[36],[0.67]
2024-07-13T02:59:54+02:00,[89],[0.05]
2024-07-13T02:54:11+02:00,[49],[0.03]
2024-07-13T02:52:48+02:00,[61],[0]
2024-07-13T02:42:44+02:00,[67],[0]
2024-07-13T02:39:14+02:00,[22],[1]
2024-07-13T02:32:26+02:00,[54],[0.29]
2024-07-13T02:31:27+02:00,[13],[0.7]
2024-07-13T02:24:10+02:00,[33],[0.06]
2024-07-10T03:53:39+02:00,[62],[0]
2024-07-10T03:49:33+02:00,[236],[0.09]
2024-07-10T03:48:56+02:00,[18],[0]
2024-07-10T02:43:03+02:00,[12],[0]
2024-07-10T02:38:19+02:00,[208],[0]
2024-07-09T22:31:50+02:00,[21],[0]
2024-07-09T22:13:14+02:00,[28],[0]
2024-07-09T22:06:44+02:00,[34],[0]
2024-07-09T21:59:59+02:00,[67],[0]
2024-07-09T21:56:19+02:00,[57],[0]
2024-07-09T21:52:31+02:00,[29],[0]
2024-07-09T21:51:35+02:00,[33],[0]
2024-07-09T21:08:22+02:00,[21],[0.08]
2024-07-09T20:39:06+02:00,[86],[0]
2024-07-09T20:29:13+02:00,[42],[0.05]
2024-07-09T20:18:45+02:00,[47],[0]
2024-07-09T20:15:26+02:00,[26],[0.17]
2024-07-09T05:16:51+02:00,[145],[0]
2024-07-09T05:09:41+02:00,[23],[0]
2024-07-09T05:05:01+02:00,[52],[0.02]
2024-07-09T05:01:29+02:00,[67],[0]
2024-07-09T04:58:26+02:00,[140],[0]
2024-07-09T04:56:58+02:00,[20],[0]
2024-07-08T06:13:21+02:00,[288],[0.28]
2024-07-08T06:11:02+02:00,[64],[0]
2024-07-08T06:08:38+02:00,[75],[0.48]
2024-07-08T05:16:27+02:00,[49],[0.36]
2024-07-08T05:07:10+02:00,[243],[0.09]
2024-07-08T04:52:25+02:00,[38],[0]
2024-07-08T04:46:46+02:00,[102],[0.45]
2024-07-08T04:35:40+02:00,[130],[0.04]
2024-07-08T04:34:51+02:00,[31],[0.29]
2024-07-08T04:10:45+02:00,[23],[0.3]
2024-07-08T04:09:52+02:00,[42],[0]
2024-07-08T04:07:27+02:00,[69],[0.1]
2024-07-08T04:02:36+02:00,[65],[0.21]
2024-07-08T04:01:07+02:00,[26],[0.33]
2024-07-08T03:55:45+02:00,[54],[0.52]
2024-07-08T03:53:01+02:00,[125],[0.4]
2024-07-08T03:51:20+02:00,[28],[0.69]
2024-07-08T03:43:20+02:00,[102],[0.12]
2024-07-08T03:03:33+02:00,[21],[0]
2024-07-08T03:02:19+02:00,[32],[0]
2024-07-07T03:20:12+02:00,[104],[0.02]
2024-07-07T03:14:47+02:00,[299],[0.02]
2024-07-07T02:26:12+02:00,[29],[0]
2024-07-07T02:23:52+02:00,[106],[0]
2024-07-06T08:28:22+02:00,[18],[0]
2024-07-06T08:27:06+02:00,[48],[0]
2024-07-06T08:07:50+02:00,[34],[0]
2024-07-06T08:05:42+02:00,[100],[0]
2024-07-06T07:52:10+02:00,[23],[0]
2024-07-04T03:44:32+02:00,[42],[0]
2024-07-04T03:43:38+02:00,[17],[0.2]
2024-07-04T03:39:04+02:00,[64],[0]
2024-07-04T03:22:17+02:00,[113],[0]
2024-07-04T03:15:24+02:00,[84],[0.07]
2024-07-04T03:14:54+02:00,[20],[0]
2024-07-04T03:13:03+02:00,[64],[0]
2024-07-04T03:00:53+02:00,[17],[0]
2024-07-04T02:58:56+02:00,[95],[0.02]
2024-07-04T02:55:45+02:00,[126],[0]
2024-07-04T02:47:05+02:00,[40],[0]
2024-07-04T02:36:30+02:00,[98],[0]
2024-07-03T03:48:45+02:00,[21],[0.33]
2024-07-03T02:43:09+02:00,[195],[0]
2024-07-01T03:43:57+02:00,[32],[0.05]
2024-07-01T03:42:09+02:00,[90],[0]
2024-07-01T03:36:34+02:00,[261],[0.09]
2024-07-01T03:32:42+02:00,[122],[0.4]
2024-07-01T03:29:49+02:00,[38],[0.74]
2024-07-01T03:26:48+02:00,[31],[0.79]
2024-07-01T03:26:01+02:00,[37],[0.94]
2024-07-01T03:14:04+02:00,[74],[0.82]
2024-07-01T03:09:05+02:00,[296],[0.71]
2024-07-01T02:00:56+02:00,[228],[0.73]
2024-07-01T01:58:34+02:00,[128],[0.77]
2024-07-01T01:56:56+02:00,[87],[0.71]
2024-07-01T01:50:17+02:00,[26],[0.93]
2024-07-01T01:47:13+02:00,[117],[0.8]
2024-07-01T01:22:39+02:00,[125],[0.16]
2024-07-01T01:20:44+02:00,[88],[0.07]
2024-07-01T00:40:42+02:00,[51],[0.14]
2024-07-01T00:34:58+02:00,[28],[0.35]
2024-07-01T00:34:04+02:00,[31],[0.93]
2024-07-01T00:24:25+02:00,[30],[0.33]
2024-07-01T00:19:19+02:00,[40],[0.08]
2024-06-30T07:46:23+02:00,[65],[0]
2024-06-30T06:00:05+02:00,[48],[0.05]
2024-06-30T05:56:01+02:00,[73],[0.02]
2024-06-30T05:48:12+02:00,[27],[0]
2024-06-30T05:44:52+02:00,[19],[0]
2024-06-30T05:36:43+02:00,[51],[0]
2024-06-30T05:14:26+02:00,[180],[0.02]
2024-06-30T04:44:48+02:00,[39],[0]
2024-06-30T04:37:05+02:00,[25],[0.14]
2024-06-30T04:19:42+02:00,[63],[0]
2024-06-30T04:10:39+02:00,[24],[0]
2024-06-29T03:52:02+02:00,[299],[0.2]
2024-06-29T03:51:10+02:00,[36],[0.23]
2024-06-29T03:50:16+02:00,[35],[0.13]
2024-06-29T02:44:23+02:00,[14],[0]
2024-06-29T02:40:34+02:00,[19],[0.25]
2024-06-29T02:38:39+02:00,[31],[0.07]
2024-06-29T02:33:23+02:00,[239],[0.03]
2024-06-29T02:31:40+02:00,[76],[0.06]
2024-06-27T22:51:04+02:00,[47],[0.03]
2024-06-27T22:17:20+02:00,[71],[0]
2024-06-27T22:15:39+02:00,[84],[0.02]
2024-06-27T21:24:48+02:00,[55],[0.07]
2024-06-27T21:24:04+02:00,[32],[0]
2024-06-27T21:14:38+02:00,[29],[0]
2024-06-27T21:13:00+02:00,[21],[0.08]
2024-06-27T05:59:22+02:00,[162],[0.05]
2024-06-27T05:58:29+02:00,[25],[0]
2024-06-27T05:56:35+02:00,[24],[0.18]
2024-06-27T05:55:06+02:00,[22],[0.3]
2024-06-27T05:42:40+02:00,[34],[0.18]
2024-06-27T05:27:13+02:00,[28],[0.5]
2024-06-27T05:19:22+02:00,[167],[0]
2024-06-27T05:13:32+02:00,[42],[0.16]
2024-06-27T05:10:08+02:00,[50],[0.45]
2024-06-26T03:09:02+02:00,[48],[0.03]
2024-06-26T02:39:23+02:00,[42],[0]
2024-06-26T02:29:25+02:00,[44],[0]
2024-06-26T02:20:04+02:00,[42],[0.04]
2024-06-26T02:10:21+02:00,[44],[0.03]
2024-06-26T02:07:28+02:00,[39],[0.12]
2024-06-25T05:03:37+02:00,[182],[0.04]
2024-06-25T03:54:16+02:00,"[300,58]","[0,0.03]"
2024-06-25T03:52:46+02:00,[65],[0]
2024-06-25T02:45:33+02:00,[68],[0]
2024-06-25T02:44:45+02:00,[26],[0.22]
2024-06-25T02:32:07+02:00,[47],[0.17]
2024-06-25T02:31:21+02:00,[15],[0.33]
2024-06-25T02:30:08+02:00,[15],[0.8]
2024-06-25T02:29:17+02:00,[38],[0.26]
2024-06-25T02:26:03+02:00,[17],[0]
2024-06-25T02:24:06+02:00,[49],[0.03]
2024-06-25T02:23:31+02:00,[23],[0]
2024-06-25T02:20:14+02:00,[19],[0.75]
2024-06-25T02:19:22+02:00,[15],[0]
2024-06-25T02:17:57+02:00,[29],[0.05]
2024-06-25T02:14:39+02:00,[131],[0.02]
2024-06-25T01:57:10+02:00,[45],[0.03]
2024-06-25T01:45:36+02:00,[37],[0]
2024-06-25T01:41:03+02:00,[62],[0.06]
2024-06-25T01:24:19+02:00,[43],[0.07]
2024-06-25T01:02:58+02:00,[70],[0.05]
2024-06-25T01:01:10+02:00,[19],[0.36]
2024-06-25T00:59:40+02:00,[60],[0.05]
2024-06-25T00:50:14+02:00,[16],[0]
2024-06-24T23:51:42+02:00,[29],[0.27]
2024-06-23T05:11:12+02:00,[64],[0.04]
2024-06-23T04:43:08+02:00,[42],[0.18]
2024-06-23T04:07:17+02:00,[16],[0.45]
2024-06-23T04:05:23+02:00,[41],[0]
2024-06-23T03:10:14+02:00,[22],[0.27]
2024-06-23T03:08:07+02:00,[30],[0.18]
2024-06-23T03:07:15+02:00,[21],[0.1]
2024-06-23T03:05:46+02:00,[34],[0.16]
2024-06-23T02:52:34+02:00,[29],[0.18]
2024-06-21T22:49:55+02:00,[299],[0.03]
2024-06-21T22:40:27+02:00,[129],[0.06]
2024-06-21T22:27:40+02:00,[56],[0.04]
2024-06-21T22:04:15+02:00,[68],[0.02]
2024-06-21T22:00:35+02:00,[83],[0.02]
2024-06-21T21:55:01+02:00,[95],[0]
2024-06-21T21:54:00+02:00,[42],[0]
2024-06-21T21:31:57+02:00,[110],[0.03]
2024-06-21T21:31:27+02:00,[17],[0]
2024-06-21T21:29:42+02:00,[86],[0]
2024-06-21T20:55:41+02:00,[27],[0]
2024-06-21T22:04:15+02:00,[68],[0.02]
2024-06-21T22:00:35+02:00,[83],[0.02]
2024-06-21T21:55:01+02:00,[95],[0]
2024-06-21T21:54:00+02:00,[42],[0]
2024-06-21T21:31:57+02:00,[110],[0.03]
2024-06-21T21:31:27+02:00,[17],[0]
2024-06-21T21:29:42+02:00,[86],[0]
2024-06-21T20:55:41+02:00,[27],[0]
2024-06-21T20:33:00+02:00,[22],[0]
2024-06-21T20:32:22+02:00,[24],[0]
2024-06-21T20:27:05+02:00,[73],[0.03]
2024-06-21T19:18:06+02:00,[253],[0.01]
2024-06-21T19:13:10+02:00,[130],[0.01]
2024-06-21T19:11:29+02:00,[33],[0]
2024-06-21T19:10:09+02:00,[68],[0]
2024-06-21T05:33:20+02:00,[34],[0]
2024-06-21T05:24:16+02:00,[18],[0.36]
2024-06-21T05:20:11+02:00,[35],[0.06]
2024-06-21T05:00:00+02:00,[218],[0.01]
2024-06-21T04:59:04+02:00,[39],[0]
2024-06-21T04:46:35+02:00,[110],[0]
2024-06-21T04:42:30+02:00,[85],[0]
2024-06-21T04:41:08+02:00,[42],[0]
2024-06-21T04:34:58+02:00,[155],[0]
2024-06-21T04:31:35+02:00,[185],[0]
2024-06-21T04:27:09+02:00,[144],[0.01]
2024-06-21T04:25:24+02:00,[20],[0]
2024-06-21T04:22:47+02:00,[142],[0.01]
2024-06-21T04:20:51+02:00,[16],[0.5]
2024-06-21T04:20:06+02:00,[28],[0.12]
2024-06-21T04:15:31+02:00,[52],[0.07]
2024-06-21T04:09:05+02:00,[46],[0.08]
2024-06-21T04:04:48+02:00,[167],[0.03]
2024-06-21T04:00:08+02:00,[40],[0.5]
2024-06-21T03:58:12+02:00,[28],[0.2]
2024-06-21T03:55:10+02:00,[24],[0.5]
2024-06-21T03:49:08+02:00,[92],[0.03]
2024-06-21T03:44:21+02:00,[116],[0.07]
2024-06-21T03:31:14+02:00,[58],[0.03]
2024-06-21T03:26:54+02:00,[83],[0.02]
2024-06-21T03:14:45+02:00,[17],[0]
2024-06-18T20:48:30+02:00,[95],[0.09]
2024-06-18T20:46:58+02:00,[44],[0]
2024-06-18T20:40:49+02:00,[87],[0]
2024-06-18T20:36:19+02:00,[240],[0]
2024-06-18T20:34:39+02:00,[50],[0]
2024-06-18T06:01:42+02:00,[24],[0.08]
2024-06-18T04:21:49+02:00,[25],[0]
2024-06-18T04:04:36+02:00,"[300,79]","[0.04,0]"
2024-06-18T04:02:10+02:00,[33],[0]
2024-06-18T03:52:21+02:00,[23],[0]
2024-06-18T03:45:20+02:00,[127],[0.03]
2024-06-18T03:41:17+02:00,[39],[0.06]
2024-06-17T23:26:56+02:00,[19],[0]
2024-06-17T22:24:59+02:00,[15],[0]
2024-06-17T16:19:54+02:00,[83],[0]
2024-06-17T16:16:22+02:00,[20],[0.1]
2024-06-17T16:07:07+02:00,[34],[0.13]
2024-06-17T16:04:06+02:00,[45],[0.05]
2024-06-17T15:52:42+02:00,[31],[0]
2024-06-17T15:43:58+02:00,[39],[0.7]
2024-06-17T15:43:21+02:00,[26],[0.38]
2024-06-17T15:18:31+02:00,[52],[0.03]
2024-06-17T15:10:54+02:00,[16],[0]
2024-06-17T15:08:45+02:00,[52],[0.04]
2024-06-17T15:05:38+02:00,[83],[0]
2024-06-17T15:03:28+02:00,[114],[0]
2024-06-17T14:59:54+02:00,[66],[0.05]
2024-06-17T14:06:37+02:00,[89],[0.16]
2024-06-17T14:03:19+02:00,[26],[0.07]
2024-06-17T14:02:20+02:00,[18],[0]
2024-06-17T12:53:42+02:00,[24],[0.5]
2024-06-17T12:49:59+02:00,[27],[0.67]
2024-06-17T12:34:38+02:00,[69],[0.16]
2024-06-16T22:58:27+02:00,[44],[0]
2024-06-16T21:19:36+02:00,[21],[0]
2024-06-16T21:10:24+02:00,[20],[0]
2024-06-16T21:08:31+02:00,[36],[0]
2024-06-16T21:07:07+02:00,[48],[0]
2024-06-16T21:05:11+02:00,[87],[0]
2024-06-16T20:43:01+02:00,[23],[0]
2024-06-16T20:41:49+02:00,[17],[0]
2024-06-16T20:40:03+02:00,[50],[0]
2024-06-16T15:00:05+02:00,[27],[0]
2024-06-16T12:26:51+02:00,[21],[0]
2024-06-16T10:07:55+02:00,[23],[0]
2024-06-16T09:14:46+02:00,[42],[0.03]
2024-06-16T08:45:39+02:00,[25],[0]
2024-06-15T10:39:12+02:00,[32],[0.07]
2024-06-15T10:17:09+02:00,[21],[0]
2024-06-14T17:43:22+02:00,[15],[0]
2024-06-14T17:41:54+02:00,[36],[0]
2024-06-14T17:40:16+02:00,[30],[0.19]
2024-06-14T16:43:48+02:00,[131],[0.03]
2024-06-14T16:39:34+02:00,[31],[0.08]
2024-06-14T16:38:17+02:00,[17],[0.36]
2024-06-14T16:26:30+02:00,[39],[0]
2024-06-14T16:18:04+02:00,[56],[0.21]
2024-06-14T16:07:22+02:00,[26],[0]
2024-06-14T16:05:55+02:00,[54],[0.19]
2024-06-14T15:43:28+02:00,[32],[0]
2024-06-14T15:40:09+02:00,[186],[0.28]
2024-06-14T15:36:47+02:00,[27],[0.31]
2024-06-14T15:06:44+02:00,[160],[0.22]
2024-06-14T14:57:49+02:00,[19],[0.7]
2024-06-14T14:56:12+02:00,[27],[0.93]
2024-06-14T14:55:15+02:00,[28],[0.4]
2024-06-14T14:01:30+02:00,[45],[0.78]
2024-06-14T14:00:02+02:00,[62],[0.84]
2024-06-14T13:29:53+02:00,[28],[0.08]
2024-06-14T12:58:52+02:00,[27],[0.38]
2024-06-14T12:54:11+02:00,[25],[0.47]
2024-06-14T08:52:49+02:00,[22],[0.09]
2024-06-13T15:39:42+02:00,[24],[0]
2024-06-13T15:09:10+02:00,[65],[0.02]
2024-06-13T13:16:43+02:00,[35],[0.74]
2024-06-13T13:15:43+02:00,[44],[0.73]
2024-06-13T13:14:18+02:00,[27],[0.33]
2024-06-13T13:12:08+02:00,[17],[0.1]
2024-06-12T13:35:21+02:00,[56],[0.03]
2024-06-12T13:08:20+02:00,[12],[0]
2024-06-12T12:52:59+02:00,[15],[0]
2024-06-12T12:47:18+02:00,[40],[0.27]
2024-06-12T12:40:03+02:00,[15],[0]
2024-06-12T12:38:22+02:00,[71],[0.02]
2024-06-12T12:36:55+02:00,[33],[0.2]
2024-06-12T12:33:31+02:00,[30],[0.42]
2024-06-12T12:26:24+02:00,[21],[0]
2024-06-12T12:09:17+02:00,[63],[0]
2024-06-12T12:08:00+02:00,[66],[0.1]
2024-06-12T12:06:51+02:00,[53],[0.17]
2024-06-12T12:03:23+02:00,[18],[0.08]
2024-06-12T12:02:45+02:00,[19],[0]
2024-06-12T12:01:31+02:00,[34],[0.11]
2024-06-12T11:41:23+02:00,[94],[0.03]
2024-06-12T11:39:43+02:00,[36],[0]
2024-06-12T11:37:38+02:00,[25],[0]
2024-06-12T11:32:09+02:00,[20],[0]
2024-06-12T11:12:32+02:00,[18],[0]
2024-06-12T10:17:41+02:00,[86],[0]
2024-06-12T09:55:40+02:00,[77],[0]
2024-06-11T13:22:52+02:00,[125],[0]
2024-06-11T13:20:35+02:00,[61],[0.06]
2024-06-11T12:47:24+02:00,[36],[0]
2024-06-10T15:19:02+02:00,[185],[0.01]
2024-06-10T15:13:41+02:00,[235],[0]
2024-06-10T15:09:58+02:00,[39],[0]
2024-06-10T15:07:42+02:00,[126],[0]
2024-06-10T12:48:18+02:00,[174],[0]
2024-06-10T12:41:58+02:00,[189],[0]
2024-06-10T12:03:59+02:00,[170],[0.02]
2024-06-10T12:02:57+02:00,[51],[0]
2024-06-10T12:01:16+02:00,[86],[0.07]
2024-06-10T12:00:19+02:00,[21],[0.2]
2024-06-10T11:57:03+02:00,[14],[0]
2024-06-10T11:55:07+02:00,[47],[0]
2024-06-10T11:35:22+02:00,[102],[0]
2024-06-10T11:14:58+02:00,[186],[0.01]
2024-06-10T11:09:20+02:00,[167],[0]
2024-06-10T11:08:21+02:00,[39],[0]
2024-06-10T11:04:21+02:00,[118],[0]
2024-06-10T10:50:28+02:00,[19],[0.07]
2024-06-09T13:08:04+02:00,[146],[0]
2024-06-09T13:02:30+02:00,[108],[0.13]
2024-06-09T09:57:12+02:00,[36],[0.11]
2024-06-08T17:43:05+02:00,[14],[0]
2024-06-08T17:41:12+02:00,[34],[0.05]
2024-06-08T17:35:17+02:00,[44],[0.08]
2024-06-08T17:30:02+02:00,[33],[0.15]
2024-06-08T17:25:41+02:00,[11],[0]
2024-06-08T17:21:12+02:00,[60],[0.1]
2024-06-08T17:03:56+02:00,[27],[0]
2024-06-08T17:01:54+02:00,[108],[0.01]
2024-06-08T13:38:19+02:00,[96],[0]
2024-06-08T13:33:26+02:00,[23],[0.07]
2024-06-08T13:14:05+02:00,[70],[0]
2024-06-08T11:11:11+02:00,[53],[0]
2024-06-08T11:09:24+02:00,[24],[0.5]
2024-06-08T11:05:23+02:00,[81],[0.02]
2024-06-08T10:26:35+02:00,[24],[0]
2024-06-07T11:45:18+02:00,[42],[0.04]
2024-06-07T11:27:06+02:00,[24],[0]
2024-06-07T11:24:44+02:00,[22],[0]
2024-06-07T11:15:31+02:00,[24],[0]
2024-06-07T11:14:24+02:00,[43],[0]
2024-06-07T09:04:47+02:00,[31],[0]
2024-06-07T08:11:25+02:00,[26],[0.06]
2024-06-07T08:10:23+02:00,[16],[0.8]
2024-06-07T08:03:03+02:00,[22],[0.07]
2024-06-07T08:00:35+02:00,[70],[0]
2024-06-06T20:41:45+02:00,[29],[0]
2024-06-06T20:37:40+02:00,[42],[0]
2024-06-06T20:34:04+02:00,[72],[0]
2024-06-06T20:30:04+02:00,[104],[0.02]
2024-06-06T20:27:14+02:00,[157],[0]
2024-06-06T20:25:32+02:00,[77],[0.02]
2024-06-06T20:24:10+02:00,[36],[0]
2024-06-06T20:23:35+02:00,[22],[0.42]
2024-06-06T20:13:01+02:00,[22],[0]
2024-06-06T20:11:14+02:00,[70],[0.05]
2024-06-06T19:48:15+02:00,[34],[0.04]
2024-06-06T19:44:02+02:00,[108],[0.03]
2024-06-06T19:41:55+02:00,[68],[0.35]
2024-06-06T19:38:26+02:00,[35],[0.05]
2024-06-06T19:36:14+02:00,[71],[0.03]
2024-06-06T19:35:41+02:00,[21],[0]
2024-06-06T19:33:07+02:00,[42],[0.03]
2024-06-06T19:29:31+02:00,[43],[0.04]
2024-06-06T19:28:35+02:00,[33],[0.09]
2024-06-06T19:23:01+02:00,[15],[0]
2024-06-06T19:17:01+02:00,[21],[0]
2024-06-06T19:13:50+02:00,[19],[0]
2024-06-06T19:12:48+02:00,[43],[0.17]
2024-06-06T19:09:47+02:00,[30],[0.08]
2024-06-06T18:43:47+02:00,[102],[0]
2024-06-06T18:42:18+02:00,[50],[0]
2024-06-06T17:30:55+02:00,[32],[0]
2024-06-06T10:15:30+02:00,[25],[0]
2024-06-05T13:51:24+02:00,[23],[0.08]
2024-06-05T09:10:09+02:00,[13],[0]
2024-06-05T08:49:53+02:00,[15],[0]
2024-06-02T17:16:28+02:00,[26],[0]
2024-06-02T17:10:59+02:00,[23],[0]
2024-06-02T16:57:02+02:00,[26],[0.08]
2024-06-02T16:56:28+02:00,[23],[0.15]
2024-06-02T16:26:46+02:00,[18],[1]
2024-06-02T16:22:28+02:00,[16],[0.45]
2024-06-02T16:19:31+02:00,[54],[0.03]
2024-06-02T10:41:44+02:00,[41],[0.04]
2024-06-02T08:47:36+02:00,[44],[0.07]
2024-05-30T08:38:45+02:00,[27],[0.47]
2024-05-29T08:39:51+02:00,[29],[0]
2024-05-29T06:47:24+02:00,[22],[0]
2024-05-28T14:10:02+02:00,[204],[0.02]
2024-05-28T14:06:24+02:00,[196],[0]
2024-05-28T14:02:30+02:00,[92],[0]
2024-05-28T10:33:47+02:00,[91],[0]
2024-05-28T10:33:06+02:00,[26],[0]
2024-05-28T10:23:08+02:00,"[299,227]","[0,0]"
2024-05-28T10:21:05+02:00,[25],[0]
2024-05-28T10:16:23+02:00,[258],[0]
2024-05-28T10:14:10+02:00,[90],[0]
2024-05-28T10:08:23+02:00,"[300,33]","[0,0]"
2024-05-28T10:06:26+02:00,[37],[0]
2024-05-27T20:36:37+02:00,[30],[0.06]
2024-05-27T20:35:20+02:00,[27],[0]
2024-05-27T20:21:13+02:00,[19],[0.14]
2024-05-27T20:19:36+02:00,[64],[0.34]
2024-05-27T20:12:50+02:00,[16],[0]
2024-05-27T20:11:18+02:00,[32],[0]
2024-05-27T19:22:49+02:00,[30],[0]
2024-05-27T18:54:59+02:00,[101],[0.02]
2024-05-27T18:31:24+02:00,[37],[0]
2024-05-27T18:21:32+02:00,[30],[0]
2024-05-27T18:17:33+02:00,[24],[0.09]
2024-05-27T18:09:27+02:00,[31],[0]
2024-05-27T12:12:49+02:00,[38],[0.04]
2024-05-27T12:11:57+02:00,[26],[0]
2024-05-26T15:32:56+02:00,[98],[0]
2024-05-26T13:56:50+02:00,[80],[0]
2024-05-26T10:53:07+02:00,[36],[0]
2024-05-26T10:21:11+02:00,[37],[0.08]
2024-05-25T15:02:44+02:00,[42],[0]
2024-05-25T15:01:17+02:00,[49],[0.14]
2024-05-25T14:19:09+02:00,[68],[0]
2024-05-25T14:17:19+02:00,[32],[0.12]
2024-05-25T14:15:50+02:00,[45],[0.04]
2024-05-25T14:14:52+02:00,[25],[0.09]
2024-05-25T10:54:56+02:00,[41],[0.1]
2024-05-25T10:52:19+02:00,[137],[0.07]
2024-05-25T10:48:39+02:00,[17],[0.08]
2024-05-25T10:27:29+02:00,[79],[0]
2024-05-25T07:20:13+02:00,[14],[0]
2024-05-24T13:41:18+02:00,[22],[0.45]
2024-05-23T19:46:27+02:00,[24],[0.08]
2024-05-23T19:45:21+02:00,[19],[0]
2024-05-23T19:26:43+02:00,[14],[0.3]
2024-05-23T19:18:02+02:00,[16],[0.1]
2024-05-23T16:55:57+02:00,[32],[0.05]
2024-05-23T15:59:56+02:00,[42],[0]
2024-05-23T15:41:14+02:00,[176],[0]
2024-05-23T15:37:04+02:00,[54],[0]
2024-05-23T14:46:18+02:00,[22],[0.31]
2024-05-23T14:40:06+02:00,[17],[0]
2024-05-23T14:39:15+02:00,[19],[0.07]
2024-05-23T14:37:19+02:00,[66],[0.05]
2024-05-23T14:31:09+02:00,[20],[0]
2024-05-23T14:18:49+02:00,[22],[0.36]
2024-05-23T14:10:13+02:00,[90],[0.26]
2024-05-23T13:50:46+02:00,[55],[0.04]
2024-05-23T12:10:12+02:00,[65],[0.04]
2024-05-23T11:50:07+02:00,[32],[0]
2024-05-23T11:31:23+02:00,[28],[0]
2024-05-23T11:18:52+02:00,[51],[0]
2024-05-23T10:55:21+02:00,[114],[0]
2024-05-23T10:54:36+02:00,[34],[0]
2024-05-23T10:53:02+02:00,[32],[0]
2024-05-23T10:49:01+02:00,[77],[0]
2024-05-23T10:39:59+02:00,[23],[0]
2024-05-23T10:39:15+02:00,[30],[0]
2024-05-22T21:40:30+02:00,[38],[0]
2024-05-22T21:39:56+02:00,[13],[0]
2024-05-22T17:02:27+02:00,[105],[0.02]
2024-05-22T15:30:26+02:00,[32],[0.16]
2024-05-22T14:28:41+02:00,[20],[0]
2024-05-22T08:44:57+02:00,[29],[0]
2024-05-22T08:34:25+02:00,[28],[0]
2024-05-21T16:08:40+02:00,[23],[0.08]
2024-05-21T16:05:14+02:00,[67],[0.21]
2024-05-21T16:01:48+02:00,[184],[0.08]
2024-05-21T15:18:38+02:00,[44],[0]
2024-05-21T15:15:58+02:00,[142],[0.01]
2024-05-21T14:33:40+02:00,[44],[0.09]
2024-05-21T14:30:14+02:00,[167],[0.01]
2024-05-20T13:35:15+02:00,[124],[0]
2024-05-20T12:23:12+02:00,[127],[0]
2024-05-20T11:18:35+02:00,[22],[0]
2024-05-20T11:17:09+02:00,[52],[0.05]
2024-05-20T11:16:24+02:00,[34],[0]
2024-05-20T11:06:57+02:00,[16],[0]
2024-05-20T11:03:10+02:00,[18],[0]
2024-05-20T10:59:09+02:00,[130],[0.05]
2024-05-19T20:15:05+02:00,[17],[0]
2024-05-19T20:03:37+02:00,[36],[0.06]
2024-05-19T19:58:13+02:00,[23],[0.7]
2024-05-19T19:08:04+02:00,[23],[0.2]
2024-05-19T18:59:54+02:00,[148],[0.04]
2024-05-19T18:55:27+02:00,[133],[0.02]
2024-05-19T18:52:08+02:00,[21],[0]
2024-05-19T18:51:16+02:00,[28],[0]
2024-05-19T18:50:23+02:00,[19],[0]
2024-05-19T18:48:53+02:00,[54],[0.07]
2024-05-19T18:39:13+02:00,[40],[0.05]
2024-05-19T18:37:57+02:00,[33],[0.11]
2024-05-19T18:36:21+02:00,[58],[0.08]
2024-05-19T18:18:56+02:00,[27],[0.63]
2024-05-19T18:11:49+02:00,[17],[0.7]
2024-05-19T18:06:28+02:00,[55],[0]
2024-05-19T18:04:58+02:00,[30],[0]
2024-05-19T18:02:04+02:00,[31],[0]
2024-05-19T18:00:16+02:00,[51],[0]
2024-05-19T12:08:52+02:00,[27],[0]
2024-05-19T12:07:49+02:00,[30],[0.11]
2024-05-19T12:05:01+02:00,[126],[0.22]
2024-05-19T11:59:45+02:00,[25],[0.31]
2024-05-19T10:31:58+02:00,[47],[0]
2024-05-19T10:01:33+02:00,[22],[0]
2024-05-19T10:00:03+02:00,[61],[0.05]
2024-05-19T09:59:23+02:00,[23],[0]
2024-05-19T09:58:13+02:00,[41],[0]
2024-05-19T08:58:03+02:00,[43],[0]
2024-05-17T20:08:02+02:00,[20],[0.23]
2024-05-17T19:46:38+02:00,[63],[0]
2024-05-17T18:29:25+02:00,[40],[0]
2024-05-17T18:25:48+02:00,[121],[0]
2024-05-17T18:25:17+02:00,[18],[0]
2024-05-17T18:22:26+02:00,[33],[0.2]
2024-05-17T03:02:31+02:00,[37],[0.07]
2024-05-17T03:01:30+02:00,[45],[0]
2024-05-17T02:50:44+02:00,[19],[0]
2024-05-17T02:47:53+02:00,[48],[0]
2024-05-17T02:46:45+02:00,[26],[0]
2024-05-17T02:02:28+02:00,[24],[0.06]
2024-05-17T01:22:30+02:00,[16],[0]
2024-05-17T00:47:40+02:00,[28],[0.15]
2024-05-17T00:00:42+02:00,[46],[0]
2024-05-16T23:59:34+02:00,[36],[0]
2024-05-16T23:54:24+02:00,[123],[0.02]
2024-05-16T23:51:30+02:00,[54],[0]
2024-05-16T23:49:06+02:00,[131],[0]
2024-05-16T23:48:14+02:00,[24],[0]
2024-05-16T22:41:39+02:00,[31],[0]
2024-05-16T22:38:39+02:00,[67],[0.14]
2024-05-16T22:29:53+02:00,[26],[0]
2024-05-16T21:59:02+02:00,[28],[0]
2024-05-16T21:54:01+02:00,[276],[0]
2024-05-16T20:01:25+02:00,[205],[0]
2024-05-14T21:13:52+02:00,[130],[0.08]
2024-05-14T20:51:21+02:00,[73],[0]
2024-05-14T19:19:02+02:00,[73],[0.02]
2024-05-14T19:05:08+02:00,[60],[0.05]
2024-05-14T04:09:38+02:00,[41],[0.08]
2024-05-14T04:08:24+02:00,[52],[0.03]
2024-05-14T04:07:17+02:00,[42],[0.59]
2024-05-14T04:02:46+02:00,[16],[0.8]
2024-05-14T03:57:12+02:00,[20],[0.85]
2024-05-14T03:50:34+02:00,[54],[0]
2024-05-14T03:47:38+02:00,[56],[0]
2024-05-14T03:45:44+02:00,[94],[0]
2024-05-13T05:10:09+02:00,[197],[0]
2024-05-13T05:01:47+02:00,[172],[0.01]
2024-05-13T05:00:26+02:00,[66],[0.13]
2024-05-13T04:54:24+02:00,[109],[0.05]
2024-05-13T04:50:50+02:00,[190],[0]
2024-05-13T04:48:50+02:00,[105],[0]
2024-05-13T04:46:09+02:00,[136],[0]
2024-05-13T04:44:18+02:00,[92],[0]
2024-05-12T03:28:16+02:00,[151],[0.01]
2024-05-12T03:23:47+02:00,[47],[0.02]
2024-05-12T03:21:22+02:00,[85],[0]
2024-05-12T03:08:44+02:00,[21],[0]
2024-05-12T03:07:44+02:00,[23],[0]
2024-05-12T01:56:49+02:00,[59],[0]
2024-05-12T01:55:19+02:00,[41],[0]
2024-05-12T00:57:06+02:00,[51],[0]
2024-05-12T00:56:25+02:00,[30],[0.09]
2024-05-12T00:55:55+02:00,[19],[0.27]
2024-05-12T00:47:25+02:00,[49],[0.14]
2024-05-12T00:43:47+02:00,[24],[0]
2024-05-12T00:20:39+02:00,[143],[0.04]
2024-05-12T00:12:16+02:00,[55],[0.22]
2024-05-12T00:07:21+02:00,[27],[0]
2024-05-12T00:06:19+02:00,[29],[0]
2024-05-11T23:06:04+02:00,[51],[0.1]
2024-05-11T23:03:42+02:00,[33],[0]
2024-05-11T22:52:19+02:00,[60],[0]
2024-05-11T22:48:38+02:00,[207],[0.05]
2024-05-11T22:47:43+02:00,[35],[0.26]
2024-05-11T22:46:11+02:00,[69],[0.56]
2024-05-11T22:43:21+02:00,[139],[0.11]
2024-05-11T22:32:22+02:00,"[300,15]","[0.21,0.5]"
2024-05-11T22:31:34+02:00,[19],[0.27]
2024-05-11T22:21:49+02:00,[44],[0.11]
2024-05-11T22:20:17+02:00,[41],[0.41]
2024-05-11T22:16:45+02:00,[41],[0.16]
2024-05-11T22:15:49+02:00,[37],[0.36]
2024-05-11T22:13:46+02:00,[19],[0.36]
2024-05-11T22:11:06+02:00,[36],[0]
2024-05-11T21:50:54+02:00,[108],[0]
2024-05-11T21:49:11+02:00,[92],[0]
2024-05-11T21:05:02+02:00,[55],[0]
2024-05-11T21:00:02+02:00,[299],[0]
2024-05-11T06:48:12+02:00,[35],[0]
2024-05-11T06:46:21+02:00,[22],[0]
2024-05-11T06:37:47+02:00,[22],[0]
2024-05-11T06:36:33+02:00,[39],[0.04]
2024-05-11T06:35:12+02:00,[18],[0]
2024-05-11T06:28:52+02:00,[66],[0.03]
2024-05-11T05:43:10+02:00,[130],[0.02]
2024-05-10T02:25:51+02:00,[25],[0]
2024-05-10T00:44:06+02:00,[80],[0]
2024-05-10T00:41:52+02:00,[27],[0]
2024-05-10T00:40:52+02:00,[49],[0]
2024-05-10T00:17:05+02:00,[55],[0]
2024-05-10T00:15:58+02:00,[19],[0]
2024-05-10T00:10:57+02:00,[300],[0.01]
2024-05-09T23:09:21+02:00,[50],[0]
2024-05-09T23:02:40+02:00,[43],[0]
2024-05-09T22:15:09+02:00,[69],[0]
2024-05-09T22:00:57+02:00,[110],[0]
2024-05-09T21:54:29+02:00,[198],[0.04]
2024-05-09T19:10:28+02:00,[18],[0]
2024-05-09T19:08:17+02:00,[90],[0]
2024-05-09T18:59:35+02:00,[20],[0]
2024-05-09T18:53:52+02:00,[30],[0]
2024-05-09T17:58:53+02:00,[27],[0]
2024-05-09T17:54:02+02:00,[265],[0]
2024-05-09T17:19:14+02:00,[47],[0.04]
2024-05-09T17:17:04+02:00,[47],[0]
2024-05-09T16:13:21+02:00,[68],[0]
2024-05-09T16:12:18+02:00,[20],[0]
2024-05-09T01:36:42+02:00,[19],[0]
2024-05-09T01:17:21+02:00,[21],[0]
2024-05-09T01:16:14+02:00,[36],[0.05]
2024-05-08T02:26:33+02:00,[48],[0]
2024-05-08T02:23:59+02:00,[44],[0]
2024-05-08T02:20:50+02:00,[86],[0]
2024-05-08T02:03:44+02:00,[298],[0]
2024-05-08T01:48:06+02:00,[24],[0]
2024-05-08T01:44:56+02:00,[176],[0]
2024-05-08T01:31:25+02:00,[53],[0]
2024-05-08T01:19:54+02:00,[55],[0]
2024-05-05T04:22:31+02:00,[44],[0.03]
2024-05-05T04:07:22+02:00,[43],[0]
2024-05-05T03:45:14+02:00,[46],[0]
2024-05-05T03:43:47+02:00,[74],[0]
2024-05-05T03:42:13+02:00,[81],[0]
2024-05-05T03:38:50+02:00,[147],[0.02]
2024-05-05T03:32:17+02:00,[31],[0.13]
2024-05-05T03:31:39+02:00,[18],[0.2]
2024-05-05T03:18:44+02:00,[50],[0.04]
2024-05-05T03:16:43+02:00,[37],[0]
2024-05-05T03:03:55+02:00,[29],[0.04]
2024-05-05T02:59:56+02:00,[133],[0.03]
2024-05-05T02:56:19+02:00,[38],[0.05]
2024-05-05T02:49:39+02:00,[23],[0]
2024-05-05T02:48:58+02:00,[26],[0]
2024-05-05T02:48:15+02:00,[19],[0]
2024-05-05T02:47:13+02:00,[31],[0.05]
2024-05-05T02:18:50+02:00,[79],[0.08]
2024-05-03T22:00:19+02:00,[55],[0]
2024-05-03T21:59:00+02:00,[37],[0]
2024-05-03T20:43:08+02:00,[32],[0]
2024-05-03T20:39:49+02:00,[185],[0]
2024-05-03T20:33:51+02:00,[106],[0.02]
2024-05-03T19:35:36+02:00,[21],[0]
2024-05-03T19:23:00+02:00,[72],[0]
2024-05-03T02:54:28+02:00,[15],[0]
2024-05-03T02:48:57+02:00,[24],[0]
2024-05-03T02:46:45+02:00,[35],[0]
2024-05-03T01:39:41+02:00,[77],[0]
2024-05-03T01:38:46+02:00,[24],[0]
2024-05-03T01:17:28+02:00,[22],[0]
2024-05-03T01:12:25+02:00,[300],[0]
2024-05-02T22:21:56+02:00,[27],[0.07]
2024-05-02T22:16:01+02:00,[46],[0]
2024-05-02T22:07:57+02:00,[42],[0]
2024-05-02T21:51:15+02:00,[198],[0.02]
2024-05-02T19:08:30+02:00,[101],[0.01]
2024-05-02T17:36:27+02:00,[33],[0]
2024-05-02T17:31:27+02:00,[299],[0]
2024-05-02T17:29:37+02:00,[17],[0]
2024-05-02T17:08:41+02:00,[45],[0]
2024-05-02T16:12:28+02:00,[19],[0.1]
2024-05-01T22:34:21+02:00,[116],[0]
2024-05-01T22:30:09+02:00,[240],[0]
2024-05-01T02:32:22+02:00,[64],[0.03]
2024-05-01T02:30:45+02:00,[21],[0.5]
2024-04-29T02:47:39+02:00,[35],[0]
2024-04-29T02:46:11+02:00,[25],[0.2]
2024-04-29T02:42:36+02:00,[14],[0.1]
2024-04-29T02:36:44+02:00,[33],[0.32]
2024-04-29T02:25:48+02:00,[84],[0]
2024-04-29T02:24:09+02:00,[48],[0.16]
2024-04-29T01:43:57+02:00,[22],[0.08]
2024-04-29T01:42:31+02:00,[51],[0.09]
2024-04-28T07:30:15+02:00,[33],[0]
2024-04-28T06:42:25+02:00,[102],[0.03]
2024-04-28T06:38:17+02:00,[34],[0]
2024-04-28T06:29:59+02:00,[24],[0.25]
2024-04-28T05:13:21+02:00,[23],[0.08]
2024-04-28T05:08:50+02:00,[109],[0]
2024-04-28T05:08:14+02:00,[21],[0]
2024-04-28T05:02:44+02:00,[22],[0]
2024-04-28T03:59:48+02:00,[29],[0]
2024-04-28T03:44:56+02:00,[33],[0]
2024-04-28T03:35:09+02:00,[157],[0]
2024-04-28T03:32:31+02:00,[103],[0]
2024-04-28T02:36:45+02:00,[95],[0]
2024-04-28T02:34:24+02:00,[79],[0.02]
2024-04-27T03:59:26+02:00,[17],[0]
2024-04-27T03:41:35+02:00,[150],[0]
2024-04-27T03:26:18+02:00,[20],[0]
2024-04-27T02:51:10+02:00,[18],[0]
2024-04-27T02:49:18+02:00,[70],[0]
2024-04-27T02:48:29+02:00,[35],[0]
2024-04-27T02:37:32+02:00,[120],[0.01]
2024-04-27T02:14:20+02:00,[19],[0]
2024-04-27T00:42:34+02:00,[145],[0]
2024-04-27T00:17:41+02:00,[106],[0]
2024-04-27T00:12:40+02:00,[299],[0]
2024-04-26T22:41:13+02:00,[300],[0]
2024-04-26T21:30:47+02:00,[16],[0]
2024-04-26T21:28:20+02:00,[133],[0]
2024-04-26T21:21:56+02:00,"[299,24]","[0,0]"
2024-04-26T18:00:34+02:00,[245],[0.01]
2024-04-26T17:59:48+02:00,[16],[0]
2024-04-26T17:29:32+02:00,[78],[0]
2024-04-26T17:26:46+02:00,[43],[0]
2024-04-26T01:00:02+02:00,[96],[0]
2024-04-26T00:58:30+02:00,[65],[0.03]
2024-04-25T22:49:19+02:00,[85],[0]
2024-04-25T22:46:07+02:00,[46],[0]
2024-04-25T22:44:33+02:00,[83],[0]
2024-04-25T01:33:41+02:00,[33],[0]
2024-04-25T01:26:42+02:00,[137],[0.01]
2024-04-25T01:21:50+02:00,[25],[0.33]
2024-04-25T01:17:39+02:00,[80],[0.14]
2024-04-25T01:12:41+02:00,[21],[0]
2024-04-23T04:07:08+02:00,[42],[0]
2024-04-23T04:03:45+02:00,[20],[0]
2024-04-23T03:42:09+02:00,[150],[0]
2024-04-23T02:57:32+02:00,[22],[0]
2024-04-23T02:55:53+02:00,[89],[0]
2024-04-23T02:10:19+02:00,[46],[0]
2024-04-23T02:08:07+02:00,[117],[0]
2024-04-23T01:32:12+02:00,"[300,107]","[0,0]"
2024-04-23T01:31:38+02:00,[21],[0]
2024-04-23T00:11:31+02:00,[43],[0]
2024-04-22T03:16:24+02:00,[31],[0]
2024-04-22T00:58:04+02:00,[24],[0]
2024-04-21T01:14:02+02:00,[28],[0]
2024-04-21T01:04:09+02:00,[26],[0.06]
2024-04-21T01:01:32+02:00,[20],[0]
2024-04-21T01:00:22+02:00,[25],[0.11]
2024-04-21T00:57:14+02:00,[27],[0]
2024-04-21T00:50:40+02:00,[125],[0]
2024-04-21T00:48:53+02:00,[33],[0.05]
2024-04-21T00:41:31+02:00,[23],[0.17]
2024-04-21T00:40:05+02:00,[25],[0.25]
2024-04-21T00:29:33+02:00,[25],[0.07]
2024-04-21T00:25:37+02:00,[23],[0]
2024-04-21T00:21:22+02:00,[19],[0]
2024-04-20T23:52:27+02:00,[105],[0.07]
2024-04-20T23:51:27+02:00,[39],[0]
2024-04-20T23:50:47+02:00,[26],[0]
2024-04-20T23:24:15+02:00,[20],[0]
2024-04-20T22:42:16+02:00,[35],[0]
2024-04-19T23:52:55+02:00,[33],[0]
2024-04-19T23:36:04+02:00,[29],[0]
2024-04-19T23:29:31+02:00,[23],[0.08]
2024-04-19T23:24:31+02:00,[297],[0.01]
2024-04-19T23:19:30+02:00,[297],[0]
2024-04-19T23:18:31+02:00,[44],[0]
2024-04-19T23:16:11+02:00,[29],[0]
2024-04-19T22:56:00+02:00,[101],[0]
2024-04-19T22:51:59+02:00,[179],[0.06]
2024-04-19T22:49:24+02:00,[90],[0]
2024-04-19T22:47:23+02:00,[79],[0.15]
2024-04-19T22:45:18+02:00,[44],[0]
2024-04-19T22:43:17+02:00,[109],[0.02]
2024-04-19T22:42:23+02:00,[39],[0]
2024-04-19T22:41:16+02:00,[52],[0]
2024-04-19T22:36:16+02:00,[299],[0]
2024-04-19T22:33:08+02:00,[29],[0.41]
2024-04-19T22:25:17+02:00,[66],[0]
2024-04-19T22:19:15+02:00,[27],[0]
2024-04-19T22:10:47+02:00,"[299,118]","[0.01,0]"
2024-04-19T22:03:09+02:00,[298],[0]
2024-04-19T21:59:19+02:00,[174],[0]
2024-04-19T21:52:32+02:00,[30],[0]
2024-04-19T21:24:53+02:00,[64],[0]
2024-04-19T21:05:18+02:00,[19],[0.5]
2024-04-19T20:53:47+02:00,[24],[0]
2024-04-19T17:56:58+02:00,[168],[0.01]
2024-04-19T17:32:05+02:00,[143],[0.01]
2024-04-19T17:27:05+02:00,[299],[0]
2024-04-19T17:07:57+02:00,[117],[0]
2024-04-19T17:06:13+02:00,[51],[0.03]
2024-04-19T02:48:44+02:00,[44],[0]
2024-04-19T02:32:20+02:00,[60],[0.03]
2024-04-19T00:23:09+02:00,[57],[0]
2024-04-19T00:21:07+02:00,[91],[0]
2024-04-18T23:24:17+02:00,[19],[0]
2024-04-18T22:49:17+02:00,[21],[0]
2024-04-18T22:46:35+02:00,[20],[0]
2024-04-18T22:43:39+02:00,[43],[0]
2024-04-18T22:42:46+02:00,[33],[0]
2024-04-18T22:41:32+02:00,[36],[0]
2024-04-18T22:28:57+02:00,[104],[0]
2024-04-18T22:16:37+02:00,[299],[0]
2024-04-18T22:09:25+02:00,[49],[0]
2024-04-18T22:00:19+02:00,[31],[0]
2024-04-18T21:57:57+02:00,[20],[0]
2024-04-18T21:55:13+02:00,[71],[0]
2024-04-18T18:46:13+02:00,[49],[0.05]
2024-04-18T18:45:24+02:00,[34],[0]
2024-04-18T18:44:01+02:00,[18],[0]
2024-04-18T17:31:10+02:00,[39],[0]
2024-04-18T17:25:33+02:00,[166],[0]
2024-04-18T17:07:49+02:00,[73],[0]
2024-04-18T17:05:48+02:00,[49],[0.04]
2024-04-18T03:01:27+02:00,[33],[0.05]
2024-04-18T02:29:02+02:00,[42],[0]
2024-04-18T02:23:15+02:00,[25],[0.15]
2024-04-18T02:02:25+02:00,[20],[0.25]
2024-04-18T02:00:28+02:00,[44],[0.15]
2024-04-18T01:56:04+02:00,[45],[0.21]
2024-04-18T01:51:57+02:00,[28],[0.08]
2024-04-18T01:50:12+02:00,[26],[0]
2024-04-18T01:35:24+02:00,[40],[0.21]
2024-04-18T01:34:42+02:00,[23],[0.23]
2024-04-17T01:08:44+02:00,[18],[0]
2024-04-17T01:07:55+02:00,[24],[0.12]
2024-04-17T00:59:05+02:00,[31],[0.5]
2024-04-17T00:45:50+02:00,[38],[0.08]
2024-04-17T00:26:33+02:00,[67],[0.05]
2024-04-17T00:03:06+02:00,[57],[0.13]
2024-04-16T05:19:47+02:00,[55],[0.06]
2024-04-16T04:04:42+02:00,[98],[0]
2024-04-16T03:44:47+02:00,[53],[0]
2024-04-16T03:40:25+02:00,[198],[0]
2024-04-16T01:57:42+02:00,[19],[0]
2024-04-16T01:54:18+02:00,[139],[0]
2024-04-16T01:53:20+02:00,[40],[0]
2024-04-16T01:30:41+02:00,[74],[0]
2024-04-16T00:08:45+02:00,[20],[0]
2024-04-15T05:21:22+02:00,[156],[0]
2024-04-15T05:20:35+02:00,[28],[0]
2024-04-15T03:33:35+02:00,[169],[0.01]
2024-04-14T03:28:54+02:00,[19],[0]
2024-04-14T03:27:18+02:00,[12],[0.1]
2024-04-14T03:26:32+02:00,[17],[0.14]
2024-04-14T03:22:11+02:00,[34],[0]
2024-04-14T03:19:41+02:00,[47],[0.18]
2024-04-14T03:05:20+02:00,[78],[0.05]
2024-04-14T03:02:11+02:00,[59],[0]
2024-04-14T03:01:31+02:00,[21],[0.1]
2024-04-14T03:00:27+02:00,[19],[0.09]
2024-04-14T02:59:23+02:00,[28],[0]
2024-04-14T02:54:07+02:00,[47],[0.09]
2024-04-14T02:47:45+02:00,[34],[0.04]
2024-04-13T01:41:26+02:00,[35],[0]
2024-04-12T23:51:49+02:00,[26],[0]
2024-04-12T23:50:43+02:00,[27],[0]
2024-04-12T22:54:07+02:00,[23],[0]
2024-04-12T21:32:49+02:00,[68],[0]
2024-04-12T20:48:02+02:00,[35],[0]
2024-04-12T20:36:08+02:00,[32],[0]
2024-04-12T20:20:53+02:00,[100],[0]
2024-04-12T17:54:47+02:00,[42],[0]
2024-04-12T17:25:24+02:00,[233],[0]
2024-04-12T17:11:42+02:00,[22],[0]
2024-04-12T17:09:42+02:00,[98],[0]
2024-04-12T17:08:12+02:00,[24],[0]
2024-04-12T16:10:16+02:00,[104],[0]
2024-04-12T02:26:13+02:00,[47],[0]
2024-04-12T02:07:04+02:00,[22],[0]
2024-04-12T00:45:00+02:00,[107],[0]
2024-04-12T00:42:22+02:00,[97],[0]
2024-04-12T00:17:53+02:00,[71],[0]
2024-04-12T00:11:59+02:00,"[298,36]","[0,0]"
2024-04-12T00:02:59+02:00,[83],[0.05]
2024-04-11T23:34:48+02:00,[34],[0]
2024-04-11T21:57:25+02:00,[80],[0]
2024-04-11T21:55:26+02:00,[88],[0]
2024-04-11T18:53:03+02:00,[25],[0]
2024-04-11T18:49:47+02:00,[168],[0.01]
2024-04-11T17:29:28+02:00,[297],[0]
2024-04-11T17:28:51+02:00,[21],[0]
2024-04-11T17:09:24+02:00,[56],[0]
2024-04-11T17:07:11+02:00,[15],[0]
2024-04-11T16:08:24+02:00,[93],[0]
2024-04-11T16:06:48+02:00,[34],[0]
2024-04-10T04:36:42+02:00,[20],[0]
2024-04-10T03:52:18+02:00,[29],[0]
2024-04-10T03:46:02+02:00,[19],[0]
2024-04-10T03:43:10+02:00,[21],[0.2]
2024-04-10T03:42:18+02:00,[26],[0]
2024-04-10T03:39:39+02:00,[20],[0]
2024-04-10T03:37:45+02:00,[26],[0]
2024-04-10T03:34:09+02:00,[32],[0]
2024-04-10T03:02:40+02:00,[47],[0]
2024-04-10T01:37:27+02:00,[24],[0]
2024-04-10T01:34:20+02:00,[76],[0.05]
2024-04-10T01:27:02+02:00,[299],[0]
2024-04-10T00:04:10+02:00,[234],[0.02]
2024-04-10T00:01:44+02:00,[87],[0]
2024-04-09T23:11:37+02:00,[123],[0]
2024-04-09T22:47:29+02:00,[150],[0]
2024-04-09T22:27:30+02:00,[63],[0]
2024-04-09T22:08:24+02:00,[13],[0]
2024-04-09T22:02:18+02:00,[70],[0.02]
2024-04-09T22:00:12+02:00,[17],[0]
2024-04-09T21:58:07+02:00,[49],[0]
2024-04-07T04:04:15+02:00,[27],[0]
2024-04-07T03:55:41+02:00,[22],[0]
2024-04-07T03:35:33+02:00,[43],[0]
2024-04-07T03:13:35+02:00,[62],[0]
2024-04-07T02:28:05+02:00,[19],[0.09]
2024-04-07T02:27:00+02:00,[20],[0.09]
2024-04-07T01:55:01+02:00,[15],[0.08]
2024-04-07T01:53:16+02:00,[92],[0]
2024-04-07T01:38:11+02:00,[16],[0.1]
2024-04-07T01:34:35+02:00,[94],[0]
2024-04-07T00:58:21+02:00,[84],[0]
2024-04-07T00:46:30+02:00,[46],[0.04]
2024-04-07T00:45:24+02:00,[39],[0.04]
2024-04-07T00:42:56+02:00,[100],[0.07]
2024-04-07T00:42:06+02:00,[38],[0]
2024-04-07T00:41:26+02:00,[28],[0]
2024-04-07T00:39:32+02:00,[33],[0.18]
2024-04-07T00:38:52+02:00,[20],[0.06]
2024-04-07T00:33:56+02:00,[35],[0.15]
2024-04-07T00:24:32+02:00,[92],[0.08]
2024-04-07T00:20:31+02:00,[72],[0.08]
2024-04-07T00:19:35+02:00,[39],[0]
2024-04-07T00:17:33+02:00,[40],[0.04]
2024-04-07T00:16:52+02:00,[27],[0.06]
2024-04-07T00:12:04+02:00,[64],[0]
2024-04-07T00:11:19+02:00,[31],[0]
2024-04-06T23:38:33+02:00,[17],[0]
2024-04-06T23:36:23+02:00,[35],[0.15]
2024-04-06T23:31:51+02:00,[40],[0.39]
2024-04-06T22:58:13+02:00,[36],[0.12]
2024-04-06T21:50:42+02:00,[26],[0]
2024-04-06T21:49:43+02:00,[34],[0]
2024-04-06T21:49:00+02:00,[31],[0]
2024-04-06T04:18:20+02:00,[27],[0.06]
2024-04-06T04:15:50+02:00,[63],[0]
2024-04-06T04:00:18+02:00,[67],[0]
2024-04-06T03:55:18+02:00,[299],[0.01]
2024-04-06T03:31:20+02:00,[21],[0]
2024-04-06T03:22:55+02:00,[34],[0.25]
2024-04-06T03:17:25+02:00,[46],[0.07]
2024-04-06T03:02:57+02:00,[82],[0.1]
2024-04-06T02:59:56+02:00,[65],[0.05]
2024-04-06T02:58:09+02:00,[89],[0.04]
2024-04-06T02:23:22+02:00,[43],[0.04]
2024-04-06T02:22:05+02:00,[27],[0.23]
2024-04-06T02:19:51+02:00,[68],[0.16]
2024-04-06T02:06:38+02:00,[37],[0.19]
2024-04-06T02:05:14+02:00,[49],[0.22]
2024-04-04T04:47:35+02:00,[62],[0]
2024-04-04T04:36:00+02:00,[16],[0]
2024-04-04T04:23:54+02:00,[47],[0]
2024-04-04T03:54:58+02:00,[120],[0]
2024-04-04T03:54:19+02:00,[22],[0]
2024-04-02T04:04:54+02:00,[38],[0]
2024-04-02T04:02:53+02:00,[31],[0.05]
2024-04-02T03:42:22+02:00,[44],[0.04]
2024-04-02T03:20:42+02:00,[32],[0.22]
2024-04-02T03:08:59+02:00,[48],[0.05]
2024-04-02T02:57:11+02:00,[26],[0.06]
2024-03-31T07:45:38+02:00,[98],[0]
2024-03-31T07:44:04+02:00,[82],[0]
2024-03-31T04:23:20+02:00,[169],[0]
2024-03-29T01:34:58+01:00,[39],[0.05]
2024-03-29T01:21:29+01:00,[25],[0.12]
2024-03-29T01:17:35+01:00,[15],[0]
2024-03-29T00:27:43+01:00,[16],[0]
2024-03-28T03:34:04+01:00,[59],[0]
2024-03-28T03:31:51+01:00,[39],[0.03]
2024-03-28T03:23:05+01:00,[65],[0.02]
2024-03-28T03:20:59+01:00,[35],[0.05]
2024-03-28T03:19:22+01:00,[67],[0]
2024-03-28T03:12:07+01:00,[29],[0]
2024-03-26T05:01:38+01:00,[40],[0]
2024-03-26T04:31:59+01:00,[27],[0]
2024-03-26T04:30:13+01:00,[22],[0]
2024-03-26T03:12:26+01:00,[11],[0]
2024-03-26T03:08:40+01:00,[66],[0]
2024-03-26T02:48:08+01:00,[36],[0]
2024-03-26T02:43:05+01:00,[297],[0]
2024-03-26T02:36:49+01:00,[37],[0]
2024-03-26T02:23:44+01:00,[65],[0]
2024-03-26T01:02:39+01:00,[215],[0]
2024-03-26T00:48:00+01:00,[39],[0.05]
2024-03-26T00:43:09+01:00,[148],[0]
2024-03-26T00:39:04+01:00,[93],[0]
2024-03-25T05:27:02+01:00,[71],[0.03]
2024-03-25T03:02:44+01:00,[15],[1]
2024-03-25T03:01:20+01:00,[27],[0.35]
2024-03-25T02:56:44+01:00,[64],[0.07]
2024-03-25T02:54:10+01:00,[15],[0.1]
2024-03-25T02:02:38+01:00,[62],[0]
2024-03-25T01:45:10+01:00,[68],[0]
2024-03-24T01:22:58+01:00,[16],[0]
2024-03-24T01:01:53+01:00,[23],[0]
2024-03-24T00:54:31+01:00,[76],[0]
2024-03-24T00:53:50+01:00,[25],[0]
2024-03-24T00:51:27+01:00,[40],[0.04]
2024-03-24T00:49:13+01:00,[31],[0.15]
2024-03-24T00:40:42+01:00,[44],[0.16]
2024-03-24T00:38:04+01:00,[21],[0.19]
2024-03-24T00:34:54+01:00,[25],[0.13]
2024-03-24T00:33:47+01:00,[48],[0.03]
2024-03-24T00:31:49+01:00,[24],[0]
2024-03-24T00:31:04+01:00,[34],[0.21]
2024-03-24T00:29:45+01:00,[58],[0.17]
2024-03-24T00:28:38+01:00,[23],[0.58]
2024-03-24T00:26:06+01:00,[118],[0.04]
2024-03-24T00:25:10+01:00,[40],[0]
2024-03-24T00:22:13+01:00,[97],[0]
2024-03-24T00:20:22+01:00,[62],[0.05]
2024-03-24T00:15:37+01:00,[34],[0]
2024-03-24T00:13:38+01:00,[62],[0.03]
2024-03-24T00:06:29+01:00,[107],[0.01]
2024-03-23T23:58:33+01:00,[24],[0]
2024-03-23T23:48:33+01:00,[68],[0.07]
2024-03-23T23:27:12+01:00,[52],[0]
2024-03-23T23:22:19+01:00,[38],[0]
2024-03-23T23:19:44+01:00,[51],[0.08]
2024-03-23T22:51:44+01:00,[39],[0.12]
2024-03-22T01:45:39+01:00,[123],[0]
2024-03-22T01:31:11+01:00,[16],[0]
2024-03-22T01:28:35+01:00,[87],[0.02]
2024-03-22T01:04:35+01:00,[15],[0]
2024-03-21T23:48:50+01:00,[109],[0]
2024-03-21T23:46:05+01:00,[88],[0.02]
2024-03-21T23:19:56+01:00,[22],[0]
2024-03-21T23:17:38+01:00,[56],[0]
2024-03-21T23:14:48+01:00,[158],[0.01]
2024-03-21T22:46:40+01:00,[283],[0]
2024-03-21T21:59:15+01:00,[39],[0]
2024-03-21T21:54:23+01:00,[75],[0]
2024-03-21T20:57:37+01:00,[54],[0.32]
2024-03-21T20:49:49+01:00,[284],[0.04]
2024-03-21T18:00:31+01:00,[21],[0]
2024-03-21T17:56:26+01:00,[154],[0.01]
2024-03-21T17:24:23+01:00,[59],[0]
2024-03-21T16:27:08+01:00,"[299,98]","[0,0.02]"
2024-03-21T16:26:22+01:00,[19],[0]
2024-03-21T15:14:49+01:00,[82],[0]
2024-03-21T02:22:51+01:00,[85],[0]
2024-03-21T02:20:37+01:00,[113],[0]
2024-03-21T02:19:08+01:00,[73],[0]
2024-03-21T02:14:26+01:00,[261],[0]
2024-03-21T02:00:01+01:00,[67],[0.02]
2024-03-21T01:56:36+01:00,[17],[0.3]
2024-03-21T01:54:42+01:00,[100],[0]
2024-03-21T01:53:49+01:00,[17],[0]
2024-03-21T01:51:41+01:00,[18],[0]
2024-03-21T01:44:14+01:00,[76],[0]
2024-03-21T01:32:15+01:00,[56],[0]
2024-03-21T01:31:17+01:00,[43],[0]
2024-03-21T01:30:11+01:00,[15],[0]
2024-03-21T01:23:17+01:00,[50],[0.03]
2024-03-21T00:46:36+01:00,[68],[0.05]
2024-03-21T00:42:15+01:00,[36],[0.36]
2024-03-21T00:23:06+01:00,[179],[0.02]
2024-03-20T00:36:17+01:00,[34],[0]
2024-03-20T00:29:49+01:00,[17],[0]
2024-03-20T00:28:46+01:00,[45],[0]
2024-03-20T00:21:12+01:00,[64],[0]
2024-03-20T00:16:57+01:00,[110],[0.12]
2024-03-20T00:13:39+01:00,[40],[0.29]
2024-03-20T00:11:47+01:00,[67],[0.09]
2024-03-20T00:10:41+01:00,[29],[0]
2024-03-20T00:07:06+01:00,[86],[0]
2024-03-19T23:58:23+01:00,[30],[0]
2024-03-19T23:46:17+01:00,[29],[0]
2024-03-19T23:08:34+01:00,[35],[0.06]
2024-03-19T04:40:03+01:00,[38],[0]
2024-03-19T04:23:15+01:00,[23],[0]
2024-03-19T04:21:49+01:00,[18],[0]
2024-03-19T03:08:25+01:00,[27],[0.06]
2024-03-19T03:07:33+01:00,[35],[0]
2024-03-19T03:03:38+01:00,[68],[0]
2024-03-19T02:44:10+01:00,[249],[0]
2024-03-19T02:42:25+01:00,[50],[0]
2024-03-19T02:17:42+01:00,[35],[0]
2024-03-19T02:14:15+01:00,[147],[0]
2024-03-19T01:06:22+01:00,[219],[0]
2024-03-19T00:42:12+01:00,[18],[0]
2024-03-19T00:41:33+01:00,[16],[0]
2024-03-19T00:38:15+01:00,[181],[0]
2024-03-19T00:35:23+01:00,[155],[0]
2024-03-19T00:34:32+01:00,[26],[0]
2024-03-18T23:32:02+01:00,[97],[0]
2024-03-18T18:49:31+01:00,[75],[0.02]
2024-03-18T17:32:57+01:00,[77],[0]
2024-03-18T05:59:51+01:00,[58],[0]
2024-03-18T03:00:11+01:00,[51],[0.1]
2024-03-18T02:57:10+01:00,[56],[0]
2024-03-18T02:52:10+01:00,[298],[0]
2024-03-18T02:48:38+01:00,[135],[0.01]
2024-03-18T02:43:38+01:00,[298],[0.02]
2024-03-18T02:42:21+01:00,[54],[0.1]
2024-03-18T02:35:20+01:00,[107],[0.03]
2024-03-18T02:32:00+01:00,[186],[0]
2024-03-18T02:31:01+01:00,[33],[0.04]
2024-03-18T02:27:52+01:00,[67],[0]
2024-03-18T02:22:53+01:00,[297],[0]
2024-03-18T02:22:02+01:00,[34],[0.04]
2024-03-18T02:20:35+01:00,[33],[0]
2024-03-18T02:17:58+01:00,[142],[0]
2024-03-18T02:13:32+01:00,[191],[0]
2024-03-18T01:50:00+01:00,[64],[0.05]
2024-03-18T01:26:57+01:00,[36],[0.18]
2024-03-18T01:09:47+01:00,[70],[0.81]
2024-03-18T01:06:13+01:00,[46],[0.12]
2024-03-18T01:02:28+01:00,[22],[0.08]
2024-03-17T06:02:31+01:00,[23],[0.09]
2024-03-17T05:13:20+01:00,[56],[0.71]
2024-03-16T02:45:39+01:00,[13],[0]
2024-03-16T02:41:17+01:00,[44],[0.2]
2024-03-16T02:16:29+01:00,[14],[0.18]
2024-03-16T02:10:27+01:00,[31],[0.46]
2024-03-16T02:05:22+01:00,[31],[0.06]
2024-03-16T02:04:37+01:00,[24],[0]
2024-03-16T02:02:17+01:00,[51],[0]
2024-03-16T01:58:59+01:00,[85],[0.1]
2024-03-16T00:03:24+01:00,[16],[0]
2024-03-16T00:02:19+01:00,[53],[0]
2024-03-15T23:59:46+01:00,[27],[0]
2024-03-15T23:58:41+01:00,[30],[0]
2024-03-15T23:56:59+01:00,[83],[0.03]
2024-03-15T23:54:47+01:00,[57],[0.03]
2024-03-15T23:54:03+01:00,[29],[0.07]
2024-03-15T23:46:27+01:00,[159],[0.01]
2024-03-15T23:43:21+01:00,[83],[0]
2024-03-15T23:38:41+01:00,[157],[0.01]
2024-03-15T23:17:58+01:00,[66],[0.03]
2024-03-15T23:12:04+01:00,[279],[0]
2024-03-15T22:57:48+01:00,[42],[0]
2024-03-15T22:07:36+01:00,[94],[0.02]
2024-03-15T21:37:48+01:00,[114],[0]
2024-03-15T20:02:19+01:00,[65],[0]
2024-03-15T20:00:09+01:00,[112],[0]
2024-03-15T17:03:38+01:00,[23],[0]
2024-03-15T16:56:09+01:00,[247],[0]
2024-03-15T16:09:40+01:00,[71],[0]
2024-03-15T16:06:41+01:00,[64],[0.02]
2024-03-15T15:13:31+01:00,[28],[0]
2024-03-15T15:12:32+01:00,[25],[0]
2024-03-15T04:23:46+01:00,[30],[0]
2024-03-15T04:22:46+01:00,[47],[0]
2024-03-15T03:05:21+01:00,[103],[0.01]
2024-03-15T03:04:40+01:00,[30],[0]
2024-03-15T03:02:50+01:00,[86],[0]
2024-03-15T02:47:56+01:00,[46],[0]
2024-03-15T02:43:00+01:00,[271],[0]
2024-03-15T02:40:12+01:00,[35],[0]
2024-03-15T02:32:28+01:00,[39],[0]
2024-03-14T23:58:19+01:00,[30],[0]
2024-03-14T23:51:15+01:00,[41],[0]
2024-03-14T22:56:10+01:00,[60],[0]
2024-03-14T22:50:27+01:00,[138],[0]
2024-03-14T21:55:57+01:00,[262],[0]
2024-03-14T21:16:22+01:00,[20],[0.17]
2024-03-14T21:12:55+01:00,[70],[0]
2024-03-14T16:32:12+01:00,[24],[0]
2024-03-14T16:27:11+01:00,[300],[0]
2024-03-14T16:05:28+01:00,[64],[0.02]
2024-03-13T00:21:24+01:00,[63],[0]
2024-03-13T00:00:30+01:00,[58],[0]
2024-03-12T23:41:41+01:00,[115],[0.07]
2024-03-12T23:35:47+01:00,[25],[0]
2024-03-12T23:20:41+01:00,[17],[0]
2024-03-11T23:49:28+01:00,[296],[0.01]
2024-03-11T23:42:50+01:00,[116],[0.04]
2024-03-11T23:42:08+01:00,[22],[0.08]
2024-03-11T23:37:41+01:00,[65],[0.28]
2024-03-11T23:36:43+01:00,[33],[0.05]
2024-03-11T23:31:42+01:00,[72],[0.02]
2024-03-10T03:05:02+01:00,[47],[0]
2024-03-10T03:00:22+01:00,[23],[0.18]
2024-03-10T02:58:45+01:00,[25],[0]
2024-03-10T02:15:40+01:00,[109],[0.01]
2024-03-10T02:10:43+01:00,[48],[0.43]
2024-03-10T01:32:02+01:00,[75],[0.05]
2024-03-10T00:55:17+01:00,[88],[0.02]
2024-03-10T00:52:55+01:00,[119],[0]
2024-03-10T00:51:19+01:00,[48],[0.07]
2024-03-10T00:43:37+01:00,[174],[0.01]
2024-03-10T00:32:34+01:00,[21],[0.91]
2024-03-10T00:12:32+01:00,[22],[0.17]
2024-03-10T00:05:15+01:00,[32],[0.33]
2024-03-09T23:58:33+01:00,[47],[0]
2024-03-09T23:34:18+01:00,[12],[1]
2024-03-09T23:30:44+01:00,[41],[0.26]
2024-03-09T23:21:04+01:00,[118],[0.17]
2024-03-09T22:36:31+01:00,[79],[0.8]
2024-03-09T22:34:35+01:00,[53],[0.41]
2024-03-09T22:29:32+01:00,[300],[0.64]
2024-03-09T22:27:52+01:00,[78],[0.57]
2024-03-09T22:27:00+01:00,[42],[0.83]
2024-03-09T22:26:18+01:00,[31],[0.63]
2024-03-09T22:23:31+01:00,[154],[0.63]
2024-03-09T22:17:52+01:00,[40],[0.81]
2024-03-09T22:16:15+01:00,[56],[0.86]
2024-03-09T22:13:10+01:00,[95],[0.1]
2024-03-09T20:05:44+01:00,[23],[0.11]
2024-03-09T04:16:57+01:00,[53],[0]
2024-03-09T04:12:13+01:00,[21],[0.07]
2024-03-09T03:47:28+01:00,[88],[0.02]
2024-03-09T03:30:25+01:00,[18],[0]
2024-03-09T03:05:32+01:00,[182],[0]
2024-03-09T03:01:06+01:00,[174],[0]
2024-03-09T03:00:02+01:00,[29],[0]
2024-03-09T02:58:09+01:00,[42],[0.09]
2024-03-09T02:35:24+01:00,[77],[0]
2024-03-09T02:32:39+01:00,[54],[0]
2024-03-09T02:30:13+01:00,[127],[0]
2024-03-09T02:26:56+01:00,[40],[0.03]
2024-03-09T02:25:53+01:00,[14],[0]
2024-03-09T02:11:46+01:00,[32],[0]
2024-03-09T00:48:09+01:00,[34],[0.15]
2024-03-09T00:46:02+01:00,[67],[0]
2024-03-09T00:23:02+01:00,[62],[0]
2024-03-09T00:20:34+01:00,[74],[0]
2024-03-09T00:15:33+01:00,[300],[0]
2024-03-08T23:33:22+01:00,[80],[0]
2024-03-08T23:18:30+01:00,[104],[0.01]
2024-03-08T23:16:05+01:00,[132],[0.01]
2024-03-08T21:59:40+01:00,[159],[0.01]
2024-03-08T21:48:35+01:00,[45],[0]
2024-03-08T20:47:32+01:00,[32],[0]
2024-03-08T20:44:19+01:00,[151],[0]
2024-03-08T17:49:46+01:00,[41],[0]
2024-03-08T17:29:06+01:00,[238],[0]
2024-03-08T17:21:45+01:00,[65],[0]
2024-03-08T17:04:53+01:00,[64],[0]
2024-03-07T23:40:15+01:00,[19],[0]
2024-03-07T23:31:54+01:00,[280],[0.01]
2024-03-07T23:29:37+01:00,[121],[0]
2024-03-07T23:28:41+01:00,[40],[0]
2024-03-07T23:05:40+01:00,[40],[0]
2024-03-07T23:03:59+01:00,[20],[0]
2024-03-07T22:59:58+01:00,[219],[0]
2024-03-07T22:09:30+01:00,[156],[0.01]
2024-03-07T22:06:27+01:00,[44],[0.09]
2024-03-07T22:02:34+01:00,[24],[0.4]
2024-03-07T20:37:09+01:00,[20],[0.25]
2024-03-07T20:33:52+01:00,[152],[0.13]
2024-03-07T19:06:26+01:00,[209],[0]
2024-03-05T21:32:09+01:00,[63],[0]
2024-03-05T21:30:39+01:00,[77],[0]
2024-03-05T20:39:44+01:00,[41],[0.04]
2024-03-05T20:35:49+01:00,[212],[0.01]
2024-03-05T20:35:00+01:00,[28],[0]
2024-03-05T20:34:18+01:00,[31],[0]
2024-03-05T20:31:55+01:00,[17],[0]
2024-03-05T20:31:02+01:00,[15],[0]
2024-03-05T20:28:06+01:00,[164],[0.01]
2024-03-05T19:03:46+01:00,[48],[0]
2024-03-05T19:03:05+01:00,[26],[0]
2024-03-05T00:55:59+01:00,[24],[0.06]
2024-03-05T00:27:21+01:00,[29],[0]
2024-03-05T00:25:31+01:00,[66],[0]
2024-03-05T00:24:18+01:00,[27],[0]
2024-03-05T00:21:48+01:00,[137],[0.01]
2024-03-05T00:20:22+01:00,[26],[0]
2024-03-05T00:17:36+01:00,[48],[0]
2024-03-03T03:52:37+01:00,[39],[0]
2024-03-03T03:44:13+01:00,[11],[0]
2024-03-03T03:35:48+01:00,[30],[0]
2024-03-03T03:23:39+01:00,[63],[0.03]
2024-03-03T03:03:52+01:00,[24],[0.45]
2024-03-03T02:23:08+01:00,[37],[0]
2024-03-03T02:05:08+01:00,[40],[0.33]
2024-03-03T01:56:32+01:00,[66],[0]
2024-03-02T03:22:36+01:00,[53],[0]
2024-03-02T03:18:12+01:00,[71],[0.03]
2024-03-02T03:05:26+01:00,[52],[0]
2024-03-02T03:00:28+01:00,[46],[0]
2024-03-02T02:45:15+01:00,[26],[0]
2024-03-02T02:43:09+01:00,[22],[0.06]
2024-03-02T02:40:39+01:00,[32],[0]
2024-03-02T00:45:17+01:00,[102],[0]
2024-03-02T00:44:26+01:00,[38],[0]
2024-03-02T00:41:57+01:00,[106],[0]
2024-03-02T00:21:50+01:00,[130],[0.01]
2024-03-01T23:37:22+01:00,[140],[0]
2024-03-01T22:56:18+01:00,[71],[0]
2024-03-01T22:48:09+01:00,"[299,126]","[0,0]"
2024-03-01T21:57:28+01:00,[217],[0]
2024-03-01T21:13:20+01:00,[42],[0]
2024-03-01T20:53:04+01:00,[30],[0]
2024-03-01T20:50:35+01:00,[57],[0]
2024-03-01T20:40:38+01:00,[38],[0.06]
2024-03-01T17:58:24+01:00,[258],[0]
2024-03-01T17:16:49+01:00,[121],[0]
2024-03-01T17:15:10+01:00,[36],[0]
2024-03-01T02:07:04+01:00,[26],[0]
2024-03-01T00:43:23+01:00,[110],[0.03]
2024-03-01T00:40:56+01:00,[57],[0]
2024-03-01T00:24:37+01:00,[48],[0]
2024-03-01T00:19:25+01:00,[261],[0.01]
2024-02-29T23:40:10+01:00,[246],[0]
2024-02-29T23:39:29+01:00,[19],[0]
2024-02-29T23:24:36+01:00,[232],[0]
2024-02-29T22:40:22+01:00,[198],[0]
2024-02-29T22:00:28+01:00,[44],[0]
2024-02-29T21:48:44+01:00,[111],[0]
2024-02-29T21:46:12+01:00,[99],[0.02]
2024-02-29T18:56:24+01:00,[27],[0]
2024-02-29T18:53:38+01:00,[108],[0]
2024-02-29T17:29:55+01:00,[113],[0]
2024-02-29T17:25:15+01:00,[257],[0]
2024-02-29T17:04:56+01:00,[45],[0]
2024-02-29T16:14:48+01:00,[79],[0]
2024-02-29T00:23:41+01:00,[79],[0.02]
2024-02-29T00:10:59+01:00,[15],[0]
2024-02-28T03:36:14+01:00,[41],[0]
2024-02-28T03:17:51+01:00,[63],[0.26]
2024-02-28T03:08:03+01:00,[18],[0.36]
2024-02-28T03:03:21+01:00,[34],[0]
2024-02-28T02:50:40+01:00,[212],[0]
2024-02-28T02:46:25+01:00,[191],[0]
2024-02-28T02:36:23+01:00,"[300,299]","[0,0]"
2024-02-28T02:28:45+01:00,"[299,118]","[0,0]"
2024-02-28T02:27:48+01:00,[42],[0.04]
2024-02-28T02:16:44+01:00,[68],[0]
2024-02-27T04:03:56+01:00,[40],[0.05]
2024-02-27T03:41:34+01:00,[24],[0]
2024-02-27T03:40:39+01:00,[44],[0]
2024-02-27T03:38:15+01:00,[129],[0]
2024-02-27T03:16:26+01:00,[145],[0]
2024-02-27T01:56:34+01:00,[56],[0]
2024-02-27T00:35:18+01:00,[41],[0]
2024-02-25T05:37:03+01:00,[38],[0.19]
2024-02-25T04:18:48+01:00,[69],[0]
2024-02-25T04:16:28+01:00,[121],[0.01]
2024-02-25T04:08:18+01:00,[69],[0]
2024-02-25T03:56:12+01:00,[79],[0.05]
2024-02-25T03:52:38+01:00,[47],[0.12]
2024-02-25T03:51:30+01:00,[36],[0.08]
2024-02-25T03:46:27+01:00,[48],[0.03]
2024-02-25T03:42:16+01:00,[19],[0.1]
2024-02-25T03:30:47+01:00,[18],[0.25]
2024-02-25T03:20:09+01:00,[30],[0]
2024-02-25T03:18:18+01:00,[86],[0]
2024-02-25T03:14:32+01:00,[118],[0.01]
2024-02-25T02:55:02+01:00,[64],[0.02]
2024-02-25T01:49:58+01:00,[21],[0]
2024-02-25T01:49:01+01:00,[44],[0]
2024-02-25T01:08:59+01:00,[84],[0.02]
2024-02-25T01:00:44+01:00,[20],[0]
2024-02-25T00:50:56+01:00,[61],[0]
2024-02-25T00:49:33+01:00,[57],[0]
2024-02-25T00:39:50+01:00,[72],[0]
2024-02-25T00:17:45+01:00,[43],[0]
2024-02-25T00:16:05+01:00,[76],[0]
2024-02-25T00:15:18+01:00,[28],[0.17]
2024-02-24T23:32:49+01:00,[184],[0]
2024-02-24T22:15:18+01:00,[22],[0.07]
2024-02-24T22:07:24+01:00,[52],[0.03]
2024-02-24T21:16:39+01:00,[13],[0]
2024-02-24T03:00:16+01:00,[120],[0.06]
2024-02-24T02:52:29+01:00,"[299,108]","[0,0]"
2024-02-24T02:50:37+01:00,[82],[0]
2024-02-24T02:49:33+01:00,[49],[0]
2024-02-24T02:49:02+01:00,[16],[0]
2024-02-24T02:39:34+01:00,[53],[0.03]
2024-02-24T02:35:52+01:00,[54],[0]
2024-02-24T02:14:29+01:00,[142],[0]
2024-02-24T02:10:35+01:00,[206],[0]
2024-02-24T02:09:20+01:00,[45],[0.04]
2024-02-23T02:07:33+01:00,[100],[0.07]
2024-02-23T00:20:15+01:00,[23],[0]
2024-02-23T00:18:18+01:00,[84],[0]
2024-02-22T23:38:42+01:00,[165],[0]
2024-02-22T23:33:42+01:00,[299],[0]
2024-02-22T22:40:45+01:00,[113],[0.02]
2024-02-22T22:39:35+01:00,[49],[0]
2024-02-22T22:03:36+01:00,[39],[0]
2024-02-22T21:55:23+01:00,[30],[0]
2024-02-22T21:49:20+01:00,[156],[0.01]
2024-02-22T19:01:03+01:00,[17],[0]
2024-02-22T18:59:04+01:00,[90],[0]
2024-02-22T17:31:37+01:00,[89],[0]
2024-02-22T17:27:44+01:00,[211],[0]
2024-02-22T17:08:25+01:00,[15],[0]
2024-02-22T01:10:09+01:00,[56],[0]
2024-02-22T01:07:46+01:00,[127],[0]
2024-02-22T00:58:47+01:00,[21],[0.08]
2024-02-22T00:49:29+01:00,[26],[0.08]
2024-02-22T00:41:43+01:00,[106],[0.02]
2024-02-22T00:36:59+01:00,[48],[0]
2024-02-22T00:36:21+01:00,[22],[0]
2024-02-22T00:22:48+01:00,[232],[0.01]
2024-02-22T00:07:47+01:00,"[300,144]","[0,0.01]"
2024-02-22T00:05:30+01:00,[113],[0.01]
2024-02-22T00:01:28+01:00,[73],[0.05]
2024-02-21T23:50:06+01:00,[82],[0.07]
2024-02-21T23:25:03+01:00,[27],[0]
2024-02-21T23:21:39+01:00,[28],[0.08]
2024-02-21T02:34:15+01:00,[55],[0]
2024-02-21T02:29:27+01:00,[80],[0]
2024-02-21T02:21:35+01:00,[123],[0]
2024-02-21T02:07:37+01:00,[27],[0]
2024-02-21T02:06:39+01:00,[23],[0]
2024-02-21T02:03:19+01:00,[189],[0]
2024-02-21T02:01:27+01:00,[75],[0.03]
2024-02-21T01:59:57+01:00,[38],[0]
2024-02-21T01:54:04+01:00,[85],[0]
2024-02-21T01:20:22+01:00,[14],[0]
2024-02-21T01:14:12+01:00,[25],[0]
2024-02-21T01:13:38+01:00,[20],[0]
2024-02-21T01:08:15+01:00,[179],[0.01]
2024-02-21T01:06:13+01:00,[38],[0]
2024-02-21T01:00:55+01:00,[87],[0]
2024-02-20T01:31:31+01:00,[28],[0]
2024-02-20T01:27:20+01:00,[12],[0]
2024-02-20T01:25:51+01:00,[23],[0.2]
2024-02-20T01:23:32+01:00,[37],[0]
2024-02-20T01:22:56+01:00,[22],[0]
2024-02-20T01:22:25+01:00,[17],[0]
2024-02-20T01:17:15+01:00,[55],[0.02]
2024-02-20T01:10:50+01:00,[42],[0]
2024-02-20T00:58:54+01:00,[12],[0]
2024-02-20T00:54:42+01:00,[19],[0]
2024-02-20T00:52:42+01:00,[13],[0]
2024-02-20T00:45:09+01:00,[36],[0]
2024-02-20T00:27:32+01:00,[44],[0]
2024-02-20T00:26:11+01:00,[14],[0]
2024-02-19T00:33:06+01:00,[30],[0.05]
2024-02-18T23:50:15+01:00,[155],[0]
2024-02-18T23:47:50+01:00,[65],[0]
2024-02-18T23:41:12+01:00,[33],[0]
2024-02-18T23:37:02+01:00,[122],[0]
2024-02-18T23:32:53+01:00,[173],[0]
2024-02-18T23:31:39+01:00,[54],[0]
2024-02-18T23:30:50+01:00,[26],[0.08]
2024-02-18T23:29:45+01:00,[19],[0]
2024-02-18T23:25:25+01:00,[106],[0]
2024-02-18T23:24:52+01:00,[22],[0]
2024-02-18T23:18:56+01:00,[255],[0]
2024-02-18T23:17:30+01:00,[44],[0.14]
2024-02-18T23:12:31+01:00,[298],[0]
2024-02-18T23:03:12+01:00,[33],[0]
2024-02-18T23:01:07+01:00,[80],[0]
2024-02-18T22:59:30+01:00,[67],[0]
2024-02-18T22:58:43+01:00,[37],[0]
2024-02-18T22:53:55+01:00,[277],[0.01]
2024-02-18T22:47:43+01:00,[96],[0]
2024-02-18T22:26:13+01:00,[13],[0.1]
2024-02-18T22:04:08+01:00,[84],[0.02]
2024-02-18T21:01:28+01:00,[19],[0]
2024-02-18T20:33:23+01:00,[35],[0.05]
2024-02-18T20:26:15+01:00,[162],[0.03]
2024-02-18T07:22:28+01:00,[76],[0]
2024-02-18T02:29:20+01:00,[16],[0]
2024-02-18T01:59:40+01:00,[20],[0]
2024-02-18T01:24:45+01:00,[16],[0.18]
2024-02-18T01:09:45+01:00,[34],[0]
2024-02-18T00:11:22+01:00,[71],[0.03]
2024-02-18T00:10:00+01:00,[63],[0]
2024-02-18T00:04:22+01:00,[99],[0]
2024-02-18T00:02:36+01:00,[77],[0]
2024-02-17T23:59:32+01:00,[169],[0]
2024-02-17T23:58:43+01:00,[29],[0]
2024-02-17T23:52:27+01:00,[74],[0]
2024-02-17T23:48:28+01:00,[189],[0.03]
2024-02-17T23:45:50+01:00,[29],[0]
2024-02-17T23:37:10+01:00,[57],[0]
2024-02-17T23:34:57+01:00,[44],[0]
2024-02-17T23:32:32+01:00,[58],[0]
2024-02-17T23:30:52+01:00,[80],[0.1]
2024-02-17T23:26:20+01:00,[34],[0.14]
2024-02-17T23:12:42+01:00,[15],[0]
2024-02-17T22:50:32+01:00,[120],[0]
2024-02-17T22:49:38+01:00,[38],[0.03]
2024-02-17T22:49:03+01:00,[19],[0]
2024-02-17T22:45:05+01:00,[219],[0.01]
2024-02-17T22:43:45+01:00,[44],[0]
2024-02-17T00:43:16+01:00,[122],[0.01]
2024-02-17T00:40:46+01:00,[18],[0.07]
2024-02-17T00:39:14+01:00,[18],[0.27]
2024-02-17T00:36:37+01:00,[30],[0.06]
2024-02-17T00:33:14+01:00,[132],[0]
2024-02-17T00:30:34+01:00,[112],[0.04]
2024-02-17T00:26:04+01:00,[22],[0.09]
2024-02-17T00:05:47+01:00,[22],[0.08]
2024-02-16T23:48:43+01:00,[25],[0.08]
2024-02-16T23:39:53+01:00,[29],[0]
2024-02-16T23:38:45+01:00,[50],[0.13]
2024-02-16T23:27:07+01:00,[23],[0.15]
2024-02-16T23:25:22+01:00,[31],[0]
2024-02-16T23:23:19+01:00,[20],[0.21]
2024-02-16T23:00:09+01:00,[154],[0]
2024-02-16T22:55:09+01:00,[299],[0]
2024-02-16T21:44:10+01:00,[23],[0]
2024-02-16T21:33:04+01:00,[17],[0]
2024-02-16T21:28:54+01:00,[189],[0]
2024-02-16T21:21:21+01:00,[43],[0]
2024-02-16T20:58:32+01:00,[38],[0]
2024-02-16T20:57:11+01:00,[48],[0]
2024-02-16T20:54:25+01:00,[129],[0]
2024-02-16T17:49:27+01:00,[33],[0]
2024-02-16T17:27:48+01:00,[268],[0.01]
2024-02-16T17:10:20+01:00,[131],[0]
2024-02-16T17:08:19+01:00,[48],[0]
2024-02-16T03:35:39+01:00,[91],[0]
2024-02-16T03:34:19+01:00,[22],[0]
2024-02-16T03:24:05+01:00,[58],[0]
2024-02-16T03:22:21+01:00,[87],[0.04]
2024-02-16T02:47:11+01:00,[35],[0.05]
2024-02-16T02:26:13+01:00,[52],[0.03]
2024-02-16T02:23:40+01:00,[24],[0]
2024-02-16T00:44:33+01:00,[146],[0]
2024-02-16T00:42:17+01:00,[89],[0]
2024-02-16T00:25:26+01:00,[19],[0]
2024-02-16T00:18:56+01:00,[300],[0]
2024-02-15T22:10:15+01:00,[45],[0]
2024-02-15T22:07:59+01:00,[72],[0.03]
2024-02-15T19:01:25+01:00,[98],[0]
2024-02-15T17:39:37+01:00,[41],[0]
2024-02-15T17:36:33+01:00,[143],[0]
2024-02-15T17:33:24+01:00,[174],[0]
2024-02-15T17:08:48+01:00,[81],[0.02]
2024-02-15T17:08:10+01:00,[20],[0]
2024-02-15T17:06:35+01:00,[36],[0]
2024-02-15T16:01:37+01:00,[13],[0]
2024-02-15T00:44:44+01:00,[91],[0]
2024-02-15T00:37:24+01:00,[82],[0]
2024-02-14T23:45:23+01:00,[24],[0]
2024-02-14T21:46:33+01:00,[209],[0]
2024-02-14T21:40:09+01:00,[40],[0]
2024-02-14T21:38:48+01:00,[67],[0]
2024-02-14T21:37:37+01:00,[55],[0]
2024-02-14T21:02:40+01:00,[99],[0]
2024-02-14T20:18:00+01:00,[35],[0]
2024-02-13T05:30:24+01:00,[111],[0]
2024-02-13T05:28:21+01:00,[49],[0]
2024-02-13T04:03:24+01:00,[45],[0.05]
2024-02-13T03:41:20+01:00,[299],[0.01]
2024-02-13T03:39:56+01:00,[41],[0]
2024-02-13T03:10:44+01:00,[71],[0.03]
2024-02-13T03:06:27+01:00,[25],[0.08]
2024-02-13T01:49:33+01:00,[238],[0]
2024-02-13T01:48:53+01:00,[25],[0]
2024-02-13T01:31:53+01:00,[83],[0]
2024-02-13T00:26:40+01:00,[26],[0]
2024-02-11T07:02:12+01:00,[33],[0]
2024-02-11T07:00:31+01:00,[38],[0]
2024-02-11T06:35:05+01:00,[28],[0.15]
2024-02-11T02:29:38+01:00,[22],[0]
2024-02-11T02:28:00+01:00,[31],[0]
2024-02-10T02:08:47+01:00,[15],[0]
2024-02-10T00:44:37+01:00,[125],[0]
2024-02-10T00:19:07+01:00,[61],[0]
2024-02-10T00:15:04+01:00,[188],[0]
2024-02-10T00:13:44+01:00,[49],[0]
2024-02-10T00:12:07+01:00,[83],[0]
2024-02-09T22:46:42+01:00,[37],[0]
2024-02-09T22:43:49+01:00,[17],[0]
2024-02-09T22:33:02+01:00,[26],[0]
2024-02-09T22:00:18+01:00,[131],[0]
2024-02-09T21:52:39+01:00,[32],[0]
2024-02-09T20:52:41+01:00,[78],[0]
2024-02-09T20:51:11+01:00,[77],[0]
2024-02-09T17:10:37+01:00,[85],[0]
2024-02-09T17:08:29+01:00,[68],[0]
2024-02-08T23:16:00+01:00,[181],[0]
2024-02-08T23:14:50+01:00,[56],[0]
2024-02-08T23:13:54+01:00,[29],[0]
2024-02-08T23:12:47+01:00,[50],[0]
2024-02-08T23:10:25+01:00,[22],[0.07]
2024-02-08T23:01:51+01:00,[27],[0]
2024-02-08T23:01:17+01:00,[18],[0]
2024-02-08T22:59:27+01:00,[94],[0]
2024-02-08T22:56:46+01:00,[121],[0]
2024-02-08T22:54:13+01:00,[127],[0]
2024-02-08T22:52:52+01:00,[68],[0]
2024-02-08T22:48:33+01:00,[173],[0]
2024-02-07T02:06:20+01:00,[33],[0]
2024-02-07T02:01:13+01:00,[17],[0.2]
2024-02-07T01:46:46+01:00,[24],[0]
2024-02-07T01:29:32+01:00,[67],[0]
2024-02-07T01:26:31+01:00,[21],[0.2]
2024-02-07T01:11:21+01:00,[55],[0.1]
2024-02-07T01:00:53+01:00,[21],[0]
2024-02-07T00:56:58+01:00,[47],[0.06]
2024-02-07T00:51:24+01:00,[34],[0.11]
2024-02-07T00:49:29+01:00,[77],[0.02]
2024-02-06T07:11:38+01:00,[49],[0]
2024-02-06T06:55:24+01:00,[43],[0]
2024-02-06T06:53:45+01:00,[20],[0]
2024-02-06T06:52:48+01:00,[28],[0]
2024-02-06T06:45:10+01:00,[115],[0]
2024-02-04T02:07:17+01:00,[188],[0]
2024-02-04T02:00:36+01:00,[294],[0.01]
2024-02-04T01:56:51+01:00,[39],[0.09]
2024-02-04T01:51:03+01:00,[284],[0.06]
2024-02-04T00:46:15+01:00,[45],[0]
2024-02-04T00:44:03+01:00,[23],[0]
2024-02-04T00:42:49+01:00,[23],[0]
2024-02-04T00:40:42+01:00,[31],[0]
2024-02-04T00:35:49+01:00,[49],[0.08]
2024-02-03T23:14:05+01:00,[46],[0]
2024-02-03T23:08:52+01:00,[298],[0]
2024-02-03T23:08:20+01:00,[21],[0]
2024-02-03T21:42:28+01:00,[19],[0.1]
2024-02-03T06:32:41+01:00,[19],[0]
2024-02-03T06:28:50+01:00,[13],[0]
2024-02-03T06:23:15+01:00,[72],[0.05]
2024-02-03T04:58:18+01:00,[17],[0.08]
2024-02-03T04:56:51+01:00,[67],[0]
2024-02-03T03:56:13+01:00,[85],[0]
2024-02-03T03:55:04+01:00,[36],[0.04]
2024-02-03T03:53:53+01:00,[31],[0]
2024-02-03T03:53:05+01:00,[30],[0]
2024-02-03T03:50:02+01:00,[165],[0]
2024-02-03T03:48:49+01:00,[50],[0.15]
2024-02-03T03:46:40+01:00,[19],[0.09]
2024-02-03T03:39:09+01:00,[95],[0.14]
2024-02-03T03:36:03+01:00,[17],[0.33]
2024-02-03T03:33:56+01:00,[60],[0.89]
2024-02-03T03:22:00+01:00,[97],[0.11]
2024-02-03T03:17:20+01:00,[21],[0]
2024-02-03T03:13:21+01:00,[16],[0]
2024-02-03T03:12:02+01:00,[26],[0]
2024-02-03T03:09:53+01:00,[71],[0.16]
2024-02-03T03:04:43+01:00,[50],[0.12]
2024-02-03T03:02:36+01:00,[37],[0.09]
2024-02-03T02:54:13+01:00,[29],[0]
2024-02-03T02:49:12+01:00,[22],[0.25]
2024-02-03T02:44:01+01:00,[16],[0]
2024-02-03T02:40:52+01:00,[112],[0]
2024-02-03T02:18:49+01:00,[104],[0]
2024-02-03T02:16:37+01:00,[116],[0]
2024-02-03T02:11:27+01:00,[17],[0]
2024-02-03T02:10:49+01:00,[28],[0.1]
2024-02-03T02:00:37+01:00,[96],[0.11]
2024-02-03T01:59:42+01:00,[42],[0]
2024-02-03T01:39:11+01:00,[48],[0.07]
2024-02-03T01:37:58+01:00,[18],[0.08]
2024-02-03T01:36:13+01:00,[15],[0]
2024-02-03T01:25:48+01:00,[300],[0.01]
2024-02-03T01:23:04+01:00,[147],[0.03]
2024-02-03T01:21:59+01:00,[45],[0]
2024-02-02T23:05:28+01:00,[242],[0]
2024-02-02T23:04:28+01:00,[45],[0]
2024-02-02T23:03:20+01:00,[56],[0]
2024-02-02T22:56:21+01:00,[49],[0]
2024-02-02T22:38:50+01:00,[32],[0]
2024-02-02T22:37:24+01:00,[40],[0]
2024-02-02T20:57:05+01:00,[250],[0]
2024-02-02T18:02:46+01:00,[36],[0]
2024-02-02T17:59:16+01:00,[193],[0]
2024-02-02T17:14:52+01:00,[92],[0.02]
2024-02-02T17:13:57+01:00,[40],[0]
2024-02-02T17:11:54+01:00,[34],[0]
2024-02-02T16:14:47+01:00,[17],[0]
2024-02-02T02:05:34+01:00,[22],[0]
2024-02-02T00:47:17+01:00,[65],[0]
2024-02-02T00:22:44+01:00,[55],[0]
2024-02-02T00:19:15+01:00,[173],[0]
2024-02-02T00:18:40+01:00,[20],[0]
2024-02-02T00:17:41+01:00,[18],[0]
2024-02-01T22:44:57+01:00,[24],[0]
2024-02-01T22:44:23+01:00,[23],[0]
2024-02-01T22:42:25+01:00,[100],[0]
2024-02-01T22:02:57+01:00,[51],[0]
2024-02-01T21:54:37+01:00,[38],[0]
2024-02-01T21:47:42+01:00,[278],[0]
2024-02-01T18:52:26+01:00,[80],[0]
2024-02-01T17:44:44+01:00,[14],[0.15]
2024-02-01T17:43:22+01:00,[45],[0.03]
2024-02-01T17:29:52+01:00,"[299,30]","[0,0.05]"
2024-02-01T17:29:12+01:00,[22],[0]
2024-02-01T17:28:10+01:00,[20],[0.08]
2024-02-01T17:04:42+01:00,[54],[0.05]
2024-02-01T16:14:41+01:00,[61],[0]
2024-02-01T04:01:02+01:00,[73],[0]
2024-02-01T03:56:40+01:00,[24],[0.91]
2024-02-01T03:38:52+01:00,[20],[1]
2024-02-01T03:34:51+01:00,[24],[0.55]
2024-02-01T03:22:16+01:00,[30],[0.71]
2024-02-01T03:05:59+01:00,[23],[0]
2024-02-01T03:05:25+01:00,[23],[0]
2024-02-01T02:56:13+01:00,[46],[0.15]
2024-02-01T02:41:34+01:00,[64],[0]
2024-01-31T01:30:14+01:00,[63],[0]
2024-01-31T01:18:56+01:00,[57],[0.02]
2024-01-31T01:17:22+01:00,[31],[0]
2024-01-30T05:19:53+01:00,[84],[0.04]
2024-01-30T05:18:16+01:00,[16],[0]
2024-01-30T04:14:36+01:00,[32],[0]
2024-01-30T04:03:57+01:00,[136],[0.01]
2024-01-30T04:01:58+01:00,[88],[0]
2024-01-30T03:48:47+01:00,[59],[0]
2024-01-30T03:46:12+01:00,[122],[0]
2024-01-30T03:42:23+01:00,[35],[0]
2024-01-30T03:14:16+01:00,[188],[0]
2024-01-30T02:00:33+01:00,[217],[0]
2024-01-29T03:12:44+01:00,[55],[0.03]
2024-01-29T03:11:50+01:00,[43],[0.35]
2024-01-29T03:06:21+01:00,[89],[0.04]
2024-01-29T03:03:52+01:00,[81],[0.16]
2024-01-29T03:00:05+01:00,[25],[0]
2024-01-29T02:52:38+01:00,[46],[0]
2024-01-29T02:40:40+01:00,[16],[0]
2024-01-29T02:37:57+01:00,[33],[0.13]
2024-01-29T02:26:51+01:00,[39],[0]
2024-01-28T01:27:04+01:00,[75],[0.03]
2024-01-28T01:11:49+01:00,"[300,300,297]","[0,0,0]"
2024-01-28T00:53:17+01:00,[31],[0]
2024-01-27T07:16:53+01:00,[96],[0]
2024-01-27T05:12:46+01:00,[46],[0]
2024-01-27T04:51:47+01:00,[46],[0]
2024-01-27T04:50:38+01:00,[38],[0]
2024-01-27T04:46:27+01:00,[165],[0.01]
2024-01-27T04:40:56+01:00,"[299,16]","[0,0]"
2024-01-27T04:36:00+01:00,[37],[0.04]
2024-01-27T04:28:49+01:00,[149],[0.01]
2024-01-27T04:16:50+01:00,[98],[0]
2024-01-27T04:11:50+01:00,[298],[0.01]
2024-01-27T04:10:39+01:00,[21],[0]
2024-01-27T04:09:22+01:00,[35],[0.12]
2024-01-27T03:43:19+01:00,[53],[0]
2024-01-26T02:12:52+01:00,[22],[0]
2024-01-26T02:09:50+01:00,[25],[0]
2024-01-26T00:46:16+01:00,[121],[0]
2024-01-26T00:44:13+01:00,[96],[0]
2024-01-26T00:22:47+01:00,[32],[0]
2024-01-26T00:17:47+01:00,[298],[0]
2024-01-25T23:38:47+01:00,[54],[0]
2024-01-25T23:02:01+01:00,[36],[0]
2024-01-25T22:56:56+01:00,[269],[0]
2024-01-25T22:56:01+01:00,[45],[0]
2024-01-25T22:16:28+01:00,[253],[0.01]
2024-01-25T22:15:33+01:00,[42],[0]
2024-01-25T22:00:57+01:00,[53],[0.05]
2024-01-25T21:59:30+01:00,[68],[0]
2024-01-25T21:49:26+01:00,[213],[0.03]
2024-01-25T18:53:11+01:00,[34],[0]
2024-01-25T18:48:42+01:00,[101],[0]
2024-01-25T18:46:55+01:00,[95],[0]
2024-01-25T17:34:59+01:00,[119],[0.03]
2024-01-25T17:30:00+01:00,[285],[0]
2024-01-25T17:29:18+01:00,[17],[0]
2024-01-25T17:08:09+01:00,[23],[0]
2024-01-25T17:06:09+01:00,[56],[0]
2024-01-25T16:13:08+01:00,[19],[0]
2024-01-25T00:15:18+01:00,[36],[0]
2024-01-24T23:42:22+01:00,[51],[0]
2024-01-24T23:29:02+01:00,[55],[0.06]
2024-01-24T23:18:00+01:00,[26],[0.2]
2024-01-24T23:16:57+01:00,[48],[0.03]
2024-01-24T23:16:05+01:00,[38],[0]
2024-01-24T06:26:19+01:00,[47],[0]
2024-01-24T06:25:11+01:00,[54],[0.03]
2024-01-24T06:23:32+01:00,[88],[0.1]
2024-01-24T04:28:22+01:00,[28],[0]
2024-01-24T04:26:09+01:00,[115],[0]
2024-01-24T04:25:11+01:00,[32],[0.11]
2024-01-24T04:21:21+01:00,[59],[0]
2024-01-24T04:03:05+01:00,[55],[0]
2024-01-24T04:02:18+01:00,[30],[0]
2024-01-24T04:00:15+01:00,[73],[0.08]
2024-01-24T03:59:11+01:00,[23],[0.06]
2024-01-24T03:57:43+01:00,[68],[0]
2024-01-24T03:56:14+01:00,[37],[0]
2024-01-24T03:55:22+01:00,[11],[0]
2024-01-24T03:44:16+01:00,[45],[0]
2024-01-24T03:41:50+01:00,[23],[0.08]
2024-01-24T03:39:27+01:00,[19],[0]
2024-01-24T03:37:14+01:00,[45],[0.04]
2024-01-24T01:00:18+01:00,[30],[0]
2024-01-24T00:52:48+01:00,[164],[0]
2024-01-24T00:48:26+01:00,[150],[0]
2024-01-24T00:43:27+01:00,[299],[0]
2024-01-24T00:38:27+01:00,[298],[0]
2024-01-24T00:35:36+01:00,[141],[0]
2024-01-24T00:33:56+01:00,[70],[0]
2024-01-24T00:27:03+01:00,[127],[0.01]
2024-01-24T00:25:12+01:00,[91],[0]
2024-01-24T00:19:27+01:00,[259],[0]
2024-01-23T00:04:38+01:00,[21],[0]
2024-01-21T04:34:22+01:00,[13],[0]
2024-01-21T03:26:08+01:00,[57],[0.04]
2024-01-21T03:24:40+01:00,[16],[0.2]
2024-01-21T02:27:42+01:00,[61],[0]
2024-01-21T02:24:09+01:00,[24],[0.18]
2024-01-21T02:19:30+01:00,[75],[0.02]
2024-01-21T01:41:25+01:00,[49],[0]
2024-01-21T01:39:25+01:00,[81],[0]
2024-01-20T05:53:13+01:00,[112],[0]
2024-01-20T05:51:44+01:00,[51],[0]
2024-01-20T05:44:20+01:00,[240],[0.01]
2024-01-20T05:33:34+01:00,[137],[0.01]
2024-01-20T05:32:34+01:00,[19],[0.23]
2024-01-20T05:26:16+01:00,[28],[0]
2024-01-20T05:24:00+01:00,[37],[0]
2024-01-20T05:22:04+01:00,[59],[0.06]
2024-01-20T05:11:16+01:00,[29],[0.13]
2024-01-20T04:47:04+01:00,[57],[0.06]
2024-01-20T04:38:18+01:00,[55],[0]
2024-01-20T04:37:49+01:00,[19],[0]
2024-01-20T04:27:48+01:00,[24],[0.08]
2024-01-20T04:22:46+01:00,[20],[0]
2024-01-20T04:10:16+01:00,[58],[0]
2024-01-19T23:57:43+01:00,[55],[0.03]
2024-01-19T23:54:47+01:00,[125],[0.01]
2024-01-19T23:52:12+01:00,[117],[0]
2024-01-19T23:49:43+01:00,[81],[0.02]
2024-01-19T23:49:12+01:00,[15],[0]
2024-01-19T23:42:44+01:00,[30],[0]
2024-01-19T23:33:51+01:00,[26],[0]
2024-01-19T23:25:41+01:00,[162],[0]
2024-01-19T23:22:21+01:00,[127],[0]
2024-01-19T23:20:12+01:00,[117],[0]
2024-01-18T00:50:32+01:00,[20],[0]
2024-01-18T00:36:15+01:00,[66],[0]
2024-01-18T00:00:00+01:00,[40],[0.12]
2024-01-17T23:57:32+01:00,[16],[0.82]
2024-01-17T23:40:34+01:00,[19],[0]
2024-01-17T23:31:51+01:00,[72],[0.03]
2024-01-17T23:18:09+01:00,[45],[0]
2024-01-17T23:16:26+01:00,[21],[0]
2024-01-17T23:11:23+01:00,[23],[0]
2024-01-17T23:08:59+01:00,[23],[0.08]
2024-01-17T22:53:05+01:00,[39],[0]
2024-01-15T04:47:38+01:00,[25],[0.06]
2024-01-15T04:26:20+01:00,[26],[0]
2024-01-14T23:31:58+01:00,[61],[0]
2024-01-14T23:07:56+01:00,[27],[0.46]
2024-01-14T23:06:20+01:00,[54],[0.06]
2024-01-14T03:11:19+01:00,[245],[0]
2024-01-14T02:49:32+01:00,[181],[0.01]
2024-01-14T02:47:32+01:00,[102],[0]
2024-01-14T02:46:42+01:00,[16],[0]
2024-01-14T02:45:46+01:00,[16],[0]
2024-01-14T02:42:50+01:00,[134],[0.01]
2024-01-14T02:37:50+01:00,[299],[0]
2024-01-14T02:34:29+01:00,[165],[0]
2024-01-14T02:25:34+01:00,[151],[0]
2024-01-14T02:23:55+01:00,[85],[0]
2024-01-14T02:16:20+01:00,[242],[0]
2024-01-14T02:15:01+01:00,[24],[0.18]
2024-01-12T06:08:21+01:00,[21],[0]
2024-01-12T05:59:20+01:00,[15],[0]
2024-01-12T05:57:06+01:00,[20],[0]
2024-01-12T05:53:06+01:00,[18],[0.09]
2024-01-12T05:39:58+01:00,[21],[0]
2024-01-12T04:55:54+01:00,[37],[0]
2024-01-10T23:11:15+01:00,[179],[0]
2024-01-10T23:10:27+01:00,[35],[0]
2024-01-10T23:06:30+01:00,[179],[0.01]
2024-01-10T23:00:40+01:00,"[300,20]","[0.01,0]"
2024-01-10T22:58:03+01:00,[134],[0.04]
2024-01-10T22:57:05+01:00,[42],[0]
2024-01-10T22:56:01+01:00,[31],[0]
2024-01-10T22:45:39+01:00,"[300,296]","[0,0]"
2024-01-10T22:44:20+01:00,[56],[0]
2024-01-10T22:39:35+01:00,[260],[0]
2024-01-10T22:38:37+01:00,[43],[0]
2024-01-10T22:37:21+01:00,[12],[0]
2024-01-10T22:35:05+01:00,[86],[0]
2024-01-10T22:33:08+01:00,[99],[0]
2024-01-10T01:13:39+01:00,[42],[0]
2024-01-10T01:12:15+01:00,[53],[0]
2024-01-10T00:42:54+01:00,[39],[0]
2024-01-10T00:35:47+01:00,[25],[0.07]
2024-01-10T00:34:06+01:00,[35],[0]
2024-01-10T00:28:01+01:00,[135],[0.01]
2024-01-10T00:26:31+01:00,[22],[0]
2024-01-09T23:59:09+01:00,[30],[0.08]
2024-01-09T23:57:15+01:00,[84],[0.19]
2024-01-09T23:54:29+01:00,[15],[0]
2024-01-09T23:47:55+01:00,[37],[0.06]
2024-01-09T23:41:10+01:00,[69],[0.02]
2024-01-09T23:19:51+01:00,[30],[0.46]
2024-01-09T23:11:45+01:00,[31],[0]
2024-01-09T23:07:14+01:00,[66],[0.27]
2024-01-09T23:02:01+01:00,[40],[0.16]
2024-01-09T23:00:03+01:00,[81],[0]
2024-01-09T22:44:32+01:00,[43],[0]
2024-01-09T22:42:58+01:00,[47],[0]
2024-01-08T20:52:04+01:00,[79],[0]
2024-01-08T20:50:20+01:00,[27],[0]
2024-01-08T20:47:39+01:00,[130],[0]
2024-01-08T20:46:47+01:00,[34],[0]
2024-01-08T19:02:04+01:00,[78],[0.02]
2024-01-08T19:01:09+01:00,[45],[0]
2024-01-08T18:47:39+01:00,[109],[0]
2024-01-08T18:47:00+01:00,[17],[0]
2024-01-08T18:35:42+01:00,[130],[0]
2024-01-08T08:35:32+01:00,[114],[0.02]
2024-01-08T08:25:59+01:00,[109],[0]
2024-01-08T01:32:32+01:00,[76],[0]
2024-01-08T01:31:32+01:00,[42],[0]
2024-01-08T01:30:46+01:00,[32],[0]
2024-01-08T01:25:00+01:00,[58],[0]
2024-01-08T01:21:43+01:00,[37],[0]
2024-01-08T01:09:52+01:00,[63],[0.06]
2024-01-08T01:08:30+01:00,[28],[0]
2024-01-06T01:18:45+01:00,[56],[0]
2024-01-06T01:17:34+01:00,[49],[0]
2024-01-06T01:16:13+01:00,[31],[0]
2024-01-06T01:12:47+01:00,[42],[0.16]
2024-01-06T01:05:34+01:00,[16],[0]
2024-01-05T22:10:27+01:00,[145],[0]
2024-01-05T22:02:06+01:00,"[299,131]","[0,0]"
2024-01-05T21:57:10+01:00,[166],[0]
2024-01-05T21:52:09+01:00,[300],[0]
2024-01-05T20:11:33+01:00,[85],[0.02]
2024-01-05T20:10:05+01:00,[46],[0]
2024-01-05T20:08:46+01:00,[49],[0]
2024-01-04T23:33:13+01:00,[120],[0]
2024-01-04T23:32:16+01:00,[33],[0.1]
2024-01-04T23:25:40+01:00,[41],[0.03]
2024-01-04T22:59:27+01:00,[29],[0.61]
2024-01-04T22:54:55+01:00,[70],[0.66]
2024-01-04T22:53:38+01:00,[58],[0.24]
2024-01-04T22:51:52+01:00,[19],[0.55]
2024-01-04T22:46:47+01:00,[44],[0.26]
2024-01-04T22:45:37+01:00,[34],[0.42]
2024-01-04T22:43:37+01:00,[18],[0.23]
2024-01-04T22:31:59+01:00,[31],[0.07]
2024-01-04T22:28:03+01:00,[80],[0.02]
2024-01-04T22:02:59+01:00,[16],[0.1]
2024-01-04T21:20:27+01:00,[29],[0.06]
2024-01-02T22:13:40+01:00,[22],[0]
2024-01-02T22:12:52+01:00,[23],[0]
2024-01-02T21:37:41+01:00,[23],[0]
2024-01-02T21:35:50+01:00,[34],[0.28]
2024-01-02T21:35:09+01:00,[31],[0.07]
2024-01-02T21:29:26+01:00,[71],[0.03]
2024-01-02T21:13:19+01:00,[25],[0.8]
2024-01-02T21:11:18+01:00,[26],[0.36]
2024-01-02T21:06:02+01:00,[69],[0.15]
2024-01-01T00:12:18+01:00,[43],[0]
2024-01-01T00:07:15+01:00,[31],[0.15]
2024-01-01T00:03:03+01:00,[18],[0.18]
2024-01-01T00:02:06+01:00,[27],[0.25]
2023-12-31T23:58:21+01:00,[93],[0.02]
2023-12-31T23:48:52+01:00,[101],[0.04]
2023-12-31T23:08:11+01:00,[108],[0]
2023-12-31T23:05:35+01:00,[54],[0.17]
2023-12-31T23:02:36+01:00,[50],[0]
2023-12-31T22:59:15+01:00,[17],[0]
2023-12-31T22:56:59+01:00,[51],[0.04]
2023-12-31T22:54:30+01:00,[58],[0.18]
2023-12-31T22:53:25+01:00,[50],[0.08]
2023-12-31T22:34:52+01:00,[49],[0]
2023-12-31T22:32:18+01:00,[27],[0]
2023-12-31T22:17:06+01:00,[63],[0]
2023-12-31T22:10:22+01:00,[33],[0.14]
2023-12-31T22:08:59+01:00,[29],[0]
2023-12-31T22:07:42+01:00,[45],[0.14]
2023-12-31T21:48:55+01:00,[57],[0.17]
2023-12-31T21:31:26+01:00,[93],[0.24]
2023-12-31T21:29:08+01:00,[71],[0.05]
2023-12-29T19:23:21+01:00,[59],[0]
2023-12-29T19:22:17+01:00,[51],[0]
2023-12-29T19:19:11+01:00,[160],[0]
2023-12-29T19:16:12+01:00,[26],[0.08]
2023-12-29T19:11:15+01:00,[82],[0.02]
2023-12-29T19:03:31+01:00,[44],[0]
2023-12-29T19:01:36+01:00,[50],[0]
2023-12-29T19:00:54+01:00,[23],[0]
2023-12-29T18:51:14+01:00,[17],[0]
2023-12-29T18:49:39+01:00,[14],[0]
2023-12-29T18:45:09+01:00,[25],[0.17]
2023-12-29T18:33:49+01:00,[83],[0.02]
2023-12-28T21:08:00+01:00,[50],[0]
2023-12-28T21:04:09+01:00,[41],[0]
2023-12-28T21:02:55+01:00,[41],[0]
2023-12-28T20:58:58+01:00,[15],[0]
2023-12-28T20:58:15+01:00,[29],[0]
2023-12-28T20:56:17+01:00,[16],[0]
2023-12-28T20:54:33+01:00,[20],[0]
2023-12-28T20:51:06+01:00,[20],[0]
2023-12-27T04:29:10+01:00,[68],[0]
2023-12-27T02:04:13+01:00,[50],[0]
2023-12-27T01:31:20+01:00,[62],[0.02]
2023-12-27T01:30:21+01:00,[15],[0]
2023-12-27T01:22:55+01:00,"[300,135]","[0.01,0]"
2023-12-27T01:05:18+01:00,[92],[0.05]
2023-12-27T01:02:17+01:00,[166],[0.08]
2023-12-27T00:57:27+01:00,[24],[0.38]
2023-12-27T00:56:16+01:00,[20],[0.2]
2023-12-27T00:54:06+01:00,[101],[0]
2023-12-27T00:52:51+01:00,[51],[0]
2023-12-27T00:42:28+01:00,[25],[0.91]
2023-12-27T00:35:05+01:00,[12],[0]
2023-12-27T00:19:24+01:00,[28],[0.3]
2023-12-27T00:12:08+01:00,[32],[0]
2023-12-27T00:10:19+01:00,[97],[0.25]
2023-12-27T00:09:09+01:00,[26],[0.11]
2023-12-27T00:07:45+01:00,[36],[0]
2023-12-27T00:05:50+01:00,[20],[0.07]
2023-12-27T00:04:26+01:00,[27],[0.06]
2023-12-26T23:05:52+01:00,[32],[0.11]
2023-12-26T22:13:40+01:00,[47],[0.18]
2023-12-26T21:50:23+01:00,[32],[0.23]
2023-12-26T21:41:19+01:00,[32],[0]
2023-12-26T21:38:40+01:00,[26],[0]
2023-12-26T21:37:33+01:00,[43],[0]
2023-12-26T01:39:19+01:00,[14],[0]
2023-12-26T01:31:29+01:00,[40],[0]
2023-12-25T23:57:26+01:00,[18],[0]
2023-12-25T23:41:12+01:00,[37],[0.11]
2023-12-24T20:23:19+01:00,[52],[0]
2023-12-24T20:20:36+01:00,[17],[0]
2023-12-24T19:52:27+01:00,[30],[0.21]
2023-12-24T19:49:14+01:00,[65],[0]
2023-12-24T19:47:36+01:00,[70],[0]
2023-12-24T19:45:07+01:00,[16],[0.09]
2023-12-24T19:16:45+01:00,[20],[0]
2023-12-24T19:14:59+01:00,[48],[0]
2023-12-24T19:12:40+01:00,[98],[0]
2023-12-24T19:10:10+01:00,[61],[0]
2023-12-24T19:08:57+01:00,[54],[0]
2023-12-24T19:07:28+01:00,[78],[0]
2023-12-24T18:17:18+01:00,[64],[0]
2023-12-24T18:11:34+01:00,[163],[0.02]
2023-12-24T18:09:48+01:00,[17],[0]
2023-12-23T04:01:07+01:00,[23],[0]
2023-12-23T03:45:17+01:00,[47],[0]
2023-12-23T03:32:23+01:00,[30],[0.06]
2023-12-23T02:20:19+01:00,[67],[0.03]
2023-12-23T02:19:22+01:00,[15],[0.3]
2023-12-23T02:05:41+01:00,[56],[0.25]
2023-12-23T01:55:33+01:00,[43],[0.07]
2023-12-23T01:54:33+01:00,[27],[0]
2023-12-23T01:40:13+01:00,[79],[0.63]
2023-12-23T01:24:57+01:00,[20],[0.1]
2023-12-23T01:04:59+01:00,[70],[0.05]
2023-12-23T00:45:06+01:00,[30],[0.4]
2023-12-20T23:34:56+01:00,[92],[0.32]
2023-12-20T03:05:52+01:00,[177],[0]
2023-12-20T03:03:37+01:00,[55],[0]
2023-12-20T03:01:54+01:00,[38],[0]
2023-12-20T00:45:59+01:00,[216],[0.02]
2023-12-20T00:19:54+01:00,[241],[0]
2023-12-20T00:16:45+01:00,[164],[0]
2023-12-20T00:15:36+01:00,[58],[0.03]
2023-12-19T23:10:02+01:00,[58],[0.13]
2023-12-19T23:06:26+01:00,[47],[0.04]
2023-12-19T22:55:27+01:00,[23],[0]
2023-12-19T22:53:16+01:00,[20],[0.18]
2023-12-19T22:52:03+01:00,[58],[0.18]
2023-12-19T22:32:59+01:00,[33],[0.08]
2023-12-19T22:14:07+01:00,[32],[0.33]
2023-12-19T21:57:26+01:00,[12],[0]
2023-12-19T21:56:55+01:00,[15],[0]
2023-12-19T03:59:05+01:00,[50],[0.04]
2023-12-19T03:53:08+01:00,[279],[0.01]
2023-12-19T03:51:08+01:00,[55],[0.03]
2023-12-19T03:33:33+01:00,[24],[0]
2023-12-19T03:31:31+01:00,[26],[0]
2023-12-19T03:26:59+01:00,[21],[0.08]
2023-12-19T03:24:59+01:00,[53],[0]
2023-12-19T03:22:52+01:00,[100],[0]
2023-12-19T03:20:20+01:00,[59],[0.03]
2023-12-19T03:15:45+01:00,[21],[0]
2023-12-19T03:12:56+01:00,[63],[0]
2023-12-19T03:11:31+01:00,[73],[0]
2023-12-19T03:05:05+01:00,"[299,55]","[0,0]"
2023-12-19T02:46:01+01:00,[162],[0]
2023-12-19T02:42:26+01:00,[120],[0]
2023-12-19T02:40:46+01:00,[86],[0]
2023-12-19T02:33:09+01:00,[36],[0.5]
2023-12-19T02:29:17+01:00,[50],[0]
2023-12-19T02:28:02+01:00,[48],[0]
2023-12-19T02:15:13+01:00,[28],[0]
2023-12-18T21:35:34+01:00,[88],[0.02]
2023-12-18T21:24:00+01:00,[39],[0]
2023-12-18T21:18:49+01:00,[33],[0]
2023-12-18T21:01:35+01:00,[37],[0.04]
2023-12-18T20:57:08+01:00,[52],[0.03]
2023-12-18T20:56:22+01:00,[22],[0.18]
2023-12-18T02:54:04+01:00,[118],[0]
2023-12-18T02:41:13+01:00,[132],[0.03]
2023-12-18T02:12:21+01:00,[135],[0.03]
2023-12-18T02:11:07+01:00,[38],[0]
2023-12-18T02:02:12+01:00,[74],[0.02]
2023-12-18T01:44:30+01:00,[70],[0.02]
2023-12-18T01:36:08+01:00,[27],[0.36]
2023-12-18T01:34:21+01:00,[67],[0]
2023-12-18T01:33:09+01:00,[54],[0]
2023-12-17T19:59:09+01:00,[49],[0]
2023-12-16T21:18:20+01:00,[50],[0]
2023-12-16T21:15:44+01:00,[32],[0]
2023-12-16T21:11:17+01:00,[20],[0.27]
2023-12-16T21:08:11+01:00,[23],[0.06]
2023-12-16T21:06:42+01:00,[78],[0.04]
2023-12-16T20:46:51+01:00,[22],[0]
2023-12-16T20:45:37+01:00,[26],[0.06]
2023-12-16T20:09:01+01:00,[26],[0.63]
2023-12-16T20:01:34+01:00,[28],[0.08]
2023-12-16T19:55:33+01:00,[42],[0.32]
2023-12-16T19:50:29+01:00,[29],[0.39]
2023-12-16T19:46:41+01:00,[30],[0.38]
2023-12-16T19:45:29+01:00,[19],[0.15]
2023-12-16T19:39:43+01:00,[30],[0.36]
2023-12-16T19:34:52+01:00,[27],[1]
2023-12-16T19:22:27+01:00,[66],[0.03]
2023-12-16T19:14:19+01:00,[69],[0]
2023-12-16T01:16:50+01:00,[28],[0]
2023-12-16T01:15:51+01:00,[34],[0.05]
2023-12-16T01:03:20+01:00,[18],[0]
2023-12-16T01:01:21+01:00,[104],[0.04]
2023-12-16T00:43:14+01:00,[121],[0]
2023-12-16T00:22:24+01:00,[125],[0]
2023-12-16T00:20:19+01:00,[70],[0]
2023-12-16T00:11:30+01:00,[103],[0]
2023-12-14T21:35:11+01:00,[25],[0]
2023-12-14T21:33:32+01:00,[17],[0]
2023-12-14T21:21:02+01:00,[31],[0]
2023-12-14T21:19:42+01:00,[39],[0.05]
2023-12-14T21:16:01+01:00,[186],[0.01]
2023-12-14T21:13:30+01:00,[51],[0]
2023-12-14T16:55:25+01:00,[79],[0]
2023-12-14T16:54:09+01:00,[57],[0]
2023-12-14T16:53:19+01:00,[29],[0]
2023-12-14T16:52:25+01:00,[44],[0]
2023-12-14T16:46:57+01:00,[98],[0]
2023-12-14T16:42:15+01:00,[250],[0.06]
2023-12-14T16:41:10+01:00,[33],[0]
2023-12-14T13:20:25+01:00,[17],[0]
2023-12-14T13:18:18+01:00,[59],[0]
2023-12-14T10:49:07+01:00,[25],[0]
2023-12-14T00:01:01+01:00,[109],[0.01]
2023-12-14T00:00:28+01:00,[16],[0]
2023-12-13T23:57:16+01:00,[26],[0.32]
2023-12-13T23:56:22+01:00,[15],[0.4]
2023-12-13T23:55:43+01:00,[27],[0]
2023-12-13T23:54:24+01:00,[44],[0.4]
2023-12-13T23:43:47+01:00,[22],[0]
2023-12-13T23:43:03+01:00,[15],[0.6]
2023-12-13T23:40:05+01:00,[25],[0]
2023-12-13T23:37:52+01:00,[19],[0.25]
2023-12-13T23:16:47+01:00,[175],[0.01]
2023-12-13T22:44:25+01:00,[170],[0]
2023-12-13T04:24:07+01:00,[29],[0.07]
2023-12-13T04:03:18+01:00,[194],[0]
2023-12-13T03:54:23+01:00,[54],[0.07]
2023-12-13T01:40:53+01:00,[63],[0]
2023-12-13T01:24:18+01:00,[26],[0]
2023-12-13T01:20:34+01:00,[19],[0]
2023-12-13T01:13:00+01:00,[299],[0]
2023-12-11T06:19:31+01:00,[62],[0.02]
2023-12-11T05:30:38+01:00,[18],[0.18]
2023-12-11T05:16:55+01:00,[58],[0]
2023-12-11T05:04:12+01:00,[81],[0.02]
2023-12-10T03:27:33+01:00,[39],[0.05]
2023-12-10T03:12:28+01:00,[36],[0]
2023-12-10T02:57:42+01:00,[74],[0]
2023-12-10T01:36:59+01:00,[23],[0.09]
2023-12-10T01:29:58+01:00,[76],[0]
2023-12-10T01:28:52+01:00,[18],[0]
2023-12-10T01:14:59+01:00,[30],[0.05]
2023-12-10T01:13:14+01:00,[75],[0]
2023-12-10T01:01:21+01:00,[30],[0.08]
2023-12-10T00:52:26+01:00,[51],[0]
2023-12-09T04:33:40+01:00,[35],[0]
2023-12-09T04:19:29+01:00,[27],[0]
2023-12-09T04:10:43+01:00,[27],[0]
2023-12-09T03:26:14+01:00,[110],[0]
2023-12-09T03:24:30+01:00,[88],[0]
2023-12-09T03:20:19+01:00,[239],[0]
2023-12-09T03:17:57+01:00,[60],[0]
2023-12-09T03:16:50+01:00,[47],[0]
2023-12-09T03:15:47+01:00,[49],[0]
2023-12-09T03:14:21+01:00,[48],[0]
2023-12-09T03:11:11+01:00,[23],[0]
2023-12-09T03:10:37+01:00,[20],[0]
2023-12-09T03:09:07+01:00,[41],[0]
2023-12-09T03:02:55+01:00,[38],[0]
2023-12-09T03:00:19+01:00,[42],[0]
2023-12-09T02:55:19+01:00,[299],[0]
2023-12-09T02:54:10+01:00,[45],[0]
2023-12-09T02:39:57+01:00,[58],[0.04]
2023-12-08T22:51:18+01:00,[39],[0.11]
2023-12-08T22:49:28+01:00,[43],[0]
2023-12-08T02:49:40+01:00,[198],[0]
2023-12-08T02:47:14+01:00,[123],[0]
2023-12-08T02:44:54+01:00,[16],[0]
2023-12-08T02:43:53+01:00,[16],[0]
2023-12-08T02:38:29+01:00,[17],[0]
2023-12-08T02:36:35+01:00,[34],[0]
2023-12-08T02:35:57+01:00,[22],[0]
2023-12-08T02:33:59+01:00,[75],[0]
2023-12-08T02:31:07+01:00,[60],[0]
2023-12-08T02:27:54+01:00,[162],[0.01]
2023-12-08T02:25:40+01:00,[33],[0]
2023-12-08T02:15:03+01:00,[256],[0]
2023-12-08T02:12:45+01:00,[116],[0.02]
2023-12-08T02:12:09+01:00,[24],[0]
2023-12-07T00:36:11+01:00,[88],[0.02]
2023-12-07T00:29:13+01:00,[42],[0]
2023-12-07T00:27:24+01:00,[50],[0]
2023-12-07T00:25:52+01:00,[70],[0]
2023-12-06T21:57:39+01:00,[168],[0]
2023-12-06T21:47:22+01:00,[23],[0]
2023-12-06T21:42:20+01:00,[146],[0]
2023-12-06T21:41:29+01:00,[31],[0]
2023-12-06T04:00:45+01:00,[18],[0]
2023-12-06T03:58:43+01:00,[26],[0]
2023-12-06T02:41:44+01:00,[141],[0]
2023-12-06T02:39:50+01:00,[71],[0]
2023-12-06T02:18:04+01:00,[45],[0]
2023-12-06T00:41:14+01:00,"[299,152]","[0,0.01]"
2023-12-05T22:30:11+01:00,[51],[0]
2023-12-05T22:15:16+01:00,[173],[0]
2023-12-05T22:07:10+01:00,[61],[0.03]
2023-12-05T21:56:38+01:00,[45],[0]
2023-12-05T21:53:17+01:00,[144],[0]
2023-12-05T21:46:05+01:00,[30],[0]
2023-12-05T20:11:29+01:00,[178],[0.02]
2023-12-05T20:07:52+01:00,[22],[0]
2023-12-05T17:36:15+01:00,[114],[0.01]
2023-12-05T17:31:15+01:00,[299],[0]
2023-12-05T17:29:54+01:00,[18],[0]
2023-12-05T17:06:56+01:00,[138],[0.02]
2023-12-05T17:05:20+01:00,[33],[0]
2023-12-05T17:04:41+01:00,[25],[0]
2023-12-06T00:41:14+01:00,"[299,152]","[0,0.01]"
2023-12-05T01:32:41+01:00,[80],[0]
2023-12-05T01:31:31+01:00,[37],[0.08]
2023-12-05T01:21:43+01:00,[22],[0]
2023-12-05T01:20:50+01:00,[37],[0]
2023-12-05T01:19:08+01:00,[32],[0.21]
2023-12-05T01:16:47+01:00,[14],[0]
2023-12-05T01:14:52+01:00,[17],[0]
2023-12-05T01:11:01+01:00,[18],[0]
2023-12-05T01:07:46+01:00,[51],[0.08]
2023-12-05T01:04:04+01:00,[65],[0.11]
2023-12-05T01:02:36+01:00,[64],[0]
2023-12-05T00:54:11+01:00,[53],[0]
2023-12-05T00:21:07+01:00,[25],[0]
2023-12-03T05:51:34+01:00,[29],[0]
2023-12-03T05:44:34+01:00,[13],[0]
2023-12-03T05:36:52+01:00,[20],[0]
2023-12-03T04:41:21+01:00,[137],[0]
2023-12-03T04:38:08+01:00,[151],[0]
2023-12-03T04:32:29+01:00,[168],[0.01]
2023-12-03T04:31:51+01:00,[24],[0]
2023-12-03T04:31:20+01:00,[21],[0]
2023-12-03T04:19:47+01:00,[28],[0.07]
2023-12-03T04:16:12+01:00,[23],[0]
2023-12-03T03:49:35+01:00,[29],[0]
2023-12-03T03:29:44+01:00,[40],[0]
2023-12-03T03:21:46+01:00,[34],[0]
2023-12-03T03:20:31+01:00,[26],[0]
2023-12-03T03:19:57+01:00,[19],[0]
2023-12-03T03:18:09+01:00,[46],[0.03]
2023-12-03T03:03:55+01:00,[187],[0]
2023-12-03T03:00:48+01:00,[89],[0]
2023-12-03T02:58:07+01:00,[26],[0.15]
2023-12-03T02:48:07+01:00,[274],[0]
2023-12-03T02:44:30+01:00,[117],[0]
2023-12-03T01:29:22+01:00,[28],[0.1]
2023-12-02T21:33:09+01:00,[21],[0]
2023-12-02T01:39:23+01:00,[173],[0.06]
2023-12-02T01:27:39+01:00,[136],[0.01]
2023-12-01T04:44:41+01:00,[56],[0]
2023-12-01T04:14:04+01:00,[69],[0.02]
2023-12-01T02:46:30+01:00,[42],[0.05]
2023-12-01T02:39:24+01:00,[15],[0]
2023-12-01T02:38:16+01:00,[33],[0]
2023-12-01T02:37:09+01:00,[20],[0]
2023-12-01T02:31:53+01:00,[33],[0.05]
2023-12-01T00:57:50+01:00,[74],[0]
2023-11-29T05:50:05+01:00,[36],[0]
2023-11-29T05:34:23+01:00,[31],[0.04]
2023-11-29T05:31:22+01:00,[25],[0.18]
2023-11-29T05:28:57+01:00,[53],[0]
2023-11-29T04:43:11+01:00,[43],[0.04]
2023-11-29T04:28:52+01:00,[45],[0]
2023-11-29T04:26:12+01:00,[16],[0]
2023-11-29T03:53:48+01:00,[20],[0]
2023-11-29T02:28:30+01:00,[196],[0]
2023-11-29T02:26:27+01:00,[55],[0]
2023-11-29T02:21:27+01:00,[299],[0]
2023-11-29T00:59:22+01:00,[90],[0]
2023-11-28T00:55:59+01:00,[41],[0]
2023-11-28T00:54:24+01:00,[39],[0.04]
2023-11-28T00:31:35+01:00,[20],[0]
2023-11-28T00:13:07+01:00,[24],[0]
2023-11-28T00:05:56+01:00,[41],[0.1]
2023-11-26T23:37:28+01:00,[48],[0]
2023-11-26T23:14:20+01:00,[34],[0.05]
2023-11-26T22:47:46+01:00,[122],[0.01]
2023-11-26T22:40:54+01:00,[50],[0]
2023-11-26T22:03:50+01:00,[40],[0]
2023-11-25T22:47:48+01:00,[56],[0]
2023-11-25T22:45:38+01:00,[116],[0]
2023-11-25T22:29:10+01:00,[74],[0.02]
2023-11-25T22:19:27+01:00,[46],[0]
2023-11-25T22:16:46+01:00,[19],[0.2]
2023-11-25T22:11:59+01:00,[32],[0.42]
2023-11-25T22:03:46+01:00,[57],[0.03]
2023-11-25T22:02:12+01:00,[32],[0.47]
2023-11-25T21:52:13+01:00,[24],[0.3]
2023-11-25T21:49:34+01:00,[35],[0]
2023-11-25T21:16:28+01:00,[25],[0]
2023-11-25T21:14:44+01:00,[21],[0]
2023-11-25T01:13:14+01:00,[124],[0]
2023-11-25T01:07:54+01:00,[83],[0.02]
2023-11-25T01:05:01+01:00,[82],[0]
2023-11-25T00:59:55+01:00,[31],[0.08]
2023-11-25T00:57:16+01:00,[40],[0.04]
2023-11-25T00:55:10+01:00,[26],[0.14]
2023-11-25T00:53:43+01:00,[67],[0.05]
2023-11-25T00:42:28+01:00,[85],[0.02]
2023-11-25T00:18:33+01:00,[63],[0.02]
2023-11-25T00:17:34+01:00,[48],[0]
2023-11-25T00:15:22+01:00,[122],[0]
2023-11-25T00:13:42+01:00,[88],[0]
2023-11-25T00:08:42+01:00,[298],[0.02]
2023-11-25T00:08:07+01:00,[25],[0.07]
2023-11-25T00:04:03+01:00,[57],[0.33]
2023-11-25T00:03:00+01:00,[47],[0]
2023-11-24T23:59:35+01:00,[53],[0.04]
2023-11-24T23:47:19+01:00,[25],[0.18]
2023-11-24T23:45:23+01:00,[18],[0]
2023-11-24T23:31:45+01:00,[25],[0.3]
2023-11-24T22:49:08+01:00,[43],[0.04]
2023-11-24T22:38:36+01:00,[137],[0.01]
2023-11-24T22:37:47+01:00,[28],[0]
2023-11-24T22:14:44+01:00,[23],[0.08]
2023-11-24T22:11:30+01:00,[88],[0.12]
2023-11-24T22:10:47+01:00,[24],[0.29]
2023-11-24T22:08:13+01:00,[40],[0]
2023-11-24T21:59:49+01:00,[22],[0]
2023-11-24T21:56:44+01:00,[50],[0.38]
2023-11-24T21:31:11+01:00,[20],[0.5]
2023-11-24T21:25:34+01:00,[103],[0.02]
2023-11-24T00:37:12+01:00,[40],[0]
2023-11-24T00:34:21+01:00,[81],[0]
2023-11-24T00:29:29+01:00,[128],[0]
2023-11-24T00:27:28+01:00,[33],[0.04]
2023-11-24T00:09:52+01:00,[62],[0.14]
2023-11-24T00:05:45+01:00,[63],[0.1]
2023-11-23T23:54:30+01:00,[21],[0.08]
2023-11-23T23:51:54+01:00,[21],[0.1]
2023-11-23T22:56:07+01:00,[61],[0]
2023-11-23T21:51:58+01:00,[45],[0.03]
2023-11-23T21:49:16+01:00,[81],[0.13]
2023-11-23T21:36:12+01:00,[35],[0]
2023-11-23T21:22:13+01:00,[28],[0]
2023-11-23T21:05:43+01:00,[71],[0]
2023-11-23T21:01:33+01:00,[218],[0.01]
2023-11-23T20:56:29+01:00,[35],[0]
2023-11-23T20:51:42+01:00,[20],[0]
2023-11-23T20:49:31+01:00,[32],[0]
2023-11-23T20:37:22+01:00,[18],[0]
2023-11-23T20:16:00+01:00,[32],[0]
2023-11-23T20:14:01+01:00,[24],[0]
2023-11-23T20:12:53+01:00,[21],[0]
2023-11-23T20:12:16+01:00,[26],[0]
2023-11-23T20:10:42+01:00,[60],[0.05]
2023-11-23T20:10:05+01:00,[26],[0]
2023-11-23T19:32:54+01:00,[47],[0]
2023-11-23T01:37:19+01:00,[69],[0]
2023-11-23T01:20:41+01:00,[29],[0]
2023-11-23T00:43:36+01:00,[131],[0.13]
2023-11-23T00:37:23+01:00,[104],[0]
2023-11-23T00:28:20+01:00,[114],[0]
2023-11-22T23:19:43+01:00,[53],[0.06]
2023-11-22T23:17:51+01:00,[64],[0.41]
2023-11-22T23:16:28+01:00,[48],[0.23]
2023-11-22T23:09:54+01:00,[74],[0.02]
2023-11-22T22:33:25+01:00,[227],[0.02]
2023-11-22T22:18:17+01:00,[210],[0.07]
2023-11-22T21:25:30+01:00,[18],[0]
2023-11-22T21:16:15+01:00,[25],[0.23]
2023-11-22T20:59:15+01:00,[31],[0]
2023-11-22T20:20:58+01:00,[119],[0]
2023-11-22T20:16:30+01:00,[15],[0]
2023-11-22T20:11:26+01:00,[44],[0]
2023-11-22T19:47:00+01:00,[64],[0.05]
2023-11-22T19:45:32+01:00,[18],[0]
2023-11-22T18:20:27+01:00,[25],[0]
2023-11-22T17:45:30+01:00,[26],[0.07]
2023-11-21T05:09:27+01:00,[34],[0]
2023-11-21T04:56:51+01:00,[13],[0]
2023-11-21T04:48:06+01:00,[15],[0]
2023-11-21T04:06:02+01:00,[219],[0]
2023-11-21T04:04:05+01:00,[19],[0]
2023-11-21T03:31:38+01:00,[43],[0]
2023-11-21T03:24:00+01:00,[96],[0.02]
2023-11-21T01:58:52+01:00,[26],[0.08]
2023-11-20T00:44:11+01:00,[60],[0]
2023-11-20T00:15:26+01:00,[213],[0]
2023-11-20T00:10:56+01:00,[77],[0.03]
2023-11-20T00:01:49+01:00,[17],[0]
2023-11-20T00:01:03+01:00,[35],[0]
2023-11-19T23:58:58+01:00,[108],[0]
2023-11-19T23:55:52+01:00,[15],[0]
2023-11-19T23:52:27+01:00,[165],[0]
2023-11-19T05:49:24+01:00,[35],[0.05]
2023-11-19T05:02:06+01:00,[50],[0]
2023-11-19T04:37:36+01:00,[107],[0.01]
2023-11-19T03:53:47+01:00,[25],[0]
2023-11-19T02:47:10+01:00,[81],[0.1]
2023-11-19T02:45:34+01:00,[16],[0]
2023-11-19T02:37:14+01:00,[37],[0]
2023-11-19T02:36:04+01:00,[18],[0]
2023-11-19T02:34:48+01:00,[56],[0]
2023-11-19T01:59:43+01:00,[100],[0.01]
2023-11-19T01:41:50+01:00,[100],[0]
2023-11-19T01:08:42+01:00,[34],[0.11]
2023-11-19T00:22:19+01:00,[38],[0]
2023-11-19T00:17:18+01:00,[299],[0]
2023-11-19T00:11:07+01:00,[298],[0.01]
2023-11-19T00:08:28+01:00,[139],[0]
2023-11-19T00:07:10+01:00,[60],[0.16]
2023-11-19T00:06:15+01:00,[19],[0]
2023-11-19T00:04:30+01:00,[19],[0]
2023-11-18T23:58:01+01:00,[29],[0.11]
2023-11-18T23:56:13+01:00,[65],[0.02]
2023-11-18T23:52:45+01:00,[95],[0]
2023-11-18T23:47:40+01:00,[300],[0]
2023-11-18T23:39:09+01:00,[45],[0]
2023-11-18T23:37:15+01:00,[31],[0.06]
2023-11-18T23:09:55+01:00,[46],[0.12]
2023-11-18T23:08:01+01:00,[50],[0.28]
2023-11-18T21:26:01+01:00,[46],[0]
2023-11-18T21:24:26+01:00,[27],[0]
2023-11-18T05:12:39+01:00,[55],[0]
2023-11-18T05:12:00+01:00,[20],[0]
2023-11-18T04:58:42+01:00,[39],[0.1]
2023-11-18T04:23:53+01:00,[27],[0]
2023-11-18T04:09:17+01:00,[49],[0.03]
2023-11-18T04:08:14+01:00,[38],[0.06]
2023-11-18T04:05:59+01:00,[14],[0]
2023-11-18T04:03:47+01:00,[19],[0.18]
2023-11-18T04:02:37+01:00,[44],[0.28]
2023-11-18T04:00:55+01:00,[27],[0.06]
2023-11-18T03:40:20+01:00,[213],[0.01]
2023-11-18T03:14:35+01:00,[35],[0.06]
2023-11-18T03:10:59+01:00,[43],[0.05]
2023-11-18T02:46:18+01:00,[85],[0.05]
2023-11-18T02:45:32+01:00,[36],[0]
2023-11-18T02:44:51+01:00,[24],[0]
2023-11-18T02:44:03+01:00,[20],[0]
2023-11-17T02:31:48+01:00,[156],[0.02]
2023-11-17T02:30:16+01:00,[46],[0]
2023-11-17T02:28:04+01:00,[66],[0]
2023-11-17T02:25:08+01:00,[164],[0]
2023-11-17T02:23:23+01:00,[14],[0]
2023-11-17T00:55:27+01:00,[68],[0]
2023-11-15T04:20:29+01:00,[17],[0]
2023-11-15T04:00:54+01:00,[103],[0]
2023-11-15T03:58:37+01:00,[72],[0]
2023-11-15T03:00:34+01:00,[52],[0]
2023-11-15T02:42:45+01:00,[28],[1]
2023-11-15T02:38:14+01:00,[21],[0]
2023-11-15T02:19:08+01:00,[46],[0]
2023-11-15T02:18:11+01:00,[19],[0]
2023-11-15T00:54:06+01:00,[146],[0]
2023-11-15T00:52:20+01:00,[89],[0]
2023-11-15T00:51:13+01:00,[23],[0]
2023-11-15T00:38:22+01:00,[30],[0]
2023-11-15T00:26:25+01:00,[177],[0]
2023-11-14T21:29:12+01:00,[50],[0]
2023-11-14T21:24:27+01:00,[114],[0.04]
2023-11-14T21:20:40+01:00,[167],[0]
2023-11-14T17:57:34+01:00,"[299,38]","[0,0.03]"
2023-11-14T17:33:11+01:00,[54],[0]
2023-11-14T17:15:16+01:00,[128],[0.02]
2023-11-14T17:12:07+01:00,[67],[0]
2023-11-13T03:15:21+01:00,[123],[0]
2023-11-13T03:09:01+01:00,[299],[0]
2023-11-13T03:03:08+01:00,[287],[0]
2023-11-13T02:40:25+01:00,[40],[0]
2023-11-13T02:39:20+01:00,[34],[0]
2023-11-13T02:38:35+01:00,[29],[0]
2023-11-13T02:35:52+01:00,[17],[0]
2023-11-13T02:34:15+01:00,[64],[0]
2023-11-13T02:33:14+01:00,[49],[0]
2023-11-13T02:31:55+01:00,[65],[0]
2023-11-13T02:29:12+01:00,[37],[0]
2023-11-13T02:27:48+01:00,[70],[0]
2023-11-13T02:25:00+01:00,[145],[0]
2023-11-13T02:23:31+01:00,[27],[0]
2023-11-13T02:21:30+01:00,[51],[0]
2023-11-13T02:20:14+01:00,[13],[0]
2023-11-13T02:14:08+01:00,[95],[0]
2023-11-13T02:11:50+01:00,[126],[0]
2023-11-13T02:10:55+01:00,[20],[0]
2023-11-13T02:09:23+01:00,[68],[0]
2023-11-13T02:07:23+01:00,[28],[0]
2023-11-13T02:06:16+01:00,[16],[0]
2023-11-13T02:04:38+01:00,[35],[0]
2023-11-13T02:04:06+01:00,[21],[0]
2023-11-13T02:03:18+01:00,[13],[0]
2023-11-13T02:01:42+01:00,[48],[0.03]
2023-11-13T01:58:06+01:00,[37],[0]
2023-11-12T23:57:02+01:00,[63],[0]
2023-11-12T23:56:26+01:00,[21],[0]
2023-11-11T04:08:59+01:00,[55],[0]
2023-11-11T04:05:09+01:00,[40],[0.04]
2023-11-11T03:21:45+01:00,[71],[0.03]
2023-11-11T02:44:41+01:00,[110],[0.03]
2023-11-11T02:21:58+01:00,[98],[0]
2023-11-11T02:12:32+01:00,[90],[0.27]
2023-11-10T02:25:59+01:00,[102],[0]
2023-11-10T02:24:38+01:00,[70],[0]
2023-11-10T02:23:36+01:00,[34],[0]
2023-11-10T02:22:35+01:00,[30],[0]
2023-11-10T00:55:00+01:00,[38],[0]
2023-11-10T00:50:55+01:00,[47],[0.04]
2023-11-09T02:10:01+01:00,[20],[0]
2023-11-09T02:08:44+01:00,[18],[0]
2023-11-09T00:45:13+01:00,[57],[0.11]
2023-11-09T00:41:28+01:00,[69],[0]
2023-11-08T22:00:17+01:00,[34],[0]
2023-11-08T21:57:40+01:00,[19],[0]
2023-11-08T21:26:14+01:00,[99],[0.02]
2023-11-08T21:23:48+01:00,[106],[0.02]
2023-11-08T21:18:58+01:00,[194],[0]
2023-11-08T21:07:32+01:00,[30],[0]
2023-11-08T20:59:36+01:00,[36],[0]
2023-11-08T20:58:09+01:00,[27],[0]
2023-11-08T20:54:05+01:00,[38],[0]
2023-11-08T20:51:10+01:00,[125],[0.01]
2023-11-08T18:49:19+01:00,[21],[0]
2023-11-08T17:49:59+01:00,[141],[0.01]
2023-11-08T17:36:12+01:00,[47],[0.08]
2023-11-08T17:06:26+01:00,[43],[0]
2023-11-08T16:13:55+01:00,[79],[0]
2023-11-08T04:54:41+01:00,[24],[0.08]
2023-11-08T04:44:54+01:00,[18],[0.08]
2023-11-08T04:41:26+01:00,[31],[0]
2023-11-08T04:22:48+01:00,[53],[0]
2023-11-08T04:21:52+01:00,[41],[0]
2023-11-08T04:20:24+01:00,[16],[0]
2023-11-08T04:12:37+01:00,[33],[0.05]
2023-11-08T04:09:51+01:00,[32],[0.11]
2023-11-08T04:02:14+01:00,[54],[0]
2023-11-08T04:01:30+01:00,[33],[0.15]
2023-11-08T03:58:48+01:00,[14],[0.1]
2023-11-08T03:54:40+01:00,[31],[0.05]
2023-11-08T03:37:23+01:00,[46],[0]
2023-11-08T03:20:35+01:00,[16],[0]
2023-11-08T02:30:29+01:00,[194],[0]
2023-11-08T02:29:54+01:00,[22],[0]
2023-11-08T02:27:02+01:00,[150],[0]
2023-11-08T02:22:02+01:00,[299],[0]
2023-11-08T00:56:42+01:00,[162],[0.01]
2023-11-08T00:56:00+01:00,[31],[0.06]
2023-11-08T00:51:56+01:00,[29],[0]
2023-11-08T00:46:42+01:00,[35],[0]
2023-11-06T23:01:39+01:00,[262],[0.01]
2023-11-06T22:58:37+01:00,[120],[0]
2023-11-06T22:56:03+01:00,[132],[0.01]
2023-11-06T22:53:46+01:00,[120],[0]
2023-11-06T22:48:45+01:00,[300],[0]
2023-11-06T22:31:13+01:00,[190],[0]
2023-11-06T22:27:47+01:00,[191],[0]
2023-11-06T22:27:12+01:00,[18],[0]
2023-11-06T22:22:18+01:00,[270],[0]
2023-11-06T22:17:44+01:00,[232],[0]
2023-11-06T03:49:49+01:00,[32],[0.32]
2023-11-06T03:47:52+01:00,[47],[0]
2023-11-06T03:46:02+01:00,[19],[0.09]
2023-11-06T03:43:22+01:00,[94],[0.04]
2023-11-06T03:39:10+01:00,[221],[0]
2023-11-06T03:38:19+01:00,[33],[0]
2023-11-06T03:28:52+01:00,[57],[0.12]
2023-11-06T03:27:07+01:00,[16],[0]
2023-11-06T03:22:59+01:00,[16],[0]
2023-11-06T03:20:08+01:00,[108],[0]
2023-11-06T03:17:48+01:00,[78],[0.02]
2023-11-06T03:14:09+01:00,[126],[0.01]
2023-11-06T01:58:06+01:00,[73],[0]
2023-11-06T01:54:29+01:00,[156],[0.01]
2023-11-04T22:02:40+01:00,[80],[0]
2023-11-04T21:37:34+01:00,[153],[0.13]
2023-11-04T21:35:09+01:00,[19],[0.07]
2023-11-04T21:17:59+01:00,[88],[0]
2023-11-04T21:09:03+01:00,[81],[0.02]
2023-11-04T20:16:05+01:00,[31],[0]
2023-11-04T20:01:57+01:00,[26],[0]
2023-11-04T00:54:32+01:00,[51],[0]
2023-11-04T00:53:23+01:00,[27],[0]
2023-11-04T00:46:15+01:00,[24],[0]
2023-11-04T00:35:27+01:00,[32],[0.06]
2023-11-03T23:45:53+01:00,[13],[0]
2023-11-03T23:44:55+01:00,[19],[0]
2023-11-03T23:32:24+01:00,[17],[0]
2023-11-03T23:27:16+01:00,[27],[0.3]
2023-11-03T23:26:30+01:00,[17],[0]
2023-11-03T23:15:29+01:00,[33],[0.07]
2023-11-03T00:51:19+01:00,[17],[0]
2023-11-03T00:47:21+01:00,[26],[0]
2023-11-03T00:06:35+01:00,[94],[0]
2023-11-03T00:00:50+01:00,[296],[0]
2023-11-02T23:52:48+01:00,[18],[0]
2023-11-02T23:52:12+01:00,[22],[0.08]
2023-11-02T23:51:23+01:00,[39],[0.26]
2023-11-02T23:46:18+01:00,[45],[0]
2023-11-02T23:44:51+01:00,[73],[0]
2023-11-02T23:44:13+01:00,[18],[0.42]
2023-11-02T23:42:50+01:00,[25],[0]
2023-11-02T23:40:54+01:00,[14],[0]
2023-11-02T23:33:31+01:00,[37],[0.05]
2023-11-02T23:32:35+01:00,[22],[0]
2023-11-02T23:28:48+01:00,[187],[0]
2023-11-02T23:27:01+01:00,[91],[0]
2023-11-02T23:25:54+01:00,[21],[0]
2023-11-02T23:13:26+01:00,[23],[0.36]
2023-11-02T22:51:11+01:00,[48],[0.42]
2023-11-02T22:37:37+01:00,[32],[0.06]
2023-11-02T22:23:46+01:00,[61],[0.12]
2023-11-02T22:00:54+01:00,[50],[0]
2023-11-02T01:11:16+01:00,[33],[0.05]
2023-11-02T01:09:47+01:00,[14],[0]
2023-11-02T01:08:30+01:00,[16],[0]
2023-11-01T23:41:16+01:00,[115],[0]
2023-11-01T23:39:15+01:00,[62],[0.02]
2023-11-01T23:22:51+01:00,[22],[0]
2023-11-01T23:14:53+01:00,[242],[0]
2023-11-01T23:14:28+01:00,[13],[0]
2023-11-01T23:12:50+01:00,[26],[0]
2023-11-01T23:06:17+01:00,[37],[0]
2023-11-01T23:02:26+01:00,[126],[0]
2023-11-01T23:01:33+01:00,[43],[0]
2023-11-01T20:47:49+01:00,[187],[0]
2023-11-01T19:30:29+01:00,[39],[0]
2023-11-01T19:26:21+01:00,[120],[0.08]
2023-11-01T19:17:55+01:00,[110],[0.02]
2023-11-01T17:02:47+01:00,[45],[0.03]
2023-11-01T16:57:14+01:00,[290],[0]
2023-11-01T16:20:05+01:00,[127],[0]
2023-11-01T16:17:56+01:00,[56],[0]
2023-11-01T15:12:37+01:00,[93],[0]
2023-11-01T03:38:32+01:00,[216],[0.01]
2023-11-01T03:29:26+01:00,[116],[0]
2023-11-01T03:28:11+01:00,[43],[0.03]
2023-11-01T03:23:22+01:00,[137],[0.01]
2023-11-01T03:20:08+01:00,[67],[0.04]
2023-11-01T03:17:36+01:00,[24],[0.17]
2023-11-01T02:58:08+01:00,[84],[0]
2023-11-01T02:56:26+01:00,[61],[0]
2023-11-01T01:17:08+01:00,[50],[0]
2023-10-31T23:43:32+01:00,[49],[0]
2023-10-31T23:42:34+01:00,[46],[0.15]
2023-10-31T23:37:51+01:00,[272],[0]
2023-10-31T23:37:14+01:00,[27],[0]
2023-10-31T23:21:16+01:00,[24],[0]
2023-10-31T23:07:27+01:00,[54],[0]
2023-10-31T21:23:13+01:00,[54],[0]
2023-10-31T21:19:25+01:00,[123],[0]
2023-10-31T21:15:18+01:00,[235],[0.01]
2023-10-31T21:01:29+01:00,[46],[0.04]
2023-10-31T20:53:42+01:00,[36],[0]
2023-10-31T20:49:28+01:00,[181],[0]
2023-10-31T16:36:42+01:00,[26],[0]
2023-10-31T16:35:45+01:00,[37],[0]
2023-10-31T16:34:32+01:00,[62],[0]
2023-10-31T16:32:04+01:00,[137],[0]
2023-10-31T16:30:25+01:00,[78],[0]
2023-10-31T16:09:34+01:00,[60],[0]
2023-10-31T16:08:19+01:00,[62],[0.03]
2023-10-31T16:06:03+01:00,[69],[0]
2023-10-31T15:13:05+01:00,[98],[0.02]
2023-10-31T00:20:08+01:00,[34],[0]
2023-10-31T00:18:57+01:00,[27],[0.11]
2023-10-30T23:52:22+01:00,[25],[0]
2023-10-30T23:50:55+01:00,[48],[0]
2023-10-30T23:49:52+01:00,[24],[0]
2023-10-30T23:44:50+01:00,[38],[0.05]
2023-10-30T23:34:29+01:00,[17],[0]
2023-10-30T23:25:49+01:00,[20],[0.5]
2023-10-30T23:25:22+01:00,[13],[0]
2023-10-30T23:24:11+01:00,[51],[0]
2023-10-30T22:30:55+01:00,[52],[0.04]
2023-10-30T02:46:03+01:00,[223],[0]
2023-10-30T02:22:59+01:00,[263],[0]
2023-10-30T02:20:43+01:00,[83],[0]
2023-10-30T02:10:38+01:00,[296],[0.01]
2023-10-30T02:07:39+01:00,[105],[0]
2023-10-30T02:06:36+01:00,[28],[0]
2023-10-30T01:58:04+01:00,[121],[0]
2023-10-30T01:52:57+01:00,[224],[0]
2023-10-29T04:14:50+01:00,[65],[0]
2023-10-29T02:37:36+01:00,[66],[0]
2023-10-29T02:28:42+01:00,[23],[0.15]
2023-10-29T02:21:09+01:00,[53],[0.04]
2023-10-29T02:04:27+01:00,[22],[0]
2023-10-29T01:56:27+02:00,[60],[0]
2023-10-29T01:53:20+02:00,[104],[0.02]
2023-10-29T01:51:58+02:00,[44],[0]
2023-10-29T01:46:54+02:00,[38],[0]
2023-10-29T01:45:19+02:00,[25],[0]
2023-10-29T01:35:04+02:00,[36],[0]
2023-10-29T01:31:22+02:00,[141],[0]
2023-10-29T01:30:11+02:00,[60],[0]
2023-10-29T00:37:54+02:00,[117],[0]
2023-10-29T00:35:26+02:00,[29],[0.16]
2023-10-29T00:11:11+02:00,[75],[0]
2023-10-29T00:09:58+02:00,[30],[0]
2023-10-29T00:08:44+02:00,[60],[0]
2023-10-29T00:07:34+02:00,[57],[0]
2023-10-29T00:04:43+02:00,[97],[0]
2023-10-29T00:04:00+02:00,[20],[0]
2023-10-29T00:00:38+02:00,[135],[0]
2023-10-28T22:12:52+02:00,[169],[0]
2023-10-28T22:11:23+02:00,[34],[0]
2023-10-28T22:04:15+02:00,[95],[0]
2023-10-28T05:45:21+02:00,[158],[0]
2023-10-28T05:42:59+02:00,[23],[0.1]
2023-10-28T05:33:46+02:00,[53],[0.06]
2023-10-28T05:32:07+02:00,[24],[0.06]
2023-10-28T05:31:01+02:00,[27],[0]
2023-10-28T05:29:43+02:00,[19],[0.08]
2023-10-28T05:20:18+02:00,[19],[0]
2023-10-28T05:14:53+02:00,[94],[0]
2023-10-28T05:13:51+02:00,[35],[0.09]
2023-10-27T03:14:53+02:00,[14],[0]
2023-10-27T03:13:18+02:00,[48],[0]
2023-10-27T03:12:13+02:00,[51],[0]
2023-10-27T03:04:59+02:00,[69],[0]
2023-10-27T03:04:05+02:00,[31],[0]
2023-10-27T03:03:18+02:00,[30],[0.06]
2023-10-27T02:38:16+02:00,[88],[0]
2023-10-27T02:33:24+02:00,[60],[0]
2023-10-27T02:29:47+02:00,[37],[0]
2023-10-27T02:27:52+02:00,[14],[0]
2023-10-27T02:23:16+02:00,[52],[0.03]
2023-10-27T02:21:41+02:00,[42],[0]
2023-10-26T23:55:45+02:00,[42],[0]
2023-10-26T23:54:16+02:00,[73],[0]
2023-10-26T23:50:06+02:00,[84],[0]
2023-10-26T23:17:19+02:00,[183],[0]
2023-10-26T23:15:37+02:00,[89],[0]
2023-10-26T02:09:53+02:00,[93],[0]
2023-10-26T02:07:08+02:00,[63],[0]
2023-10-26T00:41:56+02:00,[35],[0]
2023-10-26T00:38:46+02:00,[87],[0.01]
2023-10-26T00:07:59+02:00,[298],[0]
2023-10-26T00:06:33+02:00,[38],[0]
2023-10-25T23:59:50+02:00,[26],[0]
2023-10-25T23:59:05+02:00,[20],[0]
2023-10-25T22:02:42+02:00,[19],[0]
2023-10-25T21:16:57+02:00,[20],[0]
2023-10-25T21:13:57+02:00,[19],[0]
2023-10-25T20:33:59+02:00,[20],[0]
2023-10-25T20:24:09+02:00,[40],[0]
2023-10-25T20:21:33+02:00,[112],[0]
2023-10-25T18:50:45+02:00,[23],[0]
2023-10-25T18:01:11+02:00,[107],[0]
2023-10-25T18:00:38+02:00,[19],[0]
2023-10-25T17:54:45+02:00,[17],[0]
2023-10-25T17:24:04+02:00,"[300,22]","[0,0]"
2023-10-25T17:11:21+02:00,[72],[0]
2023-10-25T17:08:32+02:00,[31],[0]
2023-10-25T16:03:09+02:00,[14],[0]
2023-10-25T04:02:56+02:00,[25],[0.06]
2023-10-25T04:02:08+02:00,[18],[0]
2023-10-25T03:59:55+02:00,[31],[0.06]
2023-10-25T02:46:29+02:00,[36],[0]
2023-10-25T02:43:34+02:00,[85],[0]
2023-10-25T02:22:08+02:00,[58],[0]
2023-10-25T00:51:20+02:00,[299],[0]
2023-10-24T23:02:44+02:00,[45],[0]
2023-10-24T22:24:45+02:00,[36],[0]
2023-10-24T22:21:45+02:00,[129],[0]
2023-10-24T20:17:54+02:00,[222],[0]
2023-10-24T17:39:17+02:00,[46],[0]
2023-10-24T17:33:26+02:00,[278],[0]
2023-10-24T17:31:25+02:00,[106],[0]
2023-10-24T17:12:41+02:00,[125],[0]
2023-10-24T17:09:27+02:00,[75],[0]
2023-10-22T23:04:13+02:00,[80],[0]
2023-10-22T23:03:25+02:00,[25],[0]
2023-10-22T22:51:26+02:00,[28],[0.07]
2023-10-22T22:44:23+02:00,[20],[0.08]
2023-10-22T22:41:53+02:00,[28],[0.64]
2023-10-22T22:39:09+02:00,[20],[0.09]
2023-10-22T22:30:39+02:00,[16],[0]
2023-10-22T22:29:16+02:00,[45],[0.13]
2023-10-22T22:27:50+02:00,[59],[0]
2023-10-22T22:05:43+02:00,[42],[0]
2023-10-22T22:03:41+02:00,[32],[0.07]
2023-10-22T21:51:34+02:00,[23],[0]
2023-10-22T21:43:38+02:00,[71],[0]
2023-10-22T21:42:54+02:00,[16],[0]
2023-10-22T21:33:46+02:00,[26],[0]
2023-10-22T21:31:25+02:00,[14],[0]
2023-10-22T21:29:32+02:00,[74],[0.02]
2023-10-22T03:43:05+02:00,[34],[0]
2023-10-22T03:41:40+02:00,[69],[0.02]
2023-10-22T03:37:04+02:00,[98],[0.02]
2023-10-22T02:56:29+02:00,[59],[0]
2023-10-22T02:52:41+02:00,[16],[0.27]
2023-10-22T02:38:54+02:00,[29],[0.14]
2023-10-22T02:36:32+02:00,[112],[0]
2023-10-22T02:22:24+02:00,[46],[0]
2023-10-22T01:59:18+02:00,[46],[0.03]
2023-10-22T01:48:56+02:00,[45],[0.09]
2023-10-22T01:46:54+02:00,[89],[0]
2023-10-22T01:33:39+02:00,[53],[0.03]
2023-10-22T01:32:50+02:00,[35],[0]
2023-10-22T01:29:58+02:00,[138],[0.01]
2023-10-22T01:27:16+02:00,[20],[0.08]
2023-10-22T01:12:08+02:00,[45],[0.09]
2023-10-22T01:03:56+02:00,[26],[0.08]
2023-10-22T01:02:02+02:00,[18],[0.17]
2023-10-22T00:58:57+02:00,[18],[0]
2023-10-22T00:30:31+02:00,[33],[0]
2023-10-22T00:14:25+02:00,[61],[0]
2023-10-21T23:43:20+02:00,[36],[0]
2023-10-21T23:38:23+02:00,[40],[0]
2023-10-21T23:37:21+02:00,[39],[0]
2023-10-21T23:31:01+02:00,"[300,45]","[0,0]"
2023-10-21T23:28:57+02:00,[91],[0]
2023-10-21T23:25:12+02:00,[207],[0.01]
2023-10-21T23:01:48+02:00,[39],[0.06]
2023-10-21T22:59:10+02:00,[49],[0]
2023-10-21T22:54:28+02:00,[184],[0]
2023-10-21T22:52:54+02:00,[74],[0]
2023-10-21T22:51:10+02:00,[67],[0]
2023-10-21T22:46:39+02:00,[254],[0]
2023-10-21T22:42:11+02:00,[212],[0]
2023-10-20T03:18:44+02:00,[20],[0]
2023-10-20T02:36:46+02:00,[152],[0]
2023-10-20T02:34:18+02:00,[127],[0]
2023-10-20T02:30:10+02:00,[156],[0]
2023-10-20T02:28:47+02:00,[22],[0]
2023-10-20T00:40:18+02:00,[251],[0]
2023-10-20T00:38:46+02:00,[33],[0]
2023-10-20T00:18:12+02:00,[254],[0]
2023-10-20T00:17:29+02:00,[24],[0]
2023-10-19T23:58:54+02:00,[27],[0.2]
2023-10-19T02:25:12+02:00,[70],[0]
2023-10-19T01:05:59+02:00,[18],[0.1]
2023-10-19T01:05:23+02:00,[18],[0]
2023-10-19T00:39:49+02:00,[20],[0]
2023-10-19T00:19:02+02:00,[64],[0]
2023-10-19T00:18:01+02:00,[40],[0]
2023-10-19T00:15:41+02:00,[125],[0]
2023-10-18T21:45:14+02:00,[48],[0]
2023-10-18T21:42:00+02:00,[169],[0]
2023-10-18T20:18:05+02:00,[145],[0.01]
2023-10-18T20:17:31+02:00,[22],[0]
2023-10-18T20:11:37+02:00,[299],[0.02]
2023-10-18T18:50:11+02:00,[34],[0]
2023-10-18T17:56:17+02:00,[23],[0]
2023-10-18T17:54:46+02:00,[24],[0]
2023-10-18T17:26:23+02:00,[287],[0.01]
2023-10-18T17:08:43+02:00,[45],[0]
2023-10-18T17:07:59+02:00,[33],[0]
2023-10-18T17:04:57+02:00,[109],[0.02]
2023-10-18T16:15:07+02:00,[26],[0]
2023-10-18T04:07:10+02:00,[82],[0.03]
2023-10-18T00:56:17+02:00,[122],[0]
2023-10-18T00:46:03+02:00,[250],[0.01]
2023-10-18T00:45:13+02:00,[19],[0]
2023-10-17T22:23:17+02:00,[20],[0]
2023-10-17T22:16:59+02:00,[25],[0]
2023-10-17T22:04:11+02:00,[24],[0]
2023-10-17T21:58:52+02:00,[255],[0]
2023-10-17T21:01:09+02:00,[20],[0.09]
2023-10-17T20:58:33+02:00,[117],[0.01]
2023-10-17T20:31:17+02:00,[62],[0.06]
2023-10-17T20:01:04+02:00,[108],[0.04]
2023-10-17T19:58:19+02:00,[28],[0]
2023-10-17T18:18:43+02:00,[187],[0]
2023-10-17T17:33:29+02:00,[23],[0.17]
2023-10-17T17:32:04+02:00,[74],[0]
2023-10-17T17:30:38+02:00,[76],[0]
2023-10-17T17:26:19+02:00,[248],[0.03]
2023-10-17T17:06:23+02:00,[131],[0]
2023-10-17T17:04:32+02:00,[52],[0.03]
2023-10-17T16:15:03+02:00,[19],[0]
2023-10-17T16:14:21+02:00,[29],[0]
2023-10-16T22:54:11+02:00,[39],[0.04]
2023-10-16T21:33:49+02:00,[34],[0]
2023-10-16T02:56:16+02:00,[234],[0.01]
2023-10-16T02:39:47+02:00,[22],[0.38]
2023-10-16T02:36:06+02:00,[172],[0]
2023-10-16T02:34:57+02:00,[44],[0]
2023-10-16T02:30:50+02:00,[25],[0.42]
2023-10-15T21:14:10+02:00,[41],[0.11]
2023-10-15T21:12:29+02:00,[36],[0.19]
2023-10-15T02:25:03+02:00,[101],[0.01]
2023-10-15T02:19:54+02:00,[33],[0.06]
2023-10-15T02:16:43+02:00,[159],[0.01]
2023-10-15T01:57:48+02:00,[53],[0.04]
2023-10-15T01:56:10+02:00,[17],[0]
2023-10-14T21:10:12+02:00,[98],[0.11]
2023-10-14T21:06:12+02:00,[45],[0.08]
2023-10-14T01:45:42+02:00,[46],[0]
2023-10-14T01:31:25+02:00,[26],[0]
2023-10-14T01:24:59+02:00,[86],[0.02]
2023-10-14T01:24:07+02:00,[21],[0]
2023-10-14T01:18:11+02:00,[47],[0]
2023-10-14T01:17:34+02:00,[23],[0]
2023-10-14T01:15:41+02:00,[74],[0.3]
2023-10-14T01:14:38+02:00,[46],[0.04]
2023-10-14T01:10:45+02:00,[13],[0]
2023-10-14T01:09:28+02:00,[52],[0]
2023-10-14T01:08:46+02:00,[21],[0.45]
2023-10-14T00:16:56+02:00,[23],[0]
2023-10-14T00:09:11+02:00,[39],[0.16]
2023-10-14T00:07:54+02:00,[35],[0]
2023-10-13T23:19:04+02:00,[21],[0]
2023-10-13T23:16:29+02:00,[44],[0.08]
2023-10-13T21:54:20+02:00,[27],[0.06]
2023-10-13T21:53:05+02:00,[64],[0]
2023-10-13T21:52:37+02:00,[14],[0]
2023-10-13T20:59:21+02:00,[190],[0.01]
2023-10-13T20:56:44+02:00,[73],[0.02]
2023-10-13T04:48:33+02:00,[47],[0.04]
2023-10-13T03:45:13+02:00,[33],[0]
2023-10-13T02:28:17+02:00,[90],[0]
2023-10-13T02:26:35+02:00,[90],[0]
2023-10-13T02:26:04+02:00,[18],[0]
2023-10-13T02:23:44+02:00,[129],[0.01]
2023-10-13T02:22:06+02:00,[85],[0]
2023-10-13T02:20:54+02:00,[53],[0]
2023-10-13T00:57:22+02:00,[52],[0.08]
2023-10-13T00:55:49+02:00,[41],[0]
2023-10-13T00:36:59+02:00,[26],[0]
2023-10-12T02:36:00+02:00,[56],[0]
2023-10-12T02:09:27+02:00,[62],[0]
2023-10-12T00:42:00+02:00,[54],[0]
2023-10-12T00:37:29+02:00,[95],[0]
2023-10-12T00:05:52+02:00,[57],[0]
2023-10-12T00:00:01+02:00,[280],[0]
2023-10-11T21:50:46+02:00,[149],[0.01]
2023-10-11T21:08:51+02:00,[75],[0]
2023-10-11T21:06:46+02:00,[99],[0.04]
2023-10-11T21:02:27+02:00,[247],[0.01]
2023-10-11T21:01:38+02:00,[32],[0]
2023-10-11T21:01:02+02:00,[20],[0]
2023-10-11T20:56:14+02:00,[56],[0]
2023-10-11T20:46:12+02:00,[26],[0]
2023-10-11T20:33:22+02:00,[42],[0.03]
2023-10-11T20:30:15+02:00,[56],[0.03]
2023-10-11T20:28:35+02:00,[40],[0]
2023-10-11T20:27:36+02:00,[34],[0]
2023-10-11T20:27:10+02:00,[15],[0]
2023-10-11T20:16:59+02:00,[25],[0]
2023-10-11T20:11:59+02:00,[296],[0]
2023-10-11T18:47:10+02:00,[27],[0]
2023-10-11T18:44:30+02:00,[28],[0.18]
2023-10-11T17:53:04+02:00,[34],[0]
2023-10-11T17:24:43+02:00,[246],[0]
2023-10-11T17:07:31+02:00,[19],[0]
2023-10-11T17:05:41+02:00,[90],[0]
2023-10-11T17:03:49+02:00,[39],[0]
2023-10-11T03:48:25+02:00,[12],[0]
2023-10-11T03:36:12+02:00,[28],[0]
2023-10-11T03:28:18+02:00,[19],[0]
2023-10-11T03:25:00+02:00,[54],[0]
2023-10-11T00:56:01+02:00,[99],[0]
2023-10-11T00:51:02+02:00,[296],[0.01]
2023-10-10T23:28:13+02:00,[45],[0]
2023-10-10T22:55:29+02:00,[85],[0.02]
2023-10-10T22:54:09+02:00,[69],[0]
2023-10-10T22:41:20+02:00,[50],[0]
2023-10-10T22:33:00+02:00,[40],[0]
2023-10-10T22:28:48+02:00,[127],[0]
2023-10-10T20:20:54+02:00,[124],[0.02]
2023-10-10T20:19:49+02:00,[37],[0]
2023-10-10T17:36:01+02:00,[24],[0]
2023-10-10T17:33:37+02:00,[128],[0]
2023-10-10T17:28:37+02:00,[299],[0.01]
2023-10-10T17:04:50+02:00,[64],[0.03]
2023-10-09T22:59:59+02:00,[132],[0.01]
2023-10-09T22:58:17+02:00,[26],[0]
2023-10-09T22:46:25+02:00,[180],[0.12]
2023-10-09T05:34:34+02:00,[24],[0]
2023-10-09T03:12:11+02:00,[55],[0]
2023-10-08T23:03:16+02:00,[15],[0.09]
2023-10-08T22:44:10+02:00,[26],[0]
2023-10-08T22:40:44+02:00,[16],[0]
2023-10-08T22:31:07+02:00,[21],[0]
2023-10-08T22:25:38+02:00,[109],[0]
2023-10-08T22:19:12+02:00,[20],[0.45]
2023-10-08T22:17:22+02:00,[29],[0.11]
2023-10-08T22:14:38+02:00,[27],[0.67]
2023-10-08T22:03:33+02:00,[43],[0.21]
2023-10-08T22:01:33+02:00,[92],[0]
2023-10-08T21:50:21+02:00,[71],[0]
2023-10-08T21:41:00+02:00,[68],[0]
2023-10-07T04:28:00+02:00,[117],[0]
2023-10-07T04:27:31+02:00,[15],[0]
2023-10-07T04:25:58+02:00,[80],[0]
2023-10-07T04:25:16+02:00,[20],[0]
2023-10-07T04:22:24+02:00,[108],[0]
2023-10-07T04:18:30+02:00,[42],[0]
2023-10-07T04:12:34+02:00,[34],[0.05]
2023-10-07T04:08:50+02:00,[196],[0.03]
2023-10-07T04:05:51+02:00,[157],[0]
2023-10-07T03:57:29+02:00,"[299,189]","[0,0]"
2023-10-07T03:48:17+02:00,"[299,224]","[0,0.01]"
2023-10-07T03:44:00+02:00,[224],[0]
2023-10-06T04:35:22+02:00,[71],[0.02]
2023-10-06T04:34:39+02:00,[31],[0]
2023-10-06T04:22:52+02:00,[23],[0.15]
2023-10-06T04:05:31+02:00,[28],[0.06]
2023-10-06T04:03:26+02:00,[60],[0.03]
2023-10-06T03:59:51+02:00,[108],[0]
2023-10-06T03:58:25+02:00,[66],[0.03]
2023-10-06T03:50:28+02:00,[26],[0]
2023-10-06T02:24:25+02:00,[159],[0.01]
2023-10-06T00:41:02+02:00,[109],[0]
2023-10-06T00:39:41+02:00,[56],[0]
2023-10-06T00:34:21+02:00,[82],[0.02]
2023-10-05T05:38:10+02:00,[33],[0]
2023-10-05T05:31:09+02:00,[26],[0]
2023-10-05T05:28:50+02:00,[30],[0]
2023-10-05T05:22:24+02:00,[81],[0.11]
2023-10-05T05:00:00+02:00,[31],[0.77]
2023-10-05T04:41:46+02:00,[48],[0.03]
2023-10-05T04:39:55+02:00,[23],[0]
2023-10-05T04:21:44+02:00,[44],[0]
2023-10-05T04:19:03+02:00,[34],[0]
2023-10-05T04:11:58+02:00,[60],[0]
2023-10-04T03:31:03+02:00,[23],[0]
2023-10-04T03:29:26+02:00,[22],[0]
2023-10-04T03:26:49+02:00,[78],[0]
2023-10-04T02:33:03+02:00,[28],[0]
2023-10-04T02:14:55+02:00,[33],[0]
2023-10-04T00:39:42+02:00,[163],[0]
2023-10-04T00:35:18+02:00,[247],[0]
2023-10-03T22:33:10+02:00,[35],[0]
2023-10-03T22:20:45+02:00,[165],[0]
2023-10-03T22:19:26+02:00,[22],[0]
2023-10-03T22:14:32+02:00,[34],[0]
2023-10-03T21:50:42+02:00,[27],[0]
2023-10-03T20:25:17+02:00,[41],[0.04]
2023-10-03T20:22:23+02:00,[163],[0]
2023-10-03T19:35:37+02:00,[14],[0]
2023-10-03T19:30:14+02:00,[31],[0]
2023-10-03T19:18:17+02:00,[25],[0]
2023-10-03T19:11:55+02:00,[134],[0]
2023-10-03T18:23:27+02:00,[109],[0]
2023-10-03T17:35:13+02:00,[205],[0]
2023-10-03T17:34:08+02:00,[55],[0]
2023-10-03T17:08:01+02:00,[56],[0]
2023-10-03T17:07:15+02:00,[16],[0]
2023-10-03T17:04:46+02:00,[18],[0]
2023-10-03T04:23:56+02:00,[106],[0]
2023-10-03T04:21:42+02:00,[120],[0]
2023-10-03T04:15:53+02:00,[288],[0]
2023-10-03T04:13:30+02:00,[71],[0]
2023-10-03T04:10:29+02:00,[160],[0]
2023-10-03T04:09:49+02:00,[27],[0]
2023-10-03T03:48:52+02:00,[101],[0]
2023-10-02T01:18:44+02:00,[40],[0.04]
2023-10-02T01:11:13+02:00,[36],[0]
2023-10-02T01:01:37+02:00,[57],[0.03]
2023-10-02T00:59:10+02:00,[21],[0.23]
2023-10-02T00:57:18+02:00,[100],[0.07]
2023-10-02T00:50:16+02:00,[113],[0.12]
2023-10-02T00:46:41+02:00,[65],[0.12]
2023-10-02T00:43:51+02:00,[34],[0.33]
2023-10-02T00:43:10+02:00,[31],[0.58]
2023-10-02T00:27:31+02:00,[69],[0.03]
2023-10-02T00:16:22+02:00,[18],[0]
2023-10-02T00:13:52+02:00,[85],[0]
2023-10-02T00:07:58+02:00,[65],[0.05]
2023-10-01T23:57:17+02:00,[16],[0.07]
2023-10-01T23:40:17+02:00,[27],[0.08]
2023-10-01T23:04:27+02:00,[65],[0]
2023-10-01T22:51:57+02:00,[18],[0]
2023-10-01T22:47:53+02:00,[103],[0.02]
2023-10-01T22:36:58+02:00,[59],[0.04]
2023-10-01T22:26:37+02:00,[129],[0]
2023-10-01T21:44:30+02:00,[120],[0.02]
2023-10-01T21:41:38+02:00,[38],[0]
2023-10-01T21:40:59+02:00,[19],[0]
2023-10-01T21:27:41+02:00,[67],[0]
2023-10-01T21:25:34+02:00,[57],[0]
2023-10-01T03:17:09+02:00,[40],[0]
2023-10-01T02:50:55+02:00,[31],[0]
2023-10-01T02:26:55+02:00,[82],[0]
2023-10-01T02:17:15+02:00,[38],[0]
2023-10-01T02:15:14+02:00,[24],[0]
2023-10-01T02:13:04+02:00,[35],[0]
2023-09-29T04:01:50+02:00,[18],[0]
2023-09-29T03:36:17+02:00,[18],[0.17]
2023-09-29T03:14:20+02:00,[71],[0]
2023-09-29T02:18:48+02:00,[83],[0]
2023-09-29T00:41:27+02:00,[56],[0]
2023-09-28T02:20:36+02:00,[24],[0]
2023-09-28T02:19:07+02:00,[23],[0]
2023-09-28T02:15:40+02:00,[66],[0]
2023-09-28T00:41:18+02:00,[89],[0.02]
2023-09-27T23:53:19+02:00,"[300,267]","[0,0]"
2023-09-27T23:52:07+02:00,[58],[0]
2023-09-27T23:41:12+02:00,[16],[0]
2023-09-27T23:39:23+02:00,[86],[0]
2023-09-27T23:35:21+02:00,[195],[0]
2023-09-27T22:00:56+02:00,[134],[0]
2023-09-27T21:55:16+02:00,[50],[0]
2023-09-27T21:44:10+02:00,[42],[0]
2023-09-27T20:26:28+02:00,[152],[0]
2023-09-27T20:25:00+02:00,[37],[0]
2023-09-27T18:50:33+02:00,[25],[0.08]
2023-09-27T17:56:34+02:00,[19],[0]
2023-09-27T17:54:58+02:00,[50],[0]
2023-09-27T17:49:59+02:00,[298],[0]
2023-09-27T17:27:56+02:00,[69],[0.03]
2023-09-27T17:06:17+02:00,[138],[0.01]
2023-09-27T17:03:57+02:00,[53],[0]
2023-09-27T03:29:12+02:00,[24],[0]
2023-09-27T03:24:43+02:00,[59],[0]
2023-09-27T02:33:06+02:00,[22],[0]
2023-09-27T02:31:06+02:00,[25],[0]
2023-09-27T02:14:50+02:00,[69],[0]
2023-09-27T00:48:30+02:00,[160],[0]
2023-09-26T22:13:14+02:00,[296],[0]
2023-09-26T21:54:57+02:00,[38],[0]
2023-09-26T21:53:04+02:00,[24],[0]
2023-09-26T21:50:25+02:00,[133],[0]
2023-09-26T20:13:09+02:00,[139],[0]
2023-09-26T20:04:17+02:00,[297],[0]
2023-09-26T19:57:10+02:00,"[299,95]","[0,0]"
2023-09-26T19:55:35+02:00,[83],[0]
2023-09-26T19:50:52+02:00,[42],[0]
2023-09-26T19:42:00+02:00,[47],[0]
2023-09-26T19:39:48+02:00,[117],[0.05]
2023-09-26T18:05:19+02:00,[47],[0]
2023-09-26T18:00:13+02:00,[296],[0]
2023-09-26T17:58:27+02:00,[92],[0]
2023-09-26T17:57:32+02:00,[45],[0]
2023-09-26T17:35:31+02:00,[77],[0]
2023-09-26T17:16:38+02:00,[53],[0]
2023-09-26T17:13:19+02:00,[50],[0]
2023-09-26T16:11:29+02:00,[31],[0]
2023-09-26T16:10:28+02:00,[44],[0]
2023-09-26T04:15:47+02:00,[26],[0.08]
2023-09-26T04:05:26+02:00,[29],[0.21]
2023-09-26T03:59:01+02:00,[23],[0.27]
2023-09-26T03:31:15+02:00,[19],[0.1]
2023-09-24T00:59:14+02:00,[50],[0]
2023-09-24T00:49:32+02:00,[43],[0.04]
2023-09-24T00:48:34+02:00,[42],[0.04]
2023-09-24T00:33:20+02:00,[27],[0]
2023-09-24T00:11:29+02:00,[25],[0]
2023-09-24T00:04:45+02:00,[43],[0]
2023-09-23T23:55:29+02:00,[30],[0.05]
2023-09-23T23:54:30+02:00,[44],[0.15]
2023-09-23T23:50:34+02:00,[30],[0.08]
2023-09-23T23:24:57+02:00,[67],[0.02]
2023-09-23T23:24:14+02:00,[18],[0.27]
2023-09-23T22:44:31+02:00,[38],[0.58]
2023-09-23T22:37:01+02:00,[17],[0]
2023-09-22T23:11:10+02:00,[85],[0]
2023-09-22T23:09:58+02:00,[51],[0]
2023-09-22T23:05:56+02:00,[115],[0]
2023-09-22T23:04:44+02:00,[33],[0]
2023-09-22T23:04:07+02:00,[14],[0]
2023-09-22T22:20:08+02:00,[272],[0.01]
2023-09-22T04:01:01+02:00,[53],[0]
2023-09-22T03:57:38+02:00,[45],[0]
2023-09-22T01:03:21+02:00,[58],[0]
2023-09-21T02:31:54+02:00,[31],[0.05]
2023-09-21T02:06:46+02:00,[18],[0]
2023-09-21T02:04:11+02:00,[56],[0]
2023-09-21T00:48:18+02:00,[85],[0]
2023-09-21T00:00:33+02:00,"[299,108]","[0,0.02]"
2023-09-20T23:48:03+02:00,[232],[0]
2023-09-20T21:48:53+02:00,[92],[0]
2023-09-20T21:47:04+02:00,[97],[0]
2023-09-20T20:25:00+02:00,[275],[0.03]
2023-09-20T17:24:17+02:00,[224],[0]
2023-09-20T05:23:04+02:00,[79],[0]
2023-09-20T05:21:45+02:00,[62],[0]
2023-09-20T05:11:25+02:00,[42],[0.14]
2023-09-20T05:10:29+02:00,[46],[0.52]
2023-09-20T05:04:41+02:00,[29],[0.06]
2023-09-20T04:58:22+02:00,[21],[0]
2023-09-20T04:57:16+02:00,[14],[0]
2023-09-20T04:44:34+02:00,[29],[0.18]
2023-09-20T04:41:48+02:00,[137],[0.05]
2023-09-20T04:30:33+02:00,[28],[0.08]
2023-09-20T04:30:01+02:00,[22],[0]
2023-09-20T04:23:13+02:00,[112],[0.05]
2023-09-20T04:16:14+02:00,[41],[0]
2023-09-20T04:09:00+02:00,[20],[0]
2023-09-20T04:06:48+02:00,[28],[0]
2023-09-20T02:27:48+02:00,[33],[0]
2023-09-20T02:22:47+02:00,[300],[0.01]
2023-09-20T00:53:44+02:00,[61],[0]
2023-09-20T00:50:24+02:00,[28],[0]
2023-09-20T00:48:27+02:00,[61],[0]
2023-09-20T00:35:19+02:00,[202],[0]
2023-09-19T23:56:19+02:00,[204],[0]
2023-09-19T23:51:19+02:00,[299],[0]
2023-09-19T23:06:25+02:00,[155],[0]
2023-09-19T23:06:01+02:00,[14],[0.1]
2023-09-19T22:13:45+02:00,[70],[0]
2023-09-19T22:09:30+02:00,[209],[0]
2023-09-19T21:51:43+02:00,[108],[0]
2023-09-19T20:05:09+02:00,[226],[0]
2023-09-19T17:31:00+02:00,[118],[0]
2023-09-19T17:25:58+02:00,[300],[0]
2023-09-19T17:07:22+02:00,[87],[0]
2023-09-19T17:06:47+02:00,[21],[0]
2023-09-19T17:04:38+02:00,[76],[0]
2023-09-19T16:13:45+02:00,[115],[0.06]
2023-09-18T02:14:29+02:00,[34],[0]
2023-09-18T02:06:12+02:00,[29],[0.75]
2023-09-18T02:02:28+02:00,[26],[0.1]
2023-09-18T01:28:35+02:00,[58],[0]
2023-09-18T01:23:55+02:00,[98],[0]
2023-09-18T01:19:12+02:00,[78],[0]
2023-09-18T01:16:56+02:00,[80],[0]
2023-09-18T01:12:20+02:00,[264],[0.01]
2023-09-18T01:10:20+02:00,[43],[0]
2023-09-18T01:06:28+02:00,[206],[0]
2023-09-18T01:04:56+02:00,[38],[0]
2023-09-18T00:59:30+02:00,[56],[0]
2023-09-18T00:38:54+02:00,[112],[0.09]
2023-09-18T00:31:03+02:00,[46],[0]
2023-09-18T00:27:17+02:00,[18],[0.08]
2023-09-18T00:24:47+02:00,[20],[0.3]
2023-09-18T00:24:06+02:00,[17],[0.25]
2023-09-18T00:22:25+02:00,[75],[0.06]
2023-09-18T00:17:29+02:00,[19],[0.17]
2023-09-18T00:04:00+02:00,[18],[0]
2023-09-18T00:00:21+02:00,[207],[0.01]
2023-09-17T23:55:22+02:00,[298],[0]
2023-09-17T23:52:57+02:00,[53],[0]
2023-09-17T23:50:41+02:00,[69],[0.02]
2023-09-17T23:45:51+02:00,[39],[0.33]
2023-09-17T23:37:45+02:00,[43],[0.09]
2023-09-17T23:35:50+02:00,[18],[0.2]
2023-09-17T23:35:05+02:00,[34],[0.23]
2023-09-17T23:33:45+02:00,[64],[0.03]
2023-09-17T23:32:20+02:00,[14],[0]
2023-09-17T23:31:32+02:00,[36],[0.13]
2023-09-17T22:51:54+02:00,[145],[0.06]
2023-09-17T22:47:24+02:00,[29],[0.42]
2023-09-17T22:38:19+02:00,[55],[0.1]
2023-09-17T22:34:46+02:00,[99],[0.03]
2023-09-17T22:33:51+02:00,[35],[0]
2023-09-17T22:30:26+02:00,[155],[0.01]
2023-09-17T22:28:32+02:00,[18],[0.2]
2023-09-17T22:10:46+02:00,[27],[0.1]
2023-09-17T22:08:13+02:00,[25],[0]
2023-09-17T22:00:57+02:00,[57],[0.03]
2023-09-17T21:57:23+02:00,[38],[0]
2023-09-17T21:29:47+02:00,[49],[0]
2023-09-15T03:00:08+02:00,[92],[0]
2023-09-15T02:58:02+02:00,[107],[0]
2023-09-15T02:56:08+02:00,[91],[0.08]
2023-09-15T02:20:28+02:00,[27],[0.09]
2023-09-15T00:47:25+02:00,[198],[0.01]
2023-09-14T02:10:50+02:00,[18],[0]
2023-09-14T02:07:54+02:00,[58],[0]
2023-09-14T01:08:05+02:00,[73],[0.04]
2023-09-14T00:50:47+02:00,[33],[0]
2023-09-14T00:50:10+02:00,[25],[0]
2023-09-14T00:49:24+02:00,[27],[0]
2023-09-14T00:48:17+02:00,[46],[0]
2023-09-13T21:40:41+02:00,[57],[0.04]
2023-09-13T21:32:09+02:00,"[299,15]","[0,0]"
2023-09-13T21:30:56+02:00,[26],[0]
2023-09-13T20:37:24+02:00,[23],[0]
2023-09-13T20:34:42+02:00,[139],[0]
2023-09-13T18:55:52+02:00,[32],[0.06]
2023-09-13T18:55:10+02:00,[31],[0.05]
2023-09-13T18:50:10+02:00,[28],[0]
2023-09-13T18:01:02+02:00,[298],[0]
2023-09-13T17:59:40+02:00,[22],[0]
2023-09-13T17:25:05+02:00,[108],[0]
2023-09-13T17:23:15+02:00,[40],[0.05]
2023-09-13T16:13:11+02:00,[25],[0]
2023-09-13T16:11:50+02:00,[30],[0.06]
2023-09-13T04:01:14+02:00,[25],[0]
2023-09-13T03:59:34+02:00,[24],[0]
2023-09-13T03:57:09+02:00,[51],[0]
2023-09-13T03:07:49+02:00,[18],[0]
2023-09-13T03:05:35+02:00,[72],[0]
2023-09-13T02:29:44+02:00,[38],[0.06]
2023-09-13T02:24:11+02:00,[248],[0]
2023-09-13T00:52:36+02:00,[96],[0]
2023-09-13T00:49:18+02:00,[101],[0.05]
2023-09-13T00:46:34+02:00,[25],[0]
2023-09-13T00:42:10+02:00,[24],[0]
2023-09-12T23:16:35+02:00,[264],[0]
2023-09-12T23:01:51+02:00,[181],[0]
2023-09-12T22:56:30+02:00,[13],[0]
2023-09-12T21:56:30+02:00,[19],[0.09]
2023-09-12T21:50:18+02:00,[214],[0.01]
2023-09-12T20:09:06+02:00,[228],[0]
2023-09-12T17:33:16+02:00,[133],[0]
2023-09-12T17:28:02+02:00,[299],[0]
2023-09-12T17:08:03+02:00,[122],[0]
2023-09-12T17:06:18+02:00,[56],[0]
2023-09-12T03:35:05+02:00,[35],[0.13]
2023-09-12T03:34:29+02:00,[22],[0]
2023-09-12T03:20:20+02:00,[47],[0.05]
2023-09-12T03:17:02+02:00,[20],[0]
2023-09-12T03:13:18+02:00,[50],[0.05]
2023-09-12T03:09:46+02:00,[18],[0.5]
2023-09-12T03:05:40+02:00,[41],[0.33]
2023-09-12T03:01:59+02:00,[58],[0]
2023-09-12T02:57:32+02:00,[43],[0.21]
2023-09-12T02:56:04+02:00,[44],[0.05]
2023-09-12T02:54:26+02:00,[56],[0.55]
2023-09-12T02:52:13+02:00,[24],[0.27]
2023-09-12T02:51:09+02:00,[35],[0.13]
2023-09-12T02:47:08+02:00,[51],[0]
2023-09-12T02:45:03+02:00,[23],[0.1]
2023-09-12T02:42:59+02:00,[39],[0.07]
2023-09-12T02:41:25+02:00,[22],[0]
2023-09-12T02:40:12+02:00,[57],[0.16]
2023-09-12T02:37:02+02:00,[47],[0.25]
2023-09-12T02:33:07+02:00,[20],[0]
2023-09-12T02:20:59+02:00,[83],[0]
2023-09-12T01:51:59+02:00,[29],[0]
2023-09-12T01:48:12+02:00,[34],[0]
2023-09-12T01:42:36+02:00,[64],[0.03]
2023-09-11T02:50:13+02:00,[86],[0]
2023-09-11T02:40:55+02:00,[85],[0]
2023-09-11T02:39:36+02:00,[45],[0]
2023-09-11T02:37:31+02:00,[49],[0]
2023-09-11T02:35:32+02:00,[38],[0.33]
2023-09-11T02:31:51+02:00,[32],[0.26]
2023-09-11T02:28:55+02:00,[47],[0.29]
2023-09-11T02:27:49+02:00,[19],[0.08]
2023-09-11T02:19:52+02:00,[28],[0]
2023-09-11T02:16:15+02:00,[12],[0]
2023-09-11T02:11:15+02:00,[30],[0.05]
2023-09-11T02:06:51+02:00,[62],[0.02]
2023-09-11T02:06:03+02:00,[21],[0]
2023-09-11T02:02:58+02:00,[31],[0]
2023-09-11T01:55:38+02:00,[120],[0.03]
2023-09-11T01:36:13+02:00,[23],[0.06]
2023-09-11T00:59:23+02:00,[20],[0]
2023-09-11T00:15:39+02:00,[95],[0.05]
2023-09-11T00:12:42+02:00,[95],[0.19]
2023-09-11T00:10:38+02:00,[94],[0.17]
2023-09-11T00:09:55+02:00,[26],[0.5]
2023-09-11T00:07:06+02:00,[136],[0.39]
2023-09-11T00:04:20+02:00,[56],[0.02]
2023-09-11T00:00:10+02:00,[236],[0.06]
2023-09-10T23:54:31+02:00,"[300,29]","[0.09,0.06]"
2023-09-10T23:52:07+02:00,[35],[0.04]
2023-09-10T23:50:41+02:00,[57],[0.17]
2023-09-10T23:47:36+02:00,[29],[0]
2023-09-10T23:46:43+02:00,[17],[0.1]
2023-09-10T23:44:53+02:00,[98],[0.12]
2023-09-10T23:38:07+02:00,"[299,39]","[0,0]"
2023-09-10T23:18:57+02:00,[78],[0.02]
2023-09-10T20:29:42+02:00,[86],[0.02]
2023-09-10T19:19:16+02:00,[16],[0]
2023-09-10T05:13:46+02:00,[59],[0]
2023-09-10T04:52:55+02:00,[19],[0]
2023-09-10T04:47:53+02:00,[299],[0.01]
2023-09-10T04:44:54+02:00,[159],[0]
2023-09-10T04:34:53+02:00,"[299,300]","[0,0.01]"
2023-09-10T04:26:11+02:00,[289],[0]
2023-09-10T04:23:08+02:00,[161],[0]
2023-09-10T04:21:21+02:00,[89],[0]
2023-09-10T04:12:37+02:00,"[299,21]","[0.01,0]"
2023-09-10T04:08:25+02:00,[226],[0]
2023-09-10T04:05:31+02:00,[147],[0.01]
2023-09-10T04:04:52+02:00,[25],[0]
2023-09-09T00:45:44+02:00,[48],[0.07]
2023-09-09T00:36:22+02:00,[32],[0]
2023-09-09T00:23:03+02:00,[19],[0.3]
2023-09-09T00:20:56+02:00,[29],[0.4]
2023-09-08T23:54:41+02:00,[21],[0.77]
2023-09-08T23:52:13+02:00,[32],[0.42]
2023-09-08T23:46:39+02:00,[25],[0.57]
2023-09-08T23:43:12+02:00,[21],[0]
2023-09-08T23:41:56+02:00,[46],[0]
2023-09-08T23:26:56+02:00,[56],[0.17]
2023-09-08T22:47:58+02:00,[39],[0.33]
2023-09-08T21:33:15+02:00,[22],[0]
2023-09-08T05:07:02+02:00,[27],[0.05]
2023-09-08T05:05:02+02:00,[84],[0]
2023-09-08T04:59:45+02:00,[31],[0]
2023-09-08T04:54:25+02:00,[18],[0]
2023-09-08T04:41:39+02:00,[35],[0.06]
2023-09-08T03:21:23+02:00,[48],[0]
2023-09-08T02:23:30+02:00,[286],[0]
2023-09-08T01:01:48+02:00,[118],[0]
2023-09-07T02:06:48+02:00,[24],[0]
2023-09-07T02:04:27+02:00,[64],[0]
2023-09-07T00:53:50+02:00,[52],[0]
2023-09-07T00:53:23+02:00,[17],[0.08]
2023-09-07T00:52:49+02:00,[23],[0]
2023-09-07T00:51:49+02:00,[27],[0]
2023-09-06T21:23:52+02:00,[227],[0.01]
2023-09-06T20:41:40+02:00,[49],[0]
2023-09-06T20:37:39+02:00,[143],[0]
2023-09-06T20:27:46+02:00,[27],[0]
2023-09-06T19:56:26+02:00,[154],[0.01]
2023-09-06T19:45:31+02:00,[35],[0]
2023-09-06T19:44:21+02:00,[48],[0.04]
2023-09-06T18:53:50+02:00,[196],[0]
2023-09-06T17:43:11+02:00,[25],[0]
2023-09-06T17:41:08+02:00,[48],[0]
2023-09-06T17:36:48+02:00,[242],[0]
2023-09-06T17:05:23+02:00,[40],[0]
2023-09-06T17:04:31+02:00,[40],[0]
2023-09-06T16:13:42+02:00,[41],[0]
2023-09-06T04:11:51+02:00,[20],[0]
2023-09-06T04:09:37+02:00,[63],[0]
2023-09-06T02:26:05+02:00,[39],[0]
2023-09-06T02:25:05+02:00,[39],[0]
2023-09-06T02:22:03+02:00,[67],[0]
2023-09-06T00:51:15+02:00,[22],[0]
2023-09-06T00:45:18+02:00,[160],[0]
2023-09-05T21:55:05+02:00,[41],[0]
2023-09-05T21:51:35+02:00,[91],[0.02]
2023-09-05T20:20:39+02:00,[194],[0]
2023-09-05T17:34:45+02:00,[202],[0]
2023-09-05T17:32:33+02:00,[51],[0]
2023-09-05T17:31:41+02:00,[21],[0.2]
2023-09-05T17:07:56+02:00,[67],[0]
2023-09-05T16:12:01+02:00,[30],[0]
2023-09-05T04:24:07+02:00,[57],[0.04]
2023-09-05T04:06:58+02:00,[53],[0.71]
2023-09-05T03:43:10+02:00,[29],[0.42]
2023-09-05T03:39:04+02:00,[48],[0.04]
2023-09-05T03:34:35+02:00,[23],[0]
2023-09-05T03:31:45+02:00,[27],[0.07]
2023-09-04T05:00:53+02:00,[42],[0]
2023-09-04T04:54:08+02:00,"[300,39]","[0,0]"
2023-09-04T04:44:55+02:00,[46],[0.08]
2023-09-04T04:40:27+02:00,[57],[0.1]
2023-09-04T04:37:17+02:00,[64],[0.13]
2023-09-04T04:00:36+02:00,[116],[0.01]
2023-09-04T03:58:26+02:00,[80],[0]
2023-09-04T03:50:24+02:00,[81],[0.03]
2023-09-04T03:48:47+02:00,[72],[0.05]
2023-09-04T03:41:45+02:00,[39],[0.31]
2023-09-04T03:40:34+02:00,[60],[0.06]
2023-09-04T03:33:47+02:00,[116],[0.06]
2023-09-04T03:30:44+02:00,[28],[0.07]
2023-09-04T03:24:12+02:00,[60],[0.03]
2023-09-04T03:22:01+02:00,[41],[0]
2023-09-04T03:18:58+02:00,[90],[0.08]
2023-09-04T03:04:52+02:00,[115],[0.1]
2023-09-04T03:02:54+02:00,[27],[0.25]
2023-09-04T03:01:10+02:00,[14],[0]
2023-09-04T02:54:34+02:00,[148],[0.03]
2023-09-04T02:50:13+02:00,[180],[0.04]
2023-09-03T04:01:00+02:00,[23],[0]
2023-09-01T05:35:18+02:00,[47],[0]
2023-09-01T05:34:24+02:00,[15],[0]
2023-09-01T05:30:55+02:00,[42],[0]
2023-09-01T05:06:45+02:00,[40],[0.11]
2023-09-01T05:04:36+02:00,[43],[0.05]
2023-09-01T05:00:02+02:00,[23],[0]
2023-09-01T04:54:38+02:00,[20],[0.1]
2023-09-01T04:04:14+02:00,[21],[0]
2023-09-01T04:01:28+02:00,[62],[0]
2023-09-01T03:09:32+02:00,[27],[0]
2023-09-01T03:05:47+02:00,[14],[0]
2023-09-01T03:03:51+02:00,[50],[0]
2023-09-01T03:03:24+02:00,[16],[0]
2023-09-01T02:44:18+02:00,[52],[0]
2023-09-01T02:38:54+02:00,[291],[0]
2023-09-01T00:55:31+02:00,[76],[0.19]
2023-09-01T00:47:56+02:00,[39],[0]
2023-09-01T00:19:12+02:00,[39],[0.06]
2023-08-31T23:56:45+02:00,[187],[0]
2023-08-31T23:05:42+02:00,[24],[0]
2023-08-31T22:45:13+02:00,"[299,14]","[0.01,0]"
2023-08-31T22:44:31+02:00,[23],[0]
2023-08-31T22:42:13+02:00,[109],[0]
2023-08-31T21:54:11+02:00,[96],[0.02]
2023-08-31T20:24:23+02:00,[17],[0]
2023-08-31T20:16:19+02:00,[202],[0.01]
2023-08-31T17:59:21+02:00,"[299,184]","[0,0]"
2023-08-31T17:19:24+02:00,[70],[0]
2023-08-31T17:16:31+02:00,[77],[0]
2023-08-31T02:06:49+02:00,[22],[0]
2023-08-31T02:04:17+02:00,[54],[0]
2023-08-31T00:43:03+02:00,[35],[0.05]
2023-08-31T00:21:55+02:00,[193],[0.01]
2023-08-31T00:20:37+02:00,[66],[0]
2023-08-31T00:13:11+02:00,[22],[0]
2023-08-30T23:28:10+02:00,[99],[0.02]
2023-08-30T23:26:46+02:00,[55],[0]
2023-08-30T21:46:33+02:00,[179],[0.16]
2023-08-30T20:27:08+02:00,[141],[0]
2023-08-30T19:57:42+02:00,[24],[0]
2023-08-30T17:52:19+02:00,[33],[0]
2023-08-30T17:50:36+02:00,[60],[0.04]
2023-08-30T17:49:36+02:00,[49],[0.05]
2023-08-30T17:48:18+02:00,[52],[0]
2023-08-30T16:12:02+02:00,[21],[0]
2023-08-30T04:22:37+02:00,[13],[0.2]
2023-08-30T04:20:53+02:00,[49],[0]
2023-08-30T04:20:17+02:00,[26],[0]
2023-08-30T02:42:33+02:00,[62],[0]
2023-08-30T02:36:58+02:00,[272],[0]
2023-08-30T02:32:15+02:00,[29],[0.06]
2023-08-30T00:48:54+02:00,[26],[0.2]
2023-08-29T20:16:46+02:00,[243],[0.01]
2023-08-29T18:01:06+02:00,[55],[0]
2023-08-29T17:52:50+02:00,[36],[0]
2023-08-29T17:49:24+02:00,[31],[0]
2023-08-29T17:45:28+02:00,[172],[0.04]
2023-08-29T17:43:39+02:00,[55],[0]
2023-08-29T17:42:52+02:00,[36],[0]
2023-08-29T17:42:28+02:00,[12],[0]
2023-08-29T17:14:38+02:00,[103],[0]
2023-08-29T16:10:01+02:00,[35],[0]
2023-08-27T04:06:11+02:00,[26],[0]
2023-08-27T01:31:31+02:00,[26],[0.16]
2023-08-26T22:33:57+02:00,[73],[0]
2023-08-26T22:33:11+02:00,[33],[0.06]
2023-08-26T22:19:58+02:00,[37],[0]
2023-08-26T21:58:12+02:00,[80],[0]
2023-08-26T21:28:49+02:00,[37],[0.16]
2023-08-26T07:00:23+02:00,[62],[0.03]
2023-08-26T06:56:13+02:00,[62],[0.83]
2023-08-26T06:38:18+02:00,[17],[0.1]
2023-08-26T06:35:08+02:00,[25],[0]
2023-08-26T06:26:45+02:00,[32],[0]
2023-08-26T06:22:55+02:00,[21],[0]
2023-08-26T06:21:14+02:00,[75],[0]
2023-08-26T06:12:29+02:00,[24],[0]
2023-08-26T06:10:47+02:00,[35],[0]
2023-08-26T06:02:03+02:00,[12],[0]
2023-08-26T05:39:12+02:00,[55],[0]
2023-08-26T05:35:07+02:00,[54],[0]
2023-08-26T04:48:32+02:00,[16],[0.5]
2023-08-25T03:26:17+02:00,[90],[0.02]
2023-08-25T02:32:33+02:00,[39],[0]
2023-08-25T02:16:11+02:00,[61],[0]
2023-08-25T02:13:14+02:00,[153],[0]
2023-08-25T00:54:01+02:00,[44],[0]
2023-08-24T21:47:30+02:00,[47],[0]
2023-08-24T21:42:01+02:00,[111],[0.02]
2023-08-24T21:39:33+02:00,[65],[0.07]
2023-08-24T20:52:44+02:00,[27],[0]
2023-08-24T20:50:53+02:00,[67],[0.02]
2023-08-24T20:43:27+02:00,[37],[0.18]
2023-08-24T20:40:59+02:00,[98],[0.25]
2023-08-24T20:39:51+02:00,[15],[0.27]
2023-08-24T20:38:45+02:00,[48],[0.09]
2023-08-24T20:23:55+02:00,[87],[0.07]
2023-08-24T20:18:27+02:00,[189],[0]
2023-08-24T17:35:58+02:00,[20],[0]
2023-08-24T17:32:28+02:00,[188],[0.01]
2023-08-24T17:30:56+02:00,[77],[0]
2023-08-24T17:28:38+02:00,[47],[0]
2023-08-24T17:03:15+02:00,[234],[0.04]
2023-08-24T16:08:11+02:00,[60],[0]
2023-08-24T01:51:28+02:00,[84],[0]
2023-08-24T01:50:17+02:00,[23],[0]
2023-08-24T01:36:59+02:00,[34],[0.08]
2023-08-24T01:33:05+02:00,[30],[0.33]
2023-08-24T01:30:33+02:00,[15],[0.1]
2023-08-24T01:18:09+02:00,[29],[0]
2023-08-24T01:11:04+02:00,[43],[0]
2023-08-24T01:08:38+02:00,[75],[0.03]
2023-08-23T23:55:56+02:00,[231],[0]
2023-08-23T23:45:47+02:00,[27],[0.5]
2023-08-23T23:32:18+02:00,[23],[0]
2023-08-23T21:37:14+02:00,[226],[0]
2023-08-23T20:33:45+02:00,[18],[0]
2023-08-23T02:37:48+02:00,[124],[0]
2023-08-23T02:30:01+02:00,[99],[0]
2023-08-23T00:54:55+02:00,[33],[0.1]
2023-08-23T00:49:21+02:00,[26],[0]
2023-08-23T00:45:27+02:00,[26],[0]
2023-08-23T00:44:30+02:00,[40],[0]
2023-08-22T21:50:58+02:00,[26],[0]
2023-08-22T20:26:42+02:00,[64],[0]
2023-08-22T20:25:07+02:00,[18],[0]
2023-08-22T20:18:13+02:00,[247],[0]
2023-08-20T02:18:59+02:00,[149],[0.04]
2023-08-20T02:11:25+02:00,[17],[0.91]
2023-08-20T02:09:04+02:00,[75],[0.21]
2023-08-20T01:59:34+02:00,[27],[0.89]
2023-08-20T01:58:03+02:00,[37],[0.6]
2023-08-20T01:55:04+02:00,[51],[0.2]
2023-08-20T01:51:28+02:00,[40],[0.38]
2023-08-20T01:49:16+02:00,[36],[0]
2023-08-20T01:46:32+02:00,[34],[0.11]
2023-08-20T01:45:17+02:00,[25],[0.38]
2023-08-20T01:29:16+02:00,[28],[0.36]
2023-08-20T01:26:09+02:00,[23],[0]
2023-08-20T01:18:43+02:00,[115],[0]
2023-08-20T01:14:24+02:00,[32],[0]
2023-08-20T00:55:42+02:00,[29],[0]
2023-08-19T21:27:59+02:00,[27],[0.06]
2023-08-18T23:03:55+02:00,[62],[0]
2023-08-18T23:00:55+02:00,[126],[0.05]
2023-08-18T22:58:58+02:00,[49],[0]
2023-08-18T22:53:49+02:00,[47],[0.08]
2023-08-18T22:46:51+02:00,[23],[0]
2023-08-18T22:39:33+02:00,[44],[0]
2023-08-18T22:30:02+02:00,[20],[0.42]
2023-08-18T22:25:43+02:00,[128],[0.01]
2023-08-18T21:45:02+02:00,[99],[0.07]
2023-08-18T21:43:48+02:00,[25],[0.14]
2023-08-18T21:29:21+02:00,[55],[0]
2023-08-18T21:27:47+02:00,[30],[0.07]
2023-08-18T21:25:57+02:00,[99],[0.02]
2023-08-18T21:24:58+02:00,[49],[0.03]
2023-08-18T21:22:28+02:00,[130],[0]
2023-08-18T20:00:55+02:00,[35],[0.29]
2023-08-18T18:47:00+02:00,[22],[0.08]
2023-08-18T18:44:59+02:00,[101],[0]
2023-08-18T18:43:35+02:00,[45],[0]
2023-08-18T06:38:10+02:00,[14],[0]
2023-08-18T06:28:29+02:00,[34],[0.26]
2023-08-18T06:14:02+02:00,[21],[0]
2023-08-18T06:10:53+02:00,[44],[0.17]
2023-08-18T05:51:12+02:00,[32],[0.13]
2023-08-16T06:29:01+02:00,[84],[0]
2023-08-16T06:26:38+02:00,[45],[0]
2023-08-16T06:25:36+02:00,[26],[0]
2023-08-16T06:18:52+02:00,[20],[0]
2023-08-16T06:14:45+02:00,[105],[0]
2023-08-16T06:13:28+02:00,[42],[0]
2023-08-16T06:05:37+02:00,[46],[0.03]
2023-08-16T05:32:08+02:00,[48],[0]
2023-08-16T05:31:29+02:00,[21],[0]
2023-08-16T05:22:29+02:00,[15],[0]
2023-08-16T05:21:26+02:00,[48],[0.14]
2023-08-16T05:17:24+02:00,[23],[0]
2023-08-16T05:13:45+02:00,[27],[0.06]
2023-08-16T05:09:38+02:00,[39],[0.35]
2023-08-16T05:03:08+02:00,[31],[0.12]
2023-08-16T04:59:35+02:00,[28],[0]
2023-08-16T04:57:41+02:00,[30],[0.08]
2023-08-16T04:56:08+02:00,[57],[0]
2023-08-16T04:51:49+02:00,[36],[0.13]
2023-08-16T04:17:50+02:00,[27],[0.7]
2023-08-16T04:12:18+02:00,[13],[0]
2023-08-16T04:10:42+02:00,[15],[0]
2023-08-16T04:04:24+02:00,[91],[0.03]
2023-08-16T03:57:44+02:00,[70],[0.02]
2023-08-16T03:46:07+02:00,[41],[0.06]
2023-08-13T19:49:17+02:00,[54],[0]
2023-08-13T19:46:12+02:00,[32],[0.04]
2023-08-12T20:34:25+02:00,[95],[0]
2023-08-12T20:25:14+02:00,[76],[0]
2023-08-12T20:20:57+02:00,[65],[0]
2023-08-12T20:20:25+02:00,[12],[0]
2023-08-12T20:19:33+02:00,[18],[0.1]
2023-08-12T20:11:56+02:00,[46],[0]
2023-08-12T20:09:30+02:00,[19],[0]
2023-08-12T20:08:48+02:00,[29],[0.05]
2023-08-12T20:02:22+02:00,[116],[0]
2023-08-12T19:58:53+02:00,[41],[0]
2023-08-12T19:56:44+02:00,[42],[0.04]
2023-08-12T19:48:11+02:00,[15],[0]
2023-08-12T19:47:33+02:00,[25],[0]
2023-08-11T22:47:00+02:00,[197],[0.01]
2023-08-11T22:31:58+02:00,[136],[0]
2023-08-11T22:24:37+02:00,[57],[0.13]
2023-08-11T21:54:05+02:00,[69],[0.02]
2023-08-11T21:52:37+02:00,[53],[0]
2023-08-11T21:51:19+02:00,[52],[0]
2023-08-11T21:44:04+02:00,[81],[0.02]
2023-08-10T02:54:45+02:00,[28],[0]
2023-08-10T02:15:22+02:00,[77],[0.14]
2023-08-10T01:28:31+02:00,[23],[0.29]
2023-08-10T01:13:33+02:00,[299],[0.01]
2023-08-10T00:48:11+02:00,[300],[0]
2023-08-10T00:43:11+02:00,[298],[0.13]
2023-08-10T00:39:47+02:00,[16],[0]
2023-08-10T00:39:00+02:00,[16],[0.45]
2023-08-10T00:24:27+02:00,[21],[0.36]
2023-08-10T00:22:20+02:00,[21],[0.54]
2023-08-10T00:19:31+02:00,[69],[0.46]
2023-08-10T00:17:41+02:00,[23],[0.75]
2023-08-10T00:16:23+02:00,[60],[0.72]
2023-08-10T00:03:34+02:00,[41],[0.33]
2023-08-09T23:59:04+02:00,[221],[0.04]
2023-08-09T23:55:54+02:00,[175],[0.02]
2023-08-09T23:54:32+02:00,[30],[0]
2023-08-09T23:49:10+02:00,[26],[0.53]
2023-08-09T23:48:40+02:00,[17],[0.17]
2023-08-09T23:46:35+02:00,[60],[0.17]
2023-08-09T23:43:59+02:00,[52],[0.13]
2023-08-09T23:37:58+02:00,[40],[0.67]
2023-08-09T23:32:14+02:00,[52],[0.81]
2023-08-09T23:31:06+02:00,[41],[0.81]
2023-08-09T23:28:11+02:00,[60],[0.35]
2023-08-09T23:20:36+02:00,[20],[0.36]
2023-08-09T22:59:17+02:00,[16],[0.64]
2023-08-09T22:54:47+02:00,[36],[0.16]
2023-08-09T22:19:27+02:00,[294],[0.01]
2023-08-09T20:52:56+02:00,[125],[0]
2023-08-09T20:32:35+02:00,[79],[0.05]
