start,duration,value
2026-07-16T22:57:34+02:00,[60],[6.293]
2026-07-16T22:57:52+02:00,[60],[6.293]
2026-07-16T22:57:53+02:00,[60],[5.796]
2026-07-16T22:57:55+02:00,[60],[20.79]
2026-07-16T22:57:56+02:00,[60],[25.295]
2026-07-16T22:57:57+02:00,[60],[15.677]
2026-07-16T22:57:58+02:00,[60],[8.415]
2026-07-16T22:57:59+02:00,[60],[6.565]
2026-07-16T22:58:00+02:00,[60],[6.49]
2026-07-16T22:58:01+02:00,[60],[6.508]
2026-07-16T22:58:02+02:00,[60],[6.134]
2026-07-16T22:58:03+02:00,[60],[5.62]
2026-07-16T22:58:04+02:00,[60],[5.366]
2026-07-16T22:58:05+02:00,[60],[5.19]
2026-07-16T22:58:06+02:00,[60],[4.932]
2026-07-16T22:58:07+02:00,[60],[4.932]
2026-07-16T22:58:08+02:00,[60],[4.775]
2026-07-16T22:58:09+02:00,[60],[4.749]
2026-07-16T22:58:10+02:00,[60],[4.749]
2026-07-16T22:58:11+02:00,[60],[4.749]
2026-07-16T22:58:12+02:00,[60],[4.749]
2026-07-16T22:58:13+02:00,[60],[5.171]
2026-07-16T22:58:14+02:00,[60],[4.749]
2026-07-16T22:58:15+02:00,[60],[4.749]
2026-07-16T22:58:16+02:00,[60],[4.749]
2026-07-16T22:58:17+02:00,[60],[4.749]
2026-07-16T22:58:18+02:00,[60],[4.749]
2026-07-16T22:58:19+02:00,[60],[4.749]
2026-07-16T22:58:20+02:00,[60],[4.749]
2026-07-16T22:58:21+02:00,[60],[4.749]
2026-07-16T22:58:22+02:00,[60],[4.749]
2026-07-16T22:58:23+02:00,[60],[4.749]
2026-07-16T22:58:24+02:00,[60],[4.749]
2026-07-16T22:58:25+02:00,[60],[4.749]
2026-07-16T22:58:26+02:00,[60],[4.749]
2026-07-16T22:58:27+02:00,[60],[8.442]
2026-07-16T22:58:28+02:00,[60],[8.23]
2026-07-16T22:58:29+02:00,[60],[8.23]
2026-07-16T22:58:30+02:00,[60],[8.23]
2026-07-16T22:58:31+02:00,[60],[8.035]
2026-07-16T22:58:32+02:00,[60],[8.003]
2026-07-16T22:58:34+02:00,[60],[8.928]
2026-07-16T22:58:35+02:00,[60],[8.996]
2026-07-16T22:58:36+02:00,[60],[9.204]
2026-07-16T22:58:37+02:00,[60],[9.566]
2026-07-16T22:58:38+02:00,[60],[9.436]
2026-07-16T22:58:39+02:00,[60],[9.378]
2026-07-16T22:58:40+02:00,[60],[9.323]
2026-07-16T22:58:41+02:00,[60],[9.323]
2026-07-16T22:58:42+02:00,[60],[9.323]
2026-07-16T22:58:43+02:00,[60],[9.363]
2026-07-16T22:58:44+02:00,[60],[9.24]
2026-07-16T22:58:45+02:00,[60],[9.181]
2026-07-16T22:58:46+02:00,[60],[9.181]
2026-07-16T22:58:47+02:00,[60],[9.125]
2026-07-16T22:58:48+02:00,[60],[9.095]
2026-07-16T22:58:49+02:00,[60],[9.078]
2026-07-16T22:58:50+02:00,[60],[9.067]
2026-07-16T22:58:51+02:00,[60],[9.12]
2026-07-16T22:58:52+02:00,[60],[9.12]
2026-07-16T22:58:53+02:00,[60],[9.116]
2026-07-16T22:58:54+02:00,[60],[9.116]
2026-07-16T22:58:55+02:00,[60],[9.116]
2026-07-16T22:58:56+02:00,[60],[9.113]
2026-07-16T22:58:57+02:00,[60],[9.113]
2026-07-16T22:58:58+02:00,[60],[9.113]
2026-07-16T22:58:59+02:00,[60],[9.12]
2026-07-16T22:59:00+02:00,[60],[9.12]
2026-07-16T22:59:01+02:00,[60],[9.189]
2026-07-16T22:59:02+02:00,[60],[9.159]
2026-07-16T22:59:03+02:00,[60],[9.191]
2026-07-16T22:59:04+02:00,[60],[9.191]
2026-07-16T22:59:05+02:00,[60],[9.403]
2026-07-16T22:59:06+02:00,[60],[9.403]
2026-07-16T22:59:07+02:00,[60],[9.403]
2026-07-16T22:59:08+02:00,[60],[9.403]
2026-07-16T22:59:09+02:00,[60],[9.403]
2026-07-16T22:59:10+02:00,[60],[9.35]
2026-07-16T22:59:11+02:00,[60],[9.35]
2026-07-16T22:59:12+02:00,[60],[9.314]
2026-07-16T22:59:13+02:00,[60],[9.289]
2026-07-16T22:59:14+02:00,[60],[9.289]
2026-07-16T22:59:15+02:00,[60],[9.264]
2026-07-16T22:59:16+02:00,[60],[9.137]
2026-07-16T22:59:17+02:00,[60],[9.148]
2026-07-16T22:59:18+02:00,[60],[9.152]
2026-07-16T22:59:19+02:00,[60],[9.168]
2026-07-16T22:59:20+02:00,[60],[9.189]
2026-07-16T22:59:21+02:00,[60],[9.219]
2026-07-16T22:59:22+02:00,[60],[9.218]
2026-07-16T22:59:23+02:00,[60],[9.156]
2026-07-16T22:59:24+02:00,[60],[9.084]
2026-07-16T22:59:25+02:00,[60],[9.084]
2026-07-16T22:59:26+02:00,[60],[9.026]
2026-07-16T22:59:27+02:00,[60],[8.933]
2026-07-16T22:59:28+02:00,[60],[8.896]
2026-07-16T22:59:29+02:00,[60],[8.823]
2026-07-16T22:59:30+02:00,[60],[8.787]
2026-07-16T22:59:31+02:00,[60],[8.698]
2026-07-16T22:59:32+02:00,[60],[8.787]
2026-07-16T22:59:33+02:00,[60],[8.725]
2026-07-16T22:59:34+02:00,[60],[8.725]
2026-07-16T22:59:35+02:00,[60],[8.887]
2026-07-16T22:59:36+02:00,[60],[8.902]
2026-07-16T22:59:37+02:00,[60],[8.868]
2026-07-16T22:59:38+02:00,[60],[8.868]
2026-07-16T22:59:39+02:00,[60],[8.758]
2026-07-16T22:59:40+02:00,[60],[8.73]
2026-07-16T22:59:41+02:00,[60],[8.778]
2026-07-16T22:59:42+02:00,[60],[8.81]
2026-07-16T22:59:43+02:00,[60],[8.884]
2026-07-16T22:59:44+02:00,[60],[8.884]
2026-07-16T22:59:45+02:00,[60],[8.875]
2026-07-16T22:59:46+02:00,[60],[8.815]
2026-07-16T22:59:47+02:00,[60],[8.815]
2026-07-16T22:59:48+02:00,[60],[8.714]
2026-07-16T22:59:49+02:00,[60],[8.714]
2026-07-16T22:59:50+02:00,[60],[8.759]
2026-07-16T22:59:51+02:00,[60],[8.768]
2026-07-16T22:59:52+02:00,[60],[8.768]
2026-07-16T22:59:53+02:00,[60],[8.794]
2026-07-16T22:59:54+02:00,[60],[8.794]
2026-07-16T22:59:55+02:00,[60],[8.758]
2026-07-16T22:59:56+02:00,[60],[8.856]
2026-07-16T22:59:57+02:00,[60],[8.856]
2026-07-16T22:59:58+02:00,[60],[8.856]
2026-07-16T22:59:59+02:00,[60],[8.856]
2026-07-16T23:00:00+02:00,[60],[9.053]
2026-07-16T23:00:01+02:00,[60],[9.015]
2026-07-16T23:00:02+02:00,[60],[8.991]
2026-07-16T23:00:03+02:00,[60],[8.997]
2026-07-16T23:00:04+02:00,[60],[9.083]
2026-07-16T23:00:05+02:00,[60],[9.035]
2026-07-16T23:00:06+02:00,[60],[9.029]
2026-07-16T23:00:07+02:00,[60],[9.101]
2026-07-16T23:00:08+02:00,[60],[9.198]
2026-07-16T23:00:09+02:00,[60],[9.198]
2026-07-16T23:00:10+02:00,[60],[9.198]
2026-07-16T23:00:11+02:00,[60],[9.14]
2026-07-16T23:00:12+02:00,[60],[9.17]
2026-07-16T23:00:13+02:00,[60],[9.17]
2026-07-16T23:00:14+02:00,[60],[9.17]
2026-07-16T23:00:15+02:00,[60],[9.124]
2026-07-16T23:00:16+02:00,[60],[9.145]
2026-07-16T23:00:17+02:00,[60],[9.145]
2026-07-16T23:00:18+02:00,[60],[9.029]
2026-07-16T23:00:19+02:00,[60],[9.029]
2026-07-16T23:00:20+02:00,[60],[9.029]
2026-07-16T23:00:21+02:00,[60],[9.052]
2026-07-16T23:00:22+02:00,[60],[9.12]
2026-07-16T23:00:23+02:00,[60],[9.164]
2026-07-16T23:00:24+02:00,[60],[9.242]
2026-07-16T23:00:25+02:00,[60],[9.386]
2026-07-16T23:00:26+02:00,[60],[9.386]
2026-07-16T23:00:27+02:00,[60],[9.496]
2026-07-16T23:00:28+02:00,[60],[9.464]
2026-07-16T23:00:29+02:00,[60],[9.4]
2026-07-16T23:00:30+02:00,[60],[9.267]
2026-07-16T23:00:31+02:00,[60],[9.267]
2026-07-16T23:00:32+02:00,[60],[9.203]
2026-07-16T23:00:33+02:00,[60],[9.203]
2026-07-16T23:00:34+02:00,[60],[9.317]
2026-07-16T23:00:35+02:00,[60],[9.317]
2026-07-16T23:00:36+02:00,[60],[9.35]
2026-07-16T23:00:37+02:00,[60],[9.347]
2026-07-16T23:00:38+02:00,[60],[9.347]
2026-07-16T23:00:39+02:00,[60],[9.347]
2026-07-16T23:00:40+02:00,[60],[9.347]
2026-07-16T23:00:41+02:00,[60],[9.317]
2026-07-16T23:00:42+02:00,[60],[9.317]
2026-07-16T23:00:43+02:00,[60],[9.312]
2026-07-16T23:00:44+02:00,[60],[9.312]
2026-07-16T23:00:45+02:00,[60],[9.347]
2026-07-16T23:00:46+02:00,[60],[9.324]
2026-07-16T23:00:47+02:00,[60],[9.324]
2026-07-16T23:00:48+02:00,[60],[9.324]
2026-07-16T23:00:49+02:00,[60],[9.277]
2026-07-16T23:00:50+02:00,[60],[9.277]
2026-07-16T23:00:51+02:00,[60],[9.277]
2026-07-16T23:00:52+02:00,[60],[9.41]
2026-07-16T23:00:53+02:00,[60],[9.41]
2026-07-16T23:00:54+02:00,[60],[9.434]
2026-07-16T23:00:55+02:00,[60],[9.429]
2026-07-16T23:00:56+02:00,[60],[9.453]
2026-07-16T23:00:57+02:00,[60],[9.498]
2026-07-16T23:00:58+02:00,[60],[9.367]
2026-07-16T23:00:59+02:00,[60],[9.243]
2026-07-16T23:01:00+02:00,[60],[9.243]
2026-07-16T23:01:01+02:00,[60],[9.229]
2026-07-16T23:01:02+02:00,[60],[9.24]
2026-07-16T23:01:03+02:00,[60],[9.229]
2026-07-16T23:01:04+02:00,[60],[9.229]
2026-07-16T23:01:05+02:00,[60],[9.215]
2026-07-16T23:01:06+02:00,[60],[9.148]
2026-07-16T23:01:07+02:00,[60],[9.1]
2026-07-16T23:01:08+02:00,[60],[9.097]
2026-07-16T23:01:09+02:00,[60],[9.047]
2026-07-16T23:01:10+02:00,[60],[9.139]
2026-07-16T23:01:11+02:00,[60],[9.156]
2026-07-16T23:01:12+02:00,[60],[9.115]
2026-07-16T23:01:13+02:00,[60],[9.086]
2026-07-16T23:01:14+02:00,[60],[9.308]
2026-07-16T23:01:15+02:00,[60],[9.329]
2026-07-16T23:01:16+02:00,[60],[9.458]
2026-07-16T23:01:17+02:00,[60],[9.649]
2026-07-16T23:01:18+02:00,[60],[9.47]
2026-07-16T23:01:19+02:00,[60],[9.381]
2026-07-16T23:01:20+02:00,[60],[9.261]
2026-07-16T23:01:21+02:00,[60],[9.096]
2026-07-16T23:01:22+02:00,[60],[9.015]
2026-07-16T23:01:23+02:00,[60],[8.944]
2026-07-16T23:01:24+02:00,[60],[8.839]
2026-07-16T23:01:25+02:00,[60],[8.733]
2026-07-16T23:01:26+02:00,[60],[8.696]
2026-07-16T23:01:27+02:00,[60],[8.583]
2026-07-16T23:01:28+02:00,[60],[8.536]
2026-07-16T23:01:29+02:00,[60],[8.426]
2026-07-16T23:01:30+02:00,[60],[8.362]
2026-07-16T23:01:31+02:00,[60],[8.37]
2026-07-16T23:01:32+02:00,[60],[8.309]
2026-07-16T23:01:33+02:00,[60],[8.258]
2026-07-16T23:01:34+02:00,[60],[8.434]
2026-07-16T23:01:35+02:00,[60],[8.525]
2026-07-16T23:01:36+02:00,[60],[8.55]
2026-07-16T23:01:37+02:00,[60],[8.584]
2026-07-16T23:01:38+02:00,[60],[8.599]
2026-07-16T23:01:39+02:00,[60],[8.564]
2026-07-16T23:01:40+02:00,[60],[8.457]
2026-07-16T23:01:41+02:00,[60],[8.384]
2026-07-16T23:01:42+02:00,[60],[8.384]
2026-07-16T23:01:43+02:00,[60],[8.409]
2026-07-16T23:01:44+02:00,[60],[8.363]
2026-07-16T23:01:45+02:00,[60],[8.264]
2026-07-16T23:01:46+02:00,[60],[8.22]
2026-07-16T23:01:47+02:00,[60],[8.312]
2026-07-16T23:01:48+02:00,[60],[8.357]
2026-07-16T23:01:49+02:00,[60],[8.412]
2026-07-16T23:01:50+02:00,[60],[8.466]
2026-07-16T23:01:51+02:00,[60],[8.536]
2026-07-16T23:01:52+02:00,[60],[8.752]
2026-07-16T23:01:53+02:00,[60],[8.802]
2026-07-16T23:01:54+02:00,[60],[8.81]
2026-07-16T23:01:55+02:00,[60],[8.738]
2026-07-16T23:01:56+02:00,[60],[8.776]
2026-07-16T23:01:57+02:00,[60],[8.829]
2026-07-16T23:01:58+02:00,[60],[8.805]
2026-07-16T23:01:59+02:00,[60],[8.846]
2026-07-16T23:02:00+02:00,[60],[8.81]
2026-07-16T23:02:01+02:00,[60],[8.897]
2026-07-16T23:02:02+02:00,[60],[8.963]
2026-07-16T23:02:03+02:00,[60],[8.966]
2026-07-16T23:02:04+02:00,[60],[8.973]
2026-07-16T23:02:05+02:00,[60],[8.949]
2026-07-16T23:02:06+02:00,[60],[8.986]
2026-07-16T23:02:07+02:00,[60],[9.076]
2026-07-16T23:02:08+02:00,[60],[9.054]
2026-07-16T23:02:09+02:00,[60],[9.036]
2026-07-16T23:02:10+02:00,[60],[9.101]
2026-07-16T23:02:11+02:00,[60],[9.172]
2026-07-16T23:02:12+02:00,[60],[9.152]
2026-07-16T23:02:13+02:00,[60],[9.043]
2026-07-16T23:02:14+02:00,[60],[9.094]
2026-07-16T23:02:15+02:00,[60],[9.274]
2026-07-16T23:02:16+02:00,[60],[9.488]
2026-07-16T23:02:17+02:00,[60],[9.764]
2026-07-16T23:02:18+02:00,[60],[9.701]
2026-07-16T23:02:19+02:00,[60],[9.86]
2026-07-16T23:02:20+02:00,[60],[9.935]
2026-07-16T23:02:21+02:00,[60],[10.036]
2026-07-16T23:02:22+02:00,[60],[10.222]
2026-07-16T23:02:23+02:00,[60],[10.207]
2026-07-16T23:02:24+02:00,[60],[10.242]
2026-07-16T23:02:25+02:00,[60],[10.353]
2026-07-16T23:02:26+02:00,[60],[10.566]
2026-07-16T23:02:27+02:00,[60],[10.693]
2026-07-16T23:02:28+02:00,[60],[10.811]
2026-07-16T23:02:29+02:00,[60],[10.947]
2026-07-16T23:02:30+02:00,[60],[11.044]
2026-07-16T23:02:31+02:00,[60],[10.99]
2026-07-16T23:02:32+02:00,[60],[10.907]
2026-07-16T23:02:33+02:00,[60],[10.939]
2026-07-16T23:02:34+02:00,[60],[10.861]
2026-07-16T23:02:35+02:00,[60],[10.972]
2026-07-16T23:02:36+02:00,[60],[11.104]
2026-07-16T23:02:37+02:00,[60],[11.121]
2026-07-16T23:02:38+02:00,[60],[11.175]
2026-07-16T23:02:39+02:00,[60],[11.214]
2026-07-16T23:02:40+02:00,[60],[11.193]
2026-07-16T23:02:41+02:00,[60],[11.153]
2026-07-16T23:02:42+02:00,[60],[11.224]
2026-07-16T23:02:43+02:00,[60],[11.382]
2026-07-16T23:02:44+02:00,[60],[11.402]
2026-07-16T23:02:45+02:00,[60],[11.522]
2026-07-16T23:02:46+02:00,[60],[11.723]
2026-07-16T23:02:47+02:00,[60],[11.741]
2026-07-16T23:02:48+02:00,[60],[11.665]
2026-07-16T23:02:49+02:00,[60],[11.683]
2026-07-16T23:02:50+02:00,[60],[11.594]
2026-07-16T23:02:51+02:00,[60],[11.397]
2026-07-16T23:02:52+02:00,[60],[11.195]
2026-07-16T23:02:53+02:00,[60],[11.098]
2026-07-16T23:02:54+02:00,[60],[10.956]
2026-07-16T23:02:55+02:00,[60],[10.972]
2026-07-16T23:02:56+02:00,[60],[11.065]
2026-07-16T23:02:57+02:00,[60],[11.038]
2026-07-16T23:02:58+02:00,[60],[11.13]
2026-07-16T23:02:59+02:00,[60],[10.971]
2026-07-16T23:03:00+02:00,[60],[10.695]
2026-07-16T23:03:01+02:00,[60],[10.578]
2026-07-16T23:03:02+02:00,[60],[10.441]
2026-07-16T23:03:03+02:00,[60],[10.302]
2026-07-16T23:03:04+02:00,[60],[10.247]
2026-07-16T23:03:05+02:00,[60],[10.179]
2026-07-16T23:03:06+02:00,[60],[10.048]
2026-07-16T23:03:07+02:00,[60],[9.948]
2026-07-16T23:03:08+02:00,[60],[9.921]
2026-07-16T23:03:09+02:00,[60],[9.763]
2026-07-16T23:03:10+02:00,[60],[9.691]
2026-07-16T23:03:11+02:00,[60],[9.735]
2026-07-16T23:03:12+02:00,[60],[9.722]
2026-07-16T23:03:13+02:00,[60],[9.568]
2026-07-16T23:03:14+02:00,[60],[9.344]
2026-07-16T23:03:15+02:00,[60],[9.251]
2026-07-16T23:03:16+02:00,[60],[9.177]
2026-07-16T23:03:17+02:00,[60],[9.02]
2026-07-16T23:03:18+02:00,[60],[8.947]
2026-07-16T23:03:19+02:00,[60],[9.002]
2026-07-16T23:03:20+02:00,[60],[8.835]
2026-07-16T23:03:21+02:00,[60],[8.735]
2026-07-16T23:03:22+02:00,[60],[8.755]
2026-07-16T23:03:23+02:00,[60],[8.737]
2026-07-16T23:03:24+02:00,[60],[8.709]
2026-07-16T23:03:25+02:00,[60],[8.65]
2026-07-16T23:03:26+02:00,[60],[8.701]
2026-07-16T23:03:27+02:00,[60],[8.525]
2026-07-16T23:03:28+02:00,[60],[8.535]
2026-07-16T23:03:29+02:00,[60],[8.608]
2026-07-16T23:03:30+02:00,[60],[8.632]
2026-07-16T23:03:31+02:00,[60],[8.792]
2026-07-16T23:03:32+02:00,[60],[9.015]
2026-07-16T23:03:33+02:00,[60],[9.089]
2026-07-16T23:03:34+02:00,[60],[9.217]
2026-07-16T23:03:35+02:00,[60],[9.293]
2026-07-16T23:03:36+02:00,[60],[9.239]
2026-07-16T23:03:37+02:00,[60],[9.334]
2026-07-16T23:03:38+02:00,[60],[9.596]
2026-07-16T23:03:39+02:00,[60],[9.707]
2026-07-16T23:03:40+02:00,[60],[9.958]
2026-07-16T23:03:41+02:00,[60],[10.034]
2026-07-16T23:03:42+02:00,[60],[9.973]
2026-07-16T23:03:43+02:00,[60],[9.918]
2026-07-16T23:03:44+02:00,[60],[10.05]
2026-07-16T23:03:45+02:00,[60],[10.008]
2026-07-16T23:03:46+02:00,[60],[10.023]
2026-07-16T23:03:47+02:00,[60],[10.106]
2026-07-16T23:03:48+02:00,[60],[10.142]
2026-07-16T23:03:49+02:00,[60],[10.155]
2026-07-16T23:03:50+02:00,[60],[10.244]
2026-07-16T23:03:51+02:00,[60],[10.414]
2026-07-16T23:03:52+02:00,[60],[10.38]
2026-07-16T23:03:53+02:00,[60],[10.44]
2026-07-16T23:03:54+02:00,[60],[10.414]
2026-07-16T23:03:55+02:00,[60],[10.432]
2026-07-16T23:03:56+02:00,[60],[10.432]
2026-07-16T23:03:57+02:00,[60],[10.394]
2026-07-16T23:03:58+02:00,[60],[10.384]
2026-07-16T23:03:59+02:00,[60],[10.343]
2026-07-16T23:04:00+02:00,[60],[10.281]
2026-07-16T23:04:01+02:00,[60],[10.363]
2026-07-16T23:04:02+02:00,[60],[10.534]
2026-07-16T23:04:03+02:00,[60],[10.52]
2026-07-16T23:04:04+02:00,[60],[10.492]
2026-07-16T23:04:05+02:00,[60],[10.326]
2026-07-16T23:04:06+02:00,[60],[10.331]
2026-07-16T23:04:07+02:00,[60],[10.126]
2026-07-16T23:04:08+02:00,[60],[9.964]
2026-07-16T23:04:09+02:00,[60],[9.826]
2026-07-16T23:04:10+02:00,[60],[9.876]
2026-07-16T23:04:11+02:00,[60],[9.674]
2026-07-16T23:04:12+02:00,[60],[9.6]
2026-07-16T23:04:13+02:00,[60],[9.704]
2026-07-16T23:04:14+02:00,[60],[9.623]
2026-07-16T23:04:15+02:00,[60],[9.623]
2026-07-16T23:04:16+02:00,[60],[9.631]
2026-07-16T23:04:17+02:00,[60],[9.63]
2026-07-16T23:04:18+02:00,[60],[9.64]
2026-07-16T23:04:19+02:00,[60],[9.8]
2026-07-16T23:04:20+02:00,[60],[9.866]
2026-07-16T23:04:21+02:00,[60],[9.881]
2026-07-16T23:04:22+02:00,[60],[9.905]
2026-07-16T23:04:23+02:00,[60],[9.987]
2026-07-16T23:04:24+02:00,[60],[10.127]
2026-07-16T23:04:25+02:00,[60],[10.274]
2026-07-16T23:04:26+02:00,[60],[10.272]
2026-07-16T23:04:27+02:00,[60],[10.243]
2026-07-16T23:04:28+02:00,[60],[10.21]
2026-07-16T23:04:29+02:00,[60],[10.118]
2026-07-16T23:04:30+02:00,[60],[9.994]
2026-07-16T23:04:31+02:00,[60],[10.033]
2026-07-16T23:04:32+02:00,[60],[9.835]
2026-07-16T23:04:33+02:00,[60],[9.908]
2026-07-16T23:04:34+02:00,[60],[9.688]
2026-07-16T23:04:35+02:00,[60],[9.696]
2026-07-16T23:04:36+02:00,[60],[9.725]
2026-07-16T23:04:37+02:00,[60],[9.998]
2026-07-16T23:04:38+02:00,[60],[10.177]
2026-07-16T23:04:39+02:00,[60],[10.149]
2026-07-16T23:04:40+02:00,[60],[10.398]
2026-07-16T23:04:41+02:00,[60],[10.629]
2026-07-16T23:04:42+02:00,[60],[10.788]
2026-07-16T23:04:43+02:00,[60],[10.8]
2026-07-16T23:04:44+02:00,[60],[10.845]
2026-07-16T23:04:45+02:00,[60],[11.148]
2026-07-16T23:04:46+02:00,[60],[11.408]
2026-07-16T23:04:47+02:00,[60],[11.543]
2026-07-16T23:04:48+02:00,[60],[11.334]
2026-07-16T23:04:49+02:00,[60],[11.099]
2026-07-16T23:04:50+02:00,[60],[10.853]
2026-07-16T23:04:51+02:00,[60],[11.133]
2026-07-16T23:04:52+02:00,[60],[10.837]
2026-07-16T23:04:53+02:00,[60],[10.554]
2026-07-16T23:04:54+02:00,[60],[10.475]
2026-07-16T23:04:55+02:00,[60],[10.454]
2026-07-16T23:04:56+02:00,[60],[10.337]
2026-07-16T23:04:57+02:00,[60],[10.372]
2026-07-16T23:04:58+02:00,[60],[10.306]
2026-07-16T23:04:59+02:00,[60],[10.266]
2026-07-16T23:05:00+02:00,[60],[10.135]
2026-07-16T23:05:01+02:00,[60],[10.27]
2026-07-16T23:05:02+02:00,[60],[10.614]
2026-07-16T23:05:03+02:00,[60],[10.458]
2026-07-16T23:05:04+02:00,[60],[10.719]
2026-07-16T23:05:05+02:00,[60],[10.701]
2026-07-16T23:05:06+02:00,[60],[10.728]
2026-07-16T23:05:07+02:00,[60],[10.556]
2026-07-16T23:05:08+02:00,[60],[10.321]
2026-07-16T23:05:09+02:00,[60],[10.305]
2026-07-16T23:05:10+02:00,[60],[10.472]
2026-07-16T23:05:11+02:00,[60],[10.334]
2026-07-16T23:05:12+02:00,[60],[10.375]
2026-07-16T23:05:13+02:00,[60],[10.373]
2026-07-16T23:05:14+02:00,[60],[10.541]
2026-07-16T23:05:15+02:00,[60],[10.677]
2026-07-16T23:05:16+02:00,[60],[10.597]
2026-07-16T23:05:17+02:00,[60],[10.37]
2026-07-16T23:05:18+02:00,[60],[10.329]
2026-07-16T23:05:19+02:00,[60],[10.272]
2026-07-16T23:05:20+02:00,[60],[10.315]
2026-07-16T23:05:21+02:00,[60],[10.181]
2026-07-16T23:05:22+02:00,[60],[10.292]
2026-07-16T23:05:23+02:00,[60],[10.276]
2026-07-16T23:05:24+02:00,[60],[10.086]
2026-07-16T23:05:25+02:00,[60],[9.881]
2026-07-16T23:05:26+02:00,[60],[9.764]
2026-07-16T23:05:27+02:00,[60],[9.812]
2026-07-16T23:05:28+02:00,[60],[9.785]
2026-07-16T23:05:29+02:00,[60],[9.723]
2026-07-16T23:05:30+02:00,[60],[9.793]
2026-07-16T23:05:31+02:00,[60],[9.752]
2026-07-16T23:05:32+02:00,[60],[9.665]
2026-07-16T23:05:33+02:00,[60],[9.699]
2026-07-16T23:05:34+02:00,[60],[9.734]
2026-07-16T23:05:35+02:00,[60],[9.865]
2026-07-16T23:05:36+02:00,[60],[9.901]
2026-07-16T23:05:37+02:00,[60],[9.928]
2026-07-16T23:05:38+02:00,[60],[9.859]
2026-07-16T23:05:39+02:00,[60],[9.857]
2026-07-16T23:05:40+02:00,[60],[9.912]
2026-07-16T23:05:41+02:00,[60],[9.664]
2026-07-16T23:05:42+02:00,[60],[9.942]
2026-07-16T23:05:43+02:00,[60],[9.932]
2026-07-16T23:05:44+02:00,[60],[10.035]
2026-07-16T23:05:45+02:00,[60],[9.873]
2026-07-16T23:05:46+02:00,[60],[9.908]
2026-07-16T23:05:47+02:00,[60],[9.91]
2026-07-16T23:05:48+02:00,[60],[9.902]
2026-07-16T23:05:49+02:00,[60],[9.848]
2026-07-16T23:05:50+02:00,[60],[9.862]
2026-07-16T23:05:51+02:00,[60],[9.761]
2026-07-16T23:05:52+02:00,[60],[9.891]
2026-07-16T23:05:53+02:00,[60],[9.957]
2026-07-16T23:05:54+02:00,[60],[9.888]
2026-07-16T23:05:55+02:00,[60],[9.849]
2026-07-16T23:05:56+02:00,[60],[9.813]
2026-07-16T23:05:57+02:00,[60],[9.805]
2026-07-16T23:05:58+02:00,[60],[9.752]
2026-07-16T23:05:59+02:00,[60],[9.715]
2026-07-16T23:06:00+02:00,[60],[9.826]
2026-07-16T23:06:01+02:00,[60],[9.76]
2026-07-16T23:06:02+02:00,[60],[9.626]
2026-07-16T23:06:03+02:00,[60],[9.537]
2026-07-16T23:06:04+02:00,[60],[9.553]
2026-07-16T23:06:05+02:00,[60],[9.643]
2026-07-16T23:06:06+02:00,[60],[9.582]
2026-07-16T23:06:07+02:00,[60],[9.554]
2026-07-16T23:06:08+02:00,[60],[9.482]
2026-07-16T23:06:09+02:00,[60],[9.458]
2026-07-16T23:06:10+02:00,[60],[9.391]
2026-07-16T23:06:11+02:00,[60],[9.357]
2026-07-16T23:06:12+02:00,[60],[9.288]
2026-07-16T23:06:13+02:00,[60],[9.269]
2026-07-16T23:06:14+02:00,[60],[9.306]
2026-07-16T23:06:15+02:00,[60],[9.416]
2026-07-16T23:06:16+02:00,[60],[9.37]
2026-07-16T23:06:17+02:00,[60],[9.292]
2026-07-16T23:06:18+02:00,[60],[9.207]
2026-07-16T23:06:19+02:00,[60],[9.201]
2026-07-16T23:06:20+02:00,[60],[9.126]
2026-07-16T23:06:21+02:00,[60],[9.165]
2026-07-16T23:06:22+02:00,[60],[9.152]
2026-07-16T23:06:23+02:00,[60],[9.153]
2026-07-16T23:06:24+02:00,[60],[9.1]
2026-07-16T23:06:25+02:00,[60],[9.116]
2026-07-16T23:06:26+02:00,[60],[9.063]
2026-07-16T23:06:27+02:00,[60],[9.004]
2026-07-16T23:06:28+02:00,[60],[9.092]
2026-07-16T23:06:29+02:00,[60],[9.072]
2026-07-16T23:06:30+02:00,[60],[9.11]
2026-07-16T23:06:31+02:00,[60],[9.314]
2026-07-16T23:06:32+02:00,[60],[9.288]
2026-07-16T23:06:33+02:00,[60],[9.364]
2026-07-16T23:06:34+02:00,[60],[9.279]
2026-07-16T23:06:35+02:00,[60],[9.254]
2026-07-16T23:06:36+02:00,[60],[9.225]
2026-07-16T23:06:37+02:00,[60],[9.019]
2026-07-16T23:06:38+02:00,[60],[8.954]
2026-07-16T23:06:39+02:00,[60],[8.881]
2026-07-16T23:06:40+02:00,[60],[8.815]
2026-07-16T23:06:41+02:00,[60],[8.822]
2026-07-16T23:06:42+02:00,[60],[8.813]
2026-07-16T23:06:43+02:00,[60],[8.816]
2026-07-16T23:06:44+02:00,[60],[8.818]
2026-07-16T23:06:45+02:00,[60],[8.842]
2026-07-16T23:06:46+02:00,[60],[8.864]
2026-07-16T23:06:47+02:00,[60],[8.844]
2026-07-16T23:06:48+02:00,[60],[8.762]
2026-07-16T23:06:49+02:00,[60],[8.771]
2026-07-16T23:06:50+02:00,[60],[8.769]
2026-07-16T23:06:51+02:00,[60],[8.642]
2026-07-16T23:06:52+02:00,[60],[8.627]
2026-07-16T23:06:53+02:00,[60],[8.531]
2026-07-16T23:06:54+02:00,[60],[8.443]
2026-07-16T23:06:55+02:00,[60],[8.351]
2026-07-16T23:06:56+02:00,[60],[8.418]
2026-07-16T23:06:57+02:00,[60],[8.494]
2026-07-16T23:06:58+02:00,[60],[8.356]
2026-07-16T23:06:59+02:00,[60],[8.267]
2026-07-16T23:07:00+02:00,[60],[8.302]
2026-07-16T23:07:01+02:00,[60],[8.242]
2026-07-16T23:07:02+02:00,[60],[8.151]
2026-07-16T23:07:03+02:00,[60],[8.077]
2026-07-16T23:07:04+02:00,[60],[8.031]
2026-07-16T23:07:05+02:00,[60],[8.071]
2026-07-16T23:07:06+02:00,[60],[8.029]
2026-07-16T23:07:07+02:00,[60],[7.964]
2026-07-16T23:07:08+02:00,[60],[8.003]
2026-07-16T23:07:09+02:00,[60],[7.839]
2026-07-16T23:07:10+02:00,[60],[7.777]
2026-07-16T23:07:11+02:00,[60],[7.836]
2026-07-16T23:07:12+02:00,[60],[7.83]
2026-07-16T23:07:13+02:00,[60],[7.79]
2026-07-16T23:07:14+02:00,[60],[7.781]
2026-07-16T23:07:15+02:00,[60],[7.778]
2026-07-16T23:07:16+02:00,[60],[7.734]
2026-07-16T23:07:17+02:00,[60],[7.708]
2026-07-16T23:07:18+02:00,[60],[7.686]
2026-07-16T23:07:19+02:00,[60],[7.637]
2026-07-16T23:07:20+02:00,[60],[7.698]
2026-07-16T23:07:21+02:00,[60],[7.757]
2026-07-16T23:07:22+02:00,[60],[7.929]
2026-07-16T23:07:23+02:00,[60],[8.044]
2026-07-16T23:07:24+02:00,[60],[8.141]
2026-07-16T23:07:25+02:00,[60],[8.172]
2026-07-16T23:07:26+02:00,[60],[8.206]
2026-07-16T23:07:27+02:00,[60],[8.358]
2026-07-16T23:07:28+02:00,[60],[8.391]
2026-07-16T23:07:29+02:00,[60],[8.52]
2026-07-16T23:07:30+02:00,[60],[8.465]
2026-07-16T23:07:31+02:00,[60],[8.403]
2026-07-16T23:07:32+02:00,[60],[8.436]
2026-07-16T23:07:33+02:00,[60],[8.4]
2026-07-16T23:07:34+02:00,[60],[8.524]
2026-07-16T23:07:35+02:00,[60],[8.732]
2026-07-16T23:07:36+02:00,[60],[8.812]
2026-07-16T23:07:37+02:00,[60],[8.933]
2026-07-16T23:07:38+02:00,[60],[9.027]
2026-07-16T23:07:39+02:00,[60],[9.079]
2026-07-16T23:07:40+02:00,[60],[9.164]
2026-07-16T23:07:41+02:00,[60],[9.199]
2026-07-16T23:07:42+02:00,[60],[9.282]
2026-07-16T23:07:43+02:00,[60],[9.155]
2026-07-16T23:07:44+02:00,[60],[9.101]
2026-07-16T23:07:45+02:00,[60],[9.272]
2026-07-16T23:07:46+02:00,[60],[9.269]
2026-07-16T23:07:47+02:00,[60],[9.416]
2026-07-16T23:07:48+02:00,[60],[9.374]
2026-07-16T23:07:49+02:00,[60],[9.427]
2026-07-16T23:07:50+02:00,[60],[9.398]
2026-07-16T23:07:51+02:00,[60],[9.357]
2026-07-16T23:07:52+02:00,[60],[9.151]
2026-07-16T23:07:53+02:00,[60],[8.997]
2026-07-16T23:07:54+02:00,[60],[8.859]
2026-07-16T23:07:55+02:00,[60],[8.749]
2026-07-16T23:07:56+02:00,[60],[8.674]
2026-07-16T23:07:57+02:00,[60],[8.604]
2026-07-16T23:07:58+02:00,[60],[8.523]
2026-07-16T23:07:59+02:00,[60],[8.535]
2026-07-16T23:08:00+02:00,[60],[8.525]
2026-07-16T23:08:01+02:00,[60],[8.629]
2026-07-16T23:08:02+02:00,[60],[8.87]
2026-07-16T23:08:03+02:00,[60],[9.103]
2026-07-16T23:08:04+02:00,[60],[9.09]
2026-07-16T23:08:05+02:00,[60],[9.153]
2026-07-16T23:08:06+02:00,[60],[9.175]
2026-07-16T23:11:06+02:00,[60],[8.886]
2026-07-16T23:11:29+02:00,[60],[8.886]
2026-07-16T23:11:38+02:00,[60],[8.295]
2026-07-16T23:11:42+02:00,[60],[8.218]
2026-07-16T23:11:43+02:00,[60],[14]
2026-07-16T23:11:44+02:00,[60],[14]
2026-07-16T23:11:45+02:00,[60],[14]
2026-07-16T23:11:46+02:00,[60],[14]
2026-07-16T23:11:47+02:00,[60],[4.477]
2026-07-16T23:11:48+02:00,[60],[4.404]
2026-07-16T23:11:49+02:00,[60],[4.213]
2026-07-16T23:11:50+02:00,[60],[3.998]
2026-07-16T23:11:51+02:00,[60],[4.046]
2026-07-16T23:11:52+02:00,[60],[3.813]
2026-07-16T23:11:53+02:00,[60],[3.602]
2026-07-16T23:11:54+02:00,[60],[4.749]
2026-07-16T23:11:55+02:00,[60],[4.749]
2026-07-16T23:11:56+02:00,[60],[4.749]
2026-07-16T23:11:57+02:00,[60],[4.749]
2026-07-16T23:11:58+02:00,[60],[4.749]
2026-07-16T23:11:59+02:00,[60],[4.749]
2026-07-16T23:12:00+02:00,[60],[4.749]
2026-07-16T23:12:01+02:00,[60],[4.749]
2026-07-16T23:12:02+02:00,[60],[4.749]
2026-07-16T23:12:03+02:00,[60],[4.749]
2026-07-16T23:12:04+02:00,[60],[4.749]
2026-07-16T23:12:05+02:00,[60],[4.749]
2026-07-16T23:12:06+02:00,[60],[4.749]
2026-07-16T23:12:07+02:00,[60],[4.749]
2026-07-16T23:12:08+02:00,[60],[4.749]
2026-07-16T23:12:09+02:00,[60],[4.749]
2026-07-16T23:12:10+02:00,[60],[4.749]
2026-07-16T23:12:11+02:00,[60],[4.749]
2026-07-16T23:12:12+02:00,[60],[4.749]
2026-07-16T23:12:13+02:00,[60],[4.749]
2026-07-16T23:12:14+02:00,[60],[14.047]
2026-07-16T23:12:15+02:00,[60],[12.948]
2026-07-16T23:12:16+02:00,[60],[12.833]
2026-07-16T23:12:17+02:00,[60],[12.323]
2026-07-16T23:12:18+02:00,[60],[11.556]
2026-07-16T23:12:19+02:00,[60],[10.995]
2026-07-16T23:12:20+02:00,[60],[10.804]
2026-07-16T23:12:21+02:00,[60],[10.556]
2026-07-16T23:12:22+02:00,[60],[10.556]
2026-07-16T23:12:23+02:00,[60],[10.203]
2026-07-16T23:12:24+02:00,[60],[9.857]
2026-07-16T23:12:25+02:00,[60],[9.439]
2026-07-16T23:12:26+02:00,[60],[9.165]
2026-07-16T23:12:27+02:00,[60],[8.984]
2026-07-16T23:12:28+02:00,[60],[8.984]
2026-07-16T23:12:29+02:00,[60],[9.079]
2026-07-16T23:12:30+02:00,[60],[9.193]
2026-07-16T23:12:31+02:00,[60],[8.931]
2026-07-16T23:12:32+02:00,[60],[8.941]
2026-07-16T23:12:33+02:00,[60],[8.945]
2026-07-16T23:12:34+02:00,[60],[8.891]
2026-07-16T23:12:35+02:00,[60],[9.059]
2026-07-16T23:12:36+02:00,[60],[9.052]
2026-07-16T23:12:37+02:00,[60],[9.052]
2026-07-16T23:12:38+02:00,[60],[9.193]
2026-07-16T23:12:39+02:00,[60],[9.222]
2026-07-16T23:12:40+02:00,[60],[9.356]
2026-07-16T23:12:41+02:00,[60],[9.227]
2026-07-16T23:12:42+02:00,[60],[9.227]
2026-07-16T23:12:43+02:00,[60],[9.148]
2026-07-16T23:12:44+02:00,[60],[9.148]
2026-07-16T23:12:45+02:00,[60],[9.156]
2026-07-16T23:12:46+02:00,[60],[9.622]
2026-07-16T23:12:47+02:00,[60],[9.967]
2026-07-16T23:12:48+02:00,[60],[10.068]
2026-07-16T23:12:49+02:00,[60],[10.118]
2026-07-16T23:12:50+02:00,[60],[10.428]
2026-07-16T23:12:51+02:00,[60],[10.679]
2026-07-16T23:12:52+02:00,[60],[10.616]
2026-07-16T23:12:53+02:00,[60],[10.662]
2026-07-16T23:12:54+02:00,[60],[10.662]
2026-07-16T23:12:55+02:00,[60],[10.472]
2026-07-16T23:12:56+02:00,[60],[10.285]
2026-07-16T23:12:57+02:00,[60],[10.285]
2026-07-16T23:12:58+02:00,[60],[10.325]
2026-07-16T23:12:59+02:00,[60],[10.456]
2026-07-16T23:13:00+02:00,[60],[10.683]
2026-07-16T23:13:01+02:00,[60],[10.683]
2026-07-16T23:13:02+02:00,[60],[10.655]
2026-07-16T23:13:03+02:00,[60],[10.565]
2026-07-16T23:13:04+02:00,[60],[10.556]
2026-07-16T23:13:05+02:00,[60],[10.469]
2026-07-16T23:13:06+02:00,[60],[10.542]
2026-07-16T23:13:07+02:00,[60],[10.302]
2026-07-16T23:13:08+02:00,[60],[10.252]
2026-07-16T23:13:09+02:00,[60],[10.252]
2026-07-16T23:13:10+02:00,[60],[10.094]
2026-07-16T23:13:11+02:00,[60],[10.016]
2026-07-16T23:13:12+02:00,[60],[9.848]
2026-07-16T23:13:13+02:00,[60],[9.723]
2026-07-16T23:13:14+02:00,[60],[9.718]
2026-07-16T23:13:15+02:00,[60],[9.622]
2026-07-16T23:13:16+02:00,[60],[9.508]
2026-07-16T23:13:17+02:00,[60],[9.508]
2026-07-16T23:13:18+02:00,[60],[9.382]
2026-07-16T23:13:19+02:00,[60],[9.386]
2026-07-16T23:13:20+02:00,[60],[9.351]
2026-07-16T23:13:21+02:00,[60],[9.181]
2026-07-16T23:13:22+02:00,[60],[9.147]
2026-07-16T23:13:23+02:00,[60],[8.865]
2026-07-16T23:13:24+02:00,[60],[8.635]
2026-07-16T23:13:25+02:00,[60],[8.635]
2026-07-16T23:13:26+02:00,[60],[8.557]
2026-07-16T23:13:27+02:00,[60],[8.558]
2026-07-16T23:13:28+02:00,[60],[8.407]
2026-07-16T23:13:29+02:00,[60],[8.407]
2026-07-16T23:13:30+02:00,[60],[8.379]
2026-07-16T23:13:31+02:00,[60],[8.217]
2026-07-16T23:13:32+02:00,[60],[8.217]
2026-07-16T23:13:33+02:00,[60],[8.032]
2026-07-16T23:13:34+02:00,[60],[7.87]
2026-07-16T23:13:35+02:00,[60],[7.87]
2026-07-16T23:13:36+02:00,[60],[7.768]
2026-07-16T23:13:37+02:00,[60],[7.759]
2026-07-16T23:13:38+02:00,[60],[7.794]
2026-07-16T23:13:39+02:00,[60],[7.953]
2026-07-16T23:13:40+02:00,[60],[7.947]
2026-07-16T23:13:41+02:00,[60],[8.071]
2026-07-16T23:13:42+02:00,[60],[8.051]
2026-07-16T23:13:43+02:00,[60],[8.022]
2026-07-16T23:13:44+02:00,[60],[8.022]
2026-07-16T23:13:45+02:00,[60],[8]
2026-07-16T23:13:46+02:00,[60],[8]
2026-07-16T23:13:47+02:00,[60],[7.906]
2026-07-16T23:13:48+02:00,[60],[7.774]
2026-07-16T23:13:49+02:00,[60],[7.605]
2026-07-16T23:13:50+02:00,[60],[7.465]
2026-07-16T23:13:51+02:00,[60],[7.465]
2026-07-16T23:13:52+02:00,[60],[7.298]
2026-07-16T23:13:53+02:00,[60],[7.178]
2026-07-16T23:13:54+02:00,[60],[7.096]
2026-07-16T23:13:55+02:00,[60],[7.269]
2026-07-16T23:13:56+02:00,[60],[7.317]
2026-07-16T23:13:57+02:00,[60],[7.164]
2026-07-16T23:13:58+02:00,[60],[7.256]
2026-07-16T23:13:59+02:00,[60],[7.281]
2026-07-16T23:14:00+02:00,[60],[7.281]
2026-07-16T23:14:01+02:00,[60],[7.873]
2026-07-16T23:14:02+02:00,[60],[8.09]
2026-07-16T23:14:03+02:00,[60],[8.09]
2026-07-16T23:14:04+02:00,[60],[8.066]
2026-07-16T23:14:05+02:00,[60],[7.943]
2026-07-16T23:14:06+02:00,[60],[8.508]
2026-07-16T23:14:07+02:00,[60],[8.508]
2026-07-16T23:14:08+02:00,[60],[8.581]
2026-07-16T23:14:09+02:00,[60],[8.769]
2026-07-16T23:14:10+02:00,[60],[8.769]
2026-07-16T23:14:11+02:00,[60],[8.735]
2026-07-16T23:14:12+02:00,[60],[8.735]
2026-07-16T23:14:13+02:00,[60],[8.612]
2026-07-16T23:14:14+02:00,[60],[8.523]
2026-07-16T23:14:15+02:00,[60],[8.525]
2026-07-16T23:14:16+02:00,[60],[8.592]
2026-07-16T23:14:17+02:00,[60],[8.551]
2026-07-16T23:14:18+02:00,[60],[8.551]
2026-07-16T23:14:19+02:00,[60],[8.551]
2026-07-16T23:14:20+02:00,[60],[8.541]
2026-07-16T23:14:21+02:00,[60],[8.524]
2026-07-16T23:14:22+02:00,[60],[8.524]
2026-07-16T23:14:23+02:00,[60],[8.425]
2026-07-16T23:14:24+02:00,[60],[8.425]
2026-07-16T23:14:25+02:00,[60],[8.367]
2026-07-16T23:14:26+02:00,[60],[8.336]
2026-07-16T23:14:27+02:00,[60],[8.157]
2026-07-16T23:14:28+02:00,[60],[8.157]
2026-07-16T23:14:29+02:00,[60],[7.975]
2026-07-16T23:14:30+02:00,[60],[7.983]
2026-07-16T23:14:31+02:00,[60],[7.86]
2026-07-16T23:14:32+02:00,[60],[7.86]
2026-07-16T23:14:33+02:00,[60],[7.884]
2026-07-16T23:14:34+02:00,[60],[7.921]
2026-07-16T23:14:35+02:00,[60],[7.922]
2026-07-16T23:14:36+02:00,[60],[7.922]
2026-07-16T23:14:37+02:00,[60],[7.922]
2026-07-16T23:14:38+02:00,[60],[8.041]
2026-07-16T23:14:39+02:00,[60],[8.041]
2026-07-16T23:14:40+02:00,[60],[8.161]
2026-07-16T23:14:41+02:00,[60],[8.229]
2026-07-16T23:14:42+02:00,[60],[8.18]
2026-07-16T23:14:43+02:00,[60],[8.193]
2026-07-16T23:14:44+02:00,[60],[8.298]
2026-07-16T23:14:45+02:00,[60],[8.447]
2026-07-16T23:14:46+02:00,[60],[8.565]
2026-07-16T23:14:47+02:00,[60],[8.565]
2026-07-16T23:14:48+02:00,[60],[8.565]
2026-07-16T23:14:49+02:00,[60],[8.565]
2026-07-16T23:14:50+02:00,[60],[8.672]
2026-07-16T23:14:51+02:00,[60],[8.672]
2026-07-16T23:14:52+02:00,[60],[8.906]
2026-07-16T23:14:53+02:00,[60],[8.946]
2026-07-16T23:14:54+02:00,[60],[9.103]
2026-07-16T23:14:55+02:00,[60],[9.125]
2026-07-16T23:14:56+02:00,[60],[9.156]
2026-07-16T23:14:57+02:00,[60],[8.99]
2026-07-16T23:14:58+02:00,[60],[8.804]
2026-07-16T23:14:59+02:00,[60],[8.751]
2026-07-16T23:15:00+02:00,[60],[8.737]
2026-07-16T23:15:01+02:00,[60],[8.726]
2026-07-16T23:15:02+02:00,[60],[8.632]
2026-07-16T23:15:03+02:00,[60],[8.51]
2026-07-16T23:15:04+02:00,[60],[8.483]
2026-07-16T23:15:05+02:00,[60],[8.462]
2026-07-16T23:15:06+02:00,[60],[8.524]
2026-07-16T23:15:07+02:00,[60],[8.474]
2026-07-16T23:15:08+02:00,[60],[8.621]
2026-07-16T23:15:09+02:00,[60],[8.613]
2026-07-16T23:15:10+02:00,[60],[8.55]
2026-07-16T23:15:11+02:00,[60],[8.506]
2026-07-16T23:15:12+02:00,[60],[8.529]
2026-07-16T23:15:13+02:00,[60],[8.525]
2026-07-16T23:15:14+02:00,[60],[8.538]
2026-07-16T23:15:15+02:00,[60],[8.578]
2026-07-16T23:15:16+02:00,[60],[8.716]
2026-07-16T23:15:17+02:00,[60],[8.781]
2026-07-16T23:15:18+02:00,[60],[8.941]
2026-07-16T23:15:19+02:00,[60],[8.946]
2026-07-16T23:15:20+02:00,[60],[9.047]
2026-07-16T23:15:21+02:00,[60],[9.162]
2026-07-16T23:15:22+02:00,[60],[9.118]
2026-07-16T23:15:23+02:00,[60],[9.037]
2026-07-16T23:15:24+02:00,[60],[9.031]
2026-07-16T23:15:25+02:00,[60],[9.148]
2026-07-16T23:15:26+02:00,[60],[9.066]
2026-07-16T23:15:27+02:00,[60],[8.971]
2026-07-16T23:15:28+02:00,[60],[8.82]
2026-07-16T23:15:29+02:00,[60],[8.806]
2026-07-16T23:15:30+02:00,[60],[8.693]
2026-07-16T23:15:31+02:00,[60],[8.623]
2026-07-16T23:15:32+02:00,[60],[8.466]
2026-07-16T23:15:33+02:00,[60],[8.335]
2026-07-16T23:15:34+02:00,[60],[8.422]
2026-07-16T23:15:35+02:00,[60],[8.742]
2026-07-16T23:15:36+02:00,[60],[8.795]
2026-07-16T23:15:37+02:00,[60],[8.905]
2026-07-16T23:15:38+02:00,[60],[8.92]
2026-07-16T23:15:39+02:00,[60],[8.995]
2026-07-16T23:15:40+02:00,[60],[8.959]
2026-07-16T23:15:41+02:00,[60],[8.988]
2026-07-16T23:15:42+02:00,[60],[9.048]
2026-07-16T23:15:43+02:00,[60],[9.068]
2026-07-16T23:15:44+02:00,[60],[9.117]
2026-07-16T23:15:45+02:00,[60],[9.177]
2026-07-16T23:15:46+02:00,[60],[9.214]
2026-07-16T23:15:47+02:00,[60],[9.438]
2026-07-16T23:15:48+02:00,[60],[9.526]
2026-07-16T23:15:49+02:00,[60],[9.494]
2026-07-16T23:15:50+02:00,[60],[9.436]
2026-07-16T23:15:51+02:00,[60],[9.33]
2026-07-16T23:15:52+02:00,[60],[9.247]
2026-07-16T23:15:53+02:00,[60],[9.271]
2026-07-16T23:15:54+02:00,[60],[9.227]
2026-07-16T23:15:55+02:00,[60],[9.3]
2026-07-16T23:15:56+02:00,[60],[9.221]
2026-07-16T23:15:57+02:00,[60],[9.13]
2026-07-16T23:15:58+02:00,[60],[9.163]
2026-07-16T23:15:59+02:00,[60],[9.034]
2026-07-16T23:16:00+02:00,[60],[8.94]
2026-07-16T23:16:01+02:00,[60],[8.906]
2026-07-16T23:16:02+02:00,[60],[8.869]
2026-07-16T23:16:03+02:00,[60],[8.865]
2026-07-16T23:16:04+02:00,[60],[8.782]
2026-07-16T23:16:05+02:00,[60],[8.691]
2026-07-16T23:16:06+02:00,[60],[8.64]
2026-07-16T23:16:07+02:00,[60],[8.619]
2026-07-16T23:16:08+02:00,[60],[8.644]
2026-07-16T23:16:09+02:00,[60],[8.646]
2026-07-16T23:16:10+02:00,[60],[8.612]
2026-07-16T23:16:11+02:00,[60],[8.632]
2026-07-16T23:16:12+02:00,[60],[8.634]
2026-07-16T23:16:13+02:00,[60],[8.7]
2026-07-16T23:16:14+02:00,[60],[8.641]
2026-07-16T23:16:15+02:00,[60],[8.689]
2026-07-16T23:16:16+02:00,[60],[8.585]
2026-07-16T23:16:17+02:00,[60],[8.587]
2026-07-16T23:16:18+02:00,[60],[8.541]
2026-07-16T23:16:19+02:00,[60],[8.561]
2026-07-16T23:16:20+02:00,[60],[8.57]
2026-07-16T23:16:21+02:00,[60],[8.518]
2026-07-16T23:16:22+02:00,[60],[8.435]
2026-07-16T23:16:23+02:00,[60],[8.377]
2026-07-16T23:16:24+02:00,[60],[8.315]
2026-07-16T23:16:25+02:00,[60],[8.381]
2026-07-16T23:16:26+02:00,[60],[8.321]
2026-07-16T23:16:27+02:00,[60],[8.3]
2026-07-16T23:16:28+02:00,[60],[8.283]
2026-07-16T23:16:29+02:00,[60],[8.26]
2026-07-16T23:16:30+02:00,[60],[8.255]
2026-07-16T23:16:31+02:00,[60],[8.263]
2026-07-16T23:16:32+02:00,[60],[8.185]
2026-07-16T23:16:33+02:00,[60],[8.182]
2026-07-16T23:16:34+02:00,[60],[8.108]
2026-07-16T23:16:35+02:00,[60],[8.02]
2026-07-16T23:16:36+02:00,[60],[8.01]
2026-07-16T23:16:37+02:00,[60],[8.217]
2026-07-16T23:16:38+02:00,[60],[8.198]
2026-07-16T23:16:39+02:00,[60],[8.064]
2026-07-16T23:16:40+02:00,[60],[7.941]
2026-07-16T23:16:41+02:00,[60],[7.948]
2026-07-16T23:16:42+02:00,[60],[7.959]
2026-07-16T23:16:43+02:00,[60],[7.862]
2026-07-16T23:16:44+02:00,[60],[7.768]
2026-07-16T23:16:45+02:00,[60],[7.711]
2026-07-16T23:16:46+02:00,[60],[7.709]
2026-07-16T23:16:47+02:00,[60],[7.597]
2026-07-16T23:16:48+02:00,[60],[7.482]
2026-07-16T23:16:49+02:00,[60],[7.388]
2026-07-16T23:16:50+02:00,[60],[7.276]
2026-07-16T23:16:51+02:00,[60],[7.246]
2026-07-16T23:16:52+02:00,[60],[7.201]
2026-07-16T23:16:53+02:00,[60],[7.174]
2026-07-16T23:16:54+02:00,[60],[7.144]
2026-07-16T23:16:55+02:00,[60],[7.088]
2026-07-16T23:16:56+02:00,[60],[7.073]
2026-07-16T23:16:57+02:00,[60],[7.015]
2026-07-16T23:16:58+02:00,[60],[7.021]
2026-07-16T23:16:59+02:00,[60],[7.138]
2026-07-16T23:17:00+02:00,[60],[7.137]
2026-07-16T23:17:01+02:00,[60],[7.17]
2026-07-16T23:17:02+02:00,[60],[7.114]
2026-07-16T23:17:03+02:00,[60],[7.163]
2026-07-16T23:17:04+02:00,[60],[7.106]
2026-07-16T23:17:05+02:00,[60],[7.067]
2026-07-16T23:17:06+02:00,[60],[7.138]
2026-07-16T23:17:07+02:00,[60],[7.091]
2026-07-16T23:17:08+02:00,[60],[7.164]
2026-07-16T23:17:09+02:00,[60],[7.096]
2026-07-16T23:17:10+02:00,[60],[7.063]
2026-07-16T23:17:11+02:00,[60],[7.56]
2026-07-16T23:17:12+02:00,[60],[7.592]
2026-07-16T23:17:13+02:00,[60],[7.37]
2026-07-16T23:17:14+02:00,[60],[7.163]
2026-07-16T23:17:15+02:00,[60],[7.457]
2026-07-16T23:17:16+02:00,[60],[7.556]
2026-07-16T23:17:17+02:00,[60],[7.539]
2026-07-16T23:17:18+02:00,[60],[7.585]
2026-07-16T23:17:19+02:00,[60],[7.695]
2026-07-16T23:17:20+02:00,[60],[7.872]
2026-07-16T23:17:21+02:00,[60],[7.888]
2026-07-16T23:17:22+02:00,[60],[7.888]
2026-07-16T23:17:23+02:00,[60],[7.875]
2026-07-16T23:17:24+02:00,[60],[7.78]
2026-07-16T23:17:25+02:00,[60],[7.817]
2026-07-16T23:17:26+02:00,[60],[7.84]
2026-07-16T23:17:27+02:00,[60],[7.858]
2026-07-16T23:17:28+02:00,[60],[7.861]
2026-07-16T23:17:29+02:00,[60],[7.861]
2026-07-16T23:17:30+02:00,[60],[7.986]
2026-07-16T23:17:31+02:00,[60],[7.934]
2026-07-16T23:17:32+02:00,[60],[7.813]
2026-07-16T23:17:33+02:00,[60],[7.722]
2026-07-16T23:17:34+02:00,[60],[7.739]
2026-07-16T23:17:35+02:00,[60],[7.636]
2026-07-16T23:17:36+02:00,[60],[7.542]
2026-07-16T23:17:37+02:00,[60],[7.458]
2026-07-16T23:17:38+02:00,[60],[7.352]
2026-07-16T23:17:39+02:00,[60],[7.246]
2026-07-16T23:17:40+02:00,[60],[7.128]
2026-07-16T23:17:41+02:00,[60],[7.025]
2026-07-16T23:17:42+02:00,[60],[6.942]
2026-07-16T23:17:43+02:00,[60],[6.829]
2026-07-16T23:17:44+02:00,[60],[6.815]
2026-07-16T23:17:45+02:00,[60],[6.776]
2026-07-16T23:17:46+02:00,[60],[6.685]
2026-07-16T23:17:47+02:00,[60],[6.612]
2026-07-16T23:17:48+02:00,[60],[6.58]
2026-07-16T23:17:49+02:00,[60],[6.581]
2026-07-16T23:17:50+02:00,[60],[6.679]
2026-07-16T23:17:51+02:00,[60],[6.64]
2026-07-16T23:17:52+02:00,[60],[6.664]
2026-07-16T23:17:53+02:00,[60],[6.569]
2026-07-16T23:17:54+02:00,[60],[6.675]
2026-07-16T23:17:55+02:00,[60],[6.605]
2026-07-16T23:17:56+02:00,[60],[6.679]
2026-07-16T23:17:57+02:00,[60],[6.793]
2026-07-16T23:17:58+02:00,[60],[6.764]
2026-07-16T23:17:59+02:00,[60],[6.78]
2026-07-16T23:18:00+02:00,[60],[6.802]
2026-07-16T23:18:01+02:00,[60],[6.792]
2026-07-16T23:18:02+02:00,[60],[6.769]
2026-07-16T23:18:03+02:00,[60],[6.793]
2026-07-16T23:18:04+02:00,[60],[6.735]
2026-07-16T23:18:05+02:00,[60],[6.678]
2026-07-16T23:18:06+02:00,[60],[6.57]
2026-07-16T23:18:07+02:00,[60],[6.512]
2026-07-16T23:18:08+02:00,[60],[6.453]
2026-07-16T23:18:09+02:00,[60],[6.343]
2026-07-16T23:18:10+02:00,[60],[6.349]
2026-07-16T23:18:11+02:00,[60],[6.525]
2026-07-16T23:18:12+02:00,[60],[6.599]
2026-07-16T23:18:13+02:00,[60],[6.716]
2026-07-16T23:18:14+02:00,[60],[6.744]
2026-07-16T23:18:15+02:00,[60],[6.716]
2026-07-16T23:18:16+02:00,[60],[6.788]
2026-07-16T23:18:17+02:00,[60],[6.959]
2026-07-16T23:18:18+02:00,[60],[7.106]
2026-07-16T23:18:19+02:00,[60],[7.343]
2026-07-16T23:18:20+02:00,[60],[7.272]
2026-07-16T23:18:21+02:00,[60],[7.216]
2026-07-16T23:18:22+02:00,[60],[7.173]
2026-07-16T23:18:23+02:00,[60],[7.225]
2026-07-16T23:18:24+02:00,[60],[7.278]
2026-07-16T23:18:25+02:00,[60],[7.278]
2026-07-16T23:18:26+02:00,[60],[7.428]
2026-07-16T23:18:27+02:00,[60],[7.386]
2026-07-16T23:18:28+02:00,[60],[7.369]
2026-07-16T23:18:29+02:00,[60],[7.454]
2026-07-16T23:18:30+02:00,[60],[7.689]
2026-07-16T23:18:31+02:00,[60],[7.752]
2026-07-16T23:18:32+02:00,[60],[7.85]
2026-07-16T23:18:33+02:00,[60],[7.793]
2026-07-16T23:18:34+02:00,[60],[7.832]
2026-07-16T23:18:35+02:00,[60],[7.957]
2026-07-16T23:18:36+02:00,[60],[7.989]
2026-07-16T23:18:37+02:00,[60],[8.01]
2026-07-16T23:18:38+02:00,[60],[7.966]
2026-07-16T23:18:39+02:00,[60],[7.878]
2026-07-16T23:18:40+02:00,[60],[7.776]
2026-07-16T23:18:41+02:00,[60],[7.63]
2026-07-16T23:18:42+02:00,[60],[7.444]
2026-07-16T23:18:43+02:00,[60],[7.346]
2026-07-16T23:18:44+02:00,[60],[7.318]
2026-07-16T23:18:45+02:00,[60],[7.217]
2026-07-16T23:18:46+02:00,[60],[7.085]
2026-07-16T23:18:47+02:00,[60],[7.009]
2026-07-16T23:18:48+02:00,[60],[7.021]
2026-07-16T23:18:49+02:00,[60],[6.976]
2026-07-16T23:18:50+02:00,[60],[7.162]
2026-07-16T23:18:51+02:00,[60],[7.199]
2026-07-16T23:18:52+02:00,[60],[7.361]
2026-07-16T23:18:53+02:00,[60],[7.328]
2026-07-16T23:18:54+02:00,[60],[7.285]
2026-07-16T23:18:55+02:00,[60],[7.222]
2026-07-16T23:18:56+02:00,[60],[7.167]
2026-07-16T23:18:57+02:00,[60],[7.105]
2026-07-16T23:18:58+02:00,[60],[7.036]
2026-07-16T23:18:59+02:00,[60],[7.003]
2026-07-16T23:19:00+02:00,[60],[6.974]
2026-07-16T23:19:01+02:00,[60],[6.978]
2026-07-16T23:19:02+02:00,[60],[6.927]
2026-07-16T23:19:03+02:00,[60],[6.989]
2026-07-16T23:19:04+02:00,[60],[7.034]
2026-07-16T23:19:05+02:00,[60],[6.976]
2026-07-16T23:19:06+02:00,[60],[6.882]
2026-07-16T23:19:07+02:00,[60],[6.824]
2026-07-16T23:19:08+02:00,[60],[6.706]
2026-07-16T23:19:09+02:00,[60],[6.823]
2026-07-16T23:19:10+02:00,[60],[6.911]
2026-07-16T23:19:11+02:00,[60],[6.799]
2026-07-16T23:19:12+02:00,[60],[6.795]
2026-07-16T23:19:13+02:00,[60],[6.705]
2026-07-16T23:19:14+02:00,[60],[6.779]
2026-07-16T23:19:15+02:00,[60],[6.803]
2026-07-16T23:19:16+02:00,[60],[6.942]
2026-07-16T23:19:17+02:00,[60],[6.977]
2026-07-16T23:19:18+02:00,[60],[7.072]
2026-07-16T23:19:19+02:00,[60],[7.043]
2026-07-16T23:19:20+02:00,[60],[7.09]
2026-07-16T23:19:21+02:00,[60],[7.107]
2026-07-16T23:19:22+02:00,[60],[7.065]
2026-07-16T23:19:23+02:00,[60],[7.148]
2026-07-16T23:19:24+02:00,[60],[7.191]
2026-07-16T23:19:25+02:00,[60],[7.193]
2026-07-16T23:19:26+02:00,[60],[7.162]
2026-07-16T23:19:27+02:00,[60],[7.26]
2026-07-16T23:19:28+02:00,[60],[7.295]
2026-07-16T23:19:29+02:00,[60],[7.299]
2026-07-16T23:19:30+02:00,[60],[7.383]
2026-07-16T23:19:31+02:00,[60],[7.319]
2026-07-16T23:19:32+02:00,[60],[7.247]
2026-07-16T23:19:33+02:00,[60],[7.205]
2026-07-16T23:19:34+02:00,[60],[7.135]
2026-07-16T23:19:35+02:00,[60],[6.998]
2026-07-16T23:19:36+02:00,[60],[6.904]
2026-07-16T23:19:37+02:00,[60],[6.827]
2026-07-16T23:19:38+02:00,[60],[6.844]
2026-07-16T23:19:39+02:00,[60],[6.773]
2026-07-16T23:19:40+02:00,[60],[6.713]
2026-07-16T23:19:41+02:00,[60],[6.648]
2026-07-16T23:19:42+02:00,[60],[6.589]
2026-07-16T23:19:43+02:00,[60],[6.711]
2026-07-16T23:19:44+02:00,[60],[6.798]
2026-07-16T23:19:45+02:00,[60],[6.754]
2026-07-16T23:19:46+02:00,[60],[6.759]
2026-07-16T23:19:47+02:00,[60],[6.908]
2026-07-16T23:19:48+02:00,[60],[6.838]
2026-07-16T23:19:49+02:00,[60],[6.808]
2026-07-16T23:19:50+02:00,[60],[6.675]
2026-07-16T23:19:51+02:00,[60],[6.643]
2026-07-16T23:19:52+02:00,[60],[6.564]
2026-07-16T23:19:53+02:00,[60],[6.549]
2026-07-16T23:19:54+02:00,[60],[6.502]
2026-07-16T23:19:55+02:00,[60],[6.507]
2026-07-16T23:19:56+02:00,[60],[6.531]
2026-07-16T23:19:57+02:00,[60],[6.488]
2026-07-16T23:19:58+02:00,[60],[6.379]
2026-07-16T23:19:59+02:00,[60],[6.349]
2026-07-16T23:20:00+02:00,[60],[6.271]
2026-07-16T23:20:01+02:00,[60],[6.325]
2026-07-16T23:20:02+02:00,[60],[6.408]
2026-07-16T23:20:03+02:00,[60],[6.36]
2026-07-16T23:20:04+02:00,[60],[6.472]
2026-07-16T23:20:05+02:00,[60],[6.54]
2026-07-16T23:20:06+02:00,[60],[6.648]
2026-07-16T23:20:07+02:00,[60],[6.708]
2026-07-16T23:20:08+02:00,[60],[6.656]
2026-07-16T23:20:09+02:00,[60],[6.689]
2026-07-16T23:20:10+02:00,[60],[6.637]
2026-07-16T23:20:11+02:00,[60],[6.696]
2026-07-16T23:20:12+02:00,[60],[6.637]
2026-07-16T23:20:13+02:00,[60],[6.603]
2026-07-16T23:20:14+02:00,[60],[6.615]
2026-07-16T23:20:15+02:00,[60],[6.612]
2026-07-16T23:20:16+02:00,[60],[6.598]
2026-07-16T23:20:17+02:00,[60],[6.534]
2026-07-16T23:20:18+02:00,[60],[6.628]
2026-07-16T23:20:19+02:00,[60],[6.708]
2026-07-16T23:20:20+02:00,[60],[6.704]
2026-07-16T23:20:21+02:00,[60],[6.637]
2026-07-16T23:20:22+02:00,[60],[6.628]
2026-07-16T23:20:23+02:00,[60],[6.648]
2026-07-16T23:20:24+02:00,[60],[6.596]
2026-07-16T23:20:25+02:00,[60],[6.722]
2026-07-16T23:20:26+02:00,[60],[6.657]
2026-07-16T23:20:27+02:00,[60],[6.577]
2026-07-16T23:20:28+02:00,[60],[6.515]
2026-07-16T23:20:29+02:00,[60],[6.534]
2026-07-16T23:20:30+02:00,[60],[6.508]
2026-07-16T23:20:31+02:00,[60],[6.469]
2026-07-16T23:20:32+02:00,[60],[6.392]
2026-07-16T23:20:33+02:00,[60],[6.431]
2026-07-16T23:20:34+02:00,[60],[6.527]
2026-07-16T23:20:35+02:00,[60],[6.551]
2026-07-16T23:20:36+02:00,[60],[6.674]
2026-07-16T23:20:37+02:00,[60],[6.642]
2026-07-16T23:20:38+02:00,[60],[6.714]
2026-07-16T23:20:39+02:00,[60],[6.626]
2026-07-16T23:20:40+02:00,[60],[6.58]
2026-07-16T23:20:41+02:00,[60],[6.677]
2026-07-16T23:20:42+02:00,[60],[6.823]
2026-07-16T23:20:43+02:00,[60],[6.999]
2026-07-16T23:20:44+02:00,[60],[7.177]
2026-07-16T23:20:45+02:00,[60],[7.063]
2026-07-16T23:20:46+02:00,[60],[7.19]
2026-07-16T23:20:47+02:00,[60],[7.415]
2026-07-16T23:20:48+02:00,[60],[7.374]
2026-07-16T23:20:49+02:00,[60],[7.288]
2026-07-16T23:20:50+02:00,[60],[7.453]
2026-07-16T23:20:51+02:00,[60],[7.549]
2026-07-16T23:20:52+02:00,[60],[7.773]
2026-07-16T23:20:53+02:00,[60],[7.73]
2026-07-16T23:20:54+02:00,[60],[7.965]
2026-07-16T23:20:55+02:00,[60],[7.984]
2026-07-16T23:20:56+02:00,[60],[7.985]
2026-07-16T23:20:57+02:00,[60],[7.888]
2026-07-16T23:20:58+02:00,[60],[7.891]
2026-07-16T23:20:59+02:00,[60],[7.841]
2026-07-16T23:21:00+02:00,[60],[7.813]
2026-07-16T23:21:01+02:00,[60],[7.861]
2026-07-16T23:21:02+02:00,[60],[7.831]
2026-07-16T23:21:03+02:00,[60],[8.173]
2026-07-16T23:21:04+02:00,[60],[8.304]
2026-07-16T23:21:05+02:00,[60],[8.436]
2026-07-16T23:21:06+02:00,[60],[8.354]
2026-07-16T23:21:07+02:00,[60],[8.52]
2026-07-16T23:21:08+02:00,[60],[8.631]
2026-07-16T23:21:09+02:00,[60],[8.633]
2026-07-16T23:21:10+02:00,[60],[8.853]
2026-07-16T23:21:11+02:00,[60],[8.982]
2026-07-16T23:21:12+02:00,[60],[9.099]
2026-07-16T23:21:13+02:00,[60],[9.065]
2026-07-16T23:21:14+02:00,[60],[9.239]
2026-07-16T23:21:15+02:00,[60],[9.116]
2026-07-16T23:21:16+02:00,[60],[9.064]
2026-07-16T23:21:17+02:00,[60],[9.107]
2026-07-16T23:21:18+02:00,[60],[9.181]
2026-07-16T23:21:19+02:00,[60],[9.045]
2026-07-16T23:21:20+02:00,[60],[9.042]
2026-07-16T23:21:21+02:00,[60],[8.897]
2026-07-16T23:21:22+02:00,[60],[8.866]
2026-07-16T23:21:23+02:00,[60],[8.78]
2026-07-16T23:21:24+02:00,[60],[8.734]
2026-07-16T23:21:25+02:00,[60],[8.637]
2026-07-16T23:21:26+02:00,[60],[8.675]
2026-07-16T23:21:27+02:00,[60],[8.622]
2026-07-16T23:21:28+02:00,[60],[8.559]
2026-07-16T23:21:29+02:00,[60],[8.499]
2026-07-16T23:21:30+02:00,[60],[8.483]
2026-07-16T23:21:31+02:00,[60],[8.402]
2026-07-16T23:21:32+02:00,[60],[8.357]
2026-07-16T23:21:33+02:00,[60],[8.275]
2026-07-16T23:21:34+02:00,[60],[8.17]
2026-07-16T23:21:35+02:00,[60],[8.036]
2026-07-16T23:21:36+02:00,[60],[7.935]
2026-07-16T23:21:37+02:00,[60],[8.045]
2026-07-16T23:21:38+02:00,[60],[8.212]
2026-07-16T23:21:39+02:00,[60],[8.185]
2026-07-16T23:21:40+02:00,[60],[8.201]
2026-07-16T23:21:41+02:00,[60],[8.141]
2026-07-16T23:21:42+02:00,[60],[7.978]
2026-07-16T23:21:43+02:00,[60],[7.779]
2026-07-16T23:21:44+02:00,[60],[7.645]
2026-07-16T23:21:45+02:00,[60],[7.576]
2026-07-16T23:21:46+02:00,[60],[7.497]
2026-07-16T23:21:47+02:00,[60],[7.437]
2026-07-16T23:21:48+02:00,[60],[7.412]
2026-07-16T23:24:32+02:00,[60],[13.27]
2026-07-16T23:24:54+02:00,[60],[13.27]
2026-07-16T23:25:42+02:00,[60],[11.295]
2026-07-16T23:25:43+02:00,[60],[10.809]
2026-07-16T23:25:47+02:00,[60],[22.153]
2026-07-16T23:25:48+02:00,[60],[19.06]
2026-07-16T23:25:49+02:00,[60],[8.771]
2026-07-16T23:25:50+02:00,[60],[9.346]
2026-07-16T23:25:51+02:00,[60],[8.085]
2026-07-16T23:25:52+02:00,[60],[10.055]
2026-07-16T23:25:53+02:00,[60],[10.13]
2026-07-16T23:25:54+02:00,[60],[10.255]
2026-07-16T23:25:55+02:00,[60],[10.365]
2026-07-16T23:25:56+02:00,[60],[10.583]
2026-07-16T23:25:57+02:00,[60],[14]
2026-07-16T23:25:58+02:00,[60],[14]
2026-07-16T23:25:59+02:00,[60],[10.848]
2026-07-16T23:26:00+02:00,[60],[10.947]
2026-07-16T23:26:01+02:00,[60],[11.044]
2026-07-16T23:26:02+02:00,[60],[11.242]
2026-07-16T23:26:03+02:00,[60],[5.065]
2026-07-16T23:26:04+02:00,[60],[3.312]
2026-07-16T23:26:05+02:00,[60],[4.749]
2026-07-16T23:26:06+02:00,[60],[4.749]
2026-07-16T23:26:07+02:00,[60],[4.749]
2026-07-16T23:26:08+02:00,[60],[4.749]
2026-07-16T23:26:09+02:00,[60],[4.749]
2026-07-16T23:26:10+02:00,[60],[4.749]
2026-07-16T23:26:11+02:00,[60],[4.749]
2026-07-16T23:26:12+02:00,[60],[4.749]
2026-07-16T23:26:13+02:00,[60],[4.749]
2026-07-16T23:26:14+02:00,[60],[4.749]
2026-07-16T23:26:15+02:00,[60],[4.749]
2026-07-16T23:26:16+02:00,[60],[4.749]
2026-07-16T23:26:17+02:00,[60],[4.749]
2026-07-16T23:26:18+02:00,[60],[4.749]
2026-07-16T23:26:19+02:00,[60],[11.616]
2026-07-16T23:26:20+02:00,[60],[11.041]
2026-07-16T23:26:21+02:00,[60],[10.755]
2026-07-16T23:26:22+02:00,[60],[10.5]
2026-07-16T23:26:23+02:00,[60],[10.536]
2026-07-16T23:26:24+02:00,[60],[10.373]
2026-07-16T23:26:25+02:00,[60],[10.373]
2026-07-16T23:26:26+02:00,[60],[10.398]
2026-07-16T23:26:27+02:00,[60],[10.398]
2026-07-16T23:26:28+02:00,[60],[10.398]
2026-07-16T23:26:29+02:00,[60],[10.517]
2026-07-16T23:26:30+02:00,[60],[10.551]
2026-07-16T23:26:31+02:00,[60],[10.551]
2026-07-16T23:26:32+02:00,[60],[10.646]
2026-07-16T23:26:33+02:00,[60],[10.646]
2026-07-16T23:26:34+02:00,[60],[10.646]
2026-07-16T23:26:35+02:00,[60],[10.646]
2026-07-16T23:26:36+02:00,[60],[10.602]
2026-07-16T23:26:37+02:00,[60],[10.66]
2026-07-16T23:26:38+02:00,[60],[10.66]
2026-07-16T23:26:39+02:00,[60],[10.66]
2026-07-16T23:26:40+02:00,[60],[10.761]
2026-07-16T23:26:41+02:00,[60],[10.761]
2026-07-16T23:26:42+02:00,[60],[11.006]
2026-07-16T23:26:43+02:00,[60],[11.006]
2026-07-16T23:26:44+02:00,[60],[11.006]
2026-07-16T23:26:45+02:00,[60],[11.006]
2026-07-16T23:26:46+02:00,[60],[11.006]
2026-07-16T23:26:47+02:00,[60],[10.926]
2026-07-16T23:26:48+02:00,[60],[10.922]
2026-07-16T23:26:49+02:00,[60],[10.917]
2026-07-16T23:26:50+02:00,[60],[10.917]
2026-07-16T23:26:51+02:00,[60],[10.917]
2026-07-16T23:26:52+02:00,[60],[10.836]
2026-07-16T23:26:53+02:00,[60],[10.784]
2026-07-16T23:26:54+02:00,[60],[10.784]
2026-07-16T23:26:55+02:00,[60],[10.787]
2026-07-16T23:26:56+02:00,[60],[10.787]
2026-07-16T23:26:57+02:00,[60],[10.922]
2026-07-16T23:26:58+02:00,[60],[10.793]
2026-07-16T23:26:59+02:00,[60],[10.869]
2026-07-16T23:27:00+02:00,[60],[10.855]
2026-07-16T23:27:01+02:00,[60],[10.855]
2026-07-16T23:27:02+02:00,[60],[10.823]
2026-07-16T23:27:03+02:00,[60],[10.766]
2026-07-16T23:27:04+02:00,[60],[10.739]
2026-07-16T23:27:05+02:00,[60],[10.739]
2026-07-16T23:27:06+02:00,[60],[10.729]
2026-07-16T23:27:07+02:00,[60],[10.786]
2026-07-16T23:27:08+02:00,[60],[10.554]
2026-07-16T23:27:09+02:00,[60],[10.415]
2026-07-16T23:27:10+02:00,[60],[10.415]
2026-07-16T23:27:11+02:00,[60],[10.415]
2026-07-16T23:27:12+02:00,[60],[10.415]
2026-07-16T23:27:13+02:00,[60],[10.415]
2026-07-16T23:27:14+02:00,[60],[10.18]
2026-07-16T23:27:15+02:00,[60],[10.18]
2026-07-16T23:27:16+02:00,[60],[9.894]
2026-07-16T23:27:17+02:00,[60],[9.813]
2026-07-16T23:27:18+02:00,[60],[9.717]
2026-07-16T23:27:19+02:00,[60],[9.695]
2026-07-16T23:27:20+02:00,[60],[9.695]
2026-07-16T23:27:21+02:00,[60],[9.513]
2026-07-16T23:27:22+02:00,[60],[9.417]
2026-07-16T23:27:23+02:00,[60],[9.335]
2026-07-16T23:27:24+02:00,[60],[9.335]
2026-07-16T23:27:25+02:00,[60],[9.139]
2026-07-16T23:27:26+02:00,[60],[9.097]
2026-07-16T23:27:27+02:00,[60],[9.103]
2026-07-16T23:27:28+02:00,[60],[9.071]
2026-07-16T23:27:29+02:00,[60],[8.968]
2026-07-16T23:27:30+02:00,[60],[8.901]
2026-07-16T23:27:31+02:00,[60],[8.742]
2026-07-16T23:27:32+02:00,[60],[8.547]
2026-07-16T23:27:33+02:00,[60],[8.495]
2026-07-16T23:27:34+02:00,[60],[8.495]
2026-07-16T23:27:35+02:00,[60],[8.383]
2026-07-16T23:27:36+02:00,[60],[8.21]
2026-07-16T23:27:37+02:00,[60],[8.21]
2026-07-16T23:27:38+02:00,[60],[8.132]
2026-07-16T23:27:39+02:00,[60],[8.132]
2026-07-16T23:27:40+02:00,[60],[8.09]
2026-07-16T23:27:41+02:00,[60],[8.129]
2026-07-16T23:27:42+02:00,[60],[8.223]
2026-07-16T23:27:43+02:00,[60],[8.305]
2026-07-16T23:27:44+02:00,[60],[8.552]
2026-07-16T23:27:45+02:00,[60],[8.537]
2026-07-16T23:27:46+02:00,[60],[8.429]
2026-07-16T23:27:47+02:00,[60],[8.345]
2026-07-16T23:27:48+02:00,[60],[8.3]
2026-07-16T23:27:49+02:00,[60],[8.3]
2026-07-16T23:27:50+02:00,[60],[8.249]
2026-07-16T23:27:51+02:00,[60],[8.249]
2026-07-16T23:27:52+02:00,[60],[8.178]
2026-07-16T23:27:53+02:00,[60],[8.218]
2026-07-16T23:27:54+02:00,[60],[8.273]
2026-07-16T23:27:55+02:00,[60],[8.109]
2026-07-16T23:27:56+02:00,[60],[7.973]
2026-07-16T23:27:57+02:00,[60],[7.97]
2026-07-16T23:27:58+02:00,[60],[7.875]
2026-07-16T23:27:59+02:00,[60],[7.841]
2026-07-16T23:28:00+02:00,[60],[7.773]
2026-07-16T23:28:01+02:00,[60],[7.773]
2026-07-16T23:28:02+02:00,[60],[7.705]
2026-07-16T23:28:03+02:00,[60],[7.705]
2026-07-16T23:28:04+02:00,[60],[7.583]
2026-07-16T23:28:05+02:00,[60],[7.583]
2026-07-16T23:28:06+02:00,[60],[7.488]
2026-07-16T23:28:07+02:00,[60],[7.387]
2026-07-16T23:28:08+02:00,[60],[7.363]
2026-07-16T23:28:09+02:00,[60],[7.363]
2026-07-16T23:28:10+02:00,[60],[7.311]
2026-07-16T23:28:11+02:00,[60],[7.311]
2026-07-16T23:28:12+02:00,[60],[7.311]
2026-07-16T23:28:13+02:00,[60],[7.257]
2026-07-16T23:28:14+02:00,[60],[7.257]
2026-07-16T23:28:15+02:00,[60],[7.21]
2026-07-16T23:28:16+02:00,[60],[7.176]
2026-07-16T23:28:17+02:00,[60],[7.177]
2026-07-16T23:28:18+02:00,[60],[7.198]
2026-07-16T23:28:19+02:00,[60],[7.128]
2026-07-16T23:28:20+02:00,[60],[7.087]
2026-07-16T23:28:21+02:00,[60],[7.018]
2026-07-16T23:28:22+02:00,[60],[6.921]
2026-07-16T23:28:23+02:00,[60],[6.921]
2026-07-16T23:28:24+02:00,[60],[6.94]
2026-07-16T23:28:25+02:00,[60],[6.822]
2026-07-16T23:28:26+02:00,[60],[6.747]
2026-07-16T23:28:27+02:00,[60],[6.717]
2026-07-16T23:28:28+02:00,[60],[6.721]
2026-07-16T23:28:29+02:00,[60],[6.721]
2026-07-16T23:28:30+02:00,[60],[6.683]
2026-07-16T23:28:31+02:00,[60],[6.683]
2026-07-16T23:28:32+02:00,[60],[6.706]
2026-07-16T23:28:33+02:00,[60],[6.643]
2026-07-16T23:28:34+02:00,[60],[6.595]
2026-07-16T23:28:35+02:00,[60],[6.647]
2026-07-16T23:28:36+02:00,[60],[6.647]
2026-07-16T23:28:37+02:00,[60],[6.571]
2026-07-16T23:28:38+02:00,[60],[6.552]
2026-07-16T23:28:39+02:00,[60],[6.552]
2026-07-16T23:28:40+02:00,[60],[6.598]
2026-07-16T23:28:41+02:00,[60],[6.63]
2026-07-16T23:28:42+02:00,[60],[6.595]
2026-07-16T23:28:43+02:00,[60],[6.595]
2026-07-16T23:28:44+02:00,[60],[6.606]
2026-07-16T23:28:45+02:00,[60],[6.708]
2026-07-16T23:28:46+02:00,[60],[6.726]
2026-07-16T23:28:47+02:00,[60],[6.815]
2026-07-16T23:28:48+02:00,[60],[6.868]
2026-07-16T23:28:49+02:00,[60],[6.813]
2026-07-16T23:28:50+02:00,[60],[6.757]
2026-07-16T23:28:51+02:00,[60],[6.647]
2026-07-16T23:28:52+02:00,[60],[6.509]
2026-07-16T23:28:53+02:00,[60],[6.509]
2026-07-16T23:28:54+02:00,[60],[6.509]
2026-07-16T23:28:55+02:00,[60],[6.508]
2026-07-16T23:28:56+02:00,[60],[6.508]
2026-07-16T23:28:57+02:00,[60],[6.65]
2026-07-16T23:28:58+02:00,[60],[6.753]
2026-07-16T23:28:59+02:00,[60],[6.861]
2026-07-16T23:29:00+02:00,[60],[6.836]
2026-07-16T23:29:01+02:00,[60],[6.854]
2026-07-16T23:29:02+02:00,[60],[6.834]
2026-07-16T23:29:03+02:00,[60],[6.862]
2026-07-16T23:29:04+02:00,[60],[6.846]
2026-07-16T23:29:05+02:00,[60],[6.862]
2026-07-16T23:29:06+02:00,[60],[6.869]
2026-07-16T23:29:07+02:00,[60],[7.014]
2026-07-16T23:29:08+02:00,[60],[7.073]
2026-07-16T23:29:09+02:00,[60],[6.981]
2026-07-16T23:29:10+02:00,[60],[6.882]
2026-07-16T23:29:11+02:00,[60],[6.988]
2026-07-16T23:29:12+02:00,[60],[7.076]
2026-07-16T23:29:13+02:00,[60],[7.113]
2026-07-16T23:29:14+02:00,[60],[7.167]
2026-07-16T23:29:15+02:00,[60],[7.126]
2026-07-16T23:29:16+02:00,[60],[7.063]
2026-07-16T23:29:17+02:00,[60],[6.909]
2026-07-16T23:29:18+02:00,[60],[6.912]
2026-07-16T23:29:19+02:00,[60],[6.875]
2026-07-16T23:29:20+02:00,[60],[6.807]
2026-07-16T23:29:21+02:00,[60],[6.896]
2026-07-16T23:29:22+02:00,[60],[6.854]
2026-07-16T23:29:23+02:00,[60],[6.97]
2026-07-16T23:29:24+02:00,[60],[7.025]
2026-07-16T23:29:25+02:00,[60],[7.014]
2026-07-16T23:29:26+02:00,[60],[7.043]
2026-07-16T23:29:27+02:00,[60],[6.983]
2026-07-16T23:29:28+02:00,[60],[7.008]
2026-07-16T23:29:29+02:00,[60],[7.026]
2026-07-16T23:29:30+02:00,[60],[7.013]
2026-07-16T23:29:31+02:00,[60],[6.953]
2026-07-16T23:29:32+02:00,[60],[6.935]
2026-07-16T23:29:33+02:00,[60],[6.824]
2026-07-16T23:29:34+02:00,[60],[6.75]
2026-07-16T23:29:35+02:00,[60],[6.734]
2026-07-16T23:29:36+02:00,[60],[6.798]
2026-07-16T23:29:37+02:00,[60],[6.734]
2026-07-16T23:29:38+02:00,[60],[6.689]
2026-07-16T23:29:39+02:00,[60],[6.643]
2026-07-16T23:29:40+02:00,[60],[6.735]
2026-07-16T23:29:41+02:00,[60],[6.706]
2026-07-16T23:29:42+02:00,[60],[6.716]
2026-07-16T23:29:43+02:00,[60],[6.721]
2026-07-16T23:29:44+02:00,[60],[6.631]
2026-07-16T23:29:45+02:00,[60],[6.558]
2026-07-16T23:29:46+02:00,[60],[6.52]
2026-07-16T23:29:47+02:00,[60],[6.587]
2026-07-16T23:29:48+02:00,[60],[6.632]
2026-07-16T23:29:49+02:00,[60],[6.651]
2026-07-16T23:29:50+02:00,[60],[6.665]
2026-07-16T23:29:51+02:00,[60],[6.626]
2026-07-16T23:29:52+02:00,[60],[6.811]
2026-07-16T23:29:53+02:00,[60],[6.813]
2026-07-16T23:29:54+02:00,[60],[6.846]
2026-07-16T23:29:55+02:00,[60],[6.822]
2026-07-16T23:29:56+02:00,[60],[6.85]
2026-07-16T23:29:57+02:00,[60],[6.827]
2026-07-16T23:29:58+02:00,[60],[6.862]
2026-07-16T23:29:59+02:00,[60],[7]
2026-07-16T23:30:00+02:00,[60],[7.191]
2026-07-16T23:30:01+02:00,[60],[7.237]
2026-07-16T23:30:02+02:00,[60],[7.289]
2026-07-16T23:30:03+02:00,[60],[7.396]
2026-07-16T23:30:04+02:00,[60],[7.512]
2026-07-16T23:30:05+02:00,[60],[7.538]
2026-07-16T23:30:06+02:00,[60],[7.55]
2026-07-16T23:30:07+02:00,[60],[7.807]
2026-07-16T23:30:08+02:00,[60],[7.843]
2026-07-16T23:30:09+02:00,[60],[7.856]
2026-07-16T23:30:10+02:00,[60],[7.822]
2026-07-16T23:30:11+02:00,[60],[7.932]
2026-07-16T23:30:12+02:00,[60],[7.852]
2026-07-16T23:30:13+02:00,[60],[7.777]
2026-07-16T23:30:14+02:00,[60],[7.709]
2026-07-16T23:30:15+02:00,[60],[7.732]
2026-07-16T23:30:16+02:00,[60],[7.635]
2026-07-16T23:30:17+02:00,[60],[7.618]
2026-07-16T23:30:18+02:00,[60],[7.658]
2026-07-16T23:30:19+02:00,[60],[7.708]
2026-07-16T23:30:20+02:00,[60],[7.782]
2026-07-16T23:30:21+02:00,[60],[7.824]
2026-07-16T23:30:22+02:00,[60],[7.785]
2026-07-16T23:30:23+02:00,[60],[7.892]
2026-07-16T23:30:24+02:00,[60],[7.772]
2026-07-16T23:30:25+02:00,[60],[7.783]
2026-07-16T23:30:26+02:00,[60],[7.76]
2026-07-16T23:30:27+02:00,[60],[7.749]
2026-07-16T23:30:28+02:00,[60],[7.629]
2026-07-16T23:30:29+02:00,[60],[7.548]
2026-07-16T23:30:30+02:00,[60],[7.556]
2026-07-16T23:30:31+02:00,[60],[7.421]
2026-07-16T23:30:32+02:00,[60],[7.343]
2026-07-16T23:30:33+02:00,[60],[7.263]
2026-07-16T23:30:34+02:00,[60],[7.234]
2026-07-16T23:30:35+02:00,[60],[7.281]
2026-07-16T23:30:36+02:00,[60],[7.234]
2026-07-16T23:30:37+02:00,[60],[7.202]
2026-07-16T23:30:38+02:00,[60],[7.143]
2026-07-16T23:30:39+02:00,[60],[7.037]
2026-07-16T23:30:40+02:00,[60],[6.947]
2026-07-16T23:30:41+02:00,[60],[7.024]
2026-07-16T23:30:42+02:00,[60],[7.13]
2026-07-16T23:30:43+02:00,[60],[7.23]
2026-07-16T23:30:44+02:00,[60],[7.303]
2026-07-16T23:30:45+02:00,[60],[7.311]
2026-07-16T23:30:46+02:00,[60],[7.604]
2026-07-16T23:30:47+02:00,[60],[7.529]
2026-07-16T23:30:48+02:00,[60],[7.462]
2026-07-16T23:30:49+02:00,[60],[7.429]
2026-07-16T23:30:50+02:00,[60],[7.394]
2026-07-16T23:30:51+02:00,[60],[7.414]
2026-07-16T23:30:52+02:00,[60],[7.48]
2026-07-16T23:30:53+02:00,[60],[7.508]
2026-07-16T23:30:54+02:00,[60],[7.412]
2026-07-16T23:30:55+02:00,[60],[7.427]
2026-07-16T23:30:56+02:00,[60],[7.507]
2026-07-16T23:30:57+02:00,[60],[7.633]
2026-07-16T23:30:58+02:00,[60],[7.617]
2026-07-16T23:30:59+02:00,[60],[7.644]
2026-07-16T23:31:00+02:00,[60],[7.648]
2026-07-16T23:31:01+02:00,[60],[7.498]
2026-07-16T23:31:02+02:00,[60],[7.584]
2026-07-16T23:31:03+02:00,[60],[7.625]
2026-07-16T23:31:04+02:00,[60],[7.673]
2026-07-16T23:31:05+02:00,[60],[7.754]
2026-07-16T23:31:06+02:00,[60],[7.785]
2026-07-16T23:31:07+02:00,[60],[7.771]
2026-07-16T23:31:08+02:00,[60],[7.942]
2026-07-16T23:31:09+02:00,[60],[8.076]
2026-07-16T23:31:10+02:00,[60],[8.112]
2026-07-16T23:31:11+02:00,[60],[8.135]
2026-07-16T23:31:12+02:00,[60],[8.135]
2026-07-16T23:31:13+02:00,[60],[8.154]
2026-07-16T23:31:14+02:00,[60],[8.058]
2026-07-16T23:31:15+02:00,[60],[8.085]
2026-07-16T23:31:16+02:00,[60],[8.039]
2026-07-16T23:31:17+02:00,[60],[8.115]
2026-07-16T23:31:18+02:00,[60],[8.007]
2026-07-16T23:31:19+02:00,[60],[7.959]
2026-07-16T23:31:20+02:00,[60],[7.873]
2026-07-16T23:31:21+02:00,[60],[7.811]
2026-07-16T23:31:22+02:00,[60],[7.881]
2026-07-16T23:31:23+02:00,[60],[8.164]
2026-07-16T23:31:24+02:00,[60],[8.229]
2026-07-16T23:31:25+02:00,[60],[8.177]
2026-07-16T23:31:26+02:00,[60],[8.188]
2026-07-16T23:31:27+02:00,[60],[8.357]
2026-07-16T23:31:28+02:00,[60],[8.273]
2026-07-16T23:31:29+02:00,[60],[8.367]
2026-07-16T23:31:30+02:00,[60],[8.351]
2026-07-16T23:31:31+02:00,[60],[8.246]
2026-07-16T23:31:32+02:00,[60],[8.334]
2026-07-16T23:31:33+02:00,[60],[8.434]
2026-07-16T23:31:34+02:00,[60],[8.332]
2026-07-16T23:31:35+02:00,[60],[8.163]
2026-07-16T23:31:36+02:00,[60],[8.103]
2026-07-16T23:31:37+02:00,[60],[8.009]
2026-07-16T23:31:38+02:00,[60],[7.918]
2026-07-16T23:31:39+02:00,[60],[7.8]
2026-07-16T23:31:40+02:00,[60],[7.699]
2026-07-16T23:31:41+02:00,[60],[7.716]
2026-07-16T23:31:42+02:00,[60],[7.732]
2026-07-16T23:31:43+02:00,[60],[7.883]
2026-07-16T23:31:44+02:00,[60],[7.945]
2026-07-16T23:31:45+02:00,[60],[7.903]
2026-07-16T23:31:46+02:00,[60],[7.987]
2026-07-16T23:31:47+02:00,[60],[8.127]
2026-07-16T23:31:48+02:00,[60],[8.439]
2026-07-16T23:31:49+02:00,[60],[8.371]
2026-07-16T23:31:50+02:00,[60],[8.3]
2026-07-16T23:31:51+02:00,[60],[8.228]
2026-07-16T23:31:52+02:00,[60],[8.457]
2026-07-16T23:31:53+02:00,[60],[8.445]
2026-07-16T23:31:54+02:00,[60],[8.546]
2026-07-16T23:31:55+02:00,[60],[8.446]
2026-07-16T23:31:56+02:00,[60],[8.418]
2026-07-16T23:31:57+02:00,[60],[8.425]
2026-07-16T23:31:58+02:00,[60],[8.412]
2026-07-16T23:31:59+02:00,[60],[8.469]
2026-07-16T23:32:00+02:00,[60],[8.452]
2026-07-16T23:32:01+02:00,[60],[8.41]
2026-07-16T23:32:02+02:00,[60],[8.494]
2026-07-16T23:32:03+02:00,[60],[8.525]
2026-07-16T23:32:04+02:00,[60],[8.617]
2026-07-16T23:32:05+02:00,[60],[8.669]
2026-07-16T23:32:06+02:00,[60],[8.602]
2026-07-16T23:32:07+02:00,[60],[8.573]
2026-07-16T23:32:08+02:00,[60],[8.544]
2026-07-16T23:32:09+02:00,[60],[8.626]
2026-07-16T23:32:10+02:00,[60],[8.499]
2026-07-16T23:32:11+02:00,[60],[8.411]
2026-07-16T23:32:12+02:00,[60],[8.361]
2026-07-16T23:32:13+02:00,[60],[8.447]
2026-07-16T23:32:14+02:00,[60],[8.353]
2026-07-16T23:32:15+02:00,[60],[8.311]
2026-07-16T23:32:16+02:00,[60],[8.267]
2026-07-16T23:32:17+02:00,[60],[8.209]
2026-07-16T23:32:18+02:00,[60],[8.246]
2026-07-16T23:32:19+02:00,[60],[8.254]
2026-07-16T23:32:20+02:00,[60],[8.135]
2026-07-16T23:32:21+02:00,[60],[8.206]
2026-07-16T23:32:22+02:00,[60],[8.159]
2026-07-16T23:32:23+02:00,[60],[8.14]
2026-07-16T23:32:24+02:00,[60],[8.077]
2026-07-16T23:32:25+02:00,[60],[8.006]
2026-07-16T23:32:26+02:00,[60],[8.023]
2026-07-16T23:32:27+02:00,[60],[8.039]
2026-07-16T23:32:28+02:00,[60],[8.026]
2026-07-16T23:32:29+02:00,[60],[8.242]
2026-07-16T23:32:30+02:00,[60],[8.295]
2026-07-16T23:32:31+02:00,[60],[8.296]
2026-07-16T23:32:32+02:00,[60],[8.302]
2026-07-16T23:32:33+02:00,[60],[8.154]
2026-07-16T23:32:34+02:00,[60],[8.02]
2026-07-16T23:32:35+02:00,[60],[7.966]
2026-07-16T23:32:36+02:00,[60],[7.938]
2026-07-16T23:32:37+02:00,[60],[7.897]
2026-07-16T23:32:38+02:00,[60],[7.717]
2026-07-16T23:32:39+02:00,[60],[7.628]
2026-07-16T23:32:40+02:00,[60],[7.575]
2026-07-16T23:32:41+02:00,[60],[7.508]
2026-07-16T23:32:42+02:00,[60],[7.486]
2026-07-16T23:32:43+02:00,[60],[7.491]
2026-07-16T23:32:44+02:00,[60],[7.537]
2026-07-16T23:32:45+02:00,[60],[7.484]
2026-07-16T23:32:46+02:00,[60],[7.462]
2026-07-16T23:32:47+02:00,[60],[7.385]
2026-07-16T23:32:48+02:00,[60],[7.34]
2026-07-16T23:32:49+02:00,[60],[7.376]
2026-07-16T23:32:50+02:00,[60],[7.386]
2026-07-16T23:32:51+02:00,[60],[7.354]
2026-07-16T23:32:52+02:00,[60],[7.25]
2026-07-16T23:32:53+02:00,[60],[7.244]
2026-07-16T23:32:54+02:00,[60],[7.307]
2026-07-16T23:32:55+02:00,[60],[7.323]
2026-07-16T23:32:56+02:00,[60],[7.29]
2026-07-16T23:32:57+02:00,[60],[7.137]
2026-07-16T23:32:58+02:00,[60],[6.978]
2026-07-16T23:32:59+02:00,[60],[6.999]
2026-07-16T23:33:00+02:00,[60],[7.044]
2026-07-16T23:33:01+02:00,[60],[7.015]
2026-07-16T23:33:02+02:00,[60],[7.004]
2026-07-16T23:33:03+02:00,[60],[7.052]
2026-07-16T23:33:04+02:00,[60],[7.07]
2026-07-16T23:33:05+02:00,[60],[7.117]
2026-07-16T23:33:06+02:00,[60],[7.152]
2026-07-16T23:33:07+02:00,[60],[7.111]
2026-07-16T23:33:08+02:00,[60],[7.21]
2026-07-16T23:33:09+02:00,[60],[7.215]
2026-07-16T23:33:10+02:00,[60],[7.331]
2026-07-16T23:33:11+02:00,[60],[7.243]
2026-07-16T23:33:12+02:00,[60],[7.243]
2026-07-16T23:33:13+02:00,[60],[7.233]
2026-07-16T23:33:14+02:00,[60],[7.229]
2026-07-16T23:33:15+02:00,[60],[7.337]
2026-07-16T23:33:16+02:00,[60],[7.372]
2026-07-16T23:33:17+02:00,[60],[7.522]
2026-07-16T23:33:18+02:00,[60],[7.737]
2026-07-16T23:33:19+02:00,[60],[8.058]
2026-07-16T23:33:20+02:00,[60],[8.01]
2026-07-16T23:33:21+02:00,[60],[8.073]
2026-07-16T23:33:22+02:00,[60],[8.156]
2026-07-16T23:33:23+02:00,[60],[8.209]
2026-07-16T23:33:24+02:00,[60],[8.212]
2026-07-16T23:33:25+02:00,[60],[8.363]
2026-07-16T23:33:26+02:00,[60],[8.447]
2026-07-16T23:33:27+02:00,[60],[8.46]
2026-07-16T23:33:28+02:00,[60],[8.776]
2026-07-16T23:33:29+02:00,[60],[8.914]
2026-07-16T23:33:30+02:00,[60],[8.907]
2026-07-16T23:33:31+02:00,[60],[8.872]
2026-07-16T23:33:32+02:00,[60],[8.752]
2026-07-16T23:33:33+02:00,[60],[8.739]
2026-07-16T23:33:34+02:00,[60],[8.838]
2026-07-16T23:33:35+02:00,[60],[8.837]
2026-07-16T23:33:36+02:00,[60],[8.836]
2026-07-16T23:33:37+02:00,[60],[8.902]
2026-07-16T23:33:38+02:00,[60],[8.88]
2026-07-16T23:33:39+02:00,[60],[8.996]
2026-07-16T23:33:40+02:00,[60],[8.924]
2026-07-16T23:33:41+02:00,[60],[8.95]
2026-07-16T23:33:42+02:00,[60],[9.017]
2026-07-16T23:33:43+02:00,[60],[9.048]
2026-07-16T23:33:44+02:00,[60],[9.036]
2026-07-16T23:33:45+02:00,[60],[8.952]
2026-07-16T23:33:46+02:00,[60],[8.921]
2026-07-16T23:33:47+02:00,[60],[9.055]
2026-07-16T23:33:48+02:00,[60],[9.133]
2026-07-16T23:33:49+02:00,[60],[9.1]
2026-07-16T23:33:50+02:00,[60],[9.056]
2026-07-16T23:33:51+02:00,[60],[9.106]
2026-07-16T23:33:52+02:00,[60],[9.209]
2026-07-16T23:33:53+02:00,[60],[9.281]
2026-07-16T23:33:54+02:00,[60],[9.33]
2026-07-16T23:33:55+02:00,[60],[9.403]
2026-07-16T23:33:56+02:00,[60],[9.342]
2026-07-16T23:33:57+02:00,[60],[9.297]
2026-07-16T23:33:58+02:00,[60],[9.274]
2026-07-16T23:33:59+02:00,[60],[9.25]
2026-07-16T23:34:00+02:00,[60],[9.124]
2026-07-16T23:34:01+02:00,[60],[9.123]
2026-07-16T23:34:02+02:00,[60],[9.089]
2026-07-16T23:34:03+02:00,[60],[8.918]
2026-07-16T23:34:04+02:00,[60],[8.813]
2026-07-16T23:34:05+02:00,[60],[8.748]
2026-07-16T23:34:06+02:00,[60],[8.659]
2026-07-16T23:34:07+02:00,[60],[8.783]
2026-07-16T23:34:08+02:00,[60],[8.841]
2026-07-16T23:34:09+02:00,[60],[8.889]
2026-07-16T23:34:10+02:00,[60],[8.964]
2026-07-16T23:34:11+02:00,[60],[8.978]
2026-07-16T23:34:12+02:00,[60],[8.899]
2026-07-16T23:34:13+02:00,[60],[8.896]
2026-07-16T23:34:14+02:00,[60],[8.828]
2026-07-16T23:34:15+02:00,[60],[8.914]
2026-07-16T23:34:16+02:00,[60],[8.749]
2026-07-16T23:34:17+02:00,[60],[8.724]
2026-07-16T23:34:18+02:00,[60],[8.732]
2026-07-16T23:34:19+02:00,[60],[8.671]
2026-07-16T23:34:20+02:00,[60],[8.666]
2026-07-16T23:34:21+02:00,[60],[8.563]
2026-07-16T23:34:22+02:00,[60],[8.592]
2026-07-16T23:34:23+02:00,[60],[8.486]
2026-07-16T23:34:24+02:00,[60],[8.426]
2026-07-16T23:34:25+02:00,[60],[8.371]
2026-07-16T23:34:26+02:00,[60],[8.488]
2026-07-16T23:34:27+02:00,[60],[8.474]
2026-07-16T23:34:28+02:00,[60],[8.494]
2026-07-16T23:34:29+02:00,[60],[8.57]
2026-07-16T23:34:30+02:00,[60],[8.667]
2026-07-16T23:34:31+02:00,[60],[8.769]
2026-07-16T23:34:32+02:00,[60],[8.828]
2026-07-16T23:34:33+02:00,[60],[8.866]
2026-07-16T23:34:34+02:00,[60],[8.818]
2026-07-16T23:34:35+02:00,[60],[8.873]
2026-07-16T23:34:36+02:00,[60],[8.899]
2026-07-16T23:34:37+02:00,[60],[8.961]
2026-07-16T23:34:38+02:00,[60],[8.942]
2026-07-16T23:34:39+02:00,[60],[9.267]
2026-07-16T23:34:40+02:00,[60],[9.32]
2026-07-16T23:34:41+02:00,[60],[9.469]
2026-07-16T23:34:42+02:00,[60],[9.364]
2026-07-16T23:34:43+02:00,[60],[9.311]
2026-07-16T23:34:44+02:00,[60],[9.275]
2026-07-16T23:34:45+02:00,[60],[9.19]
2026-07-16T23:34:46+02:00,[60],[9.225]
2026-07-16T23:34:47+02:00,[60],[9.381]
2026-07-16T23:34:48+02:00,[60],[9.217]
2026-07-16T23:34:49+02:00,[60],[9.115]
2026-07-16T23:34:50+02:00,[60],[9.048]
2026-07-16T23:34:51+02:00,[60],[9.207]
2026-07-16T23:34:52+02:00,[60],[9.073]
2026-07-16T23:34:53+02:00,[60],[9.187]
2026-07-16T23:34:54+02:00,[60],[9.037]
2026-07-16T23:34:55+02:00,[60],[9.095]
2026-07-16T23:34:56+02:00,[60],[9.151]
2026-07-16T23:34:57+02:00,[60],[9.216]
2026-07-16T23:34:58+02:00,[60],[9.046]
2026-07-16T23:34:59+02:00,[60],[8.934]
2026-07-16T23:35:00+02:00,[60],[8.903]
2026-07-16T23:35:01+02:00,[60],[8.783]
2026-07-16T23:35:02+02:00,[60],[8.782]
2026-07-16T23:35:03+02:00,[60],[8.777]
2026-07-16T23:35:04+02:00,[60],[8.804]
2026-07-16T23:35:05+02:00,[60],[8.69]
2026-07-16T23:35:06+02:00,[60],[8.602]
2026-07-16T23:35:07+02:00,[60],[8.717]
2026-07-16T23:35:08+02:00,[60],[8.846]
2026-07-16T23:35:09+02:00,[60],[8.968]
2026-07-16T23:35:10+02:00,[60],[8.899]
2026-07-16T23:35:11+02:00,[60],[8.926]
2026-07-16T23:35:12+02:00,[60],[8.964]
2026-07-16T23:35:13+02:00,[60],[9.126]
2026-07-16T23:35:14+02:00,[60],[9.05]
2026-07-16T23:35:15+02:00,[60],[9.094]
2026-07-16T23:35:16+02:00,[60],[9.075]
2026-07-16T23:35:17+02:00,[60],[9.081]
2026-07-16T23:35:18+02:00,[60],[9.264]
2026-07-16T23:35:19+02:00,[60],[9.485]
2026-07-16T23:35:20+02:00,[60],[9.661]
2026-07-16T23:35:21+02:00,[60],[9.695]
2026-07-16T23:35:22+02:00,[60],[9.666]
2026-07-16T23:35:23+02:00,[60],[9.698]
2026-07-16T23:35:24+02:00,[60],[9.561]
2026-07-16T23:35:25+02:00,[60],[9.446]
2026-07-16T23:35:26+02:00,[60],[9.282]
2026-07-16T23:35:27+02:00,[60],[9.253]
2026-07-16T23:35:28+02:00,[60],[9.193]
2026-07-16T23:35:29+02:00,[60],[9.244]
2026-07-16T23:35:30+02:00,[60],[9.188]
2026-07-16T23:35:31+02:00,[60],[9.146]
2026-07-16T23:35:32+02:00,[60],[9.188]
2026-07-16T23:35:33+02:00,[60],[9.206]
2026-07-16T23:35:34+02:00,[60],[9.114]
2026-07-16T23:35:35+02:00,[60],[9.234]
2026-07-16T23:35:36+02:00,[60],[9.375]
2026-07-16T23:35:37+02:00,[60],[9.21]
2026-07-16T23:35:38+02:00,[60],[9.128]
2026-07-16T23:35:39+02:00,[60],[9.013]
2026-07-16T23:35:40+02:00,[60],[9.122]
2026-07-16T23:35:41+02:00,[60],[9.115]
2026-07-16T23:35:42+02:00,[60],[8.934]
2026-07-16T23:35:43+02:00,[60],[8.973]
2026-07-16T23:35:44+02:00,[60],[9.087]
2026-07-16T23:35:45+02:00,[60],[9.051]
2026-07-16T23:35:46+02:00,[60],[8.992]
2026-07-16T23:35:47+02:00,[60],[8.85]
2026-07-16T23:35:48+02:00,[60],[8.697]
2026-07-16T23:35:49+02:00,[60],[8.673]
2026-07-16T23:35:50+02:00,[60],[8.654]
2026-07-16T23:35:51+02:00,[60],[8.706]
2026-07-16T23:35:52+02:00,[60],[8.764]
2026-07-14T02:59:09+02:00,[60],[25.595]
2026-07-14T02:59:14+02:00,[60],[16.271]
2026-07-14T02:59:16+02:00,[60],[12.64]
2026-07-14T02:59:18+02:00,[60],[7.839]
2026-07-14T02:59:21+02:00,[60],[5.854]
2026-07-14T02:59:25+02:00,[60],[6.277]
2026-07-14T02:59:29+02:00,[60],[4.749]
2026-07-14T02:59:32+02:00,[60],[4.749]
2026-07-14T02:59:36+02:00,[60],[4.749]
2026-07-14T02:59:41+02:00,[60],[4.749]
2026-07-14T02:59:47+02:00,[60],[3.502]
2026-07-14T02:59:52+02:00,[60],[3.396]
2026-07-14T02:59:56+02:00,[60],[3.236]
2026-07-14T03:00:00+02:00,[60],[3.162]
2026-07-14T03:00:06+02:00,[60],[3.377]
2026-07-14T03:00:11+02:00,[60],[3.733]
2026-07-14T03:00:16+02:00,[60],[3.818]
2026-07-14T03:00:21+02:00,[60],[4.11]
2026-07-14T03:00:26+02:00,[60],[4.404]
2026-07-14T03:00:31+02:00,[60],[4.189]
2026-07-14T03:00:37+02:00,[60],[3.902]
2026-07-14T03:00:42+02:00,[60],[3.559]
2026-07-14T03:00:48+02:00,[60],[3.612]
2026-07-14T03:00:54+02:00,[60],[3.522]
2026-07-14T03:00:59+02:00,[60],[3.606]
2026-07-14T03:01:06+02:00,[60],[3.596]
2026-07-14T03:01:13+02:00,[60],[3.713]
2026-07-14T03:01:34+02:00,[60],[7.752]
2026-07-14T03:01:40+02:00,[60],[7.856]
2026-07-14T03:01:46+02:00,[60],[6.915]
2026-07-14T03:01:52+02:00,[60],[5.792]
2026-07-14T03:02:16+02:00,[60],[8.864]
2026-07-14T03:02:22+02:00,[60],[9.262]
2026-07-14T03:02:28+02:00,[60],[7.796]
2026-07-14T03:02:33+02:00,[60],[6.853]
2026-07-14T03:02:38+02:00,[60],[6.508]
2026-07-14T03:02:43+02:00,[60],[6.007]
2026-07-14T03:02:48+02:00,[60],[5.918]
2026-07-14T03:02:52+02:00,[60],[6.102]
2026-07-14T03:02:56+02:00,[60],[6.219]
2026-07-14T03:03:00+02:00,[60],[6.02]
2026-07-14T03:03:04+02:00,[60],[5.824]
2026-07-14T03:03:09+02:00,[60],[5.587]
2026-07-14T03:03:14+02:00,[60],[5.242]
2026-07-14T03:03:19+02:00,[60],[5.125]
2026-07-14T03:03:24+02:00,[60],[4.948]
2026-07-14T03:03:29+02:00,[60],[4.578]
2026-07-14T03:03:36+02:00,[60],[4.075]
2026-07-14T03:03:40+02:00,[60],[3.941]
2026-07-14T03:03:45+02:00,[60],[3.873]
2026-07-14T03:03:50+02:00,[60],[3.53]
2026-07-14T03:03:56+02:00,[60],[3.637]
2026-07-14T03:04:00+02:00,[60],[3.568]
2026-07-14T03:04:05+02:00,[60],[3.648]
2026-07-14T03:04:10+02:00,[60],[3.644]
2026-07-14T03:04:15+02:00,[60],[3.788]
2026-07-14T03:04:19+02:00,[60],[3.98]
2026-07-14T03:04:24+02:00,[60],[4.07]
2026-07-14T03:04:41+02:00,[60],[6.708]
2026-07-14T03:04:46+02:00,[60],[6.691]
2026-07-14T03:04:51+02:00,[60],[5.986]
2026-07-14T03:04:56+02:00,[60],[5.578]
2026-07-14T03:05:02+02:00,[60],[5.491]
2026-07-14T03:05:07+02:00,[60],[5.495]
2026-07-14T03:05:12+02:00,[60],[5.331]
2026-07-14T03:05:17+02:00,[60],[5.381]
2026-07-14T03:05:21+02:00,[60],[5.347]
2026-07-14T03:05:26+02:00,[60],[4.859]
2026-07-14T03:05:30+02:00,[60],[4.701]
2026-07-14T03:05:34+02:00,[60],[4.53]
2026-07-14T03:05:38+02:00,[60],[4.448]
2026-07-14T03:05:43+02:00,[60],[4.408]
2026-07-14T03:05:47+02:00,[60],[4.229]
2026-07-14T03:05:52+02:00,[60],[4.226]
2026-07-14T03:05:57+02:00,[60],[4.264]
2026-07-14T03:06:01+02:00,[60],[4.407]
2026-07-14T03:06:06+02:00,[60],[4.712]
2026-07-14T03:06:11+02:00,[60],[5.083]
2026-07-14T03:06:15+02:00,[60],[5.264]
2026-07-14T03:06:20+02:00,[60],[5.337]
2026-07-14T03:06:25+02:00,[60],[5.652]
2026-07-14T03:06:30+02:00,[60],[6.134]
2026-07-14T03:06:36+02:00,[60],[6.566]
2026-07-14T03:06:40+02:00,[60],[6.695]
2026-07-14T03:06:46+02:00,[60],[6.904]
2026-07-14T03:06:50+02:00,[60],[7.611]
2026-07-14T03:06:55+02:00,[60],[7.473]
2026-07-14T03:07:09+02:00,[60],[6.816]
2026-07-14T03:07:15+02:00,[60],[6.194]
2026-07-14T03:07:18+02:00,[60],[6.033]
2026-07-14T03:07:24+02:00,[60],[5.305]
2026-07-14T03:07:27+02:00,[60],[5.059]
2026-07-14T03:07:31+02:00,[60],[4.945]
2026-07-14T03:07:34+02:00,[60],[4.731]
2026-07-14T03:07:37+02:00,[60],[4.628]
2026-07-14T03:07:41+02:00,[60],[4.355]
2026-07-14T03:07:47+02:00,[60],[4.23]
2026-07-14T03:07:52+02:00,[60],[4.141]
2026-07-14T03:24:00+02:00,[60],[7.535]
2026-07-14T03:24:12+02:00,[60],[6.339]
2026-07-14T03:24:16+02:00,[60],[5.903]
2026-07-14T03:24:20+02:00,[60],[5.462]
2026-07-14T03:24:26+02:00,[60],[5.138]
2026-07-14T03:24:31+02:00,[60],[5.071]
2026-07-14T03:24:35+02:00,[60],[5.432]
2026-07-14T03:24:41+02:00,[60],[5.602]
2026-07-14T03:24:46+02:00,[60],[5.643]
2026-07-14T03:24:50+02:00,[60],[5.683]
2026-07-14T03:24:55+02:00,[60],[5.825]
2026-07-14T03:25:00+02:00,[60],[5.819]
2026-07-14T03:25:04+02:00,[60],[5.911]
2026-07-14T03:25:09+02:00,[60],[5.804]
2026-07-14T03:25:14+02:00,[60],[5.861]
2026-07-14T03:25:19+02:00,[60],[5.734]
2026-07-14T03:25:24+02:00,[60],[5.848]
2026-07-14T03:25:29+02:00,[60],[5.845]
2026-07-14T03:25:34+02:00,[60],[5.989]
2026-07-14T03:25:39+02:00,[60],[5.995]
2026-07-14T03:25:44+02:00,[60],[6.169]
2026-07-14T03:25:49+02:00,[60],[6.029]
2026-07-14T03:25:55+02:00,[60],[6.043]
2026-07-14T03:26:00+02:00,[60],[6.055]
2026-07-14T03:26:06+02:00,[60],[6.112]
2026-07-14T03:26:10+02:00,[60],[6.23]
2026-07-14T03:26:15+02:00,[60],[6.309]
2026-07-14T03:26:20+02:00,[60],[6.327]
2026-07-14T03:26:25+02:00,[60],[6.613]
2026-07-14T03:26:31+02:00,[60],[6.704]
2026-07-14T03:26:36+02:00,[60],[6.398]
2026-07-14T03:26:41+02:00,[60],[6.501]
2026-07-14T03:26:46+02:00,[60],[6.622]
2026-07-14T03:26:51+02:00,[60],[6.528]
2026-07-14T03:26:57+02:00,[60],[6.29]
2026-07-14T03:27:02+02:00,[60],[6.922]
2026-07-14T03:27:07+02:00,[60],[7.031]
2026-07-14T03:27:12+02:00,[60],[7.219]
2026-07-14T03:27:17+02:00,[60],[7.066]
2026-07-14T03:27:21+02:00,[60],[6.888]
2026-07-14T03:27:26+02:00,[60],[7.093]
2026-07-14T03:27:31+02:00,[60],[6.968]
2026-07-14T03:27:36+02:00,[60],[6.723]
2026-07-14T03:27:41+02:00,[60],[6.69]
2026-07-14T03:27:45+02:00,[60],[6.811]
2026-07-14T03:27:50+02:00,[60],[6.556]
2026-07-14T03:27:55+02:00,[60],[6.346]
2026-07-14T03:28:00+02:00,[60],[5.916]
2026-07-14T03:28:05+02:00,[60],[5.8]
2026-07-14T03:28:11+02:00,[60],[6.164]
2026-07-14T03:28:16+02:00,[60],[6.271]
2026-07-14T03:28:21+02:00,[60],[5.951]
2026-07-14T03:28:26+02:00,[60],[5.569]
2026-07-14T03:28:32+02:00,[60],[5.403]
2026-07-14T03:28:37+02:00,[60],[5.217]
2026-07-14T03:28:43+02:00,[60],[5.485]
2026-07-14T03:28:47+02:00,[60],[5.931]
2026-07-14T03:28:51+02:00,[60],[6.186]
2026-07-14T03:28:56+02:00,[60],[6.559]
2026-07-14T03:29:00+02:00,[60],[6.968]
2026-07-14T03:29:05+02:00,[60],[7.182]
2026-07-14T03:29:10+02:00,[60],[7.326]
2026-07-14T03:29:14+02:00,[60],[7.091]
2026-07-14T03:29:19+02:00,[60],[6.613]
2026-07-14T03:29:23+02:00,[60],[6.354]
2026-07-14T03:29:28+02:00,[60],[5.963]
2026-07-14T03:29:34+02:00,[60],[5.508]
2026-07-14T03:29:39+02:00,[60],[5.015]
2026-07-14T03:29:44+02:00,[60],[4.846]
2026-07-14T03:29:48+02:00,[60],[4.637]
2026-07-14T03:29:53+02:00,[60],[4.711]
2026-07-14T03:29:57+02:00,[60],[5.06]
2026-07-14T03:30:03+02:00,[60],[5.546]
2026-07-14T03:30:08+02:00,[60],[5.906]
2026-07-14T03:30:13+02:00,[60],[5.833]
2026-07-14T03:30:17+02:00,[60],[5.86]
2026-07-14T03:30:21+02:00,[60],[5.648]
2026-07-14T03:30:26+02:00,[60],[5.397]
2026-07-14T03:30:30+02:00,[60],[5.206]
2026-07-14T03:30:34+02:00,[60],[4.998]
2026-07-14T03:30:40+02:00,[60],[4.918]
2026-07-14T03:30:46+02:00,[60],[4.589]
2026-07-14T03:30:51+02:00,[60],[4.873]
2026-07-14T03:30:55+02:00,[60],[4.753]
2026-07-14T03:31:00+02:00,[60],[4.624]
2026-07-14T03:31:05+02:00,[60],[4.817]
2026-07-14T03:31:09+02:00,[60],[5.017]
2026-07-14T03:31:13+02:00,[60],[5.014]
2026-07-14T03:31:18+02:00,[60],[5.104]
2026-07-14T03:31:22+02:00,[60],[5.089]
2026-07-14T03:31:27+02:00,[60],[5.288]
2026-07-14T03:31:33+02:00,[60],[5.335]
2026-07-14T03:31:37+02:00,[60],[5.277]
2026-07-14T03:31:42+02:00,[60],[5.351]
2026-07-14T03:31:47+02:00,[60],[5.563]
2026-07-14T03:31:52+02:00,[60],[5.599]
2026-07-14T03:31:57+02:00,[60],[5.853]
2026-07-14T03:32:02+02:00,[60],[6.131]
2026-07-14T03:32:06+02:00,[60],[6.591]
2026-07-14T03:32:10+02:00,[60],[6.787]
2026-07-14T03:32:14+02:00,[60],[6.992]
2026-07-14T03:32:19+02:00,[60],[6.737]
2026-07-14T03:32:25+02:00,[60],[6.535]
2026-07-14T03:32:29+02:00,[60],[6.59]
2026-07-14T03:32:33+02:00,[60],[6.334]
2026-07-14T03:32:38+02:00,[60],[6.129]
2026-07-14T03:32:42+02:00,[60],[5.894]
2026-07-14T03:32:47+02:00,[60],[5.646]
2026-07-14T03:32:52+02:00,[60],[5.769]
2026-07-14T03:32:56+02:00,[60],[5.709]
2026-07-14T03:33:00+02:00,[60],[5.685]
2026-07-14T03:33:05+02:00,[60],[5.875]
2026-07-14T03:33:10+02:00,[60],[5.743]
2026-07-14T03:33:15+02:00,[60],[5.705]
2026-07-14T03:33:20+02:00,[60],[5.416]
2026-07-14T03:33:24+02:00,[60],[5.455]
2026-07-14T03:33:28+02:00,[60],[5.669]
2026-07-14T03:33:32+02:00,[60],[5.838]
2026-07-14T03:33:36+02:00,[60],[5.783]
2026-07-14T03:33:40+02:00,[60],[5.78]
2026-07-14T03:33:44+02:00,[60],[5.653]
2026-07-14T03:33:48+02:00,[60],[5.494]
2026-07-14T03:33:51+02:00,[60],[5.642]
2026-07-14T03:33:55+02:00,[60],[5.537]
2026-07-14T03:34:00+02:00,[60],[5.743]
2026-07-14T03:34:04+02:00,[60],[5.94]
2026-07-14T03:34:10+02:00,[60],[6.071]
2026-07-14T03:34:15+02:00,[60],[6.389]
2026-07-14T03:34:19+02:00,[60],[6.169]
2026-07-14T03:34:23+02:00,[60],[5.923]
2026-07-14T03:34:27+02:00,[60],[5.951]
2026-07-14T03:34:31+02:00,[60],[6.324]
2026-07-14T03:34:35+02:00,[60],[6.485]
2026-07-14T03:34:39+02:00,[60],[6.356]
2026-07-14T03:34:43+02:00,[60],[6.369]
2026-07-14T03:34:47+02:00,[60],[6.128]
2026-07-14T03:34:52+02:00,[60],[6.544]
2026-07-14T03:34:56+02:00,[60],[6.448]
2026-07-14T03:35:00+02:00,[60],[6.149]
2026-07-14T03:35:04+02:00,[60],[5.908]
2026-07-14T03:35:09+02:00,[60],[6.053]
2026-07-14T03:35:13+02:00,[60],[6.016]
2026-07-14T03:35:18+02:00,[60],[5.81]
2026-07-14T03:35:23+02:00,[60],[5.961]
2026-07-14T03:35:28+02:00,[60],[6.309]
2026-07-14T03:35:32+02:00,[60],[6.258]
2026-07-14T03:35:37+02:00,[60],[6.178]
2026-07-14T03:35:43+02:00,[60],[6.152]
2026-07-14T03:35:47+02:00,[60],[6.262]
2026-07-14T03:35:52+02:00,[60],[6.188]
2026-07-14T03:35:56+02:00,[60],[6.074]
2026-07-14T03:36:10+02:00,[60],[7.027]
2026-07-14T03:36:16+02:00,[60],[6.816]
2026-07-14T03:36:21+02:00,[60],[6.328]
2026-07-14T03:36:27+02:00,[60],[6.248]
2026-07-14T03:36:32+02:00,[60],[6.269]
2026-07-14T03:36:36+02:00,[60],[6.194]
2026-07-14T03:36:40+02:00,[60],[6.157]
2026-07-14T03:36:44+02:00,[60],[5.873]
2026-07-14T03:36:49+02:00,[60],[5.574]
2026-07-14T03:36:53+02:00,[60],[5.541]
2026-07-14T03:36:58+02:00,[60],[5.485]
2026-07-14T03:37:03+02:00,[60],[5.48]
2026-07-14T03:37:08+02:00,[60],[5.169]
2026-07-14T03:37:12+02:00,[60],[4.909]
2026-07-14T03:37:16+02:00,[60],[4.78]
2026-07-14T03:37:20+02:00,[60],[4.657]
2026-07-14T03:37:25+02:00,[60],[4.592]
2026-07-14T03:37:29+02:00,[60],[4.586]
2026-07-14T03:37:34+02:00,[60],[4.488]
2026-07-14T03:37:38+02:00,[60],[4.423]
2026-07-14T03:37:42+02:00,[60],[4.38]
2026-07-14T03:37:46+02:00,[60],[4.428]
2026-07-14T03:37:51+02:00,[60],[4.408]
2026-07-14T03:37:56+02:00,[60],[4.631]
2026-07-14T03:38:00+02:00,[60],[4.651]
2026-07-14T03:38:04+02:00,[60],[4.587]
2026-07-14T03:38:09+02:00,[60],[4.516]
2026-07-14T03:38:14+02:00,[60],[4.448]
2026-07-14T03:38:19+02:00,[60],[4.342]
2026-07-14T03:38:23+02:00,[60],[4.393]
2026-07-14T03:38:27+02:00,[60],[4.52]
2026-07-14T03:38:33+02:00,[60],[4.478]
2026-07-14T03:38:39+02:00,[60],[4.486]
2026-07-14T03:38:44+02:00,[60],[4.545]
2026-07-14T03:38:50+02:00,[60],[4.792]
2026-07-14T03:38:55+02:00,[60],[4.586]
2026-07-14T03:39:00+02:00,[60],[4.522]
2026-07-14T03:39:04+02:00,[60],[4.495]
2026-07-14T03:39:10+02:00,[60],[4.334]
2026-07-14T03:39:21+02:00,[60],[4.861]
2026-07-14T03:39:26+02:00,[60],[5.052]
2026-07-14T03:40:20+02:00,[60],[9.357]
2026-07-14T03:40:58+02:00,[60],[35]
2026-07-12T00:36:39+02:00,[60],[6.995]
2026-07-12T00:37:11+02:00,[60],[5]
2026-07-12T00:37:40+02:00,[60],[8.934]
2026-07-12T00:38:42+02:00,[60],[5]
2026-07-12T00:38:44+02:00,[60],[11.402]
2026-07-12T00:40:29+02:00,[60],[6.643]
2026-07-12T01:46:00+02:00,[60],[5]
2026-07-12T01:46:47+02:00,[60],[12.538]
2026-07-12T01:46:51+02:00,[60],[12.855]
2026-07-12T01:46:55+02:00,[60],[13.113]
2026-07-12T01:46:59+02:00,[60],[13.323]
2026-07-12T01:47:03+02:00,[60],[13.494]
2026-07-12T01:47:07+02:00,[60],[13.634]
2026-07-12T01:47:11+02:00,[60],[13.747]
2026-07-12T01:47:15+02:00,[60],[13.84]
2026-07-12T01:47:19+02:00,[60],[13.915]
2026-07-12T01:47:22+02:00,[60],[13.962]
2026-07-12T01:47:26+02:00,[60],[14.015]
2026-07-12T01:47:30+02:00,[60],[14.058]
2026-07-12T01:47:35+02:00,[60],[14.1]
2026-07-12T01:47:40+02:00,[60],[14.133]
2026-07-12T01:47:45+02:00,[60],[14.159]
2026-07-12T01:47:50+02:00,[60],[14.178]
2026-07-12T01:47:54+02:00,[60],[14.191]
2026-07-12T01:48:05+02:00,[60],[14.215]
2026-07-12T01:48:11+02:00,[60],[14.223]
2026-07-12T01:48:16+02:00,[60],[14.228]
2026-07-12T01:48:19+02:00,[60],[14.231]
2026-07-12T01:48:22+02:00,[60],[14.233]
2026-07-12T01:48:34+02:00,[60],[41.69]
2026-07-12T01:48:54+02:00,[60],[22.653]
2026-07-12T01:49:15+02:00,[60],[28.659]
2026-07-12T01:49:28+02:00,[60],[20.662]
2026-07-12T01:49:35+02:00,[60],[18.597]
2026-07-12T01:49:41+02:00,[60],[19.111]
2026-07-12T01:49:47+02:00,[60],[20.884]
2026-07-12T01:49:59+02:00,[60],[21.604]
2026-07-12T01:50:05+02:00,[60],[21.921]
2026-07-12T01:50:17+02:00,[60],[19.376]
2026-07-12T01:50:23+02:00,[60],[17.934]
2026-07-12T01:50:29+02:00,[60],[24.567]
2026-07-12T01:50:35+02:00,[60],[29.437]
2026-07-12T01:50:41+02:00,[60],[26.486]
2026-07-12T01:50:53+02:00,[60],[34.699]
2026-07-12T01:50:59+02:00,[60],[32.036]
2026-07-12T01:51:05+02:00,[60],[26.441]
2026-07-12T01:51:17+02:00,[60],[25.417]
2026-07-12T01:51:21+02:00,[60],[35.844]
2026-07-12T01:51:23+02:00,[60],[28.682]
2026-07-12T01:51:29+02:00,[60],[26.84]
2026-07-12T01:51:35+02:00,[60],[25.456]
2026-07-12T01:51:41+02:00,[60],[25.331]
2026-07-12T01:51:47+02:00,[60],[28.23]
2026-07-12T01:51:53+02:00,[60],[31.581]
2026-07-12T01:51:59+02:00,[60],[28.221]
2026-07-12T01:52:11+02:00,[60],[34.465]
2026-07-12T01:52:17+02:00,[60],[36.333]
2026-07-12T01:52:29+02:00,[60],[32.113]
2026-07-12T01:52:35+02:00,[60],[28.35]
2026-07-12T01:52:41+02:00,[60],[24.927]
2026-07-12T01:52:47+02:00,[60],[28.153]
2026-07-12T01:52:53+02:00,[60],[27.661]
2026-07-12T01:52:59+02:00,[60],[29.705]
2026-07-12T01:53:05+02:00,[60],[23.99]
2026-07-12T01:53:11+02:00,[60],[24.627]
2026-07-12T01:53:17+02:00,[60],[31.197]
2026-07-12T01:53:23+02:00,[60],[38.586]
2026-07-12T01:53:29+02:00,[60],[34.417]
2026-07-12T01:53:35+02:00,[60],[28.887]
2026-07-12T01:53:41+02:00,[60],[34.748]
2026-07-12T01:53:53+02:00,[60],[31.831]
2026-07-12T01:54:11+02:00,[60],[26.532]
2026-07-12T01:54:29+02:00,[60],[32.238]
2026-07-12T01:54:41+02:00,[60],[27.959]
2026-07-12T01:54:53+02:00,[60],[31.529]
2026-07-12T01:55:16+02:00,[60],[36.638]
2026-07-12T01:56:10+02:00,[60],[37.589]
2026-07-12T01:56:22+02:00,[60],[34.953]
2026-07-12T01:56:28+02:00,[60],[42.51]
2026-07-12T01:56:34+02:00,[60],[40.77]
2026-07-12T01:56:52+02:00,[60],[24.975]
2026-07-12T01:57:02+02:00,[60],[27.254]
2026-07-12T01:57:10+02:00,[60],[26.555]
2026-07-12T01:57:34+02:00,[60],[24.529]
2026-07-12T01:57:35+02:00,[60],[39.552]
2026-07-12T01:57:40+02:00,[60],[25.056]
2026-07-12T01:57:58+02:00,[60],[30.042]
2026-06-29T02:05:57+02:00,[60],[36.892]
2026-06-29T02:06:09+02:00,[60],[7.437]
2026-06-29T02:06:15+02:00,[60],[2.935]
2026-06-29T02:06:21+02:00,[60],[4.749]
2026-06-29T02:06:25+02:00,[60],[4.749]
2026-06-29T02:06:29+02:00,[60],[4.749]
2026-06-29T02:06:34+02:00,[60],[1.6]
2026-06-29T02:06:39+02:00,[60],[4.749]
2026-06-29T02:06:45+02:00,[60],[2.128]
2026-06-29T02:06:50+02:00,[60],[2.057]
2026-06-29T02:07:07+02:00,[60],[2.217]
2026-06-29T02:07:13+02:00,[60],[2.191]
2026-06-29T02:07:18+02:00,[60],[2.148]
2026-06-29T02:07:22+02:00,[60],[2.169]
2026-06-29T02:07:26+02:00,[60],[2.165]
2026-06-29T02:07:30+02:00,[60],[2.162]
2026-06-29T02:07:34+02:00,[60],[2.2]
2026-06-29T02:07:40+02:00,[60],[2.223]
2026-06-29T02:07:43+02:00,[60],[2.221]
2026-06-29T02:07:47+02:00,[60],[2.211]
2026-06-29T02:07:52+02:00,[60],[2.264]
2026-06-29T02:07:56+02:00,[60],[2.326]
2026-06-29T02:08:00+02:00,[60],[2.324]
2026-06-29T02:08:05+02:00,[60],[2.374]
2026-06-29T02:08:08+02:00,[60],[2.354]
2026-06-29T02:08:13+02:00,[60],[2.287]
2026-06-29T02:08:18+02:00,[60],[2.229]
2026-06-29T02:08:22+02:00,[60],[2.239]
2026-06-29T02:08:27+02:00,[60],[2.185]
2026-06-29T02:08:32+02:00,[60],[2.145]
2026-06-29T02:08:36+02:00,[60],[2.138]
2026-06-29T02:08:40+02:00,[60],[2.123]
2026-06-29T02:08:45+02:00,[60],[2.098]
2026-06-29T02:08:50+02:00,[60],[2.081]
2026-06-29T02:08:54+02:00,[60],[2.066]
2026-06-29T02:08:58+02:00,[60],[2.102]
2026-06-29T02:09:02+02:00,[60],[2.088]
2026-06-29T02:09:06+02:00,[60],[2.099]
2026-06-29T02:09:10+02:00,[60],[2.091]
2026-06-29T02:09:15+02:00,[60],[2.073]
2026-06-29T02:09:19+02:00,[60],[2.086]
2026-06-29T02:09:24+02:00,[60],[2.081]
2026-06-29T02:09:28+02:00,[60],[2.066]
2026-06-29T02:09:32+02:00,[60],[2.096]
2026-06-29T02:09:36+02:00,[60],[2.089]
2026-06-29T02:09:40+02:00,[60],[2.073]
2026-06-29T02:09:44+02:00,[60],[2.098]
2026-06-29T02:09:48+02:00,[60],[2.105]
2026-06-29T02:09:52+02:00,[60],[2.085]
2026-06-29T02:09:56+02:00,[60],[2.07]
2026-06-29T02:10:00+02:00,[60],[2.069]
2026-06-29T02:10:04+02:00,[60],[2.121]
2026-06-29T02:10:08+02:00,[60],[2.108]
2026-06-29T02:10:12+02:00,[60],[2.12]
2026-06-29T02:10:16+02:00,[60],[2.117]
2026-06-29T02:10:20+02:00,[60],[2.105]
2026-06-29T02:10:24+02:00,[60],[2.085]
2026-06-29T02:10:28+02:00,[60],[2.07]
2026-06-29T02:10:32+02:00,[60],[2.061]
2026-06-29T02:10:36+02:00,[60],[2.075]
2026-06-29T02:10:42+02:00,[60],[2.055]
2026-06-29T02:10:47+02:00,[60],[2.207]
2026-06-29T02:10:52+02:00,[60],[2.219]
2026-06-29T02:10:57+02:00,[60],[2.211]
2026-06-29T02:11:01+02:00,[60],[2.196]
2026-06-29T02:11:05+02:00,[60],[2.169]
2026-06-29T02:11:10+02:00,[60],[2.144]
2026-06-29T02:11:15+02:00,[60],[2.111]
2026-06-29T02:11:19+02:00,[60],[2.091]
2026-06-29T02:11:24+02:00,[60],[2.084]
2026-06-29T02:11:29+02:00,[60],[2.089]
2026-06-29T02:11:34+02:00,[60],[2.076]
2026-06-29T02:11:38+02:00,[60],[2.073]
2026-06-29T02:11:42+02:00,[60],[2.072]
2026-06-29T02:11:46+02:00,[60],[2.059]
2026-06-29T02:11:51+02:00,[60],[2.06]
2026-06-29T02:11:56+02:00,[60],[2.045]
2026-06-29T02:12:02+02:00,[60],[2.113]
2026-06-29T02:12:08+02:00,[60],[2.157]
2026-06-29T02:12:12+02:00,[60],[2.149]
2026-06-29T02:12:17+02:00,[60],[2.144]
2026-06-29T02:12:22+02:00,[60],[2.12]
2026-06-29T02:12:26+02:00,[60],[2.129]
2026-06-29T02:12:31+02:00,[60],[2.117]
2026-06-29T02:12:35+02:00,[60],[2.112]
2026-06-29T02:12:40+02:00,[60],[2.142]
2026-06-29T02:12:45+02:00,[60],[2.11]
2026-06-29T02:12:50+02:00,[60],[2.085]
2026-06-29T02:12:55+02:00,[60],[2.078]
2026-06-29T02:13:02+02:00,[60],[2.069]
2026-06-29T02:13:07+02:00,[60],[2.087]
2026-06-29T02:13:12+02:00,[60],[2.125]
2026-06-29T02:13:17+02:00,[60],[2.098]
2026-06-29T02:13:23+02:00,[60],[2.092]
2026-06-29T02:13:28+02:00,[60],[2.094]
2026-06-29T02:13:33+02:00,[60],[2.12]
2026-06-29T02:13:38+02:00,[60],[2.152]
2026-06-29T02:13:43+02:00,[60],[2.132]
2026-06-29T02:13:49+02:00,[60],[2.155]
2026-06-29T02:13:54+02:00,[60],[2.227]
2026-06-29T02:13:59+02:00,[60],[2.347]
2026-06-29T02:14:04+02:00,[60],[2.431]
2026-06-29T02:14:10+02:00,[60],[2.435]
2026-06-29T02:14:15+02:00,[60],[2.487]
2026-06-29T02:14:20+02:00,[60],[2.423]
2026-06-29T02:14:28+02:00,[60],[2.353]
2026-06-29T02:14:33+02:00,[60],[2.286]
2026-06-29T02:14:38+02:00,[60],[2.275]
2026-06-29T02:14:43+02:00,[60],[2.253]
2026-06-29T02:14:49+02:00,[60],[2.232]
2026-06-29T02:14:55+02:00,[60],[2.174]
2026-06-29T02:15:01+02:00,[60],[2.168]
2026-06-29T02:15:07+02:00,[60],[2.141]
2026-06-29T02:15:14+02:00,[60],[2.114]
2026-06-29T02:15:32+02:00,[60],[2.106]
2026-06-29T02:15:51+02:00,[60],[2.098]
2026-06-29T02:15:59+02:00,[60],[2.076]
2026-06-29T02:16:05+02:00,[60],[2.094]
2026-06-29T02:16:11+02:00,[60],[2.133]
2026-06-29T02:16:17+02:00,[60],[2.098]
2026-06-29T02:16:22+02:00,[60],[2.117]
2026-06-29T02:16:28+02:00,[60],[2.095]
2026-06-29T02:16:34+02:00,[60],[2.108]
2026-06-29T02:16:40+02:00,[60],[2.12]
2026-06-29T02:16:46+02:00,[60],[2.09]
2026-06-29T02:16:50+02:00,[60],[2.075]
2026-06-29T02:16:55+02:00,[60],[2.078]
2026-06-29T02:17:00+02:00,[60],[2.126]
2026-06-29T02:17:05+02:00,[60],[2.129]
2026-06-29T02:17:09+02:00,[60],[2.105]
2026-06-29T02:17:14+02:00,[60],[2.082]
2026-06-29T02:17:20+02:00,[60],[2.091]
2026-06-29T02:17:24+02:00,[60],[2.101]
2026-06-29T02:17:29+02:00,[60],[2.094]
2026-06-29T02:17:34+02:00,[60],[2.082]
2026-06-29T02:17:40+02:00,[60],[2.06]
2026-06-29T02:17:45+02:00,[60],[2.066]
2026-06-29T02:17:49+02:00,[60],[2.053]
2026-06-29T02:17:53+02:00,[60],[2.057]
2026-06-29T02:17:58+02:00,[60],[2.047]
2026-06-29T02:18:03+02:00,[60],[2.036]
2026-06-29T02:18:07+02:00,[60],[2.029]
2026-06-29T02:18:12+02:00,[60],[2.025]
2026-06-29T02:18:17+02:00,[60],[2.019]
2026-06-29T02:18:22+02:00,[60],[2.015]
2026-06-29T02:18:27+02:00,[60],[2.016]
2026-06-29T02:18:32+02:00,[60],[2.02]
2026-06-29T02:18:37+02:00,[60],[2.016]
2026-06-29T02:18:42+02:00,[60],[2.012]
2026-06-29T02:18:47+02:00,[60],[2.023]
2026-06-29T02:18:52+02:00,[60],[2.025]
2026-06-29T02:18:58+02:00,[60],[2.056]
2026-06-29T02:19:05+02:00,[60],[2.081]
2026-06-29T02:19:10+02:00,[60],[2.111]
2026-06-29T02:19:16+02:00,[60],[2.083]
2026-06-29T02:19:22+02:00,[60],[2.081]
2026-06-29T02:19:28+02:00,[60],[2.06]
2026-06-29T02:19:33+02:00,[60],[2.047]
2026-06-29T02:19:38+02:00,[60],[2.06]
2026-06-29T02:19:43+02:00,[60],[2.097]
2026-06-29T02:19:49+02:00,[60],[2.089]
2026-06-29T02:19:54+02:00,[60],[2.08]
2026-06-29T02:19:59+02:00,[60],[2.062]
2026-06-29T02:20:05+02:00,[60],[2.058]
2026-06-29T02:20:10+02:00,[60],[2.045]
2026-06-29T02:20:16+02:00,[60],[2.041]
2026-06-29T02:20:22+02:00,[60],[2.029]
2026-06-29T02:20:28+02:00,[60],[2.097]
2026-06-29T02:20:36+02:00,[60],[2.128]
2026-06-29T02:20:42+02:00,[60],[2.1]
2026-06-29T02:20:48+02:00,[60],[2.101]
2026-06-29T02:20:53+02:00,[60],[2.177]
2026-06-29T02:20:59+02:00,[60],[2.162]
2026-06-29T02:21:04+02:00,[60],[2.131]
2026-06-29T02:21:08+02:00,[60],[2.115]
2026-06-29T02:21:13+02:00,[60],[2.135]
2026-06-29T02:21:18+02:00,[60],[2.117]
2026-06-29T02:21:23+02:00,[60],[2.09]
2026-06-29T02:21:28+02:00,[60],[2.085]
2026-06-29T02:21:33+02:00,[60],[2.067]
2026-06-29T02:21:38+02:00,[60],[2.055]
2026-06-29T02:21:43+02:00,[60],[2.054]
2026-06-29T02:21:47+02:00,[60],[2.054]
2026-06-29T02:21:52+02:00,[60],[2.05]
2026-06-29T02:21:57+02:00,[60],[2.039]
2026-06-29T02:22:02+02:00,[60],[2.044]
2026-06-29T02:22:07+02:00,[60],[2.089]
2026-06-29T02:22:12+02:00,[60],[2.107]
2026-06-29T02:22:17+02:00,[60],[2.102]
2026-06-29T02:22:22+02:00,[60],[2.096]
2026-06-29T02:22:27+02:00,[60],[2.102]
2026-06-29T02:22:32+02:00,[60],[2.112]
2026-06-29T02:22:36+02:00,[60],[2.093]
2026-06-29T02:22:40+02:00,[60],[2.079]
2026-06-29T02:22:45+02:00,[60],[2.061]
2026-06-29T02:22:50+02:00,[60],[2.06]
2026-06-29T02:22:54+02:00,[60],[2.049]
2026-06-29T02:22:59+02:00,[60],[2.037]
2026-06-29T02:23:04+02:00,[60],[2.07]
2026-06-29T02:23:09+02:00,[60],[2.103]
2026-06-29T02:23:14+02:00,[60],[2.079]
2026-06-29T02:23:19+02:00,[60],[2.061]
2026-06-29T02:23:23+02:00,[60],[2.051]
2026-06-29T02:23:28+02:00,[60],[2.044]
2026-06-29T02:23:33+02:00,[60],[2.037]
2026-06-29T02:23:38+02:00,[60],[2.028]
2026-06-29T02:23:44+02:00,[60],[2.045]
2026-06-29T02:23:48+02:00,[60],[2.037]
2026-06-29T02:23:52+02:00,[60],[2.063]
2026-06-29T02:23:57+02:00,[60],[2.074]
2026-06-29T02:24:01+02:00,[60],[2.078]
2026-06-29T02:24:06+02:00,[60],[2.132]
2026-06-29T02:24:10+02:00,[60],[2.121]
2026-06-29T02:24:15+02:00,[60],[2.119]
2026-06-29T02:24:20+02:00,[60],[2.106]
2026-06-29T02:24:25+02:00,[60],[2.095]
2026-06-29T02:24:31+02:00,[60],[2.086]
2026-06-29T02:24:36+02:00,[60],[2.079]
2026-06-29T02:24:42+02:00,[60],[2.137]
2026-06-29T02:24:48+02:00,[60],[2.17]
2026-06-29T02:24:54+02:00,[60],[2.125]
2026-06-29T02:24:59+02:00,[60],[2.097]
2026-06-29T02:25:41+02:00,[60],[2.954]
2026-06-29T02:25:48+02:00,[60],[2.991]
2026-06-29T02:25:55+02:00,[60],[2.692]
2026-06-29T02:26:02+02:00,[60],[2.486]
2026-06-29T02:26:07+02:00,[60],[2.376]
2026-06-29T02:26:13+02:00,[60],[2.276]
2026-06-29T02:26:21+02:00,[60],[2.205]
2026-06-29T02:26:39+02:00,[60],[2.09]
2026-06-29T02:27:15+02:00,[60],[2.164]
2026-06-29T02:27:43+02:00,[60],[3.455]
2026-06-29T02:28:18+02:00,[60],[35.195]
2026-06-29T02:28:33+02:00,[60],[38.295]
2026-06-29T02:28:38+02:00,[60],[39.209]
2026-06-29T02:28:41+02:00,[60],[9.815]
2026-06-29T02:28:43+02:00,[60],[8.777]
2026-06-29T02:28:47+02:00,[60],[4.313]
2026-06-29T02:28:51+02:00,[60],[3.3]
2026-06-29T02:28:55+02:00,[60],[4.749]
2026-06-29T02:29:00+02:00,[60],[4.749]
2026-06-29T02:29:06+02:00,[60],[4.749]
2026-06-29T02:29:12+02:00,[60],[4.749]
2026-06-29T02:29:18+02:00,[60],[2]
2026-06-29T02:29:24+02:00,[60],[2.121]
2026-06-29T02:29:31+02:00,[60],[2.12]
2026-06-29T02:29:38+02:00,[60],[2.084]
2026-06-29T02:29:44+02:00,[60],[2.061]
2026-06-29T02:29:51+02:00,[60],[2.059]
2026-06-29T02:29:58+02:00,[60],[2.041]
2026-06-29T02:30:05+02:00,[60],[2.029]
2026-06-29T02:30:11+02:00,[60],[2.021]
2026-06-29T02:30:18+02:00,[60],[2.015]
2026-06-29T02:30:24+02:00,[60],[2.028]
2026-06-29T02:30:29+02:00,[60],[2.021]
2026-06-29T02:30:34+02:00,[60],[2.017]
2026-06-29T02:30:39+02:00,[60],[2.013]
2026-06-29T02:30:44+02:00,[60],[2.009]
2026-06-29T02:30:48+02:00,[60],[2.008]
2026-06-29T02:30:53+02:00,[60],[2.005]
2026-06-29T02:30:58+02:00,[60],[2.021]
2026-06-29T02:31:03+02:00,[60],[2.017]
2026-06-29T02:31:08+02:00,[60],[2.013]
2026-06-29T02:31:13+02:00,[60],[2.009]
2026-06-29T02:31:20+02:00,[60],[2.021]
2026-06-29T02:31:26+02:00,[60],[2.015]
2026-06-29T02:31:31+02:00,[60],[2.012]
2026-06-29T02:31:36+02:00,[60],[2.009]
2026-06-29T02:31:41+02:00,[60],[2.009]
2026-06-29T02:31:45+02:00,[60],[2.013]
2026-06-29T02:31:50+02:00,[60],[2.024]
2026-06-29T02:31:55+02:00,[60],[2.056]
2026-06-29T02:32:03+02:00,[60],[2.085]
2026-06-29T02:32:08+02:00,[60],[2.073]
2026-06-29T02:32:13+02:00,[60],[2.057]
2026-06-29T02:32:18+02:00,[60],[2.07]
2026-06-29T02:32:23+02:00,[60],[2.087]
2026-06-29T02:32:28+02:00,[60],[2.126]
2026-06-29T02:32:33+02:00,[60],[2.098]
2026-06-29T02:32:38+02:00,[60],[2.084]
2026-06-29T02:32:43+02:00,[60],[2.076]
2026-06-29T02:32:48+02:00,[60],[2.089]
2026-06-29T02:32:53+02:00,[60],[2.074]
2026-06-29T02:32:59+02:00,[60],[2.055]
2026-06-29T02:33:05+02:00,[60],[2.041]
2026-06-29T02:33:10+02:00,[60],[2.048]
2026-06-29T02:33:15+02:00,[60],[2.072]
2026-06-29T02:33:20+02:00,[60],[2.06]
2026-06-29T02:33:26+02:00,[60],[2.044]
2026-06-29T02:33:33+02:00,[60],[2.031]
2026-06-29T02:33:39+02:00,[60],[2.045]
2026-06-29T02:33:45+02:00,[60],[2.033]
2026-06-29T02:33:50+02:00,[60],[2.025]
2026-06-29T02:33:55+02:00,[60],[2.024]
2026-06-29T02:34:01+02:00,[60],[2.02]
2026-06-29T02:34:07+02:00,[60],[2.016]
2026-06-29T02:34:12+02:00,[60],[2.017]
2026-06-29T02:34:17+02:00,[60],[2.025]
2026-06-29T02:34:21+02:00,[60],[2.021]
2026-06-29T02:34:26+02:00,[60],[2.016]
2026-06-29T02:34:31+02:00,[60],[2.027]
2026-06-29T02:34:35+02:00,[60],[2.023]
2026-06-29T02:34:40+02:00,[60],[2.04]
2026-06-29T02:34:45+02:00,[60],[2.031]
2026-06-29T02:34:50+02:00,[60],[2.024]
2026-06-26T07:28:53+02:00,[60],[4.749]
2026-06-26T07:28:54+02:00,[60],[4.749]
2026-06-26T07:28:55+02:00,[60],[4.749]
2026-06-26T07:28:56+02:00,[60],[4.749]
2026-06-26T07:28:57+02:00,[60],[4.749]
2026-06-26T07:28:58+02:00,[60],[4.749]
2026-06-26T07:28:59+02:00,[60],[4.749]
2026-06-26T07:29:00+02:00,[60],[4.749]
2026-06-26T07:29:01+02:00,[60],[4.749]
2026-06-26T07:29:02+02:00,[60],[4.749]
2026-06-26T07:29:03+02:00,[60],[4.749]
2026-06-26T07:29:05+02:00,[60],[4.749]
2026-06-26T07:29:06+02:00,[60],[4.749]
2026-06-26T07:29:07+02:00,[60],[4.749]
2026-06-26T07:29:08+02:00,[60],[4.749]
2026-06-26T07:29:09+02:00,[60],[2.362]
2026-06-26T07:29:10+02:00,[60],[2.894]
2026-06-26T07:29:11+02:00,[60],[3.525]
2026-06-26T07:29:12+02:00,[60],[3.029]
2026-06-26T07:29:13+02:00,[60],[2.772]
2026-06-26T07:29:14+02:00,[60],[2.618]
2026-06-26T07:29:15+02:00,[60],[2.515]
2026-06-26T07:29:16+02:00,[60],[2.48]
2026-06-26T07:29:17+02:00,[60],[2.473]
2026-06-26T07:29:18+02:00,[60],[2.487]
2026-06-26T07:29:19+02:00,[60],[2.5]
2026-06-26T07:29:20+02:00,[60],[2.62]
2026-06-26T07:29:21+02:00,[60],[2.632]
2026-06-26T07:29:22+02:00,[60],[2.65]
2026-06-26T07:29:23+02:00,[60],[2.687]
2026-06-26T07:29:24+02:00,[60],[2.698]
2026-06-26T07:29:25+02:00,[60],[2.702]
2026-06-26T07:29:26+02:00,[60],[2.682]
2026-06-26T07:29:27+02:00,[60],[2.647]
2026-06-26T07:29:28+02:00,[60],[2.649]
2026-06-26T07:29:29+02:00,[60],[2.617]
2026-06-26T07:29:30+02:00,[60],[2.596]
2026-06-26T07:29:31+02:00,[60],[2.679]
2026-06-26T07:29:32+02:00,[60],[2.761]
2026-06-26T07:29:33+02:00,[60],[2.727]
2026-06-26T07:29:34+02:00,[60],[2.767]
2026-06-26T07:29:35+02:00,[60],[2.767]
2026-06-26T07:29:36+02:00,[60],[2.774]
2026-06-26T07:29:37+02:00,[60],[2.753]
2026-06-26T07:29:38+02:00,[60],[2.784]
2026-06-26T07:29:39+02:00,[60],[2.8]
2026-06-26T07:29:40+02:00,[60],[2.898]
2026-06-26T07:29:41+02:00,[60],[2.922]
2026-06-26T07:29:42+02:00,[60],[3.056]
2026-06-26T07:29:43+02:00,[60],[3.037]
2026-06-26T07:29:44+02:00,[60],[3.076]
2026-06-26T07:29:45+02:00,[60],[3.085]
2026-06-26T07:29:46+02:00,[60],[3.102]
2026-06-26T07:29:47+02:00,[60],[3.21]
2026-06-26T07:29:48+02:00,[60],[3.335]
2026-06-26T07:29:49+02:00,[60],[3.33]
2026-06-26T07:29:50+02:00,[60],[3.307]
2026-06-26T07:29:51+02:00,[60],[3.3]
2026-06-21T04:37:13+02:00,[60],[2.062]
2026-06-21T04:37:14+02:00,[60],[2.059]
2026-06-21T04:37:15+02:00,[60],[2.056]
2026-06-21T04:37:16+02:00,[60],[2.053]
2026-06-21T04:37:17+02:00,[60],[2.05]
2026-06-21T04:37:18+02:00,[60],[2.048]
2026-06-21T04:37:19+02:00,[60],[2.045]
2026-06-21T04:37:20+02:00,[60],[2.043]
2026-06-21T04:37:21+02:00,[60],[2.041]
2026-06-21T04:37:22+02:00,[60],[2.039]
2026-06-21T04:37:23+02:00,[60],[2.037]
2026-06-21T04:37:24+02:00,[60],[2.035]
2026-06-21T04:37:25+02:00,[60],[2.033]
2026-06-21T04:37:26+02:00,[60],[2.032]
2026-06-21T04:37:27+02:00,[60],[2.029]
2026-06-21T04:37:28+02:00,[60],[2.029]
2026-06-21T04:37:29+02:00,[60],[2.027]
2026-06-21T04:37:30+02:00,[60],[2.025]
2026-06-21T04:37:31+02:00,[60],[2.025]
2026-06-21T04:37:32+02:00,[60],[2.023]
2026-06-21T04:37:33+02:00,[60],[2.023]
2026-06-21T04:37:34+02:00,[60],[2.021]
2026-06-21T04:37:35+02:00,[60],[2.021]
2026-06-21T04:37:36+02:00,[60],[2.02]
2026-06-21T04:37:37+02:00,[60],[2.019]
2026-06-21T04:37:38+02:00,[60],[2.017]
2026-06-21T04:37:39+02:00,[60],[2.017]
2026-06-21T04:37:40+02:00,[60],[2.016]
2026-06-21T04:37:41+02:00,[60],[2.015]
2026-06-21T04:37:42+02:00,[60],[2.015]
2026-06-21T04:37:43+02:00,[60],[2.013]
2026-06-21T04:37:44+02:00,[60],[2.013]
2026-06-21T04:37:45+02:00,[60],[2.013]
2026-06-21T04:37:46+02:00,[60],[2.012]
2026-06-21T04:37:47+02:00,[60],[2.011]
2026-06-21T04:37:48+02:00,[60],[2.011]
2026-06-21T04:37:49+02:00,[60],[2.009]
2026-06-21T04:37:50+02:00,[60],[2.009]
2026-06-21T04:37:51+02:00,[60],[2.009]
2026-06-21T04:37:52+02:00,[60],[2.009]
2026-06-21T04:37:53+02:00,[60],[2.008]
2026-06-21T04:37:54+02:00,[60],[2.008]
2026-06-21T04:37:55+02:00,[60],[2.008]
2026-06-21T04:37:56+02:00,[60],[2.007]
2026-06-21T04:37:57+02:00,[60],[2.007]
2026-06-21T04:37:58+02:00,[60],[2.005]
2026-06-21T04:37:59+02:00,[60],[2.005]
2026-06-21T04:38:00+02:00,[60],[2.005]
2026-06-21T04:38:01+02:00,[60],[2.016]
2026-06-21T04:38:02+02:00,[60],[2.033]
2026-06-21T04:38:03+02:00,[60],[2.032]
2026-06-21T04:38:04+02:00,[60],[2.031]
2026-06-21T04:38:05+02:00,[60],[2.031]
2026-06-21T04:38:06+02:00,[60],[2.029]
2026-06-21T04:38:07+02:00,[60],[2.028]
2026-06-21T04:38:08+02:00,[60],[2.025]
2026-06-21T04:38:09+02:00,[60],[2.025]
2026-06-21T04:38:10+02:00,[60],[2.025]
2026-06-21T04:38:11+02:00,[60],[2.033]
2026-06-21T04:38:12+02:00,[60],[2.031]
2026-06-21T04:38:13+02:00,[60],[2.029]
2026-06-21T04:38:14+02:00,[60],[2.028]
2026-06-21T04:38:15+02:00,[60],[2.027]
2026-06-21T04:38:16+02:00,[60],[2.025]
2026-06-21T04:38:17+02:00,[60],[2.024]
2026-06-21T04:38:18+02:00,[60],[2.023]
2026-06-21T04:38:19+02:00,[60],[2.021]
2026-06-21T04:38:20+02:00,[60],[2.021]
2026-06-21T04:38:21+02:00,[60],[2.02]
2026-06-21T04:38:22+02:00,[60],[2.019]
2026-06-21T04:38:23+02:00,[60],[2.017]
2026-06-21T04:38:24+02:00,[60],[2.021]
2026-06-21T04:38:25+02:00,[60],[2.02]
2026-06-21T04:38:26+02:00,[60],[2.019]
2026-06-21T04:38:27+02:00,[60],[2.021]
2026-06-21T04:38:28+02:00,[60],[2.021]
2026-06-21T04:38:29+02:00,[60],[2.021]
2026-06-21T04:38:30+02:00,[60],[2.02]
2026-06-21T04:38:31+02:00,[60],[2.045]
2026-06-21T04:38:32+02:00,[60],[2.044]
2026-06-21T04:38:33+02:00,[60],[2.041]
2026-06-21T04:38:34+02:00,[60],[2.04]
2026-06-21T04:38:35+02:00,[60],[2.037]
2026-06-21T04:38:36+02:00,[60],[2.04]
2026-06-21T04:38:37+02:00,[60],[2.039]
2026-06-21T04:38:38+02:00,[60],[2.037]
2026-06-21T04:38:39+02:00,[60],[2.043]
2026-06-21T04:38:40+02:00,[60],[2.058]
2026-06-21T04:38:41+02:00,[60],[2.077]
2026-06-21T04:38:42+02:00,[60],[2.079]
2026-06-21T04:38:43+02:00,[60],[2.075]
2026-06-21T04:38:44+02:00,[60],[2.071]
2026-06-21T04:38:45+02:00,[60],[2.067]
2026-06-21T04:38:46+02:00,[60],[2.064]
2026-06-21T04:38:47+02:00,[60],[2.061]
2026-06-21T04:38:48+02:00,[60],[2.058]
2026-06-21T04:38:49+02:00,[60],[2.055]
2026-06-21T04:38:50+02:00,[60],[2.052]
2026-06-21T04:38:51+02:00,[60],[2.049]
2026-06-21T04:38:52+02:00,[60],[2.056]
2026-06-21T04:38:53+02:00,[60],[2.053]
2026-06-21T04:38:54+02:00,[60],[2.05]
2026-06-21T04:38:55+02:00,[60],[2.048]
2026-06-21T04:38:56+02:00,[60],[2.045]
2026-06-21T04:38:57+02:00,[60],[2.043]
2026-06-21T04:38:58+02:00,[60],[2.041]
2026-06-21T04:38:59+02:00,[60],[2.039]
2026-06-21T04:39:00+02:00,[60],[2.039]
2026-06-21T04:39:01+02:00,[60],[2.037]
2026-06-21T04:39:02+02:00,[60],[2.035]
2026-06-21T04:39:03+02:00,[60],[2.033]
2026-06-21T04:39:04+02:00,[60],[2.032]
2026-06-21T04:39:05+02:00,[60],[2.029]
2026-06-21T04:39:06+02:00,[60],[2.029]
2026-06-21T04:39:07+02:00,[60],[2.027]
2026-06-21T04:39:08+02:00,[60],[2.028]
2026-06-21T04:39:09+02:00,[60],[2.051]
2026-06-21T04:39:10+02:00,[60],[2.048]
2026-06-21T04:39:11+02:00,[60],[2.045]
2026-06-21T04:39:12+02:00,[60],[2.044]
2026-06-21T04:39:13+02:00,[60],[2.041]
2026-06-21T04:39:14+02:00,[60],[2.048]
2026-06-21T04:39:15+02:00,[60],[2.045]
2026-06-21T04:39:16+02:00,[60],[2.043]
2026-06-21T04:39:17+02:00,[60],[2.041]
2026-06-21T04:39:18+02:00,[60],[2.043]
2026-06-21T04:39:19+02:00,[60],[2.04]
2026-06-21T04:39:20+02:00,[60],[2.047]
2026-06-21T04:39:21+02:00,[60],[2.044]
2026-06-21T04:39:22+02:00,[60],[2.041]
2026-06-21T04:39:23+02:00,[60],[2.04]
2026-06-21T04:39:24+02:00,[60],[2.037]
2026-06-21T04:39:25+02:00,[60],[2.036]
2026-06-21T04:39:26+02:00,[60],[2.033]
2026-06-21T04:39:27+02:00,[60],[2.033]
2026-06-21T04:39:28+02:00,[60],[2.031]
2026-06-21T04:39:29+02:00,[60],[2.064]
2026-06-21T04:39:30+02:00,[60],[2.061]
2026-06-21T04:39:31+02:00,[60],[2.065]
2026-06-21T04:39:32+02:00,[60],[2.062]
2026-06-21T04:39:33+02:00,[60],[2.058]
2026-06-21T04:39:34+02:00,[60],[2.092]
2026-06-21T04:39:35+02:00,[60],[2.107]
2026-06-21T04:39:36+02:00,[60],[2.102]
2026-06-21T04:39:37+02:00,[60],[2.097]
2026-06-21T04:39:38+02:00,[60],[2.092]
2026-06-21T04:39:39+02:00,[60],[2.088]
2026-06-21T04:39:40+02:00,[60],[2.083]
2026-06-21T04:39:41+02:00,[60],[2.079]
2026-06-21T04:39:42+02:00,[60],[2.092]
2026-06-21T04:39:43+02:00,[60],[2.087]
2026-06-21T04:39:44+02:00,[60],[2.083]
2026-06-21T04:39:45+02:00,[60],[2.079]
2026-06-21T04:39:46+02:00,[60],[2.075]
2026-06-21T04:39:47+02:00,[60],[2.071]
2026-06-21T04:39:48+02:00,[60],[2.068]
2026-06-21T04:39:49+02:00,[60],[2.075]
2026-06-21T04:39:50+02:00,[60],[2.071]
2026-06-21T04:39:51+02:00,[60],[2.068]
2026-06-21T04:39:52+02:00,[60],[2.064]
2026-06-21T04:39:53+02:00,[60],[2.061]
2026-06-21T04:39:54+02:00,[60],[2.058]
2026-06-21T04:39:55+02:00,[60],[2.055]
2026-06-21T04:39:56+02:00,[60],[2.052]
2026-06-21T04:39:57+02:00,[60],[2.05]
2026-06-21T04:39:58+02:00,[60],[2.047]
2026-06-21T04:39:59+02:00,[60],[2.045]
2026-06-21T04:40:00+02:00,[60],[2.043]
2026-06-21T04:40:01+02:00,[60],[2.04]
2026-06-21T04:40:02+02:00,[60],[2.053]
2026-06-21T04:40:03+02:00,[60],[2.056]
2026-06-21T04:40:04+02:00,[60],[2.053]
2026-06-21T04:40:05+02:00,[60],[2.05]
2026-06-21T04:40:06+02:00,[60],[2.048]
2026-06-21T04:40:07+02:00,[60],[2.045]
2026-06-21T04:40:08+02:00,[60],[2.043]
2026-06-21T04:40:09+02:00,[60],[2.041]
2026-06-21T04:40:10+02:00,[60],[2.052]
2026-06-21T04:40:11+02:00,[60],[2.049]
2026-06-21T04:40:12+02:00,[60],[2.047]
2026-06-21T04:40:13+02:00,[60],[2.045]
2026-06-21T04:40:14+02:00,[60],[2.044]
2026-06-21T04:40:15+02:00,[60],[2.041]
2026-06-21T04:40:16+02:00,[60],[2.04]
2026-06-21T04:40:17+02:00,[60],[2.037]
2026-06-21T04:40:18+02:00,[60],[2.036]
2026-06-21T04:40:19+02:00,[60],[2.033]
2026-06-21T04:40:20+02:00,[60],[2.032]
2026-06-21T04:40:21+02:00,[60],[2.031]
2026-06-21T04:40:22+02:00,[60],[2.029]
2026-06-21T04:40:23+02:00,[60],[2.041]
2026-06-21T04:40:24+02:00,[60],[2.039]
2026-06-21T04:40:25+02:00,[60],[2.037]
2026-06-21T04:40:26+02:00,[60],[2.045]
2026-06-21T04:40:27+02:00,[60],[2.044]
2026-06-21T04:40:28+02:00,[60],[2.055]
2026-06-21T04:40:29+02:00,[60],[2.053]
2026-06-21T04:40:30+02:00,[60],[2.05]
2026-06-21T04:40:31+02:00,[60],[2.048]
2026-06-21T04:40:32+02:00,[60],[2.045]
2026-06-21T04:40:33+02:00,[60],[2.043]
2026-06-21T04:40:34+02:00,[60],[2.041]
2026-06-21T04:40:35+02:00,[60],[2.039]
2026-06-21T04:40:36+02:00,[60],[2.037]
2026-06-21T04:40:37+02:00,[60],[2.035]
2026-06-21T04:40:38+02:00,[60],[2.033]
2026-06-21T04:40:39+02:00,[60],[2.041]
2026-06-21T04:40:40+02:00,[60],[2.039]
2026-06-21T04:40:41+02:00,[60],[2.037]
2026-06-21T04:40:42+02:00,[60],[2.035]
2026-06-21T04:40:43+02:00,[60],[2.037]
2026-06-21T04:40:44+02:00,[60],[2.035]
2026-06-21T04:40:45+02:00,[60],[2.033]
2026-06-21T04:40:46+02:00,[60],[2.031]
2026-06-21T04:40:47+02:00,[60],[2.029]
2026-06-21T04:40:48+02:00,[60],[2.028]
2026-06-21T04:40:49+02:00,[60],[2.027]
2026-06-21T04:40:50+02:00,[60],[2.025]
2026-06-21T04:40:51+02:00,[60],[2.024]
2026-06-21T04:40:52+02:00,[60],[2.023]
2026-06-21T04:40:53+02:00,[60],[2.021]
2026-06-21T04:40:54+02:00,[60],[2.021]
2026-06-21T04:40:55+02:00,[60],[2.02]
2026-06-21T04:40:56+02:00,[60],[2.019]
2026-06-21T04:40:57+02:00,[60],[2.017]
2026-06-21T04:40:58+02:00,[60],[2.017]
2026-06-21T04:40:59+02:00,[60],[2.016]
2026-06-21T04:41:00+02:00,[60],[2.015]
2026-06-21T04:41:01+02:00,[60],[2.015]
2026-06-21T04:41:02+02:00,[60],[2.013]
2026-06-21T04:41:03+02:00,[60],[2.013]
2026-06-21T04:41:04+02:00,[60],[2.012]
2026-06-21T04:41:05+02:00,[60],[2.011]
2026-06-21T04:41:06+02:00,[60],[2.011]
2026-06-21T04:41:07+02:00,[60],[2.009]
2026-06-21T04:41:08+02:00,[60],[2.009]
2026-06-21T04:41:09+02:00,[60],[2.009]
2026-06-21T04:41:10+02:00,[60],[2.009]
2026-06-21T04:41:11+02:00,[60],[2.008]
2026-06-21T04:41:12+02:00,[60],[2.008]
2026-06-21T04:41:13+02:00,[60],[2.007]
2026-06-21T04:41:14+02:00,[60],[2.007]
2026-06-21T04:41:15+02:00,[60],[2.007]
2026-06-21T04:41:16+02:00,[60],[2.005]
2026-06-21T04:41:17+02:00,[60],[2.005]
2026-06-21T04:41:18+02:00,[60],[2.005]
2026-06-21T04:41:19+02:00,[60],[2.005]
2026-06-21T04:41:20+02:00,[60],[2.005]
2026-06-21T04:41:21+02:00,[60],[2.005]
2026-06-21T04:41:22+02:00,[60],[2.015]
2026-06-21T04:41:23+02:00,[60],[2.015]
2026-06-21T04:41:24+02:00,[60],[2.013]
2026-06-21T04:41:26+02:00,[60],[2.013]
2026-06-21T04:41:27+02:00,[60],[2.012]
2026-06-21T04:41:28+02:00,[60],[2.012]
2026-06-21T04:41:29+02:00,[60],[2.021]
2026-06-21T04:41:30+02:00,[60],[2.02]
2026-06-21T04:41:31+02:00,[60],[2.019]
2026-06-21T04:41:32+02:00,[60],[2.017]
2026-06-21T04:41:33+02:00,[60],[2.017]
2026-06-21T04:41:34+02:00,[60],[2.016]
2026-06-21T04:41:35+02:00,[60],[2.016]
2026-06-21T04:41:36+02:00,[60],[2.051]
2026-06-21T04:41:37+02:00,[60],[2.049]
2026-06-21T04:41:38+02:00,[60],[2.045]
2026-06-21T04:41:39+02:00,[60],[2.044]
2026-06-21T04:41:40+02:00,[60],[2.041]
2026-06-21T04:41:41+02:00,[60],[2.04]
2026-06-21T04:41:42+02:00,[60],[2.056]
2026-06-21T04:41:43+02:00,[60],[2.083]
2026-06-21T04:41:44+02:00,[60],[2.079]
2026-06-21T04:41:45+02:00,[60],[2.075]
2026-06-21T04:41:46+02:00,[60],[2.071]
2026-06-21T04:41:47+02:00,[60],[2.068]
2026-06-21T04:41:48+02:00,[60],[2.064]
2026-06-21T04:41:49+02:00,[60],[2.064]
2026-06-21T04:41:50+02:00,[60],[2.061]
2026-06-21T04:41:51+02:00,[60],[2.058]
2026-06-21T04:41:52+02:00,[60],[2.056]
2026-06-21T04:41:53+02:00,[60],[2.056]
2026-06-21T04:41:54+02:00,[60],[2.053]
2026-06-21T04:41:55+02:00,[60],[2.052]
2026-06-21T04:41:56+02:00,[60],[2.056]
2026-06-21T04:41:57+02:00,[60],[2.053]
2026-06-21T04:41:58+02:00,[60],[2.05]
2026-06-21T04:41:59+02:00,[60],[2.048]
2026-06-21T04:42:00+02:00,[60],[2.045]
2026-06-21T04:42:01+02:00,[60],[2.043]
2026-06-21T04:42:02+02:00,[60],[2.069]
2026-06-21T04:42:03+02:00,[60],[2.089]
2026-06-21T04:42:04+02:00,[60],[2.085]
2026-06-21T04:42:05+02:00,[60],[2.08]
2026-06-21T04:42:06+02:00,[60],[2.076]
2026-06-21T04:42:07+02:00,[60],[2.073]
2026-06-21T04:42:08+02:00,[60],[2.069]
2026-06-21T04:42:09+02:00,[60],[2.066]
2026-06-21T04:42:10+02:00,[60],[2.062]
2026-06-21T04:42:11+02:00,[60],[2.062]
2026-06-21T04:42:12+02:00,[60],[2.059]
2026-06-21T04:42:13+02:00,[60],[2.056]
2026-06-21T04:42:14+02:00,[60],[2.053]
2026-06-21T04:42:15+02:00,[60],[2.05]
2026-06-21T04:42:16+02:00,[60],[2.048]
2026-06-21T04:42:17+02:00,[60],[2.045]
2026-06-21T04:42:18+02:00,[60],[2.043]
2026-06-21T04:42:19+02:00,[60],[2.041]
2026-06-21T04:42:20+02:00,[60],[2.039]
2026-06-21T04:42:21+02:00,[60],[2.037]
2026-06-21T04:42:22+02:00,[60],[2.035]
2026-06-21T04:42:23+02:00,[60],[2.033]
2026-06-21T04:42:24+02:00,[60],[2.032]
2026-06-21T04:42:25+02:00,[60],[2.029]
2026-06-21T04:42:26+02:00,[60],[2.029]
2026-06-21T04:42:27+02:00,[60],[2.027]
2026-06-21T04:42:28+02:00,[60],[2.025]
2026-06-21T04:42:29+02:00,[60],[2.025]
2026-06-21T04:42:30+02:00,[60],[2.023]
2026-06-21T04:42:31+02:00,[60],[2.021]
2026-06-21T04:42:32+02:00,[60],[2.021]
2026-06-21T04:42:33+02:00,[60],[2.02]
2026-06-21T04:42:34+02:00,[60],[2.019]
2026-06-21T04:42:35+02:00,[60],[2.017]
2026-06-21T04:42:36+02:00,[60],[2.017]
2026-06-21T04:42:37+02:00,[60],[2.016]
2026-06-21T04:42:38+02:00,[60],[2.015]
2026-06-21T04:42:39+02:00,[60],[2.015]
2026-06-21T04:42:40+02:00,[60],[2.013]
2026-06-21T04:42:41+02:00,[60],[2.013]
2026-06-21T04:42:42+02:00,[60],[2.013]
2026-06-21T04:42:43+02:00,[60],[2.012]
2026-06-21T04:42:44+02:00,[60],[2.016]
2026-06-21T04:42:45+02:00,[60],[2.016]
2026-06-21T04:42:46+02:00,[60],[2.015]
2026-06-21T04:42:47+02:00,[60],[2.013]
2026-06-21T04:42:48+02:00,[60],[2.013]
2026-06-21T04:42:49+02:00,[60],[2.013]
2026-06-21T04:42:50+02:00,[60],[2.012]
2026-06-21T04:42:51+02:00,[60],[2.011]
2026-06-21T04:42:52+02:00,[60],[2.011]
2026-06-21T04:42:53+02:00,[60],[2.009]
2026-06-21T04:42:54+02:00,[60],[2.009]
2026-06-21T04:42:55+02:00,[60],[2.009]
2026-06-21T04:42:56+02:00,[60],[2.017]
2026-06-21T04:42:57+02:00,[60],[2.033]
2026-06-21T04:42:58+02:00,[60],[2.031]
2026-06-21T04:42:59+02:00,[60],[2.029]
2026-06-21T04:43:00+02:00,[60],[2.028]
2026-06-21T04:43:01+02:00,[60],[2.027]
2026-06-21T04:43:02+02:00,[60],[2.025]
2026-06-21T04:43:03+02:00,[60],[2.024]
2026-06-21T04:43:04+02:00,[60],[2.023]
2026-06-21T04:43:05+02:00,[60],[2.021]
2026-06-21T04:43:06+02:00,[60],[2.021]
2026-06-21T04:43:07+02:00,[60],[2.02]
2026-06-21T04:43:08+02:00,[60],[2.017]
2026-06-21T04:43:09+02:00,[60],[2.017]
2026-06-21T04:43:10+02:00,[60],[2.016]
2026-06-21T04:43:11+02:00,[60],[2.015]
2026-06-21T04:43:12+02:00,[60],[2.013]
2026-06-21T04:43:13+02:00,[60],[2.013]
2026-06-21T04:43:14+02:00,[60],[2.013]
2026-06-21T04:43:15+02:00,[60],[2.012]
2026-06-21T04:43:16+02:00,[60],[2.012]
2026-06-21T04:43:17+02:00,[60],[2.017]
2026-06-21T04:43:18+02:00,[60],[2.016]
2026-06-21T04:43:19+02:00,[60],[2.015]
2026-06-21T04:43:20+02:00,[60],[2.013]
2026-06-21T04:43:21+02:00,[60],[2.013]
2026-06-21T04:43:22+02:00,[60],[2.013]
2026-06-21T04:43:23+02:00,[60],[2.012]
2026-06-21T04:43:24+02:00,[60],[2.012]
2026-06-21T04:43:25+02:00,[60],[2.011]
2026-06-21T04:43:26+02:00,[60],[2.009]
2026-06-21T04:43:27+02:00,[60],[2.009]
2026-06-21T04:43:28+02:00,[60],[2.009]
2026-06-21T04:43:29+02:00,[60],[2.009]
2026-06-21T04:43:30+02:00,[60],[2.009]
2026-06-21T04:43:31+02:00,[60],[2.008]
2026-06-21T04:43:32+02:00,[60],[2.008]
2026-06-21T04:43:33+02:00,[60],[2.007]
2026-06-21T04:43:34+02:00,[60],[2.007]
2026-06-21T04:43:35+02:00,[60],[2.017]
2026-06-21T04:43:36+02:00,[60],[2.017]
2026-06-21T04:43:37+02:00,[60],[2.017]
2026-06-21T04:43:38+02:00,[60],[2.016]
2026-06-21T04:43:39+02:00,[60],[2.023]
2026-06-21T04:43:40+02:00,[60],[2.045]
2026-06-21T04:43:41+02:00,[60],[2.083]
2026-06-21T04:43:42+02:00,[60],[2.088]
2026-06-21T04:43:43+02:00,[60],[2.085]
2026-06-21T04:43:44+02:00,[60],[2.081]
2026-06-21T04:43:45+02:00,[60],[2.077]
2026-06-21T04:43:46+02:00,[60],[2.073]
2026-06-21T04:43:47+02:00,[60],[2.069]
2026-06-21T04:43:48+02:00,[60],[2.066]
2026-06-21T04:43:49+02:00,[60],[2.079]
2026-06-21T04:43:50+02:00,[60],[2.075]
2026-06-21T04:43:51+02:00,[60],[2.071]
2026-06-21T04:43:52+02:00,[60],[2.068]
2026-06-21T04:43:53+02:00,[60],[2.064]
2026-06-21T04:43:54+02:00,[60],[2.061]
2026-06-21T04:43:55+02:00,[60],[2.058]
2026-06-21T04:43:56+02:00,[60],[2.055]
2026-06-21T04:43:57+02:00,[60],[2.052]
2026-06-21T04:43:58+02:00,[60],[2.05]
2026-06-21T04:43:59+02:00,[60],[2.047]
2026-06-21T04:44:01+02:00,[60],[2.045]
2026-06-21T04:44:02+02:00,[60],[2.043]
2026-06-21T04:44:03+02:00,[60],[2.041]
2026-06-21T04:44:04+02:00,[60],[2.04]
2026-06-21T04:44:05+02:00,[60],[2.037]
2026-06-21T04:44:06+02:00,[60],[2.036]
2026-06-21T04:44:07+02:00,[60],[2.033]
2026-06-21T04:44:08+02:00,[60],[2.032]
2026-06-21T04:44:09+02:00,[60],[2.031]
2026-06-21T04:44:10+02:00,[60],[2.029]
2026-06-21T04:44:11+02:00,[60],[2.032]
2026-06-21T04:44:12+02:00,[60],[2.043]
2026-06-21T04:44:13+02:00,[60],[2.041]
2026-06-21T04:44:14+02:00,[60],[2.039]
2026-06-21T04:44:15+02:00,[60],[2.037]
2026-06-21T04:44:16+02:00,[60],[2.035]
2026-06-21T04:44:17+02:00,[60],[2.033]
2026-06-21T04:44:18+02:00,[60],[2.031]
2026-06-21T04:44:19+02:00,[60],[2.029]
2026-06-21T04:44:20+02:00,[60],[2.028]
2026-06-21T04:44:21+02:00,[60],[2.027]
2026-06-21T04:44:22+02:00,[60],[2.025]
2026-06-21T04:44:23+02:00,[60],[2.024]
2026-06-21T04:44:24+02:00,[60],[2.023]
2026-06-21T04:44:25+02:00,[60],[2.021]
2026-06-21T04:44:26+02:00,[60],[2.021]
2026-06-21T04:44:27+02:00,[60],[2.02]
2026-06-21T04:44:28+02:00,[60],[2.019]
2026-06-21T04:44:29+02:00,[60],[2.017]
2026-06-21T04:44:30+02:00,[60],[2.017]
2026-06-21T04:44:31+02:00,[60],[2.016]
2026-06-21T04:44:32+02:00,[60],[2.015]
2026-06-21T04:44:33+02:00,[60],[2.044]
2026-06-21T04:44:34+02:00,[60],[2.041]
2026-06-21T04:44:35+02:00,[60],[2.039]
2026-06-21T04:44:36+02:00,[60],[2.037]
2026-06-21T04:44:37+02:00,[60],[2.036]
2026-06-21T04:44:38+02:00,[60],[2.033]
2026-06-21T04:44:39+02:00,[60],[2.032]
2026-06-21T04:44:40+02:00,[60],[2.031]
2026-06-21T04:44:41+02:00,[60],[2.029]
2026-06-21T04:44:42+02:00,[60],[2.028]
2026-06-21T04:44:43+02:00,[60],[2.025]
2026-06-21T04:44:44+02:00,[60],[2.025]
2026-06-21T04:44:45+02:00,[60],[2.024]
2026-06-21T04:44:46+02:00,[60],[2.021]
2026-06-21T04:44:47+02:00,[60],[2.021]
2026-06-21T04:44:48+02:00,[60],[2.02]
2026-06-21T04:44:49+02:00,[60],[2.019]
2026-06-21T04:44:50+02:00,[60],[2.017]
2026-06-21T04:44:51+02:00,[60],[2.017]
2026-06-21T04:44:52+02:00,[60],[2.017]
2026-06-21T04:44:53+02:00,[60],[2.016]
2026-06-21T04:44:54+02:00,[60],[2.015]
2026-06-21T04:44:55+02:00,[60],[2.013]
2026-06-21T04:44:56+02:00,[60],[2.013]
2026-06-21T04:44:57+02:00,[60],[2.013]
2026-06-21T04:44:58+02:00,[60],[2.012]
2026-06-21T04:44:59+02:00,[60],[2.012]
2026-06-21T04:45:00+02:00,[60],[2.011]
2026-06-21T04:45:01+02:00,[60],[2.009]
2026-06-21T04:45:02+02:00,[60],[2.009]
2026-06-21T04:45:03+02:00,[60],[2.009]
2026-06-21T04:45:04+02:00,[60],[2.009]
2026-06-21T04:45:05+02:00,[60],[2.011]
2026-06-21T04:45:06+02:00,[60],[2.009]
2026-06-21T04:45:07+02:00,[60],[2.009]
2026-06-21T04:45:08+02:00,[60],[2.028]
2026-06-21T04:45:09+02:00,[60],[2.029]
2026-06-21T04:45:10+02:00,[60],[2.027]
2026-06-21T04:45:11+02:00,[60],[2.025]
2026-06-21T04:45:12+02:00,[60],[2.025]
2026-06-21T04:45:13+02:00,[60],[2.024]
2026-06-21T04:45:14+02:00,[60],[2.021]
2026-06-21T04:45:15+02:00,[60],[2.02]
2026-06-21T04:45:16+02:00,[60],[2.019]
2026-06-21T04:45:17+02:00,[60],[2.051]
2026-06-21T04:45:18+02:00,[60],[2.048]
2026-06-21T04:45:19+02:00,[60],[2.045]
2026-06-21T04:45:20+02:00,[60],[2.043]
2026-06-21T04:45:21+02:00,[60],[2.041]
2026-06-21T04:45:22+02:00,[60],[2.039]
2026-06-21T04:45:23+02:00,[60],[2.037]
2026-06-21T04:45:24+02:00,[60],[2.035]
2026-06-21T04:45:25+02:00,[60],[2.033]
2026-06-21T04:45:26+02:00,[60],[2.032]
2026-06-21T04:45:27+02:00,[60],[2.029]
2026-06-21T04:45:28+02:00,[60],[2.029]
2026-06-21T04:45:29+02:00,[60],[2.027]
2026-06-21T04:45:30+02:00,[60],[2.025]
2026-06-21T04:45:31+02:00,[60],[2.025]
2026-06-21T04:45:32+02:00,[60],[2.023]
2026-06-21T04:45:33+02:00,[60],[2.021]
2026-06-21T04:45:34+02:00,[60],[2.021]
2026-06-21T04:45:35+02:00,[60],[2.02]
2026-06-21T04:45:36+02:00,[60],[2.019]
2026-06-21T04:45:37+02:00,[60],[2.017]
2026-06-21T04:45:38+02:00,[60],[2.017]
2026-06-21T04:45:39+02:00,[60],[2.016]
2026-06-21T04:45:40+02:00,[60],[2.016]
2026-06-21T04:45:41+02:00,[60],[2.015]
2026-06-21T04:45:42+02:00,[60],[2.013]
2026-06-21T04:45:43+02:00,[60],[2.013]
2026-06-21T04:45:44+02:00,[60],[2.013]
2026-06-21T04:45:45+02:00,[60],[2.012]
2026-06-21T04:45:46+02:00,[60],[2.011]
2026-06-21T04:45:47+02:00,[60],[2.011]
2026-06-21T04:45:48+02:00,[60],[2.009]
2026-06-21T04:45:49+02:00,[60],[2.009]
2026-06-21T04:45:50+02:00,[60],[2.017]
2026-06-21T04:45:51+02:00,[60],[2.017]
2026-06-21T04:45:52+02:00,[60],[2.016]
2026-06-21T04:45:53+02:00,[60],[2.015]
2026-06-21T04:45:54+02:00,[60],[2.013]
2026-06-21T04:45:55+02:00,[60],[2.013]
2026-06-21T04:45:56+02:00,[60],[2.013]
2026-06-21T04:45:57+02:00,[60],[2.012]
2026-06-21T04:45:58+02:00,[60],[2.012]
2026-06-21T04:45:59+02:00,[60],[2.011]
2026-06-21T04:46:00+02:00,[60],[2.011]
2026-06-21T04:46:01+02:00,[60],[2.009]
2026-06-21T04:46:02+02:00,[60],[2.009]
2026-06-21T04:46:03+02:00,[60],[2.011]
2026-06-21T04:46:04+02:00,[60],[2.011]
2026-06-21T04:46:05+02:00,[60],[2.009]
2026-06-21T04:46:06+02:00,[60],[2.009]
2026-06-21T04:46:07+02:00,[60],[2.009]
2026-06-21T04:46:08+02:00,[60],[2.011]
2026-06-21T04:46:09+02:00,[60],[2.011]
2026-06-21T04:46:10+02:00,[60],[2.012]
2026-06-21T04:46:11+02:00,[60],[2.011]
2026-06-21T04:46:12+02:00,[60],[2.011]
2026-06-21T04:46:13+02:00,[60],[2.009]
2026-06-21T04:46:14+02:00,[60],[2.009]
2026-06-21T04:46:15+02:00,[60],[2.009]
2026-06-21T04:46:16+02:00,[60],[2.009]
2026-06-21T04:46:17+02:00,[60],[2.015]
2026-06-21T04:46:18+02:00,[60],[2.013]
2026-06-21T04:46:19+02:00,[60],[2.013]
2026-06-21T04:46:20+02:00,[60],[2.013]
2026-06-21T04:46:21+02:00,[60],[2.012]
2026-06-21T04:46:22+02:00,[60],[2.011]
2026-06-21T04:46:24+02:00,[60],[2.011]
2026-06-21T04:46:25+02:00,[60],[2.009]
2026-06-21T04:46:26+02:00,[60],[2.009]
2026-06-21T04:46:27+02:00,[60],[2.009]
2026-06-21T04:46:28+02:00,[60],[2.009]
2026-06-21T04:46:29+02:00,[60],[2.008]
2026-06-21T04:46:30+02:00,[60],[2.008]
2026-06-21T04:46:31+02:00,[60],[2.008]
2026-06-21T04:46:32+02:00,[60],[2.007]
2026-06-21T04:46:33+02:00,[60],[2.007]
2026-06-21T04:46:34+02:00,[60],[2.005]
2026-06-21T04:46:35+02:00,[60],[2.005]
2026-06-21T04:46:36+02:00,[60],[2.005]
2026-06-21T04:46:37+02:00,[60],[2.005]
2026-06-21T04:46:38+02:00,[60],[2.005]
2026-06-21T04:46:39+02:00,[60],[2.008]
2026-06-21T04:46:40+02:00,[60],[2.007]
2026-06-21T04:46:41+02:00,[60],[2.007]
2026-06-21T04:46:42+02:00,[60],[2.012]
2026-06-21T04:46:43+02:00,[60],[2.011]
2026-06-21T04:46:44+02:00,[60],[2.011]
2026-06-21T04:46:45+02:00,[60],[2.009]
2026-06-21T04:46:46+02:00,[60],[2.009]
2026-06-21T04:46:47+02:00,[60],[2.009]
2026-06-21T04:46:48+02:00,[60],[2.009]
2026-06-21T04:46:49+02:00,[60],[2.008]
2026-06-21T04:46:50+02:00,[60],[2.008]
2026-06-21T04:46:51+02:00,[60],[2.008]
2026-06-21T04:46:52+02:00,[60],[2.007]
2026-06-21T04:46:53+02:00,[60],[2.007]
2026-06-21T04:46:54+02:00,[60],[2.007]
2026-06-21T04:46:55+02:00,[60],[2.005]
2026-06-21T04:46:56+02:00,[60],[2.005]
2026-06-21T04:46:57+02:00,[60],[2.005]
2026-06-21T04:46:58+02:00,[60],[2.005]
2026-06-21T04:46:59+02:00,[60],[2.005]
2026-06-21T04:47:00+02:00,[60],[2.005]
2026-06-21T04:47:01+02:00,[60],[2.005]
2026-06-21T04:47:02+02:00,[60],[2.004]
2026-06-21T04:47:03+02:00,[60],[2.004]
2026-06-21T04:47:04+02:00,[60],[2.004]
2026-06-21T04:47:05+02:00,[60],[2.004]
2026-06-21T04:47:06+02:00,[60],[2.004]
2026-06-21T04:47:07+02:00,[60],[2.027]
2026-06-21T04:47:08+02:00,[60],[2.025]
2026-06-21T04:47:09+02:00,[60],[2.035]
2026-06-21T04:47:10+02:00,[60],[2.037]
2026-06-21T04:47:11+02:00,[60],[2.116]
2026-06-21T04:47:12+02:00,[60],[2.168]
2026-06-21T04:47:13+02:00,[60],[2.191]
2026-06-21T04:47:14+02:00,[60],[2.198]
2026-06-21T04:47:15+02:00,[60],[2.188]
2026-06-21T04:47:16+02:00,[60],[2.254]
2026-06-21T04:47:17+02:00,[60],[2.295]
2026-06-21T04:47:18+02:00,[60],[2.377]
2026-06-21T04:47:19+02:00,[60],[2.412]
2026-06-21T04:47:20+02:00,[60],[2.478]
2026-06-21T04:47:21+02:00,[60],[2.494]
2026-06-21T04:47:22+02:00,[60],[2.521]
2026-06-21T04:47:23+02:00,[60],[2.495]
2026-06-21T04:47:24+02:00,[60],[2.531]
2026-06-21T04:47:25+02:00,[60],[2.54]
2026-06-21T04:47:26+02:00,[60],[2.513]
2026-06-21T04:47:27+02:00,[60],[2.487]
2026-06-21T04:47:28+02:00,[60],[2.845]
2026-06-21T04:47:29+02:00,[60],[3.068]
2026-06-21T04:47:30+02:00,[60],[3.166]
2026-06-21T04:47:31+02:00,[60],[3.452]
2026-06-21T04:47:32+02:00,[60],[3.531]
2026-06-21T04:47:33+02:00,[60],[3.466]
2026-06-21T04:47:34+02:00,[60],[3.513]
2026-06-21T04:47:35+02:00,[60],[3.582]
2026-06-21T04:47:36+02:00,[60],[3.663]
2026-06-21T04:47:37+02:00,[60],[3.819]
2026-06-21T04:47:38+02:00,[60],[3.777]
2026-06-21T04:47:39+02:00,[60],[3.783]
2026-06-21T04:47:40+02:00,[60],[3.778]
2026-06-21T04:47:41+02:00,[60],[3.689]
2026-06-21T04:47:42+02:00,[60],[3.605]
2026-06-21T04:47:43+02:00,[60],[3.525]
2026-06-21T04:47:44+02:00,[60],[3.48]
2026-06-21T04:47:45+02:00,[60],[3.406]
2026-06-21T04:47:46+02:00,[60],[3.383]
2026-06-21T04:47:47+02:00,[60],[3.313]
2026-06-21T04:47:48+02:00,[60],[3.248]
2026-06-21T04:47:49+02:00,[60],[3.185]
2026-06-21T04:47:50+02:00,[60],[3.141]
2026-06-21T04:47:51+02:00,[60],[3.084]
2026-06-21T04:47:52+02:00,[60],[3.03]
2026-06-21T04:47:53+02:00,[60],[2.978]
2026-06-21T04:47:54+02:00,[60],[2.929]
2026-06-21T04:47:55+02:00,[60],[2.883]
2026-06-21T04:47:56+02:00,[60],[2.839]
2026-06-21T04:47:57+02:00,[60],[2.797]
2026-06-21T04:47:58+02:00,[60],[2.757]
2026-06-21T04:47:59+02:00,[60],[2.719]
2026-06-21T04:48:00+02:00,[60],[2.683]
2026-06-21T04:48:01+02:00,[60],[2.649]
2026-06-21T04:48:02+02:00,[60],[2.618]
2026-06-21T04:48:03+02:00,[60],[2.587]
2026-06-21T04:48:04+02:00,[60],[2.558]
2026-06-21T04:48:05+02:00,[60],[2.53]
2026-06-21T04:48:06+02:00,[60],[2.517]
2026-06-21T04:48:07+02:00,[60],[2.491]
2026-06-21T04:48:08+02:00,[60],[2.466]
2026-06-21T04:48:09+02:00,[60],[2.443]
2026-06-21T04:48:10+02:00,[60],[2.421]
2026-06-21T04:48:11+02:00,[60],[2.4]
2026-06-21T04:48:12+02:00,[60],[2.38]
2026-06-21T04:48:13+02:00,[60],[2.361]
2026-06-21T04:48:14+02:00,[60],[2.343]
2026-06-21T04:48:15+02:00,[60],[2.326]
2026-06-21T04:48:16+02:00,[60],[2.309]
2026-06-21T04:48:17+02:00,[60],[2.294]
2026-06-21T04:48:18+02:00,[60],[2.279]
2026-06-21T04:48:19+02:00,[60],[2.265]
2026-06-21T04:48:20+02:00,[60],[2.252]
2026-06-21T04:48:21+02:00,[60],[2.239]
2026-06-21T04:48:22+02:00,[60],[2.227]
2026-06-21T04:48:23+02:00,[60],[2.216]
2026-06-21T04:48:24+02:00,[60],[2.205]
2026-06-21T04:48:25+02:00,[60],[2.195]
2026-06-21T04:48:26+02:00,[60],[2.185]
2026-06-21T04:48:27+02:00,[60],[2.176]
2026-06-21T04:48:28+02:00,[60],[2.167]
2026-06-21T04:48:29+02:00,[60],[2.159]
2026-06-21T04:48:30+02:00,[60],[2.151]
2026-06-21T04:48:31+02:00,[60],[2.143]
2026-06-21T04:48:32+02:00,[60],[2.136]
2026-06-21T04:48:33+02:00,[60],[2.129]
2026-06-21T04:48:34+02:00,[60],[2.123]
2026-06-21T04:48:35+02:00,[60],[2.117]
2026-06-21T04:48:36+02:00,[60],[2.114]
2026-06-21T04:48:37+02:00,[60],[2.108]
2026-06-21T04:48:38+02:00,[60],[2.103]
2026-06-21T04:48:39+02:00,[60],[2.098]
2026-06-21T04:48:40+02:00,[60],[2.093]
2026-06-21T04:48:41+02:00,[60],[2.102]
2026-06-21T04:48:42+02:00,[60],[2.097]
2026-06-21T04:48:43+02:00,[60],[2.094]
2026-06-21T04:48:44+02:00,[60],[2.089]
2026-06-21T04:48:45+02:00,[60],[2.085]
2026-06-21T04:48:46+02:00,[60],[2.08]
2026-06-21T04:48:47+02:00,[60],[2.085]
2026-06-21T04:48:48+02:00,[60],[2.081]
2026-06-21T04:48:49+02:00,[60],[2.077]
2026-06-21T04:48:50+02:00,[60],[2.073]
2026-06-21T04:48:51+02:00,[60],[2.069]
2026-06-21T04:48:52+02:00,[60],[2.066]
2026-06-21T04:48:53+02:00,[60],[2.062]
2026-06-21T04:48:54+02:00,[60],[2.059]
2026-06-21T04:48:55+02:00,[60],[2.056]
2026-06-21T04:48:56+02:00,[60],[2.054]
2026-06-21T04:48:57+02:00,[60],[2.051]
2026-06-21T04:48:58+02:00,[60],[2.048]
2026-06-21T04:48:59+02:00,[60],[2.045]
2026-06-21T04:49:00+02:00,[60],[2.044]
2026-06-21T04:49:01+02:00,[60],[2.041]
2026-06-21T04:49:02+02:00,[60],[2.039]
2026-06-21T04:49:03+02:00,[60],[2.037]
2026-06-21T04:49:04+02:00,[60],[2.035]
2026-06-21T04:49:05+02:00,[60],[2.033]
2026-06-21T04:49:06+02:00,[60],[2.032]
2026-06-21T04:49:07+02:00,[60],[2.029]
2026-06-21T04:49:08+02:00,[60],[2.029]
2026-06-21T04:49:09+02:00,[60],[2.027]
2026-06-21T04:49:10+02:00,[60],[2.033]
2026-06-21T04:49:11+02:00,[60],[2.032]
2026-06-21T04:49:12+02:00,[60],[2.029]
2026-06-21T04:49:13+02:00,[60],[2.028]
2026-06-21T04:49:14+02:00,[60],[2.027]
2026-06-21T04:49:15+02:00,[60],[2.025]
2026-06-21T04:49:16+02:00,[60],[2.024]
2026-06-21T04:49:17+02:00,[60],[2.023]
2026-06-21T04:49:18+02:00,[60],[2.021]
2026-06-21T04:49:20+02:00,[60],[2.021]
2026-06-21T04:49:21+02:00,[60],[2.02]
2026-06-21T04:49:22+02:00,[60],[2.019]
2026-06-21T04:49:23+02:00,[60],[2.017]
2026-06-21T04:49:24+02:00,[60],[2.027]
2026-06-21T04:49:25+02:00,[60],[2.025]
2026-06-21T04:49:26+02:00,[60],[2.023]
2026-06-21T04:49:27+02:00,[60],[2.021]
2026-06-21T04:49:28+02:00,[60],[2.021]
2026-06-21T04:49:29+02:00,[60],[2.02]
2026-06-21T04:49:30+02:00,[60],[2.019]
2026-06-21T04:49:31+02:00,[60],[2.017]
2026-06-21T04:49:32+02:00,[60],[2.017]
2026-06-21T04:49:33+02:00,[60],[2.016]
2026-06-21T04:49:34+02:00,[60],[2.031]
2026-06-21T04:49:35+02:00,[60],[2.029]
2026-06-21T04:49:36+02:00,[60],[2.028]
2026-06-21T04:49:37+02:00,[60],[2.027]
2026-06-21T04:49:38+02:00,[60],[2.025]
2026-06-21T04:49:39+02:00,[60],[2.024]
2026-06-21T04:49:40+02:00,[60],[2.023]
2026-06-21T04:49:41+02:00,[60],[2.021]
2026-06-21T04:49:42+02:00,[60],[2.021]
2026-06-21T04:49:43+02:00,[60],[2.02]
2026-06-21T04:49:44+02:00,[60],[2.019]
2026-06-21T04:49:45+02:00,[60],[2.017]
2026-06-21T04:49:46+02:00,[60],[2.017]
2026-06-21T04:49:47+02:00,[60],[2.016]
2026-06-21T04:49:48+02:00,[60],[2.015]
2026-06-21T04:49:49+02:00,[60],[2.015]
2026-06-21T04:49:50+02:00,[60],[2.013]
2026-06-21T04:49:51+02:00,[60],[2.013]
2026-06-21T04:49:52+02:00,[60],[2.025]
2026-06-21T04:49:53+02:00,[60],[2.024]
2026-06-21T04:49:54+02:00,[60],[2.025]
2026-06-21T04:49:55+02:00,[60],[2.023]
2026-06-21T04:49:56+02:00,[60],[2.021]
2026-06-21T04:49:57+02:00,[60],[2.021]
2026-06-21T04:49:58+02:00,[60],[2.02]
2026-06-21T04:49:59+02:00,[60],[2.019]
2026-06-21T04:50:00+02:00,[60],[2.017]
2026-06-21T04:50:01+02:00,[60],[2.017]
2026-06-21T04:50:02+02:00,[60],[2.017]
2026-06-21T04:50:03+02:00,[60],[2.04]
2026-06-21T04:50:04+02:00,[60],[2.037]
2026-06-21T04:50:05+02:00,[60],[2.036]
2026-06-21T04:50:06+02:00,[60],[2.035]
2026-06-21T04:50:07+02:00,[60],[2.033]
2026-06-21T04:50:08+02:00,[60],[2.031]
2026-06-21T04:50:09+02:00,[60],[2.029]
2026-06-21T04:50:10+02:00,[60],[2.028]
2026-06-21T04:50:11+02:00,[60],[2.027]
2026-06-21T04:50:12+02:00,[60],[2.025]
2026-06-21T04:50:13+02:00,[60],[2.028]
2026-06-21T04:50:14+02:00,[60],[2.025]
2026-06-21T04:50:15+02:00,[60],[2.037]
2026-06-21T04:50:16+02:00,[60],[2.056]
2026-06-21T04:50:17+02:00,[60],[2.053]
2026-06-21T04:50:18+02:00,[60],[2.051]
2026-06-21T04:50:19+02:00,[60],[2.048]
2026-06-21T04:50:20+02:00,[60],[2.045]
2026-06-21T04:50:21+02:00,[60],[2.043]
2026-06-21T04:50:22+02:00,[60],[2.041]
2026-06-21T04:50:23+02:00,[60],[2.039]
2026-06-21T04:50:24+02:00,[60],[2.037]
2026-06-21T04:50:25+02:00,[60],[2.035]
2026-06-21T04:50:26+02:00,[60],[2.033]
2026-06-21T04:50:27+02:00,[60],[2.032]
2026-06-21T04:50:28+02:00,[60],[2.029]
2026-06-21T04:50:29+02:00,[60],[2.029]
2026-06-21T04:50:30+02:00,[60],[2.027]
2026-06-21T04:50:31+02:00,[60],[2.025]
2026-06-21T04:50:32+02:00,[60],[2.025]
2026-06-21T04:50:33+02:00,[60],[2.023]
2026-06-21T04:50:34+02:00,[60],[2.021]
2026-06-21T04:50:35+02:00,[60],[2.021]
2026-06-21T04:50:36+02:00,[60],[2.02]
2026-06-21T04:50:37+02:00,[60],[2.019]
2026-06-21T04:50:38+02:00,[60],[2.017]
2026-06-21T04:50:39+02:00,[60],[2.06]
2026-06-21T04:50:40+02:00,[60],[2.057]
2026-06-21T04:50:41+02:00,[60],[2.055]
2026-06-21T04:50:42+02:00,[60],[2.052]
2026-06-21T04:50:43+02:00,[60],[2.049]
2026-06-21T04:50:44+02:00,[60],[2.047]
2026-06-21T04:50:45+02:00,[60],[2.044]
2026-06-21T04:50:46+02:00,[60],[2.041]
2026-06-21T04:50:47+02:00,[60],[2.04]
2026-06-21T04:50:48+02:00,[60],[2.037]
2026-06-21T04:50:49+02:00,[60],[2.036]
2026-06-21T04:50:50+02:00,[60],[2.033]
2026-06-21T04:50:51+02:00,[60],[2.033]
2026-06-21T04:50:52+02:00,[60],[2.031]
2026-06-21T04:50:53+02:00,[60],[2.029]
2026-06-21T04:50:54+02:00,[60],[2.028]
2026-06-21T04:50:55+02:00,[60],[2.027]
2026-06-21T04:50:56+02:00,[60],[2.025]
2026-06-21T04:50:57+02:00,[60],[2.024]
2026-06-21T04:50:58+02:00,[60],[2.023]
2026-06-21T04:50:59+02:00,[60],[2.021]
2026-06-21T04:51:00+02:00,[60],[2.021]
2026-06-21T04:51:01+02:00,[60],[2.02]
2026-06-21T04:51:02+02:00,[60],[2.019]
2026-06-21T04:51:03+02:00,[60],[2.017]
2026-06-21T04:51:04+02:00,[60],[2.017]
2026-06-21T04:51:05+02:00,[60],[2.016]
2026-06-21T04:51:06+02:00,[60],[2.015]
2026-06-21T04:51:07+02:00,[60],[2.013]
2026-06-21T04:51:08+02:00,[60],[2.013]
2026-06-21T04:51:09+02:00,[60],[2.013]
2026-06-21T04:51:10+02:00,[60],[2.012]
2026-06-21T04:51:11+02:00,[60],[2.012]
2026-06-21T04:51:12+02:00,[60],[2.011]
2026-06-21T04:51:13+02:00,[60],[2.011]
2026-06-21T04:51:14+02:00,[60],[2.009]
2026-06-21T04:51:15+02:00,[60],[2.009]
2026-06-21T04:51:16+02:00,[60],[2.009]
2026-06-21T04:51:17+02:00,[60],[2.009]
2026-06-21T04:51:18+02:00,[60],[2.008]
2026-06-21T04:51:19+02:00,[60],[2.008]
2026-06-21T04:51:20+02:00,[60],[2.007]
2026-06-21T04:51:21+02:00,[60],[2.007]
2026-06-21T04:51:22+02:00,[60],[2.007]
2026-06-21T04:51:23+02:00,[60],[2.005]
2026-06-21T04:51:24+02:00,[60],[2.005]
2026-06-21T04:51:25+02:00,[60],[2.005]
2026-06-21T04:51:26+02:00,[60],[2.005]
2026-06-21T04:51:27+02:00,[60],[2.005]
2026-06-21T04:51:28+02:00,[60],[2.005]
2026-06-21T04:51:29+02:00,[60],[2.005]
2026-06-21T04:51:30+02:00,[60],[2.004]
2026-06-21T04:51:31+02:00,[60],[2.004]
2026-06-21T04:51:32+02:00,[60],[2.004]
2026-06-21T04:51:33+02:00,[60],[2.004]
2026-06-21T04:51:34+02:00,[60],[2.004]
2026-06-21T04:51:35+02:00,[60],[2.003]
2026-06-21T04:51:36+02:00,[60],[2.003]
2026-06-21T04:51:37+02:00,[60],[2.003]
2026-06-21T04:51:38+02:00,[60],[2.003]
2026-06-21T04:51:39+02:00,[60],[2.003]
2026-06-21T04:51:40+02:00,[60],[2.003]
2026-06-21T04:51:41+02:00,[60],[2.003]
2026-06-21T04:51:42+02:00,[60],[2.001]
2026-06-21T04:51:43+02:00,[60],[2.001]
2026-06-21T04:51:44+02:00,[60],[2.001]
2026-06-21T04:51:45+02:00,[60],[2.001]
2026-06-21T04:51:46+02:00,[60],[2.001]
2026-06-21T04:51:47+02:00,[60],[2.001]
2026-06-21T04:51:48+02:00,[60],[2.001]
2026-06-21T04:51:49+02:00,[60],[2.001]
2026-06-21T04:51:50+02:00,[60],[2.001]
2026-06-21T04:51:51+02:00,[60],[2.001]
2026-06-21T04:51:52+02:00,[60],[2.001]
2026-06-21T04:51:53+02:00,[60],[2.036]
2026-06-21T04:51:54+02:00,[60],[2.04]
2026-06-21T04:51:55+02:00,[60],[2.037]
2026-06-21T04:51:56+02:00,[60],[2.036]
2026-06-21T04:51:57+02:00,[60],[2.033]
2026-06-21T04:51:58+02:00,[60],[2.032]
2026-06-21T04:51:59+02:00,[60],[2.031]
2026-06-21T04:52:00+02:00,[60],[2.029]
2026-06-21T04:52:01+02:00,[60],[2.058]
2026-06-21T04:52:02+02:00,[60],[2.055]
2026-06-21T04:52:03+02:00,[60],[2.076]
2026-06-21T04:52:04+02:00,[60],[2.083]
2026-06-21T04:52:05+02:00,[60],[2.107]
2026-06-21T04:52:06+02:00,[60],[2.102]
2026-06-21T04:52:07+02:00,[60],[2.097]
2026-06-21T04:52:08+02:00,[60],[2.101]
2026-06-21T04:52:09+02:00,[60],[2.096]
2026-06-21T04:52:10+02:00,[60],[2.092]
2026-06-21T04:52:11+02:00,[60],[2.088]
2026-06-21T04:52:12+02:00,[60],[2.083]
2026-06-21T04:52:13+02:00,[60],[2.093]
2026-06-21T04:52:14+02:00,[60],[2.089]
2026-06-21T04:52:15+02:00,[60],[2.084]
2026-06-21T04:52:16+02:00,[60],[2.08]
2026-06-21T04:52:17+02:00,[60],[2.081]
2026-06-21T04:52:18+02:00,[60],[2.077]
2026-06-21T04:52:19+02:00,[60],[2.073]
2026-06-21T04:52:20+02:00,[60],[2.07]
2026-06-21T04:52:21+02:00,[60],[2.074]
2026-06-21T04:52:22+02:00,[60],[2.07]
2026-06-21T04:52:23+02:00,[60],[2.066]
2026-06-21T04:52:24+02:00,[60],[2.063]
2026-06-21T04:52:25+02:00,[60],[2.06]
2026-06-21T04:52:26+02:00,[60],[2.062]
2026-06-21T04:52:27+02:00,[60],[2.059]
2026-06-21T04:52:28+02:00,[60],[2.056]
2026-06-21T04:52:29+02:00,[60],[2.053]
2026-06-21T04:52:30+02:00,[60],[2.05]
2026-06-21T04:52:31+02:00,[60],[2.048]
2026-06-21T04:52:32+02:00,[60],[2.045]
2026-06-21T04:52:33+02:00,[60],[2.043]
2026-06-21T04:52:34+02:00,[60],[2.041]
2026-06-21T04:52:35+02:00,[60],[2.039]
2026-06-21T04:52:36+02:00,[60],[2.037]
2026-06-21T04:52:37+02:00,[60],[2.035]
2026-06-21T04:52:38+02:00,[60],[2.033]
2026-06-21T04:52:39+02:00,[60],[2.032]
2026-06-21T04:52:40+02:00,[60],[2.029]
2026-06-21T04:52:41+02:00,[60],[2.029]
2026-06-21T04:52:42+02:00,[60],[2.027]
2026-06-21T04:52:43+02:00,[60],[2.025]
2026-06-21T04:52:44+02:00,[60],[2.025]
2026-06-21T04:52:45+02:00,[60],[2.029]
2026-06-21T04:52:46+02:00,[60],[2.029]
2026-06-21T04:52:47+02:00,[60],[2.028]
2026-06-21T04:52:48+02:00,[60],[2.069]
2026-06-21T04:52:49+02:00,[60],[2.066]
2026-06-21T04:52:50+02:00,[60],[2.062]
2026-06-21T04:52:51+02:00,[60],[2.059]
2026-06-21T04:52:52+02:00,[60],[2.082]
2026-06-21T04:52:53+02:00,[60],[2.078]
2026-06-21T04:52:54+02:00,[60],[2.074]
2026-06-21T04:52:55+02:00,[60],[2.071]
2026-06-21T04:52:56+02:00,[60],[2.072]
2026-06-21T04:52:57+02:00,[60],[2.07]
2026-06-21T04:52:58+02:00,[60],[2.095]
2026-06-21T04:52:59+02:00,[60],[2.091]
2026-06-21T04:53:00+02:00,[60],[2.086]
2026-06-21T04:53:01+02:00,[60],[2.082]
2026-06-21T04:53:02+02:00,[60],[2.078]
2026-06-21T04:53:03+02:00,[60],[2.074]
2026-06-21T04:53:05+02:00,[60],[50]
2026-06-21T04:53:06+02:00,[60],[50]
2026-06-21T04:53:07+02:00,[60],[50]
2026-06-21T04:53:08+02:00,[60],[50]
2026-06-21T04:53:09+02:00,[60],[50]
2026-06-21T04:53:10+02:00,[60],[50]
2026-06-21T04:53:11+02:00,[60],[50]
2026-06-21T04:53:12+02:00,[60],[50]
2026-06-21T04:53:13+02:00,[60],[50]
2026-06-21T04:53:14+02:00,[60],[50]
2026-06-21T04:53:15+02:00,[60],[50]
2026-06-21T04:53:16+02:00,[60],[50]
2026-06-21T04:53:17+02:00,[60],[50]
2026-06-21T04:53:18+02:00,[60],[50]
2026-06-21T04:53:19+02:00,[60],[50]
2026-06-21T04:53:20+02:00,[60],[50]
2026-06-21T04:53:21+02:00,[60],[50]
2026-06-21T04:53:22+02:00,[60],[50]
2026-06-21T04:53:23+02:00,[60],[50]
2026-06-21T04:53:24+02:00,[60],[50]
2026-06-21T04:53:25+02:00,[60],[50]
2026-06-21T04:53:26+02:00,[60],[50]
2026-06-21T04:53:27+02:00,[60],[50]
2026-06-21T04:53:28+02:00,[60],[50]
2026-06-21T04:53:29+02:00,[60],[50]
2026-06-21T04:53:31+02:00,[60],[10]
2026-01-20T21:55:51+01:00,[60],[34.611]
2026-01-20T22:06:54+01:00,[60],[36.728]
2026-01-20T22:06:57+01:00,[60],[30.891]
2026-01-20T22:06:59+01:00,[60],[6.045]
2026-01-20T22:07:00+01:00,[60],[5.358]
2026-01-20T22:07:01+01:00,[60],[5.171]
2026-01-20T22:07:02+01:00,[60],[5.1]
2026-01-20T22:07:03+01:00,[60],[4.892]
2026-01-20T22:07:05+01:00,[60],[4.209]
2026-01-20T22:07:06+01:00,[60],[3.731]
2026-01-20T22:07:07+01:00,[60],[3.546]
2026-01-20T22:07:08+01:00,[60],[3.425]
2026-01-20T22:07:09+01:00,[60],[3.272]
2026-01-20T22:07:10+01:00,[60],[3.149]
2026-01-20T22:07:11+01:00,[60],[4.749]
2026-01-20T22:07:12+01:00,[60],[4.749]
2026-01-20T22:07:13+01:00,[60],[4.749]
2026-01-20T22:07:14+01:00,[60],[4.749]
2026-01-20T22:07:15+01:00,[60],[4.749]
2026-01-20T22:07:16+01:00,[60],[4.749]
2026-01-20T22:07:17+01:00,[60],[4.749]
2026-01-20T22:07:18+01:00,[60],[4.749]
2026-01-20T22:07:19+01:00,[60],[4.749]
2026-01-20T22:07:20+01:00,[60],[4.749]
2026-01-20T22:07:21+01:00,[60],[4.749]
2026-01-20T22:07:22+01:00,[60],[4.749]
2026-01-20T22:07:23+01:00,[60],[4.749]
2026-01-20T22:07:24+01:00,[60],[4.749]
2026-01-20T22:07:25+01:00,[60],[4.749]
2026-01-20T22:07:26+01:00,[60],[4.749]
2026-01-20T22:07:27+01:00,[60],[4.749]
2026-01-20T22:07:28+01:00,[60],[4.749]
2026-01-20T22:07:29+01:00,[60],[4.749]
2026-01-20T22:07:30+01:00,[60],[4.749]
2026-01-20T22:07:31+01:00,[60],[2.586]
2026-01-20T22:07:32+01:00,[60],[2.863]
2026-01-20T22:07:33+01:00,[60],[2.839]
2026-01-20T22:07:34+01:00,[60],[2.804]
2026-01-20T22:07:35+01:00,[60],[2.775]
2026-01-20T22:07:36+01:00,[60],[2.81]
2026-01-20T22:07:37+01:00,[60],[2.8]
2026-01-20T22:07:38+01:00,[60],[2.86]
2026-01-20T22:07:39+01:00,[60],[2.982]
2026-01-20T22:07:40+01:00,[60],[3.046]
2026-01-20T22:07:41+01:00,[60],[3.039]
2026-01-20T22:07:42+01:00,[60],[3.091]
2026-01-20T22:07:43+01:00,[60],[3.133]
2026-01-20T22:07:44+01:00,[60],[3.208]
2026-01-20T22:07:45+01:00,[60],[3.225]
2026-01-20T22:07:46+01:00,[60],[3.226]
2026-01-20T22:07:47+01:00,[60],[3.261]
2026-01-20T22:07:48+01:00,[60],[3.31]
2026-01-20T22:07:49+01:00,[60],[3.293]
2026-01-20T22:07:50+01:00,[60],[3.321]
2026-01-20T22:07:51+01:00,[60],[3.31]
2026-01-20T22:07:52+01:00,[60],[3.318]
2026-01-20T22:07:53+01:00,[60],[3.345]
2026-01-20T22:07:54+01:00,[60],[3.339]
2026-01-20T22:07:55+01:00,[60],[3.336]
2026-01-20T22:07:56+01:00,[60],[3.294]
2026-01-20T22:07:57+01:00,[60],[3.26]
2026-01-20T22:07:58+01:00,[60],[3.244]
2026-01-20T22:07:59+01:00,[60],[3.249]
2026-01-20T22:08:00+01:00,[60],[3.206]
2026-01-20T22:08:01+01:00,[60],[3.217]
2026-01-20T22:08:02+01:00,[60],[3.203]
2026-01-20T22:08:03+01:00,[60],[3.198]
2026-01-20T22:08:04+01:00,[60],[3.18]
2026-01-20T22:08:05+01:00,[60],[3.131]
2026-01-20T22:08:06+01:00,[60],[3.146]
2026-01-20T22:08:07+01:00,[60],[3.126]
2026-01-20T22:08:08+01:00,[60],[3.087]
2026-01-20T22:08:09+01:00,[60],[3.058]
2026-01-20T22:08:10+01:00,[60],[3.077]
2026-01-20T22:08:11+01:00,[60],[3.053]
2026-01-20T22:08:12+01:00,[60],[3.008]
2026-01-20T22:08:13+01:00,[60],[3.02]
2026-01-20T22:08:14+01:00,[60],[2.986]
2026-01-20T22:08:15+01:00,[60],[2.998]
2026-01-20T22:08:16+01:00,[60],[3.038]
2026-01-20T22:08:17+01:00,[60],[3.112]
2026-01-20T22:08:18+01:00,[60],[3.088]
2026-01-20T22:08:19+01:00,[60],[3.083]
2026-01-20T22:08:20+01:00,[60],[3.059]
2026-01-20T22:08:21+01:00,[60],[3.014]
2026-01-20T22:08:22+01:00,[60],[2.994]
2026-01-20T22:08:23+01:00,[60],[2.944]
2026-01-20T22:08:24+01:00,[60],[2.906]
2026-01-20T22:08:25+01:00,[60],[2.884]
2026-01-20T22:08:26+01:00,[60],[2.861]
2026-01-20T22:08:27+01:00,[60],[2.825]
2026-01-20T22:08:28+01:00,[60],[2.837]
2026-01-20T22:08:29+01:00,[60],[2.797]
2026-01-20T22:08:30+01:00,[60],[2.784]
2026-01-20T22:08:31+01:00,[60],[2.746]
2026-01-20T22:08:32+01:00,[60],[2.71]
2026-01-20T22:08:33+01:00,[60],[2.695]
2026-01-20T22:08:34+01:00,[60],[2.66]
2026-01-20T22:08:35+01:00,[60],[2.667]
2026-01-20T22:08:36+01:00,[60],[2.654]
2026-01-20T22:08:37+01:00,[60],[2.649]
2026-01-20T22:08:38+01:00,[60],[2.619]
2026-01-20T22:08:39+01:00,[60],[2.613]
2026-01-20T22:08:40+01:00,[60],[2.622]
2026-01-20T22:08:41+01:00,[60],[2.614]
2026-01-20T22:08:42+01:00,[60],[2.618]
2026-01-20T22:08:43+01:00,[60],[2.618]
2026-01-20T22:08:44+01:00,[60],[2.587]
2026-01-20T22:08:45+01:00,[60],[2.583]
2026-01-20T22:08:46+01:00,[60],[2.599]
2026-01-20T22:08:47+01:00,[60],[2.58]
2026-01-20T22:08:48+01:00,[60],[2.551]
2026-01-20T22:08:49+01:00,[60],[2.609]
2026-01-20T22:08:50+01:00,[60],[2.647]
2026-01-20T22:08:51+01:00,[60],[2.671]
2026-01-20T22:08:52+01:00,[60],[2.692]
2026-01-20T22:08:53+01:00,[60],[2.714]
2026-01-20T22:08:54+01:00,[60],[2.725]
2026-01-20T22:08:55+01:00,[60],[2.732]
2026-01-20T22:08:56+01:00,[60],[2.76]
2026-01-20T22:08:57+01:00,[60],[2.776]
2026-01-20T22:08:58+01:00,[60],[2.797]
2026-01-20T22:08:59+01:00,[60],[2.819]
2026-01-20T22:09:00+01:00,[60],[2.778]
2026-01-20T22:09:01+01:00,[60],[2.803]
2026-01-20T22:09:02+01:00,[60],[2.852]
2026-01-20T22:09:03+01:00,[60],[2.858]
2026-01-20T22:09:04+01:00,[60],[2.815]
2026-01-20T22:09:05+01:00,[60],[2.804]
2026-01-20T22:09:06+01:00,[60],[2.835]
2026-01-20T22:09:07+01:00,[60],[2.856]
2026-01-20T22:09:08+01:00,[60],[2.858]
2026-01-20T22:09:09+01:00,[60],[2.867]
2026-01-20T22:09:10+01:00,[60],[2.854]
2026-01-20T22:09:11+01:00,[60],[2.816]
2026-01-20T22:09:12+01:00,[60],[2.815]
2026-01-20T22:09:13+01:00,[60],[2.864]
2026-01-20T22:09:14+01:00,[60],[2.893]
2026-01-20T22:09:15+01:00,[60],[2.854]
2026-01-20T22:09:16+01:00,[60],[2.847]
2026-01-20T22:09:17+01:00,[60],[2.881]
2026-01-20T22:09:18+01:00,[60],[2.907]
2026-01-20T22:09:19+01:00,[60],[2.874]
2026-01-20T22:09:20+01:00,[60],[2.86]
2026-01-20T22:09:21+01:00,[60],[2.902]
2026-01-20T22:09:22+01:00,[60],[2.878]
2026-01-20T22:09:23+01:00,[60],[2.837]
2026-01-20T22:09:24+01:00,[60],[2.854]
2026-01-20T22:09:25+01:00,[60],[2.83]
2026-01-20T22:09:26+01:00,[60],[2.823]
2026-01-20T22:09:27+01:00,[60],[2.821]
2026-01-20T22:09:28+01:00,[60],[2.805]
2026-01-20T22:09:29+01:00,[60],[2.774]
2026-01-20T22:09:30+01:00,[60],[2.757]
2026-01-20T22:09:31+01:00,[60],[2.795]
2026-01-20T22:09:32+01:00,[60],[2.8]
2026-01-20T22:09:33+01:00,[60],[2.766]
2026-01-20T22:09:34+01:00,[60],[2.796]
2026-01-20T22:09:35+01:00,[60],[2.81]
2026-01-20T22:09:36+01:00,[60],[2.806]
2026-01-20T22:09:37+01:00,[60],[2.766]
2026-01-20T22:09:38+01:00,[60],[2.776]
2026-01-20T22:09:39+01:00,[60],[2.751]
2026-01-20T22:09:40+01:00,[60],[2.742]
2026-01-20T22:09:41+01:00,[60],[2.786]
2026-01-20T22:09:42+01:00,[60],[2.75]
2026-01-20T22:09:43+01:00,[60],[2.812]
2026-01-20T22:09:44+01:00,[60],[2.849]
2026-01-20T22:09:45+01:00,[60],[2.859]
2026-01-20T22:09:46+01:00,[60],[2.816]
2026-01-20T22:09:47+01:00,[60],[2.815]
2026-01-20T22:09:48+01:00,[60],[2.78]
2026-01-20T22:09:49+01:00,[60],[2.816]
2026-01-20T22:09:50+01:00,[60],[2.775]
2026-01-20T22:09:51+01:00,[60],[2.787]
2026-01-20T22:09:52+01:00,[60],[2.784]
2026-01-20T22:09:53+01:00,[60],[2.77]
2026-01-20T22:09:54+01:00,[60],[2.787]
2026-01-20T22:09:55+01:00,[60],[2.805]
2026-01-20T22:09:56+01:00,[60],[2.823]
2026-01-20T22:09:57+01:00,[60],[2.848]
2026-01-20T22:09:58+01:00,[60],[2.805]
2026-01-20T22:09:59+01:00,[60],[2.814]
2026-01-20T22:10:00+01:00,[60],[2.802]
2026-01-20T22:10:01+01:00,[60],[2.774]
2026-01-20T22:10:02+01:00,[60],[2.763]
2026-01-20T22:10:03+01:00,[60],[2.777]
2026-01-20T22:10:04+01:00,[60],[2.753]
2026-01-20T22:10:05+01:00,[60],[2.729]
2026-01-20T22:10:06+01:00,[60],[2.706]
2026-01-20T22:10:07+01:00,[60],[2.7]
2026-01-20T22:10:08+01:00,[60],[2.734]
2026-01-20T22:10:09+01:00,[60],[2.733]
2026-01-20T22:10:10+01:00,[60],[2.74]
2026-01-20T22:10:11+01:00,[60],[2.751]
2026-01-20T22:10:12+01:00,[60],[2.717]
2026-01-20T22:10:13+01:00,[60],[2.756]
2026-01-20T22:10:14+01:00,[60],[2.758]
2026-01-20T22:10:15+01:00,[60],[2.771]
2026-01-20T22:10:16+01:00,[60],[2.742]
2026-01-20T22:10:17+01:00,[60],[2.774]
2026-01-20T22:10:18+01:00,[60],[2.885]
2026-01-20T22:10:19+01:00,[60],[2.922]
2026-01-20T22:10:20+01:00,[60],[2.942]
2026-01-20T22:10:21+01:00,[60],[3.064]
2026-01-20T22:10:22+01:00,[60],[3.118]
2026-01-20T22:10:23+01:00,[60],[3.186]
2026-01-20T22:10:24+01:00,[60],[3.257]
2026-01-20T22:10:25+01:00,[60],[3.372]
2026-01-20T22:10:26+01:00,[60],[3.434]
2026-01-20T22:10:27+01:00,[60],[3.492]
2026-01-20T22:10:28+01:00,[60],[3.541]
2026-01-20T22:10:29+01:00,[60],[3.468]
2026-01-20T22:10:30+01:00,[60],[3.557]
2026-01-20T22:10:31+01:00,[60],[3.575]
2026-01-20T22:10:32+01:00,[60],[3.625]
2026-01-20T22:10:33+01:00,[60],[3.679]
2026-01-20T22:10:34+01:00,[60],[3.732]
2026-01-20T22:10:35+01:00,[60],[3.723]
2026-01-20T22:10:37+01:00,[60],[3.771]
2026-01-20T22:10:38+01:00,[60],[3.769]
2026-01-20T22:10:39+01:00,[60],[3.769]
2026-01-20T22:10:40+01:00,[60],[3.836]
2026-01-20T22:10:41+01:00,[60],[3.787]
2026-01-20T22:10:42+01:00,[60],[3.736]
2026-01-20T22:10:43+01:00,[60],[3.682]
2026-01-20T22:10:44+01:00,[60],[3.686]
2026-01-20T22:10:45+01:00,[60],[3.602]
2026-01-20T22:10:46+01:00,[60],[3.574]
2026-01-20T22:10:47+01:00,[60],[3.57]
2026-01-20T22:10:48+01:00,[60],[3.552]
2026-01-20T22:10:49+01:00,[60],[3.514]
2026-01-20T22:10:50+01:00,[60],[3.51]
2026-01-20T22:10:51+01:00,[60],[3.481]
2026-01-20T22:10:52+01:00,[60],[3.434]
2026-01-20T22:10:53+01:00,[60],[3.383]
2026-01-20T22:10:54+01:00,[60],[3.374]
2026-01-20T22:10:55+01:00,[60],[3.343]
2026-01-20T22:10:56+01:00,[60],[3.39]
2026-01-20T22:10:57+01:00,[60],[3.371]
2026-01-20T22:10:58+01:00,[60],[3.362]
2026-01-20T22:10:59+01:00,[60],[3.363]
2026-01-20T22:11:00+01:00,[60],[3.371]
2026-01-20T22:11:01+01:00,[60],[3.427]
2026-01-20T22:11:02+01:00,[60],[3.481]
2026-01-20T22:11:03+01:00,[60],[3.533]
2026-01-20T22:11:04+01:00,[60],[3.569]
2026-01-20T22:11:05+01:00,[60],[3.599]
2026-01-20T22:11:06+01:00,[60],[3.622]
2026-01-20T22:11:07+01:00,[60],[3.593]
2026-01-20T22:11:08+01:00,[60],[3.651]
2026-01-20T22:11:09+01:00,[60],[3.638]
2026-01-20T22:11:10+01:00,[60],[3.7]
2026-01-20T22:11:11+01:00,[60],[3.698]
2026-01-20T22:11:12+01:00,[60],[3.69]
2026-01-20T22:11:13+01:00,[60],[3.693]
2026-01-20T22:11:14+01:00,[60],[3.656]
2026-01-20T22:11:15+01:00,[60],[3.621]
2026-01-20T22:11:16+01:00,[60],[3.517]
2026-01-20T22:11:17+01:00,[60],[3.466]
2026-01-20T22:11:18+01:00,[60],[3.53]
2026-01-20T22:11:19+01:00,[60],[3.628]
2026-01-20T22:11:20+01:00,[60],[3.696]
2026-01-20T22:11:21+01:00,[60],[3.727]
2026-01-20T22:11:22+01:00,[60],[3.794]
2026-01-20T22:11:23+01:00,[60],[3.887]
2026-01-20T22:11:24+01:00,[60],[4.026]
2026-01-20T22:11:25+01:00,[60],[4.069]
2026-01-20T22:11:26+01:00,[60],[4.282]
2026-01-20T22:11:27+01:00,[60],[4.318]
2026-01-20T22:11:28+01:00,[60],[4.473]
2025-11-18T00:42:17+01:00,[60],[15.848]
2025-11-18T00:42:20+01:00,[60],[15.848]
2025-11-18T00:42:22+01:00,[60],[6.671]
2025-11-18T00:42:23+01:00,[60],[5.524]
2025-11-18T00:42:24+01:00,[60],[4.779]
2025-11-18T00:42:26+01:00,[60],[4.689]
2025-11-18T00:42:27+01:00,[60],[4.528]
2025-11-18T00:42:28+01:00,[60],[4.316]
2025-11-18T00:42:29+01:00,[60],[4.199]
2025-11-18T00:42:30+01:00,[60],[4.175]
2025-11-18T00:42:31+01:00,[60],[3.913]
2025-11-18T00:42:32+01:00,[60],[3.672]
2025-11-18T00:42:33+01:00,[60],[3.479]
2025-11-18T00:42:34+01:00,[60],[4.749]
2025-11-18T00:42:35+01:00,[60],[4.749]
2025-11-18T00:42:36+01:00,[60],[4.749]
2025-11-18T00:42:37+01:00,[60],[4.749]
2025-11-18T00:42:38+01:00,[60],[4.749]
2025-11-18T00:42:39+01:00,[60],[4.749]
2025-11-18T00:42:40+01:00,[60],[4.749]
2025-11-18T00:42:41+01:00,[60],[4.749]
2025-11-18T00:42:42+01:00,[60],[4.749]
2025-11-18T00:42:43+01:00,[60],[4.749]
2025-11-18T00:42:44+01:00,[60],[4.749]
2025-11-18T00:42:45+01:00,[60],[4.749]
2025-11-18T00:42:46+01:00,[60],[4.749]
2025-11-18T00:42:47+01:00,[60],[4.749]
2025-11-18T00:42:48+01:00,[60],[4.749]
2025-11-18T00:42:49+01:00,[60],[4.749]
2025-11-18T00:42:50+01:00,[60],[4.749]
2025-11-18T00:42:51+01:00,[60],[4.749]
2025-11-18T00:42:52+01:00,[60],[4.749]
2025-11-18T00:42:53+01:00,[60],[4.749]
2025-11-18T00:42:54+01:00,[60],[7]
2025-11-18T00:42:55+01:00,[60],[6.375]
2025-11-18T00:42:56+01:00,[60],[6.709]
2025-11-18T00:42:57+01:00,[60],[6.709]
2025-11-18T00:42:58+01:00,[60],[6.709]
2025-11-18T00:42:59+01:00,[60],[6.556]
2025-11-18T00:43:00+01:00,[60],[6.556]
2025-11-18T00:43:01+01:00,[60],[6.506]
2025-11-18T00:43:02+01:00,[60],[6.506]
2025-11-18T00:43:03+01:00,[60],[6.506]
2025-11-18T00:43:04+01:00,[60],[6.501]
2025-11-18T00:43:05+01:00,[60],[6.607]
2025-11-18T00:43:06+01:00,[60],[6.805]
2025-11-18T00:43:07+01:00,[60],[6.793]
2025-11-18T00:43:08+01:00,[60],[6.768]
2025-11-18T00:43:09+01:00,[60],[6.886]
2025-11-18T00:43:10+01:00,[60],[6.861]
2025-11-18T00:43:11+01:00,[60],[6.861]
2025-11-18T00:43:12+01:00,[60],[6.861]
2025-11-18T00:43:13+01:00,[60],[7.225]
2025-11-18T00:43:14+01:00,[60],[7.225]
2025-11-18T00:43:15+01:00,[60],[7.225]
2025-11-18T00:43:16+01:00,[60],[7.225]
2025-11-18T00:43:17+01:00,[60],[7.225]
2025-11-18T00:43:18+01:00,[60],[7.225]
2025-11-18T00:43:19+01:00,[60],[7.225]
2025-11-18T00:43:20+01:00,[60],[7.225]
2025-11-18T00:43:21+01:00,[60],[7.266]
2025-11-18T00:43:22+01:00,[60],[7.332]
2025-11-18T00:43:23+01:00,[60],[7.332]
2025-11-18T00:43:24+01:00,[60],[7.332]
2025-11-18T00:43:25+01:00,[60],[7.332]
2025-11-18T00:43:26+01:00,[60],[7.281]
2025-11-18T00:43:27+01:00,[60],[7.306]
2025-11-18T00:43:28+01:00,[60],[7.343]
2025-11-18T00:43:29+01:00,[60],[7.343]
2025-11-18T00:43:30+01:00,[60],[7.33]
2025-11-18T00:43:31+01:00,[60],[7.33]
2025-11-18T00:43:32+01:00,[60],[7.357]
2025-11-18T00:43:33+01:00,[60],[7.403]
2025-11-18T00:43:34+01:00,[60],[7.41]
2025-11-18T00:43:35+01:00,[60],[7.41]
2025-11-18T00:43:36+01:00,[60],[7.494]
2025-11-18T00:43:37+01:00,[60],[7.443]
2025-11-18T00:43:38+01:00,[60],[7.355]
2025-11-18T00:43:39+01:00,[60],[7.271]
2025-11-18T00:43:40+01:00,[60],[7.207]
2025-11-18T00:43:41+01:00,[60],[7.162]
2025-11-18T00:43:42+01:00,[60],[7.268]
2025-11-18T00:43:43+01:00,[60],[7.319]
2025-11-18T00:43:44+01:00,[60],[7.314]
2025-11-18T00:43:45+01:00,[60],[7.306]
2025-11-18T00:43:46+01:00,[60],[7.382]
2025-11-18T00:43:47+01:00,[60],[7.273]
2025-11-18T00:43:48+01:00,[60],[7.206]
2025-11-18T00:43:49+01:00,[60],[7.206]
2025-11-18T00:43:50+01:00,[60],[7.17]
2025-11-18T00:43:51+01:00,[60],[7.227]
2025-11-18T00:43:52+01:00,[60],[7.212]
2025-11-18T00:43:53+01:00,[60],[7.254]
2025-11-18T00:43:54+01:00,[60],[7.323]
2025-11-18T00:43:55+01:00,[60],[7.397]
2025-11-18T00:43:56+01:00,[60],[7.481]
2025-11-18T00:43:57+01:00,[60],[7.472]
2025-11-18T00:43:58+01:00,[60],[7.494]
2025-11-18T00:43:59+01:00,[60],[7.611]
2025-11-18T00:44:00+01:00,[60],[7.678]
2025-11-18T00:44:01+01:00,[60],[7.678]
2025-11-18T00:44:02+01:00,[60],[7.785]
2025-11-18T00:44:03+01:00,[60],[7.731]
2025-11-18T00:44:04+01:00,[60],[7.731]
2025-11-18T00:44:05+01:00,[60],[7.731]
2025-11-18T00:44:06+01:00,[60],[7.731]
2025-11-18T00:44:07+01:00,[60],[7.731]
2025-11-18T00:44:08+01:00,[60],[7.705]
2025-11-18T00:44:09+01:00,[60],[7.705]
2025-11-18T00:44:10+01:00,[60],[7.696]
2025-11-18T00:44:11+01:00,[60],[7.714]
2025-11-18T00:44:12+01:00,[60],[7.806]
2025-11-18T00:44:13+01:00,[60],[7.763]
2025-11-18T00:44:14+01:00,[60],[7.746]
2025-11-18T00:44:15+01:00,[60],[7.773]
2025-11-18T00:44:16+01:00,[60],[7.738]
2025-11-18T00:44:17+01:00,[60],[7.662]
2025-11-18T00:44:18+01:00,[60],[7.605]
2025-11-18T00:44:19+01:00,[60],[7.691]
2025-11-18T00:44:20+01:00,[60],[7.733]
2025-11-18T00:44:21+01:00,[60],[7.749]
2025-11-18T00:44:22+01:00,[60],[7.724]
2025-11-18T00:44:23+01:00,[60],[7.776]
2025-11-18T00:44:24+01:00,[60],[7.753]
2025-11-18T00:44:25+01:00,[60],[7.85]
2025-11-18T00:44:26+01:00,[60],[7.85]
2025-11-18T00:44:27+01:00,[60],[7.936]
2025-11-18T00:44:28+01:00,[60],[7.954]
2025-11-18T00:44:29+01:00,[60],[7.961]
2025-11-18T00:44:30+01:00,[60],[8.077]
2025-11-18T00:44:32+01:00,[60],[8.077]
2025-11-18T00:44:33+01:00,[60],[8.144]
2025-11-18T00:44:34+01:00,[60],[8.183]
2025-11-18T00:44:35+01:00,[60],[8.196]
2025-11-18T00:44:36+01:00,[60],[8.221]
2025-11-18T00:44:37+01:00,[60],[8.261]
2025-11-18T00:44:38+01:00,[60],[8.264]
2025-11-18T00:44:39+01:00,[60],[8.257]
2025-11-18T00:44:40+01:00,[60],[8.225]
2025-11-18T00:44:41+01:00,[60],[8.26]
2025-11-18T00:44:42+01:00,[60],[8.177]
2025-11-18T00:44:43+01:00,[60],[8.103]
2025-11-18T00:44:44+01:00,[60],[8.079]
2025-11-18T00:44:45+01:00,[60],[8.087]
2025-11-18T00:44:46+01:00,[60],[7.98]
2025-11-18T00:44:47+01:00,[60],[7.96]
2025-11-18T00:44:48+01:00,[60],[7.986]
2025-11-18T00:44:49+01:00,[60],[7.986]
2025-11-18T00:44:50+01:00,[60],[7.986]
2025-11-18T00:44:51+01:00,[60],[8.042]
2025-11-18T00:44:52+01:00,[60],[8.071]
2025-11-18T00:44:53+01:00,[60],[8.1]
2025-11-18T00:44:54+01:00,[60],[7.995]
2025-11-18T00:44:55+01:00,[60],[8.077]
2025-11-18T00:44:56+01:00,[60],[8.048]
2025-11-18T00:44:57+01:00,[60],[7.984]
2025-11-18T00:44:58+01:00,[60],[7.984]
2025-11-18T00:44:59+01:00,[60],[7.958]
2025-11-18T00:45:00+01:00,[60],[7.998]
2025-11-18T00:45:01+01:00,[60],[7.936]
2025-11-18T00:45:02+01:00,[60],[7.894]
2025-11-18T00:45:03+01:00,[60],[7.894]
2025-11-18T00:45:04+01:00,[60],[7.894]
2025-11-18T00:45:05+01:00,[60],[7.848]
2025-11-18T00:45:06+01:00,[60],[7.795]
2025-11-18T00:45:07+01:00,[60],[7.747]
2025-11-18T00:45:08+01:00,[60],[7.747]
2025-11-18T00:45:09+01:00,[60],[7.727]
2025-11-18T00:45:10+01:00,[60],[7.686]
2025-11-18T00:45:11+01:00,[60],[7.711]
2025-11-18T00:45:12+01:00,[60],[7.654]
2025-11-18T00:45:13+01:00,[60],[7.654]
2025-11-18T00:45:14+01:00,[60],[7.591]
2025-11-18T00:45:15+01:00,[60],[7.565]
2025-11-18T00:45:16+01:00,[60],[7.519]
2025-11-18T00:45:17+01:00,[60],[7.514]
2025-11-18T00:45:18+01:00,[60],[7.514]
2025-11-18T00:45:19+01:00,[60],[7.514]
2025-11-18T00:45:20+01:00,[60],[7.491]
2025-11-18T00:45:21+01:00,[60],[7.454]
2025-11-18T00:45:22+01:00,[60],[7.459]
2025-11-18T00:45:23+01:00,[60],[7.46]
2025-11-18T00:45:24+01:00,[60],[7.46]
2025-11-18T00:45:25+01:00,[60],[7.46]
2025-11-18T00:45:26+01:00,[60],[7.404]
2025-11-18T00:45:27+01:00,[60],[7.404]
2025-11-18T00:45:28+01:00,[60],[7.404]
2025-11-18T00:45:29+01:00,[60],[7.404]
2025-11-18T00:45:30+01:00,[60],[7.351]
2025-11-18T00:45:31+01:00,[60],[7.351]
2025-11-18T00:45:32+01:00,[60],[7.333]
2025-11-18T00:45:33+01:00,[60],[7.338]
2025-11-18T00:45:34+01:00,[60],[7.353]
2025-11-18T00:45:35+01:00,[60],[7.354]
2025-11-18T00:45:36+01:00,[60],[7.398]
2025-11-18T00:45:37+01:00,[60],[7.404]
2025-11-18T00:45:38+01:00,[60],[7.376]
2025-11-18T00:45:39+01:00,[60],[7.338]
2025-11-18T00:45:40+01:00,[60],[7.338]
2025-11-18T00:45:41+01:00,[60],[7.274]
2025-11-18T00:45:42+01:00,[60],[7.276]
2025-11-18T00:45:43+01:00,[60],[7.199]
2025-11-18T00:45:44+01:00,[60],[7.135]
2025-11-18T00:45:45+01:00,[60],[7.1]
2025-11-18T00:45:46+01:00,[60],[7.038]
2025-11-18T00:45:47+01:00,[60],[7.038]
2025-11-18T00:45:48+01:00,[60],[7.021]
2025-11-18T00:45:49+01:00,[60],[6.902]
2025-11-18T00:45:50+01:00,[60],[6.922]
2025-11-18T00:45:51+01:00,[60],[6.862]
2025-11-18T00:45:52+01:00,[60],[6.862]
2025-11-18T00:45:53+01:00,[60],[6.966]
2025-11-18T00:45:54+01:00,[60],[6.966]
2025-11-18T00:45:55+01:00,[60],[6.919]
2025-11-18T00:45:56+01:00,[60],[6.96]
2025-11-18T00:45:57+01:00,[60],[7.062]
2025-11-18T00:45:58+01:00,[60],[7.016]
2025-11-18T00:45:59+01:00,[60],[7.016]
2025-11-18T00:46:00+01:00,[60],[6.93]
2025-11-18T00:46:01+01:00,[60],[6.948]
2025-11-18T00:46:02+01:00,[60],[6.948]
2025-11-18T00:46:03+01:00,[60],[6.927]
2025-11-18T00:46:04+01:00,[60],[6.927]
2025-11-18T00:46:05+01:00,[60],[6.927]
2025-11-18T00:46:06+01:00,[60],[6.879]
2025-11-18T00:46:07+01:00,[60],[6.806]
2025-11-18T00:46:08+01:00,[60],[6.799]
2025-11-18T00:46:09+01:00,[60],[6.799]
2025-11-18T00:46:10+01:00,[60],[6.811]
2025-11-18T00:46:11+01:00,[60],[6.811]
2025-11-18T00:46:12+01:00,[60],[6.876]
2025-11-18T00:46:13+01:00,[60],[6.937]
2025-11-18T00:46:14+01:00,[60],[6.937]
2025-11-18T00:46:15+01:00,[60],[6.916]
2025-11-18T00:46:16+01:00,[60],[6.929]
2025-11-18T00:46:17+01:00,[60],[6.88]
2025-11-18T00:46:18+01:00,[60],[6.88]
2025-11-18T00:46:19+01:00,[60],[6.88]
2025-11-18T00:46:20+01:00,[60],[6.88]
2025-11-18T00:46:21+01:00,[60],[6.837]
2025-11-18T00:46:22+01:00,[60],[6.883]
2025-11-18T00:46:23+01:00,[60],[6.883]
2025-11-18T00:46:24+01:00,[60],[6.883]
2025-11-18T00:46:25+01:00,[60],[6.883]
2025-11-18T00:46:26+01:00,[60],[6.883]
2025-11-18T00:46:27+01:00,[60],[6.883]
2025-11-18T00:46:28+01:00,[60],[6.834]
2025-11-18T00:46:29+01:00,[60],[6.834]
2025-11-18T00:46:30+01:00,[60],[6.834]
2025-11-18T00:46:31+01:00,[60],[6.865]
2025-11-18T00:46:32+01:00,[60],[6.878]
2025-11-18T00:46:33+01:00,[60],[6.878]
2025-11-18T00:46:34+01:00,[60],[6.861]
2025-11-18T00:46:35+01:00,[60],[6.851]
2025-11-18T00:46:36+01:00,[60],[6.82]
2025-11-18T00:46:38+01:00,[60],[6.875]
2025-11-18T00:46:39+01:00,[60],[6.875]
2025-11-18T00:46:40+01:00,[60],[6.811]
2025-11-18T00:46:41+01:00,[60],[6.686]
2025-11-18T00:46:42+01:00,[60],[6.696]
2025-11-18T00:46:43+01:00,[60],[6.716]
2025-11-18T00:46:44+01:00,[60],[6.695]
2025-11-18T00:46:45+01:00,[60],[6.64]
2025-11-18T00:46:46+01:00,[60],[6.59]
2025-11-18T00:46:47+01:00,[60],[6.622]
2025-11-18T00:46:48+01:00,[60],[6.689]
2025-11-18T00:46:49+01:00,[60],[6.689]
2025-11-18T00:46:50+01:00,[60],[6.689]
2025-11-18T00:46:51+01:00,[60],[6.689]
2025-11-18T00:46:52+01:00,[60],[6.753]
2025-11-18T00:46:53+01:00,[60],[6.898]
2025-11-18T00:46:54+01:00,[60],[6.898]
2025-11-18T00:46:55+01:00,[60],[6.928]
2025-11-18T00:46:56+01:00,[60],[6.928]
2025-11-18T00:46:57+01:00,[60],[6.831]
2025-11-18T00:46:58+01:00,[60],[6.831]
2025-11-18T00:46:59+01:00,[60],[6.831]
2025-11-18T00:47:00+01:00,[60],[6.768]
2025-11-18T00:47:01+01:00,[60],[6.753]
2025-11-18T00:47:02+01:00,[60],[6.763]
2025-11-18T00:47:03+01:00,[60],[6.812]
2025-11-18T00:47:04+01:00,[60],[6.722]
2025-11-18T00:47:05+01:00,[60],[6.692]
2025-11-18T00:47:06+01:00,[60],[6.788]
2025-11-18T00:47:07+01:00,[60],[6.675]
2025-11-18T00:47:08+01:00,[60],[6.732]
2025-11-18T00:47:09+01:00,[60],[6.696]
2025-11-18T00:47:10+01:00,[60],[6.654]
2025-11-18T00:47:11+01:00,[60],[6.618]
2025-11-18T00:47:12+01:00,[60],[6.645]
2025-11-18T00:47:13+01:00,[60],[6.645]
2025-11-18T00:47:14+01:00,[60],[6.657]
2025-11-18T00:47:15+01:00,[60],[6.67]
2025-11-18T00:47:16+01:00,[60],[6.608]
2025-11-18T00:47:17+01:00,[60],[6.58]
2025-11-18T00:47:18+01:00,[60],[6.591]
2025-11-18T00:47:19+01:00,[60],[6.591]
2025-11-18T00:47:20+01:00,[60],[6.591]
2025-11-18T00:47:21+01:00,[60],[6.579]
2025-11-18T00:47:22+01:00,[60],[6.546]
2025-11-18T00:47:23+01:00,[60],[6.546]
2025-11-18T00:47:24+01:00,[60],[6.654]
2025-11-18T00:47:25+01:00,[60],[6.755]
2025-11-18T00:47:26+01:00,[60],[6.818]
2025-11-18T00:47:27+01:00,[60],[6.82]
2025-11-18T00:47:28+01:00,[60],[6.82]
2025-11-18T00:47:29+01:00,[60],[6.904]
2025-11-18T00:47:30+01:00,[60],[6.913]
2025-11-18T00:47:31+01:00,[60],[6.937]
2025-11-18T00:47:32+01:00,[60],[6.937]
2025-11-18T00:47:33+01:00,[60],[7.124]
2025-11-18T00:47:34+01:00,[60],[7.205]
2025-11-18T00:47:35+01:00,[60],[7.225]
2025-11-18T00:47:36+01:00,[60],[7.237]
2025-11-18T00:47:37+01:00,[60],[7.218]
2025-11-18T00:47:38+01:00,[60],[7.221]
2025-11-18T00:47:39+01:00,[60],[7.221]
2025-11-18T00:47:40+01:00,[60],[7.221]
2025-11-18T00:47:41+01:00,[60],[7.15]
2025-11-18T00:47:42+01:00,[60],[7.185]
2025-11-18T00:47:43+01:00,[60],[7.197]
2025-11-18T00:47:44+01:00,[60],[7.238]
2025-11-18T00:47:45+01:00,[60],[7.339]
2025-11-18T00:47:46+01:00,[60],[7.322]
2025-11-18T00:47:47+01:00,[60],[7.348]
2025-11-18T00:47:48+01:00,[60],[7.348]
2025-11-18T00:47:49+01:00,[60],[7.348]
2025-11-18T00:47:50+01:00,[60],[7.321]
2025-11-18T00:47:51+01:00,[60],[7.379]
2025-11-18T00:47:52+01:00,[60],[7.366]
2025-11-18T00:47:53+01:00,[60],[7.353]
2025-11-18T00:47:54+01:00,[60],[7.276]
2025-11-18T00:47:55+01:00,[60],[7.24]
2025-11-18T00:47:56+01:00,[60],[7.231]
2025-11-18T00:47:57+01:00,[60],[7.231]
2025-11-18T00:47:58+01:00,[60],[7.231]
2025-11-18T00:47:59+01:00,[60],[7.282]
2025-11-18T00:48:00+01:00,[60],[7.33]
2025-11-18T00:48:01+01:00,[60],[7.331]
2025-11-18T00:48:02+01:00,[60],[7.328]
2025-11-18T00:48:03+01:00,[60],[7.283]
2025-11-18T00:48:04+01:00,[60],[7.271]
2025-11-18T00:48:05+01:00,[60],[7.3]
2025-11-18T00:48:06+01:00,[60],[7.267]
2025-11-18T00:48:07+01:00,[60],[7.283]
2025-11-18T00:48:08+01:00,[60],[7.283]
2025-11-18T00:48:09+01:00,[60],[7.22]
2025-11-18T00:48:10+01:00,[60],[7.278]
2025-11-18T00:48:11+01:00,[60],[7.351]
2025-11-18T00:48:12+01:00,[60],[7.351]
2025-11-18T00:48:13+01:00,[60],[7.351]
2025-11-18T00:48:14+01:00,[60],[7.485]
2025-11-18T00:48:15+01:00,[60],[7.482]
2025-11-18T00:48:16+01:00,[60],[7.482]
2025-11-18T00:48:17+01:00,[60],[7.433]
2025-11-18T00:48:18+01:00,[60],[7.435]
2025-11-18T00:48:19+01:00,[60],[7.389]
2025-11-18T00:48:20+01:00,[60],[7.434]
2025-11-18T00:48:21+01:00,[60],[7.471]
2025-11-18T00:48:22+01:00,[60],[7.566]
2025-11-18T00:48:23+01:00,[60],[7.54]
2025-11-18T00:48:24+01:00,[60],[7.529]
2025-11-18T00:48:25+01:00,[60],[7.647]
2025-11-18T00:48:26+01:00,[60],[7.67]
2025-11-18T00:48:27+01:00,[60],[7.778]
2025-11-18T00:48:28+01:00,[60],[7.844]
2025-11-18T00:48:29+01:00,[60],[7.821]
2025-11-18T00:48:30+01:00,[60],[7.808]
2025-11-18T00:48:31+01:00,[60],[7.865]
2025-11-18T00:48:32+01:00,[60],[7.977]
2025-11-18T00:48:33+01:00,[60],[7.977]
2025-11-18T00:48:34+01:00,[60],[8.025]
2025-11-18T00:48:35+01:00,[60],[8.052]
2025-11-18T00:48:36+01:00,[60],[8.116]
2025-11-18T00:48:37+01:00,[60],[8.169]
2025-11-18T00:48:38+01:00,[60],[8.156]
2025-11-18T00:48:39+01:00,[60],[8.161]
2025-11-18T00:48:40+01:00,[60],[8.179]
2025-11-18T00:48:41+01:00,[60],[8.217]
2025-11-18T00:48:43+01:00,[60],[8.217]
2025-11-18T00:48:44+01:00,[60],[8.167]
2025-11-18T00:48:45+01:00,[60],[8.167]
2025-11-18T00:48:46+01:00,[60],[8.167]
2025-11-18T00:48:47+01:00,[60],[8.167]
2025-11-18T00:48:48+01:00,[60],[8.167]
2025-11-18T00:48:49+01:00,[60],[8.089]
2025-11-18T00:48:50+01:00,[60],[8.089]
2025-11-18T00:48:51+01:00,[60],[8.015]
2025-11-18T00:48:52+01:00,[60],[7.948]
2025-11-18T00:48:53+01:00,[60],[7.802]
2025-11-18T00:48:54+01:00,[60],[7.802]
2025-11-18T00:48:55+01:00,[60],[7.802]
2025-11-18T00:48:56+01:00,[60],[7.787]
2025-11-18T00:48:57+01:00,[60],[7.787]
2025-11-18T00:48:58+01:00,[60],[7.77]
2025-11-18T00:48:59+01:00,[60],[7.77]
2025-11-18T00:49:00+01:00,[60],[7.77]
2025-11-18T00:49:01+01:00,[60],[7.756]
2025-11-18T00:49:02+01:00,[60],[7.756]
2025-11-18T00:49:03+01:00,[60],[7.692]
2025-11-18T00:49:04+01:00,[60],[7.692]
2025-11-18T00:49:05+01:00,[60],[7.692]
2025-11-18T00:49:06+01:00,[60],[7.651]
2025-11-18T00:49:07+01:00,[60],[7.863]
2025-11-18T00:49:08+01:00,[60],[7.961]
2025-11-18T00:49:09+01:00,[60],[7.966]
2025-11-18T00:49:10+01:00,[60],[7.966]
2025-11-18T00:49:11+01:00,[60],[7.966]
2025-11-18T00:49:12+01:00,[60],[7.966]
2025-11-18T00:49:13+01:00,[60],[7.946]
2025-11-18T00:49:14+01:00,[60],[7.904]
2025-11-18T00:49:15+01:00,[60],[7.904]
2025-11-18T00:49:16+01:00,[60],[7.904]
2025-11-18T00:49:17+01:00,[60],[7.904]
2025-11-18T00:49:18+01:00,[60],[8.039]
2025-11-18T00:49:19+01:00,[60],[7.994]
2025-11-18T00:49:20+01:00,[60],[8.071]
2025-11-18T00:49:21+01:00,[60],[8.061]
2025-11-18T00:49:22+01:00,[60],[8.018]
2025-11-18T00:49:23+01:00,[60],[8.01]
2025-11-18T00:49:24+01:00,[60],[8.003]
2025-11-18T00:49:25+01:00,[60],[7.999]
2025-11-18T00:49:26+01:00,[60],[7.842]
2025-11-18T00:49:27+01:00,[60],[7.821]
2025-11-18T00:49:28+01:00,[60],[7.799]
2025-11-18T00:49:29+01:00,[60],[7.803]
2025-11-18T00:49:30+01:00,[60],[7.803]
2025-11-18T00:49:31+01:00,[60],[7.803]
2025-11-18T00:49:32+01:00,[60],[7.688]
2025-11-18T00:49:33+01:00,[60],[7.677]
2025-11-18T00:49:34+01:00,[60],[7.594]
2025-11-18T00:49:35+01:00,[60],[7.544]
2025-11-18T00:49:36+01:00,[60],[7.544]
2025-11-18T00:49:37+01:00,[60],[7.377]
2025-11-18T00:49:38+01:00,[60],[7.377]
2025-11-18T00:49:39+01:00,[60],[7.376]
2025-11-18T00:49:40+01:00,[60],[7.318]
2025-11-18T00:49:41+01:00,[60],[7.318]
2025-11-18T00:49:42+01:00,[60],[7.295]
2025-11-18T00:49:43+01:00,[60],[7.24]
2025-11-18T00:49:44+01:00,[60],[7.24]
2025-11-18T00:49:45+01:00,[60],[7.24]
2025-11-18T00:49:46+01:00,[60],[7.277]
2025-11-18T00:49:47+01:00,[60],[7.231]
2025-11-18T00:49:48+01:00,[60],[7.176]
2025-11-18T00:49:49+01:00,[60],[7.116]
2025-11-18T00:49:50+01:00,[60],[7.159]
2025-11-18T00:49:51+01:00,[60],[7.137]
2025-11-18T00:49:52+01:00,[60],[7.218]
2025-11-18T00:49:53+01:00,[60],[7.218]
2025-11-18T00:49:54+01:00,[60],[7.218]
2025-11-18T00:49:55+01:00,[60],[7.218]
2025-11-18T00:49:56+01:00,[60],[7.188]
2025-11-18T00:49:57+01:00,[60],[7.122]
2025-11-18T00:49:58+01:00,[60],[7.068]
2025-11-18T00:49:59+01:00,[60],[7.09]
2025-11-18T00:50:00+01:00,[60],[7.052]
2025-11-18T00:50:01+01:00,[60],[6.992]
2025-11-18T00:50:02+01:00,[60],[6.942]
2025-11-18T00:50:03+01:00,[60],[6.942]
2025-11-18T00:50:04+01:00,[60],[6.938]
2025-11-18T00:50:05+01:00,[60],[6.938]
2025-11-18T00:50:06+01:00,[60],[6.886]
2025-11-18T00:50:07+01:00,[60],[6.882]
2025-11-18T00:50:08+01:00,[60],[6.869]
2025-11-18T00:50:09+01:00,[60],[6.815]
2025-11-18T00:50:10+01:00,[60],[6.815]
2025-11-18T00:50:11+01:00,[60],[6.803]
2025-11-18T00:50:12+01:00,[60],[6.782]
2025-11-18T00:50:13+01:00,[60],[6.726]
2025-11-18T00:50:14+01:00,[60],[6.726]
2025-11-18T00:50:15+01:00,[60],[6.644]
2025-11-18T00:50:16+01:00,[60],[6.614]
2025-11-18T00:50:17+01:00,[60],[6.636]
2025-11-18T00:50:18+01:00,[60],[6.654]
2025-11-18T00:50:19+01:00,[60],[6.624]
2025-11-18T00:50:20+01:00,[60],[6.624]
2025-11-18T00:50:21+01:00,[60],[6.578]
2025-11-18T00:50:22+01:00,[60],[6.539]
2025-11-18T00:50:23+01:00,[60],[6.571]
2025-11-18T00:50:24+01:00,[60],[6.571]
2025-11-18T00:50:25+01:00,[60],[6.536]
2025-11-18T00:50:26+01:00,[60],[6.469]
2025-11-18T00:50:27+01:00,[60],[6.427]
2025-11-18T00:50:28+01:00,[60],[6.397]
2025-11-18T00:50:29+01:00,[60],[6.36]
2025-11-18T00:50:30+01:00,[60],[6.267]
2025-11-18T00:50:31+01:00,[60],[6.224]
2025-11-18T00:50:32+01:00,[60],[6.224]
2025-11-18T00:50:33+01:00,[60],[6.191]
2025-11-18T00:50:34+01:00,[60],[6.191]
2025-11-18T00:50:35+01:00,[60],[6.138]
2025-11-18T00:50:36+01:00,[60],[6.226]
2025-11-18T00:50:37+01:00,[60],[6.277]
2025-11-18T00:50:38+01:00,[60],[6.277]
2025-11-18T00:50:39+01:00,[60],[6.266]
2025-11-18T00:50:40+01:00,[60],[6.266]
2025-11-18T00:50:41+01:00,[60],[6.266]
2025-11-18T00:50:42+01:00,[60],[6.247]
2025-11-18T00:50:43+01:00,[60],[6.345]
2025-11-18T00:50:44+01:00,[60],[6.347]
2025-11-18T00:50:45+01:00,[60],[6.351]
2025-11-18T00:50:46+01:00,[60],[6.416]
2025-11-18T00:50:47+01:00,[60],[6.396]
2025-11-18T00:50:49+01:00,[60],[6.396]
2025-11-18T00:50:50+01:00,[60],[6.448]
2025-11-18T00:50:51+01:00,[60],[6.421]
2025-11-18T00:50:52+01:00,[60],[6.415]
2025-11-18T00:50:53+01:00,[60],[6.408]
2025-11-18T00:50:54+01:00,[60],[6.441]
2025-11-18T00:50:55+01:00,[60],[6.441]
2025-11-18T00:50:56+01:00,[60],[6.467]
2025-11-18T00:50:57+01:00,[60],[6.467]
2025-11-18T00:50:58+01:00,[60],[6.467]
2025-11-18T00:50:59+01:00,[60],[6.51]
2025-11-18T00:51:00+01:00,[60],[6.51]
2025-11-18T00:51:01+01:00,[60],[6.632]
2025-11-18T00:51:02+01:00,[60],[6.662]
2025-11-18T00:51:03+01:00,[60],[6.783]
2025-11-18T00:51:04+01:00,[60],[6.829]
2025-11-18T00:51:05+01:00,[60],[6.829]
2025-11-18T00:51:06+01:00,[60],[6.827]
2025-11-18T00:51:07+01:00,[60],[6.837]
2025-11-18T00:51:08+01:00,[60],[6.817]
2025-11-18T00:51:09+01:00,[60],[6.785]
2025-11-18T00:51:10+01:00,[60],[6.785]
2025-11-18T00:51:11+01:00,[60],[6.855]
2025-11-18T00:51:12+01:00,[60],[6.855]
2025-11-18T00:51:13+01:00,[60],[6.826]
2025-11-18T00:51:14+01:00,[60],[6.841]
2025-11-18T00:51:15+01:00,[60],[6.859]
2025-11-18T00:51:16+01:00,[60],[6.995]
2025-11-18T00:51:17+01:00,[60],[7.014]
2025-11-18T00:51:18+01:00,[60],[6.966]
2025-11-18T00:51:19+01:00,[60],[6.972]
2025-11-18T00:51:20+01:00,[60],[7.006]
2025-11-18T00:51:21+01:00,[60],[7.039]
2025-11-18T00:51:22+01:00,[60],[7.133]
2025-11-18T00:51:23+01:00,[60],[7.253]
2025-11-18T00:51:24+01:00,[60],[7.257]
2025-11-18T00:51:25+01:00,[60],[7.257]
2025-11-18T00:51:26+01:00,[60],[7.339]
2025-11-18T00:51:27+01:00,[60],[7.339]
2025-11-18T00:51:28+01:00,[60],[7.301]
2025-11-18T00:51:29+01:00,[60],[7.337]
2025-11-18T00:51:30+01:00,[60],[7.402]
2025-11-18T00:51:31+01:00,[60],[7.363]
2025-11-18T00:51:32+01:00,[60],[7.363]
2025-11-18T00:51:33+01:00,[60],[7.347]
2025-11-18T00:51:34+01:00,[60],[7.342]
2025-11-18T00:51:35+01:00,[60],[7.385]
2025-11-18T00:51:36+01:00,[60],[7.407]
2025-11-18T00:51:37+01:00,[60],[7.514]
2025-11-18T00:51:38+01:00,[60],[7.49]
2025-11-18T00:51:39+01:00,[60],[7.484]
2025-11-18T00:51:40+01:00,[60],[7.526]
2025-11-18T00:51:41+01:00,[60],[7.497]
2025-11-18T00:51:42+01:00,[60],[7.488]
2025-11-18T00:51:43+01:00,[60],[7.508]
2025-11-18T00:51:44+01:00,[60],[7.522]
2025-11-18T00:51:45+01:00,[60],[7.486]
2025-11-18T00:51:46+01:00,[60],[7.426]
2025-11-18T00:51:47+01:00,[60],[7.426]
2025-11-18T00:51:48+01:00,[60],[7.536]
2025-11-18T00:51:49+01:00,[60],[7.543]
2025-11-18T00:51:50+01:00,[60],[7.528]
2025-11-18T00:51:51+01:00,[60],[7.557]
2025-11-18T00:51:52+01:00,[60],[7.582]
2025-11-18T00:51:53+01:00,[60],[7.546]
2025-11-18T00:51:54+01:00,[60],[7.546]
2025-11-18T00:51:55+01:00,[60],[7.578]
2025-11-18T00:51:56+01:00,[60],[7.582]
2025-11-18T00:51:57+01:00,[60],[7.617]
2025-11-18T00:51:58+01:00,[60],[7.723]
2025-11-18T00:51:59+01:00,[60],[7.768]
2025-11-18T00:52:00+01:00,[60],[7.768]
2025-11-18T00:52:01+01:00,[60],[7.768]
2025-11-18T00:52:02+01:00,[60],[7.756]
2025-11-18T00:52:03+01:00,[60],[7.69]
2025-11-18T00:52:04+01:00,[60],[7.69]
2025-11-18T00:52:05+01:00,[60],[7.731]
2025-11-18T00:52:06+01:00,[60],[7.634]
2025-11-18T00:52:07+01:00,[60],[7.615]
2025-11-18T00:52:08+01:00,[60],[7.615]
2025-11-18T00:52:09+01:00,[60],[7.615]
2025-11-18T00:52:10+01:00,[60],[7.583]
2025-11-18T00:52:11+01:00,[60],[7.65]
2025-11-18T00:52:12+01:00,[60],[7.787]
2025-11-18T00:52:13+01:00,[60],[7.921]
2025-11-18T00:52:14+01:00,[60],[7.987]
2025-11-18T00:52:15+01:00,[60],[7.987]
2025-11-18T00:52:16+01:00,[60],[8.045]
2025-11-18T00:52:17+01:00,[60],[8.116]
2025-11-18T00:52:18+01:00,[60],[8.214]
2025-11-18T00:52:19+01:00,[60],[8.214]
2025-11-18T00:52:20+01:00,[60],[8.214]
2025-11-18T00:52:21+01:00,[60],[8.258]
2025-11-18T00:52:22+01:00,[60],[8.366]
2025-11-18T00:52:23+01:00,[60],[8.311]
2025-11-18T00:52:24+01:00,[60],[8.311]
2025-11-18T00:52:25+01:00,[60],[8.231]
2025-11-18T00:52:26+01:00,[60],[8.293]
2025-11-18T00:52:27+01:00,[60],[8.314]
2025-11-18T00:52:28+01:00,[60],[8.204]
2025-11-18T00:52:29+01:00,[60],[8.259]
2025-11-18T00:52:30+01:00,[60],[8.278]
2025-11-18T00:52:31+01:00,[60],[8.292]
2025-11-18T00:52:32+01:00,[60],[8.215]
2025-11-18T00:52:33+01:00,[60],[8.242]
2025-11-18T00:52:34+01:00,[60],[8.269]
2025-11-18T00:52:35+01:00,[60],[8.296]
2025-11-18T00:52:36+01:00,[60],[8.328]
2025-11-18T00:52:37+01:00,[60],[8.349]
2025-11-18T00:52:38+01:00,[60],[8.327]
2025-11-18T00:52:39+01:00,[60],[8.33]
2025-11-18T00:52:40+01:00,[60],[8.33]
2025-11-18T00:52:41+01:00,[60],[8.33]
2025-11-18T00:52:42+01:00,[60],[8.271]
2025-11-18T00:52:43+01:00,[60],[8.271]
2025-11-18T00:52:44+01:00,[60],[8.271]
2025-11-18T00:52:45+01:00,[60],[8.243]
2025-11-18T00:52:46+01:00,[60],[8.252]
2025-11-18T00:52:47+01:00,[60],[8.252]
2025-11-18T00:52:48+01:00,[60],[8.252]
2025-11-18T00:52:49+01:00,[60],[8.252]
2025-11-18T00:52:50+01:00,[60],[8.311]
2025-11-18T00:52:51+01:00,[60],[8.219]
2025-11-18T00:52:52+01:00,[60],[8.27]
2025-11-18T00:52:53+01:00,[60],[8.27]
2025-11-18T00:52:55+01:00,[60],[8.27]
2025-11-18T00:52:56+01:00,[60],[8.244]
2025-11-18T00:52:57+01:00,[60],[8.28]
2025-11-18T00:52:58+01:00,[60],[8.28]
2025-11-18T00:52:59+01:00,[60],[8.347]
2025-11-18T00:53:00+01:00,[60],[8.302]
2025-11-18T00:53:01+01:00,[60],[8.21]
2025-11-18T00:53:02+01:00,[60],[8.21]
2025-11-18T00:53:03+01:00,[60],[8.216]
2025-11-18T00:53:04+01:00,[60],[8.216]
2025-11-18T00:53:05+01:00,[60],[8.216]
2025-11-18T00:53:06+01:00,[60],[8.216]
2025-11-18T00:53:07+01:00,[60],[8.169]
2025-11-18T00:53:08+01:00,[60],[8.169]
2025-11-18T00:53:09+01:00,[60],[8.169]
2025-11-18T00:53:10+01:00,[60],[8.112]
2025-11-18T00:53:11+01:00,[60],[8.112]
2025-11-18T00:53:12+01:00,[60],[8.112]
2025-11-18T00:53:13+01:00,[60],[8.17]
2025-11-18T00:53:14+01:00,[60],[8.172]
2025-11-18T00:53:15+01:00,[60],[8.172]
2025-11-18T00:53:16+01:00,[60],[8.322]
2025-11-18T00:53:17+01:00,[60],[8.363]
2025-11-18T00:53:18+01:00,[60],[8.478]
2025-11-18T00:53:19+01:00,[60],[8.478]
2025-11-18T00:53:20+01:00,[60],[8.503]
2025-11-18T00:53:21+01:00,[60],[8.313]
2025-11-18T00:53:22+01:00,[60],[8.264]
2025-11-18T00:53:23+01:00,[60],[8.381]
2025-11-18T00:53:24+01:00,[60],[8.494]
2025-11-18T00:53:25+01:00,[60],[8.494]
2025-11-18T00:53:26+01:00,[60],[8.494]
2025-11-18T00:53:27+01:00,[60],[8.401]
2025-11-18T00:53:28+01:00,[60],[8.401]
2025-11-18T00:53:29+01:00,[60],[8.422]
2025-11-18T00:53:30+01:00,[60],[8.401]
2025-11-18T00:53:31+01:00,[60],[8.401]
2025-11-18T00:53:32+01:00,[60],[8.401]
2025-11-18T00:53:33+01:00,[60],[8.376]
2025-11-18T00:53:34+01:00,[60],[8.398]
2025-11-18T00:53:35+01:00,[60],[8.388]
2025-11-18T00:53:36+01:00,[60],[8.35]
2025-11-18T00:53:37+01:00,[60],[8.258]
2025-11-18T00:53:38+01:00,[60],[8.309]
2025-11-18T00:53:39+01:00,[60],[8.309]
2025-11-18T00:53:40+01:00,[60],[8.345]
2025-11-18T00:53:41+01:00,[60],[8.323]
2025-11-18T00:53:42+01:00,[60],[8.365]
2025-11-18T00:53:43+01:00,[60],[8.282]
2025-11-18T00:53:44+01:00,[60],[8.282]
2025-11-18T00:53:45+01:00,[60],[8.172]
2025-11-18T00:53:46+01:00,[60],[8.172]
2025-11-18T00:53:47+01:00,[60],[8.119]
2025-11-18T00:53:48+01:00,[60],[8.151]
2025-11-18T00:53:49+01:00,[60],[8.157]
2025-11-18T00:53:50+01:00,[60],[8.09]
2025-11-18T00:53:51+01:00,[60],[8.132]
2025-11-18T00:53:52+01:00,[60],[8.106]
2025-11-18T00:53:53+01:00,[60],[8.106]
2025-11-18T00:53:54+01:00,[60],[8.131]
2025-11-18T00:53:55+01:00,[60],[8.169]
2025-11-18T00:53:56+01:00,[60],[8.224]
2025-11-18T00:53:57+01:00,[60],[8.209]
2025-11-18T00:53:58+01:00,[60],[8.206]
2025-11-18T00:53:59+01:00,[60],[8.244]
2025-11-18T00:54:00+01:00,[60],[8.294]
2025-11-18T00:54:01+01:00,[60],[8.294]
2025-11-18T00:54:02+01:00,[60],[8.332]
2025-11-18T00:54:03+01:00,[60],[8.397]
2025-11-18T00:54:04+01:00,[60],[8.359]
2025-11-18T00:54:05+01:00,[60],[8.26]
2025-11-18T00:54:06+01:00,[60],[8.253]
2025-11-18T00:54:07+01:00,[60],[8.263]
2025-11-18T00:54:08+01:00,[60],[8.346]
2025-11-18T00:54:09+01:00,[60],[8.346]
2025-11-18T00:54:10+01:00,[60],[8.335]
2025-11-18T00:54:11+01:00,[60],[8.292]
2025-11-18T00:54:12+01:00,[60],[8.292]
2025-11-18T00:54:13+01:00,[60],[8.361]
2025-11-18T00:54:14+01:00,[60],[8.361]
2025-11-18T00:54:15+01:00,[60],[8.305]
2025-11-18T00:54:16+01:00,[60],[8.305]
2025-11-18T00:54:17+01:00,[60],[8.305]
2025-11-18T00:54:18+01:00,[60],[8.305]
2025-11-18T00:54:19+01:00,[60],[8.358]
2025-11-18T00:54:20+01:00,[60],[8.345]
2025-11-18T00:54:21+01:00,[60],[8.373]
2025-11-18T00:54:22+01:00,[60],[8.373]
2025-11-18T00:54:23+01:00,[60],[8.405]
2025-11-18T00:54:24+01:00,[60],[8.405]
2025-11-18T00:54:25+01:00,[60],[8.601]
2025-11-18T00:54:26+01:00,[60],[8.786]
2025-11-18T00:54:27+01:00,[60],[8.876]
2025-11-18T00:54:28+01:00,[60],[8.863]
2025-11-18T00:54:29+01:00,[60],[8.863]
2025-11-18T00:54:30+01:00,[60],[8.721]
2025-11-18T00:54:31+01:00,[60],[8.617]
2025-11-18T00:54:32+01:00,[60],[8.637]
2025-11-18T00:54:33+01:00,[60],[8.63]
2025-11-18T00:54:34+01:00,[60],[8.63]
2025-11-18T00:54:35+01:00,[60],[8.68]
2025-11-18T00:54:36+01:00,[60],[8.796]
2025-11-18T00:54:37+01:00,[60],[8.879]
2025-11-18T00:54:38+01:00,[60],[8.86]
2025-11-18T00:54:39+01:00,[60],[8.744]
2025-11-18T00:54:40+01:00,[60],[8.775]
2025-11-18T00:54:41+01:00,[60],[8.726]
2025-11-18T00:54:42+01:00,[60],[8.736]
2025-11-18T00:54:43+01:00,[60],[8.738]
2025-11-18T00:54:44+01:00,[60],[8.639]
2025-11-18T00:54:45+01:00,[60],[8.589]
2025-11-18T00:54:46+01:00,[60],[8.564]
2025-11-18T00:54:47+01:00,[60],[8.586]
2025-11-18T00:54:48+01:00,[60],[8.511]
2025-11-18T00:54:49+01:00,[60],[8.55]
2025-11-18T00:54:50+01:00,[60],[8.628]
2025-11-18T00:54:51+01:00,[60],[8.506]
2025-11-18T00:54:52+01:00,[60],[8.495]
2025-11-18T00:54:53+01:00,[60],[8.492]
2025-11-18T00:54:54+01:00,[60],[8.312]
2025-11-18T00:54:55+01:00,[60],[8.312]
2025-11-18T00:54:56+01:00,[60],[8.312]
2025-11-18T00:54:57+01:00,[60],[8.36]
2025-11-18T00:54:58+01:00,[60],[8.432]
2025-11-18T00:55:00+01:00,[60],[8.395]
2025-11-18T00:55:01+01:00,[60],[8.317]
2025-11-18T00:55:02+01:00,[60],[8.211]
2025-11-18T00:55:03+01:00,[60],[8.251]
2025-11-18T00:55:04+01:00,[60],[8.251]
2025-11-18T00:55:05+01:00,[60],[8.302]
2025-11-18T00:55:06+01:00,[60],[8.302]
2025-11-18T00:55:07+01:00,[60],[8.398]
2025-11-18T00:55:08+01:00,[60],[8.386]
2025-11-18T00:55:09+01:00,[60],[8.386]
2025-11-18T00:55:10+01:00,[60],[8.287]
2025-11-18T00:55:11+01:00,[60],[8.287]
2025-11-18T00:55:12+01:00,[60],[8.208]
2025-11-18T00:55:13+01:00,[60],[8.208]
2025-11-18T00:55:14+01:00,[60],[8.199]
2025-11-18T00:55:15+01:00,[60],[8.199]
2025-11-18T00:55:16+01:00,[60],[8.205]
2025-11-18T00:55:17+01:00,[60],[8.205]
2025-11-18T00:55:18+01:00,[60],[8.205]
2025-11-18T00:55:19+01:00,[60],[8.256]
2025-11-18T00:55:20+01:00,[60],[8.249]
2025-11-18T00:55:21+01:00,[60],[8.264]
2025-11-18T00:55:22+01:00,[60],[8.169]
2025-11-18T00:55:23+01:00,[60],[8.169]
2025-11-18T00:55:24+01:00,[60],[8.103]
2025-11-18T00:55:25+01:00,[60],[7.983]
2025-11-18T00:55:26+01:00,[60],[7.899]
2025-11-18T00:55:27+01:00,[60],[7.909]
2025-11-18T00:55:28+01:00,[60],[7.867]
2025-11-18T00:55:29+01:00,[60],[7.86]
2025-11-18T00:55:30+01:00,[60],[7.816]
2025-11-18T00:55:31+01:00,[60],[7.815]
2025-11-18T00:55:32+01:00,[60],[7.729]
2025-11-18T00:55:33+01:00,[60],[7.67]
2025-11-18T00:55:34+01:00,[60],[7.72]
2025-11-18T00:55:35+01:00,[60],[7.705]
2025-11-18T00:55:36+01:00,[60],[7.703]
2025-11-18T00:55:37+01:00,[60],[7.634]
2025-11-18T00:55:38+01:00,[60],[7.619]
2025-11-18T00:55:39+01:00,[60],[7.576]
2025-11-18T00:55:40+01:00,[60],[7.409]
2025-11-18T00:55:41+01:00,[60],[7.488]
2025-11-18T00:55:42+01:00,[60],[7.523]
2025-11-18T00:55:43+01:00,[60],[7.539]
2025-11-18T00:55:44+01:00,[60],[7.58]
2025-11-18T00:55:45+01:00,[60],[7.573]
2025-11-18T00:55:46+01:00,[60],[7.497]
2025-11-18T00:55:47+01:00,[60],[7.475]
2025-11-18T00:55:48+01:00,[60],[7.548]
2025-11-18T00:55:49+01:00,[60],[7.491]
2025-11-18T00:55:50+01:00,[60],[7.426]
2025-11-18T00:55:51+01:00,[60],[7.425]
2025-11-18T00:55:52+01:00,[60],[7.39]
2025-11-18T00:55:53+01:00,[60],[7.392]
2025-11-18T00:55:54+01:00,[60],[7.385]
2025-11-18T00:55:55+01:00,[60],[7.366]
2025-11-18T00:55:56+01:00,[60],[7.396]
2025-11-18T00:55:57+01:00,[60],[7.459]
2025-11-18T00:55:58+01:00,[60],[7.453]
2025-11-18T00:55:59+01:00,[60],[7.366]
2025-11-18T00:56:00+01:00,[60],[7.35]
2025-11-18T00:56:01+01:00,[60],[7.377]
2025-11-18T00:56:02+01:00,[60],[7.338]
2025-11-18T00:56:03+01:00,[60],[7.405]
2025-11-18T00:56:04+01:00,[60],[7.476]
2025-11-18T00:56:05+01:00,[60],[7.489]
2025-11-18T00:56:06+01:00,[60],[7.501]
2025-11-18T00:56:07+01:00,[60],[7.502]
2025-11-18T00:56:08+01:00,[60],[7.558]
2025-11-18T00:56:09+01:00,[60],[7.55]
2025-11-18T00:56:10+01:00,[60],[7.59]
2025-11-18T00:56:11+01:00,[60],[7.682]
2025-11-18T00:56:12+01:00,[60],[7.721]
2025-11-18T00:56:13+01:00,[60],[7.705]
2025-11-18T00:56:14+01:00,[60],[7.783]
2025-11-18T00:56:15+01:00,[60],[7.772]
2025-11-18T00:56:16+01:00,[60],[7.896]
2025-11-18T00:56:17+01:00,[60],[7.894]
2025-11-18T00:56:18+01:00,[60],[7.847]
2025-11-18T00:56:19+01:00,[60],[7.918]
2025-11-18T00:56:20+01:00,[60],[7.938]
2025-11-18T00:56:21+01:00,[60],[7.985]
2025-11-18T00:56:22+01:00,[60],[7.965]
2025-11-18T00:56:23+01:00,[60],[7.963]
2025-11-18T00:56:24+01:00,[60],[8.093]
2025-11-18T00:56:25+01:00,[60],[8.079]
2025-11-18T00:56:26+01:00,[60],[8.064]
2025-11-18T00:56:27+01:00,[60],[7.976]
2025-11-18T00:56:28+01:00,[60],[7.984]
2025-11-18T00:56:29+01:00,[60],[7.903]
2025-11-18T00:56:30+01:00,[60],[7.821]
2025-11-18T00:56:31+01:00,[60],[7.731]
2025-11-18T00:56:32+01:00,[60],[7.676]
2025-11-18T00:56:33+01:00,[60],[7.771]
2025-11-18T00:56:34+01:00,[60],[7.806]
2025-11-18T00:56:35+01:00,[60],[7.752]
2025-11-18T00:56:36+01:00,[60],[7.675]
2025-11-18T00:56:37+01:00,[60],[7.639]
2025-11-18T00:56:38+01:00,[60],[7.609]
2025-11-18T00:56:39+01:00,[60],[7.692]
2025-11-18T00:56:40+01:00,[60],[7.669]
2025-11-18T00:56:41+01:00,[60],[7.64]
2025-11-18T00:56:42+01:00,[60],[7.583]
2025-11-18T00:56:43+01:00,[60],[7.633]
2025-11-18T00:56:44+01:00,[60],[7.603]
2025-11-18T00:56:45+01:00,[60],[7.505]
2025-11-18T00:56:46+01:00,[60],[7.509]
2025-11-18T00:56:47+01:00,[60],[7.617]
2025-11-18T00:56:48+01:00,[60],[7.63]
2025-11-18T00:56:49+01:00,[60],[7.602]
2025-11-18T00:56:50+01:00,[60],[7.636]
2025-11-18T00:56:51+01:00,[60],[7.522]
2025-11-18T00:56:52+01:00,[60],[7.603]
2025-11-18T00:56:53+01:00,[60],[7.574]
2025-11-18T00:56:54+01:00,[60],[7.498]
2025-11-18T00:56:55+01:00,[60],[7.523]
2025-11-18T00:56:56+01:00,[60],[7.481]
2025-11-18T00:56:57+01:00,[60],[7.488]
2025-11-18T00:56:58+01:00,[60],[7.473]
2025-11-18T00:56:59+01:00,[60],[7.529]
2025-11-18T00:57:00+01:00,[60],[7.552]
2025-11-18T00:57:01+01:00,[60],[7.552]
2025-11-18T00:57:02+01:00,[60],[7.487]
2025-11-18T00:57:03+01:00,[60],[7.524]
2025-11-18T00:57:04+01:00,[60],[7.449]
2025-11-18T00:57:05+01:00,[60],[7.363]
2025-11-18T00:57:07+01:00,[60],[7.376]
2025-11-18T00:57:08+01:00,[60],[7.353]
2025-11-18T00:57:10+01:00,[60],[7.409]
2025-11-18T00:57:11+01:00,[60],[7.386]
2025-11-18T00:57:12+01:00,[60],[7.706]
2025-11-18T00:57:13+01:00,[60],[7.697]
2025-11-18T00:57:14+01:00,[60],[7.749]
2025-11-18T00:57:16+01:00,[60],[7.8]
2025-11-18T00:57:17+01:00,[60],[7.749]
2025-11-18T00:57:18+01:00,[60],[7.771]
2025-11-18T00:57:19+01:00,[60],[7.731]
2025-11-18T00:57:20+01:00,[60],[7.793]
2025-11-18T00:57:21+01:00,[60],[7.776]
2025-11-18T00:57:22+01:00,[60],[7.781]
2025-11-18T00:57:23+01:00,[60],[7.741]
2025-11-18T00:57:24+01:00,[60],[7.67]
2025-11-18T00:57:25+01:00,[60],[7.688]
2025-11-18T00:57:26+01:00,[60],[7.594]
2025-11-18T00:57:27+01:00,[60],[7.576]
2025-11-18T00:57:28+01:00,[60],[7.588]
2025-11-18T00:57:29+01:00,[60],[7.65]
2025-11-18T00:57:30+01:00,[60],[7.798]
2025-11-18T00:57:31+01:00,[60],[7.873]
2025-11-18T00:57:32+01:00,[60],[7.846]
2025-11-18T00:57:33+01:00,[60],[7.78]
2025-11-18T00:57:34+01:00,[60],[7.734]
2025-11-18T00:57:35+01:00,[60],[7.759]
2025-11-18T00:57:36+01:00,[60],[7.722]
2025-11-18T00:57:37+01:00,[60],[7.779]
2025-11-18T00:57:38+01:00,[60],[7.843]
2025-11-18T00:57:39+01:00,[60],[7.781]
2025-11-18T00:57:40+01:00,[60],[7.784]
2025-11-18T00:57:41+01:00,[60],[7.728]
2025-11-18T00:57:42+01:00,[60],[7.786]
2025-11-18T00:57:43+01:00,[60],[7.793]
2025-11-18T00:57:44+01:00,[60],[7.74]
2025-11-18T00:57:45+01:00,[60],[7.639]
2025-11-18T00:57:46+01:00,[60],[7.647]
2025-11-18T00:57:47+01:00,[60],[7.749]
2025-11-18T00:57:48+01:00,[60],[7.7]
2025-11-18T00:57:49+01:00,[60],[7.674]
2025-11-18T00:57:50+01:00,[60],[7.591]
2025-11-18T00:57:51+01:00,[60],[7.515]
2025-11-18T00:57:52+01:00,[60],[7.496]
2025-11-18T00:57:53+01:00,[60],[7.468]
2025-11-18T00:57:54+01:00,[60],[7.456]
2025-11-18T00:57:55+01:00,[60],[7.478]
2025-11-18T00:57:56+01:00,[60],[7.573]
2025-11-18T00:57:57+01:00,[60],[7.542]
2025-11-18T00:57:58+01:00,[60],[7.595]
2025-11-18T00:57:59+01:00,[60],[7.619]
2025-11-18T00:58:00+01:00,[60],[7.556]
2025-11-18T00:58:01+01:00,[60],[7.524]
2025-11-18T00:58:02+01:00,[60],[7.498]
2025-11-18T00:58:03+01:00,[60],[7.575]
2025-11-18T00:58:04+01:00,[60],[7.593]
2025-11-18T00:58:05+01:00,[60],[7.541]
2025-11-18T00:58:06+01:00,[60],[7.61]
2025-11-18T00:58:07+01:00,[60],[7.604]
2025-11-18T00:58:08+01:00,[60],[7.619]
2025-11-18T00:58:09+01:00,[60],[7.668]
2025-11-18T00:58:10+01:00,[60],[7.696]
2025-11-18T00:58:11+01:00,[60],[7.821]
2025-11-18T00:58:12+01:00,[60],[7.805]
2025-11-18T00:58:13+01:00,[60],[7.831]
2025-11-18T00:58:14+01:00,[60],[7.862]
2025-11-18T00:58:15+01:00,[60],[7.933]
2025-11-18T00:58:16+01:00,[60],[7.942]
2025-11-18T00:58:17+01:00,[60],[7.986]
2025-11-18T00:58:18+01:00,[60],[8.066]
2025-11-18T00:58:19+01:00,[60],[8.057]
2025-11-18T00:58:20+01:00,[60],[8.007]
2025-11-18T00:58:21+01:00,[60],[8.054]
2025-11-18T00:58:22+01:00,[60],[8.012]
2025-11-18T00:58:23+01:00,[60],[8]
2025-11-18T00:58:24+01:00,[60],[8.089]
2025-11-18T00:58:25+01:00,[60],[8.208]
2025-11-18T00:58:26+01:00,[60],[8.156]
2025-11-18T00:58:27+01:00,[60],[8.182]
2025-11-18T00:58:28+01:00,[60],[8.163]
2025-11-18T00:58:29+01:00,[60],[8.166]
2025-11-18T00:58:30+01:00,[60],[8.103]
2025-11-18T00:58:31+01:00,[60],[8.138]
2025-11-18T00:58:32+01:00,[60],[8.14]
2025-11-18T00:58:33+01:00,[60],[8.099]
2025-11-18T00:58:34+01:00,[60],[8.007]
2025-11-18T00:58:35+01:00,[60],[8.021]
2025-11-18T00:58:36+01:00,[60],[7.931]
2025-11-18T00:58:37+01:00,[60],[7.931]
2025-11-18T00:58:38+01:00,[60],[7.956]
2025-11-18T00:58:39+01:00,[60],[7.965]
2025-11-18T00:58:40+01:00,[60],[8.084]
2025-11-18T00:58:41+01:00,[60],[8.055]
2025-11-18T00:58:42+01:00,[60],[8.025]
2025-11-18T00:58:43+01:00,[60],[7.995]
2025-11-18T00:58:44+01:00,[60],[7.95]
2025-11-18T00:58:45+01:00,[60],[7.858]
2025-11-18T00:58:46+01:00,[60],[7.848]
2025-11-18T00:58:47+01:00,[60],[7.85]
2025-11-18T00:58:48+01:00,[60],[7.815]
2025-11-18T00:58:49+01:00,[60],[7.792]
2025-11-18T00:58:50+01:00,[60],[7.726]
2025-11-18T00:58:51+01:00,[60],[7.711]
2025-11-18T00:58:52+01:00,[60],[7.768]
2025-11-18T00:58:53+01:00,[60],[7.887]
2025-11-18T00:58:54+01:00,[60],[7.933]
2025-11-18T00:58:55+01:00,[60],[7.907]
2025-11-18T00:58:56+01:00,[60],[7.947]
2025-11-18T00:58:57+01:00,[60],[7.951]
2025-11-18T00:58:58+01:00,[60],[7.884]
2025-11-18T00:58:59+01:00,[60],[7.855]
2025-11-18T00:59:00+01:00,[60],[7.828]
2025-11-18T00:59:01+01:00,[60],[7.841]
2025-11-18T00:59:02+01:00,[60],[7.76]
2025-11-18T00:59:03+01:00,[60],[7.743]
2025-11-18T00:59:04+01:00,[60],[7.824]
2025-11-18T00:59:05+01:00,[60],[7.809]
2025-11-18T00:59:06+01:00,[60],[7.711]
2025-11-18T00:59:07+01:00,[60],[7.625]
2025-11-18T00:59:08+01:00,[60],[7.626]
2025-11-18T00:59:09+01:00,[60],[7.58]
2025-11-18T00:59:10+01:00,[60],[7.613]
2025-11-18T00:59:11+01:00,[60],[7.67]
2025-11-18T00:59:12+01:00,[60],[7.669]
2025-11-18T00:59:13+01:00,[60],[7.625]
2025-11-18T00:59:14+01:00,[60],[7.637]
2025-11-18T00:59:15+01:00,[60],[7.708]
2025-11-18T00:59:16+01:00,[60],[7.67]
2025-11-18T00:59:17+01:00,[60],[7.713]
2025-11-18T00:59:18+01:00,[60],[7.707]
2025-11-18T00:59:19+01:00,[60],[7.665]
2025-11-18T00:59:20+01:00,[60],[7.826]
2025-11-18T00:59:21+01:00,[60],[7.771]
2025-11-18T00:59:22+01:00,[60],[7.711]
2025-11-18T00:59:23+01:00,[60],[7.75]
2025-11-18T00:59:24+01:00,[60],[7.761]
2025-11-18T00:59:25+01:00,[60],[7.757]
2025-11-18T00:59:26+01:00,[60],[7.773]
2025-11-18T00:59:27+01:00,[60],[7.752]
2025-11-18T00:59:28+01:00,[60],[7.763]
2025-11-18T00:59:29+01:00,[60],[7.766]
2025-11-18T00:59:30+01:00,[60],[7.789]
2025-11-18T00:59:31+01:00,[60],[7.738]
2025-11-18T00:59:32+01:00,[60],[7.719]
2025-11-18T00:59:33+01:00,[60],[7.741]
2025-11-18T00:59:34+01:00,[60],[7.734]
2025-11-18T00:59:35+01:00,[60],[7.632]
2025-11-18T00:59:36+01:00,[60],[7.525]
2025-11-18T00:59:37+01:00,[60],[7.579]
2025-11-18T00:59:38+01:00,[60],[7.5]
2025-11-18T00:59:39+01:00,[60],[7.556]
2025-11-18T00:59:40+01:00,[60],[7.491]
2025-11-18T00:59:41+01:00,[60],[7.458]
2025-11-18T00:59:42+01:00,[60],[7.461]
2025-11-18T00:59:43+01:00,[60],[7.435]
2025-11-18T00:59:44+01:00,[60],[7.395]
2025-11-18T00:59:45+01:00,[60],[7.325]
2025-11-18T00:59:46+01:00,[60],[7.252]
2025-11-18T00:59:47+01:00,[60],[7.194]
2025-11-18T00:59:48+01:00,[60],[7.365]
2025-11-18T00:59:49+01:00,[60],[7.397]
2025-11-18T00:59:50+01:00,[60],[7.476]
2025-11-18T00:59:51+01:00,[60],[7.479]
2025-11-18T00:59:52+01:00,[60],[7.408]
2025-11-18T00:59:53+01:00,[60],[7.423]
2025-11-18T00:59:54+01:00,[60],[7.294]
2025-11-18T00:59:55+01:00,[60],[7.19]
2025-11-18T00:59:56+01:00,[60],[7.184]
2025-11-18T00:59:57+01:00,[60],[7.087]
2025-11-18T00:59:58+01:00,[60],[6.941]
2025-11-18T00:59:59+01:00,[60],[6.833]
2025-11-18T01:00:00+01:00,[60],[6.86]
2025-11-18T01:00:01+01:00,[60],[6.907]
2025-11-18T01:00:02+01:00,[60],[6.921]
2025-11-18T01:00:03+01:00,[60],[7.175]
2025-11-18T01:00:04+01:00,[60],[7.174]
2025-11-18T01:00:05+01:00,[60],[7.108]
2025-11-18T01:00:06+01:00,[60],[7.127]
2025-11-18T01:00:07+01:00,[60],[7.185]
2025-11-18T01:00:08+01:00,[60],[7.31]
2025-11-18T01:00:09+01:00,[60],[7.326]
2025-11-18T01:00:10+01:00,[60],[7.433]
2025-11-18T01:00:11+01:00,[60],[7.405]
2025-11-18T01:00:12+01:00,[60],[7.482]
2025-11-18T01:00:13+01:00,[60],[7.359]
2025-11-18T01:00:14+01:00,[60],[7.313]
2025-11-18T01:00:15+01:00,[60],[7.434]
2025-11-18T01:00:16+01:00,[60],[7.548]
2025-11-18T01:00:17+01:00,[60],[7.723]
2025-11-18T01:00:18+01:00,[60],[7.752]
2025-11-18T01:00:19+01:00,[60],[7.755]
2025-11-18T01:00:20+01:00,[60],[7.943]
2025-11-18T01:00:21+01:00,[60],[7.917]
2025-11-18T01:00:22+01:00,[60],[8.146]
2025-11-18T01:00:23+01:00,[60],[8.096]
2025-11-18T01:00:24+01:00,[60],[8.161]
2025-11-18T01:00:25+01:00,[60],[8.159]
2025-11-18T01:00:26+01:00,[60],[8.176]
2025-11-18T01:00:27+01:00,[60],[8.236]
2025-11-18T01:00:28+01:00,[60],[8.243]
2025-11-18T01:00:29+01:00,[60],[8.26]
2025-11-18T01:00:30+01:00,[60],[8.185]
2025-11-18T01:00:31+01:00,[60],[8.209]
2025-11-18T01:00:32+01:00,[60],[8.245]
2025-11-18T01:00:33+01:00,[60],[8.275]
2025-11-18T01:00:34+01:00,[60],[8.315]
2025-11-18T01:00:35+01:00,[60],[8.244]
2025-11-18T01:00:36+01:00,[60],[8.301]
2025-11-18T01:00:37+01:00,[60],[8.263]
2025-11-18T01:00:38+01:00,[60],[8.236]
2025-11-18T01:00:39+01:00,[60],[8.274]
2025-11-18T01:00:40+01:00,[60],[8.4]
2025-11-18T01:00:41+01:00,[60],[8.436]
2025-11-18T01:00:42+01:00,[60],[8.441]
2025-11-18T01:00:43+01:00,[60],[8.51]
2025-11-18T01:00:44+01:00,[60],[8.541]
2025-11-18T01:00:45+01:00,[60],[8.468]
2025-11-18T01:00:46+01:00,[60],[8.588]
2025-11-18T01:00:47+01:00,[60],[8.526]
2025-11-18T01:00:48+01:00,[60],[8.52]
2025-11-18T01:00:49+01:00,[60],[8.528]
2025-11-18T01:00:50+01:00,[60],[8.529]
2025-11-18T01:00:51+01:00,[60],[8.524]
2025-11-18T01:00:52+01:00,[60],[8.445]
2025-11-18T01:00:53+01:00,[60],[8.492]
2025-11-18T01:00:54+01:00,[60],[8.428]
2025-11-18T01:00:55+01:00,[60],[8.416]
2025-11-18T01:00:56+01:00,[60],[8.38]
2025-11-18T01:00:57+01:00,[60],[8.546]
2025-11-18T01:00:58+01:00,[60],[8.582]
2025-11-18T01:00:59+01:00,[60],[8.59]
2025-11-18T01:01:00+01:00,[60],[8.525]
2025-11-18T01:01:01+01:00,[60],[8.523]
2025-11-18T01:01:02+01:00,[60],[8.463]
2025-11-18T01:01:03+01:00,[60],[8.471]
2025-11-18T01:01:04+01:00,[60],[8.515]
2025-11-18T01:01:05+01:00,[60],[8.491]
2025-11-18T01:01:06+01:00,[60],[8.451]
2025-11-18T01:01:07+01:00,[60],[8.431]
2025-11-18T01:01:08+01:00,[60],[8.472]
2025-11-18T01:01:09+01:00,[60],[8.4]
2025-11-18T01:01:10+01:00,[60],[8.351]
2025-11-18T01:01:11+01:00,[60],[8.278]
2025-11-18T01:01:12+01:00,[60],[8.414]
2025-11-18T01:01:13+01:00,[60],[8.333]
2025-11-18T01:01:14+01:00,[60],[8.302]
2025-11-18T01:01:15+01:00,[60],[8.389]
2025-11-18T01:01:16+01:00,[60],[8.442]
2025-11-18T01:01:17+01:00,[60],[8.398]
2025-11-18T01:01:18+01:00,[60],[8.439]
2025-11-18T01:01:19+01:00,[60],[8.712]
2025-11-18T01:01:20+01:00,[60],[8.796]
2025-11-18T01:01:21+01:00,[60],[8.84]
2025-11-18T01:01:22+01:00,[60],[8.848]
2025-11-18T01:01:23+01:00,[60],[8.812]
2025-11-18T01:01:24+01:00,[60],[8.94]
2025-11-18T01:01:25+01:00,[60],[9.027]
2025-11-18T01:01:26+01:00,[60],[9.229]
2025-11-18T01:01:27+01:00,[60],[9.289]
2025-11-18T01:01:28+01:00,[60],[9.282]
2025-11-18T01:01:29+01:00,[60],[9.243]
2025-11-18T01:01:30+01:00,[60],[9.255]
2025-11-18T01:01:31+01:00,[60],[9.318]
2025-11-18T01:01:32+01:00,[60],[9.24]
2025-11-18T01:01:33+01:00,[60],[9.162]
2025-11-18T01:01:34+01:00,[60],[9.092]
2025-11-18T01:01:35+01:00,[60],[9.139]
2025-11-18T01:01:36+01:00,[60],[9.057]
2025-11-18T01:01:37+01:00,[60],[8.999]
2025-11-18T01:01:38+01:00,[60],[8.99]
2025-11-18T01:01:39+01:00,[60],[8.975]
2025-11-18T01:01:40+01:00,[60],[8.891]
2025-11-18T01:01:41+01:00,[60],[8.821]
2025-11-18T01:01:42+01:00,[60],[8.703]
2025-11-18T01:01:43+01:00,[60],[8.64]
2025-11-18T01:01:44+01:00,[60],[8.587]
2025-11-18T01:01:45+01:00,[60],[8.593]
2025-11-18T01:01:46+01:00,[60],[8.487]
2025-11-18T01:01:47+01:00,[60],[8.567]
2025-11-18T01:01:48+01:00,[60],[8.738]
2025-11-18T01:01:49+01:00,[60],[8.757]
2025-11-18T01:01:50+01:00,[60],[8.77]
2025-11-18T01:01:51+01:00,[60],[8.77]
2025-11-18T01:01:52+01:00,[60],[8.821]
2025-11-18T01:01:53+01:00,[60],[8.801]
2025-11-18T01:01:54+01:00,[60],[8.725]
2025-11-18T01:01:55+01:00,[60],[8.737]
2025-11-18T01:01:56+01:00,[60],[8.725]
2025-11-18T01:01:57+01:00,[60],[8.65]
2025-11-18T01:01:58+01:00,[60],[8.526]
2025-11-18T01:01:59+01:00,[60],[8.543]
2025-11-18T01:02:00+01:00,[60],[8.485]
2025-11-18T01:02:01+01:00,[60],[8.558]
2025-11-18T01:02:02+01:00,[60],[8.458]
2025-11-18T01:02:03+01:00,[60],[8.439]
2025-11-18T01:02:04+01:00,[60],[8.398]
2025-11-18T01:02:05+01:00,[60],[8.287]
2025-11-18T01:02:06+01:00,[60],[8.386]
2025-11-18T01:02:07+01:00,[60],[8.394]
2025-11-18T01:02:08+01:00,[60],[8.477]
2025-11-18T01:02:09+01:00,[60],[8.416]
2025-11-18T01:02:10+01:00,[60],[8.506]
2025-11-18T01:02:11+01:00,[60],[8.39]
2025-11-18T01:02:12+01:00,[60],[8.47]
2025-11-18T01:02:13+01:00,[60],[8.406]
2025-11-18T01:02:14+01:00,[60],[8.411]
2025-11-18T01:02:15+01:00,[60],[8.479]
2025-11-18T01:02:16+01:00,[60],[8.467]
2025-11-18T01:02:17+01:00,[60],[8.397]
2025-11-18T01:02:18+01:00,[60],[8.367]
2025-11-18T01:02:19+01:00,[60],[8.425]
2025-11-18T01:02:20+01:00,[60],[8.434]
2025-11-18T01:02:21+01:00,[60],[8.431]
2025-11-18T01:02:22+01:00,[60],[8.48]
2025-11-18T01:02:23+01:00,[60],[8.47]
2025-11-18T01:02:24+01:00,[60],[8.394]
2025-11-18T01:02:25+01:00,[60],[8.356]
2025-11-18T01:02:26+01:00,[60],[8.334]
2025-11-18T01:02:27+01:00,[60],[8.339]
2025-11-18T01:02:28+01:00,[60],[8.434]
2025-11-18T01:02:29+01:00,[60],[8.588]
2025-11-18T01:02:30+01:00,[60],[8.809]
2025-11-18T01:02:31+01:00,[60],[8.939]
2025-11-18T01:02:32+01:00,[60],[8.952]
2025-11-18T01:02:33+01:00,[60],[8.973]
2025-11-18T01:02:34+01:00,[60],[8.987]
2025-11-18T01:02:35+01:00,[60],[8.973]
2025-11-18T01:02:36+01:00,[60],[9.054]
2025-11-18T01:02:37+01:00,[60],[9.098]
2025-11-18T01:02:38+01:00,[60],[9.121]
2025-11-18T01:02:39+01:00,[60],[9.012]
2025-11-18T01:02:40+01:00,[60],[8.966]
2025-11-18T01:02:41+01:00,[60],[8.929]
2025-11-18T01:02:42+01:00,[60],[8.938]
2025-11-18T01:02:43+01:00,[60],[8.939]
2025-11-18T01:02:44+01:00,[60],[8.905]
2025-11-18T01:02:45+01:00,[60],[8.896]
2025-11-18T01:02:46+01:00,[60],[8.9]
2025-11-18T01:02:47+01:00,[60],[8.936]
2025-11-18T01:02:48+01:00,[60],[8.833]
2025-11-18T01:02:49+01:00,[60],[8.834]
2025-11-18T01:02:50+01:00,[60],[8.822]
2025-11-18T01:02:51+01:00,[60],[8.917]
2025-11-18T01:02:52+01:00,[60],[8.963]
2025-11-18T01:02:53+01:00,[60],[9.009]
2025-11-18T01:02:54+01:00,[60],[8.993]
2025-11-18T01:02:55+01:00,[60],[8.98]
2025-11-18T01:02:56+01:00,[60],[8.939]
2025-11-18T01:02:57+01:00,[60],[8.938]
2025-11-18T01:02:58+01:00,[60],[8.837]
2025-11-18T01:02:59+01:00,[60],[8.804]
2025-11-18T01:03:00+01:00,[60],[8.752]
2025-11-18T01:03:01+01:00,[60],[8.725]
2025-11-18T01:03:02+01:00,[60],[8.73]
2025-11-18T01:03:03+01:00,[60],[8.666]
2025-11-18T01:03:04+01:00,[60],[8.64]
2025-11-18T01:03:05+01:00,[60],[8.706]
2025-11-18T01:03:06+01:00,[60],[8.783]
2025-11-18T01:03:07+01:00,[60],[8.746]
2025-11-18T01:03:08+01:00,[60],[8.696]
2025-11-18T01:03:09+01:00,[60],[8.669]
2025-11-18T01:03:10+01:00,[60],[8.691]
2025-11-18T01:03:11+01:00,[60],[8.712]
2025-11-18T01:03:12+01:00,[60],[8.652]
2025-11-18T01:03:13+01:00,[60],[8.559]
2025-11-18T01:03:14+01:00,[60],[8.546]
2025-11-18T01:03:15+01:00,[60],[8.532]
2025-11-18T01:03:16+01:00,[60],[8.503]
2025-11-18T01:03:17+01:00,[60],[8.46]
2025-11-18T01:03:18+01:00,[60],[8.456]
2025-11-18T01:03:19+01:00,[60],[8.37]
2025-11-18T01:03:20+01:00,[60],[8.303]
2025-11-18T01:03:21+01:00,[60],[8.264]
2025-11-18T01:03:22+01:00,[60],[8.219]
2025-11-18T01:03:23+01:00,[60],[8.236]
2025-11-18T01:03:24+01:00,[60],[8.257]
2025-11-18T01:03:25+01:00,[60],[8.392]
2025-11-18T01:03:26+01:00,[60],[8.449]
2025-11-18T01:03:27+01:00,[60],[8.546]
2025-11-18T01:03:28+01:00,[60],[8.6]
2025-11-18T01:03:29+01:00,[60],[8.537]
2025-11-18T01:03:30+01:00,[60],[8.463]
2025-11-18T01:03:31+01:00,[60],[8.541]
2025-11-18T01:03:32+01:00,[60],[8.614]
2025-11-18T01:03:33+01:00,[60],[8.571]
2025-11-18T01:03:34+01:00,[60],[8.524]
2025-11-18T01:03:35+01:00,[60],[8.592]
2025-11-18T01:03:36+01:00,[60],[8.517]
2025-11-18T01:03:37+01:00,[60],[8.475]
2025-11-18T01:03:38+01:00,[60],[8.449]
2025-11-18T01:03:39+01:00,[60],[8.512]
2025-11-18T01:03:40+01:00,[60],[8.565]
2025-11-18T01:03:41+01:00,[60],[8.604]
2025-11-18T01:03:42+01:00,[60],[8.658]
2025-11-18T01:03:43+01:00,[60],[8.653]
2025-11-18T01:03:44+01:00,[60],[8.686]
2025-11-18T01:03:45+01:00,[60],[8.696]
2025-11-18T01:03:46+01:00,[60],[8.668]
2025-11-18T01:03:47+01:00,[60],[8.644]
2025-11-18T01:03:48+01:00,[60],[8.684]
2025-11-18T01:03:49+01:00,[60],[8.661]
2025-11-18T01:03:50+01:00,[60],[8.634]
2025-11-18T01:03:51+01:00,[60],[8.644]
2025-11-18T01:03:52+01:00,[60],[8.651]
2025-11-18T01:03:53+01:00,[60],[8.666]
2025-11-18T01:03:54+01:00,[60],[8.614]
2025-11-18T01:03:55+01:00,[60],[8.678]
2025-11-18T01:03:56+01:00,[60],[8.765]
2025-11-18T01:03:57+01:00,[60],[8.738]
2025-11-18T01:03:58+01:00,[60],[8.729]
2025-11-18T01:03:59+01:00,[60],[8.684]
2025-11-18T01:04:00+01:00,[60],[8.652]
2025-11-18T01:04:01+01:00,[60],[8.673]
2025-11-18T01:04:02+01:00,[60],[8.773]
2025-11-18T01:04:03+01:00,[60],[8.727]
2025-11-18T01:04:04+01:00,[60],[8.811]
2025-11-18T01:04:05+01:00,[60],[8.854]
2025-11-18T01:04:06+01:00,[60],[8.912]
2025-11-18T01:04:07+01:00,[60],[8.899]
2025-11-18T01:04:08+01:00,[60],[8.962]
2025-11-18T01:04:09+01:00,[60],[9.067]
2025-11-18T01:04:10+01:00,[60],[9.055]
2025-11-18T01:04:11+01:00,[60],[9.069]
2025-11-18T01:04:12+01:00,[60],[9.099]
2025-11-18T01:04:13+01:00,[60],[9.146]
2025-11-18T01:04:14+01:00,[60],[9.213]
2025-11-18T01:04:15+01:00,[60],[9.096]
2025-11-18T01:04:16+01:00,[60],[8.996]
2025-11-18T01:04:17+01:00,[60],[8.882]
2025-11-18T01:04:18+01:00,[60],[8.814]
2025-11-18T01:04:19+01:00,[60],[8.786]
2025-11-18T01:04:20+01:00,[60],[8.681]
2025-11-18T01:04:21+01:00,[60],[8.52]
2025-11-18T01:04:22+01:00,[60],[8.496]
2025-11-18T01:04:23+01:00,[60],[8.457]
2025-11-18T01:04:24+01:00,[60],[8.394]
2025-11-18T01:04:25+01:00,[60],[8.26]
2025-11-18T01:04:26+01:00,[60],[8.199]
2025-11-18T01:04:27+01:00,[60],[8.106]
2025-11-18T01:04:28+01:00,[60],[7.958]
2025-11-18T01:04:29+01:00,[60],[7.836]
2025-11-18T01:04:30+01:00,[60],[7.864]
2025-11-18T01:04:31+01:00,[60],[7.883]
2025-11-18T01:04:32+01:00,[60],[7.84]
2025-11-18T01:04:33+01:00,[60],[7.786]
2025-11-18T01:04:34+01:00,[60],[7.817]
2025-11-18T01:04:35+01:00,[60],[7.784]
2025-11-18T01:04:36+01:00,[60],[7.712]
2025-11-18T01:04:37+01:00,[60],[7.665]
2025-11-18T01:04:38+01:00,[60],[7.668]
2025-11-18T01:04:39+01:00,[60],[7.574]
2025-11-18T01:04:40+01:00,[60],[7.578]
2025-11-18T01:04:41+01:00,[60],[7.527]
2025-11-18T01:04:42+01:00,[60],[7.599]
2025-11-18T01:04:43+01:00,[60],[7.585]
2025-11-18T01:04:44+01:00,[60],[7.539]
2025-11-18T01:04:45+01:00,[60],[7.517]
2025-11-18T01:04:46+01:00,[60],[7.512]
2025-11-18T01:04:47+01:00,[60],[7.508]
2025-11-18T01:04:48+01:00,[60],[7.569]
2025-11-18T01:04:49+01:00,[60],[7.634]
2025-11-18T01:04:50+01:00,[60],[7.695]
2025-11-18T01:04:51+01:00,[60],[7.704]
2025-11-18T01:04:52+01:00,[60],[7.674]
2025-11-18T01:04:53+01:00,[60],[7.624]
2025-11-18T01:04:54+01:00,[60],[7.611]
2025-11-18T01:04:55+01:00,[60],[7.752]
2025-11-18T01:04:56+01:00,[60],[7.777]
2025-11-18T01:04:57+01:00,[60],[7.739]
2025-11-18T01:04:58+01:00,[60],[7.765]
2025-11-18T01:04:59+01:00,[60],[7.834]
2025-11-18T01:05:00+01:00,[60],[7.991]
2025-11-18T01:05:01+01:00,[60],[7.922]
2025-11-18T01:05:02+01:00,[60],[7.879]
2025-11-18T01:05:03+01:00,[60],[8.031]
2025-11-18T01:05:04+01:00,[60],[7.986]
2025-11-18T01:05:05+01:00,[60],[7.872]
2025-11-18T01:05:06+01:00,[60],[7.779]
2025-11-18T01:05:07+01:00,[60],[7.693]
2025-11-18T01:05:08+01:00,[60],[7.658]
2025-11-18T01:05:09+01:00,[60],[7.6]
2025-11-18T01:05:10+01:00,[60],[7.612]
2025-11-18T01:05:11+01:00,[60],[7.647]
2025-11-18T01:05:12+01:00,[60],[7.665]
2025-11-18T01:05:13+01:00,[60],[7.659]
2025-11-18T01:05:14+01:00,[60],[7.611]
2025-11-18T01:05:15+01:00,[60],[7.564]
2025-11-18T01:05:16+01:00,[60],[7.543]
2025-11-18T01:05:17+01:00,[60],[7.522]
2025-11-18T01:05:18+01:00,[60],[7.492]
2025-11-18T01:05:19+01:00,[60],[7.542]
2025-11-18T01:05:20+01:00,[60],[7.44]
2025-11-18T01:05:21+01:00,[60],[7.318]
2025-11-18T01:05:22+01:00,[60],[7.227]
2025-11-18T01:05:23+01:00,[60],[7.236]
2025-11-18T01:05:24+01:00,[60],[7.208]
2025-11-18T01:05:25+01:00,[60],[7.217]
2025-11-18T01:05:26+01:00,[60],[7.175]
2025-11-18T01:05:27+01:00,[60],[7.201]
2025-11-18T01:05:28+01:00,[60],[7.199]
2025-11-18T01:05:29+01:00,[60],[7.109]
2025-11-18T01:05:30+01:00,[60],[7.087]
2025-11-18T01:05:31+01:00,[60],[7.035]
2025-11-18T01:05:32+01:00,[60],[6.886]
2025-11-18T01:05:33+01:00,[60],[6.885]
2025-11-18T01:05:34+01:00,[60],[6.838]
2025-11-18T01:05:35+01:00,[60],[6.772]
2025-11-18T01:05:36+01:00,[60],[6.824]
2025-11-18T01:05:37+01:00,[60],[6.935]
2025-11-18T01:05:38+01:00,[60],[6.917]
2025-11-18T01:05:39+01:00,[60],[6.811]
2025-11-18T01:05:40+01:00,[60],[6.752]
2025-11-18T01:05:41+01:00,[60],[6.772]
2025-11-18T01:05:42+01:00,[60],[6.748]
2025-11-18T01:05:43+01:00,[60],[6.828]
2025-11-18T01:05:44+01:00,[60],[6.836]
2025-11-18T01:05:45+01:00,[60],[6.948]
2025-11-18T01:05:46+01:00,[60],[7.165]
2025-11-18T01:05:47+01:00,[60],[7.318]
2025-11-18T01:05:48+01:00,[60],[7.385]
2025-11-18T01:05:49+01:00,[60],[7.486]
2025-11-18T01:05:50+01:00,[60],[7.662]
2025-11-18T01:05:51+01:00,[60],[7.609]
2025-11-18T01:05:52+01:00,[60],[7.542]
2025-11-18T01:05:53+01:00,[60],[7.381]
2025-11-18T01:05:54+01:00,[60],[7.29]
2025-11-18T01:05:55+01:00,[60],[7.22]
2025-11-18T01:05:56+01:00,[60],[7.251]
2025-11-18T01:05:57+01:00,[60],[7.275]
2025-11-18T01:05:58+01:00,[60],[7.319]
2025-11-18T01:05:59+01:00,[60],[7.239]
2025-11-18T01:06:00+01:00,[60],[7.146]
2025-11-18T01:06:01+01:00,[60],[7.232]
2025-11-18T01:06:02+01:00,[60],[7.209]
2025-11-18T01:06:03+01:00,[60],[7.14]
2025-11-18T01:06:04+01:00,[60],[7.115]
2025-11-18T01:06:05+01:00,[60],[7.016]
2025-11-18T01:06:06+01:00,[60],[7.035]
2025-11-18T01:06:07+01:00,[60],[6.929]
2025-11-18T01:06:08+01:00,[60],[6.876]
2025-11-18T01:06:09+01:00,[60],[6.921]
2025-11-18T01:06:10+01:00,[60],[6.992]
2025-11-18T01:06:11+01:00,[60],[7.104]
2025-11-18T01:06:12+01:00,[60],[7.055]
2025-11-18T01:06:13+01:00,[60],[7.016]
2025-11-18T01:06:14+01:00,[60],[7.149]
2025-11-18T01:06:15+01:00,[60],[7.258]
2025-11-18T01:06:16+01:00,[60],[7.249]
2025-11-18T01:06:17+01:00,[60],[7.366]
2025-11-18T01:06:18+01:00,[60],[7.337]
2025-11-18T01:06:19+01:00,[60],[7.354]
2025-11-18T01:06:20+01:00,[60],[7.377]
2025-11-18T01:06:21+01:00,[60],[7.301]
2025-11-18T01:06:22+01:00,[60],[7.343]
2025-11-18T01:06:23+01:00,[60],[7.242]
2025-11-18T01:06:24+01:00,[60],[7.214]
2025-11-18T01:06:25+01:00,[60],[7.058]
2025-11-18T01:06:26+01:00,[60],[7.01]
2025-11-18T01:06:27+01:00,[60],[6.931]
2025-11-18T01:06:28+01:00,[60],[7.029]
2025-11-18T01:06:29+01:00,[60],[7.026]
2025-11-18T01:06:30+01:00,[60],[6.963]
2025-11-18T01:06:31+01:00,[60],[6.936]
2025-11-18T01:06:32+01:00,[60],[7.043]
2025-11-18T01:06:33+01:00,[60],[6.965]
2025-11-18T01:06:34+01:00,[60],[7.042]
2025-11-18T01:06:35+01:00,[60],[7.098]
2025-11-18T01:06:36+01:00,[60],[7.074]
2025-11-18T01:06:37+01:00,[60],[7.156]
2025-11-18T01:06:38+01:00,[60],[7.18]
2025-11-18T01:06:39+01:00,[60],[7.254]
2025-11-18T01:06:40+01:00,[60],[7.23]
2025-11-18T01:06:41+01:00,[60],[7.302]
2025-11-18T01:06:42+01:00,[60],[7.381]
2025-11-18T01:06:43+01:00,[60],[7.305]
2025-11-18T01:06:44+01:00,[60],[7.241]
2025-11-18T01:06:45+01:00,[60],[7.282]
2025-11-18T01:06:46+01:00,[60],[7.348]
2025-11-18T01:06:47+01:00,[60],[7.389]
2025-11-18T01:06:48+01:00,[60],[7.32]
2025-11-18T01:06:49+01:00,[60],[7.282]
2025-11-18T01:06:50+01:00,[60],[7.382]
2025-11-18T01:06:51+01:00,[60],[7.317]
2025-11-18T01:06:52+01:00,[60],[7.316]
2025-11-18T01:06:53+01:00,[60],[7.309]
2025-11-18T01:06:54+01:00,[60],[7.191]
2025-11-18T01:06:55+01:00,[60],[7.148]
2025-11-18T01:06:56+01:00,[60],[7.126]
2025-11-18T01:06:57+01:00,[60],[7.132]
2025-11-18T01:06:58+01:00,[60],[7.113]
2025-11-18T01:06:59+01:00,[60],[7.063]
2025-11-18T01:07:00+01:00,[60],[7.07]
2025-11-18T01:07:01+01:00,[60],[7.102]
2025-11-18T01:07:02+01:00,[60],[7.093]
2025-11-18T01:07:03+01:00,[60],[7.03]
2025-11-18T01:07:04+01:00,[60],[6.97]
2025-11-18T01:07:05+01:00,[60],[6.929]
2025-11-18T01:07:06+01:00,[60],[6.944]
2025-11-18T01:07:07+01:00,[60],[6.961]
2025-11-18T01:07:08+01:00,[60],[6.941]
2025-11-18T01:07:09+01:00,[60],[6.974]
2025-11-18T01:07:10+01:00,[60],[7.108]
2025-11-18T01:07:11+01:00,[60],[7.1]
2025-11-18T01:07:12+01:00,[60],[7.095]
2025-11-18T01:07:13+01:00,[60],[7.216]
2025-11-18T01:07:14+01:00,[60],[7.296]
2025-11-18T01:07:15+01:00,[60],[7.399]
2025-11-18T01:07:16+01:00,[60],[7.438]
2025-11-18T01:07:17+01:00,[60],[7.535]
2025-11-18T01:07:18+01:00,[60],[7.533]
2025-11-18T01:07:19+01:00,[60],[7.448]
2025-11-18T01:07:20+01:00,[60],[7.261]
2025-11-18T01:07:21+01:00,[60],[7.146]
2025-11-18T01:07:22+01:00,[60],[7.019]
2025-11-18T01:07:23+01:00,[60],[7.022]
2025-11-18T01:07:24+01:00,[60],[6.973]
2025-11-18T01:07:25+01:00,[60],[6.903]
2025-11-18T01:07:26+01:00,[60],[6.773]
2025-11-18T01:07:27+01:00,[60],[6.807]
2025-11-18T01:07:28+01:00,[60],[6.93]
2025-11-18T01:07:29+01:00,[60],[6.836]
2025-11-18T01:07:30+01:00,[60],[6.948]
2025-11-18T01:07:31+01:00,[60],[6.932]
2025-11-18T01:07:32+01:00,[60],[6.844]
2025-11-18T01:07:33+01:00,[60],[6.817]
2025-11-18T01:07:34+01:00,[60],[6.739]
2025-11-18T01:07:35+01:00,[60],[6.827]
2025-11-18T01:07:36+01:00,[60],[6.807]
2025-11-18T01:07:37+01:00,[60],[6.854]
2025-11-18T01:07:38+01:00,[60],[6.881]
2025-11-18T01:07:39+01:00,[60],[6.804]
2025-11-18T01:07:40+01:00,[60],[6.855]
2025-11-18T01:07:41+01:00,[60],[6.682]
2025-11-18T01:07:42+01:00,[60],[6.553]
2025-11-18T01:07:43+01:00,[60],[6.545]
2025-11-18T01:07:44+01:00,[60],[6.459]
2025-11-18T01:07:45+01:00,[60],[6.41]
2025-11-18T01:07:46+01:00,[60],[6.371]
2025-11-18T01:07:47+01:00,[60],[6.39]
2025-11-18T01:07:48+01:00,[60],[6.397]
2025-11-18T01:07:49+01:00,[60],[6.389]
2025-11-18T01:07:50+01:00,[60],[6.407]
2025-11-18T01:07:51+01:00,[60],[6.49]
2025-11-18T01:07:52+01:00,[60],[6.532]
2025-11-18T01:07:53+01:00,[60],[6.587]
2025-11-18T01:07:54+01:00,[60],[6.557]
2025-11-18T01:07:55+01:00,[60],[6.709]
2025-11-18T01:07:56+01:00,[60],[6.655]
2025-11-18T01:07:57+01:00,[60],[6.671]
2025-11-18T01:07:58+01:00,[60],[6.583]
2025-11-18T01:07:59+01:00,[60],[6.442]
2025-11-18T01:08:00+01:00,[60],[6.482]
2025-11-18T01:08:01+01:00,[60],[6.589]
2025-11-18T01:08:02+01:00,[60],[6.579]
2025-11-18T01:08:03+01:00,[60],[6.56]
2025-11-18T01:08:04+01:00,[60],[6.531]
2025-11-18T01:08:05+01:00,[60],[6.704]
2025-11-18T01:08:06+01:00,[60],[6.684]
2025-11-18T01:08:07+01:00,[60],[6.684]
2025-11-18T01:08:08+01:00,[60],[6.801]
2025-11-18T01:08:09+01:00,[60],[6.828]
2025-11-18T01:08:10+01:00,[60],[6.844]
2025-11-18T01:08:11+01:00,[60],[6.898]
2025-11-18T01:08:12+01:00,[60],[6.908]
2025-11-18T01:08:13+01:00,[60],[6.926]
2025-11-18T01:08:14+01:00,[60],[6.912]
2025-11-18T01:08:15+01:00,[60],[6.931]
2025-11-18T01:08:16+01:00,[60],[6.817]
2025-11-18T01:08:17+01:00,[60],[6.776]
2025-11-18T01:08:18+01:00,[60],[6.821]
2025-11-18T01:08:19+01:00,[60],[6.777]
2025-11-18T01:08:20+01:00,[60],[6.86]
2025-11-18T01:08:21+01:00,[60],[6.864]
2025-11-18T01:08:22+01:00,[60],[6.952]
2025-11-18T01:08:23+01:00,[60],[6.886]
2025-11-18T01:08:24+01:00,[60],[7.06]
2025-11-18T01:08:25+01:00,[60],[7.188]
2025-11-18T01:08:26+01:00,[60],[7.105]
2025-11-18T01:08:27+01:00,[60],[7.113]
2025-11-18T01:08:28+01:00,[60],[7.018]
2025-11-18T01:08:29+01:00,[60],[6.941]
2025-11-18T01:08:30+01:00,[60],[6.857]
2025-11-18T01:08:31+01:00,[60],[6.78]
2025-11-18T01:08:32+01:00,[60],[6.669]
2025-11-18T01:08:33+01:00,[60],[6.606]
2025-11-18T01:08:34+01:00,[60],[6.603]
2025-11-18T01:08:35+01:00,[60],[6.544]
2025-11-18T01:08:36+01:00,[60],[6.476]
2025-11-18T01:08:37+01:00,[60],[6.488]
2025-11-18T01:08:38+01:00,[60],[6.581]
2025-11-18T01:08:39+01:00,[60],[6.574]
2025-11-18T01:08:40+01:00,[60],[6.472]
2025-11-18T01:08:41+01:00,[60],[6.531]
2025-11-18T01:08:42+01:00,[60],[6.698]
2025-11-18T01:08:43+01:00,[60],[6.732]
2025-11-18T01:08:44+01:00,[60],[6.772]
2025-11-18T01:08:45+01:00,[60],[6.836]
2025-11-18T01:08:46+01:00,[60],[6.84]
2025-11-18T01:08:47+01:00,[60],[6.75]
2025-11-18T01:08:48+01:00,[60],[6.771]
2025-11-18T01:08:49+01:00,[60],[6.82]
2025-11-18T01:08:50+01:00,[60],[6.834]
2025-11-18T01:08:51+01:00,[60],[6.775]
2025-11-18T01:08:52+01:00,[60],[6.8]
2025-11-18T01:08:53+01:00,[60],[6.8]
2025-11-18T01:08:54+01:00,[60],[6.827]
2025-11-18T01:08:55+01:00,[60],[6.793]
2025-11-18T01:08:56+01:00,[60],[6.814]
2025-11-18T01:08:57+01:00,[60],[6.814]
2025-11-18T01:08:58+01:00,[60],[6.847]
2025-11-18T01:08:59+01:00,[60],[6.797]
2025-11-18T01:09:00+01:00,[60],[6.804]
2025-11-18T01:09:01+01:00,[60],[6.826]
2025-11-18T01:09:02+01:00,[60],[6.839]
2025-11-18T01:09:03+01:00,[60],[6.869]
2025-11-18T01:09:04+01:00,[60],[6.92]
2025-11-18T01:09:05+01:00,[60],[6.978]
2025-11-18T01:09:06+01:00,[60],[6.946]
2025-11-18T01:09:07+01:00,[60],[6.852]
2025-11-18T01:09:08+01:00,[60],[6.844]
2025-11-18T01:09:09+01:00,[60],[6.909]
2025-11-18T01:09:10+01:00,[60],[6.975]
2025-11-18T01:09:11+01:00,[60],[6.932]
2025-11-18T01:09:12+01:00,[60],[7.12]
2025-11-18T01:09:13+01:00,[60],[7.094]
2025-11-18T01:09:14+01:00,[60],[7.083]
2025-11-18T01:09:15+01:00,[60],[7.147]
2025-11-18T01:09:16+01:00,[60],[7.136]
2025-11-18T01:09:17+01:00,[60],[7.112]
2025-11-18T01:09:18+01:00,[60],[7.123]
2025-11-18T01:09:19+01:00,[60],[7.022]
2025-11-18T01:09:20+01:00,[60],[7.004]
2025-11-18T01:09:21+01:00,[60],[6.997]
2025-11-18T01:09:22+01:00,[60],[6.918]
2025-11-18T01:09:23+01:00,[60],[6.979]
2025-11-18T01:09:24+01:00,[60],[6.967]
2025-11-18T01:09:25+01:00,[60],[6.94]
2025-11-18T01:09:26+01:00,[60],[6.967]
2025-11-18T01:09:27+01:00,[60],[6.962]
2025-11-18T01:09:28+01:00,[60],[6.89]
2025-11-18T01:09:29+01:00,[60],[6.821]
2025-11-18T01:09:30+01:00,[60],[6.787]
2025-11-18T01:09:31+01:00,[60],[6.754]
2025-11-18T01:09:32+01:00,[60],[6.812]
2025-11-18T01:09:33+01:00,[60],[6.867]
2025-11-18T01:09:34+01:00,[60],[6.888]
2025-11-18T01:09:35+01:00,[60],[6.826]
2025-11-18T01:09:36+01:00,[60],[6.892]
2025-11-18T01:09:37+01:00,[60],[6.901]
2025-11-18T01:09:38+01:00,[60],[6.895]
2025-11-18T01:09:39+01:00,[60],[6.995]
2025-11-18T01:09:40+01:00,[60],[7.012]
2025-11-18T01:09:41+01:00,[60],[7.038]
2025-11-18T01:09:42+01:00,[60],[7.061]
2025-11-18T01:09:43+01:00,[60],[7.039]
2025-11-18T01:09:44+01:00,[60],[6.991]
2025-11-18T01:09:45+01:00,[60],[7.106]
2025-11-18T01:09:46+01:00,[60],[7.261]
2025-11-18T01:09:47+01:00,[60],[7.246]
2025-11-18T01:09:48+01:00,[60],[7.1]
2025-11-18T01:09:49+01:00,[60],[7.132]
2025-11-18T01:09:50+01:00,[60],[7.152]
2025-11-18T01:09:51+01:00,[60],[7.132]
2025-11-18T01:09:52+01:00,[60],[7.134]
2025-11-18T01:09:53+01:00,[60],[7.18]
2025-11-18T01:09:54+01:00,[60],[7.114]
2025-11-18T01:09:55+01:00,[60],[7.156]
2025-11-18T01:09:56+01:00,[60],[7.157]
2025-11-18T01:09:57+01:00,[60],[7.172]
2025-11-18T01:09:58+01:00,[60],[7.13]
2025-11-18T01:09:59+01:00,[60],[7.18]
2025-11-18T01:10:00+01:00,[60],[7.203]
2025-11-18T01:10:01+01:00,[60],[7.127]
2025-11-18T01:10:02+01:00,[60],[7.133]
2025-11-18T01:10:03+01:00,[60],[7.25]
2025-11-18T01:10:04+01:00,[60],[7.362]
2025-11-18T01:10:05+01:00,[60],[7.427]
2025-11-18T01:10:06+01:00,[60],[7.627]
2025-11-18T01:10:07+01:00,[60],[7.629]
2025-11-18T01:10:08+01:00,[60],[7.665]
2025-11-18T01:10:09+01:00,[60],[7.539]
2025-11-18T01:10:10+01:00,[60],[7.608]
2025-11-18T01:10:12+01:00,[60],[7.625]
2025-11-18T01:10:13+01:00,[60],[7.677]
2025-11-18T01:10:14+01:00,[60],[8.025]
2025-11-18T01:10:15+01:00,[60],[7.992]
2025-11-18T01:10:16+01:00,[60],[7.893]
2025-11-18T01:10:17+01:00,[60],[7.912]
2025-11-18T01:10:18+01:00,[60],[8.061]
2025-11-18T01:10:19+01:00,[60],[8.098]
2025-11-18T01:10:20+01:00,[60],[8.089]
2025-11-18T01:10:21+01:00,[60],[8.038]
2025-11-18T01:10:22+01:00,[60],[8.01]
2025-11-18T01:10:23+01:00,[60],[7.981]
2025-11-18T01:10:24+01:00,[60],[7.936]
2025-11-18T01:10:25+01:00,[60],[8.004]
2025-11-18T01:10:26+01:00,[60],[8.218]
2025-11-18T01:10:27+01:00,[60],[8.344]
2025-11-18T01:10:28+01:00,[60],[8.543]
2025-11-18T01:10:29+01:00,[60],[8.579]
2025-11-18T01:10:30+01:00,[60],[8.532]
2025-11-18T01:10:31+01:00,[60],[8.531]
2025-11-18T01:10:32+01:00,[60],[8.544]
2025-11-18T01:10:33+01:00,[60],[8.511]
2025-11-18T01:10:34+01:00,[60],[8.463]
2025-11-18T01:10:35+01:00,[60],[8.495]
2025-11-18T01:10:36+01:00,[60],[8.437]
2025-11-18T01:10:37+01:00,[60],[8.382]
2025-11-18T01:10:38+01:00,[60],[8.274]
2025-11-18T01:10:39+01:00,[60],[8.304]
2025-11-18T01:10:40+01:00,[60],[8.362]
2025-11-18T01:10:41+01:00,[60],[8.301]
2025-11-18T01:10:42+01:00,[60],[8.357]
2025-11-18T01:10:43+01:00,[60],[8.283]
2025-11-18T01:10:44+01:00,[60],[8.243]
2025-11-18T01:10:45+01:00,[60],[8.22]
2025-11-18T01:10:46+01:00,[60],[8.276]
2025-11-18T01:10:47+01:00,[60],[8.259]
2025-11-18T01:10:48+01:00,[60],[8.317]
2025-11-18T01:10:49+01:00,[60],[8.309]
2025-11-18T01:10:50+01:00,[60],[8.393]
2025-11-18T01:10:51+01:00,[60],[8.478]
2025-11-18T01:10:52+01:00,[60],[8.665]
2025-11-18T01:10:53+01:00,[60],[8.817]
2025-11-18T01:10:54+01:00,[60],[8.839]
2025-11-18T01:10:55+01:00,[60],[8.869]
2025-11-18T01:10:56+01:00,[60],[8.894]
2025-11-18T01:10:57+01:00,[60],[8.874]
2025-11-18T01:10:58+01:00,[60],[8.802]
2025-11-18T01:10:59+01:00,[60],[8.774]
2025-11-18T01:11:00+01:00,[60],[8.822]
2025-11-18T01:11:01+01:00,[60],[8.833]
2025-11-18T01:11:02+01:00,[60],[8.797]
2025-11-18T01:11:03+01:00,[60],[8.747]
2025-11-18T01:11:04+01:00,[60],[8.709]
2025-11-18T01:11:05+01:00,[60],[8.611]
2025-11-18T01:11:06+01:00,[60],[8.575]
2025-11-18T01:11:07+01:00,[60],[8.657]
2025-11-18T01:11:08+01:00,[60],[8.715]
2025-11-18T01:11:09+01:00,[60],[8.702]
2025-11-18T01:11:10+01:00,[60],[8.742]
2025-11-18T01:11:11+01:00,[60],[8.797]
2025-11-18T01:11:12+01:00,[60],[8.865]
2025-11-18T01:11:13+01:00,[60],[9.013]
2025-11-18T01:11:14+01:00,[60],[9.059]
2025-11-18T01:11:15+01:00,[60],[9.023]
2025-11-18T01:11:16+01:00,[60],[9.046]
2025-11-18T01:11:17+01:00,[60],[9.157]
2025-11-18T01:11:18+01:00,[60],[9.222]
2025-11-18T01:11:19+01:00,[60],[9.37]
2025-11-18T01:11:20+01:00,[60],[9.354]
2025-11-18T01:11:21+01:00,[60],[9.368]
2025-11-18T01:11:22+01:00,[60],[9.197]
2025-11-18T01:11:23+01:00,[60],[9.015]
2025-11-18T01:11:24+01:00,[60],[8.949]
2025-11-18T01:11:25+01:00,[60],[8.847]
2025-11-18T01:11:26+01:00,[60],[8.771]
2025-11-18T01:11:27+01:00,[60],[8.718]
2025-11-18T01:11:28+01:00,[60],[8.659]
2025-11-18T01:11:29+01:00,[60],[8.535]
2025-11-18T01:11:30+01:00,[60],[8.549]
2025-11-18T01:11:31+01:00,[60],[8.525]
2025-11-18T01:11:32+01:00,[60],[8.551]
2025-11-18T01:11:33+01:00,[60],[8.454]
2025-11-18T01:11:34+01:00,[60],[8.4]
2025-11-18T01:11:35+01:00,[60],[8.426]
2025-11-18T01:11:36+01:00,[60],[8.445]
2025-11-18T01:11:37+01:00,[60],[8.445]
2025-11-18T01:11:38+01:00,[60],[8.569]
2025-11-18T01:11:39+01:00,[60],[8.613]
2025-11-18T01:11:40+01:00,[60],[8.664]
2025-11-18T01:11:41+01:00,[60],[8.583]
2025-11-18T01:11:42+01:00,[60],[8.514]
2025-11-18T01:11:43+01:00,[60],[8.399]
2025-11-18T01:11:45+01:00,[60],[8.349]
2025-11-18T01:11:46+01:00,[60],[8.344]
2025-11-18T01:11:47+01:00,[60],[8.356]
2025-11-18T01:11:48+01:00,[60],[8.305]
2025-11-18T01:11:49+01:00,[60],[8.196]
2025-11-18T01:11:50+01:00,[60],[8.226]
2025-11-18T01:11:51+01:00,[60],[8.247]
2025-11-18T01:11:52+01:00,[60],[8.286]
2025-11-18T01:11:53+01:00,[60],[8.231]
2025-11-18T01:11:54+01:00,[60],[8.382]
2025-11-18T01:11:55+01:00,[60],[8.386]
2025-11-18T01:11:56+01:00,[60],[8.325]
2025-11-18T01:11:57+01:00,[60],[8.26]
2025-11-18T01:11:58+01:00,[60],[8.173]
2025-11-18T01:11:59+01:00,[60],[8.151]
2025-11-18T01:12:00+01:00,[60],[8.083]
2025-11-18T01:12:01+01:00,[60],[8.103]
2025-11-18T01:12:02+01:00,[60],[8.164]
2025-11-18T01:12:03+01:00,[60],[8.189]
2025-11-18T01:12:04+01:00,[60],[8.212]
2025-11-18T01:12:05+01:00,[60],[8.247]
2025-11-18T01:12:06+01:00,[60],[8.412]
2025-11-18T01:12:07+01:00,[60],[8.389]
2025-11-18T01:12:08+01:00,[60],[8.445]
2025-11-18T01:12:09+01:00,[60],[8.533]
2025-11-18T01:12:10+01:00,[60],[8.727]
2025-11-18T01:12:11+01:00,[60],[8.8]
2025-11-18T01:12:12+01:00,[60],[8.885]
2025-11-18T01:12:13+01:00,[60],[8.774]
2025-11-18T01:12:14+01:00,[60],[8.83]
2025-11-18T01:12:15+01:00,[60],[8.884]
2025-11-18T01:12:16+01:00,[60],[8.891]
2025-11-18T01:12:17+01:00,[60],[8.899]
2025-11-18T01:12:18+01:00,[60],[8.883]
2025-11-18T01:12:19+01:00,[60],[8.931]
2025-11-18T01:12:20+01:00,[60],[8.937]
2025-11-18T01:12:21+01:00,[60],[8.972]
2025-11-18T01:12:22+01:00,[60],[9.042]
2025-11-18T01:12:23+01:00,[60],[8.967]
2025-11-18T01:12:24+01:00,[60],[8.89]
2025-11-18T01:12:25+01:00,[60],[8.86]
2025-11-18T01:12:26+01:00,[60],[8.957]
2025-11-18T01:12:27+01:00,[60],[8.962]
2025-11-18T01:12:28+01:00,[60],[8.935]
2025-11-18T01:12:29+01:00,[60],[9.019]
2025-11-18T01:12:30+01:00,[60],[9.034]
2025-11-18T01:12:31+01:00,[60],[8.897]
2025-11-18T01:12:32+01:00,[60],[8.894]
2025-11-18T01:12:33+01:00,[60],[8.883]
2025-11-18T01:12:34+01:00,[60],[8.798]
2025-11-18T01:12:35+01:00,[60],[8.711]
2025-11-18T01:12:36+01:00,[60],[8.78]
2025-11-18T01:12:37+01:00,[60],[8.833]
2025-11-18T01:12:38+01:00,[60],[8.733]
2025-11-18T01:12:39+01:00,[60],[8.642]
2025-11-18T01:12:40+01:00,[60],[8.673]
2025-11-18T01:12:41+01:00,[60],[8.529]
2025-11-18T01:12:42+01:00,[60],[8.46]
2025-11-18T01:12:43+01:00,[60],[8.322]
2025-11-18T01:12:44+01:00,[60],[8.246]
2025-11-18T01:12:45+01:00,[60],[8.227]
2025-11-18T01:12:46+01:00,[60],[8.125]
2025-11-18T01:12:47+01:00,[60],[8.228]
2025-11-18T01:12:48+01:00,[60],[8.093]
2025-11-18T01:12:49+01:00,[60],[8.106]
2025-11-18T01:12:50+01:00,[60],[8.092]
2025-11-18T01:12:51+01:00,[60],[8.223]
2025-11-18T01:12:52+01:00,[60],[8.322]
2025-11-18T01:12:53+01:00,[60],[8.419]
2025-11-18T01:12:54+01:00,[60],[8.469]
2025-11-18T01:12:55+01:00,[60],[8.56]
2025-11-18T01:12:56+01:00,[60],[8.566]
2025-11-18T01:12:57+01:00,[60],[8.632]
2025-11-18T01:12:58+01:00,[60],[8.674]
2025-11-18T01:12:59+01:00,[60],[8.755]
2025-11-18T01:13:00+01:00,[60],[8.713]
2025-11-18T01:13:01+01:00,[60],[8.751]
2025-11-18T01:13:02+01:00,[60],[8.791]
2025-11-18T01:13:03+01:00,[60],[8.853]
2025-11-18T01:13:04+01:00,[60],[8.816]
2025-11-18T01:13:05+01:00,[60],[8.883]
2025-11-18T01:13:06+01:00,[60],[8.882]
2025-11-18T01:13:07+01:00,[60],[8.803]
2025-11-18T01:13:08+01:00,[60],[8.714]
2025-11-18T01:13:09+01:00,[60],[8.78]
2025-11-18T01:13:10+01:00,[60],[8.761]
2025-11-18T01:13:11+01:00,[60],[8.66]
2025-11-18T01:13:12+01:00,[60],[8.587]
2025-11-18T01:13:13+01:00,[60],[8.52]
2025-11-18T01:13:14+01:00,[60],[8.525]
2025-11-18T01:13:15+01:00,[60],[8.427]
2025-11-18T01:13:16+01:00,[60],[8.376]
2025-11-18T01:13:17+01:00,[60],[8.294]
2025-11-18T01:13:18+01:00,[60],[8.233]
2025-11-18T01:13:19+01:00,[60],[8.264]
2025-11-18T01:13:20+01:00,[60],[8.245]
2025-11-18T01:13:21+01:00,[60],[8.343]
2025-11-18T01:13:22+01:00,[60],[8.453]
2025-11-18T01:13:23+01:00,[60],[8.493]
2025-11-18T01:13:24+01:00,[60],[8.556]
2025-11-18T01:13:25+01:00,[60],[8.599]
2025-11-18T01:13:26+01:00,[60],[8.616]
2025-11-18T01:13:27+01:00,[60],[8.786]
2025-11-18T01:13:28+01:00,[60],[8.814]
2025-11-18T01:13:29+01:00,[60],[8.861]
2025-11-18T01:13:30+01:00,[60],[8.916]
2025-11-18T01:13:31+01:00,[60],[8.922]
2025-11-18T01:13:32+01:00,[60],[8.875]
2025-11-18T01:13:33+01:00,[60],[8.863]
2025-11-18T01:13:34+01:00,[60],[8.818]
2025-11-18T01:13:35+01:00,[60],[8.809]
2025-11-18T01:13:36+01:00,[60],[8.748]
2025-11-18T01:13:37+01:00,[60],[8.687]
2025-11-18T01:13:38+01:00,[60],[8.785]
2025-11-18T01:13:39+01:00,[60],[8.75]
2025-11-18T01:13:40+01:00,[60],[8.749]
2025-11-18T01:13:41+01:00,[60],[8.647]
2025-11-18T01:13:42+01:00,[60],[8.664]
2025-11-18T01:13:43+01:00,[60],[8.765]
2025-11-18T01:13:44+01:00,[60],[8.814]
2025-11-18T01:13:45+01:00,[60],[8.709]
2025-11-18T01:13:46+01:00,[60],[8.762]
2025-11-18T01:13:47+01:00,[60],[9.113]
2025-11-18T01:13:48+01:00,[60],[9.005]
2025-11-18T01:13:49+01:00,[60],[9.092]
2025-11-18T01:13:51+01:00,[60],[9.121]
2025-11-18T01:13:52+01:00,[60],[8.96]
2025-11-18T01:13:53+01:00,[60],[8.853]
2025-11-18T01:13:54+01:00,[60],[8.923]
2025-11-18T01:13:55+01:00,[60],[8.778]
2025-11-18T01:13:56+01:00,[60],[8.68]
2025-11-18T01:13:57+01:00,[60],[8.724]
2025-11-18T01:13:58+01:00,[60],[8.669]
2025-11-18T01:13:59+01:00,[60],[8.555]
2025-11-18T01:14:00+01:00,[60],[8.482]
2025-11-18T01:14:01+01:00,[60],[8.4]
2025-11-18T01:14:02+01:00,[60],[8.262]
2025-11-18T01:14:03+01:00,[60],[8.109]
2025-11-18T01:14:04+01:00,[60],[8.098]
2025-11-18T01:14:05+01:00,[60],[8.21]
2025-11-18T01:14:06+01:00,[60],[8.173]
2025-11-18T01:14:07+01:00,[60],[8.111]
2025-11-18T01:14:08+01:00,[60],[8.096]
2025-11-18T01:14:09+01:00,[60],[7.975]
2025-11-18T01:14:10+01:00,[60],[7.938]
2025-11-18T01:14:11+01:00,[60],[7.88]
2025-11-18T01:14:12+01:00,[60],[7.954]
2025-11-18T01:14:13+01:00,[60],[7.896]
2025-11-18T01:14:14+01:00,[60],[7.964]
2025-11-18T01:14:15+01:00,[60],[7.957]
2025-11-18T01:14:16+01:00,[60],[7.943]
2025-11-18T01:14:17+01:00,[60],[7.884]
2025-11-18T01:14:18+01:00,[60],[7.975]
2025-11-18T01:14:19+01:00,[60],[8.077]
2025-11-18T01:14:20+01:00,[60],[8.09]
2025-11-18T01:14:21+01:00,[60],[8.196]
2025-11-18T01:14:22+01:00,[60],[8.306]
2025-11-18T01:14:23+01:00,[60],[8.416]
2025-11-18T01:14:24+01:00,[60],[8.518]
2025-11-18T01:14:25+01:00,[60],[8.546]
2025-11-18T01:14:26+01:00,[60],[8.6]
2025-11-18T01:14:27+01:00,[60],[8.562]
2025-11-18T01:14:28+01:00,[60],[8.573]
2025-11-18T01:14:29+01:00,[60],[8.546]
2025-11-18T01:14:30+01:00,[60],[8.553]
2025-11-18T01:14:31+01:00,[60],[8.518]
2025-11-18T01:14:32+01:00,[60],[8.373]
2025-11-18T01:14:33+01:00,[60],[8.465]
2025-11-18T01:14:34+01:00,[60],[8.385]
2025-11-18T01:14:35+01:00,[60],[8.319]
2025-11-18T01:14:36+01:00,[60],[8.427]
2025-11-18T01:14:37+01:00,[60],[8.522]
2025-11-18T01:14:38+01:00,[60],[8.537]
2025-11-18T01:14:39+01:00,[60],[8.401]
2025-11-18T01:14:40+01:00,[60],[8.359]
2025-11-18T01:14:41+01:00,[60],[8.27]
2025-11-18T01:14:42+01:00,[60],[8.2]
2025-11-18T01:14:43+01:00,[60],[8.13]
2025-11-18T01:14:44+01:00,[60],[8.087]
2025-11-18T01:14:45+01:00,[60],[7.932]
2025-11-18T01:14:46+01:00,[60],[7.894]
2025-11-18T01:14:47+01:00,[60],[7.846]
2025-11-18T01:14:48+01:00,[60],[7.824]
2025-11-18T01:14:49+01:00,[60],[7.784]
2025-11-18T01:14:50+01:00,[60],[7.749]
2025-11-18T01:14:51+01:00,[60],[7.659]
2025-11-18T01:14:52+01:00,[60],[7.694]
2025-11-18T01:14:53+01:00,[60],[7.641]
2025-11-18T01:14:54+01:00,[60],[7.662]
2025-11-18T01:14:55+01:00,[60],[7.626]
2025-11-18T01:14:56+01:00,[60],[7.552]
2025-11-18T01:14:57+01:00,[60],[7.551]
2025-11-18T01:14:58+01:00,[60],[7.549]
2025-11-18T01:14:59+01:00,[60],[7.528]
2025-11-18T01:15:00+01:00,[60],[7.544]
2025-11-18T01:15:01+01:00,[60],[7.452]
2025-11-18T01:15:02+01:00,[60],[7.376]
2025-11-18T01:15:03+01:00,[60],[7.366]
2025-11-18T01:15:04+01:00,[60],[7.244]
2025-11-18T01:15:05+01:00,[60],[7.239]
2025-11-18T01:15:06+01:00,[60],[7.221]
2025-11-18T01:15:07+01:00,[60],[7.09]
2025-11-18T01:15:08+01:00,[60],[7.068]
2025-11-18T01:15:09+01:00,[60],[7.07]
2025-11-18T01:15:10+01:00,[60],[7.081]
2025-11-18T01:15:11+01:00,[60],[7.055]
2025-11-18T01:15:12+01:00,[60],[7.017]
2025-11-18T01:15:13+01:00,[60],[6.991]
2025-11-18T01:15:14+01:00,[60],[6.988]
2025-11-18T01:15:15+01:00,[60],[6.962]
2025-11-18T01:15:16+01:00,[60],[6.979]
2025-11-18T01:15:17+01:00,[60],[7.03]
2025-11-18T01:15:18+01:00,[60],[7.054]
2025-11-18T01:15:19+01:00,[60],[7.135]
2025-11-18T01:15:20+01:00,[60],[7.148]
2025-11-18T01:15:21+01:00,[60],[7.205]
2025-11-18T01:15:22+01:00,[60],[7.23]
2025-11-18T01:15:23+01:00,[60],[7.217]
2025-11-18T01:15:24+01:00,[60],[7.3]
2025-11-18T01:15:25+01:00,[60],[7.381]
2025-11-18T01:15:26+01:00,[60],[7.337]
2025-11-18T01:15:27+01:00,[60],[7.321]
2025-11-18T01:15:28+01:00,[60],[7.331]
2025-11-18T01:15:29+01:00,[60],[7.324]
2025-11-18T01:15:30+01:00,[60],[7.328]
2025-11-18T01:15:31+01:00,[60],[7.277]
2025-11-18T01:15:32+01:00,[60],[7.247]
2025-11-18T01:15:33+01:00,[60],[7.261]
2025-11-18T01:15:34+01:00,[60],[7.213]
2025-11-18T01:15:35+01:00,[60],[7.214]
2025-11-18T01:15:36+01:00,[60],[7.179]
2025-11-18T01:15:37+01:00,[60],[7.212]
2025-11-18T01:15:38+01:00,[60],[7.204]
2025-11-18T01:15:39+01:00,[60],[7.137]
2025-11-18T01:15:40+01:00,[60],[7.2]
2025-11-18T01:15:41+01:00,[60],[7.125]
2025-11-18T01:15:42+01:00,[60],[7.131]
2025-11-18T01:15:43+01:00,[60],[7.153]
2025-11-18T01:15:44+01:00,[60],[7.225]
2025-11-18T01:15:45+01:00,[60],[7.313]
2025-11-18T01:15:46+01:00,[60],[7.431]
2025-11-18T01:15:47+01:00,[60],[7.584]
2025-11-18T01:15:48+01:00,[60],[7.58]
2025-11-18T01:15:49+01:00,[60],[7.704]
2025-11-18T01:15:50+01:00,[60],[7.699]
2025-11-18T01:15:51+01:00,[60],[7.846]
2025-11-18T01:15:52+01:00,[60],[7.772]
2025-11-18T01:15:53+01:00,[60],[7.795]
2025-11-18T01:15:54+01:00,[60],[7.77]
2025-11-18T01:15:55+01:00,[60],[7.678]
2025-11-18T01:15:57+01:00,[60],[7.655]
2025-11-18T01:15:58+01:00,[60],[7.625]
2025-11-18T01:15:59+01:00,[60],[7.702]
2025-11-18T01:16:00+01:00,[60],[7.687]
2025-11-18T01:16:01+01:00,[60],[7.767]
2025-11-18T01:16:02+01:00,[60],[7.827]
2025-11-18T01:16:03+01:00,[60],[7.776]
2025-11-18T01:16:04+01:00,[60],[7.764]
2025-11-18T01:16:05+01:00,[60],[7.836]
2025-11-18T01:16:06+01:00,[60],[7.917]
2025-11-18T01:16:07+01:00,[60],[7.948]
2025-11-18T01:16:08+01:00,[60],[7.97]
2025-11-18T01:16:09+01:00,[60],[7.947]
2025-11-18T01:16:10+01:00,[60],[8.041]
2025-11-18T01:16:11+01:00,[60],[8.083]
2025-11-18T01:16:12+01:00,[60],[8.055]
2025-11-18T01:16:13+01:00,[60],[8.14]
2025-11-18T01:16:14+01:00,[60],[8.156]
2025-11-18T01:16:15+01:00,[60],[8.189]
2025-11-18T01:16:16+01:00,[60],[8.203]
2025-11-18T01:16:17+01:00,[60],[8.224]
2025-11-18T01:16:18+01:00,[60],[8.308]
2025-11-18T01:16:19+01:00,[60],[8.363]
2025-11-18T01:16:20+01:00,[60],[8.342]
2025-11-18T01:16:21+01:00,[60],[8.3]
2025-11-18T01:16:22+01:00,[60],[8.305]
2025-11-18T01:16:23+01:00,[60],[8.313]
2025-11-18T01:16:24+01:00,[60],[8.347]
2025-11-18T01:16:25+01:00,[60],[8.334]
2025-11-18T01:16:26+01:00,[60],[8.379]
2025-11-18T01:16:27+01:00,[60],[8.461]
2025-11-18T01:16:28+01:00,[60],[8.433]
2025-11-18T01:16:29+01:00,[60],[8.473]
2025-11-18T01:16:30+01:00,[60],[8.416]
2025-11-18T01:16:31+01:00,[60],[8.323]
2025-11-18T01:16:32+01:00,[60],[8.219]
2025-11-18T01:16:33+01:00,[60],[8.15]
2025-11-18T01:16:34+01:00,[60],[8.106]
2025-11-18T01:16:35+01:00,[60],[8]
2025-11-18T01:16:36+01:00,[60],[7.939]
2025-11-18T01:16:37+01:00,[60],[7.904]
2025-11-18T01:16:38+01:00,[60],[7.845]
2025-11-18T01:16:39+01:00,[60],[7.776]
2025-11-18T01:16:40+01:00,[60],[7.708]
2025-11-18T01:16:41+01:00,[60],[7.65]
2025-11-18T01:16:42+01:00,[60],[7.609]
2025-11-18T01:16:43+01:00,[60],[7.591]
2025-11-18T01:16:44+01:00,[60],[7.572]
2025-11-18T01:16:45+01:00,[60],[7.604]
2025-11-18T01:16:46+01:00,[60],[7.59]
2025-11-18T01:16:47+01:00,[60],[7.565]
2025-11-18T01:16:48+01:00,[60],[7.563]
2025-11-18T01:16:49+01:00,[60],[7.589]
2025-11-18T01:16:50+01:00,[60],[7.592]
2025-11-18T01:16:51+01:00,[60],[7.579]
2025-11-18T01:16:52+01:00,[60],[7.588]
2025-11-18T01:16:53+01:00,[60],[7.572]
2025-11-18T01:16:54+01:00,[60],[7.598]
2025-11-18T01:16:55+01:00,[60],[7.616]
2025-11-18T01:16:56+01:00,[60],[7.575]
2025-11-18T01:16:57+01:00,[60],[7.596]
2025-11-18T01:16:58+01:00,[60],[7.655]
2025-11-18T01:16:59+01:00,[60],[7.53]
2025-11-18T01:17:00+01:00,[60],[7.538]
2025-11-18T01:17:01+01:00,[60],[7.54]
2025-11-18T01:17:02+01:00,[60],[7.454]
2025-11-18T01:17:03+01:00,[60],[7.41]
2025-11-18T01:17:04+01:00,[60],[7.336]
2025-11-18T01:17:05+01:00,[60],[7.262]
2025-11-18T01:17:06+01:00,[60],[7.354]
2025-11-18T01:17:07+01:00,[60],[7.333]
2025-11-18T01:17:08+01:00,[60],[7.292]
2025-11-18T01:17:09+01:00,[60],[7.273]
2025-11-18T01:17:10+01:00,[60],[7.122]
2025-11-18T01:17:11+01:00,[60],[7.024]
2025-11-18T01:17:12+01:00,[60],[7.251]
2025-11-18T01:17:13+01:00,[60],[7.264]
2025-11-18T01:17:14+01:00,[60],[7.291]
2025-11-18T01:17:15+01:00,[60],[7.201]
2025-11-18T01:17:16+01:00,[60],[7.346]
2025-11-18T01:17:17+01:00,[60],[7.395]
2025-11-18T01:17:18+01:00,[60],[7.436]
2025-11-18T01:17:19+01:00,[60],[7.36]
2025-11-18T01:17:20+01:00,[60],[7.386]
2025-11-18T01:17:21+01:00,[60],[7.385]
2025-11-18T01:17:22+01:00,[60],[7.286]
2025-11-18T01:17:23+01:00,[60],[7.139]
2025-11-18T01:17:24+01:00,[60],[7.024]
2025-11-18T01:17:25+01:00,[60],[6.914]
2025-11-18T01:17:26+01:00,[60],[6.942]
2025-11-18T01:17:27+01:00,[60],[7.111]
2025-11-18T01:17:28+01:00,[60],[7.203]
2025-11-18T01:17:29+01:00,[60],[7.168]
2025-11-18T01:17:30+01:00,[60],[7.253]
2025-11-18T01:17:31+01:00,[60],[7.446]
2025-11-18T01:17:32+01:00,[60],[7.336]
2025-11-18T01:17:33+01:00,[60],[7.345]
2025-11-18T01:17:34+01:00,[60],[7.489]
2025-11-18T01:17:35+01:00,[60],[7.569]
2025-11-18T01:17:36+01:00,[60],[7.492]
2025-11-18T01:17:37+01:00,[60],[7.589]
2025-11-18T01:17:38+01:00,[60],[7.614]
2025-11-18T01:17:39+01:00,[60],[7.772]
2025-11-18T01:17:40+01:00,[60],[7.68]
2025-11-18T01:17:41+01:00,[60],[7.637]
2025-11-18T01:17:42+01:00,[60],[7.602]
2025-11-18T01:17:43+01:00,[60],[7.591]
2025-11-18T01:17:44+01:00,[60],[7.572]
2025-11-18T01:17:45+01:00,[60],[7.591]
2025-11-18T01:17:46+01:00,[60],[7.545]
2025-11-18T01:17:47+01:00,[60],[7.474]
2025-11-18T01:17:48+01:00,[60],[7.44]
2025-11-18T01:17:49+01:00,[60],[7.387]
2025-11-18T01:17:50+01:00,[60],[7.257]
2025-11-18T01:17:51+01:00,[60],[7.214]
2025-11-18T01:17:52+01:00,[60],[7.14]
2025-11-18T01:17:53+01:00,[60],[7.195]
2025-11-18T01:17:54+01:00,[60],[7.16]
2025-11-18T01:17:55+01:00,[60],[7.179]
2025-11-18T01:17:56+01:00,[60],[7.175]
2025-11-18T01:17:57+01:00,[60],[7.291]
2025-11-18T01:17:58+01:00,[60],[7.314]
2025-11-18T01:17:59+01:00,[60],[7.366]
2025-11-18T01:18:00+01:00,[60],[7.331]
2025-11-18T01:18:01+01:00,[60],[7.224]
2025-11-18T01:18:03+01:00,[60],[7.222]
2025-11-18T01:18:04+01:00,[60],[7.178]
2025-11-18T01:18:05+01:00,[60],[7.068]
2025-11-18T01:18:06+01:00,[60],[7.008]
2025-11-18T01:18:07+01:00,[60],[6.943]
2025-11-18T01:18:08+01:00,[60],[6.866]
2025-11-18T01:18:09+01:00,[60],[6.829]
2025-11-18T01:18:10+01:00,[60],[6.801]
2025-11-18T01:18:11+01:00,[60],[6.817]
2025-11-18T01:18:12+01:00,[60],[6.784]
2025-11-18T01:18:13+01:00,[60],[6.737]
2025-11-18T01:18:14+01:00,[60],[6.64]
2025-11-18T01:18:15+01:00,[60],[6.585]
2025-11-18T01:18:16+01:00,[60],[6.507]
2025-11-18T01:18:17+01:00,[60],[6.425]
2025-11-18T01:18:18+01:00,[60],[6.429]
2025-11-18T01:18:19+01:00,[60],[6.371]
2025-11-18T01:18:20+01:00,[60],[6.525]
2025-11-18T01:18:21+01:00,[60],[6.598]
2025-11-18T01:18:22+01:00,[60],[6.581]
2025-11-18T01:18:23+01:00,[60],[6.518]
2025-11-18T01:18:24+01:00,[60],[6.577]
2025-11-18T01:18:25+01:00,[60],[6.64]
2025-11-18T01:18:26+01:00,[60],[6.66]
2025-11-18T01:18:27+01:00,[60],[6.707]
2025-11-18T01:18:28+01:00,[60],[6.792]
2025-11-18T01:18:29+01:00,[60],[6.865]
2025-11-18T01:18:30+01:00,[60],[6.921]
2025-11-18T01:18:31+01:00,[60],[7.033]
2025-11-18T01:18:32+01:00,[60],[7.03]
2025-11-18T01:18:33+01:00,[60],[7.058]
2025-11-18T01:18:34+01:00,[60],[7.026]
2025-11-18T01:18:35+01:00,[60],[7.008]
2025-11-18T01:18:36+01:00,[60],[7.058]
2025-11-18T01:18:37+01:00,[60],[7.096]
2025-11-18T01:18:38+01:00,[60],[7.066]
2025-11-18T01:18:39+01:00,[60],[7.072]
2025-11-18T01:18:40+01:00,[60],[7.048]
2025-11-18T01:18:41+01:00,[60],[7.053]
2025-11-18T01:18:42+01:00,[60],[7.176]
2025-11-18T01:18:43+01:00,[60],[7.204]
2025-11-18T01:18:44+01:00,[60],[7.261]
2025-11-18T01:18:45+01:00,[60],[7.239]
2025-11-18T01:18:46+01:00,[60],[7.234]
2025-11-18T01:18:47+01:00,[60],[7.235]
2025-11-18T01:18:48+01:00,[60],[7.24]
2025-11-18T01:18:49+01:00,[60],[7.246]
2025-11-18T01:18:50+01:00,[60],[7.234]
2025-11-18T01:18:51+01:00,[60],[7.193]
2025-11-18T01:18:52+01:00,[60],[7.249]
2025-11-18T01:18:53+01:00,[60],[7.238]
2025-11-18T01:18:54+01:00,[60],[7.237]
2025-11-18T01:18:55+01:00,[60],[7.215]
2025-11-18T01:18:56+01:00,[60],[7.196]
2025-11-18T01:18:57+01:00,[60],[7.155]
2025-11-18T01:18:58+01:00,[60],[7.109]
2025-11-18T01:18:59+01:00,[60],[7.085]
2025-11-18T01:19:00+01:00,[60],[7.134]
2025-11-18T01:19:01+01:00,[60],[7.164]
2025-11-18T01:19:02+01:00,[60],[7.175]
2025-11-18T01:19:03+01:00,[60],[7.132]
2025-11-18T01:19:04+01:00,[60],[7.134]
2025-11-18T01:19:05+01:00,[60],[7.147]
2025-11-18T01:19:06+01:00,[60],[7.185]
2025-11-18T01:19:07+01:00,[60],[7.228]
2025-11-18T01:19:08+01:00,[60],[7.234]
2025-11-18T01:19:09+01:00,[60],[7.224]
2025-11-18T01:19:10+01:00,[60],[7.262]
2025-11-18T01:19:11+01:00,[60],[7.271]
2025-11-18T01:19:12+01:00,[60],[7.317]
2025-11-18T01:19:13+01:00,[60],[7.275]
2025-11-18T01:19:14+01:00,[60],[7.317]
2025-11-18T01:19:15+01:00,[60],[7.325]
2025-11-18T01:19:16+01:00,[60],[7.28]
2025-11-18T01:19:17+01:00,[60],[7.328]
2025-11-18T01:19:18+01:00,[60],[7.337]
2025-11-18T01:19:19+01:00,[60],[7.306]
2025-11-18T01:19:20+01:00,[60],[7.31]
2025-11-18T01:19:21+01:00,[60],[7.369]
2025-11-18T01:19:22+01:00,[60],[7.377]
2025-11-18T01:19:23+01:00,[60],[7.349]
2025-11-18T01:19:24+01:00,[60],[7.348]
2025-11-18T01:19:25+01:00,[60],[7.425]
2025-11-18T01:19:26+01:00,[60],[7.446]
2025-11-18T01:19:27+01:00,[60],[7.478]
2025-11-18T01:19:28+01:00,[60],[7.44]
2025-11-18T01:19:29+01:00,[60],[7.418]
2025-11-18T01:19:30+01:00,[60],[7.405]
2025-11-18T01:19:31+01:00,[60],[7.38]
2025-11-18T01:19:32+01:00,[60],[7.414]
2025-11-18T01:19:33+01:00,[60],[7.429]
2025-11-18T01:19:34+01:00,[60],[7.458]
2025-11-18T01:19:35+01:00,[60],[7.456]
2025-11-18T01:19:36+01:00,[60],[7.487]
2025-11-18T01:19:37+01:00,[60],[7.489]
2025-11-18T01:19:38+01:00,[60],[7.482]
2025-11-18T01:19:39+01:00,[60],[7.496]
2025-11-18T01:19:40+01:00,[60],[7.538]
2025-11-18T01:19:41+01:00,[60],[7.562]
2025-11-18T01:19:42+01:00,[60],[7.503]
2025-11-18T01:19:43+01:00,[60],[7.479]
2025-11-18T01:19:44+01:00,[60],[7.511]
2025-11-18T01:19:45+01:00,[60],[7.525]
2025-11-18T01:19:46+01:00,[60],[7.542]
2025-11-18T01:19:47+01:00,[60],[7.508]
2025-11-18T01:19:48+01:00,[60],[7.411]
2025-11-18T01:19:49+01:00,[60],[7.381]
2025-11-18T01:19:50+01:00,[60],[7.367]
2025-11-18T01:19:51+01:00,[60],[7.292]
2025-11-18T01:19:52+01:00,[60],[7.271]
2025-11-18T01:19:53+01:00,[60],[7.261]
2025-11-18T01:19:54+01:00,[60],[7.239]
2025-11-18T01:19:55+01:00,[60],[7.297]
2025-11-18T01:19:56+01:00,[60],[7.161]
2025-11-18T01:19:57+01:00,[60],[7.171]
2025-11-18T01:19:58+01:00,[60],[7.154]
2025-11-18T01:19:59+01:00,[60],[7.078]
2025-11-18T01:20:00+01:00,[60],[7.046]
2025-11-18T01:20:01+01:00,[60],[7.12]
2025-11-18T01:20:02+01:00,[60],[7.137]
2025-11-18T01:20:03+01:00,[60],[7.222]
2025-11-18T01:20:04+01:00,[60],[7.307]
2025-11-18T01:20:05+01:00,[60],[7.419]
2025-11-18T01:20:06+01:00,[60],[7.497]
2025-11-18T01:20:07+01:00,[60],[7.51]
2025-11-18T01:20:09+01:00,[60],[7.625]
2025-11-18T01:20:10+01:00,[60],[7.817]
2025-11-18T01:20:11+01:00,[60],[7.887]
2025-11-18T01:20:12+01:00,[60],[7.993]
2025-11-18T01:20:13+01:00,[60],[7.931]
2025-11-18T01:20:14+01:00,[60],[7.924]
2025-11-18T01:20:15+01:00,[60],[7.896]
2025-11-18T01:20:16+01:00,[60],[7.916]
2025-11-18T01:20:17+01:00,[60],[7.96]
2025-11-18T01:20:18+01:00,[60],[7.89]
2025-11-18T01:20:19+01:00,[60],[7.996]
2025-11-18T01:20:20+01:00,[60],[8.01]
2025-11-18T01:20:21+01:00,[60],[7.967]
2025-11-18T01:20:22+01:00,[60],[7.844]
2025-11-18T01:20:23+01:00,[60],[7.804]
2025-11-18T01:20:24+01:00,[60],[7.737]
2025-11-18T01:20:25+01:00,[60],[7.665]
2025-11-18T01:20:26+01:00,[60],[7.617]
2025-11-18T01:20:27+01:00,[60],[7.766]
2025-11-18T01:20:28+01:00,[60],[7.9]
2025-11-18T01:20:29+01:00,[60],[8.063]
2025-11-18T01:20:30+01:00,[60],[7.993]
2025-11-18T01:20:31+01:00,[60],[7.896]
2025-11-18T01:20:32+01:00,[60],[7.814]
2025-11-18T01:20:33+01:00,[60],[7.907]
2025-11-18T01:20:34+01:00,[60],[7.968]
2025-11-18T01:20:35+01:00,[60],[8.048]
2025-11-18T01:20:36+01:00,[60],[7.973]
2025-11-18T01:20:37+01:00,[60],[7.961]
2025-11-18T01:20:38+01:00,[60],[7.915]
2025-11-18T01:20:39+01:00,[60],[7.883]
2025-11-18T01:20:40+01:00,[60],[8.036]
2025-11-18T01:20:41+01:00,[60],[8.026]
2025-11-18T01:20:42+01:00,[60],[8.05]
2025-11-18T01:20:43+01:00,[60],[8.105]
2025-11-18T01:20:44+01:00,[60],[8.071]
2025-11-18T01:20:45+01:00,[60],[8.083]
2025-11-18T01:20:46+01:00,[60],[8.145]
2025-11-18T01:20:47+01:00,[60],[8.076]
2025-11-18T01:20:48+01:00,[60],[8.101]
2025-11-18T01:20:49+01:00,[60],[8.229]
2025-11-18T01:20:50+01:00,[60],[8.199]
2025-11-18T01:20:51+01:00,[60],[8.246]
2025-11-18T01:20:52+01:00,[60],[8.274]
2025-11-18T01:20:53+01:00,[60],[8.267]
2025-11-18T01:20:54+01:00,[60],[8.194]
2025-11-18T01:20:55+01:00,[60],[8.143]
2025-11-18T01:20:56+01:00,[60],[8.122]
2025-11-18T01:20:57+01:00,[60],[8.023]
2025-11-18T01:20:58+01:00,[60],[8.041]
2025-11-18T01:20:59+01:00,[60],[7.963]
2025-11-18T01:21:00+01:00,[60],[7.958]
2025-11-18T01:21:01+01:00,[60],[7.923]
2025-11-18T01:21:02+01:00,[60],[7.966]
2025-11-18T01:21:03+01:00,[60],[8.035]
2025-11-18T01:21:04+01:00,[60],[8.022]
2025-11-18T01:21:05+01:00,[60],[8]
2025-11-18T01:21:06+01:00,[60],[8.031]
2025-11-18T01:21:07+01:00,[60],[8.118]
2025-11-18T01:21:08+01:00,[60],[8.15]
2025-11-18T01:21:09+01:00,[60],[8.14]
2025-11-18T01:21:10+01:00,[60],[8.113]
2025-11-18T01:21:11+01:00,[60],[8.069]
2025-11-18T01:21:12+01:00,[60],[8.144]
2025-11-18T01:21:13+01:00,[60],[8.06]
2025-11-18T01:21:14+01:00,[60],[8.076]
2025-11-18T01:21:15+01:00,[60],[7.972]
2025-11-18T01:21:16+01:00,[60],[7.894]
2025-11-18T01:21:17+01:00,[60],[7.802]
2025-11-18T01:21:18+01:00,[60],[7.695]
2025-11-18T01:21:19+01:00,[60],[7.585]
2025-11-18T01:21:20+01:00,[60],[7.474]
2025-11-18T01:21:21+01:00,[60],[7.421]
2025-11-18T01:21:22+01:00,[60],[7.405]
2025-11-18T01:21:23+01:00,[60],[7.342]
2025-11-18T01:21:24+01:00,[60],[7.289]
2025-11-18T01:21:25+01:00,[60],[7.229]
2025-11-18T01:21:26+01:00,[60],[7.144]
2025-11-18T01:21:27+01:00,[60],[7.1]
2025-11-18T01:21:28+01:00,[60],[7.045]
2025-11-18T01:21:29+01:00,[60],[7.022]
2025-11-18T01:21:30+01:00,[60],[7.017]
2025-11-18T01:21:31+01:00,[60],[6.987]
2025-11-18T01:21:32+01:00,[60],[6.924]
2025-11-18T01:21:33+01:00,[60],[6.926]
2025-11-18T01:21:34+01:00,[60],[6.882]
2025-11-18T01:21:35+01:00,[60],[6.861]
2025-11-18T01:21:36+01:00,[60],[6.833]
2025-11-18T01:21:37+01:00,[60],[6.759]
2025-11-18T01:21:38+01:00,[60],[6.746]
2025-11-18T01:21:39+01:00,[60],[6.737]
2025-11-18T01:21:40+01:00,[60],[6.733]
2025-11-18T01:21:41+01:00,[60],[6.747]
2025-11-18T01:21:51+01:00,[60],[6.747]
2025-11-18T01:21:54+01:00,[60],[2]
2025-11-18T01:21:56+01:00,[60],[8.806]
2025-11-18T01:21:57+01:00,[60],[6.203]
2025-11-18T01:21:58+01:00,[60],[4.24]
2025-11-18T01:21:59+01:00,[60],[4.331]
2025-11-18T01:22:00+01:00,[60],[4.454]
2025-11-18T01:22:01+01:00,[60],[4.502]
2025-11-18T01:22:02+01:00,[60],[4.526]
2025-11-18T01:22:03+01:00,[60],[4.357]
2025-11-18T01:22:04+01:00,[60],[4.164]
2025-11-18T01:22:05+01:00,[60],[3.967]
2025-11-18T01:22:06+01:00,[60],[2.441]
2025-11-18T01:22:07+01:00,[60],[2.488]
2025-11-18T01:22:08+01:00,[60],[4.749]
2025-11-18T01:22:09+01:00,[60],[4.749]
2025-11-18T01:22:10+01:00,[60],[4.749]
2025-11-18T01:22:11+01:00,[60],[4.749]
2025-11-18T01:22:12+01:00,[60],[4.749]
2025-11-18T01:22:13+01:00,[60],[4.749]
2025-11-18T01:22:14+01:00,[60],[4.749]
2025-11-18T01:22:15+01:00,[60],[4.749]
2025-11-18T01:22:16+01:00,[60],[4.749]
2025-11-18T01:22:17+01:00,[60],[4.749]
2025-11-18T01:22:18+01:00,[60],[4.749]
2025-11-18T01:22:19+01:00,[60],[4.749]
2025-11-18T01:22:20+01:00,[60],[4.749]
2025-11-18T01:22:21+01:00,[60],[4.749]
2025-11-18T01:22:22+01:00,[60],[4.749]
2025-11-18T01:22:23+01:00,[60],[4.749]
2025-11-18T01:22:24+01:00,[60],[4.749]
2025-11-18T01:22:25+01:00,[60],[4.749]
2025-11-18T01:22:26+01:00,[60],[4.749]
2025-11-18T01:22:27+01:00,[60],[4.749]
2025-11-18T01:22:28+01:00,[60],[5.626]
2025-11-18T01:22:29+01:00,[60],[5.626]
2025-11-18T01:22:30+01:00,[60],[6.721]
2025-11-18T01:22:31+01:00,[60],[6.85]
2025-11-18T01:22:32+01:00,[60],[7.401]
2025-11-18T01:22:33+01:00,[60],[7.401]
2025-11-18T01:22:34+01:00,[60],[7.401]
2025-11-18T01:22:35+01:00,[60],[7.052]
2025-11-18T01:22:36+01:00,[60],[6.895]
2025-11-18T01:22:37+01:00,[60],[6.895]
2025-11-18T01:22:38+01:00,[60],[6.895]
2025-11-18T01:22:39+01:00,[60],[6.941]
2025-11-18T01:22:40+01:00,[60],[6.941]
2025-11-18T01:22:41+01:00,[60],[6.941]
2025-11-18T01:22:42+01:00,[60],[6.913]
2025-11-18T01:22:43+01:00,[60],[6.913]
2025-11-18T01:22:44+01:00,[60],[6.942]
2025-11-18T01:22:45+01:00,[60],[6.96]
2025-11-18T01:22:46+01:00,[60],[6.96]
2025-11-18T01:22:47+01:00,[60],[6.888]
2025-11-18T01:22:48+01:00,[60],[6.877]
2025-11-18T01:22:49+01:00,[60],[6.877]
2025-11-18T01:22:50+01:00,[60],[6.874]
2025-11-18T01:22:51+01:00,[60],[6.913]
2025-11-18T01:22:52+01:00,[60],[6.913]
2025-11-18T01:22:53+01:00,[60],[6.84]
2025-11-18T01:22:54+01:00,[60],[6.84]
2025-11-18T01:22:55+01:00,[60],[6.767]
2025-11-18T01:22:56+01:00,[60],[6.723]
2025-11-18T01:22:57+01:00,[60],[6.631]
2025-11-18T01:22:58+01:00,[60],[6.646]
2025-11-18T01:22:59+01:00,[60],[6.646]
2025-11-18T01:23:00+01:00,[60],[6.646]
2025-11-18T01:23:01+01:00,[60],[6.651]
2025-11-18T01:23:02+01:00,[60],[6.762]
2025-11-18T01:23:03+01:00,[60],[6.738]
2025-11-18T01:23:04+01:00,[60],[6.738]
2025-11-18T01:23:05+01:00,[60],[6.742]
2025-11-18T01:23:06+01:00,[60],[6.722]
2025-11-18T01:23:07+01:00,[60],[6.688]
2025-11-18T01:23:08+01:00,[60],[6.755]
2025-11-18T01:23:09+01:00,[60],[6.755]
2025-11-18T01:23:10+01:00,[60],[6.755]
2025-11-18T01:23:11+01:00,[60],[6.727]
2025-11-18T01:23:12+01:00,[60],[6.799]
2025-11-18T01:23:13+01:00,[60],[6.799]
2025-11-18T01:23:14+01:00,[60],[6.842]
2025-11-18T01:23:15+01:00,[60],[6.808]
2025-11-18T01:23:16+01:00,[60],[6.932]
2025-11-18T01:23:17+01:00,[60],[6.888]
2025-11-18T01:23:18+01:00,[60],[6.833]
2025-11-18T01:23:19+01:00,[60],[6.833]
2025-11-18T01:23:20+01:00,[60],[6.797]
2025-11-18T01:23:21+01:00,[60],[6.76]
2025-11-18T01:23:22+01:00,[60],[6.906]
2025-11-18T01:23:23+01:00,[60],[6.906]
2025-11-18T01:23:24+01:00,[60],[6.89]
2025-11-18T01:23:25+01:00,[60],[6.846]
2025-11-18T01:23:26+01:00,[60],[6.859]
2025-11-18T01:23:27+01:00,[60],[6.859]
2025-11-18T01:23:28+01:00,[60],[6.894]
2025-11-18T01:23:29+01:00,[60],[6.894]
2025-11-18T01:23:30+01:00,[60],[6.899]
2025-11-18T01:23:31+01:00,[60],[6.872]
2025-11-18T01:23:32+01:00,[60],[6.872]
2025-11-18T01:23:33+01:00,[60],[6.999]
2025-11-18T01:23:34+01:00,[60],[7.062]
2025-11-18T01:23:35+01:00,[60],[7.022]
2025-11-18T01:23:36+01:00,[60],[6.978]
2025-11-18T01:23:37+01:00,[60],[6.978]
2025-11-18T01:23:38+01:00,[60],[7.081]
2025-11-18T01:23:39+01:00,[60],[7.081]
2025-11-18T01:23:40+01:00,[60],[7.167]
2025-11-18T01:23:41+01:00,[60],[7.093]
2025-11-18T01:23:42+01:00,[60],[7.084]
2025-11-18T01:23:43+01:00,[60],[7.155]
2025-11-18T01:23:44+01:00,[60],[7.138]
2025-11-18T01:23:45+01:00,[60],[7.138]
2025-11-18T01:23:46+01:00,[60],[7.113]
2025-11-18T01:23:47+01:00,[60],[7.129]
2025-11-18T01:23:48+01:00,[60],[7.171]
2025-11-18T01:23:49+01:00,[60],[7.171]
2025-11-18T01:23:50+01:00,[60],[7.225]
2025-11-18T01:23:51+01:00,[60],[7.208]
2025-11-18T01:23:52+01:00,[60],[7.208]
2025-11-18T01:23:53+01:00,[60],[7.208]
2025-11-18T01:23:54+01:00,[60],[7.162]
2025-11-18T01:23:55+01:00,[60],[7.23]
2025-11-18T01:23:56+01:00,[60],[7.23]
2025-11-18T01:23:57+01:00,[60],[7.137]
2025-11-18T01:23:58+01:00,[60],[7.137]
2025-11-18T01:23:59+01:00,[60],[7.137]
2025-11-18T01:24:00+01:00,[60],[7.085]
2025-11-18T01:24:01+01:00,[60],[7.058]
2025-11-18T01:24:02+01:00,[60],[7.038]
2025-11-18T01:24:03+01:00,[60],[6.968]
2025-11-18T01:24:04+01:00,[60],[6.962]
2025-11-18T01:24:05+01:00,[60],[6.964]
2025-11-18T01:24:06+01:00,[60],[6.897]
2025-11-18T01:24:07+01:00,[60],[6.899]
2025-11-18T01:24:08+01:00,[60],[6.886]
2025-11-18T01:24:09+01:00,[60],[6.886]
2025-11-18T01:24:10+01:00,[60],[6.816]
2025-11-18T01:24:11+01:00,[60],[6.742]
2025-11-18T01:24:12+01:00,[60],[6.742]
2025-11-18T01:24:13+01:00,[60],[6.705]
2025-11-18T01:24:14+01:00,[60],[6.705]
2025-11-18T01:24:15+01:00,[60],[6.705]
2025-11-18T01:24:16+01:00,[60],[6.705]
2025-11-18T01:24:17+01:00,[60],[6.707]
2025-11-18T01:24:18+01:00,[60],[6.707]
2025-11-18T01:24:19+01:00,[60],[6.777]
2025-11-18T01:24:20+01:00,[60],[6.821]
2025-11-18T01:24:21+01:00,[60],[6.877]
2025-11-18T01:24:22+01:00,[60],[6.907]
2025-11-18T01:24:23+01:00,[60],[6.908]
2025-11-18T01:24:24+01:00,[60],[6.921]
2025-11-18T01:24:25+01:00,[60],[6.961]
2025-11-18T01:24:26+01:00,[60],[7.147]
2025-11-18T01:24:27+01:00,[60],[7.123]
2025-11-18T01:24:28+01:00,[60],[7.128]
2025-11-18T01:24:29+01:00,[60],[7.128]
2025-11-18T01:24:30+01:00,[60],[7.241]
2025-11-18T01:24:31+01:00,[60],[7.327]
2025-11-18T01:24:32+01:00,[60],[7.327]
2025-11-18T01:24:33+01:00,[60],[7.323]
2025-11-18T01:24:34+01:00,[60],[7.323]
2025-11-18T01:24:35+01:00,[60],[7.349]
2025-11-18T01:24:36+01:00,[60],[7.298]
2025-11-18T01:24:37+01:00,[60],[7.218]
2025-11-18T01:24:38+01:00,[60],[7.185]
2025-11-18T01:24:39+01:00,[60],[7.177]
2025-11-18T01:24:40+01:00,[60],[7.177]
2025-11-18T01:24:41+01:00,[60],[7.177]
2025-11-18T01:24:42+01:00,[60],[7.209]
2025-11-18T01:24:43+01:00,[60],[7.333]
2025-11-18T01:24:44+01:00,[60],[7.353]
2025-11-18T01:24:45+01:00,[60],[7.357]
2025-11-18T01:24:46+01:00,[60],[7.302]
2025-11-18T01:24:47+01:00,[60],[7.261]
2025-11-18T01:24:48+01:00,[60],[7.236]
2025-11-18T01:24:49+01:00,[60],[7.269]
2025-11-18T01:24:50+01:00,[60],[7.345]
2025-11-18T01:24:51+01:00,[60],[7.405]
2025-11-18T01:24:52+01:00,[60],[7.434]
2025-11-18T01:24:53+01:00,[60],[7.434]
2025-11-18T01:24:54+01:00,[60],[7.433]
2025-11-18T01:24:55+01:00,[60],[7.479]
2025-11-18T01:24:56+01:00,[60],[7.483]
2025-11-18T01:24:57+01:00,[60],[7.563]
2025-11-18T01:24:58+01:00,[60],[7.608]
2025-11-18T01:24:59+01:00,[60],[7.697]
2025-11-18T01:25:00+01:00,[60],[7.629]
2025-11-18T01:25:01+01:00,[60],[7.629]
2025-11-18T01:25:02+01:00,[60],[7.58]
2025-11-18T01:25:03+01:00,[60],[7.578]
2025-11-18T01:25:04+01:00,[60],[7.578]
2025-11-18T01:25:05+01:00,[60],[7.533]
2025-11-18T01:25:06+01:00,[60],[7.57]
2025-11-18T01:25:07+01:00,[60],[7.77]
2025-11-18T01:25:08+01:00,[60],[7.726]
2025-11-18T01:25:09+01:00,[60],[7.726]
2025-11-18T01:25:10+01:00,[60],[7.723]
2025-11-18T01:25:11+01:00,[60],[7.699]
2025-11-18T01:25:12+01:00,[60],[7.626]
2025-11-18T01:25:13+01:00,[60],[7.582]
2025-11-18T01:25:14+01:00,[60],[7.575]
2025-11-18T01:25:15+01:00,[60],[7.627]
2025-11-18T01:25:16+01:00,[60],[7.619]
2025-11-18T01:25:17+01:00,[60],[7.584]
2025-11-18T01:25:18+01:00,[60],[7.654]
2025-11-18T01:25:19+01:00,[60],[7.654]
2025-11-18T01:25:20+01:00,[60],[7.592]
2025-11-18T01:25:21+01:00,[60],[7.535]
2025-11-18T01:25:22+01:00,[60],[7.433]
2025-11-18T01:25:23+01:00,[60],[7.47]
2025-11-18T01:25:24+01:00,[60],[7.47]
2025-11-18T01:25:25+01:00,[60],[7.411]
2025-11-18T01:25:26+01:00,[60],[7.377]
2025-11-18T01:25:27+01:00,[60],[7.341]
2025-11-18T01:25:28+01:00,[60],[7.341]
2025-11-18T01:25:29+01:00,[60],[7.321]
2025-11-18T01:25:30+01:00,[60],[7.328]
2025-11-18T01:25:31+01:00,[60],[7.319]
2025-11-18T01:25:32+01:00,[60],[7.239]
2025-11-18T01:25:33+01:00,[60],[7.239]
2025-11-18T01:25:34+01:00,[60],[7.239]
2025-11-18T01:25:35+01:00,[60],[7.251]
2025-11-18T01:25:36+01:00,[60],[7.172]
2025-11-18T01:25:37+01:00,[60],[7.278]
2025-11-18T01:25:38+01:00,[60],[7.253]
2025-11-18T01:25:39+01:00,[60],[7.253]
2025-11-18T01:25:40+01:00,[60],[7.253]
2025-11-18T01:25:41+01:00,[60],[7.289]
2025-11-18T01:25:42+01:00,[60],[7.289]
2025-11-18T01:25:43+01:00,[60],[7.289]
2025-11-18T01:25:44+01:00,[60],[7.272]
2025-11-18T01:25:45+01:00,[60],[7.398]
2025-11-18T01:25:46+01:00,[60],[7.428]
2025-11-18T01:25:47+01:00,[60],[7.359]
2025-11-18T01:25:48+01:00,[60],[7.413]
2025-11-18T01:25:49+01:00,[60],[7.426]
2025-11-18T01:25:50+01:00,[60],[7.405]
2025-11-18T01:25:51+01:00,[60],[7.271]
2025-11-18T01:25:52+01:00,[60],[7.253]
2025-11-18T01:25:53+01:00,[60],[7.303]
2025-11-18T01:25:54+01:00,[60],[7.328]
2025-11-18T01:25:55+01:00,[60],[7.355]
2025-11-18T01:25:56+01:00,[60],[7.329]
2025-11-18T01:25:57+01:00,[60],[7.391]
2025-11-18T01:25:58+01:00,[60],[7.357]
2025-11-18T01:25:59+01:00,[60],[7.478]
2025-11-18T01:26:00+01:00,[60],[7.492]
2025-11-18T01:26:01+01:00,[60],[7.525]
2025-11-18T01:26:02+01:00,[60],[7.628]
2025-11-18T01:26:03+01:00,[60],[7.729]
2025-11-18T01:26:04+01:00,[60],[7.729]
2025-11-18T01:26:05+01:00,[60],[7.784]
2025-11-18T01:26:06+01:00,[60],[7.821]
2025-11-18T01:26:07+01:00,[60],[7.966]
2025-11-18T01:26:08+01:00,[60],[7.972]
2025-11-18T01:26:09+01:00,[60],[8.226]
2025-11-18T01:26:10+01:00,[60],[8.366]
2025-11-18T01:26:11+01:00,[60],[8.484]
2025-11-18T01:26:12+01:00,[60],[8.595]
2025-11-18T01:26:13+01:00,[60],[8.637]
2025-11-18T01:26:14+01:00,[60],[8.645]
2025-11-18T01:26:15+01:00,[60],[8.697]
2025-11-18T01:26:16+01:00,[60],[8.636]
2025-11-18T01:26:17+01:00,[60],[8.62]
2025-11-18T01:26:18+01:00,[60],[8.562]
2025-11-18T01:26:19+01:00,[60],[8.562]
2025-11-18T01:26:20+01:00,[60],[8.452]
2025-11-18T01:26:21+01:00,[60],[8.38]
2025-11-18T01:26:22+01:00,[60],[8.304]
2025-11-18T01:26:23+01:00,[60],[8.144]
2025-11-18T01:26:24+01:00,[60],[8.036]
2025-11-18T01:26:25+01:00,[60],[8.052]
2025-11-18T01:26:26+01:00,[60],[7.962]
2025-11-18T01:26:27+01:00,[60],[7.988]
2025-11-18T01:26:28+01:00,[60],[7.912]
2025-11-18T01:26:29+01:00,[60],[7.869]
2025-11-18T01:26:30+01:00,[60],[7.808]
2025-11-18T01:26:31+01:00,[60],[7.747]
2025-11-18T01:26:32+01:00,[60],[7.75]
2025-11-18T01:26:33+01:00,[60],[7.726]
2025-11-18T01:26:34+01:00,[60],[7.715]
2025-11-18T01:26:35+01:00,[60],[7.597]
2025-11-18T01:26:36+01:00,[60],[7.462]
2025-11-18T01:26:37+01:00,[60],[7.346]
2025-11-18T01:26:38+01:00,[60],[7.344]
2025-11-18T01:26:39+01:00,[60],[7.205]
2025-11-18T01:26:40+01:00,[60],[7.069]
2025-11-18T01:26:41+01:00,[60],[7.006]
2025-11-18T01:26:42+01:00,[60],[7.01]
2025-11-18T01:26:43+01:00,[60],[7.083]
2025-11-18T01:26:44+01:00,[60],[7.128]
2025-11-18T01:26:45+01:00,[60],[7.196]
2025-11-18T01:26:46+01:00,[60],[7.367]
2025-11-18T01:26:47+01:00,[60],[7.467]
2025-11-18T01:26:48+01:00,[60],[7.499]
2025-11-18T01:26:49+01:00,[60],[7.49]
2025-11-18T01:26:50+01:00,[60],[7.58]
2025-11-18T01:26:51+01:00,[60],[7.583]
2025-11-18T01:26:52+01:00,[60],[7.816]
2025-11-18T01:26:53+01:00,[60],[7.798]
2025-11-18T01:26:54+01:00,[60],[7.824]
2025-11-18T01:26:55+01:00,[60],[7.797]
2025-11-18T01:26:56+01:00,[60],[7.808]
2025-11-18T01:26:57+01:00,[60],[7.785]
2025-11-18T01:26:58+01:00,[60],[7.869]
2025-11-18T01:26:59+01:00,[60],[7.892]
2025-11-18T01:27:00+01:00,[60],[7.791]
2025-11-18T01:27:01+01:00,[60],[7.699]
2025-11-18T01:27:02+01:00,[60],[7.611]
2025-11-18T01:27:03+01:00,[60],[7.666]
2025-11-18T01:27:04+01:00,[60],[7.602]
2025-11-18T01:27:05+01:00,[60],[7.685]
2025-11-18T01:27:06+01:00,[60],[7.635]
2025-11-18T01:27:07+01:00,[60],[7.57]
2025-11-18T01:27:08+01:00,[60],[7.434]
2025-11-18T01:27:09+01:00,[60],[7.305]
2025-11-18T01:27:10+01:00,[60],[7.283]
2025-11-18T01:27:11+01:00,[60],[7.247]
2025-11-18T01:27:12+01:00,[60],[7.013]
2025-11-18T01:27:13+01:00,[60],[6.805]
2025-11-18T01:27:14+01:00,[60],[6.66]
2025-11-18T01:27:15+01:00,[60],[6.439]
2025-11-18T01:27:16+01:00,[60],[6.268]
2025-11-18T01:27:17+01:00,[60],[6.117]
2025-11-18T01:27:18+01:00,[60],[5.995]
2025-11-18T01:27:19+01:00,[60],[5.819]
2025-11-18T01:27:20+01:00,[60],[5.669]
2025-11-18T01:27:21+01:00,[60],[5.526]
2025-11-18T01:27:22+01:00,[60],[5.429]
2025-11-18T01:27:23+01:00,[60],[5.282]
2025-11-18T01:27:24+01:00,[60],[5.233]
2025-11-18T01:27:25+01:00,[60],[5.177]
2025-11-18T01:27:26+01:00,[60],[5.141]
2025-11-18T01:27:27+01:00,[60],[5.111]
2025-11-18T01:27:28+01:00,[60],[5.052]
2025-11-18T01:27:29+01:00,[60],[4.987]
2025-11-18T01:27:30+01:00,[60],[4.838]
2025-11-18T01:27:31+01:00,[60],[4.696]
2025-11-18T01:27:32+01:00,[60],[4.6]
2025-11-18T01:27:33+01:00,[60],[4.558]
2025-11-18T01:27:34+01:00,[60],[4.498]
2025-11-18T01:27:35+01:00,[60],[4.455]
2025-11-18T01:27:36+01:00,[60],[4.42]
2025-11-18T01:27:37+01:00,[60],[4.465]
2025-11-18T01:27:38+01:00,[60],[4.539]
2025-11-18T01:27:39+01:00,[60],[4.788]
2025-11-18T01:27:40+01:00,[60],[5.222]
2025-11-18T01:27:41+01:00,[60],[5.605]
2025-11-18T01:27:42+01:00,[60],[5.509]
2025-11-18T01:27:43+01:00,[60],[5.644]
2025-11-18T01:27:44+01:00,[60],[5.606]
2025-11-18T01:27:45+01:00,[60],[5.571]
2025-11-18T01:27:46+01:00,[60],[5.679]
2025-11-18T01:27:47+01:00,[60],[5.817]
2025-11-18T01:27:48+01:00,[60],[5.821]
2025-11-18T01:27:49+01:00,[60],[5.839]
2025-11-18T01:27:50+01:00,[60],[5.805]
2025-11-18T01:27:51+01:00,[60],[5.909]
2025-11-18T01:27:52+01:00,[60],[6.049]
2025-11-18T01:27:53+01:00,[60],[6.076]
2025-11-18T01:27:54+01:00,[60],[6.04]
2025-11-18T01:27:55+01:00,[60],[6.068]
2025-11-18T01:27:56+01:00,[60],[6.169]
2025-11-18T01:27:57+01:00,[60],[6.076]
2025-11-18T01:27:58+01:00,[60],[6.002]
2025-11-18T01:27:59+01:00,[60],[5.933]
2025-11-18T01:28:00+01:00,[60],[5.92]
2025-11-18T01:28:01+01:00,[60],[6.106]
2025-11-18T01:28:02+01:00,[60],[6.169]
2025-11-18T01:28:03+01:00,[60],[6.166]
2025-11-18T01:28:04+01:00,[60],[6.345]
2025-11-18T01:28:05+01:00,[60],[6.4]
2025-11-18T01:28:06+01:00,[60],[6.395]
2025-11-18T01:28:07+01:00,[60],[6.496]
2025-11-18T01:28:08+01:00,[60],[6.633]
2025-11-18T01:28:09+01:00,[60],[6.878]
2025-11-18T01:28:10+01:00,[60],[6.976]
2025-11-18T01:28:11+01:00,[60],[7.105]
2025-11-18T01:28:12+01:00,[60],[7.021]
2025-11-18T01:28:13+01:00,[60],[7.059]
2025-11-18T01:28:14+01:00,[60],[7.065]
2025-11-18T01:28:15+01:00,[60],[7.04]
2025-11-18T01:28:16+01:00,[60],[7.08]
2025-11-18T01:28:17+01:00,[60],[7.431]
2025-11-18T01:28:18+01:00,[60],[7.822]
2025-11-18T01:28:19+01:00,[60],[8.016]
2025-11-18T01:28:20+01:00,[60],[8.678]
2025-11-18T01:28:21+01:00,[60],[9.515]
2025-11-18T01:28:22+01:00,[60],[10.392]
2025-11-18T01:28:23+01:00,[60],[10.426]
2025-11-18T01:28:24+01:00,[60],[10.335]
2025-11-18T01:28:25+01:00,[60],[10.186]
2025-11-18T01:28:26+01:00,[60],[10.115]
2025-11-18T01:28:27+01:00,[60],[10.066]
2025-11-18T01:28:28+01:00,[60],[9.954]
2025-11-18T01:28:29+01:00,[60],[10.048]
2025-11-18T01:28:30+01:00,[60],[10.442]
2025-11-18T01:28:31+01:00,[60],[10.948]
2025-11-18T01:28:32+01:00,[60],[11.302]
2025-11-18T01:28:33+01:00,[60],[11.238]
2025-11-18T01:28:34+01:00,[60],[11.216]
2025-11-18T01:28:35+01:00,[60],[11.148]
2025-11-18T01:28:36+01:00,[60],[10.956]
2025-11-18T01:28:37+01:00,[60],[13.039]
2025-11-18T01:28:38+01:00,[60],[12.783]
2025-11-18T01:28:39+01:00,[60],[12.979]
2025-11-18T01:28:40+01:00,[60],[12.57]
2025-11-18T01:28:41+01:00,[60],[12.262]
2025-11-18T01:28:42+01:00,[60],[12.863]
2025-11-18T01:28:43+01:00,[60],[12.576]
2025-11-18T01:28:44+01:00,[60],[12.944]
2025-11-18T01:28:45+01:00,[60],[12.775]
2025-11-18T01:28:46+01:00,[60],[12.46]
2025-11-18T01:28:47+01:00,[60],[12.182]
2025-11-18T01:28:48+01:00,[60],[11.946]
2025-11-18T01:28:49+01:00,[60],[11.791]
2025-11-18T01:28:50+01:00,[60],[11.532]
2025-11-18T01:28:51+01:00,[60],[11.21]
2025-11-18T01:28:52+01:00,[60],[11.332]
2025-11-18T01:28:53+01:00,[60],[11.194]
2025-11-18T01:28:54+01:00,[60],[11.271]
2025-11-18T01:28:55+01:00,[60],[11.129]
2025-11-18T01:28:56+01:00,[60],[10.897]
2025-11-18T01:28:57+01:00,[60],[10.856]
2025-11-18T01:28:58+01:00,[60],[10.779]
2025-11-18T01:28:59+01:00,[60],[10.619]
2025-11-18T01:29:00+01:00,[60],[10.658]
2025-11-18T01:29:01+01:00,[60],[10.531]
2025-11-18T01:29:02+01:00,[60],[10.474]
2025-11-18T01:29:03+01:00,[60],[10.531]
2025-11-18T01:29:04+01:00,[60],[10.711]
2025-11-18T01:29:05+01:00,[60],[10.588]
2025-11-18T01:29:06+01:00,[60],[10.859]
2025-11-18T01:29:07+01:00,[60],[11.204]
2025-11-18T01:29:08+01:00,[60],[11.192]
2025-11-18T01:29:09+01:00,[60],[11.799]
2025-11-18T01:29:10+01:00,[60],[12.085]
2025-11-18T01:29:11+01:00,[60],[12.293]
2025-11-18T01:29:12+01:00,[60],[13.037]
2025-11-18T01:29:13+01:00,[60],[13.311]
2025-11-18T01:29:14+01:00,[60],[14.2]
2025-11-18T01:29:15+01:00,[60],[15.234]
2025-11-18T01:29:16+01:00,[60],[16.027]
2025-11-18T01:29:17+01:00,[60],[16.352]
2025-11-18T01:29:18+01:00,[60],[16.673]
2025-11-18T01:29:19+01:00,[60],[16.682]
2025-11-18T01:29:20+01:00,[60],[17.315]
2025-11-18T01:29:21+01:00,[60],[17.164]
2025-11-18T01:29:22+01:00,[60],[17.108]
2025-11-18T01:29:23+01:00,[60],[17.091]
2025-11-18T01:29:24+01:00,[60],[16.695]
2025-11-18T01:29:25+01:00,[60],[16.352]
2025-11-18T01:29:26+01:00,[60],[16.41]
2025-11-18T01:29:27+01:00,[60],[16.375]
2025-11-18T01:29:28+01:00,[60],[16.759]
2025-11-18T01:29:29+01:00,[60],[17.171]
2025-11-18T01:29:30+01:00,[60],[17.217]
2025-11-18T01:29:31+01:00,[60],[17.175]
2025-11-18T01:29:32+01:00,[60],[17.003]
2025-11-18T01:29:33+01:00,[60],[16.791]
2025-11-18T01:29:34+01:00,[60],[16.521]
2025-11-18T01:29:35+01:00,[60],[16.549]
2025-11-18T01:29:36+01:00,[60],[16.524]
2025-11-18T01:29:37+01:00,[60],[16.553]
2025-11-18T01:29:38+01:00,[60],[16.995]
2025-11-18T01:29:39+01:00,[60],[17.56]
2025-11-18T01:29:40+01:00,[60],[17.571]
2025-11-18T01:29:41+01:00,[60],[17.326]
2025-11-18T01:29:42+01:00,[60],[16.938]
2025-11-18T01:29:43+01:00,[60],[16.652]
2025-11-18T01:29:44+01:00,[60],[16.19]
2025-11-18T01:29:45+01:00,[60],[15.998]
2025-11-18T01:29:46+01:00,[60],[15.978]
2025-11-18T01:29:47+01:00,[60],[15.736]
2025-11-18T01:29:48+01:00,[60],[15.836]
2025-11-18T01:29:49+01:00,[60],[15.625]
2025-11-18T01:29:50+01:00,[60],[15.849]
2025-11-18T01:29:51+01:00,[60],[15.647]
2025-11-18T01:29:52+01:00,[60],[15.727]
2025-11-18T01:29:53+01:00,[60],[15.941]
2025-11-18T01:29:54+01:00,[60],[16.328]
2025-11-18T01:29:55+01:00,[60],[16.404]
2025-11-18T01:29:56+01:00,[60],[16.423]
2025-11-18T01:29:57+01:00,[60],[16.49]
2025-11-18T01:29:58+01:00,[60],[16.274]
2025-11-18T01:29:59+01:00,[60],[16.059]
2025-11-18T01:30:00+01:00,[60],[16.233]
2025-11-18T01:30:01+01:00,[60],[16.271]
2025-11-18T01:30:02+01:00,[60],[16.635]
2025-11-18T01:30:03+01:00,[60],[16.988]
2025-11-18T01:30:04+01:00,[60],[17.222]
2025-11-18T01:30:05+01:00,[60],[17.391]
2025-11-18T01:30:06+01:00,[60],[17.604]
2025-11-18T01:30:07+01:00,[60],[17.514]
2025-11-18T01:30:08+01:00,[60],[17.538]
2025-11-18T01:30:09+01:00,[60],[17.616]
2025-11-18T01:30:10+01:00,[60],[18.131]
2025-11-18T01:30:11+01:00,[60],[18.57]
2025-11-18T01:30:12+01:00,[60],[18.916]
2025-11-18T01:30:13+01:00,[60],[19.01]
2025-11-18T01:30:14+01:00,[60],[18.889]
2025-11-18T01:30:15+01:00,[60],[19.234]
2025-11-18T01:30:16+01:00,[60],[19.23]
2025-11-18T01:30:17+01:00,[60],[18.927]
2025-11-18T01:30:18+01:00,[60],[18.606]
2025-11-18T01:30:19+01:00,[60],[18.216]
2025-11-18T01:30:20+01:00,[60],[17.921]
2025-11-18T01:30:21+01:00,[60],[18.106]
2025-11-18T01:30:22+01:00,[60],[18.014]
2025-11-18T01:30:23+01:00,[60],[17.871]
2025-11-18T01:30:24+01:00,[60],[17.918]
2025-11-18T01:30:25+01:00,[60],[17.709]
2025-11-18T01:30:26+01:00,[60],[17.675]
2025-11-18T01:30:27+01:00,[60],[17.786]
2025-11-18T01:30:28+01:00,[60],[18.432]
2025-11-18T01:30:29+01:00,[60],[18.432]
2025-11-18T01:30:30+01:00,[60],[18.755]
2025-11-18T01:30:31+01:00,[60],[18.475]
2025-11-18T01:30:32+01:00,[60],[18.496]
2025-11-18T01:30:33+01:00,[60],[18.557]
2025-11-18T01:30:34+01:00,[60],[18.624]
2025-11-18T01:30:35+01:00,[60],[18.738]
2025-11-18T01:30:36+01:00,[60],[18.719]
2025-11-18T01:30:37+01:00,[60],[18.914]
2025-11-18T01:30:38+01:00,[60],[18.911]
2025-11-18T01:30:39+01:00,[60],[18.62]
2025-11-18T01:30:40+01:00,[60],[18.853]
2025-11-18T01:30:41+01:00,[60],[18.89]
2025-11-18T01:30:42+01:00,[60],[18.764]
2025-11-18T01:30:43+01:00,[60],[18.384]
2025-11-18T01:30:44+01:00,[60],[18.249]
2025-11-18T01:30:45+01:00,[60],[18.713]
2025-11-18T01:30:46+01:00,[60],[18.537]
2025-11-18T01:30:47+01:00,[60],[18.422]
2025-11-18T01:30:48+01:00,[60],[18.141]
2025-11-18T01:30:49+01:00,[60],[17.865]
2025-11-18T01:30:50+01:00,[60],[17.529]
2025-11-18T01:30:51+01:00,[60],[17.795]
2025-11-18T01:30:52+01:00,[60],[17.869]
2025-11-18T01:30:53+01:00,[60],[17.51]
2025-11-18T01:30:54+01:00,[60],[17.15]
2025-11-18T01:30:55+01:00,[60],[17.246]
2025-11-18T01:30:56+01:00,[60],[17.443]
2025-11-18T01:30:57+01:00,[60],[17.458]
2025-11-18T01:30:58+01:00,[60],[17.761]
2025-11-18T01:30:59+01:00,[60],[17.572]
2025-11-18T01:31:00+01:00,[60],[17.824]
2025-11-18T01:31:01+01:00,[60],[18.157]
2025-11-18T01:31:02+01:00,[60],[18.419]
2025-11-18T01:31:03+01:00,[60],[18.358]
2025-11-18T01:31:04+01:00,[60],[18.541]
2025-11-18T01:31:05+01:00,[60],[18.52]
2025-11-18T01:31:06+01:00,[60],[18.401]
2025-11-18T01:31:07+01:00,[60],[18.26]
2025-11-18T01:31:09+01:00,[60],[17.996]
2025-11-18T01:31:10+01:00,[60],[18.045]
2025-11-18T01:31:11+01:00,[60],[17.871]
2025-11-18T01:31:12+01:00,[60],[17.683]
2025-11-18T01:31:13+01:00,[60],[17.944]
2025-11-18T01:31:14+01:00,[60],[18.058]
2025-11-18T01:31:15+01:00,[60],[18.192]
2025-11-18T01:31:16+01:00,[60],[17.856]
2025-11-18T01:31:17+01:00,[60],[17.549]
2025-11-18T01:31:18+01:00,[60],[17.301]
2025-11-18T01:31:19+01:00,[60],[16.917]
2025-11-18T01:31:20+01:00,[60],[16.604]
2025-11-18T01:31:21+01:00,[60],[16.703]
2025-11-18T01:31:22+01:00,[60],[16.656]
2025-11-18T01:31:23+01:00,[60],[16.54]
2025-11-18T01:31:24+01:00,[60],[16.6]
2025-11-18T01:31:25+01:00,[60],[16.817]
2025-11-18T01:31:26+01:00,[60],[17.043]
2025-11-18T01:31:27+01:00,[60],[16.813]
2025-11-18T01:31:28+01:00,[60],[16.579]
2025-11-18T01:31:29+01:00,[60],[16.646]
2025-11-18T01:31:30+01:00,[60],[16.329]
2025-11-18T01:31:31+01:00,[60],[16.03]
2025-11-18T01:31:32+01:00,[60],[15.742]
2025-11-18T01:31:33+01:00,[60],[15.595]
2025-11-18T01:31:34+01:00,[60],[15.615]
2025-11-18T01:31:35+01:00,[60],[15.563]
2025-11-18T01:31:36+01:00,[60],[15.283]
2025-11-18T01:31:37+01:00,[60],[15.29]
2025-11-18T01:31:38+01:00,[60],[15.358]
2025-11-18T01:31:39+01:00,[60],[15.384]
2025-11-18T01:31:40+01:00,[60],[15.407]
2025-11-18T01:31:41+01:00,[60],[15.8]
2025-11-18T01:31:42+01:00,[60],[15.905]
2025-11-18T01:31:43+01:00,[60],[16.042]
2025-11-18T01:31:44+01:00,[60],[15.989]
2025-11-18T01:31:45+01:00,[60],[16.372]
2025-11-18T01:31:46+01:00,[60],[16.722]
2025-11-18T01:31:47+01:00,[60],[16.421]
2025-11-18T01:31:48+01:00,[60],[16.415]
2025-11-18T01:31:49+01:00,[60],[16.813]
2025-11-18T01:31:50+01:00,[60],[17.047]
2025-11-18T01:31:51+01:00,[60],[16.936]
2025-11-18T01:31:52+01:00,[60],[16.844]
2025-11-18T01:31:53+01:00,[60],[16.662]
2025-11-18T01:31:54+01:00,[60],[16.658]
2025-11-18T01:31:55+01:00,[60],[16.695]
2025-11-18T01:31:56+01:00,[60],[16.445]
2025-11-18T01:31:57+01:00,[60],[16.302]
2025-11-18T01:31:58+01:00,[60],[16.277]
2025-11-18T01:31:59+01:00,[60],[16.082]
2025-11-18T01:32:00+01:00,[60],[15.986]
2025-11-18T01:32:01+01:00,[60],[15.938]
2025-11-18T01:32:02+01:00,[60],[15.878]
2025-11-18T01:32:03+01:00,[60],[15.856]
2025-11-18T01:32:04+01:00,[60],[16.108]
2025-11-18T01:32:05+01:00,[60],[16.425]
2025-11-18T01:32:06+01:00,[60],[16.571]
2025-11-18T01:32:07+01:00,[60],[16.668]
2025-11-18T01:32:08+01:00,[60],[16.747]
2025-11-18T01:32:09+01:00,[60],[16.714]
2025-11-18T01:32:10+01:00,[60],[16.659]
2025-11-18T01:32:11+01:00,[60],[16.567]
2025-11-18T01:32:12+01:00,[60],[16.569]
2025-11-18T01:32:13+01:00,[60],[16.871]
2025-11-18T01:32:14+01:00,[60],[17.16]
2025-11-18T01:32:15+01:00,[60],[17.263]
2025-11-18T01:32:16+01:00,[60],[17.071]
2025-11-18T01:32:17+01:00,[60],[17.201]
2025-11-18T01:32:18+01:00,[60],[16.887]
2025-11-18T01:32:19+01:00,[60],[16.588]
2025-11-18T01:32:20+01:00,[60],[16.78]
2025-11-18T01:32:21+01:00,[60],[17.123]
2025-11-18T01:32:22+01:00,[60],[16.921]
2025-11-18T01:32:23+01:00,[60],[16.722]
2025-11-18T01:32:24+01:00,[60],[16.406]
2025-11-18T01:32:25+01:00,[60],[16.061]
2025-11-18T01:32:26+01:00,[60],[15.754]
2025-11-18T01:32:27+01:00,[60],[15.519]
2025-11-18T01:32:29+01:00,[60],[15.195]
2025-11-18T01:32:30+01:00,[60],[15.116]
2025-11-18T01:32:31+01:00,[60],[15.306]
2025-11-18T01:32:32+01:00,[60],[15.623]
2025-11-18T01:32:33+01:00,[60],[15.927]
2025-11-18T01:32:34+01:00,[60],[15.783]
2025-11-18T01:32:35+01:00,[60],[15.646]
2025-11-18T01:32:36+01:00,[60],[15.625]
2025-11-18T01:32:37+01:00,[60],[15.65]
2025-11-18T01:32:38+01:00,[60],[15.58]
2025-11-18T01:32:39+01:00,[60],[15.491]
2025-11-18T01:32:40+01:00,[60],[15.392]
2025-11-18T01:32:41+01:00,[60],[15.392]
2025-11-18T01:32:42+01:00,[60],[15.265]
2025-11-18T01:32:43+01:00,[60],[15.293]
2025-11-18T01:32:44+01:00,[60],[15.194]
2025-11-18T01:32:45+01:00,[60],[15.267]
2025-11-18T01:32:46+01:00,[60],[15.37]
2025-11-18T01:32:47+01:00,[60],[15.447]
2025-11-18T01:32:48+01:00,[60],[15.508]
2025-11-18T01:32:49+01:00,[60],[15.842]
2025-11-18T01:32:50+01:00,[60],[15.905]
2025-11-18T01:32:51+01:00,[60],[15.749]
2025-11-18T01:32:52+01:00,[60],[15.617]
2025-11-18T01:32:53+01:00,[60],[15.637]
2025-11-18T01:32:54+01:00,[60],[15.419]
2025-11-18T01:32:55+01:00,[60],[15.218]
2025-11-18T01:32:56+01:00,[60],[14.864]
2025-11-18T01:32:57+01:00,[60],[14.783]
2025-11-18T01:32:58+01:00,[60],[14.629]
2025-11-18T01:32:59+01:00,[60],[14.433]
2025-11-18T01:33:00+01:00,[60],[14.284]
2025-11-18T01:33:01+01:00,[60],[14.197]
2025-11-18T01:33:02+01:00,[60],[14.147]
2025-11-18T01:33:03+01:00,[60],[13.905]
2025-11-18T01:33:04+01:00,[60],[13.622]
2025-11-18T01:33:05+01:00,[60],[13.606]
2025-11-18T01:33:06+01:00,[60],[13.42]
2025-11-18T01:33:07+01:00,[60],[13.212]
2025-11-18T01:33:08+01:00,[60],[13.31]
2025-11-18T01:33:09+01:00,[60],[13.082]
2025-11-18T01:33:10+01:00,[60],[12.967]
2025-11-18T01:33:11+01:00,[60],[13.156]
2025-11-18T01:33:12+01:00,[60],[13.382]
2025-11-18T01:33:13+01:00,[60],[13.288]
2025-11-18T01:33:14+01:00,[60],[13.07]
2025-11-18T01:33:15+01:00,[60],[13.238]
2025-11-18T01:33:16+01:00,[60],[13.664]
2025-11-18T01:33:17+01:00,[60],[13.465]
2025-11-18T01:33:18+01:00,[60],[13.317]
2025-11-18T01:33:19+01:00,[60],[13.121]
2025-11-18T01:33:20+01:00,[60],[13.799]
2025-11-18T01:33:21+01:00,[60],[14.157]
2025-11-18T01:33:22+01:00,[60],[14.433]
2025-11-18T01:33:23+01:00,[60],[14.422]
2025-11-18T01:33:24+01:00,[60],[15.243]
2025-11-18T01:33:25+01:00,[60],[15.771]
2025-11-18T01:33:26+01:00,[60],[15.667]
2025-11-18T01:33:27+01:00,[60],[15.475]
2025-11-18T01:33:28+01:00,[60],[15.086]
2025-11-18T01:33:29+01:00,[60],[14.558]
2025-11-18T01:33:30+01:00,[60],[14.928]
2025-11-18T01:33:31+01:00,[60],[14.691]
2025-11-18T01:33:32+01:00,[60],[14.54]
2025-11-18T01:33:33+01:00,[60],[14.335]
2025-11-18T01:33:34+01:00,[60],[14.405]
2025-11-18T01:33:35+01:00,[60],[14.248]
2025-11-18T01:33:36+01:00,[60],[13.931]
2025-11-18T01:33:37+01:00,[60],[13.549]
2025-11-18T01:33:38+01:00,[60],[13.084]
2025-11-18T01:33:39+01:00,[60],[12.659]
2025-11-18T01:33:40+01:00,[60],[12.28]
2025-11-18T01:33:41+01:00,[60],[11.806]
2025-11-18T01:33:42+01:00,[60],[11.337]
2025-11-18T01:33:43+01:00,[60],[10.883]
2025-11-18T01:33:44+01:00,[60],[10.457]
2025-11-18T01:33:45+01:00,[60],[10.053]
2025-11-18T01:33:46+01:00,[60],[9.651]
2025-11-18T01:33:47+01:00,[60],[9.268]
2025-11-18T01:33:48+01:00,[60],[8.905]
2025-11-18T01:33:49+01:00,[60],[8.559]
2025-11-18T01:33:50+01:00,[60],[8.231]
2025-11-18T01:33:51+01:00,[60],[7.92]
2025-11-18T01:33:52+01:00,[60],[7.631]
2025-11-18T01:33:53+01:00,[60],[7.366]
2025-11-18T01:33:54+01:00,[60],[7.154]
2025-11-18T01:33:55+01:00,[60],[6.926]
2025-11-18T01:33:56+01:00,[60],[6.684]
2025-11-18T01:33:57+01:00,[60],[6.495]
2025-11-18T01:33:58+01:00,[60],[6.304]
2025-11-18T01:33:59+01:00,[60],[6.154]
2025-11-18T01:34:00+01:00,[60],[5.946]
2025-11-18T01:34:01+01:00,[60],[5.76]
2025-11-18T01:34:02+01:00,[60],[5.577]
2025-11-18T01:34:03+01:00,[60],[5.426]
2025-11-18T01:34:04+01:00,[60],[5.285]
2025-11-18T01:34:05+01:00,[60],[5.134]
2025-11-18T01:34:06+01:00,[60],[4.991]
2025-11-18T01:34:07+01:00,[60],[4.86]
2025-11-18T01:34:08+01:00,[60],[4.74]
2025-11-18T01:34:09+01:00,[60],[4.645]
2025-11-18T01:34:10+01:00,[60],[4.583]
2025-11-18T01:34:11+01:00,[60],[4.541]
2025-11-18T01:34:12+01:00,[60],[4.42]
2025-11-18T01:34:13+01:00,[60],[4.325]
2025-11-18T01:34:14+01:00,[60],[4.218]
2025-11-18T01:34:15+01:00,[60],[4.165]
2025-11-18T01:34:16+01:00,[60],[4.111]
2025-11-18T01:34:17+01:00,[60],[4.064]
2025-11-18T01:34:18+01:00,[60],[3.968]
2025-11-18T01:34:19+01:00,[60],[3.901]
2025-11-18T01:34:20+01:00,[60],[3.867]
2025-11-18T01:34:21+01:00,[60],[3.807]
2025-11-18T01:34:22+01:00,[60],[3.762]
2025-11-18T01:34:23+01:00,[60],[3.706]
2025-11-18T01:34:24+01:00,[60],[3.656]
2025-11-18T01:34:25+01:00,[60],[3.612]
2025-11-18T01:34:26+01:00,[60],[3.575]
2025-11-18T01:34:27+01:00,[60],[3.514]
2025-11-18T01:34:28+01:00,[60],[3.521]
2025-11-18T01:34:29+01:00,[60],[3.468]
2025-11-18T01:34:30+01:00,[60],[3.782]
2025-11-18T01:34:31+01:00,[60],[3.892]
2025-11-18T01:34:32+01:00,[60],[4.059]
2025-11-18T01:34:33+01:00,[60],[4.379]
2025-11-18T01:34:35+01:00,[60],[4.404]
2025-11-18T01:34:36+01:00,[60],[4.576]
2025-11-18T01:34:37+01:00,[60],[4.627]
2025-11-18T01:34:38+01:00,[60],[4.772]
2025-11-18T01:34:39+01:00,[60],[4.837]
2025-11-18T01:34:40+01:00,[60],[4.925]
2025-11-18T01:34:41+01:00,[60],[5.099]
2025-11-18T01:34:42+01:00,[60],[5.182]
2025-11-18T01:34:43+01:00,[60],[5.275]
2025-11-18T01:34:44+01:00,[60],[5.378]
2025-11-18T01:34:45+01:00,[60],[5.396]
2025-11-18T01:34:46+01:00,[60],[5.433]
2025-11-18T01:34:47+01:00,[60],[5.427]
2025-11-18T01:34:48+01:00,[60],[5.512]
2025-11-18T01:34:49+01:00,[60],[5.514]
2025-11-18T01:34:50+01:00,[60],[5.478]
2025-11-18T01:34:51+01:00,[60],[5.304]
2025-11-18T01:34:52+01:00,[60],[5.139]
2025-11-18T01:34:53+01:00,[60],[4.982]
2025-11-18T01:34:54+01:00,[60],[4.833]
2025-11-18T01:34:55+01:00,[60],[4.691]
2025-11-18T01:34:56+01:00,[60],[5]
2025-11-18T01:34:57+01:00,[60],[5]
2025-11-18T01:34:58+01:00,[60],[5]
2025-11-18T01:34:59+01:00,[60],[5]
2025-11-18T01:35:00+01:00,[60],[5]
2025-11-18T01:35:01+01:00,[60],[5]
2025-11-18T01:35:02+01:00,[60],[5]
2025-11-18T01:35:03+01:00,[60],[5]
2025-11-18T01:35:04+01:00,[60],[5]
2025-11-18T01:35:05+01:00,[60],[5]
2025-11-18T01:35:06+01:00,[60],[5]
2025-11-18T01:35:07+01:00,[60],[5]
2025-11-18T01:35:08+01:00,[60],[5]
2025-11-18T01:35:09+01:00,[60],[5]
2025-11-18T01:35:11+01:00,[60],[5]
2025-11-18T01:35:12+01:00,[60],[5]
2025-11-18T01:35:13+01:00,[60],[5]
2025-11-18T01:35:14+01:00,[60],[5]
2025-11-18T01:35:15+01:00,[60],[5]
2025-11-18T01:35:16+01:00,[60],[5]
2025-11-18T01:35:17+01:00,[60],[5]
2025-11-18T01:35:18+01:00,[60],[5]
2025-11-18T01:35:19+01:00,[60],[5]
2025-11-18T01:35:20+01:00,[60],[5]
2025-11-18T01:35:21+01:00,[60],[5]
2025-11-18T01:35:22+01:00,[60],[5]
2025-11-18T01:35:23+01:00,[60],[5]
2025-11-18T01:35:24+01:00,[60],[5]
2025-11-18T01:35:25+01:00,[60],[5]
2025-11-18T01:35:26+01:00,[60],[5]
2025-11-18T01:35:27+01:00,[60],[5]
2025-11-18T01:35:28+01:00,[60],[5]
2025-11-18T01:35:29+01:00,[60],[5]
2025-11-18T01:35:30+01:00,[60],[5]
2025-11-18T01:35:31+01:00,[60],[5]
2025-11-18T01:35:32+01:00,[60],[5]
2025-11-18T01:35:33+01:00,[60],[5]
2025-11-18T01:35:34+01:00,[60],[5]
2025-11-18T01:35:35+01:00,[60],[5]
2025-11-18T01:35:36+01:00,[60],[5]
2025-11-18T01:35:37+01:00,[60],[5]
2025-11-18T01:35:38+01:00,[60],[5]
2025-11-18T01:35:39+01:00,[60],[5]
2025-11-18T01:35:40+01:00,[60],[5]
2025-11-18T01:35:41+01:00,[60],[5]
2025-11-18T01:35:42+01:00,[60],[5]
2025-11-18T01:35:43+01:00,[60],[5]
2025-11-18T01:35:44+01:00,[60],[5]
2025-11-18T01:35:45+01:00,[60],[5]
2025-11-18T01:35:47+01:00,[60],[5]
2025-11-18T01:35:48+01:00,[60],[5]
2025-11-18T01:35:49+01:00,[60],[5]
2025-11-18T01:35:50+01:00,[60],[5]
2025-11-18T01:35:51+01:00,[60],[5]
2025-11-18T01:35:52+01:00,[60],[5]
2025-11-18T01:35:53+01:00,[60],[5]
2025-11-18T01:35:54+01:00,[60],[5]
2025-11-18T01:35:55+01:00,[60],[5]
2025-11-18T01:35:56+01:00,[60],[5]
2025-11-18T01:35:57+01:00,[60],[5]
2025-11-18T01:35:58+01:00,[60],[5]
2025-11-18T01:35:59+01:00,[60],[5]
2025-11-18T01:36:00+01:00,[60],[5]
2025-11-18T01:36:01+01:00,[60],[5]
2025-11-18T01:36:02+01:00,[60],[5]
2025-11-18T01:36:03+01:00,[60],[5]
2025-11-18T01:36:04+01:00,[60],[5]
2025-11-18T01:36:05+01:00,[60],[5]
2025-11-18T01:36:06+01:00,[60],[5]
2025-11-18T01:36:07+01:00,[60],[5]
2025-11-18T01:36:08+01:00,[60],[5]
2025-11-18T01:36:09+01:00,[60],[5]
2025-11-18T01:36:10+01:00,[60],[5]
2025-11-18T01:36:11+01:00,[60],[5]
2025-11-18T01:36:12+01:00,[60],[5]
2025-11-18T01:36:13+01:00,[60],[5]
2025-11-18T01:36:14+01:00,[60],[5]
2025-11-18T01:36:15+01:00,[60],[5]
2025-11-18T01:36:16+01:00,[60],[5]
2025-11-18T01:36:17+01:00,[60],[5]
2025-11-18T01:36:18+01:00,[60],[5]
2025-11-18T01:36:19+01:00,[60],[5]
2025-11-18T01:36:20+01:00,[60],[5]
2025-11-18T01:36:21+01:00,[60],[5]
2025-11-18T01:36:22+01:00,[60],[5]
2025-11-18T01:36:23+01:00,[60],[5]
2025-11-18T01:36:24+01:00,[60],[5]
2025-11-18T01:36:25+01:00,[60],[5]
2025-11-18T01:36:26+01:00,[60],[5]
2025-11-18T01:36:27+01:00,[60],[5]
2025-11-18T01:36:28+01:00,[60],[5]
2025-11-18T01:36:29+01:00,[60],[5]
2025-11-18T01:36:30+01:00,[60],[5]
2025-11-18T01:36:31+01:00,[60],[5]
2025-11-18T01:36:32+01:00,[60],[5]
2025-11-18T01:36:33+01:00,[60],[5]
2025-11-18T01:36:34+01:00,[60],[5]
2025-11-18T01:36:35+01:00,[60],[5]
2025-11-18T01:36:36+01:00,[60],[5]
2025-11-18T01:36:37+01:00,[60],[5]
2025-11-18T01:36:38+01:00,[60],[5]
2025-11-18T01:36:39+01:00,[60],[5]
2025-11-18T01:36:40+01:00,[60],[5]
2025-11-18T01:36:41+01:00,[60],[5]
2025-11-18T01:36:42+01:00,[60],[5]
2025-11-18T01:36:43+01:00,[60],[5]
2025-11-18T01:36:44+01:00,[60],[5]
2025-11-18T01:36:45+01:00,[60],[5]
2025-11-18T01:36:46+01:00,[60],[5]
2025-11-18T01:36:47+01:00,[60],[5]
2025-11-18T01:36:48+01:00,[60],[5]
2025-11-18T01:36:49+01:00,[60],[5]
2025-11-18T01:36:50+01:00,[60],[5]
2025-11-18T01:36:51+01:00,[60],[5]
2025-11-18T01:36:52+01:00,[60],[5]
2025-11-18T01:36:53+01:00,[60],[5]
2025-11-18T01:36:54+01:00,[60],[5]
2025-11-18T01:36:55+01:00,[60],[5]
2025-11-18T01:36:56+01:00,[60],[5]
2025-11-18T01:36:57+01:00,[60],[5]
2025-11-18T01:36:58+01:00,[60],[5]
2025-11-18T01:36:59+01:00,[60],[5]
2025-11-18T01:37:00+01:00,[60],[5]
2025-11-18T01:37:01+01:00,[60],[5]
2025-11-18T01:37:02+01:00,[60],[5]
2025-11-18T01:37:03+01:00,[60],[5]
2025-11-18T01:37:04+01:00,[60],[5]
2025-11-18T01:37:05+01:00,[60],[5]
2025-11-18T01:37:06+01:00,[60],[5]
2025-11-18T01:37:07+01:00,[60],[5]
2025-11-18T01:37:08+01:00,[60],[5]
2025-11-18T01:37:09+01:00,[60],[5]
2025-11-18T01:37:10+01:00,[60],[5]
2025-11-18T01:37:11+01:00,[60],[5]
2025-11-18T01:37:12+01:00,[60],[5]
2025-11-18T01:37:13+01:00,[60],[5]
2025-11-18T01:37:14+01:00,[60],[5]
2025-11-18T01:37:15+01:00,[60],[5]
2025-11-18T01:37:16+01:00,[60],[5]
2025-11-18T01:37:17+01:00,[60],[5]
2025-11-18T01:37:18+01:00,[60],[5]
2025-11-18T01:37:19+01:00,[60],[5]
2025-11-18T01:37:20+01:00,[60],[5]
2025-11-18T01:37:21+01:00,[60],[5]
2025-11-18T01:37:22+01:00,[60],[5]
2025-11-18T01:37:23+01:00,[60],[5]
2025-11-18T01:37:24+01:00,[60],[5]
2025-11-18T01:37:25+01:00,[60],[5]
2025-11-18T01:37:26+01:00,[60],[5]
2025-11-18T01:37:27+01:00,[60],[5]
2025-11-18T01:37:28+01:00,[60],[5]
2025-11-18T01:37:29+01:00,[60],[5]
2025-11-18T01:37:30+01:00,[60],[5]
2025-11-18T01:37:31+01:00,[60],[5]
2025-11-18T01:37:32+01:00,[60],[5]
2025-11-18T01:37:33+01:00,[60],[5]
2025-11-18T01:37:34+01:00,[60],[5]
2025-11-18T01:37:35+01:00,[60],[5]
2025-11-18T01:37:36+01:00,[60],[5]
2025-11-18T01:37:37+01:00,[60],[5]
2025-11-18T01:37:38+01:00,[60],[5]
2025-11-18T01:37:39+01:00,[60],[5]
2025-11-18T01:37:40+01:00,[60],[5]
2025-11-18T01:37:42+01:00,[60],[5]
2025-11-18T01:37:43+01:00,[60],[5]
2025-11-18T01:37:44+01:00,[60],[5]
2025-11-18T01:37:45+01:00,[60],[5]
2025-11-18T01:37:46+01:00,[60],[5]
2025-11-18T01:37:47+01:00,[60],[5]
2025-11-18T01:37:48+01:00,[60],[5]
2025-11-18T01:37:49+01:00,[60],[5]
2025-11-18T01:37:50+01:00,[60],[5]
2025-11-18T01:37:51+01:00,[60],[5]
2025-11-18T01:37:52+01:00,[60],[5]
2025-11-18T01:37:53+01:00,[60],[5]
2025-11-18T01:37:54+01:00,[60],[5]
2025-11-18T01:37:55+01:00,[60],[5]
2025-11-18T01:37:56+01:00,[60],[5]
2025-11-18T01:37:57+01:00,[60],[5]
2025-11-18T01:37:58+01:00,[60],[5]
2025-11-18T01:37:59+01:00,[60],[5]
2025-11-18T01:38:00+01:00,[60],[5]
2025-11-18T01:38:01+01:00,[60],[5]
2025-11-18T01:38:02+01:00,[60],[5]
2025-11-18T01:38:03+01:00,[60],[5]
2025-11-18T01:38:04+01:00,[60],[5]
2025-11-18T01:38:05+01:00,[60],[5]
2025-11-18T01:38:06+01:00,[60],[5]
2025-11-18T01:38:07+01:00,[60],[5]
2025-11-18T01:38:08+01:00,[60],[5]
2025-11-18T01:38:09+01:00,[60],[5]
2025-11-18T01:38:10+01:00,[60],[5]
2025-11-18T01:38:11+01:00,[60],[5]
2025-11-18T01:38:12+01:00,[60],[5]
2025-11-18T01:38:13+01:00,[60],[5]
2025-11-18T01:38:14+01:00,[60],[5]
2025-11-18T01:38:15+01:00,[60],[5]
2025-11-18T01:38:16+01:00,[60],[5]
2025-11-18T01:38:17+01:00,[60],[5]
2025-11-18T01:38:18+01:00,[60],[5]
2025-11-18T01:38:19+01:00,[60],[5]
2025-11-18T01:38:20+01:00,[60],[5]
2025-11-18T01:38:21+01:00,[60],[5]
2025-11-18T01:38:22+01:00,[60],[5]
2025-11-18T01:38:23+01:00,[60],[5]
2025-11-18T01:38:24+01:00,[60],[5]
2025-11-18T01:38:25+01:00,[60],[5]
2025-11-18T01:38:26+01:00,[60],[5]
2025-11-18T01:38:27+01:00,[60],[5]
2025-11-18T01:38:28+01:00,[60],[5]
2025-11-18T01:38:29+01:00,[60],[5]
2025-11-18T01:38:30+01:00,[60],[5]
2025-11-18T01:38:31+01:00,[60],[5]
2025-11-18T01:38:32+01:00,[60],[5]
2025-11-18T01:38:33+01:00,[60],[5]
2025-11-18T01:38:34+01:00,[60],[5]
2025-11-18T01:38:35+01:00,[60],[5]
2025-11-18T01:38:36+01:00,[60],[5]
2025-11-18T01:38:37+01:00,[60],[5]
2025-11-18T01:38:38+01:00,[60],[5]
2025-11-18T01:38:39+01:00,[60],[5]
2025-11-18T01:38:40+01:00,[60],[5]
2025-11-18T01:38:41+01:00,[60],[5]
2025-11-18T01:38:42+01:00,[60],[5]
2025-11-18T01:38:43+01:00,[60],[5]
2025-11-18T01:38:44+01:00,[60],[5]
2025-11-18T01:38:45+01:00,[60],[5]
2025-11-18T01:38:46+01:00,[60],[5]
2025-11-18T01:38:47+01:00,[60],[5]
2025-11-18T01:38:48+01:00,[60],[5]
2025-11-18T01:38:49+01:00,[60],[5]
2025-11-18T01:38:50+01:00,[60],[5]
2025-11-18T01:38:51+01:00,[60],[5]
2025-11-18T01:38:52+01:00,[60],[5]
2025-11-18T01:38:53+01:00,[60],[5]
2025-11-18T01:38:54+01:00,[60],[5]
2025-11-18T01:38:55+01:00,[60],[5]
2025-11-18T01:38:56+01:00,[60],[5]
2025-11-18T01:38:57+01:00,[60],[5]
2025-11-18T01:38:58+01:00,[60],[5]
2025-11-18T01:38:59+01:00,[60],[5]
2025-11-18T01:39:00+01:00,[60],[5]
2025-11-18T01:39:01+01:00,[60],[5]
2025-11-18T01:39:02+01:00,[60],[5]
2025-11-18T01:39:03+01:00,[60],[5]
2025-11-18T01:39:04+01:00,[60],[5]
2025-11-18T01:39:05+01:00,[60],[5]
2025-11-18T01:39:06+01:00,[60],[5]
2025-11-18T01:39:07+01:00,[60],[5]
2025-11-18T01:39:08+01:00,[60],[5]
2025-11-18T01:39:09+01:00,[60],[5]
2025-11-18T01:39:10+01:00,[60],[5]
2025-11-18T01:39:11+01:00,[60],[5]
2025-11-18T01:39:12+01:00,[60],[5]
2025-11-18T01:39:13+01:00,[60],[5]
2025-11-18T01:39:14+01:00,[60],[5]
2025-11-18T01:39:15+01:00,[60],[5]
2025-11-18T01:39:16+01:00,[60],[5]
2025-11-18T01:39:17+01:00,[60],[5]
2025-11-18T01:39:18+01:00,[60],[5]
2025-11-18T01:39:19+01:00,[60],[5]
2025-11-18T01:39:20+01:00,[60],[5]
2025-11-18T01:39:21+01:00,[60],[5]
2025-11-18T01:39:22+01:00,[60],[5]
2025-11-18T01:39:23+01:00,[60],[5]
2025-11-18T01:39:24+01:00,[60],[5]
2025-11-18T01:39:25+01:00,[60],[5]
2025-11-18T01:39:26+01:00,[60],[5]
2025-11-18T01:39:27+01:00,[60],[5]
2025-11-18T01:39:28+01:00,[60],[5]
2025-11-18T01:39:29+01:00,[60],[5]
2025-11-18T01:39:30+01:00,[60],[5]
2025-11-18T01:39:31+01:00,[60],[5]
2025-11-18T01:39:32+01:00,[60],[5]
2025-11-18T01:39:33+01:00,[60],[5]
2025-11-18T01:39:34+01:00,[60],[5]
2025-11-18T01:39:35+01:00,[60],[50]
2025-11-18T01:39:36+01:00,[60],[50]
2025-11-18T01:39:37+01:00,[60],[50]
2025-11-18T01:39:39+01:00,[60],[50]
2025-11-18T01:39:40+01:00,[60],[50]
2025-11-18T01:39:41+01:00,[60],[50]
2025-11-18T01:39:42+01:00,[60],[50]
2025-11-18T01:39:43+01:00,[60],[50]
2025-11-18T01:39:45+01:00,[60],[50]
2025-11-18T01:39:46+01:00,[60],[50]
2025-11-18T01:39:47+01:00,[60],[50]
2025-11-18T01:39:48+01:00,[60],[50]
2025-11-18T01:39:49+01:00,[60],[50]
2025-11-18T01:39:54+01:00,[60],[2.365]
2025-11-18T01:39:55+01:00,[60],[2.399]
2025-11-18T01:39:56+01:00,[60],[2.431]
2025-11-18T01:39:57+01:00,[60],[2.447]
2025-11-18T01:39:58+01:00,[60],[2.485]
2025-11-18T01:39:59+01:00,[60],[2.496]
2025-11-18T01:40:00+01:00,[60],[2.471]
2025-11-18T01:40:01+01:00,[60],[2.448]
2025-11-18T01:40:02+01:00,[60],[2.425]
2025-11-18T01:40:03+01:00,[60],[2.404]
2025-11-18T01:40:04+01:00,[60],[2.408]
2025-11-18T01:40:05+01:00,[60],[2.408]
2025-11-18T01:40:06+01:00,[60],[2.425]
2025-11-18T01:40:07+01:00,[60],[2.404]
2025-11-18T01:40:08+01:00,[60],[2.399]
2025-11-18T01:40:09+01:00,[60],[2.387]
2025-11-18T01:40:10+01:00,[60],[2.515]
2025-11-18T01:40:11+01:00,[60],[2.533]
2025-11-18T01:40:12+01:00,[60],[2.524]
2025-11-18T01:40:13+01:00,[60],[2.563]
2025-11-18T01:40:14+01:00,[60],[2.752]
2025-11-18T01:40:15+01:00,[60],[3.035]
2025-11-18T01:40:16+01:00,[60],[4.283]
2025-11-18T01:40:17+01:00,[60],[5.273]
2025-11-18T01:40:18+01:00,[60],[5.714]
2025-11-18T01:40:19+01:00,[60],[5.598]
2025-11-18T01:40:20+01:00,[60],[5.761]
2025-11-18T01:40:21+01:00,[60],[6.255]
2025-11-18T01:40:22+01:00,[60],[6.554]
2025-11-18T01:40:23+01:00,[60],[6.844]
2025-11-18T01:40:24+01:00,[60],[6.908]
2025-11-18T01:40:25+01:00,[60],[6.876]
2025-11-18T01:40:26+01:00,[60],[6.882]
2025-11-18T01:40:27+01:00,[60],[6.793]
2025-11-18T01:40:28+01:00,[60],[6.832]
2025-11-18T01:40:29+01:00,[60],[6.835]
2025-11-18T01:40:30+01:00,[60],[6.967]
2025-11-18T01:40:31+01:00,[60],[6.73]
2025-11-18T01:40:32+01:00,[60],[6.602]
2025-11-18T01:40:33+01:00,[60],[6.591]
2025-11-18T01:40:34+01:00,[60],[6.493]
2025-11-18T01:40:35+01:00,[60],[6.4]
2025-11-18T01:40:36+01:00,[60],[6.333]
2025-11-18T01:40:37+01:00,[60],[6.32]
2025-11-18T01:40:38+01:00,[60],[6.383]
2025-11-18T01:40:39+01:00,[60],[6.373]
2025-11-18T01:40:40+01:00,[60],[6.41]
2025-11-18T01:40:41+01:00,[60],[6.378]
2025-11-18T01:40:42+01:00,[60],[6.269]
2025-11-18T01:40:43+01:00,[60],[6.285]
2025-11-18T01:40:44+01:00,[60],[6.185]
2025-11-18T01:40:45+01:00,[60],[5.992]
2025-11-18T01:40:46+01:00,[60],[5.926]
2025-11-18T01:40:47+01:00,[60],[5.822]
2025-11-18T01:40:48+01:00,[60],[5.71]
2025-11-18T01:40:49+01:00,[60],[5.626]
2025-11-18T01:40:50+01:00,[60],[5.563]
2025-11-18T01:40:52+01:00,[60],[5.487]
2025-11-18T01:40:53+01:00,[60],[5.47]
2025-11-18T01:40:54+01:00,[60],[5.45]
2025-11-18T01:40:55+01:00,[60],[5.45]
2025-11-18T01:40:56+01:00,[60],[5.648]
2025-11-18T01:40:57+01:00,[60],[5.605]
2025-11-18T01:40:58+01:00,[60],[5.707]
2025-11-18T01:40:59+01:00,[60],[5.722]
2025-11-18T01:41:00+01:00,[60],[5.821]
2025-11-18T01:41:01+01:00,[60],[5.802]
2025-11-18T01:41:02+01:00,[60],[5.753]
2025-11-18T01:41:03+01:00,[60],[5.614]
2025-11-18T01:41:04+01:00,[60],[5.501]
2025-11-18T01:41:05+01:00,[60],[5.394]
2025-11-18T01:41:06+01:00,[60],[5.36]
2025-11-18T01:41:07+01:00,[60],[5.388]
2025-11-18T01:41:08+01:00,[60],[5.438]
2025-11-18T01:41:09+01:00,[60],[5.472]
2025-11-18T01:41:10+01:00,[60],[5.366]
2025-11-18T01:41:11+01:00,[60],[5.268]
2025-11-18T01:41:12+01:00,[60],[5.161]
2025-11-18T01:41:13+01:00,[60],[5.104]
2025-11-18T01:41:14+01:00,[60],[5.047]
2025-11-18T01:41:15+01:00,[60],[5.042]
2025-11-18T01:41:16+01:00,[60],[5.003]
2025-11-18T01:41:17+01:00,[60],[5.29]
2025-11-18T01:41:18+01:00,[60],[5.657]
2025-11-18T01:41:19+01:00,[60],[5.859]
2025-11-18T01:41:20+01:00,[60],[6.128]
2025-11-18T01:41:21+01:00,[60],[6.454]
2025-11-18T01:41:22+01:00,[60],[6.687]
2025-11-18T01:41:23+01:00,[60],[6.705]
2025-11-18T01:41:24+01:00,[60],[7.11]
2025-11-18T01:41:25+01:00,[60],[7.922]
2025-11-18T01:41:26+01:00,[60],[9.076]
2025-11-18T01:41:27+01:00,[60],[10.948]
2025-11-18T01:41:28+01:00,[60],[10.854]
2025-11-18T01:41:29+01:00,[60],[11.339]
2025-11-18T01:41:30+01:00,[60],[11.164]
2025-11-18T01:41:31+01:00,[60],[11.045]
2025-11-18T01:41:32+01:00,[60],[11.066]
2025-11-18T01:41:33+01:00,[60],[11.002]
2025-11-18T01:41:34+01:00,[60],[10.982]
2025-11-18T01:41:35+01:00,[60],[10.724]
2025-11-18T01:41:36+01:00,[60],[10.557]
2025-11-18T01:41:37+01:00,[60],[10.675]
2025-11-18T01:41:38+01:00,[60],[11.168]
2025-11-11T02:17:42+01:00,[60],[23.326]
2025-11-11T02:18:32+01:00,[60],[23.326]
2025-11-11T02:18:40+01:00,[60],[17.953]
2025-11-11T02:18:41+01:00,[60],[22.933]
2025-11-11T02:18:42+01:00,[60],[22.728]
2025-11-11T02:18:43+01:00,[60],[21.448]
2025-11-11T02:18:44+01:00,[60],[19.641]
2025-11-11T02:18:45+01:00,[60],[18.991]
2025-11-11T02:18:46+01:00,[60],[18.879]
2025-11-11T02:18:47+01:00,[60],[18.516]
2025-11-11T02:18:48+01:00,[60],[18.02]
2025-11-11T02:18:49+01:00,[60],[17.952]
2025-11-11T02:18:50+01:00,[60],[17.672]
2025-11-11T02:18:51+01:00,[60],[17.672]
2025-11-11T02:18:52+01:00,[60],[17.342]
2025-11-11T02:18:53+01:00,[60],[16.91]
2025-11-11T02:18:54+01:00,[60],[16.803]
2025-11-11T02:18:55+01:00,[60],[16.373]
2025-11-11T02:18:56+01:00,[60],[15.991]
2025-11-11T02:18:57+01:00,[60],[15.93]
2025-11-11T02:18:58+01:00,[60],[15.811]
2025-11-11T02:18:59+01:00,[60],[15.609]
2025-11-11T02:19:00+01:00,[60],[15.25]
2025-11-11T02:19:01+01:00,[60],[15.04]
2025-11-11T02:19:02+01:00,[60],[14.722]
2025-11-11T02:19:03+01:00,[60],[7.321]
2025-11-11T02:19:04+01:00,[60],[4.749]
2025-11-11T02:19:05+01:00,[60],[4.749]
2025-11-11T02:19:06+01:00,[60],[4.749]
2025-11-11T02:19:07+01:00,[60],[4.749]
2025-11-11T02:19:08+01:00,[60],[4.749]
2025-11-11T02:19:09+01:00,[60],[4.749]
2025-11-11T02:19:10+01:00,[60],[4.749]
2025-11-11T02:19:11+01:00,[60],[3.138]
2025-11-11T02:19:12+01:00,[60],[3.138]
2025-11-11T02:19:13+01:00,[60],[2.738]
2025-11-11T02:19:14+01:00,[60],[2.492]
2025-11-11T02:19:15+01:00,[60],[2.556]
2025-11-11T02:19:16+01:00,[60],[2.445]
2025-11-11T02:19:17+01:00,[60],[2.438]
2025-11-11T02:19:18+01:00,[60],[2.478]
2025-11-11T02:19:19+01:00,[60],[2.419]
2025-11-11T02:19:20+01:00,[60],[2.483]
2025-11-11T02:19:21+01:00,[60],[2.513]
2025-11-11T02:19:22+01:00,[60],[2.467]
2025-11-11T02:19:23+01:00,[60],[2.428]
2025-11-11T02:19:24+01:00,[60],[2.395]
2025-11-11T02:19:25+01:00,[60],[2.367]
2025-11-11T02:19:26+01:00,[60],[2.395]
2025-11-11T02:19:27+01:00,[60],[2.425]
2025-11-11T02:19:28+01:00,[60],[2.439]
2025-11-11T02:19:29+01:00,[60],[2.437]
2025-11-11T02:19:30+01:00,[60],[2.428]
2025-11-11T02:19:31+01:00,[60],[2.407]
2025-11-11T02:19:32+01:00,[60],[2.386]
2025-11-11T02:19:33+01:00,[60],[2.367]
2025-11-11T02:19:34+01:00,[60],[2.401]
2025-11-11T02:19:35+01:00,[60],[2.388]
2025-11-11T02:19:36+01:00,[60],[2.376]
2025-11-11T02:19:37+01:00,[60],[2.364]
2025-11-11T02:19:38+01:00,[60],[2.369]
2025-11-11T02:19:39+01:00,[60],[2.354]
2025-11-11T02:19:40+01:00,[60],[2.385]
2025-11-11T02:19:41+01:00,[60],[2.404]
2025-11-11T02:19:42+01:00,[60],[2.384]
2025-11-11T02:19:43+01:00,[60],[2.365]
2025-11-11T02:19:44+01:00,[60],[2.347]
2025-11-11T02:19:45+01:00,[60],[2.331]
2025-11-11T02:19:46+01:00,[60],[2.319]
2025-11-11T02:19:47+01:00,[60],[2.303]
2025-11-11T02:19:48+01:00,[60],[2.288]
2025-11-11T02:19:49+01:00,[60],[2.315]
2025-11-11T02:19:50+01:00,[60],[2.438]
2025-11-11T02:19:51+01:00,[60],[2.499]
2025-11-11T02:19:52+01:00,[60],[2.488]
2025-11-11T02:19:53+01:00,[60],[2.947]
2025-11-11T02:19:54+01:00,[60],[3.193]
2025-11-11T02:19:55+01:00,[60],[3.671]
2025-11-11T02:19:56+01:00,[60],[4.169]
2025-11-11T02:19:57+01:00,[60],[4.507]
2025-11-11T02:19:58+01:00,[60],[4.423]
2025-11-11T02:19:59+01:00,[60],[4.36]
2025-11-11T02:20:00+01:00,[60],[4.302]
2025-11-11T02:20:01+01:00,[60],[4.252]
2025-11-11T02:20:02+01:00,[60],[4.249]
2025-11-11T02:20:03+01:00,[60],[4.162]
2025-11-11T02:20:04+01:00,[60],[4.125]
2025-11-11T02:20:05+01:00,[60],[4.08]
2025-11-11T02:20:06+01:00,[60],[4.011]
2025-11-11T02:20:07+01:00,[60],[3.925]
2025-11-11T02:20:08+01:00,[60],[3.869]
2025-11-11T02:20:09+01:00,[60],[3.82]
2025-11-11T02:20:10+01:00,[60],[3.795]
2025-11-11T02:20:11+01:00,[60],[3.752]
2025-11-11T02:20:12+01:00,[60],[3.717]
2025-11-11T02:20:13+01:00,[60],[3.778]
2025-11-11T02:20:14+01:00,[60],[3.792]
2025-11-11T02:20:15+01:00,[60],[3.74]
2025-11-11T02:20:16+01:00,[60],[3.653]
2025-11-11T02:20:17+01:00,[60],[3.608]
2025-11-11T02:20:18+01:00,[60],[3.568]
2025-11-11T02:20:19+01:00,[60],[3.489]
2025-11-11T02:20:20+01:00,[60],[3.419]
2025-11-11T02:20:21+01:00,[60],[3.366]
2025-11-11T02:20:22+01:00,[60],[3.328]
2025-11-11T02:20:23+01:00,[60],[3.311]
2025-11-11T02:20:24+01:00,[60],[3.283]
2025-11-11T02:20:25+01:00,[60],[3.219]
2025-11-11T02:20:26+01:00,[60],[3.165]
2025-11-11T02:20:27+01:00,[60],[3.112]
2025-11-11T02:20:28+01:00,[60],[3.057]
2025-11-11T02:20:29+01:00,[60],[3.004]
2025-11-11T02:20:30+01:00,[60],[2.954]
2025-11-11T02:20:31+01:00,[60],[2.906]
2025-11-11T02:20:32+01:00,[60],[2.867]
2025-11-11T02:20:33+01:00,[60],[2.828]
2025-11-11T02:20:34+01:00,[60],[2.794]
2025-11-11T02:20:35+01:00,[60],[2.764]
2025-11-11T02:20:36+01:00,[60],[2.742]
2025-11-11T02:20:37+01:00,[60],[2.73]
2025-11-11T02:20:38+01:00,[60],[2.693]
2025-11-11T02:20:39+01:00,[60],[2.659]
2025-11-11T02:20:40+01:00,[60],[2.626]
2025-11-11T02:20:41+01:00,[60],[2.595]
2025-11-11T02:20:42+01:00,[60],[2.567]
2025-11-11T02:20:43+01:00,[60],[2.558]
2025-11-11T02:20:44+01:00,[60],[2.55]
2025-11-11T02:20:45+01:00,[60],[2.523]
2025-11-11T02:20:46+01:00,[60],[2.503]
2025-11-11T02:20:47+01:00,[60],[2.524]
2025-11-11T02:20:48+01:00,[60],[2.514]
2025-11-11T02:20:49+01:00,[60],[2.549]
2025-11-11T02:20:50+01:00,[60],[2.579]
2025-11-11T02:20:51+01:00,[60],[2.55]
2025-11-11T02:20:52+01:00,[60],[2.595]
2025-11-11T02:20:53+01:00,[60],[2.6]
2025-11-11T02:20:54+01:00,[60],[2.572]
2025-11-11T02:20:55+01:00,[60],[2.543]
2025-11-11T02:20:56+01:00,[60],[2.516]
2025-11-11T02:20:57+01:00,[60],[2.511]
2025-11-11T02:20:58+01:00,[60],[2.485]
2025-11-11T02:20:59+01:00,[60],[2.464]
2025-11-11T02:21:00+01:00,[60],[2.462]
2025-11-11T02:21:01+01:00,[60],[2.439]
2025-11-11T02:21:02+01:00,[60],[2.417]
2025-11-11T02:21:03+01:00,[60],[2.419]
2025-11-11T02:21:04+01:00,[60],[2.462]
2025-11-11T02:21:05+01:00,[60],[2.449]
2025-11-11T02:21:06+01:00,[60],[2.455]
2025-11-11T02:21:07+01:00,[60],[2.432]
2025-11-11T02:21:08+01:00,[60],[2.469]
2025-11-11T02:21:09+01:00,[60],[2.574]
2025-11-11T02:21:10+01:00,[60],[2.613]
2025-11-11T02:21:11+01:00,[60],[2.637]
2025-11-11T02:21:12+01:00,[60],[2.606]
2025-11-11T02:21:13+01:00,[60],[2.616]
2025-11-11T02:21:14+01:00,[60],[2.609]
2025-11-11T02:21:15+01:00,[60],[2.603]
2025-11-11T02:21:16+01:00,[60],[2.623]
2025-11-11T02:21:17+01:00,[60],[2.606]
2025-11-11T02:21:18+01:00,[60],[2.584]
2025-11-11T02:21:19+01:00,[60],[2.593]
2025-11-11T02:21:20+01:00,[60],[2.632]
2025-11-11T02:21:21+01:00,[60],[2.672]
2025-11-11T02:21:22+01:00,[60],[2.673]
2025-11-11T02:21:23+01:00,[60],[2.656]
2025-11-11T02:21:24+01:00,[60],[2.667]
2025-11-11T02:21:25+01:00,[60],[2.777]
2025-11-11T02:21:26+01:00,[60],[2.766]
2025-11-11T02:21:27+01:00,[60],[2.825]
2025-11-11T02:21:28+01:00,[60],[2.918]
2025-11-11T02:21:29+01:00,[60],[2.96]
2025-11-11T02:21:30+01:00,[60],[2.948]
2025-11-11T02:21:31+01:00,[60],[2.925]
2025-11-11T02:21:32+01:00,[60],[2.914]
2025-11-11T02:21:33+01:00,[60],[2.899]
2025-11-11T02:21:34+01:00,[60],[2.869]
2025-11-11T02:21:35+01:00,[60],[2.838]
2025-11-11T02:21:36+01:00,[60],[2.815]
2025-11-11T02:21:37+01:00,[60],[2.86]
2025-11-11T02:21:38+01:00,[60],[2.831]
2025-11-11T02:21:39+01:00,[60],[2.817]
2025-11-11T02:21:41+01:00,[60],[2.793]
2025-11-11T02:21:42+01:00,[60],[2.802]
2025-11-11T02:21:43+01:00,[60],[2.773]
2025-11-11T02:21:44+01:00,[60],[2.754]
2025-11-11T02:21:45+01:00,[60],[2.768]
2025-11-11T02:21:46+01:00,[60],[2.764]
2025-11-11T02:21:47+01:00,[60],[2.767]
2025-11-11T02:21:48+01:00,[60],[2.755]
2025-11-11T02:21:49+01:00,[60],[2.771]
2025-11-11T02:21:50+01:00,[60],[2.732]
2025-11-11T02:21:51+01:00,[60],[2.762]
2025-11-11T02:21:52+01:00,[60],[2.738]
2025-11-11T02:21:53+01:00,[60],[2.754]
2025-11-11T02:21:54+01:00,[60],[2.731]
2025-11-11T02:21:55+01:00,[60],[2.709]
2025-11-11T02:21:56+01:00,[60],[2.686]
2025-11-11T02:21:57+01:00,[60],[2.651]
2025-11-11T02:21:58+01:00,[60],[2.619]
2025-11-11T02:21:59+01:00,[60],[2.611]
2025-11-11T02:22:00+01:00,[60],[2.618]
2025-11-11T02:22:01+01:00,[60],[2.587]
2025-11-11T02:22:02+01:00,[60],[2.557]
2025-11-11T02:22:03+01:00,[60],[2.61]
2025-11-11T02:22:04+01:00,[60],[2.622]
2025-11-11T02:22:05+01:00,[60],[2.61]
2025-11-11T02:22:06+01:00,[60],[2.61]
2025-11-11T02:22:07+01:00,[60],[2.579]
2025-11-11T02:22:08+01:00,[60],[2.561]
2025-11-11T02:22:09+01:00,[60],[2.54]
2025-11-11T02:22:10+01:00,[60],[2.576]
2025-11-11T02:22:11+01:00,[60],[2.555]
2025-11-11T02:22:12+01:00,[60],[2.573]
2025-11-11T02:22:13+01:00,[60],[2.573]
2025-11-11T02:22:14+01:00,[60],[2.575]
2025-11-11T02:22:15+01:00,[60],[2.553]
2025-11-11T02:22:16+01:00,[60],[2.525]
2025-11-11T02:22:17+01:00,[60],[2.499]
2025-11-11T02:22:18+01:00,[60],[2.49]
2025-11-11T02:22:19+01:00,[60],[2.506]
2025-11-11T02:22:20+01:00,[60],[2.518]
2025-11-11T02:22:21+01:00,[60],[2.549]
2025-11-11T02:22:22+01:00,[60],[2.6]
2025-11-11T02:22:23+01:00,[60],[2.616]
2025-11-11T02:22:24+01:00,[60],[2.628]
2025-11-11T02:22:25+01:00,[60],[2.632]
2025-11-11T02:22:26+01:00,[60],[2.61]
2025-11-11T02:22:27+01:00,[60],[2.651]
2025-11-11T02:22:28+01:00,[60],[2.682]
2025-11-11T02:22:29+01:00,[60],[2.675]
2025-11-11T02:22:30+01:00,[60],[2.658]
2025-11-11T02:22:31+01:00,[60],[2.642]
2025-11-11T02:22:32+01:00,[60],[2.61]
2025-11-11T02:22:33+01:00,[60],[2.593]
2025-11-11T02:22:34+01:00,[60],[2.576]
2025-11-11T02:22:35+01:00,[60],[2.572]
2025-11-11T02:22:36+01:00,[60],[2.543]
2025-11-11T02:22:37+01:00,[60],[2.516]
2025-11-11T02:22:38+01:00,[60],[2.52]
2025-11-11T02:22:39+01:00,[60],[2.502]
2025-11-11T02:22:40+01:00,[60],[2.477]
2025-11-11T02:22:41+01:00,[60],[2.453]
2025-11-11T02:22:42+01:00,[60],[2.431]
2025-11-11T02:22:43+01:00,[60],[2.409]
2025-11-11T02:22:44+01:00,[60],[2.418]
2025-11-11T02:22:45+01:00,[60],[2.401]
2025-11-11T02:22:46+01:00,[60],[2.381]
2025-11-11T02:22:47+01:00,[60],[2.377]
2025-11-11T02:22:48+01:00,[60],[2.358]
2025-11-11T02:22:49+01:00,[60],[2.34]
2025-11-11T02:22:50+01:00,[60],[2.323]
2025-11-11T02:22:51+01:00,[60],[2.307]
2025-11-11T02:22:52+01:00,[60],[2.359]
2025-11-11T02:22:53+01:00,[60],[2.348]
2025-11-11T02:22:54+01:00,[60],[2.331]
2025-11-11T02:22:55+01:00,[60],[2.314]
2025-11-11T02:22:56+01:00,[60],[2.298]
2025-11-11T02:22:57+01:00,[60],[2.283]
2025-11-11T02:22:58+01:00,[60],[2.269]
2025-11-11T02:22:59+01:00,[60],[2.256]
2025-11-11T02:23:00+01:00,[60],[2.264]
2025-11-11T02:23:01+01:00,[60],[2.251]
2025-11-11T02:23:02+01:00,[60],[2.262]
2025-11-11T02:23:03+01:00,[60],[2.266]
2025-11-11T02:23:04+01:00,[60],[2.302]
2025-11-11T02:23:05+01:00,[60],[2.374]
2025-11-11T02:23:06+01:00,[60],[2.434]
2025-11-11T02:23:07+01:00,[60],[2.498]
2025-11-11T02:23:08+01:00,[60],[2.517]
2025-11-11T02:23:09+01:00,[60],[2.501]
2025-11-11T02:23:10+01:00,[60],[2.521]
2025-11-11T02:23:11+01:00,[60],[2.495]
2025-11-11T02:23:12+01:00,[60],[2.487]
2025-11-11T02:23:13+01:00,[60],[2.463]
2025-11-11T02:23:14+01:00,[60],[2.44]
2025-11-11T02:23:15+01:00,[60],[2.418]
2025-11-11T02:23:16+01:00,[60],[2.432]
2025-11-11T02:23:17+01:00,[60],[2.421]
2025-11-11T02:23:18+01:00,[60],[2.399]
2025-11-11T02:23:19+01:00,[60],[2.38]
2025-11-11T02:23:20+01:00,[60],[2.361]
2025-11-11T02:23:21+01:00,[60],[2.368]
2025-11-11T02:23:22+01:00,[60],[2.349]
2025-11-11T02:23:23+01:00,[60],[2.335]
2025-11-11T02:23:24+01:00,[60],[2.42]
2025-11-11T02:23:25+01:00,[60],[2.43]
2025-11-11T02:23:26+01:00,[60],[2.453]
2025-11-11T02:23:27+01:00,[60],[2.498]
2025-11-11T02:23:28+01:00,[60],[2.546]
2025-11-11T02:23:29+01:00,[60],[2.548]
2025-11-11T02:23:30+01:00,[60],[2.53]
2025-11-11T02:23:31+01:00,[60],[2.525]
2025-11-11T02:23:32+01:00,[60],[2.596]
2025-11-11T02:23:33+01:00,[60],[2.599]
2025-11-11T02:23:34+01:00,[60],[2.581]
2025-11-11T02:23:35+01:00,[60],[2.599]
2025-11-11T02:23:36+01:00,[60],[2.569]
2025-11-11T02:23:37+01:00,[60],[2.572]
2025-11-11T02:23:38+01:00,[60],[2.546]
2025-11-11T02:23:39+01:00,[60],[2.52]
2025-11-11T02:23:40+01:00,[60],[2.523]
2025-11-11T02:23:41+01:00,[60],[2.517]
2025-11-11T02:23:42+01:00,[60],[2.526]
2025-11-11T02:23:43+01:00,[60],[2.511]
2025-11-11T02:23:44+01:00,[60],[2.599]
2025-11-11T02:23:45+01:00,[60],[2.652]
2025-11-11T02:23:46+01:00,[60],[2.619]
2025-11-11T02:23:47+01:00,[60],[2.649]
2025-11-11T02:23:48+01:00,[60],[2.644]
2025-11-11T02:23:49+01:00,[60],[2.699]
2025-11-11T02:23:50+01:00,[60],[2.704]
2025-11-11T02:23:51+01:00,[60],[2.743]
2025-11-11T02:23:52+01:00,[60],[2.763]
2025-11-11T02:23:53+01:00,[60],[2.766]
2025-11-11T02:23:54+01:00,[60],[2.812]
2025-11-11T02:23:55+01:00,[60],[2.831]
2025-11-11T02:23:56+01:00,[60],[2.944]
2025-11-11T02:23:57+01:00,[60],[2.933]
2025-11-11T02:23:58+01:00,[60],[2.939]
2025-11-11T02:23:59+01:00,[60],[2.934]
2025-11-11T02:24:00+01:00,[60],[2.909]
2025-11-11T02:24:01+01:00,[60],[2.889]
2025-11-11T02:24:02+01:00,[60],[2.893]
2025-11-11T02:24:03+01:00,[60],[2.878]
2025-11-11T02:24:04+01:00,[60],[2.834]
2025-11-11T02:24:05+01:00,[60],[2.792]
2025-11-11T02:24:06+01:00,[60],[2.817]
2025-11-11T02:24:07+01:00,[60],[2.785]
2025-11-11T02:24:08+01:00,[60],[2.746]
2025-11-11T02:24:09+01:00,[60],[2.708]
2025-11-11T02:24:10+01:00,[60],[2.673]
2025-11-11T02:24:11+01:00,[60],[2.68]
2025-11-11T02:24:12+01:00,[60],[2.646]
2025-11-11T02:24:13+01:00,[60],[2.614]
2025-11-11T02:24:14+01:00,[60],[2.583]
2025-11-11T02:24:15+01:00,[60],[2.554]
2025-11-11T02:24:16+01:00,[60],[2.526]
2025-11-11T02:24:17+01:00,[60],[2.5]
2025-11-11T02:24:18+01:00,[60],[2.475]
2025-11-11T02:24:19+01:00,[60],[2.451]
2025-11-11T02:24:20+01:00,[60],[2.471]
2025-11-11T02:24:21+01:00,[60],[2.448]
2025-11-11T02:24:22+01:00,[60],[2.425]
2025-11-11T02:24:23+01:00,[60],[2.404]
2025-11-11T02:24:24+01:00,[60],[2.384]
2025-11-11T02:24:25+01:00,[60],[2.365]
2025-11-11T02:24:26+01:00,[60],[2.35]
2025-11-11T02:24:27+01:00,[60],[2.361]
2025-11-11T02:24:28+01:00,[60],[2.368]
2025-11-11T02:24:29+01:00,[60],[2.387]
2025-11-11T02:24:30+01:00,[60],[2.37]
2025-11-11T02:24:31+01:00,[60],[2.351]
2025-11-11T02:24:32+01:00,[60],[2.334]
2025-11-11T02:24:33+01:00,[60],[2.317]
2025-11-11T02:24:34+01:00,[60],[2.301]
2025-11-11T02:24:35+01:00,[60],[2.286]
2025-11-11T02:24:36+01:00,[60],[2.272]
2025-11-11T02:24:37+01:00,[60],[2.258]
2025-11-11T02:24:38+01:00,[60],[2.245]
2025-11-11T02:24:39+01:00,[60],[2.233]
2025-11-11T02:24:40+01:00,[60],[2.222]
2025-11-11T02:24:41+01:00,[60],[2.21]
2025-11-11T02:24:42+01:00,[60],[2.2]
2025-11-11T02:24:43+01:00,[60],[2.211]
2025-11-11T02:24:44+01:00,[60],[2.224]
2025-11-11T02:24:45+01:00,[60],[2.221]
2025-11-11T02:24:46+01:00,[60],[2.21]
2025-11-11T02:24:47+01:00,[60],[2.2]
2025-11-11T02:24:48+01:00,[60],[2.197]
2025-11-11T02:24:49+01:00,[60],[2.206]
2025-11-11T02:24:50+01:00,[60],[2.208]
2025-11-11T02:24:51+01:00,[60],[2.215]
2025-11-11T02:24:52+01:00,[60],[2.245]
2025-11-11T02:24:53+01:00,[60],[2.239]
2025-11-11T02:24:54+01:00,[60],[2.273]
2025-11-11T02:24:55+01:00,[60],[2.259]
2025-11-11T02:24:56+01:00,[60],[2.259]
2025-11-11T02:24:57+01:00,[60],[2.246]
2025-11-11T02:24:58+01:00,[60],[2.246]
2025-11-11T02:24:59+01:00,[60],[2.238]
2025-11-11T02:25:00+01:00,[60],[2.274]
2025-11-11T02:25:01+01:00,[60],[2.286]
2025-11-11T02:25:02+01:00,[60],[2.272]
2025-11-11T02:25:03+01:00,[60],[2.258]
2025-11-11T02:25:04+01:00,[60],[2.245]
2025-11-11T02:25:05+01:00,[60],[2.256]
2025-11-11T02:25:06+01:00,[60],[2.243]
2025-11-11T02:25:07+01:00,[60],[2.231]
2025-11-11T02:25:08+01:00,[60],[2.22]
2025-11-11T02:25:09+01:00,[60],[2.227]
2025-11-11T02:25:10+01:00,[60],[2.215]
2025-11-11T02:25:11+01:00,[60],[2.205]
2025-11-11T02:25:12+01:00,[60],[2.194]
2025-11-11T02:25:13+01:00,[60],[2.209]
2025-11-11T02:25:14+01:00,[60],[2.199]
2025-11-11T02:25:15+01:00,[60],[2.189]
2025-11-11T02:25:16+01:00,[60],[2.179]
2025-11-11T02:25:17+01:00,[60],[2.17]
2025-11-11T02:25:18+01:00,[60],[2.162]
2025-11-11T02:25:19+01:00,[60],[2.163]
2025-11-11T02:25:20+01:00,[60],[2.155]
2025-11-11T02:25:21+01:00,[60],[2.173]
2025-11-11T02:25:22+01:00,[60],[2.188]
2025-11-11T02:25:23+01:00,[60],[2.189]
2025-11-11T02:25:24+01:00,[60],[2.226]
2025-11-11T02:25:25+01:00,[60],[2.23]
2025-11-11T02:25:26+01:00,[60],[2.262]
2025-11-11T02:25:27+01:00,[60],[2.27]
2025-11-11T02:25:28+01:00,[60],[2.346]
2025-11-11T02:25:29+01:00,[60],[2.399]
2025-11-11T02:25:30+01:00,[60],[2.443]
2025-11-11T02:25:31+01:00,[60],[2.492]
2025-11-11T02:25:32+01:00,[60],[2.534]
2025-11-11T02:25:33+01:00,[60],[2.553]
2025-11-11T02:25:34+01:00,[60],[2.578]
2025-11-11T02:25:35+01:00,[60],[2.583]
2025-11-11T02:25:36+01:00,[60],[2.554]
2025-11-11T02:25:37+01:00,[60],[2.526]
2025-11-11T02:25:38+01:00,[60],[2.5]
2025-11-11T02:25:39+01:00,[60],[2.484]
2025-11-11T02:25:40+01:00,[60],[2.474]
2025-11-11T02:25:41+01:00,[60],[2.462]
2025-11-11T02:25:42+01:00,[60],[2.451]
2025-11-11T02:25:43+01:00,[60],[2.482]
2025-11-11T02:25:44+01:00,[60],[2.534]
2025-11-11T02:25:45+01:00,[60],[2.516]
2025-11-11T02:25:46+01:00,[60],[2.542]
2025-11-11T02:25:47+01:00,[60],[2.572]
2025-11-11T02:25:48+01:00,[60],[2.573]
2025-11-11T02:25:49+01:00,[60],[2.552]
2025-11-11T02:25:50+01:00,[60],[2.54]
2025-11-11T02:25:51+01:00,[60],[2.515]
2025-11-11T02:25:52+01:00,[60],[2.515]
2025-11-11T02:25:53+01:00,[60],[2.517]
2025-11-11T02:25:54+01:00,[60],[2.585]
2025-11-11T02:25:55+01:00,[60],[2.602]
2025-11-11T02:25:56+01:00,[60],[2.618]
2025-11-11T02:25:57+01:00,[60],[2.635]
2025-11-11T02:25:58+01:00,[60],[2.63]
2025-11-11T02:25:59+01:00,[60],[2.603]
2025-11-11T02:26:00+01:00,[60],[2.573]
2025-11-11T02:26:01+01:00,[60],[2.548]
2025-11-11T02:26:02+01:00,[60],[2.521]
2025-11-11T02:26:03+01:00,[60],[2.518]
2025-11-11T02:26:04+01:00,[60],[2.492]
2025-11-11T02:26:05+01:00,[60],[2.468]
2025-11-11T02:26:06+01:00,[60],[2.465]
2025-11-11T02:26:07+01:00,[60],[2.442]
2025-11-11T02:26:08+01:00,[60],[2.42]
2025-11-11T02:26:09+01:00,[60],[2.399]
2025-11-11T02:26:10+01:00,[60],[2.379]
2025-11-11T02:26:11+01:00,[60],[2.36]
2025-11-11T02:26:12+01:00,[60],[2.359]
2025-11-11T02:26:13+01:00,[60],[2.352]
2025-11-11T02:26:14+01:00,[60],[2.334]
2025-11-11T02:26:15+01:00,[60],[2.347]
2025-11-11T02:26:16+01:00,[60],[2.349]
2025-11-11T02:26:17+01:00,[60],[2.35]
2025-11-11T02:26:18+01:00,[60],[2.403]
2025-11-11T02:26:19+01:00,[60],[2.434]
2025-11-11T02:26:20+01:00,[60],[2.472]
2025-11-11T02:26:21+01:00,[60],[2.47]
2025-11-11T02:26:22+01:00,[60],[2.514]
2025-11-11T02:26:23+01:00,[60],[2.515]
2025-11-11T02:26:24+01:00,[60],[2.531]
2025-11-11T02:26:25+01:00,[60],[2.538]
2025-11-11T02:26:26+01:00,[60],[2.512]
2025-11-11T02:26:27+01:00,[60],[2.51]
2025-11-11T02:26:28+01:00,[60],[2.537]
2025-11-11T02:26:29+01:00,[60],[2.534]
2025-11-11T02:26:30+01:00,[60],[2.507]
2025-11-11T02:26:31+01:00,[60],[2.498]
2025-11-11T02:26:32+01:00,[60],[2.514]
2025-11-11T02:26:33+01:00,[60],[2.524]
2025-11-11T02:26:34+01:00,[60],[2.502]
2025-11-11T02:26:35+01:00,[60],[2.528]
2025-11-11T02:26:36+01:00,[60],[2.527]
2025-11-11T02:26:37+01:00,[60],[2.502]
2025-11-11T02:26:38+01:00,[60],[2.506]
2025-11-11T02:26:39+01:00,[60],[2.495]
2025-11-11T02:26:40+01:00,[60],[2.494]
2025-11-11T02:26:41+01:00,[60],[2.474]
2025-11-11T02:26:42+01:00,[60],[2.45]
2025-11-11T02:26:43+01:00,[60],[2.435]
2025-11-11T02:26:44+01:00,[60],[2.413]
2025-11-11T02:26:45+01:00,[60],[2.392]
2025-11-11T02:26:46+01:00,[60],[2.373]
2025-11-11T02:26:47+01:00,[60],[2.354]
2025-11-11T02:26:48+01:00,[60],[2.336]
2025-11-11T02:26:49+01:00,[60],[2.319]
2025-11-11T02:26:50+01:00,[60],[2.303]
2025-11-11T02:26:51+01:00,[60],[2.293]
2025-11-11T02:26:52+01:00,[60],[2.287]
2025-11-11T02:26:53+01:00,[60],[2.272]
2025-11-11T02:26:54+01:00,[60],[2.287]
2025-11-11T02:26:55+01:00,[60],[2.272]
2025-11-11T02:26:56+01:00,[60],[2.278]
2025-11-11T02:26:57+01:00,[60],[2.285]
2025-11-11T02:26:58+01:00,[60],[2.289]
2025-11-11T02:26:59+01:00,[60],[2.312]
2025-11-11T02:27:00+01:00,[60],[2.348]
2025-11-11T02:27:01+01:00,[60],[2.33]
2025-11-11T02:27:02+01:00,[60],[2.314]
2025-11-11T02:27:03+01:00,[60],[2.307]
2025-11-11T02:27:04+01:00,[60],[2.292]
2025-11-11T02:27:05+01:00,[60],[2.277]
2025-11-11T02:27:06+01:00,[60],[2.285]
2025-11-11T02:27:07+01:00,[60],[2.276]
2025-11-11T02:27:08+01:00,[60],[2.262]
2025-11-11T02:27:09+01:00,[60],[2.249]
2025-11-11T02:27:10+01:00,[60],[2.237]
2025-11-11T02:27:11+01:00,[60],[2.225]
2025-11-11T02:27:12+01:00,[60],[2.214]
2025-11-11T02:27:13+01:00,[60],[2.203]
2025-11-11T02:27:14+01:00,[60],[2.193]
2025-11-11T02:27:15+01:00,[60],[2.198]
2025-11-11T02:27:16+01:00,[60],[2.203]
2025-11-11T02:27:17+01:00,[60],[2.193]
2025-11-11T02:27:18+01:00,[60],[2.183]
2025-11-11T02:27:19+01:00,[60],[2.174]
2025-11-11T02:27:20+01:00,[60],[2.165]
2025-11-11T02:27:21+01:00,[60],[2.157]
2025-11-11T02:27:22+01:00,[60],[2.149]
2025-11-11T02:27:23+01:00,[60],[2.173]
2025-11-11T02:27:24+01:00,[60],[2.17]
2025-11-11T02:27:25+01:00,[60],[2.162]
2025-11-11T02:27:26+01:00,[60],[2.153]
2025-11-11T02:27:27+01:00,[60],[2.146]
2025-11-11T02:27:28+01:00,[60],[2.156]
2025-11-11T02:27:29+01:00,[60],[2.148]
2025-11-11T02:27:30+01:00,[60],[2.141]
2025-11-11T02:27:31+01:00,[60],[2.134]
2025-11-11T02:27:32+01:00,[60],[2.127]
2025-11-11T02:27:33+01:00,[60],[2.121]
2025-11-11T02:27:34+01:00,[60],[2.115]
2025-11-11T02:27:35+01:00,[60],[2.109]
2025-11-11T02:27:36+01:00,[60],[2.104]
2025-11-11T02:27:37+01:00,[60],[2.098]
2025-11-11T02:27:38+01:00,[60],[2.093]
2025-11-11T02:27:39+01:00,[60],[2.089]
2025-11-11T02:27:40+01:00,[60],[2.084]
2025-11-11T02:27:41+01:00,[60],[2.08]
2025-11-11T02:27:42+01:00,[60],[2.076]
2025-11-11T02:27:43+01:00,[60],[2.072]
2025-11-11T02:27:44+01:00,[60],[2.069]
2025-11-11T02:27:45+01:00,[60],[2.065]
2025-11-11T02:27:46+01:00,[60],[2.062]
2025-11-11T02:27:47+01:00,[60],[2.059]
2025-11-11T02:27:48+01:00,[60],[2.056]
2025-11-11T02:27:49+01:00,[60],[2.053]
2025-11-11T02:27:50+01:00,[60],[2.05]
2025-11-11T02:27:51+01:00,[60],[2.052]
2025-11-11T02:27:52+01:00,[60],[2.05]
2025-11-11T02:27:53+01:00,[60],[2.047]
2025-11-11T02:27:54+01:00,[60],[2.045]
2025-11-11T02:27:55+01:00,[60],[2.041]
2025-11-11T02:27:56+01:00,[60],[2.04]
2025-11-11T02:27:57+01:00,[60],[2.037]
2025-11-11T02:27:58+01:00,[60],[2.037]
2025-11-11T02:27:59+01:00,[60],[2.036]
2025-11-11T02:28:00+01:00,[60],[2.033]
2025-11-11T02:28:01+01:00,[60],[2.035]
2025-11-11T02:28:02+01:00,[60],[2.033]
2025-11-11T02:28:03+01:00,[60],[2.043]
2025-11-11T02:28:04+01:00,[60],[2.097]
2025-11-11T02:28:05+01:00,[60],[2.124]
2025-11-11T02:28:06+01:00,[60],[2.117]
2025-11-11T02:28:07+01:00,[60],[2.112]
2025-11-11T02:28:08+01:00,[60],[2.106]
2025-11-11T02:28:09+01:00,[60],[2.118]
2025-11-11T02:28:10+01:00,[60],[2.137]
2025-11-11T02:28:11+01:00,[60],[2.13]
2025-11-11T02:28:12+01:00,[60],[2.128]
2025-11-11T02:28:13+01:00,[60],[2.121]
2025-11-11T02:28:14+01:00,[60],[2.115]
2025-11-11T02:28:15+01:00,[60],[2.118]
2025-11-11T02:28:16+01:00,[60],[2.134]
2025-11-11T02:28:17+01:00,[60],[2.141]
2025-11-11T02:28:18+01:00,[60],[2.134]
2025-11-11T02:28:19+01:00,[60],[2.127]
2025-11-11T02:28:20+01:00,[60],[2.131]
2025-11-11T02:28:21+01:00,[60],[2.125]
2025-11-11T02:28:22+01:00,[60],[2.123]
2025-11-11T02:28:23+01:00,[60],[2.147]
2025-11-11T02:28:24+01:00,[60],[2.149]
2025-11-11T02:28:25+01:00,[60],[2.141]
2025-11-11T02:28:26+01:00,[60],[2.136]
2025-11-11T02:28:27+01:00,[60],[2.129]
2025-11-11T02:28:28+01:00,[60],[2.129]
2025-11-11T02:28:29+01:00,[60],[2.137]
2025-11-11T02:28:30+01:00,[60],[2.18]
2025-11-11T02:28:31+01:00,[60],[2.175]
2025-11-11T02:28:32+01:00,[60],[2.23]
2025-11-11T02:28:33+01:00,[60],[2.242]
2025-11-11T02:28:34+01:00,[60],[2.254]
2025-11-11T02:28:35+01:00,[60],[2.248]
2025-11-11T02:28:36+01:00,[60],[2.239]
2025-11-11T02:28:37+01:00,[60],[2.227]
2025-11-11T02:28:38+01:00,[60],[2.215]
2025-11-11T02:28:39+01:00,[60],[2.221]
2025-11-11T02:28:40+01:00,[60],[2.242]
2025-11-11T02:28:41+01:00,[60],[2.231]
2025-11-11T02:28:42+01:00,[60],[2.249]
2025-11-11T02:28:43+01:00,[60],[2.283]
2025-11-11T02:28:44+01:00,[60],[2.28]
2025-11-11T02:28:45+01:00,[60],[2.285]
2025-11-11T02:28:46+01:00,[60],[2.295]
2025-11-11T02:28:47+01:00,[60],[2.299]
2025-11-11T02:28:48+01:00,[60],[2.315]
2025-11-11T02:28:49+01:00,[60],[2.306]
2025-11-11T02:28:50+01:00,[60],[2.291]
2025-11-11T02:28:51+01:00,[60],[2.276]
2025-11-11T02:28:52+01:00,[60],[2.263]
2025-11-11T02:28:53+01:00,[60],[2.249]
2025-11-11T02:28:54+01:00,[60],[2.256]
2025-11-11T02:28:55+01:00,[60],[2.243]
2025-11-11T02:28:56+01:00,[60],[2.231]
2025-11-11T02:28:57+01:00,[60],[2.22]
2025-11-11T02:28:58+01:00,[60],[2.209]
2025-11-11T02:28:59+01:00,[60],[2.198]
2025-11-11T02:29:00+01:00,[60],[2.188]
2025-11-11T02:29:01+01:00,[60],[2.179]
2025-11-11T02:29:02+01:00,[60],[2.183]
2025-11-11T02:29:03+01:00,[60],[2.174]
2025-11-11T02:29:04+01:00,[60],[2.165]
2025-11-11T02:29:05+01:00,[60],[2.157]
2025-11-11T02:29:06+01:00,[60],[2.149]
2025-11-11T02:29:07+01:00,[60],[2.142]
2025-11-11T02:29:08+01:00,[60],[2.135]
2025-11-11T02:29:09+01:00,[60],[2.146]
2025-11-11T02:29:10+01:00,[60],[2.139]
2025-11-11T02:29:11+01:00,[60],[2.14]
2025-11-11T02:29:12+01:00,[60],[2.148]
2025-11-11T02:29:13+01:00,[60],[2.156]
2025-11-11T02:29:15+01:00,[60],[2.148]
2025-11-11T02:29:16+01:00,[60],[2.163]
2025-11-11T02:29:17+01:00,[60],[2.155]
2025-11-11T02:29:18+01:00,[60],[2.147]
2025-11-11T02:29:19+01:00,[60],[2.14]
2025-11-11T02:29:20+01:00,[60],[2.133]
2025-11-11T02:29:21+01:00,[60],[2.126]
2025-11-11T02:29:22+01:00,[60],[2.12]
2025-11-11T02:29:23+01:00,[60],[2.117]
2025-11-11T02:29:24+01:00,[60],[2.142]
2025-11-11T02:29:25+01:00,[60],[2.135]
2025-11-11T02:29:26+01:00,[60],[2.128]
2025-11-11T02:29:27+01:00,[60],[2.122]
2025-11-11T02:29:28+01:00,[60],[2.116]
2025-11-11T02:29:29+01:00,[60],[2.128]
2025-11-11T02:29:30+01:00,[60],[2.122]
2025-11-11T02:29:31+01:00,[60],[2.117]
2025-11-11T02:29:32+01:00,[60],[2.111]
2025-11-11T02:29:33+01:00,[60],[2.106]
2025-11-11T02:29:34+01:00,[60],[2.101]
2025-11-11T02:29:35+01:00,[60],[2.096]
2025-11-11T02:29:36+01:00,[60],[2.091]
2025-11-11T02:29:37+01:00,[60],[2.093]
2025-11-11T02:29:38+01:00,[60],[2.089]
2025-11-11T02:29:39+01:00,[60],[2.084]
2025-11-11T02:29:40+01:00,[60],[2.109]
2025-11-11T02:29:41+01:00,[60],[2.103]
2025-11-11T02:29:42+01:00,[60],[2.103]
2025-11-11T02:29:43+01:00,[60],[2.12]
2025-11-11T02:29:44+01:00,[60],[2.122]
2025-11-11T02:29:45+01:00,[60],[2.116]
2025-11-11T02:29:46+01:00,[60],[2.127]
2025-11-11T02:29:47+01:00,[60],[2.147]
2025-11-11T02:29:48+01:00,[60],[2.14]
2025-11-11T02:29:49+01:00,[60],[2.143]
2025-11-11T02:29:50+01:00,[60],[2.136]
2025-11-11T02:29:51+01:00,[60],[2.129]
2025-11-11T02:29:52+01:00,[60],[2.122]
2025-11-11T02:29:53+01:00,[60],[2.12]
2025-11-11T02:29:54+01:00,[60],[2.114]
2025-11-11T02:29:55+01:00,[60],[2.108]
2025-11-11T02:29:56+01:00,[60],[2.103]
2025-11-11T02:29:57+01:00,[60],[2.105]
2025-11-11T02:29:58+01:00,[60],[2.1]
2025-11-11T02:29:59+01:00,[60],[2.102]
2025-11-11T02:30:00+01:00,[60],[2.097]
2025-11-11T02:30:01+01:00,[60],[2.092]
2025-11-11T02:30:02+01:00,[60],[2.088]
2025-11-11T02:30:03+01:00,[60],[2.083]
2025-11-11T02:30:04+01:00,[60],[2.099]
2025-11-11T02:30:05+01:00,[60],[2.094]
2025-11-11T02:30:06+01:00,[60],[2.099]
2025-11-11T02:30:07+01:00,[60],[2.094]
2025-11-11T02:30:08+01:00,[60],[2.09]
2025-11-11T02:30:09+01:00,[60],[2.096]
2025-11-11T02:30:10+01:00,[60],[2.091]
2025-11-11T02:30:11+01:00,[60],[2.086]
2025-11-11T02:30:12+01:00,[60],[2.101]
2025-11-11T02:30:13+01:00,[60],[2.108]
2025-11-11T02:30:14+01:00,[60],[2.128]
2025-11-11T02:30:15+01:00,[60],[2.121]
2025-11-11T02:30:16+01:00,[60],[2.129]
2025-11-11T02:30:17+01:00,[60],[2.127]
2025-11-11T02:30:18+01:00,[60],[2.163]
2025-11-11T02:30:19+01:00,[60],[2.154]
2025-11-11T02:30:20+01:00,[60],[2.147]
2025-11-11T02:30:21+01:00,[60],[2.142]
2025-11-11T02:30:22+01:00,[60],[2.135]
2025-11-11T02:30:23+01:00,[60],[2.128]
2025-11-11T02:30:24+01:00,[60],[2.122]
2025-11-11T02:30:25+01:00,[60],[2.116]
2025-11-11T02:30:26+01:00,[60],[2.123]
2025-11-11T02:30:27+01:00,[60],[2.142]
2025-11-11T02:30:28+01:00,[60],[2.135]
2025-11-11T02:30:29+01:00,[60],[2.144]
2025-11-11T02:30:30+01:00,[60],[2.137]
2025-11-11T02:30:31+01:00,[60],[2.134]
2025-11-11T02:30:32+01:00,[60],[2.181]
2025-11-11T02:30:33+01:00,[60],[2.199]
2025-11-11T02:30:34+01:00,[60],[2.189]
2025-11-11T02:30:35+01:00,[60],[2.18]
2025-11-11T02:30:36+01:00,[60],[2.171]
2025-11-11T02:30:37+01:00,[60],[2.167]
2025-11-11T02:30:38+01:00,[60],[2.159]
2025-11-11T02:30:39+01:00,[60],[2.151]
2025-11-11T02:30:40+01:00,[60],[2.144]
2025-11-11T02:30:41+01:00,[60],[2.136]
2025-11-11T02:30:42+01:00,[60],[2.131]
2025-11-11T02:30:43+01:00,[60],[2.157]
2025-11-11T02:30:44+01:00,[60],[2.169]
2025-11-11T02:30:45+01:00,[60],[2.168]
2025-11-11T02:30:46+01:00,[60],[2.159]
2025-11-11T02:30:47+01:00,[60],[2.151]
2025-11-11T02:30:48+01:00,[60],[2.144]
2025-11-11T02:30:49+01:00,[60],[2.137]
2025-11-11T02:30:50+01:00,[60],[2.13]
2025-11-11T02:30:51+01:00,[60],[2.123]
2025-11-11T02:30:52+01:00,[60],[2.129]
2025-11-11T02:30:53+01:00,[60],[2.122]
2025-11-11T02:30:54+01:00,[60],[2.116]
2025-11-11T02:30:55+01:00,[60],[2.111]
2025-11-11T02:30:56+01:00,[60],[2.105]
2025-11-11T02:30:57+01:00,[60],[2.1]
2025-11-11T02:30:58+01:00,[60],[2.105]
2025-11-11T02:30:59+01:00,[60],[2.099]
2025-11-11T02:31:00+01:00,[60],[2.105]
2025-11-11T02:31:01+01:00,[60],[2.099]
2025-11-11T02:31:02+01:00,[60],[2.147]
2025-11-11T02:31:03+01:00,[60],[2.154]
2025-11-11T02:31:04+01:00,[60],[2.182]
2025-11-11T02:31:05+01:00,[60],[2.185]
2025-11-11T02:31:06+01:00,[60],[2.176]
2025-11-11T02:31:07+01:00,[60],[2.167]
2025-11-11T02:31:08+01:00,[60],[2.175]
2025-11-11T02:31:09+01:00,[60],[2.183]
2025-11-11T02:31:10+01:00,[60],[2.174]
2025-11-11T02:31:11+01:00,[60],[2.165]
2025-11-11T02:31:12+01:00,[60],[2.157]
2025-11-11T02:31:13+01:00,[60],[2.149]
2025-11-11T02:31:14+01:00,[60],[2.142]
2025-11-11T02:31:15+01:00,[60],[2.135]
2025-11-11T02:31:16+01:00,[60],[2.128]
2025-11-11T02:31:17+01:00,[60],[2.129]
2025-11-11T02:31:18+01:00,[60],[2.123]
2025-11-11T02:31:19+01:00,[60],[2.12]
2025-11-11T02:31:21+01:00,[60],[2.175]
2025-11-11T02:31:22+01:00,[60],[2.255]
2025-11-11T02:31:23+01:00,[60],[2.287]
2025-11-11T02:31:24+01:00,[60],[2.301]
2025-11-11T02:31:25+01:00,[60],[2.331]
2025-11-11T02:31:26+01:00,[60],[2.315]
2025-11-11T02:31:27+01:00,[60],[2.318]
2025-11-11T02:31:28+01:00,[60],[2.324]
2025-11-11T02:31:29+01:00,[60],[2.343]
2025-11-11T02:31:30+01:00,[60],[2.336]
2025-11-11T02:31:31+01:00,[60],[2.367]
2025-11-11T02:31:32+01:00,[60],[2.355]
2025-11-11T02:31:33+01:00,[60],[2.345]
2025-11-11T02:31:34+01:00,[60],[2.347]
2025-11-11T02:31:35+01:00,[60],[2.341]
2025-11-11T02:31:36+01:00,[60],[2.343]
2025-11-11T02:31:37+01:00,[60],[2.325]
2025-11-11T02:31:38+01:00,[60],[2.341]
2025-11-11T02:31:39+01:00,[60],[2.344]
2025-11-11T02:31:40+01:00,[60],[2.392]
2025-11-11T02:31:41+01:00,[60],[2.441]
2025-11-11T02:31:42+01:00,[60],[2.461]
2025-11-11T02:31:43+01:00,[60],[2.453]
2025-11-11T02:31:44+01:00,[60],[2.442]
2025-11-11T02:31:45+01:00,[60],[2.42]
2025-11-11T02:31:46+01:00,[60],[2.399]
2025-11-11T02:31:47+01:00,[60],[2.387]
2025-11-11T02:31:48+01:00,[60],[2.382]
2025-11-11T02:31:49+01:00,[60],[2.389]
2025-11-11T02:31:50+01:00,[60],[2.443]
2025-11-11T02:31:51+01:00,[60],[2.447]
2025-11-11T02:31:52+01:00,[60],[2.455]
2025-11-11T02:31:53+01:00,[60],[2.432]
2025-11-11T02:31:54+01:00,[60],[2.411]
2025-11-11T02:31:55+01:00,[60],[2.39]
2025-11-11T02:31:56+01:00,[60],[2.424]
2025-11-11T02:31:57+01:00,[60],[2.417]
2025-11-11T02:31:58+01:00,[60],[2.396]
2025-11-11T02:31:59+01:00,[60],[2.406]
2025-11-11T02:32:00+01:00,[60],[2.385]
2025-11-11T02:32:01+01:00,[60],[2.383]
2025-11-11T02:32:02+01:00,[60],[2.399]
2025-11-11T02:32:03+01:00,[60],[2.395]
2025-11-11T02:32:04+01:00,[60],[2.386]
2025-11-11T02:32:05+01:00,[60],[2.366]
2025-11-11T02:32:06+01:00,[60],[2.348]
2025-11-11T02:32:07+01:00,[60],[2.337]
2025-11-11T02:32:08+01:00,[60],[2.379]
2025-11-11T02:32:09+01:00,[60],[2.36]
2025-11-11T02:32:10+01:00,[60],[2.372]
2025-11-11T02:32:11+01:00,[60],[2.373]
2025-11-11T02:32:12+01:00,[60],[2.355]
2025-11-11T02:32:13+01:00,[60],[2.337]
2025-11-11T02:32:14+01:00,[60],[2.339]
2025-11-11T02:32:15+01:00,[60],[2.353]
2025-11-11T02:32:16+01:00,[60],[2.356]
2025-11-11T02:32:17+01:00,[60],[2.338]
2025-11-11T02:32:18+01:00,[60],[2.321]
2025-11-11T02:32:19+01:00,[60],[2.305]
2025-11-11T02:32:20+01:00,[60],[2.32]
2025-11-11T02:32:21+01:00,[60],[2.304]
2025-11-11T02:32:22+01:00,[60],[2.315]
2025-11-11T02:32:23+01:00,[60],[2.316]
2025-11-11T02:32:24+01:00,[60],[2.315]
2025-11-11T02:32:25+01:00,[60],[2.329]
2025-11-11T02:32:26+01:00,[60],[2.346]
2025-11-11T02:32:27+01:00,[60],[2.329]
2025-11-11T02:32:28+01:00,[60],[2.321]
2025-11-11T02:32:29+01:00,[60],[2.305]
2025-11-11T02:32:30+01:00,[60],[2.29]
2025-11-11T02:32:31+01:00,[60],[2.284]
2025-11-11T02:32:32+01:00,[60],[2.27]
2025-11-11T02:32:33+01:00,[60],[2.279]
2025-11-11T02:32:34+01:00,[60],[2.284]
2025-11-11T02:32:35+01:00,[60],[2.27]
2025-11-11T02:32:36+01:00,[60],[2.257]
2025-11-11T02:32:37+01:00,[60],[2.244]
2025-11-11T02:32:38+01:00,[60],[2.232]
2025-11-11T02:32:39+01:00,[60],[2.22]
2025-11-11T02:32:40+01:00,[60],[2.216]
2025-11-11T02:32:41+01:00,[60],[2.227]
2025-11-11T02:32:42+01:00,[60],[2.218]
2025-11-11T02:32:43+01:00,[60],[2.218]
2025-11-11T02:32:44+01:00,[60],[2.207]
2025-11-11T02:32:45+01:00,[60],[2.197]
2025-11-11T02:32:46+01:00,[60],[2.187]
2025-11-11T02:32:47+01:00,[60],[2.177]
2025-11-11T02:32:48+01:00,[60],[2.169]
2025-11-11T02:32:49+01:00,[60],[2.171]
2025-11-11T02:32:50+01:00,[60],[2.175]
2025-11-11T02:32:51+01:00,[60],[2.166]
2025-11-11T02:32:52+01:00,[60],[2.158]
2025-11-11T02:32:53+01:00,[60],[2.167]
2025-11-11T02:32:54+01:00,[60],[2.164]
2025-11-11T02:32:55+01:00,[60],[2.155]
2025-11-11T02:32:56+01:00,[60],[2.156]
2025-11-11T02:32:57+01:00,[60],[2.17]
2025-11-11T02:32:58+01:00,[60],[2.175]
2025-11-11T02:32:59+01:00,[60],[2.166]
2025-11-11T02:33:00+01:00,[60],[2.158]
2025-11-11T02:33:01+01:00,[60],[2.15]
2025-11-11T02:33:02+01:00,[60],[2.142]
2025-11-11T02:33:03+01:00,[60],[2.135]
2025-11-11T02:33:04+01:00,[60],[2.129]
2025-11-11T02:33:05+01:00,[60],[2.122]
2025-11-11T02:33:06+01:00,[60],[2.116]
2025-11-11T02:33:07+01:00,[60],[2.14]
2025-11-11T02:33:08+01:00,[60],[2.139]
2025-11-11T02:33:09+01:00,[60],[2.132]
2025-11-11T02:33:10+01:00,[60],[2.126]
2025-11-11T02:33:11+01:00,[60],[2.119]
2025-11-11T02:33:12+01:00,[60],[2.125]
2025-11-11T02:33:13+01:00,[60],[2.126]
2025-11-11T02:33:14+01:00,[60],[2.12]
2025-11-11T02:33:15+01:00,[60],[2.114]
2025-11-11T02:33:16+01:00,[60],[2.108]
2025-11-11T02:33:17+01:00,[60],[2.102]
2025-11-11T02:33:18+01:00,[60],[2.097]
2025-11-11T02:33:19+01:00,[60],[2.092]
2025-11-11T02:33:20+01:00,[60],[2.088]
2025-11-11T02:33:21+01:00,[60],[2.083]
2025-11-11T02:33:22+01:00,[60],[2.079]
2025-11-11T02:33:23+01:00,[60],[2.075]
2025-11-11T02:33:24+01:00,[60],[2.072]
2025-11-11T02:33:25+01:00,[60],[2.068]
2025-11-11T02:33:27+01:00,[60],[2.065]
2025-11-11T02:33:28+01:00,[60],[2.068]
2025-11-11T02:33:29+01:00,[60],[2.065]
2025-11-11T02:33:30+01:00,[60],[2.061]
2025-11-11T02:33:31+01:00,[60],[2.062]
2025-11-11T02:33:32+01:00,[60],[2.059]
2025-11-11T02:33:33+01:00,[60],[2.056]
2025-11-11T02:33:34+01:00,[60],[2.064]
2025-11-11T02:33:35+01:00,[60],[2.063]
2025-11-11T02:33:36+01:00,[60],[2.06]
2025-11-11T02:33:37+01:00,[60],[2.064]
2025-11-11T02:33:38+01:00,[60],[2.075]
2025-11-11T02:33:39+01:00,[60],[2.071]
2025-11-11T02:33:40+01:00,[60],[2.067]
2025-11-11T02:33:41+01:00,[60],[2.064]
2025-11-11T02:33:42+01:00,[60],[2.061]
2025-11-11T02:33:43+01:00,[60],[2.058]
2025-11-11T02:33:44+01:00,[60],[2.055]
2025-11-11T02:33:45+01:00,[60],[2.063]
2025-11-11T02:33:46+01:00,[60],[2.067]
2025-11-11T02:33:47+01:00,[60],[2.063]
2025-11-11T02:33:48+01:00,[60],[2.063]
2025-11-11T02:33:49+01:00,[60],[2.068]
2025-11-11T02:33:50+01:00,[60],[2.081]
2025-11-11T02:33:51+01:00,[60],[2.077]
2025-11-11T02:33:52+01:00,[60],[2.074]
2025-11-11T02:33:53+01:00,[60],[2.07]
2025-11-11T02:33:54+01:00,[60],[2.082]
2025-11-11T02:33:55+01:00,[60],[2.085]
2025-11-11T02:33:56+01:00,[60],[2.098]
2025-11-11T02:33:57+01:00,[60],[2.13]
2025-11-11T02:33:58+01:00,[60],[2.144]
2025-11-11T02:33:59+01:00,[60],[2.137]
2025-11-11T02:34:00+01:00,[60],[2.13]
2025-11-11T02:34:01+01:00,[60],[2.123]
2025-11-11T02:34:02+01:00,[60],[2.128]
2025-11-11T02:34:03+01:00,[60],[2.121]
2025-11-11T02:34:04+01:00,[60],[2.115]
2025-11-11T02:34:05+01:00,[60],[2.11]
2025-11-11T02:34:06+01:00,[60],[2.104]
2025-11-11T02:34:07+01:00,[60],[2.099]
2025-11-11T02:34:08+01:00,[60],[2.094]
2025-11-11T02:34:09+01:00,[60],[2.089]
2025-11-11T02:34:10+01:00,[60],[2.085]
2025-11-11T02:34:11+01:00,[60],[2.081]
2025-11-11T02:34:12+01:00,[60],[2.077]
2025-11-11T02:34:13+01:00,[60],[2.073]
2025-11-11T02:34:14+01:00,[60],[2.069]
2025-11-11T02:34:15+01:00,[60],[2.066]
2025-11-11T02:34:16+01:00,[60],[2.062]
2025-11-11T02:34:17+01:00,[60],[2.059]
2025-11-11T02:34:18+01:00,[60],[2.056]
2025-11-11T02:34:19+01:00,[60],[2.053]
2025-11-11T02:34:20+01:00,[60],[2.051]
2025-11-11T02:34:21+01:00,[60],[2.048]
2025-11-11T02:34:22+01:00,[60],[2.05]
2025-11-11T02:34:23+01:00,[60],[2.047]
2025-11-11T02:34:24+01:00,[60],[2.045]
2025-11-11T02:34:25+01:00,[60],[2.043]
2025-11-11T02:34:26+01:00,[60],[2.041]
2025-11-11T02:34:27+01:00,[60],[2.039]
2025-11-11T02:34:28+01:00,[60],[2.037]
2025-11-11T02:34:29+01:00,[60],[2.035]
2025-11-11T02:34:30+01:00,[60],[2.033]
2025-11-11T02:34:31+01:00,[60],[2.031]
2025-11-11T02:34:32+01:00,[60],[2.029]
2025-11-11T02:34:33+01:00,[60],[2.028]
2025-11-11T02:34:34+01:00,[60],[2.027]
2025-11-11T02:34:35+01:00,[60],[2.025]
2025-11-11T02:34:36+01:00,[60],[2.024]
2025-11-11T02:34:37+01:00,[60],[2.023]
2025-11-11T02:34:38+01:00,[60],[2.021]
2025-11-11T02:34:39+01:00,[60],[2.021]
2025-11-11T02:34:40+01:00,[60],[2.02]
2025-11-11T02:34:41+01:00,[60],[2.019]
2025-11-11T02:34:42+01:00,[60],[2.017]
2025-11-11T02:34:43+01:00,[60],[2.027]
2025-11-11T02:34:44+01:00,[60],[2.025]
2025-11-11T02:34:45+01:00,[60],[2.024]
2025-11-11T02:34:46+01:00,[60],[2.023]
2025-11-11T02:34:47+01:00,[60],[2.021]
2025-11-11T02:34:48+01:00,[60],[2.021]
2025-11-11T02:34:49+01:00,[60],[2.035]
2025-11-11T02:34:50+01:00,[60],[2.033]
2025-11-11T02:34:51+01:00,[60],[2.032]
2025-11-11T02:34:52+01:00,[60],[2.029]
2025-11-11T02:34:53+01:00,[60],[2.029]
2025-11-11T02:34:54+01:00,[60],[2.027]
2025-11-11T02:34:55+01:00,[60],[2.025]
2025-11-11T02:34:56+01:00,[60],[2.024]
2025-11-11T02:34:57+01:00,[60],[2.033]
2025-11-11T02:34:58+01:00,[60],[2.032]
2025-11-11T02:34:59+01:00,[60],[2.036]
2025-11-11T02:35:00+01:00,[60],[2.063]
2025-11-11T02:35:01+01:00,[60],[2.059]
2025-11-11T02:35:02+01:00,[60],[2.056]
2025-11-11T02:35:03+01:00,[60],[2.054]
2025-11-11T02:35:04+01:00,[60],[2.051]
2025-11-11T02:35:05+01:00,[60],[2.048]
2025-11-11T02:35:06+01:00,[60],[2.045]
2025-11-11T02:35:07+01:00,[60],[2.044]
2025-11-11T02:35:08+01:00,[60],[2.045]
2025-11-11T02:35:09+01:00,[60],[2.062]
2025-11-11T02:35:10+01:00,[60],[2.059]
2025-11-11T02:35:11+01:00,[60],[2.056]
2025-11-11T02:35:12+01:00,[60],[2.053]
2025-11-11T02:35:13+01:00,[60],[2.051]
2025-11-11T02:35:14+01:00,[60],[2.048]
2025-11-11T02:35:15+01:00,[60],[2.045]
2025-11-11T02:35:16+01:00,[60],[2.044]
2025-11-11T02:35:17+01:00,[60],[2.041]
2025-11-11T02:35:18+01:00,[60],[2.039]
2025-11-11T02:35:19+01:00,[60],[2.056]
2025-11-11T02:35:20+01:00,[60],[2.076]
2025-11-11T02:35:21+01:00,[60],[2.083]
2025-11-11T02:35:22+01:00,[60],[2.107]
2025-11-11T02:35:23+01:00,[60],[2.123]
2025-11-11T02:35:24+01:00,[60],[2.116]
2025-11-11T02:35:25+01:00,[60],[2.114]
2025-11-11T02:35:26+01:00,[60],[2.109]
2025-11-11T02:35:27+01:00,[60],[2.107]
2025-11-11T02:35:28+01:00,[60],[2.139]
2025-11-11T02:35:29+01:00,[60],[2.15]
2025-11-11T02:35:30+01:00,[60],[2.171]
2025-11-11T02:35:31+01:00,[60],[2.162]
2025-11-11T02:35:33+01:00,[60],[2.197]
2025-11-11T02:35:34+01:00,[60],[2.217]
2025-11-11T02:35:35+01:00,[60],[2.232]
2025-11-11T02:35:36+01:00,[60],[2.22]
2025-11-11T02:35:37+01:00,[60],[2.21]
2025-11-11T02:35:38+01:00,[60],[2.204]
2025-11-11T02:35:39+01:00,[60],[2.2]
2025-11-11T02:35:40+01:00,[60],[2.255]
2025-11-11T02:35:41+01:00,[60],[2.257]
2025-11-11T02:35:42+01:00,[60],[2.244]
2025-11-11T02:35:43+01:00,[60],[2.232]
2025-11-11T02:35:44+01:00,[60],[2.22]
2025-11-11T02:35:45+01:00,[60],[2.209]
2025-11-11T02:35:46+01:00,[60],[2.199]
2025-11-11T02:35:47+01:00,[60],[2.207]
2025-11-11T02:35:48+01:00,[60],[2.202]
2025-11-11T02:35:49+01:00,[60],[2.215]
2025-11-11T02:35:50+01:00,[60],[2.222]
2025-11-11T02:35:51+01:00,[60],[2.233]
2025-11-11T02:35:52+01:00,[60],[2.222]
2025-11-11T02:35:53+01:00,[60],[2.213]
2025-11-11T02:35:54+01:00,[60],[2.202]
2025-11-11T02:35:55+01:00,[60],[2.192]
2025-11-11T02:35:56+01:00,[60],[2.182]
2025-11-11T02:35:57+01:00,[60],[2.173]
2025-11-11T02:35:58+01:00,[60],[2.165]
2025-11-11T02:35:59+01:00,[60],[2.16]
2025-11-11T02:36:00+01:00,[60],[2.156]
2025-11-11T02:36:01+01:00,[60],[2.18]
2025-11-11T02:36:02+01:00,[60],[2.178]
2025-11-11T02:36:03+01:00,[60],[2.195]
2025-11-11T02:36:04+01:00,[60],[2.278]
2025-11-11T02:36:05+01:00,[60],[2.289]
2025-11-11T02:36:06+01:00,[60],[2.275]
2025-11-11T02:36:07+01:00,[60],[2.261]
2025-11-11T02:36:08+01:00,[60],[2.25]
2025-11-11T02:36:09+01:00,[60],[2.237]
2025-11-11T02:36:10+01:00,[60],[2.225]
2025-11-11T02:36:11+01:00,[60],[2.214]
2025-11-11T02:36:12+01:00,[60],[2.204]
2025-11-11T02:36:13+01:00,[60],[2.195]
2025-11-11T02:36:14+01:00,[60],[2.242]
2025-11-11T02:36:15+01:00,[60],[2.256]
2025-11-11T02:36:16+01:00,[60],[2.243]
2025-11-11T02:36:17+01:00,[60],[2.231]
2025-11-11T02:36:18+01:00,[60],[2.219]
2025-11-11T02:36:19+01:00,[60],[2.212]
2025-11-11T02:36:20+01:00,[60],[2.201]
2025-11-11T02:36:21+01:00,[60],[2.191]
2025-11-11T02:36:22+01:00,[60],[2.182]
2025-11-11T02:36:23+01:00,[60],[2.173]
2025-11-11T02:36:24+01:00,[60],[2.164]
2025-11-11T02:36:25+01:00,[60],[2.156]
2025-11-11T02:36:26+01:00,[60],[2.148]
2025-11-11T02:36:27+01:00,[60],[2.141]
2025-11-11T02:36:28+01:00,[60],[2.133]
2025-11-11T02:36:29+01:00,[60],[2.127]
2025-11-11T02:36:30+01:00,[60],[2.12]
2025-11-11T02:36:31+01:00,[60],[2.114]
2025-11-11T02:36:32+01:00,[60],[2.109]
2025-11-11T02:36:33+01:00,[60],[2.108]
2025-11-11T02:36:34+01:00,[60],[2.102]
2025-11-11T02:36:35+01:00,[60],[2.097]
2025-11-11T02:36:36+01:00,[60],[2.092]
2025-11-11T02:36:37+01:00,[60],[2.088]
2025-11-11T02:36:38+01:00,[60],[2.083]
2025-11-11T02:36:39+01:00,[60],[2.095]
2025-11-11T02:36:40+01:00,[60],[2.09]
2025-11-11T02:36:41+01:00,[60],[2.095]
2025-11-11T02:36:42+01:00,[60],[2.095]
2025-11-11T02:36:43+01:00,[60],[2.108]
2025-11-11T02:36:44+01:00,[60],[2.103]
2025-11-11T02:36:45+01:00,[60],[2.098]
2025-11-11T02:36:46+01:00,[60],[2.093]
2025-11-11T02:36:47+01:00,[60],[2.088]
2025-11-11T02:36:48+01:00,[60],[2.084]
2025-11-11T02:36:49+01:00,[60],[2.081]
2025-11-11T02:36:50+01:00,[60],[2.077]
2025-11-11T02:36:51+01:00,[60],[2.073]
2025-11-11T02:36:52+01:00,[60],[2.07]
2025-11-11T02:36:53+01:00,[60],[2.072]
2025-11-11T02:36:54+01:00,[60],[2.077]
2025-11-11T02:36:55+01:00,[60],[2.073]
2025-11-11T02:36:56+01:00,[60],[2.069]
2025-11-11T02:36:57+01:00,[60],[2.079]
2025-11-11T02:36:58+01:00,[60],[2.13]
2025-11-11T02:36:59+01:00,[60],[2.135]
2025-11-11T02:37:00+01:00,[60],[2.144]
2025-11-11T02:37:01+01:00,[60],[2.137]
2025-11-11T02:37:02+01:00,[60],[2.13]
2025-11-11T02:37:03+01:00,[60],[2.178]
2025-11-11T02:37:04+01:00,[60],[2.169]
2025-11-11T02:37:05+01:00,[60],[2.16]
2025-11-11T02:37:06+01:00,[60],[2.17]
2025-11-11T02:37:07+01:00,[60],[2.206]
2025-11-11T02:37:08+01:00,[60],[2.195]
2025-11-11T02:37:09+01:00,[60],[2.186]
2025-11-11T02:37:10+01:00,[60],[2.176]
2025-11-11T02:37:11+01:00,[60],[2.186]
2025-11-11T02:37:12+01:00,[60],[2.177]
2025-11-11T02:37:13+01:00,[60],[2.168]
2025-11-11T02:37:14+01:00,[60],[2.16]
2025-11-11T02:37:15+01:00,[60],[2.152]
2025-11-11T02:37:16+01:00,[60],[2.145]
2025-11-11T02:37:17+01:00,[60],[2.139]
2025-11-11T02:37:18+01:00,[60],[2.132]
2025-11-11T02:37:19+01:00,[60],[2.126]
2025-11-11T02:37:20+01:00,[60],[2.12]
2025-11-11T02:37:21+01:00,[60],[2.114]
2025-11-11T02:37:22+01:00,[60],[2.108]
2025-11-11T02:37:23+01:00,[60],[2.118]
2025-11-11T02:37:24+01:00,[60],[2.116]
2025-11-11T02:37:25+01:00,[60],[2.11]
2025-11-11T02:37:26+01:00,[60],[2.105]
2025-11-11T02:37:27+01:00,[60],[2.124]
2025-11-11T02:37:28+01:00,[60],[2.118]
2025-11-11T02:37:29+01:00,[60],[2.112]
2025-11-11T02:37:30+01:00,[60],[2.107]
2025-11-11T02:37:31+01:00,[60],[2.102]
2025-11-11T02:37:32+01:00,[60],[2.097]
2025-11-11T02:37:33+01:00,[60],[2.092]
2025-11-11T02:37:34+01:00,[60],[2.109]
2025-11-11T02:37:35+01:00,[60],[2.104]
2025-11-11T02:37:36+01:00,[60],[2.119]
2025-11-11T02:37:37+01:00,[60],[2.127]
2025-11-11T02:37:38+01:00,[60],[2.137]
2025-11-11T02:37:39+01:00,[60],[2.13]
2025-11-11T02:37:40+01:00,[60],[2.124]
2025-11-11T02:37:41+01:00,[60],[2.118]
2025-11-11T02:37:42+01:00,[60],[2.112]
2025-11-11T02:37:43+01:00,[60],[2.121]
2025-11-11T02:37:44+01:00,[60],[2.115]
2025-11-11T02:37:45+01:00,[60],[2.109]
2025-11-11T02:37:46+01:00,[60],[2.104]
2025-11-11T02:37:47+01:00,[60],[2.099]
2025-11-11T02:37:48+01:00,[60],[2.094]
2025-11-11T02:37:49+01:00,[60],[2.089]
2025-11-11T02:37:50+01:00,[60],[2.107]
2025-11-11T02:37:51+01:00,[60],[2.116]
2025-11-11T02:37:52+01:00,[60],[2.11]
2025-11-11T02:37:53+01:00,[60],[2.107]
2025-11-11T02:37:54+01:00,[60],[2.121]
2025-11-11T02:37:55+01:00,[60],[2.115]
2025-11-11T02:37:56+01:00,[60],[2.109]
2025-11-11T02:37:57+01:00,[60],[2.104]
2025-11-11T02:37:58+01:00,[60],[2.099]
2025-11-11T02:37:59+01:00,[60],[2.094]
2025-11-11T02:38:00+01:00,[60],[2.089]
2025-11-11T02:38:01+01:00,[60],[2.1]
2025-11-11T02:38:02+01:00,[60],[2.095]
2025-11-11T02:38:03+01:00,[60],[2.104]
2025-11-11T02:38:04+01:00,[60],[2.099]
2025-11-11T02:38:05+01:00,[60],[2.094]
2025-11-11T02:38:06+01:00,[60],[2.104]
2025-11-11T02:38:07+01:00,[60],[2.109]
2025-11-11T02:38:08+01:00,[60],[2.103]
2025-11-11T02:38:09+01:00,[60],[2.111]
2025-11-11T02:38:10+01:00,[60],[2.105]
2025-11-11T02:38:11+01:00,[60],[2.1]
2025-11-11T02:38:12+01:00,[60],[2.095]
2025-11-11T02:38:13+01:00,[60],[2.114]
2025-11-11T02:38:14+01:00,[60],[2.12]
2025-11-11T02:38:15+01:00,[60],[2.147]
2025-11-11T02:38:16+01:00,[60],[2.165]
2025-11-11T02:38:17+01:00,[60],[2.164]
2025-11-11T02:38:18+01:00,[60],[2.156]
2025-11-11T02:38:19+01:00,[60],[2.148]
2025-11-11T02:38:20+01:00,[60],[2.141]
2025-11-11T02:38:21+01:00,[60],[2.137]
2025-11-11T02:38:22+01:00,[60],[2.13]
2025-11-11T02:38:23+01:00,[60],[2.123]
2025-11-11T02:38:24+01:00,[60],[2.117]
2025-11-11T02:38:25+01:00,[60],[2.111]
2025-11-11T02:38:26+01:00,[60],[2.106]
2025-11-11T02:38:27+01:00,[60],[2.117]
2025-11-11T02:38:28+01:00,[60],[2.111]
2025-11-11T02:38:29+01:00,[60],[2.106]
2025-11-11T02:38:30+01:00,[60],[2.1]
2025-11-11T02:38:31+01:00,[60],[2.095]
2025-11-11T02:38:32+01:00,[60],[2.091]
2025-11-11T02:38:33+01:00,[60],[2.086]
2025-11-11T02:38:34+01:00,[60],[2.103]
2025-11-11T02:38:35+01:00,[60],[2.098]
2025-11-11T02:38:36+01:00,[60],[2.093]
2025-11-11T02:38:37+01:00,[60],[2.088]
2025-11-11T02:38:38+01:00,[60],[2.098]
2025-11-11T02:38:39+01:00,[60],[2.093]
2025-11-11T02:38:40+01:00,[60],[2.089]
2025-11-11T02:38:41+01:00,[60],[2.084]
2025-11-11T02:38:42+01:00,[60],[2.08]
2025-11-11T02:38:43+01:00,[60],[2.076]
2025-11-11T02:38:44+01:00,[60],[2.072]
2025-11-11T02:38:45+01:00,[60],[2.069]
2025-11-11T02:38:46+01:00,[60],[2.065]
2025-11-11T02:38:47+01:00,[60],[2.062]
2025-11-11T02:38:48+01:00,[60],[2.059]
2025-11-11T02:38:49+01:00,[60],[2.056]
2025-11-11T02:38:50+01:00,[60],[2.077]
2025-11-11T02:38:51+01:00,[60],[2.079]
2025-11-11T02:38:52+01:00,[60],[2.075]
2025-11-11T02:38:53+01:00,[60],[2.102]
2025-11-11T02:38:54+01:00,[60],[2.144]
2025-11-11T02:38:55+01:00,[60],[2.144]
2025-11-11T02:38:56+01:00,[60],[2.137]
2025-11-11T02:38:57+01:00,[60],[2.13]
2025-11-11T02:38:58+01:00,[60],[2.124]
2025-11-11T02:38:59+01:00,[60],[2.117]
2025-11-11T02:39:00+01:00,[60],[2.112]
2025-11-11T02:39:01+01:00,[60],[2.106]
2025-11-11T02:39:02+01:00,[60],[2.105]
2025-11-11T02:39:03+01:00,[60],[2.113]
2025-11-11T02:39:04+01:00,[60],[2.107]
2025-11-11T02:39:05+01:00,[60],[2.108]
2025-11-11T02:39:06+01:00,[60],[2.106]
2025-11-11T02:39:07+01:00,[60],[2.101]
2025-11-11T02:39:08+01:00,[60],[2.096]
2025-11-11T02:39:09+01:00,[60],[2.091]
2025-11-11T02:39:10+01:00,[60],[2.086]
2025-11-11T02:39:11+01:00,[60],[2.082]
2025-11-11T02:39:12+01:00,[60],[2.079]
2025-11-11T02:39:13+01:00,[60],[2.075]
2025-11-11T02:39:14+01:00,[60],[2.072]
2025-11-11T02:39:15+01:00,[60],[2.098]
2025-11-11T02:39:16+01:00,[60],[2.093]
2025-11-11T02:39:17+01:00,[60],[2.088]
2025-11-11T02:39:18+01:00,[60],[2.084]
2025-11-11T02:39:19+01:00,[60],[2.08]
2025-11-11T02:39:20+01:00,[60],[2.076]
2025-11-11T02:39:21+01:00,[60],[2.072]
2025-11-11T02:39:22+01:00,[60],[2.068]
2025-11-11T02:39:23+01:00,[60],[2.065]
2025-11-11T02:39:24+01:00,[60],[2.062]
2025-11-11T02:39:25+01:00,[60],[2.088]
2025-11-11T02:39:26+01:00,[60],[2.084]
2025-11-11T02:39:27+01:00,[60],[2.08]
2025-11-11T02:39:28+01:00,[60],[2.076]
2025-11-11T02:39:29+01:00,[60],[2.072]
2025-11-11T02:39:30+01:00,[60],[2.068]
2025-11-11T02:39:31+01:00,[60],[2.065]
2025-11-11T02:39:32+01:00,[60],[2.081]
2025-11-11T02:39:33+01:00,[60],[2.077]
2025-11-11T02:39:34+01:00,[60],[2.087]
2025-11-11T02:39:35+01:00,[60],[2.082]
2025-11-11T02:39:36+01:00,[60],[2.078]
2025-11-11T02:39:37+01:00,[60],[2.074]
2025-11-11T02:39:38+01:00,[60],[2.071]
2025-11-11T02:39:39+01:00,[60],[2.067]
2025-11-11T02:39:40+01:00,[60],[2.08]
2025-11-11T02:39:41+01:00,[60],[2.086]
2025-11-11T02:39:42+01:00,[60],[2.082]
2025-11-11T02:39:43+01:00,[60],[2.078]
2025-11-11T02:39:44+01:00,[60],[2.074]
2025-11-11T02:39:45+01:00,[60],[2.07]
2025-11-11T02:39:46+01:00,[60],[2.067]
2025-11-11T02:39:47+01:00,[60],[2.063]
2025-11-11T02:39:48+01:00,[60],[2.06]
2025-11-11T02:39:49+01:00,[60],[2.057]
2025-11-11T02:39:50+01:00,[60],[2.054]
2025-11-11T02:39:51+01:00,[60],[2.052]
2025-11-11T02:39:52+01:00,[60],[2.052]
2025-11-11T02:39:53+01:00,[60],[2.054]
2025-11-11T02:39:54+01:00,[60],[2.092]
2025-11-11T02:39:55+01:00,[60],[2.088]
2025-11-11T02:39:56+01:00,[60],[2.083]
2025-11-11T02:39:57+01:00,[60],[2.079]
2025-11-11T02:39:58+01:00,[60],[2.075]
2025-11-11T02:39:59+01:00,[60],[2.071]
2025-11-11T02:40:00+01:00,[60],[2.075]
2025-11-11T02:40:01+01:00,[60],[2.08]
2025-11-11T02:40:02+01:00,[60],[2.076]
2025-11-11T02:40:03+01:00,[60],[2.074]
2025-11-11T02:40:04+01:00,[60],[2.071]
2025-11-11T02:40:05+01:00,[60],[2.068]
2025-11-11T02:40:06+01:00,[60],[2.065]
2025-11-11T02:40:07+01:00,[60],[2.061]
2025-11-11T02:40:08+01:00,[60],[2.058]
2025-11-11T02:40:09+01:00,[60],[2.055]
2025-11-11T02:40:10+01:00,[60],[2.053]
2025-11-11T02:40:11+01:00,[60],[2.05]
2025-11-11T02:40:12+01:00,[60],[2.047]
2025-11-11T02:40:13+01:00,[60],[2.077]
2025-11-11T02:40:14+01:00,[60],[2.073]
2025-11-11T02:40:15+01:00,[60],[2.069]
2025-11-11T02:40:16+01:00,[60],[2.066]
2025-11-11T02:40:17+01:00,[60],[2.063]
2025-11-11T02:40:18+01:00,[60],[2.059]
2025-11-11T02:40:19+01:00,[60],[2.056]
2025-11-11T02:40:20+01:00,[60],[2.054]
2025-11-11T02:40:21+01:00,[60],[2.051]
2025-11-11T02:40:22+01:00,[60],[2.096]
2025-11-11T02:40:23+01:00,[60],[2.119]
2025-11-11T02:40:24+01:00,[60],[2.214]
2025-11-11T02:40:25+01:00,[60],[2.297]
2025-11-11T02:40:26+01:00,[60],[2.393]
2025-11-11T02:40:27+01:00,[60],[2.449]
2025-11-11T02:40:28+01:00,[60],[2.429]
2025-11-11T02:40:29+01:00,[60],[2.418]
2025-11-11T02:40:30+01:00,[60],[2.397]
2025-11-11T02:40:31+01:00,[60],[2.377]
2025-11-11T02:40:32+01:00,[60],[2.358]
2025-11-11T02:40:33+01:00,[60],[2.365]
2025-11-11T02:40:34+01:00,[60],[2.379]
2025-11-11T02:40:35+01:00,[60],[2.361]
2025-11-11T02:40:36+01:00,[60],[2.343]
2025-11-11T02:40:37+01:00,[60],[2.355]
2025-11-11T02:40:38+01:00,[60],[2.357]
2025-11-11T02:40:39+01:00,[60],[2.345]
2025-11-11T02:40:40+01:00,[60],[2.36]
2025-11-11T02:40:41+01:00,[60],[2.35]
2025-11-11T02:40:42+01:00,[60],[2.332]
2025-11-11T02:40:43+01:00,[60],[2.316]
2025-11-11T02:40:44+01:00,[60],[2.3]
2025-11-11T02:40:45+01:00,[60],[2.303]
2025-11-11T02:40:46+01:00,[60],[2.302]
2025-11-11T02:40:47+01:00,[60],[2.292]
2025-11-11T02:40:48+01:00,[60],[2.277]
2025-11-11T02:40:49+01:00,[60],[2.263]
2025-11-11T02:40:50+01:00,[60],[2.25]
2025-11-11T02:40:51+01:00,[60],[2.238]
2025-11-11T02:40:52+01:00,[60],[2.226]
2025-11-11T02:40:53+01:00,[60],[2.251]
2025-11-11T02:40:54+01:00,[60],[2.292]
2025-11-11T02:40:55+01:00,[60],[2.302]
2025-11-11T02:40:56+01:00,[60],[2.344]
2025-11-11T02:40:57+01:00,[60],[2.327]
2025-11-11T02:40:58+01:00,[60],[2.386]
2025-11-11T02:40:59+01:00,[60],[2.412]
2025-11-11T02:41:00+01:00,[60],[2.445]
2025-11-11T02:41:01+01:00,[60],[2.434]
2025-11-11T02:41:02+01:00,[60],[2.451]
2025-11-11T02:41:03+01:00,[60],[2.498]
2025-11-11T02:41:04+01:00,[60],[2.511]
2025-11-11T02:41:05+01:00,[60],[2.485]
2025-11-11T02:41:06+01:00,[60],[2.461]
2025-11-11T02:41:07+01:00,[60],[2.485]
2025-11-11T02:41:08+01:00,[60],[2.461]
2025-11-11T02:41:09+01:00,[60],[2.438]
2025-11-11T02:41:10+01:00,[60],[2.416]
2025-11-11T02:41:11+01:00,[60],[2.421]
2025-11-11T02:41:12+01:00,[60],[2.416]
2025-11-11T02:41:13+01:00,[60],[2.395]
2025-11-11T02:41:14+01:00,[60],[2.375]
2025-11-11T02:41:15+01:00,[60],[2.379]
2025-11-11T02:41:16+01:00,[60],[2.36]
2025-11-11T02:41:17+01:00,[60],[2.382]
2025-11-11T02:41:18+01:00,[60],[2.386]
2025-11-11T02:41:19+01:00,[60],[2.366]
2025-11-11T02:41:20+01:00,[60],[2.36]
2025-11-11T02:41:21+01:00,[60],[2.363]
2025-11-11T02:41:22+01:00,[60],[2.382]
2025-11-11T02:41:23+01:00,[60],[2.391]
2025-11-11T02:41:24+01:00,[60],[2.412]
2025-11-11T02:41:25+01:00,[60],[2.424]
2025-11-11T02:41:26+01:00,[60],[2.432]
2025-11-11T02:41:27+01:00,[60],[2.428]
2025-11-11T02:41:28+01:00,[60],[2.407]
2025-11-11T02:41:29+01:00,[60],[2.395]
2025-11-11T02:41:30+01:00,[60],[2.395]
2025-11-11T02:41:31+01:00,[60],[2.376]
2025-11-11T02:41:32+01:00,[60],[2.365]
2025-11-11T02:41:33+01:00,[60],[2.356]
2025-11-11T02:41:34+01:00,[60],[2.355]
2025-11-11T02:41:35+01:00,[60],[2.391]
2025-11-11T02:41:36+01:00,[60],[2.419]
2025-11-11T02:41:37+01:00,[60],[2.4]
2025-11-11T02:41:38+01:00,[60],[2.385]
2025-11-11T02:41:39+01:00,[60],[2.365]
2025-11-11T02:41:40+01:00,[60],[2.347]
2025-11-11T02:41:41+01:00,[60],[2.34]
2025-11-11T02:41:42+01:00,[60],[2.323]
2025-11-11T02:41:43+01:00,[60],[2.307]
2025-11-11T02:41:44+01:00,[60],[2.291]
2025-11-11T02:41:45+01:00,[60],[2.277]
2025-11-11T02:41:46+01:00,[60],[2.263]
2025-11-11T02:41:47+01:00,[60],[2.27]
2025-11-11T02:41:48+01:00,[60],[2.257]
2025-11-11T02:41:49+01:00,[60],[2.248]
2025-11-11T02:41:50+01:00,[60],[2.236]
2025-11-11T02:41:51+01:00,[60],[2.224]
2025-11-11T02:41:52+01:00,[60],[2.227]
2025-11-11T02:41:53+01:00,[60],[2.216]
2025-11-11T02:41:54+01:00,[60],[2.205]
2025-11-11T02:41:55+01:00,[60],[2.195]
2025-11-11T02:41:56+01:00,[60],[2.185]
2025-11-11T02:41:57+01:00,[60],[2.176]
2025-11-11T02:41:58+01:00,[60],[2.167]
2025-11-11T02:41:59+01:00,[60],[2.159]
2025-11-11T02:42:00+01:00,[60],[2.151]
2025-11-11T02:42:01+01:00,[60],[2.155]
2025-11-11T02:42:02+01:00,[60],[2.147]
2025-11-11T02:42:03+01:00,[60],[2.14]
2025-11-11T02:42:04+01:00,[60],[2.133]
2025-11-11T02:42:05+01:00,[60],[2.126]
2025-11-11T02:42:06+01:00,[60],[2.125]
2025-11-11T02:42:07+01:00,[60],[2.166]
2025-11-11T02:42:08+01:00,[60],[2.158]
2025-11-11T02:42:09+01:00,[60],[2.15]
2025-11-11T02:42:10+01:00,[60],[2.152]
2025-11-11T02:42:11+01:00,[60],[2.147]
2025-11-11T02:42:12+01:00,[60],[2.14]
2025-11-11T02:42:13+01:00,[60],[2.142]
2025-11-11T02:42:14+01:00,[60],[2.135]
2025-11-11T02:42:15+01:00,[60],[2.159]
2025-11-11T02:42:16+01:00,[60],[2.151]
2025-11-11T02:42:17+01:00,[60],[2.144]
2025-11-11T02:42:18+01:00,[60],[2.136]
2025-11-11T02:42:19+01:00,[60],[2.162]
2025-11-11T02:42:20+01:00,[60],[2.154]
2025-11-11T02:42:21+01:00,[60],[2.15]
2025-11-11T02:42:22+01:00,[60],[2.143]
2025-11-11T02:42:23+01:00,[60],[2.135]
2025-11-11T02:42:24+01:00,[60],[2.129]
2025-11-11T02:42:25+01:00,[60],[2.134]
2025-11-11T02:42:26+01:00,[60],[2.128]
2025-11-11T02:42:27+01:00,[60],[2.121]
2025-11-11T02:42:28+01:00,[60],[2.115]
2025-11-11T02:42:29+01:00,[60],[2.109]
2025-11-11T02:42:30+01:00,[60],[2.104]
2025-11-11T02:42:31+01:00,[60],[2.099]
2025-11-11T02:42:32+01:00,[60],[2.094]
2025-11-11T02:42:33+01:00,[60],[2.089]
2025-11-11T02:42:34+01:00,[60],[2.085]
2025-11-11T02:42:35+01:00,[60],[2.08]
2025-11-11T02:42:36+01:00,[60],[2.086]
2025-11-11T02:42:37+01:00,[60],[2.081]
2025-11-11T02:42:38+01:00,[60],[2.098]
2025-11-11T02:42:39+01:00,[60],[2.13]
2025-11-11T02:42:40+01:00,[60],[2.124]
2025-11-11T02:42:41+01:00,[60],[2.117]
2025-11-11T02:42:42+01:00,[60],[2.112]
2025-11-11T02:42:43+01:00,[60],[2.106]
2025-11-11T02:42:44+01:00,[60],[2.127]
2025-11-11T02:42:45+01:00,[60],[2.127]
2025-11-11T02:42:46+01:00,[60],[2.121]
2025-11-11T02:42:47+01:00,[60],[2.115]
2025-11-11T02:42:48+01:00,[60],[2.128]
2025-11-11T02:42:49+01:00,[60],[2.135]
2025-11-11T02:42:50+01:00,[60],[2.155]
2025-11-11T02:42:51+01:00,[60],[2.172]
2025-11-11T02:42:52+01:00,[60],[2.166]
2025-11-11T02:42:53+01:00,[60],[2.158]
2025-11-11T02:42:54+01:00,[60],[2.15]
2025-11-11T02:42:55+01:00,[60],[2.185]
2025-11-11T02:42:56+01:00,[60],[2.176]
2025-11-11T02:42:57+01:00,[60],[2.167]
2025-11-11T02:42:58+01:00,[60],[2.175]
2025-11-11T02:42:59+01:00,[60],[2.19]
2025-11-11T02:43:00+01:00,[60],[2.181]
2025-11-11T02:43:01+01:00,[60],[2.227]
2025-11-11T02:43:02+01:00,[60],[2.224]
2025-11-11T02:43:03+01:00,[60],[2.214]
2025-11-11T02:43:04+01:00,[60],[2.203]
2025-11-11T02:43:05+01:00,[60],[2.193]
2025-11-11T02:43:06+01:00,[60],[2.184]
2025-11-11T02:43:07+01:00,[60],[2.214]
2025-11-11T02:43:08+01:00,[60],[2.208]
2025-11-11T02:43:09+01:00,[60],[2.198]
2025-11-11T02:43:10+01:00,[60],[2.197]
2025-11-11T02:43:11+01:00,[60],[2.187]
2025-11-11T02:43:12+01:00,[60],[2.234]
2025-11-11T02:43:13+01:00,[60],[2.223]
2025-11-11T02:43:14+01:00,[60],[2.239]
2025-11-11T02:43:15+01:00,[60],[2.227]
2025-11-11T02:43:16+01:00,[60],[2.216]
2025-11-11T02:43:17+01:00,[60],[2.205]
2025-11-11T02:43:18+01:00,[60],[2.206]
2025-11-11T02:43:19+01:00,[60],[2.196]
2025-11-11T02:43:20+01:00,[60],[2.188]
2025-11-11T02:43:21+01:00,[60],[2.179]
2025-11-11T02:43:22+01:00,[60],[2.17]
2025-11-11T02:43:23+01:00,[60],[2.171]
2025-11-11T02:43:24+01:00,[60],[2.172]
2025-11-11T02:43:25+01:00,[60],[2.181]
2025-11-11T02:43:26+01:00,[60],[2.19]
2025-11-11T02:43:27+01:00,[60],[2.217]
2025-11-11T02:43:28+01:00,[60],[2.247]
2025-11-11T02:43:29+01:00,[60],[2.322]
2025-11-11T02:43:30+01:00,[60],[2.333]
2025-11-11T02:43:31+01:00,[60],[2.316]
2025-11-11T02:43:32+01:00,[60],[2.312]
2025-11-11T02:43:33+01:00,[60],[2.307]
2025-11-11T02:43:34+01:00,[60],[2.298]
2025-11-11T02:43:35+01:00,[60],[2.283]
2025-11-11T02:43:36+01:00,[60],[2.269]
2025-11-11T02:43:37+01:00,[60],[2.256]
2025-11-11T02:43:38+01:00,[60],[2.243]
2025-11-11T02:43:39+01:00,[60],[2.231]
2025-11-11T02:43:40+01:00,[60],[2.231]
2025-11-11T02:43:41+01:00,[60],[2.22]
2025-11-11T02:43:42+01:00,[60],[2.232]
2025-11-11T02:43:43+01:00,[60],[2.22]
2025-11-11T02:43:44+01:00,[60],[2.209]
2025-11-11T02:43:45+01:00,[60],[2.199]
2025-11-11T02:43:46+01:00,[60],[2.189]
2025-11-11T02:43:47+01:00,[60],[2.185]
2025-11-11T02:43:48+01:00,[60],[2.176]
2025-11-11T02:43:49+01:00,[60],[2.17]
2025-11-11T02:43:50+01:00,[60],[2.178]
2025-11-11T02:43:51+01:00,[60],[2.208]
2025-11-11T02:43:52+01:00,[60],[2.232]
2025-11-11T02:43:53+01:00,[60],[2.23]
2025-11-11T02:43:54+01:00,[60],[2.24]
2025-11-11T02:43:55+01:00,[60],[2.272]
2025-11-11T02:43:56+01:00,[60],[2.259]
2025-11-11T02:43:57+01:00,[60],[2.256]
2025-11-11T02:43:58+01:00,[60],[2.262]
2025-11-11T02:43:59+01:00,[60],[2.248]
2025-11-11T02:44:00+01:00,[60],[2.236]
2025-11-11T02:44:01+01:00,[60],[2.238]
2025-11-11T02:44:02+01:00,[60],[2.231]
2025-11-11T02:44:03+01:00,[60],[2.268]
2025-11-11T02:44:04+01:00,[60],[2.255]
2025-11-11T02:44:05+01:00,[60],[2.242]
2025-11-11T02:44:06+01:00,[60],[2.23]
2025-11-11T02:44:07+01:00,[60],[2.221]
2025-11-11T02:44:08+01:00,[60],[2.257]
2025-11-11T02:44:09+01:00,[60],[2.251]
2025-11-11T02:44:10+01:00,[60],[2.273]
2025-11-11T02:44:11+01:00,[60],[2.259]
2025-11-11T02:44:12+01:00,[60],[2.246]
2025-11-11T02:44:13+01:00,[60],[2.274]
2025-11-11T02:44:14+01:00,[60],[2.288]
2025-11-11T02:44:15+01:00,[60],[2.312]
2025-11-11T02:44:16+01:00,[60],[2.326]
2025-11-11T02:44:17+01:00,[60],[2.346]
2025-11-11T02:44:18+01:00,[60],[2.331]
2025-11-11T02:44:19+01:00,[60],[2.364]
2025-11-11T02:44:20+01:00,[60],[2.359]
2025-11-11T02:44:21+01:00,[60],[2.413]
2025-11-11T02:44:22+01:00,[60],[2.474]
2025-11-11T02:44:23+01:00,[60],[2.472]
2025-11-11T02:44:24+01:00,[60],[2.448]
2025-11-11T02:44:25+01:00,[60],[2.456]
2025-11-11T02:44:26+01:00,[60],[2.487]
2025-11-11T02:44:27+01:00,[60],[2.483]
2025-11-11T02:44:28+01:00,[60],[2.459]
2025-11-11T02:44:29+01:00,[60],[2.436]
2025-11-11T02:44:30+01:00,[60],[2.455]
2025-11-11T02:44:31+01:00,[60],[2.454]
2025-11-11T02:44:32+01:00,[60],[2.432]
2025-11-11T02:44:33+01:00,[60],[2.41]
2025-11-11T02:44:34+01:00,[60],[2.401]
2025-11-11T02:44:35+01:00,[60],[2.381]
2025-11-11T02:44:36+01:00,[60],[2.362]
2025-11-11T02:44:37+01:00,[60],[2.344]
2025-11-11T02:44:38+01:00,[60],[2.327]
2025-11-11T02:44:39+01:00,[60],[2.31]
2025-11-11T02:44:40+01:00,[60],[2.295]
2025-11-11T02:44:41+01:00,[60],[2.28]
2025-11-11T02:44:42+01:00,[60],[2.272]
2025-11-11T02:44:43+01:00,[60],[2.259]
2025-11-11T02:44:44+01:00,[60],[2.246]
2025-11-11T02:44:45+01:00,[60],[2.234]
2025-11-11T02:44:46+01:00,[60],[2.222]
2025-11-11T02:44:47+01:00,[60],[2.211]
2025-11-11T02:44:48+01:00,[60],[2.2]
2025-11-11T02:44:49+01:00,[60],[2.201]
2025-11-11T02:44:50+01:00,[60],[2.191]
2025-11-11T02:44:51+01:00,[60],[2.181]
2025-11-11T02:44:52+01:00,[60],[2.172]
2025-11-11T02:44:53+01:00,[60],[2.173]
2025-11-11T02:44:54+01:00,[60],[2.165]
2025-11-11T02:44:55+01:00,[60],[2.157]
2025-11-11T02:44:56+01:00,[60],[2.15]
2025-11-11T02:44:57+01:00,[60],[2.142]
2025-11-11T02:44:58+01:00,[60],[2.136]
2025-11-11T02:44:59+01:00,[60],[2.129]
2025-11-11T02:45:00+01:00,[60],[2.122]
2025-11-11T02:45:01+01:00,[60],[2.118]
2025-11-11T02:45:02+01:00,[60],[2.112]
2025-11-11T02:45:03+01:00,[60],[2.109]
2025-11-11T02:45:04+01:00,[60],[2.103]
2025-11-11T02:45:05+01:00,[60],[2.098]
2025-11-11T02:45:06+01:00,[60],[2.113]
2025-11-11T02:45:07+01:00,[60],[2.107]
2025-11-11T02:45:08+01:00,[60],[2.118]
2025-11-11T02:45:09+01:00,[60],[2.127]
2025-11-11T02:45:10+01:00,[60],[2.123]
2025-11-11T02:45:11+01:00,[60],[2.137]
2025-11-11T02:45:12+01:00,[60],[2.14]
2025-11-11T02:45:13+01:00,[60],[2.133]
2025-11-11T02:45:14+01:00,[60],[2.127]
2025-11-11T02:45:15+01:00,[60],[2.12]
2025-11-11T02:45:16+01:00,[60],[2.114]
2025-11-11T02:45:17+01:00,[60],[2.109]
2025-11-11T02:45:18+01:00,[60],[2.103]
2025-11-11T02:45:19+01:00,[60],[2.098]
2025-11-11T02:45:20+01:00,[60],[2.093]
2025-11-11T02:45:21+01:00,[60],[2.121]
2025-11-11T02:45:22+01:00,[60],[2.116]
2025-11-11T02:45:23+01:00,[60],[2.11]
2025-11-11T02:45:24+01:00,[60],[2.118]
2025-11-11T02:45:25+01:00,[60],[2.144]
2025-11-11T02:45:26+01:00,[60],[2.149]
2025-11-11T02:45:27+01:00,[60],[2.186]
2025-11-11T02:45:28+01:00,[60],[2.227]
2025-11-11T02:45:29+01:00,[60],[2.229]
2025-11-11T02:45:30+01:00,[60],[2.273]
2025-11-11T02:45:31+01:00,[60],[2.291]
2025-11-11T02:45:32+01:00,[60],[2.316]
2025-11-11T02:45:33+01:00,[60],[2.31]
2025-11-11T02:45:34+01:00,[60],[2.4]
2025-11-11T02:45:35+01:00,[60],[2.418]
2025-11-11T02:45:36+01:00,[60],[2.443]
2025-11-11T02:45:37+01:00,[60],[2.459]
2025-11-11T02:45:38+01:00,[60],[2.439]
2025-11-11T02:45:39+01:00,[60],[2.433]
2025-11-11T02:45:40+01:00,[60],[2.411]
2025-11-11T02:45:41+01:00,[60],[2.391]
2025-11-11T02:45:42+01:00,[60],[2.371]
2025-11-11T02:45:43+01:00,[60],[2.353]
2025-11-11T02:45:44+01:00,[60],[2.347]
2025-11-11T02:45:45+01:00,[60],[2.33]
2025-11-11T02:45:46+01:00,[60],[2.313]
2025-11-11T02:45:47+01:00,[60],[2.305]
2025-11-11T02:45:48+01:00,[60],[2.29]
2025-11-11T02:45:49+01:00,[60],[2.29]
2025-11-11T02:45:50+01:00,[60],[2.275]
2025-11-11T02:45:51+01:00,[60],[2.3]
2025-11-11T02:45:52+01:00,[60],[2.285]
2025-11-11T02:45:53+01:00,[60],[2.271]
2025-11-11T02:45:54+01:00,[60],[2.257]
2025-11-11T02:45:55+01:00,[60],[2.244]
2025-11-11T02:45:56+01:00,[60],[2.232]
2025-11-11T02:45:57+01:00,[60],[2.22]
2025-11-11T02:45:58+01:00,[60],[2.209]
2025-11-11T02:45:59+01:00,[60],[2.199]
2025-11-11T02:46:00+01:00,[60],[2.194]
2025-11-11T02:46:01+01:00,[60],[2.194]
2025-11-11T02:46:02+01:00,[60],[2.21]
2025-11-11T02:46:03+01:00,[60],[2.2]
2025-11-11T02:46:04+01:00,[60],[2.19]
2025-11-11T02:46:05+01:00,[60],[2.18]
2025-11-11T02:46:06+01:00,[60],[2.171]
2025-11-11T02:46:07+01:00,[60],[2.162]
2025-11-11T02:46:08+01:00,[60],[2.167]
2025-11-11T02:46:09+01:00,[60],[2.168]
2025-11-11T02:46:10+01:00,[60],[2.16]
2025-11-11T02:46:11+01:00,[60],[2.152]
2025-11-11T02:46:12+01:00,[60],[2.144]
2025-11-11T02:46:13+01:00,[60],[2.137]
2025-11-11T02:46:14+01:00,[60],[2.13]
2025-11-11T02:46:15+01:00,[60],[2.123]
2025-11-11T02:46:16+01:00,[60],[2.122]
2025-11-11T02:46:17+01:00,[60],[2.138]
2025-11-11T02:46:18+01:00,[60],[2.154]
2025-11-11T02:46:19+01:00,[60],[2.148]
2025-11-11T02:46:20+01:00,[60],[2.171]
2025-11-11T02:46:21+01:00,[60],[2.162]
2025-11-11T02:46:22+01:00,[60],[2.157]
2025-11-11T02:46:23+01:00,[60],[2.172]
2025-11-11T02:46:24+01:00,[60],[2.174]
2025-11-11T02:46:25+01:00,[60],[2.165]
2025-11-11T02:46:26+01:00,[60],[2.19]
2025-11-11T02:46:27+01:00,[60],[2.201]
2025-11-11T02:46:28+01:00,[60],[2.213]
2025-11-11T02:46:29+01:00,[60],[2.258]
2025-11-11T02:46:30+01:00,[60],[2.259]
2025-11-11T02:46:31+01:00,[60],[2.266]
2025-11-11T02:46:32+01:00,[60],[2.279]
2025-11-11T02:46:33+01:00,[60],[2.296]
2025-11-11T02:46:34+01:00,[60],[2.281]
2025-11-11T02:46:35+01:00,[60],[2.305]
2025-11-11T02:46:36+01:00,[60],[2.29]
2025-11-11T02:46:37+01:00,[60],[2.297]
2025-11-11T02:46:38+01:00,[60],[2.284]
2025-11-11T02:46:39+01:00,[60],[2.27]
2025-11-11T02:46:40+01:00,[60],[2.263]
2025-11-11T02:46:41+01:00,[60],[2.264]
2025-11-11T02:46:42+01:00,[60],[2.251]
2025-11-11T02:46:43+01:00,[60],[2.238]
2025-11-11T02:46:44+01:00,[60],[2.226]
2025-11-11T02:46:45+01:00,[60],[2.249]
2025-11-11T02:46:46+01:00,[60],[2.237]
2025-11-11T02:46:47+01:00,[60],[2.225]
2025-11-11T02:46:48+01:00,[60],[2.216]
2025-11-11T02:46:49+01:00,[60],[2.215]
2025-11-11T02:46:50+01:00,[60],[2.212]
2025-11-11T02:46:51+01:00,[60],[2.202]
2025-11-11T02:46:52+01:00,[60],[2.192]
2025-11-11T02:46:53+01:00,[60],[2.199]
2025-11-11T02:46:54+01:00,[60],[2.189]
2025-11-11T02:46:55+01:00,[60],[2.213]
2025-11-11T02:46:56+01:00,[60],[2.202]
2025-11-11T02:46:57+01:00,[60],[2.192]
2025-11-11T02:46:58+01:00,[60],[2.183]
2025-11-11T02:46:59+01:00,[60],[2.183]
2025-11-11T02:47:00+01:00,[60],[2.174]
2025-11-11T02:47:01+01:00,[60],[2.165]
2025-11-11T02:47:02+01:00,[60],[2.194]
2025-11-11T02:47:03+01:00,[60],[2.215]
2025-11-11T02:47:04+01:00,[60],[2.204]
2025-11-11T02:47:05+01:00,[60],[2.228]
2025-11-11T02:47:06+01:00,[60],[2.246]
2025-11-11T02:47:07+01:00,[60],[2.255]
2025-11-11T02:47:08+01:00,[60],[2.242]
2025-11-11T02:47:09+01:00,[60],[2.23]
2025-11-11T02:47:10+01:00,[60],[2.219]
2025-11-11T02:47:11+01:00,[60],[2.208]
2025-11-11T02:47:12+01:00,[60],[2.197]
2025-11-11T02:47:13+01:00,[60],[2.187]
2025-11-11T02:47:14+01:00,[60],[2.178]
2025-11-11T02:47:15+01:00,[60],[2.169]
2025-11-11T02:47:16+01:00,[60],[2.161]
2025-11-11T02:47:17+01:00,[60],[2.153]
2025-11-11T02:47:18+01:00,[60],[2.145]
2025-11-11T02:47:19+01:00,[60],[2.138]
2025-11-11T02:47:20+01:00,[60],[2.131]
2025-11-11T02:47:21+01:00,[60],[2.124]
2025-11-11T02:47:22+01:00,[60],[2.118]
2025-11-11T02:47:23+01:00,[60],[2.112]
2025-11-11T02:47:24+01:00,[60],[2.107]
2025-11-11T02:47:25+01:00,[60],[2.101]
2025-11-11T02:47:26+01:00,[60],[2.096]
2025-11-11T02:47:27+01:00,[60],[2.091]
2025-11-11T02:47:28+01:00,[60],[2.087]
2025-11-11T02:47:29+01:00,[60],[2.082]
2025-11-11T02:47:30+01:00,[60],[2.08]
2025-11-11T02:47:31+01:00,[60],[2.076]
2025-11-11T02:47:32+01:00,[60],[2.072]
2025-11-11T02:47:33+01:00,[60],[2.07]
2025-11-11T02:47:34+01:00,[60],[2.066]
2025-11-11T02:47:35+01:00,[60],[2.063]
2025-11-11T02:47:36+01:00,[60],[2.06]
2025-11-11T02:47:37+01:00,[60],[2.057]
2025-11-11T02:47:38+01:00,[60],[2.054]
2025-11-11T02:47:39+01:00,[60],[2.051]
2025-11-11T02:47:40+01:00,[60],[2.049]
2025-11-11T02:47:41+01:00,[60],[2.056]
2025-11-11T02:47:42+01:00,[60],[2.053]
2025-11-11T02:47:43+01:00,[60],[2.05]
2025-11-11T02:47:44+01:00,[60],[2.052]
2025-11-11T02:47:45+01:00,[60],[2.056]
2025-11-11T02:47:46+01:00,[60],[2.053]
2025-11-11T02:47:47+01:00,[60],[2.05]
2025-11-11T02:47:48+01:00,[60],[2.048]
2025-11-11T02:47:49+01:00,[60],[2.067]
2025-11-11T02:47:50+01:00,[60],[2.064]
2025-11-11T02:47:51+01:00,[60],[2.069]
2025-11-11T02:47:52+01:00,[60],[2.102]
2025-11-11T02:47:53+01:00,[60],[2.148]
2025-11-11T02:47:54+01:00,[60],[2.146]
2025-11-11T02:47:55+01:00,[60],[2.138]
2025-11-11T02:47:56+01:00,[60],[2.132]
2025-11-11T02:47:57+01:00,[60],[2.232]
2025-11-11T02:47:58+01:00,[60],[2.697]
2025-11-11T02:47:59+01:00,[60],[2.673]
2025-11-11T02:48:00+01:00,[60],[2.64]
2025-11-11T02:48:01+01:00,[60],[2.608]
2025-11-11T02:48:02+01:00,[60],[2.58]
2025-11-11T02:48:03+01:00,[60],[2.554]
2025-11-11T02:48:04+01:00,[60],[2.526]
2025-11-11T02:48:05+01:00,[60],[2.5]
2025-11-11T02:48:06+01:00,[60],[2.475]
2025-11-11T02:48:07+01:00,[60],[2.451]
2025-11-11T02:48:08+01:00,[60],[2.429]
2025-11-11T02:48:09+01:00,[60],[2.407]
2025-11-11T02:48:10+01:00,[60],[2.387]
2025-11-11T02:48:11+01:00,[60],[2.367]
2025-11-11T02:48:12+01:00,[60],[2.349]
2025-11-11T02:48:13+01:00,[60],[2.332]
2025-11-11T02:48:14+01:00,[60],[2.328]
2025-11-11T02:48:15+01:00,[60],[2.311]
2025-11-11T02:48:16+01:00,[60],[2.296]
2025-11-11T02:48:17+01:00,[60],[2.281]
2025-11-11T02:48:18+01:00,[60],[2.267]
2025-11-11T02:48:19+01:00,[60],[2.256]
2025-11-11T02:48:20+01:00,[60],[2.243]
2025-11-11T02:48:21+01:00,[60],[2.231]
2025-11-11T02:48:22+01:00,[60],[2.22]
2025-11-11T02:48:23+01:00,[60],[2.209]
2025-11-11T02:48:24+01:00,[60],[2.198]
2025-11-11T02:48:25+01:00,[60],[2.188]
2025-11-11T02:48:26+01:00,[60],[2.179]
2025-11-11T02:48:27+01:00,[60],[2.17]
2025-11-11T02:48:28+01:00,[60],[2.166]
2025-11-11T02:48:29+01:00,[60],[2.157]
2025-11-11T02:48:30+01:00,[60],[2.15]
2025-11-11T02:48:31+01:00,[60],[2.142]
2025-11-11T02:48:32+01:00,[60],[2.135]
2025-11-11T02:48:33+01:00,[60],[2.128]
2025-11-11T02:48:34+01:00,[60],[2.122]
2025-11-11T02:48:35+01:00,[60],[2.119]
2025-11-11T02:48:36+01:00,[60],[2.113]
2025-11-11T02:48:37+01:00,[60],[2.107]
2025-11-11T02:48:38+01:00,[60],[2.102]
2025-11-11T02:48:39+01:00,[60],[2.097]
2025-11-11T02:48:40+01:00,[60],[2.092]
2025-11-11T02:48:41+01:00,[60],[2.088]
2025-11-11T02:48:42+01:00,[60],[2.083]
2025-11-11T02:48:43+01:00,[60],[2.113]
2025-11-11T02:48:44+01:00,[60],[2.107]
2025-11-11T02:48:45+01:00,[60],[2.102]
2025-11-11T02:48:46+01:00,[60],[2.097]
2025-11-11T02:48:47+01:00,[60],[2.092]
2025-11-11T02:48:48+01:00,[60],[2.087]
2025-11-11T02:48:49+01:00,[60],[2.083]
2025-11-11T02:48:50+01:00,[60],[2.088]
2025-11-11T02:48:51+01:00,[60],[2.085]
2025-11-11T02:48:52+01:00,[60],[2.08]
2025-11-11T02:48:53+01:00,[60],[2.076]
2025-11-11T02:48:54+01:00,[60],[2.073]
2025-11-11T02:48:55+01:00,[60],[2.069]
2025-11-11T02:48:56+01:00,[60],[2.08]
2025-11-11T02:48:57+01:00,[60],[2.076]
2025-11-11T02:48:58+01:00,[60],[2.076]
2025-11-11T02:48:59+01:00,[60],[2.072]
2025-11-11T02:49:00+01:00,[60],[2.069]
2025-11-11T02:49:01+01:00,[60],[2.065]
2025-11-11T02:49:02+01:00,[60],[2.062]
2025-11-11T02:49:03+01:00,[60],[2.059]
2025-11-11T02:49:04+01:00,[60],[2.074]
2025-11-11T02:49:05+01:00,[60],[2.071]
2025-11-11T02:49:06+01:00,[60],[2.067]
2025-11-11T02:49:07+01:00,[60],[2.064]
2025-11-11T02:49:08+01:00,[60],[2.075]
2025-11-11T02:49:09+01:00,[60],[2.072]
2025-11-11T02:49:10+01:00,[60],[2.068]
2025-11-11T02:49:11+01:00,[60],[2.065]
2025-11-11T02:49:12+01:00,[60],[2.061]
2025-11-11T02:49:13+01:00,[60],[2.091]
2025-11-11T02:49:14+01:00,[60],[2.096]
2025-11-11T02:49:15+01:00,[60],[2.093]
2025-11-11T02:49:16+01:00,[60],[2.093]
2025-11-11T02:49:17+01:00,[60],[2.088]
2025-11-11T02:49:18+01:00,[60],[2.084]
2025-11-11T02:49:19+01:00,[60],[2.08]
2025-11-11T02:49:20+01:00,[60],[2.076]
2025-11-11T02:49:21+01:00,[60],[2.072]
2025-11-11T02:49:22+01:00,[60],[2.068]
2025-11-11T02:49:23+01:00,[60],[2.065]
2025-11-11T02:49:24+01:00,[60],[2.062]
2025-11-11T02:49:25+01:00,[60],[2.059]
2025-11-11T02:49:26+01:00,[60],[2.056]
2025-11-11T02:49:27+01:00,[60],[2.053]
2025-11-11T02:49:28+01:00,[60],[2.05]
2025-11-11T02:49:29+01:00,[60],[2.048]
2025-11-11T02:49:30+01:00,[60],[2.045]
2025-11-11T02:49:31+01:00,[60],[2.043]
2025-11-11T02:49:32+01:00,[60],[2.041]
2025-11-11T02:49:33+01:00,[60],[2.039]
2025-11-11T02:49:34+01:00,[60],[2.037]
2025-11-11T02:49:35+01:00,[60],[2.035]
2025-11-11T02:49:36+01:00,[60],[2.062]
2025-11-11T02:49:37+01:00,[60],[2.059]
2025-11-11T02:49:38+01:00,[60],[2.06]
2025-11-11T02:49:39+01:00,[60],[2.127]
2025-11-11T02:49:40+01:00,[60],[2.12]
2025-11-11T02:49:41+01:00,[60],[2.114]
2025-11-11T02:49:42+01:00,[60],[2.124]
2025-11-11T02:49:43+01:00,[60],[2.118]
2025-11-11T02:49:44+01:00,[60],[2.112]
2025-11-11T02:49:45+01:00,[60],[2.127]
2025-11-11T02:49:46+01:00,[60],[2.121]
2025-11-11T02:49:47+01:00,[60],[2.115]
2025-11-11T02:49:48+01:00,[60],[2.109]
2025-11-11T02:49:49+01:00,[60],[2.104]
2025-11-11T02:49:50+01:00,[60],[2.099]
2025-11-11T02:49:51+01:00,[60],[2.098]
2025-11-11T02:49:52+01:00,[60],[2.094]
2025-11-11T02:49:53+01:00,[60],[2.089]
2025-11-11T02:49:54+01:00,[60],[2.084]
2025-11-11T02:49:55+01:00,[60],[2.08]
2025-11-11T02:49:56+01:00,[60],[2.076]
2025-11-11T02:49:57+01:00,[60],[2.072]
2025-11-11T02:49:58+01:00,[60],[2.069]
2025-11-11T02:49:59+01:00,[60],[2.065]
2025-11-11T02:50:00+01:00,[60],[2.062]
2025-11-11T02:50:01+01:00,[60],[2.059]
2025-11-11T02:50:02+01:00,[60],[2.056]
2025-11-11T02:50:03+01:00,[60],[2.053]
2025-11-11T02:50:04+01:00,[60],[2.051]
2025-11-11T02:50:05+01:00,[60],[2.048]
2025-11-11T02:50:06+01:00,[60],[2.045]
2025-11-11T02:50:07+01:00,[60],[2.043]
2025-11-11T02:50:08+01:00,[60],[2.041]
2025-11-11T02:50:09+01:00,[60],[2.039]
2025-11-11T02:50:10+01:00,[60],[2.037]
2025-11-11T02:50:11+01:00,[60],[2.035]
2025-11-11T02:50:12+01:00,[60],[2.033]
2025-11-11T02:50:13+01:00,[60],[2.032]
2025-11-11T02:50:14+01:00,[60],[2.029]
2025-11-11T02:50:15+01:00,[60],[2.035]
2025-11-11T02:50:16+01:00,[60],[2.039]
2025-11-11T02:50:17+01:00,[60],[2.052]
2025-11-11T02:50:18+01:00,[60],[2.05]
2025-11-11T02:50:19+01:00,[60],[2.047]
2025-11-11T02:50:20+01:00,[60],[2.058]
2025-11-11T02:50:21+01:00,[60],[2.055]
2025-11-11T02:50:22+01:00,[60],[2.052]
2025-11-11T02:50:23+01:00,[60],[2.05]
2025-11-11T02:50:24+01:00,[60],[2.047]
2025-11-11T02:50:25+01:00,[60],[2.045]
2025-11-11T02:50:26+01:00,[60],[2.072]
2025-11-11T02:50:27+01:00,[60],[2.069]
2025-11-11T02:50:28+01:00,[60],[2.066]
2025-11-11T02:50:29+01:00,[60],[2.063]
2025-11-11T02:50:30+01:00,[60],[2.06]
2025-11-11T02:50:31+01:00,[60],[2.077]
2025-11-11T02:50:32+01:00,[60],[2.111]
2025-11-11T02:50:33+01:00,[60],[2.119]
2025-11-11T02:50:34+01:00,[60],[2.113]
2025-11-11T02:50:35+01:00,[60],[2.107]
2025-11-11T02:50:36+01:00,[60],[2.102]
2025-11-11T02:50:37+01:00,[60],[2.097]
2025-11-11T02:50:38+01:00,[60],[2.092]
2025-11-11T02:50:39+01:00,[60],[2.127]
2025-11-11T02:50:40+01:00,[60],[2.162]
2025-11-11T02:50:41+01:00,[60],[2.167]
2025-11-11T02:50:42+01:00,[60],[2.178]
2025-11-11T02:50:43+01:00,[60],[2.169]
2025-11-11T02:50:44+01:00,[60],[2.161]
2025-11-11T02:50:45+01:00,[60],[2.184]
2025-11-11T02:50:46+01:00,[60],[2.175]
2025-11-11T02:50:47+01:00,[60],[2.166]
2025-11-11T02:50:48+01:00,[60],[2.158]
2025-11-11T02:50:49+01:00,[60],[2.15]
2025-11-11T02:50:50+01:00,[60],[2.142]
2025-11-11T02:50:51+01:00,[60],[2.135]
2025-11-11T02:50:52+01:00,[60],[2.128]
2025-11-11T02:50:53+01:00,[60],[2.122]
2025-11-11T02:50:54+01:00,[60],[2.116]
2025-11-11T02:50:55+01:00,[60],[2.118]
2025-11-11T02:50:56+01:00,[60],[2.112]
2025-11-11T02:50:57+01:00,[60],[2.107]
2025-11-11T02:50:58+01:00,[60],[2.101]
2025-11-11T02:50:59+01:00,[60],[2.096]
2025-11-11T02:51:00+01:00,[60],[2.091]
2025-11-11T02:51:01+01:00,[60],[2.087]
2025-11-11T02:51:02+01:00,[60],[2.083]
2025-11-11T02:51:03+01:00,[60],[2.079]
2025-11-11T02:51:04+01:00,[60],[2.075]
2025-11-11T02:51:05+01:00,[60],[2.071]
2025-11-11T02:51:06+01:00,[60],[2.068]
2025-11-11T02:51:07+01:00,[60],[2.064]
2025-11-11T02:51:08+01:00,[60],[2.061]
2025-11-11T02:51:09+01:00,[60],[2.058]
2025-11-11T02:51:10+01:00,[60],[2.055]
2025-11-11T02:51:11+01:00,[60],[2.052]
2025-11-11T02:51:12+01:00,[60],[2.05]
2025-11-11T02:51:13+01:00,[60],[2.047]
2025-11-11T02:51:14+01:00,[60],[2.045]
2025-11-11T02:51:15+01:00,[60],[2.084]
2025-11-11T02:51:16+01:00,[60],[2.108]
2025-11-11T02:51:17+01:00,[60],[2.12]
2025-11-11T02:51:18+01:00,[60],[2.143]
2025-11-11T02:51:19+01:00,[60],[2.136]
2025-11-11T02:51:20+01:00,[60],[2.129]
2025-11-11T02:51:21+01:00,[60],[2.123]
2025-11-11T02:51:22+01:00,[60],[2.117]
2025-11-11T02:51:23+01:00,[60],[2.111]
2025-11-11T02:51:24+01:00,[60],[2.105]
2025-11-11T02:51:25+01:00,[60],[2.1]
2025-11-11T02:51:26+01:00,[60],[2.095]
2025-11-11T02:51:27+01:00,[60],[2.09]
2025-11-11T02:51:28+01:00,[60],[2.086]
2025-11-11T02:51:29+01:00,[60],[2.084]
2025-11-11T02:51:30+01:00,[60],[2.08]
2025-11-11T02:51:31+01:00,[60],[2.076]
2025-11-11T02:51:32+01:00,[60],[2.072]
2025-11-11T02:51:33+01:00,[60],[2.068]
2025-11-11T02:51:34+01:00,[60],[2.065]
2025-11-11T02:51:35+01:00,[60],[2.062]
2025-11-11T02:51:36+01:00,[60],[2.059]
2025-11-11T02:51:37+01:00,[60],[2.063]
2025-11-11T02:51:38+01:00,[60],[2.06]
2025-11-11T02:51:39+01:00,[60],[2.086]
2025-11-11T02:51:40+01:00,[60],[2.082]
2025-11-11T02:51:41+01:00,[60],[2.089]
2025-11-11T02:51:42+01:00,[60],[2.084]
2025-11-11T02:51:43+01:00,[60],[2.08]
2025-11-11T02:51:44+01:00,[60],[2.079]
2025-11-11T02:51:45+01:00,[60],[2.081]
2025-11-11T02:51:46+01:00,[60],[2.077]
2025-11-11T02:51:47+01:00,[60],[2.074]
2025-11-11T02:51:48+01:00,[60],[2.148]
2025-11-11T02:51:49+01:00,[60],[2.141]
2025-11-11T02:51:50+01:00,[60],[2.134]
2025-11-11T02:51:51+01:00,[60],[2.127]
2025-11-11T02:51:52+01:00,[60],[2.121]
2025-11-11T02:51:53+01:00,[60],[2.127]
2025-11-11T02:51:54+01:00,[60],[2.121]
2025-11-11T02:51:55+01:00,[60],[2.125]
2025-11-11T02:51:56+01:00,[60],[2.141]
2025-11-11T02:51:57+01:00,[60],[2.156]
2025-11-11T02:51:58+01:00,[60],[2.232]
2025-11-11T02:51:59+01:00,[60],[2.266]
2025-11-11T02:52:00+01:00,[60],[2.264]
2025-11-11T02:52:01+01:00,[60],[2.252]
2025-11-11T02:52:02+01:00,[60],[2.24]
2025-11-11T02:52:03+01:00,[60],[2.228]
2025-11-11T02:52:04+01:00,[60],[2.216]
2025-11-11T02:52:05+01:00,[60],[2.205]
2025-11-11T02:52:06+01:00,[60],[2.195]
2025-11-11T02:52:07+01:00,[60],[2.185]
2025-11-11T02:52:08+01:00,[60],[2.177]
2025-11-11T02:52:09+01:00,[60],[2.171]
2025-11-11T02:52:10+01:00,[60],[2.163]
2025-11-11T02:52:11+01:00,[60],[2.155]
2025-11-11T02:52:12+01:00,[60],[2.147]
2025-11-11T02:52:13+01:00,[60],[2.14]
2025-11-11T02:52:14+01:00,[60],[2.133]
2025-11-11T02:52:15+01:00,[60],[2.195]
2025-11-11T02:52:16+01:00,[60],[2.185]
2025-11-11T02:52:17+01:00,[60],[2.184]
2025-11-11T02:52:19+01:00,[60],[2.175]
2025-11-11T02:52:20+01:00,[60],[2.166]
2025-11-11T02:52:21+01:00,[60],[2.158]
2025-11-11T02:52:22+01:00,[60],[2.181]
2025-11-11T02:52:23+01:00,[60],[2.172]
2025-11-11T02:52:24+01:00,[60],[2.164]
2025-11-11T02:52:25+01:00,[60],[2.155]
2025-11-11T02:52:26+01:00,[60],[2.154]
2025-11-11T02:52:27+01:00,[60],[2.153]
2025-11-11T02:52:28+01:00,[60],[2.145]
2025-11-11T02:52:29+01:00,[60],[2.138]
2025-11-11T02:52:30+01:00,[60],[2.131]
2025-11-11T02:52:31+01:00,[60],[2.125]
2025-11-11T02:52:32+01:00,[60],[2.118]
2025-11-11T02:52:33+01:00,[60],[2.112]
2025-11-11T02:52:34+01:00,[60],[2.107]
2025-11-11T02:52:35+01:00,[60],[2.101]
2025-11-11T02:52:36+01:00,[60],[2.112]
2025-11-11T02:52:37+01:00,[60],[2.143]
2025-11-11T02:52:38+01:00,[60],[2.165]
2025-11-11T02:52:39+01:00,[60],[2.157]
2025-11-11T02:52:40+01:00,[60],[2.155]
2025-11-11T02:52:41+01:00,[60],[2.147]
2025-11-11T02:52:42+01:00,[60],[2.166]
2025-11-11T02:52:43+01:00,[60],[2.189]
2025-11-11T02:52:44+01:00,[60],[2.18]
2025-11-11T02:52:45+01:00,[60],[2.171]
2025-11-11T02:52:46+01:00,[60],[2.189]
2025-11-11T02:52:47+01:00,[60],[2.18]
2025-11-11T02:52:48+01:00,[60],[2.171]
2025-11-11T02:52:49+01:00,[60],[2.162]
2025-11-11T02:52:50+01:00,[60],[2.154]
2025-11-11T02:52:51+01:00,[60],[2.147]
2025-11-11T02:52:52+01:00,[60],[2.139]
2025-11-11T02:52:53+01:00,[60],[2.132]
2025-11-11T02:52:54+01:00,[60],[2.126]
2025-11-11T02:52:55+01:00,[60],[2.119]
2025-11-11T02:52:56+01:00,[60],[2.113]
2025-11-11T02:52:57+01:00,[60],[2.108]
2025-11-11T02:52:58+01:00,[60],[2.126]
2025-11-11T02:52:59+01:00,[60],[2.136]
2025-11-11T02:53:00+01:00,[60],[2.14]
2025-11-11T02:53:01+01:00,[60],[2.134]
2025-11-11T02:53:02+01:00,[60],[2.128]
2025-11-11T02:53:03+01:00,[60],[2.121]
2025-11-11T02:53:04+01:00,[60],[2.115]
2025-11-11T02:53:05+01:00,[60],[2.121]
2025-11-11T02:53:06+01:00,[60],[2.115]
2025-11-11T02:53:07+01:00,[60],[2.12]
2025-11-11T02:53:08+01:00,[60],[2.114]
2025-11-11T02:53:09+01:00,[60],[2.108]
2025-11-11T02:53:10+01:00,[60],[2.103]
2025-11-11T02:53:11+01:00,[60],[2.097]
2025-11-11T02:53:12+01:00,[60],[2.093]
2025-11-11T02:53:13+01:00,[60],[2.088]
2025-11-11T02:53:14+01:00,[60],[2.097]
2025-11-11T02:53:15+01:00,[60],[2.092]
2025-11-11T02:53:16+01:00,[60],[2.087]
2025-11-11T02:53:17+01:00,[60],[2.083]
2025-11-11T02:53:18+01:00,[60],[2.079]
2025-11-11T02:53:19+01:00,[60],[2.075]
2025-11-11T02:53:20+01:00,[60],[2.075]
2025-11-11T02:53:21+01:00,[60],[2.081]
2025-11-11T02:53:22+01:00,[60],[2.111]
2025-11-11T02:53:23+01:00,[60],[2.147]
2025-11-11T02:53:24+01:00,[60],[2.201]
2025-11-11T02:53:25+01:00,[60],[2.257]
2025-11-11T02:53:26+01:00,[60],[2.289]
2025-11-11T02:53:27+01:00,[60],[2.274]
2025-11-11T02:53:28+01:00,[60],[2.29]
2025-11-11T02:53:29+01:00,[60],[2.322]
2025-11-11T02:53:30+01:00,[60],[2.306]
2025-11-11T02:53:31+01:00,[60],[2.292]
2025-11-11T02:53:32+01:00,[60],[2.278]
2025-11-11T02:53:33+01:00,[60],[2.264]
2025-11-11T02:53:34+01:00,[60],[2.251]
2025-11-11T02:53:35+01:00,[60],[2.238]
2025-11-11T02:53:36+01:00,[60],[2.286]
2025-11-11T02:53:37+01:00,[60],[2.272]
2025-11-11T02:53:38+01:00,[60],[2.259]
2025-11-11T02:53:39+01:00,[60],[2.246]
2025-11-11T02:53:40+01:00,[60],[2.317]
2025-11-11T02:53:41+01:00,[60],[2.357]
2025-11-11T02:53:42+01:00,[60],[2.341]
2025-11-11T02:53:43+01:00,[60],[2.346]
2025-11-11T02:53:44+01:00,[60],[2.34]
2025-11-11T02:53:45+01:00,[60],[2.336]
2025-11-11T02:53:46+01:00,[60],[2.32]
2025-11-11T02:53:47+01:00,[60],[2.363]
2025-11-11T02:53:48+01:00,[60],[2.354]
2025-11-11T02:53:49+01:00,[60],[2.336]
2025-11-11T02:53:50+01:00,[60],[2.348]
2025-11-11T02:53:51+01:00,[60],[2.34]
2025-11-11T02:53:52+01:00,[60],[2.328]
2025-11-11T02:53:53+01:00,[60],[2.339]
2025-11-11T02:53:54+01:00,[60],[2.358]
2025-11-11T02:53:55+01:00,[60],[2.342]
2025-11-11T02:53:56+01:00,[60],[2.351]
2025-11-11T02:53:57+01:00,[60],[2.333]
2025-11-11T02:53:58+01:00,[60],[2.316]
2025-11-11T02:53:59+01:00,[60],[2.303]
2025-11-11T02:54:00+01:00,[60],[2.301]
2025-11-11T02:54:01+01:00,[60],[2.286]
2025-11-11T02:54:02+01:00,[60],[2.275]
2025-11-11T02:54:03+01:00,[60],[2.261]
2025-11-11T02:54:04+01:00,[60],[2.276]
2025-11-11T02:54:05+01:00,[60],[2.262]
2025-11-11T02:54:06+01:00,[60],[2.265]
2025-11-11T02:54:07+01:00,[60],[2.259]
2025-11-11T02:54:08+01:00,[60],[2.246]
2025-11-11T02:54:09+01:00,[60],[2.252]
2025-11-11T02:54:10+01:00,[60],[2.272]
2025-11-11T02:54:11+01:00,[60],[2.275]
2025-11-11T02:54:12+01:00,[60],[2.261]
2025-11-11T02:54:13+01:00,[60],[2.257]
2025-11-11T02:54:14+01:00,[60],[2.244]
2025-11-11T02:54:15+01:00,[60],[2.232]
2025-11-11T02:54:16+01:00,[60],[2.221]
2025-11-11T02:54:17+01:00,[60],[2.21]
2025-11-11T02:54:18+01:00,[60],[2.217]
2025-11-11T02:54:19+01:00,[60],[2.206]
2025-11-11T02:54:20+01:00,[60],[2.218]
2025-11-11T02:54:21+01:00,[60],[2.211]
2025-11-11T02:54:22+01:00,[60],[2.203]
2025-11-11T02:54:23+01:00,[60],[2.201]
2025-11-11T02:54:25+01:00,[60],[2.203]
2025-11-11T02:54:26+01:00,[60],[2.193]
2025-11-11T02:54:27+01:00,[60],[2.183]
2025-11-11T02:54:28+01:00,[60],[2.227]
2025-11-11T02:54:29+01:00,[60],[2.232]
2025-11-11T02:54:30+01:00,[60],[2.221]
2025-11-11T02:54:31+01:00,[60],[2.21]
2025-11-11T02:54:32+01:00,[60],[2.2]
2025-11-11T02:54:33+01:00,[60],[2.191]
2025-11-11T02:54:34+01:00,[60],[2.235]
2025-11-11T02:54:35+01:00,[60],[2.245]
2025-11-11T02:54:36+01:00,[60],[2.243]
2025-11-11T02:54:37+01:00,[60],[2.245]
2025-11-11T02:54:38+01:00,[60],[2.243]
2025-11-11T02:54:39+01:00,[60],[2.231]
2025-11-11T02:54:40+01:00,[60],[2.224]
2025-11-11T02:54:41+01:00,[60],[2.212]
2025-11-11T02:54:42+01:00,[60],[2.202]
2025-11-11T02:54:43+01:00,[60],[2.192]
2025-11-11T02:54:44+01:00,[60],[2.209]
2025-11-11T02:54:45+01:00,[60],[2.199]
2025-11-11T02:54:46+01:00,[60],[2.189]
2025-11-11T02:54:47+01:00,[60],[2.18]
2025-11-11T02:54:48+01:00,[60],[2.171]
2025-11-11T02:54:49+01:00,[60],[2.172]
2025-11-11T02:54:50+01:00,[60],[2.163]
2025-11-11T02:54:51+01:00,[60],[2.155]
2025-11-11T02:54:52+01:00,[60],[2.176]
2025-11-11T02:54:53+01:00,[60],[2.203]
2025-11-11T02:54:54+01:00,[60],[2.222]
2025-11-11T02:54:55+01:00,[60],[2.216]
2025-11-11T02:54:56+01:00,[60],[2.205]
2025-11-11T02:54:57+01:00,[60],[2.213]
2025-11-11T02:54:58+01:00,[60],[2.232]
2025-11-11T02:54:59+01:00,[60],[2.221]
2025-11-11T02:55:00+01:00,[60],[2.21]
2025-11-11T02:55:01+01:00,[60],[2.23]
2025-11-11T02:55:02+01:00,[60],[2.228]
2025-11-11T02:55:03+01:00,[60],[2.219]
2025-11-11T02:55:04+01:00,[60],[2.224]
2025-11-11T02:55:05+01:00,[60],[2.253]
2025-11-11T02:55:06+01:00,[60],[2.248]
2025-11-11T02:55:07+01:00,[60],[2.24]
2025-11-11T02:55:08+01:00,[60],[2.229]
2025-11-11T02:55:09+01:00,[60],[2.246]
2025-11-11T02:55:10+01:00,[60],[2.259]
2025-11-11T02:55:11+01:00,[60],[2.259]
2025-11-11T02:55:12+01:00,[60],[2.246]
2025-11-11T02:55:13+01:00,[60],[2.234]
2025-11-11T02:55:14+01:00,[60],[2.229]
2025-11-11T02:55:15+01:00,[60],[2.249]
2025-11-11T02:55:16+01:00,[60],[2.236]
2025-11-11T02:55:17+01:00,[60],[2.224]
2025-11-11T02:55:18+01:00,[60],[2.213]
2025-11-11T02:55:19+01:00,[60],[2.227]
2025-11-11T02:55:20+01:00,[60],[2.208]
2025-11-11T02:55:21+01:00,[60],[2.242]
2025-11-11T02:55:22+01:00,[60],[2.238]
2025-11-11T02:55:23+01:00,[60],[2.272]
2025-11-11T02:55:24+01:00,[60],[2.288]
2025-11-11T02:55:25+01:00,[60],[2.303]
2025-11-11T02:55:26+01:00,[60],[2.3]
2025-11-11T02:55:27+01:00,[60],[2.354]
2025-11-11T02:55:28+01:00,[60],[2.348]
2025-11-11T02:55:29+01:00,[60],[2.331]
2025-11-11T02:55:30+01:00,[60],[2.342]
2025-11-11T02:55:31+01:00,[60],[2.337]
2025-11-11T02:55:32+01:00,[60],[2.32]
2025-11-11T02:55:33+01:00,[60],[2.324]
2025-11-11T02:55:34+01:00,[60],[2.308]
2025-11-11T02:55:35+01:00,[60],[2.308]
2025-11-11T02:55:36+01:00,[60],[2.332]
2025-11-11T02:55:37+01:00,[60],[2.399]
2025-11-11T02:55:38+01:00,[60],[2.392]
2025-11-11T02:55:39+01:00,[60],[2.422]
2025-11-11T02:55:40+01:00,[60],[2.437]
2025-11-11T02:55:41+01:00,[60],[2.445]
2025-11-11T02:55:42+01:00,[60],[2.423]
2025-11-11T02:55:43+01:00,[60],[2.405]
2025-11-11T02:55:44+01:00,[60],[2.384]
2025-11-11T02:55:45+01:00,[60],[2.385]
2025-11-11T02:55:46+01:00,[60],[2.426]
2025-11-11T02:55:47+01:00,[60],[2.412]
2025-11-11T02:55:48+01:00,[60],[2.391]
2025-11-11T02:55:49+01:00,[60],[2.372]
2025-11-11T02:55:50+01:00,[60],[2.376]
2025-11-11T02:55:51+01:00,[60],[2.357]
2025-11-11T02:55:52+01:00,[60],[2.375]
2025-11-11T02:55:53+01:00,[60],[2.416]
2025-11-11T02:55:54+01:00,[60],[2.477]
2025-11-11T02:55:55+01:00,[60],[2.494]
2025-11-11T02:55:56+01:00,[60],[2.556]
2025-11-11T02:55:57+01:00,[60],[2.58]
2025-11-11T02:55:58+01:00,[60],[2.611]
2025-11-11T02:55:59+01:00,[60],[2.708]
2025-11-11T02:56:00+01:00,[60],[2.731]
2025-11-11T02:56:01+01:00,[60],[2.795]
2025-11-11T02:56:02+01:00,[60],[2.819]
2025-11-11T02:56:03+01:00,[60],[2.804]
2025-11-11T02:56:04+01:00,[60],[2.802]
2025-11-11T02:56:05+01:00,[60],[2.789]
2025-11-11T02:56:06+01:00,[60],[2.753]
2025-11-11T02:56:07+01:00,[60],[2.739]
2025-11-11T02:56:08+01:00,[60],[2.706]
2025-11-11T02:56:09+01:00,[60],[2.678]
2025-11-11T02:56:10+01:00,[60],[2.644]
2025-11-11T02:56:11+01:00,[60],[2.612]
2025-11-11T02:56:12+01:00,[60],[2.613]
2025-11-11T02:56:13+01:00,[60],[2.648]
2025-11-11T02:56:14+01:00,[60],[2.664]
2025-11-11T02:56:15+01:00,[60],[2.718]
2025-11-11T02:56:16+01:00,[60],[2.755]
2025-11-11T02:56:17+01:00,[60],[2.788]
2025-11-11T02:56:18+01:00,[60],[2.815]
2025-11-11T02:56:19+01:00,[60],[2.798]
2025-11-11T02:56:20+01:00,[60],[2.815]
2025-11-11T02:56:21+01:00,[60],[2.84]
2025-11-11T02:56:22+01:00,[60],[2.867]
2025-11-11T02:56:23+01:00,[60],[2.861]
2025-11-11T02:56:24+01:00,[60],[2.841]
2025-11-11T02:56:25+01:00,[60],[2.799]
2025-11-11T02:56:26+01:00,[60],[2.769]
2025-11-11T02:56:27+01:00,[60],[2.755]
2025-11-11T02:56:28+01:00,[60],[2.762]
2025-11-11T02:56:30+01:00,[60],[2.741]
2025-11-11T02:56:31+01:00,[60],[2.729]
2025-11-11T02:56:32+01:00,[60],[2.716]
2025-11-11T02:56:33+01:00,[60],[2.691]
2025-11-11T02:56:34+01:00,[60],[2.688]
2025-11-11T02:56:35+01:00,[60],[2.687]
2025-11-11T02:56:36+01:00,[60],[2.659]
2025-11-11T02:56:37+01:00,[60],[2.677]
2025-11-11T02:56:38+01:00,[60],[2.687]
2025-11-11T02:56:39+01:00,[60],[2.731]
2025-11-11T02:56:40+01:00,[60],[2.738]
2025-11-11T02:56:41+01:00,[60],[2.728]
2025-11-11T02:56:42+01:00,[60],[2.764]
2025-11-11T02:56:43+01:00,[60],[2.762]
2025-11-11T02:56:44+01:00,[60],[2.772]
2025-11-11T02:56:45+01:00,[60],[2.791]
2025-11-11T02:56:46+01:00,[60],[2.77]
2025-11-11T02:56:47+01:00,[60],[2.749]
2025-11-11T02:56:48+01:00,[60],[2.764]
2025-11-11T02:56:49+01:00,[60],[2.802]
2025-11-11T02:56:50+01:00,[60],[2.78]
2025-11-11T02:56:51+01:00,[60],[2.781]
2025-11-11T02:56:52+01:00,[60],[2.772]
2025-11-11T02:56:53+01:00,[60],[2.744]
2025-11-11T02:56:54+01:00,[60],[2.725]
2025-11-11T02:56:55+01:00,[60],[2.742]
2025-11-11T02:56:56+01:00,[60],[2.72]
2025-11-11T02:56:57+01:00,[60],[2.708]
2025-11-11T02:56:58+01:00,[60],[2.725]
2025-11-11T02:56:59+01:00,[60],[2.765]
2025-11-11T02:57:00+01:00,[60],[2.758]
2025-11-11T02:57:01+01:00,[60],[2.857]
2025-11-11T02:57:02+01:00,[60],[2.833]
2025-11-11T02:57:03+01:00,[60],[2.829]
2025-11-11T02:57:04+01:00,[60],[2.809]
2025-11-11T02:57:05+01:00,[60],[2.77]
2025-11-11T02:57:06+01:00,[60],[2.732]
2025-11-11T02:57:07+01:00,[60],[2.758]
2025-11-11T02:57:08+01:00,[60],[2.753]
2025-11-11T02:57:09+01:00,[60],[2.738]
2025-11-11T02:57:10+01:00,[60],[2.702]
2025-11-11T02:57:11+01:00,[60],[2.667]
2025-11-11T02:57:12+01:00,[60],[2.633]
2025-11-11T02:57:13+01:00,[60],[2.602]
2025-11-11T02:57:14+01:00,[60],[2.572]
2025-11-11T02:57:15+01:00,[60],[2.564]
2025-11-11T02:57:16+01:00,[60],[2.535]
2025-11-11T02:57:17+01:00,[60],[2.542]
2025-11-11T02:57:18+01:00,[60],[2.519]
2025-11-11T02:57:19+01:00,[60],[2.493]
2025-11-11T02:57:20+01:00,[60],[2.498]
2025-11-11T02:57:21+01:00,[60],[2.473]
2025-11-11T02:57:22+01:00,[60],[2.457]
2025-11-11T02:57:23+01:00,[60],[2.444]
2025-11-11T02:57:24+01:00,[60],[2.477]
2025-11-11T02:57:25+01:00,[60],[2.493]
2025-11-11T02:57:26+01:00,[60],[2.615]
2025-11-11T02:57:27+01:00,[60],[2.674]
2025-11-11T02:57:28+01:00,[60],[2.74]
2025-11-11T02:57:29+01:00,[60],[2.703]
2025-11-11T02:57:30+01:00,[60],[2.695]
2025-11-11T02:57:31+01:00,[60],[2.713]
2025-11-11T02:57:32+01:00,[60],[2.692]
2025-11-11T02:57:33+01:00,[60],[3.458]
2025-11-11T02:57:34+01:00,[60],[3.411]
2025-11-11T02:57:35+01:00,[60],[3.391]
2025-11-11T02:57:36+01:00,[60],[3.374]
2025-11-11T02:57:37+01:00,[60],[3.336]
2025-11-11T02:57:38+01:00,[60],[3.321]
2025-11-11T02:57:39+01:00,[60],[3.299]
2025-11-11T02:57:40+01:00,[60],[3.236]
2025-11-11T02:57:41+01:00,[60],[3.277]
2025-11-11T02:57:42+01:00,[60],[3.23]
2025-11-11T02:57:43+01:00,[60],[3.226]
2025-11-11T02:57:44+01:00,[60],[4.07]
2025-11-11T02:57:45+01:00,[60],[3.976]
2025-11-11T02:57:46+01:00,[60],[3.896]
2025-11-11T02:57:47+01:00,[60],[3.801]
2025-11-11T02:57:48+01:00,[60],[3.765]
2025-11-11T02:57:49+01:00,[60],[3.799]
2025-11-11T02:57:50+01:00,[60],[3.772]
2025-11-11T02:57:51+01:00,[60],[3.844]
2025-11-11T02:57:52+01:00,[60],[3.858]
2025-11-11T02:57:53+01:00,[60],[4.061]
2025-11-11T02:57:54+01:00,[60],[4.04]
2025-11-11T02:57:55+01:00,[60],[4.077]
2025-11-11T02:57:56+01:00,[60],[3.986]
2025-11-11T02:57:57+01:00,[60],[3.91]
2025-11-11T02:57:58+01:00,[60],[3.836]
2025-11-11T02:57:59+01:00,[60],[3.745]
2025-11-11T02:58:00+01:00,[60],[3.695]
2025-11-11T02:58:01+01:00,[60],[3.772]
2025-11-11T02:58:02+01:00,[60],[3.771]
2025-11-11T02:58:03+01:00,[60],[3.783]
2025-11-11T02:58:04+01:00,[60],[3.804]
2025-11-11T02:58:05+01:00,[60],[3.778]
2025-11-11T02:58:06+01:00,[60],[3.693]
2025-11-11T02:58:07+01:00,[60],[3.681]
2025-11-11T02:58:08+01:00,[60],[3.701]
2025-11-11T02:58:09+01:00,[60],[3.677]
2025-11-11T02:58:10+01:00,[60],[3.651]
2025-11-11T02:58:11+01:00,[60],[3.805]
2025-11-11T02:58:12+01:00,[60],[4.578]
2025-11-11T02:58:13+01:00,[60],[4.92]
2025-11-11T02:58:14+01:00,[60],[5.237]
2025-11-11T02:58:15+01:00,[60],[5.75]
2025-11-11T02:58:16+01:00,[60],[6.055]
2025-11-11T02:58:17+01:00,[60],[6.456]
2025-11-11T02:58:18+01:00,[60],[6.653]
2025-11-11T02:58:19+01:00,[60],[7.353]
2025-11-11T02:58:20+01:00,[60],[7.223]
2025-11-11T02:58:21+01:00,[60],[7.777]
2025-11-11T02:58:22+01:00,[60],[8.036]
2025-11-11T02:58:23+01:00,[60],[8.055]
2025-11-11T02:58:24+01:00,[60],[8.067]
2025-11-11T02:58:25+01:00,[60],[8.148]
2025-11-11T02:58:26+01:00,[60],[8.192]
2025-11-11T02:58:27+01:00,[60],[8.122]
2025-11-11T02:58:28+01:00,[60],[8.264]
2025-11-11T02:58:29+01:00,[60],[8.319]
2025-11-11T02:58:30+01:00,[60],[8.2]
2025-11-11T02:58:31+01:00,[60],[8.375]
2025-11-11T02:58:32+01:00,[60],[9.023]
2025-11-11T02:58:33+01:00,[60],[9.281]
2025-11-11T02:58:34+01:00,[60],[9.339]
2025-11-11T02:58:36+01:00,[60],[9.458]
2025-11-11T02:58:37+01:00,[60],[9.738]
2025-11-11T02:58:38+01:00,[60],[9.636]
2025-11-11T02:58:39+01:00,[60],[9.513]
2025-11-11T02:58:40+01:00,[60],[9.171]
2025-11-11T02:58:41+01:00,[60],[8.868]
2025-11-11T02:58:42+01:00,[60],[8.772]
2025-11-11T02:58:43+01:00,[60],[8.573]
2025-11-11T02:58:44+01:00,[60],[8.448]
2025-11-11T02:58:45+01:00,[60],[8.258]
2025-11-11T02:58:46+01:00,[60],[8.041]
2025-11-11T02:58:47+01:00,[60],[7.916]
2025-11-11T02:58:48+01:00,[60],[8]
2025-11-11T02:58:49+01:00,[60],[8.034]
2025-11-11T02:58:50+01:00,[60],[7.742]
2025-11-11T02:58:51+01:00,[60],[7.461]
2025-11-11T02:58:52+01:00,[60],[7.188]
2025-11-11T02:58:53+01:00,[60],[6.929]
2025-11-11T02:58:54+01:00,[60],[6.682]
2025-11-11T02:58:55+01:00,[60],[6.448]
2025-11-11T02:58:56+01:00,[60],[6.226]
2025-11-11T02:58:57+01:00,[60],[6.014]
2025-11-11T02:58:58+01:00,[60],[5.814]
2025-11-11T02:58:59+01:00,[60],[5.623]
2025-11-11T02:59:00+01:00,[60],[5.442]
2025-11-11T02:59:01+01:00,[60],[5.307]
2025-11-11T02:59:02+01:00,[60],[5.164]
2025-11-11T02:59:03+01:00,[60],[5.036]
2025-11-11T02:59:04+01:00,[60],[4.954]
2025-11-11T02:59:05+01:00,[60],[4.806]
2025-11-11T02:59:06+01:00,[60],[4.666]
2025-11-11T02:59:07+01:00,[60],[4.533]
2025-11-11T02:59:08+01:00,[60],[4.406]
2025-11-11T02:59:09+01:00,[60],[4.292]
2025-11-11T02:59:10+01:00,[60],[4.177]
2025-11-11T02:59:11+01:00,[60],[4.067]
2025-11-11T02:59:12+01:00,[60],[3.982]
2025-11-11T02:59:13+01:00,[60],[3.934]
2025-11-11T02:59:14+01:00,[60],[3.837]
2025-11-11T02:59:15+01:00,[60],[3.745]
2025-11-11T02:59:16+01:00,[60],[3.658]
2025-11-11T02:59:17+01:00,[60],[3.575]
2025-11-11T02:59:18+01:00,[60],[3.522]
2025-11-11T02:59:19+01:00,[60],[3.446]
2025-11-11T02:59:20+01:00,[60],[3.374]
2025-11-11T02:59:21+01:00,[60],[3.316]
2025-11-11T02:59:22+01:00,[60],[3.25]
2025-11-11T02:59:23+01:00,[60],[3.269]
2025-11-11T02:59:24+01:00,[60],[3.307]
2025-11-11T02:59:25+01:00,[60],[3.289]
2025-11-11T02:59:26+01:00,[60],[3.327]
2025-11-11T02:59:27+01:00,[60],[3.435]
2025-11-11T02:59:28+01:00,[60],[3.523]
2025-11-11T02:59:29+01:00,[60],[3.675]
2025-11-11T02:59:30+01:00,[60],[3.904]
2025-11-11T02:59:31+01:00,[60],[4.086]
2025-11-11T02:59:32+01:00,[60],[4.16]
2025-11-11T02:59:33+01:00,[60],[4.487]
2025-11-11T02:59:34+01:00,[60],[4.659]
2025-11-11T02:59:35+01:00,[60],[6.045]
2025-11-11T02:59:36+01:00,[60],[6.33]
2025-11-11T02:59:37+01:00,[60],[6.393]
2025-11-11T02:59:38+01:00,[60],[6.543]
2025-11-11T02:59:39+01:00,[60],[6.557]
2025-11-11T02:59:40+01:00,[60],[6.644]
2025-11-11T02:59:41+01:00,[60],[6.549]
2025-11-11T02:59:42+01:00,[60],[6.522]
2025-11-11T02:59:43+01:00,[60],[6.405]
2025-11-11T02:59:44+01:00,[60],[6.28]
2025-11-11T02:59:45+01:00,[60],[6.213]
2025-11-11T02:59:46+01:00,[60],[6.286]
2025-11-11T02:59:47+01:00,[60],[6.365]
2025-11-11T02:59:48+01:00,[60],[6.255]
2025-11-11T02:59:49+01:00,[60],[6.216]
2025-11-11T02:59:50+01:00,[60],[6.039]
2025-11-06T02:49:10+01:00,[60],[35.728]
2025-11-06T03:01:11+01:00,[60],[33.785]
2025-11-06T03:01:15+01:00,[60],[33.785]
2025-11-06T03:08:29+01:00,[60],[18.686]
2025-11-06T03:09:04+01:00,[60],[18.686]
2025-11-06T03:49:56+01:00,[60],[14.489]
2025-11-06T03:50:12+01:00,[60],[14.489]
2025-11-06T05:07:17+01:00,[60],[23.998]
2025-11-06T05:07:19+01:00,[60],[23.998]
2025-11-06T05:07:24+01:00,[60],[19.476]
2025-11-06T05:07:25+01:00,[60],[24.739]
2025-11-06T05:07:26+01:00,[60],[14]
2025-11-06T05:07:27+01:00,[60],[14]
2025-11-06T05:07:28+01:00,[60],[7.37]
2025-11-06T05:07:29+01:00,[60],[5.706]
2025-11-06T05:07:30+01:00,[60],[5.058]
2025-11-06T05:07:31+01:00,[60],[4.439]
2025-11-06T05:07:32+01:00,[60],[3.906]
2025-11-06T05:07:33+01:00,[60],[3.815]
2025-11-06T05:07:34+01:00,[60],[4.749]
2025-11-06T05:07:35+01:00,[60],[4.749]
2025-11-06T05:07:36+01:00,[60],[4.749]
2025-09-14T04:12:49+02:00,[60],[45.66]
2025-09-14T04:12:53+02:00,[60],[45.66]
2025-09-14T04:12:55+02:00,[60],[37.726]
2025-09-14T04:12:57+02:00,[60],[19.311]
2025-09-14T04:12:58+02:00,[60],[8.465]
2025-09-14T04:12:59+02:00,[60],[7.766]
2025-09-14T04:13:01+02:00,[60],[6.38]
2025-09-14T04:13:02+02:00,[60],[5.599]
2025-09-14T04:13:03+02:00,[60],[4.898]
2025-09-14T04:13:04+02:00,[60],[4.385]
2025-09-14T04:13:05+02:00,[60],[3.953]
2025-09-14T04:13:06+02:00,[60],[3.562]
2025-09-14T04:13:07+02:00,[60],[3.226]
2025-09-14T04:13:08+02:00,[60],[4.749]
2025-09-14T04:13:09+02:00,[60],[4.749]
2025-09-14T04:13:10+02:00,[60],[4.749]
2025-09-14T04:13:11+02:00,[60],[4.749]
2025-09-14T04:13:12+02:00,[60],[4.749]
2025-09-14T04:13:13+02:00,[60],[4.749]
2025-09-14T04:13:14+02:00,[60],[4.749]
2025-09-14T04:13:15+02:00,[60],[4.749]
2025-09-14T04:13:16+02:00,[60],[4.749]
2025-09-14T04:13:17+02:00,[60],[4.749]
2025-09-14T04:13:18+02:00,[60],[4.749]
2025-09-14T04:13:19+02:00,[60],[4.749]
2025-09-14T04:13:20+02:00,[60],[4.749]
2025-09-14T04:13:21+02:00,[60],[4.749]
2025-09-14T04:13:22+02:00,[60],[4.749]
2025-09-14T04:13:23+02:00,[60],[4.749]
2025-09-14T04:13:24+02:00,[60],[4.749]
2025-09-14T04:13:25+02:00,[60],[4.749]
2025-09-14T04:13:26+02:00,[60],[4.749]
2025-09-14T04:13:27+02:00,[60],[2]
2025-09-14T04:13:28+02:00,[60],[2]
2025-09-14T04:13:29+02:00,[60],[2.063]
2025-09-14T04:13:30+02:00,[60],[2.058]
2025-09-14T04:13:31+02:00,[60],[2.045]
2025-09-14T04:13:32+02:00,[60],[2.124]
2025-09-14T04:13:33+02:00,[60],[2.107]
2025-09-14T04:13:34+02:00,[60],[2.093]
2025-09-14T04:13:35+02:00,[60],[2.083]
2025-09-14T04:13:36+02:00,[60],[2.075]
2025-09-14T04:13:37+02:00,[60],[2.068]
2025-09-14T04:13:38+02:00,[60],[2.062]
2025-09-14T04:13:39+02:00,[60],[2.057]
2025-09-14T04:13:40+02:00,[60],[2.096]
2025-09-14T04:13:41+02:00,[60],[2.09]
2025-09-14T04:13:42+02:00,[60],[2.097]
2025-09-14T04:13:43+02:00,[60],[2.11]
2025-09-14T04:13:44+02:00,[60],[2.104]
2025-09-14T04:13:45+02:00,[60],[2.103]
2025-09-14T04:13:46+02:00,[60],[2.098]
2025-09-14T04:13:47+02:00,[60],[2.093]
2025-09-14T04:13:48+02:00,[60],[2.089]
2025-09-14T04:13:49+02:00,[60],[2.091]
2025-09-14T04:13:50+02:00,[60],[2.087]
2025-09-14T04:13:51+02:00,[60],[2.082]
2025-09-14T04:13:52+02:00,[60],[2.078]
2025-09-14T04:13:53+02:00,[60],[2.078]
2025-09-14T04:13:54+02:00,[60],[2.074]
2025-09-14T04:13:55+02:00,[60],[2.071]
2025-09-14T04:13:56+02:00,[60],[2.067]
2025-09-14T04:13:57+02:00,[60],[2.074]
2025-09-14T04:13:58+02:00,[60],[2.07]
2025-09-14T04:13:59+02:00,[60],[2.067]
2025-09-14T04:14:00+02:00,[60],[2.064]
2025-09-14T04:14:01+02:00,[60],[2.073]
2025-09-14T04:14:02+02:00,[60],[2.07]
2025-09-14T04:14:03+02:00,[60],[2.066]
2025-09-14T04:14:04+02:00,[60],[2.072]
2025-09-14T04:14:05+02:00,[60],[2.069]
2025-09-14T04:14:06+02:00,[60],[2.065]
2025-09-14T04:14:07+02:00,[60],[2.067]
2025-09-14T04:14:08+02:00,[60],[2.064]
2025-09-14T04:14:09+02:00,[60],[2.061]
2025-09-14T04:14:10+02:00,[60],[2.076]
2025-09-14T04:14:11+02:00,[60],[2.072]
2025-09-14T04:14:12+02:00,[60],[2.068]
2025-09-14T04:14:13+02:00,[60],[2.065]
2025-09-14T04:14:14+02:00,[60],[2.08]
2025-09-14T04:14:15+02:00,[60],[2.076]
2025-09-14T04:14:16+02:00,[60],[2.073]
2025-09-14T04:14:17+02:00,[60],[2.069]
2025-09-14T04:14:18+02:00,[60],[2.066]
2025-09-14T04:14:19+02:00,[60],[2.062]
2025-09-14T04:14:20+02:00,[60],[2.059]
2025-09-14T04:14:21+02:00,[60],[2.069]
2025-09-14T04:14:22+02:00,[60],[2.065]
2025-09-14T04:14:23+02:00,[60],[2.082]
2025-09-14T04:14:24+02:00,[60],[2.089]
2025-09-14T04:14:25+02:00,[60],[2.088]
2025-09-14T04:14:26+02:00,[60],[2.084]
2025-09-14T04:14:27+02:00,[60],[2.08]
2025-09-14T04:14:28+02:00,[60],[2.076]
2025-09-14T04:14:29+02:00,[60],[2.073]
2025-09-14T04:14:30+02:00,[60],[2.069]
2025-09-14T04:14:31+02:00,[60],[2.065]
2025-09-14T04:14:32+02:00,[60],[2.062]
2025-09-14T04:14:33+02:00,[60],[2.059]
2025-09-14T04:14:34+02:00,[60],[2.056]
2025-09-14T04:14:35+02:00,[60],[2.053]
2025-09-14T04:14:36+02:00,[60],[2.051]
2025-09-14T04:14:37+02:00,[60],[2.048]
2025-09-14T04:14:38+02:00,[60],[2.045]
2025-09-14T04:14:39+02:00,[60],[2.067]
2025-09-14T04:14:40+02:00,[60],[2.069]
2025-09-14T04:14:41+02:00,[60],[2.066]
2025-09-14T04:14:42+02:00,[60],[2.062]
2025-09-14T04:14:43+02:00,[60],[2.059]
2025-09-14T04:14:44+02:00,[60],[2.056]
2025-09-14T04:14:45+02:00,[60],[2.053]
2025-09-14T04:14:46+02:00,[60],[2.051]
2025-09-14T04:14:47+02:00,[60],[2.048]
2025-09-14T04:14:48+02:00,[60],[2.045]
2025-09-14T04:14:49+02:00,[60],[2.043]
2025-09-14T04:14:50+02:00,[60],[2.045]
2025-09-14T04:14:51+02:00,[60],[2.043]
2025-09-14T04:14:52+02:00,[60],[2.041]
2025-09-14T04:14:53+02:00,[60],[2.039]
2025-09-14T04:14:54+02:00,[60],[2.037]
2025-09-14T04:14:55+02:00,[60],[2.035]
2025-09-14T04:14:56+02:00,[60],[2.033]
2025-09-14T04:14:57+02:00,[60],[2.032]
2025-09-14T04:14:58+02:00,[60],[2.029]
2025-09-14T04:14:59+02:00,[60],[2.028]
2025-09-14T04:15:00+02:00,[60],[2.027]
2025-09-14T04:15:01+02:00,[60],[2.031]
2025-09-14T04:15:02+02:00,[60],[2.029]
2025-09-14T04:15:03+02:00,[60],[2.028]
2025-09-14T04:15:04+02:00,[60],[2.027]
2025-09-14T04:15:05+02:00,[60],[2.025]
2025-09-14T04:15:06+02:00,[60],[2.024]
2025-09-14T04:15:07+02:00,[60],[2.023]
2025-09-14T04:15:08+02:00,[60],[2.021]
2025-09-14T04:15:09+02:00,[60],[2.021]
2025-09-14T04:15:10+02:00,[60],[2.02]
2025-09-14T04:15:11+02:00,[60],[2.019]
2025-09-14T04:15:12+02:00,[60],[2.017]
2025-09-14T04:15:13+02:00,[60],[2.028]
2025-09-14T04:15:14+02:00,[60],[2.049]
2025-09-14T04:15:15+02:00,[60],[2.045]
2025-09-14T04:15:16+02:00,[60],[2.044]
2025-09-14T04:15:17+02:00,[60],[2.041]
2025-09-14T04:15:18+02:00,[60],[2.052]
2025-09-14T04:15:19+02:00,[60],[2.059]
2025-09-14T04:15:20+02:00,[60],[2.06]
2025-09-14T04:15:21+02:00,[60],[2.082]
2025-09-14T04:15:22+02:00,[60],[2.078]
2025-09-14T04:15:23+02:00,[60],[2.074]
2025-09-14T04:15:24+02:00,[60],[2.07]
2025-09-14T04:15:25+02:00,[60],[2.067]
2025-09-14T04:15:26+02:00,[60],[2.063]
2025-09-14T04:15:27+02:00,[60],[2.06]
2025-09-14T04:15:28+02:00,[60],[2.057]
2025-09-14T04:15:29+02:00,[60],[2.054]
2025-09-14T04:15:30+02:00,[60],[2.052]
2025-09-14T04:15:31+02:00,[60],[2.049]
2025-09-14T04:15:32+02:00,[60],[2.061]
2025-09-14T04:15:33+02:00,[60],[2.058]
2025-09-14T04:15:34+02:00,[60],[2.058]
2025-09-14T04:15:35+02:00,[60],[2.055]
2025-09-14T04:15:36+02:00,[60],[2.052]
2025-09-14T04:15:37+02:00,[60],[2.06]
2025-09-14T04:15:38+02:00,[60],[2.064]
2025-09-14T04:15:39+02:00,[60],[2.061]
2025-09-14T04:15:40+02:00,[60],[2.058]
2025-09-14T04:15:41+02:00,[60],[2.107]
2025-09-14T04:15:42+02:00,[60],[2.102]
2025-09-14T04:15:43+02:00,[60],[2.102]
2025-09-14T04:15:44+02:00,[60],[2.096]
2025-09-14T04:15:45+02:00,[60],[2.092]
2025-09-14T04:15:46+02:00,[60],[2.087]
2025-09-14T04:15:47+02:00,[60],[2.083]
2025-09-14T04:15:48+02:00,[60],[2.079]
2025-09-14T04:15:49+02:00,[60],[2.108]
2025-09-14T04:15:50+02:00,[60],[2.115]
2025-09-14T04:15:51+02:00,[60],[2.127]
2025-09-14T04:15:52+02:00,[60],[2.124]
2025-09-14T04:15:53+02:00,[60],[2.118]
2025-09-14T04:15:54+02:00,[60],[2.116]
2025-09-14T04:15:55+02:00,[60],[2.11]
2025-09-14T04:15:56+02:00,[60],[2.106]
2025-09-14T04:15:57+02:00,[60],[2.101]
2025-09-14T04:15:58+02:00,[60],[2.096]
2025-09-14T04:15:59+02:00,[60],[2.091]
2025-09-14T04:16:00+02:00,[60],[2.086]
2025-09-14T04:16:01+02:00,[60],[2.091]
2025-09-14T04:16:02+02:00,[60],[2.086]
2025-09-14T04:16:03+02:00,[60],[2.082]
2025-09-14T04:16:04+02:00,[60],[2.078]
2025-09-14T04:16:05+02:00,[60],[2.074]
2025-09-14T04:16:06+02:00,[60],[2.07]
2025-09-14T04:16:07+02:00,[60],[2.067]
2025-09-14T04:16:08+02:00,[60],[2.063]
2025-09-14T04:16:09+02:00,[60],[2.06]
2025-09-14T04:16:10+02:00,[60],[2.057]
2025-09-14T04:16:11+02:00,[60],[2.054]
2025-09-14T04:16:12+02:00,[60],[2.052]
2025-09-14T04:16:13+02:00,[60],[2.049]
2025-09-14T04:16:14+02:00,[60],[2.047]
2025-09-14T04:16:15+02:00,[60],[2.044]
2025-09-14T04:16:16+02:00,[60],[2.041]
2025-09-14T04:16:17+02:00,[60],[2.04]
2025-09-14T04:16:18+02:00,[60],[2.037]
2025-09-14T04:16:19+02:00,[60],[2.036]
2025-09-14T04:16:20+02:00,[60],[2.037]
2025-09-14T04:16:21+02:00,[60],[2.036]
2025-09-14T04:16:22+02:00,[60],[2.033]
2025-09-14T04:16:23+02:00,[60],[2.032]
2025-09-14T04:16:24+02:00,[60],[2.047]
2025-09-14T04:16:25+02:00,[60],[2.044]
2025-09-14T04:16:26+02:00,[60],[2.055]
2025-09-14T04:16:27+02:00,[60],[2.053]
2025-09-14T04:16:28+02:00,[60],[2.05]
2025-09-14T04:16:29+02:00,[60],[2.076]
2025-09-14T04:16:30+02:00,[60],[2.072]
2025-09-14T04:16:31+02:00,[60],[2.069]
2025-09-14T04:16:32+02:00,[60],[2.065]
2025-09-14T04:16:33+02:00,[60],[2.077]
2025-09-14T04:16:34+02:00,[60],[2.073]
2025-09-14T04:16:35+02:00,[60],[2.069]
2025-09-14T04:16:36+02:00,[60],[2.066]
2025-09-14T04:16:37+02:00,[60],[2.063]
2025-09-14T04:16:38+02:00,[60],[2.059]
2025-09-14T04:16:39+02:00,[60],[2.056]
2025-09-14T04:16:40+02:00,[60],[2.054]
2025-09-14T04:16:41+02:00,[60],[2.051]
2025-09-14T04:16:42+02:00,[60],[2.048]
2025-09-14T04:16:43+02:00,[60],[2.045]
2025-09-14T04:16:44+02:00,[60],[2.044]
2025-09-14T04:16:45+02:00,[60],[2.041]
2025-09-14T04:16:46+02:00,[60],[2.039]
2025-09-14T04:16:47+02:00,[60],[2.045]
2025-09-14T04:16:48+02:00,[60],[2.044]
2025-09-14T04:16:49+02:00,[60],[2.041]
2025-09-14T04:16:50+02:00,[60],[2.039]
2025-09-14T04:16:51+02:00,[60],[2.037]
2025-09-14T04:16:52+02:00,[60],[2.087]
2025-09-14T04:16:53+02:00,[60],[2.083]
2025-09-14T04:16:54+02:00,[60],[2.079]
2025-09-14T04:16:55+02:00,[60],[2.075]
2025-09-14T04:16:56+02:00,[60],[2.071]
2025-09-14T04:16:57+02:00,[60],[2.068]
2025-09-14T04:16:58+02:00,[60],[2.064]
2025-09-14T04:16:59+02:00,[60],[2.061]
2025-09-14T04:17:00+02:00,[60],[2.058]
2025-09-14T04:17:01+02:00,[60],[2.055]
2025-09-14T04:17:02+02:00,[60],[2.052]
2025-09-14T04:17:03+02:00,[60],[2.065]
2025-09-14T04:17:04+02:00,[60],[2.062]
2025-09-14T04:17:05+02:00,[60],[2.059]
2025-09-14T04:17:06+02:00,[60],[2.067]
2025-09-14T04:17:07+02:00,[60],[2.063]
2025-09-14T04:17:08+02:00,[60],[2.06]
2025-09-14T04:17:09+02:00,[60],[2.057]
2025-09-14T04:17:10+02:00,[60],[2.054]
2025-09-14T04:17:11+02:00,[60],[2.087]
2025-09-14T04:17:12+02:00,[60],[2.087]
2025-09-14T04:17:13+02:00,[60],[2.105]
2025-09-14T04:17:14+02:00,[60],[2.1]
2025-09-14T04:17:15+02:00,[60],[2.095]
2025-09-14T04:17:16+02:00,[60],[2.09]
2025-09-14T04:17:17+02:00,[60],[2.085]
2025-09-14T04:17:18+02:00,[60],[2.081]
2025-09-14T04:17:19+02:00,[60],[2.077]
2025-09-14T04:17:20+02:00,[60],[2.073]
2025-09-14T04:17:21+02:00,[60],[2.081]
2025-09-14T04:17:22+02:00,[60],[2.077]
2025-09-14T04:17:23+02:00,[60],[2.074]
2025-09-14T04:17:24+02:00,[60],[2.07]
2025-09-14T04:17:25+02:00,[60],[2.066]
2025-09-14T04:17:26+02:00,[60],[2.063]
2025-09-14T04:17:27+02:00,[60],[2.06]
2025-09-14T04:17:28+02:00,[60],[2.057]
2025-09-14T04:17:29+02:00,[60],[2.054]
2025-09-14T04:17:30+02:00,[60],[2.051]
2025-09-14T04:17:31+02:00,[60],[2.056]
2025-09-14T04:17:32+02:00,[60],[2.054]
2025-09-14T04:17:33+02:00,[60],[2.051]
2025-09-14T04:17:34+02:00,[60],[2.048]
2025-09-14T04:17:35+02:00,[60],[2.045]
2025-09-14T04:17:36+02:00,[60],[2.044]
2025-09-14T04:17:37+02:00,[60],[2.041]
2025-09-14T04:17:38+02:00,[60],[2.039]
2025-09-14T04:17:39+02:00,[60],[2.037]
2025-09-14T04:17:40+02:00,[60],[2.036]
2025-09-14T04:17:41+02:00,[60],[2.033]
2025-09-14T04:17:42+02:00,[60],[2.032]
2025-09-14T04:17:43+02:00,[60],[2.029]
2025-09-14T04:17:44+02:00,[60],[2.029]
2025-09-14T04:17:45+02:00,[60],[2.027]
2025-09-14T04:17:46+02:00,[60],[2.025]
2025-09-14T04:17:47+02:00,[60],[2.035]
2025-09-14T04:17:48+02:00,[60],[2.033]
2025-09-14T04:17:49+02:00,[60],[2.032]
2025-09-14T04:17:50+02:00,[60],[2.029]
2025-09-14T04:17:51+02:00,[60],[2.029]
2025-09-14T04:17:52+02:00,[60],[2.027]
2025-09-14T04:17:53+02:00,[60],[2.025]
2025-09-14T04:17:54+02:00,[60],[2.025]
2025-09-14T04:17:55+02:00,[60],[2.023]
2025-09-14T04:17:56+02:00,[60],[2.021]
2025-09-14T04:17:57+02:00,[60],[2.021]
2025-09-14T04:17:58+02:00,[60],[2.02]
2025-09-14T04:17:59+02:00,[60],[2.019]
2025-09-14T04:18:00+02:00,[60],[2.017]
2025-09-14T04:18:01+02:00,[60],[2.017]
2025-09-14T04:18:02+02:00,[60],[2.016]
2025-09-14T04:18:03+02:00,[60],[2.016]
2025-09-14T04:18:04+02:00,[60],[2.015]
2025-09-14T04:18:05+02:00,[60],[2.013]
2025-09-14T04:18:06+02:00,[60],[2.013]
2025-09-14T04:18:07+02:00,[60],[2.027]
2025-09-14T04:18:08+02:00,[60],[2.045]
2025-09-14T04:18:09+02:00,[60],[2.074]
2025-09-14T04:18:10+02:00,[60],[2.072]
2025-09-14T04:18:11+02:00,[60],[2.068]
2025-09-14T04:18:12+02:00,[60],[2.097]
2025-09-14T04:18:13+02:00,[60],[2.162]
2025-09-14T04:18:14+02:00,[60],[2.195]
2025-09-14T04:18:15+02:00,[60],[2.245]
2025-09-14T04:18:16+02:00,[60],[2.271]
2025-09-14T04:18:17+02:00,[60],[2.258]
2025-09-14T04:18:18+02:00,[60],[2.245]
2025-09-14T04:18:19+02:00,[60],[2.242]
2025-09-14T04:18:20+02:00,[60],[2.23]
2025-09-14T04:18:21+02:00,[60],[2.218]
2025-09-14T04:18:22+02:00,[60],[2.207]
2025-09-14T04:18:23+02:00,[60],[2.197]
2025-09-14T04:18:24+02:00,[60],[2.187]
2025-09-14T04:18:25+02:00,[60],[2.186]
2025-09-14T04:18:26+02:00,[60],[2.176]
2025-09-14T04:18:27+02:00,[60],[2.167]
2025-09-14T04:18:28+02:00,[60],[2.159]
2025-09-14T04:18:29+02:00,[60],[2.161]
2025-09-14T04:18:30+02:00,[60],[2.153]
2025-09-14T04:18:31+02:00,[60],[2.145]
2025-09-14T04:18:32+02:00,[60],[2.138]
2025-09-14T04:18:33+02:00,[60],[2.131]
2025-09-14T04:18:34+02:00,[60],[2.125]
2025-09-14T04:18:35+02:00,[60],[2.118]
2025-09-14T04:18:36+02:00,[60],[2.113]
2025-09-14T04:18:37+02:00,[60],[2.107]
2025-09-14T04:18:38+02:00,[60],[2.102]
2025-09-14T04:18:39+02:00,[60],[2.096]
2025-09-14T04:18:40+02:00,[60],[2.092]
2025-09-14T04:18:41+02:00,[60],[2.087]
2025-09-14T04:18:42+02:00,[60],[2.083]
2025-09-14T04:18:43+02:00,[60],[2.079]
2025-09-14T04:18:44+02:00,[60],[2.075]
2025-09-14T04:18:45+02:00,[60],[2.071]
2025-09-14T04:18:46+02:00,[60],[2.067]
2025-09-14T04:18:47+02:00,[60],[2.064]
2025-09-14T04:18:48+02:00,[60],[2.061]
2025-09-14T04:18:49+02:00,[60],[2.058]
2025-09-14T04:18:50+02:00,[60],[2.055]
2025-09-14T04:18:51+02:00,[60],[2.052]
2025-09-14T04:18:52+02:00,[60],[2.05]
2025-09-14T04:18:53+02:00,[60],[2.047]
2025-09-14T04:18:54+02:00,[60],[2.045]
2025-09-14T04:18:55+02:00,[60],[2.041]
2025-09-14T04:18:56+02:00,[60],[2.04]
2025-09-14T04:18:57+02:00,[60],[2.037]
2025-09-14T04:18:58+02:00,[60],[2.036]
2025-09-14T04:18:59+02:00,[60],[2.035]
2025-09-14T04:19:00+02:00,[60],[2.033]
2025-09-14T04:19:01+02:00,[60],[2.031]
2025-09-14T04:19:02+02:00,[60],[2.029]
2025-09-14T04:19:03+02:00,[60],[2.028]
2025-09-14T04:19:04+02:00,[60],[2.027]
2025-09-14T04:19:05+02:00,[60],[2.025]
2025-09-14T04:19:06+02:00,[60],[2.024]
2025-09-14T04:19:07+02:00,[60],[2.023]
2025-09-14T04:19:08+02:00,[60],[2.021]
2025-09-14T04:19:09+02:00,[60],[2.048]
2025-09-14T04:19:10+02:00,[60],[2.084]
2025-09-14T04:19:11+02:00,[60],[2.08]
2025-09-14T04:19:12+02:00,[60],[2.076]
2025-09-14T04:19:13+02:00,[60],[2.112]
2025-09-14T04:19:14+02:00,[60],[2.122]
2025-09-14T04:19:15+02:00,[60],[2.141]
2025-09-14T04:19:16+02:00,[60],[2.134]
2025-09-14T04:19:17+02:00,[60],[2.127]
2025-09-14T04:19:18+02:00,[60],[2.121]
2025-09-14T04:19:19+02:00,[60],[2.115]
2025-09-14T04:19:20+02:00,[60],[2.109]
2025-09-14T04:19:21+02:00,[60],[2.104]
2025-09-14T04:19:22+02:00,[60],[2.098]
2025-09-14T04:19:23+02:00,[60],[2.093]
2025-09-14T04:19:24+02:00,[60],[2.089]
2025-09-14T04:19:25+02:00,[60],[2.084]
2025-09-14T04:19:26+02:00,[60],[2.107]
2025-09-14T04:19:27+02:00,[60],[2.102]
2025-09-14T04:19:28+02:00,[60],[2.097]
2025-09-14T04:19:29+02:00,[60],[2.092]
2025-09-14T04:19:30+02:00,[60],[2.087]
2025-09-14T04:19:31+02:00,[60],[2.083]
2025-09-14T04:19:32+02:00,[60],[2.079]
2025-09-14T04:19:33+02:00,[60],[2.075]
2025-09-14T04:19:34+02:00,[60],[2.071]
2025-09-14T04:19:35+02:00,[60],[2.067]
2025-09-14T04:19:36+02:00,[60],[2.064]
2025-09-14T04:19:37+02:00,[60],[2.071]
2025-09-14T04:19:38+02:00,[60],[2.087]
2025-09-14T04:19:39+02:00,[60],[2.082]
2025-09-14T04:19:40+02:00,[60],[2.078]
2025-09-14T04:19:41+02:00,[60],[2.074]
2025-09-14T04:19:42+02:00,[60],[2.071]
2025-09-14T04:19:43+02:00,[60],[2.067]
2025-09-14T04:19:44+02:00,[60],[2.064]
2025-09-14T04:19:45+02:00,[60],[2.061]
2025-09-14T04:19:46+02:00,[60],[2.057]
2025-09-14T04:19:47+02:00,[60],[2.055]
2025-09-14T04:19:48+02:00,[60],[2.052]
2025-09-14T04:19:49+02:00,[60],[2.071]
2025-09-14T04:19:50+02:00,[60],[2.068]
2025-09-14T04:19:51+02:00,[60],[2.133]
2025-09-14T04:19:52+02:00,[60],[2.136]
2025-09-14T04:19:53+02:00,[60],[2.129]
2025-09-14T04:19:54+02:00,[60],[2.122]
2025-09-14T04:19:55+02:00,[60],[2.116]
2025-09-14T04:19:56+02:00,[60],[2.11]
2025-09-14T04:19:57+02:00,[60],[2.105]
2025-09-14T04:19:58+02:00,[60],[2.1]
2025-09-14T04:19:59+02:00,[60],[2.095]
2025-09-14T04:20:00+02:00,[60],[2.09]
2025-09-14T04:20:01+02:00,[60],[2.085]
2025-09-14T04:20:02+02:00,[60],[2.081]
2025-09-14T04:20:03+02:00,[60],[2.13]
2025-09-14T04:20:04+02:00,[60],[2.123]
2025-09-14T04:20:05+02:00,[60],[2.117]
2025-09-14T04:20:06+02:00,[60],[2.111]
2025-09-14T04:20:07+02:00,[60],[2.106]
2025-09-14T04:20:08+02:00,[60],[2.123]
2025-09-14T04:20:09+02:00,[60],[2.117]
2025-09-14T04:20:10+02:00,[60],[2.111]
2025-09-14T04:20:11+02:00,[60],[2.106]
2025-09-14T04:20:12+02:00,[60],[2.1]
2025-09-14T04:20:13+02:00,[60],[2.095]
2025-09-14T04:20:14+02:00,[60],[2.091]
2025-09-14T04:20:15+02:00,[60],[2.086]
2025-09-14T04:20:16+02:00,[60],[2.082]
2025-09-14T04:20:17+02:00,[60],[2.084]
2025-09-14T04:20:18+02:00,[60],[2.08]
2025-09-14T04:20:19+02:00,[60],[2.076]
2025-09-14T04:20:20+02:00,[60],[2.072]
2025-09-14T04:20:21+02:00,[60],[2.069]
2025-09-14T04:20:22+02:00,[60],[2.065]
2025-09-14T04:20:23+02:00,[60],[2.062]
2025-09-14T04:20:24+02:00,[60],[2.059]
2025-09-14T04:20:25+02:00,[60],[2.056]
2025-09-14T04:20:26+02:00,[60],[2.053]
2025-09-14T04:20:27+02:00,[60],[2.051]
2025-09-14T04:20:28+02:00,[60],[2.048]
2025-09-14T04:20:29+02:00,[60],[2.045]
2025-09-14T04:20:30+02:00,[60],[2.043]
2025-09-14T04:20:31+02:00,[60],[2.041]
2025-09-14T04:20:32+02:00,[60],[2.039]
2025-09-14T04:20:33+02:00,[60],[2.037]
2025-09-14T04:20:34+02:00,[60],[2.035]
2025-09-14T04:20:35+02:00,[60],[2.033]
2025-09-14T04:20:36+02:00,[60],[2.032]
2025-09-14T04:20:37+02:00,[60],[2.029]
2025-09-14T04:20:38+02:00,[60],[2.029]
2025-09-14T04:20:39+02:00,[60],[2.027]
2025-09-14T04:20:40+02:00,[60],[2.025]
2025-09-14T04:20:41+02:00,[60],[2.025]
2025-09-14T04:20:42+02:00,[60],[2.023]
2025-09-14T04:20:43+02:00,[60],[2.021]
2025-09-14T04:20:44+02:00,[60],[2.021]
2025-09-14T04:20:45+02:00,[60],[2.02]
2025-09-14T04:20:46+02:00,[60],[2.019]
2025-09-14T04:20:47+02:00,[60],[2.017]
2025-09-14T04:20:48+02:00,[60],[2.017]
2025-09-14T04:20:49+02:00,[60],[2.016]
2025-09-14T04:20:50+02:00,[60],[2.016]
2025-09-14T04:20:51+02:00,[60],[2.015]
2025-09-14T04:20:52+02:00,[60],[2.013]
2025-09-14T04:20:53+02:00,[60],[2.013]
2025-09-14T04:20:54+02:00,[60],[2.013]
2025-09-14T04:20:55+02:00,[60],[2.012]
2025-09-14T04:20:56+02:00,[60],[2.011]
2025-09-14T04:20:57+02:00,[60],[2.011]
2025-09-14T04:20:58+02:00,[60],[2.009]
2025-09-14T04:20:59+02:00,[60],[2.009]
2025-09-14T04:21:00+02:00,[60],[2.009]
2025-09-14T04:21:01+02:00,[60],[2.009]
2025-09-14T04:21:02+02:00,[60],[2.008]
2025-09-14T04:21:03+02:00,[60],[2.008]
2025-09-14T04:21:04+02:00,[60],[2.008]
2025-09-14T04:21:05+02:00,[60],[2.007]
2025-09-14T04:21:06+02:00,[60],[2.007]
2025-09-14T04:21:07+02:00,[60],[2.005]
2025-09-14T04:21:08+02:00,[60],[2.005]
2025-09-14T04:21:09+02:00,[60],[2.005]
2025-09-14T04:21:10+02:00,[60],[2.027]
2025-09-14T04:21:11+02:00,[60],[2.045]
2025-09-14T04:21:12+02:00,[60],[2.052]
2025-09-14T04:21:13+02:00,[60],[2.049]
2025-09-14T04:21:14+02:00,[60],[2.047]
2025-09-14T04:21:15+02:00,[60],[2.045]
2025-09-14T04:21:16+02:00,[60],[2.041]
2025-09-14T04:21:17+02:00,[60],[2.04]
2025-09-14T04:21:18+02:00,[60],[2.037]
2025-09-14T04:21:19+02:00,[60],[2.036]
2025-09-14T04:21:20+02:00,[60],[2.041]
2025-09-14T04:21:21+02:00,[60],[2.04]
2025-09-14T04:21:22+02:00,[60],[2.037]
2025-09-14T04:21:23+02:00,[60],[2.036]
2025-09-14T04:21:24+02:00,[60],[2.035]
2025-09-14T04:21:25+02:00,[60],[2.033]
2025-09-14T04:21:26+02:00,[60],[2.031]
2025-09-14T04:21:27+02:00,[60],[2.029]
2025-09-14T04:21:28+02:00,[60],[2.028]
2025-09-14T04:21:29+02:00,[60],[2.027]
2025-09-14T04:21:30+02:00,[60],[2.025]
2025-09-14T04:21:31+02:00,[60],[2.024]
2025-09-14T04:21:32+02:00,[60],[2.023]
2025-09-14T04:21:33+02:00,[60],[2.021]
2025-09-14T04:21:34+02:00,[60],[2.021]
2025-09-14T04:21:35+02:00,[60],[2.02]
2025-09-14T04:21:36+02:00,[60],[2.019]
2025-09-14T04:21:37+02:00,[60],[2.017]
2025-09-14T04:21:38+02:00,[60],[2.017]
2025-09-14T04:21:39+02:00,[60],[2.017]
2025-09-14T04:21:40+02:00,[60],[2.016]
2025-09-14T04:21:41+02:00,[60],[2.016]
2025-09-14T04:21:42+02:00,[60],[2.015]
2025-09-14T04:21:43+02:00,[60],[2.013]
2025-09-14T04:21:44+02:00,[60],[2.013]
2025-09-14T04:21:45+02:00,[60],[2.013]
2025-09-14T04:21:46+02:00,[60],[2.012]
2025-09-14T04:21:47+02:00,[60],[2.011]
2025-09-14T04:21:48+02:00,[60],[2.011]
2025-09-14T04:21:49+02:00,[60],[2.009]
2025-09-14T04:21:50+02:00,[60],[2.019]
2025-09-14T04:21:51+02:00,[60],[2.017]
2025-09-14T04:21:52+02:00,[60],[2.017]
2025-09-14T04:21:53+02:00,[60],[2.016]
2025-09-14T04:21:54+02:00,[60],[2.016]
2025-09-14T04:21:55+02:00,[60],[2.015]
2025-09-14T04:21:56+02:00,[60],[2.013]
2025-09-14T04:21:57+02:00,[60],[2.013]
2025-09-14T04:21:58+02:00,[60],[2.013]
2025-09-14T04:21:59+02:00,[60],[2.012]
2025-09-14T04:22:00+02:00,[60],[2.011]
2025-09-14T04:22:01+02:00,[60],[2.011]
2025-09-14T04:22:02+02:00,[60],[2.009]
2025-09-14T04:22:03+02:00,[60],[2.009]
2025-09-14T04:22:04+02:00,[60],[2.009]
2025-09-14T04:22:05+02:00,[60],[2.009]
2025-09-14T04:22:06+02:00,[60],[2.008]
2025-09-14T04:22:07+02:00,[60],[2.008]
2025-09-14T04:22:08+02:00,[60],[2.016]
2025-09-14T04:22:09+02:00,[60],[2.015]
2025-09-14T04:22:10+02:00,[60],[2.015]
2025-09-14T04:22:11+02:00,[60],[2.013]
2025-09-14T04:22:12+02:00,[60],[2.013]
2025-09-14T04:22:13+02:00,[60],[2.013]
2025-09-14T04:22:14+02:00,[60],[2.012]
2025-09-14T04:22:15+02:00,[60],[2.011]
2025-09-14T04:22:16+02:00,[60],[2.011]
2025-09-14T04:22:17+02:00,[60],[2.009]
2025-09-14T04:22:18+02:00,[60],[2.009]
2025-09-14T04:22:19+02:00,[60],[2.009]
2025-09-14T04:22:20+02:00,[60],[2.017]
2025-09-14T04:22:21+02:00,[60],[2.017]
2025-09-14T04:22:22+02:00,[60],[2.017]
2025-09-14T04:22:23+02:00,[60],[2.024]
2025-09-14T04:22:24+02:00,[60],[2.032]
2025-09-14T04:22:25+02:00,[60],[2.031]
2025-09-14T04:22:26+02:00,[60],[2.029]
2025-09-14T04:22:27+02:00,[60],[2.028]
2025-09-14T04:22:28+02:00,[60],[2.027]
2025-09-14T04:22:29+02:00,[60],[2.025]
2025-09-14T04:22:30+02:00,[60],[2.024]
2025-09-14T04:22:31+02:00,[60],[2.023]
2025-09-14T04:22:32+02:00,[60],[2.021]
2025-09-14T04:22:33+02:00,[60],[2.021]
2025-09-14T04:22:34+02:00,[60],[2.02]
2025-09-14T04:22:35+02:00,[60],[2.019]
2025-09-14T04:22:36+02:00,[60],[2.017]
2025-09-14T04:22:37+02:00,[60],[2.017]
2025-09-14T04:22:38+02:00,[60],[2.016]
2025-09-14T04:22:39+02:00,[60],[2.015]
2025-09-14T04:22:40+02:00,[60],[2.015]
2025-09-14T04:22:41+02:00,[60],[2.013]
2025-09-14T04:22:42+02:00,[60],[2.013]
2025-09-14T04:22:43+02:00,[60],[2.012]
2025-09-14T04:22:44+02:00,[60],[2.012]
2025-09-14T04:22:45+02:00,[60],[2.011]
2025-09-14T04:22:46+02:00,[60],[2.011]
2025-09-14T04:22:47+02:00,[60],[2.013]
2025-09-14T04:22:48+02:00,[60],[2.013]
2025-09-14T04:22:49+02:00,[60],[2.013]
2025-09-14T04:22:50+02:00,[60],[2.012]
2025-09-14T04:22:51+02:00,[60],[2.012]
2025-09-14T04:22:52+02:00,[60],[2.011]
2025-09-14T04:22:53+02:00,[60],[2.029]
2025-09-14T04:22:54+02:00,[60],[2.027]
2025-09-14T04:22:55+02:00,[60],[2.025]
2025-09-14T04:22:56+02:00,[60],[2.025]
2025-09-14T04:22:57+02:00,[60],[2.023]
2025-09-14T04:22:58+02:00,[60],[2.021]
2025-09-14T04:22:59+02:00,[60],[2.032]
2025-09-14T04:23:00+02:00,[60],[2.029]
2025-09-14T04:23:01+02:00,[60],[2.029]
2025-09-14T04:23:02+02:00,[60],[2.027]
2025-09-14T04:23:03+02:00,[60],[2.025]
2025-09-14T04:23:04+02:00,[60],[2.025]
2025-09-14T04:23:05+02:00,[60],[2.024]
2025-09-14T04:23:06+02:00,[60],[2.021]
2025-09-14T04:23:07+02:00,[60],[2.043]
2025-09-14T04:23:08+02:00,[60],[2.068]
2025-09-14T04:23:09+02:00,[60],[2.065]
2025-09-14T04:23:10+02:00,[60],[2.062]
2025-09-14T04:23:11+02:00,[60],[2.059]
2025-09-14T04:23:12+02:00,[60],[2.056]
2025-09-14T04:23:13+02:00,[60],[2.053]
2025-09-14T04:23:14+02:00,[60],[2.05]
2025-09-14T04:23:15+02:00,[60],[2.048]
2025-09-14T04:23:16+02:00,[60],[2.045]
2025-09-14T04:23:17+02:00,[60],[2.043]
2025-09-14T04:23:18+02:00,[60],[2.041]
2025-09-14T04:23:19+02:00,[60],[2.039]
2025-09-14T04:23:20+02:00,[60],[2.037]
2025-09-14T04:23:21+02:00,[60],[2.035]
2025-09-14T04:23:22+02:00,[60],[2.033]
2025-09-14T04:23:23+02:00,[60],[2.032]
2025-09-14T04:23:24+02:00,[60],[2.037]
2025-09-14T04:23:25+02:00,[60],[2.035]
2025-09-14T04:23:26+02:00,[60],[2.033]
2025-09-14T04:23:27+02:00,[60],[2.032]
2025-09-14T04:23:28+02:00,[60],[2.029]
2025-09-14T04:23:29+02:00,[60],[2.029]
2025-09-14T04:23:30+02:00,[60],[2.027]
2025-09-14T04:23:31+02:00,[60],[2.025]
2025-09-14T04:23:32+02:00,[60],[2.025]
2025-09-14T04:23:33+02:00,[60],[2.023]
2025-09-14T04:23:34+02:00,[60],[2.021]
2025-09-14T04:23:35+02:00,[60],[2.021]
2025-09-14T04:23:36+02:00,[60],[2.02]
2025-09-14T04:23:37+02:00,[60],[2.019]
2025-09-14T04:23:38+02:00,[60],[2.027]
2025-09-14T04:23:39+02:00,[60],[2.027]
2025-09-14T04:23:40+02:00,[60],[2.069]
2025-09-14T04:23:41+02:00,[60],[2.065]
2025-09-14T04:23:42+02:00,[60],[2.08]
2025-09-14T04:23:43+02:00,[60],[2.076]
2025-09-14T04:23:44+02:00,[60],[2.073]
2025-09-14T04:23:45+02:00,[60],[2.074]
2025-09-14T04:23:46+02:00,[60],[2.078]
2025-09-14T04:23:47+02:00,[60],[2.093]
2025-09-14T04:23:48+02:00,[60],[2.089]
2025-09-14T04:23:49+02:00,[60],[2.084]
2025-09-14T04:23:50+02:00,[60],[2.08]
2025-09-14T04:23:51+02:00,[60],[2.076]
2025-09-14T04:23:52+02:00,[60],[2.072]
2025-09-14T04:23:53+02:00,[60],[2.069]
2025-09-14T04:23:54+02:00,[60],[2.065]
2025-09-14T04:23:55+02:00,[60],[2.062]
2025-09-14T04:23:56+02:00,[60],[2.059]
2025-09-14T04:23:57+02:00,[60],[2.056]
2025-09-14T04:23:58+02:00,[60],[2.053]
2025-09-14T04:23:59+02:00,[60],[2.051]
2025-09-14T04:24:00+02:00,[60],[2.048]
2025-09-14T04:24:01+02:00,[60],[2.045]
2025-09-14T04:24:02+02:00,[60],[2.043]
2025-09-14T04:24:03+02:00,[60],[2.041]
2025-09-14T04:24:04+02:00,[60],[2.039]
2025-09-14T04:24:05+02:00,[60],[2.037]
2025-09-14T04:24:06+02:00,[60],[2.035]
2025-09-14T04:24:07+02:00,[60],[2.033]
2025-09-14T04:24:08+02:00,[60],[2.032]
2025-09-14T04:24:09+02:00,[60],[2.029]
2025-09-14T04:24:10+02:00,[60],[2.029]
2025-09-14T04:24:11+02:00,[60],[2.027]
2025-09-14T04:24:12+02:00,[60],[2.025]
2025-09-14T04:24:13+02:00,[60],[2.025]
2025-09-14T04:24:14+02:00,[60],[2.023]
2025-09-14T04:24:15+02:00,[60],[2.021]
2025-09-14T04:24:16+02:00,[60],[2.021]
2025-09-14T04:24:17+02:00,[60],[2.02]
2025-09-14T04:24:18+02:00,[60],[2.019]
2025-09-14T04:24:19+02:00,[60],[2.017]
2025-09-14T04:24:20+02:00,[60],[2.033]
2025-09-14T04:24:21+02:00,[60],[2.032]
2025-09-14T04:24:22+02:00,[60],[2.029]
2025-09-14T04:24:23+02:00,[60],[2.029]
2025-09-14T04:24:24+02:00,[60],[2.049]
2025-09-14T04:24:25+02:00,[60],[2.052]
2025-09-14T04:24:26+02:00,[60],[2.06]
2025-09-14T04:24:27+02:00,[60],[2.069]
2025-09-14T04:24:28+02:00,[60],[2.065]
2025-09-14T04:24:29+02:00,[60],[2.071]
2025-09-14T04:24:30+02:00,[60],[2.079]
2025-09-14T04:24:31+02:00,[60],[2.075]
2025-09-14T04:24:32+02:00,[60],[2.09]
2025-09-14T04:24:33+02:00,[60],[2.085]
2025-09-14T04:24:34+02:00,[60],[2.081]
2025-09-14T04:24:35+02:00,[60],[2.077]
2025-09-14T04:24:36+02:00,[60],[2.073]
2025-09-14T04:24:37+02:00,[60],[2.07]
2025-09-14T04:24:38+02:00,[60],[2.092]
2025-09-14T04:24:39+02:00,[60],[2.141]
2025-09-14T04:24:40+02:00,[60],[2.134]
2025-09-14T04:24:41+02:00,[60],[2.13]
2025-09-14T04:24:42+02:00,[60],[2.138]
2025-09-14T04:24:43+02:00,[60],[2.137]
2025-09-14T04:24:44+02:00,[60],[2.13]
2025-09-14T04:24:45+02:00,[60],[2.157]
2025-09-14T04:24:46+02:00,[60],[2.163]
2025-09-14T04:24:47+02:00,[60],[2.155]
2025-09-14T04:24:48+02:00,[60],[2.147]
2025-09-14T04:24:49+02:00,[60],[2.14]
2025-09-14T04:24:50+02:00,[60],[2.133]
2025-09-14T04:24:51+02:00,[60],[2.127]
2025-09-14T04:24:52+02:00,[60],[2.12]
2025-09-14T04:24:53+02:00,[60],[2.114]
2025-09-14T04:24:54+02:00,[60],[2.109]
2025-09-14T04:24:55+02:00,[60],[2.103]
2025-09-14T04:24:56+02:00,[60],[2.098]
2025-09-14T04:24:57+02:00,[60],[2.093]
2025-09-14T04:24:58+02:00,[60],[2.089]
2025-09-14T04:24:59+02:00,[60],[2.086]
2025-09-14T04:25:00+02:00,[60],[2.082]
2025-09-14T04:25:01+02:00,[60],[2.077]
2025-09-14T04:25:02+02:00,[60],[2.074]
2025-09-14T04:25:03+02:00,[60],[2.07]
2025-09-14T04:25:04+02:00,[60],[2.066]
2025-09-14T04:25:05+02:00,[60],[2.063]
2025-09-14T04:25:06+02:00,[60],[2.06]
2025-09-14T04:25:07+02:00,[60],[2.057]
2025-09-14T04:25:08+02:00,[60],[2.054]
2025-09-14T04:25:09+02:00,[60],[2.051]
2025-09-14T04:25:10+02:00,[60],[2.049]
2025-09-14T04:25:11+02:00,[60],[2.045]
2025-09-14T04:25:12+02:00,[60],[2.044]
2025-09-14T04:25:13+02:00,[60],[2.041]
2025-09-14T04:25:14+02:00,[60],[2.04]
2025-09-14T04:25:15+02:00,[60],[2.037]
2025-09-14T04:25:16+02:00,[60],[2.036]
2025-09-14T04:25:17+02:00,[60],[2.033]
2025-09-14T04:25:18+02:00,[60],[2.032]
2025-09-14T04:25:19+02:00,[60],[2.031]
2025-09-14T04:25:20+02:00,[60],[2.029]
2025-09-14T04:25:21+02:00,[60],[2.028]
2025-09-14T04:25:22+02:00,[60],[2.025]
2025-09-14T04:25:23+02:00,[60],[2.029]
2025-09-14T04:25:24+02:00,[60],[2.028]
2025-09-14T04:25:25+02:00,[60],[2.025]
2025-09-14T04:25:26+02:00,[60],[2.025]
2025-09-14T04:25:27+02:00,[60],[2.025]
2025-09-14T04:25:28+02:00,[60],[2.024]
2025-09-14T04:25:29+02:00,[60],[2.024]
2025-09-14T04:25:30+02:00,[60],[2.021]
2025-09-14T04:25:31+02:00,[60],[2.021]
2025-09-14T04:25:32+02:00,[60],[2.02]
2025-09-14T04:25:33+02:00,[60],[2.019]
2025-09-14T04:25:34+02:00,[60],[2.023]
2025-09-14T04:25:35+02:00,[60],[2.021]
2025-09-14T04:25:36+02:00,[60],[2.033]
2025-09-14T04:25:37+02:00,[60],[2.032]
2025-09-14T04:25:38+02:00,[60],[2.031]
2025-09-14T04:25:39+02:00,[60],[2.029]
2025-09-14T04:25:40+02:00,[60],[2.028]
2025-09-14T04:25:41+02:00,[60],[2.025]
2025-09-14T04:25:42+02:00,[60],[2.025]
2025-09-14T04:25:43+02:00,[60],[2.024]
2025-09-14T04:25:44+02:00,[60],[2.021]
2025-09-14T04:25:45+02:00,[60],[2.037]
2025-09-14T04:25:46+02:00,[60],[2.037]
2025-09-14T04:25:47+02:00,[60],[2.036]
2025-09-14T04:25:48+02:00,[60],[2.033]
2025-09-14T04:25:49+02:00,[60],[2.032]
2025-09-14T04:25:50+02:00,[60],[2.031]
2025-09-14T04:25:51+02:00,[60],[2.037]
2025-09-14T04:25:52+02:00,[60],[2.036]
2025-09-14T04:25:53+02:00,[60],[2.047]
2025-09-14T04:25:54+02:00,[60],[2.045]
2025-09-14T04:25:55+02:00,[60],[2.052]
2025-09-14T04:25:56+02:00,[60],[2.063]
2025-09-14T04:25:57+02:00,[60],[2.06]
2025-09-14T04:25:58+02:00,[60],[2.057]
2025-09-14T04:25:59+02:00,[60],[2.054]
2025-09-14T04:26:00+02:00,[60],[2.073]
2025-09-14T04:26:01+02:00,[60],[2.07]
2025-09-14T04:26:02+02:00,[60],[2.066]
2025-09-14T04:26:03+02:00,[60],[2.08]
2025-09-14T04:26:04+02:00,[60],[2.076]
2025-09-14T04:26:05+02:00,[60],[2.072]
2025-09-14T04:26:06+02:00,[60],[2.069]
2025-09-14T04:26:07+02:00,[60],[2.065]
2025-09-14T04:26:08+02:00,[60],[2.062]
2025-09-14T04:26:09+02:00,[60],[2.059]
2025-09-14T04:26:10+02:00,[60],[2.056]
2025-09-14T04:26:11+02:00,[60],[2.053]
2025-09-14T04:26:12+02:00,[60],[2.051]
2025-09-14T04:26:13+02:00,[60],[2.073]
2025-09-14T04:26:14+02:00,[60],[2.106]
2025-09-14T04:26:16+02:00,[60],[2.116]
2025-09-14T04:26:17+02:00,[60],[2.117]
2025-09-14T04:26:18+02:00,[60],[2.125]
2025-09-14T04:26:19+02:00,[60],[2.119]
2025-09-14T04:26:20+02:00,[60],[2.113]
2025-09-14T04:26:21+02:00,[60],[2.107]
2025-09-14T04:26:22+02:00,[60],[2.102]
2025-09-14T04:26:23+02:00,[60],[2.097]
2025-09-14T04:26:24+02:00,[60],[2.104]
2025-09-14T04:26:25+02:00,[60],[2.101]
2025-09-14T04:26:26+02:00,[60],[2.104]
2025-09-14T04:26:27+02:00,[60],[2.155]
2025-09-14T04:26:28+02:00,[60],[2.147]
2025-09-14T04:26:29+02:00,[60],[2.14]
2025-09-14T04:26:30+02:00,[60],[2.133]
2025-09-14T04:26:31+02:00,[60],[2.126]
2025-09-14T04:26:32+02:00,[60],[2.12]
2025-09-14T04:26:33+02:00,[60],[2.134]
2025-09-14T04:26:34+02:00,[60],[2.127]
2025-09-14T04:26:35+02:00,[60],[2.121]
2025-09-14T04:26:36+02:00,[60],[2.115]
2025-09-14T04:26:37+02:00,[60],[2.109]
2025-09-14T04:26:38+02:00,[60],[2.104]
2025-09-14T04:26:39+02:00,[60],[2.098]
2025-09-14T04:26:40+02:00,[60],[2.094]
2025-09-14T04:26:41+02:00,[60],[2.089]
2025-09-14T04:26:42+02:00,[60],[2.087]
2025-09-14T04:26:43+02:00,[60],[2.082]
2025-09-14T04:26:44+02:00,[60],[2.074]
2025-09-14T04:26:45+02:00,[60],[2.107]
2025-09-14T04:26:46+02:00,[60],[2.102]
2025-09-14T04:26:47+02:00,[60],[2.097]
2025-09-14T04:26:48+02:00,[60],[2.093]
2025-09-14T04:26:49+02:00,[60],[2.088]
2025-09-14T04:26:50+02:00,[60],[2.084]
2025-09-14T04:26:51+02:00,[60],[2.08]
2025-09-14T04:26:52+02:00,[60],[2.076]
2025-09-14T04:26:53+02:00,[60],[2.072]
2025-09-14T04:26:54+02:00,[60],[2.068]
2025-09-14T04:26:55+02:00,[60],[2.065]
2025-09-14T04:26:56+02:00,[60],[2.064]
2025-09-14T04:26:57+02:00,[60],[2.061]
2025-09-14T04:26:58+02:00,[60],[2.068]
2025-09-14T04:26:59+02:00,[60],[2.065]
2025-09-14T04:27:00+02:00,[60],[2.062]
2025-09-14T04:27:01+02:00,[60],[2.059]
2025-09-14T04:27:02+02:00,[60],[2.056]
2025-09-14T04:27:03+02:00,[60],[2.079]
2025-09-14T04:27:04+02:00,[60],[2.101]
2025-09-14T04:27:05+02:00,[60],[2.099]
2025-09-14T04:27:06+02:00,[60],[2.118]
2025-09-14T04:27:07+02:00,[60],[2.115]
2025-09-14T04:27:08+02:00,[60],[2.116]
2025-09-14T04:27:09+02:00,[60],[2.117]
2025-09-14T04:27:10+02:00,[60],[2.111]
2025-09-14T04:27:11+02:00,[60],[2.105]
2025-09-14T04:27:12+02:00,[60],[2.1]
2025-09-14T04:27:13+02:00,[60],[2.095]
2025-09-14T04:27:14+02:00,[60],[2.101]
2025-09-14T04:27:15+02:00,[60],[2.096]
2025-09-14T04:27:16+02:00,[60],[2.091]
2025-09-14T04:27:17+02:00,[60],[2.087]
2025-09-14T04:27:18+02:00,[60],[2.082]
2025-09-14T04:27:19+02:00,[60],[2.078]
2025-09-14T04:27:20+02:00,[60],[2.074]
2025-09-14T04:27:21+02:00,[60],[2.082]
2025-09-14T04:27:22+02:00,[60],[2.088]
2025-09-14T04:27:23+02:00,[60],[2.083]
2025-09-14T04:27:24+02:00,[60],[2.089]
2025-09-14T04:27:25+02:00,[60],[2.102]
2025-09-14T04:27:26+02:00,[60],[2.097]
2025-09-14T04:27:27+02:00,[60],[2.093]
2025-09-14T04:27:28+02:00,[60],[2.16]
2025-09-14T04:27:29+02:00,[60],[2.152]
2025-09-14T04:27:30+02:00,[60],[2.144]
2025-09-14T04:27:31+02:00,[60],[2.148]
2025-09-14T04:27:32+02:00,[60],[2.141]
2025-09-14T04:27:33+02:00,[60],[2.134]
2025-09-14T04:27:34+02:00,[60],[2.127]
2025-09-14T04:27:35+02:00,[60],[2.122]
2025-09-14T04:27:36+02:00,[60],[2.116]
2025-09-14T04:27:37+02:00,[60],[2.12]
2025-09-14T04:27:38+02:00,[60],[2.114]
2025-09-14T04:27:39+02:00,[60],[2.108]
2025-09-14T04:27:41+02:00,[60],[2.103]
2025-09-14T04:27:42+02:00,[60],[2.098]
2025-09-14T04:27:43+02:00,[60],[2.093]
2025-09-14T04:27:44+02:00,[60],[2.088]
2025-09-14T04:27:45+02:00,[60],[2.084]
2025-09-14T04:27:46+02:00,[60],[2.08]
2025-09-14T04:27:47+02:00,[60],[2.1]
2025-09-14T04:27:48+02:00,[60],[2.127]
2025-09-14T04:27:49+02:00,[60],[2.126]
2025-09-14T04:27:50+02:00,[60],[2.15]
2025-09-14T04:27:51+02:00,[60],[2.153]
2025-09-14T04:27:52+02:00,[60],[2.153]
2025-09-14T04:27:53+02:00,[60],[2.146]
2025-09-14T04:27:54+02:00,[60],[2.162]
2025-09-14T04:27:55+02:00,[60],[2.154]
2025-09-14T04:27:56+02:00,[60],[2.146]
2025-09-14T04:27:57+02:00,[60],[2.139]
2025-09-14T04:27:58+02:00,[60],[2.137]
2025-09-14T04:27:59+02:00,[60],[2.13]
2025-09-14T04:28:00+02:00,[60],[2.129]
2025-09-14T04:28:01+02:00,[60],[2.122]
2025-09-14T04:28:02+02:00,[60],[2.131]
2025-09-14T04:28:03+02:00,[60],[2.147]
2025-09-14T04:28:04+02:00,[60],[2.14]
2025-09-14T04:28:05+02:00,[60],[2.154]
2025-09-14T04:28:06+02:00,[60],[2.155]
2025-09-14T04:28:07+02:00,[60],[2.163]
2025-09-14T04:28:08+02:00,[60],[2.155]
2025-09-14T04:28:09+02:00,[60],[2.153]
2025-09-14T04:28:10+02:00,[60],[2.146]
2025-09-14T04:28:11+02:00,[60],[2.138]
2025-09-14T04:28:12+02:00,[60],[2.131]
2025-09-14T04:28:13+02:00,[60],[2.157]
2025-09-14T04:28:14+02:00,[60],[2.169]
2025-09-14T04:28:15+02:00,[60],[2.169]
2025-09-14T04:28:16+02:00,[60],[2.161]
2025-09-14T04:28:17+02:00,[60],[2.203]
2025-09-14T04:28:18+02:00,[60],[2.198]
2025-09-14T04:28:19+02:00,[60],[2.188]
2025-09-14T04:28:20+02:00,[60],[2.179]
2025-09-14T04:28:21+02:00,[60],[2.173]
2025-09-14T04:28:22+02:00,[60],[2.164]
2025-09-14T04:28:23+02:00,[60],[2.173]
2025-09-14T04:28:24+02:00,[60],[2.165]
2025-09-14T04:28:25+02:00,[60],[2.162]
2025-09-14T04:28:26+02:00,[60],[2.154]
2025-09-14T04:28:27+02:00,[60],[2.146]
2025-09-14T04:28:28+02:00,[60],[2.139]
2025-09-14T04:28:29+02:00,[60],[2.132]
2025-09-14T04:28:30+02:00,[60],[2.144]
2025-09-14T04:28:31+02:00,[60],[2.136]
2025-09-14T04:28:32+02:00,[60],[2.13]
2025-09-14T04:28:33+02:00,[60],[2.123]
2025-09-14T04:28:34+02:00,[60],[2.146]
2025-09-14T04:28:35+02:00,[60],[2.139]
2025-09-14T04:28:36+02:00,[60],[2.14]
2025-09-14T04:28:37+02:00,[60],[2.133]
2025-09-14T04:28:38+02:00,[60],[2.126]
2025-09-14T04:28:39+02:00,[60],[2.12]
2025-09-14T04:28:40+02:00,[60],[2.115]
2025-09-14T04:28:41+02:00,[60],[2.11]
2025-09-14T04:28:42+02:00,[60],[2.104]
2025-09-14T04:28:43+02:00,[60],[2.099]
2025-09-14T04:28:44+02:00,[60],[2.094]
2025-09-14T04:28:45+02:00,[60],[2.089]
2025-09-14T04:28:46+02:00,[60],[2.085]
2025-09-14T04:28:47+02:00,[60],[2.093]
2025-09-14T04:28:48+02:00,[60],[2.089]
2025-09-14T04:28:49+02:00,[60],[2.085]
2025-09-14T04:28:50+02:00,[60],[2.078]
2025-09-14T04:28:51+02:00,[60],[2.074]
2025-09-14T04:28:52+02:00,[60],[2.085]
2025-09-14T04:28:53+02:00,[60],[2.081]
2025-09-14T04:28:54+02:00,[60],[2.077]
2025-09-14T04:28:55+02:00,[60],[2.073]
2025-09-14T04:28:56+02:00,[60],[2.07]
2025-09-14T04:28:57+02:00,[60],[2.07]
2025-09-14T04:28:58+02:00,[60],[2.066]
2025-09-14T04:28:59+02:00,[60],[2.065]
2025-09-14T04:29:00+02:00,[60],[2.067]
2025-09-14T04:29:01+02:00,[60],[2.065]
2025-09-14T04:29:02+02:00,[60],[2.062]
2025-09-14T04:29:03+02:00,[60],[2.065]
2025-09-14T04:29:04+02:00,[60],[2.066]
2025-09-14T04:29:05+02:00,[60],[2.063]
2025-09-14T04:29:06+02:00,[60],[2.06]
2025-09-14T04:29:07+02:00,[60],[2.057]
2025-09-14T04:29:08+02:00,[60],[2.054]
2025-09-14T04:29:09+02:00,[60],[2.051]
2025-09-14T04:29:10+02:00,[60],[2.049]
2025-09-14T04:29:11+02:00,[60],[2.045]
2025-09-14T04:29:12+02:00,[60],[2.051]
2025-09-14T04:29:13+02:00,[60],[2.072]
2025-09-14T04:29:14+02:00,[60],[2.094]
2025-09-14T04:29:15+02:00,[60],[2.09]
2025-09-14T04:29:16+02:00,[60],[2.086]
2025-09-14T04:29:17+02:00,[60],[2.081]
2025-09-14T04:29:18+02:00,[60],[2.089]
2025-09-14T04:29:19+02:00,[60],[2.084]
2025-09-14T04:29:20+02:00,[60],[2.08]
2025-09-14T04:29:21+02:00,[60],[2.076]
2025-09-14T04:29:22+02:00,[60],[2.072]
2025-09-14T04:29:23+02:00,[60],[2.069]
2025-09-14T04:29:24+02:00,[60],[2.084]
2025-09-14T04:29:25+02:00,[60],[2.102]
2025-09-14T04:29:26+02:00,[60],[2.097]
2025-09-14T04:29:27+02:00,[60],[2.112]
2025-09-14T04:29:28+02:00,[60],[2.106]
2025-09-14T04:29:29+02:00,[60],[2.101]
2025-09-14T04:29:30+02:00,[60],[2.096]
2025-09-14T04:29:31+02:00,[60],[2.113]
2025-09-14T04:29:32+02:00,[60],[2.128]
2025-09-14T04:29:33+02:00,[60],[2.144]
2025-09-14T04:29:34+02:00,[60],[2.139]
2025-09-14T04:29:35+02:00,[60],[2.142]
2025-09-14T04:29:36+02:00,[60],[2.135]
2025-09-14T04:29:37+02:00,[60],[2.143]
2025-09-14T04:29:38+02:00,[60],[2.136]
2025-09-14T04:29:39+02:00,[60],[2.147]
2025-09-14T04:29:40+02:00,[60],[2.14]
2025-09-14T04:29:41+02:00,[60],[2.143]
2025-09-14T04:29:42+02:00,[60],[2.142]
2025-09-14T04:29:43+02:00,[60],[2.135]
2025-09-14T04:29:44+02:00,[60],[2.128]
2025-09-14T04:29:45+02:00,[60],[2.128]
2025-09-14T04:29:47+02:00,[60],[2.122]
2025-09-14T04:29:48+02:00,[60],[2.119]
2025-09-14T04:29:49+02:00,[60],[2.113]
2025-09-14T04:29:50+02:00,[60],[2.107]
2025-09-14T04:29:51+02:00,[60],[2.102]
2025-09-14T04:29:52+02:00,[60],[2.097]
2025-09-14T04:29:53+02:00,[60],[2.092]
2025-09-14T04:29:54+02:00,[60],[2.087]
2025-09-14T04:29:55+02:00,[60],[2.083]
2025-09-14T04:29:56+02:00,[60],[2.079]
2025-09-14T04:29:57+02:00,[60],[2.075]
2025-09-14T04:29:58+02:00,[60],[2.071]
2025-09-14T04:29:59+02:00,[60],[2.068]
2025-09-14T04:30:00+02:00,[60],[2.064]
2025-09-14T04:30:01+02:00,[60],[2.061]
2025-09-14T04:30:02+02:00,[60],[2.089]
2025-09-14T04:30:03+02:00,[60],[2.084]
2025-09-14T04:30:04+02:00,[60],[2.085]
2025-09-14T04:30:05+02:00,[60],[2.081]
2025-09-14T04:30:06+02:00,[60],[2.077]
2025-09-14T04:30:07+02:00,[60],[2.073]
2025-09-14T04:30:08+02:00,[60],[2.118]
2025-09-14T04:30:09+02:00,[60],[2.128]
2025-09-14T04:30:10+02:00,[60],[2.122]
2025-09-14T04:30:11+02:00,[60],[2.123]
2025-09-14T04:30:12+02:00,[60],[2.117]
2025-09-14T04:30:13+02:00,[60],[2.162]
2025-09-14T04:30:14+02:00,[60],[2.175]
2025-09-14T04:30:15+02:00,[60],[2.192]
2025-09-14T04:30:16+02:00,[60],[2.183]
2025-09-14T04:30:17+02:00,[60],[2.207]
2025-09-14T04:30:18+02:00,[60],[2.197]
2025-09-14T04:30:19+02:00,[60],[2.187]
2025-09-14T04:30:20+02:00,[60],[2.178]
2025-09-14T04:30:21+02:00,[60],[2.169]
2025-09-14T04:30:22+02:00,[60],[2.16]
2025-09-14T04:30:23+02:00,[60],[2.159]
2025-09-14T04:30:24+02:00,[60],[2.151]
2025-09-14T04:30:25+02:00,[60],[2.144]
2025-09-14T04:30:26+02:00,[60],[2.137]
2025-09-14T04:30:27+02:00,[60],[2.13]
2025-09-14T04:30:28+02:00,[60],[2.14]
2025-09-14T04:30:29+02:00,[60],[2.133]
2025-09-14T04:30:30+02:00,[60],[2.155]
2025-09-14T04:30:31+02:00,[60],[2.166]
2025-09-14T04:30:32+02:00,[60],[2.228]
2025-09-14T04:30:33+02:00,[60],[2.217]
2025-09-14T04:30:34+02:00,[60],[2.214]
2025-09-14T04:30:35+02:00,[60],[2.212]
2025-09-14T04:30:36+02:00,[60],[2.202]
2025-09-14T04:30:37+02:00,[60],[2.192]
2025-09-14T04:30:38+02:00,[60],[2.219]
2025-09-14T04:30:39+02:00,[60],[2.207]
2025-09-14T04:30:40+02:00,[60],[2.203]
2025-09-14T04:30:41+02:00,[60],[2.195]
2025-09-14T04:30:42+02:00,[60],[2.186]
2025-09-14T04:30:43+02:00,[60],[2.187]
2025-09-14T04:30:44+02:00,[60],[2.187]
2025-09-14T04:30:45+02:00,[60],[2.177]
2025-09-14T04:30:46+02:00,[60],[2.169]
2025-09-14T04:30:47+02:00,[60],[2.168]
2025-09-14T04:30:48+02:00,[60],[2.16]
2025-09-14T04:30:49+02:00,[60],[2.154]
2025-09-14T04:30:50+02:00,[60],[2.172]
2025-09-14T04:30:51+02:00,[60],[2.163]
2025-09-14T04:30:52+02:00,[60],[2.16]
2025-09-14T04:30:53+02:00,[60],[2.195]
2025-09-14T04:30:54+02:00,[60],[2.24]
2025-09-14T04:30:55+02:00,[60],[2.234]
2025-09-14T04:30:56+02:00,[60],[2.254]
2025-09-14T04:30:57+02:00,[60],[2.258]
2025-09-14T04:30:58+02:00,[60],[2.269]
2025-09-14T04:30:59+02:00,[60],[2.277]
2025-09-14T04:31:00+02:00,[60],[2.309]
2025-09-14T04:31:01+02:00,[60],[2.346]
2025-09-14T04:31:02+02:00,[60],[2.376]
2025-09-14T04:31:03+02:00,[60],[2.407]
2025-09-14T04:31:04+02:00,[60],[2.386]
2025-09-14T04:31:05+02:00,[60],[2.373]
2025-09-14T04:31:06+02:00,[60],[2.354]
2025-09-14T04:31:07+02:00,[60],[2.336]
2025-09-14T04:31:08+02:00,[60],[2.319]
2025-09-14T04:31:09+02:00,[60],[2.303]
2025-09-14T04:31:10+02:00,[60],[2.29]
2025-09-14T04:31:11+02:00,[60],[2.315]
2025-09-14T04:31:12+02:00,[60],[2.317]
2025-09-14T04:31:13+02:00,[60],[2.307]
2025-09-14T04:31:14+02:00,[60],[2.329]
2025-09-14T04:31:15+02:00,[60],[2.321]
2025-09-14T04:31:16+02:00,[60],[2.322]
2025-09-14T04:31:17+02:00,[60],[2.323]
2025-09-14T04:31:18+02:00,[60],[2.308]
2025-09-14T04:31:19+02:00,[60],[2.293]
2025-09-14T04:31:20+02:00,[60],[2.278]
2025-09-14T04:31:21+02:00,[60],[2.264]
2025-09-14T04:31:22+02:00,[60],[2.251]
2025-09-14T04:31:23+02:00,[60],[2.285]
2025-09-14T04:31:24+02:00,[60],[2.27]
2025-09-14T04:31:25+02:00,[60],[2.257]
2025-09-14T04:31:26+02:00,[60],[2.244]
2025-09-14T04:31:27+02:00,[60],[2.278]
2025-09-14T04:31:28+02:00,[60],[2.274]
2025-09-14T04:31:29+02:00,[60],[2.268]
2025-09-14T04:31:30+02:00,[60],[2.254]
2025-09-14T04:31:31+02:00,[60],[2.276]
2025-09-14T04:31:32+02:00,[60],[2.276]
2025-09-14T04:31:33+02:00,[60],[2.262]
2025-09-14T04:31:34+02:00,[60],[2.268]
2025-09-14T04:31:35+02:00,[60],[2.254]
2025-09-14T04:31:36+02:00,[60],[2.242]
2025-09-14T04:31:37+02:00,[60],[2.23]
2025-09-14T04:31:38+02:00,[60],[2.218]
2025-09-14T04:31:39+02:00,[60],[2.207]
2025-09-14T04:31:40+02:00,[60],[2.197]
2025-09-14T04:31:41+02:00,[60],[2.195]
2025-09-14T04:31:42+02:00,[60],[2.185]
2025-09-14T04:31:43+02:00,[60],[2.176]
2025-09-14T04:31:44+02:00,[60],[2.167]
2025-09-14T04:31:45+02:00,[60],[2.158]
2025-09-14T04:31:46+02:00,[60],[2.151]
2025-09-14T04:31:47+02:00,[60],[2.143]
2025-09-14T04:31:48+02:00,[60],[2.143]
2025-09-14T04:31:49+02:00,[60],[2.136]
2025-09-14T04:31:50+02:00,[60],[2.129]
2025-09-14T04:31:52+02:00,[60],[2.123]
2025-09-14T04:31:53+02:00,[60],[2.116]
2025-09-14T04:31:54+02:00,[60],[2.111]
2025-09-14T04:31:55+02:00,[60],[2.105]
2025-09-14T04:31:56+02:00,[60],[2.1]
2025-09-14T04:31:57+02:00,[60],[2.098]
2025-09-14T04:31:58+02:00,[60],[2.12]
2025-09-14T04:31:59+02:00,[60],[2.114]
2025-09-14T04:32:00+02:00,[60],[2.108]
2025-09-14T04:32:01+02:00,[60],[2.102]
2025-09-14T04:32:02+02:00,[60],[2.097]
2025-09-14T04:32:03+02:00,[60],[2.092]
2025-09-14T04:32:04+02:00,[60],[2.088]
2025-09-14T04:32:05+02:00,[60],[2.085]
2025-09-14T04:32:06+02:00,[60],[2.102]
2025-09-14T04:32:07+02:00,[60],[2.097]
2025-09-14T04:32:08+02:00,[60],[2.113]
2025-09-14T04:32:09+02:00,[60],[2.107]
2025-09-14T04:32:10+02:00,[60],[2.102]
2025-09-14T04:32:11+02:00,[60],[2.138]
2025-09-14T04:32:12+02:00,[60],[2.185]
2025-09-14T04:32:13+02:00,[60],[2.189]
2025-09-14T04:32:14+02:00,[60],[2.179]
2025-09-14T04:32:15+02:00,[60],[2.17]
2025-09-14T04:32:16+02:00,[60],[2.169]
2025-09-14T04:32:17+02:00,[60],[2.2]
2025-09-14T04:32:18+02:00,[60],[2.19]
2025-09-14T04:32:19+02:00,[60],[2.184]
2025-09-14T04:32:20+02:00,[60],[2.217]
2025-09-14T04:32:21+02:00,[60],[2.206]
2025-09-14T04:32:22+02:00,[60],[2.226]
2025-09-14T04:32:23+02:00,[60],[2.263]
2025-09-14T04:32:24+02:00,[60],[2.25]
2025-09-14T04:32:25+02:00,[60],[2.249]
2025-09-14T04:32:26+02:00,[60],[2.237]
2025-09-14T04:32:27+02:00,[60],[2.241]
2025-09-14T04:32:28+02:00,[60],[2.233]
2025-09-14T04:32:29+02:00,[60],[2.221]
2025-09-14T04:32:30+02:00,[60],[2.21]
2025-09-14T04:32:31+02:00,[60],[2.215]
2025-09-14T04:32:32+02:00,[60],[2.204]
2025-09-14T04:32:33+02:00,[60],[2.199]
2025-09-14T04:32:34+02:00,[60],[2.189]
2025-09-14T04:32:35+02:00,[60],[2.19]
2025-09-14T04:32:36+02:00,[60],[2.18]
2025-09-14T04:32:37+02:00,[60],[2.171]
2025-09-14T04:32:38+02:00,[60],[2.166]
2025-09-14T04:32:39+02:00,[60],[2.165]
2025-09-14T04:32:40+02:00,[60],[2.19]
2025-09-14T04:32:41+02:00,[60],[2.183]
2025-09-14T04:32:42+02:00,[60],[2.202]
2025-09-14T04:32:43+02:00,[60],[2.192]
2025-09-14T04:32:44+02:00,[60],[2.182]
2025-09-14T04:32:45+02:00,[60],[2.178]
2025-09-14T04:32:46+02:00,[60],[2.202]
2025-09-14T04:32:47+02:00,[60],[2.492]
2025-09-14T04:32:48+02:00,[60],[2.506]
2025-09-14T04:32:49+02:00,[60],[2.524]
2025-09-14T04:32:50+02:00,[60],[2.498]
2025-09-14T04:32:51+02:00,[60],[2.516]
2025-09-14T04:32:52+02:00,[60],[2.498]
2025-09-14T04:32:53+02:00,[60],[2.473]
2025-09-14T04:32:54+02:00,[60],[2.463]
2025-09-14T04:32:55+02:00,[60],[2.488]
2025-09-14T04:32:56+02:00,[60],[2.485]
2025-09-14T04:32:57+02:00,[60],[2.507]
2025-09-14T04:32:58+02:00,[60],[2.497]
2025-09-14T04:32:59+02:00,[60],[2.478]
2025-09-14T04:33:00+02:00,[60],[2.464]
2025-09-14T04:33:01+02:00,[60],[2.453]
2025-09-14T04:33:02+02:00,[60],[2.473]
2025-09-14T04:33:03+02:00,[60],[2.521]
2025-09-14T04:33:04+02:00,[60],[2.504]
2025-09-14T04:33:05+02:00,[60],[2.479]
2025-09-14T04:33:06+02:00,[60],[2.455]
2025-09-14T04:33:07+02:00,[60],[2.432]
2025-09-14T04:33:08+02:00,[60],[2.411]
2025-09-14T04:33:09+02:00,[60],[2.39]
2025-09-14T04:33:10+02:00,[60],[2.394]
2025-09-14T04:33:11+02:00,[60],[2.526]
2025-09-14T04:33:12+02:00,[60],[2.658]
2025-09-14T04:33:13+02:00,[60],[2.681]
2025-09-14T04:33:14+02:00,[60],[2.866]
2025-09-14T04:33:15+02:00,[60],[3.112]
2025-09-14T04:33:16+02:00,[60],[3.483]
2025-09-14T04:33:17+02:00,[60],[3.483]
2025-09-14T04:33:18+02:00,[60],[3.498]
2025-09-14T04:33:19+02:00,[60],[3.694]
2025-09-14T04:33:20+02:00,[60],[3.913]
2025-09-14T04:33:21+02:00,[60],[4.298]
2025-09-14T04:33:22+02:00,[60],[4.617]
2025-09-14T04:33:23+02:00,[60],[4.949]
2025-09-14T04:33:24+02:00,[60],[5.014]
2025-09-14T04:33:25+02:00,[60],[4.917]
2025-09-14T04:33:26+02:00,[60],[4.958]
2025-09-14T04:33:27+02:00,[60],[4.941]
2025-09-14T04:33:28+02:00,[60],[5.028]
2025-09-14T04:33:29+02:00,[60],[4.987]
2025-09-14T04:33:30+02:00,[60],[5.115]
2025-09-14T04:33:31+02:00,[60],[5.102]
2025-09-14T04:33:32+02:00,[60],[5.05]
2025-09-14T04:33:33+02:00,[60],[5.05]
2025-09-14T04:33:34+02:00,[60],[4.898]
2025-09-14T04:33:35+02:00,[60],[4.753]
2025-09-14T04:33:36+02:00,[60],[4.616]
2025-09-14T04:33:37+02:00,[60],[4.486]
2025-09-14T04:33:38+02:00,[60],[4.362]
2025-09-14T04:33:39+02:00,[60],[4.243]
2025-09-14T04:33:40+02:00,[60],[4.15]
2025-09-14T04:33:41+02:00,[60],[4.042]
2025-09-14T04:33:42+02:00,[60],[3.94]
2025-09-14T04:33:43+02:00,[60],[3.843]
2025-09-14T04:33:44+02:00,[60],[3.765]
2025-09-14T04:33:45+02:00,[60],[3.694]
2025-09-14T04:33:46+02:00,[60],[3.61]
2025-09-14T04:33:47+02:00,[60],[3.564]
2025-09-14T04:33:48+02:00,[60],[3.509]
2025-09-14T04:33:49+02:00,[60],[3.433]
2025-09-14T04:33:50+02:00,[60],[3.362]
2025-09-14T04:33:51+02:00,[60],[3.293]
2025-09-14T04:33:52+02:00,[60],[3.229]
2025-09-14T04:33:53+02:00,[60],[3.167]
2025-09-14T04:33:54+02:00,[60],[3.138]
2025-09-14T04:33:55+02:00,[60],[3.081]
2025-09-14T04:33:57+02:00,[60],[3.084]
2025-09-14T04:33:58+02:00,[60],[3.03]
2025-09-14T04:33:59+02:00,[60],[2.993]
2025-09-14T04:34:00+02:00,[60],[2.943]
2025-09-14T04:34:01+02:00,[60],[2.897]
2025-09-14T04:34:02+02:00,[60],[2.858]
2025-09-14T04:34:03+02:00,[60],[2.815]
2025-09-14T04:34:04+02:00,[60],[2.78]
2025-09-14T04:34:05+02:00,[60],[2.741]
2025-09-14T04:34:06+02:00,[60],[2.722]
2025-09-14T04:34:07+02:00,[60],[2.686]
2025-09-14T04:34:08+02:00,[60],[2.651]
2025-09-14T04:34:09+02:00,[60],[2.619]
2025-09-14T04:34:10+02:00,[60],[2.588]
2025-09-14T04:34:11+02:00,[60],[2.558]
2025-09-14T04:34:12+02:00,[60],[2.538]
2025-09-14T04:34:13+02:00,[60],[2.511]
2025-09-14T04:34:14+02:00,[60],[2.486]
2025-09-14T04:34:15+02:00,[60],[2.492]
2025-09-14T04:34:16+02:00,[60],[2.467]
2025-09-14T04:34:17+02:00,[60],[2.444]
2025-09-14T04:34:18+02:00,[60],[2.439]
2025-09-14T04:34:19+02:00,[60],[2.417]
2025-09-14T04:34:20+02:00,[60],[2.416]
2025-09-14T04:34:21+02:00,[60],[2.395]
2025-09-14T04:34:22+02:00,[60],[2.394]
2025-09-14T04:34:23+02:00,[60],[2.355]
2025-09-14T04:34:24+02:00,[60],[2.338]
2025-09-14T04:34:25+02:00,[60],[2.321]
2025-09-14T04:34:26+02:00,[60],[2.305]
2025-09-14T04:34:27+02:00,[60],[2.289]
2025-09-14T04:34:28+02:00,[60],[2.275]
2025-09-14T04:34:29+02:00,[60],[2.261]
2025-09-14T04:34:30+02:00,[60],[2.248]
2025-09-14T04:34:31+02:00,[60],[2.236]
2025-09-14T04:34:32+02:00,[60],[2.26]
2025-09-14T04:34:33+02:00,[60],[2.248]
2025-09-14T04:34:34+02:00,[60],[2.236]
2025-09-14T04:34:35+02:00,[60],[2.224]
2025-09-14T04:34:36+02:00,[60],[2.213]
2025-09-14T04:34:37+02:00,[60],[2.202]
2025-09-14T04:34:38+02:00,[60],[2.192]
2025-09-14T04:34:39+02:00,[60],[2.182]
2025-09-14T04:34:40+02:00,[60],[2.173]
2025-09-14T04:34:41+02:00,[60],[2.165]
2025-09-14T04:34:42+02:00,[60],[2.159]
2025-09-14T04:34:43+02:00,[60],[2.152]
2025-09-14T04:34:44+02:00,[60],[2.144]
2025-09-14T04:34:45+02:00,[60],[2.137]
2025-09-14T04:34:46+02:00,[60],[2.13]
2025-09-14T04:34:47+02:00,[60],[2.126]
2025-09-14T04:34:48+02:00,[60],[2.133]
2025-09-14T04:34:49+02:00,[60],[2.141]
2025-09-14T04:34:50+02:00,[60],[2.182]
2025-09-14T04:34:51+02:00,[60],[2.263]
2025-09-14T04:34:52+02:00,[60],[2.295]
2025-09-14T04:34:53+02:00,[60],[2.286]
2025-09-14T04:34:54+02:00,[60],[2.319]
2025-09-14T04:34:55+02:00,[60],[2.337]
2025-09-14T04:34:56+02:00,[60],[2.38]
2025-09-14T04:34:57+02:00,[60],[2.392]
2025-09-14T04:34:58+02:00,[60],[2.434]
2025-09-14T04:34:59+02:00,[60],[2.448]
2025-09-14T04:35:00+02:00,[60],[2.506]
2025-09-14T04:35:01+02:00,[60],[2.586]
2025-09-14T04:35:02+02:00,[60],[2.674]
2025-09-14T04:35:03+02:00,[60],[2.674]
2025-09-14T04:35:04+02:00,[60],[2.641]
2025-09-14T04:35:05+02:00,[60],[2.609]
2025-09-14T04:35:06+02:00,[60],[2.578]
2025-09-14T04:35:07+02:00,[60],[2.549]
2025-09-14T04:35:08+02:00,[60],[2.538]
2025-09-14T04:35:09+02:00,[60],[2.511]
2025-09-14T04:35:10+02:00,[60],[2.486]
2025-09-14T04:35:11+02:00,[60],[2.503]
2025-09-14T04:35:12+02:00,[60],[2.478]
2025-09-14T04:35:13+02:00,[60],[2.46]
2025-09-14T04:35:14+02:00,[60],[2.437]
2025-09-14T04:35:15+02:00,[60],[2.421]
2025-09-14T04:35:16+02:00,[60],[2.4]
2025-09-14T04:35:17+02:00,[60],[2.386]
2025-09-14T04:35:18+02:00,[60],[2.385]
2025-09-14T04:35:19+02:00,[60],[2.366]
2025-09-14T04:35:20+02:00,[60],[2.354]
2025-09-14T04:35:21+02:00,[60],[2.354]
2025-09-14T04:35:22+02:00,[60],[2.345]
2025-09-14T04:35:23+02:00,[60],[2.328]
2025-09-14T04:35:24+02:00,[60],[2.325]
2025-09-14T04:35:25+02:00,[60],[2.331]
2025-09-14T04:35:26+02:00,[60],[2.314]
2025-09-14T04:35:27+02:00,[60],[2.31]
2025-09-14T04:35:28+02:00,[60],[2.294]
2025-09-14T04:35:29+02:00,[60],[2.284]
2025-09-14T04:35:30+02:00,[60],[2.27]
2025-09-14T04:35:31+02:00,[60],[2.261]
2025-09-14T04:35:32+02:00,[60],[2.253]
2025-09-14T04:35:33+02:00,[60],[2.249]
2025-09-14T04:35:34+02:00,[60],[2.268]
2025-09-14T04:35:35+02:00,[60],[2.255]
2025-09-14T04:35:36+02:00,[60],[2.276]
2025-09-14T04:35:37+02:00,[60],[2.262]
2025-09-14T04:35:38+02:00,[60],[2.249]
2025-09-14T04:35:39+02:00,[60],[2.236]
2025-09-14T04:35:40+02:00,[60],[2.225]
2025-09-14T04:35:41+02:00,[60],[2.233]
2025-09-14T04:35:42+02:00,[60],[2.224]
2025-09-14T04:35:43+02:00,[60],[2.216]
2025-09-14T04:35:44+02:00,[60],[2.205]
2025-09-14T04:35:45+02:00,[60],[2.195]
2025-09-14T04:35:46+02:00,[60],[2.185]
2025-09-14T04:35:47+02:00,[60],[2.176]
2025-09-14T04:35:48+02:00,[60],[2.167]
2025-09-14T04:35:49+02:00,[60],[2.189]
2025-09-14T04:35:50+02:00,[60],[2.186]
2025-09-14T04:35:51+02:00,[60],[2.176]
2025-09-14T04:35:52+02:00,[60],[2.198]
2025-09-14T04:35:53+02:00,[60],[2.218]
2025-09-14T04:35:54+02:00,[60],[2.239]
2025-09-14T04:35:55+02:00,[60],[2.248]
2025-09-14T04:35:56+02:00,[60],[2.236]
2025-09-14T04:35:57+02:00,[60],[2.224]
2025-09-14T04:35:58+02:00,[60],[2.213]
2025-09-14T04:35:59+02:00,[60],[2.215]
2025-09-14T04:36:00+02:00,[60],[2.213]
2025-09-14T04:36:01+02:00,[60],[2.203]
2025-09-14T04:36:02+02:00,[60],[2.192]
2025-09-14T04:36:03+02:00,[60],[2.196]
2025-09-14T04:36:04+02:00,[60],[2.244]
2025-09-14T04:36:05+02:00,[60],[2.248]
2025-09-14T04:36:06+02:00,[60],[2.27]
2025-09-14T04:36:07+02:00,[60],[2.289]
2025-09-14T04:36:08+02:00,[60],[2.302]
2025-09-14T04:36:10+02:00,[60],[2.286]
2025-09-14T04:36:11+02:00,[60],[2.322]
2025-09-14T04:36:12+02:00,[60],[2.371]
2025-09-14T04:36:13+02:00,[60],[2.398]
2025-09-14T04:36:14+02:00,[60],[2.378]
2025-09-14T04:36:15+02:00,[60],[2.369]
2025-09-14T04:36:16+02:00,[60],[2.378]
2025-09-14T04:36:17+02:00,[60],[2.366]
2025-09-14T04:36:18+02:00,[60],[2.352]
2025-09-14T04:36:19+02:00,[60],[2.34]
2025-09-14T04:36:20+02:00,[60],[2.323]
2025-09-14T04:36:21+02:00,[60],[2.31]
2025-09-14T04:36:22+02:00,[60],[2.294]
2025-09-14T04:36:23+02:00,[60],[2.28]
2025-09-14T04:36:24+02:00,[60],[2.268]
2025-09-14T04:36:25+02:00,[60],[2.252]
2025-09-14T04:36:26+02:00,[60],[2.24]
2025-09-14T04:36:27+02:00,[60],[2.228]
2025-09-14T04:36:28+02:00,[60],[2.216]
2025-09-14T04:36:29+02:00,[60],[2.205]
2025-09-14T04:36:30+02:00,[60],[2.217]
2025-09-14T04:36:31+02:00,[60],[2.206]
2025-09-14T04:36:32+02:00,[60],[2.196]
2025-09-14T04:36:33+02:00,[60],[2.186]
2025-09-14T04:36:34+02:00,[60],[2.177]
2025-09-14T04:36:35+02:00,[60],[2.169]
2025-09-14T04:36:36+02:00,[60],[2.161]
2025-09-14T04:36:37+02:00,[60],[2.182]
2025-09-14T04:36:38+02:00,[60],[2.182]
2025-09-14T04:36:39+02:00,[60],[2.173]
2025-09-14T04:36:40+02:00,[60],[2.164]
2025-09-14T04:36:41+02:00,[60],[2.185]
2025-09-14T04:36:42+02:00,[60],[2.189]
2025-09-14T04:36:43+02:00,[60],[2.199]
2025-09-14T04:36:44+02:00,[60],[2.189]
2025-09-14T04:36:45+02:00,[60],[2.179]
2025-09-14T04:36:46+02:00,[60],[2.178]
2025-09-14T04:36:47+02:00,[60],[2.192]
2025-09-14T04:36:48+02:00,[60],[2.183]
2025-09-14T04:36:49+02:00,[60],[2.174]
2025-09-14T04:36:50+02:00,[60],[2.165]
2025-09-14T04:36:51+02:00,[60],[2.157]
2025-09-14T04:36:52+02:00,[60],[2.149]
2025-09-14T04:36:53+02:00,[60],[2.141]
2025-09-14T04:36:54+02:00,[60],[2.134]
2025-09-14T04:36:55+02:00,[60],[2.128]
2025-09-14T04:36:56+02:00,[60],[2.129]
2025-09-14T04:36:57+02:00,[60],[2.122]
2025-09-14T04:36:58+02:00,[60],[2.119]
2025-09-14T04:36:59+02:00,[60],[2.135]
2025-09-14T04:37:00+02:00,[60],[2.129]
2025-09-14T04:37:01+02:00,[60],[2.122]
2025-09-14T04:37:02+02:00,[60],[2.116]
2025-09-14T04:37:03+02:00,[60],[2.11]
2025-09-14T04:37:04+02:00,[60],[2.105]
2025-09-14T04:37:05+02:00,[60],[2.1]
2025-09-14T04:37:06+02:00,[60],[2.095]
2025-09-14T04:37:07+02:00,[60],[2.09]
2025-09-14T04:37:08+02:00,[60],[2.085]
2025-09-14T04:37:09+02:00,[60],[2.099]
2025-09-14T04:37:10+02:00,[60],[2.094]
2025-09-14T04:37:11+02:00,[60],[2.09]
2025-09-14T04:37:12+02:00,[60],[2.101]
2025-09-14T04:37:13+02:00,[60],[2.096]
2025-09-14T04:37:14+02:00,[60],[2.091]
2025-09-14T04:37:15+02:00,[60],[2.102]
2025-09-14T04:37:16+02:00,[60],[2.113]
2025-09-14T04:37:17+02:00,[60],[2.107]
2025-09-14T04:37:18+02:00,[60],[2.102]
2025-09-14T04:37:19+02:00,[60],[2.203]
2025-09-14T04:37:20+02:00,[60],[2.262]
2025-09-14T04:37:21+02:00,[60],[2.281]
2025-09-14T04:37:22+02:00,[60],[2.289]
2025-09-14T04:37:23+02:00,[60],[2.303]
2025-09-14T04:37:24+02:00,[60],[2.288]
2025-09-14T04:37:25+02:00,[60],[2.273]
2025-09-14T04:37:26+02:00,[60],[2.26]
2025-09-14T04:37:27+02:00,[60],[2.247]
2025-09-14T04:37:28+02:00,[60],[2.237]
2025-09-14T04:37:29+02:00,[60],[2.265]
2025-09-14T04:37:30+02:00,[60],[2.252]
2025-09-14T04:37:31+02:00,[60],[2.239]
2025-09-14T04:37:32+02:00,[60],[2.227]
2025-09-14T04:37:33+02:00,[60],[2.216]
2025-09-14T04:37:34+02:00,[60],[2.205]
2025-09-14T04:37:35+02:00,[60],[2.195]
2025-09-14T04:37:36+02:00,[60],[2.185]
2025-09-14T04:37:37+02:00,[60],[2.176]
2025-09-14T04:37:38+02:00,[60],[2.173]
2025-09-14T04:37:39+02:00,[60],[2.165]
2025-09-14T04:37:40+02:00,[60],[2.157]
2025-09-14T04:37:41+02:00,[60],[2.149]
2025-09-14T04:37:42+02:00,[60],[2.141]
2025-09-14T04:37:43+02:00,[60],[2.134]
2025-09-14T04:37:44+02:00,[60],[2.128]
2025-09-14T04:37:45+02:00,[60],[2.121]
2025-09-14T04:37:46+02:00,[60],[2.115]
2025-09-14T04:37:47+02:00,[60],[2.109]
2025-09-14T04:37:48+02:00,[60],[2.104]
2025-09-14T04:37:49+02:00,[60],[2.099]
2025-09-14T04:37:50+02:00,[60],[2.094]
2025-09-14T04:37:51+02:00,[60],[2.089]
2025-09-14T04:37:52+02:00,[60],[2.085]
2025-09-14T04:37:53+02:00,[60],[2.08]
2025-09-14T04:37:54+02:00,[60],[2.081]
2025-09-14T04:37:55+02:00,[60],[2.077]
2025-09-14T04:37:56+02:00,[60],[2.073]
2025-09-14T04:37:57+02:00,[60],[2.069]
2025-09-14T04:37:58+02:00,[60],[2.066]
2025-09-14T04:37:59+02:00,[60],[2.062]
2025-09-14T04:38:00+02:00,[60],[2.059]
2025-09-14T04:38:01+02:00,[60],[2.056]
2025-09-14T04:38:02+02:00,[60],[2.054]
2025-09-14T04:38:03+02:00,[60],[2.078]
2025-09-14T04:38:04+02:00,[60],[2.074]
2025-09-14T04:38:05+02:00,[60],[2.07]
2025-09-14T04:38:06+02:00,[60],[2.067]
2025-09-14T04:38:07+02:00,[60],[2.063]
2025-09-14T04:38:08+02:00,[60],[2.06]
2025-09-14T04:38:09+02:00,[60],[2.057]
2025-09-14T04:38:10+02:00,[60],[2.054]
2025-09-14T04:38:11+02:00,[60],[2.052]
2025-09-14T04:38:12+02:00,[60],[2.07]
2025-09-14T04:38:13+02:00,[60],[2.066]
2025-09-14T04:38:14+02:00,[60],[2.063]
2025-09-14T04:38:15+02:00,[60],[2.06]
2025-09-14T04:38:16+02:00,[60],[2.074]
2025-09-14T04:38:17+02:00,[60],[2.071]
2025-09-14T04:38:18+02:00,[60],[2.067]
2025-09-14T04:38:19+02:00,[60],[2.064]
2025-09-14T04:38:20+02:00,[60],[2.061]
2025-09-14T04:38:21+02:00,[60],[2.058]
2025-09-14T04:38:22+02:00,[60],[2.055]
2025-09-14T04:38:23+02:00,[60],[2.052]
2025-09-14T04:38:24+02:00,[60],[2.049]
2025-09-14T04:38:25+02:00,[60],[2.047]
2025-09-14T04:38:26+02:00,[60],[2.045]
2025-09-14T04:38:27+02:00,[60],[2.054]
2025-09-14T04:38:28+02:00,[60],[2.086]
2025-09-14T04:38:29+02:00,[60],[2.093]
2025-09-14T04:38:30+02:00,[60],[2.124]
2025-09-14T04:38:31+02:00,[60],[2.169]
2025-09-14T04:38:32+02:00,[60],[2.188]
2025-09-14T04:38:33+02:00,[60],[2.192]
2025-09-14T04:38:34+02:00,[60],[2.192]
2025-09-14T04:38:35+02:00,[60],[2.182]
2025-09-14T04:38:36+02:00,[60],[2.173]
2025-09-14T04:38:37+02:00,[60],[2.164]
2025-09-14T04:38:38+02:00,[60],[2.187]
2025-09-14T04:38:39+02:00,[60],[2.177]
2025-09-14T04:38:40+02:00,[60],[2.195]
2025-09-14T04:38:41+02:00,[60],[2.193]
2025-09-14T04:38:42+02:00,[60],[2.184]
2025-09-14T04:38:43+02:00,[60],[2.18]
2025-09-14T04:38:44+02:00,[60],[2.216]
2025-09-14T04:38:45+02:00,[60],[2.226]
2025-09-14T04:38:46+02:00,[60],[2.215]
2025-09-14T04:38:47+02:00,[60],[2.204]
2025-09-14T04:38:48+02:00,[60],[2.194]
2025-09-14T04:38:49+02:00,[60],[2.184]
2025-09-14T04:38:50+02:00,[60],[2.21]
2025-09-14T04:38:51+02:00,[60],[2.21]
2025-09-14T04:38:52+02:00,[60],[2.199]
2025-09-14T04:38:53+02:00,[60],[2.189]
2025-09-14T04:38:54+02:00,[60],[2.18]
2025-09-14T04:38:55+02:00,[60],[2.19]
2025-09-14T04:38:56+02:00,[60],[2.18]
2025-09-14T04:38:57+02:00,[60],[2.174]
2025-09-14T04:38:58+02:00,[60],[2.165]
2025-09-14T04:38:59+02:00,[60],[2.166]
2025-09-14T04:39:00+02:00,[60],[2.158]
2025-09-14T04:39:01+02:00,[60],[2.15]
2025-09-14T04:39:02+02:00,[60],[2.157]
2025-09-14T04:39:03+02:00,[60],[2.217]
2025-09-14T04:39:04+02:00,[60],[2.23]
2025-09-14T04:39:05+02:00,[60],[2.24]
2025-09-14T04:39:06+02:00,[60],[2.228]
2025-09-14T04:39:07+02:00,[60],[2.234]
2025-09-14T04:39:08+02:00,[60],[2.261]
2025-09-14T04:39:09+02:00,[60],[2.261]
2025-09-14T04:39:10+02:00,[60],[2.248]
2025-09-14T04:39:11+02:00,[60],[2.236]
2025-09-14T04:39:12+02:00,[60],[2.238]
2025-09-14T04:39:13+02:00,[60],[2.226]
2025-09-14T04:39:14+02:00,[60],[2.233]
2025-09-14T04:39:15+02:00,[60],[2.226]
2025-09-14T04:39:16+02:00,[60],[2.215]
2025-09-14T04:39:17+02:00,[60],[2.204]
2025-09-14T04:39:18+02:00,[60],[2.194]
2025-09-14T04:39:19+02:00,[60],[2.184]
2025-09-14T04:39:20+02:00,[60],[2.18]
2025-09-14T04:39:21+02:00,[60],[2.171]
2025-09-14T04:39:22+02:00,[60],[2.162]
2025-09-14T04:39:23+02:00,[60],[2.162]
2025-09-14T04:39:24+02:00,[60],[2.154]
2025-09-14T04:39:25+02:00,[60],[2.159]
2025-09-14T04:39:26+02:00,[60],[2.156]
2025-09-14T04:39:27+02:00,[60],[2.161]
2025-09-14T04:39:28+02:00,[60],[2.153]
2025-09-14T04:39:29+02:00,[60],[2.145]
2025-09-14T04:39:30+02:00,[60],[2.157]
2025-09-14T04:39:31+02:00,[60],[2.149]
2025-09-14T04:39:32+02:00,[60],[2.142]
2025-09-14T04:39:33+02:00,[60],[2.135]
2025-09-14T04:39:34+02:00,[60],[2.128]
2025-09-14T04:39:35+02:00,[60],[2.121]
2025-09-14T04:39:36+02:00,[60],[2.116]
2025-09-14T04:39:37+02:00,[60],[2.11]
2025-09-14T04:39:38+02:00,[60],[2.105]
2025-09-14T04:39:39+02:00,[60],[2.099]
2025-09-14T04:39:40+02:00,[60],[2.094]
2025-09-14T04:39:41+02:00,[60],[2.093]
2025-09-14T04:39:42+02:00,[60],[2.088]
2025-09-14T04:39:43+02:00,[60],[2.084]
2025-09-14T04:39:44+02:00,[60],[2.08]
2025-09-14T04:39:45+02:00,[60],[2.076]
2025-09-14T04:39:46+02:00,[60],[2.072]
2025-09-14T04:39:47+02:00,[60],[2.068]
2025-09-14T04:39:48+02:00,[60],[2.079]
2025-09-14T04:39:49+02:00,[60],[2.075]
2025-09-14T04:39:50+02:00,[60],[2.071]
2025-09-14T04:39:51+02:00,[60],[2.079]
2025-09-14T04:39:52+02:00,[60],[2.075]
2025-09-14T04:39:53+02:00,[60],[2.071]
2025-09-14T04:39:54+02:00,[60],[2.078]
2025-09-14T04:39:55+02:00,[60],[2.098]
2025-09-14T04:39:56+02:00,[60],[2.093]
2025-09-14T04:39:57+02:00,[60],[2.088]
2025-09-14T04:39:58+02:00,[60],[2.11]
2025-09-14T04:39:59+02:00,[60],[2.104]
2025-09-14T04:40:00+02:00,[60],[2.099]
2025-09-14T04:40:01+02:00,[60],[2.094]
2025-09-14T04:40:02+02:00,[60],[2.09]
2025-09-14T04:40:03+02:00,[60],[2.085]
2025-09-14T04:40:04+02:00,[60],[2.081]
2025-09-14T04:40:05+02:00,[60],[2.077]
2025-09-14T04:40:06+02:00,[60],[2.073]
2025-09-14T04:40:07+02:00,[60],[2.109]
2025-09-14T04:40:08+02:00,[60],[2.104]
2025-09-14T04:40:09+02:00,[60],[2.099]
2025-09-14T04:40:10+02:00,[60],[2.094]
2025-09-14T04:40:11+02:00,[60],[2.089]
2025-09-14T04:40:12+02:00,[60],[2.085]
2025-09-14T04:40:13+02:00,[60],[2.08]
2025-09-14T04:40:14+02:00,[60],[2.076]
2025-09-14T04:40:15+02:00,[60],[2.073]
2025-09-14T04:40:16+02:00,[60],[2.107]
2025-09-14T04:40:17+02:00,[60],[2.102]
2025-09-14T04:40:18+02:00,[60],[2.097]
2025-09-14T04:40:19+02:00,[60],[2.092]
2025-09-14T04:40:20+02:00,[60],[2.117]
2025-09-14T04:40:21+02:00,[60],[2.134]
2025-09-14T04:40:22+02:00,[60],[2.199]
2025-09-14T04:40:23+02:00,[60],[2.225]
2025-09-14T04:40:24+02:00,[60],[2.249]
2025-09-14T04:40:25+02:00,[60],[2.261]
2025-09-14T04:40:26+02:00,[60],[2.279]
2025-09-14T04:40:27+02:00,[60],[2.296]
2025-09-14T04:40:28+02:00,[60],[2.302]
2025-09-14T04:40:29+02:00,[60],[2.286]
2025-09-14T04:40:30+02:00,[60],[2.3]
2025-09-14T04:40:31+02:00,[60],[2.285]
2025-09-14T04:40:32+02:00,[60],[2.271]
2025-09-14T04:40:33+02:00,[60],[2.257]
2025-09-14T04:40:34+02:00,[60],[2.254]
2025-09-14T04:40:35+02:00,[60],[2.243]
2025-09-14T04:40:36+02:00,[60],[2.236]
2025-09-14T04:40:37+02:00,[60],[2.224]
2025-09-14T04:40:38+02:00,[60],[2.213]
2025-09-14T04:40:39+02:00,[60],[2.206]
2025-09-14T04:40:40+02:00,[60],[2.229]
2025-09-14T04:40:41+02:00,[60],[2.218]
2025-09-14T04:40:42+02:00,[60],[2.217]
2025-09-14T04:40:43+02:00,[60],[2.206]
2025-09-14T04:40:44+02:00,[60],[2.195]
2025-09-14T04:40:45+02:00,[60],[2.205]
2025-09-14T04:40:46+02:00,[60],[2.194]
2025-09-14T04:40:47+02:00,[60],[2.185]
2025-09-14T04:40:48+02:00,[60],[2.175]
2025-09-14T04:40:49+02:00,[60],[2.167]
2025-09-14T04:40:50+02:00,[60],[2.158]
2025-09-14T04:40:51+02:00,[60],[2.15]
2025-09-14T04:40:52+02:00,[60],[2.143]
2025-09-14T04:40:53+02:00,[60],[2.136]
2025-09-14T04:40:54+02:00,[60],[2.129]
2025-09-14T04:40:55+02:00,[60],[2.123]
2025-09-14T04:40:56+02:00,[60],[2.116]
2025-09-14T04:40:57+02:00,[60],[2.111]
2025-09-14T04:40:58+02:00,[60],[2.105]
2025-09-14T04:40:59+02:00,[60],[2.1]
2025-09-14T04:41:00+02:00,[60],[2.095]
2025-09-14T04:41:01+02:00,[60],[2.09]
2025-09-14T04:41:02+02:00,[60],[2.086]
2025-09-14T04:41:03+02:00,[60],[2.081]
2025-09-14T04:41:04+02:00,[60],[2.077]
2025-09-14T04:41:05+02:00,[60],[2.073]
2025-09-14T04:41:06+02:00,[60],[2.07]
2025-09-14T04:41:07+02:00,[60],[2.066]
2025-09-14T04:41:08+02:00,[60],[2.063]
2025-09-14T04:41:09+02:00,[60],[2.06]
2025-09-14T04:41:10+02:00,[60],[2.057]
2025-09-14T04:41:11+02:00,[60],[2.054]
2025-09-14T04:41:12+02:00,[60],[2.051]
2025-09-14T04:41:13+02:00,[60],[2.049]
2025-09-14T04:41:14+02:00,[60],[2.045]
2025-09-14T04:41:15+02:00,[60],[2.044]
2025-09-14T04:41:16+02:00,[60],[2.041]
2025-09-14T04:41:17+02:00,[60],[2.04]
2025-09-14T04:41:18+02:00,[60],[2.037]
2025-09-14T04:41:19+02:00,[60],[2.037]
2025-09-14T04:41:20+02:00,[60],[2.035]
2025-09-14T04:41:21+02:00,[60],[2.033]
2025-09-14T04:41:22+02:00,[60],[2.036]
2025-09-14T04:41:23+02:00,[60],[2.033]
2025-09-14T04:41:24+02:00,[60],[2.033]
2025-09-14T04:41:25+02:00,[60],[2.031]
2025-09-14T04:41:26+02:00,[60],[2.029]
2025-09-14T04:41:27+02:00,[60],[2.028]
2025-09-14T04:41:28+02:00,[60],[2.027]
2025-09-14T04:41:29+02:00,[60],[2.025]
2025-09-14T04:41:30+02:00,[60],[2.024]
2025-09-14T04:41:31+02:00,[60],[2.023]
2025-09-14T04:41:32+02:00,[60],[2.021]
2025-09-14T04:41:33+02:00,[60],[2.021]
2025-09-14T04:41:34+02:00,[60],[2.02]
2025-09-14T04:41:35+02:00,[60],[2.078]
2025-09-14T04:41:36+02:00,[60],[2.118]
2025-09-14T04:41:37+02:00,[60],[2.113]
2025-09-14T04:41:38+02:00,[60],[2.151]
2025-09-14T04:41:39+02:00,[60],[2.152]
2025-09-14T04:41:40+02:00,[60],[2.15]
2025-09-14T04:41:41+02:00,[60],[2.143]
2025-09-14T04:41:42+02:00,[60],[2.136]
2025-09-14T04:41:43+02:00,[60],[2.129]
2025-09-14T04:41:44+02:00,[60],[2.123]
2025-09-14T04:41:45+02:00,[60],[2.116]
2025-09-14T04:41:46+02:00,[60],[2.111]
2025-09-14T04:41:47+02:00,[60],[2.105]
2025-09-14T04:41:48+02:00,[60],[2.1]
2025-09-14T04:41:49+02:00,[60],[2.095]
2025-09-14T04:41:50+02:00,[60],[2.09]
2025-09-14T04:41:51+02:00,[60],[2.086]
2025-09-14T04:41:52+02:00,[60],[2.081]
2025-09-14T04:41:53+02:00,[60],[2.077]
2025-09-14T04:41:54+02:00,[60],[2.073]
2025-09-14T04:41:55+02:00,[60],[2.07]
2025-09-14T04:41:56+02:00,[60],[2.08]
2025-09-14T04:41:57+02:00,[60],[2.076]
2025-09-14T04:41:58+02:00,[60],[2.091]
2025-09-14T04:41:59+02:00,[60],[2.086]
2025-09-14T04:42:00+02:00,[60],[2.082]
2025-09-14T04:42:01+02:00,[60],[2.135]
2025-09-14T04:42:02+02:00,[60],[2.305]
2025-09-14T04:42:03+02:00,[60],[2.629]
2025-09-14T04:42:04+02:00,[60],[2.737]
2025-09-14T04:42:05+02:00,[60],[2.794]
2025-09-14T04:42:06+02:00,[60],[2.985]
2025-09-14T04:42:07+02:00,[60],[3.274]
2025-09-14T04:42:08+02:00,[60],[3.953]
2025-09-14T04:42:09+02:00,[60],[4.072]
2025-09-14T04:42:10+02:00,[60],[4.101]
2025-09-14T04:42:11+02:00,[60],[4.118]
2025-09-14T04:42:12+02:00,[60],[4.126]
2025-09-14T04:42:13+02:00,[60],[4.093]
2025-09-14T04:42:14+02:00,[60],[4.149]
2025-09-14T04:42:15+02:00,[60],[4.162]
2025-09-14T04:42:16+02:00,[60],[4.149]
2025-09-14T04:42:17+02:00,[60],[4.179]
2025-09-14T04:42:18+02:00,[60],[4.131]
2025-09-14T04:42:19+02:00,[60],[4.125]
2025-09-14T04:42:20+02:00,[60],[4.085]
2025-09-14T04:42:21+02:00,[60],[4.069]
2025-09-14T04:42:22+02:00,[60],[3.994]
2025-09-14T04:42:23+02:00,[60],[3.996]
2025-09-14T04:42:24+02:00,[60],[3.896]
2025-09-14T04:42:25+02:00,[60],[3.801]
2025-09-14T04:42:26+02:00,[60],[3.712]
2025-09-14T04:42:27+02:00,[60],[3.626]
2025-09-14T04:42:28+02:00,[60],[3.556]
2025-09-14T04:42:29+02:00,[60],[3.506]
2025-09-14T04:42:30+02:00,[60],[3.43]
2025-09-14T04:42:31+02:00,[60],[3.359]
2025-09-14T04:42:32+02:00,[60],[3.301]
2025-09-14T04:42:33+02:00,[60],[3.293]
2025-09-14T04:42:34+02:00,[60],[3.228]
2025-09-14T04:42:35+02:00,[60],[3.179]
2025-09-14T04:42:36+02:00,[60],[3.437]
2025-09-14T04:42:37+02:00,[60],[3.407]
2025-09-14T04:42:38+02:00,[60],[3.408]
2025-09-14T04:42:39+02:00,[60],[3.452]
2025-09-14T04:42:40+02:00,[60],[3.496]
2025-09-14T04:42:41+02:00,[60],[3.503]
2025-09-14T04:42:42+02:00,[60],[3.649]
2025-09-14T04:42:43+02:00,[60],[3.743]
2025-09-14T04:42:44+02:00,[60],[3.656]
2025-09-14T04:42:45+02:00,[60],[3.573]
2025-09-14T04:42:46+02:00,[60],[3.495]
2025-09-14T04:42:47+02:00,[60],[3.76]
2025-09-14T04:42:48+02:00,[60],[3.836]
2025-09-14T04:42:49+02:00,[60],[3.786]
2025-09-14T04:42:50+02:00,[60],[3.697]
2025-09-14T04:42:51+02:00,[60],[3.657]
2025-09-14T04:42:52+02:00,[60],[3.574]
2025-09-14T04:42:53+02:00,[60],[3.5]
2025-09-14T04:42:54+02:00,[60],[3.425]
2025-09-14T04:42:55+02:00,[60],[3.353]
2025-09-14T04:42:56+02:00,[60],[3.286]
2025-09-14T04:42:57+02:00,[60],[3.222]
2025-09-14T04:42:58+02:00,[60],[3.16]
2025-09-14T04:42:59+02:00,[60],[3.116]
2025-09-14T04:43:00+02:00,[60],[3.081]
2025-09-14T04:43:01+02:00,[60],[3.026]
2025-09-14T04:43:02+02:00,[60],[2.975]
2025-09-14T04:43:03+02:00,[60],[2.932]
2025-09-14T04:43:04+02:00,[60],[2.885]
2025-09-14T04:43:05+02:00,[60],[2.841]
2025-09-14T04:43:06+02:00,[60],[2.799]
2025-09-14T04:43:07+02:00,[60],[2.759]
2025-09-14T04:43:08+02:00,[60],[2.721]
2025-09-14T04:43:09+02:00,[60],[2.685]
2025-09-14T04:43:10+02:00,[60],[2.651]
2025-09-14T04:43:11+02:00,[60],[2.618]
2025-09-14T04:43:12+02:00,[60],[2.587]
2025-09-14T04:43:13+02:00,[60],[2.558]
2025-02-04T00:12:57+01:00,[60],[35]
2025-02-04T00:13:06+01:00,[60],[35]
2025-02-04T00:13:18+01:00,[60],[40]
2025-02-04T00:13:19+01:00,[60],[35]
2025-02-04T00:13:21+01:00,[60],[35]
2025-02-04T00:13:23+01:00,[60],[13.056]
2025-02-04T00:13:24+01:00,[60],[7.785]
2025-02-04T00:13:26+01:00,[60],[6.171]
2025-02-04T00:13:28+01:00,[60],[3.759]
2025-02-04T00:13:30+01:00,[60],[3.122]
2025-02-04T00:13:32+01:00,[60],[2.885]
2025-02-04T00:13:33+01:00,[60],[4.649]
2025-02-04T00:13:35+01:00,[60],[4.635]
2025-02-04T00:13:36+01:00,[60],[4.582]
2025-02-04T00:13:38+01:00,[60],[4.622]
2025-02-04T00:13:39+01:00,[60],[4.672]
2025-02-04T00:13:41+01:00,[60],[4.787]
2025-02-04T00:13:43+01:00,[60],[4.781]
2025-02-04T00:13:44+01:00,[60],[4.838]
2025-02-04T00:13:46+01:00,[60],[5.005]
2025-02-04T00:13:48+01:00,[60],[4.965]
2025-02-04T00:13:50+01:00,[60],[5.029]
2025-02-04T00:13:52+01:00,[60],[5.006]
2025-02-04T00:13:54+01:00,[60],[4.778]
2025-02-04T00:13:56+01:00,[60],[4.769]
2025-02-04T00:13:58+01:00,[60],[4.775]
2025-02-04T00:14:00+01:00,[60],[4.765]
2025-02-04T00:14:02+01:00,[60],[4.768]
2025-02-04T00:14:04+01:00,[60],[4.764]
2025-02-04T00:14:06+01:00,[60],[4.758]
2025-02-04T00:14:08+01:00,[60],[4.759]
2025-02-04T00:14:10+01:00,[60],[4.771]
2025-02-04T00:14:12+01:00,[60],[4.772]
2025-02-04T00:14:14+01:00,[60],[4.781]
2025-02-04T00:14:16+01:00,[60],[4.783]
2025-02-04T00:14:18+01:00,[60],[4.776]
2025-02-04T00:14:20+01:00,[60],[4.774]
2025-02-04T00:14:22+01:00,[60],[4.779]
2025-02-04T00:14:24+01:00,[60],[4.788]
2025-02-04T00:14:26+01:00,[60],[4.79]
2025-02-04T00:14:28+01:00,[60],[4.793]
2025-02-04T00:14:30+01:00,[60],[4.793]
2025-02-04T00:14:32+01:00,[60],[4.798]
2025-02-04T00:14:34+01:00,[60],[4.785]
2025-02-04T00:14:36+01:00,[60],[4.782]
2025-02-04T00:14:38+01:00,[60],[4.772]
2025-02-04T00:14:40+01:00,[60],[4.785]
2025-02-04T00:14:42+01:00,[60],[4.789]
2025-02-04T00:14:44+01:00,[60],[4.79]
2025-02-04T00:14:46+01:00,[60],[4.8]
2025-02-04T00:14:48+01:00,[60],[4.779]
2025-02-04T00:14:50+01:00,[60],[4.791]
2025-02-04T00:14:52+01:00,[60],[4.79]
2025-02-04T00:14:54+01:00,[60],[4.791]
2025-02-04T00:14:56+01:00,[60],[4.8]
2025-02-04T00:14:58+01:00,[60],[4.795]
2025-02-04T00:15:00+01:00,[60],[4.794]
2025-02-04T00:15:02+01:00,[60],[4.783]
2025-02-04T00:15:04+01:00,[60],[4.783]
2025-02-04T00:15:06+01:00,[60],[4.786]
2025-02-04T00:15:08+01:00,[60],[4.782]
2025-02-04T00:15:10+01:00,[60],[4.786]
2025-02-04T00:15:12+01:00,[60],[4.784]
2025-02-04T00:15:14+01:00,[60],[4.787]
2025-02-04T00:15:16+01:00,[60],[4.794]
2025-02-04T00:15:18+01:00,[60],[4.782]
2025-02-04T00:15:20+01:00,[60],[4.784]
2025-02-04T00:15:22+01:00,[60],[4.791]
2025-02-04T00:15:24+01:00,[60],[4.798]
2025-02-04T00:15:26+01:00,[60],[4.778]
2025-02-04T00:15:28+01:00,[60],[4.782]
2025-02-04T00:15:30+01:00,[60],[4.794]
2025-02-04T00:15:32+01:00,[60],[4.79]
2025-02-04T00:15:33+01:00,[60],[4.777]
2025-02-04T00:15:35+01:00,[60],[4.78]
2025-02-04T00:15:36+01:00,[60],[4.79]
2025-02-04T00:15:38+01:00,[60],[4.792]
2025-02-04T00:15:39+01:00,[60],[4.798]
2025-02-04T00:15:41+01:00,[60],[4.794]
2025-02-04T00:15:42+01:00,[60],[4.795]
2025-02-04T00:15:44+01:00,[60],[4.799]
2025-02-04T00:15:45+01:00,[60],[4.788]
2025-02-04T00:15:47+01:00,[60],[4.794]
2025-02-04T00:15:48+01:00,[60],[4.795]
2025-02-04T00:15:50+01:00,[60],[4.785]
2025-02-04T00:15:52+01:00,[60],[4.788]
2025-02-04T00:15:54+01:00,[60],[4.795]
2025-02-04T00:15:56+01:00,[60],[4.783]
2025-02-04T00:15:58+01:00,[60],[4.773]
2025-02-04T00:16:00+01:00,[60],[4.773]
2025-02-04T00:16:02+01:00,[60],[4.786]
2025-02-04T00:16:04+01:00,[60],[4.79]
2025-02-04T00:16:06+01:00,[60],[4.793]
2025-02-04T00:16:08+01:00,[60],[4.792]
2025-02-04T00:16:10+01:00,[60],[4.775]
2025-02-04T00:16:12+01:00,[60],[4.778]
2025-02-04T00:16:14+01:00,[60],[4.773]
2025-02-04T00:16:16+01:00,[60],[4.784]
2025-02-04T00:16:18+01:00,[60],[4.791]
2025-02-04T00:16:20+01:00,[60],[4.794]
2025-02-04T00:16:22+01:00,[60],[4.788]
2025-02-04T00:16:24+01:00,[60],[4.787]
2025-02-04T00:16:26+01:00,[60],[4.781]
2025-02-04T00:16:28+01:00,[60],[4.759]
2025-02-04T00:16:30+01:00,[60],[4.753]
2025-02-04T00:16:32+01:00,[60],[4.768]
2025-02-04T00:16:34+01:00,[60],[4.778]
2025-02-04T00:16:36+01:00,[60],[4.784]
2025-02-04T00:16:38+01:00,[60],[4.785]
2025-02-04T00:16:40+01:00,[60],[4.786]
2025-02-04T00:16:42+01:00,[60],[4.776]
2025-02-04T00:16:44+01:00,[60],[4.783]
2025-02-04T00:16:46+01:00,[60],[4.784]
2025-02-04T00:16:48+01:00,[60],[4.786]
2025-02-04T00:16:50+01:00,[60],[4.784]
2025-02-04T00:16:52+01:00,[60],[4.786]
2025-02-04T00:16:54+01:00,[60],[4.78]
2025-02-04T00:16:56+01:00,[60],[4.774]
2025-02-04T00:16:58+01:00,[60],[4.773]
2025-02-04T00:17:00+01:00,[60],[4.773]
2025-02-04T00:17:02+01:00,[60],[4.778]
2025-02-04T00:17:04+01:00,[60],[4.776]
2025-02-04T00:17:06+01:00,[60],[4.771]
2025-02-04T00:17:08+01:00,[60],[4.768]
2025-02-04T00:17:10+01:00,[60],[4.762]
2025-02-04T00:17:12+01:00,[60],[4.766]
2025-02-04T00:17:14+01:00,[60],[4.762]
2025-02-04T00:17:16+01:00,[60],[4.765]
2025-02-04T00:17:18+01:00,[60],[4.763]
2025-02-04T00:17:20+01:00,[60],[4.765]
2025-02-04T00:17:22+01:00,[60],[4.758]
2025-02-04T00:17:24+01:00,[60],[4.762]
2025-02-04T00:17:26+01:00,[60],[4.768]
2025-02-04T00:17:28+01:00,[60],[4.756]
2025-02-04T00:17:30+01:00,[60],[4.755]
2025-02-04T00:17:32+01:00,[60],[4.763]
2025-02-04T00:17:34+01:00,[60],[4.763]
2025-02-04T00:17:36+01:00,[60],[4.759]
2025-02-04T00:17:38+01:00,[60],[4.758]
2025-02-04T00:17:39+01:00,[60],[4.76]
2025-02-04T00:17:41+01:00,[60],[4.763]
2025-02-04T00:17:42+01:00,[60],[4.76]
2025-02-04T00:17:44+01:00,[60],[4.733]
2025-02-04T00:17:46+01:00,[60],[4.733]
2025-02-04T00:17:47+01:00,[60],[4.732]
2025-02-04T00:17:48+01:00,[60],[4.73]
2025-02-04T00:17:50+01:00,[60],[4.729]
2025-02-04T00:17:52+01:00,[60],[4.73]
2025-02-04T00:17:53+01:00,[60],[4.725]
2025-02-04T00:17:55+01:00,[60],[4.732]
2025-02-04T00:17:57+01:00,[60],[4.733]
2025-02-04T00:17:59+01:00,[60],[4.736]
2025-02-04T00:18:01+01:00,[60],[4.738]
2025-02-04T00:18:03+01:00,[60],[4.738]
2025-02-04T00:18:05+01:00,[60],[4.738]
2025-02-04T00:18:07+01:00,[60],[4.738]
2025-02-04T00:18:09+01:00,[60],[4.738]
2025-02-04T00:18:11+01:00,[60],[4.737]
2025-02-04T00:18:13+01:00,[60],[4.737]
2025-02-04T00:18:15+01:00,[60],[4.736]
2025-02-04T00:18:17+01:00,[60],[4.737]
2025-02-04T00:18:19+01:00,[60],[4.737]
2025-02-04T00:18:21+01:00,[60],[4.738]
2025-02-04T00:18:23+01:00,[60],[4.738]
2025-02-04T00:18:25+01:00,[60],[4.737]
2025-02-04T00:18:27+01:00,[60],[4.737]
2025-02-04T00:18:29+01:00,[60],[4.738]
2025-02-04T00:18:31+01:00,[60],[4.737]
2025-02-04T00:18:33+01:00,[60],[4.738]
2025-02-04T00:18:35+01:00,[60],[4.737]
2025-02-04T00:18:37+01:00,[60],[4.738]
2025-02-04T00:18:39+01:00,[60],[4.737]
2025-02-04T00:18:41+01:00,[60],[4.738]
2025-02-04T00:18:43+01:00,[60],[4.738]
2025-02-04T00:18:45+01:00,[60],[4.737]
2025-02-04T00:18:47+01:00,[60],[4.737]
2025-02-04T00:18:49+01:00,[60],[4.737]
2025-02-04T00:18:51+01:00,[60],[4.737]
2025-02-04T00:18:53+01:00,[60],[4.734]
2025-02-04T00:18:55+01:00,[60],[4.735]
2025-02-04T00:18:57+01:00,[60],[4.735]
2025-02-04T00:18:59+01:00,[60],[4.736]
2025-02-04T00:19:01+01:00,[60],[4.736]
2025-02-04T00:19:03+01:00,[60],[4.736]
2025-02-04T00:19:05+01:00,[60],[4.733]
2025-02-04T00:19:07+01:00,[60],[4.734]
2025-02-04T00:19:09+01:00,[60],[4.735]
2025-02-04T00:19:11+01:00,[60],[4.734]
2025-02-04T00:19:13+01:00,[60],[4.735]
2025-02-04T00:19:15+01:00,[60],[4.734]
2025-02-04T00:19:17+01:00,[60],[4.735]
2025-02-04T00:19:19+01:00,[60],[4.735]
2025-02-04T00:19:21+01:00,[60],[4.736]
2025-02-04T00:19:23+01:00,[60],[4.737]
2025-02-04T00:19:25+01:00,[60],[4.736]
2025-02-04T00:19:27+01:00,[60],[4.736]
2025-02-04T00:19:29+01:00,[60],[4.736]
2025-02-04T00:19:31+01:00,[60],[4.736]
2025-02-04T00:19:33+01:00,[60],[4.737]
2025-02-04T00:19:35+01:00,[60],[4.738]
2025-02-04T00:19:37+01:00,[60],[4.738]
2025-02-04T00:19:39+01:00,[60],[4.738]
2025-02-04T00:19:41+01:00,[60],[4.738]
2025-02-04T00:19:43+01:00,[60],[4.737]
2025-02-04T00:19:44+01:00,[60],[4.737]
2025-02-04T00:19:46+01:00,[60],[4.738]
2025-02-04T00:19:47+01:00,[60],[4.738]
2025-02-04T00:19:49+01:00,[60],[4.738]
2025-02-04T00:19:50+01:00,[60],[4.738]
2025-02-04T00:19:52+01:00,[60],[4.738]
2025-02-04T00:19:53+01:00,[60],[4.739]
2025-02-04T00:19:55+01:00,[60],[4.738]
2025-02-04T00:19:56+01:00,[60],[4.738]
2025-02-04T00:19:58+01:00,[60],[4.738]
2025-02-04T00:20:00+01:00,[60],[4.738]
2025-02-04T00:20:02+01:00,[60],[4.737]
2025-02-04T00:20:04+01:00,[60],[4.731]
2025-02-04T00:20:06+01:00,[60],[4.735]
2025-02-04T00:20:08+01:00,[60],[4.736]
2025-02-04T00:20:10+01:00,[60],[4.733]
2025-02-04T00:20:12+01:00,[60],[4.74]
2025-02-04T00:20:14+01:00,[60],[4.732]
2025-02-04T00:20:16+01:00,[60],[4.734]
2025-02-04T00:20:18+01:00,[60],[4.735]
2025-02-04T00:20:20+01:00,[60],[4.737]
2025-02-04T00:20:22+01:00,[60],[4.739]
2025-02-04T00:20:24+01:00,[60],[4.739]
2025-02-04T00:20:26+01:00,[60],[4.74]
2025-02-04T00:20:28+01:00,[60],[4.74]
2025-02-04T00:20:30+01:00,[60],[4.74]
2025-02-04T00:20:32+01:00,[60],[4.74]
2025-02-04T00:20:34+01:00,[60],[4.74]
2025-02-04T00:20:36+01:00,[60],[4.741]
2025-02-04T00:20:38+01:00,[60],[4.741]
2025-02-04T00:20:40+01:00,[60],[4.74]
2025-02-04T00:20:42+01:00,[60],[4.74]
2025-02-04T00:20:44+01:00,[60],[4.74]
2025-02-04T00:20:46+01:00,[60],[4.74]
2025-02-04T00:20:48+01:00,[60],[4.74]
2025-02-04T00:20:50+01:00,[60],[4.74]
2025-02-04T00:20:52+01:00,[60],[4.74]
2025-02-04T00:20:54+01:00,[60],[4.74]
2025-02-04T00:20:56+01:00,[60],[4.739]
2025-02-04T00:20:58+01:00,[60],[4.74]
2025-02-04T00:21:00+01:00,[60],[4.736]
2025-02-04T00:21:02+01:00,[60],[4.738]
2025-02-04T00:21:04+01:00,[60],[4.739]
2025-02-04T00:21:06+01:00,[60],[4.739]
2025-02-04T00:21:08+01:00,[60],[4.738]
2025-02-04T00:21:10+01:00,[60],[4.738]
2025-02-04T00:21:12+01:00,[60],[4.738]
2025-02-04T00:21:14+01:00,[60],[4.738]
2025-02-04T00:21:16+01:00,[60],[4.738]
2025-02-04T00:21:18+01:00,[60],[4.734]
2025-02-04T00:21:20+01:00,[60],[4.733]
2025-02-04T00:21:22+01:00,[60],[4.726]
2025-02-04T00:21:24+01:00,[60],[4.721]
2025-02-04T00:21:26+01:00,[60],[4.732]
2025-02-04T00:21:54+01:00,[60],[4.738]
2025-02-04T00:21:55+01:00,[60],[4.739]
2025-02-04T00:21:56+01:00,[60],[4.74]
2025-02-04T00:21:58+01:00,[60],[4.733]
2025-02-04T00:21:59+01:00,[60],[4.732]
2025-02-04T00:22:01+01:00,[60],[4.738]
2025-02-04T00:22:03+01:00,[60],[4.735]
2025-02-04T00:22:05+01:00,[60],[4.733]
2025-02-04T00:22:07+01:00,[60],[4.732]
2025-02-04T00:22:09+01:00,[60],[4.732]
2025-02-04T00:22:11+01:00,[60],[4.736]
2025-02-04T00:22:13+01:00,[60],[4.734]
2025-02-04T00:22:15+01:00,[60],[4.732]
2025-02-04T00:22:17+01:00,[60],[4.733]
2025-02-04T00:22:19+01:00,[60],[4.734]
2025-02-04T00:22:21+01:00,[60],[4.735]
2025-02-04T00:22:23+01:00,[60],[4.732]
2025-02-04T00:22:25+01:00,[60],[4.731]
2025-02-04T00:22:27+01:00,[60],[4.736]
2025-02-04T00:22:29+01:00,[60],[4.737]
2025-02-04T00:22:31+01:00,[60],[4.736]
2025-02-04T00:22:33+01:00,[60],[4.738]
2025-02-04T00:22:35+01:00,[60],[4.739]
2025-02-04T00:22:37+01:00,[60],[4.74]
2025-02-04T00:22:39+01:00,[60],[4.738]
2025-02-04T00:22:41+01:00,[60],[4.739]
2025-02-04T00:22:43+01:00,[60],[4.739]
2025-02-04T00:22:45+01:00,[60],[4.739]
2025-02-04T00:22:47+01:00,[60],[4.736]
2025-02-04T00:22:49+01:00,[60],[4.729]
2025-02-04T00:22:51+01:00,[60],[4.727]
2025-02-04T00:22:53+01:00,[60],[4.722]
2025-02-04T00:22:55+01:00,[60],[4.73]
2025-02-04T00:22:57+01:00,[60],[4.733]
2025-02-04T00:22:59+01:00,[60],[4.734]
2025-02-04T00:23:01+01:00,[60],[4.731]
2025-02-04T00:23:03+01:00,[60],[4.732]
2025-02-04T00:23:05+01:00,[60],[4.733]
2025-02-04T00:23:07+01:00,[60],[4.736]
2025-02-04T00:23:09+01:00,[60],[4.735]
2025-02-04T00:23:11+01:00,[60],[4.732]
2025-02-04T00:23:13+01:00,[60],[4.733]
2025-02-04T00:23:15+01:00,[60],[4.737]
2025-02-04T00:23:17+01:00,[60],[4.734]
2025-02-04T00:23:19+01:00,[60],[4.734]
2025-02-04T00:23:21+01:00,[60],[4.734]
2025-02-04T00:23:23+01:00,[60],[4.736]
2025-02-04T00:23:25+01:00,[60],[4.731]
2025-02-04T00:23:27+01:00,[60],[4.728]
2025-02-04T00:23:29+01:00,[60],[4.731]
2025-02-04T00:23:31+01:00,[60],[4.735]
2025-02-04T00:23:33+01:00,[60],[4.737]
2025-02-04T00:23:35+01:00,[60],[4.736]
2025-02-04T00:23:37+01:00,[60],[4.734]
2025-02-04T00:23:39+01:00,[60],[4.735]
2025-02-04T00:23:41+01:00,[60],[4.732]
2025-02-04T00:23:43+01:00,[60],[4.729]
2025-02-04T00:23:45+01:00,[60],[4.73]
2025-02-04T00:23:47+01:00,[60],[4.733]
2025-02-04T00:23:49+01:00,[60],[4.735]
2025-02-04T00:23:51+01:00,[60],[4.736]
2025-02-04T00:23:53+01:00,[60],[4.738]
2025-02-04T00:23:55+01:00,[60],[4.74]
2025-02-04T00:23:56+01:00,[60],[4.74]
2025-02-04T00:23:58+01:00,[60],[4.741]
2025-02-04T00:23:59+01:00,[60],[4.74]
2025-02-04T00:24:01+01:00,[60],[4.74]
2025-02-04T00:24:02+01:00,[60],[4.74]
2025-02-04T00:24:04+01:00,[60],[4.742]
2025-02-04T00:24:05+01:00,[60],[4.742]
2025-02-04T00:24:07+01:00,[60],[4.743]
2025-02-04T00:24:08+01:00,[60],[4.743]
2025-02-04T00:24:10+01:00,[60],[4.742]
2025-02-04T00:24:12+01:00,[60],[4.743]
2025-02-04T00:24:14+01:00,[60],[4.743]
2025-02-04T00:24:16+01:00,[60],[4.743]
2025-02-04T00:24:18+01:00,[60],[4.742]
2025-02-04T00:24:20+01:00,[60],[4.742]
2025-02-04T00:24:22+01:00,[60],[4.741]
2025-02-04T00:24:24+01:00,[60],[4.742]
2025-02-04T00:24:26+01:00,[60],[4.742]
2025-02-04T00:24:28+01:00,[60],[4.742]
2025-02-04T00:24:30+01:00,[60],[4.742]
2025-02-04T00:24:32+01:00,[60],[4.742]
2025-02-04T00:24:34+01:00,[60],[4.742]
2025-02-04T00:24:36+01:00,[60],[4.742]
2025-02-04T00:24:38+01:00,[60],[4.742]
2025-02-04T00:24:40+01:00,[60],[4.742]
2025-02-04T00:24:42+01:00,[60],[4.743]
2025-02-04T00:24:44+01:00,[60],[4.743]
2025-02-04T00:24:46+01:00,[60],[4.743]
2025-02-04T00:24:48+01:00,[60],[4.743]
2025-02-04T00:24:50+01:00,[60],[4.743]
2025-02-04T00:24:52+01:00,[60],[4.743]
2025-02-04T00:24:54+01:00,[60],[4.743]
2025-02-04T00:24:56+01:00,[60],[4.744]
2025-02-04T00:24:58+01:00,[60],[4.737]
2025-02-04T00:25:00+01:00,[60],[4.737]
2025-02-04T00:25:02+01:00,[60],[4.733]
2025-02-04T00:25:04+01:00,[60],[4.736]
2025-02-04T00:25:06+01:00,[60],[4.736]
2025-02-04T00:25:07+01:00,[60],[4.735]
2025-02-04T00:25:09+01:00,[60],[4.738]
2025-02-04T00:25:11+01:00,[60],[4.738]
2025-02-04T00:25:13+01:00,[60],[4.74]
2025-02-04T00:25:15+01:00,[60],[4.741]
2025-02-04T00:25:17+01:00,[60],[4.742]
2025-02-04T00:25:19+01:00,[60],[4.742]
2025-02-04T00:25:21+01:00,[60],[4.738]
2025-02-04T00:25:23+01:00,[60],[4.737]
2025-02-04T00:25:25+01:00,[60],[4.74]
2025-02-04T00:25:27+01:00,[60],[4.739]
2025-02-04T00:25:29+01:00,[60],[4.731]
2025-02-04T00:25:31+01:00,[60],[4.737]
2025-02-04T00:25:33+01:00,[60],[4.739]
2025-02-04T00:25:35+01:00,[60],[4.74]
2025-02-04T00:25:37+01:00,[60],[4.734]
2025-02-04T00:25:39+01:00,[60],[4.733]
2025-02-04T00:25:41+01:00,[60],[4.737]
2025-02-04T00:25:43+01:00,[60],[4.734]
2025-02-04T00:25:45+01:00,[60],[4.735]
2025-02-04T00:25:47+01:00,[60],[4.736]
2025-02-04T00:25:49+01:00,[60],[4.737]
2025-02-04T00:25:51+01:00,[60],[4.739]
2025-02-04T00:25:53+01:00,[60],[4.738]
2025-02-04T00:25:55+01:00,[60],[4.739]
2025-02-04T00:25:57+01:00,[60],[4.739]
2025-02-04T00:25:59+01:00,[60],[4.739]
2025-02-04T00:26:01+01:00,[60],[4.74]
2025-02-04T00:26:02+01:00,[60],[4.74]
2025-02-04T00:26:04+01:00,[60],[4.74]
2025-02-04T00:26:06+01:00,[60],[4.74]
2025-02-04T00:26:08+01:00,[60],[4.74]
2025-02-04T00:26:10+01:00,[60],[4.74]
2025-02-04T00:26:12+01:00,[60],[4.74]
2025-02-04T00:26:14+01:00,[60],[4.74]
2025-02-04T00:26:16+01:00,[60],[4.74]
2025-02-04T00:26:18+01:00,[60],[4.74]
2025-02-04T00:26:20+01:00,[60],[4.741]
2025-02-04T00:26:22+01:00,[60],[4.74]
2025-02-04T00:26:24+01:00,[60],[4.739]
2025-02-04T00:26:26+01:00,[60],[4.738]
2025-02-04T00:26:28+01:00,[60],[4.738]
2025-02-04T00:26:30+01:00,[60],[4.738]
2025-02-04T00:26:32+01:00,[60],[4.739]
2025-02-04T00:26:34+01:00,[60],[4.739]
2025-02-04T00:26:36+01:00,[60],[4.74]
2025-02-04T00:26:38+01:00,[60],[4.74]
2025-02-04T00:26:40+01:00,[60],[4.74]
2025-02-04T00:26:42+01:00,[60],[4.74]
2025-02-04T00:26:44+01:00,[60],[4.74]
2025-02-04T00:26:46+01:00,[60],[4.739]
2025-02-04T00:26:48+01:00,[60],[4.745]
2025-02-04T00:26:50+01:00,[60],[4.749]
2025-02-04T00:26:52+01:00,[60],[4.734]
2025-02-04T00:26:54+01:00,[60],[4.734]
2025-02-04T00:26:56+01:00,[60],[4.737]
2025-02-04T00:26:58+01:00,[60],[4.738]
2025-02-04T00:27:00+01:00,[60],[4.74]
2025-02-04T00:27:02+01:00,[60],[4.741]
2025-02-04T00:27:04+01:00,[60],[4.742]
2025-02-04T00:27:06+01:00,[60],[4.743]
2025-02-04T00:27:08+01:00,[60],[4.742]
2025-02-04T00:27:10+01:00,[60],[4.743]
2025-02-04T00:27:12+01:00,[60],[4.743]
2025-02-04T00:27:14+01:00,[60],[4.743]
2025-02-04T00:27:16+01:00,[60],[4.743]
2025-02-04T00:27:18+01:00,[60],[4.742]
2025-02-04T00:27:20+01:00,[60],[4.743]
2025-02-04T00:27:22+01:00,[60],[4.742]
2025-02-04T00:27:24+01:00,[60],[4.743]
2025-02-04T00:27:26+01:00,[60],[4.743]
2025-02-04T00:27:28+01:00,[60],[4.743]
2025-02-04T00:27:30+01:00,[60],[4.743]
2025-02-04T00:27:32+01:00,[60],[4.743]
2025-02-04T00:27:34+01:00,[60],[4.743]
2025-02-04T00:27:36+01:00,[60],[4.743]
2025-02-04T00:27:38+01:00,[60],[4.743]
2025-02-04T00:27:40+01:00,[60],[4.743]
2025-02-04T00:27:42+01:00,[60],[4.743]
2025-02-04T00:27:44+01:00,[60],[4.743]
2025-02-04T00:27:46+01:00,[60],[4.742]
2025-02-04T00:27:48+01:00,[60],[4.742]
2025-02-04T00:27:50+01:00,[60],[4.742]
2025-02-04T00:27:52+01:00,[60],[4.741]
2025-02-04T00:27:54+01:00,[60],[4.741]
2025-02-04T00:27:56+01:00,[60],[4.74]
2025-02-04T00:27:58+01:00,[60],[4.74]
2025-02-04T00:28:00+01:00,[60],[4.74]
2025-02-04T00:28:02+01:00,[60],[4.74]
2025-02-04T00:28:04+01:00,[60],[4.741]
2025-02-04T00:28:06+01:00,[60],[4.74]
2025-02-04T00:28:07+01:00,[60],[4.741]
2025-02-04T00:28:08+01:00,[60],[4.741]
2025-02-04T00:28:10+01:00,[60],[4.741]
2025-02-04T00:28:11+01:00,[60],[4.741]
2025-02-04T00:28:13+01:00,[60],[4.742]
2025-02-04T00:28:14+01:00,[60],[4.742]
2025-02-04T00:28:16+01:00,[60],[4.733]
2025-02-04T00:28:17+01:00,[60],[4.739]
2025-02-04T00:28:19+01:00,[60],[4.74]
2025-02-04T00:28:20+01:00,[60],[4.74]
2025-02-04T00:28:22+01:00,[60],[4.741]
2025-02-04T00:28:24+01:00,[60],[4.739]
2025-02-04T00:28:26+01:00,[60],[4.739]
2025-02-04T00:28:28+01:00,[60],[4.74]
2025-02-04T00:28:30+01:00,[60],[4.738]
2025-02-04T00:28:32+01:00,[60],[4.739]
2025-02-04T00:28:34+01:00,[60],[4.74]
2025-02-04T00:28:36+01:00,[60],[4.741]
2025-02-04T00:28:38+01:00,[60],[4.741]
2025-02-04T00:28:40+01:00,[60],[4.741]
2025-02-04T00:28:42+01:00,[60],[4.742]
2025-02-04T00:28:44+01:00,[60],[4.742]
2025-02-04T00:28:46+01:00,[60],[4.742]
2025-02-04T00:28:48+01:00,[60],[4.742]
2025-02-04T00:28:50+01:00,[60],[4.742]
2025-02-04T00:28:52+01:00,[60],[4.742]
2025-02-04T00:28:54+01:00,[60],[4.743]
2025-02-04T00:28:56+01:00,[60],[4.742]
2025-02-04T00:28:58+01:00,[60],[4.741]
2025-02-04T00:29:00+01:00,[60],[4.741]
2025-02-04T00:29:02+01:00,[60],[4.741]
2025-02-04T00:29:04+01:00,[60],[4.74]
2025-02-04T00:29:06+01:00,[60],[4.741]
2025-02-04T00:29:08+01:00,[60],[4.737]
2025-02-04T00:29:10+01:00,[60],[4.739]
2025-02-04T00:29:12+01:00,[60],[4.74]
2025-02-04T00:29:14+01:00,[60],[4.739]
2025-02-04T00:29:16+01:00,[60],[4.737]
2025-02-04T00:29:18+01:00,[60],[4.739]
2025-02-04T00:29:20+01:00,[60],[4.739]
2025-02-04T00:29:22+01:00,[60],[4.739]
2025-02-04T00:29:24+01:00,[60],[4.738]
2025-02-04T00:29:26+01:00,[60],[4.738]
2025-02-04T00:29:28+01:00,[60],[4.736]
2025-02-04T00:29:30+01:00,[60],[4.736]
2025-02-04T00:29:32+01:00,[60],[4.736]
2025-02-04T00:29:34+01:00,[60],[4.735]
2025-02-04T00:29:36+01:00,[60],[4.734]
2025-02-04T00:29:38+01:00,[60],[4.736]
2025-02-04T00:29:39+01:00,[60],[4.735]
2025-02-04T00:29:41+01:00,[60],[4.738]
2025-02-04T00:29:43+01:00,[60],[4.739]
2025-02-04T00:29:45+01:00,[60],[4.736]
2025-02-04T00:29:47+01:00,[60],[4.736]
2025-02-04T00:29:49+01:00,[60],[4.738]
2025-02-04T00:29:51+01:00,[60],[4.739]
2025-02-04T00:29:53+01:00,[60],[4.74]
2025-02-04T00:29:55+01:00,[60],[4.74]
2025-02-04T00:29:57+01:00,[60],[4.74]
2025-02-04T00:29:59+01:00,[60],[4.738]
2025-02-04T00:30:01+01:00,[60],[4.738]
2025-02-04T00:30:03+01:00,[60],[4.74]
2025-02-04T00:30:05+01:00,[60],[4.741]
2025-02-04T00:30:07+01:00,[60],[4.741]
2025-02-04T00:30:09+01:00,[60],[4.741]
2025-02-04T00:30:11+01:00,[60],[4.741]
2025-02-04T00:30:14+01:00,[60],[4.741]
2025-02-04T00:30:15+01:00,[60],[4.739]
2025-02-04T00:30:17+01:00,[60],[4.738]
2025-02-04T00:30:19+01:00,[60],[4.739]
2025-02-04T00:30:20+01:00,[60],[4.74]
2025-02-04T00:30:21+01:00,[60],[4.74]
2025-02-04T00:30:23+01:00,[60],[4.739]
2025-02-04T00:30:25+01:00,[60],[4.74]
2025-02-04T00:30:27+01:00,[60],[4.741]
2025-02-04T00:30:29+01:00,[60],[4.737]
2025-02-04T00:30:31+01:00,[60],[4.736]
2025-02-04T00:30:33+01:00,[60],[4.738]
2025-02-04T00:30:35+01:00,[60],[4.739]
2025-02-04T00:30:37+01:00,[60],[4.74]
2025-02-04T00:30:39+01:00,[60],[4.741]
2025-02-04T00:30:41+01:00,[60],[4.741]
2025-02-04T00:30:43+01:00,[60],[4.742]
2025-02-04T00:30:45+01:00,[60],[4.742]
2025-02-04T00:30:47+01:00,[60],[4.742]
2025-02-04T00:30:49+01:00,[60],[4.743]
2025-02-04T00:30:51+01:00,[60],[4.734]
2025-02-04T00:30:53+01:00,[60],[4.735]
2025-02-04T00:30:55+01:00,[60],[4.732]
2025-02-04T00:30:57+01:00,[60],[4.725]
2025-02-04T00:30:59+01:00,[60],[4.728]
2025-02-04T00:31:01+01:00,[60],[4.731]
2025-02-04T00:31:03+01:00,[60],[4.733]
2025-02-04T00:31:05+01:00,[60],[4.735]
2025-02-04T00:31:07+01:00,[60],[4.736]
2025-02-04T00:31:09+01:00,[60],[4.738]
2025-02-04T00:31:11+01:00,[60],[4.738]
2025-02-04T00:31:13+01:00,[60],[4.739]
2025-02-04T00:31:15+01:00,[60],[4.74]
2025-02-04T00:31:17+01:00,[60],[4.738]
2025-02-04T00:31:19+01:00,[60],[4.738]
2025-02-04T00:31:21+01:00,[60],[4.739]
2025-02-04T00:31:23+01:00,[60],[4.74]
2025-02-04T00:31:25+01:00,[60],[4.74]
2025-02-04T00:31:27+01:00,[60],[4.74]
2025-02-04T00:31:29+01:00,[60],[4.74]
2025-02-04T00:31:31+01:00,[60],[4.74]
2025-02-04T00:31:32+01:00,[60],[4.74]
2025-02-04T00:31:34+01:00,[60],[4.739]
2025-02-04T00:31:36+01:00,[60],[4.74]
2025-02-04T00:31:38+01:00,[60],[4.738]
2025-02-04T00:31:40+01:00,[60],[4.738]
2025-02-04T00:31:42+01:00,[60],[4.739]
2025-02-04T00:31:44+01:00,[60],[4.738]
2025-02-04T00:31:46+01:00,[60],[4.739]
2025-02-04T00:31:48+01:00,[60],[4.738]
2025-02-04T00:31:50+01:00,[60],[4.739]
2025-02-04T00:31:52+01:00,[60],[4.74]
2025-02-04T00:31:54+01:00,[60],[4.74]
2025-02-04T00:31:56+01:00,[60],[4.74]
2025-02-04T00:31:58+01:00,[60],[4.739]
2025-02-04T00:32:00+01:00,[60],[4.74]
2025-02-04T00:32:02+01:00,[60],[4.74]
2025-02-04T00:32:04+01:00,[60],[4.739]
2025-02-04T00:32:06+01:00,[60],[4.74]
2025-02-04T00:32:08+01:00,[60],[4.74]
2025-02-04T00:32:10+01:00,[60],[4.74]
2025-02-04T00:32:12+01:00,[60],[4.74]
2025-02-04T00:32:14+01:00,[60],[4.74]
2025-02-04T00:32:16+01:00,[60],[4.741]
2025-02-04T00:32:18+01:00,[60],[4.741]
2025-02-04T00:32:20+01:00,[60],[4.741]
2025-02-04T00:32:21+01:00,[60],[4.741]
2025-02-04T00:32:23+01:00,[60],[4.74]
2025-02-04T00:32:24+01:00,[60],[4.74]
2025-02-04T00:32:26+01:00,[60],[4.74]
2025-02-04T00:32:27+01:00,[60],[4.74]
2025-02-04T00:32:29+01:00,[60],[4.741]
2025-02-04T00:32:30+01:00,[60],[4.74]
2025-02-04T00:32:32+01:00,[60],[4.74]
2025-02-04T00:32:33+01:00,[60],[4.74]
2025-02-04T00:32:35+01:00,[60],[4.74]
2025-02-04T00:32:37+01:00,[60],[4.74]
2025-02-04T00:32:39+01:00,[60],[4.74]
2025-02-04T00:32:41+01:00,[60],[4.74]
2025-02-04T00:32:43+01:00,[60],[4.74]
2025-02-04T00:32:45+01:00,[60],[4.74]
2025-02-04T00:32:47+01:00,[60],[4.741]
2025-02-04T00:32:49+01:00,[60],[4.741]
2025-02-04T00:32:51+01:00,[60],[4.734]
2025-02-04T00:32:53+01:00,[60],[4.726]
2025-02-04T00:32:55+01:00,[60],[4.731]
2025-02-04T00:32:57+01:00,[60],[4.735]
2025-02-04T00:32:59+01:00,[60],[4.738]
2025-02-04T00:33:01+01:00,[60],[4.73]
2025-02-04T00:33:03+01:00,[60],[4.731]
2025-02-04T00:33:05+01:00,[60],[4.729]
2025-02-04T00:33:07+01:00,[60],[4.728]
2025-02-04T00:33:09+01:00,[60],[4.73]
2025-02-04T00:33:11+01:00,[60],[4.735]
2025-02-04T00:33:13+01:00,[60],[4.743]
2025-02-04T00:33:15+01:00,[60],[4.744]
2025-02-04T00:33:17+01:00,[60],[4.737]
2025-02-04T00:33:19+01:00,[60],[4.74]
2025-02-04T00:33:21+01:00,[60],[4.74]
2025-02-04T00:33:23+01:00,[60],[4.741]
2025-02-04T00:33:25+01:00,[60],[4.738]
2025-02-04T00:33:27+01:00,[60],[4.74]
2025-02-04T00:33:29+01:00,[60],[4.74]
2025-02-04T00:33:31+01:00,[60],[4.741]
2025-02-04T00:33:32+01:00,[60],[4.741]
2025-02-04T00:33:34+01:00,[60],[4.741]
2025-02-04T00:33:36+01:00,[60],[4.741]
2025-02-04T00:33:38+01:00,[60],[4.741]
2025-02-04T00:33:40+01:00,[60],[4.741]
2025-02-04T00:33:42+01:00,[60],[4.741]
2025-02-04T00:33:44+01:00,[60],[4.741]
2025-02-04T00:33:46+01:00,[60],[4.742]
2025-02-04T00:33:48+01:00,[60],[4.741]
2025-02-04T00:33:50+01:00,[60],[4.751]
2025-02-04T00:33:52+01:00,[60],[4.77]
2025-02-04T00:33:54+01:00,[60],[4.758]
2025-02-04T00:33:56+01:00,[60],[4.738]
2025-02-04T00:33:58+01:00,[60],[4.729]
2025-02-04T00:34:00+01:00,[60],[4.733]
2025-02-04T00:34:02+01:00,[60],[4.729]
2025-02-04T00:34:04+01:00,[60],[4.724]
2025-02-04T00:34:06+01:00,[60],[4.729]
2025-02-04T00:34:08+01:00,[60],[4.728]
2025-02-04T00:34:10+01:00,[60],[4.725]
2025-02-04T00:34:12+01:00,[60],[4.722]
2025-02-04T00:34:14+01:00,[60],[4.732]
2025-02-04T00:34:16+01:00,[60],[4.724]
2025-02-04T00:34:18+01:00,[60],[4.731]
2025-02-04T00:34:20+01:00,[60],[4.734]
2025-02-04T00:34:22+01:00,[60],[4.737]
2025-02-04T00:34:24+01:00,[60],[4.734]
2025-02-04T00:34:26+01:00,[60],[4.736]
2025-02-04T00:34:27+01:00,[60],[4.737]
2025-02-04T00:34:29+01:00,[60],[4.738]
2025-02-04T00:34:30+01:00,[60],[4.739]
2025-02-04T00:34:32+01:00,[60],[4.741]
2025-02-04T00:34:33+01:00,[60],[4.741]
2025-02-04T00:34:35+01:00,[60],[4.739]
2025-02-04T00:34:36+01:00,[60],[4.739]
2025-02-04T00:34:38+01:00,[60],[4.74]
2025-02-04T00:34:39+01:00,[60],[4.74]
2025-02-04T00:34:41+01:00,[60],[4.74]
2025-02-04T00:34:43+01:00,[60],[4.74]
2025-02-04T00:34:45+01:00,[60],[4.736]
2025-02-04T00:34:47+01:00,[60],[4.737]
2025-02-04T00:34:49+01:00,[60],[4.733]
2025-02-04T00:34:51+01:00,[60],[4.741]
2025-02-04T00:34:53+01:00,[60],[4.738]
2025-02-04T00:34:55+01:00,[60],[4.741]
2025-02-04T00:34:57+01:00,[60],[4.743]
2025-02-04T00:34:59+01:00,[60],[4.74]
2025-02-04T00:35:01+01:00,[60],[4.738]
2025-02-04T00:35:03+01:00,[60],[4.736]
2025-02-04T00:35:05+01:00,[60],[4.735]
2025-02-04T00:35:07+01:00,[60],[4.737]
2025-02-04T00:35:09+01:00,[60],[4.74]
2025-02-04T00:35:11+01:00,[60],[4.736]
2025-02-04T00:35:13+01:00,[60],[4.736]
2025-02-04T00:35:14+01:00,[60],[4.731]
2025-02-04T00:35:16+01:00,[60],[4.729]
2025-02-04T00:35:18+01:00,[60],[4.725]
2025-02-04T00:35:20+01:00,[60],[4.726]
2025-02-04T00:35:22+01:00,[60],[4.734]
2025-02-04T00:35:24+01:00,[60],[4.739]
2025-02-04T00:35:26+01:00,[60],[4.746]
2025-02-04T00:35:28+01:00,[60],[4.755]
2025-02-04T00:35:30+01:00,[60],[4.738]
2025-02-04T00:35:32+01:00,[60],[4.739]
2025-02-04T00:35:34+01:00,[60],[4.731]
2025-02-04T00:35:36+01:00,[60],[4.731]
2025-02-04T00:35:38+01:00,[60],[4.736]
2025-02-04T00:35:40+01:00,[60],[4.738]
2025-02-04T00:35:42+01:00,[60],[4.74]
2025-02-04T00:35:44+01:00,[60],[4.741]
2025-02-04T00:35:46+01:00,[60],[4.741]
2025-02-04T00:35:48+01:00,[60],[4.741]
2025-02-04T00:35:50+01:00,[60],[4.742]
2025-02-04T00:35:52+01:00,[60],[4.742]
2025-02-04T00:35:54+01:00,[60],[4.742]
2025-02-04T00:35:56+01:00,[60],[4.742]
2025-02-04T00:35:58+01:00,[60],[4.741]
2025-02-04T00:36:00+01:00,[60],[4.742]
2025-02-04T00:36:02+01:00,[60],[4.741]
2025-02-04T00:36:04+01:00,[60],[4.742]
2025-02-04T00:36:06+01:00,[60],[4.742]
2025-02-04T00:36:08+01:00,[60],[4.742]
2025-02-04T00:36:10+01:00,[60],[4.741]
2025-02-04T00:36:12+01:00,[60],[4.741]
2025-02-04T00:36:14+01:00,[60],[4.74]
2025-02-04T00:36:16+01:00,[60],[4.739]
2025-02-04T00:36:18+01:00,[60],[4.74]
2025-02-04T00:36:20+01:00,[60],[4.74]
2025-02-04T00:36:22+01:00,[60],[4.74]
2025-02-04T00:36:24+01:00,[60],[4.741]
2025-02-04T00:36:26+01:00,[60],[4.74]
2025-02-04T00:36:28+01:00,[60],[4.74]
2025-02-04T00:36:30+01:00,[60],[4.739]
2025-02-04T00:36:32+01:00,[60],[4.74]
2025-02-04T00:36:33+01:00,[60],[4.739]
2025-02-04T00:36:35+01:00,[60],[4.74]
2025-02-04T00:36:36+01:00,[60],[4.74]
2025-02-04T00:36:38+01:00,[60],[4.739]
2025-02-04T00:36:39+01:00,[60],[4.739]
2025-02-04T00:36:41+01:00,[60],[4.739]
2025-02-04T00:36:42+01:00,[60],[4.739]
2025-02-04T00:36:44+01:00,[60],[4.74]
2025-02-04T00:36:45+01:00,[60],[4.74]
2025-02-04T00:36:47+01:00,[60],[4.738]
2025-02-04T00:36:49+01:00,[60],[4.74]
2025-02-04T00:36:51+01:00,[60],[4.739]
2025-02-04T00:36:53+01:00,[60],[4.739]
2025-02-04T00:36:55+01:00,[60],[4.739]
2025-02-04T00:36:57+01:00,[60],[4.739]
2025-02-04T00:36:59+01:00,[60],[4.738]
2025-02-04T00:37:01+01:00,[60],[4.738]
2025-02-04T00:37:03+01:00,[60],[4.738]
2025-02-04T00:37:05+01:00,[60],[4.735]
2025-02-04T00:37:07+01:00,[60],[4.735]
2025-02-04T00:37:08+01:00,[60],[4.737]
2025-02-04T00:37:10+01:00,[60],[4.738]
2025-02-04T00:37:12+01:00,[60],[4.739]
2024-08-09T04:05:21+02:00,[60],[25.262]
2024-08-09T04:06:49+02:00,[60],[21]
2024-08-09T04:07:25+02:00,[60],[21.88]
2024-08-09T04:07:27+02:00,[60],[9.138]
2024-08-09T04:07:29+02:00,[60],[5.248]
2024-08-09T04:07:59+02:00,[60],[25.262]
2024-08-09T04:08:01+02:00,[60],[20.433]
2024-08-09T04:08:03+02:00,[60],[10.845]
2024-08-09T04:08:05+02:00,[60],[6.346]
2024-08-09T04:08:09+02:00,[60],[4.766]
2024-08-09T04:08:34+02:00,[60],[4.767]
2024-08-09T04:47:09+02:00,[60],[4.775]
