start,duration,value
2026-07-16T22:57:34+02:00,[60],[33.956669]
2026-07-16T22:57:52+02:00,[60],[33.956669]
2026-07-16T22:57:53+02:00,[60],[33.95668]
2026-07-16T22:57:55+02:00,[60],[33.956715]
2026-07-16T22:57:56+02:00,[60],[33.956718]
2026-07-16T22:57:57+02:00,[60],[33.956718]
2026-07-16T22:57:58+02:00,[60],[33.956718]
2026-07-16T22:57:59+02:00,[60],[33.956718]
2026-07-16T22:58:00+02:00,[60],[33.956718]
2026-07-16T22:58:01+02:00,[60],[33.956718]
2026-07-16T22:58:02+02:00,[60],[33.956718]
2026-07-16T22:58:03+02:00,[60],[33.956718]
2026-07-16T22:58:04+02:00,[60],[33.956718]
2026-07-16T22:58:05+02:00,[60],[33.956718]
2026-07-16T22:58:06+02:00,[60],[33.956718]
2026-07-16T22:58:07+02:00,[60],[33.956718]
2026-07-16T22:58:08+02:00,[60],[33.956718]
2026-07-16T22:58:09+02:00,[60],[33.956718]
2026-07-16T22:58:10+02:00,[60],[33.956718]
2026-07-16T22:58:11+02:00,[60],[33.956718]
2026-07-16T22:58:12+02:00,[60],[33.956718]
2026-07-16T22:58:13+02:00,[60],[33.956718]
2026-07-16T22:58:14+02:00,[60],[33.956718]
2026-07-16T22:58:15+02:00,[60],[33.956806]
2026-07-16T22:58:16+02:00,[60],[33.956806]
2026-07-16T22:58:17+02:00,[60],[33.956806]
2026-07-16T22:58:18+02:00,[60],[33.956806]
2026-07-16T22:58:19+02:00,[60],[33.956806]
2026-07-16T22:58:20+02:00,[60],[33.956806]
2026-07-16T22:58:21+02:00,[60],[33.956806]
2026-07-16T22:58:22+02:00,[60],[33.956806]
2026-07-16T22:58:23+02:00,[60],[33.956806]
2026-07-16T22:58:24+02:00,[60],[33.956806]
2026-07-16T22:58:25+02:00,[60],[33.956806]
2026-07-16T22:58:26+02:00,[60],[33.956806]
2026-07-16T22:58:27+02:00,[60],[33.956806]
2026-07-16T22:58:28+02:00,[60],[33.956806]
2026-07-16T22:58:29+02:00,[60],[33.95681]
2026-07-16T22:58:30+02:00,[60],[33.95681]
2026-07-16T22:58:31+02:00,[60],[33.956814]
2026-07-16T22:58:32+02:00,[60],[33.956818]
2026-07-16T22:58:34+02:00,[60],[33.95681]
2026-07-16T22:58:35+02:00,[60],[33.95681]
2026-07-16T22:58:36+02:00,[60],[33.95681]
2026-07-16T22:58:37+02:00,[60],[33.95681]
2026-07-16T22:58:38+02:00,[60],[33.95681]
2026-07-16T22:58:39+02:00,[60],[33.95681]
2026-07-16T22:58:40+02:00,[60],[33.95681]
2026-07-16T22:58:41+02:00,[60],[33.95681]
2026-07-16T22:58:42+02:00,[60],[33.95681]
2026-07-16T22:58:43+02:00,[60],[33.95681]
2026-07-16T22:58:44+02:00,[60],[33.95681]
2026-07-16T22:58:45+02:00,[60],[33.95681]
2026-07-16T22:58:46+02:00,[60],[33.95681]
2026-07-16T22:58:47+02:00,[60],[33.95681]
2026-07-16T22:58:48+02:00,[60],[33.95681]
2026-07-16T22:58:49+02:00,[60],[33.95681]
2026-07-16T22:58:50+02:00,[60],[33.95681]
2026-07-16T22:58:51+02:00,[60],[33.95681]
2026-07-16T22:58:52+02:00,[60],[33.95681]
2026-07-16T22:58:53+02:00,[60],[33.95681]
2026-07-16T22:58:54+02:00,[60],[33.95681]
2026-07-16T22:58:55+02:00,[60],[33.95681]
2026-07-16T22:58:56+02:00,[60],[33.95681]
2026-07-16T22:58:57+02:00,[60],[33.95681]
2026-07-16T22:58:58+02:00,[60],[33.95681]
2026-07-16T22:58:59+02:00,[60],[33.95681]
2026-07-16T22:59:00+02:00,[60],[33.95681]
2026-07-16T22:59:01+02:00,[60],[33.95681]
2026-07-16T22:59:02+02:00,[60],[33.95681]
2026-07-16T22:59:03+02:00,[60],[33.95681]
2026-07-16T22:59:04+02:00,[60],[33.95681]
2026-07-16T22:59:05+02:00,[60],[33.95681]
2026-07-16T22:59:06+02:00,[60],[33.95681]
2026-07-16T22:59:07+02:00,[60],[33.95681]
2026-07-16T22:59:08+02:00,[60],[33.95681]
2026-07-16T22:59:09+02:00,[60],[33.95681]
2026-07-16T22:59:10+02:00,[60],[33.95681]
2026-07-16T22:59:11+02:00,[60],[33.95681]
2026-07-16T22:59:12+02:00,[60],[33.95681]
2026-07-16T22:59:13+02:00,[60],[33.95681]
2026-07-16T22:59:14+02:00,[60],[33.95681]
2026-07-16T22:59:15+02:00,[60],[33.95681]
2026-07-16T22:59:16+02:00,[60],[33.95681]
2026-07-16T22:59:17+02:00,[60],[33.95681]
2026-07-16T22:59:18+02:00,[60],[33.95681]
2026-07-16T22:59:19+02:00,[60],[33.95681]
2026-07-16T22:59:20+02:00,[60],[33.95681]
2026-07-16T22:59:21+02:00,[60],[33.95681]
2026-07-16T22:59:22+02:00,[60],[33.95681]
2026-07-16T22:59:23+02:00,[60],[33.95681]
2026-07-16T22:59:24+02:00,[60],[33.95681]
2026-07-16T22:59:25+02:00,[60],[33.95681]
2026-07-16T22:59:26+02:00,[60],[33.95681]
2026-07-16T22:59:27+02:00,[60],[33.95681]
2026-07-16T22:59:28+02:00,[60],[33.95681]
2026-07-16T22:59:29+02:00,[60],[33.95681]
2026-07-16T22:59:30+02:00,[60],[33.95681]
2026-07-16T22:59:31+02:00,[60],[33.95681]
2026-07-16T22:59:32+02:00,[60],[33.95681]
2026-07-16T22:59:33+02:00,[60],[33.95681]
2026-07-16T22:59:34+02:00,[60],[33.95681]
2026-07-16T22:59:35+02:00,[60],[33.95681]
2026-07-16T22:59:36+02:00,[60],[33.95681]
2026-07-16T22:59:37+02:00,[60],[33.95681]
2026-07-16T22:59:38+02:00,[60],[33.95681]
2026-07-16T22:59:39+02:00,[60],[33.95681]
2026-07-16T22:59:40+02:00,[60],[33.95681]
2026-07-16T22:59:41+02:00,[60],[33.95681]
2026-07-16T22:59:42+02:00,[60],[33.95681]
2026-07-16T22:59:43+02:00,[60],[33.95681]
2026-07-16T22:59:44+02:00,[60],[33.95681]
2026-07-16T22:59:45+02:00,[60],[33.95681]
2026-07-16T22:59:46+02:00,[60],[33.95681]
2026-07-16T22:59:47+02:00,[60],[33.95681]
2026-07-16T22:59:48+02:00,[60],[33.95681]
2026-07-16T22:59:49+02:00,[60],[33.95681]
2026-07-16T22:59:50+02:00,[60],[33.95681]
2026-07-16T22:59:51+02:00,[60],[33.95681]
2026-07-16T22:59:52+02:00,[60],[33.95681]
2026-07-16T22:59:53+02:00,[60],[33.95681]
2026-07-16T22:59:54+02:00,[60],[33.95681]
2026-07-16T22:59:55+02:00,[60],[33.95681]
2026-07-16T22:59:56+02:00,[60],[33.95681]
2026-07-16T22:59:57+02:00,[60],[33.95681]
2026-07-16T22:59:58+02:00,[60],[33.95681]
2026-07-16T22:59:59+02:00,[60],[33.95681]
2026-07-16T23:00:00+02:00,[60],[33.95681]
2026-07-16T23:00:01+02:00,[60],[33.95681]
2026-07-16T23:00:02+02:00,[60],[33.95681]
2026-07-16T23:00:03+02:00,[60],[33.95681]
2026-07-16T23:00:04+02:00,[60],[33.95681]
2026-07-16T23:00:05+02:00,[60],[33.95681]
2026-07-16T23:00:06+02:00,[60],[33.95681]
2026-07-16T23:00:07+02:00,[60],[33.95681]
2026-07-16T23:00:08+02:00,[60],[33.95681]
2026-07-16T23:00:09+02:00,[60],[33.95681]
2026-07-16T23:00:10+02:00,[60],[33.95681]
2026-07-16T23:00:11+02:00,[60],[33.95681]
2026-07-16T23:00:12+02:00,[60],[33.95681]
2026-07-16T23:00:13+02:00,[60],[33.95681]
2026-07-16T23:00:14+02:00,[60],[33.95681]
2026-07-16T23:00:15+02:00,[60],[33.95681]
2026-07-16T23:00:16+02:00,[60],[33.95681]
2026-07-16T23:00:17+02:00,[60],[33.95681]
2026-07-16T23:00:18+02:00,[60],[33.95681]
2026-07-16T23:00:19+02:00,[60],[33.95681]
2026-07-16T23:00:20+02:00,[60],[33.95681]
2026-07-16T23:00:21+02:00,[60],[33.95681]
2026-07-16T23:00:22+02:00,[60],[33.95681]
2026-07-16T23:00:23+02:00,[60],[33.95681]
2026-07-16T23:00:24+02:00,[60],[33.95681]
2026-07-16T23:00:25+02:00,[60],[33.95681]
2026-07-16T23:00:26+02:00,[60],[33.95681]
2026-07-16T23:00:27+02:00,[60],[33.95681]
2026-07-16T23:00:28+02:00,[60],[33.95681]
2026-07-16T23:00:29+02:00,[60],[33.95681]
2026-07-16T23:00:30+02:00,[60],[33.95681]
2026-07-16T23:00:31+02:00,[60],[33.95681]
2026-07-16T23:00:32+02:00,[60],[33.95681]
2026-07-16T23:00:33+02:00,[60],[33.95681]
2026-07-16T23:00:34+02:00,[60],[33.95681]
2026-07-16T23:00:35+02:00,[60],[33.95681]
2026-07-16T23:00:36+02:00,[60],[33.95681]
2026-07-16T23:00:37+02:00,[60],[33.95681]
2026-07-16T23:00:38+02:00,[60],[33.95681]
2026-07-16T23:00:39+02:00,[60],[33.95681]
2026-07-16T23:00:40+02:00,[60],[33.95681]
2026-07-16T23:00:41+02:00,[60],[33.95681]
2026-07-16T23:00:42+02:00,[60],[33.95681]
2026-07-16T23:00:43+02:00,[60],[33.95681]
2026-07-16T23:00:44+02:00,[60],[33.95681]
2026-07-16T23:00:45+02:00,[60],[33.95681]
2026-07-16T23:00:46+02:00,[60],[33.95681]
2026-07-16T23:00:47+02:00,[60],[33.95681]
2026-07-16T23:00:48+02:00,[60],[33.95681]
2026-07-16T23:00:49+02:00,[60],[33.95681]
2026-07-16T23:00:50+02:00,[60],[33.95681]
2026-07-16T23:00:51+02:00,[60],[33.95681]
2026-07-16T23:00:52+02:00,[60],[33.95681]
2026-07-16T23:00:53+02:00,[60],[33.95681]
2026-07-16T23:00:54+02:00,[60],[33.95681]
2026-07-16T23:00:55+02:00,[60],[33.95681]
2026-07-16T23:00:56+02:00,[60],[33.95681]
2026-07-16T23:00:57+02:00,[60],[33.95681]
2026-07-16T23:00:58+02:00,[60],[33.95681]
2026-07-16T23:00:59+02:00,[60],[33.95681]
2026-07-16T23:01:00+02:00,[60],[33.95681]
2026-07-16T23:01:01+02:00,[60],[33.95681]
2026-07-16T23:01:02+02:00,[60],[33.95681]
2026-07-16T23:01:03+02:00,[60],[33.95681]
2026-07-16T23:01:04+02:00,[60],[33.95681]
2026-07-16T23:01:05+02:00,[60],[33.95681]
2026-07-16T23:01:06+02:00,[60],[33.95681]
2026-07-16T23:01:07+02:00,[60],[33.95681]
2026-07-16T23:01:08+02:00,[60],[33.95681]
2026-07-16T23:01:09+02:00,[60],[33.95681]
2026-07-16T23:01:10+02:00,[60],[33.95681]
2026-07-16T23:01:11+02:00,[60],[33.95681]
2026-07-16T23:01:12+02:00,[60],[33.95681]
2026-07-16T23:01:13+02:00,[60],[33.95681]
2026-07-16T23:01:14+02:00,[60],[33.95681]
2026-07-16T23:01:15+02:00,[60],[33.95681]
2026-07-16T23:01:16+02:00,[60],[33.95681]
2026-07-16T23:01:17+02:00,[60],[33.95681]
2026-07-16T23:01:18+02:00,[60],[33.95681]
2026-07-16T23:01:19+02:00,[60],[33.95681]
2026-07-16T23:01:20+02:00,[60],[33.95681]
2026-07-16T23:01:21+02:00,[60],[33.95681]
2026-07-16T23:01:22+02:00,[60],[33.95681]
2026-07-16T23:01:23+02:00,[60],[33.95681]
2026-07-16T23:01:24+02:00,[60],[33.95681]
2026-07-16T23:01:25+02:00,[60],[33.95681]
2026-07-16T23:01:26+02:00,[60],[33.95681]
2026-07-16T23:01:27+02:00,[60],[33.95681]
2026-07-16T23:01:28+02:00,[60],[33.95681]
2026-07-16T23:01:29+02:00,[60],[33.95681]
2026-07-16T23:01:30+02:00,[60],[33.95681]
2026-07-16T23:01:31+02:00,[60],[33.95681]
2026-07-16T23:01:32+02:00,[60],[33.95681]
2026-07-16T23:01:33+02:00,[60],[33.95681]
2026-07-16T23:01:34+02:00,[60],[33.95681]
2026-07-16T23:01:35+02:00,[60],[33.95681]
2026-07-16T23:01:36+02:00,[60],[33.95681]
2026-07-16T23:01:37+02:00,[60],[33.95681]
2026-07-16T23:01:38+02:00,[60],[33.95681]
2026-07-16T23:01:39+02:00,[60],[33.95681]
2026-07-16T23:01:40+02:00,[60],[33.95681]
2026-07-16T23:01:41+02:00,[60],[33.95681]
2026-07-16T23:01:42+02:00,[60],[33.95681]
2026-07-16T23:01:43+02:00,[60],[33.95681]
2026-07-16T23:01:44+02:00,[60],[33.95681]
2026-07-16T23:01:45+02:00,[60],[33.95681]
2026-07-16T23:01:46+02:00,[60],[33.95681]
2026-07-16T23:01:47+02:00,[60],[33.95681]
2026-07-16T23:01:48+02:00,[60],[33.95681]
2026-07-16T23:01:49+02:00,[60],[33.95681]
2026-07-16T23:01:50+02:00,[60],[33.95681]
2026-07-16T23:01:51+02:00,[60],[33.95681]
2026-07-16T23:01:52+02:00,[60],[33.95681]
2026-07-16T23:01:53+02:00,[60],[33.95681]
2026-07-16T23:01:54+02:00,[60],[33.95681]
2026-07-16T23:01:55+02:00,[60],[33.95681]
2026-07-16T23:01:56+02:00,[60],[33.95681]
2026-07-16T23:01:57+02:00,[60],[33.95681]
2026-07-16T23:01:58+02:00,[60],[33.95681]
2026-07-16T23:01:59+02:00,[60],[33.95681]
2026-07-16T23:02:00+02:00,[60],[33.95681]
2026-07-16T23:02:01+02:00,[60],[33.95681]
2026-07-16T23:02:02+02:00,[60],[33.95681]
2026-07-16T23:02:03+02:00,[60],[33.95681]
2026-07-16T23:02:04+02:00,[60],[33.95681]
2026-07-16T23:02:05+02:00,[60],[33.95681]
2026-07-16T23:02:06+02:00,[60],[33.95681]
2026-07-16T23:02:07+02:00,[60],[33.95681]
2026-07-16T23:02:08+02:00,[60],[33.95681]
2026-07-16T23:02:09+02:00,[60],[33.95681]
2026-07-16T23:02:10+02:00,[60],[33.95681]
2026-07-16T23:02:11+02:00,[60],[33.95681]
2026-07-16T23:02:12+02:00,[60],[33.95681]
2026-07-16T23:02:13+02:00,[60],[33.95681]
2026-07-16T23:02:14+02:00,[60],[33.95681]
2026-07-16T23:02:15+02:00,[60],[33.95681]
2026-07-16T23:02:16+02:00,[60],[33.95681]
2026-07-16T23:02:17+02:00,[60],[33.95681]
2026-07-16T23:02:18+02:00,[60],[33.95681]
2026-07-16T23:02:19+02:00,[60],[33.95681]
2026-07-16T23:02:20+02:00,[60],[33.95681]
2026-07-16T23:02:21+02:00,[60],[33.95681]
2026-07-16T23:02:22+02:00,[60],[33.95681]
2026-07-16T23:02:23+02:00,[60],[33.95681]
2026-07-16T23:02:24+02:00,[60],[33.95681]
2026-07-16T23:02:25+02:00,[60],[33.95681]
2026-07-16T23:02:26+02:00,[60],[33.95681]
2026-07-16T23:02:27+02:00,[60],[33.95681]
2026-07-16T23:02:28+02:00,[60],[33.95681]
2026-07-16T23:02:29+02:00,[60],[33.95681]
2026-07-16T23:02:30+02:00,[60],[33.95681]
2026-07-16T23:02:31+02:00,[60],[33.95681]
2026-07-16T23:02:32+02:00,[60],[33.95681]
2026-07-16T23:02:33+02:00,[60],[33.95681]
2026-07-16T23:02:34+02:00,[60],[33.95681]
2026-07-16T23:02:35+02:00,[60],[33.95681]
2026-07-16T23:02:36+02:00,[60],[33.95681]
2026-07-16T23:02:37+02:00,[60],[33.95681]
2026-07-16T23:02:38+02:00,[60],[33.95681]
2026-07-16T23:02:39+02:00,[60],[33.95681]
2026-07-16T23:02:40+02:00,[60],[33.95681]
2026-07-16T23:02:41+02:00,[60],[33.95681]
2026-07-16T23:02:42+02:00,[60],[33.95681]
2026-07-16T23:02:43+02:00,[60],[33.95681]
2026-07-16T23:02:44+02:00,[60],[33.95681]
2026-07-16T23:02:45+02:00,[60],[33.95681]
2026-07-16T23:02:46+02:00,[60],[33.95681]
2026-07-16T23:02:47+02:00,[60],[33.95681]
2026-07-16T23:02:48+02:00,[60],[33.95681]
2026-07-16T23:02:49+02:00,[60],[33.95681]
2026-07-16T23:02:50+02:00,[60],[33.95681]
2026-07-16T23:02:51+02:00,[60],[33.95681]
2026-07-16T23:02:52+02:00,[60],[33.95681]
2026-07-16T23:02:53+02:00,[60],[33.95681]
2026-07-16T23:02:54+02:00,[60],[33.95681]
2026-07-16T23:02:55+02:00,[60],[33.95681]
2026-07-16T23:02:56+02:00,[60],[33.95681]
2026-07-16T23:02:57+02:00,[60],[33.95681]
2026-07-16T23:02:58+02:00,[60],[33.95681]
2026-07-16T23:02:59+02:00,[60],[33.95681]
2026-07-16T23:03:00+02:00,[60],[33.95681]
2026-07-16T23:03:01+02:00,[60],[33.95681]
2026-07-16T23:03:02+02:00,[60],[33.95681]
2026-07-16T23:03:03+02:00,[60],[33.95681]
2026-07-16T23:03:04+02:00,[60],[33.95681]
2026-07-16T23:03:05+02:00,[60],[33.95681]
2026-07-16T23:03:06+02:00,[60],[33.95681]
2026-07-16T23:03:07+02:00,[60],[33.95681]
2026-07-16T23:03:08+02:00,[60],[33.95681]
2026-07-16T23:03:09+02:00,[60],[33.95681]
2026-07-16T23:03:10+02:00,[60],[33.95681]
2026-07-16T23:03:11+02:00,[60],[33.95681]
2026-07-16T23:03:12+02:00,[60],[33.95681]
2026-07-16T23:03:13+02:00,[60],[33.95681]
2026-07-16T23:03:14+02:00,[60],[33.95681]
2026-07-16T23:03:15+02:00,[60],[33.95681]
2026-07-16T23:03:16+02:00,[60],[33.95681]
2026-07-16T23:03:17+02:00,[60],[33.95681]
2026-07-16T23:03:18+02:00,[60],[33.95681]
2026-07-16T23:03:19+02:00,[60],[33.95681]
2026-07-16T23:03:20+02:00,[60],[33.95681]
2026-07-16T23:03:21+02:00,[60],[33.95681]
2026-07-16T23:03:22+02:00,[60],[33.95681]
2026-07-16T23:03:23+02:00,[60],[33.95681]
2026-07-16T23:03:24+02:00,[60],[33.95681]
2026-07-16T23:03:25+02:00,[60],[33.95681]
2026-07-16T23:03:26+02:00,[60],[33.95681]
2026-07-16T23:03:27+02:00,[60],[33.95681]
2026-07-16T23:03:28+02:00,[60],[33.95681]
2026-07-16T23:03:29+02:00,[60],[33.95681]
2026-07-16T23:03:30+02:00,[60],[33.95681]
2026-07-16T23:03:31+02:00,[60],[33.95681]
2026-07-16T23:03:32+02:00,[60],[33.95681]
2026-07-16T23:03:33+02:00,[60],[33.95681]
2026-07-16T23:03:34+02:00,[60],[33.95681]
2026-07-16T23:03:35+02:00,[60],[33.95681]
2026-07-16T23:03:36+02:00,[60],[33.95681]
2026-07-16T23:03:37+02:00,[60],[33.95681]
2026-07-16T23:03:38+02:00,[60],[33.95681]
2026-07-16T23:03:39+02:00,[60],[33.95681]
2026-07-16T23:03:40+02:00,[60],[33.95681]
2026-07-16T23:03:41+02:00,[60],[33.95681]
2026-07-16T23:03:42+02:00,[60],[33.95681]
2026-07-16T23:03:43+02:00,[60],[33.95681]
2026-07-16T23:03:44+02:00,[60],[33.95681]
2026-07-16T23:03:45+02:00,[60],[33.95681]
2026-07-16T23:03:46+02:00,[60],[33.95681]
2026-07-16T23:03:47+02:00,[60],[33.95681]
2026-07-16T23:03:48+02:00,[60],[33.95681]
2026-07-16T23:03:49+02:00,[60],[33.95681]
2026-07-16T23:03:50+02:00,[60],[33.95681]
2026-07-16T23:03:51+02:00,[60],[33.95681]
2026-07-16T23:03:52+02:00,[60],[33.95681]
2026-07-16T23:03:53+02:00,[60],[33.95681]
2026-07-16T23:03:54+02:00,[60],[33.95681]
2026-07-16T23:03:55+02:00,[60],[33.95681]
2026-07-16T23:03:56+02:00,[60],[33.95681]
2026-07-16T23:03:57+02:00,[60],[33.95681]
2026-07-16T23:03:58+02:00,[60],[33.95681]
2026-07-16T23:03:59+02:00,[60],[33.95681]
2026-07-16T23:04:00+02:00,[60],[33.95681]
2026-07-16T23:04:01+02:00,[60],[33.95681]
2026-07-16T23:04:02+02:00,[60],[33.95681]
2026-07-16T23:04:03+02:00,[60],[33.95681]
2026-07-16T23:04:04+02:00,[60],[33.95681]
2026-07-16T23:04:05+02:00,[60],[33.95681]
2026-07-16T23:04:06+02:00,[60],[33.95681]
2026-07-16T23:04:07+02:00,[60],[33.95681]
2026-07-16T23:04:08+02:00,[60],[33.95681]
2026-07-16T23:04:09+02:00,[60],[33.95681]
2026-07-16T23:04:10+02:00,[60],[33.95681]
2026-07-16T23:04:11+02:00,[60],[33.95681]
2026-07-16T23:04:12+02:00,[60],[33.95681]
2026-07-16T23:04:13+02:00,[60],[33.95681]
2026-07-16T23:04:14+02:00,[60],[33.95681]
2026-07-16T23:04:15+02:00,[60],[33.95681]
2026-07-16T23:04:16+02:00,[60],[33.95681]
2026-07-16T23:04:17+02:00,[60],[33.95681]
2026-07-16T23:04:18+02:00,[60],[33.95681]
2026-07-16T23:04:19+02:00,[60],[33.95681]
2026-07-16T23:04:20+02:00,[60],[33.95681]
2026-07-16T23:04:21+02:00,[60],[33.95681]
2026-07-16T23:04:22+02:00,[60],[33.95681]
2026-07-16T23:04:23+02:00,[60],[33.95681]
2026-07-16T23:04:24+02:00,[60],[33.95681]
2026-07-16T23:04:25+02:00,[60],[33.95681]
2026-07-16T23:04:26+02:00,[60],[33.956799]
2026-07-16T23:04:27+02:00,[60],[33.956799]
2026-07-16T23:04:28+02:00,[60],[33.956799]
2026-07-16T23:04:29+02:00,[60],[33.956799]
2026-07-16T23:04:30+02:00,[60],[33.956799]
2026-07-16T23:04:31+02:00,[60],[33.956799]
2026-07-16T23:04:32+02:00,[60],[33.956799]
2026-07-16T23:04:33+02:00,[60],[33.956799]
2026-07-16T23:04:34+02:00,[60],[33.956799]
2026-07-16T23:04:35+02:00,[60],[33.956799]
2026-07-16T23:04:36+02:00,[60],[33.956799]
2026-07-16T23:04:37+02:00,[60],[33.956799]
2026-07-16T23:04:38+02:00,[60],[33.956799]
2026-07-16T23:04:39+02:00,[60],[33.956799]
2026-07-16T23:04:40+02:00,[60],[33.956799]
2026-07-16T23:04:41+02:00,[60],[33.956799]
2026-07-16T23:04:42+02:00,[60],[33.956799]
2026-07-16T23:04:43+02:00,[60],[33.956799]
2026-07-16T23:04:44+02:00,[60],[33.956799]
2026-07-16T23:04:45+02:00,[60],[33.956799]
2026-07-16T23:04:46+02:00,[60],[33.956799]
2026-07-16T23:04:47+02:00,[60],[33.956799]
2026-07-16T23:04:48+02:00,[60],[33.956799]
2026-07-16T23:04:49+02:00,[60],[33.956799]
2026-07-16T23:04:50+02:00,[60],[33.956799]
2026-07-16T23:04:51+02:00,[60],[33.956799]
2026-07-16T23:04:52+02:00,[60],[33.956799]
2026-07-16T23:04:53+02:00,[60],[33.956799]
2026-07-16T23:04:54+02:00,[60],[33.956799]
2026-07-16T23:04:55+02:00,[60],[33.956795]
2026-07-16T23:04:56+02:00,[60],[33.956795]
2026-07-16T23:04:57+02:00,[60],[33.956795]
2026-07-16T23:04:58+02:00,[60],[33.956795]
2026-07-16T23:04:59+02:00,[60],[33.956795]
2026-07-16T23:05:00+02:00,[60],[33.956795]
2026-07-16T23:05:01+02:00,[60],[33.956795]
2026-07-16T23:05:02+02:00,[60],[33.956795]
2026-07-16T23:05:03+02:00,[60],[33.956795]
2026-07-16T23:05:04+02:00,[60],[33.956795]
2026-07-16T23:05:05+02:00,[60],[33.956795]
2026-07-16T23:05:06+02:00,[60],[33.956795]
2026-07-16T23:05:07+02:00,[60],[33.956795]
2026-07-16T23:05:08+02:00,[60],[33.956795]
2026-07-16T23:05:09+02:00,[60],[33.956795]
2026-07-16T23:05:10+02:00,[60],[33.956795]
2026-07-16T23:05:11+02:00,[60],[33.956795]
2026-07-16T23:05:12+02:00,[60],[33.956795]
2026-07-16T23:05:13+02:00,[60],[33.956795]
2026-07-16T23:05:14+02:00,[60],[33.956795]
2026-07-16T23:05:15+02:00,[60],[33.956795]
2026-07-16T23:05:16+02:00,[60],[33.956795]
2026-07-16T23:05:17+02:00,[60],[33.956795]
2026-07-16T23:05:18+02:00,[60],[33.956795]
2026-07-16T23:05:19+02:00,[60],[33.956795]
2026-07-16T23:05:20+02:00,[60],[33.956795]
2026-07-16T23:05:21+02:00,[60],[33.956795]
2026-07-16T23:05:22+02:00,[60],[33.956795]
2026-07-16T23:05:23+02:00,[60],[33.956795]
2026-07-16T23:05:24+02:00,[60],[33.956795]
2026-07-16T23:05:25+02:00,[60],[33.956795]
2026-07-16T23:05:26+02:00,[60],[33.956795]
2026-07-16T23:05:27+02:00,[60],[33.956795]
2026-07-16T23:05:28+02:00,[60],[33.956795]
2026-07-16T23:05:29+02:00,[60],[33.956795]
2026-07-16T23:05:30+02:00,[60],[33.956795]
2026-07-16T23:05:31+02:00,[60],[33.956795]
2026-07-16T23:05:32+02:00,[60],[33.956795]
2026-07-16T23:05:33+02:00,[60],[33.956795]
2026-07-16T23:05:34+02:00,[60],[33.956795]
2026-07-16T23:05:35+02:00,[60],[33.956795]
2026-07-16T23:05:36+02:00,[60],[33.956795]
2026-07-16T23:05:37+02:00,[60],[33.956802]
2026-07-16T23:05:38+02:00,[60],[33.956802]
2026-07-16T23:05:39+02:00,[60],[33.956802]
2026-07-16T23:05:40+02:00,[60],[33.956802]
2026-07-16T23:05:41+02:00,[60],[33.956802]
2026-07-16T23:05:42+02:00,[60],[33.956802]
2026-07-16T23:05:43+02:00,[60],[33.956802]
2026-07-16T23:05:44+02:00,[60],[33.956802]
2026-07-16T23:05:45+02:00,[60],[33.956802]
2026-07-16T23:05:46+02:00,[60],[33.956802]
2026-07-16T23:05:47+02:00,[60],[33.956802]
2026-07-16T23:05:48+02:00,[60],[33.956802]
2026-07-16T23:05:49+02:00,[60],[33.956802]
2026-07-16T23:05:50+02:00,[60],[33.956802]
2026-07-16T23:05:51+02:00,[60],[33.956802]
2026-07-16T23:05:52+02:00,[60],[33.956802]
2026-07-16T23:05:53+02:00,[60],[33.956802]
2026-07-16T23:05:54+02:00,[60],[33.956802]
2026-07-16T23:05:55+02:00,[60],[33.956802]
2026-07-16T23:05:56+02:00,[60],[33.956802]
2026-07-16T23:05:57+02:00,[60],[33.956802]
2026-07-16T23:05:58+02:00,[60],[33.956802]
2026-07-16T23:05:59+02:00,[60],[33.956802]
2026-07-16T23:06:00+02:00,[60],[33.956802]
2026-07-16T23:06:01+02:00,[60],[33.956802]
2026-07-16T23:06:02+02:00,[60],[33.956818]
2026-07-16T23:06:03+02:00,[60],[33.956818]
2026-07-16T23:06:04+02:00,[60],[33.956818]
2026-07-16T23:06:05+02:00,[60],[33.956818]
2026-07-16T23:06:06+02:00,[60],[33.956818]
2026-07-16T23:06:07+02:00,[60],[33.956818]
2026-07-16T23:06:08+02:00,[60],[33.956818]
2026-07-16T23:06:09+02:00,[60],[33.956818]
2026-07-16T23:06:10+02:00,[60],[33.956818]
2026-07-16T23:06:11+02:00,[60],[33.956818]
2026-07-16T23:06:12+02:00,[60],[33.956818]
2026-07-16T23:06:13+02:00,[60],[33.956818]
2026-07-16T23:06:14+02:00,[60],[33.956818]
2026-07-16T23:06:15+02:00,[60],[33.956818]
2026-07-16T23:06:16+02:00,[60],[33.956818]
2026-07-16T23:06:17+02:00,[60],[33.956818]
2026-07-16T23:06:18+02:00,[60],[33.956818]
2026-07-16T23:06:19+02:00,[60],[33.956818]
2026-07-16T23:06:20+02:00,[60],[33.956818]
2026-07-16T23:06:21+02:00,[60],[33.956825]
2026-07-16T23:06:22+02:00,[60],[33.956825]
2026-07-16T23:06:23+02:00,[60],[33.956825]
2026-07-16T23:06:24+02:00,[60],[33.956825]
2026-07-16T23:06:25+02:00,[60],[33.956825]
2026-07-16T23:06:26+02:00,[60],[33.956825]
2026-07-16T23:06:27+02:00,[60],[33.956825]
2026-07-16T23:06:28+02:00,[60],[33.956825]
2026-07-16T23:06:29+02:00,[60],[33.956825]
2026-07-16T23:06:30+02:00,[60],[33.956825]
2026-07-16T23:06:31+02:00,[60],[33.956825]
2026-07-16T23:06:32+02:00,[60],[33.956825]
2026-07-16T23:06:33+02:00,[60],[33.956825]
2026-07-16T23:06:34+02:00,[60],[33.956825]
2026-07-16T23:06:35+02:00,[60],[33.956825]
2026-07-16T23:06:36+02:00,[60],[33.956825]
2026-07-16T23:06:37+02:00,[60],[33.956825]
2026-07-16T23:06:38+02:00,[60],[33.956825]
2026-07-16T23:06:39+02:00,[60],[33.956825]
2026-07-16T23:06:40+02:00,[60],[33.956825]
2026-07-16T23:06:41+02:00,[60],[33.956825]
2026-07-16T23:06:42+02:00,[60],[33.956825]
2026-07-16T23:06:43+02:00,[60],[33.956825]
2026-07-16T23:06:44+02:00,[60],[33.956825]
2026-07-16T23:06:45+02:00,[60],[33.956825]
2026-07-16T23:06:46+02:00,[60],[33.956825]
2026-07-16T23:06:47+02:00,[60],[33.956825]
2026-07-16T23:06:48+02:00,[60],[33.956825]
2026-07-16T23:06:49+02:00,[60],[33.956825]
2026-07-16T23:06:50+02:00,[60],[33.956825]
2026-07-16T23:06:51+02:00,[60],[33.956825]
2026-07-16T23:06:52+02:00,[60],[33.956825]
2026-07-16T23:06:53+02:00,[60],[33.956825]
2026-07-16T23:06:54+02:00,[60],[33.956825]
2026-07-16T23:06:55+02:00,[60],[33.956825]
2026-07-16T23:06:56+02:00,[60],[33.956825]
2026-07-16T23:06:57+02:00,[60],[33.956825]
2026-07-16T23:06:58+02:00,[60],[33.956825]
2026-07-16T23:06:59+02:00,[60],[33.956825]
2026-07-16T23:07:00+02:00,[60],[33.956825]
2026-07-16T23:07:01+02:00,[60],[33.956825]
2026-07-16T23:07:02+02:00,[60],[33.956825]
2026-07-16T23:07:03+02:00,[60],[33.956825]
2026-07-16T23:07:04+02:00,[60],[33.956825]
2026-07-16T23:07:05+02:00,[60],[33.956825]
2026-07-16T23:07:06+02:00,[60],[33.956825]
2026-07-16T23:07:07+02:00,[60],[33.956825]
2026-07-16T23:07:08+02:00,[60],[33.956825]
2026-07-16T23:07:09+02:00,[60],[33.956825]
2026-07-16T23:07:10+02:00,[60],[33.956825]
2026-07-16T23:07:11+02:00,[60],[33.956825]
2026-07-16T23:07:12+02:00,[60],[33.956825]
2026-07-16T23:07:13+02:00,[60],[33.956825]
2026-07-16T23:07:14+02:00,[60],[33.956825]
2026-07-16T23:07:15+02:00,[60],[33.956825]
2026-07-16T23:07:16+02:00,[60],[33.956825]
2026-07-16T23:07:17+02:00,[60],[33.956825]
2026-07-16T23:07:18+02:00,[60],[33.956825]
2026-07-16T23:07:19+02:00,[60],[33.956825]
2026-07-16T23:07:20+02:00,[60],[33.956825]
2026-07-16T23:07:21+02:00,[60],[33.956825]
2026-07-16T23:07:22+02:00,[60],[33.956825]
2026-07-16T23:07:23+02:00,[60],[33.956825]
2026-07-16T23:07:24+02:00,[60],[33.956825]
2026-07-16T23:07:25+02:00,[60],[33.956825]
2026-07-16T23:07:26+02:00,[60],[33.956825]
2026-07-16T23:07:27+02:00,[60],[33.956825]
2026-07-16T23:07:28+02:00,[60],[33.956825]
2026-07-16T23:07:29+02:00,[60],[33.956825]
2026-07-16T23:07:30+02:00,[60],[33.956825]
2026-07-16T23:07:31+02:00,[60],[33.956825]
2026-07-16T23:07:32+02:00,[60],[33.956825]
2026-07-16T23:07:33+02:00,[60],[33.956825]
2026-07-16T23:07:34+02:00,[60],[33.956825]
2026-07-16T23:07:35+02:00,[60],[33.956825]
2026-07-16T23:07:36+02:00,[60],[33.956825]
2026-07-16T23:07:37+02:00,[60],[33.956825]
2026-07-16T23:07:38+02:00,[60],[33.956825]
2026-07-16T23:07:39+02:00,[60],[33.956825]
2026-07-16T23:07:40+02:00,[60],[33.956825]
2026-07-16T23:07:41+02:00,[60],[33.956825]
2026-07-16T23:07:42+02:00,[60],[33.956825]
2026-07-16T23:07:43+02:00,[60],[33.956825]
2026-07-16T23:07:44+02:00,[60],[33.956825]
2026-07-16T23:07:45+02:00,[60],[33.956825]
2026-07-16T23:07:46+02:00,[60],[33.956825]
2026-07-16T23:07:47+02:00,[60],[33.956825]
2026-07-16T23:07:48+02:00,[60],[33.956825]
2026-07-16T23:07:49+02:00,[60],[33.956825]
2026-07-16T23:07:50+02:00,[60],[33.956825]
2026-07-16T23:07:51+02:00,[60],[33.956829]
2026-07-16T23:07:52+02:00,[60],[33.956825]
2026-07-16T23:07:53+02:00,[60],[33.956821]
2026-07-16T23:07:54+02:00,[60],[33.956818]
2026-07-16T23:07:55+02:00,[60],[33.95681]
2026-07-16T23:07:56+02:00,[60],[33.956799]
2026-07-16T23:07:57+02:00,[60],[33.956799]
2026-07-16T23:07:58+02:00,[60],[33.956802]
2026-07-16T23:07:59+02:00,[60],[33.956814]
2026-07-16T23:08:00+02:00,[60],[33.956814]
2026-07-16T23:08:01+02:00,[60],[33.956814]
2026-07-16T23:08:02+02:00,[60],[33.956814]
2026-07-16T23:08:03+02:00,[60],[33.956814]
2026-07-16T23:08:04+02:00,[60],[33.956814]
2026-07-16T23:08:05+02:00,[60],[33.956814]
2026-07-16T23:08:06+02:00,[60],[33.956814]
2026-07-16T23:11:06+02:00,[60],[33.956738]
2026-07-16T23:11:29+02:00,[60],[33.956738]
2026-07-16T23:11:38+02:00,[60],[33.956734]
2026-07-16T23:11:42+02:00,[60],[33.956665]
2026-07-16T23:11:43+02:00,[60],[33.956665]
2026-07-16T23:11:44+02:00,[60],[33.956665]
2026-07-16T23:11:45+02:00,[60],[33.956665]
2026-07-16T23:11:46+02:00,[60],[33.956665]
2026-07-16T23:11:47+02:00,[60],[33.956665]
2026-07-16T23:11:48+02:00,[60],[33.956791]
2026-07-16T23:11:49+02:00,[60],[33.956791]
2026-07-16T23:11:50+02:00,[60],[33.956791]
2026-07-16T23:11:51+02:00,[60],[33.956791]
2026-07-16T23:11:52+02:00,[60],[33.956791]
2026-07-16T23:11:53+02:00,[60],[33.956791]
2026-07-16T23:11:54+02:00,[60],[33.956791]
2026-07-16T23:11:55+02:00,[60],[33.956791]
2026-07-16T23:11:56+02:00,[60],[33.956791]
2026-07-16T23:11:57+02:00,[60],[33.956791]
2026-07-16T23:11:58+02:00,[60],[33.956791]
2026-07-16T23:11:59+02:00,[60],[33.956791]
2026-07-16T23:12:00+02:00,[60],[33.956791]
2026-07-16T23:12:01+02:00,[60],[33.956791]
2026-07-16T23:12:02+02:00,[60],[33.956791]
2026-07-16T23:12:03+02:00,[60],[33.956791]
2026-07-16T23:12:04+02:00,[60],[33.956791]
2026-07-16T23:12:05+02:00,[60],[33.956791]
2026-07-16T23:12:06+02:00,[60],[33.956791]
2026-07-16T23:12:07+02:00,[60],[33.956791]
2026-07-16T23:12:08+02:00,[60],[33.956791]
2026-07-16T23:12:09+02:00,[60],[33.956791]
2026-07-16T23:12:10+02:00,[60],[33.956791]
2026-07-16T23:12:11+02:00,[60],[33.956791]
2026-07-16T23:12:12+02:00,[60],[33.956791]
2026-07-16T23:12:13+02:00,[60],[33.956882]
2026-07-16T23:12:14+02:00,[60],[33.956863]
2026-07-16T23:12:15+02:00,[60],[33.956863]
2026-07-16T23:12:16+02:00,[60],[33.956863]
2026-07-16T23:12:17+02:00,[60],[33.956863]
2026-07-16T23:12:18+02:00,[60],[33.956863]
2026-07-16T23:12:19+02:00,[60],[33.956863]
2026-07-16T23:12:20+02:00,[60],[33.956863]
2026-07-16T23:12:21+02:00,[60],[33.956863]
2026-07-16T23:12:22+02:00,[60],[33.956863]
2026-07-16T23:12:23+02:00,[60],[33.956863]
2026-07-16T23:12:24+02:00,[60],[33.956863]
2026-07-16T23:12:25+02:00,[60],[33.956863]
2026-07-16T23:12:26+02:00,[60],[33.956863]
2026-07-16T23:12:27+02:00,[60],[33.956863]
2026-07-16T23:12:28+02:00,[60],[33.956863]
2026-07-16T23:12:29+02:00,[60],[33.956863]
2026-07-16T23:12:30+02:00,[60],[33.956863]
2026-07-16T23:12:31+02:00,[60],[33.956863]
2026-07-16T23:12:32+02:00,[60],[33.956863]
2026-07-16T23:12:33+02:00,[60],[33.956863]
2026-07-16T23:12:34+02:00,[60],[33.956863]
2026-07-16T23:12:35+02:00,[60],[33.956863]
2026-07-16T23:12:36+02:00,[60],[33.956863]
2026-07-16T23:12:37+02:00,[60],[33.956863]
2026-07-16T23:12:38+02:00,[60],[33.956863]
2026-07-16T23:12:39+02:00,[60],[33.956863]
2026-07-16T23:12:40+02:00,[60],[33.956863]
2026-07-16T23:12:41+02:00,[60],[33.956863]
2026-07-16T23:12:42+02:00,[60],[33.956863]
2026-07-16T23:12:43+02:00,[60],[33.956863]
2026-07-16T23:12:44+02:00,[60],[33.956863]
2026-07-16T23:12:45+02:00,[60],[33.956863]
2026-07-16T23:12:46+02:00,[60],[33.956863]
2026-07-16T23:12:47+02:00,[60],[33.956863]
2026-07-16T23:12:48+02:00,[60],[33.956863]
2026-07-16T23:12:49+02:00,[60],[33.956863]
2026-07-16T23:12:50+02:00,[60],[33.956863]
2026-07-16T23:12:51+02:00,[60],[33.956863]
2026-07-16T23:12:52+02:00,[60],[33.956863]
2026-07-16T23:12:53+02:00,[60],[33.956863]
2026-07-16T23:12:54+02:00,[60],[33.956863]
2026-07-16T23:12:55+02:00,[60],[33.956863]
2026-07-16T23:12:56+02:00,[60],[33.956863]
2026-07-16T23:12:57+02:00,[60],[33.956863]
2026-07-16T23:12:58+02:00,[60],[33.956863]
2026-07-16T23:12:59+02:00,[60],[33.956863]
2026-07-16T23:13:00+02:00,[60],[33.956863]
2026-07-16T23:13:01+02:00,[60],[33.956863]
2026-07-16T23:13:02+02:00,[60],[33.956863]
2026-07-16T23:13:03+02:00,[60],[33.956863]
2026-07-16T23:13:04+02:00,[60],[33.956863]
2026-07-16T23:13:05+02:00,[60],[33.956863]
2026-07-16T23:13:06+02:00,[60],[33.956863]
2026-07-16T23:13:07+02:00,[60],[33.956863]
2026-07-16T23:13:08+02:00,[60],[33.956863]
2026-07-16T23:13:09+02:00,[60],[33.956863]
2026-07-16T23:13:10+02:00,[60],[33.956863]
2026-07-16T23:13:11+02:00,[60],[33.956863]
2026-07-16T23:13:12+02:00,[60],[33.956863]
2026-07-16T23:13:13+02:00,[60],[33.956863]
2026-07-16T23:13:14+02:00,[60],[33.956863]
2026-07-16T23:13:15+02:00,[60],[33.956863]
2026-07-16T23:13:16+02:00,[60],[33.956863]
2026-07-16T23:13:17+02:00,[60],[33.956863]
2026-07-16T23:13:18+02:00,[60],[33.956863]
2026-07-16T23:13:19+02:00,[60],[33.956863]
2026-07-16T23:13:20+02:00,[60],[33.956863]
2026-07-16T23:13:21+02:00,[60],[33.956863]
2026-07-16T23:13:22+02:00,[60],[33.956863]
2026-07-16T23:13:23+02:00,[60],[33.956863]
2026-07-16T23:13:24+02:00,[60],[33.956863]
2026-07-16T23:13:25+02:00,[60],[33.956863]
2026-07-16T23:13:26+02:00,[60],[33.956863]
2026-07-16T23:13:27+02:00,[60],[33.956863]
2026-07-16T23:13:28+02:00,[60],[33.956863]
2026-07-16T23:13:29+02:00,[60],[33.956863]
2026-07-16T23:13:30+02:00,[60],[33.956863]
2026-07-16T23:13:31+02:00,[60],[33.956863]
2026-07-16T23:13:32+02:00,[60],[33.956863]
2026-07-16T23:13:33+02:00,[60],[33.956863]
2026-07-16T23:13:34+02:00,[60],[33.956863]
2026-07-16T23:13:35+02:00,[60],[33.956863]
2026-07-16T23:13:36+02:00,[60],[33.956863]
2026-07-16T23:13:37+02:00,[60],[33.956863]
2026-07-16T23:13:38+02:00,[60],[33.956863]
2026-07-16T23:13:39+02:00,[60],[33.956863]
2026-07-16T23:13:40+02:00,[60],[33.956863]
2026-07-16T23:13:41+02:00,[60],[33.956863]
2026-07-16T23:13:42+02:00,[60],[33.956863]
2026-07-16T23:13:43+02:00,[60],[33.956863]
2026-07-16T23:13:44+02:00,[60],[33.956863]
2026-07-16T23:13:45+02:00,[60],[33.956863]
2026-07-16T23:13:46+02:00,[60],[33.956863]
2026-07-16T23:13:47+02:00,[60],[33.956863]
2026-07-16T23:13:48+02:00,[60],[33.956863]
2026-07-16T23:13:49+02:00,[60],[33.956863]
2026-07-16T23:13:50+02:00,[60],[33.956863]
2026-07-16T23:13:51+02:00,[60],[33.956863]
2026-07-16T23:13:52+02:00,[60],[33.956863]
2026-07-16T23:13:53+02:00,[60],[33.956863]
2026-07-16T23:13:54+02:00,[60],[33.956863]
2026-07-16T23:13:55+02:00,[60],[33.956863]
2026-07-16T23:13:56+02:00,[60],[33.956863]
2026-07-16T23:13:57+02:00,[60],[33.956863]
2026-07-16T23:13:58+02:00,[60],[33.956863]
2026-07-16T23:13:59+02:00,[60],[33.956863]
2026-07-16T23:14:00+02:00,[60],[33.956863]
2026-07-16T23:14:01+02:00,[60],[33.956863]
2026-07-16T23:14:02+02:00,[60],[33.956863]
2026-07-16T23:14:03+02:00,[60],[33.956863]
2026-07-16T23:14:04+02:00,[60],[33.956863]
2026-07-16T23:14:05+02:00,[60],[33.956863]
2026-07-16T23:14:06+02:00,[60],[33.956863]
2026-07-16T23:14:07+02:00,[60],[33.956863]
2026-07-16T23:14:08+02:00,[60],[33.956863]
2026-07-16T23:14:09+02:00,[60],[33.956863]
2026-07-16T23:14:10+02:00,[60],[33.956863]
2026-07-16T23:14:11+02:00,[60],[33.956863]
2026-07-16T23:14:12+02:00,[60],[33.956863]
2026-07-16T23:14:13+02:00,[60],[33.956863]
2026-07-16T23:14:14+02:00,[60],[33.956863]
2026-07-16T23:14:15+02:00,[60],[33.956863]
2026-07-16T23:14:16+02:00,[60],[33.956863]
2026-07-16T23:14:17+02:00,[60],[33.956863]
2026-07-16T23:14:18+02:00,[60],[33.956863]
2026-07-16T23:14:19+02:00,[60],[33.956863]
2026-07-16T23:14:20+02:00,[60],[33.956863]
2026-07-16T23:14:21+02:00,[60],[33.956863]
2026-07-16T23:14:22+02:00,[60],[33.956863]
2026-07-16T23:14:23+02:00,[60],[33.956863]
2026-07-16T23:14:24+02:00,[60],[33.956863]
2026-07-16T23:14:25+02:00,[60],[33.956863]
2026-07-16T23:14:26+02:00,[60],[33.956863]
2026-07-16T23:14:27+02:00,[60],[33.956863]
2026-07-16T23:14:28+02:00,[60],[33.956863]
2026-07-16T23:14:29+02:00,[60],[33.956863]
2026-07-16T23:14:30+02:00,[60],[33.956863]
2026-07-16T23:14:31+02:00,[60],[33.956863]
2026-07-16T23:14:32+02:00,[60],[33.956863]
2026-07-16T23:14:33+02:00,[60],[33.956863]
2026-07-16T23:14:34+02:00,[60],[33.956863]
2026-07-16T23:14:35+02:00,[60],[33.956863]
2026-07-16T23:14:36+02:00,[60],[33.956863]
2026-07-16T23:14:37+02:00,[60],[33.956863]
2026-07-16T23:14:38+02:00,[60],[33.956863]
2026-07-16T23:14:39+02:00,[60],[33.956863]
2026-07-16T23:14:40+02:00,[60],[33.956863]
2026-07-16T23:14:41+02:00,[60],[33.956863]
2026-07-16T23:14:42+02:00,[60],[33.956863]
2026-07-16T23:14:43+02:00,[60],[33.956863]
2026-07-16T23:14:44+02:00,[60],[33.956863]
2026-07-16T23:14:45+02:00,[60],[33.956863]
2026-07-16T23:14:46+02:00,[60],[33.956863]
2026-07-16T23:14:47+02:00,[60],[33.956863]
2026-07-16T23:14:48+02:00,[60],[33.956863]
2026-07-16T23:14:49+02:00,[60],[33.956863]
2026-07-16T23:14:50+02:00,[60],[33.956863]
2026-07-16T23:14:51+02:00,[60],[33.956863]
2026-07-16T23:14:52+02:00,[60],[33.956863]
2026-07-16T23:14:53+02:00,[60],[33.956863]
2026-07-16T23:14:54+02:00,[60],[33.956863]
2026-07-16T23:14:55+02:00,[60],[33.956863]
2026-07-16T23:14:56+02:00,[60],[33.956863]
2026-07-16T23:14:57+02:00,[60],[33.956863]
2026-07-16T23:14:58+02:00,[60],[33.956863]
2026-07-16T23:14:59+02:00,[60],[33.956863]
2026-07-16T23:15:00+02:00,[60],[33.956863]
2026-07-16T23:15:01+02:00,[60],[33.956863]
2026-07-16T23:15:02+02:00,[60],[33.956863]
2026-07-16T23:15:03+02:00,[60],[33.956863]
2026-07-16T23:15:04+02:00,[60],[33.956863]
2026-07-16T23:15:05+02:00,[60],[33.956863]
2026-07-16T23:15:06+02:00,[60],[33.956863]
2026-07-16T23:15:07+02:00,[60],[33.956863]
2026-07-16T23:15:08+02:00,[60],[33.956863]
2026-07-16T23:15:09+02:00,[60],[33.956863]
2026-07-16T23:15:10+02:00,[60],[33.956863]
2026-07-16T23:15:11+02:00,[60],[33.956863]
2026-07-16T23:15:12+02:00,[60],[33.956863]
2026-07-16T23:15:13+02:00,[60],[33.956863]
2026-07-16T23:15:14+02:00,[60],[33.956863]
2026-07-16T23:15:15+02:00,[60],[33.956863]
2026-07-16T23:15:16+02:00,[60],[33.956863]
2026-07-16T23:15:17+02:00,[60],[33.956863]
2026-07-16T23:15:18+02:00,[60],[33.956863]
2026-07-16T23:15:19+02:00,[60],[33.956863]
2026-07-16T23:15:20+02:00,[60],[33.956863]
2026-07-16T23:15:21+02:00,[60],[33.956863]
2026-07-16T23:15:22+02:00,[60],[33.956863]
2026-07-16T23:15:23+02:00,[60],[33.956863]
2026-07-16T23:15:24+02:00,[60],[33.956863]
2026-07-16T23:15:25+02:00,[60],[33.956863]
2026-07-16T23:15:26+02:00,[60],[33.956863]
2026-07-16T23:15:27+02:00,[60],[33.956863]
2026-07-16T23:15:28+02:00,[60],[33.956863]
2026-07-16T23:15:29+02:00,[60],[33.956863]
2026-07-16T23:15:30+02:00,[60],[33.956863]
2026-07-16T23:15:31+02:00,[60],[33.956863]
2026-07-16T23:15:32+02:00,[60],[33.956863]
2026-07-16T23:15:33+02:00,[60],[33.956863]
2026-07-16T23:15:34+02:00,[60],[33.956863]
2026-07-16T23:15:35+02:00,[60],[33.956863]
2026-07-16T23:15:36+02:00,[60],[33.956863]
2026-07-16T23:15:37+02:00,[60],[33.956863]
2026-07-16T23:15:38+02:00,[60],[33.956863]
2026-07-16T23:15:39+02:00,[60],[33.956863]
2026-07-16T23:15:40+02:00,[60],[33.956863]
2026-07-16T23:15:41+02:00,[60],[33.956863]
2026-07-16T23:15:42+02:00,[60],[33.956863]
2026-07-16T23:15:43+02:00,[60],[33.956863]
2026-07-16T23:15:44+02:00,[60],[33.956863]
2026-07-16T23:15:45+02:00,[60],[33.956863]
2026-07-16T23:15:46+02:00,[60],[33.956863]
2026-07-16T23:15:47+02:00,[60],[33.956863]
2026-07-16T23:15:48+02:00,[60],[33.956863]
2026-07-16T23:15:49+02:00,[60],[33.956863]
2026-07-16T23:15:50+02:00,[60],[33.956863]
2026-07-16T23:15:51+02:00,[60],[33.956863]
2026-07-16T23:15:52+02:00,[60],[33.956863]
2026-07-16T23:15:53+02:00,[60],[33.956863]
2026-07-16T23:15:54+02:00,[60],[33.956863]
2026-07-16T23:15:55+02:00,[60],[33.956863]
2026-07-16T23:15:56+02:00,[60],[33.956863]
2026-07-16T23:15:57+02:00,[60],[33.956863]
2026-07-16T23:15:58+02:00,[60],[33.956863]
2026-07-16T23:15:59+02:00,[60],[33.956863]
2026-07-16T23:16:00+02:00,[60],[33.956863]
2026-07-16T23:16:01+02:00,[60],[33.956863]
2026-07-16T23:16:02+02:00,[60],[33.956863]
2026-07-16T23:16:03+02:00,[60],[33.956863]
2026-07-16T23:16:04+02:00,[60],[33.956863]
2026-07-16T23:16:05+02:00,[60],[33.956863]
2026-07-16T23:16:06+02:00,[60],[33.956863]
2026-07-16T23:16:07+02:00,[60],[33.956863]
2026-07-16T23:16:08+02:00,[60],[33.956863]
2026-07-16T23:16:09+02:00,[60],[33.956863]
2026-07-16T23:16:10+02:00,[60],[33.956863]
2026-07-16T23:16:11+02:00,[60],[33.956863]
2026-07-16T23:16:12+02:00,[60],[33.956863]
2026-07-16T23:16:13+02:00,[60],[33.956863]
2026-07-16T23:16:14+02:00,[60],[33.956863]
2026-07-16T23:16:15+02:00,[60],[33.956863]
2026-07-16T23:16:16+02:00,[60],[33.956863]
2026-07-16T23:16:17+02:00,[60],[33.956863]
2026-07-16T23:16:18+02:00,[60],[33.956863]
2026-07-16T23:16:19+02:00,[60],[33.956863]
2026-07-16T23:16:20+02:00,[60],[33.956863]
2026-07-16T23:16:21+02:00,[60],[33.956863]
2026-07-16T23:16:22+02:00,[60],[33.956863]
2026-07-16T23:16:23+02:00,[60],[33.956863]
2026-07-16T23:16:24+02:00,[60],[33.956863]
2026-07-16T23:16:25+02:00,[60],[33.956863]
2026-07-16T23:16:26+02:00,[60],[33.956863]
2026-07-16T23:16:27+02:00,[60],[33.956863]
2026-07-16T23:16:28+02:00,[60],[33.956863]
2026-07-16T23:16:29+02:00,[60],[33.956863]
2026-07-16T23:16:30+02:00,[60],[33.956863]
2026-07-16T23:16:31+02:00,[60],[33.956863]
2026-07-16T23:16:32+02:00,[60],[33.956863]
2026-07-16T23:16:33+02:00,[60],[33.956863]
2026-07-16T23:16:34+02:00,[60],[33.956863]
2026-07-16T23:16:35+02:00,[60],[33.956863]
2026-07-16T23:16:36+02:00,[60],[33.956863]
2026-07-16T23:16:37+02:00,[60],[33.956863]
2026-07-16T23:16:38+02:00,[60],[33.956863]
2026-07-16T23:16:39+02:00,[60],[33.956863]
2026-07-16T23:16:40+02:00,[60],[33.956863]
2026-07-16T23:16:41+02:00,[60],[33.956863]
2026-07-16T23:16:42+02:00,[60],[33.956863]
2026-07-16T23:16:43+02:00,[60],[33.956863]
2026-07-16T23:16:44+02:00,[60],[33.956863]
2026-07-16T23:16:45+02:00,[60],[33.956863]
2026-07-16T23:16:46+02:00,[60],[33.956863]
2026-07-16T23:16:47+02:00,[60],[33.956863]
2026-07-16T23:16:48+02:00,[60],[33.956863]
2026-07-16T23:16:49+02:00,[60],[33.956863]
2026-07-16T23:16:50+02:00,[60],[33.956863]
2026-07-16T23:16:51+02:00,[60],[33.956863]
2026-07-16T23:16:52+02:00,[60],[33.956863]
2026-07-16T23:16:53+02:00,[60],[33.956863]
2026-07-16T23:16:54+02:00,[60],[33.956863]
2026-07-16T23:16:55+02:00,[60],[33.956863]
2026-07-16T23:16:56+02:00,[60],[33.956863]
2026-07-16T23:16:57+02:00,[60],[33.956863]
2026-07-16T23:16:58+02:00,[60],[33.956863]
2026-07-16T23:16:59+02:00,[60],[33.956863]
2026-07-16T23:17:00+02:00,[60],[33.956863]
2026-07-16T23:17:01+02:00,[60],[33.956863]
2026-07-16T23:17:02+02:00,[60],[33.956863]
2026-07-16T23:17:03+02:00,[60],[33.956863]
2026-07-16T23:17:04+02:00,[60],[33.956863]
2026-07-16T23:17:05+02:00,[60],[33.956863]
2026-07-16T23:17:06+02:00,[60],[33.956863]
2026-07-16T23:17:07+02:00,[60],[33.956863]
2026-07-16T23:17:08+02:00,[60],[33.956863]
2026-07-16T23:17:09+02:00,[60],[33.956863]
2026-07-16T23:17:10+02:00,[60],[33.956863]
2026-07-16T23:17:11+02:00,[60],[33.956802]
2026-07-16T23:17:12+02:00,[60],[33.956802]
2026-07-16T23:17:13+02:00,[60],[33.956802]
2026-07-16T23:17:14+02:00,[60],[33.956802]
2026-07-16T23:17:15+02:00,[60],[33.956802]
2026-07-16T23:17:16+02:00,[60],[33.956802]
2026-07-16T23:17:17+02:00,[60],[33.956802]
2026-07-16T23:17:18+02:00,[60],[33.956802]
2026-07-16T23:17:19+02:00,[60],[33.956802]
2026-07-16T23:17:20+02:00,[60],[33.956802]
2026-07-16T23:17:21+02:00,[60],[33.956802]
2026-07-16T23:17:22+02:00,[60],[33.956802]
2026-07-16T23:17:23+02:00,[60],[33.956802]
2026-07-16T23:17:24+02:00,[60],[33.956802]
2026-07-16T23:17:25+02:00,[60],[33.956802]
2026-07-16T23:17:26+02:00,[60],[33.956802]
2026-07-16T23:17:27+02:00,[60],[33.956802]
2026-07-16T23:17:28+02:00,[60],[33.956802]
2026-07-16T23:17:29+02:00,[60],[33.956802]
2026-07-16T23:17:30+02:00,[60],[33.956802]
2026-07-16T23:17:31+02:00,[60],[33.956802]
2026-07-16T23:17:32+02:00,[60],[33.956802]
2026-07-16T23:17:33+02:00,[60],[33.956802]
2026-07-16T23:17:34+02:00,[60],[33.956802]
2026-07-16T23:17:35+02:00,[60],[33.956802]
2026-07-16T23:17:36+02:00,[60],[33.956802]
2026-07-16T23:17:37+02:00,[60],[33.956802]
2026-07-16T23:17:38+02:00,[60],[33.956802]
2026-07-16T23:17:39+02:00,[60],[33.956802]
2026-07-16T23:17:40+02:00,[60],[33.956802]
2026-07-16T23:17:41+02:00,[60],[33.956802]
2026-07-16T23:17:42+02:00,[60],[33.956802]
2026-07-16T23:17:43+02:00,[60],[33.956802]
2026-07-16T23:17:44+02:00,[60],[33.956802]
2026-07-16T23:17:45+02:00,[60],[33.956802]
2026-07-16T23:17:46+02:00,[60],[33.956802]
2026-07-16T23:17:47+02:00,[60],[33.956802]
2026-07-16T23:17:48+02:00,[60],[33.956802]
2026-07-16T23:17:49+02:00,[60],[33.956802]
2026-07-16T23:17:50+02:00,[60],[33.956802]
2026-07-16T23:17:51+02:00,[60],[33.956802]
2026-07-16T23:17:52+02:00,[60],[33.956802]
2026-07-16T23:17:53+02:00,[60],[33.956802]
2026-07-16T23:17:54+02:00,[60],[33.956802]
2026-07-16T23:17:55+02:00,[60],[33.956802]
2026-07-16T23:17:56+02:00,[60],[33.956802]
2026-07-16T23:17:57+02:00,[60],[33.956802]
2026-07-16T23:17:58+02:00,[60],[33.956802]
2026-07-16T23:17:59+02:00,[60],[33.956802]
2026-07-16T23:18:00+02:00,[60],[33.956802]
2026-07-16T23:18:01+02:00,[60],[33.956802]
2026-07-16T23:18:02+02:00,[60],[33.956802]
2026-07-16T23:18:03+02:00,[60],[33.956802]
2026-07-16T23:18:04+02:00,[60],[33.956795]
2026-07-16T23:18:05+02:00,[60],[33.956795]
2026-07-16T23:18:06+02:00,[60],[33.956795]
2026-07-16T23:18:07+02:00,[60],[33.956795]
2026-07-16T23:18:08+02:00,[60],[33.956795]
2026-07-16T23:18:09+02:00,[60],[33.956795]
2026-07-16T23:18:10+02:00,[60],[33.956795]
2026-07-16T23:18:11+02:00,[60],[33.956795]
2026-07-16T23:18:12+02:00,[60],[33.956795]
2026-07-16T23:18:13+02:00,[60],[33.956795]
2026-07-16T23:18:14+02:00,[60],[33.956795]
2026-07-16T23:18:15+02:00,[60],[33.956795]
2026-07-16T23:18:16+02:00,[60],[33.956795]
2026-07-16T23:18:17+02:00,[60],[33.956795]
2026-07-16T23:18:18+02:00,[60],[33.956795]
2026-07-16T23:18:19+02:00,[60],[33.956795]
2026-07-16T23:18:20+02:00,[60],[33.956795]
2026-07-16T23:18:21+02:00,[60],[33.956795]
2026-07-16T23:18:22+02:00,[60],[33.956795]
2026-07-16T23:18:23+02:00,[60],[33.956795]
2026-07-16T23:18:24+02:00,[60],[33.956795]
2026-07-16T23:18:25+02:00,[60],[33.956795]
2026-07-16T23:18:26+02:00,[60],[33.956795]
2026-07-16T23:18:27+02:00,[60],[33.956795]
2026-07-16T23:18:28+02:00,[60],[33.956795]
2026-07-16T23:18:29+02:00,[60],[33.956795]
2026-07-16T23:18:30+02:00,[60],[33.956795]
2026-07-16T23:18:31+02:00,[60],[33.956795]
2026-07-16T23:18:32+02:00,[60],[33.956795]
2026-07-16T23:18:33+02:00,[60],[33.956795]
2026-07-16T23:18:34+02:00,[60],[33.956795]
2026-07-16T23:18:35+02:00,[60],[33.956795]
2026-07-16T23:18:36+02:00,[60],[33.956795]
2026-07-16T23:18:37+02:00,[60],[33.956795]
2026-07-16T23:18:38+02:00,[60],[33.956795]
2026-07-16T23:18:39+02:00,[60],[33.956795]
2026-07-16T23:18:40+02:00,[60],[33.956795]
2026-07-16T23:18:41+02:00,[60],[33.956795]
2026-07-16T23:18:42+02:00,[60],[33.956795]
2026-07-16T23:18:43+02:00,[60],[33.956795]
2026-07-16T23:18:44+02:00,[60],[33.956795]
2026-07-16T23:18:45+02:00,[60],[33.956795]
2026-07-16T23:18:46+02:00,[60],[33.956795]
2026-07-16T23:18:47+02:00,[60],[33.956795]
2026-07-16T23:18:48+02:00,[60],[33.956795]
2026-07-16T23:18:49+02:00,[60],[33.956795]
2026-07-16T23:18:50+02:00,[60],[33.956795]
2026-07-16T23:18:51+02:00,[60],[33.956795]
2026-07-16T23:18:52+02:00,[60],[33.956795]
2026-07-16T23:18:53+02:00,[60],[33.956795]
2026-07-16T23:18:54+02:00,[60],[33.956795]
2026-07-16T23:18:55+02:00,[60],[33.956795]
2026-07-16T23:18:56+02:00,[60],[33.956795]
2026-07-16T23:18:57+02:00,[60],[33.956795]
2026-07-16T23:18:58+02:00,[60],[33.956795]
2026-07-16T23:18:59+02:00,[60],[33.956795]
2026-07-16T23:19:00+02:00,[60],[33.956795]
2026-07-16T23:19:01+02:00,[60],[33.956795]
2026-07-16T23:19:02+02:00,[60],[33.956795]
2026-07-16T23:19:03+02:00,[60],[33.956795]
2026-07-16T23:19:04+02:00,[60],[33.956795]
2026-07-16T23:19:05+02:00,[60],[33.956795]
2026-07-16T23:19:06+02:00,[60],[33.956795]
2026-07-16T23:19:07+02:00,[60],[33.956795]
2026-07-16T23:19:08+02:00,[60],[33.956795]
2026-07-16T23:19:09+02:00,[60],[33.956795]
2026-07-16T23:19:10+02:00,[60],[33.956795]
2026-07-16T23:19:11+02:00,[60],[33.956795]
2026-07-16T23:19:12+02:00,[60],[33.956795]
2026-07-16T23:19:13+02:00,[60],[33.956795]
2026-07-16T23:19:14+02:00,[60],[33.956795]
2026-07-16T23:19:15+02:00,[60],[33.956795]
2026-07-16T23:19:16+02:00,[60],[33.956795]
2026-07-16T23:19:17+02:00,[60],[33.956795]
2026-07-16T23:19:18+02:00,[60],[33.956795]
2026-07-16T23:19:19+02:00,[60],[33.956795]
2026-07-16T23:19:20+02:00,[60],[33.956795]
2026-07-16T23:19:21+02:00,[60],[33.956795]
2026-07-16T23:19:22+02:00,[60],[33.956795]
2026-07-16T23:19:23+02:00,[60],[33.956795]
2026-07-16T23:19:24+02:00,[60],[33.956795]
2026-07-16T23:19:25+02:00,[60],[33.956795]
2026-07-16T23:19:26+02:00,[60],[33.956795]
2026-07-16T23:19:27+02:00,[60],[33.956795]
2026-07-16T23:19:28+02:00,[60],[33.956795]
2026-07-16T23:19:29+02:00,[60],[33.956795]
2026-07-16T23:19:30+02:00,[60],[33.956795]
2026-07-16T23:19:31+02:00,[60],[33.956795]
2026-07-16T23:19:32+02:00,[60],[33.956795]
2026-07-16T23:19:33+02:00,[60],[33.956795]
2026-07-16T23:19:34+02:00,[60],[33.956795]
2026-07-16T23:19:35+02:00,[60],[33.956795]
2026-07-16T23:19:36+02:00,[60],[33.956795]
2026-07-16T23:19:37+02:00,[60],[33.956795]
2026-07-16T23:19:38+02:00,[60],[33.956795]
2026-07-16T23:19:39+02:00,[60],[33.956795]
2026-07-16T23:19:40+02:00,[60],[33.956795]
2026-07-16T23:19:41+02:00,[60],[33.956795]
2026-07-16T23:19:42+02:00,[60],[33.956795]
2026-07-16T23:19:43+02:00,[60],[33.956795]
2026-07-16T23:19:44+02:00,[60],[33.956795]
2026-07-16T23:19:45+02:00,[60],[33.956795]
2026-07-16T23:19:46+02:00,[60],[33.956795]
2026-07-16T23:19:47+02:00,[60],[33.956795]
2026-07-16T23:19:48+02:00,[60],[33.956795]
2026-07-16T23:19:49+02:00,[60],[33.956795]
2026-07-16T23:19:50+02:00,[60],[33.956795]
2026-07-16T23:19:51+02:00,[60],[33.956795]
2026-07-16T23:19:52+02:00,[60],[33.956795]
2026-07-16T23:19:53+02:00,[60],[33.956795]
2026-07-16T23:19:54+02:00,[60],[33.956795]
2026-07-16T23:19:55+02:00,[60],[33.956795]
2026-07-16T23:19:56+02:00,[60],[33.956795]
2026-07-16T23:19:57+02:00,[60],[33.956795]
2026-07-16T23:19:58+02:00,[60],[33.956795]
2026-07-16T23:19:59+02:00,[60],[33.956795]
2026-07-16T23:20:00+02:00,[60],[33.956795]
2026-07-16T23:20:01+02:00,[60],[33.956795]
2026-07-16T23:20:02+02:00,[60],[33.956795]
2026-07-16T23:20:03+02:00,[60],[33.956795]
2026-07-16T23:20:04+02:00,[60],[33.956795]
2026-07-16T23:20:05+02:00,[60],[33.956795]
2026-07-16T23:20:06+02:00,[60],[33.956795]
2026-07-16T23:20:07+02:00,[60],[33.956795]
2026-07-16T23:20:08+02:00,[60],[33.956795]
2026-07-16T23:20:09+02:00,[60],[33.956795]
2026-07-16T23:20:10+02:00,[60],[33.956795]
2026-07-16T23:20:11+02:00,[60],[33.956795]
2026-07-16T23:20:12+02:00,[60],[33.956795]
2026-07-16T23:20:13+02:00,[60],[33.956795]
2026-07-16T23:20:14+02:00,[60],[33.956795]
2026-07-16T23:20:15+02:00,[60],[33.956795]
2026-07-16T23:20:16+02:00,[60],[33.956795]
2026-07-16T23:20:17+02:00,[60],[33.956795]
2026-07-16T23:20:18+02:00,[60],[33.956795]
2026-07-16T23:20:19+02:00,[60],[33.956795]
2026-07-16T23:20:20+02:00,[60],[33.956795]
2026-07-16T23:20:21+02:00,[60],[33.956795]
2026-07-16T23:20:22+02:00,[60],[33.956795]
2026-07-16T23:20:23+02:00,[60],[33.956795]
2026-07-16T23:20:24+02:00,[60],[33.956795]
2026-07-16T23:20:25+02:00,[60],[33.956795]
2026-07-16T23:20:26+02:00,[60],[33.956795]
2026-07-16T23:20:27+02:00,[60],[33.956795]
2026-07-16T23:20:28+02:00,[60],[33.956795]
2026-07-16T23:20:29+02:00,[60],[33.956795]
2026-07-16T23:20:30+02:00,[60],[33.956795]
2026-07-16T23:20:31+02:00,[60],[33.956795]
2026-07-16T23:20:32+02:00,[60],[33.956795]
2026-07-16T23:20:33+02:00,[60],[33.956795]
2026-07-16T23:20:34+02:00,[60],[33.956795]
2026-07-16T23:20:35+02:00,[60],[33.956806]
2026-07-16T23:20:36+02:00,[60],[33.956806]
2026-07-16T23:20:37+02:00,[60],[33.956806]
2026-07-16T23:20:38+02:00,[60],[33.956806]
2026-07-16T23:20:39+02:00,[60],[33.956806]
2026-07-16T23:20:40+02:00,[60],[33.956806]
2026-07-16T23:20:41+02:00,[60],[33.956806]
2026-07-16T23:20:42+02:00,[60],[33.956806]
2026-07-16T23:20:43+02:00,[60],[33.956806]
2026-07-16T23:20:44+02:00,[60],[33.956806]
2026-07-16T23:20:45+02:00,[60],[33.956806]
2026-07-16T23:20:46+02:00,[60],[33.956806]
2026-07-16T23:20:47+02:00,[60],[33.956806]
2026-07-16T23:20:48+02:00,[60],[33.956806]
2026-07-16T23:20:49+02:00,[60],[33.956806]
2026-07-16T23:20:50+02:00,[60],[33.956806]
2026-07-16T23:20:51+02:00,[60],[33.956806]
2026-07-16T23:20:52+02:00,[60],[33.956806]
2026-07-16T23:20:53+02:00,[60],[33.956806]
2026-07-16T23:20:54+02:00,[60],[33.956806]
2026-07-16T23:20:55+02:00,[60],[33.956806]
2026-07-16T23:20:56+02:00,[60],[33.956806]
2026-07-16T23:20:57+02:00,[60],[33.956806]
2026-07-16T23:20:58+02:00,[60],[33.956806]
2026-07-16T23:20:59+02:00,[60],[33.956806]
2026-07-16T23:21:00+02:00,[60],[33.956806]
2026-07-16T23:21:01+02:00,[60],[33.956806]
2026-07-16T23:21:02+02:00,[60],[33.956806]
2026-07-16T23:21:03+02:00,[60],[33.956806]
2026-07-16T23:21:04+02:00,[60],[33.956806]
2026-07-16T23:21:05+02:00,[60],[33.956806]
2026-07-16T23:21:06+02:00,[60],[33.956806]
2026-07-16T23:21:07+02:00,[60],[33.956806]
2026-07-16T23:21:08+02:00,[60],[33.956806]
2026-07-16T23:21:09+02:00,[60],[33.956806]
2026-07-16T23:21:10+02:00,[60],[33.956806]
2026-07-16T23:21:11+02:00,[60],[33.956806]
2026-07-16T23:21:12+02:00,[60],[33.956806]
2026-07-16T23:21:13+02:00,[60],[33.956806]
2026-07-16T23:21:14+02:00,[60],[33.956806]
2026-07-16T23:21:15+02:00,[60],[33.956806]
2026-07-16T23:21:16+02:00,[60],[33.956806]
2026-07-16T23:21:17+02:00,[60],[33.956806]
2026-07-16T23:21:18+02:00,[60],[33.956806]
2026-07-16T23:21:19+02:00,[60],[33.956806]
2026-07-16T23:21:20+02:00,[60],[33.956806]
2026-07-16T23:21:21+02:00,[60],[33.956806]
2026-07-16T23:21:22+02:00,[60],[33.956806]
2026-07-16T23:21:23+02:00,[60],[33.956806]
2026-07-16T23:21:24+02:00,[60],[33.956806]
2026-07-16T23:21:25+02:00,[60],[33.956806]
2026-07-16T23:21:26+02:00,[60],[33.956806]
2026-07-16T23:21:27+02:00,[60],[33.956806]
2026-07-16T23:21:28+02:00,[60],[33.956806]
2026-07-16T23:21:29+02:00,[60],[33.956806]
2026-07-16T23:21:30+02:00,[60],[33.956806]
2026-07-16T23:21:31+02:00,[60],[33.956806]
2026-07-16T23:21:32+02:00,[60],[33.956806]
2026-07-16T23:21:33+02:00,[60],[33.956806]
2026-07-16T23:21:34+02:00,[60],[33.956806]
2026-07-16T23:21:35+02:00,[60],[33.956806]
2026-07-16T23:21:36+02:00,[60],[33.956806]
2026-07-16T23:21:37+02:00,[60],[33.956806]
2026-07-16T23:21:38+02:00,[60],[33.956806]
2026-07-16T23:21:39+02:00,[60],[33.956806]
2026-07-16T23:21:40+02:00,[60],[33.956806]
2026-07-16T23:21:41+02:00,[60],[33.956806]
2026-07-16T23:21:42+02:00,[60],[33.956806]
2026-07-16T23:21:43+02:00,[60],[33.956806]
2026-07-16T23:21:44+02:00,[60],[33.956806]
2026-07-16T23:21:45+02:00,[60],[33.956806]
2026-07-16T23:21:46+02:00,[60],[33.956806]
2026-07-16T23:21:47+02:00,[60],[33.956806]
2026-07-16T23:21:48+02:00,[60],[33.956806]
2026-07-16T23:24:32+02:00,[60],[33.956673]
2026-07-16T23:24:54+02:00,[60],[33.956673]
2026-07-16T23:25:42+02:00,[60],[33.956673]
2026-07-16T23:25:43+02:00,[60],[33.956676]
2026-07-16T23:25:47+02:00,[60],[33.956749]
2026-07-16T23:25:48+02:00,[60],[33.956749]
2026-07-16T23:25:49+02:00,[60],[33.956749]
2026-07-16T23:25:50+02:00,[60],[33.956749]
2026-07-16T23:25:51+02:00,[60],[33.956749]
2026-07-16T23:25:52+02:00,[60],[33.956749]
2026-07-16T23:25:53+02:00,[60],[33.956749]
2026-07-16T23:25:54+02:00,[60],[33.956749]
2026-07-16T23:25:55+02:00,[60],[33.956749]
2026-07-16T23:25:56+02:00,[60],[33.956749]
2026-07-16T23:25:57+02:00,[60],[33.956749]
2026-07-16T23:25:58+02:00,[60],[33.956749]
2026-07-16T23:25:59+02:00,[60],[33.956749]
2026-07-16T23:26:00+02:00,[60],[33.956749]
2026-07-16T23:26:01+02:00,[60],[33.956749]
2026-07-16T23:26:02+02:00,[60],[33.956749]
2026-07-16T23:26:03+02:00,[60],[33.956749]
2026-07-16T23:26:04+02:00,[60],[33.956749]
2026-07-16T23:26:05+02:00,[60],[33.956749]
2026-07-16T23:26:06+02:00,[60],[33.956749]
2026-07-16T23:26:07+02:00,[60],[33.956749]
2026-07-16T23:26:08+02:00,[60],[33.956749]
2026-07-16T23:26:09+02:00,[60],[33.956749]
2026-07-16T23:26:10+02:00,[60],[33.956749]
2026-07-16T23:26:11+02:00,[60],[33.956749]
2026-07-16T23:26:12+02:00,[60],[33.956749]
2026-07-16T23:26:13+02:00,[60],[33.956749]
2026-07-16T23:26:14+02:00,[60],[33.956749]
2026-07-16T23:26:15+02:00,[60],[33.956749]
2026-07-16T23:26:16+02:00,[60],[33.956749]
2026-07-16T23:26:17+02:00,[60],[33.956749]
2026-07-16T23:26:18+02:00,[60],[33.956749]
2026-07-16T23:26:19+02:00,[60],[33.956783]
2026-07-16T23:26:20+02:00,[60],[33.956783]
2026-07-16T23:26:21+02:00,[60],[33.956783]
2026-07-16T23:26:22+02:00,[60],[33.956787]
2026-07-16T23:26:23+02:00,[60],[33.956787]
2026-07-16T23:26:24+02:00,[60],[33.956783]
2026-07-16T23:26:25+02:00,[60],[33.956787]
2026-07-16T23:26:26+02:00,[60],[33.956783]
2026-07-16T23:26:27+02:00,[60],[33.956787]
2026-07-16T23:26:28+02:00,[60],[33.956783]
2026-07-16T23:26:29+02:00,[60],[33.956783]
2026-07-16T23:26:30+02:00,[60],[33.956783]
2026-07-16T23:26:31+02:00,[60],[33.956783]
2026-07-16T23:26:32+02:00,[60],[33.956783]
2026-07-16T23:26:33+02:00,[60],[33.956787]
2026-07-16T23:26:34+02:00,[60],[33.956787]
2026-07-16T23:26:35+02:00,[60],[33.956783]
2026-07-16T23:26:36+02:00,[60],[33.956783]
2026-07-16T23:26:37+02:00,[60],[33.956783]
2026-07-16T23:26:38+02:00,[60],[33.956787]
2026-07-16T23:26:39+02:00,[60],[33.956787]
2026-07-16T23:26:40+02:00,[60],[33.956783]
2026-07-16T23:26:41+02:00,[60],[33.956783]
2026-07-16T23:26:42+02:00,[60],[33.956779]
2026-07-16T23:26:43+02:00,[60],[33.956779]
2026-07-16T23:26:44+02:00,[60],[33.956783]
2026-07-16T23:26:45+02:00,[60],[33.956783]
2026-07-16T23:26:46+02:00,[60],[33.956783]
2026-07-16T23:26:47+02:00,[60],[33.956787]
2026-07-16T23:26:48+02:00,[60],[33.956791]
2026-07-16T23:26:49+02:00,[60],[33.956791]
2026-07-16T23:26:50+02:00,[60],[33.956791]
2026-07-16T23:26:51+02:00,[60],[33.956791]
2026-07-16T23:26:52+02:00,[60],[33.956791]
2026-07-16T23:26:53+02:00,[60],[33.956787]
2026-07-16T23:26:54+02:00,[60],[33.956787]
2026-07-16T23:26:55+02:00,[60],[33.956787]
2026-07-16T23:26:56+02:00,[60],[33.956787]
2026-07-16T23:26:57+02:00,[60],[33.956787]
2026-07-16T23:26:58+02:00,[60],[33.956783]
2026-07-16T23:26:59+02:00,[60],[33.956783]
2026-07-16T23:27:00+02:00,[60],[33.956787]
2026-07-16T23:27:01+02:00,[60],[33.956791]
2026-07-16T23:27:02+02:00,[60],[33.956791]
2026-07-16T23:27:03+02:00,[60],[33.956791]
2026-07-16T23:27:04+02:00,[60],[33.956795]
2026-07-16T23:27:05+02:00,[60],[33.956795]
2026-07-16T23:27:06+02:00,[60],[33.956795]
2026-07-16T23:27:07+02:00,[60],[33.956791]
2026-07-16T23:27:08+02:00,[60],[33.956787]
2026-07-16T23:27:09+02:00,[60],[33.956787]
2026-07-16T23:27:10+02:00,[60],[33.956783]
2026-07-16T23:27:11+02:00,[60],[33.956783]
2026-07-16T23:27:12+02:00,[60],[33.956783]
2026-07-16T23:27:13+02:00,[60],[33.956783]
2026-07-16T23:27:14+02:00,[60],[33.956783]
2026-07-16T23:27:15+02:00,[60],[33.956783]
2026-07-16T23:27:16+02:00,[60],[33.956783]
2026-07-16T23:27:17+02:00,[60],[33.956783]
2026-07-16T23:27:18+02:00,[60],[33.956783]
2026-07-16T23:27:19+02:00,[60],[33.956783]
2026-07-16T23:27:20+02:00,[60],[33.956783]
2026-07-16T23:27:21+02:00,[60],[33.956783]
2026-07-16T23:27:22+02:00,[60],[33.956783]
2026-07-16T23:27:23+02:00,[60],[33.956783]
2026-07-16T23:27:24+02:00,[60],[33.956783]
2026-07-16T23:27:25+02:00,[60],[33.956783]
2026-07-16T23:27:26+02:00,[60],[33.956783]
2026-07-16T23:27:27+02:00,[60],[33.956783]
2026-07-16T23:27:28+02:00,[60],[33.956783]
2026-07-16T23:27:29+02:00,[60],[33.956783]
2026-07-16T23:27:30+02:00,[60],[33.956783]
2026-07-16T23:27:31+02:00,[60],[33.956783]
2026-07-16T23:27:32+02:00,[60],[33.956783]
2026-07-16T23:27:33+02:00,[60],[33.956783]
2026-07-16T23:27:34+02:00,[60],[33.956799]
2026-07-16T23:27:35+02:00,[60],[33.956799]
2026-07-16T23:27:36+02:00,[60],[33.956799]
2026-07-16T23:27:37+02:00,[60],[33.956799]
2026-07-16T23:27:38+02:00,[60],[33.956799]
2026-07-16T23:27:39+02:00,[60],[33.956799]
2026-07-16T23:27:40+02:00,[60],[33.956791]
2026-07-16T23:27:41+02:00,[60],[33.956791]
2026-07-16T23:27:42+02:00,[60],[33.956791]
2026-07-16T23:27:43+02:00,[60],[33.956791]
2026-07-16T23:27:44+02:00,[60],[33.956791]
2026-07-16T23:27:45+02:00,[60],[33.956791]
2026-07-16T23:27:46+02:00,[60],[33.956791]
2026-07-16T23:27:47+02:00,[60],[33.956791]
2026-07-16T23:27:48+02:00,[60],[33.956791]
2026-07-16T23:27:49+02:00,[60],[33.956791]
2026-07-16T23:27:50+02:00,[60],[33.956791]
2026-07-16T23:27:51+02:00,[60],[33.956791]
2026-07-16T23:27:52+02:00,[60],[33.956791]
2026-07-16T23:27:53+02:00,[60],[33.956791]
2026-07-16T23:27:54+02:00,[60],[33.956791]
2026-07-16T23:27:55+02:00,[60],[33.956787]
2026-07-16T23:27:56+02:00,[60],[33.956787]
2026-07-16T23:27:57+02:00,[60],[33.956787]
2026-07-16T23:27:58+02:00,[60],[33.956787]
2026-07-16T23:27:59+02:00,[60],[33.956787]
2026-07-16T23:28:00+02:00,[60],[33.956787]
2026-07-16T23:28:01+02:00,[60],[33.956783]
2026-07-16T23:28:02+02:00,[60],[33.956783]
2026-07-16T23:28:03+02:00,[60],[33.956783]
2026-07-16T23:28:04+02:00,[60],[33.956783]
2026-07-16T23:28:05+02:00,[60],[33.956783]
2026-07-16T23:28:06+02:00,[60],[33.956783]
2026-07-16T23:28:07+02:00,[60],[33.956783]
2026-07-16T23:28:08+02:00,[60],[33.956783]
2026-07-16T23:28:09+02:00,[60],[33.956783]
2026-07-16T23:28:10+02:00,[60],[33.956783]
2026-07-16T23:28:11+02:00,[60],[33.956783]
2026-07-16T23:28:12+02:00,[60],[33.956783]
2026-07-16T23:28:13+02:00,[60],[33.956783]
2026-07-16T23:28:14+02:00,[60],[33.956783]
2026-07-16T23:28:15+02:00,[60],[33.956783]
2026-07-16T23:28:16+02:00,[60],[33.956783]
2026-07-16T23:28:17+02:00,[60],[33.956783]
2026-07-16T23:28:18+02:00,[60],[33.956783]
2026-07-16T23:28:19+02:00,[60],[33.956783]
2026-07-16T23:28:20+02:00,[60],[33.956783]
2026-07-16T23:28:21+02:00,[60],[33.956783]
2026-07-16T23:28:22+02:00,[60],[33.956783]
2026-07-16T23:28:23+02:00,[60],[33.956783]
2026-07-16T23:28:24+02:00,[60],[33.956783]
2026-07-16T23:28:25+02:00,[60],[33.956783]
2026-07-16T23:28:26+02:00,[60],[33.956783]
2026-07-16T23:28:27+02:00,[60],[33.956783]
2026-07-16T23:28:28+02:00,[60],[33.956783]
2026-07-16T23:28:29+02:00,[60],[33.956783]
2026-07-16T23:28:30+02:00,[60],[33.956783]
2026-07-16T23:28:31+02:00,[60],[33.956783]
2026-07-16T23:28:32+02:00,[60],[33.956783]
2026-07-16T23:28:33+02:00,[60],[33.956783]
2026-07-16T23:28:34+02:00,[60],[33.956783]
2026-07-16T23:28:35+02:00,[60],[33.956783]
2026-07-16T23:28:36+02:00,[60],[33.956783]
2026-07-16T23:28:37+02:00,[60],[33.956783]
2026-07-16T23:28:38+02:00,[60],[33.956783]
2026-07-16T23:28:39+02:00,[60],[33.956783]
2026-07-16T23:28:40+02:00,[60],[33.956783]
2026-07-16T23:28:41+02:00,[60],[33.956783]
2026-07-16T23:28:42+02:00,[60],[33.956783]
2026-07-16T23:28:43+02:00,[60],[33.956783]
2026-07-16T23:28:44+02:00,[60],[33.956783]
2026-07-16T23:28:45+02:00,[60],[33.956783]
2026-07-16T23:28:46+02:00,[60],[33.956783]
2026-07-16T23:28:47+02:00,[60],[33.956783]
2026-07-16T23:28:48+02:00,[60],[33.956787]
2026-07-16T23:28:49+02:00,[60],[33.956787]
2026-07-16T23:28:50+02:00,[60],[33.956787]
2026-07-16T23:28:51+02:00,[60],[33.956787]
2026-07-16T23:28:52+02:00,[60],[33.956787]
2026-07-16T23:28:53+02:00,[60],[33.956787]
2026-07-16T23:28:54+02:00,[60],[33.956787]
2026-07-16T23:28:55+02:00,[60],[33.956787]
2026-07-16T23:28:56+02:00,[60],[33.956787]
2026-07-16T23:28:57+02:00,[60],[33.956787]
2026-07-16T23:28:58+02:00,[60],[33.956787]
2026-07-16T23:28:59+02:00,[60],[33.956787]
2026-07-16T23:29:00+02:00,[60],[33.956787]
2026-07-16T23:29:01+02:00,[60],[33.956787]
2026-07-16T23:29:02+02:00,[60],[33.956787]
2026-07-16T23:29:03+02:00,[60],[33.956787]
2026-07-16T23:29:04+02:00,[60],[33.956787]
2026-07-16T23:29:05+02:00,[60],[33.956787]
2026-07-16T23:29:06+02:00,[60],[33.956787]
2026-07-16T23:29:07+02:00,[60],[33.956787]
2026-07-16T23:29:08+02:00,[60],[33.956787]
2026-07-16T23:29:09+02:00,[60],[33.956787]
2026-07-16T23:29:10+02:00,[60],[33.956787]
2026-07-16T23:29:11+02:00,[60],[33.956787]
2026-07-16T23:29:12+02:00,[60],[33.956787]
2026-07-16T23:29:13+02:00,[60],[33.956787]
2026-07-16T23:29:14+02:00,[60],[33.956787]
2026-07-16T23:29:15+02:00,[60],[33.956787]
2026-07-16T23:29:16+02:00,[60],[33.956787]
2026-07-16T23:29:17+02:00,[60],[33.956787]
2026-07-16T23:29:18+02:00,[60],[33.956787]
2026-07-16T23:29:19+02:00,[60],[33.956787]
2026-07-16T23:29:20+02:00,[60],[33.956787]
2026-07-16T23:29:21+02:00,[60],[33.956787]
2026-07-16T23:29:22+02:00,[60],[33.956787]
2026-07-16T23:29:23+02:00,[60],[33.956787]
2026-07-16T23:29:24+02:00,[60],[33.956787]
2026-07-16T23:29:25+02:00,[60],[33.956787]
2026-07-16T23:29:26+02:00,[60],[33.956787]
2026-07-16T23:29:27+02:00,[60],[33.956787]
2026-07-16T23:29:28+02:00,[60],[33.956787]
2026-07-16T23:29:29+02:00,[60],[33.956787]
2026-07-16T23:29:30+02:00,[60],[33.956787]
2026-07-16T23:29:31+02:00,[60],[33.956787]
2026-07-16T23:29:32+02:00,[60],[33.956787]
2026-07-16T23:29:33+02:00,[60],[33.956787]
2026-07-16T23:29:34+02:00,[60],[33.956787]
2026-07-16T23:29:35+02:00,[60],[33.956787]
2026-07-16T23:29:36+02:00,[60],[33.956787]
2026-07-16T23:29:37+02:00,[60],[33.956787]
2026-07-16T23:29:38+02:00,[60],[33.956787]
2026-07-16T23:29:39+02:00,[60],[33.956787]
2026-07-16T23:29:40+02:00,[60],[33.956787]
2026-07-16T23:29:41+02:00,[60],[33.956787]
2026-07-16T23:29:42+02:00,[60],[33.956787]
2026-07-16T23:29:43+02:00,[60],[33.956787]
2026-07-16T23:29:44+02:00,[60],[33.956787]
2026-07-16T23:29:45+02:00,[60],[33.956787]
2026-07-16T23:29:46+02:00,[60],[33.956787]
2026-07-16T23:29:47+02:00,[60],[33.956787]
2026-07-16T23:29:48+02:00,[60],[33.956787]
2026-07-16T23:29:49+02:00,[60],[33.956787]
2026-07-16T23:29:50+02:00,[60],[33.956787]
2026-07-16T23:29:51+02:00,[60],[33.956787]
2026-07-16T23:29:52+02:00,[60],[33.956787]
2026-07-16T23:29:53+02:00,[60],[33.956787]
2026-07-16T23:29:54+02:00,[60],[33.956787]
2026-07-16T23:29:55+02:00,[60],[33.956787]
2026-07-16T23:29:56+02:00,[60],[33.956787]
2026-07-16T23:29:57+02:00,[60],[33.956787]
2026-07-16T23:29:58+02:00,[60],[33.956787]
2026-07-16T23:29:59+02:00,[60],[33.956787]
2026-07-16T23:30:00+02:00,[60],[33.956787]
2026-07-16T23:30:01+02:00,[60],[33.956787]
2026-07-16T23:30:02+02:00,[60],[33.956787]
2026-07-16T23:30:03+02:00,[60],[33.956787]
2026-07-16T23:30:04+02:00,[60],[33.956787]
2026-07-16T23:30:05+02:00,[60],[33.956787]
2026-07-16T23:30:06+02:00,[60],[33.956787]
2026-07-16T23:30:07+02:00,[60],[33.956787]
2026-07-16T23:30:08+02:00,[60],[33.956787]
2026-07-16T23:30:09+02:00,[60],[33.956787]
2026-07-16T23:30:10+02:00,[60],[33.956787]
2026-07-16T23:30:11+02:00,[60],[33.956787]
2026-07-16T23:30:12+02:00,[60],[33.956787]
2026-07-16T23:30:13+02:00,[60],[33.956787]
2026-07-16T23:30:14+02:00,[60],[33.956787]
2026-07-16T23:30:15+02:00,[60],[33.956787]
2026-07-16T23:30:16+02:00,[60],[33.956787]
2026-07-16T23:30:17+02:00,[60],[33.956791]
2026-07-16T23:30:18+02:00,[60],[33.956791]
2026-07-16T23:30:19+02:00,[60],[33.956791]
2026-07-16T23:30:20+02:00,[60],[33.956791]
2026-07-16T23:30:21+02:00,[60],[33.956791]
2026-07-16T23:30:22+02:00,[60],[33.956791]
2026-07-16T23:30:23+02:00,[60],[33.956791]
2026-07-16T23:30:24+02:00,[60],[33.956791]
2026-07-16T23:30:25+02:00,[60],[33.956791]
2026-07-16T23:30:26+02:00,[60],[33.956791]
2026-07-16T23:30:27+02:00,[60],[33.956791]
2026-07-16T23:30:28+02:00,[60],[33.956791]
2026-07-16T23:30:29+02:00,[60],[33.956791]
2026-07-16T23:30:30+02:00,[60],[33.956791]
2026-07-16T23:30:31+02:00,[60],[33.956791]
2026-07-16T23:30:32+02:00,[60],[33.956791]
2026-07-16T23:30:33+02:00,[60],[33.956791]
2026-07-16T23:30:34+02:00,[60],[33.956791]
2026-07-16T23:30:35+02:00,[60],[33.956791]
2026-07-16T23:30:36+02:00,[60],[33.956791]
2026-07-16T23:30:37+02:00,[60],[33.956791]
2026-07-16T23:30:38+02:00,[60],[33.956791]
2026-07-16T23:30:39+02:00,[60],[33.956791]
2026-07-16T23:30:40+02:00,[60],[33.956791]
2026-07-16T23:30:41+02:00,[60],[33.956791]
2026-07-16T23:30:42+02:00,[60],[33.956791]
2026-07-16T23:30:43+02:00,[60],[33.956791]
2026-07-16T23:30:44+02:00,[60],[33.956791]
2026-07-16T23:30:45+02:00,[60],[33.956791]
2026-07-16T23:30:46+02:00,[60],[33.956791]
2026-07-16T23:30:47+02:00,[60],[33.956791]
2026-07-16T23:30:48+02:00,[60],[33.956791]
2026-07-16T23:30:49+02:00,[60],[33.956791]
2026-07-16T23:30:50+02:00,[60],[33.956791]
2026-07-16T23:30:51+02:00,[60],[33.956791]
2026-07-16T23:30:52+02:00,[60],[33.956791]
2026-07-16T23:30:53+02:00,[60],[33.956791]
2026-07-16T23:30:54+02:00,[60],[33.956791]
2026-07-16T23:30:55+02:00,[60],[33.956791]
2026-07-16T23:30:56+02:00,[60],[33.956791]
2026-07-16T23:30:57+02:00,[60],[33.956791]
2026-07-16T23:30:58+02:00,[60],[33.956791]
2026-07-16T23:30:59+02:00,[60],[33.956791]
2026-07-16T23:31:00+02:00,[60],[33.956791]
2026-07-16T23:31:01+02:00,[60],[33.956791]
2026-07-16T23:31:02+02:00,[60],[33.956791]
2026-07-16T23:31:03+02:00,[60],[33.956791]
2026-07-16T23:31:04+02:00,[60],[33.956791]
2026-07-16T23:31:05+02:00,[60],[33.956791]
2026-07-16T23:31:06+02:00,[60],[33.956791]
2026-07-16T23:31:07+02:00,[60],[33.956791]
2026-07-16T23:31:08+02:00,[60],[33.956791]
2026-07-16T23:31:09+02:00,[60],[33.956791]
2026-07-16T23:31:10+02:00,[60],[33.956791]
2026-07-16T23:31:11+02:00,[60],[33.956791]
2026-07-16T23:31:12+02:00,[60],[33.956791]
2026-07-16T23:31:13+02:00,[60],[33.956791]
2026-07-16T23:31:14+02:00,[60],[33.956791]
2026-07-16T23:31:15+02:00,[60],[33.956791]
2026-07-16T23:31:16+02:00,[60],[33.956791]
2026-07-16T23:31:17+02:00,[60],[33.956791]
2026-07-16T23:31:18+02:00,[60],[33.956791]
2026-07-16T23:31:19+02:00,[60],[33.956791]
2026-07-16T23:31:20+02:00,[60],[33.956791]
2026-07-16T23:31:21+02:00,[60],[33.956791]
2026-07-16T23:31:22+02:00,[60],[33.956791]
2026-07-16T23:31:23+02:00,[60],[33.956791]
2026-07-16T23:31:24+02:00,[60],[33.956791]
2026-07-16T23:31:25+02:00,[60],[33.956791]
2026-07-16T23:31:26+02:00,[60],[33.956791]
2026-07-16T23:31:27+02:00,[60],[33.956791]
2026-07-16T23:31:28+02:00,[60],[33.956791]
2026-07-16T23:31:29+02:00,[60],[33.956791]
2026-07-16T23:31:30+02:00,[60],[33.956791]
2026-07-16T23:31:31+02:00,[60],[33.956791]
2026-07-16T23:31:32+02:00,[60],[33.956791]
2026-07-16T23:31:33+02:00,[60],[33.956791]
2026-07-16T23:31:34+02:00,[60],[33.956791]
2026-07-16T23:31:35+02:00,[60],[33.956791]
2026-07-16T23:31:36+02:00,[60],[33.956791]
2026-07-16T23:31:37+02:00,[60],[33.956791]
2026-07-16T23:31:38+02:00,[60],[33.956791]
2026-07-16T23:31:39+02:00,[60],[33.956791]
2026-07-16T23:31:40+02:00,[60],[33.956791]
2026-07-16T23:31:41+02:00,[60],[33.956791]
2026-07-16T23:31:42+02:00,[60],[33.956791]
2026-07-16T23:31:43+02:00,[60],[33.956791]
2026-07-16T23:31:44+02:00,[60],[33.956791]
2026-07-16T23:31:45+02:00,[60],[33.956791]
2026-07-16T23:31:46+02:00,[60],[33.956791]
2026-07-16T23:31:47+02:00,[60],[33.956791]
2026-07-16T23:31:48+02:00,[60],[33.956791]
2026-07-16T23:31:49+02:00,[60],[33.956791]
2026-07-16T23:31:50+02:00,[60],[33.956791]
2026-07-16T23:31:51+02:00,[60],[33.956791]
2026-07-16T23:31:52+02:00,[60],[33.956791]
2026-07-16T23:31:53+02:00,[60],[33.956791]
2026-07-16T23:31:54+02:00,[60],[33.956791]
2026-07-16T23:31:55+02:00,[60],[33.956791]
2026-07-16T23:31:56+02:00,[60],[33.956791]
2026-07-16T23:31:57+02:00,[60],[33.956791]
2026-07-16T23:31:58+02:00,[60],[33.956791]
2026-07-16T23:31:59+02:00,[60],[33.956791]
2026-07-16T23:32:00+02:00,[60],[33.956791]
2026-07-16T23:32:01+02:00,[60],[33.956791]
2026-07-16T23:32:02+02:00,[60],[33.956791]
2026-07-16T23:32:03+02:00,[60],[33.956791]
2026-07-16T23:32:04+02:00,[60],[33.956791]
2026-07-16T23:32:05+02:00,[60],[33.956791]
2026-07-16T23:32:06+02:00,[60],[33.956791]
2026-07-16T23:32:07+02:00,[60],[33.956791]
2026-07-16T23:32:08+02:00,[60],[33.956791]
2026-07-16T23:32:09+02:00,[60],[33.956791]
2026-07-16T23:32:10+02:00,[60],[33.956791]
2026-07-16T23:32:11+02:00,[60],[33.956791]
2026-07-16T23:32:12+02:00,[60],[33.956791]
2026-07-16T23:32:13+02:00,[60],[33.956791]
2026-07-16T23:32:14+02:00,[60],[33.956791]
2026-07-16T23:32:15+02:00,[60],[33.956791]
2026-07-16T23:32:16+02:00,[60],[33.956791]
2026-07-16T23:32:17+02:00,[60],[33.956791]
2026-07-16T23:32:18+02:00,[60],[33.956791]
2026-07-16T23:32:19+02:00,[60],[33.956791]
2026-07-16T23:32:20+02:00,[60],[33.956791]
2026-07-16T23:32:21+02:00,[60],[33.956791]
2026-07-16T23:32:22+02:00,[60],[33.956791]
2026-07-16T23:32:23+02:00,[60],[33.956791]
2026-07-16T23:32:24+02:00,[60],[33.956791]
2026-07-16T23:32:25+02:00,[60],[33.956791]
2026-07-16T23:32:26+02:00,[60],[33.956791]
2026-07-16T23:32:27+02:00,[60],[33.956791]
2026-07-16T23:32:28+02:00,[60],[33.956791]
2026-07-16T23:32:29+02:00,[60],[33.956791]
2026-07-16T23:32:30+02:00,[60],[33.956791]
2026-07-16T23:32:31+02:00,[60],[33.956791]
2026-07-16T23:32:32+02:00,[60],[33.956791]
2026-07-16T23:32:33+02:00,[60],[33.956791]
2026-07-16T23:32:34+02:00,[60],[33.956791]
2026-07-16T23:32:35+02:00,[60],[33.956791]
2026-07-16T23:32:36+02:00,[60],[33.956791]
2026-07-16T23:32:37+02:00,[60],[33.956791]
2026-07-16T23:32:38+02:00,[60],[33.956791]
2026-07-16T23:32:39+02:00,[60],[33.956791]
2026-07-16T23:32:40+02:00,[60],[33.956791]
2026-07-16T23:32:41+02:00,[60],[33.956791]
2026-07-16T23:32:42+02:00,[60],[33.956791]
2026-07-16T23:32:43+02:00,[60],[33.956791]
2026-07-16T23:32:44+02:00,[60],[33.956791]
2026-07-16T23:32:45+02:00,[60],[33.956791]
2026-07-16T23:32:46+02:00,[60],[33.956791]
2026-07-16T23:32:47+02:00,[60],[33.956791]
2026-07-16T23:32:48+02:00,[60],[33.956791]
2026-07-16T23:32:49+02:00,[60],[33.956791]
2026-07-16T23:32:50+02:00,[60],[33.956791]
2026-07-16T23:32:51+02:00,[60],[33.956791]
2026-07-16T23:32:52+02:00,[60],[33.956791]
2026-07-16T23:32:53+02:00,[60],[33.956791]
2026-07-16T23:32:54+02:00,[60],[33.956791]
2026-07-16T23:32:55+02:00,[60],[33.956791]
2026-07-16T23:32:56+02:00,[60],[33.956791]
2026-07-16T23:32:57+02:00,[60],[33.956791]
2026-07-16T23:32:58+02:00,[60],[33.956791]
2026-07-16T23:32:59+02:00,[60],[33.956791]
2026-07-16T23:33:00+02:00,[60],[33.956791]
2026-07-16T23:33:01+02:00,[60],[33.956791]
2026-07-16T23:33:02+02:00,[60],[33.956791]
2026-07-16T23:33:03+02:00,[60],[33.956791]
2026-07-16T23:33:04+02:00,[60],[33.956791]
2026-07-16T23:33:05+02:00,[60],[33.956791]
2026-07-16T23:33:06+02:00,[60],[33.956791]
2026-07-16T23:33:07+02:00,[60],[33.956791]
2026-07-16T23:33:08+02:00,[60],[33.956791]
2026-07-16T23:33:09+02:00,[60],[33.956791]
2026-07-16T23:33:10+02:00,[60],[33.956791]
2026-07-16T23:33:11+02:00,[60],[33.956791]
2026-07-16T23:33:12+02:00,[60],[33.956791]
2026-07-16T23:33:13+02:00,[60],[33.956791]
2026-07-16T23:33:14+02:00,[60],[33.956791]
2026-07-16T23:33:15+02:00,[60],[33.956791]
2026-07-16T23:33:16+02:00,[60],[33.956791]
2026-07-16T23:33:17+02:00,[60],[33.956791]
2026-07-16T23:33:18+02:00,[60],[33.956791]
2026-07-16T23:33:19+02:00,[60],[33.956791]
2026-07-16T23:33:20+02:00,[60],[33.956791]
2026-07-16T23:33:21+02:00,[60],[33.956791]
2026-07-16T23:33:22+02:00,[60],[33.956791]
2026-07-16T23:33:23+02:00,[60],[33.956791]
2026-07-16T23:33:24+02:00,[60],[33.956791]
2026-07-16T23:33:25+02:00,[60],[33.956791]
2026-07-16T23:33:26+02:00,[60],[33.956791]
2026-07-16T23:33:27+02:00,[60],[33.956791]
2026-07-16T23:33:28+02:00,[60],[33.956791]
2026-07-16T23:33:29+02:00,[60],[33.956791]
2026-07-16T23:33:30+02:00,[60],[33.956791]
2026-07-16T23:33:31+02:00,[60],[33.956791]
2026-07-16T23:33:32+02:00,[60],[33.956791]
2026-07-16T23:33:33+02:00,[60],[33.956791]
2026-07-16T23:33:34+02:00,[60],[33.956791]
2026-07-16T23:33:35+02:00,[60],[33.956791]
2026-07-16T23:33:36+02:00,[60],[33.956791]
2026-07-16T23:33:37+02:00,[60],[33.956791]
2026-07-16T23:33:38+02:00,[60],[33.956791]
2026-07-16T23:33:39+02:00,[60],[33.956791]
2026-07-16T23:33:40+02:00,[60],[33.956791]
2026-07-16T23:33:41+02:00,[60],[33.956791]
2026-07-16T23:33:42+02:00,[60],[33.956791]
2026-07-16T23:33:43+02:00,[60],[33.956791]
2026-07-16T23:33:44+02:00,[60],[33.956791]
2026-07-16T23:33:45+02:00,[60],[33.956791]
2026-07-16T23:33:46+02:00,[60],[33.956791]
2026-07-16T23:33:47+02:00,[60],[33.956791]
2026-07-16T23:33:48+02:00,[60],[33.956791]
2026-07-16T23:33:49+02:00,[60],[33.956791]
2026-07-16T23:33:50+02:00,[60],[33.956791]
2026-07-16T23:33:51+02:00,[60],[33.956791]
2026-07-16T23:33:52+02:00,[60],[33.956791]
2026-07-16T23:33:53+02:00,[60],[33.956791]
2026-07-16T23:33:54+02:00,[60],[33.956791]
2026-07-16T23:33:55+02:00,[60],[33.956791]
2026-07-16T23:33:56+02:00,[60],[33.956791]
2026-07-16T23:33:57+02:00,[60],[33.956791]
2026-07-16T23:33:58+02:00,[60],[33.956791]
2026-07-16T23:33:59+02:00,[60],[33.956791]
2026-07-16T23:34:00+02:00,[60],[33.956791]
2026-07-16T23:34:01+02:00,[60],[33.956791]
2026-07-16T23:34:02+02:00,[60],[33.956791]
2026-07-16T23:34:03+02:00,[60],[33.956791]
2026-07-16T23:34:04+02:00,[60],[33.956791]
2026-07-16T23:34:05+02:00,[60],[33.956791]
2026-07-16T23:34:06+02:00,[60],[33.956791]
2026-07-16T23:34:07+02:00,[60],[33.956791]
2026-07-16T23:34:08+02:00,[60],[33.956791]
2026-07-16T23:34:09+02:00,[60],[33.956791]
2026-07-16T23:34:10+02:00,[60],[33.956791]
2026-07-16T23:34:11+02:00,[60],[33.956791]
2026-07-16T23:34:12+02:00,[60],[33.956791]
2026-07-16T23:34:13+02:00,[60],[33.956791]
2026-07-16T23:34:14+02:00,[60],[33.956791]
2026-07-16T23:34:15+02:00,[60],[33.956791]
2026-07-16T23:34:16+02:00,[60],[33.956791]
2026-07-16T23:34:17+02:00,[60],[33.956791]
2026-07-16T23:34:18+02:00,[60],[33.956791]
2026-07-16T23:34:19+02:00,[60],[33.956791]
2026-07-16T23:34:20+02:00,[60],[33.956791]
2026-07-16T23:34:21+02:00,[60],[33.956791]
2026-07-16T23:34:22+02:00,[60],[33.956791]
2026-07-16T23:34:23+02:00,[60],[33.956791]
2026-07-16T23:34:24+02:00,[60],[33.956791]
2026-07-16T23:34:25+02:00,[60],[33.956791]
2026-07-16T23:34:26+02:00,[60],[33.956791]
2026-07-16T23:34:27+02:00,[60],[33.956791]
2026-07-16T23:34:28+02:00,[60],[33.956791]
2026-07-16T23:34:29+02:00,[60],[33.956791]
2026-07-16T23:34:30+02:00,[60],[33.956791]
2026-07-16T23:34:31+02:00,[60],[33.956791]
2026-07-16T23:34:32+02:00,[60],[33.956791]
2026-07-16T23:34:33+02:00,[60],[33.956791]
2026-07-16T23:34:34+02:00,[60],[33.956791]
2026-07-16T23:34:35+02:00,[60],[33.956791]
2026-07-16T23:34:36+02:00,[60],[33.956791]
2026-07-16T23:34:37+02:00,[60],[33.956791]
2026-07-16T23:34:38+02:00,[60],[33.956791]
2026-07-16T23:34:39+02:00,[60],[33.956791]
2026-07-16T23:34:40+02:00,[60],[33.956791]
2026-07-16T23:34:41+02:00,[60],[33.956791]
2026-07-16T23:34:42+02:00,[60],[33.956791]
2026-07-16T23:34:43+02:00,[60],[33.956791]
2026-07-16T23:34:44+02:00,[60],[33.956791]
2026-07-16T23:34:45+02:00,[60],[33.956791]
2026-07-16T23:34:46+02:00,[60],[33.956791]
2026-07-16T23:34:47+02:00,[60],[33.956791]
2026-07-16T23:34:48+02:00,[60],[33.956791]
2026-07-16T23:34:49+02:00,[60],[33.956791]
2026-07-16T23:34:50+02:00,[60],[33.956791]
2026-07-16T23:34:51+02:00,[60],[33.956791]
2026-07-16T23:34:52+02:00,[60],[33.956791]
2026-07-16T23:34:53+02:00,[60],[33.956791]
2026-07-16T23:34:54+02:00,[60],[33.956791]
2026-07-16T23:34:55+02:00,[60],[33.956791]
2026-07-16T23:34:56+02:00,[60],[33.956791]
2026-07-16T23:34:57+02:00,[60],[33.956791]
2026-07-16T23:34:58+02:00,[60],[33.956791]
2026-07-16T23:34:59+02:00,[60],[33.956791]
2026-07-16T23:35:00+02:00,[60],[33.956791]
2026-07-16T23:35:01+02:00,[60],[33.956791]
2026-07-16T23:35:02+02:00,[60],[33.956791]
2026-07-16T23:35:03+02:00,[60],[33.956791]
2026-07-16T23:35:04+02:00,[60],[33.956791]
2026-07-16T23:35:05+02:00,[60],[33.956791]
2026-07-16T23:35:06+02:00,[60],[33.956791]
2026-07-16T23:35:07+02:00,[60],[33.956791]
2026-07-16T23:35:08+02:00,[60],[33.956791]
2026-07-16T23:35:09+02:00,[60],[33.956791]
2026-07-16T23:35:10+02:00,[60],[33.956791]
2026-07-16T23:35:11+02:00,[60],[33.956791]
2026-07-16T23:35:12+02:00,[60],[33.956791]
2026-07-16T23:35:13+02:00,[60],[33.956791]
2026-07-16T23:35:14+02:00,[60],[33.956791]
2026-07-16T23:35:15+02:00,[60],[33.956791]
2026-07-16T23:35:16+02:00,[60],[33.956791]
2026-07-16T23:35:17+02:00,[60],[33.956791]
2026-07-16T23:35:18+02:00,[60],[33.956791]
2026-07-16T23:35:19+02:00,[60],[33.956791]
2026-07-16T23:35:20+02:00,[60],[33.956791]
2026-07-16T23:35:21+02:00,[60],[33.956791]
2026-07-16T23:35:22+02:00,[60],[33.956791]
2026-07-16T23:35:23+02:00,[60],[33.956791]
2026-07-16T23:35:24+02:00,[60],[33.956791]
2026-07-16T23:35:25+02:00,[60],[33.956791]
2026-07-16T23:35:26+02:00,[60],[33.956791]
2026-07-16T23:35:27+02:00,[60],[33.956791]
2026-07-16T23:35:28+02:00,[60],[33.956791]
2026-07-16T23:35:29+02:00,[60],[33.956791]
2026-07-16T23:35:30+02:00,[60],[33.956791]
2026-07-16T23:35:31+02:00,[60],[33.956791]
2026-07-16T23:35:32+02:00,[60],[33.956791]
2026-07-16T23:35:33+02:00,[60],[33.956791]
2026-07-16T23:35:34+02:00,[60],[33.956791]
2026-07-16T23:35:35+02:00,[60],[33.956791]
2026-07-16T23:35:36+02:00,[60],[33.956791]
2026-07-16T23:35:37+02:00,[60],[33.956791]
2026-07-16T23:35:38+02:00,[60],[33.956791]
2026-07-16T23:35:39+02:00,[60],[33.956791]
2026-07-16T23:35:40+02:00,[60],[33.956791]
2026-07-16T23:35:41+02:00,[60],[33.956791]
2026-07-16T23:35:42+02:00,[60],[33.956791]
2026-07-16T23:35:43+02:00,[60],[33.956791]
2026-07-16T23:35:44+02:00,[60],[33.956791]
2026-07-16T23:35:45+02:00,[60],[33.956791]
2026-07-16T23:35:46+02:00,[60],[33.956791]
2026-07-16T23:35:47+02:00,[60],[33.956791]
2026-07-16T23:35:48+02:00,[60],[33.956791]
2026-07-16T23:35:49+02:00,[60],[33.956791]
2026-07-16T23:35:50+02:00,[60],[33.956791]
2026-07-16T23:35:51+02:00,[60],[33.956791]
2026-07-16T23:35:52+02:00,[60],[33.956791]
2026-07-14T02:59:09+02:00,[60],[33.345019]
2026-07-14T02:59:14+02:00,[60],[33.345089]
2026-07-14T02:59:16+02:00,[60],[33.345139]
2026-07-14T02:59:18+02:00,[60],[33.345196]
2026-07-14T02:59:21+02:00,[60],[33.345245]
2026-07-14T02:59:25+02:00,[60],[33.345287]
2026-07-14T02:59:29+02:00,[60],[33.345329]
2026-07-14T02:59:32+02:00,[60],[33.345371]
2026-07-14T02:59:36+02:00,[60],[33.345416]
2026-07-14T02:59:41+02:00,[60],[33.345467]
2026-07-14T02:59:47+02:00,[60],[33.345505]
2026-07-14T02:59:52+02:00,[60],[33.345543]
2026-07-14T02:59:56+02:00,[60],[33.345588]
2026-07-14T03:00:00+02:00,[60],[33.345633]
2026-07-14T03:00:06+02:00,[60],[33.345672]
2026-07-14T03:00:11+02:00,[60],[33.345711]
2026-07-14T03:00:16+02:00,[60],[33.34576]
2026-07-14T03:00:21+02:00,[60],[33.345813]
2026-07-14T03:00:26+02:00,[60],[33.345863]
2026-07-14T03:00:31+02:00,[60],[33.345913]
2026-07-14T03:00:37+02:00,[60],[33.345962]
2026-07-14T03:00:42+02:00,[60],[33.346007]
2026-07-14T03:00:48+02:00,[60],[33.346058]
2026-07-14T03:00:54+02:00,[60],[33.346107]
2026-07-14T03:00:59+02:00,[60],[33.346156]
2026-07-14T03:01:06+02:00,[60],[33.346203]
2026-07-14T03:01:13+02:00,[60],[33.346252]
2026-07-14T03:01:34+02:00,[60],[33.346297]
2026-07-14T03:01:40+02:00,[60],[33.346344]
2026-07-14T03:01:46+02:00,[60],[33.34639]
2026-07-14T03:01:52+02:00,[60],[33.346438]
2026-07-14T03:02:16+02:00,[60],[33.346489]
2026-07-14T03:02:22+02:00,[60],[33.346539]
2026-07-14T03:02:28+02:00,[60],[33.346592]
2026-07-14T03:02:33+02:00,[60],[33.346642]
2026-07-14T03:02:38+02:00,[60],[33.346691]
2026-07-14T03:02:43+02:00,[60],[33.346741]
2026-07-14T03:02:48+02:00,[60],[33.346783]
2026-07-14T03:02:52+02:00,[60],[33.346828]
2026-07-14T03:02:56+02:00,[60],[33.346882]
2026-07-14T03:03:00+02:00,[60],[33.346935]
2026-07-14T03:03:04+02:00,[60],[33.346981]
2026-07-14T03:03:09+02:00,[60],[33.347031]
2026-07-14T03:03:14+02:00,[60],[33.347084]
2026-07-14T03:03:19+02:00,[60],[33.347133]
2026-07-14T03:03:24+02:00,[60],[33.347183]
2026-07-14T03:03:29+02:00,[60],[33.347237]
2026-07-14T03:03:36+02:00,[60],[33.347285]
2026-07-14T03:03:40+02:00,[60],[33.347336]
2026-07-14T03:03:45+02:00,[60],[33.347382]
2026-07-14T03:03:50+02:00,[60],[33.347431]
2026-07-14T03:03:56+02:00,[60],[33.347485]
2026-07-14T03:04:00+02:00,[60],[33.347534]
2026-07-14T03:04:05+02:00,[60],[33.34758]
2026-07-14T03:04:10+02:00,[60],[33.347633]
2026-07-14T03:04:15+02:00,[60],[33.347683]
2026-07-14T03:04:19+02:00,[60],[33.347729]
2026-07-14T03:04:24+02:00,[60],[33.347775]
2026-07-14T03:04:41+02:00,[60],[33.347824]
2026-07-14T03:04:46+02:00,[60],[33.34787]
2026-07-14T03:04:51+02:00,[60],[33.347915]
2026-07-14T03:04:56+02:00,[60],[33.34796]
2026-07-14T03:05:02+02:00,[60],[33.348011]
2026-07-14T03:05:07+02:00,[60],[33.348056]
2026-07-14T03:05:12+02:00,[60],[33.348106]
2026-07-14T03:05:17+02:00,[60],[33.348148]
2026-07-14T03:05:21+02:00,[60],[33.348194]
2026-07-14T03:05:26+02:00,[60],[33.348244]
2026-07-14T03:05:30+02:00,[60],[33.348289]
2026-07-14T03:05:34+02:00,[60],[33.348328]
2026-07-14T03:05:38+02:00,[60],[33.348366]
2026-07-14T03:05:43+02:00,[60],[33.348404]
2026-07-14T03:05:47+02:00,[60],[33.348433]
2026-07-14T03:05:52+02:00,[60],[33.348453]
2026-07-14T03:05:57+02:00,[60],[33.348475]
2026-07-14T03:06:01+02:00,[60],[33.348498]
2026-07-14T03:06:06+02:00,[60],[33.348522]
2026-07-14T03:06:11+02:00,[60],[33.34854]
2026-07-14T03:06:15+02:00,[60],[33.348568]
2026-07-14T03:06:20+02:00,[60],[33.348595]
2026-07-14T03:06:25+02:00,[60],[33.348629]
2026-07-14T03:06:30+02:00,[60],[33.348663]
2026-07-14T03:06:36+02:00,[60],[33.348694]
2026-07-14T03:06:40+02:00,[60],[33.348732]
2026-07-14T03:06:46+02:00,[60],[33.348765]
2026-07-14T03:06:50+02:00,[60],[33.348801]
2026-07-14T03:06:55+02:00,[60],[33.34883]
2026-07-14T03:07:09+02:00,[60],[33.348869]
2026-07-14T03:07:15+02:00,[60],[33.348885]
2026-07-14T03:07:18+02:00,[60],[33.348896]
2026-07-14T03:07:24+02:00,[60],[33.348919]
2026-07-14T03:07:27+02:00,[60],[33.348957]
2026-07-14T03:07:31+02:00,[60],[33.349003]
2026-07-14T03:07:34+02:00,[60],[33.349044]
2026-07-14T03:07:37+02:00,[60],[33.349086]
2026-07-14T03:07:41+02:00,[60],[33.349155]
2026-07-14T03:07:47+02:00,[60],[33.349201]
2026-07-14T03:07:52+02:00,[60],[33.349251]
2026-07-14T03:24:00+02:00,[60],[33.348888]
2026-07-14T03:24:12+02:00,[60],[33.348861]
2026-07-14T03:24:16+02:00,[60],[33.348816]
2026-07-14T03:24:20+02:00,[60],[33.348774]
2026-07-14T03:24:26+02:00,[60],[33.348736]
2026-07-14T03:24:31+02:00,[60],[33.348705]
2026-07-14T03:24:35+02:00,[60],[33.348678]
2026-07-14T03:24:41+02:00,[60],[33.34864]
2026-07-14T03:24:46+02:00,[60],[33.348605]
2026-07-14T03:24:50+02:00,[60],[33.348571]
2026-07-14T03:24:55+02:00,[60],[33.348549]
2026-07-14T03:25:00+02:00,[60],[33.348522]
2026-07-14T03:25:04+02:00,[60],[33.348495]
2026-07-14T03:25:09+02:00,[60],[33.348469]
2026-07-14T03:25:14+02:00,[60],[33.348442]
2026-07-14T03:25:19+02:00,[60],[33.348412]
2026-07-14T03:25:24+02:00,[60],[33.348373]
2026-07-14T03:25:29+02:00,[60],[33.348339]
2026-07-14T03:25:34+02:00,[60],[33.348301]
2026-07-14T03:25:39+02:00,[60],[33.348263]
2026-07-14T03:25:44+02:00,[60],[33.348228]
2026-07-14T03:25:49+02:00,[60],[33.348183]
2026-07-14T03:25:55+02:00,[60],[33.348137]
2026-07-14T03:26:00+02:00,[60],[33.348095]
2026-07-14T03:26:06+02:00,[60],[33.348053]
2026-07-14T03:26:10+02:00,[60],[33.348007]
2026-07-14T03:26:15+02:00,[60],[33.34796]
2026-07-14T03:26:20+02:00,[60],[33.347915]
2026-07-14T03:26:25+02:00,[60],[33.347866]
2026-07-14T03:26:31+02:00,[60],[33.347816]
2026-07-14T03:26:36+02:00,[60],[33.347766]
2026-07-14T03:26:41+02:00,[60],[33.347721]
2026-07-14T03:26:46+02:00,[60],[33.347672]
2026-07-14T03:26:51+02:00,[60],[33.347617]
2026-07-14T03:26:57+02:00,[60],[33.347569]
2026-07-14T03:27:02+02:00,[60],[33.347515]
2026-07-14T03:27:07+02:00,[60],[33.347465]
2026-07-14T03:27:12+02:00,[60],[33.34742]
2026-07-14T03:27:17+02:00,[60],[33.347369]
2026-07-14T03:27:21+02:00,[60],[33.347316]
2026-07-14T03:27:26+02:00,[60],[33.347267]
2026-07-14T03:27:31+02:00,[60],[33.347214]
2026-07-14T03:27:36+02:00,[60],[33.34716]
2026-07-14T03:27:41+02:00,[60],[33.347115]
2026-07-14T03:27:45+02:00,[60],[33.347065]
2026-07-14T03:27:50+02:00,[60],[33.347019]
2026-07-14T03:27:55+02:00,[60],[33.34697]
2026-07-14T03:28:00+02:00,[60],[33.346919]
2026-07-14T03:28:05+02:00,[60],[33.346874]
2026-07-14T03:28:11+02:00,[60],[33.346828]
2026-07-14T03:28:16+02:00,[60],[33.346783]
2026-07-14T03:28:21+02:00,[60],[33.346733]
2026-07-14T03:28:26+02:00,[60],[33.346687]
2026-07-14T03:28:32+02:00,[60],[33.346638]
2026-07-14T03:28:37+02:00,[60],[33.346587]
2026-07-14T03:28:43+02:00,[60],[33.346542]
2026-07-14T03:28:47+02:00,[60],[33.346497]
2026-07-14T03:28:51+02:00,[60],[33.346451]
2026-07-14T03:28:56+02:00,[60],[33.346409]
2026-07-14T03:29:00+02:00,[60],[33.346359]
2026-07-14T03:29:05+02:00,[60],[33.346317]
2026-07-14T03:29:10+02:00,[60],[33.346272]
2026-07-14T03:29:14+02:00,[60],[33.346218]
2026-07-14T03:29:19+02:00,[60],[33.346169]
2026-07-14T03:29:23+02:00,[60],[33.346114]
2026-07-14T03:29:28+02:00,[60],[33.346066]
2026-07-14T03:29:34+02:00,[60],[33.346016]
2026-07-14T03:29:39+02:00,[60],[33.345965]
2026-07-14T03:29:44+02:00,[60],[33.345913]
2026-07-14T03:29:48+02:00,[60],[33.34586]
2026-07-14T03:29:53+02:00,[60],[33.345813]
2026-07-14T03:29:57+02:00,[60],[33.345764]
2026-07-14T03:30:03+02:00,[60],[33.345715]
2026-07-14T03:30:08+02:00,[60],[33.345664]
2026-07-14T03:30:13+02:00,[60],[33.345619]
2026-07-14T03:30:17+02:00,[60],[33.345577]
2026-07-14T03:30:21+02:00,[60],[33.345528]
2026-07-14T03:30:26+02:00,[60],[33.345478]
2026-07-14T03:30:30+02:00,[60],[33.345436]
2026-07-14T03:30:34+02:00,[60],[33.345398]
2026-07-14T03:30:40+02:00,[60],[33.345356]
2026-07-14T03:30:46+02:00,[60],[33.345314]
2026-07-14T03:30:51+02:00,[60],[33.345264]
2026-07-14T03:30:55+02:00,[60],[33.345211]
2026-07-14T03:31:00+02:00,[60],[33.34516]
2026-07-14T03:31:05+02:00,[60],[33.345115]
2026-07-14T03:31:09+02:00,[60],[33.345073]
2026-07-14T03:31:13+02:00,[60],[33.345028]
2026-07-14T03:31:18+02:00,[60],[33.344986]
2026-07-14T03:31:22+02:00,[60],[33.34494]
2026-07-14T03:31:27+02:00,[60],[33.344893]
2026-07-14T03:31:33+02:00,[60],[33.344849]
2026-07-14T03:31:37+02:00,[60],[33.344803]
2026-07-14T03:31:42+02:00,[60],[33.344761]
2026-07-14T03:31:47+02:00,[60],[33.34471]
2026-07-14T03:31:52+02:00,[60],[33.344662]
2026-07-14T03:31:57+02:00,[60],[33.344611]
2026-07-14T03:32:02+02:00,[60],[33.344566]
2026-07-14T03:32:06+02:00,[60],[33.344521]
2026-07-14T03:32:10+02:00,[60],[33.344467]
2026-07-14T03:32:14+02:00,[60],[33.344433]
2026-07-14T03:32:19+02:00,[60],[33.344406]
2026-07-14T03:32:25+02:00,[60],[33.344372]
2026-07-14T03:32:29+02:00,[60],[33.344337]
2026-07-14T03:32:33+02:00,[60],[33.344307]
2026-07-14T03:32:38+02:00,[60],[33.344268]
2026-07-14T03:32:42+02:00,[60],[33.344231]
2026-07-14T03:32:47+02:00,[60],[33.344189]
2026-07-14T03:32:52+02:00,[60],[33.344147]
2026-07-14T03:32:56+02:00,[60],[33.344109]
2026-07-14T03:33:00+02:00,[60],[33.34407]
2026-07-14T03:33:05+02:00,[60],[33.344032]
2026-07-14T03:33:10+02:00,[60],[33.343978]
2026-07-14T03:33:15+02:00,[60],[33.343929]
2026-07-14T03:33:20+02:00,[60],[33.343884]
2026-07-14T03:33:24+02:00,[60],[33.343845]
2026-07-14T03:33:28+02:00,[60],[33.343807]
2026-07-14T03:33:32+02:00,[60],[33.343773]
2026-07-14T03:33:36+02:00,[60],[33.343739]
2026-07-14T03:33:40+02:00,[60],[33.343708]
2026-07-14T03:33:44+02:00,[60],[33.34367]
2026-07-14T03:33:48+02:00,[60],[33.343632]
2026-07-14T03:33:51+02:00,[60],[33.343594]
2026-07-14T03:33:55+02:00,[60],[33.343559]
2026-07-14T03:34:00+02:00,[60],[33.343521]
2026-07-14T03:34:04+02:00,[60],[33.343483]
2026-07-14T03:34:10+02:00,[60],[33.343445]
2026-07-14T03:34:15+02:00,[60],[33.343407]
2026-07-14T03:34:19+02:00,[60],[33.343369]
2026-07-14T03:34:23+02:00,[60],[33.343334]
2026-07-14T03:34:27+02:00,[60],[33.343304]
2026-07-14T03:34:31+02:00,[60],[33.343277]
2026-07-14T03:34:35+02:00,[60],[33.343246]
2026-07-14T03:34:39+02:00,[60],[33.343216]
2026-07-14T03:34:43+02:00,[60],[33.343185]
2026-07-14T03:34:47+02:00,[60],[33.343151]
2026-07-14T03:34:52+02:00,[60],[33.343124]
2026-07-14T03:34:56+02:00,[60],[33.343097]
2026-07-14T03:35:00+02:00,[60],[33.343071]
2026-07-14T03:35:04+02:00,[60],[33.343044]
2026-07-14T03:35:09+02:00,[60],[33.343018]
2026-07-14T03:35:13+02:00,[60],[33.34299]
2026-07-14T03:35:18+02:00,[60],[33.342964]
2026-07-14T03:35:23+02:00,[60],[33.342948]
2026-07-14T03:35:28+02:00,[60],[33.342945]
2026-07-14T03:35:32+02:00,[60],[33.342937]
2026-07-14T03:35:37+02:00,[60],[33.342926]
2026-07-14T03:35:43+02:00,[60],[33.342922]
2026-07-14T03:35:47+02:00,[60],[33.342914]
2026-07-14T03:35:52+02:00,[60],[33.342899]
2026-07-14T03:35:56+02:00,[60],[33.342892]
2026-07-14T03:36:10+02:00,[60],[33.342892]
2026-07-14T03:36:16+02:00,[60],[33.342892]
2026-07-14T03:36:21+02:00,[60],[33.342892]
2026-07-14T03:36:27+02:00,[60],[33.342903]
2026-07-14T03:36:32+02:00,[60],[33.342917]
2026-07-14T03:36:36+02:00,[60],[33.342937]
2026-07-14T03:36:40+02:00,[60],[33.342979]
2026-07-14T03:36:44+02:00,[60],[33.343024]
2026-07-14T03:36:49+02:00,[60],[33.343071]
2026-07-14T03:36:53+02:00,[60],[33.343109]
2026-07-14T03:36:58+02:00,[60],[33.343147]
2026-07-14T03:37:03+02:00,[60],[33.343182]
2026-07-14T03:37:08+02:00,[60],[33.343216]
2026-07-14T03:37:12+02:00,[60],[33.343243]
2026-07-14T03:37:16+02:00,[60],[33.343273]
2026-07-14T03:37:20+02:00,[60],[33.343307]
2026-07-14T03:37:25+02:00,[60],[33.343342]
2026-07-14T03:37:29+02:00,[60],[33.343376]
2026-07-14T03:37:34+02:00,[60],[33.34341]
2026-07-14T03:37:38+02:00,[60],[33.343449]
2026-07-14T03:37:42+02:00,[60],[33.343483]
2026-07-14T03:37:46+02:00,[60],[33.343517]
2026-07-14T03:37:51+02:00,[60],[33.343552]
2026-07-14T03:37:56+02:00,[60],[33.34359]
2026-07-14T03:38:00+02:00,[60],[33.343624]
2026-07-14T03:38:04+02:00,[60],[33.343655]
2026-07-14T03:38:09+02:00,[60],[33.343688]
2026-07-14T03:38:14+02:00,[60],[33.343722]
2026-07-14T03:38:19+02:00,[60],[33.343758]
2026-07-14T03:38:23+02:00,[60],[33.343788]
2026-07-14T03:38:27+02:00,[60],[33.343815]
2026-07-14T03:38:33+02:00,[60],[33.343849]
2026-07-14T03:38:39+02:00,[60],[33.343871]
2026-07-14T03:38:44+02:00,[60],[33.343887]
2026-07-14T03:38:50+02:00,[60],[33.343902]
2026-07-14T03:38:55+02:00,[60],[33.343913]
2026-07-14T03:39:00+02:00,[60],[33.343922]
2026-07-14T03:39:04+02:00,[60],[33.343936]
2026-07-14T03:39:10+02:00,[60],[33.343956]
2026-07-14T03:39:21+02:00,[60],[33.343978]
2026-07-14T03:39:26+02:00,[60],[33.344009]
2026-07-14T03:40:20+02:00,[60],[33.344067]
2026-07-14T03:40:58+02:00,[60],[33.344344]
2026-07-12T00:36:39+02:00,[60],[33.689243]
2026-07-12T00:37:11+02:00,[60],[33.689262]
2026-07-12T00:37:40+02:00,[60],[33.689262]
2026-07-12T00:38:42+02:00,[60],[33.689243]
2026-07-12T00:38:44+02:00,[60],[33.689209]
2026-07-12T00:40:29+02:00,[60],[33.689209]
2026-07-12T01:46:00+02:00,[60],[33.689137]
2026-07-12T01:46:47+02:00,[60],[33.689137]
2026-07-12T01:46:51+02:00,[60],[33.689144]
2026-07-12T01:46:55+02:00,[60],[33.689148]
2026-07-12T01:46:59+02:00,[60],[33.689148]
2026-07-12T01:47:03+02:00,[60],[33.689148]
2026-07-12T01:47:07+02:00,[60],[33.689148]
2026-07-12T01:47:11+02:00,[60],[33.689152]
2026-07-12T01:47:15+02:00,[60],[33.689152]
2026-07-12T01:47:19+02:00,[60],[33.689152]
2026-07-12T01:47:22+02:00,[60],[33.689152]
2026-07-12T01:47:26+02:00,[60],[33.689152]
2026-07-12T01:47:30+02:00,[60],[33.689163]
2026-07-12T01:47:35+02:00,[60],[33.689201]
2026-07-12T01:47:40+02:00,[60],[33.689251]
2026-07-12T01:47:45+02:00,[60],[33.689297]
2026-07-12T01:47:50+02:00,[60],[33.689327]
2026-07-12T01:47:54+02:00,[60],[33.689335]
2026-07-12T01:48:05+02:00,[60],[33.689342]
2026-07-12T01:48:11+02:00,[60],[33.689369]
2026-07-12T01:48:16+02:00,[60],[33.689396]
2026-07-12T01:48:19+02:00,[60],[33.689396]
2026-07-12T01:48:22+02:00,[60],[33.689396]
2026-07-12T01:48:34+02:00,[60],[33.689396]
2026-07-12T01:48:54+02:00,[60],[33.689392]
2026-07-12T01:49:15+02:00,[60],[33.6894]
2026-07-12T01:49:28+02:00,[60],[33.689407]
2026-07-12T01:49:35+02:00,[60],[33.689407]
2026-07-12T01:49:41+02:00,[60],[33.689407]
2026-07-12T01:49:47+02:00,[60],[33.689491]
2026-07-12T01:49:59+02:00,[60],[33.689621]
2026-07-12T01:50:05+02:00,[60],[33.68972]
2026-07-12T01:50:17+02:00,[60],[33.689804]
2026-07-12T01:50:23+02:00,[60],[33.689892]
2026-07-12T01:50:29+02:00,[60],[33.689938]
2026-07-12T01:50:35+02:00,[60],[33.689987]
2026-07-12T01:50:41+02:00,[60],[33.690025]
2026-07-12T01:50:53+02:00,[60],[33.690041]
2026-07-12T01:50:59+02:00,[60],[33.690067]
2026-07-12T01:51:05+02:00,[60],[33.690155]
2026-07-12T01:51:17+02:00,[60],[33.690254]
2026-07-12T01:51:21+02:00,[60],[33.690323]
2026-07-12T01:51:23+02:00,[60],[33.690392]
2026-07-12T01:51:29+02:00,[60],[33.690479]
2026-07-12T01:51:35+02:00,[60],[33.690601]
2026-07-12T01:51:41+02:00,[60],[33.690712]
2026-07-12T01:51:47+02:00,[60],[33.690804]
2026-07-12T01:51:53+02:00,[60],[33.690918]
2026-07-12T01:51:59+02:00,[60],[33.69099]
2026-07-12T01:52:11+02:00,[60],[33.690994]
2026-07-12T01:52:17+02:00,[60],[33.690998]
2026-07-12T01:52:29+02:00,[60],[33.691006]
2026-07-12T01:52:35+02:00,[60],[33.691006]
2026-07-12T01:52:41+02:00,[60],[33.691025]
2026-07-12T01:52:47+02:00,[60],[33.691063]
2026-07-12T01:52:53+02:00,[60],[33.691147]
2026-07-12T01:52:59+02:00,[60],[33.691246]
2026-07-12T01:53:05+02:00,[60],[33.691334]
2026-07-12T01:53:11+02:00,[60],[33.691406]
2026-07-12T01:53:17+02:00,[60],[33.691498]
2026-07-12T01:53:23+02:00,[60],[33.691597]
2026-07-12T01:53:29+02:00,[60],[33.691673]
2026-07-12T01:53:35+02:00,[60],[33.691727]
2026-07-12T01:53:41+02:00,[60],[33.69175]
2026-07-12T01:53:53+02:00,[60],[33.691769]
2026-07-12T01:54:11+02:00,[60],[33.69178]
2026-07-12T01:54:29+02:00,[60],[33.69178]
2026-07-12T01:54:41+02:00,[60],[33.691784]
2026-07-12T01:54:53+02:00,[60],[33.691784]
2026-07-12T01:55:16+02:00,[60],[33.691792]
2026-07-12T01:56:10+02:00,[60],[33.691788]
2026-07-12T01:56:22+02:00,[60],[33.691784]
2026-07-12T01:56:28+02:00,[60],[33.691792]
2026-07-12T01:56:34+02:00,[60],[33.691792]
2026-07-12T01:56:52+02:00,[60],[33.691784]
2026-07-12T01:57:02+02:00,[60],[33.691784]
2026-07-12T01:57:10+02:00,[60],[33.691776]
2026-07-12T01:57:34+02:00,[60],[33.691772]
2026-07-12T01:57:35+02:00,[60],[33.691765]
2026-07-12T01:57:40+02:00,[60],[33.691761]
2026-07-12T01:57:58+02:00,[60],[33.69175]
2026-06-29T02:05:57+02:00,[60],[34.184475]
2026-06-29T02:06:09+02:00,[60],[34.184345]
2026-06-29T02:06:15+02:00,[60],[34.184196]
2026-06-29T02:06:21+02:00,[60],[34.184155]
2026-06-29T02:06:25+02:00,[60],[34.184113]
2026-06-29T02:06:29+02:00,[60],[34.184071]
2026-06-29T02:06:34+02:00,[60],[34.184029]
2026-06-29T02:06:39+02:00,[60],[34.183987]
2026-06-29T02:06:45+02:00,[60],[34.183968]
2026-06-29T02:06:50+02:00,[60],[34.183968]
2026-06-29T02:07:07+02:00,[60],[34.183968]
2026-06-29T02:07:13+02:00,[60],[34.183968]
2026-06-29T02:07:18+02:00,[60],[34.183979]
2026-06-29T02:07:22+02:00,[60],[34.183987]
2026-06-29T02:07:26+02:00,[60],[34.183987]
2026-06-29T02:07:30+02:00,[60],[34.183987]
2026-06-29T02:07:34+02:00,[60],[34.183987]
2026-06-29T02:07:40+02:00,[60],[34.183968]
2026-06-29T02:07:43+02:00,[60],[34.183926]
2026-06-29T02:07:47+02:00,[60],[34.18388]
2026-06-29T02:07:52+02:00,[60],[34.18383]
2026-06-29T02:07:56+02:00,[60],[34.183781]
2026-06-29T02:08:00+02:00,[60],[34.183731]
2026-06-29T02:08:05+02:00,[60],[34.183678]
2026-06-29T02:08:08+02:00,[60],[34.183628]
2026-06-29T02:08:13+02:00,[60],[34.183575]
2026-06-29T02:08:18+02:00,[60],[34.183521]
2026-06-29T02:08:22+02:00,[60],[34.183468]
2026-06-29T02:08:27+02:00,[60],[34.183418]
2026-06-29T02:08:32+02:00,[60],[34.183376]
2026-06-29T02:08:36+02:00,[60],[34.183342]
2026-06-29T02:08:40+02:00,[60],[34.183304]
2026-06-29T02:08:45+02:00,[60],[34.183258]
2026-06-29T02:08:50+02:00,[60],[34.183201]
2026-06-29T02:08:54+02:00,[60],[34.183147]
2026-06-29T02:08:58+02:00,[60],[34.183098]
2026-06-29T02:09:02+02:00,[60],[34.183052]
2026-06-29T02:09:06+02:00,[60],[34.183002]
2026-06-29T02:09:10+02:00,[60],[34.182953]
2026-06-29T02:09:15+02:00,[60],[34.182903]
2026-06-29T02:09:19+02:00,[60],[34.182854]
2026-06-29T02:09:24+02:00,[60],[34.182804]
2026-06-29T02:09:28+02:00,[60],[34.182755]
2026-06-29T02:09:32+02:00,[60],[34.182709]
2026-06-29T02:09:36+02:00,[60],[34.182667]
2026-06-29T02:09:40+02:00,[60],[34.182621]
2026-06-29T02:09:44+02:00,[60],[34.182571]
2026-06-29T02:09:48+02:00,[60],[34.182522]
2026-06-29T02:09:52+02:00,[60],[34.182472]
2026-06-29T02:09:56+02:00,[60],[34.182423]
2026-06-29T02:10:00+02:00,[60],[34.182373]
2026-06-29T02:10:04+02:00,[60],[34.18232]
2026-06-29T02:10:08+02:00,[60],[34.18227]
2026-06-29T02:10:12+02:00,[60],[34.18222]
2026-06-29T02:10:16+02:00,[60],[34.182175]
2026-06-29T02:10:20+02:00,[60],[34.182125]
2026-06-29T02:10:24+02:00,[60],[34.182076]
2026-06-29T02:10:28+02:00,[60],[34.18203]
2026-06-29T02:10:32+02:00,[60],[34.181984]
2026-06-29T02:10:36+02:00,[60],[34.181934]
2026-06-29T02:10:42+02:00,[60],[34.181885]
2026-06-29T02:10:47+02:00,[60],[34.181835]
2026-06-29T02:10:52+02:00,[60],[34.181786]
2026-06-29T02:10:57+02:00,[60],[34.181736]
2026-06-29T02:11:01+02:00,[60],[34.181683]
2026-06-29T02:11:05+02:00,[60],[34.181633]
2026-06-29T02:11:10+02:00,[60],[34.181583]
2026-06-29T02:11:15+02:00,[60],[34.181534]
2026-06-29T02:11:19+02:00,[60],[34.18148]
2026-06-29T02:11:24+02:00,[60],[34.181431]
2026-06-29T02:11:29+02:00,[60],[34.181377]
2026-06-29T02:11:34+02:00,[60],[34.18132]
2026-06-29T02:11:38+02:00,[60],[34.181271]
2026-06-29T02:11:42+02:00,[60],[34.181221]
2026-06-29T02:11:46+02:00,[60],[34.181171]
2026-06-29T02:11:51+02:00,[60],[34.181126]
2026-06-29T02:11:56+02:00,[60],[34.18108]
2026-06-29T02:12:02+02:00,[60],[34.181034]
2026-06-29T02:12:08+02:00,[60],[34.180981]
2026-06-29T02:12:12+02:00,[60],[34.180931]
2026-06-29T02:12:17+02:00,[60],[34.180882]
2026-06-29T02:12:22+02:00,[60],[34.180832]
2026-06-29T02:12:26+02:00,[60],[34.180779]
2026-06-29T02:12:31+02:00,[60],[34.180733]
2026-06-29T02:12:35+02:00,[60],[34.180683]
2026-06-29T02:12:40+02:00,[60],[34.180634]
2026-06-29T02:12:45+02:00,[60],[34.18058]
2026-06-29T02:12:50+02:00,[60],[34.180531]
2026-06-29T02:12:55+02:00,[60],[34.180481]
2026-06-29T02:13:02+02:00,[60],[34.180428]
2026-06-29T02:13:07+02:00,[60],[34.180374]
2026-06-29T02:13:12+02:00,[60],[34.180325]
2026-06-29T02:13:17+02:00,[60],[34.180275]
2026-06-29T02:13:23+02:00,[60],[34.180222]
2026-06-29T02:13:28+02:00,[60],[34.180172]
2026-06-29T02:13:33+02:00,[60],[34.180119]
2026-06-29T02:13:38+02:00,[60],[34.180069]
2026-06-29T02:13:43+02:00,[60],[34.180019]
2026-06-29T02:13:49+02:00,[60],[34.179966]
2026-06-29T02:13:54+02:00,[60],[34.179913]
2026-06-29T02:13:59+02:00,[60],[34.179863]
2026-06-29T02:14:04+02:00,[60],[34.179817]
2026-06-29T02:14:10+02:00,[60],[34.179768]
2026-06-29T02:14:15+02:00,[60],[34.179714]
2026-06-29T02:14:20+02:00,[60],[34.179665]
2026-06-29T02:14:28+02:00,[60],[34.179611]
2026-06-29T02:14:33+02:00,[60],[34.179558]
2026-06-29T02:14:38+02:00,[60],[34.179504]
2026-06-29T02:14:43+02:00,[60],[34.179451]
2026-06-29T02:14:49+02:00,[60],[34.179398]
2026-06-29T02:14:55+02:00,[60],[34.179344]
2026-06-29T02:15:01+02:00,[60],[34.179295]
2026-06-29T02:15:07+02:00,[60],[34.179245]
2026-06-29T02:15:14+02:00,[60],[34.179195]
2026-06-29T02:15:32+02:00,[60],[34.179142]
2026-06-29T02:15:51+02:00,[60],[34.179096]
2026-06-29T02:15:59+02:00,[60],[34.179054]
2026-06-29T02:16:05+02:00,[60],[34.179005]
2026-06-29T02:16:11+02:00,[60],[34.178955]
2026-06-29T02:16:17+02:00,[60],[34.178905]
2026-06-29T02:16:22+02:00,[60],[34.178856]
2026-06-29T02:16:28+02:00,[60],[34.17881]
2026-06-29T02:16:34+02:00,[60],[34.178757]
2026-06-29T02:16:40+02:00,[60],[34.178707]
2026-06-29T02:16:46+02:00,[60],[34.178658]
2026-06-29T02:16:50+02:00,[60],[34.178612]
2026-06-29T02:16:55+02:00,[60],[34.178566]
2026-06-29T02:17:00+02:00,[60],[34.178516]
2026-06-29T02:17:05+02:00,[60],[34.178467]
2026-06-29T02:17:09+02:00,[60],[34.178417]
2026-06-29T02:17:14+02:00,[60],[34.178371]
2026-06-29T02:17:20+02:00,[60],[34.178322]
2026-06-29T02:17:24+02:00,[60],[34.178272]
2026-06-29T02:17:29+02:00,[60],[34.178219]
2026-06-29T02:17:34+02:00,[60],[34.178165]
2026-06-29T02:17:40+02:00,[60],[34.178116]
2026-06-29T02:17:45+02:00,[60],[34.178062]
2026-06-29T02:17:49+02:00,[60],[34.178009]
2026-06-29T02:17:53+02:00,[60],[34.177963]
2026-06-29T02:17:58+02:00,[60],[34.177914]
2026-06-29T02:18:03+02:00,[60],[34.17786]
2026-06-29T02:18:07+02:00,[60],[34.177814]
2026-06-29T02:18:12+02:00,[60],[34.177765]
2026-06-29T02:18:17+02:00,[60],[34.177715]
2026-06-29T02:18:22+02:00,[60],[34.17767]
2026-06-29T02:18:27+02:00,[60],[34.177624]
2026-06-29T02:18:32+02:00,[60],[34.177578]
2026-06-29T02:18:37+02:00,[60],[34.177528]
2026-06-29T02:18:42+02:00,[60],[34.177483]
2026-06-29T02:18:47+02:00,[60],[34.177441]
2026-06-29T02:18:52+02:00,[60],[34.177399]
2026-06-29T02:18:58+02:00,[60],[34.177361]
2026-06-29T02:19:05+02:00,[60],[34.177315]
2026-06-29T02:19:10+02:00,[60],[34.177265]
2026-06-29T02:19:16+02:00,[60],[34.177223]
2026-06-29T02:19:22+02:00,[60],[34.177181]
2026-06-29T02:19:28+02:00,[60],[34.177139]
2026-06-29T02:19:33+02:00,[60],[34.177094]
2026-06-29T02:19:38+02:00,[60],[34.177048]
2026-06-29T02:19:43+02:00,[60],[34.177002]
2026-06-29T02:19:49+02:00,[60],[34.176949]
2026-06-29T02:19:54+02:00,[60],[34.176895]
2026-06-29T02:19:59+02:00,[60],[34.176849]
2026-06-29T02:20:05+02:00,[60],[34.176804]
2026-06-29T02:20:10+02:00,[60],[34.176754]
2026-06-29T02:20:16+02:00,[60],[34.176701]
2026-06-29T02:20:22+02:00,[60],[34.176647]
2026-06-29T02:20:28+02:00,[60],[34.176598]
2026-06-29T02:20:36+02:00,[60],[34.176552]
2026-06-29T02:20:42+02:00,[60],[34.176506]
2026-06-29T02:20:48+02:00,[60],[34.17646]
2026-06-29T02:20:53+02:00,[60],[34.176407]
2026-06-29T02:20:59+02:00,[60],[34.176357]
2026-06-29T02:21:04+02:00,[60],[34.176311]
2026-06-29T02:21:08+02:00,[60],[34.176266]
2026-06-29T02:21:13+02:00,[60],[34.17622]
2026-06-29T02:21:18+02:00,[60],[34.17617]
2026-06-29T02:21:23+02:00,[60],[34.176132]
2026-06-29T02:21:28+02:00,[60],[34.176094]
2026-06-29T02:21:33+02:00,[60],[34.176064]
2026-06-29T02:21:38+02:00,[60],[34.176029]
2026-06-29T02:21:43+02:00,[60],[34.175995]
2026-06-29T02:21:47+02:00,[60],[34.175961]
2026-06-29T02:21:52+02:00,[60],[34.175922]
2026-06-29T02:21:57+02:00,[60],[34.17588]
2026-06-29T02:22:02+02:00,[60],[34.175838]
2026-06-29T02:22:07+02:00,[60],[34.175793]
2026-06-29T02:22:12+02:00,[60],[34.175743]
2026-06-29T02:22:17+02:00,[60],[34.175694]
2026-06-29T02:22:22+02:00,[60],[34.175644]
2026-06-29T02:22:27+02:00,[60],[34.175594]
2026-06-29T02:22:32+02:00,[60],[34.175537]
2026-06-29T02:22:36+02:00,[60],[34.175488]
2026-06-29T02:22:40+02:00,[60],[34.175442]
2026-06-29T02:22:45+02:00,[60],[34.175396]
2026-06-29T02:22:50+02:00,[60],[34.175346]
2026-06-29T02:22:54+02:00,[60],[34.175301]
2026-06-29T02:22:59+02:00,[60],[34.175247]
2026-06-29T02:23:04+02:00,[60],[34.175194]
2026-06-29T02:23:09+02:00,[60],[34.17514]
2026-06-29T02:23:14+02:00,[60],[34.175083]
2026-06-29T02:23:19+02:00,[60],[34.17503]
2026-06-29T02:23:23+02:00,[60],[34.174984]
2026-06-29T02:23:28+02:00,[60],[34.174934]
2026-06-29T02:23:33+02:00,[60],[34.174885]
2026-06-29T02:23:38+02:00,[60],[34.174831]
2026-06-29T02:23:44+02:00,[60],[34.174782]
2026-06-29T02:23:48+02:00,[60],[34.174732]
2026-06-29T02:23:52+02:00,[60],[34.174686]
2026-06-29T02:23:57+02:00,[60],[34.174637]
2026-06-29T02:24:01+02:00,[60],[34.174591]
2026-06-29T02:24:06+02:00,[60],[34.174545]
2026-06-29T02:24:10+02:00,[60],[34.1745]
2026-06-29T02:24:15+02:00,[60],[34.17445]
2026-06-29T02:24:20+02:00,[60],[34.1744]
2026-06-29T02:24:25+02:00,[60],[34.174355]
2026-06-29T02:24:31+02:00,[60],[34.174305]
2026-06-29T02:24:36+02:00,[60],[34.174252]
2026-06-29T02:24:42+02:00,[60],[34.174206]
2026-06-29T02:24:48+02:00,[60],[34.17416]
2026-06-29T02:24:54+02:00,[60],[34.174114]
2026-06-29T02:24:59+02:00,[60],[34.174072]
2026-06-29T02:25:41+02:00,[60],[34.174034]
2026-06-29T02:25:48+02:00,[60],[34.173996]
2026-06-29T02:25:55+02:00,[60],[34.173958]
2026-06-29T02:26:02+02:00,[60],[34.173916]
2026-06-29T02:26:07+02:00,[60],[34.173878]
2026-06-29T02:26:13+02:00,[60],[34.173843]
2026-06-29T02:26:21+02:00,[60],[34.173801]
2026-06-29T02:26:39+02:00,[60],[34.173756]
2026-06-29T02:27:15+02:00,[60],[34.173721]
2026-06-29T02:27:43+02:00,[60],[34.173687]
2026-06-29T02:28:18+02:00,[60],[34.173626]
2026-06-29T02:28:33+02:00,[60],[34.173466]
2026-06-29T02:28:38+02:00,[60],[34.173332]
2026-06-29T02:28:41+02:00,[60],[34.173302]
2026-06-29T02:28:43+02:00,[60],[34.173279]
2026-06-29T02:28:47+02:00,[60],[34.173252]
2026-06-29T02:28:51+02:00,[60],[34.17321]
2026-06-29T02:28:55+02:00,[60],[34.173168]
2026-06-29T02:29:00+02:00,[60],[34.173134]
2026-06-29T02:29:06+02:00,[60],[34.173107]
2026-06-29T02:29:12+02:00,[60],[34.173088]
2026-06-29T02:29:18+02:00,[60],[34.173073]
2026-06-29T02:29:24+02:00,[60],[34.17305]
2026-06-29T02:29:31+02:00,[60],[34.173023]
2026-06-29T02:29:38+02:00,[60],[34.172997]
2026-06-29T02:29:44+02:00,[60],[34.17297]
2026-06-29T02:29:51+02:00,[60],[34.172939]
2026-06-29T02:29:58+02:00,[60],[34.172905]
2026-06-29T02:30:05+02:00,[60],[34.172871]
2026-06-29T02:30:11+02:00,[60],[34.172836]
2026-06-29T02:30:18+02:00,[60],[34.172798]
2026-06-29T02:30:24+02:00,[60],[34.172764]
2026-06-29T02:30:29+02:00,[60],[34.172729]
2026-06-29T02:30:34+02:00,[60],[34.172699]
2026-06-29T02:30:39+02:00,[60],[34.172668]
2026-06-29T02:30:44+02:00,[60],[34.172638]
2026-06-29T02:30:48+02:00,[60],[34.172607]
2026-06-29T02:30:53+02:00,[60],[34.172577]
2026-06-29T02:30:58+02:00,[60],[34.172535]
2026-06-29T02:31:03+02:00,[60],[34.172493]
2026-06-29T02:31:08+02:00,[60],[34.172447]
2026-06-29T02:31:13+02:00,[60],[34.172398]
2026-06-29T02:31:20+02:00,[60],[34.172352]
2026-06-29T02:31:26+02:00,[60],[34.172314]
2026-06-29T02:31:31+02:00,[60],[34.172272]
2026-06-29T02:31:36+02:00,[60],[34.172226]
2026-06-29T02:31:41+02:00,[60],[34.17218]
2026-06-29T02:31:45+02:00,[60],[34.172138]
2026-06-29T02:31:50+02:00,[60],[34.172092]
2026-06-29T02:31:55+02:00,[60],[34.172047]
2026-06-29T02:32:03+02:00,[60],[34.171993]
2026-06-29T02:32:08+02:00,[60],[34.171944]
2026-06-29T02:32:13+02:00,[60],[34.17189]
2026-06-29T02:32:18+02:00,[60],[34.171837]
2026-06-29T02:32:23+02:00,[60],[34.171783]
2026-06-29T02:32:28+02:00,[60],[34.17173]
2026-06-29T02:32:33+02:00,[60],[34.17168]
2026-06-29T02:32:38+02:00,[60],[34.171627]
2026-06-29T02:32:43+02:00,[60],[34.171577]
2026-06-29T02:32:48+02:00,[60],[34.171528]
2026-06-29T02:32:53+02:00,[60],[34.171478]
2026-06-29T02:32:59+02:00,[60],[34.171425]
2026-06-29T02:33:05+02:00,[60],[34.171371]
2026-06-29T02:33:10+02:00,[60],[34.171318]
2026-06-29T02:33:15+02:00,[60],[34.171272]
2026-06-29T02:33:20+02:00,[60],[34.171223]
2026-06-29T02:33:26+02:00,[60],[34.171173]
2026-06-29T02:33:33+02:00,[60],[34.171127]
2026-06-29T02:33:39+02:00,[60],[34.171085]
2026-06-29T02:33:45+02:00,[60],[34.171047]
2026-06-29T02:33:50+02:00,[60],[34.171009]
2026-06-29T02:33:55+02:00,[60],[34.170971]
2026-06-29T02:34:01+02:00,[60],[34.170937]
2026-06-29T02:34:07+02:00,[60],[34.170895]
2026-06-29T02:34:12+02:00,[60],[34.17086]
2026-06-29T02:34:17+02:00,[60],[34.170815]
2026-06-29T02:34:21+02:00,[60],[34.170769]
2026-06-29T02:34:26+02:00,[60],[34.170719]
2026-06-29T02:34:31+02:00,[60],[34.17067]
2026-06-29T02:34:35+02:00,[60],[34.170624]
2026-06-29T02:34:40+02:00,[60],[34.170555]
2026-06-29T02:34:45+02:00,[60],[34.170502]
2026-06-29T02:34:50+02:00,[60],[34.170452]
2026-06-26T07:28:53+02:00,[60],[33.957157]
2026-06-26T07:28:54+02:00,[60],[33.957169]
2026-06-26T07:28:55+02:00,[60],[33.95718]
2026-06-26T07:28:56+02:00,[60],[33.957191]
2026-06-26T07:28:57+02:00,[60],[33.957207]
2026-06-26T07:28:58+02:00,[60],[33.957218]
2026-06-26T07:28:59+02:00,[60],[33.95723]
2026-06-26T07:29:00+02:00,[60],[33.957241]
2026-06-26T07:29:01+02:00,[60],[33.957253]
2026-06-26T07:29:02+02:00,[60],[33.957264]
2026-06-26T07:29:03+02:00,[60],[33.957279]
2026-06-26T07:29:05+02:00,[60],[33.957291]
2026-06-26T07:29:06+02:00,[60],[33.957302]
2026-06-26T07:29:07+02:00,[60],[33.95731]
2026-06-26T07:29:08+02:00,[60],[33.95731]
2026-06-26T07:29:09+02:00,[60],[33.95734]
2026-06-26T07:29:10+02:00,[60],[33.95734]
2026-06-26T07:29:11+02:00,[60],[33.957355]
2026-06-26T07:29:12+02:00,[60],[33.957359]
2026-06-26T07:29:13+02:00,[60],[33.957371]
2026-06-26T07:29:14+02:00,[60],[33.957382]
2026-06-26T07:29:15+02:00,[60],[33.95739]
2026-06-26T07:29:16+02:00,[60],[33.957401]
2026-06-26T07:29:17+02:00,[60],[33.957405]
2026-06-26T07:29:18+02:00,[60],[33.957409]
2026-06-26T07:29:19+02:00,[60],[33.957413]
2026-06-26T07:29:20+02:00,[60],[33.957424]
2026-06-26T07:29:21+02:00,[60],[33.957432]
2026-06-26T07:29:22+02:00,[60],[33.957439]
2026-06-26T07:29:23+02:00,[60],[33.957443]
2026-06-26T07:29:24+02:00,[60],[33.957443]
2026-06-26T07:29:25+02:00,[60],[33.957436]
2026-06-26T07:29:26+02:00,[60],[33.957443]
2026-06-26T07:29:27+02:00,[60],[33.957455]
2026-06-26T07:29:28+02:00,[60],[33.95747]
2026-06-26T07:29:29+02:00,[60],[33.957481]
2026-06-26T07:29:30+02:00,[60],[33.957489]
2026-06-26T07:29:31+02:00,[60],[33.957493]
2026-06-26T07:29:32+02:00,[60],[33.957504]
2026-06-26T07:29:33+02:00,[60],[33.957497]
2026-06-26T07:29:34+02:00,[60],[33.957497]
2026-06-26T07:29:35+02:00,[60],[33.957504]
2026-06-26T07:29:36+02:00,[60],[33.957504]
2026-06-26T07:29:37+02:00,[60],[33.957504]
2026-06-26T07:29:38+02:00,[60],[33.957508]
2026-06-26T07:29:39+02:00,[60],[33.957512]
2026-06-26T07:29:40+02:00,[60],[33.957516]
2026-06-26T07:29:41+02:00,[60],[33.957516]
2026-06-26T07:29:42+02:00,[60],[33.95752]
2026-06-26T07:29:43+02:00,[60],[33.957516]
2026-06-26T07:29:44+02:00,[60],[33.95752]
2026-06-26T07:29:45+02:00,[60],[33.957523]
2026-06-26T07:29:46+02:00,[60],[33.957523]
2026-06-26T07:29:47+02:00,[60],[33.957523]
2026-06-26T07:29:48+02:00,[60],[33.957523]
2026-06-26T07:29:49+02:00,[60],[33.95752]
2026-06-26T07:29:50+02:00,[60],[33.957516]
2026-06-26T07:29:51+02:00,[60],[33.957516]
2026-06-21T04:37:13+02:00,[60],[33.655331]
2026-06-21T04:37:14+02:00,[60],[33.655346]
2026-06-21T04:37:15+02:00,[60],[33.655357]
2026-06-21T04:37:16+02:00,[60],[33.655369]
2026-06-21T04:37:17+02:00,[60],[33.65538]
2026-06-21T04:37:18+02:00,[60],[33.655392]
2026-06-21T04:37:19+02:00,[60],[33.655403]
2026-06-21T04:37:20+02:00,[60],[33.655415]
2026-06-21T04:37:21+02:00,[60],[33.655426]
2026-06-21T04:37:22+02:00,[60],[33.655441]
2026-06-21T04:37:23+02:00,[60],[33.655449]
2026-06-21T04:37:24+02:00,[60],[33.65546]
2026-06-21T04:37:25+02:00,[60],[33.655476]
2026-06-21T04:37:26+02:00,[60],[33.655487]
2026-06-21T04:37:27+02:00,[60],[33.655495]
2026-06-21T04:37:28+02:00,[60],[33.655506]
2026-06-21T04:37:29+02:00,[60],[33.655518]
2026-06-21T04:37:30+02:00,[60],[33.655525]
2026-06-21T04:37:31+02:00,[60],[33.65554]
2026-06-21T04:37:32+02:00,[60],[33.655548]
2026-06-21T04:37:33+02:00,[60],[33.65556]
2026-06-21T04:37:34+02:00,[60],[33.655567]
2026-06-21T04:37:35+02:00,[60],[33.655579]
2026-06-21T04:37:36+02:00,[60],[33.65559]
2026-06-21T04:37:37+02:00,[60],[33.655602]
2026-06-21T04:37:38+02:00,[60],[33.655613]
2026-06-21T04:37:39+02:00,[60],[33.655624]
2026-06-21T04:37:40+02:00,[60],[33.655636]
2026-06-21T04:37:41+02:00,[60],[33.655651]
2026-06-21T04:37:42+02:00,[60],[33.655663]
2026-06-21T04:37:43+02:00,[60],[33.65567]
2026-06-21T04:37:44+02:00,[60],[33.655678]
2026-06-21T04:37:45+02:00,[60],[33.655693]
2026-06-21T04:37:46+02:00,[60],[33.655704]
2026-06-21T04:37:47+02:00,[60],[33.655716]
2026-06-21T04:37:48+02:00,[60],[33.655731]
2026-06-21T04:37:49+02:00,[60],[33.655746]
2026-06-21T04:37:50+02:00,[60],[33.655758]
2026-06-21T04:37:51+02:00,[60],[33.655762]
2026-06-21T04:37:52+02:00,[60],[33.655769]
2026-06-21T04:37:53+02:00,[60],[33.655773]
2026-06-21T04:37:54+02:00,[60],[33.655788]
2026-06-21T04:37:55+02:00,[60],[33.655804]
2026-06-21T04:37:56+02:00,[60],[33.655807]
2026-06-21T04:37:57+02:00,[60],[33.655815]
2026-06-21T04:37:58+02:00,[60],[33.655823]
2026-06-21T04:37:59+02:00,[60],[33.65583]
2026-06-21T04:38:00+02:00,[60],[33.655838]
2026-06-21T04:38:01+02:00,[60],[33.655842]
2026-06-21T04:38:02+02:00,[60],[33.655842]
2026-06-21T04:38:03+02:00,[60],[33.655846]
2026-06-21T04:38:04+02:00,[60],[33.655846]
2026-06-21T04:38:05+02:00,[60],[33.655846]
2026-06-21T04:38:06+02:00,[60],[33.655842]
2026-06-21T04:38:07+02:00,[60],[33.655842]
2026-06-21T04:38:08+02:00,[60],[33.655842]
2026-06-21T04:38:09+02:00,[60],[33.65583]
2026-06-21T04:38:10+02:00,[60],[33.655827]
2026-06-21T04:38:11+02:00,[60],[33.655823]
2026-06-21T04:38:12+02:00,[60],[33.655815]
2026-06-21T04:38:13+02:00,[60],[33.655807]
2026-06-21T04:38:14+02:00,[60],[33.655804]
2026-06-21T04:38:15+02:00,[60],[33.655796]
2026-06-21T04:38:16+02:00,[60],[33.655788]
2026-06-21T04:38:17+02:00,[60],[33.655785]
2026-06-21T04:38:18+02:00,[60],[33.655777]
2026-06-21T04:38:19+02:00,[60],[33.655769]
2026-06-21T04:38:20+02:00,[60],[33.655758]
2026-06-21T04:38:21+02:00,[60],[33.655754]
2026-06-21T04:38:22+02:00,[60],[33.655746]
2026-06-21T04:38:23+02:00,[60],[33.655743]
2026-06-21T04:38:24+02:00,[60],[33.655746]
2026-06-21T04:38:25+02:00,[60],[33.655743]
2026-06-21T04:38:26+02:00,[60],[33.655743]
2026-06-21T04:38:27+02:00,[60],[33.655743]
2026-06-21T04:38:28+02:00,[60],[33.655743]
2026-06-21T04:38:29+02:00,[60],[33.655743]
2026-06-21T04:38:30+02:00,[60],[33.655743]
2026-06-21T04:38:31+02:00,[60],[33.655743]
2026-06-21T04:38:32+02:00,[60],[33.655743]
2026-06-21T04:38:33+02:00,[60],[33.655743]
2026-06-21T04:38:34+02:00,[60],[33.655743]
2026-06-21T04:38:35+02:00,[60],[33.655743]
2026-06-21T04:38:36+02:00,[60],[33.655743]
2026-06-21T04:38:37+02:00,[60],[33.655743]
2026-06-21T04:38:38+02:00,[60],[33.655746]
2026-06-21T04:38:39+02:00,[60],[33.655746]
2026-06-21T04:38:40+02:00,[60],[33.655746]
2026-06-21T04:38:41+02:00,[60],[33.655746]
2026-06-21T04:38:42+02:00,[60],[33.655746]
2026-06-21T04:38:43+02:00,[60],[33.655746]
2026-06-21T04:38:44+02:00,[60],[33.655746]
2026-06-21T04:38:45+02:00,[60],[33.655746]
2026-06-21T04:38:46+02:00,[60],[33.65575]
2026-06-21T04:38:47+02:00,[60],[33.655758]
2026-06-21T04:38:48+02:00,[60],[33.655766]
2026-06-21T04:38:49+02:00,[60],[33.655773]
2026-06-21T04:38:50+02:00,[60],[33.655785]
2026-06-21T04:38:51+02:00,[60],[33.655792]
2026-06-21T04:38:52+02:00,[60],[33.6558]
2026-06-21T04:38:53+02:00,[60],[33.655807]
2026-06-21T04:38:54+02:00,[60],[33.655815]
2026-06-21T04:38:55+02:00,[60],[33.655823]
2026-06-21T04:38:56+02:00,[60],[33.65583]
2026-06-21T04:38:57+02:00,[60],[33.655842]
2026-06-21T04:38:58+02:00,[60],[33.655853]
2026-06-21T04:38:59+02:00,[60],[33.655861]
2026-06-21T04:39:00+02:00,[60],[33.655869]
2026-06-21T04:39:01+02:00,[60],[33.655876]
2026-06-21T04:39:02+02:00,[60],[33.655884]
2026-06-21T04:39:03+02:00,[60],[33.655891]
2026-06-21T04:39:04+02:00,[60],[33.655895]
2026-06-21T04:39:05+02:00,[60],[33.655903]
2026-06-21T04:39:06+02:00,[60],[33.655914]
2026-06-21T04:39:07+02:00,[60],[33.655926]
2026-06-21T04:39:08+02:00,[60],[33.655937]
2026-06-21T04:39:09+02:00,[60],[33.655949]
2026-06-21T04:39:10+02:00,[60],[33.65596]
2026-06-21T04:39:11+02:00,[60],[33.655975]
2026-06-21T04:39:12+02:00,[60],[33.655991]
2026-06-21T04:39:13+02:00,[60],[33.656002]
2026-06-21T04:39:14+02:00,[60],[33.656013]
2026-06-21T04:39:15+02:00,[60],[33.656033]
2026-06-21T04:39:16+02:00,[60],[33.656044]
2026-06-21T04:39:17+02:00,[60],[33.656059]
2026-06-21T04:39:18+02:00,[60],[33.656075]
2026-06-21T04:39:19+02:00,[60],[33.656082]
2026-06-21T04:39:20+02:00,[60],[33.656094]
2026-06-21T04:39:21+02:00,[60],[33.656109]
2026-06-21T04:39:22+02:00,[60],[33.656124]
2026-06-21T04:39:23+02:00,[60],[33.656139]
2026-06-21T04:39:24+02:00,[60],[33.656155]
2026-06-21T04:39:25+02:00,[60],[33.656166]
2026-06-21T04:39:26+02:00,[60],[33.656181]
2026-06-21T04:39:27+02:00,[60],[33.656193]
2026-06-21T04:39:28+02:00,[60],[33.6562]
2026-06-21T04:39:29+02:00,[60],[33.656212]
2026-06-21T04:39:30+02:00,[60],[33.656223]
2026-06-21T04:39:31+02:00,[60],[33.656235]
2026-06-21T04:39:32+02:00,[60],[33.656242]
2026-06-21T04:39:33+02:00,[60],[33.656258]
2026-06-21T04:39:34+02:00,[60],[33.656269]
2026-06-21T04:39:35+02:00,[60],[33.656284]
2026-06-21T04:39:36+02:00,[60],[33.656296]
2026-06-21T04:39:37+02:00,[60],[33.656311]
2026-06-21T04:39:38+02:00,[60],[33.656326]
2026-06-21T04:39:39+02:00,[60],[33.656338]
2026-06-21T04:39:40+02:00,[60],[33.656349]
2026-06-21T04:39:41+02:00,[60],[33.656364]
2026-06-21T04:39:42+02:00,[60],[33.656376]
2026-06-21T04:39:43+02:00,[60],[33.656387]
2026-06-21T04:39:44+02:00,[60],[33.656399]
2026-06-21T04:39:45+02:00,[60],[33.65641]
2026-06-21T04:39:46+02:00,[60],[33.656418]
2026-06-21T04:39:47+02:00,[60],[33.656429]
2026-06-21T04:39:48+02:00,[60],[33.656437]
2026-06-21T04:39:49+02:00,[60],[33.656448]
2026-06-21T04:39:50+02:00,[60],[33.656456]
2026-06-21T04:39:51+02:00,[60],[33.656464]
2026-06-21T04:39:52+02:00,[60],[33.656471]
2026-06-21T04:39:53+02:00,[60],[33.656483]
2026-06-21T04:39:54+02:00,[60],[33.65649]
2026-06-21T04:39:55+02:00,[60],[33.656498]
2026-06-21T04:39:56+02:00,[60],[33.656498]
2026-06-21T04:39:57+02:00,[60],[33.656502]
2026-06-21T04:39:58+02:00,[60],[33.656506]
2026-06-21T04:39:59+02:00,[60],[33.656509]
2026-06-21T04:40:00+02:00,[60],[33.656517]
2026-06-21T04:40:01+02:00,[60],[33.656521]
2026-06-21T04:40:02+02:00,[60],[33.656525]
2026-06-21T04:40:03+02:00,[60],[33.656528]
2026-06-21T04:40:04+02:00,[60],[33.656532]
2026-06-21T04:40:05+02:00,[60],[33.656536]
2026-06-21T04:40:06+02:00,[60],[33.65654]
2026-06-21T04:40:07+02:00,[60],[33.656544]
2026-06-21T04:40:08+02:00,[60],[33.656548]
2026-06-21T04:40:09+02:00,[60],[33.656544]
2026-06-21T04:40:10+02:00,[60],[33.65654]
2026-06-21T04:40:11+02:00,[60],[33.656544]
2026-06-21T04:40:12+02:00,[60],[33.656544]
2026-06-21T04:40:13+02:00,[60],[33.656544]
2026-06-21T04:40:14+02:00,[60],[33.656548]
2026-06-21T04:40:15+02:00,[60],[33.656548]
2026-06-21T04:40:16+02:00,[60],[33.656548]
2026-06-21T04:40:17+02:00,[60],[33.656548]
2026-06-21T04:40:18+02:00,[60],[33.656548]
2026-06-21T04:40:19+02:00,[60],[33.656548]
2026-06-21T04:40:20+02:00,[60],[33.656551]
2026-06-21T04:40:21+02:00,[60],[33.656551]
2026-06-21T04:40:22+02:00,[60],[33.656555]
2026-06-21T04:40:23+02:00,[60],[33.656551]
2026-06-21T04:40:24+02:00,[60],[33.656548]
2026-06-21T04:40:25+02:00,[60],[33.656548]
2026-06-21T04:40:26+02:00,[60],[33.656548]
2026-06-21T04:40:27+02:00,[60],[33.65654]
2026-06-21T04:40:28+02:00,[60],[33.656536]
2026-06-21T04:40:29+02:00,[60],[33.65654]
2026-06-21T04:40:30+02:00,[60],[33.656536]
2026-06-21T04:40:31+02:00,[60],[33.656532]
2026-06-21T04:40:32+02:00,[60],[33.656532]
2026-06-21T04:40:33+02:00,[60],[33.656528]
2026-06-21T04:40:34+02:00,[60],[33.656525]
2026-06-21T04:40:35+02:00,[60],[33.656525]
2026-06-21T04:40:36+02:00,[60],[33.656525]
2026-06-21T04:40:37+02:00,[60],[33.656521]
2026-06-21T04:40:38+02:00,[60],[33.656521]
2026-06-21T04:40:39+02:00,[60],[33.656525]
2026-06-21T04:40:40+02:00,[60],[33.656532]
2026-06-21T04:40:41+02:00,[60],[33.65654]
2026-06-21T04:40:42+02:00,[60],[33.656544]
2026-06-21T04:40:43+02:00,[60],[33.656544]
2026-06-21T04:40:44+02:00,[60],[33.656548]
2026-06-21T04:40:45+02:00,[60],[33.656551]
2026-06-21T04:40:46+02:00,[60],[33.656555]
2026-06-21T04:40:47+02:00,[60],[33.656559]
2026-06-21T04:40:48+02:00,[60],[33.65657]
2026-06-21T04:40:49+02:00,[60],[33.65657]
2026-06-21T04:40:50+02:00,[60],[33.656574]
2026-06-21T04:40:51+02:00,[60],[33.656582]
2026-06-21T04:40:52+02:00,[60],[33.656582]
2026-06-21T04:40:53+02:00,[60],[33.65659]
2026-06-21T04:40:54+02:00,[60],[33.656586]
2026-06-21T04:40:55+02:00,[60],[33.65659]
2026-06-21T04:40:56+02:00,[60],[33.65659]
2026-06-21T04:40:57+02:00,[60],[33.656593]
2026-06-21T04:40:58+02:00,[60],[33.656593]
2026-06-21T04:40:59+02:00,[60],[33.656593]
2026-06-21T04:41:00+02:00,[60],[33.656597]
2026-06-21T04:41:01+02:00,[60],[33.656597]
2026-06-21T04:41:02+02:00,[60],[33.65659]
2026-06-21T04:41:03+02:00,[60],[33.656593]
2026-06-21T04:41:04+02:00,[60],[33.656597]
2026-06-21T04:41:05+02:00,[60],[33.656597]
2026-06-21T04:41:06+02:00,[60],[33.656597]
2026-06-21T04:41:07+02:00,[60],[33.656593]
2026-06-21T04:41:08+02:00,[60],[33.65659]
2026-06-21T04:41:09+02:00,[60],[33.656586]
2026-06-21T04:41:10+02:00,[60],[33.656586]
2026-06-21T04:41:11+02:00,[60],[33.656582]
2026-06-21T04:41:12+02:00,[60],[33.656578]
2026-06-21T04:41:13+02:00,[60],[33.656578]
2026-06-21T04:41:14+02:00,[60],[33.656574]
2026-06-21T04:41:15+02:00,[60],[33.656567]
2026-06-21T04:41:16+02:00,[60],[33.656563]
2026-06-21T04:41:17+02:00,[60],[33.656559]
2026-06-21T04:41:18+02:00,[60],[33.656559]
2026-06-21T04:41:19+02:00,[60],[33.656559]
2026-06-21T04:41:20+02:00,[60],[33.656551]
2026-06-21T04:41:21+02:00,[60],[33.656548]
2026-06-21T04:41:22+02:00,[60],[33.65654]
2026-06-21T04:41:23+02:00,[60],[33.656536]
2026-06-21T04:41:24+02:00,[60],[33.656528]
2026-06-21T04:41:26+02:00,[60],[33.656521]
2026-06-21T04:41:27+02:00,[60],[33.656513]
2026-06-21T04:41:28+02:00,[60],[33.656509]
2026-06-21T04:41:29+02:00,[60],[33.656502]
2026-06-21T04:41:30+02:00,[60],[33.65649]
2026-06-21T04:41:31+02:00,[60],[33.65649]
2026-06-21T04:41:32+02:00,[60],[33.656479]
2026-06-21T04:41:33+02:00,[60],[33.656471]
2026-06-21T04:41:34+02:00,[60],[33.656464]
2026-06-21T04:41:35+02:00,[60],[33.656456]
2026-06-21T04:41:36+02:00,[60],[33.656452]
2026-06-21T04:41:37+02:00,[60],[33.656448]
2026-06-21T04:41:38+02:00,[60],[33.656448]
2026-06-21T04:41:39+02:00,[60],[33.656441]
2026-06-21T04:41:40+02:00,[60],[33.656433]
2026-06-21T04:41:41+02:00,[60],[33.656429]
2026-06-21T04:41:42+02:00,[60],[33.656422]
2026-06-21T04:41:43+02:00,[60],[33.656414]
2026-06-21T04:41:44+02:00,[60],[33.656406]
2026-06-21T04:41:45+02:00,[60],[33.656403]
2026-06-21T04:41:46+02:00,[60],[33.656399]
2026-06-21T04:41:47+02:00,[60],[33.656395]
2026-06-21T04:41:48+02:00,[60],[33.656387]
2026-06-21T04:41:49+02:00,[60],[33.65638]
2026-06-21T04:41:50+02:00,[60],[33.656372]
2026-06-21T04:41:51+02:00,[60],[33.656364]
2026-06-21T04:41:52+02:00,[60],[33.656357]
2026-06-21T04:41:53+02:00,[60],[33.656345]
2026-06-21T04:41:54+02:00,[60],[33.656338]
2026-06-21T04:41:55+02:00,[60],[33.656326]
2026-06-21T04:41:56+02:00,[60],[33.656315]
2026-06-21T04:41:57+02:00,[60],[33.656307]
2026-06-21T04:41:58+02:00,[60],[33.656303]
2026-06-21T04:41:59+02:00,[60],[33.656292]
2026-06-21T04:42:00+02:00,[60],[33.656284]
2026-06-21T04:42:01+02:00,[60],[33.656269]
2026-06-21T04:42:02+02:00,[60],[33.656258]
2026-06-21T04:42:03+02:00,[60],[33.656246]
2026-06-21T04:42:04+02:00,[60],[33.656235]
2026-06-21T04:42:05+02:00,[60],[33.656227]
2026-06-21T04:42:06+02:00,[60],[33.656216]
2026-06-21T04:42:07+02:00,[60],[33.656204]
2026-06-21T04:42:08+02:00,[60],[33.656197]
2026-06-21T04:42:09+02:00,[60],[33.656185]
2026-06-21T04:42:10+02:00,[60],[33.656174]
2026-06-21T04:42:11+02:00,[60],[33.656158]
2026-06-21T04:42:12+02:00,[60],[33.656151]
2026-06-21T04:42:13+02:00,[60],[33.656139]
2026-06-21T04:42:14+02:00,[60],[33.656128]
2026-06-21T04:42:15+02:00,[60],[33.656116]
2026-06-21T04:42:16+02:00,[60],[33.656109]
2026-06-21T04:42:17+02:00,[60],[33.656094]
2026-06-21T04:42:18+02:00,[60],[33.656086]
2026-06-21T04:42:19+02:00,[60],[33.656071]
2026-06-21T04:42:20+02:00,[60],[33.656059]
2026-06-21T04:42:21+02:00,[60],[33.656048]
2026-06-21T04:42:22+02:00,[60],[33.656036]
2026-06-21T04:42:23+02:00,[60],[33.656025]
2026-06-21T04:42:24+02:00,[60],[33.656017]
2026-06-21T04:42:25+02:00,[60],[33.656006]
2026-06-21T04:42:26+02:00,[60],[33.655994]
2026-06-21T04:42:27+02:00,[60],[33.655983]
2026-06-21T04:42:28+02:00,[60],[33.655972]
2026-06-21T04:42:29+02:00,[60],[33.65596]
2026-06-21T04:42:30+02:00,[60],[33.655949]
2026-06-21T04:42:31+02:00,[60],[33.655937]
2026-06-21T04:42:32+02:00,[60],[33.655926]
2026-06-21T04:42:33+02:00,[60],[33.655914]
2026-06-21T04:42:34+02:00,[60],[33.655903]
2026-06-21T04:42:35+02:00,[60],[33.655891]
2026-06-21T04:42:36+02:00,[60],[33.65588]
2026-06-21T04:42:37+02:00,[60],[33.655869]
2026-06-21T04:42:38+02:00,[60],[33.655857]
2026-06-21T04:42:39+02:00,[60],[33.655849]
2026-06-21T04:42:40+02:00,[60],[33.655838]
2026-06-21T04:42:41+02:00,[60],[33.65583]
2026-06-21T04:42:42+02:00,[60],[33.655819]
2026-06-21T04:42:43+02:00,[60],[33.655807]
2026-06-21T04:42:44+02:00,[60],[33.6558]
2026-06-21T04:42:45+02:00,[60],[33.655792]
2026-06-21T04:42:46+02:00,[60],[33.655781]
2026-06-21T04:42:47+02:00,[60],[33.655777]
2026-06-21T04:42:48+02:00,[60],[33.655769]
2026-06-21T04:42:49+02:00,[60],[33.655762]
2026-06-21T04:42:50+02:00,[60],[33.655758]
2026-06-21T04:42:51+02:00,[60],[33.655754]
2026-06-21T04:42:52+02:00,[60],[33.65575]
2026-06-21T04:42:53+02:00,[60],[33.65575]
2026-06-21T04:42:54+02:00,[60],[33.655746]
2026-06-21T04:42:55+02:00,[60],[33.655743]
2026-06-21T04:42:56+02:00,[60],[33.655743]
2026-06-21T04:42:57+02:00,[60],[33.655739]
2026-06-21T04:42:58+02:00,[60],[33.655731]
2026-06-21T04:42:59+02:00,[60],[33.655731]
2026-06-21T04:43:00+02:00,[60],[33.655727]
2026-06-21T04:43:01+02:00,[60],[33.655724]
2026-06-21T04:43:02+02:00,[60],[33.65572]
2026-06-21T04:43:03+02:00,[60],[33.655712]
2026-06-21T04:43:04+02:00,[60],[33.655708]
2026-06-21T04:43:05+02:00,[60],[33.655704]
2026-06-21T04:43:06+02:00,[60],[33.655704]
2026-06-21T04:43:07+02:00,[60],[33.655697]
2026-06-21T04:43:08+02:00,[60],[33.655689]
2026-06-21T04:43:09+02:00,[60],[33.655685]
2026-06-21T04:43:10+02:00,[60],[33.655685]
2026-06-21T04:43:11+02:00,[60],[33.655682]
2026-06-21T04:43:12+02:00,[60],[33.655678]
2026-06-21T04:43:13+02:00,[60],[33.655678]
2026-06-21T04:43:14+02:00,[60],[33.655674]
2026-06-21T04:43:15+02:00,[60],[33.655674]
2026-06-21T04:43:16+02:00,[60],[33.655666]
2026-06-21T04:43:17+02:00,[60],[33.655663]
2026-06-21T04:43:18+02:00,[60],[33.655655]
2026-06-21T04:43:19+02:00,[60],[33.655655]
2026-06-21T04:43:20+02:00,[60],[33.655655]
2026-06-21T04:43:21+02:00,[60],[33.655651]
2026-06-21T04:43:22+02:00,[60],[33.655647]
2026-06-21T04:43:23+02:00,[60],[33.655643]
2026-06-21T04:43:24+02:00,[60],[33.65564]
2026-06-21T04:43:25+02:00,[60],[33.655636]
2026-06-21T04:43:26+02:00,[60],[33.655628]
2026-06-21T04:43:27+02:00,[60],[33.655621]
2026-06-21T04:43:28+02:00,[60],[33.655613]
2026-06-21T04:43:29+02:00,[60],[33.655605]
2026-06-21T04:43:30+02:00,[60],[33.655598]
2026-06-21T04:43:31+02:00,[60],[33.655594]
2026-06-21T04:43:32+02:00,[60],[33.65559]
2026-06-21T04:43:33+02:00,[60],[33.655579]
2026-06-21T04:43:34+02:00,[60],[33.655571]
2026-06-21T04:43:35+02:00,[60],[33.655567]
2026-06-21T04:43:36+02:00,[60],[33.655567]
2026-06-21T04:43:37+02:00,[60],[33.655571]
2026-06-21T04:43:38+02:00,[60],[33.655571]
2026-06-21T04:43:39+02:00,[60],[33.655571]
2026-06-21T04:43:40+02:00,[60],[33.655575]
2026-06-21T04:43:41+02:00,[60],[33.655575]
2026-06-21T04:43:42+02:00,[60],[33.655571]
2026-06-21T04:43:43+02:00,[60],[33.655571]
2026-06-21T04:43:44+02:00,[60],[33.655567]
2026-06-21T04:43:45+02:00,[60],[33.65556]
2026-06-21T04:43:46+02:00,[60],[33.655548]
2026-06-21T04:43:47+02:00,[60],[33.655544]
2026-06-21T04:43:48+02:00,[60],[33.655533]
2026-06-21T04:43:49+02:00,[60],[33.655525]
2026-06-21T04:43:50+02:00,[60],[33.655521]
2026-06-21T04:43:51+02:00,[60],[33.655514]
2026-06-21T04:43:52+02:00,[60],[33.655506]
2026-06-21T04:43:53+02:00,[60],[33.655499]
2026-06-21T04:43:54+02:00,[60],[33.655487]
2026-06-21T04:43:55+02:00,[60],[33.655476]
2026-06-21T04:43:56+02:00,[60],[33.655464]
2026-06-21T04:43:57+02:00,[60],[33.655453]
2026-06-21T04:43:58+02:00,[60],[33.655441]
2026-06-21T04:43:59+02:00,[60],[33.655434]
2026-06-21T04:44:01+02:00,[60],[33.655418]
2026-06-21T04:44:02+02:00,[60],[33.655411]
2026-06-21T04:44:03+02:00,[60],[33.655396]
2026-06-21T04:44:04+02:00,[60],[33.655384]
2026-06-21T04:44:05+02:00,[60],[33.655373]
2026-06-21T04:44:06+02:00,[60],[33.655361]
2026-06-21T04:44:07+02:00,[60],[33.65535]
2026-06-21T04:44:08+02:00,[60],[33.655338]
2026-06-21T04:44:09+02:00,[60],[33.655331]
2026-06-21T04:44:10+02:00,[60],[33.655319]
2026-06-21T04:44:11+02:00,[60],[33.655308]
2026-06-21T04:44:12+02:00,[60],[33.655296]
2026-06-21T04:44:13+02:00,[60],[33.655285]
2026-06-21T04:44:14+02:00,[60],[33.655273]
2026-06-21T04:44:15+02:00,[60],[33.655266]
2026-06-21T04:44:16+02:00,[60],[33.655251]
2026-06-21T04:44:17+02:00,[60],[33.655239]
2026-06-21T04:44:18+02:00,[60],[33.655231]
2026-06-21T04:44:19+02:00,[60],[33.65522]
2026-06-21T04:44:20+02:00,[60],[33.655212]
2026-06-21T04:44:21+02:00,[60],[33.655197]
2026-06-21T04:44:22+02:00,[60],[33.655186]
2026-06-21T04:44:23+02:00,[60],[33.655178]
2026-06-21T04:44:24+02:00,[60],[33.655167]
2026-06-21T04:44:25+02:00,[60],[33.655159]
2026-06-21T04:44:26+02:00,[60],[33.655151]
2026-06-21T04:44:27+02:00,[60],[33.655144]
2026-06-21T04:44:28+02:00,[60],[33.655136]
2026-06-21T04:44:29+02:00,[60],[33.655128]
2026-06-21T04:44:30+02:00,[60],[33.655117]
2026-06-21T04:44:31+02:00,[60],[33.655113]
2026-06-21T04:44:32+02:00,[60],[33.655106]
2026-06-21T04:44:33+02:00,[60],[33.655098]
2026-06-21T04:44:34+02:00,[60],[33.655094]
2026-06-21T04:44:35+02:00,[60],[33.655083]
2026-06-21T04:44:36+02:00,[60],[33.655079]
2026-06-21T04:44:37+02:00,[60],[33.655075]
2026-06-21T04:44:38+02:00,[60],[33.655064]
2026-06-21T04:44:39+02:00,[60],[33.65506]
2026-06-21T04:44:40+02:00,[60],[33.655052]
2026-06-21T04:44:41+02:00,[60],[33.655048]
2026-06-21T04:44:42+02:00,[60],[33.655041]
2026-06-21T04:44:43+02:00,[60],[33.655041]
2026-06-21T04:44:44+02:00,[60],[33.655037]
2026-06-21T04:44:45+02:00,[60],[33.655033]
2026-06-21T04:44:46+02:00,[60],[33.655029]
2026-06-21T04:44:47+02:00,[60],[33.655025]
2026-06-21T04:44:48+02:00,[60],[33.655022]
2026-06-21T04:44:49+02:00,[60],[33.655022]
2026-06-21T04:44:50+02:00,[60],[33.655018]
2026-06-21T04:44:51+02:00,[60],[33.655014]
2026-06-21T04:44:52+02:00,[60],[33.655014]
2026-06-21T04:44:53+02:00,[60],[33.655018]
2026-06-21T04:44:54+02:00,[60],[33.655018]
2026-06-21T04:44:55+02:00,[60],[33.655025]
2026-06-21T04:44:56+02:00,[60],[33.655033]
2026-06-21T04:44:57+02:00,[60],[33.655045]
2026-06-21T04:44:58+02:00,[60],[33.655052]
2026-06-21T04:44:59+02:00,[60],[33.655067]
2026-06-21T04:45:00+02:00,[60],[33.655079]
2026-06-21T04:45:01+02:00,[60],[33.655094]
2026-06-21T04:45:02+02:00,[60],[33.655106]
2026-06-21T04:45:03+02:00,[60],[33.655117]
2026-06-21T04:45:04+02:00,[60],[33.655128]
2026-06-21T04:45:05+02:00,[60],[33.65514]
2026-06-21T04:45:06+02:00,[60],[33.655151]
2026-06-21T04:45:07+02:00,[60],[33.655167]
2026-06-21T04:45:08+02:00,[60],[33.655178]
2026-06-21T04:45:09+02:00,[60],[33.655186]
2026-06-21T04:45:10+02:00,[60],[33.655197]
2026-06-21T04:45:11+02:00,[60],[33.655205]
2026-06-21T04:45:12+02:00,[60],[33.655216]
2026-06-21T04:45:13+02:00,[60],[33.655228]
2026-06-21T04:45:14+02:00,[60],[33.655251]
2026-06-21T04:45:15+02:00,[60],[33.655251]
2026-06-21T04:45:16+02:00,[60],[33.655247]
2026-06-21T04:45:17+02:00,[60],[33.655247]
2026-06-21T04:45:18+02:00,[60],[33.655254]
2026-06-21T04:45:19+02:00,[60],[33.655266]
2026-06-21T04:45:20+02:00,[60],[33.655273]
2026-06-21T04:45:21+02:00,[60],[33.655285]
2026-06-21T04:45:22+02:00,[60],[33.655296]
2026-06-21T04:45:23+02:00,[60],[33.655312]
2026-06-21T04:45:24+02:00,[60],[33.655323]
2026-06-21T04:45:25+02:00,[60],[33.655331]
2026-06-21T04:45:26+02:00,[60],[33.655338]
2026-06-21T04:45:27+02:00,[60],[33.655346]
2026-06-21T04:45:28+02:00,[60],[33.655354]
2026-06-21T04:45:29+02:00,[60],[33.655361]
2026-06-21T04:45:30+02:00,[60],[33.655373]
2026-06-21T04:45:31+02:00,[60],[33.655384]
2026-06-21T04:45:32+02:00,[60],[33.655399]
2026-06-21T04:45:33+02:00,[60],[33.655411]
2026-06-21T04:45:34+02:00,[60],[33.655422]
2026-06-21T04:45:35+02:00,[60],[33.655434]
2026-06-21T04:45:36+02:00,[60],[33.655445]
2026-06-21T04:45:37+02:00,[60],[33.655449]
2026-06-21T04:45:38+02:00,[60],[33.65546]
2026-06-21T04:45:39+02:00,[60],[33.655468]
2026-06-21T04:45:40+02:00,[60],[33.655479]
2026-06-21T04:45:41+02:00,[60],[33.655491]
2026-06-21T04:45:42+02:00,[60],[33.655499]
2026-06-21T04:45:43+02:00,[60],[33.65551]
2026-06-21T04:45:44+02:00,[60],[33.655521]
2026-06-21T04:45:45+02:00,[60],[33.655533]
2026-06-21T04:45:46+02:00,[60],[33.655544]
2026-06-21T04:45:47+02:00,[60],[33.655552]
2026-06-21T04:45:48+02:00,[60],[33.65556]
2026-06-21T04:45:49+02:00,[60],[33.655571]
2026-06-21T04:45:50+02:00,[60],[33.655575]
2026-06-21T04:45:51+02:00,[60],[33.655586]
2026-06-21T04:45:52+02:00,[60],[33.655602]
2026-06-21T04:45:53+02:00,[60],[33.655621]
2026-06-21T04:45:54+02:00,[60],[33.655628]
2026-06-21T04:45:55+02:00,[60],[33.65564]
2026-06-21T04:45:56+02:00,[60],[33.655663]
2026-06-21T04:45:57+02:00,[60],[33.655666]
2026-06-21T04:45:58+02:00,[60],[33.655674]
2026-06-21T04:45:59+02:00,[60],[33.655678]
2026-06-21T04:46:00+02:00,[60],[33.655682]
2026-06-21T04:46:01+02:00,[60],[33.655685]
2026-06-21T04:46:02+02:00,[60],[33.655685]
2026-06-21T04:46:03+02:00,[60],[33.655685]
2026-06-21T04:46:04+02:00,[60],[33.655693]
2026-06-21T04:46:05+02:00,[60],[33.655697]
2026-06-21T04:46:06+02:00,[60],[33.655704]
2026-06-21T04:46:07+02:00,[60],[33.655708]
2026-06-21T04:46:08+02:00,[60],[33.655712]
2026-06-21T04:46:09+02:00,[60],[33.65572]
2026-06-21T04:46:10+02:00,[60],[33.655724]
2026-06-21T04:46:11+02:00,[60],[33.655727]
2026-06-21T04:46:12+02:00,[60],[33.655735]
2026-06-21T04:46:13+02:00,[60],[33.655739]
2026-06-21T04:46:14+02:00,[60],[33.655739]
2026-06-21T04:46:15+02:00,[60],[33.655743]
2026-06-21T04:46:16+02:00,[60],[33.65575]
2026-06-21T04:46:17+02:00,[60],[33.655754]
2026-06-21T04:46:18+02:00,[60],[33.655758]
2026-06-21T04:46:19+02:00,[60],[33.655762]
2026-06-21T04:46:20+02:00,[60],[33.655766]
2026-06-21T04:46:21+02:00,[60],[33.655773]
2026-06-21T04:46:22+02:00,[60],[33.655785]
2026-06-21T04:46:24+02:00,[60],[33.655796]
2026-06-21T04:46:25+02:00,[60],[33.655811]
2026-06-21T04:46:26+02:00,[60],[33.655823]
2026-06-21T04:46:27+02:00,[60],[33.655834]
2026-06-21T04:46:28+02:00,[60],[33.655846]
2026-06-21T04:46:29+02:00,[60],[33.655861]
2026-06-21T04:46:30+02:00,[60],[33.655872]
2026-06-21T04:46:31+02:00,[60],[33.655884]
2026-06-21T04:46:32+02:00,[60],[33.655891]
2026-06-21T04:46:33+02:00,[60],[33.655903]
2026-06-21T04:46:34+02:00,[60],[33.655918]
2026-06-21T04:46:35+02:00,[60],[33.655926]
2026-06-21T04:46:36+02:00,[60],[33.655941]
2026-06-21T04:46:37+02:00,[60],[33.655949]
2026-06-21T04:46:38+02:00,[60],[33.65596]
2026-06-21T04:46:39+02:00,[60],[33.655975]
2026-06-21T04:46:40+02:00,[60],[33.655987]
2026-06-21T04:46:41+02:00,[60],[33.655998]
2026-06-21T04:46:42+02:00,[60],[33.65601]
2026-06-21T04:46:43+02:00,[60],[33.656017]
2026-06-21T04:46:44+02:00,[60],[33.656033]
2026-06-21T04:46:45+02:00,[60],[33.656044]
2026-06-21T04:46:46+02:00,[60],[33.656055]
2026-06-21T04:46:47+02:00,[60],[33.656067]
2026-06-21T04:46:48+02:00,[60],[33.656078]
2026-06-21T04:46:49+02:00,[60],[33.65609]
2026-06-21T04:46:50+02:00,[60],[33.656101]
2026-06-21T04:46:51+02:00,[60],[33.656113]
2026-06-21T04:46:52+02:00,[60],[33.65612]
2026-06-21T04:46:53+02:00,[60],[33.656132]
2026-06-21T04:46:54+02:00,[60],[33.656139]
2026-06-21T04:46:55+02:00,[60],[33.656151]
2026-06-21T04:46:56+02:00,[60],[33.656166]
2026-06-21T04:46:57+02:00,[60],[33.656178]
2026-06-21T04:46:58+02:00,[60],[33.656189]
2026-06-21T04:46:59+02:00,[60],[33.656204]
2026-06-21T04:47:00+02:00,[60],[33.656216]
2026-06-21T04:47:01+02:00,[60],[33.656227]
2026-06-21T04:47:02+02:00,[60],[33.656235]
2026-06-21T04:47:03+02:00,[60],[33.656242]
2026-06-21T04:47:04+02:00,[60],[33.656254]
2026-06-21T04:47:05+02:00,[60],[33.656265]
2026-06-21T04:47:06+02:00,[60],[33.656269]
2026-06-21T04:47:07+02:00,[60],[33.656277]
2026-06-21T04:47:08+02:00,[60],[33.656292]
2026-06-21T04:47:09+02:00,[60],[33.656296]
2026-06-21T04:47:10+02:00,[60],[33.656296]
2026-06-21T04:47:11+02:00,[60],[33.656292]
2026-06-21T04:47:12+02:00,[60],[33.656292]
2026-06-21T04:47:13+02:00,[60],[33.656292]
2026-06-21T04:47:14+02:00,[60],[33.656292]
2026-06-21T04:47:15+02:00,[60],[33.656292]
2026-06-21T04:47:16+02:00,[60],[33.656296]
2026-06-21T04:47:17+02:00,[60],[33.656296]
2026-06-21T04:47:18+02:00,[60],[33.656296]
2026-06-21T04:47:19+02:00,[60],[33.656296]
2026-06-21T04:47:20+02:00,[60],[33.6563]
2026-06-21T04:47:21+02:00,[60],[33.6563]
2026-06-21T04:47:22+02:00,[60],[33.6563]
2026-06-21T04:47:23+02:00,[60],[33.6563]
2026-06-21T04:47:24+02:00,[60],[33.6563]
2026-06-21T04:47:25+02:00,[60],[33.6563]
2026-06-21T04:47:26+02:00,[60],[33.6563]
2026-06-21T04:47:27+02:00,[60],[33.6563]
2026-06-21T04:47:28+02:00,[60],[33.6563]
2026-06-21T04:47:29+02:00,[60],[33.6563]
2026-06-21T04:47:30+02:00,[60],[33.6563]
2026-06-21T04:47:31+02:00,[60],[33.6563]
2026-06-21T04:47:32+02:00,[60],[33.656303]
2026-06-21T04:47:33+02:00,[60],[33.656307]
2026-06-21T04:47:34+02:00,[60],[33.656315]
2026-06-21T04:47:35+02:00,[60],[33.656319]
2026-06-21T04:47:36+02:00,[60],[33.656326]
2026-06-21T04:47:37+02:00,[60],[33.656334]
2026-06-21T04:47:38+02:00,[60],[33.656345]
2026-06-21T04:47:39+02:00,[60],[33.656353]
2026-06-21T04:47:40+02:00,[60],[33.656364]
2026-06-21T04:47:41+02:00,[60],[33.656376]
2026-06-21T04:47:42+02:00,[60],[33.65638]
2026-06-21T04:47:43+02:00,[60],[33.656387]
2026-06-21T04:47:44+02:00,[60],[33.656395]
2026-06-21T04:47:45+02:00,[60],[33.656406]
2026-06-21T04:47:46+02:00,[60],[33.656414]
2026-06-21T04:47:47+02:00,[60],[33.656422]
2026-06-21T04:47:48+02:00,[60],[33.656433]
2026-06-21T04:47:49+02:00,[60],[33.656437]
2026-06-21T04:47:50+02:00,[60],[33.656441]
2026-06-21T04:47:51+02:00,[60],[33.656448]
2026-06-21T04:47:52+02:00,[60],[33.65646]
2026-06-21T04:47:53+02:00,[60],[33.656464]
2026-06-21T04:47:54+02:00,[60],[33.656467]
2026-06-21T04:47:55+02:00,[60],[33.656467]
2026-06-21T04:47:56+02:00,[60],[33.656471]
2026-06-21T04:47:57+02:00,[60],[33.656479]
2026-06-21T04:47:58+02:00,[60],[33.656487]
2026-06-21T04:47:59+02:00,[60],[33.656494]
2026-06-21T04:48:00+02:00,[60],[33.656498]
2026-06-21T04:48:01+02:00,[60],[33.656502]
2026-06-21T04:48:02+02:00,[60],[33.656506]
2026-06-21T04:48:03+02:00,[60],[33.656509]
2026-06-21T04:48:04+02:00,[60],[33.656517]
2026-06-21T04:48:05+02:00,[60],[33.656525]
2026-06-21T04:48:06+02:00,[60],[33.656525]
2026-06-21T04:48:07+02:00,[60],[33.656536]
2026-06-21T04:48:08+02:00,[60],[33.656544]
2026-06-21T04:48:09+02:00,[60],[33.656559]
2026-06-21T04:48:10+02:00,[60],[33.656574]
2026-06-21T04:48:11+02:00,[60],[33.656582]
2026-06-21T04:48:12+02:00,[60],[33.65659]
2026-06-21T04:48:13+02:00,[60],[33.656605]
2026-06-21T04:48:14+02:00,[60],[33.656612]
2026-06-21T04:48:15+02:00,[60],[33.656624]
2026-06-21T04:48:16+02:00,[60],[33.656635]
2026-06-21T04:48:17+02:00,[60],[33.656643]
2026-06-21T04:48:18+02:00,[60],[33.656651]
2026-06-21T04:48:19+02:00,[60],[33.656658]
2026-06-21T04:48:20+02:00,[60],[33.656666]
2026-06-21T04:48:21+02:00,[60],[33.656673]
2026-06-21T04:48:22+02:00,[60],[33.656681]
2026-06-21T04:48:23+02:00,[60],[33.656689]
2026-06-21T04:48:24+02:00,[60],[33.656696]
2026-06-21T04:48:25+02:00,[60],[33.656708]
2026-06-21T04:48:26+02:00,[60],[33.656715]
2026-06-21T04:48:27+02:00,[60],[33.656719]
2026-06-21T04:48:28+02:00,[60],[33.656723]
2026-06-21T04:48:29+02:00,[60],[33.656727]
2026-06-21T04:48:30+02:00,[60],[33.656734]
2026-06-21T04:48:31+02:00,[60],[33.656738]
2026-06-21T04:48:32+02:00,[60],[33.656742]
2026-06-21T04:48:33+02:00,[60],[33.65675]
2026-06-21T04:48:34+02:00,[60],[33.656754]
2026-06-21T04:48:35+02:00,[60],[33.656757]
2026-06-21T04:48:36+02:00,[60],[33.656761]
2026-06-21T04:48:37+02:00,[60],[33.656769]
2026-06-21T04:48:38+02:00,[60],[33.656776]
2026-06-21T04:48:39+02:00,[60],[33.65678]
2026-06-21T04:48:40+02:00,[60],[33.65678]
2026-06-21T04:48:41+02:00,[60],[33.656784]
2026-06-21T04:48:42+02:00,[60],[33.656796]
2026-06-21T04:48:43+02:00,[60],[33.656796]
2026-06-21T04:48:44+02:00,[60],[33.656799]
2026-06-21T04:48:45+02:00,[60],[33.656799]
2026-06-21T04:48:46+02:00,[60],[33.656803]
2026-06-21T04:48:47+02:00,[60],[33.656803]
2026-06-21T04:48:48+02:00,[60],[33.656807]
2026-06-21T04:48:49+02:00,[60],[33.656811]
2026-06-21T04:48:50+02:00,[60],[33.656803]
2026-06-21T04:48:51+02:00,[60],[33.656803]
2026-06-21T04:48:52+02:00,[60],[33.656803]
2026-06-21T04:48:53+02:00,[60],[33.656803]
2026-06-21T04:48:54+02:00,[60],[33.656807]
2026-06-21T04:48:55+02:00,[60],[33.656807]
2026-06-21T04:48:56+02:00,[60],[33.656807]
2026-06-21T04:48:57+02:00,[60],[33.656807]
2026-06-21T04:48:58+02:00,[60],[33.656803]
2026-06-21T04:48:59+02:00,[60],[33.656807]
2026-06-21T04:49:00+02:00,[60],[33.656807]
2026-06-21T04:49:01+02:00,[60],[33.656803]
2026-06-21T04:49:02+02:00,[60],[33.656807]
2026-06-21T04:49:03+02:00,[60],[33.656807]
2026-06-21T04:49:04+02:00,[60],[33.656807]
2026-06-21T04:49:05+02:00,[60],[33.656807]
2026-06-21T04:49:06+02:00,[60],[33.656803]
2026-06-21T04:49:07+02:00,[60],[33.656803]
2026-06-21T04:49:08+02:00,[60],[33.656799]
2026-06-21T04:49:09+02:00,[60],[33.656796]
2026-06-21T04:49:10+02:00,[60],[33.656796]
2026-06-21T04:49:11+02:00,[60],[33.656796]
2026-06-21T04:49:12+02:00,[60],[33.656792]
2026-06-21T04:49:13+02:00,[60],[33.656784]
2026-06-21T04:49:14+02:00,[60],[33.656784]
2026-06-21T04:49:15+02:00,[60],[33.656784]
2026-06-21T04:49:16+02:00,[60],[33.65678]
2026-06-21T04:49:17+02:00,[60],[33.65678]
2026-06-21T04:49:18+02:00,[60],[33.656784]
2026-06-21T04:49:20+02:00,[60],[33.656796]
2026-06-21T04:49:21+02:00,[60],[33.656803]
2026-06-21T04:49:22+02:00,[60],[33.656807]
2026-06-21T04:49:23+02:00,[60],[33.656807]
2026-06-21T04:49:24+02:00,[60],[33.656799]
2026-06-21T04:49:25+02:00,[60],[33.656799]
2026-06-21T04:49:26+02:00,[60],[33.656811]
2026-06-21T04:49:27+02:00,[60],[33.656815]
2026-06-21T04:49:28+02:00,[60],[33.656815]
2026-06-21T04:49:29+02:00,[60],[33.656818]
2026-06-21T04:49:30+02:00,[60],[33.656822]
2026-06-21T04:49:31+02:00,[60],[33.656822]
2026-06-21T04:49:32+02:00,[60],[33.656822]
2026-06-21T04:49:33+02:00,[60],[33.656822]
2026-06-21T04:49:34+02:00,[60],[33.656822]
2026-06-21T04:49:35+02:00,[60],[33.656822]
2026-06-21T04:49:36+02:00,[60],[33.656822]
2026-06-21T04:49:37+02:00,[60],[33.656822]
2026-06-21T04:49:38+02:00,[60],[33.656822]
2026-06-21T04:49:39+02:00,[60],[33.656822]
2026-06-21T04:49:40+02:00,[60],[33.656826]
2026-06-21T04:49:41+02:00,[60],[33.65683]
2026-06-21T04:49:42+02:00,[60],[33.65683]
2026-06-21T04:49:43+02:00,[60],[33.65683]
2026-06-21T04:49:44+02:00,[60],[33.656834]
2026-06-21T04:49:45+02:00,[60],[33.656837]
2026-06-21T04:49:46+02:00,[60],[33.656845]
2026-06-21T04:49:47+02:00,[60],[33.656849]
2026-06-21T04:49:48+02:00,[60],[33.656849]
2026-06-21T04:49:49+02:00,[60],[33.656853]
2026-06-21T04:49:50+02:00,[60],[33.656857]
2026-06-21T04:49:51+02:00,[60],[33.656857]
2026-06-21T04:49:52+02:00,[60],[33.656853]
2026-06-21T04:49:53+02:00,[60],[33.656853]
2026-06-21T04:49:54+02:00,[60],[33.656857]
2026-06-21T04:49:55+02:00,[60],[33.656853]
2026-06-21T04:49:56+02:00,[60],[33.656857]
2026-06-21T04:49:57+02:00,[60],[33.656853]
2026-06-21T04:49:58+02:00,[60],[33.656857]
2026-06-21T04:49:59+02:00,[60],[33.656864]
2026-06-21T04:50:00+02:00,[60],[33.65686]
2026-06-21T04:50:01+02:00,[60],[33.656857]
2026-06-21T04:50:02+02:00,[60],[33.656849]
2026-06-21T04:50:03+02:00,[60],[33.656849]
2026-06-21T04:50:04+02:00,[60],[33.656857]
2026-06-21T04:50:05+02:00,[60],[33.656853]
2026-06-21T04:50:06+02:00,[60],[33.656849]
2026-06-21T04:50:07+02:00,[60],[33.656853]
2026-06-21T04:50:08+02:00,[60],[33.656849]
2026-06-21T04:50:09+02:00,[60],[33.656845]
2026-06-21T04:50:10+02:00,[60],[33.656845]
2026-06-21T04:50:11+02:00,[60],[33.656841]
2026-06-21T04:50:12+02:00,[60],[33.656841]
2026-06-21T04:50:13+02:00,[60],[33.656837]
2026-06-21T04:50:14+02:00,[60],[33.656837]
2026-06-21T04:50:15+02:00,[60],[33.656834]
2026-06-21T04:50:16+02:00,[60],[33.65683]
2026-06-21T04:50:17+02:00,[60],[33.65683]
2026-06-21T04:50:18+02:00,[60],[33.656826]
2026-06-21T04:50:19+02:00,[60],[33.656822]
2026-06-21T04:50:20+02:00,[60],[33.656815]
2026-06-21T04:50:21+02:00,[60],[33.656811]
2026-06-21T04:50:22+02:00,[60],[33.656803]
2026-06-21T04:50:23+02:00,[60],[33.656803]
2026-06-21T04:50:24+02:00,[60],[33.656803]
2026-06-21T04:50:25+02:00,[60],[33.656796]
2026-06-21T04:50:26+02:00,[60],[33.656788]
2026-06-21T04:50:27+02:00,[60],[33.656784]
2026-06-21T04:50:28+02:00,[60],[33.656784]
2026-06-21T04:50:29+02:00,[60],[33.65678]
2026-06-21T04:50:30+02:00,[60],[33.656773]
2026-06-21T04:50:31+02:00,[60],[33.656769]
2026-06-21T04:50:32+02:00,[60],[33.656761]
2026-06-21T04:50:33+02:00,[60],[33.656754]
2026-06-21T04:50:34+02:00,[60],[33.65675]
2026-06-21T04:50:35+02:00,[60],[33.656746]
2026-06-21T04:50:36+02:00,[60],[33.656738]
2026-06-21T04:50:37+02:00,[60],[33.656734]
2026-06-21T04:50:38+02:00,[60],[33.656727]
2026-06-21T04:50:39+02:00,[60],[33.656723]
2026-06-21T04:50:40+02:00,[60],[33.656715]
2026-06-21T04:50:41+02:00,[60],[33.656712]
2026-06-21T04:50:42+02:00,[60],[33.656704]
2026-06-21T04:50:43+02:00,[60],[33.656696]
2026-06-21T04:50:44+02:00,[60],[33.656689]
2026-06-21T04:50:45+02:00,[60],[33.656685]
2026-06-21T04:50:46+02:00,[60],[33.656677]
2026-06-21T04:50:47+02:00,[60],[33.656662]
2026-06-21T04:50:48+02:00,[60],[33.656666]
2026-06-21T04:50:49+02:00,[60],[33.656666]
2026-06-21T04:50:50+02:00,[60],[33.656658]
2026-06-21T04:50:51+02:00,[60],[33.656651]
2026-06-21T04:50:52+02:00,[60],[33.656643]
2026-06-21T04:50:53+02:00,[60],[33.656635]
2026-06-21T04:50:54+02:00,[60],[33.656631]
2026-06-21T04:50:55+02:00,[60],[33.656628]
2026-06-21T04:50:56+02:00,[60],[33.656624]
2026-06-21T04:50:57+02:00,[60],[33.656616]
2026-06-21T04:50:58+02:00,[60],[33.656612]
2026-06-21T04:50:59+02:00,[60],[33.656605]
2026-06-21T04:51:00+02:00,[60],[33.656597]
2026-06-21T04:51:01+02:00,[60],[33.656593]
2026-06-21T04:51:02+02:00,[60],[33.656586]
2026-06-21T04:51:03+02:00,[60],[33.656578]
2026-06-21T04:51:04+02:00,[60],[33.656574]
2026-06-21T04:51:05+02:00,[60],[33.656567]
2026-06-21T04:51:06+02:00,[60],[33.656559]
2026-06-21T04:51:07+02:00,[60],[33.656555]
2026-06-21T04:51:08+02:00,[60],[33.656548]
2026-06-21T04:51:09+02:00,[60],[33.65654]
2026-06-21T04:51:10+02:00,[60],[33.656536]
2026-06-21T04:51:11+02:00,[60],[33.656532]
2026-06-21T04:51:12+02:00,[60],[33.656528]
2026-06-21T04:51:13+02:00,[60],[33.656525]
2026-06-21T04:51:14+02:00,[60],[33.656517]
2026-06-21T04:51:15+02:00,[60],[33.656513]
2026-06-21T04:51:16+02:00,[60],[33.656502]
2026-06-21T04:51:17+02:00,[60],[33.656498]
2026-06-21T04:51:18+02:00,[60],[33.65649]
2026-06-21T04:51:19+02:00,[60],[33.656487]
2026-06-21T04:51:20+02:00,[60],[33.656479]
2026-06-21T04:51:21+02:00,[60],[33.656475]
2026-06-21T04:51:22+02:00,[60],[33.656467]
2026-06-21T04:51:23+02:00,[60],[33.656464]
2026-06-21T04:51:24+02:00,[60],[33.656456]
2026-06-21T04:51:25+02:00,[60],[33.656452]
2026-06-21T04:51:26+02:00,[60],[33.656448]
2026-06-21T04:51:27+02:00,[60],[33.656441]
2026-06-21T04:51:28+02:00,[60],[33.656433]
2026-06-21T04:51:29+02:00,[60],[33.656429]
2026-06-21T04:51:30+02:00,[60],[33.656422]
2026-06-21T04:51:31+02:00,[60],[33.656418]
2026-06-21T04:51:32+02:00,[60],[33.65641]
2026-06-21T04:51:33+02:00,[60],[33.656406]
2026-06-21T04:51:34+02:00,[60],[33.656399]
2026-06-21T04:51:35+02:00,[60],[33.656391]
2026-06-21T04:51:36+02:00,[60],[33.656387]
2026-06-21T04:51:37+02:00,[60],[33.656384]
2026-06-21T04:51:38+02:00,[60],[33.656376]
2026-06-21T04:51:39+02:00,[60],[33.656372]
2026-06-21T04:51:40+02:00,[60],[33.656368]
2026-06-21T04:51:41+02:00,[60],[33.656364]
2026-06-21T04:51:42+02:00,[60],[33.656361]
2026-06-21T04:51:43+02:00,[60],[33.656361]
2026-06-21T04:51:44+02:00,[60],[33.656357]
2026-06-21T04:51:45+02:00,[60],[33.656357]
2026-06-21T04:51:46+02:00,[60],[33.656349]
2026-06-21T04:51:47+02:00,[60],[33.656349]
2026-06-21T04:51:48+02:00,[60],[33.656349]
2026-06-21T04:51:49+02:00,[60],[33.656342]
2026-06-21T04:51:50+02:00,[60],[33.656338]
2026-06-21T04:51:51+02:00,[60],[33.656338]
2026-06-21T04:51:52+02:00,[60],[33.656334]
2026-06-21T04:51:53+02:00,[60],[33.65633]
2026-06-21T04:51:54+02:00,[60],[33.656326]
2026-06-21T04:51:55+02:00,[60],[33.656326]
2026-06-21T04:51:56+02:00,[60],[33.656322]
2026-06-21T04:51:57+02:00,[60],[33.656322]
2026-06-21T04:51:58+02:00,[60],[33.656322]
2026-06-21T04:51:59+02:00,[60],[33.656322]
2026-06-21T04:52:00+02:00,[60],[33.656322]
2026-06-21T04:52:01+02:00,[60],[33.656322]
2026-06-21T04:52:02+02:00,[60],[33.656322]
2026-06-21T04:52:03+02:00,[60],[33.656322]
2026-06-21T04:52:04+02:00,[60],[33.656322]
2026-06-21T04:52:05+02:00,[60],[33.656326]
2026-06-21T04:52:06+02:00,[60],[33.656326]
2026-06-21T04:52:07+02:00,[60],[33.656326]
2026-06-21T04:52:08+02:00,[60],[33.656326]
2026-06-21T04:52:09+02:00,[60],[33.65633]
2026-06-21T04:52:10+02:00,[60],[33.65633]
2026-06-21T04:52:11+02:00,[60],[33.656334]
2026-06-21T04:52:12+02:00,[60],[33.656342]
2026-06-21T04:52:13+02:00,[60],[33.656345]
2026-06-21T04:52:14+02:00,[60],[33.656345]
2026-06-21T04:52:15+02:00,[60],[33.656349]
2026-06-21T04:52:16+02:00,[60],[33.656353]
2026-06-21T04:52:17+02:00,[60],[33.656361]
2026-06-21T04:52:18+02:00,[60],[33.656364]
2026-06-21T04:52:19+02:00,[60],[33.656368]
2026-06-21T04:52:20+02:00,[60],[33.656372]
2026-06-21T04:52:21+02:00,[60],[33.656376]
2026-06-21T04:52:22+02:00,[60],[33.65638]
2026-06-21T04:52:23+02:00,[60],[33.65638]
2026-06-21T04:52:24+02:00,[60],[33.656384]
2026-06-21T04:52:25+02:00,[60],[33.656387]
2026-06-21T04:52:26+02:00,[60],[33.656391]
2026-06-21T04:52:27+02:00,[60],[33.656395]
2026-06-21T04:52:28+02:00,[60],[33.656395]
2026-06-21T04:52:29+02:00,[60],[33.656395]
2026-06-21T04:52:30+02:00,[60],[33.656399]
2026-06-21T04:52:31+02:00,[60],[33.656399]
2026-06-21T04:52:32+02:00,[60],[33.656403]
2026-06-21T04:52:33+02:00,[60],[33.656406]
2026-06-21T04:52:34+02:00,[60],[33.65641]
2026-06-21T04:52:35+02:00,[60],[33.65641]
2026-06-21T04:52:36+02:00,[60],[33.656418]
2026-06-21T04:52:37+02:00,[60],[33.656422]
2026-06-21T04:52:38+02:00,[60],[33.656425]
2026-06-21T04:52:39+02:00,[60],[33.656425]
2026-06-21T04:52:40+02:00,[60],[33.656425]
2026-06-21T04:52:41+02:00,[60],[33.656429]
2026-06-21T04:52:42+02:00,[60],[33.656425]
2026-06-21T04:52:43+02:00,[60],[33.656422]
2026-06-21T04:52:44+02:00,[60],[33.65641]
2026-06-21T04:52:45+02:00,[60],[33.65641]
2026-06-21T04:52:46+02:00,[60],[33.656406]
2026-06-21T04:52:47+02:00,[60],[33.656399]
2026-06-21T04:52:48+02:00,[60],[33.656399]
2026-06-21T04:52:49+02:00,[60],[33.656399]
2026-06-21T04:52:50+02:00,[60],[33.656403]
2026-06-21T04:52:51+02:00,[60],[33.656403]
2026-06-21T04:52:52+02:00,[60],[33.656403]
2026-06-21T04:52:53+02:00,[60],[33.656403]
2026-06-21T04:52:54+02:00,[60],[33.656406]
2026-06-21T04:52:55+02:00,[60],[33.656403]
2026-06-21T04:52:56+02:00,[60],[33.656403]
2026-06-21T04:52:57+02:00,[60],[33.656403]
2026-06-21T04:52:58+02:00,[60],[33.656403]
2026-06-21T04:52:59+02:00,[60],[33.656403]
2026-06-21T04:53:00+02:00,[60],[33.656403]
2026-06-21T04:53:01+02:00,[60],[33.656403]
2026-06-21T04:53:02+02:00,[60],[33.656406]
2026-06-21T04:53:03+02:00,[60],[33.656406]
2026-06-21T04:53:05+02:00,[60],[33.656414]
2026-06-21T04:53:06+02:00,[60],[33.656414]
2026-06-21T04:53:07+02:00,[60],[33.656414]
2026-06-21T04:53:08+02:00,[60],[33.656414]
2026-06-21T04:53:09+02:00,[60],[33.656414]
2026-06-21T04:53:10+02:00,[60],[33.656414]
2026-06-21T04:53:11+02:00,[60],[33.656414]
2026-06-21T04:53:12+02:00,[60],[33.656414]
2026-06-21T04:53:13+02:00,[60],[33.656414]
2026-06-21T04:53:14+02:00,[60],[33.656414]
2026-06-21T04:53:15+02:00,[60],[33.656414]
2026-06-21T04:53:16+02:00,[60],[33.656414]
2026-06-21T04:53:17+02:00,[60],[33.656414]
2026-06-21T04:53:18+02:00,[60],[33.656414]
2026-06-21T04:53:19+02:00,[60],[33.656414]
2026-06-21T04:53:20+02:00,[60],[33.656414]
2026-06-21T04:53:21+02:00,[60],[33.656414]
2026-06-21T04:53:22+02:00,[60],[33.656414]
2026-06-21T04:53:23+02:00,[60],[33.656414]
2026-06-21T04:53:24+02:00,[60],[33.656414]
2026-06-21T04:53:25+02:00,[60],[33.656414]
2026-06-21T04:53:26+02:00,[60],[33.656414]
2026-06-21T04:53:27+02:00,[60],[33.656414]
2026-06-21T04:53:28+02:00,[60],[33.656414]
2026-06-21T04:53:29+02:00,[60],[33.656414]
2026-06-21T04:53:31+02:00,[60],[33.656414]
2026-01-20T21:55:51+01:00,[60],[33.951607]
2026-01-20T22:06:54+01:00,[60],[33.954739]
2026-01-20T22:06:57+01:00,[60],[33.954884]
2026-01-20T22:06:59+01:00,[60],[33.954845]
2026-01-20T22:07:00+01:00,[60],[33.954861]
2026-01-20T22:07:01+01:00,[60],[33.954868]
2026-01-20T22:07:02+01:00,[60],[33.95488]
2026-01-20T22:07:03+01:00,[60],[33.954891]
2026-01-20T22:07:05+01:00,[60],[33.95491]
2026-01-20T22:07:06+01:00,[60],[33.954922]
2026-01-20T22:07:07+01:00,[60],[33.954933]
2026-01-20T22:07:08+01:00,[60],[33.954948]
2026-01-20T22:07:09+01:00,[60],[33.95496]
2026-01-20T22:07:10+01:00,[60],[33.954967]
2026-01-20T22:07:11+01:00,[60],[33.954979]
2026-01-20T22:07:12+01:00,[60],[33.95499]
2026-01-20T22:07:13+01:00,[60],[33.955006]
2026-01-20T22:07:14+01:00,[60],[33.955021]
2026-01-20T22:07:15+01:00,[60],[33.955032]
2026-01-20T22:07:16+01:00,[60],[33.955048]
2026-01-20T22:07:17+01:00,[60],[33.955059]
2026-01-20T22:07:18+01:00,[60],[33.95507]
2026-01-20T22:07:19+01:00,[60],[33.95509]
2026-01-20T22:07:20+01:00,[60],[33.955101]
2026-01-20T22:07:21+01:00,[60],[33.955112]
2026-01-20T22:07:22+01:00,[60],[33.955128]
2026-01-20T22:07:23+01:00,[60],[33.955143]
2026-01-20T22:07:24+01:00,[60],[33.955158]
2026-01-20T22:07:25+01:00,[60],[33.95517]
2026-01-20T22:07:26+01:00,[60],[33.955181]
2026-01-20T22:07:27+01:00,[60],[33.955193]
2026-01-20T22:07:28+01:00,[60],[33.9552]
2026-01-20T22:07:29+01:00,[60],[33.955212]
2026-01-20T22:07:30+01:00,[60],[33.955223]
2026-01-20T22:07:31+01:00,[60],[33.955162]
2026-01-20T22:07:32+01:00,[60],[33.955177]
2026-01-20T22:07:33+01:00,[60],[33.955189]
2026-01-20T22:07:34+01:00,[60],[33.9552]
2026-01-20T22:07:35+01:00,[60],[33.955212]
2026-01-20T22:07:36+01:00,[60],[33.955223]
2026-01-20T22:07:37+01:00,[60],[33.955235]
2026-01-20T22:07:38+01:00,[60],[33.95525]
2026-01-20T22:07:39+01:00,[60],[33.955261]
2026-01-20T22:07:40+01:00,[60],[33.955273]
2026-01-20T22:07:41+01:00,[60],[33.955276]
2026-01-20T22:07:42+01:00,[60],[33.955288]
2026-01-20T22:07:43+01:00,[60],[33.955296]
2026-01-20T22:07:44+01:00,[60],[33.955311]
2026-01-20T22:07:45+01:00,[60],[33.955322]
2026-01-20T22:07:46+01:00,[60],[33.955326]
2026-01-20T22:07:47+01:00,[60],[33.955338]
2026-01-20T22:07:48+01:00,[60],[33.955349]
2026-01-20T22:07:49+01:00,[60],[33.955364]
2026-01-20T22:07:50+01:00,[60],[33.955376]
2026-01-20T22:07:51+01:00,[60],[33.955387]
2026-01-20T22:07:52+01:00,[60],[33.955399]
2026-01-20T22:07:53+01:00,[60],[33.95541]
2026-01-20T22:07:54+01:00,[60],[33.955421]
2026-01-20T22:07:55+01:00,[60],[33.955437]
2026-01-20T22:07:56+01:00,[60],[33.955448]
2026-01-20T22:07:57+01:00,[60],[33.95546]
2026-01-20T22:07:58+01:00,[60],[33.955471]
2026-01-20T22:07:59+01:00,[60],[33.955482]
2026-01-20T22:08:00+01:00,[60],[33.95549]
2026-01-20T22:08:01+01:00,[60],[33.955502]
2026-01-20T22:08:02+01:00,[60],[33.955505]
2026-01-20T22:08:03+01:00,[60],[33.955517]
2026-01-20T22:08:04+01:00,[60],[33.955524]
2026-01-20T22:08:05+01:00,[60],[33.95554]
2026-01-20T22:08:06+01:00,[60],[33.955551]
2026-01-20T22:08:07+01:00,[60],[33.955563]
2026-01-20T22:08:08+01:00,[60],[33.955574]
2026-01-20T22:08:09+01:00,[60],[33.955585]
2026-01-20T22:08:10+01:00,[60],[33.955593]
2026-01-20T22:08:11+01:00,[60],[33.955605]
2026-01-20T22:08:12+01:00,[60],[33.955616]
2026-01-20T22:08:13+01:00,[60],[33.955627]
2026-01-20T22:08:14+01:00,[60],[33.955635]
2026-01-20T22:08:15+01:00,[60],[33.955647]
2026-01-20T22:08:16+01:00,[60],[33.955658]
2026-01-20T22:08:17+01:00,[60],[33.955673]
2026-01-20T22:08:18+01:00,[60],[33.955685]
2026-01-20T22:08:19+01:00,[60],[33.955696]
2026-01-20T22:08:20+01:00,[60],[33.955704]
2026-01-20T22:08:21+01:00,[60],[33.955708]
2026-01-20T22:08:22+01:00,[60],[33.955711]
2026-01-20T22:08:23+01:00,[60],[33.955723]
2026-01-20T22:08:24+01:00,[60],[33.95573]
2026-01-20T22:08:25+01:00,[60],[33.955742]
2026-01-20T22:08:26+01:00,[60],[33.95575]
2026-01-20T22:08:27+01:00,[60],[33.955761]
2026-01-20T22:08:28+01:00,[60],[33.955772]
2026-01-20T22:08:29+01:00,[60],[33.95578]
2026-01-20T22:08:30+01:00,[60],[33.955788]
2026-01-20T22:08:31+01:00,[60],[33.955799]
2026-01-20T22:08:32+01:00,[60],[33.955807]
2026-01-20T22:08:33+01:00,[60],[33.955814]
2026-01-20T22:08:34+01:00,[60],[33.955826]
2026-01-20T22:08:35+01:00,[60],[33.955841]
2026-01-20T22:08:36+01:00,[60],[33.955853]
2026-01-20T22:08:37+01:00,[60],[33.95586]
2026-01-20T22:08:38+01:00,[60],[33.955875]
2026-01-20T22:08:39+01:00,[60],[33.955883]
2026-01-20T22:08:40+01:00,[60],[33.955883]
2026-01-20T22:08:41+01:00,[60],[33.955891]
2026-01-20T22:08:42+01:00,[60],[33.955894]
2026-01-20T22:08:43+01:00,[60],[33.955906]
2026-01-20T22:08:44+01:00,[60],[33.955917]
2026-01-20T22:08:45+01:00,[60],[33.955933]
2026-01-20T22:08:46+01:00,[60],[33.95594]
2026-01-20T22:08:47+01:00,[60],[33.955948]
2026-01-20T22:08:48+01:00,[60],[33.955959]
2026-01-20T22:08:49+01:00,[60],[33.955971]
2026-01-20T22:08:50+01:00,[60],[33.955982]
2026-01-20T22:08:51+01:00,[60],[33.955994]
2026-01-20T22:08:52+01:00,[60],[33.956005]
2026-01-20T22:08:53+01:00,[60],[33.956017]
2026-01-20T22:08:54+01:00,[60],[33.956028]
2026-01-20T22:08:55+01:00,[60],[33.956039]
2026-01-20T22:08:56+01:00,[60],[33.956047]
2026-01-20T22:08:57+01:00,[60],[33.956059]
2026-01-20T22:08:58+01:00,[60],[33.95607]
2026-01-20T22:08:59+01:00,[60],[33.956081]
2026-01-20T22:09:00+01:00,[60],[33.956089]
2026-01-20T22:09:01+01:00,[60],[33.9561]
2026-01-20T22:09:02+01:00,[60],[33.956112]
2026-01-20T22:09:03+01:00,[60],[33.95612]
2026-01-20T22:09:04+01:00,[60],[33.956131]
2026-01-20T22:09:05+01:00,[60],[33.956139]
2026-01-20T22:09:06+01:00,[60],[33.95615]
2026-01-20T22:09:07+01:00,[60],[33.956161]
2026-01-20T22:09:08+01:00,[60],[33.956173]
2026-01-20T22:09:09+01:00,[60],[33.956181]
2026-01-20T22:09:10+01:00,[60],[33.956207]
2026-01-20T22:09:11+01:00,[60],[33.956219]
2026-01-20T22:09:12+01:00,[60],[33.95623]
2026-01-20T22:09:13+01:00,[60],[33.956242]
2026-01-20T22:09:14+01:00,[60],[33.956253]
2026-01-20T22:09:15+01:00,[60],[33.956264]
2026-01-20T22:09:16+01:00,[60],[33.956276]
2026-01-20T22:09:17+01:00,[60],[33.956287]
2026-01-20T22:09:18+01:00,[60],[33.956299]
2026-01-20T22:09:19+01:00,[60],[33.95631]
2026-01-20T22:09:20+01:00,[60],[33.956322]
2026-01-20T22:09:21+01:00,[60],[33.956333]
2026-01-20T22:09:22+01:00,[60],[33.956345]
2026-01-20T22:09:23+01:00,[60],[33.956352]
2026-01-20T22:09:24+01:00,[60],[33.956364]
2026-01-20T22:09:25+01:00,[60],[33.956371]
2026-01-20T22:09:26+01:00,[60],[33.956387]
2026-01-20T22:09:27+01:00,[60],[33.956398]
2026-01-20T22:09:28+01:00,[60],[33.956406]
2026-01-20T22:09:29+01:00,[60],[33.956417]
2026-01-20T22:09:30+01:00,[60],[33.956429]
2026-01-20T22:09:31+01:00,[60],[33.95644]
2026-01-20T22:09:32+01:00,[60],[33.956451]
2026-01-20T22:09:33+01:00,[60],[33.956467]
2026-01-20T22:09:34+01:00,[60],[33.956478]
2026-01-20T22:09:35+01:00,[60],[33.956486]
2026-01-20T22:09:36+01:00,[60],[33.956497]
2026-01-20T22:09:37+01:00,[60],[33.956509]
2026-01-20T22:09:38+01:00,[60],[33.95652]
2026-01-20T22:09:39+01:00,[60],[33.956528]
2026-01-20T22:09:40+01:00,[60],[33.956543]
2026-01-20T22:09:41+01:00,[60],[33.956551]
2026-01-20T22:09:42+01:00,[60],[33.956562]
2026-01-20T22:09:43+01:00,[60],[33.956573]
2026-01-20T22:09:44+01:00,[60],[33.956585]
2026-01-20T22:09:45+01:00,[60],[33.956596]
2026-01-20T22:09:46+01:00,[60],[33.956608]
2026-01-20T22:09:47+01:00,[60],[33.956619]
2026-01-20T22:09:48+01:00,[60],[33.956627]
2026-01-20T22:09:49+01:00,[60],[33.956638]
2026-01-20T22:09:50+01:00,[60],[33.95665]
2026-01-20T22:09:51+01:00,[60],[33.956661]
2026-01-20T22:09:52+01:00,[60],[33.956669]
2026-01-20T22:09:53+01:00,[60],[33.95668]
2026-01-20T22:09:54+01:00,[60],[33.956692]
2026-01-20T22:09:55+01:00,[60],[33.956699]
2026-01-20T22:09:56+01:00,[60],[33.956715]
2026-01-20T22:09:57+01:00,[60],[33.956722]
2026-01-20T22:09:58+01:00,[60],[33.956734]
2026-01-20T22:09:59+01:00,[60],[33.956749]
2026-01-20T22:10:00+01:00,[60],[33.95676]
2026-01-20T22:10:01+01:00,[60],[33.956768]
2026-01-20T22:10:02+01:00,[60],[33.956779]
2026-01-20T22:10:03+01:00,[60],[33.956795]
2026-01-20T22:10:04+01:00,[60],[33.956806]
2026-01-20T22:10:05+01:00,[60],[33.956818]
2026-01-20T22:10:06+01:00,[60],[33.956825]
2026-01-20T22:10:07+01:00,[60],[33.956833]
2026-01-20T22:10:08+01:00,[60],[33.956841]
2026-01-20T22:10:09+01:00,[60],[33.956863]
2026-01-20T22:10:10+01:00,[60],[33.956879]
2026-01-20T22:10:11+01:00,[60],[33.956886]
2026-01-20T22:10:12+01:00,[60],[33.956886]
2026-01-20T22:10:13+01:00,[60],[33.956886]
2026-01-20T22:10:14+01:00,[60],[33.95689]
2026-01-20T22:10:15+01:00,[60],[33.956894]
2026-01-20T22:10:16+01:00,[60],[33.956898]
2026-01-20T22:10:17+01:00,[60],[33.956898]
2026-01-20T22:10:18+01:00,[60],[33.956902]
2026-01-20T22:10:19+01:00,[60],[33.956898]
2026-01-20T22:10:20+01:00,[60],[33.956902]
2026-01-20T22:10:21+01:00,[60],[33.956902]
2026-01-20T22:10:22+01:00,[60],[33.956905]
2026-01-20T22:10:23+01:00,[60],[33.956909]
2026-01-20T22:10:24+01:00,[60],[33.956917]
2026-01-20T22:10:25+01:00,[60],[33.956924]
2026-01-20T22:10:26+01:00,[60],[33.956936]
2026-01-20T22:10:27+01:00,[60],[33.956947]
2026-01-20T22:10:28+01:00,[60],[33.956955]
2026-01-20T22:10:29+01:00,[60],[33.956963]
2026-01-20T22:10:30+01:00,[60],[33.956966]
2026-01-20T22:10:31+01:00,[60],[33.956974]
2026-01-20T22:10:32+01:00,[60],[33.956978]
2026-01-20T22:10:33+01:00,[60],[33.956982]
2026-01-20T22:10:34+01:00,[60],[33.956982]
2026-01-20T22:10:35+01:00,[60],[33.956985]
2026-01-20T22:10:37+01:00,[60],[33.956989]
2026-01-20T22:10:38+01:00,[60],[33.957001]
2026-01-20T22:10:39+01:00,[60],[33.957016]
2026-01-20T22:10:40+01:00,[60],[33.957027]
2026-01-20T22:10:41+01:00,[60],[33.957039]
2026-01-20T22:10:42+01:00,[60],[33.957054]
2026-01-20T22:10:43+01:00,[60],[33.957073]
2026-01-20T22:10:44+01:00,[60],[33.957081]
2026-01-20T22:10:45+01:00,[60],[33.957092]
2026-01-20T22:10:46+01:00,[60],[33.957104]
2026-01-20T22:10:47+01:00,[60],[33.957119]
2026-01-20T22:10:48+01:00,[60],[33.95713]
2026-01-20T22:10:49+01:00,[60],[33.957138]
2026-01-20T22:10:50+01:00,[60],[33.95715]
2026-01-20T22:10:51+01:00,[60],[33.957157]
2026-01-20T22:10:52+01:00,[60],[33.957169]
2026-01-20T22:10:53+01:00,[60],[33.957172]
2026-01-20T22:10:54+01:00,[60],[33.95718]
2026-01-20T22:10:55+01:00,[60],[33.957188]
2026-01-20T22:10:56+01:00,[60],[33.957199]
2026-01-20T22:10:57+01:00,[60],[33.957207]
2026-01-20T22:10:58+01:00,[60],[33.957214]
2026-01-20T22:10:59+01:00,[60],[33.957226]
2026-01-20T22:11:00+01:00,[60],[33.957241]
2026-01-20T22:11:01+01:00,[60],[33.957256]
2026-01-20T22:11:02+01:00,[60],[33.957268]
2026-01-20T22:11:03+01:00,[60],[33.957275]
2026-01-20T22:11:04+01:00,[60],[33.957283]
2026-01-20T22:11:05+01:00,[60],[33.957298]
2026-01-20T22:11:06+01:00,[60],[33.957314]
2026-01-20T22:11:07+01:00,[60],[33.957325]
2026-01-20T22:11:08+01:00,[60],[33.957336]
2026-01-20T22:11:09+01:00,[60],[33.957344]
2026-01-20T22:11:10+01:00,[60],[33.957359]
2026-01-20T22:11:11+01:00,[60],[33.957371]
2026-01-20T22:11:12+01:00,[60],[33.957378]
2026-01-20T22:11:13+01:00,[60],[33.957394]
2026-01-20T22:11:14+01:00,[60],[33.957397]
2026-01-20T22:11:15+01:00,[60],[33.957405]
2026-01-20T22:11:16+01:00,[60],[33.957413]
2026-01-20T22:11:17+01:00,[60],[33.957417]
2026-01-20T22:11:18+01:00,[60],[33.957424]
2026-01-20T22:11:19+01:00,[60],[33.957428]
2026-01-20T22:11:20+01:00,[60],[33.957432]
2026-01-20T22:11:21+01:00,[60],[33.957439]
2026-01-20T22:11:22+01:00,[60],[33.957451]
2026-01-20T22:11:23+01:00,[60],[33.957462]
2026-01-20T22:11:24+01:00,[60],[33.95747]
2026-01-20T22:11:25+01:00,[60],[33.95747]
2026-01-20T22:11:26+01:00,[60],[33.957466]
2026-01-20T22:11:27+01:00,[60],[33.95747]
2026-01-20T22:11:28+01:00,[60],[33.95747]
2025-11-18T00:42:17+01:00,[60],[33.956718]
2025-11-18T00:42:20+01:00,[60],[33.956718]
2025-11-18T00:42:22+01:00,[60],[33.95686]
2025-11-18T00:42:23+01:00,[60],[33.95686]
2025-11-18T00:42:24+01:00,[60],[33.95686]
2025-11-18T00:42:26+01:00,[60],[33.95686]
2025-11-18T00:42:27+01:00,[60],[33.95686]
2025-11-18T00:42:28+01:00,[60],[33.95686]
2025-11-18T00:42:29+01:00,[60],[33.95686]
2025-11-18T00:42:30+01:00,[60],[33.95686]
2025-11-18T00:42:31+01:00,[60],[33.95686]
2025-11-18T00:42:32+01:00,[60],[33.95686]
2025-11-18T00:42:33+01:00,[60],[33.95686]
2025-11-18T00:42:34+01:00,[60],[33.95686]
2025-11-18T00:42:35+01:00,[60],[33.95686]
2025-11-18T00:42:36+01:00,[60],[33.95686]
2025-11-18T00:42:37+01:00,[60],[33.95686]
2025-11-18T00:42:38+01:00,[60],[33.95686]
2025-11-18T00:42:39+01:00,[60],[33.95686]
2025-11-18T00:42:40+01:00,[60],[33.95686]
2025-11-18T00:42:41+01:00,[60],[33.95686]
2025-11-18T00:42:42+01:00,[60],[33.95686]
2025-11-18T00:42:43+01:00,[60],[33.95686]
2025-11-18T00:42:44+01:00,[60],[33.95686]
2025-11-18T00:42:45+01:00,[60],[33.95686]
2025-11-18T00:42:46+01:00,[60],[33.95686]
2025-11-18T00:42:47+01:00,[60],[33.95686]
2025-11-18T00:42:48+01:00,[60],[33.95686]
2025-11-18T00:42:49+01:00,[60],[33.95686]
2025-11-18T00:42:50+01:00,[60],[33.95686]
2025-11-18T00:42:51+01:00,[60],[33.95686]
2025-11-18T00:42:52+01:00,[60],[33.95686]
2025-11-18T00:42:53+01:00,[60],[33.95686]
2025-11-18T00:42:54+01:00,[60],[33.956882]
2025-11-18T00:42:55+01:00,[60],[33.956882]
2025-11-18T00:42:56+01:00,[60],[33.956882]
2025-11-18T00:42:57+01:00,[60],[33.956882]
2025-11-18T00:42:58+01:00,[60],[33.956875]
2025-11-18T00:42:59+01:00,[60],[33.956879]
2025-11-18T00:43:00+01:00,[60],[33.956879]
2025-11-18T00:43:01+01:00,[60],[33.956879]
2025-11-18T00:43:02+01:00,[60],[33.956875]
2025-11-18T00:43:03+01:00,[60],[33.956871]
2025-11-18T00:43:04+01:00,[60],[33.956871]
2025-11-18T00:43:05+01:00,[60],[33.956875]
2025-11-18T00:43:06+01:00,[60],[33.956879]
2025-11-18T00:43:07+01:00,[60],[33.956879]
2025-11-18T00:43:08+01:00,[60],[33.956886]
2025-11-18T00:43:09+01:00,[60],[33.956886]
2025-11-18T00:43:10+01:00,[60],[33.956886]
2025-11-18T00:43:11+01:00,[60],[33.956882]
2025-11-18T00:43:12+01:00,[60],[33.956882]
2025-11-18T00:43:13+01:00,[60],[33.956886]
2025-11-18T00:43:14+01:00,[60],[33.956886]
2025-11-18T00:43:15+01:00,[60],[33.956894]
2025-11-18T00:43:16+01:00,[60],[33.956894]
2025-11-18T00:43:17+01:00,[60],[33.956894]
2025-11-18T00:43:18+01:00,[60],[33.95689]
2025-11-18T00:43:19+01:00,[60],[33.956894]
2025-11-18T00:43:20+01:00,[60],[33.956894]
2025-11-18T00:43:21+01:00,[60],[33.956894]
2025-11-18T00:43:22+01:00,[60],[33.956898]
2025-11-18T00:43:23+01:00,[60],[33.956898]
2025-11-18T00:43:24+01:00,[60],[33.956894]
2025-11-18T00:43:25+01:00,[60],[33.956894]
2025-11-18T00:43:26+01:00,[60],[33.956894]
2025-11-18T00:43:27+01:00,[60],[33.956894]
2025-11-18T00:43:28+01:00,[60],[33.956886]
2025-11-18T00:43:29+01:00,[60],[33.956886]
2025-11-18T00:43:30+01:00,[60],[33.956882]
2025-11-18T00:43:31+01:00,[60],[33.956882]
2025-11-18T00:43:32+01:00,[60],[33.956886]
2025-11-18T00:43:33+01:00,[60],[33.956886]
2025-11-18T00:43:34+01:00,[60],[33.956894]
2025-11-18T00:43:35+01:00,[60],[33.956894]
2025-11-18T00:43:36+01:00,[60],[33.956898]
2025-11-18T00:43:37+01:00,[60],[33.956898]
2025-11-18T00:43:38+01:00,[60],[33.956902]
2025-11-18T00:43:39+01:00,[60],[33.956902]
2025-11-18T00:43:40+01:00,[60],[33.956898]
2025-11-18T00:43:41+01:00,[60],[33.956898]
2025-11-18T00:43:42+01:00,[60],[33.956902]
2025-11-18T00:43:43+01:00,[60],[33.956902]
2025-11-18T00:43:44+01:00,[60],[33.956902]
2025-11-18T00:43:45+01:00,[60],[33.956898]
2025-11-18T00:43:46+01:00,[60],[33.956902]
2025-11-18T00:43:47+01:00,[60],[33.956894]
2025-11-18T00:43:48+01:00,[60],[33.956894]
2025-11-18T00:43:49+01:00,[60],[33.956894]
2025-11-18T00:43:50+01:00,[60],[33.95689]
2025-11-18T00:43:51+01:00,[60],[33.956886]
2025-11-18T00:43:52+01:00,[60],[33.956886]
2025-11-18T00:43:53+01:00,[60],[33.956882]
2025-11-18T00:43:54+01:00,[60],[33.956882]
2025-11-18T00:43:55+01:00,[60],[33.956886]
2025-11-18T00:43:56+01:00,[60],[33.95689]
2025-11-18T00:43:57+01:00,[60],[33.956894]
2025-11-18T00:43:58+01:00,[60],[33.95689]
2025-11-18T00:43:59+01:00,[60],[33.95689]
2025-11-18T00:44:00+01:00,[60],[33.956886]
2025-11-18T00:44:01+01:00,[60],[33.956882]
2025-11-18T00:44:02+01:00,[60],[33.956882]
2025-11-18T00:44:03+01:00,[60],[33.956879]
2025-11-18T00:44:04+01:00,[60],[33.956879]
2025-11-18T00:44:05+01:00,[60],[33.956879]
2025-11-18T00:44:06+01:00,[60],[33.956875]
2025-11-18T00:44:07+01:00,[60],[33.956879]
2025-11-18T00:44:08+01:00,[60],[33.956882]
2025-11-18T00:44:09+01:00,[60],[33.956882]
2025-11-18T00:44:10+01:00,[60],[33.956882]
2025-11-18T00:44:11+01:00,[60],[33.956882]
2025-11-18T00:44:12+01:00,[60],[33.956886]
2025-11-18T00:44:13+01:00,[60],[33.956882]
2025-11-18T00:44:14+01:00,[60],[33.956882]
2025-11-18T00:44:15+01:00,[60],[33.956886]
2025-11-18T00:44:16+01:00,[60],[33.956886]
2025-11-18T00:44:17+01:00,[60],[33.956882]
2025-11-18T00:44:18+01:00,[60],[33.956886]
2025-11-18T00:44:19+01:00,[60],[33.956886]
2025-11-18T00:44:20+01:00,[60],[33.956882]
2025-11-18T00:44:21+01:00,[60],[33.956879]
2025-11-18T00:44:22+01:00,[60],[33.956879]
2025-11-18T00:44:23+01:00,[60],[33.956879]
2025-11-18T00:44:24+01:00,[60],[33.956879]
2025-11-18T00:44:25+01:00,[60],[33.956879]
2025-11-18T00:44:26+01:00,[60],[33.956882]
2025-11-18T00:44:27+01:00,[60],[33.956875]
2025-11-18T00:44:28+01:00,[60],[33.956871]
2025-11-18T00:44:29+01:00,[60],[33.956875]
2025-11-18T00:44:30+01:00,[60],[33.956875]
2025-11-18T00:44:32+01:00,[60],[33.956879]
2025-11-18T00:44:33+01:00,[60],[33.956879]
2025-11-18T00:44:34+01:00,[60],[33.956879]
2025-11-18T00:44:35+01:00,[60],[33.956879]
2025-11-18T00:44:36+01:00,[60],[33.956879]
2025-11-18T00:44:37+01:00,[60],[33.956879]
2025-11-18T00:44:38+01:00,[60],[33.956882]
2025-11-18T00:44:39+01:00,[60],[33.956882]
2025-11-18T00:44:40+01:00,[60],[33.956886]
2025-11-18T00:44:41+01:00,[60],[33.956882]
2025-11-18T00:44:42+01:00,[60],[33.956879]
2025-11-18T00:44:43+01:00,[60],[33.956882]
2025-11-18T00:44:44+01:00,[60],[33.956879]
2025-11-18T00:44:45+01:00,[60],[33.956879]
2025-11-18T00:44:46+01:00,[60],[33.956875]
2025-11-18T00:44:47+01:00,[60],[33.956875]
2025-11-18T00:44:48+01:00,[60],[33.956875]
2025-11-18T00:44:49+01:00,[60],[33.956871]
2025-11-18T00:44:50+01:00,[60],[33.956875]
2025-11-18T00:44:51+01:00,[60],[33.956879]
2025-11-18T00:44:52+01:00,[60],[33.956882]
2025-11-18T00:44:53+01:00,[60],[33.956882]
2025-11-18T00:44:54+01:00,[60],[33.956879]
2025-11-18T00:44:55+01:00,[60],[33.956879]
2025-11-18T00:44:56+01:00,[60],[33.956879]
2025-11-18T00:44:57+01:00,[60],[33.956875]
2025-11-18T00:44:58+01:00,[60],[33.956882]
2025-11-18T00:44:59+01:00,[60],[33.956879]
2025-11-18T00:45:00+01:00,[60],[33.956879]
2025-11-18T00:45:01+01:00,[60],[33.956879]
2025-11-18T00:45:02+01:00,[60],[33.956882]
2025-11-18T00:45:03+01:00,[60],[33.956882]
2025-11-18T00:45:04+01:00,[60],[33.956882]
2025-11-18T00:45:05+01:00,[60],[33.956882]
2025-11-18T00:45:06+01:00,[60],[33.956882]
2025-11-18T00:45:07+01:00,[60],[33.956882]
2025-11-18T00:45:08+01:00,[60],[33.956882]
2025-11-18T00:45:09+01:00,[60],[33.956882]
2025-11-18T00:45:10+01:00,[60],[33.956886]
2025-11-18T00:45:11+01:00,[60],[33.956882]
2025-11-18T00:45:12+01:00,[60],[33.95689]
2025-11-18T00:45:13+01:00,[60],[33.95689]
2025-11-18T00:45:14+01:00,[60],[33.95689]
2025-11-18T00:45:15+01:00,[60],[33.956886]
2025-11-18T00:45:16+01:00,[60],[33.95689]
2025-11-18T00:45:17+01:00,[60],[33.95689]
2025-11-18T00:45:18+01:00,[60],[33.956886]
2025-11-18T00:45:19+01:00,[60],[33.956886]
2025-11-18T00:45:20+01:00,[60],[33.95689]
2025-11-18T00:45:21+01:00,[60],[33.95689]
2025-11-18T00:45:22+01:00,[60],[33.95689]
2025-11-18T00:45:23+01:00,[60],[33.95689]
2025-11-18T00:45:24+01:00,[60],[33.95689]
2025-11-18T00:45:25+01:00,[60],[33.95689]
2025-11-18T00:45:26+01:00,[60],[33.95689]
2025-11-18T00:45:27+01:00,[60],[33.95689]
2025-11-18T00:45:28+01:00,[60],[33.95689]
2025-11-18T00:45:29+01:00,[60],[33.95689]
2025-11-18T00:45:30+01:00,[60],[33.956886]
2025-11-18T00:45:31+01:00,[60],[33.956886]
2025-11-18T00:45:32+01:00,[60],[33.956886]
2025-11-18T00:45:33+01:00,[60],[33.956886]
2025-11-18T00:45:34+01:00,[60],[33.956886]
2025-11-18T00:45:35+01:00,[60],[33.95689]
2025-11-18T00:45:36+01:00,[60],[33.95689]
2025-11-18T00:45:37+01:00,[60],[33.956894]
2025-11-18T00:45:38+01:00,[60],[33.95689]
2025-11-18T00:45:39+01:00,[60],[33.95689]
2025-11-18T00:45:40+01:00,[60],[33.956886]
2025-11-18T00:45:41+01:00,[60],[33.956882]
2025-11-18T00:45:42+01:00,[60],[33.956882]
2025-11-18T00:45:43+01:00,[60],[33.956879]
2025-11-18T00:45:44+01:00,[60],[33.956879]
2025-11-18T00:45:45+01:00,[60],[33.956879]
2025-11-18T00:45:46+01:00,[60],[33.956879]
2025-11-18T00:45:47+01:00,[60],[33.956879]
2025-11-18T00:45:48+01:00,[60],[33.956882]
2025-11-18T00:45:49+01:00,[60],[33.956882]
2025-11-18T00:45:50+01:00,[60],[33.956886]
2025-11-18T00:45:51+01:00,[60],[33.956886]
2025-11-18T00:45:52+01:00,[60],[33.956882]
2025-11-18T00:45:53+01:00,[60],[33.956882]
2025-11-18T00:45:54+01:00,[60],[33.956882]
2025-11-18T00:45:55+01:00,[60],[33.956882]
2025-11-18T00:45:56+01:00,[60],[33.956882]
2025-11-18T00:45:57+01:00,[60],[33.956882]
2025-11-18T00:45:58+01:00,[60],[33.956882]
2025-11-18T00:45:59+01:00,[60],[33.956882]
2025-11-18T00:46:00+01:00,[60],[33.956886]
2025-11-18T00:46:01+01:00,[60],[33.956886]
2025-11-18T00:46:02+01:00,[60],[33.956886]
2025-11-18T00:46:03+01:00,[60],[33.956882]
2025-11-18T00:46:04+01:00,[60],[33.956882]
2025-11-18T00:46:05+01:00,[60],[33.956882]
2025-11-18T00:46:06+01:00,[60],[33.956882]
2025-11-18T00:46:07+01:00,[60],[33.956875]
2025-11-18T00:46:08+01:00,[60],[33.956875]
2025-11-18T00:46:09+01:00,[60],[33.956875]
2025-11-18T00:46:10+01:00,[60],[33.956879]
2025-11-18T00:46:11+01:00,[60],[33.956879]
2025-11-18T00:46:12+01:00,[60],[33.956875]
2025-11-18T00:46:13+01:00,[60],[33.956875]
2025-11-18T00:46:14+01:00,[60],[33.956879]
2025-11-18T00:46:15+01:00,[60],[33.956879]
2025-11-18T00:46:16+01:00,[60],[33.956879]
2025-11-18T00:46:17+01:00,[60],[33.956882]
2025-11-18T00:46:18+01:00,[60],[33.956882]
2025-11-18T00:46:19+01:00,[60],[33.956879]
2025-11-18T00:46:20+01:00,[60],[33.956875]
2025-11-18T00:46:21+01:00,[60],[33.956879]
2025-11-18T00:46:22+01:00,[60],[33.956879]
2025-11-18T00:46:23+01:00,[60],[33.956882]
2025-11-18T00:46:24+01:00,[60],[33.956882]
2025-11-18T00:46:25+01:00,[60],[33.956882]
2025-11-18T00:46:26+01:00,[60],[33.956879]
2025-11-18T00:46:27+01:00,[60],[33.956882]
2025-11-18T00:46:28+01:00,[60],[33.956886]
2025-11-18T00:46:29+01:00,[60],[33.956882]
2025-11-18T00:46:30+01:00,[60],[33.956886]
2025-11-18T00:46:31+01:00,[60],[33.956886]
2025-11-18T00:46:32+01:00,[60],[33.956886]
2025-11-18T00:46:33+01:00,[60],[33.95689]
2025-11-18T00:46:34+01:00,[60],[33.956886]
2025-11-18T00:46:35+01:00,[60],[33.95689]
2025-11-18T00:46:36+01:00,[60],[33.956886]
2025-11-18T00:46:38+01:00,[60],[33.956886]
2025-11-18T00:46:39+01:00,[60],[33.956882]
2025-11-18T00:46:40+01:00,[60],[33.956875]
2025-11-18T00:46:41+01:00,[60],[33.956875]
2025-11-18T00:46:42+01:00,[60],[33.956875]
2025-11-18T00:46:43+01:00,[60],[33.956871]
2025-11-18T00:46:44+01:00,[60],[33.956871]
2025-11-18T00:46:45+01:00,[60],[33.956875]
2025-11-18T00:46:46+01:00,[60],[33.956875]
2025-11-18T00:46:47+01:00,[60],[33.956879]
2025-11-18T00:46:48+01:00,[60],[33.956871]
2025-11-18T00:46:49+01:00,[60],[33.956867]
2025-11-18T00:46:50+01:00,[60],[33.956863]
2025-11-18T00:46:51+01:00,[60],[33.956856]
2025-11-18T00:46:52+01:00,[60],[33.956852]
2025-11-18T00:46:53+01:00,[60],[33.956856]
2025-11-18T00:46:54+01:00,[60],[33.956856]
2025-11-18T00:46:55+01:00,[60],[33.956852]
2025-11-18T00:46:56+01:00,[60],[33.956852]
2025-11-18T00:46:57+01:00,[60],[33.956852]
2025-11-18T00:46:58+01:00,[60],[33.956852]
2025-11-18T00:46:59+01:00,[60],[33.956852]
2025-11-18T00:47:00+01:00,[60],[33.956852]
2025-11-18T00:47:01+01:00,[60],[33.956852]
2025-11-18T00:47:02+01:00,[60],[33.956856]
2025-11-18T00:47:03+01:00,[60],[33.95686]
2025-11-18T00:47:04+01:00,[60],[33.956856]
2025-11-18T00:47:05+01:00,[60],[33.956863]
2025-11-18T00:47:06+01:00,[60],[33.956867]
2025-11-18T00:47:07+01:00,[60],[33.956871]
2025-11-18T00:47:08+01:00,[60],[33.956871]
2025-11-18T00:47:09+01:00,[60],[33.956875]
2025-11-18T00:47:10+01:00,[60],[33.956882]
2025-11-18T00:47:11+01:00,[60],[33.956886]
2025-11-18T00:47:12+01:00,[60],[33.956886]
2025-11-18T00:47:13+01:00,[60],[33.956886]
2025-11-18T00:47:14+01:00,[60],[33.956886]
2025-11-18T00:47:15+01:00,[60],[33.956882]
2025-11-18T00:47:16+01:00,[60],[33.956879]
2025-11-18T00:47:17+01:00,[60],[33.956879]
2025-11-18T00:47:18+01:00,[60],[33.956871]
2025-11-18T00:47:19+01:00,[60],[33.956867]
2025-11-18T00:47:20+01:00,[60],[33.956863]
2025-11-18T00:47:21+01:00,[60],[33.956863]
2025-11-18T00:47:22+01:00,[60],[33.95686]
2025-11-18T00:47:23+01:00,[60],[33.95686]
2025-11-18T00:47:24+01:00,[60],[33.95686]
2025-11-18T00:47:25+01:00,[60],[33.956856]
2025-11-18T00:47:26+01:00,[60],[33.956856]
2025-11-18T00:47:27+01:00,[60],[33.956852]
2025-11-18T00:47:28+01:00,[60],[33.956856]
2025-11-18T00:47:29+01:00,[60],[33.956856]
2025-11-18T00:47:30+01:00,[60],[33.956856]
2025-11-18T00:47:31+01:00,[60],[33.956863]
2025-11-18T00:47:32+01:00,[60],[33.956871]
2025-11-18T00:47:33+01:00,[60],[33.956879]
2025-11-18T00:47:34+01:00,[60],[33.956882]
2025-11-18T00:47:35+01:00,[60],[33.956886]
2025-11-18T00:47:36+01:00,[60],[33.956886]
2025-11-18T00:47:37+01:00,[60],[33.95689]
2025-11-18T00:47:38+01:00,[60],[33.95689]
2025-11-18T00:47:39+01:00,[60],[33.956894]
2025-11-18T00:47:40+01:00,[60],[33.956894]
2025-11-18T00:47:41+01:00,[60],[33.95689]
2025-11-18T00:47:42+01:00,[60],[33.956886]
2025-11-18T00:47:43+01:00,[60],[33.956886]
2025-11-18T00:47:44+01:00,[60],[33.956879]
2025-11-18T00:47:45+01:00,[60],[33.956875]
2025-11-18T00:47:46+01:00,[60],[33.956875]
2025-11-18T00:47:47+01:00,[60],[33.956871]
2025-11-18T00:47:48+01:00,[60],[33.956871]
2025-11-18T00:47:49+01:00,[60],[33.956871]
2025-11-18T00:47:50+01:00,[60],[33.956863]
2025-11-18T00:47:51+01:00,[60],[33.956867]
2025-11-18T00:47:52+01:00,[60],[33.956863]
2025-11-18T00:47:53+01:00,[60],[33.956867]
2025-11-18T00:47:54+01:00,[60],[33.956867]
2025-11-18T00:47:55+01:00,[60],[33.956871]
2025-11-18T00:47:56+01:00,[60],[33.956871]
2025-11-18T00:47:57+01:00,[60],[33.956871]
2025-11-18T00:47:58+01:00,[60],[33.956875]
2025-11-18T00:47:59+01:00,[60],[33.956875]
2025-11-18T00:48:00+01:00,[60],[33.956871]
2025-11-18T00:48:01+01:00,[60],[33.956871]
2025-11-18T00:48:02+01:00,[60],[33.956875]
2025-11-18T00:48:03+01:00,[60],[33.956875]
2025-11-18T00:48:04+01:00,[60],[33.956879]
2025-11-18T00:48:05+01:00,[60],[33.956882]
2025-11-18T00:48:06+01:00,[60],[33.956886]
2025-11-18T00:48:07+01:00,[60],[33.956882]
2025-11-18T00:48:08+01:00,[60],[33.956882]
2025-11-18T00:48:09+01:00,[60],[33.956882]
2025-11-18T00:48:10+01:00,[60],[33.956886]
2025-11-18T00:48:11+01:00,[60],[33.95689]
2025-11-18T00:48:12+01:00,[60],[33.956886]
2025-11-18T00:48:13+01:00,[60],[33.956886]
2025-11-18T00:48:14+01:00,[60],[33.956886]
2025-11-18T00:48:15+01:00,[60],[33.956886]
2025-11-18T00:48:16+01:00,[60],[33.956886]
2025-11-18T00:48:17+01:00,[60],[33.95689]
2025-11-18T00:48:18+01:00,[60],[33.95689]
2025-11-18T00:48:19+01:00,[60],[33.956886]
2025-11-18T00:48:20+01:00,[60],[33.956886]
2025-11-18T00:48:21+01:00,[60],[33.956886]
2025-11-18T00:48:22+01:00,[60],[33.956886]
2025-11-18T00:48:23+01:00,[60],[33.95689]
2025-11-18T00:48:24+01:00,[60],[33.95689]
2025-11-18T00:48:25+01:00,[60],[33.95689]
2025-11-18T00:48:26+01:00,[60],[33.956886]
2025-11-18T00:48:27+01:00,[60],[33.956886]
2025-11-18T00:48:28+01:00,[60],[33.95689]
2025-11-18T00:48:29+01:00,[60],[33.956886]
2025-11-18T00:48:30+01:00,[60],[33.95689]
2025-11-18T00:48:31+01:00,[60],[33.956894]
2025-11-18T00:48:32+01:00,[60],[33.956898]
2025-11-18T00:48:33+01:00,[60],[33.956894]
2025-11-18T00:48:34+01:00,[60],[33.956894]
2025-11-18T00:48:35+01:00,[60],[33.956898]
2025-11-18T00:48:36+01:00,[60],[33.956898]
2025-11-18T00:48:37+01:00,[60],[33.95689]
2025-11-18T00:48:38+01:00,[60],[33.95689]
2025-11-18T00:48:39+01:00,[60],[33.95689]
2025-11-18T00:48:40+01:00,[60],[33.956886]
2025-11-18T00:48:41+01:00,[60],[33.956882]
2025-11-18T00:48:43+01:00,[60],[33.95689]
2025-11-18T00:48:44+01:00,[60],[33.956902]
2025-11-18T00:48:45+01:00,[60],[33.956905]
2025-11-18T00:48:46+01:00,[60],[33.956905]
2025-11-18T00:48:47+01:00,[60],[33.956905]
2025-11-18T00:48:48+01:00,[60],[33.956905]
2025-11-18T00:48:49+01:00,[60],[33.956905]
2025-11-18T00:48:50+01:00,[60],[33.956909]
2025-11-18T00:48:51+01:00,[60],[33.956909]
2025-11-18T00:48:52+01:00,[60],[33.956913]
2025-11-18T00:48:53+01:00,[60],[33.956909]
2025-11-18T00:48:54+01:00,[60],[33.956913]
2025-11-18T00:48:55+01:00,[60],[33.956913]
2025-11-18T00:48:56+01:00,[60],[33.956909]
2025-11-18T00:48:57+01:00,[60],[33.956909]
2025-11-18T00:48:58+01:00,[60],[33.956902]
2025-11-18T00:48:59+01:00,[60],[33.956902]
2025-11-18T00:49:00+01:00,[60],[33.956898]
2025-11-18T00:49:01+01:00,[60],[33.95689]
2025-11-18T00:49:02+01:00,[60],[33.956894]
2025-11-18T00:49:03+01:00,[60],[33.956894]
2025-11-18T00:49:04+01:00,[60],[33.956902]
2025-11-18T00:49:05+01:00,[60],[33.956898]
2025-11-18T00:49:06+01:00,[60],[33.956898]
2025-11-18T00:49:07+01:00,[60],[33.956898]
2025-11-18T00:49:08+01:00,[60],[33.956898]
2025-11-18T00:49:09+01:00,[60],[33.956898]
2025-11-18T00:49:10+01:00,[60],[33.956898]
2025-11-18T00:49:11+01:00,[60],[33.956898]
2025-11-18T00:49:12+01:00,[60],[33.956894]
2025-11-18T00:49:13+01:00,[60],[33.956894]
2025-11-18T00:49:14+01:00,[60],[33.956894]
2025-11-18T00:49:15+01:00,[60],[33.956898]
2025-11-18T00:49:16+01:00,[60],[33.956898]
2025-11-18T00:49:17+01:00,[60],[33.956894]
2025-11-18T00:49:18+01:00,[60],[33.956894]
2025-11-18T00:49:19+01:00,[60],[33.956894]
2025-11-18T00:49:20+01:00,[60],[33.956894]
2025-11-18T00:49:21+01:00,[60],[33.956894]
2025-11-18T00:49:22+01:00,[60],[33.956898]
2025-11-18T00:49:23+01:00,[60],[33.956894]
2025-11-18T00:49:24+01:00,[60],[33.956894]
2025-11-18T00:49:25+01:00,[60],[33.95689]
2025-11-18T00:49:26+01:00,[60],[33.95689]
2025-11-18T00:49:27+01:00,[60],[33.95689]
2025-11-18T00:49:28+01:00,[60],[33.95689]
2025-11-18T00:49:29+01:00,[60],[33.95689]
2025-11-18T00:49:30+01:00,[60],[33.956882]
2025-11-18T00:49:31+01:00,[60],[33.956882]
2025-11-18T00:49:32+01:00,[60],[33.956882]
2025-11-18T00:49:33+01:00,[60],[33.956886]
2025-11-18T00:49:34+01:00,[60],[33.95689]
2025-11-18T00:49:35+01:00,[60],[33.956894]
2025-11-18T00:49:36+01:00,[60],[33.95689]
2025-11-18T00:49:37+01:00,[60],[33.95689]
2025-11-18T00:49:38+01:00,[60],[33.956886]
2025-11-18T00:49:39+01:00,[60],[33.956882]
2025-11-18T00:49:40+01:00,[60],[33.956875]
2025-11-18T00:49:41+01:00,[60],[33.956871]
2025-11-18T00:49:42+01:00,[60],[33.956867]
2025-11-18T00:49:43+01:00,[60],[33.956871]
2025-11-18T00:49:44+01:00,[60],[33.956871]
2025-11-18T00:49:45+01:00,[60],[33.956867]
2025-11-18T00:49:46+01:00,[60],[33.956863]
2025-11-18T00:49:47+01:00,[60],[33.956867]
2025-11-18T00:49:48+01:00,[60],[33.956867]
2025-11-18T00:49:49+01:00,[60],[33.956867]
2025-11-18T00:49:50+01:00,[60],[33.956867]
2025-11-18T00:49:51+01:00,[60],[33.956863]
2025-11-18T00:49:52+01:00,[60],[33.956863]
2025-11-18T00:49:53+01:00,[60],[33.956863]
2025-11-18T00:49:54+01:00,[60],[33.956867]
2025-11-18T00:49:55+01:00,[60],[33.956863]
2025-11-18T00:49:56+01:00,[60],[33.95686]
2025-11-18T00:49:57+01:00,[60],[33.956856]
2025-11-18T00:49:58+01:00,[60],[33.956852]
2025-11-18T00:49:59+01:00,[60],[33.956856]
2025-11-18T00:50:00+01:00,[60],[33.956856]
2025-11-18T00:50:01+01:00,[60],[33.956856]
2025-11-18T00:50:02+01:00,[60],[33.956856]
2025-11-18T00:50:03+01:00,[60],[33.956856]
2025-11-18T00:50:04+01:00,[60],[33.956852]
2025-11-18T00:50:05+01:00,[60],[33.95686]
2025-11-18T00:50:06+01:00,[60],[33.956856]
2025-11-18T00:50:07+01:00,[60],[33.956856]
2025-11-18T00:50:08+01:00,[60],[33.956856]
2025-11-18T00:50:09+01:00,[60],[33.956856]
2025-11-18T00:50:10+01:00,[60],[33.956856]
2025-11-18T00:50:11+01:00,[60],[33.956856]
2025-11-18T00:50:12+01:00,[60],[33.956863]
2025-11-18T00:50:13+01:00,[60],[33.956867]
2025-11-18T00:50:14+01:00,[60],[33.956867]
2025-11-18T00:50:15+01:00,[60],[33.956867]
2025-11-18T00:50:16+01:00,[60],[33.956867]
2025-11-18T00:50:17+01:00,[60],[33.956871]
2025-11-18T00:50:18+01:00,[60],[33.956871]
2025-11-18T00:50:19+01:00,[60],[33.956875]
2025-11-18T00:50:20+01:00,[60],[33.956875]
2025-11-18T00:50:21+01:00,[60],[33.956875]
2025-11-18T00:50:22+01:00,[60],[33.956867]
2025-11-18T00:50:23+01:00,[60],[33.956875]
2025-11-18T00:50:24+01:00,[60],[33.956875]
2025-11-18T00:50:25+01:00,[60],[33.956875]
2025-11-18T00:50:26+01:00,[60],[33.956875]
2025-11-18T00:50:27+01:00,[60],[33.956875]
2025-11-18T00:50:28+01:00,[60],[33.956879]
2025-11-18T00:50:29+01:00,[60],[33.956879]
2025-11-18T00:50:30+01:00,[60],[33.956879]
2025-11-18T00:50:31+01:00,[60],[33.956875]
2025-11-18T00:50:32+01:00,[60],[33.956875]
2025-11-18T00:50:33+01:00,[60],[33.956875]
2025-11-18T00:50:34+01:00,[60],[33.956875]
2025-11-18T00:50:35+01:00,[60],[33.956875]
2025-11-18T00:50:36+01:00,[60],[33.956875]
2025-11-18T00:50:37+01:00,[60],[33.956875]
2025-11-18T00:50:38+01:00,[60],[33.956875]
2025-11-18T00:50:39+01:00,[60],[33.956871]
2025-11-18T00:50:40+01:00,[60],[33.956867]
2025-11-18T00:50:41+01:00,[60],[33.956871]
2025-11-18T00:50:42+01:00,[60],[33.956871]
2025-11-18T00:50:43+01:00,[60],[33.956871]
2025-11-18T00:50:44+01:00,[60],[33.956879]
2025-11-18T00:50:45+01:00,[60],[33.956882]
2025-11-18T00:50:46+01:00,[60],[33.956886]
2025-11-18T00:50:47+01:00,[60],[33.95689]
2025-11-18T00:50:49+01:00,[60],[33.95689]
2025-11-18T00:50:50+01:00,[60],[33.95689]
2025-11-18T00:50:51+01:00,[60],[33.95689]
2025-11-18T00:50:52+01:00,[60],[33.956894]
2025-11-18T00:50:53+01:00,[60],[33.95689]
2025-11-18T00:50:54+01:00,[60],[33.95689]
2025-11-18T00:50:55+01:00,[60],[33.95689]
2025-11-18T00:50:56+01:00,[60],[33.956886]
2025-11-18T00:50:57+01:00,[60],[33.956886]
2025-11-18T00:50:58+01:00,[60],[33.956886]
2025-11-18T00:50:59+01:00,[60],[33.956894]
2025-11-18T00:51:00+01:00,[60],[33.956898]
2025-11-18T00:51:01+01:00,[60],[33.956898]
2025-11-18T00:51:02+01:00,[60],[33.956898]
2025-11-18T00:51:03+01:00,[60],[33.956902]
2025-11-18T00:51:04+01:00,[60],[33.956898]
2025-11-18T00:51:05+01:00,[60],[33.956898]
2025-11-18T00:51:06+01:00,[60],[33.956898]
2025-11-18T00:51:07+01:00,[60],[33.956898]
2025-11-18T00:51:08+01:00,[60],[33.956898]
2025-11-18T00:51:09+01:00,[60],[33.956894]
2025-11-18T00:51:10+01:00,[60],[33.95689]
2025-11-18T00:51:11+01:00,[60],[33.95689]
2025-11-18T00:51:12+01:00,[60],[33.95689]
2025-11-18T00:51:13+01:00,[60],[33.95689]
2025-11-18T00:51:14+01:00,[60],[33.956894]
2025-11-18T00:51:15+01:00,[60],[33.956894]
2025-11-18T00:51:16+01:00,[60],[33.956894]
2025-11-18T00:51:17+01:00,[60],[33.956894]
2025-11-18T00:51:18+01:00,[60],[33.956894]
2025-11-18T00:51:19+01:00,[60],[33.956898]
2025-11-18T00:51:20+01:00,[60],[33.956902]
2025-11-18T00:51:21+01:00,[60],[33.956898]
2025-11-18T00:51:22+01:00,[60],[33.956898]
2025-11-18T00:51:23+01:00,[60],[33.956902]
2025-11-18T00:51:24+01:00,[60],[33.956902]
2025-11-18T00:51:25+01:00,[60],[33.956902]
2025-11-18T00:51:26+01:00,[60],[33.956902]
2025-11-18T00:51:27+01:00,[60],[33.956902]
2025-11-18T00:51:28+01:00,[60],[33.956905]
2025-11-18T00:51:29+01:00,[60],[33.956902]
2025-11-18T00:51:30+01:00,[60],[33.956905]
2025-11-18T00:51:31+01:00,[60],[33.956905]
2025-11-18T00:51:32+01:00,[60],[33.956905]
2025-11-18T00:51:33+01:00,[60],[33.956909]
2025-11-18T00:51:34+01:00,[60],[33.956909]
2025-11-18T00:51:35+01:00,[60],[33.956909]
2025-11-18T00:51:36+01:00,[60],[33.956909]
2025-11-18T00:51:37+01:00,[60],[33.956909]
2025-11-18T00:51:38+01:00,[60],[33.956909]
2025-11-18T00:51:39+01:00,[60],[33.956909]
2025-11-18T00:51:40+01:00,[60],[33.956905]
2025-11-18T00:51:41+01:00,[60],[33.956905]
2025-11-18T00:51:42+01:00,[60],[33.956905]
2025-11-18T00:51:43+01:00,[60],[33.956909]
2025-11-18T00:51:44+01:00,[60],[33.956909]
2025-11-18T00:51:45+01:00,[60],[33.956905]
2025-11-18T00:51:46+01:00,[60],[33.956902]
2025-11-18T00:51:47+01:00,[60],[33.956902]
2025-11-18T00:51:48+01:00,[60],[33.956894]
2025-11-18T00:51:49+01:00,[60],[33.956898]
2025-11-18T00:51:50+01:00,[60],[33.956902]
2025-11-18T00:51:51+01:00,[60],[33.956898]
2025-11-18T00:51:52+01:00,[60],[33.956898]
2025-11-18T00:51:53+01:00,[60],[33.956894]
2025-11-18T00:51:54+01:00,[60],[33.95689]
2025-11-18T00:51:55+01:00,[60],[33.956894]
2025-11-18T00:51:56+01:00,[60],[33.956894]
2025-11-18T00:51:57+01:00,[60],[33.95689]
2025-11-18T00:51:58+01:00,[60],[33.95689]
2025-11-18T00:51:59+01:00,[60],[33.95689]
2025-11-18T00:52:00+01:00,[60],[33.956886]
2025-11-18T00:52:01+01:00,[60],[33.956886]
2025-11-18T00:52:02+01:00,[60],[33.956886]
2025-11-18T00:52:03+01:00,[60],[33.956886]
2025-11-18T00:52:04+01:00,[60],[33.956886]
2025-11-18T00:52:05+01:00,[60],[33.95689]
2025-11-18T00:52:06+01:00,[60],[33.956894]
2025-11-18T00:52:07+01:00,[60],[33.95689]
2025-11-18T00:52:08+01:00,[60],[33.95689]
2025-11-18T00:52:09+01:00,[60],[33.95689]
2025-11-18T00:52:10+01:00,[60],[33.956886]
2025-11-18T00:52:11+01:00,[60],[33.956886]
2025-11-18T00:52:12+01:00,[60],[33.956886]
2025-11-18T00:52:13+01:00,[60],[33.956886]
2025-11-18T00:52:14+01:00,[60],[33.95689]
2025-11-18T00:52:15+01:00,[60],[33.95689]
2025-11-18T00:52:16+01:00,[60],[33.95689]
2025-11-18T00:52:17+01:00,[60],[33.95689]
2025-11-18T00:52:18+01:00,[60],[33.95689]
2025-11-18T00:52:19+01:00,[60],[33.95689]
2025-11-18T00:52:20+01:00,[60],[33.956894]
2025-11-18T00:52:21+01:00,[60],[33.95689]
2025-11-18T00:52:22+01:00,[60],[33.95689]
2025-11-18T00:52:23+01:00,[60],[33.95689]
2025-11-18T00:52:24+01:00,[60],[33.956886]
2025-11-18T00:52:25+01:00,[60],[33.956886]
2025-11-18T00:52:26+01:00,[60],[33.956886]
2025-11-18T00:52:27+01:00,[60],[33.956882]
2025-11-18T00:52:28+01:00,[60],[33.956879]
2025-11-18T00:52:29+01:00,[60],[33.956882]
2025-11-18T00:52:30+01:00,[60],[33.956879]
2025-11-18T00:52:31+01:00,[60],[33.956879]
2025-11-18T00:52:32+01:00,[60],[33.956879]
2025-11-18T00:52:33+01:00,[60],[33.956879]
2025-11-18T00:52:34+01:00,[60],[33.956875]
2025-11-18T00:52:35+01:00,[60],[33.956875]
2025-11-18T00:52:36+01:00,[60],[33.956875]
2025-11-18T00:52:37+01:00,[60],[33.956871]
2025-11-18T00:52:38+01:00,[60],[33.956871]
2025-11-18T00:52:39+01:00,[60],[33.956871]
2025-11-18T00:52:40+01:00,[60],[33.956871]
2025-11-18T00:52:41+01:00,[60],[33.956871]
2025-11-18T00:52:42+01:00,[60],[33.956871]
2025-11-18T00:52:43+01:00,[60],[33.956867]
2025-11-18T00:52:44+01:00,[60],[33.956863]
2025-11-18T00:52:45+01:00,[60],[33.956863]
2025-11-18T00:52:46+01:00,[60],[33.956863]
2025-11-18T00:52:47+01:00,[60],[33.956867]
2025-11-18T00:52:48+01:00,[60],[33.956863]
2025-11-18T00:52:49+01:00,[60],[33.956863]
2025-11-18T00:52:50+01:00,[60],[33.956867]
2025-11-18T00:52:51+01:00,[60],[33.956871]
2025-11-18T00:52:52+01:00,[60],[33.956875]
2025-11-18T00:52:53+01:00,[60],[33.956882]
2025-11-18T00:52:55+01:00,[60],[33.956886]
2025-11-18T00:52:56+01:00,[60],[33.956886]
2025-11-18T00:52:57+01:00,[60],[33.956886]
2025-11-18T00:52:58+01:00,[60],[33.956882]
2025-11-18T00:52:59+01:00,[60],[33.956882]
2025-11-18T00:53:00+01:00,[60],[33.956879]
2025-11-18T00:53:01+01:00,[60],[33.956879]
2025-11-18T00:53:02+01:00,[60],[33.956882]
2025-11-18T00:53:03+01:00,[60],[33.956882]
2025-11-18T00:53:04+01:00,[60],[33.956879]
2025-11-18T00:53:05+01:00,[60],[33.956875]
2025-11-18T00:53:06+01:00,[60],[33.956875]
2025-11-18T00:53:07+01:00,[60],[33.956875]
2025-11-18T00:53:08+01:00,[60],[33.956871]
2025-11-18T00:53:09+01:00,[60],[33.956875]
2025-11-18T00:53:10+01:00,[60],[33.956871]
2025-11-18T00:53:11+01:00,[60],[33.956871]
2025-11-18T00:53:12+01:00,[60],[33.956875]
2025-11-18T00:53:13+01:00,[60],[33.956875]
2025-11-18T00:53:14+01:00,[60],[33.956879]
2025-11-18T00:53:15+01:00,[60],[33.956871]
2025-11-18T00:53:16+01:00,[60],[33.956871]
2025-11-18T00:53:17+01:00,[60],[33.956875]
2025-11-18T00:53:18+01:00,[60],[33.956875]
2025-11-18T00:53:19+01:00,[60],[33.956879]
2025-11-18T00:53:20+01:00,[60],[33.956879]
2025-11-18T00:53:21+01:00,[60],[33.956875]
2025-11-18T00:53:22+01:00,[60],[33.956875]
2025-11-18T00:53:23+01:00,[60],[33.956875]
2025-11-18T00:53:24+01:00,[60],[33.956882]
2025-11-18T00:53:25+01:00,[60],[33.956886]
2025-11-18T00:53:26+01:00,[60],[33.956882]
2025-11-18T00:53:27+01:00,[60],[33.956879]
2025-11-18T00:53:28+01:00,[60],[33.956882]
2025-11-18T00:53:29+01:00,[60],[33.956879]
2025-11-18T00:53:30+01:00,[60],[33.956875]
2025-11-18T00:53:31+01:00,[60],[33.956871]
2025-11-18T00:53:32+01:00,[60],[33.956875]
2025-11-18T00:53:33+01:00,[60],[33.956875]
2025-11-18T00:53:34+01:00,[60],[33.956879]
2025-11-18T00:53:35+01:00,[60],[33.956879]
2025-11-18T00:53:36+01:00,[60],[33.956879]
2025-11-18T00:53:37+01:00,[60],[33.956879]
2025-11-18T00:53:38+01:00,[60],[33.956882]
2025-11-18T00:53:39+01:00,[60],[33.956882]
2025-11-18T00:53:40+01:00,[60],[33.956879]
2025-11-18T00:53:41+01:00,[60],[33.956879]
2025-11-18T00:53:42+01:00,[60],[33.956882]
2025-11-18T00:53:43+01:00,[60],[33.956879]
2025-11-18T00:53:44+01:00,[60],[33.956875]
2025-11-18T00:53:45+01:00,[60],[33.956875]
2025-11-18T00:53:46+01:00,[60],[33.956879]
2025-11-18T00:53:47+01:00,[60],[33.956875]
2025-11-18T00:53:48+01:00,[60],[33.956875]
2025-11-18T00:53:49+01:00,[60],[33.956875]
2025-11-18T00:53:50+01:00,[60],[33.956875]
2025-11-18T00:53:51+01:00,[60],[33.956871]
2025-11-18T00:53:52+01:00,[60],[33.956871]
2025-11-18T00:53:53+01:00,[60],[33.956871]
2025-11-18T00:53:54+01:00,[60],[33.956871]
2025-11-18T00:53:55+01:00,[60],[33.956871]
2025-11-18T00:53:56+01:00,[60],[33.956871]
2025-11-18T00:53:57+01:00,[60],[33.956871]
2025-11-18T00:53:58+01:00,[60],[33.956867]
2025-11-18T00:53:59+01:00,[60],[33.956871]
2025-11-18T00:54:00+01:00,[60],[33.956875]
2025-11-18T00:54:01+01:00,[60],[33.956875]
2025-11-18T00:54:02+01:00,[60],[33.956871]
2025-11-18T00:54:03+01:00,[60],[33.956871]
2025-11-18T00:54:04+01:00,[60],[33.956863]
2025-11-18T00:54:05+01:00,[60],[33.956867]
2025-11-18T00:54:06+01:00,[60],[33.956867]
2025-11-18T00:54:07+01:00,[60],[33.956871]
2025-11-18T00:54:08+01:00,[60],[33.956871]
2025-11-18T00:54:09+01:00,[60],[33.956867]
2025-11-18T00:54:10+01:00,[60],[33.956867]
2025-11-18T00:54:11+01:00,[60],[33.956863]
2025-11-18T00:54:12+01:00,[60],[33.956867]
2025-11-18T00:54:13+01:00,[60],[33.956871]
2025-11-18T00:54:14+01:00,[60],[33.956867]
2025-11-18T00:54:15+01:00,[60],[33.956871]
2025-11-18T00:54:16+01:00,[60],[33.956871]
2025-11-18T00:54:17+01:00,[60],[33.956867]
2025-11-18T00:54:18+01:00,[60],[33.956867]
2025-11-18T00:54:19+01:00,[60],[33.956867]
2025-11-18T00:54:20+01:00,[60],[33.956863]
2025-11-18T00:54:21+01:00,[60],[33.956867]
2025-11-18T00:54:22+01:00,[60],[33.956867]
2025-11-18T00:54:23+01:00,[60],[33.956867]
2025-11-18T00:54:24+01:00,[60],[33.956863]
2025-11-18T00:54:25+01:00,[60],[33.956863]
2025-11-18T00:54:26+01:00,[60],[33.956863]
2025-11-18T00:54:27+01:00,[60],[33.956863]
2025-11-18T00:54:28+01:00,[60],[33.956863]
2025-11-18T00:54:29+01:00,[60],[33.956863]
2025-11-18T00:54:30+01:00,[60],[33.95686]
2025-11-18T00:54:31+01:00,[60],[33.956863]
2025-11-18T00:54:32+01:00,[60],[33.956867]
2025-11-18T00:54:33+01:00,[60],[33.956867]
2025-11-18T00:54:34+01:00,[60],[33.956871]
2025-11-18T00:54:35+01:00,[60],[33.956867]
2025-11-18T00:54:36+01:00,[60],[33.956863]
2025-11-18T00:54:37+01:00,[60],[33.956863]
2025-11-18T00:54:38+01:00,[60],[33.956867]
2025-11-18T00:54:39+01:00,[60],[33.956867]
2025-11-18T00:54:40+01:00,[60],[33.956867]
2025-11-18T00:54:41+01:00,[60],[33.956867]
2025-11-18T00:54:42+01:00,[60],[33.956867]
2025-11-18T00:54:43+01:00,[60],[33.956871]
2025-11-18T00:54:44+01:00,[60],[33.956875]
2025-11-18T00:54:45+01:00,[60],[33.956875]
2025-11-18T00:54:46+01:00,[60],[33.956875]
2025-11-18T00:54:47+01:00,[60],[33.956875]
2025-11-18T00:54:48+01:00,[60],[33.956879]
2025-11-18T00:54:49+01:00,[60],[33.956882]
2025-11-18T00:54:50+01:00,[60],[33.956879]
2025-11-18T00:54:51+01:00,[60],[33.956879]
2025-11-18T00:54:52+01:00,[60],[33.956879]
2025-11-18T00:54:53+01:00,[60],[33.956879]
2025-11-18T00:54:54+01:00,[60],[33.956879]
2025-11-18T00:54:55+01:00,[60],[33.956879]
2025-11-18T00:54:56+01:00,[60],[33.956886]
2025-11-18T00:54:57+01:00,[60],[33.956882]
2025-11-18T00:54:58+01:00,[60],[33.956882]
2025-11-18T00:55:00+01:00,[60],[33.956882]
2025-11-18T00:55:01+01:00,[60],[33.956879]
2025-11-18T00:55:02+01:00,[60],[33.956886]
2025-11-18T00:55:03+01:00,[60],[33.956882]
2025-11-18T00:55:04+01:00,[60],[33.956882]
2025-11-18T00:55:05+01:00,[60],[33.956882]
2025-11-18T00:55:06+01:00,[60],[33.956882]
2025-11-18T00:55:07+01:00,[60],[33.956879]
2025-11-18T00:55:08+01:00,[60],[33.956875]
2025-11-18T00:55:09+01:00,[60],[33.956871]
2025-11-18T00:55:10+01:00,[60],[33.956867]
2025-11-18T00:55:11+01:00,[60],[33.956871]
2025-11-18T00:55:12+01:00,[60],[33.956875]
2025-11-18T00:55:13+01:00,[60],[33.956875]
2025-11-18T00:55:14+01:00,[60],[33.956871]
2025-11-18T00:55:15+01:00,[60],[33.956875]
2025-11-18T00:55:16+01:00,[60],[33.956875]
2025-11-18T00:55:17+01:00,[60],[33.956871]
2025-11-18T00:55:18+01:00,[60],[33.956867]
2025-11-18T00:55:19+01:00,[60],[33.956867]
2025-11-18T00:55:20+01:00,[60],[33.956863]
2025-11-18T00:55:21+01:00,[60],[33.956875]
2025-11-18T00:55:22+01:00,[60],[33.956875]
2025-11-18T00:55:23+01:00,[60],[33.956875]
2025-11-18T00:55:24+01:00,[60],[33.956875]
2025-11-18T00:55:25+01:00,[60],[33.956875]
2025-11-18T00:55:26+01:00,[60],[33.956875]
2025-11-18T00:55:27+01:00,[60],[33.956875]
2025-11-18T00:55:28+01:00,[60],[33.956875]
2025-11-18T00:55:29+01:00,[60],[33.956875]
2025-11-18T00:55:30+01:00,[60],[33.956875]
2025-11-18T00:55:31+01:00,[60],[33.956875]
2025-11-18T00:55:32+01:00,[60],[33.956875]
2025-11-18T00:55:33+01:00,[60],[33.956875]
2025-11-18T00:55:34+01:00,[60],[33.956875]
2025-11-18T00:55:35+01:00,[60],[33.956875]
2025-11-18T00:55:36+01:00,[60],[33.956875]
2025-11-18T00:55:37+01:00,[60],[33.956875]
2025-11-18T00:55:38+01:00,[60],[33.956875]
2025-11-18T00:55:39+01:00,[60],[33.956875]
2025-11-18T00:55:40+01:00,[60],[33.956875]
2025-11-18T00:55:41+01:00,[60],[33.956875]
2025-11-18T00:55:42+01:00,[60],[33.956875]
2025-11-18T00:55:43+01:00,[60],[33.956875]
2025-11-18T00:55:44+01:00,[60],[33.956875]
2025-11-18T00:55:45+01:00,[60],[33.956875]
2025-11-18T00:55:46+01:00,[60],[33.956875]
2025-11-18T00:55:47+01:00,[60],[33.956875]
2025-11-18T00:55:48+01:00,[60],[33.956875]
2025-11-18T00:55:49+01:00,[60],[33.956875]
2025-11-18T00:55:50+01:00,[60],[33.956875]
2025-11-18T00:55:51+01:00,[60],[33.956875]
2025-11-18T00:55:52+01:00,[60],[33.956875]
2025-11-18T00:55:53+01:00,[60],[33.956875]
2025-11-18T00:55:54+01:00,[60],[33.956875]
2025-11-18T00:55:55+01:00,[60],[33.956875]
2025-11-18T00:55:56+01:00,[60],[33.956875]
2025-11-18T00:55:57+01:00,[60],[33.956875]
2025-11-18T00:55:58+01:00,[60],[33.956875]
2025-11-18T00:55:59+01:00,[60],[33.956875]
2025-11-18T00:56:00+01:00,[60],[33.956875]
2025-11-18T00:56:01+01:00,[60],[33.956875]
2025-11-18T00:56:02+01:00,[60],[33.956875]
2025-11-18T00:56:03+01:00,[60],[33.956875]
2025-11-18T00:56:04+01:00,[60],[33.956875]
2025-11-18T00:56:05+01:00,[60],[33.956875]
2025-11-18T00:56:06+01:00,[60],[33.956875]
2025-11-18T00:56:07+01:00,[60],[33.956875]
2025-11-18T00:56:08+01:00,[60],[33.956875]
2025-11-18T00:56:09+01:00,[60],[33.956875]
2025-11-18T00:56:10+01:00,[60],[33.956875]
2025-11-18T00:56:11+01:00,[60],[33.956875]
2025-11-18T00:56:12+01:00,[60],[33.956875]
2025-11-18T00:56:13+01:00,[60],[33.956875]
2025-11-18T00:56:14+01:00,[60],[33.956875]
2025-11-18T00:56:15+01:00,[60],[33.956875]
2025-11-18T00:56:16+01:00,[60],[33.956875]
2025-11-18T00:56:17+01:00,[60],[33.956875]
2025-11-18T00:56:18+01:00,[60],[33.956875]
2025-11-18T00:56:19+01:00,[60],[33.956875]
2025-11-18T00:56:20+01:00,[60],[33.956875]
2025-11-18T00:56:21+01:00,[60],[33.956875]
2025-11-18T00:56:22+01:00,[60],[33.956875]
2025-11-18T00:56:23+01:00,[60],[33.956875]
2025-11-18T00:56:24+01:00,[60],[33.956875]
2025-11-18T00:56:25+01:00,[60],[33.956875]
2025-11-18T00:56:26+01:00,[60],[33.956875]
2025-11-18T00:56:27+01:00,[60],[33.956875]
2025-11-18T00:56:28+01:00,[60],[33.956875]
2025-11-18T00:56:29+01:00,[60],[33.956875]
2025-11-18T00:56:30+01:00,[60],[33.956875]
2025-11-18T00:56:31+01:00,[60],[33.956875]
2025-11-18T00:56:32+01:00,[60],[33.956875]
2025-11-18T00:56:33+01:00,[60],[33.956875]
2025-11-18T00:56:34+01:00,[60],[33.956875]
2025-11-18T00:56:35+01:00,[60],[33.956875]
2025-11-18T00:56:36+01:00,[60],[33.956875]
2025-11-18T00:56:37+01:00,[60],[33.956875]
2025-11-18T00:56:38+01:00,[60],[33.956875]
2025-11-18T00:56:39+01:00,[60],[33.956875]
2025-11-18T00:56:40+01:00,[60],[33.956875]
2025-11-18T00:56:41+01:00,[60],[33.956875]
2025-11-18T00:56:42+01:00,[60],[33.956875]
2025-11-18T00:56:43+01:00,[60],[33.956875]
2025-11-18T00:56:44+01:00,[60],[33.956875]
2025-11-18T00:56:45+01:00,[60],[33.956875]
2025-11-18T00:56:46+01:00,[60],[33.956875]
2025-11-18T00:56:47+01:00,[60],[33.956875]
2025-11-18T00:56:48+01:00,[60],[33.956875]
2025-11-18T00:56:49+01:00,[60],[33.956875]
2025-11-18T00:56:50+01:00,[60],[33.956875]
2025-11-18T00:56:51+01:00,[60],[33.956875]
2025-11-18T00:56:52+01:00,[60],[33.956875]
2025-11-18T00:56:53+01:00,[60],[33.956875]
2025-11-18T00:56:54+01:00,[60],[33.956875]
2025-11-18T00:56:55+01:00,[60],[33.956875]
2025-11-18T00:56:56+01:00,[60],[33.956875]
2025-11-18T00:56:57+01:00,[60],[33.956875]
2025-11-18T00:56:58+01:00,[60],[33.956875]
2025-11-18T00:56:59+01:00,[60],[33.956875]
2025-11-18T00:57:00+01:00,[60],[33.956875]
2025-11-18T00:57:01+01:00,[60],[33.956875]
2025-11-18T00:57:02+01:00,[60],[33.956875]
2025-11-18T00:57:03+01:00,[60],[33.956875]
2025-11-18T00:57:04+01:00,[60],[33.956875]
2025-11-18T00:57:05+01:00,[60],[33.956875]
2025-11-18T00:57:07+01:00,[60],[33.956875]
2025-11-18T00:57:08+01:00,[60],[33.956875]
2025-11-18T00:57:10+01:00,[60],[33.956875]
2025-11-18T00:57:11+01:00,[60],[33.956875]
2025-11-18T00:57:12+01:00,[60],[33.956875]
2025-11-18T00:57:13+01:00,[60],[33.956875]
2025-11-18T00:57:14+01:00,[60],[33.956875]
2025-11-18T00:57:16+01:00,[60],[33.956875]
2025-11-18T00:57:17+01:00,[60],[33.956875]
2025-11-18T00:57:18+01:00,[60],[33.956875]
2025-11-18T00:57:19+01:00,[60],[33.956875]
2025-11-18T00:57:20+01:00,[60],[33.956875]
2025-11-18T00:57:21+01:00,[60],[33.956875]
2025-11-18T00:57:22+01:00,[60],[33.956875]
2025-11-18T00:57:23+01:00,[60],[33.956875]
2025-11-18T00:57:24+01:00,[60],[33.956875]
2025-11-18T00:57:25+01:00,[60],[33.956875]
2025-11-18T00:57:26+01:00,[60],[33.956875]
2025-11-18T00:57:27+01:00,[60],[33.956875]
2025-11-18T00:57:28+01:00,[60],[33.956875]
2025-11-18T00:57:29+01:00,[60],[33.956875]
2025-11-18T00:57:30+01:00,[60],[33.956875]
2025-11-18T00:57:31+01:00,[60],[33.956875]
2025-11-18T00:57:32+01:00,[60],[33.956875]
2025-11-18T00:57:33+01:00,[60],[33.956875]
2025-11-18T00:57:34+01:00,[60],[33.956875]
2025-11-18T00:57:35+01:00,[60],[33.956875]
2025-11-18T00:57:36+01:00,[60],[33.956875]
2025-11-18T00:57:37+01:00,[60],[33.956875]
2025-11-18T00:57:38+01:00,[60],[33.956875]
2025-11-18T00:57:39+01:00,[60],[33.956875]
2025-11-18T00:57:40+01:00,[60],[33.956875]
2025-11-18T00:57:41+01:00,[60],[33.956875]
2025-11-18T00:57:42+01:00,[60],[33.956875]
2025-11-18T00:57:43+01:00,[60],[33.956875]
2025-11-18T00:57:44+01:00,[60],[33.956875]
2025-11-18T00:57:45+01:00,[60],[33.956875]
2025-11-18T00:57:46+01:00,[60],[33.956875]
2025-11-18T00:57:47+01:00,[60],[33.956875]
2025-11-18T00:57:48+01:00,[60],[33.956875]
2025-11-18T00:57:49+01:00,[60],[33.956875]
2025-11-18T00:57:50+01:00,[60],[33.956875]
2025-11-18T00:57:51+01:00,[60],[33.956875]
2025-11-18T00:57:52+01:00,[60],[33.956875]
2025-11-18T00:57:53+01:00,[60],[33.956875]
2025-11-18T00:57:54+01:00,[60],[33.956875]
2025-11-18T00:57:55+01:00,[60],[33.956875]
2025-11-18T00:57:56+01:00,[60],[33.956875]
2025-11-18T00:57:57+01:00,[60],[33.956875]
2025-11-18T00:57:58+01:00,[60],[33.956875]
2025-11-18T00:57:59+01:00,[60],[33.956875]
2025-11-18T00:58:00+01:00,[60],[33.956875]
2025-11-18T00:58:01+01:00,[60],[33.956875]
2025-11-18T00:58:02+01:00,[60],[33.956875]
2025-11-18T00:58:03+01:00,[60],[33.956875]
2025-11-18T00:58:04+01:00,[60],[33.956875]
2025-11-18T00:58:05+01:00,[60],[33.956875]
2025-11-18T00:58:06+01:00,[60],[33.956875]
2025-11-18T00:58:07+01:00,[60],[33.956875]
2025-11-18T00:58:08+01:00,[60],[33.956875]
2025-11-18T00:58:09+01:00,[60],[33.956875]
2025-11-18T00:58:10+01:00,[60],[33.956875]
2025-11-18T00:58:11+01:00,[60],[33.956875]
2025-11-18T00:58:12+01:00,[60],[33.956875]
2025-11-18T00:58:13+01:00,[60],[33.956875]
2025-11-18T00:58:14+01:00,[60],[33.956875]
2025-11-18T00:58:15+01:00,[60],[33.956875]
2025-11-18T00:58:16+01:00,[60],[33.956875]
2025-11-18T00:58:17+01:00,[60],[33.956875]
2025-11-18T00:58:18+01:00,[60],[33.956875]
2025-11-18T00:58:19+01:00,[60],[33.956875]
2025-11-18T00:58:20+01:00,[60],[33.956875]
2025-11-18T00:58:21+01:00,[60],[33.956875]
2025-11-18T00:58:22+01:00,[60],[33.956875]
2025-11-18T00:58:23+01:00,[60],[33.956875]
2025-11-18T00:58:24+01:00,[60],[33.956875]
2025-11-18T00:58:25+01:00,[60],[33.956875]
2025-11-18T00:58:26+01:00,[60],[33.956875]
2025-11-18T00:58:27+01:00,[60],[33.956875]
2025-11-18T00:58:28+01:00,[60],[33.956875]
2025-11-18T00:58:29+01:00,[60],[33.956875]
2025-11-18T00:58:30+01:00,[60],[33.956875]
2025-11-18T00:58:31+01:00,[60],[33.956875]
2025-11-18T00:58:32+01:00,[60],[33.956875]
2025-11-18T00:58:33+01:00,[60],[33.956875]
2025-11-18T00:58:34+01:00,[60],[33.956875]
2025-11-18T00:58:35+01:00,[60],[33.956875]
2025-11-18T00:58:36+01:00,[60],[33.956875]
2025-11-18T00:58:37+01:00,[60],[33.956875]
2025-11-18T00:58:38+01:00,[60],[33.956875]
2025-11-18T00:58:39+01:00,[60],[33.956875]
2025-11-18T00:58:40+01:00,[60],[33.956875]
2025-11-18T00:58:41+01:00,[60],[33.956875]
2025-11-18T00:58:42+01:00,[60],[33.956875]
2025-11-18T00:58:43+01:00,[60],[33.956875]
2025-11-18T00:58:44+01:00,[60],[33.956875]
2025-11-18T00:58:45+01:00,[60],[33.956875]
2025-11-18T00:58:46+01:00,[60],[33.956875]
2025-11-18T00:58:47+01:00,[60],[33.956875]
2025-11-18T00:58:48+01:00,[60],[33.956875]
2025-11-18T00:58:49+01:00,[60],[33.956875]
2025-11-18T00:58:50+01:00,[60],[33.956875]
2025-11-18T00:58:51+01:00,[60],[33.956875]
2025-11-18T00:58:52+01:00,[60],[33.956875]
2025-11-18T00:58:53+01:00,[60],[33.956875]
2025-11-18T00:58:54+01:00,[60],[33.956875]
2025-11-18T00:58:55+01:00,[60],[33.956875]
2025-11-18T00:58:56+01:00,[60],[33.956875]
2025-11-18T00:58:57+01:00,[60],[33.956875]
2025-11-18T00:58:58+01:00,[60],[33.956875]
2025-11-18T00:58:59+01:00,[60],[33.956875]
2025-11-18T00:59:00+01:00,[60],[33.956875]
2025-11-18T00:59:01+01:00,[60],[33.956875]
2025-11-18T00:59:02+01:00,[60],[33.956875]
2025-11-18T00:59:03+01:00,[60],[33.956875]
2025-11-18T00:59:04+01:00,[60],[33.956875]
2025-11-18T00:59:05+01:00,[60],[33.956875]
2025-11-18T00:59:06+01:00,[60],[33.956875]
2025-11-18T00:59:07+01:00,[60],[33.956875]
2025-11-18T00:59:08+01:00,[60],[33.956875]
2025-11-18T00:59:09+01:00,[60],[33.956875]
2025-11-18T00:59:10+01:00,[60],[33.956875]
2025-11-18T00:59:11+01:00,[60],[33.956875]
2025-11-18T00:59:12+01:00,[60],[33.956875]
2025-11-18T00:59:13+01:00,[60],[33.956875]
2025-11-18T00:59:14+01:00,[60],[33.956875]
2025-11-18T00:59:15+01:00,[60],[33.956875]
2025-11-18T00:59:16+01:00,[60],[33.956875]
2025-11-18T00:59:17+01:00,[60],[33.956875]
2025-11-18T00:59:18+01:00,[60],[33.956875]
2025-11-18T00:59:19+01:00,[60],[33.956875]
2025-11-18T00:59:20+01:00,[60],[33.956875]
2025-11-18T00:59:21+01:00,[60],[33.956875]
2025-11-18T00:59:22+01:00,[60],[33.956875]
2025-11-18T00:59:23+01:00,[60],[33.956875]
2025-11-18T00:59:24+01:00,[60],[33.956875]
2025-11-18T00:59:25+01:00,[60],[33.956875]
2025-11-18T00:59:26+01:00,[60],[33.956875]
2025-11-18T00:59:27+01:00,[60],[33.956875]
2025-11-18T00:59:28+01:00,[60],[33.956875]
2025-11-18T00:59:29+01:00,[60],[33.956875]
2025-11-18T00:59:30+01:00,[60],[33.956875]
2025-11-18T00:59:31+01:00,[60],[33.956875]
2025-11-18T00:59:32+01:00,[60],[33.956875]
2025-11-18T00:59:33+01:00,[60],[33.956875]
2025-11-18T00:59:34+01:00,[60],[33.956875]
2025-11-18T00:59:35+01:00,[60],[33.956875]
2025-11-18T00:59:36+01:00,[60],[33.956875]
2025-11-18T00:59:37+01:00,[60],[33.956875]
2025-11-18T00:59:38+01:00,[60],[33.956875]
2025-11-18T00:59:39+01:00,[60],[33.956875]
2025-11-18T00:59:40+01:00,[60],[33.956875]
2025-11-18T00:59:41+01:00,[60],[33.956875]
2025-11-18T00:59:42+01:00,[60],[33.956875]
2025-11-18T00:59:43+01:00,[60],[33.956875]
2025-11-18T00:59:44+01:00,[60],[33.956875]
2025-11-18T00:59:45+01:00,[60],[33.956875]
2025-11-18T00:59:46+01:00,[60],[33.956875]
2025-11-18T00:59:47+01:00,[60],[33.956875]
2025-11-18T00:59:48+01:00,[60],[33.956875]
2025-11-18T00:59:49+01:00,[60],[33.956875]
2025-11-18T00:59:50+01:00,[60],[33.956875]
2025-11-18T00:59:51+01:00,[60],[33.956875]
2025-11-18T00:59:52+01:00,[60],[33.956875]
2025-11-18T00:59:53+01:00,[60],[33.956875]
2025-11-18T00:59:54+01:00,[60],[33.956875]
2025-11-18T00:59:55+01:00,[60],[33.956875]
2025-11-18T00:59:56+01:00,[60],[33.956875]
2025-11-18T00:59:57+01:00,[60],[33.956875]
2025-11-18T00:59:58+01:00,[60],[33.956875]
2025-11-18T00:59:59+01:00,[60],[33.956875]
2025-11-18T01:00:00+01:00,[60],[33.956875]
2025-11-18T01:00:01+01:00,[60],[33.956875]
2025-11-18T01:00:02+01:00,[60],[33.956875]
2025-11-18T01:00:03+01:00,[60],[33.956875]
2025-11-18T01:00:04+01:00,[60],[33.956875]
2025-11-18T01:00:05+01:00,[60],[33.956875]
2025-11-18T01:00:06+01:00,[60],[33.956875]
2025-11-18T01:00:07+01:00,[60],[33.956875]
2025-11-18T01:00:08+01:00,[60],[33.956875]
2025-11-18T01:00:09+01:00,[60],[33.956875]
2025-11-18T01:00:10+01:00,[60],[33.956875]
2025-11-18T01:00:11+01:00,[60],[33.956875]
2025-11-18T01:00:12+01:00,[60],[33.956875]
2025-11-18T01:00:13+01:00,[60],[33.956875]
2025-11-18T01:00:14+01:00,[60],[33.956875]
2025-11-18T01:00:15+01:00,[60],[33.956875]
2025-11-18T01:00:16+01:00,[60],[33.956875]
2025-11-18T01:00:17+01:00,[60],[33.956875]
2025-11-18T01:00:18+01:00,[60],[33.956875]
2025-11-18T01:00:19+01:00,[60],[33.956875]
2025-11-18T01:00:20+01:00,[60],[33.956875]
2025-11-18T01:00:21+01:00,[60],[33.956875]
2025-11-18T01:00:22+01:00,[60],[33.956875]
2025-11-18T01:00:23+01:00,[60],[33.956875]
2025-11-18T01:00:24+01:00,[60],[33.956875]
2025-11-18T01:00:25+01:00,[60],[33.956875]
2025-11-18T01:00:26+01:00,[60],[33.956875]
2025-11-18T01:00:27+01:00,[60],[33.956875]
2025-11-18T01:00:28+01:00,[60],[33.956875]
2025-11-18T01:00:29+01:00,[60],[33.956875]
2025-11-18T01:00:30+01:00,[60],[33.956875]
2025-11-18T01:00:31+01:00,[60],[33.956875]
2025-11-18T01:00:32+01:00,[60],[33.956875]
2025-11-18T01:00:33+01:00,[60],[33.956875]
2025-11-18T01:00:34+01:00,[60],[33.956875]
2025-11-18T01:00:35+01:00,[60],[33.956875]
2025-11-18T01:00:36+01:00,[60],[33.956875]
2025-11-18T01:00:37+01:00,[60],[33.956875]
2025-11-18T01:00:38+01:00,[60],[33.956875]
2025-11-18T01:00:39+01:00,[60],[33.956875]
2025-11-18T01:00:40+01:00,[60],[33.956875]
2025-11-18T01:00:41+01:00,[60],[33.956875]
2025-11-18T01:00:42+01:00,[60],[33.956875]
2025-11-18T01:00:43+01:00,[60],[33.956875]
2025-11-18T01:00:44+01:00,[60],[33.956875]
2025-11-18T01:00:45+01:00,[60],[33.956875]
2025-11-18T01:00:46+01:00,[60],[33.956875]
2025-11-18T01:00:47+01:00,[60],[33.956875]
2025-11-18T01:00:48+01:00,[60],[33.956875]
2025-11-18T01:00:49+01:00,[60],[33.956875]
2025-11-18T01:00:50+01:00,[60],[33.956875]
2025-11-18T01:00:51+01:00,[60],[33.956875]
2025-11-18T01:00:52+01:00,[60],[33.956875]
2025-11-18T01:00:53+01:00,[60],[33.956875]
2025-11-18T01:00:54+01:00,[60],[33.956875]
2025-11-18T01:00:55+01:00,[60],[33.956875]
2025-11-18T01:00:56+01:00,[60],[33.956875]
2025-11-18T01:00:57+01:00,[60],[33.956875]
2025-11-18T01:00:58+01:00,[60],[33.956875]
2025-11-18T01:00:59+01:00,[60],[33.956875]
2025-11-18T01:01:00+01:00,[60],[33.956875]
2025-11-18T01:01:01+01:00,[60],[33.956875]
2025-11-18T01:01:02+01:00,[60],[33.956875]
2025-11-18T01:01:03+01:00,[60],[33.956875]
2025-11-18T01:01:04+01:00,[60],[33.956875]
2025-11-18T01:01:05+01:00,[60],[33.956875]
2025-11-18T01:01:06+01:00,[60],[33.956875]
2025-11-18T01:01:07+01:00,[60],[33.956875]
2025-11-18T01:01:08+01:00,[60],[33.956875]
2025-11-18T01:01:09+01:00,[60],[33.956875]
2025-11-18T01:01:10+01:00,[60],[33.956875]
2025-11-18T01:01:11+01:00,[60],[33.956875]
2025-11-18T01:01:12+01:00,[60],[33.956875]
2025-11-18T01:01:13+01:00,[60],[33.956875]
2025-11-18T01:01:14+01:00,[60],[33.956875]
2025-11-18T01:01:15+01:00,[60],[33.956875]
2025-11-18T01:01:16+01:00,[60],[33.956875]
2025-11-18T01:01:17+01:00,[60],[33.956875]
2025-11-18T01:01:18+01:00,[60],[33.956875]
2025-11-18T01:01:19+01:00,[60],[33.956875]
2025-11-18T01:01:20+01:00,[60],[33.956875]
2025-11-18T01:01:21+01:00,[60],[33.956875]
2025-11-18T01:01:22+01:00,[60],[33.956875]
2025-11-18T01:01:23+01:00,[60],[33.956875]
2025-11-18T01:01:24+01:00,[60],[33.956875]
2025-11-18T01:01:25+01:00,[60],[33.956875]
2025-11-18T01:01:26+01:00,[60],[33.956875]
2025-11-18T01:01:27+01:00,[60],[33.956875]
2025-11-18T01:01:28+01:00,[60],[33.956875]
2025-11-18T01:01:29+01:00,[60],[33.956875]
2025-11-18T01:01:30+01:00,[60],[33.956875]
2025-11-18T01:01:31+01:00,[60],[33.956875]
2025-11-18T01:01:32+01:00,[60],[33.956875]
2025-11-18T01:01:33+01:00,[60],[33.956875]
2025-11-18T01:01:34+01:00,[60],[33.956875]
2025-11-18T01:01:35+01:00,[60],[33.956875]
2025-11-18T01:01:36+01:00,[60],[33.956875]
2025-11-18T01:01:37+01:00,[60],[33.956875]
2025-11-18T01:01:38+01:00,[60],[33.956875]
2025-11-18T01:01:39+01:00,[60],[33.956875]
2025-11-18T01:01:40+01:00,[60],[33.956875]
2025-11-18T01:01:41+01:00,[60],[33.956875]
2025-11-18T01:01:42+01:00,[60],[33.956875]
2025-11-18T01:01:43+01:00,[60],[33.956875]
2025-11-18T01:01:44+01:00,[60],[33.956875]
2025-11-18T01:01:45+01:00,[60],[33.956875]
2025-11-18T01:01:46+01:00,[60],[33.956875]
2025-11-18T01:01:47+01:00,[60],[33.956875]
2025-11-18T01:01:48+01:00,[60],[33.956875]
2025-11-18T01:01:49+01:00,[60],[33.956875]
2025-11-18T01:01:50+01:00,[60],[33.956875]
2025-11-18T01:01:51+01:00,[60],[33.956875]
2025-11-18T01:01:52+01:00,[60],[33.956875]
2025-11-18T01:01:53+01:00,[60],[33.956875]
2025-11-18T01:01:54+01:00,[60],[33.956875]
2025-11-18T01:01:55+01:00,[60],[33.956875]
2025-11-18T01:01:56+01:00,[60],[33.956875]
2025-11-18T01:01:57+01:00,[60],[33.956875]
2025-11-18T01:01:58+01:00,[60],[33.956875]
2025-11-18T01:01:59+01:00,[60],[33.956875]
2025-11-18T01:02:00+01:00,[60],[33.956875]
2025-11-18T01:02:01+01:00,[60],[33.956875]
2025-11-18T01:02:02+01:00,[60],[33.956875]
2025-11-18T01:02:03+01:00,[60],[33.956875]
2025-11-18T01:02:04+01:00,[60],[33.956875]
2025-11-18T01:02:05+01:00,[60],[33.956875]
2025-11-18T01:02:06+01:00,[60],[33.956875]
2025-11-18T01:02:07+01:00,[60],[33.956875]
2025-11-18T01:02:08+01:00,[60],[33.956875]
2025-11-18T01:02:09+01:00,[60],[33.956875]
2025-11-18T01:02:10+01:00,[60],[33.956875]
2025-11-18T01:02:11+01:00,[60],[33.956875]
2025-11-18T01:02:12+01:00,[60],[33.956875]
2025-11-18T01:02:13+01:00,[60],[33.956875]
2025-11-18T01:02:14+01:00,[60],[33.956875]
2025-11-18T01:02:15+01:00,[60],[33.956875]
2025-11-18T01:02:16+01:00,[60],[33.956875]
2025-11-18T01:02:17+01:00,[60],[33.956875]
2025-11-18T01:02:18+01:00,[60],[33.956875]
2025-11-18T01:02:19+01:00,[60],[33.956875]
2025-11-18T01:02:20+01:00,[60],[33.956875]
2025-11-18T01:02:21+01:00,[60],[33.956875]
2025-11-18T01:02:22+01:00,[60],[33.956875]
2025-11-18T01:02:23+01:00,[60],[33.956875]
2025-11-18T01:02:24+01:00,[60],[33.956875]
2025-11-18T01:02:25+01:00,[60],[33.956875]
2025-11-18T01:02:26+01:00,[60],[33.956875]
2025-11-18T01:02:27+01:00,[60],[33.956875]
2025-11-18T01:02:28+01:00,[60],[33.956875]
2025-11-18T01:02:29+01:00,[60],[33.956875]
2025-11-18T01:02:30+01:00,[60],[33.956875]
2025-11-18T01:02:31+01:00,[60],[33.956875]
2025-11-18T01:02:32+01:00,[60],[33.956875]
2025-11-18T01:02:33+01:00,[60],[33.956875]
2025-11-18T01:02:34+01:00,[60],[33.956875]
2025-11-18T01:02:35+01:00,[60],[33.956875]
2025-11-18T01:02:36+01:00,[60],[33.956875]
2025-11-18T01:02:37+01:00,[60],[33.956875]
2025-11-18T01:02:38+01:00,[60],[33.956875]
2025-11-18T01:02:39+01:00,[60],[33.956875]
2025-11-18T01:02:40+01:00,[60],[33.956875]
2025-11-18T01:02:41+01:00,[60],[33.956875]
2025-11-18T01:02:42+01:00,[60],[33.956875]
2025-11-18T01:02:43+01:00,[60],[33.956875]
2025-11-18T01:02:44+01:00,[60],[33.956875]
2025-11-18T01:02:45+01:00,[60],[33.956875]
2025-11-18T01:02:46+01:00,[60],[33.956875]
2025-11-18T01:02:47+01:00,[60],[33.956875]
2025-11-18T01:02:48+01:00,[60],[33.956875]
2025-11-18T01:02:49+01:00,[60],[33.956875]
2025-11-18T01:02:50+01:00,[60],[33.956875]
2025-11-18T01:02:51+01:00,[60],[33.956875]
2025-11-18T01:02:52+01:00,[60],[33.956875]
2025-11-18T01:02:53+01:00,[60],[33.956875]
2025-11-18T01:02:54+01:00,[60],[33.956875]
2025-11-18T01:02:55+01:00,[60],[33.956875]
2025-11-18T01:02:56+01:00,[60],[33.956875]
2025-11-18T01:02:57+01:00,[60],[33.956875]
2025-11-18T01:02:58+01:00,[60],[33.956875]
2025-11-18T01:02:59+01:00,[60],[33.956875]
2025-11-18T01:03:00+01:00,[60],[33.956875]
2025-11-18T01:03:01+01:00,[60],[33.956875]
2025-11-18T01:03:02+01:00,[60],[33.956875]
2025-11-18T01:03:03+01:00,[60],[33.956875]
2025-11-18T01:03:04+01:00,[60],[33.956875]
2025-11-18T01:03:05+01:00,[60],[33.956875]
2025-11-18T01:03:06+01:00,[60],[33.956875]
2025-11-18T01:03:07+01:00,[60],[33.956875]
2025-11-18T01:03:08+01:00,[60],[33.956875]
2025-11-18T01:03:09+01:00,[60],[33.956875]
2025-11-18T01:03:10+01:00,[60],[33.956875]
2025-11-18T01:03:11+01:00,[60],[33.956875]
2025-11-18T01:03:12+01:00,[60],[33.956875]
2025-11-18T01:03:13+01:00,[60],[33.956875]
2025-11-18T01:03:14+01:00,[60],[33.956875]
2025-11-18T01:03:15+01:00,[60],[33.956875]
2025-11-18T01:03:16+01:00,[60],[33.956875]
2025-11-18T01:03:17+01:00,[60],[33.956875]
2025-11-18T01:03:18+01:00,[60],[33.956875]
2025-11-18T01:03:19+01:00,[60],[33.956875]
2025-11-18T01:03:20+01:00,[60],[33.956875]
2025-11-18T01:03:21+01:00,[60],[33.956875]
2025-11-18T01:03:22+01:00,[60],[33.956875]
2025-11-18T01:03:23+01:00,[60],[33.956875]
2025-11-18T01:03:24+01:00,[60],[33.956875]
2025-11-18T01:03:25+01:00,[60],[33.956875]
2025-11-18T01:03:26+01:00,[60],[33.956875]
2025-11-18T01:03:27+01:00,[60],[33.956875]
2025-11-18T01:03:28+01:00,[60],[33.956875]
2025-11-18T01:03:29+01:00,[60],[33.956875]
2025-11-18T01:03:30+01:00,[60],[33.956875]
2025-11-18T01:03:31+01:00,[60],[33.956875]
2025-11-18T01:03:32+01:00,[60],[33.956875]
2025-11-18T01:03:33+01:00,[60],[33.956875]
2025-11-18T01:03:34+01:00,[60],[33.956875]
2025-11-18T01:03:35+01:00,[60],[33.956875]
2025-11-18T01:03:36+01:00,[60],[33.956875]
2025-11-18T01:03:37+01:00,[60],[33.956875]
2025-11-18T01:03:38+01:00,[60],[33.956875]
2025-11-18T01:03:39+01:00,[60],[33.956875]
2025-11-18T01:03:40+01:00,[60],[33.956875]
2025-11-18T01:03:41+01:00,[60],[33.956875]
2025-11-18T01:03:42+01:00,[60],[33.956875]
2025-11-18T01:03:43+01:00,[60],[33.956875]
2025-11-18T01:03:44+01:00,[60],[33.956875]
2025-11-18T01:03:45+01:00,[60],[33.956875]
2025-11-18T01:03:46+01:00,[60],[33.956875]
2025-11-18T01:03:47+01:00,[60],[33.956875]
2025-11-18T01:03:48+01:00,[60],[33.956875]
2025-11-18T01:03:49+01:00,[60],[33.956875]
2025-11-18T01:03:50+01:00,[60],[33.956875]
2025-11-18T01:03:51+01:00,[60],[33.956875]
2025-11-18T01:03:52+01:00,[60],[33.956875]
2025-11-18T01:03:53+01:00,[60],[33.956875]
2025-11-18T01:03:54+01:00,[60],[33.956875]
2025-11-18T01:03:55+01:00,[60],[33.956875]
2025-11-18T01:03:56+01:00,[60],[33.956875]
2025-11-18T01:03:57+01:00,[60],[33.956875]
2025-11-18T01:03:58+01:00,[60],[33.956875]
2025-11-18T01:03:59+01:00,[60],[33.956875]
2025-11-18T01:04:00+01:00,[60],[33.956875]
2025-11-18T01:04:01+01:00,[60],[33.956875]
2025-11-18T01:04:02+01:00,[60],[33.956875]
2025-11-18T01:04:03+01:00,[60],[33.956875]
2025-11-18T01:04:04+01:00,[60],[33.956875]
2025-11-18T01:04:05+01:00,[60],[33.956875]
2025-11-18T01:04:06+01:00,[60],[33.956875]
2025-11-18T01:04:07+01:00,[60],[33.956875]
2025-11-18T01:04:08+01:00,[60],[33.956875]
2025-11-18T01:04:09+01:00,[60],[33.956875]
2025-11-18T01:04:10+01:00,[60],[33.956875]
2025-11-18T01:04:11+01:00,[60],[33.956875]
2025-11-18T01:04:12+01:00,[60],[33.956875]
2025-11-18T01:04:13+01:00,[60],[33.956875]
2025-11-18T01:04:14+01:00,[60],[33.956875]
2025-11-18T01:04:15+01:00,[60],[33.956875]
2025-11-18T01:04:16+01:00,[60],[33.956875]
2025-11-18T01:04:17+01:00,[60],[33.956875]
2025-11-18T01:04:18+01:00,[60],[33.956875]
2025-11-18T01:04:19+01:00,[60],[33.956875]
2025-11-18T01:04:20+01:00,[60],[33.956875]
2025-11-18T01:04:21+01:00,[60],[33.956875]
2025-11-18T01:04:22+01:00,[60],[33.956875]
2025-11-18T01:04:23+01:00,[60],[33.956875]
2025-11-18T01:04:24+01:00,[60],[33.956875]
2025-11-18T01:04:25+01:00,[60],[33.956875]
2025-11-18T01:04:26+01:00,[60],[33.956875]
2025-11-18T01:04:27+01:00,[60],[33.956875]
2025-11-18T01:04:28+01:00,[60],[33.956875]
2025-11-18T01:04:29+01:00,[60],[33.956875]
2025-11-18T01:04:30+01:00,[60],[33.956875]
2025-11-18T01:04:31+01:00,[60],[33.956875]
2025-11-18T01:04:32+01:00,[60],[33.956875]
2025-11-18T01:04:33+01:00,[60],[33.956875]
2025-11-18T01:04:34+01:00,[60],[33.956875]
2025-11-18T01:04:35+01:00,[60],[33.956875]
2025-11-18T01:04:36+01:00,[60],[33.956875]
2025-11-18T01:04:37+01:00,[60],[33.956875]
2025-11-18T01:04:38+01:00,[60],[33.956875]
2025-11-18T01:04:39+01:00,[60],[33.956875]
2025-11-18T01:04:40+01:00,[60],[33.956875]
2025-11-18T01:04:41+01:00,[60],[33.956875]
2025-11-18T01:04:42+01:00,[60],[33.956875]
2025-11-18T01:04:43+01:00,[60],[33.956875]
2025-11-18T01:04:44+01:00,[60],[33.956875]
2025-11-18T01:04:45+01:00,[60],[33.956875]
2025-11-18T01:04:46+01:00,[60],[33.956875]
2025-11-18T01:04:47+01:00,[60],[33.956875]
2025-11-18T01:04:48+01:00,[60],[33.956875]
2025-11-18T01:04:49+01:00,[60],[33.956875]
2025-11-18T01:04:50+01:00,[60],[33.956875]
2025-11-18T01:04:51+01:00,[60],[33.956875]
2025-11-18T01:04:52+01:00,[60],[33.956875]
2025-11-18T01:04:53+01:00,[60],[33.956875]
2025-11-18T01:04:54+01:00,[60],[33.956875]
2025-11-18T01:04:55+01:00,[60],[33.956875]
2025-11-18T01:04:56+01:00,[60],[33.956875]
2025-11-18T01:04:57+01:00,[60],[33.956875]
2025-11-18T01:04:58+01:00,[60],[33.956875]
2025-11-18T01:04:59+01:00,[60],[33.956875]
2025-11-18T01:05:00+01:00,[60],[33.956875]
2025-11-18T01:05:01+01:00,[60],[33.956875]
2025-11-18T01:05:02+01:00,[60],[33.956875]
2025-11-18T01:05:03+01:00,[60],[33.956875]
2025-11-18T01:05:04+01:00,[60],[33.956875]
2025-11-18T01:05:05+01:00,[60],[33.956875]
2025-11-18T01:05:06+01:00,[60],[33.956875]
2025-11-18T01:05:07+01:00,[60],[33.956875]
2025-11-18T01:05:08+01:00,[60],[33.956875]
2025-11-18T01:05:09+01:00,[60],[33.956875]
2025-11-18T01:05:10+01:00,[60],[33.956875]
2025-11-18T01:05:11+01:00,[60],[33.956875]
2025-11-18T01:05:12+01:00,[60],[33.956875]
2025-11-18T01:05:13+01:00,[60],[33.956875]
2025-11-18T01:05:14+01:00,[60],[33.956875]
2025-11-18T01:05:15+01:00,[60],[33.956875]
2025-11-18T01:05:16+01:00,[60],[33.956875]
2025-11-18T01:05:17+01:00,[60],[33.956875]
2025-11-18T01:05:18+01:00,[60],[33.956875]
2025-11-18T01:05:19+01:00,[60],[33.956875]
2025-11-18T01:05:20+01:00,[60],[33.956875]
2025-11-18T01:05:21+01:00,[60],[33.956875]
2025-11-18T01:05:22+01:00,[60],[33.956875]
2025-11-18T01:05:23+01:00,[60],[33.956875]
2025-11-18T01:05:24+01:00,[60],[33.956875]
2025-11-18T01:05:25+01:00,[60],[33.956875]
2025-11-18T01:05:26+01:00,[60],[33.956875]
2025-11-18T01:05:27+01:00,[60],[33.956875]
2025-11-18T01:05:28+01:00,[60],[33.956875]
2025-11-18T01:05:29+01:00,[60],[33.956875]
2025-11-18T01:05:30+01:00,[60],[33.956875]
2025-11-18T01:05:31+01:00,[60],[33.956875]
2025-11-18T01:05:32+01:00,[60],[33.956875]
2025-11-18T01:05:33+01:00,[60],[33.956875]
2025-11-18T01:05:34+01:00,[60],[33.956875]
2025-11-18T01:05:35+01:00,[60],[33.956875]
2025-11-18T01:05:36+01:00,[60],[33.956875]
2025-11-18T01:05:37+01:00,[60],[33.956875]
2025-11-18T01:05:38+01:00,[60],[33.956875]
2025-11-18T01:05:39+01:00,[60],[33.956875]
2025-11-18T01:05:40+01:00,[60],[33.956875]
2025-11-18T01:05:41+01:00,[60],[33.956875]
2025-11-18T01:05:42+01:00,[60],[33.956875]
2025-11-18T01:05:43+01:00,[60],[33.956875]
2025-11-18T01:05:44+01:00,[60],[33.956875]
2025-11-18T01:05:45+01:00,[60],[33.956875]
2025-11-18T01:05:46+01:00,[60],[33.956875]
2025-11-18T01:05:47+01:00,[60],[33.956875]
2025-11-18T01:05:48+01:00,[60],[33.956875]
2025-11-18T01:05:49+01:00,[60],[33.956875]
2025-11-18T01:05:50+01:00,[60],[33.956875]
2025-11-18T01:05:51+01:00,[60],[33.956875]
2025-11-18T01:05:52+01:00,[60],[33.956875]
2025-11-18T01:05:53+01:00,[60],[33.956875]
2025-11-18T01:05:54+01:00,[60],[33.956875]
2025-11-18T01:05:55+01:00,[60],[33.956875]
2025-11-18T01:05:56+01:00,[60],[33.956875]
2025-11-18T01:05:57+01:00,[60],[33.956875]
2025-11-18T01:05:58+01:00,[60],[33.956875]
2025-11-18T01:05:59+01:00,[60],[33.956875]
2025-11-18T01:06:00+01:00,[60],[33.956875]
2025-11-18T01:06:01+01:00,[60],[33.956875]
2025-11-18T01:06:02+01:00,[60],[33.956875]
2025-11-18T01:06:03+01:00,[60],[33.956875]
2025-11-18T01:06:04+01:00,[60],[33.956875]
2025-11-18T01:06:05+01:00,[60],[33.956875]
2025-11-18T01:06:06+01:00,[60],[33.956875]
2025-11-18T01:06:07+01:00,[60],[33.956875]
2025-11-18T01:06:08+01:00,[60],[33.956875]
2025-11-18T01:06:09+01:00,[60],[33.956875]
2025-11-18T01:06:10+01:00,[60],[33.956875]
2025-11-18T01:06:11+01:00,[60],[33.956875]
2025-11-18T01:06:12+01:00,[60],[33.956875]
2025-11-18T01:06:13+01:00,[60],[33.956875]
2025-11-18T01:06:14+01:00,[60],[33.956875]
2025-11-18T01:06:15+01:00,[60],[33.956875]
2025-11-18T01:06:16+01:00,[60],[33.956875]
2025-11-18T01:06:17+01:00,[60],[33.956875]
2025-11-18T01:06:18+01:00,[60],[33.956875]
2025-11-18T01:06:19+01:00,[60],[33.956875]
2025-11-18T01:06:20+01:00,[60],[33.956875]
2025-11-18T01:06:21+01:00,[60],[33.956875]
2025-11-18T01:06:22+01:00,[60],[33.956875]
2025-11-18T01:06:23+01:00,[60],[33.956875]
2025-11-18T01:06:24+01:00,[60],[33.956875]
2025-11-18T01:06:25+01:00,[60],[33.956875]
2025-11-18T01:06:26+01:00,[60],[33.956875]
2025-11-18T01:06:27+01:00,[60],[33.956875]
2025-11-18T01:06:28+01:00,[60],[33.956875]
2025-11-18T01:06:29+01:00,[60],[33.956875]
2025-11-18T01:06:30+01:00,[60],[33.956875]
2025-11-18T01:06:31+01:00,[60],[33.956875]
2025-11-18T01:06:32+01:00,[60],[33.956875]
2025-11-18T01:06:33+01:00,[60],[33.956875]
2025-11-18T01:06:34+01:00,[60],[33.956875]
2025-11-18T01:06:35+01:00,[60],[33.956875]
2025-11-18T01:06:36+01:00,[60],[33.956875]
2025-11-18T01:06:37+01:00,[60],[33.956875]
2025-11-18T01:06:38+01:00,[60],[33.956875]
2025-11-18T01:06:39+01:00,[60],[33.956875]
2025-11-18T01:06:40+01:00,[60],[33.956875]
2025-11-18T01:06:41+01:00,[60],[33.956875]
2025-11-18T01:06:42+01:00,[60],[33.956875]
2025-11-18T01:06:43+01:00,[60],[33.956875]
2025-11-18T01:06:44+01:00,[60],[33.956875]
2025-11-18T01:06:45+01:00,[60],[33.956875]
2025-11-18T01:06:46+01:00,[60],[33.956875]
2025-11-18T01:06:47+01:00,[60],[33.956875]
2025-11-18T01:06:48+01:00,[60],[33.956875]
2025-11-18T01:06:49+01:00,[60],[33.956875]
2025-11-18T01:06:50+01:00,[60],[33.956875]
2025-11-18T01:06:51+01:00,[60],[33.956875]
2025-11-18T01:06:52+01:00,[60],[33.956875]
2025-11-18T01:06:53+01:00,[60],[33.956875]
2025-11-18T01:06:54+01:00,[60],[33.956875]
2025-11-18T01:06:55+01:00,[60],[33.956875]
2025-11-18T01:06:56+01:00,[60],[33.956875]
2025-11-18T01:06:57+01:00,[60],[33.956875]
2025-11-18T01:06:58+01:00,[60],[33.956875]
2025-11-18T01:06:59+01:00,[60],[33.956875]
2025-11-18T01:07:00+01:00,[60],[33.956875]
2025-11-18T01:07:01+01:00,[60],[33.956875]
2025-11-18T01:07:02+01:00,[60],[33.956875]
2025-11-18T01:07:03+01:00,[60],[33.956875]
2025-11-18T01:07:04+01:00,[60],[33.956875]
2025-11-18T01:07:05+01:00,[60],[33.956875]
2025-11-18T01:07:06+01:00,[60],[33.956875]
2025-11-18T01:07:07+01:00,[60],[33.956875]
2025-11-18T01:07:08+01:00,[60],[33.956875]
2025-11-18T01:07:09+01:00,[60],[33.956875]
2025-11-18T01:07:10+01:00,[60],[33.956875]
2025-11-18T01:07:11+01:00,[60],[33.956875]
2025-11-18T01:07:12+01:00,[60],[33.956875]
2025-11-18T01:07:13+01:00,[60],[33.956875]
2025-11-18T01:07:14+01:00,[60],[33.956875]
2025-11-18T01:07:15+01:00,[60],[33.956875]
2025-11-18T01:07:16+01:00,[60],[33.956875]
2025-11-18T01:07:17+01:00,[60],[33.956875]
2025-11-18T01:07:18+01:00,[60],[33.956875]
2025-11-18T01:07:19+01:00,[60],[33.956875]
2025-11-18T01:07:20+01:00,[60],[33.956875]
2025-11-18T01:07:21+01:00,[60],[33.956875]
2025-11-18T01:07:22+01:00,[60],[33.956875]
2025-11-18T01:07:23+01:00,[60],[33.956875]
2025-11-18T01:07:24+01:00,[60],[33.956875]
2025-11-18T01:07:25+01:00,[60],[33.956875]
2025-11-18T01:07:26+01:00,[60],[33.956875]
2025-11-18T01:07:27+01:00,[60],[33.956875]
2025-11-18T01:07:28+01:00,[60],[33.956875]
2025-11-18T01:07:29+01:00,[60],[33.956875]
2025-11-18T01:07:30+01:00,[60],[33.956875]
2025-11-18T01:07:31+01:00,[60],[33.956875]
2025-11-18T01:07:32+01:00,[60],[33.956875]
2025-11-18T01:07:33+01:00,[60],[33.956875]
2025-11-18T01:07:34+01:00,[60],[33.956875]
2025-11-18T01:07:35+01:00,[60],[33.956875]
2025-11-18T01:07:36+01:00,[60],[33.956875]
2025-11-18T01:07:37+01:00,[60],[33.956875]
2025-11-18T01:07:38+01:00,[60],[33.956875]
2025-11-18T01:07:39+01:00,[60],[33.956875]
2025-11-18T01:07:40+01:00,[60],[33.956875]
2025-11-18T01:07:41+01:00,[60],[33.956875]
2025-11-18T01:07:42+01:00,[60],[33.956875]
2025-11-18T01:07:43+01:00,[60],[33.956875]
2025-11-18T01:07:44+01:00,[60],[33.956875]
2025-11-18T01:07:45+01:00,[60],[33.956875]
2025-11-18T01:07:46+01:00,[60],[33.956875]
2025-11-18T01:07:47+01:00,[60],[33.956875]
2025-11-18T01:07:48+01:00,[60],[33.956875]
2025-11-18T01:07:49+01:00,[60],[33.956875]
2025-11-18T01:07:50+01:00,[60],[33.956875]
2025-11-18T01:07:51+01:00,[60],[33.956875]
2025-11-18T01:07:52+01:00,[60],[33.956875]
2025-11-18T01:07:53+01:00,[60],[33.956875]
2025-11-18T01:07:54+01:00,[60],[33.956875]
2025-11-18T01:07:55+01:00,[60],[33.956875]
2025-11-18T01:07:56+01:00,[60],[33.956875]
2025-11-18T01:07:57+01:00,[60],[33.956875]
2025-11-18T01:07:58+01:00,[60],[33.956875]
2025-11-18T01:07:59+01:00,[60],[33.956875]
2025-11-18T01:08:00+01:00,[60],[33.956875]
2025-11-18T01:08:01+01:00,[60],[33.956875]
2025-11-18T01:08:02+01:00,[60],[33.956875]
2025-11-18T01:08:03+01:00,[60],[33.956875]
2025-11-18T01:08:04+01:00,[60],[33.956875]
2025-11-18T01:08:05+01:00,[60],[33.956875]
2025-11-18T01:08:06+01:00,[60],[33.956875]
2025-11-18T01:08:07+01:00,[60],[33.956875]
2025-11-18T01:08:08+01:00,[60],[33.956875]
2025-11-18T01:08:09+01:00,[60],[33.956875]
2025-11-18T01:08:10+01:00,[60],[33.956875]
2025-11-18T01:08:11+01:00,[60],[33.956875]
2025-11-18T01:08:12+01:00,[60],[33.956875]
2025-11-18T01:08:13+01:00,[60],[33.956875]
2025-11-18T01:08:14+01:00,[60],[33.956875]
2025-11-18T01:08:15+01:00,[60],[33.956875]
2025-11-18T01:08:16+01:00,[60],[33.956875]
2025-11-18T01:08:17+01:00,[60],[33.956875]
2025-11-18T01:08:18+01:00,[60],[33.956875]
2025-11-18T01:08:19+01:00,[60],[33.956875]
2025-11-18T01:08:20+01:00,[60],[33.956875]
2025-11-18T01:08:21+01:00,[60],[33.956875]
2025-11-18T01:08:22+01:00,[60],[33.956875]
2025-11-18T01:08:23+01:00,[60],[33.956875]
2025-11-18T01:08:24+01:00,[60],[33.956875]
2025-11-18T01:08:25+01:00,[60],[33.956875]
2025-11-18T01:08:26+01:00,[60],[33.956875]
2025-11-18T01:08:27+01:00,[60],[33.956875]
2025-11-18T01:08:28+01:00,[60],[33.956875]
2025-11-18T01:08:29+01:00,[60],[33.956875]
2025-11-18T01:08:30+01:00,[60],[33.956875]
2025-11-18T01:08:31+01:00,[60],[33.956875]
2025-11-18T01:08:32+01:00,[60],[33.956875]
2025-11-18T01:08:33+01:00,[60],[33.956875]
2025-11-18T01:08:34+01:00,[60],[33.956875]
2025-11-18T01:08:35+01:00,[60],[33.956875]
2025-11-18T01:08:36+01:00,[60],[33.956875]
2025-11-18T01:08:37+01:00,[60],[33.956875]
2025-11-18T01:08:38+01:00,[60],[33.956875]
2025-11-18T01:08:39+01:00,[60],[33.956875]
2025-11-18T01:08:40+01:00,[60],[33.956875]
2025-11-18T01:08:41+01:00,[60],[33.956875]
2025-11-18T01:08:42+01:00,[60],[33.956875]
2025-11-18T01:08:43+01:00,[60],[33.956875]
2025-11-18T01:08:44+01:00,[60],[33.956875]
2025-11-18T01:08:45+01:00,[60],[33.956875]
2025-11-18T01:08:46+01:00,[60],[33.956875]
2025-11-18T01:08:47+01:00,[60],[33.956875]
2025-11-18T01:08:48+01:00,[60],[33.956875]
2025-11-18T01:08:49+01:00,[60],[33.956875]
2025-11-18T01:08:50+01:00,[60],[33.956875]
2025-11-18T01:08:51+01:00,[60],[33.956875]
2025-11-18T01:08:52+01:00,[60],[33.956875]
2025-11-18T01:08:53+01:00,[60],[33.956875]
2025-11-18T01:08:54+01:00,[60],[33.956875]
2025-11-18T01:08:55+01:00,[60],[33.956875]
2025-11-18T01:08:56+01:00,[60],[33.956875]
2025-11-18T01:08:57+01:00,[60],[33.956875]
2025-11-18T01:08:58+01:00,[60],[33.956875]
2025-11-18T01:08:59+01:00,[60],[33.956875]
2025-11-18T01:09:00+01:00,[60],[33.956875]
2025-11-18T01:09:01+01:00,[60],[33.956875]
2025-11-18T01:09:02+01:00,[60],[33.956875]
2025-11-18T01:09:03+01:00,[60],[33.956875]
2025-11-18T01:09:04+01:00,[60],[33.956875]
2025-11-18T01:09:05+01:00,[60],[33.956875]
2025-11-18T01:09:06+01:00,[60],[33.956875]
2025-11-18T01:09:07+01:00,[60],[33.956875]
2025-11-18T01:09:08+01:00,[60],[33.956875]
2025-11-18T01:09:09+01:00,[60],[33.956875]
2025-11-18T01:09:10+01:00,[60],[33.956875]
2025-11-18T01:09:11+01:00,[60],[33.956875]
2025-11-18T01:09:12+01:00,[60],[33.956875]
2025-11-18T01:09:13+01:00,[60],[33.956875]
2025-11-18T01:09:14+01:00,[60],[33.956875]
2025-11-18T01:09:15+01:00,[60],[33.956875]
2025-11-18T01:09:16+01:00,[60],[33.956875]
2025-11-18T01:09:17+01:00,[60],[33.956875]
2025-11-18T01:09:18+01:00,[60],[33.956875]
2025-11-18T01:09:19+01:00,[60],[33.956875]
2025-11-18T01:09:20+01:00,[60],[33.956875]
2025-11-18T01:09:21+01:00,[60],[33.956875]
2025-11-18T01:09:22+01:00,[60],[33.956875]
2025-11-18T01:09:23+01:00,[60],[33.956875]
2025-11-18T01:09:24+01:00,[60],[33.956875]
2025-11-18T01:09:25+01:00,[60],[33.956875]
2025-11-18T01:09:26+01:00,[60],[33.956875]
2025-11-18T01:09:27+01:00,[60],[33.956875]
2025-11-18T01:09:28+01:00,[60],[33.956875]
2025-11-18T01:09:29+01:00,[60],[33.956875]
2025-11-18T01:09:30+01:00,[60],[33.956875]
2025-11-18T01:09:31+01:00,[60],[33.956875]
2025-11-18T01:09:32+01:00,[60],[33.956875]
2025-11-18T01:09:33+01:00,[60],[33.956875]
2025-11-18T01:09:34+01:00,[60],[33.956875]
2025-11-18T01:09:35+01:00,[60],[33.956875]
2025-11-18T01:09:36+01:00,[60],[33.956875]
2025-11-18T01:09:37+01:00,[60],[33.956875]
2025-11-18T01:09:38+01:00,[60],[33.956875]
2025-11-18T01:09:39+01:00,[60],[33.956875]
2025-11-18T01:09:40+01:00,[60],[33.956875]
2025-11-18T01:09:41+01:00,[60],[33.956875]
2025-11-18T01:09:42+01:00,[60],[33.956875]
2025-11-18T01:09:43+01:00,[60],[33.956875]
2025-11-18T01:09:44+01:00,[60],[33.956875]
2025-11-18T01:09:45+01:00,[60],[33.956875]
2025-11-18T01:09:46+01:00,[60],[33.956875]
2025-11-18T01:09:47+01:00,[60],[33.956875]
2025-11-18T01:09:48+01:00,[60],[33.956875]
2025-11-18T01:09:49+01:00,[60],[33.956875]
2025-11-18T01:09:50+01:00,[60],[33.956875]
2025-11-18T01:09:51+01:00,[60],[33.956875]
2025-11-18T01:09:52+01:00,[60],[33.956875]
2025-11-18T01:09:53+01:00,[60],[33.956875]
2025-11-18T01:09:54+01:00,[60],[33.956875]
2025-11-18T01:09:55+01:00,[60],[33.956875]
2025-11-18T01:09:56+01:00,[60],[33.956875]
2025-11-18T01:09:57+01:00,[60],[33.956875]
2025-11-18T01:09:58+01:00,[60],[33.956875]
2025-11-18T01:09:59+01:00,[60],[33.956875]
2025-11-18T01:10:00+01:00,[60],[33.956875]
2025-11-18T01:10:01+01:00,[60],[33.956875]
2025-11-18T01:10:02+01:00,[60],[33.956875]
2025-11-18T01:10:03+01:00,[60],[33.956875]
2025-11-18T01:10:04+01:00,[60],[33.956875]
2025-11-18T01:10:05+01:00,[60],[33.956875]
2025-11-18T01:10:06+01:00,[60],[33.956875]
2025-11-18T01:10:07+01:00,[60],[33.956875]
2025-11-18T01:10:08+01:00,[60],[33.956875]
2025-11-18T01:10:09+01:00,[60],[33.956875]
2025-11-18T01:10:10+01:00,[60],[33.956875]
2025-11-18T01:10:12+01:00,[60],[33.956875]
2025-11-18T01:10:13+01:00,[60],[33.956875]
2025-11-18T01:10:14+01:00,[60],[33.956875]
2025-11-18T01:10:15+01:00,[60],[33.956875]
2025-11-18T01:10:16+01:00,[60],[33.956875]
2025-11-18T01:10:17+01:00,[60],[33.956875]
2025-11-18T01:10:18+01:00,[60],[33.956875]
2025-11-18T01:10:19+01:00,[60],[33.956875]
2025-11-18T01:10:20+01:00,[60],[33.956875]
2025-11-18T01:10:21+01:00,[60],[33.956875]
2025-11-18T01:10:22+01:00,[60],[33.956875]
2025-11-18T01:10:23+01:00,[60],[33.956875]
2025-11-18T01:10:24+01:00,[60],[33.956875]
2025-11-18T01:10:25+01:00,[60],[33.956875]
2025-11-18T01:10:26+01:00,[60],[33.956875]
2025-11-18T01:10:27+01:00,[60],[33.956875]
2025-11-18T01:10:28+01:00,[60],[33.956875]
2025-11-18T01:10:29+01:00,[60],[33.956875]
2025-11-18T01:10:30+01:00,[60],[33.956875]
2025-11-18T01:10:31+01:00,[60],[33.956875]
2025-11-18T01:10:32+01:00,[60],[33.956875]
2025-11-18T01:10:33+01:00,[60],[33.956875]
2025-11-18T01:10:34+01:00,[60],[33.956875]
2025-11-18T01:10:35+01:00,[60],[33.956875]
2025-11-18T01:10:36+01:00,[60],[33.956875]
2025-11-18T01:10:37+01:00,[60],[33.956875]
2025-11-18T01:10:38+01:00,[60],[33.956875]
2025-11-18T01:10:39+01:00,[60],[33.956875]
2025-11-18T01:10:40+01:00,[60],[33.956875]
2025-11-18T01:10:41+01:00,[60],[33.956875]
2025-11-18T01:10:42+01:00,[60],[33.956875]
2025-11-18T01:10:43+01:00,[60],[33.956875]
2025-11-18T01:10:44+01:00,[60],[33.956875]
2025-11-18T01:10:45+01:00,[60],[33.956875]
2025-11-18T01:10:46+01:00,[60],[33.956875]
2025-11-18T01:10:47+01:00,[60],[33.956875]
2025-11-18T01:10:48+01:00,[60],[33.956875]
2025-11-18T01:10:49+01:00,[60],[33.956875]
2025-11-18T01:10:50+01:00,[60],[33.956875]
2025-11-18T01:10:51+01:00,[60],[33.956875]
2025-11-18T01:10:52+01:00,[60],[33.956875]
2025-11-18T01:10:53+01:00,[60],[33.956875]
2025-11-18T01:10:54+01:00,[60],[33.956875]
2025-11-18T01:10:55+01:00,[60],[33.956875]
2025-11-18T01:10:56+01:00,[60],[33.956875]
2025-11-18T01:10:57+01:00,[60],[33.956875]
2025-11-18T01:10:58+01:00,[60],[33.956875]
2025-11-18T01:10:59+01:00,[60],[33.956875]
2025-11-18T01:11:00+01:00,[60],[33.956875]
2025-11-18T01:11:01+01:00,[60],[33.956875]
2025-11-18T01:11:02+01:00,[60],[33.956875]
2025-11-18T01:11:03+01:00,[60],[33.956875]
2025-11-18T01:11:04+01:00,[60],[33.956875]
2025-11-18T01:11:05+01:00,[60],[33.956875]
2025-11-18T01:11:06+01:00,[60],[33.956875]
2025-11-18T01:11:07+01:00,[60],[33.956875]
2025-11-18T01:11:08+01:00,[60],[33.956875]
2025-11-18T01:11:09+01:00,[60],[33.956875]
2025-11-18T01:11:10+01:00,[60],[33.956875]
2025-11-18T01:11:11+01:00,[60],[33.956875]
2025-11-18T01:11:12+01:00,[60],[33.956875]
2025-11-18T01:11:13+01:00,[60],[33.956875]
2025-11-18T01:11:14+01:00,[60],[33.956875]
2025-11-18T01:11:15+01:00,[60],[33.956875]
2025-11-18T01:11:16+01:00,[60],[33.956875]
2025-11-18T01:11:17+01:00,[60],[33.956875]
2025-11-18T01:11:18+01:00,[60],[33.956875]
2025-11-18T01:11:19+01:00,[60],[33.956875]
2025-11-18T01:11:20+01:00,[60],[33.956875]
2025-11-18T01:11:21+01:00,[60],[33.956875]
2025-11-18T01:11:22+01:00,[60],[33.956875]
2025-11-18T01:11:23+01:00,[60],[33.956875]
2025-11-18T01:11:24+01:00,[60],[33.956875]
2025-11-18T01:11:25+01:00,[60],[33.956875]
2025-11-18T01:11:26+01:00,[60],[33.956875]
2025-11-18T01:11:27+01:00,[60],[33.956875]
2025-11-18T01:11:28+01:00,[60],[33.956875]
2025-11-18T01:11:29+01:00,[60],[33.956875]
2025-11-18T01:11:30+01:00,[60],[33.956875]
2025-11-18T01:11:31+01:00,[60],[33.956875]
2025-11-18T01:11:32+01:00,[60],[33.956875]
2025-11-18T01:11:33+01:00,[60],[33.956875]
2025-11-18T01:11:34+01:00,[60],[33.956875]
2025-11-18T01:11:35+01:00,[60],[33.956875]
2025-11-18T01:11:36+01:00,[60],[33.956875]
2025-11-18T01:11:37+01:00,[60],[33.956875]
2025-11-18T01:11:38+01:00,[60],[33.956875]
2025-11-18T01:11:39+01:00,[60],[33.956875]
2025-11-18T01:11:40+01:00,[60],[33.956875]
2025-11-18T01:11:41+01:00,[60],[33.956875]
2025-11-18T01:11:42+01:00,[60],[33.956875]
2025-11-18T01:11:43+01:00,[60],[33.956875]
2025-11-18T01:11:45+01:00,[60],[33.956875]
2025-11-18T01:11:46+01:00,[60],[33.956875]
2025-11-18T01:11:47+01:00,[60],[33.956875]
2025-11-18T01:11:48+01:00,[60],[33.956875]
2025-11-18T01:11:49+01:00,[60],[33.956875]
2025-11-18T01:11:50+01:00,[60],[33.956875]
2025-11-18T01:11:51+01:00,[60],[33.956875]
2025-11-18T01:11:52+01:00,[60],[33.956875]
2025-11-18T01:11:53+01:00,[60],[33.956875]
2025-11-18T01:11:54+01:00,[60],[33.956875]
2025-11-18T01:11:55+01:00,[60],[33.956875]
2025-11-18T01:11:56+01:00,[60],[33.956875]
2025-11-18T01:11:57+01:00,[60],[33.956902]
2025-11-18T01:11:58+01:00,[60],[33.956902]
2025-11-18T01:11:59+01:00,[60],[33.956902]
2025-11-18T01:12:00+01:00,[60],[33.956902]
2025-11-18T01:12:01+01:00,[60],[33.956902]
2025-11-18T01:12:02+01:00,[60],[33.956902]
2025-11-18T01:12:03+01:00,[60],[33.956902]
2025-11-18T01:12:04+01:00,[60],[33.956902]
2025-11-18T01:12:05+01:00,[60],[33.956902]
2025-11-18T01:12:06+01:00,[60],[33.956902]
2025-11-18T01:12:07+01:00,[60],[33.956902]
2025-11-18T01:12:08+01:00,[60],[33.956902]
2025-11-18T01:12:09+01:00,[60],[33.956902]
2025-11-18T01:12:10+01:00,[60],[33.956902]
2025-11-18T01:12:11+01:00,[60],[33.956902]
2025-11-18T01:12:12+01:00,[60],[33.956902]
2025-11-18T01:12:13+01:00,[60],[33.956902]
2025-11-18T01:12:14+01:00,[60],[33.956902]
2025-11-18T01:12:15+01:00,[60],[33.956902]
2025-11-18T01:12:16+01:00,[60],[33.956902]
2025-11-18T01:12:17+01:00,[60],[33.956902]
2025-11-18T01:12:18+01:00,[60],[33.956902]
2025-11-18T01:12:19+01:00,[60],[33.956902]
2025-11-18T01:12:20+01:00,[60],[33.956902]
2025-11-18T01:12:21+01:00,[60],[33.956902]
2025-11-18T01:12:22+01:00,[60],[33.956902]
2025-11-18T01:12:23+01:00,[60],[33.956902]
2025-11-18T01:12:24+01:00,[60],[33.956905]
2025-11-18T01:12:25+01:00,[60],[33.956905]
2025-11-18T01:12:26+01:00,[60],[33.956905]
2025-11-18T01:12:27+01:00,[60],[33.956905]
2025-11-18T01:12:28+01:00,[60],[33.956905]
2025-11-18T01:12:29+01:00,[60],[33.956905]
2025-11-18T01:12:30+01:00,[60],[33.956905]
2025-11-18T01:12:31+01:00,[60],[33.956905]
2025-11-18T01:12:32+01:00,[60],[33.956905]
2025-11-18T01:12:33+01:00,[60],[33.956905]
2025-11-18T01:12:34+01:00,[60],[33.956905]
2025-11-18T01:12:35+01:00,[60],[33.956905]
2025-11-18T01:12:36+01:00,[60],[33.956905]
2025-11-18T01:12:37+01:00,[60],[33.956905]
2025-11-18T01:12:38+01:00,[60],[33.956905]
2025-11-18T01:12:39+01:00,[60],[33.956905]
2025-11-18T01:12:40+01:00,[60],[33.956905]
2025-11-18T01:12:41+01:00,[60],[33.956905]
2025-11-18T01:12:42+01:00,[60],[33.956905]
2025-11-18T01:12:43+01:00,[60],[33.956905]
2025-11-18T01:12:44+01:00,[60],[33.956905]
2025-11-18T01:12:45+01:00,[60],[33.956905]
2025-11-18T01:12:46+01:00,[60],[33.956905]
2025-11-18T01:12:47+01:00,[60],[33.956905]
2025-11-18T01:12:48+01:00,[60],[33.956905]
2025-11-18T01:12:49+01:00,[60],[33.956905]
2025-11-18T01:12:50+01:00,[60],[33.956905]
2025-11-18T01:12:51+01:00,[60],[33.956905]
2025-11-18T01:12:52+01:00,[60],[33.956905]
2025-11-18T01:12:53+01:00,[60],[33.956905]
2025-11-18T01:12:54+01:00,[60],[33.956905]
2025-11-18T01:12:55+01:00,[60],[33.956905]
2025-11-18T01:12:56+01:00,[60],[33.956905]
2025-11-18T01:12:57+01:00,[60],[33.956905]
2025-11-18T01:12:58+01:00,[60],[33.956905]
2025-11-18T01:12:59+01:00,[60],[33.956905]
2025-11-18T01:13:00+01:00,[60],[33.956905]
2025-11-18T01:13:01+01:00,[60],[33.956905]
2025-11-18T01:13:02+01:00,[60],[33.956905]
2025-11-18T01:13:03+01:00,[60],[33.956905]
2025-11-18T01:13:04+01:00,[60],[33.956905]
2025-11-18T01:13:05+01:00,[60],[33.956905]
2025-11-18T01:13:06+01:00,[60],[33.956905]
2025-11-18T01:13:07+01:00,[60],[33.956905]
2025-11-18T01:13:08+01:00,[60],[33.956905]
2025-11-18T01:13:09+01:00,[60],[33.956905]
2025-11-18T01:13:10+01:00,[60],[33.956905]
2025-11-18T01:13:11+01:00,[60],[33.956905]
2025-11-18T01:13:12+01:00,[60],[33.956905]
2025-11-18T01:13:13+01:00,[60],[33.956905]
2025-11-18T01:13:14+01:00,[60],[33.956905]
2025-11-18T01:13:15+01:00,[60],[33.956905]
2025-11-18T01:13:16+01:00,[60],[33.956905]
2025-11-18T01:13:17+01:00,[60],[33.956905]
2025-11-18T01:13:18+01:00,[60],[33.956905]
2025-11-18T01:13:19+01:00,[60],[33.956905]
2025-11-18T01:13:20+01:00,[60],[33.956905]
2025-11-18T01:13:21+01:00,[60],[33.956905]
2025-11-18T01:13:22+01:00,[60],[33.956905]
2025-11-18T01:13:23+01:00,[60],[33.956905]
2025-11-18T01:13:24+01:00,[60],[33.956905]
2025-11-18T01:13:25+01:00,[60],[33.956905]
2025-11-18T01:13:26+01:00,[60],[33.956905]
2025-11-18T01:13:27+01:00,[60],[33.956905]
2025-11-18T01:13:28+01:00,[60],[33.956905]
2025-11-18T01:13:29+01:00,[60],[33.956905]
2025-11-18T01:13:30+01:00,[60],[33.956905]
2025-11-18T01:13:31+01:00,[60],[33.956905]
2025-11-18T01:13:32+01:00,[60],[33.956905]
2025-11-18T01:13:33+01:00,[60],[33.956905]
2025-11-18T01:13:34+01:00,[60],[33.956905]
2025-11-18T01:13:35+01:00,[60],[33.956905]
2025-11-18T01:13:36+01:00,[60],[33.956905]
2025-11-18T01:13:37+01:00,[60],[33.956905]
2025-11-18T01:13:38+01:00,[60],[33.956905]
2025-11-18T01:13:39+01:00,[60],[33.956905]
2025-11-18T01:13:40+01:00,[60],[33.956905]
2025-11-18T01:13:41+01:00,[60],[33.956905]
2025-11-18T01:13:42+01:00,[60],[33.956905]
2025-11-18T01:13:43+01:00,[60],[33.956905]
2025-11-18T01:13:44+01:00,[60],[33.956905]
2025-11-18T01:13:45+01:00,[60],[33.956905]
2025-11-18T01:13:46+01:00,[60],[33.956905]
2025-11-18T01:13:47+01:00,[60],[33.956905]
2025-11-18T01:13:48+01:00,[60],[33.956905]
2025-11-18T01:13:49+01:00,[60],[33.956905]
2025-11-18T01:13:51+01:00,[60],[33.956905]
2025-11-18T01:13:52+01:00,[60],[33.956905]
2025-11-18T01:13:53+01:00,[60],[33.956905]
2025-11-18T01:13:54+01:00,[60],[33.956905]
2025-11-18T01:13:55+01:00,[60],[33.956905]
2025-11-18T01:13:56+01:00,[60],[33.956905]
2025-11-18T01:13:57+01:00,[60],[33.956905]
2025-11-18T01:13:58+01:00,[60],[33.956905]
2025-11-18T01:13:59+01:00,[60],[33.956905]
2025-11-18T01:14:00+01:00,[60],[33.956905]
2025-11-18T01:14:01+01:00,[60],[33.956905]
2025-11-18T01:14:02+01:00,[60],[33.956905]
2025-11-18T01:14:03+01:00,[60],[33.956905]
2025-11-18T01:14:04+01:00,[60],[33.956905]
2025-11-18T01:14:05+01:00,[60],[33.956905]
2025-11-18T01:14:06+01:00,[60],[33.956905]
2025-11-18T01:14:07+01:00,[60],[33.956905]
2025-11-18T01:14:08+01:00,[60],[33.956905]
2025-11-18T01:14:09+01:00,[60],[33.956905]
2025-11-18T01:14:10+01:00,[60],[33.956905]
2025-11-18T01:14:11+01:00,[60],[33.956905]
2025-11-18T01:14:12+01:00,[60],[33.956905]
2025-11-18T01:14:13+01:00,[60],[33.956905]
2025-11-18T01:14:14+01:00,[60],[33.956905]
2025-11-18T01:14:15+01:00,[60],[33.956905]
2025-11-18T01:14:16+01:00,[60],[33.956905]
2025-11-18T01:14:17+01:00,[60],[33.956905]
2025-11-18T01:14:18+01:00,[60],[33.956905]
2025-11-18T01:14:19+01:00,[60],[33.956905]
2025-11-18T01:14:20+01:00,[60],[33.956905]
2025-11-18T01:14:21+01:00,[60],[33.956905]
2025-11-18T01:14:22+01:00,[60],[33.956905]
2025-11-18T01:14:23+01:00,[60],[33.956905]
2025-11-18T01:14:24+01:00,[60],[33.956905]
2025-11-18T01:14:25+01:00,[60],[33.956905]
2025-11-18T01:14:26+01:00,[60],[33.956905]
2025-11-18T01:14:27+01:00,[60],[33.956905]
2025-11-18T01:14:28+01:00,[60],[33.956905]
2025-11-18T01:14:29+01:00,[60],[33.956905]
2025-11-18T01:14:30+01:00,[60],[33.956905]
2025-11-18T01:14:31+01:00,[60],[33.956905]
2025-11-18T01:14:32+01:00,[60],[33.956905]
2025-11-18T01:14:33+01:00,[60],[33.956905]
2025-11-18T01:14:34+01:00,[60],[33.956905]
2025-11-18T01:14:35+01:00,[60],[33.956905]
2025-11-18T01:14:36+01:00,[60],[33.956905]
2025-11-18T01:14:37+01:00,[60],[33.956905]
2025-11-18T01:14:38+01:00,[60],[33.956905]
2025-11-18T01:14:39+01:00,[60],[33.956905]
2025-11-18T01:14:40+01:00,[60],[33.956905]
2025-11-18T01:14:41+01:00,[60],[33.956905]
2025-11-18T01:14:42+01:00,[60],[33.956905]
2025-11-18T01:14:43+01:00,[60],[33.956905]
2025-11-18T01:14:44+01:00,[60],[33.956905]
2025-11-18T01:14:45+01:00,[60],[33.956905]
2025-11-18T01:14:46+01:00,[60],[33.956905]
2025-11-18T01:14:47+01:00,[60],[33.956905]
2025-11-18T01:14:48+01:00,[60],[33.956905]
2025-11-18T01:14:49+01:00,[60],[33.956905]
2025-11-18T01:14:50+01:00,[60],[33.956905]
2025-11-18T01:14:51+01:00,[60],[33.956905]
2025-11-18T01:14:52+01:00,[60],[33.956905]
2025-11-18T01:14:53+01:00,[60],[33.956905]
2025-11-18T01:14:54+01:00,[60],[33.956905]
2025-11-18T01:14:55+01:00,[60],[33.956905]
2025-11-18T01:14:56+01:00,[60],[33.956905]
2025-11-18T01:14:57+01:00,[60],[33.956905]
2025-11-18T01:14:58+01:00,[60],[33.956905]
2025-11-18T01:14:59+01:00,[60],[33.956905]
2025-11-18T01:15:00+01:00,[60],[33.956905]
2025-11-18T01:15:01+01:00,[60],[33.956905]
2025-11-18T01:15:02+01:00,[60],[33.956905]
2025-11-18T01:15:03+01:00,[60],[33.956905]
2025-11-18T01:15:04+01:00,[60],[33.956905]
2025-11-18T01:15:05+01:00,[60],[33.956905]
2025-11-18T01:15:06+01:00,[60],[33.956905]
2025-11-18T01:15:07+01:00,[60],[33.956905]
2025-11-18T01:15:08+01:00,[60],[33.956905]
2025-11-18T01:15:09+01:00,[60],[33.956905]
2025-11-18T01:15:10+01:00,[60],[33.956905]
2025-11-18T01:15:11+01:00,[60],[33.956909]
2025-11-18T01:15:12+01:00,[60],[33.956909]
2025-11-18T01:15:13+01:00,[60],[33.956909]
2025-11-18T01:15:14+01:00,[60],[33.956909]
2025-11-18T01:15:15+01:00,[60],[33.956909]
2025-11-18T01:15:16+01:00,[60],[33.956909]
2025-11-18T01:15:17+01:00,[60],[33.956909]
2025-11-18T01:15:18+01:00,[60],[33.956909]
2025-11-18T01:15:19+01:00,[60],[33.956909]
2025-11-18T01:15:20+01:00,[60],[33.956909]
2025-11-18T01:15:21+01:00,[60],[33.956909]
2025-11-18T01:15:22+01:00,[60],[33.956909]
2025-11-18T01:15:23+01:00,[60],[33.956909]
2025-11-18T01:15:24+01:00,[60],[33.956909]
2025-11-18T01:15:25+01:00,[60],[33.956909]
2025-11-18T01:15:26+01:00,[60],[33.956909]
2025-11-18T01:15:27+01:00,[60],[33.956909]
2025-11-18T01:15:28+01:00,[60],[33.956909]
2025-11-18T01:15:29+01:00,[60],[33.956909]
2025-11-18T01:15:30+01:00,[60],[33.956909]
2025-11-18T01:15:31+01:00,[60],[33.956909]
2025-11-18T01:15:32+01:00,[60],[33.956909]
2025-11-18T01:15:33+01:00,[60],[33.956909]
2025-11-18T01:15:34+01:00,[60],[33.956909]
2025-11-18T01:15:35+01:00,[60],[33.956909]
2025-11-18T01:15:36+01:00,[60],[33.956909]
2025-11-18T01:15:37+01:00,[60],[33.956909]
2025-11-18T01:15:38+01:00,[60],[33.956909]
2025-11-18T01:15:39+01:00,[60],[33.956909]
2025-11-18T01:15:40+01:00,[60],[33.956909]
2025-11-18T01:15:41+01:00,[60],[33.956909]
2025-11-18T01:15:42+01:00,[60],[33.956909]
2025-11-18T01:15:43+01:00,[60],[33.956909]
2025-11-18T01:15:44+01:00,[60],[33.956909]
2025-11-18T01:15:45+01:00,[60],[33.956909]
2025-11-18T01:15:46+01:00,[60],[33.956909]
2025-11-18T01:15:47+01:00,[60],[33.956909]
2025-11-18T01:15:48+01:00,[60],[33.956909]
2025-11-18T01:15:49+01:00,[60],[33.956909]
2025-11-18T01:15:50+01:00,[60],[33.956909]
2025-11-18T01:15:51+01:00,[60],[33.956909]
2025-11-18T01:15:52+01:00,[60],[33.956909]
2025-11-18T01:15:53+01:00,[60],[33.956909]
2025-11-18T01:15:54+01:00,[60],[33.956909]
2025-11-18T01:15:55+01:00,[60],[33.956909]
2025-11-18T01:15:57+01:00,[60],[33.956909]
2025-11-18T01:15:58+01:00,[60],[33.956909]
2025-11-18T01:15:59+01:00,[60],[33.956909]
2025-11-18T01:16:00+01:00,[60],[33.956909]
2025-11-18T01:16:01+01:00,[60],[33.956909]
2025-11-18T01:16:02+01:00,[60],[33.956909]
2025-11-18T01:16:03+01:00,[60],[33.956909]
2025-11-18T01:16:04+01:00,[60],[33.956909]
2025-11-18T01:16:05+01:00,[60],[33.956909]
2025-11-18T01:16:06+01:00,[60],[33.956909]
2025-11-18T01:16:07+01:00,[60],[33.956909]
2025-11-18T01:16:08+01:00,[60],[33.956909]
2025-11-18T01:16:09+01:00,[60],[33.956909]
2025-11-18T01:16:10+01:00,[60],[33.956909]
2025-11-18T01:16:11+01:00,[60],[33.956909]
2025-11-18T01:16:12+01:00,[60],[33.956909]
2025-11-18T01:16:13+01:00,[60],[33.956909]
2025-11-18T01:16:14+01:00,[60],[33.956909]
2025-11-18T01:16:15+01:00,[60],[33.956909]
2025-11-18T01:16:16+01:00,[60],[33.956909]
2025-11-18T01:16:17+01:00,[60],[33.956909]
2025-11-18T01:16:18+01:00,[60],[33.956909]
2025-11-18T01:16:19+01:00,[60],[33.956909]
2025-11-18T01:16:20+01:00,[60],[33.956909]
2025-11-18T01:16:21+01:00,[60],[33.956909]
2025-11-18T01:16:22+01:00,[60],[33.956909]
2025-11-18T01:16:23+01:00,[60],[33.956909]
2025-11-18T01:16:24+01:00,[60],[33.956909]
2025-11-18T01:16:25+01:00,[60],[33.956909]
2025-11-18T01:16:26+01:00,[60],[33.956909]
2025-11-18T01:16:27+01:00,[60],[33.956909]
2025-11-18T01:16:28+01:00,[60],[33.956909]
2025-11-18T01:16:29+01:00,[60],[33.956909]
2025-11-18T01:16:30+01:00,[60],[33.956909]
2025-11-18T01:16:31+01:00,[60],[33.956909]
2025-11-18T01:16:32+01:00,[60],[33.956909]
2025-11-18T01:16:33+01:00,[60],[33.956909]
2025-11-18T01:16:34+01:00,[60],[33.956909]
2025-11-18T01:16:35+01:00,[60],[33.956909]
2025-11-18T01:16:36+01:00,[60],[33.956909]
2025-11-18T01:16:37+01:00,[60],[33.956909]
2025-11-18T01:16:38+01:00,[60],[33.956909]
2025-11-18T01:16:39+01:00,[60],[33.956909]
2025-11-18T01:16:40+01:00,[60],[33.956909]
2025-11-18T01:16:41+01:00,[60],[33.956909]
2025-11-18T01:16:42+01:00,[60],[33.956909]
2025-11-18T01:16:43+01:00,[60],[33.956909]
2025-11-18T01:16:44+01:00,[60],[33.956909]
2025-11-18T01:16:45+01:00,[60],[33.956909]
2025-11-18T01:16:46+01:00,[60],[33.956909]
2025-11-18T01:16:47+01:00,[60],[33.956909]
2025-11-18T01:16:48+01:00,[60],[33.956909]
2025-11-18T01:16:49+01:00,[60],[33.956909]
2025-11-18T01:16:50+01:00,[60],[33.956909]
2025-11-18T01:16:51+01:00,[60],[33.956909]
2025-11-18T01:16:52+01:00,[60],[33.956909]
2025-11-18T01:16:53+01:00,[60],[33.956909]
2025-11-18T01:16:54+01:00,[60],[33.956909]
2025-11-18T01:16:55+01:00,[60],[33.956909]
2025-11-18T01:16:56+01:00,[60],[33.956909]
2025-11-18T01:16:57+01:00,[60],[33.956909]
2025-11-18T01:16:58+01:00,[60],[33.956909]
2025-11-18T01:16:59+01:00,[60],[33.956909]
2025-11-18T01:17:00+01:00,[60],[33.956909]
2025-11-18T01:17:01+01:00,[60],[33.956909]
2025-11-18T01:17:02+01:00,[60],[33.956909]
2025-11-18T01:17:03+01:00,[60],[33.956909]
2025-11-18T01:17:04+01:00,[60],[33.956909]
2025-11-18T01:17:05+01:00,[60],[33.956909]
2025-11-18T01:17:06+01:00,[60],[33.956909]
2025-11-18T01:17:07+01:00,[60],[33.956909]
2025-11-18T01:17:08+01:00,[60],[33.956909]
2025-11-18T01:17:09+01:00,[60],[33.956909]
2025-11-18T01:17:10+01:00,[60],[33.956909]
2025-11-18T01:17:11+01:00,[60],[33.956909]
2025-11-18T01:17:12+01:00,[60],[33.956909]
2025-11-18T01:17:13+01:00,[60],[33.956909]
2025-11-18T01:17:14+01:00,[60],[33.956909]
2025-11-18T01:17:15+01:00,[60],[33.956909]
2025-11-18T01:17:16+01:00,[60],[33.956909]
2025-11-18T01:17:17+01:00,[60],[33.956909]
2025-11-18T01:17:18+01:00,[60],[33.956909]
2025-11-18T01:17:19+01:00,[60],[33.956909]
2025-11-18T01:17:20+01:00,[60],[33.956909]
2025-11-18T01:17:21+01:00,[60],[33.956909]
2025-11-18T01:17:22+01:00,[60],[33.956909]
2025-11-18T01:17:23+01:00,[60],[33.956909]
2025-11-18T01:17:24+01:00,[60],[33.956909]
2025-11-18T01:17:25+01:00,[60],[33.956909]
2025-11-18T01:17:26+01:00,[60],[33.956909]
2025-11-18T01:17:27+01:00,[60],[33.956909]
2025-11-18T01:17:28+01:00,[60],[33.956909]
2025-11-18T01:17:29+01:00,[60],[33.956909]
2025-11-18T01:17:30+01:00,[60],[33.956909]
2025-11-18T01:17:31+01:00,[60],[33.956909]
2025-11-18T01:17:32+01:00,[60],[33.956909]
2025-11-18T01:17:33+01:00,[60],[33.956909]
2025-11-18T01:17:34+01:00,[60],[33.956909]
2025-11-18T01:17:35+01:00,[60],[33.956909]
2025-11-18T01:17:36+01:00,[60],[33.956909]
2025-11-18T01:17:37+01:00,[60],[33.956909]
2025-11-18T01:17:38+01:00,[60],[33.956909]
2025-11-18T01:17:39+01:00,[60],[33.956909]
2025-11-18T01:17:40+01:00,[60],[33.956909]
2025-11-18T01:17:41+01:00,[60],[33.956909]
2025-11-18T01:17:42+01:00,[60],[33.956909]
2025-11-18T01:17:43+01:00,[60],[33.956909]
2025-11-18T01:17:44+01:00,[60],[33.956909]
2025-11-18T01:17:45+01:00,[60],[33.956909]
2025-11-18T01:17:46+01:00,[60],[33.956909]
2025-11-18T01:17:47+01:00,[60],[33.956909]
2025-11-18T01:17:48+01:00,[60],[33.956909]
2025-11-18T01:17:49+01:00,[60],[33.956909]
2025-11-18T01:17:50+01:00,[60],[33.956909]
2025-11-18T01:17:51+01:00,[60],[33.956909]
2025-11-18T01:17:52+01:00,[60],[33.956909]
2025-11-18T01:17:53+01:00,[60],[33.956909]
2025-11-18T01:17:54+01:00,[60],[33.956909]
2025-11-18T01:17:55+01:00,[60],[33.956909]
2025-11-18T01:17:56+01:00,[60],[33.956909]
2025-11-18T01:17:57+01:00,[60],[33.956909]
2025-11-18T01:17:58+01:00,[60],[33.956909]
2025-11-18T01:17:59+01:00,[60],[33.956909]
2025-11-18T01:18:00+01:00,[60],[33.956909]
2025-11-18T01:18:01+01:00,[60],[33.956909]
2025-11-18T01:18:03+01:00,[60],[33.956909]
2025-11-18T01:18:04+01:00,[60],[33.956909]
2025-11-18T01:18:05+01:00,[60],[33.956909]
2025-11-18T01:18:06+01:00,[60],[33.956909]
2025-11-18T01:18:07+01:00,[60],[33.956909]
2025-11-18T01:18:08+01:00,[60],[33.956909]
2025-11-18T01:18:09+01:00,[60],[33.956909]
2025-11-18T01:18:10+01:00,[60],[33.956909]
2025-11-18T01:18:11+01:00,[60],[33.956909]
2025-11-18T01:18:12+01:00,[60],[33.956909]
2025-11-18T01:18:13+01:00,[60],[33.956909]
2025-11-18T01:18:14+01:00,[60],[33.956909]
2025-11-18T01:18:15+01:00,[60],[33.956909]
2025-11-18T01:18:16+01:00,[60],[33.956909]
2025-11-18T01:18:17+01:00,[60],[33.956909]
2025-11-18T01:18:18+01:00,[60],[33.956909]
2025-11-18T01:18:19+01:00,[60],[33.956909]
2025-11-18T01:18:20+01:00,[60],[33.956909]
2025-11-18T01:18:21+01:00,[60],[33.956909]
2025-11-18T01:18:22+01:00,[60],[33.956909]
2025-11-18T01:18:23+01:00,[60],[33.956909]
2025-11-18T01:18:24+01:00,[60],[33.956909]
2025-11-18T01:18:25+01:00,[60],[33.956909]
2025-11-18T01:18:26+01:00,[60],[33.956909]
2025-11-18T01:18:27+01:00,[60],[33.956909]
2025-11-18T01:18:28+01:00,[60],[33.956909]
2025-11-18T01:18:29+01:00,[60],[33.956909]
2025-11-18T01:18:30+01:00,[60],[33.956909]
2025-11-18T01:18:31+01:00,[60],[33.956909]
2025-11-18T01:18:32+01:00,[60],[33.956909]
2025-11-18T01:18:33+01:00,[60],[33.956909]
2025-11-18T01:18:34+01:00,[60],[33.956909]
2025-11-18T01:18:35+01:00,[60],[33.956909]
2025-11-18T01:18:36+01:00,[60],[33.956909]
2025-11-18T01:18:37+01:00,[60],[33.956909]
2025-11-18T01:18:38+01:00,[60],[33.956909]
2025-11-18T01:18:39+01:00,[60],[33.956909]
2025-11-18T01:18:40+01:00,[60],[33.956909]
2025-11-18T01:18:41+01:00,[60],[33.956909]
2025-11-18T01:18:42+01:00,[60],[33.956909]
2025-11-18T01:18:43+01:00,[60],[33.956909]
2025-11-18T01:18:44+01:00,[60],[33.956909]
2025-11-18T01:18:45+01:00,[60],[33.956909]
2025-11-18T01:18:46+01:00,[60],[33.956909]
2025-11-18T01:18:47+01:00,[60],[33.956909]
2025-11-18T01:18:48+01:00,[60],[33.956909]
2025-11-18T01:18:49+01:00,[60],[33.956909]
2025-11-18T01:18:50+01:00,[60],[33.956909]
2025-11-18T01:18:51+01:00,[60],[33.956909]
2025-11-18T01:18:52+01:00,[60],[33.956909]
2025-11-18T01:18:53+01:00,[60],[33.956909]
2025-11-18T01:18:54+01:00,[60],[33.956909]
2025-11-18T01:18:55+01:00,[60],[33.956909]
2025-11-18T01:18:56+01:00,[60],[33.956909]
2025-11-18T01:18:57+01:00,[60],[33.956909]
2025-11-18T01:18:58+01:00,[60],[33.956909]
2025-11-18T01:18:59+01:00,[60],[33.956909]
2025-11-18T01:19:00+01:00,[60],[33.956909]
2025-11-18T01:19:01+01:00,[60],[33.956909]
2025-11-18T01:19:02+01:00,[60],[33.956909]
2025-11-18T01:19:03+01:00,[60],[33.956909]
2025-11-18T01:19:04+01:00,[60],[33.956909]
2025-11-18T01:19:05+01:00,[60],[33.956909]
2025-11-18T01:19:06+01:00,[60],[33.956909]
2025-11-18T01:19:07+01:00,[60],[33.956909]
2025-11-18T01:19:08+01:00,[60],[33.956909]
2025-11-18T01:19:09+01:00,[60],[33.956909]
2025-11-18T01:19:10+01:00,[60],[33.956909]
2025-11-18T01:19:11+01:00,[60],[33.956909]
2025-11-18T01:19:12+01:00,[60],[33.956909]
2025-11-18T01:19:13+01:00,[60],[33.956909]
2025-11-18T01:19:14+01:00,[60],[33.956909]
2025-11-18T01:19:15+01:00,[60],[33.956909]
2025-11-18T01:19:16+01:00,[60],[33.956909]
2025-11-18T01:19:17+01:00,[60],[33.956909]
2025-11-18T01:19:18+01:00,[60],[33.956909]
2025-11-18T01:19:19+01:00,[60],[33.956909]
2025-11-18T01:19:20+01:00,[60],[33.956909]
2025-11-18T01:19:21+01:00,[60],[33.956909]
2025-11-18T01:19:22+01:00,[60],[33.956909]
2025-11-18T01:19:23+01:00,[60],[33.956909]
2025-11-18T01:19:24+01:00,[60],[33.956909]
2025-11-18T01:19:25+01:00,[60],[33.956909]
2025-11-18T01:19:26+01:00,[60],[33.956909]
2025-11-18T01:19:27+01:00,[60],[33.956909]
2025-11-18T01:19:28+01:00,[60],[33.956909]
2025-11-18T01:19:29+01:00,[60],[33.956909]
2025-11-18T01:19:30+01:00,[60],[33.956909]
2025-11-18T01:19:31+01:00,[60],[33.956909]
2025-11-18T01:19:32+01:00,[60],[33.956909]
2025-11-18T01:19:33+01:00,[60],[33.956909]
2025-11-18T01:19:34+01:00,[60],[33.956909]
2025-11-18T01:19:35+01:00,[60],[33.956909]
2025-11-18T01:19:36+01:00,[60],[33.956909]
2025-11-18T01:19:37+01:00,[60],[33.956909]
2025-11-18T01:19:38+01:00,[60],[33.956909]
2025-11-18T01:19:39+01:00,[60],[33.956909]
2025-11-18T01:19:40+01:00,[60],[33.956909]
2025-11-18T01:19:41+01:00,[60],[33.956909]
2025-11-18T01:19:42+01:00,[60],[33.956909]
2025-11-18T01:19:43+01:00,[60],[33.956909]
2025-11-18T01:19:44+01:00,[60],[33.956909]
2025-11-18T01:19:45+01:00,[60],[33.956909]
2025-11-18T01:19:46+01:00,[60],[33.956909]
2025-11-18T01:19:47+01:00,[60],[33.956909]
2025-11-18T01:19:48+01:00,[60],[33.956909]
2025-11-18T01:19:49+01:00,[60],[33.956909]
2025-11-18T01:19:50+01:00,[60],[33.956909]
2025-11-18T01:19:51+01:00,[60],[33.956909]
2025-11-18T01:19:52+01:00,[60],[33.956909]
2025-11-18T01:19:53+01:00,[60],[33.956909]
2025-11-18T01:19:54+01:00,[60],[33.956909]
2025-11-18T01:19:55+01:00,[60],[33.956909]
2025-11-18T01:19:56+01:00,[60],[33.956909]
2025-11-18T01:19:57+01:00,[60],[33.956909]
2025-11-18T01:19:58+01:00,[60],[33.956909]
2025-11-18T01:19:59+01:00,[60],[33.956909]
2025-11-18T01:20:00+01:00,[60],[33.956909]
2025-11-18T01:20:01+01:00,[60],[33.956909]
2025-11-18T01:20:02+01:00,[60],[33.956909]
2025-11-18T01:20:03+01:00,[60],[33.956909]
2025-11-18T01:20:04+01:00,[60],[33.956909]
2025-11-18T01:20:05+01:00,[60],[33.956909]
2025-11-18T01:20:06+01:00,[60],[33.956909]
2025-11-18T01:20:07+01:00,[60],[33.956909]
2025-11-18T01:20:09+01:00,[60],[33.956909]
2025-11-18T01:20:10+01:00,[60],[33.956909]
2025-11-18T01:20:11+01:00,[60],[33.956909]
2025-11-18T01:20:12+01:00,[60],[33.956909]
2025-11-18T01:20:13+01:00,[60],[33.956909]
2025-11-18T01:20:14+01:00,[60],[33.956909]
2025-11-18T01:20:15+01:00,[60],[33.956909]
2025-11-18T01:20:16+01:00,[60],[33.956909]
2025-11-18T01:20:17+01:00,[60],[33.956909]
2025-11-18T01:20:18+01:00,[60],[33.956909]
2025-11-18T01:20:19+01:00,[60],[33.956909]
2025-11-18T01:20:20+01:00,[60],[33.956909]
2025-11-18T01:20:21+01:00,[60],[33.956909]
2025-11-18T01:20:22+01:00,[60],[33.956909]
2025-11-18T01:20:23+01:00,[60],[33.956909]
2025-11-18T01:20:24+01:00,[60],[33.956909]
2025-11-18T01:20:25+01:00,[60],[33.956909]
2025-11-18T01:20:26+01:00,[60],[33.956909]
2025-11-18T01:20:27+01:00,[60],[33.956909]
2025-11-18T01:20:28+01:00,[60],[33.956909]
2025-11-18T01:20:29+01:00,[60],[33.956909]
2025-11-18T01:20:30+01:00,[60],[33.956909]
2025-11-18T01:20:31+01:00,[60],[33.956909]
2025-11-18T01:20:32+01:00,[60],[33.956909]
2025-11-18T01:20:33+01:00,[60],[33.956909]
2025-11-18T01:20:34+01:00,[60],[33.956909]
2025-11-18T01:20:35+01:00,[60],[33.956909]
2025-11-18T01:20:36+01:00,[60],[33.956909]
2025-11-18T01:20:37+01:00,[60],[33.956909]
2025-11-18T01:20:38+01:00,[60],[33.956909]
2025-11-18T01:20:39+01:00,[60],[33.956909]
2025-11-18T01:20:40+01:00,[60],[33.956909]
2025-11-18T01:20:41+01:00,[60],[33.956909]
2025-11-18T01:20:42+01:00,[60],[33.956909]
2025-11-18T01:20:43+01:00,[60],[33.956909]
2025-11-18T01:20:44+01:00,[60],[33.956909]
2025-11-18T01:20:45+01:00,[60],[33.956909]
2025-11-18T01:20:46+01:00,[60],[33.956909]
2025-11-18T01:20:47+01:00,[60],[33.956909]
2025-11-18T01:20:48+01:00,[60],[33.956909]
2025-11-18T01:20:49+01:00,[60],[33.956909]
2025-11-18T01:20:50+01:00,[60],[33.956909]
2025-11-18T01:20:51+01:00,[60],[33.956909]
2025-11-18T01:20:52+01:00,[60],[33.956909]
2025-11-18T01:20:53+01:00,[60],[33.956909]
2025-11-18T01:20:54+01:00,[60],[33.956909]
2025-11-18T01:20:55+01:00,[60],[33.956909]
2025-11-18T01:20:56+01:00,[60],[33.956909]
2025-11-18T01:20:57+01:00,[60],[33.956909]
2025-11-18T01:20:58+01:00,[60],[33.956909]
2025-11-18T01:20:59+01:00,[60],[33.956909]
2025-11-18T01:21:00+01:00,[60],[33.956909]
2025-11-18T01:21:01+01:00,[60],[33.956909]
2025-11-18T01:21:02+01:00,[60],[33.956909]
2025-11-18T01:21:03+01:00,[60],[33.956909]
2025-11-18T01:21:04+01:00,[60],[33.956909]
2025-11-18T01:21:05+01:00,[60],[33.956909]
2025-11-18T01:21:06+01:00,[60],[33.956909]
2025-11-18T01:21:07+01:00,[60],[33.956909]
2025-11-18T01:21:08+01:00,[60],[33.956909]
2025-11-18T01:21:09+01:00,[60],[33.956909]
2025-11-18T01:21:10+01:00,[60],[33.956909]
2025-11-18T01:21:11+01:00,[60],[33.956909]
2025-11-18T01:21:12+01:00,[60],[33.956909]
2025-11-18T01:21:13+01:00,[60],[33.956909]
2025-11-18T01:21:14+01:00,[60],[33.956909]
2025-11-18T01:21:15+01:00,[60],[33.956909]
2025-11-18T01:21:16+01:00,[60],[33.956909]
2025-11-18T01:21:17+01:00,[60],[33.956909]
2025-11-18T01:21:18+01:00,[60],[33.956909]
2025-11-18T01:21:19+01:00,[60],[33.956909]
2025-11-18T01:21:20+01:00,[60],[33.956909]
2025-11-18T01:21:21+01:00,[60],[33.956909]
2025-11-18T01:21:22+01:00,[60],[33.956909]
2025-11-18T01:21:23+01:00,[60],[33.956909]
2025-11-18T01:21:24+01:00,[60],[33.956909]
2025-11-18T01:21:25+01:00,[60],[33.956909]
2025-11-18T01:21:26+01:00,[60],[33.956909]
2025-11-18T01:21:27+01:00,[60],[33.956909]
2025-11-18T01:21:28+01:00,[60],[33.956909]
2025-11-18T01:21:29+01:00,[60],[33.956909]
2025-11-18T01:21:30+01:00,[60],[33.956909]
2025-11-18T01:21:31+01:00,[60],[33.956909]
2025-11-18T01:21:32+01:00,[60],[33.956909]
2025-11-18T01:21:33+01:00,[60],[33.956909]
2025-11-18T01:21:34+01:00,[60],[33.956909]
2025-11-18T01:21:35+01:00,[60],[33.956909]
2025-11-18T01:21:36+01:00,[60],[33.956909]
2025-11-18T01:21:37+01:00,[60],[33.956909]
2025-11-18T01:21:38+01:00,[60],[33.956909]
2025-11-18T01:21:39+01:00,[60],[33.956909]
2025-11-18T01:21:40+01:00,[60],[33.956909]
2025-11-18T01:21:41+01:00,[60],[33.956909]
2025-11-18T01:21:51+01:00,[60],[33.956909]
2025-11-18T01:21:54+01:00,[60],[33.956905]
2025-11-18T01:21:56+01:00,[60],[33.956902]
2025-11-18T01:21:57+01:00,[60],[33.956902]
2025-11-18T01:21:58+01:00,[60],[33.956902]
2025-11-18T01:21:59+01:00,[60],[33.956902]
2025-11-18T01:22:00+01:00,[60],[33.956902]
2025-11-18T01:22:01+01:00,[60],[33.956902]
2025-11-18T01:22:02+01:00,[60],[33.956902]
2025-11-18T01:22:03+01:00,[60],[33.956902]
2025-11-18T01:22:04+01:00,[60],[33.956902]
2025-11-18T01:22:05+01:00,[60],[33.956902]
2025-11-18T01:22:06+01:00,[60],[33.956902]
2025-11-18T01:22:07+01:00,[60],[33.956902]
2025-11-18T01:22:08+01:00,[60],[33.956902]
2025-11-18T01:22:09+01:00,[60],[33.956902]
2025-11-18T01:22:10+01:00,[60],[33.956902]
2025-11-18T01:22:11+01:00,[60],[33.956902]
2025-11-18T01:22:12+01:00,[60],[33.956902]
2025-11-18T01:22:13+01:00,[60],[33.956902]
2025-11-18T01:22:14+01:00,[60],[33.956902]
2025-11-18T01:22:15+01:00,[60],[33.956902]
2025-11-18T01:22:16+01:00,[60],[33.956902]
2025-11-18T01:22:17+01:00,[60],[33.956902]
2025-11-18T01:22:18+01:00,[60],[33.956902]
2025-11-18T01:22:19+01:00,[60],[33.956902]
2025-11-18T01:22:20+01:00,[60],[33.956902]
2025-11-18T01:22:21+01:00,[60],[33.956902]
2025-11-18T01:22:22+01:00,[60],[33.956902]
2025-11-18T01:22:23+01:00,[60],[33.956902]
2025-11-18T01:22:24+01:00,[60],[33.956902]
2025-11-18T01:22:25+01:00,[60],[33.956902]
2025-11-18T01:22:26+01:00,[60],[33.956902]
2025-11-18T01:22:27+01:00,[60],[33.956902]
2025-11-18T01:22:28+01:00,[60],[33.956882]
2025-11-18T01:22:29+01:00,[60],[33.956879]
2025-11-18T01:22:30+01:00,[60],[33.956886]
2025-11-18T01:22:31+01:00,[60],[33.956882]
2025-11-18T01:22:32+01:00,[60],[33.956882]
2025-11-18T01:22:33+01:00,[60],[33.956882]
2025-11-18T01:22:34+01:00,[60],[33.956879]
2025-11-18T01:22:35+01:00,[60],[33.956882]
2025-11-18T01:22:36+01:00,[60],[33.956882]
2025-11-18T01:22:37+01:00,[60],[33.956882]
2025-11-18T01:22:38+01:00,[60],[33.956879]
2025-11-18T01:22:39+01:00,[60],[33.956875]
2025-11-18T01:22:40+01:00,[60],[33.956875]
2025-11-18T01:22:41+01:00,[60],[33.956875]
2025-11-18T01:22:42+01:00,[60],[33.956875]
2025-11-18T01:22:43+01:00,[60],[33.956879]
2025-11-18T01:22:44+01:00,[60],[33.956875]
2025-11-18T01:22:45+01:00,[60],[33.956871]
2025-11-18T01:22:46+01:00,[60],[33.956875]
2025-11-18T01:22:47+01:00,[60],[33.956867]
2025-11-18T01:22:48+01:00,[60],[33.956871]
2025-11-18T01:22:49+01:00,[60],[33.956875]
2025-11-18T01:22:50+01:00,[60],[33.956875]
2025-11-18T01:22:51+01:00,[60],[33.956879]
2025-11-18T01:22:52+01:00,[60],[33.956875]
2025-11-18T01:22:53+01:00,[60],[33.956875]
2025-11-18T01:22:54+01:00,[60],[33.956871]
2025-11-18T01:22:55+01:00,[60],[33.956867]
2025-11-18T01:22:56+01:00,[60],[33.956871]
2025-11-18T01:22:57+01:00,[60],[33.956867]
2025-11-18T01:22:58+01:00,[60],[33.956875]
2025-11-18T01:22:59+01:00,[60],[33.956879]
2025-11-18T01:23:00+01:00,[60],[33.956879]
2025-11-18T01:23:01+01:00,[60],[33.956879]
2025-11-18T01:23:02+01:00,[60],[33.956875]
2025-11-18T01:23:03+01:00,[60],[33.956875]
2025-11-18T01:23:04+01:00,[60],[33.956871]
2025-11-18T01:23:05+01:00,[60],[33.956875]
2025-11-18T01:23:06+01:00,[60],[33.956879]
2025-11-18T01:23:07+01:00,[60],[33.956875]
2025-11-18T01:23:08+01:00,[60],[33.956879]
2025-11-18T01:23:09+01:00,[60],[33.956879]
2025-11-18T01:23:10+01:00,[60],[33.956882]
2025-11-18T01:23:11+01:00,[60],[33.956882]
2025-11-18T01:23:12+01:00,[60],[33.95689]
2025-11-18T01:23:13+01:00,[60],[33.95689]
2025-11-18T01:23:14+01:00,[60],[33.956894]
2025-11-18T01:23:15+01:00,[60],[33.956898]
2025-11-18T01:23:16+01:00,[60],[33.956894]
2025-11-18T01:23:17+01:00,[60],[33.956886]
2025-11-18T01:23:18+01:00,[60],[33.956882]
2025-11-18T01:23:19+01:00,[60],[33.956886]
2025-11-18T01:23:20+01:00,[60],[33.956886]
2025-11-18T01:23:21+01:00,[60],[33.956882]
2025-11-18T01:23:22+01:00,[60],[33.956882]
2025-11-18T01:23:23+01:00,[60],[33.956882]
2025-11-18T01:23:24+01:00,[60],[33.956886]
2025-11-18T01:23:25+01:00,[60],[33.95689]
2025-11-18T01:23:26+01:00,[60],[33.95689]
2025-11-18T01:23:27+01:00,[60],[33.956894]
2025-11-18T01:23:28+01:00,[60],[33.956898]
2025-11-18T01:23:29+01:00,[60],[33.956898]
2025-11-18T01:23:30+01:00,[60],[33.956894]
2025-11-18T01:23:31+01:00,[60],[33.956894]
2025-11-18T01:23:32+01:00,[60],[33.956898]
2025-11-18T01:23:33+01:00,[60],[33.956898]
2025-11-18T01:23:34+01:00,[60],[33.956898]
2025-11-18T01:23:35+01:00,[60],[33.956898]
2025-11-18T01:23:36+01:00,[60],[33.956898]
2025-11-18T01:23:37+01:00,[60],[33.956894]
2025-11-18T01:23:38+01:00,[60],[33.95689]
2025-11-18T01:23:39+01:00,[60],[33.956886]
2025-11-18T01:23:40+01:00,[60],[33.956886]
2025-11-18T01:23:41+01:00,[60],[33.956886]
2025-11-18T01:23:42+01:00,[60],[33.956886]
2025-11-18T01:23:43+01:00,[60],[33.956882]
2025-11-18T01:23:44+01:00,[60],[33.956879]
2025-11-18T01:23:45+01:00,[60],[33.956882]
2025-11-18T01:23:46+01:00,[60],[33.956882]
2025-11-18T01:23:47+01:00,[60],[33.956882]
2025-11-18T01:23:48+01:00,[60],[33.95689]
2025-11-18T01:23:49+01:00,[60],[33.956894]
2025-11-18T01:23:50+01:00,[60],[33.956894]
2025-11-18T01:23:51+01:00,[60],[33.956894]
2025-11-18T01:23:52+01:00,[60],[33.956898]
2025-11-18T01:23:53+01:00,[60],[33.956894]
2025-11-18T01:23:54+01:00,[60],[33.956898]
2025-11-18T01:23:55+01:00,[60],[33.956898]
2025-11-18T01:23:56+01:00,[60],[33.956902]
2025-11-18T01:23:57+01:00,[60],[33.956898]
2025-11-18T01:23:58+01:00,[60],[33.956898]
2025-11-18T01:23:59+01:00,[60],[33.956894]
2025-11-18T01:24:00+01:00,[60],[33.956898]
2025-11-18T01:24:01+01:00,[60],[33.956898]
2025-11-18T01:24:02+01:00,[60],[33.956894]
2025-11-18T01:24:03+01:00,[60],[33.95689]
2025-11-18T01:24:04+01:00,[60],[33.956886]
2025-11-18T01:24:05+01:00,[60],[33.956882]
2025-11-18T01:24:06+01:00,[60],[33.956886]
2025-11-18T01:24:07+01:00,[60],[33.956886]
2025-11-18T01:24:08+01:00,[60],[33.956886]
2025-11-18T01:24:09+01:00,[60],[33.956886]
2025-11-18T01:24:10+01:00,[60],[33.956886]
2025-11-18T01:24:11+01:00,[60],[33.956886]
2025-11-18T01:24:12+01:00,[60],[33.956886]
2025-11-18T01:24:13+01:00,[60],[33.956882]
2025-11-18T01:24:14+01:00,[60],[33.956886]
2025-11-18T01:24:15+01:00,[60],[33.956886]
2025-11-18T01:24:16+01:00,[60],[33.956886]
2025-11-18T01:24:17+01:00,[60],[33.95689]
2025-11-18T01:24:18+01:00,[60],[33.956886]
2025-11-18T01:24:19+01:00,[60],[33.956886]
2025-11-18T01:24:20+01:00,[60],[33.956886]
2025-11-18T01:24:21+01:00,[60],[33.956886]
2025-11-18T01:24:22+01:00,[60],[33.956886]
2025-11-18T01:24:23+01:00,[60],[33.956886]
2025-11-18T01:24:24+01:00,[60],[33.956886]
2025-11-18T01:24:25+01:00,[60],[33.95689]
2025-11-18T01:24:26+01:00,[60],[33.956886]
2025-11-18T01:24:27+01:00,[60],[33.95689]
2025-11-18T01:24:28+01:00,[60],[33.95689]
2025-11-18T01:24:29+01:00,[60],[33.95689]
2025-11-18T01:24:30+01:00,[60],[33.956886]
2025-11-18T01:24:31+01:00,[60],[33.956882]
2025-11-18T01:24:32+01:00,[60],[33.956879]
2025-11-18T01:24:33+01:00,[60],[33.956882]
2025-11-18T01:24:34+01:00,[60],[33.956882]
2025-11-18T01:24:35+01:00,[60],[33.956886]
2025-11-18T01:24:36+01:00,[60],[33.956886]
2025-11-18T01:24:37+01:00,[60],[33.956886]
2025-11-18T01:24:38+01:00,[60],[33.956886]
2025-11-18T01:24:39+01:00,[60],[33.956886]
2025-11-18T01:24:40+01:00,[60],[33.956886]
2025-11-18T01:24:41+01:00,[60],[33.956886]
2025-11-18T01:24:42+01:00,[60],[33.956886]
2025-11-18T01:24:43+01:00,[60],[33.95689]
2025-11-18T01:24:44+01:00,[60],[33.956886]
2025-11-18T01:24:45+01:00,[60],[33.956882]
2025-11-18T01:24:46+01:00,[60],[33.956879]
2025-11-18T01:24:47+01:00,[60],[33.956875]
2025-11-18T01:24:48+01:00,[60],[33.956871]
2025-11-18T01:24:49+01:00,[60],[33.956871]
2025-11-18T01:24:50+01:00,[60],[33.956871]
2025-11-18T01:24:51+01:00,[60],[33.956867]
2025-11-18T01:24:52+01:00,[60],[33.956871]
2025-11-18T01:24:53+01:00,[60],[33.956875]
2025-11-18T01:24:54+01:00,[60],[33.956875]
2025-11-18T01:24:55+01:00,[60],[33.956875]
2025-11-18T01:24:56+01:00,[60],[33.956879]
2025-11-18T01:24:57+01:00,[60],[33.956882]
2025-11-18T01:24:58+01:00,[60],[33.956882]
2025-11-18T01:24:59+01:00,[60],[33.956882]
2025-11-18T01:25:00+01:00,[60],[33.956879]
2025-11-18T01:25:01+01:00,[60],[33.956879]
2025-11-18T01:25:02+01:00,[60],[33.956879]
2025-11-18T01:25:03+01:00,[60],[33.956879]
2025-11-18T01:25:04+01:00,[60],[33.956879]
2025-11-18T01:25:05+01:00,[60],[33.956879]
2025-11-18T01:25:06+01:00,[60],[33.956879]
2025-11-18T01:25:07+01:00,[60],[33.956879]
2025-11-18T01:25:08+01:00,[60],[33.956875]
2025-11-18T01:25:09+01:00,[60],[33.956875]
2025-11-18T01:25:10+01:00,[60],[33.956879]
2025-11-18T01:25:11+01:00,[60],[33.956882]
2025-11-18T01:25:12+01:00,[60],[33.956875]
2025-11-18T01:25:13+01:00,[60],[33.956875]
2025-11-18T01:25:14+01:00,[60],[33.956871]
2025-11-18T01:25:15+01:00,[60],[33.956867]
2025-11-18T01:25:16+01:00,[60],[33.956871]
2025-11-18T01:25:17+01:00,[60],[33.956871]
2025-11-18T01:25:18+01:00,[60],[33.956871]
2025-11-18T01:25:19+01:00,[60],[33.956871]
2025-11-18T01:25:20+01:00,[60],[33.956871]
2025-11-18T01:25:21+01:00,[60],[33.956871]
2025-11-18T01:25:22+01:00,[60],[33.956875]
2025-11-18T01:25:23+01:00,[60],[33.956882]
2025-11-18T01:25:24+01:00,[60],[33.956882]
2025-11-18T01:25:25+01:00,[60],[33.956882]
2025-11-18T01:25:26+01:00,[60],[33.956879]
2025-11-18T01:25:27+01:00,[60],[33.956882]
2025-11-18T01:25:28+01:00,[60],[33.956882]
2025-11-18T01:25:29+01:00,[60],[33.956886]
2025-11-18T01:25:30+01:00,[60],[33.956886]
2025-11-18T01:25:31+01:00,[60],[33.956882]
2025-11-18T01:25:32+01:00,[60],[33.956882]
2025-11-18T01:25:33+01:00,[60],[33.956882]
2025-11-18T01:25:34+01:00,[60],[33.956886]
2025-11-18T01:25:35+01:00,[60],[33.95689]
2025-11-18T01:25:36+01:00,[60],[33.956886]
2025-11-18T01:25:37+01:00,[60],[33.956886]
2025-11-18T01:25:38+01:00,[60],[33.956882]
2025-11-18T01:25:39+01:00,[60],[33.956886]
2025-11-18T01:25:40+01:00,[60],[33.95689]
2025-11-18T01:25:41+01:00,[60],[33.956886]
2025-11-18T01:25:42+01:00,[60],[33.95689]
2025-11-18T01:25:43+01:00,[60],[33.95689]
2025-11-18T01:25:44+01:00,[60],[33.956886]
2025-11-18T01:25:45+01:00,[60],[33.956882]
2025-11-18T01:25:46+01:00,[60],[33.956882]
2025-11-18T01:25:47+01:00,[60],[33.956879]
2025-11-18T01:25:48+01:00,[60],[33.956875]
2025-11-18T01:25:49+01:00,[60],[33.956879]
2025-11-18T01:25:50+01:00,[60],[33.956879]
2025-11-18T01:25:51+01:00,[60],[33.95689]
2025-11-18T01:25:52+01:00,[60],[33.956898]
2025-11-18T01:25:53+01:00,[60],[33.956894]
2025-11-18T01:25:54+01:00,[60],[33.956902]
2025-11-18T01:25:55+01:00,[60],[33.956902]
2025-11-18T01:25:56+01:00,[60],[33.956909]
2025-11-18T01:25:57+01:00,[60],[33.956909]
2025-11-18T01:25:58+01:00,[60],[33.956909]
2025-11-18T01:25:59+01:00,[60],[33.956909]
2025-11-18T01:26:00+01:00,[60],[33.956909]
2025-11-18T01:26:01+01:00,[60],[33.956909]
2025-11-18T01:26:02+01:00,[60],[33.956909]
2025-11-18T01:26:03+01:00,[60],[33.956909]
2025-11-18T01:26:04+01:00,[60],[33.956909]
2025-11-18T01:26:05+01:00,[60],[33.956898]
2025-11-18T01:26:06+01:00,[60],[33.956909]
2025-11-18T01:26:07+01:00,[60],[33.956902]
2025-11-18T01:26:08+01:00,[60],[33.956898]
2025-11-18T01:26:09+01:00,[60],[33.956898]
2025-11-18T01:26:10+01:00,[60],[33.956902]
2025-11-18T01:26:11+01:00,[60],[33.956902]
2025-11-18T01:26:12+01:00,[60],[33.956902]
2025-11-18T01:26:13+01:00,[60],[33.956902]
2025-11-18T01:26:14+01:00,[60],[33.956902]
2025-11-18T01:26:15+01:00,[60],[33.956902]
2025-11-18T01:26:16+01:00,[60],[33.956898]
2025-11-18T01:26:17+01:00,[60],[33.956898]
2025-11-18T01:26:18+01:00,[60],[33.956898]
2025-11-18T01:26:19+01:00,[60],[33.956902]
2025-11-18T01:26:20+01:00,[60],[33.956902]
2025-11-18T01:26:21+01:00,[60],[33.956902]
2025-11-18T01:26:22+01:00,[60],[33.956902]
2025-11-18T01:26:23+01:00,[60],[33.956898]
2025-11-18T01:26:24+01:00,[60],[33.956898]
2025-11-18T01:26:25+01:00,[60],[33.956898]
2025-11-18T01:26:26+01:00,[60],[33.956898]
2025-11-18T01:26:27+01:00,[60],[33.956894]
2025-11-18T01:26:28+01:00,[60],[33.956898]
2025-11-18T01:26:29+01:00,[60],[33.956909]
2025-11-18T01:26:30+01:00,[60],[33.956913]
2025-11-18T01:26:31+01:00,[60],[33.956921]
2025-11-18T01:26:32+01:00,[60],[33.956917]
2025-11-18T01:26:33+01:00,[60],[33.956917]
2025-11-18T01:26:34+01:00,[60],[33.956917]
2025-11-18T01:26:35+01:00,[60],[33.956917]
2025-11-18T01:26:36+01:00,[60],[33.956917]
2025-11-18T01:26:37+01:00,[60],[33.956917]
2025-11-18T01:26:38+01:00,[60],[33.956909]
2025-11-18T01:26:39+01:00,[60],[33.956902]
2025-11-18T01:26:40+01:00,[60],[33.956902]
2025-11-18T01:26:41+01:00,[60],[33.956898]
2025-11-18T01:26:42+01:00,[60],[33.956882]
2025-11-18T01:26:43+01:00,[60],[33.956879]
2025-11-18T01:26:44+01:00,[60],[33.956882]
2025-11-18T01:26:45+01:00,[60],[33.956886]
2025-11-18T01:26:46+01:00,[60],[33.956886]
2025-11-18T01:26:47+01:00,[60],[33.956886]
2025-11-18T01:26:48+01:00,[60],[33.956886]
2025-11-18T01:26:49+01:00,[60],[33.95689]
2025-11-18T01:26:50+01:00,[60],[33.956898]
2025-11-18T01:26:51+01:00,[60],[33.956898]
2025-11-18T01:26:52+01:00,[60],[33.956902]
2025-11-18T01:26:53+01:00,[60],[33.956898]
2025-11-18T01:26:54+01:00,[60],[33.956898]
2025-11-18T01:26:55+01:00,[60],[33.956905]
2025-11-18T01:26:56+01:00,[60],[33.956905]
2025-11-18T01:26:57+01:00,[60],[33.956905]
2025-11-18T01:26:58+01:00,[60],[33.956905]
2025-11-18T01:26:59+01:00,[60],[33.956902]
2025-11-18T01:27:00+01:00,[60],[33.956902]
2025-11-18T01:27:01+01:00,[60],[33.95689]
2025-11-18T01:27:02+01:00,[60],[33.956879]
2025-11-18T01:27:03+01:00,[60],[33.956871]
2025-11-18T01:27:04+01:00,[60],[33.956867]
2025-11-18T01:27:05+01:00,[60],[33.956863]
2025-11-18T01:27:06+01:00,[60],[33.956856]
2025-11-18T01:27:07+01:00,[60],[33.95686]
2025-11-18T01:27:08+01:00,[60],[33.95686]
2025-11-18T01:27:09+01:00,[60],[33.95686]
2025-11-18T01:27:10+01:00,[60],[33.956863]
2025-11-18T01:27:11+01:00,[60],[33.95686]
2025-11-18T01:27:12+01:00,[60],[33.95686]
2025-11-18T01:27:13+01:00,[60],[33.95686]
2025-11-18T01:27:14+01:00,[60],[33.956852]
2025-11-18T01:27:15+01:00,[60],[33.956856]
2025-11-18T01:27:16+01:00,[60],[33.956856]
2025-11-18T01:27:17+01:00,[60],[33.956852]
2025-11-18T01:27:18+01:00,[60],[33.956856]
2025-11-18T01:27:19+01:00,[60],[33.956863]
2025-11-18T01:27:20+01:00,[60],[33.956867]
2025-11-18T01:27:21+01:00,[60],[33.956856]
2025-11-18T01:27:22+01:00,[60],[33.956844]
2025-11-18T01:27:23+01:00,[60],[33.956837]
2025-11-18T01:27:24+01:00,[60],[33.956841]
2025-11-18T01:27:25+01:00,[60],[33.956844]
2025-11-18T01:27:26+01:00,[60],[33.956852]
2025-11-18T01:27:27+01:00,[60],[33.956852]
2025-11-18T01:27:28+01:00,[60],[33.956856]
2025-11-18T01:27:29+01:00,[60],[33.95686]
2025-11-18T01:27:30+01:00,[60],[33.95686]
2025-11-18T01:27:31+01:00,[60],[33.95686]
2025-11-18T01:27:32+01:00,[60],[33.95686]
2025-11-18T01:27:33+01:00,[60],[33.956856]
2025-11-18T01:27:34+01:00,[60],[33.956863]
2025-11-18T01:27:35+01:00,[60],[33.956863]
2025-11-18T01:27:36+01:00,[60],[33.956863]
2025-11-18T01:27:37+01:00,[60],[33.956856]
2025-11-18T01:27:38+01:00,[60],[33.956856]
2025-11-18T01:27:39+01:00,[60],[33.956848]
2025-11-18T01:27:40+01:00,[60],[33.956848]
2025-11-18T01:27:41+01:00,[60],[33.956848]
2025-11-18T01:27:42+01:00,[60],[33.956848]
2025-11-18T01:27:43+01:00,[60],[33.956848]
2025-11-18T01:27:44+01:00,[60],[33.956848]
2025-11-18T01:27:45+01:00,[60],[33.956844]
2025-11-18T01:27:46+01:00,[60],[33.956841]
2025-11-18T01:27:47+01:00,[60],[33.956818]
2025-11-18T01:27:48+01:00,[60],[33.956814]
2025-11-18T01:27:49+01:00,[60],[33.956791]
2025-11-18T01:27:50+01:00,[60],[33.956772]
2025-11-18T01:27:51+01:00,[60],[33.956764]
2025-11-18T01:27:52+01:00,[60],[33.956753]
2025-11-18T01:27:53+01:00,[60],[33.956741]
2025-11-18T01:27:54+01:00,[60],[33.956738]
2025-11-18T01:27:55+01:00,[60],[33.956734]
2025-11-18T01:27:56+01:00,[60],[33.95673]
2025-11-18T01:27:57+01:00,[60],[33.956726]
2025-11-18T01:27:58+01:00,[60],[33.956722]
2025-11-18T01:27:59+01:00,[60],[33.956718]
2025-11-18T01:28:00+01:00,[60],[33.956718]
2025-11-18T01:28:01+01:00,[60],[33.956699]
2025-11-18T01:28:02+01:00,[60],[33.956684]
2025-11-18T01:28:03+01:00,[60],[33.956669]
2025-11-18T01:28:04+01:00,[60],[33.956669]
2025-11-18T01:28:05+01:00,[60],[33.956665]
2025-11-18T01:28:06+01:00,[60],[33.95665]
2025-11-18T01:28:07+01:00,[60],[33.956638]
2025-11-18T01:28:08+01:00,[60],[33.956631]
2025-11-18T01:28:09+01:00,[60],[33.956627]
2025-11-18T01:28:10+01:00,[60],[33.956615]
2025-11-18T01:28:11+01:00,[60],[33.956608]
2025-11-18T01:28:12+01:00,[60],[33.956608]
2025-11-18T01:28:13+01:00,[60],[33.956608]
2025-11-18T01:28:14+01:00,[60],[33.956593]
2025-11-18T01:28:15+01:00,[60],[33.956593]
2025-11-18T01:28:16+01:00,[60],[33.956589]
2025-11-18T01:28:17+01:00,[60],[33.956589]
2025-11-18T01:28:18+01:00,[60],[33.956589]
2025-11-18T01:28:19+01:00,[60],[33.956589]
2025-11-18T01:28:20+01:00,[60],[33.956589]
2025-11-18T01:28:21+01:00,[60],[33.956589]
2025-11-18T01:28:22+01:00,[60],[33.956589]
2025-11-18T01:28:23+01:00,[60],[33.956589]
2025-11-18T01:28:24+01:00,[60],[33.956589]
2025-11-18T01:28:25+01:00,[60],[33.956589]
2025-11-18T01:28:26+01:00,[60],[33.956589]
2025-11-18T01:28:27+01:00,[60],[33.956589]
2025-11-18T01:28:28+01:00,[60],[33.956589]
2025-11-18T01:28:29+01:00,[60],[33.956589]
2025-11-18T01:28:30+01:00,[60],[33.956589]
2025-11-18T01:28:31+01:00,[60],[33.956589]
2025-11-18T01:28:32+01:00,[60],[33.956589]
2025-11-18T01:28:33+01:00,[60],[33.956589]
2025-11-18T01:28:34+01:00,[60],[33.956589]
2025-11-18T01:28:35+01:00,[60],[33.956589]
2025-11-18T01:28:36+01:00,[60],[33.956589]
2025-11-18T01:28:37+01:00,[60],[33.956589]
2025-11-18T01:28:38+01:00,[60],[33.956589]
2025-11-18T01:28:39+01:00,[60],[33.956589]
2025-11-18T01:28:40+01:00,[60],[33.956589]
2025-11-18T01:28:41+01:00,[60],[33.956589]
2025-11-18T01:28:42+01:00,[60],[33.956589]
2025-11-18T01:28:43+01:00,[60],[33.956589]
2025-11-18T01:28:44+01:00,[60],[33.956589]
2025-11-18T01:28:45+01:00,[60],[33.956589]
2025-11-18T01:28:46+01:00,[60],[33.956589]
2025-11-18T01:28:47+01:00,[60],[33.9566]
2025-11-18T01:28:48+01:00,[60],[33.9566]
2025-11-18T01:28:49+01:00,[60],[33.9566]
2025-11-18T01:28:50+01:00,[60],[33.956596]
2025-11-18T01:28:51+01:00,[60],[33.956596]
2025-11-18T01:28:52+01:00,[60],[33.956577]
2025-11-18T01:28:53+01:00,[60],[33.956573]
2025-11-18T01:28:54+01:00,[60],[33.956501]
2025-11-18T01:28:55+01:00,[60],[33.956474]
2025-11-18T01:28:56+01:00,[60],[33.956486]
2025-11-18T01:28:57+01:00,[60],[33.956467]
2025-11-18T01:28:58+01:00,[60],[33.956467]
2025-11-18T01:28:59+01:00,[60],[33.956463]
2025-11-18T01:29:00+01:00,[60],[33.956478]
2025-11-18T01:29:01+01:00,[60],[33.956463]
2025-11-18T01:29:02+01:00,[60],[33.956463]
2025-11-18T01:29:03+01:00,[60],[33.956467]
2025-11-18T01:29:04+01:00,[60],[33.956463]
2025-11-18T01:29:05+01:00,[60],[33.95647]
2025-11-18T01:29:06+01:00,[60],[33.95649]
2025-11-18T01:29:07+01:00,[60],[33.956493]
2025-11-18T01:29:08+01:00,[60],[33.956501]
2025-11-18T01:29:09+01:00,[60],[33.956501]
2025-11-18T01:29:10+01:00,[60],[33.956501]
2025-11-18T01:29:11+01:00,[60],[33.956501]
2025-11-18T01:29:12+01:00,[60],[33.956516]
2025-11-18T01:29:13+01:00,[60],[33.956516]
2025-11-18T01:29:14+01:00,[60],[33.95652]
2025-11-18T01:29:15+01:00,[60],[33.95652]
2025-11-18T01:29:16+01:00,[60],[33.956532]
2025-11-18T01:29:17+01:00,[60],[33.956532]
2025-11-18T01:29:18+01:00,[60],[33.956535]
2025-11-18T01:29:19+01:00,[60],[33.956535]
2025-11-18T01:29:20+01:00,[60],[33.956535]
2025-11-18T01:29:21+01:00,[60],[33.956535]
2025-11-18T01:29:22+01:00,[60],[33.956543]
2025-11-18T01:29:23+01:00,[60],[33.956539]
2025-11-18T01:29:24+01:00,[60],[33.956539]
2025-11-18T01:29:25+01:00,[60],[33.956539]
2025-11-18T01:29:26+01:00,[60],[33.956539]
2025-11-18T01:29:27+01:00,[60],[33.956539]
2025-11-18T01:29:28+01:00,[60],[33.956539]
2025-11-18T01:29:29+01:00,[60],[33.956539]
2025-11-18T01:29:30+01:00,[60],[33.956539]
2025-11-18T01:29:31+01:00,[60],[33.956558]
2025-11-18T01:29:32+01:00,[60],[33.956558]
2025-11-18T01:29:33+01:00,[60],[33.956558]
2025-11-18T01:29:34+01:00,[60],[33.956562]
2025-11-18T01:29:35+01:00,[60],[33.956562]
2025-11-18T01:29:36+01:00,[60],[33.956562]
2025-11-18T01:29:37+01:00,[60],[33.956566]
2025-11-18T01:29:38+01:00,[60],[33.956566]
2025-11-18T01:29:39+01:00,[60],[33.956566]
2025-11-18T01:29:40+01:00,[60],[33.95657]
2025-11-18T01:29:41+01:00,[60],[33.95657]
2025-11-18T01:29:42+01:00,[60],[33.95657]
2025-11-18T01:29:43+01:00,[60],[33.956573]
2025-11-18T01:29:44+01:00,[60],[33.956573]
2025-11-18T01:29:45+01:00,[60],[33.956573]
2025-11-18T01:29:46+01:00,[60],[33.956577]
2025-11-18T01:29:47+01:00,[60],[33.956581]
2025-11-18T01:29:48+01:00,[60],[33.956581]
2025-11-18T01:29:49+01:00,[60],[33.956585]
2025-11-18T01:29:50+01:00,[60],[33.956581]
2025-11-18T01:29:51+01:00,[60],[33.956585]
2025-11-18T01:29:52+01:00,[60],[33.956585]
2025-11-18T01:29:53+01:00,[60],[33.956585]
2025-11-18T01:29:54+01:00,[60],[33.956581]
2025-11-18T01:29:55+01:00,[60],[33.956581]
2025-11-18T01:29:56+01:00,[60],[33.956581]
2025-11-18T01:29:57+01:00,[60],[33.956581]
2025-11-18T01:29:58+01:00,[60],[33.956589]
2025-11-18T01:29:59+01:00,[60],[33.956585]
2025-11-18T01:30:00+01:00,[60],[33.956589]
2025-11-18T01:30:01+01:00,[60],[33.956589]
2025-11-18T01:30:02+01:00,[60],[33.956589]
2025-11-18T01:30:03+01:00,[60],[33.956589]
2025-11-18T01:30:04+01:00,[60],[33.956589]
2025-11-18T01:30:05+01:00,[60],[33.956585]
2025-11-18T01:30:06+01:00,[60],[33.956585]
2025-11-18T01:30:07+01:00,[60],[33.956585]
2025-11-18T01:30:08+01:00,[60],[33.956585]
2025-11-18T01:30:09+01:00,[60],[33.956585]
2025-11-18T01:30:10+01:00,[60],[33.956585]
2025-11-18T01:30:11+01:00,[60],[33.956585]
2025-11-18T01:30:12+01:00,[60],[33.956585]
2025-11-18T01:30:13+01:00,[60],[33.956585]
2025-11-18T01:30:14+01:00,[60],[33.956585]
2025-11-18T01:30:15+01:00,[60],[33.956585]
2025-11-18T01:30:16+01:00,[60],[33.956585]
2025-11-18T01:30:17+01:00,[60],[33.956585]
2025-11-18T01:30:18+01:00,[60],[33.956585]
2025-11-18T01:30:19+01:00,[60],[33.956585]
2025-11-18T01:30:20+01:00,[60],[33.956585]
2025-11-18T01:30:21+01:00,[60],[33.956585]
2025-11-18T01:30:22+01:00,[60],[33.956585]
2025-11-18T01:30:23+01:00,[60],[33.956585]
2025-11-18T01:30:24+01:00,[60],[33.956585]
2025-11-18T01:30:25+01:00,[60],[33.956585]
2025-11-18T01:30:26+01:00,[60],[33.956585]
2025-11-18T01:30:27+01:00,[60],[33.956585]
2025-11-18T01:30:28+01:00,[60],[33.956585]
2025-11-18T01:30:29+01:00,[60],[33.956585]
2025-11-18T01:30:30+01:00,[60],[33.956585]
2025-11-18T01:30:31+01:00,[60],[33.956585]
2025-11-18T01:30:32+01:00,[60],[33.956566]
2025-11-18T01:30:33+01:00,[60],[33.956566]
2025-11-18T01:30:34+01:00,[60],[33.956566]
2025-11-18T01:30:35+01:00,[60],[33.956566]
2025-11-18T01:30:36+01:00,[60],[33.956566]
2025-11-18T01:30:37+01:00,[60],[33.956566]
2025-11-18T01:30:38+01:00,[60],[33.956566]
2025-11-18T01:30:39+01:00,[60],[33.956566]
2025-11-18T01:30:40+01:00,[60],[33.956566]
2025-11-18T01:30:41+01:00,[60],[33.956566]
2025-11-18T01:30:42+01:00,[60],[33.956566]
2025-11-18T01:30:43+01:00,[60],[33.956566]
2025-11-18T01:30:44+01:00,[60],[33.956558]
2025-11-18T01:30:45+01:00,[60],[33.956558]
2025-11-18T01:30:46+01:00,[60],[33.956558]
2025-11-18T01:30:47+01:00,[60],[33.956558]
2025-11-18T01:30:48+01:00,[60],[33.956558]
2025-11-18T01:30:49+01:00,[60],[33.956558]
2025-11-18T01:30:50+01:00,[60],[33.956558]
2025-11-18T01:30:51+01:00,[60],[33.956558]
2025-11-18T01:30:52+01:00,[60],[33.956558]
2025-11-18T01:30:53+01:00,[60],[33.956547]
2025-11-18T01:30:54+01:00,[60],[33.956547]
2025-11-18T01:30:55+01:00,[60],[33.956547]
2025-11-18T01:30:56+01:00,[60],[33.956535]
2025-11-18T01:30:57+01:00,[60],[33.956535]
2025-11-18T01:30:58+01:00,[60],[33.956535]
2025-11-18T01:30:59+01:00,[60],[33.956528]
2025-11-18T01:31:00+01:00,[60],[33.956528]
2025-11-18T01:31:01+01:00,[60],[33.956528]
2025-11-18T01:31:02+01:00,[60],[33.956528]
2025-11-18T01:31:03+01:00,[60],[33.956528]
2025-11-18T01:31:04+01:00,[60],[33.956528]
2025-11-18T01:31:05+01:00,[60],[33.956528]
2025-11-18T01:31:06+01:00,[60],[33.956528]
2025-11-18T01:31:07+01:00,[60],[33.956528]
2025-11-18T01:31:09+01:00,[60],[33.956528]
2025-11-18T01:31:10+01:00,[60],[33.956528]
2025-11-18T01:31:11+01:00,[60],[33.956539]
2025-11-18T01:31:12+01:00,[60],[33.956539]
2025-11-18T01:31:13+01:00,[60],[33.956539]
2025-11-18T01:31:14+01:00,[60],[33.956539]
2025-11-18T01:31:15+01:00,[60],[33.956539]
2025-11-18T01:31:16+01:00,[60],[33.956539]
2025-11-18T01:31:17+01:00,[60],[33.956539]
2025-11-18T01:31:18+01:00,[60],[33.956539]
2025-11-18T01:31:19+01:00,[60],[33.956539]
2025-11-18T01:31:20+01:00,[60],[33.956539]
2025-11-18T01:31:21+01:00,[60],[33.956539]
2025-11-18T01:31:22+01:00,[60],[33.956539]
2025-11-18T01:31:23+01:00,[60],[33.956539]
2025-11-18T01:31:24+01:00,[60],[33.956539]
2025-11-18T01:31:25+01:00,[60],[33.956539]
2025-11-18T01:31:26+01:00,[60],[33.956539]
2025-11-18T01:31:27+01:00,[60],[33.956539]
2025-11-18T01:31:28+01:00,[60],[33.956539]
2025-11-18T01:31:29+01:00,[60],[33.956539]
2025-11-18T01:31:30+01:00,[60],[33.956539]
2025-11-18T01:31:31+01:00,[60],[33.956539]
2025-11-18T01:31:32+01:00,[60],[33.956539]
2025-11-18T01:31:33+01:00,[60],[33.956539]
2025-11-18T01:31:34+01:00,[60],[33.956539]
2025-11-18T01:31:35+01:00,[60],[33.956539]
2025-11-18T01:31:36+01:00,[60],[33.956539]
2025-11-18T01:31:37+01:00,[60],[33.956539]
2025-11-18T01:31:38+01:00,[60],[33.956539]
2025-11-18T01:31:39+01:00,[60],[33.956539]
2025-11-18T01:31:40+01:00,[60],[33.956539]
2025-11-18T01:31:41+01:00,[60],[33.956539]
2025-11-18T01:31:42+01:00,[60],[33.956539]
2025-11-18T01:31:43+01:00,[60],[33.956539]
2025-11-18T01:31:44+01:00,[60],[33.956539]
2025-11-18T01:31:45+01:00,[60],[33.956539]
2025-11-18T01:31:46+01:00,[60],[33.956539]
2025-11-18T01:31:47+01:00,[60],[33.956539]
2025-11-18T01:31:48+01:00,[60],[33.956539]
2025-11-18T01:31:49+01:00,[60],[33.956539]
2025-11-18T01:31:50+01:00,[60],[33.956539]
2025-11-18T01:31:51+01:00,[60],[33.956539]
2025-11-18T01:31:52+01:00,[60],[33.956539]
2025-11-18T01:31:53+01:00,[60],[33.956539]
2025-11-18T01:31:54+01:00,[60],[33.956539]
2025-11-18T01:31:55+01:00,[60],[33.956539]
2025-11-18T01:31:56+01:00,[60],[33.956539]
2025-11-18T01:31:57+01:00,[60],[33.956539]
2025-11-18T01:31:58+01:00,[60],[33.956539]
2025-11-18T01:31:59+01:00,[60],[33.956539]
2025-11-18T01:32:00+01:00,[60],[33.956539]
2025-11-18T01:32:01+01:00,[60],[33.956539]
2025-11-18T01:32:02+01:00,[60],[33.956539]
2025-11-18T01:32:03+01:00,[60],[33.956539]
2025-11-18T01:32:04+01:00,[60],[33.956539]
2025-11-18T01:32:05+01:00,[60],[33.956539]
2025-11-18T01:32:06+01:00,[60],[33.956539]
2025-11-18T01:32:07+01:00,[60],[33.956539]
2025-11-18T01:32:08+01:00,[60],[33.956539]
2025-11-18T01:32:09+01:00,[60],[33.956539]
2025-11-18T01:32:10+01:00,[60],[33.956539]
2025-11-18T01:32:11+01:00,[60],[33.956539]
2025-11-18T01:32:12+01:00,[60],[33.956539]
2025-11-18T01:32:13+01:00,[60],[33.956562]
2025-11-18T01:32:14+01:00,[60],[33.956558]
2025-11-18T01:32:15+01:00,[60],[33.956562]
2025-11-18T01:32:16+01:00,[60],[33.956566]
2025-11-18T01:32:17+01:00,[60],[33.956577]
2025-11-18T01:32:18+01:00,[60],[33.956581]
2025-11-18T01:32:19+01:00,[60],[33.956581]
2025-11-18T01:32:20+01:00,[60],[33.956581]
2025-11-18T01:32:21+01:00,[60],[33.956581]
2025-11-18T01:32:22+01:00,[60],[33.956581]
2025-11-18T01:32:23+01:00,[60],[33.956581]
2025-11-18T01:32:24+01:00,[60],[33.956581]
2025-11-18T01:32:25+01:00,[60],[33.956589]
2025-11-18T01:32:26+01:00,[60],[33.956593]
2025-11-18T01:32:27+01:00,[60],[33.956589]
2025-11-18T01:32:29+01:00,[60],[33.956585]
2025-11-18T01:32:30+01:00,[60],[33.956585]
2025-11-18T01:32:31+01:00,[60],[33.956585]
2025-11-18T01:32:32+01:00,[60],[33.956585]
2025-11-18T01:32:33+01:00,[60],[33.956585]
2025-11-18T01:32:34+01:00,[60],[33.956585]
2025-11-18T01:32:35+01:00,[60],[33.956585]
2025-11-18T01:32:36+01:00,[60],[33.956585]
2025-11-18T01:32:37+01:00,[60],[33.956585]
2025-11-18T01:32:38+01:00,[60],[33.956585]
2025-11-18T01:32:39+01:00,[60],[33.956585]
2025-11-18T01:32:40+01:00,[60],[33.956585]
2025-11-18T01:32:41+01:00,[60],[33.956585]
2025-11-18T01:32:42+01:00,[60],[33.956585]
2025-11-18T01:32:43+01:00,[60],[33.956585]
2025-11-18T01:32:44+01:00,[60],[33.956585]
2025-11-18T01:32:45+01:00,[60],[33.956585]
2025-11-18T01:32:46+01:00,[60],[33.956585]
2025-11-18T01:32:47+01:00,[60],[33.956585]
2025-11-18T01:32:48+01:00,[60],[33.956585]
2025-11-18T01:32:49+01:00,[60],[33.956585]
2025-11-18T01:32:50+01:00,[60],[33.956585]
2025-11-18T01:32:51+01:00,[60],[33.956585]
2025-11-18T01:32:52+01:00,[60],[33.956585]
2025-11-18T01:32:53+01:00,[60],[33.956585]
2025-11-18T01:32:54+01:00,[60],[33.956585]
2025-11-18T01:32:55+01:00,[60],[33.956585]
2025-11-18T01:32:56+01:00,[60],[33.956585]
2025-11-18T01:32:57+01:00,[60],[33.956585]
2025-11-18T01:32:58+01:00,[60],[33.956585]
2025-11-18T01:32:59+01:00,[60],[33.956585]
2025-11-18T01:33:00+01:00,[60],[33.956585]
2025-11-18T01:33:01+01:00,[60],[33.956585]
2025-11-18T01:33:02+01:00,[60],[33.956589]
2025-11-18T01:33:03+01:00,[60],[33.956589]
2025-11-18T01:33:04+01:00,[60],[33.956589]
2025-11-18T01:33:05+01:00,[60],[33.956593]
2025-11-18T01:33:06+01:00,[60],[33.956593]
2025-11-18T01:33:07+01:00,[60],[33.956593]
2025-11-18T01:33:08+01:00,[60],[33.956589]
2025-11-18T01:33:09+01:00,[60],[33.956589]
2025-11-18T01:33:10+01:00,[60],[33.956589]
2025-11-18T01:33:11+01:00,[60],[33.956589]
2025-11-18T01:33:12+01:00,[60],[33.956585]
2025-11-18T01:33:13+01:00,[60],[33.956585]
2025-11-18T01:33:14+01:00,[60],[33.956581]
2025-11-18T01:33:15+01:00,[60],[33.956585]
2025-11-18T01:33:16+01:00,[60],[33.956585]
2025-11-18T01:33:17+01:00,[60],[33.956585]
2025-11-18T01:33:18+01:00,[60],[33.956585]
2025-11-18T01:33:19+01:00,[60],[33.956585]
2025-11-18T01:33:20+01:00,[60],[33.956585]
2025-11-18T01:33:21+01:00,[60],[33.956585]
2025-11-18T01:33:22+01:00,[60],[33.956581]
2025-11-18T01:33:23+01:00,[60],[33.956577]
2025-11-18T01:33:24+01:00,[60],[33.956577]
2025-11-18T01:33:25+01:00,[60],[33.956577]
2025-11-18T01:33:26+01:00,[60],[33.956577]
2025-11-18T01:33:27+01:00,[60],[33.956581]
2025-11-18T01:33:28+01:00,[60],[33.956589]
2025-11-18T01:33:29+01:00,[60],[33.956585]
2025-11-18T01:33:30+01:00,[60],[33.956585]
2025-11-18T01:33:31+01:00,[60],[33.956581]
2025-11-18T01:33:32+01:00,[60],[33.956577]
2025-11-18T01:33:33+01:00,[60],[33.95657]
2025-11-18T01:33:34+01:00,[60],[33.956566]
2025-11-18T01:33:35+01:00,[60],[33.95657]
2025-11-18T01:33:36+01:00,[60],[33.956562]
2025-11-18T01:33:37+01:00,[60],[33.956558]
2025-11-18T01:33:38+01:00,[60],[33.956539]
2025-11-18T01:33:39+01:00,[60],[33.956535]
2025-11-18T01:33:40+01:00,[60],[33.95652]
2025-11-18T01:33:41+01:00,[60],[33.956505]
2025-11-18T01:33:42+01:00,[60],[33.956497]
2025-11-18T01:33:43+01:00,[60],[33.956493]
2025-11-18T01:33:44+01:00,[60],[33.956486]
2025-11-18T01:33:45+01:00,[60],[33.956474]
2025-11-18T01:33:46+01:00,[60],[33.95647]
2025-11-18T01:33:47+01:00,[60],[33.956463]
2025-11-18T01:33:48+01:00,[60],[33.956459]
2025-11-18T01:33:49+01:00,[60],[33.956448]
2025-11-18T01:33:50+01:00,[60],[33.956444]
2025-11-18T01:33:51+01:00,[60],[33.956444]
2025-11-18T01:33:52+01:00,[60],[33.956432]
2025-11-18T01:33:53+01:00,[60],[33.956429]
2025-11-18T01:33:54+01:00,[60],[33.956429]
2025-11-18T01:33:55+01:00,[60],[33.956421]
2025-11-18T01:33:56+01:00,[60],[33.956409]
2025-11-18T01:33:57+01:00,[60],[33.956398]
2025-11-18T01:33:58+01:00,[60],[33.95639]
2025-11-18T01:33:59+01:00,[60],[33.956379]
2025-11-18T01:34:00+01:00,[60],[33.956371]
2025-11-18T01:34:01+01:00,[60],[33.95636]
2025-11-18T01:34:02+01:00,[60],[33.956348]
2025-11-18T01:34:03+01:00,[60],[33.956337]
2025-11-18T01:34:04+01:00,[60],[33.956326]
2025-11-18T01:34:05+01:00,[60],[33.956314]
2025-11-18T01:34:06+01:00,[60],[33.956306]
2025-11-18T01:34:07+01:00,[60],[33.956299]
2025-11-18T01:34:08+01:00,[60],[33.956284]
2025-11-18T01:34:09+01:00,[60],[33.956268]
2025-11-18T01:34:10+01:00,[60],[33.956261]
2025-11-18T01:34:11+01:00,[60],[33.956249]
2025-11-18T01:34:12+01:00,[60],[33.956234]
2025-11-18T01:34:13+01:00,[60],[33.956223]
2025-11-18T01:34:14+01:00,[60],[33.956207]
2025-11-18T01:34:15+01:00,[60],[33.9562]
2025-11-18T01:34:16+01:00,[60],[33.956192]
2025-11-18T01:34:17+01:00,[60],[33.956173]
2025-11-18T01:34:18+01:00,[60],[33.95615]
2025-11-18T01:34:19+01:00,[60],[33.956139]
2025-11-18T01:34:20+01:00,[60],[33.956127]
2025-11-18T01:34:21+01:00,[60],[33.956131]
2025-11-18T01:34:22+01:00,[60],[33.956135]
2025-11-18T01:34:23+01:00,[60],[33.956135]
2025-11-18T01:34:24+01:00,[60],[33.956131]
2025-11-18T01:34:25+01:00,[60],[33.956131]
2025-11-18T01:34:26+01:00,[60],[33.956135]
2025-11-18T01:34:27+01:00,[60],[33.956135]
2025-11-18T01:34:28+01:00,[60],[33.956135]
2025-11-18T01:34:29+01:00,[60],[33.956139]
2025-11-18T01:34:30+01:00,[60],[33.956135]
2025-11-18T01:34:31+01:00,[60],[33.956131]
2025-11-18T01:34:32+01:00,[60],[33.956135]
2025-11-18T01:34:33+01:00,[60],[33.956135]
2025-11-18T01:34:35+01:00,[60],[33.956135]
2025-11-18T01:34:36+01:00,[60],[33.956135]
2025-11-18T01:34:37+01:00,[60],[33.956135]
2025-11-18T01:34:38+01:00,[60],[33.956135]
2025-11-18T01:34:39+01:00,[60],[33.956135]
2025-11-18T01:34:40+01:00,[60],[33.956135]
2025-11-18T01:34:41+01:00,[60],[33.956135]
2025-11-18T01:34:42+01:00,[60],[33.956135]
2025-11-18T01:34:43+01:00,[60],[33.956135]
2025-11-18T01:34:44+01:00,[60],[33.956135]
2025-11-18T01:34:45+01:00,[60],[33.956135]
2025-11-18T01:34:46+01:00,[60],[33.956135]
2025-11-18T01:34:47+01:00,[60],[33.956135]
2025-11-18T01:34:48+01:00,[60],[33.956135]
2025-11-18T01:34:49+01:00,[60],[33.956135]
2025-11-18T01:34:50+01:00,[60],[33.956135]
2025-11-18T01:34:51+01:00,[60],[33.956135]
2025-11-18T01:34:52+01:00,[60],[33.956135]
2025-11-18T01:34:53+01:00,[60],[33.956135]
2025-11-18T01:34:54+01:00,[60],[33.956135]
2025-11-18T01:34:55+01:00,[60],[33.956135]
2025-11-18T01:34:56+01:00,[60],[33.95615]
2025-11-18T01:34:57+01:00,[60],[33.95615]
2025-11-18T01:34:58+01:00,[60],[33.95615]
2025-11-18T01:34:59+01:00,[60],[33.95615]
2025-11-18T01:35:00+01:00,[60],[33.95615]
2025-11-18T01:35:01+01:00,[60],[33.95615]
2025-11-18T01:35:02+01:00,[60],[33.95615]
2025-11-18T01:35:03+01:00,[60],[33.95615]
2025-11-18T01:35:04+01:00,[60],[33.95615]
2025-11-18T01:35:05+01:00,[60],[33.95615]
2025-11-18T01:35:06+01:00,[60],[33.95615]
2025-11-18T01:35:07+01:00,[60],[33.95615]
2025-11-18T01:35:08+01:00,[60],[33.95615]
2025-11-18T01:35:09+01:00,[60],[33.95615]
2025-11-18T01:35:11+01:00,[60],[33.95615]
2025-11-18T01:35:12+01:00,[60],[33.95615]
2025-11-18T01:35:13+01:00,[60],[33.95615]
2025-11-18T01:35:14+01:00,[60],[33.95615]
2025-11-18T01:35:15+01:00,[60],[33.95615]
2025-11-18T01:35:16+01:00,[60],[33.95615]
2025-11-18T01:35:17+01:00,[60],[33.95615]
2025-11-18T01:35:18+01:00,[60],[33.956154]
2025-11-18T01:35:19+01:00,[60],[33.956154]
2025-11-18T01:35:20+01:00,[60],[33.956154]
2025-11-18T01:35:21+01:00,[60],[33.956154]
2025-11-18T01:35:22+01:00,[60],[33.956154]
2025-11-18T01:35:23+01:00,[60],[33.956154]
2025-11-18T01:35:24+01:00,[60],[33.956154]
2025-11-18T01:35:25+01:00,[60],[33.956158]
2025-11-18T01:35:26+01:00,[60],[33.956158]
2025-11-18T01:35:27+01:00,[60],[33.956158]
2025-11-18T01:35:28+01:00,[60],[33.956158]
2025-11-18T01:35:29+01:00,[60],[33.956161]
2025-11-18T01:35:30+01:00,[60],[33.956161]
2025-11-18T01:35:31+01:00,[60],[33.956161]
2025-11-18T01:35:32+01:00,[60],[33.956161]
2025-11-18T01:35:33+01:00,[60],[33.956161]
2025-11-18T01:35:34+01:00,[60],[33.956161]
2025-11-18T01:35:35+01:00,[60],[33.956161]
2025-11-18T01:35:36+01:00,[60],[33.956154]
2025-11-18T01:35:37+01:00,[60],[33.956135]
2025-11-18T01:35:38+01:00,[60],[33.956108]
2025-11-18T01:35:39+01:00,[60],[33.95607]
2025-11-18T01:35:40+01:00,[60],[33.956028]
2025-11-18T01:35:41+01:00,[60],[33.955986]
2025-11-18T01:35:42+01:00,[60],[33.95594]
2025-11-18T01:35:43+01:00,[60],[33.955887]
2025-11-18T01:35:44+01:00,[60],[33.955837]
2025-11-18T01:35:45+01:00,[60],[33.955795]
2025-11-18T01:35:47+01:00,[60],[33.955711]
2025-11-18T01:35:48+01:00,[60],[33.955669]
2025-11-18T01:35:49+01:00,[60],[33.955631]
2025-11-18T01:35:50+01:00,[60],[33.955597]
2025-11-18T01:35:51+01:00,[60],[33.955566]
2025-11-18T01:35:52+01:00,[60],[33.955544]
2025-11-18T01:35:53+01:00,[60],[33.955524]
2025-11-18T01:35:54+01:00,[60],[33.955505]
2025-11-18T01:35:55+01:00,[60],[33.955494]
2025-11-18T01:35:56+01:00,[60],[33.955486]
2025-11-18T01:35:57+01:00,[60],[33.955479]
2025-11-18T01:35:58+01:00,[60],[33.955463]
2025-11-18T01:35:59+01:00,[60],[33.955444]
2025-11-18T01:36:00+01:00,[60],[33.955425]
2025-11-18T01:36:01+01:00,[60],[33.95541]
2025-11-18T01:36:02+01:00,[60],[33.955402]
2025-11-18T01:36:03+01:00,[60],[33.955399]
2025-11-18T01:36:04+01:00,[60],[33.955399]
2025-11-18T01:36:05+01:00,[60],[33.955402]
2025-11-18T01:36:06+01:00,[60],[33.955418]
2025-11-18T01:36:07+01:00,[60],[33.955452]
2025-11-18T01:36:08+01:00,[60],[33.955505]
2025-11-18T01:36:09+01:00,[60],[33.955574]
2025-11-18T01:36:10+01:00,[60],[33.955647]
2025-11-18T01:36:11+01:00,[60],[33.95573]
2025-11-18T01:36:12+01:00,[60],[33.955807]
2025-11-18T01:36:13+01:00,[60],[33.955883]
2025-11-18T01:36:14+01:00,[60],[33.955959]
2025-11-18T01:36:15+01:00,[60],[33.956043]
2025-11-18T01:36:16+01:00,[60],[33.956135]
2025-11-18T01:36:17+01:00,[60],[33.956234]
2025-11-18T01:36:18+01:00,[60],[33.956341]
2025-11-18T01:36:19+01:00,[60],[33.956451]
2025-11-18T01:36:20+01:00,[60],[33.95657]
2025-11-18T01:36:21+01:00,[60],[33.956688]
2025-11-18T01:36:22+01:00,[60],[33.956806]
2025-11-18T01:36:23+01:00,[60],[33.956924]
2025-11-18T01:36:24+01:00,[60],[33.957043]
2025-11-18T01:36:25+01:00,[60],[33.957157]
2025-11-18T01:36:26+01:00,[60],[33.957275]
2025-11-18T01:36:27+01:00,[60],[33.957394]
2025-11-18T01:36:28+01:00,[60],[33.957504]
2025-11-18T01:36:29+01:00,[60],[33.957615]
2025-11-18T01:36:30+01:00,[60],[33.957718]
2025-11-18T01:36:31+01:00,[60],[33.957813]
2025-11-18T01:36:32+01:00,[60],[33.957893]
2025-11-18T01:36:33+01:00,[60],[33.957958]
2025-11-18T01:36:34+01:00,[60],[33.958015]
2025-11-18T01:36:35+01:00,[60],[33.958061]
2025-11-18T01:36:36+01:00,[60],[33.958099]
2025-11-18T01:36:37+01:00,[60],[33.958138]
2025-11-18T01:36:38+01:00,[60],[33.958168]
2025-11-18T01:36:39+01:00,[60],[33.958199]
2025-11-18T01:36:40+01:00,[60],[33.958225]
2025-11-18T01:36:41+01:00,[60],[33.958241]
2025-11-18T01:36:42+01:00,[60],[33.958252]
2025-11-18T01:36:43+01:00,[60],[33.95826]
2025-11-18T01:36:44+01:00,[60],[33.958263]
2025-11-18T01:36:45+01:00,[60],[33.958263]
2025-11-18T01:36:46+01:00,[60],[33.958263]
2025-11-18T01:36:47+01:00,[60],[33.958263]
2025-11-18T01:36:48+01:00,[60],[33.958263]
2025-11-18T01:36:49+01:00,[60],[33.958263]
2025-11-18T01:36:50+01:00,[60],[33.958263]
2025-11-18T01:36:51+01:00,[60],[33.958263]
2025-11-18T01:36:52+01:00,[60],[33.958263]
2025-11-18T01:36:53+01:00,[60],[33.958263]
2025-11-18T01:36:54+01:00,[60],[33.958263]
2025-11-18T01:36:55+01:00,[60],[33.958263]
2025-11-18T01:36:56+01:00,[60],[33.958263]
2025-11-18T01:36:57+01:00,[60],[33.958263]
2025-11-18T01:36:58+01:00,[60],[33.958263]
2025-11-18T01:36:59+01:00,[60],[33.958263]
2025-11-18T01:37:00+01:00,[60],[33.958263]
2025-11-18T01:37:01+01:00,[60],[33.958263]
2025-11-18T01:37:02+01:00,[60],[33.958263]
2025-11-18T01:37:03+01:00,[60],[33.958263]
2025-11-18T01:37:04+01:00,[60],[33.958263]
2025-11-18T01:37:05+01:00,[60],[33.95826]
2025-11-18T01:37:06+01:00,[60],[33.95826]
2025-11-18T01:37:07+01:00,[60],[33.95826]
2025-11-18T01:37:08+01:00,[60],[33.95826]
2025-11-18T01:37:09+01:00,[60],[33.95826]
2025-11-18T01:37:10+01:00,[60],[33.95826]
2025-11-18T01:37:11+01:00,[60],[33.95826]
2025-11-18T01:37:12+01:00,[60],[33.95826]
2025-11-18T01:37:13+01:00,[60],[33.95826]
2025-11-18T01:37:14+01:00,[60],[33.95826]
2025-11-18T01:37:15+01:00,[60],[33.95826]
2025-11-18T01:37:16+01:00,[60],[33.95826]
2025-11-18T01:37:17+01:00,[60],[33.95826]
2025-11-18T01:37:18+01:00,[60],[33.95826]
2025-11-18T01:37:19+01:00,[60],[33.95826]
2025-11-18T01:37:20+01:00,[60],[33.95826]
2025-11-18T01:37:21+01:00,[60],[33.958282]
2025-11-18T01:37:22+01:00,[60],[33.958241]
2025-11-18T01:37:23+01:00,[60],[33.958191]
2025-11-18T01:37:24+01:00,[60],[33.95813]
2025-11-18T01:37:25+01:00,[60],[33.958061]
2025-11-18T01:37:26+01:00,[60],[33.957985]
2025-11-18T01:37:27+01:00,[60],[33.957905]
2025-11-18T01:37:28+01:00,[60],[33.957825]
2025-11-18T01:37:29+01:00,[60],[33.957741]
2025-11-18T01:37:30+01:00,[60],[33.957661]
2025-11-18T01:37:31+01:00,[60],[33.957581]
2025-11-18T01:37:32+01:00,[60],[33.9575]
2025-11-18T01:37:33+01:00,[60],[33.957424]
2025-11-18T01:37:34+01:00,[60],[33.957352]
2025-11-18T01:37:35+01:00,[60],[33.957279]
2025-11-18T01:37:36+01:00,[60],[33.957203]
2025-11-18T01:37:37+01:00,[60],[33.957134]
2025-11-18T01:37:38+01:00,[60],[33.957069]
2025-11-18T01:37:39+01:00,[60],[33.95702]
2025-11-18T01:37:40+01:00,[60],[33.95697]
2025-11-18T01:37:42+01:00,[60],[33.956913]
2025-11-18T01:37:43+01:00,[60],[33.956902]
2025-11-18T01:37:44+01:00,[60],[33.956898]
2025-11-18T01:37:45+01:00,[60],[33.956902]
2025-11-18T01:37:46+01:00,[60],[33.956902]
2025-11-18T01:37:47+01:00,[60],[33.956902]
2025-11-18T01:37:48+01:00,[60],[33.956902]
2025-11-18T01:37:49+01:00,[60],[33.956902]
2025-11-18T01:37:50+01:00,[60],[33.956902]
2025-11-18T01:37:51+01:00,[60],[33.956902]
2025-11-18T01:37:52+01:00,[60],[33.956902]
2025-11-18T01:37:53+01:00,[60],[33.956902]
2025-11-18T01:37:54+01:00,[60],[33.956902]
2025-11-18T01:37:55+01:00,[60],[33.956902]
2025-11-18T01:37:56+01:00,[60],[33.956902]
2025-11-18T01:37:57+01:00,[60],[33.956902]
2025-11-18T01:37:58+01:00,[60],[33.956902]
2025-11-18T01:37:59+01:00,[60],[33.956902]
2025-11-18T01:38:00+01:00,[60],[33.956902]
2025-11-18T01:38:01+01:00,[60],[33.956902]
2025-11-18T01:38:02+01:00,[60],[33.956902]
2025-11-18T01:38:03+01:00,[60],[33.956902]
2025-11-18T01:38:04+01:00,[60],[33.956902]
2025-11-18T01:38:05+01:00,[60],[33.956902]
2025-11-18T01:38:06+01:00,[60],[33.956902]
2025-11-18T01:38:07+01:00,[60],[33.956902]
2025-11-18T01:38:08+01:00,[60],[33.956902]
2025-11-18T01:38:09+01:00,[60],[33.956898]
2025-11-18T01:38:10+01:00,[60],[33.95689]
2025-11-18T01:38:11+01:00,[60],[33.956867]
2025-11-18T01:38:12+01:00,[60],[33.956841]
2025-11-18T01:38:13+01:00,[60],[33.956863]
2025-11-18T01:38:14+01:00,[60],[33.956863]
2025-11-18T01:38:15+01:00,[60],[33.956875]
2025-11-18T01:38:16+01:00,[60],[33.956894]
2025-11-18T01:38:17+01:00,[60],[33.956917]
2025-11-18T01:38:18+01:00,[60],[33.956947]
2025-11-18T01:38:19+01:00,[60],[33.956978]
2025-11-18T01:38:20+01:00,[60],[33.957016]
2025-11-18T01:38:21+01:00,[60],[33.95705]
2025-11-18T01:38:22+01:00,[60],[33.957081]
2025-11-18T01:38:23+01:00,[60],[33.957108]
2025-11-18T01:38:24+01:00,[60],[33.957134]
2025-11-18T01:38:25+01:00,[60],[33.957157]
2025-11-18T01:38:26+01:00,[60],[33.957176]
2025-11-18T01:38:27+01:00,[60],[33.957172]
2025-11-18T01:38:28+01:00,[60],[33.957184]
2025-11-18T01:38:29+01:00,[60],[33.957275]
2025-11-18T01:38:30+01:00,[60],[33.957294]
2025-11-18T01:38:31+01:00,[60],[33.957302]
2025-11-18T01:38:32+01:00,[60],[33.957321]
2025-11-18T01:38:33+01:00,[60],[33.957333]
2025-11-18T01:38:34+01:00,[60],[33.957336]
2025-11-18T01:38:35+01:00,[60],[33.957348]
2025-11-18T01:38:36+01:00,[60],[33.957355]
2025-11-18T01:38:37+01:00,[60],[33.957363]
2025-11-18T01:38:38+01:00,[60],[33.957367]
2025-11-18T01:38:39+01:00,[60],[33.957375]
2025-11-18T01:38:40+01:00,[60],[33.957378]
2025-11-18T01:38:41+01:00,[60],[33.957382]
2025-11-18T01:38:42+01:00,[60],[33.957375]
2025-11-18T01:38:43+01:00,[60],[33.957375]
2025-11-18T01:38:44+01:00,[60],[33.957375]
2025-11-18T01:38:45+01:00,[60],[33.957375]
2025-11-18T01:38:46+01:00,[60],[33.957375]
2025-11-18T01:38:47+01:00,[60],[33.957375]
2025-11-18T01:38:48+01:00,[60],[33.957375]
2025-11-18T01:38:49+01:00,[60],[33.957375]
2025-11-18T01:38:50+01:00,[60],[33.957375]
2025-11-18T01:38:51+01:00,[60],[33.957375]
2025-11-18T01:38:52+01:00,[60],[33.957375]
2025-11-18T01:38:53+01:00,[60],[33.957375]
2025-11-18T01:38:54+01:00,[60],[33.957375]
2025-11-18T01:38:55+01:00,[60],[33.957375]
2025-11-18T01:38:56+01:00,[60],[33.957378]
2025-11-18T01:38:57+01:00,[60],[33.957378]
2025-11-18T01:38:58+01:00,[60],[33.957378]
2025-11-18T01:38:59+01:00,[60],[33.957378]
2025-11-18T01:39:00+01:00,[60],[33.957378]
2025-11-18T01:39:01+01:00,[60],[33.957378]
2025-11-18T01:39:02+01:00,[60],[33.957378]
2025-11-18T01:39:03+01:00,[60],[33.957378]
2025-11-18T01:39:04+01:00,[60],[33.957378]
2025-11-18T01:39:05+01:00,[60],[33.957378]
2025-11-18T01:39:06+01:00,[60],[33.957378]
2025-11-18T01:39:07+01:00,[60],[33.957378]
2025-11-18T01:39:08+01:00,[60],[33.957378]
2025-11-18T01:39:09+01:00,[60],[33.957378]
2025-11-18T01:39:10+01:00,[60],[33.957375]
2025-11-18T01:39:11+01:00,[60],[33.957375]
2025-11-18T01:39:12+01:00,[60],[33.957375]
2025-11-18T01:39:13+01:00,[60],[33.957375]
2025-11-18T01:39:14+01:00,[60],[33.957375]
2025-11-18T01:39:15+01:00,[60],[33.957375]
2025-11-18T01:39:16+01:00,[60],[33.957371]
2025-11-18T01:39:17+01:00,[60],[33.957371]
2025-11-18T01:39:18+01:00,[60],[33.957371]
2025-11-18T01:39:19+01:00,[60],[33.957371]
2025-11-18T01:39:20+01:00,[60],[33.957371]
2025-11-18T01:39:21+01:00,[60],[33.957371]
2025-11-18T01:39:22+01:00,[60],[33.957371]
2025-11-18T01:39:23+01:00,[60],[33.957371]
2025-11-18T01:39:24+01:00,[60],[33.957371]
2025-11-18T01:39:25+01:00,[60],[33.957371]
2025-11-18T01:39:26+01:00,[60],[33.957371]
2025-11-18T01:39:27+01:00,[60],[33.957371]
2025-11-18T01:39:28+01:00,[60],[33.957371]
2025-11-18T01:39:29+01:00,[60],[33.957371]
2025-11-18T01:39:30+01:00,[60],[33.957371]
2025-11-18T01:39:31+01:00,[60],[33.957371]
2025-11-18T01:39:32+01:00,[60],[33.957371]
2025-11-18T01:39:33+01:00,[60],[33.957371]
2025-11-18T01:39:34+01:00,[60],[33.957371]
2025-11-18T01:39:35+01:00,[60],[33.957371]
2025-11-18T01:39:36+01:00,[60],[33.957371]
2025-11-18T01:39:37+01:00,[60],[33.957371]
2025-11-18T01:39:39+01:00,[60],[33.957371]
2025-11-18T01:39:40+01:00,[60],[33.957371]
2025-11-18T01:39:41+01:00,[60],[33.957371]
2025-11-18T01:39:42+01:00,[60],[33.957371]
2025-11-18T01:39:43+01:00,[60],[33.957371]
2025-11-18T01:39:45+01:00,[60],[33.957371]
2025-11-18T01:39:46+01:00,[60],[33.957371]
2025-11-18T01:39:47+01:00,[60],[33.957371]
2025-11-18T01:39:48+01:00,[60],[33.957371]
2025-11-18T01:39:49+01:00,[60],[33.957371]
2025-11-18T01:39:54+01:00,[60],[33.957401]
2025-11-18T01:39:55+01:00,[60],[33.957409]
2025-11-18T01:39:56+01:00,[60],[33.957401]
2025-11-18T01:39:57+01:00,[60],[33.957401]
2025-11-18T01:39:58+01:00,[60],[33.957401]
2025-11-18T01:39:59+01:00,[60],[33.957397]
2025-11-18T01:40:00+01:00,[60],[33.957397]
2025-11-18T01:40:01+01:00,[60],[33.957405]
2025-11-18T01:40:02+01:00,[60],[33.957401]
2025-11-18T01:40:03+01:00,[60],[33.957405]
2025-11-18T01:40:04+01:00,[60],[33.957401]
2025-11-18T01:40:05+01:00,[60],[33.95739]
2025-11-18T01:40:06+01:00,[60],[33.957397]
2025-11-18T01:40:07+01:00,[60],[33.957409]
2025-11-18T01:40:08+01:00,[60],[33.957432]
2025-11-18T01:40:09+01:00,[60],[33.957443]
2025-11-18T01:40:10+01:00,[60],[33.957447]
2025-11-18T01:40:11+01:00,[60],[33.957451]
2025-11-18T01:40:12+01:00,[60],[33.957455]
2025-11-18T01:40:13+01:00,[60],[33.957462]
2025-11-18T01:40:14+01:00,[60],[33.957474]
2025-11-18T01:40:15+01:00,[60],[33.957478]
2025-11-18T01:40:16+01:00,[60],[33.957474]
2025-11-18T01:40:17+01:00,[60],[33.95747]
2025-11-18T01:40:18+01:00,[60],[33.95747]
2025-11-18T01:40:19+01:00,[60],[33.95747]
2025-11-18T01:40:20+01:00,[60],[33.95747]
2025-11-18T01:40:21+01:00,[60],[33.95747]
2025-11-18T01:40:22+01:00,[60],[33.957466]
2025-11-18T01:40:23+01:00,[60],[33.957462]
2025-11-18T01:40:24+01:00,[60],[33.957462]
2025-11-18T01:40:25+01:00,[60],[33.957455]
2025-11-18T01:40:26+01:00,[60],[33.957455]
2025-11-18T01:40:27+01:00,[60],[33.957455]
2025-11-18T01:40:28+01:00,[60],[33.957455]
2025-11-18T01:40:29+01:00,[60],[33.957455]
2025-11-18T01:40:30+01:00,[60],[33.957458]
2025-11-18T01:40:31+01:00,[60],[33.957458]
2025-11-18T01:40:32+01:00,[60],[33.957455]
2025-11-18T01:40:33+01:00,[60],[33.957466]
2025-11-18T01:40:34+01:00,[60],[33.957466]
2025-11-18T01:40:35+01:00,[60],[33.957462]
2025-11-18T01:40:36+01:00,[60],[33.957462]
2025-11-18T01:40:37+01:00,[60],[33.957458]
2025-11-18T01:40:38+01:00,[60],[33.957458]
2025-11-18T01:40:39+01:00,[60],[33.957466]
2025-11-18T01:40:40+01:00,[60],[33.957466]
2025-11-18T01:40:41+01:00,[60],[33.957466]
2025-11-18T01:40:42+01:00,[60],[33.957466]
2025-11-18T01:40:43+01:00,[60],[33.957466]
2025-11-18T01:40:44+01:00,[60],[33.957466]
2025-11-18T01:40:45+01:00,[60],[33.957466]
2025-11-18T01:40:46+01:00,[60],[33.957466]
2025-11-18T01:40:47+01:00,[60],[33.957474]
2025-11-18T01:40:48+01:00,[60],[33.957478]
2025-11-18T01:40:49+01:00,[60],[33.957478]
2025-11-18T01:40:50+01:00,[60],[33.957478]
2025-11-18T01:40:52+01:00,[60],[33.957474]
2025-11-18T01:40:53+01:00,[60],[33.95747]
2025-11-18T01:40:54+01:00,[60],[33.957474]
2025-11-18T01:40:55+01:00,[60],[33.957474]
2025-11-18T01:40:56+01:00,[60],[33.957481]
2025-11-18T01:40:57+01:00,[60],[33.957481]
2025-11-18T01:40:58+01:00,[60],[33.957474]
2025-11-18T01:40:59+01:00,[60],[33.95747]
2025-11-18T01:41:00+01:00,[60],[33.957466]
2025-11-18T01:41:01+01:00,[60],[33.957466]
2025-11-18T01:41:02+01:00,[60],[33.957466]
2025-11-18T01:41:03+01:00,[60],[33.95747]
2025-11-18T01:41:04+01:00,[60],[33.957474]
2025-11-18T01:41:05+01:00,[60],[33.957474]
2025-11-18T01:41:06+01:00,[60],[33.957474]
2025-11-18T01:41:07+01:00,[60],[33.957474]
2025-11-18T01:41:08+01:00,[60],[33.957474]
2025-11-18T01:41:09+01:00,[60],[33.957478]
2025-11-18T01:41:10+01:00,[60],[33.957481]
2025-11-18T01:41:11+01:00,[60],[33.957481]
2025-11-18T01:41:12+01:00,[60],[33.957485]
2025-11-18T01:41:13+01:00,[60],[33.957481]
2025-11-18T01:41:14+01:00,[60],[33.957481]
2025-11-18T01:41:15+01:00,[60],[33.957478]
2025-11-18T01:41:16+01:00,[60],[33.957474]
2025-11-18T01:41:17+01:00,[60],[33.957474]
2025-11-18T01:41:18+01:00,[60],[33.95747]
2025-11-18T01:41:19+01:00,[60],[33.957485]
2025-11-18T01:41:20+01:00,[60],[33.957485]
2025-11-18T01:41:21+01:00,[60],[33.957485]
2025-11-18T01:41:22+01:00,[60],[33.957485]
2025-11-18T01:41:23+01:00,[60],[33.957485]
2025-11-18T01:41:24+01:00,[60],[33.957485]
2025-11-18T01:41:25+01:00,[60],[33.957485]
2025-11-18T01:41:26+01:00,[60],[33.957485]
2025-11-18T01:41:27+01:00,[60],[33.957485]
2025-11-18T01:41:28+01:00,[60],[33.957485]
2025-11-18T01:41:29+01:00,[60],[33.957485]
2025-11-18T01:41:30+01:00,[60],[33.957485]
2025-11-18T01:41:31+01:00,[60],[33.957485]
2025-11-18T01:41:32+01:00,[60],[33.957485]
2025-11-18T01:41:33+01:00,[60],[33.957485]
2025-11-18T01:41:34+01:00,[60],[33.957485]
2025-11-18T01:41:35+01:00,[60],[33.957485]
2025-11-18T01:41:36+01:00,[60],[33.957485]
2025-11-18T01:41:37+01:00,[60],[33.957485]
2025-11-18T01:41:38+01:00,[60],[33.957485]
2025-11-11T02:17:42+01:00,[60],[33.957317]
2025-11-11T02:18:32+01:00,[60],[33.957317]
2025-11-11T02:18:40+01:00,[60],[33.957386]
2025-11-11T02:18:41+01:00,[60],[33.95742]
2025-11-11T02:18:42+01:00,[60],[33.957432]
2025-11-11T02:18:43+01:00,[60],[33.957443]
2025-11-11T02:18:44+01:00,[60],[33.957458]
2025-11-11T02:18:45+01:00,[60],[33.957466]
2025-11-11T02:18:46+01:00,[60],[33.957474]
2025-11-11T02:18:47+01:00,[60],[33.957481]
2025-11-11T02:18:48+01:00,[60],[33.957489]
2025-11-11T02:18:49+01:00,[60],[33.957497]
2025-11-11T02:18:50+01:00,[60],[33.957504]
2025-11-11T02:18:51+01:00,[60],[33.957504]
2025-11-11T02:18:52+01:00,[60],[33.957512]
2025-11-11T02:18:53+01:00,[60],[33.957523]
2025-11-11T02:18:54+01:00,[60],[33.957523]
2025-11-11T02:18:55+01:00,[60],[33.957523]
2025-11-11T02:18:56+01:00,[60],[33.957523]
2025-11-11T02:18:57+01:00,[60],[33.957523]
2025-11-11T02:18:58+01:00,[60],[33.957527]
2025-11-11T02:18:59+01:00,[60],[33.957535]
2025-11-11T02:19:00+01:00,[60],[33.957535]
2025-11-11T02:19:01+01:00,[60],[33.957531]
2025-11-11T02:19:02+01:00,[60],[33.957527]
2025-11-11T02:19:03+01:00,[60],[33.9575]
2025-11-11T02:19:04+01:00,[60],[33.957508]
2025-11-11T02:19:05+01:00,[60],[33.957504]
2025-11-11T02:19:06+01:00,[60],[33.957516]
2025-11-11T02:19:07+01:00,[60],[33.957504]
2025-11-11T02:19:08+01:00,[60],[33.957493]
2025-11-11T02:19:09+01:00,[60],[33.957478]
2025-11-11T02:19:10+01:00,[60],[33.95747]
2025-11-11T02:19:11+01:00,[60],[33.957439]
2025-11-11T02:19:12+01:00,[60],[33.957439]
2025-11-11T02:19:13+01:00,[60],[33.957432]
2025-11-11T02:19:14+01:00,[60],[33.957428]
2025-11-11T02:19:15+01:00,[60],[33.957424]
2025-11-11T02:19:16+01:00,[60],[33.95742]
2025-11-11T02:19:17+01:00,[60],[33.957405]
2025-11-11T02:19:18+01:00,[60],[33.957397]
2025-11-11T02:19:19+01:00,[60],[33.95739]
2025-11-11T02:19:20+01:00,[60],[33.957378]
2025-11-11T02:19:21+01:00,[60],[33.957363]
2025-11-11T02:19:22+01:00,[60],[33.957352]
2025-11-11T02:19:23+01:00,[60],[33.95734]
2025-11-11T02:19:24+01:00,[60],[33.957333]
2025-11-11T02:19:25+01:00,[60],[33.957321]
2025-11-11T02:19:26+01:00,[60],[33.957306]
2025-11-11T02:19:27+01:00,[60],[33.957298]
2025-11-11T02:19:28+01:00,[60],[33.957291]
2025-11-11T02:19:29+01:00,[60],[33.957272]
2025-11-11T02:19:30+01:00,[60],[33.95726]
2025-11-11T02:19:31+01:00,[60],[33.957241]
2025-11-11T02:19:32+01:00,[60],[33.957233]
2025-11-11T02:19:33+01:00,[60],[33.957222]
2025-11-11T02:19:34+01:00,[60],[33.957214]
2025-11-11T02:19:35+01:00,[60],[33.957207]
2025-11-11T02:19:36+01:00,[60],[33.957195]
2025-11-11T02:19:37+01:00,[60],[33.95718]
2025-11-11T02:19:38+01:00,[60],[33.957172]
2025-11-11T02:19:39+01:00,[60],[33.957157]
2025-11-11T02:19:40+01:00,[60],[33.957138]
2025-11-11T02:19:41+01:00,[60],[33.957127]
2025-11-11T02:19:42+01:00,[60],[33.957119]
2025-11-11T02:19:43+01:00,[60],[33.957127]
2025-11-11T02:19:44+01:00,[60],[33.9571]
2025-11-11T02:19:45+01:00,[60],[33.957088]
2025-11-11T02:19:46+01:00,[60],[33.957081]
2025-11-11T02:19:47+01:00,[60],[33.957077]
2025-11-11T02:19:48+01:00,[60],[33.957069]
2025-11-11T02:19:49+01:00,[60],[33.957058]
2025-11-11T02:19:50+01:00,[60],[33.95705]
2025-11-11T02:19:51+01:00,[60],[33.957039]
2025-11-11T02:19:52+01:00,[60],[33.957031]
2025-11-11T02:19:53+01:00,[60],[33.95702]
2025-11-11T02:19:54+01:00,[60],[33.957016]
2025-11-11T02:19:55+01:00,[60],[33.957012]
2025-11-11T02:19:56+01:00,[60],[33.957016]
2025-11-11T02:19:57+01:00,[60],[33.95702]
2025-11-11T02:19:58+01:00,[60],[33.95702]
2025-11-11T02:19:59+01:00,[60],[33.957016]
2025-11-11T02:20:00+01:00,[60],[33.957008]
2025-11-11T02:20:01+01:00,[60],[33.957001]
2025-11-11T02:20:02+01:00,[60],[33.956997]
2025-11-11T02:20:03+01:00,[60],[33.956997]
2025-11-11T02:20:04+01:00,[60],[33.956997]
2025-11-11T02:20:05+01:00,[60],[33.956993]
2025-11-11T02:20:06+01:00,[60],[33.956993]
2025-11-11T02:20:07+01:00,[60],[33.956989]
2025-11-11T02:20:08+01:00,[60],[33.956978]
2025-11-11T02:20:09+01:00,[60],[33.95697]
2025-11-11T02:20:10+01:00,[60],[33.956974]
2025-11-11T02:20:11+01:00,[60],[33.956974]
2025-11-11T02:20:12+01:00,[60],[33.956974]
2025-11-11T02:20:13+01:00,[60],[33.956966]
2025-11-11T02:20:14+01:00,[60],[33.956951]
2025-11-11T02:20:15+01:00,[60],[33.956947]
2025-11-11T02:20:16+01:00,[60],[33.956944]
2025-11-11T02:20:17+01:00,[60],[33.956944]
2025-11-11T02:20:18+01:00,[60],[33.956947]
2025-11-11T02:20:19+01:00,[60],[33.956944]
2025-11-11T02:20:20+01:00,[60],[33.956955]
2025-11-11T02:20:21+01:00,[60],[33.956963]
2025-11-11T02:20:22+01:00,[60],[33.95697]
2025-11-11T02:20:23+01:00,[60],[33.956978]
2025-11-11T02:20:24+01:00,[60],[33.956993]
2025-11-11T02:20:25+01:00,[60],[33.956997]
2025-11-11T02:20:26+01:00,[60],[33.957008]
2025-11-11T02:20:27+01:00,[60],[33.957016]
2025-11-11T02:20:28+01:00,[60],[33.957027]
2025-11-11T02:20:29+01:00,[60],[33.957031]
2025-11-11T02:20:30+01:00,[60],[33.957039]
2025-11-11T02:20:31+01:00,[60],[33.957043]
2025-11-11T02:20:32+01:00,[60],[33.957054]
2025-11-11T02:20:33+01:00,[60],[33.957066]
2025-11-11T02:20:34+01:00,[60],[33.957073]
2025-11-11T02:20:35+01:00,[60],[33.957085]
2025-11-11T02:20:36+01:00,[60],[33.957096]
2025-11-11T02:20:37+01:00,[60],[33.957111]
2025-11-11T02:20:38+01:00,[60],[33.957115]
2025-11-11T02:20:39+01:00,[60],[33.957127]
2025-11-11T02:20:40+01:00,[60],[33.957134]
2025-11-11T02:20:41+01:00,[60],[33.957146]
2025-11-11T02:20:42+01:00,[60],[33.957161]
2025-11-11T02:20:43+01:00,[60],[33.957172]
2025-11-11T02:20:44+01:00,[60],[33.957184]
2025-11-11T02:20:45+01:00,[60],[33.957199]
2025-11-11T02:20:46+01:00,[60],[33.957207]
2025-11-11T02:20:47+01:00,[60],[33.957222]
2025-11-11T02:20:48+01:00,[60],[33.957226]
2025-11-11T02:20:49+01:00,[60],[33.957245]
2025-11-11T02:20:50+01:00,[60],[33.957253]
2025-11-11T02:20:51+01:00,[60],[33.957264]
2025-11-11T02:20:52+01:00,[60],[33.957279]
2025-11-11T02:20:53+01:00,[60],[33.957283]
2025-11-11T02:20:54+01:00,[60],[33.957298]
2025-11-11T02:20:55+01:00,[60],[33.957306]
2025-11-11T02:20:56+01:00,[60],[33.957317]
2025-11-11T02:20:57+01:00,[60],[33.957329]
2025-11-11T02:20:58+01:00,[60],[33.95734]
2025-11-11T02:20:59+01:00,[60],[33.957359]
2025-11-11T02:21:00+01:00,[60],[33.957363]
2025-11-11T02:21:01+01:00,[60],[33.957378]
2025-11-11T02:21:02+01:00,[60],[33.957386]
2025-11-11T02:21:03+01:00,[60],[33.957397]
2025-11-11T02:21:04+01:00,[60],[33.957413]
2025-11-11T02:21:05+01:00,[60],[33.957417]
2025-11-11T02:21:06+01:00,[60],[33.957432]
2025-11-11T02:21:07+01:00,[60],[33.957436]
2025-11-11T02:21:08+01:00,[60],[33.957451]
2025-11-11T02:21:09+01:00,[60],[33.957458]
2025-11-11T02:21:10+01:00,[60],[33.957474]
2025-11-11T02:21:11+01:00,[60],[33.957481]
2025-11-11T02:21:12+01:00,[60],[33.957493]
2025-11-11T02:21:13+01:00,[60],[33.957504]
2025-11-11T02:21:14+01:00,[60],[33.95752]
2025-11-11T02:21:15+01:00,[60],[33.957527]
2025-11-11T02:21:16+01:00,[60],[33.957539]
2025-11-11T02:21:17+01:00,[60],[33.95755]
2025-11-11T02:21:18+01:00,[60],[33.957558]
2025-11-11T02:21:19+01:00,[60],[33.957577]
2025-11-11T02:21:20+01:00,[60],[33.957581]
2025-11-11T02:21:21+01:00,[60],[33.957584]
2025-11-11T02:21:22+01:00,[60],[33.957596]
2025-11-11T02:21:23+01:00,[60],[33.957619]
2025-11-11T02:21:24+01:00,[60],[33.957623]
2025-11-11T02:21:25+01:00,[60],[33.957634]
2025-11-11T02:21:26+01:00,[60],[33.957645]
2025-11-11T02:21:27+01:00,[60],[33.957664]
2025-11-11T02:21:28+01:00,[60],[33.95768]
2025-11-11T02:21:29+01:00,[60],[33.957691]
2025-11-11T02:21:30+01:00,[60],[33.957699]
2025-11-11T02:21:31+01:00,[60],[33.95771]
2025-11-11T02:21:32+01:00,[60],[33.957722]
2025-11-11T02:21:33+01:00,[60],[33.957729]
2025-11-11T02:21:34+01:00,[60],[33.957741]
2025-11-11T02:21:35+01:00,[60],[33.957748]
2025-11-11T02:21:36+01:00,[60],[33.957756]
2025-11-11T02:21:37+01:00,[60],[33.957767]
2025-11-11T02:21:38+01:00,[60],[33.957779]
2025-11-11T02:21:39+01:00,[60],[33.95779]
2025-11-11T02:21:41+01:00,[60],[33.957802]
2025-11-11T02:21:42+01:00,[60],[33.957809]
2025-11-11T02:21:43+01:00,[60],[33.957817]
2025-11-11T02:21:44+01:00,[60],[33.957821]
2025-11-11T02:21:45+01:00,[60],[33.957832]
2025-11-11T02:21:46+01:00,[60],[33.957848]
2025-11-11T02:21:47+01:00,[60],[33.957855]
2025-11-11T02:21:48+01:00,[60],[33.957863]
2025-11-11T02:21:49+01:00,[60],[33.957874]
2025-11-11T02:21:50+01:00,[60],[33.957882]
2025-11-11T02:21:51+01:00,[60],[33.957893]
2025-11-11T02:21:52+01:00,[60],[33.957912]
2025-11-11T02:21:53+01:00,[60],[33.957924]
2025-11-11T02:21:54+01:00,[60],[33.957932]
2025-11-11T02:21:55+01:00,[60],[33.957943]
2025-11-11T02:21:56+01:00,[60],[33.957947]
2025-11-11T02:21:57+01:00,[60],[33.957951]
2025-11-11T02:21:58+01:00,[60],[33.957958]
2025-11-11T02:21:59+01:00,[60],[33.957973]
2025-11-11T02:22:00+01:00,[60],[33.957989]
2025-11-11T02:22:01+01:00,[60],[33.957996]
2025-11-11T02:22:02+01:00,[60],[33.958008]
2025-11-11T02:22:03+01:00,[60],[33.958015]
2025-11-11T02:22:04+01:00,[60],[33.958023]
2025-11-11T02:22:05+01:00,[60],[33.958035]
2025-11-11T02:22:06+01:00,[60],[33.958046]
2025-11-11T02:22:07+01:00,[60],[33.958054]
2025-11-11T02:22:08+01:00,[60],[33.958065]
2025-11-11T02:22:09+01:00,[60],[33.958073]
2025-11-11T02:22:10+01:00,[60],[33.958084]
2025-11-11T02:22:11+01:00,[60],[33.958092]
2025-11-11T02:22:12+01:00,[60],[33.958099]
2025-11-11T02:22:13+01:00,[60],[33.958107]
2025-11-11T02:22:14+01:00,[60],[33.958115]
2025-11-11T02:22:15+01:00,[60],[33.958118]
2025-11-11T02:22:16+01:00,[60],[33.95813]
2025-11-11T02:22:17+01:00,[60],[33.958141]
2025-11-11T02:22:18+01:00,[60],[33.958157]
2025-11-11T02:22:19+01:00,[60],[33.958168]
2025-11-11T02:22:20+01:00,[60],[33.958176]
2025-11-11T02:22:21+01:00,[60],[33.958187]
2025-11-11T02:22:22+01:00,[60],[33.958199]
2025-11-11T02:22:23+01:00,[60],[33.958202]
2025-11-11T02:22:24+01:00,[60],[33.95821]
2025-11-11T02:22:25+01:00,[60],[33.958221]
2025-11-11T02:22:26+01:00,[60],[33.958229]
2025-11-11T02:22:27+01:00,[60],[33.958233]
2025-11-11T02:22:28+01:00,[60],[33.958241]
2025-11-11T02:22:29+01:00,[60],[33.958248]
2025-11-11T02:22:30+01:00,[60],[33.95826]
2025-11-11T02:22:31+01:00,[60],[33.958271]
2025-11-11T02:22:32+01:00,[60],[33.958279]
2025-11-11T02:22:33+01:00,[60],[33.95829]
2025-11-11T02:22:34+01:00,[60],[33.958294]
2025-11-11T02:22:35+01:00,[60],[33.95829]
2025-11-11T02:22:36+01:00,[60],[33.95829]
2025-11-11T02:22:37+01:00,[60],[33.958286]
2025-11-11T02:22:38+01:00,[60],[33.958298]
2025-11-11T02:22:39+01:00,[60],[33.958317]
2025-11-11T02:22:40+01:00,[60],[33.958328]
2025-11-11T02:22:41+01:00,[60],[33.958336]
2025-11-11T02:22:42+01:00,[60],[33.958347]
2025-11-11T02:22:43+01:00,[60],[33.958359]
2025-11-11T02:22:44+01:00,[60],[33.958374]
2025-11-11T02:22:45+01:00,[60],[33.958382]
2025-11-11T02:22:46+01:00,[60],[33.958397]
2025-11-11T02:22:47+01:00,[60],[33.958405]
2025-11-11T02:22:48+01:00,[60],[33.95842]
2025-11-11T02:22:49+01:00,[60],[33.958431]
2025-11-11T02:22:50+01:00,[60],[33.958435]
2025-11-11T02:22:51+01:00,[60],[33.958439]
2025-11-11T02:22:52+01:00,[60],[33.958435]
2025-11-11T02:22:53+01:00,[60],[33.958427]
2025-11-11T02:22:54+01:00,[60],[33.958439]
2025-11-11T02:22:55+01:00,[60],[33.95845]
2025-11-11T02:22:56+01:00,[60],[33.958454]
2025-11-11T02:22:57+01:00,[60],[33.958462]
2025-11-11T02:22:58+01:00,[60],[33.958469]
2025-11-11T02:22:59+01:00,[60],[33.958477]
2025-11-11T02:23:00+01:00,[60],[33.958485]
2025-11-11T02:23:01+01:00,[60],[33.958496]
2025-11-11T02:23:02+01:00,[60],[33.9585]
2025-11-11T02:23:03+01:00,[60],[33.958508]
2025-11-11T02:23:04+01:00,[60],[33.958511]
2025-11-11T02:23:05+01:00,[60],[33.958519]
2025-11-11T02:23:06+01:00,[60],[33.958523]
2025-11-11T02:23:07+01:00,[60],[33.958538]
2025-11-11T02:23:08+01:00,[60],[33.958538]
2025-11-11T02:23:09+01:00,[60],[33.958546]
2025-11-11T02:23:10+01:00,[60],[33.958553]
2025-11-11T02:23:11+01:00,[60],[33.958561]
2025-11-11T02:23:12+01:00,[60],[33.958569]
2025-11-11T02:23:13+01:00,[60],[33.958572]
2025-11-11T02:23:14+01:00,[60],[33.958584]
2025-11-11T02:23:15+01:00,[60],[33.958595]
2025-11-11T02:23:16+01:00,[60],[33.958607]
2025-11-11T02:23:17+01:00,[60],[33.958611]
2025-11-11T02:23:18+01:00,[60],[33.958622]
2025-11-11T02:23:19+01:00,[60],[33.958626]
2025-11-11T02:23:20+01:00,[60],[33.958633]
2025-11-11T02:23:21+01:00,[60],[33.958641]
2025-11-11T02:23:22+01:00,[60],[33.958652]
2025-11-11T02:23:23+01:00,[60],[33.958656]
2025-11-11T02:23:24+01:00,[60],[33.958668]
2025-11-11T02:23:25+01:00,[60],[33.958675]
2025-11-11T02:23:26+01:00,[60],[33.958691]
2025-11-11T02:23:27+01:00,[60],[33.958694]
2025-11-11T02:23:28+01:00,[60],[33.958706]
2025-11-11T02:23:29+01:00,[60],[33.95871]
2025-11-11T02:23:30+01:00,[60],[33.958721]
2025-11-11T02:23:31+01:00,[60],[33.958725]
2025-11-11T02:23:32+01:00,[60],[33.958736]
2025-11-11T02:23:33+01:00,[60],[33.958744]
2025-11-11T02:23:34+01:00,[60],[33.958748]
2025-11-11T02:23:35+01:00,[60],[33.958755]
2025-11-11T02:23:36+01:00,[60],[33.958767]
2025-11-11T02:23:37+01:00,[60],[33.958775]
2025-11-11T02:23:38+01:00,[60],[33.958786]
2025-11-11T02:23:39+01:00,[60],[33.95879]
2025-11-11T02:23:40+01:00,[60],[33.958801]
2025-11-11T02:23:41+01:00,[60],[33.958805]
2025-11-11T02:23:42+01:00,[60],[33.95882]
2025-11-11T02:23:43+01:00,[60],[33.958828]
2025-11-11T02:23:44+01:00,[60],[33.958832]
2025-11-11T02:23:45+01:00,[60],[33.958839]
2025-11-11T02:23:46+01:00,[60],[33.958847]
2025-11-11T02:23:47+01:00,[60],[33.958855]
2025-11-11T02:23:48+01:00,[60],[33.958862]
2025-11-11T02:23:49+01:00,[60],[33.95887]
2025-11-11T02:23:50+01:00,[60],[33.958878]
2025-11-11T02:23:51+01:00,[60],[33.958885]
2025-11-11T02:23:52+01:00,[60],[33.958897]
2025-11-11T02:23:53+01:00,[60],[33.958904]
2025-11-11T02:23:54+01:00,[60],[33.958916]
2025-11-11T02:23:55+01:00,[60],[33.958923]
2025-11-11T02:23:56+01:00,[60],[33.958935]
2025-11-11T02:23:57+01:00,[60],[33.95895]
2025-11-11T02:23:58+01:00,[60],[33.958961]
2025-11-11T02:23:59+01:00,[60],[33.958973]
2025-11-11T02:24:00+01:00,[60],[33.958981]
2025-11-11T02:24:01+01:00,[60],[33.958996]
2025-11-11T02:24:02+01:00,[60],[33.959011]
2025-11-11T02:24:03+01:00,[60],[33.959019]
2025-11-11T02:24:04+01:00,[60],[33.959038]
2025-11-11T02:24:05+01:00,[60],[33.959049]
2025-11-11T02:24:06+01:00,[60],[33.959061]
2025-11-11T02:24:07+01:00,[60],[33.959072]
2025-11-11T02:24:08+01:00,[60],[33.95908]
2025-11-11T02:24:09+01:00,[60],[33.959084]
2025-11-11T02:24:10+01:00,[60],[33.959087]
2025-11-11T02:24:11+01:00,[60],[33.959091]
2025-11-11T02:24:12+01:00,[60],[33.959099]
2025-11-11T02:24:13+01:00,[60],[33.959114]
2025-11-11T02:24:14+01:00,[60],[33.959126]
2025-11-11T02:24:15+01:00,[60],[33.959137]
2025-11-11T02:24:16+01:00,[60],[33.959145]
2025-11-11T02:24:17+01:00,[60],[33.959145]
2025-11-11T02:24:18+01:00,[60],[33.959148]
2025-11-11T02:24:19+01:00,[60],[33.959152]
2025-11-11T02:24:20+01:00,[60],[33.959167]
2025-11-11T02:24:21+01:00,[60],[33.959171]
2025-11-11T02:24:22+01:00,[60],[33.959171]
2025-11-11T02:24:23+01:00,[60],[33.959175]
2025-11-11T02:24:24+01:00,[60],[33.959187]
2025-11-11T02:24:25+01:00,[60],[33.95919]
2025-11-11T02:24:26+01:00,[60],[33.959198]
2025-11-11T02:24:27+01:00,[60],[33.959206]
2025-11-11T02:24:28+01:00,[60],[33.959221]
2025-11-11T02:24:29+01:00,[60],[33.959221]
2025-11-11T02:24:30+01:00,[60],[33.959225]
2025-11-11T02:24:31+01:00,[60],[33.959229]
2025-11-11T02:24:32+01:00,[60],[33.959236]
2025-11-11T02:24:33+01:00,[60],[33.959244]
2025-11-11T02:24:34+01:00,[60],[33.959255]
2025-11-11T02:24:35+01:00,[60],[33.959267]
2025-11-11T02:24:36+01:00,[60],[33.959274]
2025-11-11T02:24:37+01:00,[60],[33.959286]
2025-11-11T02:24:38+01:00,[60],[33.959297]
2025-11-11T02:24:39+01:00,[60],[33.959309]
2025-11-11T02:24:40+01:00,[60],[33.959316]
2025-11-11T02:24:41+01:00,[60],[33.959324]
2025-11-11T02:24:42+01:00,[60],[33.959335]
2025-11-11T02:24:43+01:00,[60],[33.959347]
2025-11-11T02:24:44+01:00,[60],[33.959358]
2025-11-11T02:24:45+01:00,[60],[33.959373]
2025-11-11T02:24:46+01:00,[60],[33.959385]
2025-11-11T02:24:47+01:00,[60],[33.959396]
2025-11-11T02:24:48+01:00,[60],[33.959408]
2025-11-11T02:24:49+01:00,[60],[33.959423]
2025-11-11T02:24:50+01:00,[60],[33.959427]
2025-11-11T02:24:51+01:00,[60],[33.959431]
2025-11-11T02:24:52+01:00,[60],[33.959438]
2025-11-11T02:24:53+01:00,[60],[33.959442]
2025-11-11T02:24:54+01:00,[60],[33.95945]
2025-11-11T02:24:55+01:00,[60],[33.959457]
2025-11-11T02:24:56+01:00,[60],[33.959465]
2025-11-11T02:24:57+01:00,[60],[33.959465]
2025-11-11T02:24:58+01:00,[60],[33.959469]
2025-11-11T02:24:59+01:00,[60],[33.959469]
2025-11-11T02:25:00+01:00,[60],[33.959465]
2025-11-11T02:25:01+01:00,[60],[33.959465]
2025-11-11T02:25:02+01:00,[60],[33.959473]
2025-11-11T02:25:03+01:00,[60],[33.95948]
2025-11-11T02:25:04+01:00,[60],[33.959484]
2025-11-11T02:25:05+01:00,[60],[33.959488]
2025-11-11T02:25:06+01:00,[60],[33.959499]
2025-11-11T02:25:07+01:00,[60],[33.959511]
2025-11-11T02:25:08+01:00,[60],[33.959522]
2025-11-11T02:25:09+01:00,[60],[33.959538]
2025-11-11T02:25:10+01:00,[60],[33.959541]
2025-11-11T02:25:11+01:00,[60],[33.959553]
2025-11-11T02:25:12+01:00,[60],[33.959564]
2025-11-11T02:25:13+01:00,[60],[33.959583]
2025-11-11T02:25:14+01:00,[60],[33.959595]
2025-11-11T02:25:15+01:00,[60],[33.959602]
2025-11-11T02:25:16+01:00,[60],[33.95961]
2025-11-11T02:25:17+01:00,[60],[33.959618]
2025-11-11T02:25:18+01:00,[60],[33.959625]
2025-11-11T02:25:19+01:00,[60],[33.959633]
2025-11-11T02:25:20+01:00,[60],[33.959644]
2025-11-11T02:25:21+01:00,[60],[33.959652]
2025-11-11T02:25:22+01:00,[60],[33.95966]
2025-11-11T02:25:23+01:00,[60],[33.959663]
2025-11-11T02:25:24+01:00,[60],[33.959667]
2025-11-11T02:25:25+01:00,[60],[33.959667]
2025-11-11T02:25:26+01:00,[60],[33.959671]
2025-11-11T02:25:27+01:00,[60],[33.959675]
2025-11-11T02:25:28+01:00,[60],[33.959679]
2025-11-11T02:25:29+01:00,[60],[33.959682]
2025-11-11T02:25:30+01:00,[60],[33.959682]
2025-11-11T02:25:31+01:00,[60],[33.959686]
2025-11-11T02:25:32+01:00,[60],[33.959686]
2025-11-11T02:25:33+01:00,[60],[33.959694]
2025-11-11T02:25:34+01:00,[60],[33.959698]
2025-11-11T02:25:35+01:00,[60],[33.959702]
2025-11-11T02:25:36+01:00,[60],[33.959702]
2025-11-11T02:25:37+01:00,[60],[33.959713]
2025-11-11T02:25:38+01:00,[60],[33.959713]
2025-11-11T02:25:39+01:00,[60],[33.959713]
2025-11-11T02:25:40+01:00,[60],[33.959717]
2025-11-11T02:25:41+01:00,[60],[33.959717]
2025-11-11T02:25:42+01:00,[60],[33.959717]
2025-11-11T02:25:43+01:00,[60],[33.959717]
2025-11-11T02:25:44+01:00,[60],[33.959717]
2025-11-11T02:25:45+01:00,[60],[33.959721]
2025-11-11T02:25:46+01:00,[60],[33.959724]
2025-11-11T02:25:47+01:00,[60],[33.959728]
2025-11-11T02:25:48+01:00,[60],[33.959732]
2025-11-11T02:25:49+01:00,[60],[33.959736]
2025-11-11T02:25:50+01:00,[60],[33.95974]
2025-11-11T02:25:51+01:00,[60],[33.959743]
2025-11-11T02:25:52+01:00,[60],[33.959743]
2025-11-11T02:25:53+01:00,[60],[33.959751]
2025-11-11T02:25:54+01:00,[60],[33.959755]
2025-11-11T02:25:55+01:00,[60],[33.959755]
2025-11-11T02:25:56+01:00,[60],[33.959755]
2025-11-11T02:25:57+01:00,[60],[33.959766]
2025-11-11T02:25:58+01:00,[60],[33.959766]
2025-11-11T02:25:59+01:00,[60],[33.959766]
2025-11-11T02:26:00+01:00,[60],[33.959766]
2025-11-11T02:26:01+01:00,[60],[33.95977]
2025-11-11T02:26:02+01:00,[60],[33.959774]
2025-11-11T02:26:03+01:00,[60],[33.959782]
2025-11-11T02:26:04+01:00,[60],[33.959782]
2025-11-11T02:26:05+01:00,[60],[33.959778]
2025-11-11T02:26:06+01:00,[60],[33.959778]
2025-11-11T02:26:07+01:00,[60],[33.959782]
2025-11-11T02:26:08+01:00,[60],[33.959782]
2025-11-11T02:26:09+01:00,[60],[33.959785]
2025-11-11T02:26:10+01:00,[60],[33.959793]
2025-11-11T02:26:11+01:00,[60],[33.959805]
2025-11-11T02:26:12+01:00,[60],[33.959805]
2025-11-11T02:26:13+01:00,[60],[33.959805]
2025-11-11T02:26:14+01:00,[60],[33.959805]
2025-11-11T02:26:15+01:00,[60],[33.959808]
2025-11-11T02:26:16+01:00,[60],[33.959808]
2025-11-11T02:26:17+01:00,[60],[33.959812]
2025-11-11T02:26:18+01:00,[60],[33.95982]
2025-11-11T02:26:19+01:00,[60],[33.95982]
2025-11-11T02:26:20+01:00,[60],[33.959827]
2025-11-11T02:26:21+01:00,[60],[33.959835]
2025-11-11T02:26:22+01:00,[60],[33.959839]
2025-11-11T02:26:23+01:00,[60],[33.959846]
2025-11-11T02:26:24+01:00,[60],[33.959843]
2025-11-11T02:26:25+01:00,[60],[33.959831]
2025-11-11T02:26:26+01:00,[60],[33.959827]
2025-11-11T02:26:27+01:00,[60],[33.959824]
2025-11-11T02:26:28+01:00,[60],[33.959816]
2025-11-11T02:26:29+01:00,[60],[33.959808]
2025-11-11T02:26:30+01:00,[60],[33.959805]
2025-11-11T02:26:31+01:00,[60],[33.959797]
2025-11-11T02:26:32+01:00,[60],[33.959797]
2025-11-11T02:26:33+01:00,[60],[33.959797]
2025-11-11T02:26:34+01:00,[60],[33.959797]
2025-11-11T02:26:35+01:00,[60],[33.959797]
2025-11-11T02:26:36+01:00,[60],[33.959797]
2025-11-11T02:26:37+01:00,[60],[33.959797]
2025-11-11T02:26:38+01:00,[60],[33.959801]
2025-11-11T02:26:39+01:00,[60],[33.959797]
2025-11-11T02:26:40+01:00,[60],[33.959797]
2025-11-11T02:26:41+01:00,[60],[33.959793]
2025-11-11T02:26:42+01:00,[60],[33.959793]
2025-11-11T02:26:43+01:00,[60],[33.959797]
2025-11-11T02:26:44+01:00,[60],[33.959797]
2025-11-11T02:26:45+01:00,[60],[33.959801]
2025-11-11T02:26:46+01:00,[60],[33.959801]
2025-11-11T02:26:47+01:00,[60],[33.959797]
2025-11-11T02:26:48+01:00,[60],[33.959797]
2025-11-11T02:26:49+01:00,[60],[33.959793]
2025-11-11T02:26:50+01:00,[60],[33.959793]
2025-11-11T02:26:51+01:00,[60],[33.959793]
2025-11-11T02:26:52+01:00,[60],[33.959789]
2025-11-11T02:26:53+01:00,[60],[33.959789]
2025-11-11T02:26:54+01:00,[60],[33.959789]
2025-11-11T02:26:55+01:00,[60],[33.959793]
2025-11-11T02:26:56+01:00,[60],[33.959793]
2025-11-11T02:26:57+01:00,[60],[33.959793]
2025-11-11T02:26:58+01:00,[60],[33.959793]
2025-11-11T02:26:59+01:00,[60],[33.959793]
2025-11-11T02:27:00+01:00,[60],[33.959789]
2025-11-11T02:27:01+01:00,[60],[33.959793]
2025-11-11T02:27:02+01:00,[60],[33.959797]
2025-11-11T02:27:03+01:00,[60],[33.959801]
2025-11-11T02:27:04+01:00,[60],[33.959801]
2025-11-11T02:27:05+01:00,[60],[33.959805]
2025-11-11T02:27:06+01:00,[60],[33.959805]
2025-11-11T02:27:07+01:00,[60],[33.959805]
2025-11-11T02:27:08+01:00,[60],[33.959808]
2025-11-11T02:27:09+01:00,[60],[33.959808]
2025-11-11T02:27:10+01:00,[60],[33.959812]
2025-11-11T02:27:11+01:00,[60],[33.959816]
2025-11-11T02:27:12+01:00,[60],[33.95982]
2025-11-11T02:27:13+01:00,[60],[33.959824]
2025-11-11T02:27:14+01:00,[60],[33.959827]
2025-11-11T02:27:15+01:00,[60],[33.959831]
2025-11-11T02:27:16+01:00,[60],[33.959831]
2025-11-11T02:27:17+01:00,[60],[33.959835]
2025-11-11T02:27:18+01:00,[60],[33.959843]
2025-11-11T02:27:19+01:00,[60],[33.959846]
2025-11-11T02:27:20+01:00,[60],[33.95985]
2025-11-11T02:27:21+01:00,[60],[33.95985]
2025-11-11T02:27:22+01:00,[60],[33.959854]
2025-11-11T02:27:23+01:00,[60],[33.959854]
2025-11-11T02:27:24+01:00,[60],[33.959858]
2025-11-11T02:27:25+01:00,[60],[33.959858]
2025-11-11T02:27:26+01:00,[60],[33.959858]
2025-11-11T02:27:27+01:00,[60],[33.959854]
2025-11-11T02:27:28+01:00,[60],[33.95985]
2025-11-11T02:27:29+01:00,[60],[33.95985]
2025-11-11T02:27:30+01:00,[60],[33.95985]
2025-11-11T02:27:31+01:00,[60],[33.959846]
2025-11-11T02:27:32+01:00,[60],[33.959843]
2025-11-11T02:27:33+01:00,[60],[33.959839]
2025-11-11T02:27:34+01:00,[60],[33.959839]
2025-11-11T02:27:35+01:00,[60],[33.959835]
2025-11-11T02:27:36+01:00,[60],[33.959839]
2025-11-11T02:27:37+01:00,[60],[33.959843]
2025-11-11T02:27:38+01:00,[60],[33.95985]
2025-11-11T02:27:39+01:00,[60],[33.959854]
2025-11-11T02:27:40+01:00,[60],[33.959858]
2025-11-11T02:27:41+01:00,[60],[33.959862]
2025-11-11T02:27:42+01:00,[60],[33.959866]
2025-11-11T02:27:43+01:00,[60],[33.959869]
2025-11-11T02:27:44+01:00,[60],[33.959877]
2025-11-11T02:27:45+01:00,[60],[33.959877]
2025-11-11T02:27:46+01:00,[60],[33.959873]
2025-11-11T02:27:47+01:00,[60],[33.959873]
2025-11-11T02:27:48+01:00,[60],[33.959881]
2025-11-11T02:27:49+01:00,[60],[33.959892]
2025-11-11T02:27:50+01:00,[60],[33.9599]
2025-11-11T02:27:51+01:00,[60],[33.959908]
2025-11-11T02:27:52+01:00,[60],[33.959915]
2025-11-11T02:27:53+01:00,[60],[33.959915]
2025-11-11T02:27:54+01:00,[60],[33.959919]
2025-11-11T02:27:55+01:00,[60],[33.959919]
2025-11-11T02:27:56+01:00,[60],[33.959923]
2025-11-11T02:27:57+01:00,[60],[33.959927]
2025-11-11T02:27:58+01:00,[60],[33.95993]
2025-11-11T02:27:59+01:00,[60],[33.959934]
2025-11-11T02:28:00+01:00,[60],[33.959934]
2025-11-11T02:28:01+01:00,[60],[33.959934]
2025-11-11T02:28:02+01:00,[60],[33.959934]
2025-11-11T02:28:03+01:00,[60],[33.959938]
2025-11-11T02:28:04+01:00,[60],[33.959942]
2025-11-11T02:28:05+01:00,[60],[33.959946]
2025-11-11T02:28:06+01:00,[60],[33.959949]
2025-11-11T02:28:07+01:00,[60],[33.959949]
2025-11-11T02:28:08+01:00,[60],[33.959953]
2025-11-11T02:28:09+01:00,[60],[33.959957]
2025-11-11T02:28:10+01:00,[60],[33.959965]
2025-11-11T02:28:11+01:00,[60],[33.959969]
2025-11-11T02:28:12+01:00,[60],[33.959972]
2025-11-11T02:28:13+01:00,[60],[33.959972]
2025-11-11T02:28:14+01:00,[60],[33.959984]
2025-11-11T02:28:15+01:00,[60],[33.959988]
2025-11-11T02:28:16+01:00,[60],[33.959995]
2025-11-11T02:28:17+01:00,[60],[33.960003]
2025-11-11T02:28:18+01:00,[60],[33.960011]
2025-11-11T02:28:19+01:00,[60],[33.960014]
2025-11-11T02:28:20+01:00,[60],[33.960014]
2025-11-11T02:28:21+01:00,[60],[33.960014]
2025-11-11T02:28:22+01:00,[60],[33.960022]
2025-11-11T02:28:23+01:00,[60],[33.96003]
2025-11-11T02:28:24+01:00,[60],[33.960041]
2025-11-11T02:28:25+01:00,[60],[33.960045]
2025-11-11T02:28:26+01:00,[60],[33.960045]
2025-11-11T02:28:27+01:00,[60],[33.960049]
2025-11-11T02:28:28+01:00,[60],[33.960049]
2025-11-11T02:28:29+01:00,[60],[33.960052]
2025-11-11T02:28:30+01:00,[60],[33.960056]
2025-11-11T02:28:31+01:00,[60],[33.960064]
2025-11-11T02:28:32+01:00,[60],[33.960075]
2025-11-11T02:28:33+01:00,[60],[33.960091]
2025-11-11T02:28:34+01:00,[60],[33.960098]
2025-11-11T02:28:35+01:00,[60],[33.960102]
2025-11-11T02:28:36+01:00,[60],[33.960102]
2025-11-11T02:28:37+01:00,[60],[33.96011]
2025-11-11T02:28:38+01:00,[60],[33.960114]
2025-11-11T02:28:39+01:00,[60],[33.960125]
2025-11-11T02:28:40+01:00,[60],[33.960133]
2025-11-11T02:28:41+01:00,[60],[33.96014]
2025-11-11T02:28:42+01:00,[60],[33.96014]
2025-11-11T02:28:43+01:00,[60],[33.960148]
2025-11-11T02:28:44+01:00,[60],[33.960144]
2025-11-11T02:28:45+01:00,[60],[33.960148]
2025-11-11T02:28:46+01:00,[60],[33.960152]
2025-11-11T02:28:47+01:00,[60],[33.960155]
2025-11-11T02:28:48+01:00,[60],[33.960163]
2025-11-11T02:28:49+01:00,[60],[33.960167]
2025-11-11T02:28:50+01:00,[60],[33.960175]
2025-11-11T02:28:51+01:00,[60],[33.960186]
2025-11-11T02:28:52+01:00,[60],[33.960197]
2025-11-11T02:28:53+01:00,[60],[33.960205]
2025-11-11T02:28:54+01:00,[60],[33.960209]
2025-11-11T02:28:55+01:00,[60],[33.960213]
2025-11-11T02:28:56+01:00,[60],[33.960217]
2025-11-11T02:28:57+01:00,[60],[33.96022]
2025-11-11T02:28:58+01:00,[60],[33.96022]
2025-11-11T02:28:59+01:00,[60],[33.960228]
2025-11-11T02:29:00+01:00,[60],[33.960236]
2025-11-11T02:29:01+01:00,[60],[33.960236]
2025-11-11T02:29:02+01:00,[60],[33.960243]
2025-11-11T02:29:03+01:00,[60],[33.960251]
2025-11-11T02:29:04+01:00,[60],[33.960255]
2025-11-11T02:29:05+01:00,[60],[33.960258]
2025-11-11T02:29:06+01:00,[60],[33.96027]
2025-11-11T02:29:07+01:00,[60],[33.960278]
2025-11-11T02:29:08+01:00,[60],[33.960281]
2025-11-11T02:29:09+01:00,[60],[33.960297]
2025-11-11T02:29:10+01:00,[60],[33.9603]
2025-11-11T02:29:11+01:00,[60],[33.960308]
2025-11-11T02:29:12+01:00,[60],[33.960316]
2025-11-11T02:29:13+01:00,[60],[33.960323]
2025-11-11T02:29:15+01:00,[60],[33.960327]
2025-11-11T02:29:16+01:00,[60],[33.960331]
2025-11-11T02:29:17+01:00,[60],[33.960335]
2025-11-11T02:29:18+01:00,[60],[33.960342]
2025-11-11T02:29:19+01:00,[60],[33.96035]
2025-11-11T02:29:20+01:00,[60],[33.960358]
2025-11-11T02:29:21+01:00,[60],[33.960361]
2025-11-11T02:29:22+01:00,[60],[33.960365]
2025-11-11T02:29:23+01:00,[60],[33.960377]
2025-11-11T02:29:24+01:00,[60],[33.960388]
2025-11-11T02:29:25+01:00,[60],[33.960392]
2025-11-11T02:29:26+01:00,[60],[33.960396]
2025-11-11T02:29:27+01:00,[60],[33.960403]
2025-11-11T02:29:28+01:00,[60],[33.960411]
2025-11-11T02:29:29+01:00,[60],[33.960415]
2025-11-11T02:29:30+01:00,[60],[33.960423]
2025-11-11T02:29:31+01:00,[60],[33.96043]
2025-11-11T02:29:32+01:00,[60],[33.960438]
2025-11-11T02:29:33+01:00,[60],[33.960449]
2025-11-11T02:29:34+01:00,[60],[33.960453]
2025-11-11T02:29:35+01:00,[60],[33.960464]
2025-11-11T02:29:36+01:00,[60],[33.960468]
2025-11-11T02:29:37+01:00,[60],[33.960484]
2025-11-11T02:29:38+01:00,[60],[33.960495]
2025-11-11T02:29:39+01:00,[60],[33.960499]
2025-11-11T02:29:40+01:00,[60],[33.960503]
2025-11-11T02:29:41+01:00,[60],[33.960506]
2025-11-11T02:29:42+01:00,[60],[33.96051]
2025-11-11T02:29:43+01:00,[60],[33.960518]
2025-11-11T02:29:44+01:00,[60],[33.960526]
2025-11-11T02:29:45+01:00,[60],[33.960529]
2025-11-11T02:29:46+01:00,[60],[33.960541]
2025-11-11T02:29:47+01:00,[60],[33.960556]
2025-11-11T02:29:48+01:00,[60],[33.96056]
2025-11-11T02:29:49+01:00,[60],[33.96056]
2025-11-11T02:29:50+01:00,[60],[33.960564]
2025-11-11T02:29:51+01:00,[60],[33.960583]
2025-11-11T02:29:52+01:00,[60],[33.960594]
2025-11-11T02:29:53+01:00,[60],[33.960602]
2025-11-11T02:29:54+01:00,[60],[33.960609]
2025-11-11T02:29:55+01:00,[60],[33.960617]
2025-11-11T02:29:56+01:00,[60],[33.960629]
2025-11-11T02:29:57+01:00,[60],[33.960636]
2025-11-11T02:29:58+01:00,[60],[33.960644]
2025-11-11T02:29:59+01:00,[60],[33.960648]
2025-11-11T02:30:00+01:00,[60],[33.960651]
2025-11-11T02:30:01+01:00,[60],[33.960655]
2025-11-11T02:30:02+01:00,[60],[33.960663]
2025-11-11T02:30:03+01:00,[60],[33.960678]
2025-11-11T02:30:04+01:00,[60],[33.96069]
2025-11-11T02:30:05+01:00,[60],[33.960697]
2025-11-11T02:30:06+01:00,[60],[33.960697]
2025-11-11T02:30:07+01:00,[60],[33.960705]
2025-11-11T02:30:08+01:00,[60],[33.960716]
2025-11-11T02:30:09+01:00,[60],[33.960732]
2025-11-11T02:30:10+01:00,[60],[33.960735]
2025-11-11T02:30:11+01:00,[60],[33.960735]
2025-11-11T02:30:12+01:00,[60],[33.960735]
2025-11-11T02:30:13+01:00,[60],[33.960739]
2025-11-11T02:30:14+01:00,[60],[33.960747]
2025-11-11T02:30:15+01:00,[60],[33.960747]
2025-11-11T02:30:16+01:00,[60],[33.960747]
2025-11-11T02:30:17+01:00,[60],[33.960747]
2025-11-11T02:30:18+01:00,[60],[33.960739]
2025-11-11T02:30:19+01:00,[60],[33.960735]
2025-11-11T02:30:20+01:00,[60],[33.960732]
2025-11-11T02:30:21+01:00,[60],[33.960728]
2025-11-11T02:30:22+01:00,[60],[33.960724]
2025-11-11T02:30:23+01:00,[60],[33.960712]
2025-11-11T02:30:24+01:00,[60],[33.960705]
2025-11-11T02:30:25+01:00,[60],[33.960697]
2025-11-11T02:30:26+01:00,[60],[33.96069]
2025-11-11T02:30:27+01:00,[60],[33.96069]
2025-11-11T02:30:28+01:00,[60],[33.960686]
2025-11-11T02:30:29+01:00,[60],[33.960678]
2025-11-11T02:30:30+01:00,[60],[33.960667]
2025-11-11T02:30:31+01:00,[60],[33.960659]
2025-11-11T02:30:32+01:00,[60],[33.960651]
2025-11-11T02:30:33+01:00,[60],[33.960644]
2025-11-11T02:30:34+01:00,[60],[33.960632]
2025-11-11T02:30:35+01:00,[60],[33.960621]
2025-11-11T02:30:36+01:00,[60],[33.960613]
2025-11-11T02:30:37+01:00,[60],[33.960606]
2025-11-11T02:30:38+01:00,[60],[33.960594]
2025-11-11T02:30:39+01:00,[60],[33.960587]
2025-11-11T02:30:40+01:00,[60],[33.960579]
2025-11-11T02:30:41+01:00,[60],[33.960567]
2025-11-11T02:30:42+01:00,[60],[33.960564]
2025-11-11T02:30:43+01:00,[60],[33.960556]
2025-11-11T02:30:44+01:00,[60],[33.96056]
2025-11-11T02:30:45+01:00,[60],[33.960552]
2025-11-11T02:30:46+01:00,[60],[33.960537]
2025-11-11T02:30:47+01:00,[60],[33.960533]
2025-11-11T02:30:48+01:00,[60],[33.960529]
2025-11-11T02:30:49+01:00,[60],[33.960522]
2025-11-11T02:30:50+01:00,[60],[33.96051]
2025-11-11T02:30:51+01:00,[60],[33.960503]
2025-11-11T02:30:52+01:00,[60],[33.960499]
2025-11-11T02:30:53+01:00,[60],[33.960495]
2025-11-11T02:30:54+01:00,[60],[33.960491]
2025-11-11T02:30:55+01:00,[60],[33.960487]
2025-11-11T02:30:56+01:00,[60],[33.96048]
2025-11-11T02:30:57+01:00,[60],[33.960476]
2025-11-11T02:30:58+01:00,[60],[33.960468]
2025-11-11T02:30:59+01:00,[60],[33.960476]
2025-11-11T02:31:00+01:00,[60],[33.960487]
2025-11-11T02:31:01+01:00,[60],[33.960499]
2025-11-11T02:31:02+01:00,[60],[33.960506]
2025-11-11T02:31:03+01:00,[60],[33.960518]
2025-11-11T02:31:04+01:00,[60],[33.960529]
2025-11-11T02:31:05+01:00,[60],[33.960541]
2025-11-11T02:31:06+01:00,[60],[33.960548]
2025-11-11T02:31:07+01:00,[60],[33.960552]
2025-11-11T02:31:08+01:00,[60],[33.960564]
2025-11-11T02:31:09+01:00,[60],[33.960571]
2025-11-11T02:31:10+01:00,[60],[33.960575]
2025-11-11T02:31:11+01:00,[60],[33.960583]
2025-11-11T02:31:12+01:00,[60],[33.960598]
2025-11-11T02:31:13+01:00,[60],[33.960613]
2025-11-11T02:31:14+01:00,[60],[33.960613]
2025-11-11T02:31:15+01:00,[60],[33.960629]
2025-11-11T02:31:16+01:00,[60],[33.960621]
2025-11-11T02:31:17+01:00,[60],[33.960625]
2025-11-11T02:31:18+01:00,[60],[33.96064]
2025-11-11T02:31:19+01:00,[60],[33.960655]
2025-11-11T02:31:21+01:00,[60],[33.960655]
2025-11-11T02:31:22+01:00,[60],[33.960663]
2025-11-11T02:31:23+01:00,[60],[33.960667]
2025-11-11T02:31:24+01:00,[60],[33.960674]
2025-11-11T02:31:25+01:00,[60],[33.960686]
2025-11-11T02:31:26+01:00,[60],[33.960697]
2025-11-11T02:31:27+01:00,[60],[33.960701]
2025-11-11T02:31:28+01:00,[60],[33.960705]
2025-11-11T02:31:29+01:00,[60],[33.960709]
2025-11-11T02:31:30+01:00,[60],[33.96072]
2025-11-11T02:31:31+01:00,[60],[33.960724]
2025-11-11T02:31:32+01:00,[60],[33.960728]
2025-11-11T02:31:33+01:00,[60],[33.960735]
2025-11-11T02:31:34+01:00,[60],[33.960743]
2025-11-11T02:31:35+01:00,[60],[33.960747]
2025-11-11T02:31:36+01:00,[60],[33.960754]
2025-11-11T02:31:37+01:00,[60],[33.960766]
2025-11-11T02:31:38+01:00,[60],[33.96077]
2025-11-11T02:31:39+01:00,[60],[33.960777]
2025-11-11T02:31:40+01:00,[60],[33.960789]
2025-11-11T02:31:41+01:00,[60],[33.960796]
2025-11-11T02:31:42+01:00,[60],[33.960796]
2025-11-11T02:31:43+01:00,[60],[33.9608]
2025-11-11T02:31:44+01:00,[60],[33.960808]
2025-11-11T02:31:45+01:00,[60],[33.960815]
2025-11-11T02:31:46+01:00,[60],[33.960823]
2025-11-11T02:31:47+01:00,[60],[33.960827]
2025-11-11T02:31:48+01:00,[60],[33.960835]
2025-11-11T02:31:49+01:00,[60],[33.960838]
2025-11-11T02:31:50+01:00,[60],[33.960846]
2025-11-11T02:31:51+01:00,[60],[33.960857]
2025-11-11T02:31:52+01:00,[60],[33.960861]
2025-11-11T02:31:53+01:00,[60],[33.960869]
2025-11-11T02:31:54+01:00,[60],[33.960876]
2025-11-11T02:31:55+01:00,[60],[33.960884]
2025-11-11T02:31:56+01:00,[60],[33.960888]
2025-11-11T02:31:57+01:00,[60],[33.960888]
2025-11-11T02:31:58+01:00,[60],[33.960896]
2025-11-11T02:31:59+01:00,[60],[33.960907]
2025-11-11T02:32:00+01:00,[60],[33.960911]
2025-11-11T02:32:01+01:00,[60],[33.960918]
2025-11-11T02:32:02+01:00,[60],[33.960922]
2025-11-11T02:32:03+01:00,[60],[33.960926]
2025-11-11T02:32:04+01:00,[60],[33.960934]
2025-11-11T02:32:05+01:00,[60],[33.960941]
2025-11-11T02:32:06+01:00,[60],[33.960945]
2025-11-11T02:32:07+01:00,[60],[33.960945]
2025-11-11T02:32:08+01:00,[60],[33.960953]
2025-11-11T02:32:09+01:00,[60],[33.960957]
2025-11-11T02:32:10+01:00,[60],[33.960968]
2025-11-11T02:32:11+01:00,[60],[33.960972]
2025-11-11T02:32:12+01:00,[60],[33.960979]
2025-11-11T02:32:13+01:00,[60],[33.960987]
2025-11-11T02:32:14+01:00,[60],[33.960999]
2025-11-11T02:32:15+01:00,[60],[33.960999]
2025-11-11T02:32:16+01:00,[60],[33.960999]
2025-11-11T02:32:17+01:00,[60],[33.961006]
2025-11-11T02:32:18+01:00,[60],[33.961006]
2025-11-11T02:32:19+01:00,[60],[33.961014]
2025-11-11T02:32:20+01:00,[60],[33.961029]
2025-11-11T02:32:21+01:00,[60],[33.96104]
2025-11-11T02:32:22+01:00,[60],[33.96106]
2025-11-11T02:32:23+01:00,[60],[33.961067]
2025-11-11T02:32:24+01:00,[60],[33.961075]
2025-11-11T02:32:25+01:00,[60],[33.961079]
2025-11-11T02:32:26+01:00,[60],[33.961086]
2025-11-11T02:32:27+01:00,[60],[33.96109]
2025-11-11T02:32:28+01:00,[60],[33.961086]
2025-11-11T02:32:29+01:00,[60],[33.961082]
2025-11-11T02:32:30+01:00,[60],[33.961071]
2025-11-11T02:32:31+01:00,[60],[33.961075]
2025-11-11T02:32:32+01:00,[60],[33.961067]
2025-11-11T02:32:33+01:00,[60],[33.96106]
2025-11-11T02:32:34+01:00,[60],[33.961052]
2025-11-11T02:32:35+01:00,[60],[33.961044]
2025-11-11T02:32:36+01:00,[60],[33.96104]
2025-11-11T02:32:37+01:00,[60],[33.96104]
2025-11-11T02:32:38+01:00,[60],[33.961037]
2025-11-11T02:32:39+01:00,[60],[33.961033]
2025-11-11T02:32:40+01:00,[60],[33.961029]
2025-11-11T02:32:41+01:00,[60],[33.961025]
2025-11-11T02:32:42+01:00,[60],[33.961018]
2025-11-11T02:32:43+01:00,[60],[33.96101]
2025-11-11T02:32:44+01:00,[60],[33.961002]
2025-11-11T02:32:45+01:00,[60],[33.960995]
2025-11-11T02:32:46+01:00,[60],[33.960995]
2025-11-11T02:32:47+01:00,[60],[33.960991]
2025-11-11T02:32:48+01:00,[60],[33.960983]
2025-11-11T02:32:49+01:00,[60],[33.960976]
2025-11-11T02:32:50+01:00,[60],[33.960976]
2025-11-11T02:32:51+01:00,[60],[33.960976]
2025-11-11T02:32:52+01:00,[60],[33.960976]
2025-11-11T02:32:53+01:00,[60],[33.960979]
2025-11-11T02:32:54+01:00,[60],[33.960979]
2025-11-11T02:32:55+01:00,[60],[33.960979]
2025-11-11T02:32:56+01:00,[60],[33.960972]
2025-11-11T02:32:57+01:00,[60],[33.96096]
2025-11-11T02:32:58+01:00,[60],[33.960949]
2025-11-11T02:32:59+01:00,[60],[33.960941]
2025-11-11T02:33:00+01:00,[60],[33.960934]
2025-11-11T02:33:01+01:00,[60],[33.960922]
2025-11-11T02:33:02+01:00,[60],[33.960915]
2025-11-11T02:33:03+01:00,[60],[33.960911]
2025-11-11T02:33:04+01:00,[60],[33.960907]
2025-11-11T02:33:05+01:00,[60],[33.960896]
2025-11-11T02:33:06+01:00,[60],[33.960892]
2025-11-11T02:33:07+01:00,[60],[33.960892]
2025-11-11T02:33:08+01:00,[60],[33.960892]
2025-11-11T02:33:09+01:00,[60],[33.960888]
2025-11-11T02:33:10+01:00,[60],[33.96088]
2025-11-11T02:33:11+01:00,[60],[33.960869]
2025-11-11T02:33:12+01:00,[60],[33.960857]
2025-11-11T02:33:13+01:00,[60],[33.96085]
2025-11-11T02:33:14+01:00,[60],[33.960838]
2025-11-11T02:33:15+01:00,[60],[33.960831]
2025-11-11T02:33:16+01:00,[60],[33.960819]
2025-11-11T02:33:17+01:00,[60],[33.960812]
2025-11-11T02:33:18+01:00,[60],[33.9608]
2025-11-11T02:33:19+01:00,[60],[33.960796]
2025-11-11T02:33:20+01:00,[60],[33.960796]
2025-11-11T02:33:21+01:00,[60],[33.960789]
2025-11-11T02:33:22+01:00,[60],[33.960777]
2025-11-11T02:33:23+01:00,[60],[33.960766]
2025-11-11T02:33:24+01:00,[60],[33.960754]
2025-11-11T02:33:25+01:00,[60],[33.960743]
2025-11-11T02:33:27+01:00,[60],[33.960732]
2025-11-11T02:33:28+01:00,[60],[33.96072]
2025-11-11T02:33:29+01:00,[60],[33.960712]
2025-11-11T02:33:30+01:00,[60],[33.960709]
2025-11-11T02:33:31+01:00,[60],[33.960705]
2025-11-11T02:33:32+01:00,[60],[33.960701]
2025-11-11T02:33:33+01:00,[60],[33.960697]
2025-11-11T02:33:34+01:00,[60],[33.960686]
2025-11-11T02:33:35+01:00,[60],[33.960686]
2025-11-11T02:33:36+01:00,[60],[33.960686]
2025-11-11T02:33:37+01:00,[60],[33.960701]
2025-11-11T02:33:38+01:00,[60],[33.960705]
2025-11-11T02:33:39+01:00,[60],[33.960712]
2025-11-11T02:33:40+01:00,[60],[33.96072]
2025-11-11T02:33:41+01:00,[60],[33.960724]
2025-11-11T02:33:42+01:00,[60],[33.960732]
2025-11-11T02:33:43+01:00,[60],[33.960743]
2025-11-11T02:33:44+01:00,[60],[33.960751]
2025-11-11T02:33:45+01:00,[60],[33.960758]
2025-11-11T02:33:46+01:00,[60],[33.960766]
2025-11-11T02:33:47+01:00,[60],[33.960773]
2025-11-11T02:33:48+01:00,[60],[33.960781]
2025-11-11T02:33:49+01:00,[60],[33.9608]
2025-11-11T02:33:50+01:00,[60],[33.960808]
2025-11-11T02:33:51+01:00,[60],[33.960819]
2025-11-11T02:33:52+01:00,[60],[33.960823]
2025-11-11T02:33:53+01:00,[60],[33.960827]
2025-11-11T02:33:54+01:00,[60],[33.960838]
2025-11-11T02:33:55+01:00,[60],[33.96085]
2025-11-11T02:33:56+01:00,[60],[33.960854]
2025-11-11T02:33:57+01:00,[60],[33.960846]
2025-11-11T02:33:58+01:00,[60],[33.960854]
2025-11-11T02:33:59+01:00,[60],[33.960861]
2025-11-11T02:34:00+01:00,[60],[33.960876]
2025-11-11T02:34:01+01:00,[60],[33.960884]
2025-11-11T02:34:02+01:00,[60],[33.960899]
2025-11-11T02:34:03+01:00,[60],[33.960907]
2025-11-11T02:34:04+01:00,[60],[33.960911]
2025-11-11T02:34:05+01:00,[60],[33.960915]
2025-11-11T02:34:06+01:00,[60],[33.960926]
2025-11-11T02:34:07+01:00,[60],[33.960938]
2025-11-11T02:34:08+01:00,[60],[33.960953]
2025-11-11T02:34:09+01:00,[60],[33.960964]
2025-11-11T02:34:10+01:00,[60],[33.960968]
2025-11-11T02:34:11+01:00,[60],[33.960979]
2025-11-11T02:34:12+01:00,[60],[33.960987]
2025-11-11T02:34:13+01:00,[60],[33.960999]
2025-11-11T02:34:14+01:00,[60],[33.961006]
2025-11-11T02:34:15+01:00,[60],[33.961014]
2025-11-11T02:34:16+01:00,[60],[33.961025]
2025-11-11T02:34:17+01:00,[60],[33.961029]
2025-11-11T02:34:18+01:00,[60],[33.961037]
2025-11-11T02:34:19+01:00,[60],[33.961044]
2025-11-11T02:34:20+01:00,[60],[33.961052]
2025-11-11T02:34:21+01:00,[60],[33.961063]
2025-11-11T02:34:22+01:00,[60],[33.961071]
2025-11-11T02:34:23+01:00,[60],[33.961079]
2025-11-11T02:34:24+01:00,[60],[33.961082]
2025-11-11T02:34:25+01:00,[60],[33.961094]
2025-11-11T02:34:26+01:00,[60],[33.961105]
2025-11-11T02:34:27+01:00,[60],[33.961113]
2025-11-11T02:34:28+01:00,[60],[33.961121]
2025-11-11T02:34:29+01:00,[60],[33.961132]
2025-11-11T02:34:30+01:00,[60],[33.96114]
2025-11-11T02:34:31+01:00,[60],[33.961143]
2025-11-11T02:34:32+01:00,[60],[33.961151]
2025-11-11T02:34:33+01:00,[60],[33.961163]
2025-11-11T02:34:34+01:00,[60],[33.96117]
2025-11-11T02:34:35+01:00,[60],[33.961174]
2025-11-11T02:34:36+01:00,[60],[33.961185]
2025-11-11T02:34:37+01:00,[60],[33.961193]
2025-11-11T02:34:38+01:00,[60],[33.961205]
2025-11-11T02:34:39+01:00,[60],[33.961208]
2025-11-11T02:34:40+01:00,[60],[33.961216]
2025-11-11T02:34:41+01:00,[60],[33.961224]
2025-11-11T02:34:42+01:00,[60],[33.961235]
2025-11-11T02:34:43+01:00,[60],[33.961246]
2025-11-11T02:34:44+01:00,[60],[33.961254]
2025-11-11T02:34:45+01:00,[60],[33.961262]
2025-11-11T02:34:46+01:00,[60],[33.961269]
2025-11-11T02:34:47+01:00,[60],[33.961277]
2025-11-11T02:34:48+01:00,[60],[33.961285]
2025-11-11T02:34:49+01:00,[60],[33.961292]
2025-11-11T02:34:50+01:00,[60],[33.9613]
2025-11-11T02:34:51+01:00,[60],[33.961308]
2025-11-11T02:34:52+01:00,[60],[33.961311]
2025-11-11T02:34:53+01:00,[60],[33.961315]
2025-11-11T02:34:54+01:00,[60],[33.961315]
2025-11-11T02:34:55+01:00,[60],[33.961323]
2025-11-11T02:34:56+01:00,[60],[33.961334]
2025-11-11T02:34:57+01:00,[60],[33.961342]
2025-11-11T02:34:58+01:00,[60],[33.961353]
2025-11-11T02:34:59+01:00,[60],[33.961361]
2025-11-11T02:35:00+01:00,[60],[33.961365]
2025-11-11T02:35:01+01:00,[60],[33.961376]
2025-11-11T02:35:02+01:00,[60],[33.96138]
2025-11-11T02:35:03+01:00,[60],[33.961388]
2025-11-11T02:35:04+01:00,[60],[33.961395]
2025-11-11T02:35:05+01:00,[60],[33.961399]
2025-11-11T02:35:06+01:00,[60],[33.961407]
2025-11-11T02:35:07+01:00,[60],[33.961414]
2025-11-11T02:35:08+01:00,[60],[33.961422]
2025-11-11T02:35:09+01:00,[60],[33.961418]
2025-11-11T02:35:10+01:00,[60],[33.961426]
2025-11-11T02:35:11+01:00,[60],[33.961437]
2025-11-11T02:35:12+01:00,[60],[33.961449]
2025-11-11T02:35:13+01:00,[60],[33.961456]
2025-11-11T02:35:14+01:00,[60],[33.96146]
2025-11-11T02:35:15+01:00,[60],[33.961468]
2025-11-11T02:35:16+01:00,[60],[33.961472]
2025-11-11T02:35:17+01:00,[60],[33.961479]
2025-11-11T02:35:18+01:00,[60],[33.961479]
2025-11-11T02:35:19+01:00,[60],[33.961487]
2025-11-11T02:35:20+01:00,[60],[33.961498]
2025-11-11T02:35:21+01:00,[60],[33.961502]
2025-11-11T02:35:22+01:00,[60],[33.96151]
2025-11-11T02:35:23+01:00,[60],[33.96151]
2025-11-11T02:35:24+01:00,[60],[33.961517]
2025-11-11T02:35:25+01:00,[60],[33.961521]
2025-11-11T02:35:26+01:00,[60],[33.961525]
2025-11-11T02:35:27+01:00,[60],[33.961533]
2025-11-11T02:35:28+01:00,[60],[33.961536]
2025-11-11T02:35:29+01:00,[60],[33.96154]
2025-11-11T02:35:30+01:00,[60],[33.961544]
2025-11-11T02:35:31+01:00,[60],[33.961552]
2025-11-11T02:35:33+01:00,[60],[33.961555]
2025-11-11T02:35:34+01:00,[60],[33.961559]
2025-11-11T02:35:35+01:00,[60],[33.961567]
2025-11-11T02:35:36+01:00,[60],[33.961571]
2025-11-11T02:35:37+01:00,[60],[33.961578]
2025-11-11T02:35:38+01:00,[60],[33.961586]
2025-11-11T02:35:39+01:00,[60],[33.96159]
2025-11-11T02:35:40+01:00,[60],[33.961597]
2025-11-11T02:35:41+01:00,[60],[33.961605]
2025-11-11T02:35:42+01:00,[60],[33.961613]
2025-11-11T02:35:43+01:00,[60],[33.961617]
2025-11-11T02:35:44+01:00,[60],[33.961624]
2025-11-11T02:35:45+01:00,[60],[33.961628]
2025-11-11T02:35:46+01:00,[60],[33.961632]
2025-11-11T02:35:47+01:00,[60],[33.961636]
2025-11-11T02:35:48+01:00,[60],[33.961643]
2025-11-11T02:35:49+01:00,[60],[33.961647]
2025-11-11T02:35:50+01:00,[60],[33.961655]
2025-11-11T02:35:51+01:00,[60],[33.961662]
2025-11-11T02:35:52+01:00,[60],[33.96167]
2025-11-11T02:35:53+01:00,[60],[33.961678]
2025-11-11T02:35:54+01:00,[60],[33.961674]
2025-11-11T02:35:55+01:00,[60],[33.961674]
2025-11-11T02:35:56+01:00,[60],[33.961681]
2025-11-11T02:35:57+01:00,[60],[33.961681]
2025-11-11T02:35:58+01:00,[60],[33.961689]
2025-11-11T02:35:59+01:00,[60],[33.961697]
2025-11-11T02:36:00+01:00,[60],[33.961704]
2025-11-11T02:36:01+01:00,[60],[33.961708]
2025-11-11T02:36:02+01:00,[60],[33.961712]
2025-11-11T02:36:03+01:00,[60],[33.96172]
2025-11-11T02:36:04+01:00,[60],[33.961727]
2025-11-11T02:36:05+01:00,[60],[33.961735]
2025-11-11T02:36:06+01:00,[60],[33.961739]
2025-11-11T02:36:07+01:00,[60],[33.961739]
2025-11-11T02:36:08+01:00,[60],[33.96175]
2025-11-11T02:36:09+01:00,[60],[33.961754]
2025-11-11T02:36:10+01:00,[60],[33.961761]
2025-11-11T02:36:11+01:00,[60],[33.961761]
2025-11-11T02:36:12+01:00,[60],[33.961765]
2025-11-11T02:36:13+01:00,[60],[33.961769]
2025-11-11T02:36:14+01:00,[60],[33.961773]
2025-11-11T02:36:15+01:00,[60],[33.961781]
2025-11-11T02:36:16+01:00,[60],[33.961788]
2025-11-11T02:36:17+01:00,[60],[33.961796]
2025-11-11T02:36:18+01:00,[60],[33.9618]
2025-11-11T02:36:19+01:00,[60],[33.9618]
2025-11-11T02:36:20+01:00,[60],[33.961796]
2025-11-11T02:36:21+01:00,[60],[33.961796]
2025-11-11T02:36:22+01:00,[60],[33.961796]
2025-11-11T02:36:23+01:00,[60],[33.9618]
2025-11-11T02:36:24+01:00,[60],[33.9618]
2025-11-11T02:36:25+01:00,[60],[33.961807]
2025-11-11T02:36:26+01:00,[60],[33.961838]
2025-11-11T02:36:27+01:00,[60],[33.961853]
2025-11-11T02:36:28+01:00,[60],[33.961868]
2025-11-11T02:36:29+01:00,[60],[33.961876]
2025-11-11T02:36:30+01:00,[60],[33.961884]
2025-11-11T02:36:31+01:00,[60],[33.961884]
2025-11-11T02:36:32+01:00,[60],[33.961884]
2025-11-11T02:36:33+01:00,[60],[33.961872]
2025-11-11T02:36:34+01:00,[60],[33.961868]
2025-11-11T02:36:35+01:00,[60],[33.961864]
2025-11-11T02:36:36+01:00,[60],[33.961864]
2025-11-11T02:36:37+01:00,[60],[33.961857]
2025-11-11T02:36:38+01:00,[60],[33.961845]
2025-11-11T02:36:39+01:00,[60],[33.961838]
2025-11-11T02:36:40+01:00,[60],[33.961834]
2025-11-11T02:36:41+01:00,[60],[33.961826]
2025-11-11T02:36:42+01:00,[60],[33.961823]
2025-11-11T02:36:43+01:00,[60],[33.961815]
2025-11-11T02:36:44+01:00,[60],[33.961811]
2025-11-11T02:36:45+01:00,[60],[33.961807]
2025-11-11T02:36:46+01:00,[60],[33.961803]
2025-11-11T02:36:47+01:00,[60],[33.9618]
2025-11-11T02:36:48+01:00,[60],[33.961788]
2025-11-11T02:36:49+01:00,[60],[33.961784]
2025-11-11T02:36:50+01:00,[60],[33.961777]
2025-11-11T02:36:51+01:00,[60],[33.961773]
2025-11-11T02:36:52+01:00,[60],[33.961773]
2025-11-11T02:36:53+01:00,[60],[33.961769]
2025-11-11T02:36:54+01:00,[60],[33.961761]
2025-11-11T02:36:55+01:00,[60],[33.961754]
2025-11-11T02:36:56+01:00,[60],[33.961742]
2025-11-11T02:36:57+01:00,[60],[33.961739]
2025-11-11T02:36:58+01:00,[60],[33.961739]
2025-11-11T02:36:59+01:00,[60],[33.961731]
2025-11-11T02:37:00+01:00,[60],[33.961731]
2025-11-11T02:37:01+01:00,[60],[33.961723]
2025-11-11T02:37:02+01:00,[60],[33.961716]
2025-11-11T02:37:03+01:00,[60],[33.961708]
2025-11-11T02:37:04+01:00,[60],[33.961697]
2025-11-11T02:37:05+01:00,[60],[33.961693]
2025-11-11T02:37:06+01:00,[60],[33.961689]
2025-11-11T02:37:07+01:00,[60],[33.961681]
2025-11-11T02:37:08+01:00,[60],[33.961678]
2025-11-11T02:37:09+01:00,[60],[33.96167]
2025-11-11T02:37:10+01:00,[60],[33.961662]
2025-11-11T02:37:11+01:00,[60],[33.961655]
2025-11-11T02:37:12+01:00,[60],[33.961651]
2025-11-11T02:37:13+01:00,[60],[33.961643]
2025-11-11T02:37:14+01:00,[60],[33.961643]
2025-11-11T02:37:15+01:00,[60],[33.961639]
2025-11-11T02:37:16+01:00,[60],[33.961632]
2025-11-11T02:37:17+01:00,[60],[33.961628]
2025-11-11T02:37:18+01:00,[60],[33.961624]
2025-11-11T02:37:19+01:00,[60],[33.961617]
2025-11-11T02:37:20+01:00,[60],[33.961617]
2025-11-11T02:37:21+01:00,[60],[33.961613]
2025-11-11T02:37:22+01:00,[60],[33.961605]
2025-11-11T02:37:23+01:00,[60],[33.961597]
2025-11-11T02:37:24+01:00,[60],[33.961582]
2025-11-11T02:37:25+01:00,[60],[33.961578]
2025-11-11T02:37:26+01:00,[60],[33.961567]
2025-11-11T02:37:27+01:00,[60],[33.961559]
2025-11-11T02:37:28+01:00,[60],[33.961555]
2025-11-11T02:37:29+01:00,[60],[33.961555]
2025-11-11T02:37:30+01:00,[60],[33.961548]
2025-11-11T02:37:31+01:00,[60],[33.96154]
2025-11-11T02:37:32+01:00,[60],[33.961533]
2025-11-11T02:37:33+01:00,[60],[33.961529]
2025-11-11T02:37:34+01:00,[60],[33.961525]
2025-11-11T02:37:35+01:00,[60],[33.961521]
2025-11-11T02:37:36+01:00,[60],[33.961517]
2025-11-11T02:37:37+01:00,[60],[33.96151]
2025-11-11T02:37:38+01:00,[60],[33.961502]
2025-11-11T02:37:39+01:00,[60],[33.961502]
2025-11-11T02:37:40+01:00,[60],[33.961498]
2025-11-11T02:37:41+01:00,[60],[33.961491]
2025-11-11T02:37:42+01:00,[60],[33.961483]
2025-11-11T02:37:43+01:00,[60],[33.961479]
2025-11-11T02:37:44+01:00,[60],[33.961475]
2025-11-11T02:37:45+01:00,[60],[33.961472]
2025-11-11T02:37:46+01:00,[60],[33.96146]
2025-11-11T02:37:47+01:00,[60],[33.961452]
2025-11-11T02:37:48+01:00,[60],[33.961445]
2025-11-11T02:37:49+01:00,[60],[33.961433]
2025-11-11T02:37:50+01:00,[60],[33.961422]
2025-11-11T02:37:51+01:00,[60],[33.961411]
2025-11-11T02:37:52+01:00,[60],[33.961399]
2025-11-11T02:37:53+01:00,[60],[33.961395]
2025-11-11T02:37:54+01:00,[60],[33.961391]
2025-11-11T02:37:55+01:00,[60],[33.961384]
2025-11-11T02:37:56+01:00,[60],[33.961376]
2025-11-11T02:37:57+01:00,[60],[33.961365]
2025-11-11T02:37:58+01:00,[60],[33.961361]
2025-11-11T02:37:59+01:00,[60],[33.961357]
2025-11-11T02:38:00+01:00,[60],[33.961353]
2025-11-11T02:38:01+01:00,[60],[33.961346]
2025-11-11T02:38:02+01:00,[60],[33.961334]
2025-11-11T02:38:03+01:00,[60],[33.961323]
2025-11-11T02:38:04+01:00,[60],[33.961315]
2025-11-11T02:38:05+01:00,[60],[33.961308]
2025-11-11T02:38:06+01:00,[60],[33.961296]
2025-11-11T02:38:07+01:00,[60],[33.961292]
2025-11-11T02:38:08+01:00,[60],[33.961288]
2025-11-11T02:38:09+01:00,[60],[33.961285]
2025-11-11T02:38:10+01:00,[60],[33.961273]
2025-11-11T02:38:11+01:00,[60],[33.961266]
2025-11-11T02:38:12+01:00,[60],[33.961254]
2025-11-11T02:38:13+01:00,[60],[33.961246]
2025-11-11T02:38:14+01:00,[60],[33.961243]
2025-11-11T02:38:15+01:00,[60],[33.961231]
2025-11-11T02:38:16+01:00,[60],[33.961224]
2025-11-11T02:38:17+01:00,[60],[33.961212]
2025-11-11T02:38:18+01:00,[60],[33.961208]
2025-11-11T02:38:19+01:00,[60],[33.961205]
2025-11-11T02:38:20+01:00,[60],[33.961193]
2025-11-11T02:38:21+01:00,[60],[33.961182]
2025-11-11T02:38:22+01:00,[60],[33.96117]
2025-11-11T02:38:23+01:00,[60],[33.961163]
2025-11-11T02:38:24+01:00,[60],[33.961155]
2025-11-11T02:38:25+01:00,[60],[33.961151]
2025-11-11T02:38:26+01:00,[60],[33.961143]
2025-11-11T02:38:27+01:00,[60],[33.961132]
2025-11-11T02:38:28+01:00,[60],[33.961121]
2025-11-11T02:38:29+01:00,[60],[33.961113]
2025-11-11T02:38:30+01:00,[60],[33.961109]
2025-11-11T02:38:31+01:00,[60],[33.961098]
2025-11-11T02:38:32+01:00,[60],[33.96109]
2025-11-11T02:38:33+01:00,[60],[33.961082]
2025-11-11T02:38:34+01:00,[60],[33.961071]
2025-11-11T02:38:35+01:00,[60],[33.961063]
2025-11-11T02:38:36+01:00,[60],[33.961052]
2025-11-11T02:38:37+01:00,[60],[33.961044]
2025-11-11T02:38:38+01:00,[60],[33.961033]
2025-11-11T02:38:39+01:00,[60],[33.961021]
2025-11-11T02:38:40+01:00,[60],[33.961014]
2025-11-11T02:38:41+01:00,[60],[33.96101]
2025-11-11T02:38:42+01:00,[60],[33.96101]
2025-11-11T02:38:43+01:00,[60],[33.961006]
2025-11-11T02:38:44+01:00,[60],[33.961014]
2025-11-11T02:38:45+01:00,[60],[33.961018]
2025-11-11T02:38:46+01:00,[60],[33.961021]
2025-11-11T02:38:47+01:00,[60],[33.961018]
2025-11-11T02:38:48+01:00,[60],[33.961018]
2025-11-11T02:38:49+01:00,[60],[33.961018]
2025-11-11T02:38:50+01:00,[60],[33.961018]
2025-11-11T02:38:51+01:00,[60],[33.961029]
2025-11-11T02:38:52+01:00,[60],[33.961044]
2025-11-11T02:38:53+01:00,[60],[33.961052]
2025-11-11T02:38:54+01:00,[60],[33.961063]
2025-11-11T02:38:55+01:00,[60],[33.961071]
2025-11-11T02:38:56+01:00,[60],[33.961082]
2025-11-11T02:38:57+01:00,[60],[33.961086]
2025-11-11T02:38:58+01:00,[60],[33.961098]
2025-11-11T02:38:59+01:00,[60],[33.961105]
2025-11-11T02:39:00+01:00,[60],[33.961113]
2025-11-11T02:39:01+01:00,[60],[33.961121]
2025-11-11T02:39:02+01:00,[60],[33.961124]
2025-11-11T02:39:03+01:00,[60],[33.961132]
2025-11-11T02:39:04+01:00,[60],[33.96114]
2025-11-11T02:39:05+01:00,[60],[33.961147]
2025-11-11T02:39:06+01:00,[60],[33.961159]
2025-11-11T02:39:07+01:00,[60],[33.961166]
2025-11-11T02:39:08+01:00,[60],[33.961174]
2025-11-11T02:39:09+01:00,[60],[33.961182]
2025-11-11T02:39:10+01:00,[60],[33.961193]
2025-11-11T02:39:11+01:00,[60],[33.961201]
2025-11-11T02:39:12+01:00,[60],[33.961208]
2025-11-11T02:39:13+01:00,[60],[33.961212]
2025-11-11T02:39:14+01:00,[60],[33.961224]
2025-11-11T02:39:15+01:00,[60],[33.961243]
2025-11-11T02:39:16+01:00,[60],[33.96125]
2025-11-11T02:39:17+01:00,[60],[33.961258]
2025-11-11T02:39:18+01:00,[60],[33.961269]
2025-11-11T02:39:19+01:00,[60],[33.961281]
2025-11-11T02:39:20+01:00,[60],[33.961288]
2025-11-11T02:39:21+01:00,[60],[33.9613]
2025-11-11T02:39:22+01:00,[60],[33.961308]
2025-11-11T02:39:23+01:00,[60],[33.961315]
2025-11-11T02:39:24+01:00,[60],[33.961327]
2025-11-11T02:39:25+01:00,[60],[33.961327]
2025-11-11T02:39:26+01:00,[60],[33.961338]
2025-11-11T02:39:27+01:00,[60],[33.961349]
2025-11-11T02:39:28+01:00,[60],[33.961361]
2025-11-11T02:39:29+01:00,[60],[33.961372]
2025-11-11T02:39:30+01:00,[60],[33.961384]
2025-11-11T02:39:31+01:00,[60],[33.961388]
2025-11-11T02:39:32+01:00,[60],[33.961403]
2025-11-11T02:39:33+01:00,[60],[33.961414]
2025-11-11T02:39:34+01:00,[60],[33.961418]
2025-11-11T02:39:35+01:00,[60],[33.96143]
2025-11-11T02:39:36+01:00,[60],[33.961449]
2025-11-11T02:39:37+01:00,[60],[33.96146]
2025-11-11T02:39:38+01:00,[60],[33.961468]
2025-11-11T02:39:39+01:00,[60],[33.961475]
2025-11-11T02:39:40+01:00,[60],[33.961483]
2025-11-11T02:39:41+01:00,[60],[33.961502]
2025-11-11T02:39:42+01:00,[60],[33.961514]
2025-11-11T02:39:43+01:00,[60],[33.961529]
2025-11-11T02:39:44+01:00,[60],[33.96154]
2025-11-11T02:39:45+01:00,[60],[33.961548]
2025-11-11T02:39:46+01:00,[60],[33.961563]
2025-11-11T02:39:47+01:00,[60],[33.961575]
2025-11-11T02:39:48+01:00,[60],[33.961582]
2025-11-11T02:39:49+01:00,[60],[33.96159]
2025-11-11T02:39:50+01:00,[60],[33.961597]
2025-11-11T02:39:51+01:00,[60],[33.961609]
2025-11-11T02:39:52+01:00,[60],[33.961628]
2025-11-11T02:39:53+01:00,[60],[33.961639]
2025-11-11T02:39:54+01:00,[60],[33.961647]
2025-11-11T02:39:55+01:00,[60],[33.961655]
2025-11-11T02:39:56+01:00,[60],[33.961658]
2025-11-11T02:39:57+01:00,[60],[33.961666]
2025-11-11T02:39:58+01:00,[60],[33.961678]
2025-11-11T02:39:59+01:00,[60],[33.961681]
2025-11-11T02:40:00+01:00,[60],[33.961693]
2025-11-11T02:40:01+01:00,[60],[33.961704]
2025-11-11T02:40:02+01:00,[60],[33.961716]
2025-11-11T02:40:03+01:00,[60],[33.961727]
2025-11-11T02:40:04+01:00,[60],[33.961739]
2025-11-11T02:40:05+01:00,[60],[33.96175]
2025-11-11T02:40:06+01:00,[60],[33.961758]
2025-11-11T02:40:07+01:00,[60],[33.961769]
2025-11-11T02:40:08+01:00,[60],[33.961781]
2025-11-11T02:40:09+01:00,[60],[33.961796]
2025-11-11T02:40:10+01:00,[60],[33.961811]
2025-11-11T02:40:11+01:00,[60],[33.961819]
2025-11-11T02:40:12+01:00,[60],[33.96183]
2025-11-11T02:40:13+01:00,[60],[33.961845]
2025-11-11T02:40:14+01:00,[60],[33.961857]
2025-11-11T02:40:15+01:00,[60],[33.961868]
2025-11-11T02:40:16+01:00,[60],[33.961876]
2025-11-11T02:40:17+01:00,[60],[33.961891]
2025-11-11T02:40:18+01:00,[60],[33.961899]
2025-11-11T02:40:19+01:00,[60],[33.961914]
2025-11-11T02:40:20+01:00,[60],[33.961926]
2025-11-11T02:40:21+01:00,[60],[33.961933]
2025-11-11T02:40:22+01:00,[60],[33.961941]
2025-11-11T02:40:23+01:00,[60],[33.961948]
2025-11-11T02:40:24+01:00,[60],[33.96196]
2025-11-11T02:40:25+01:00,[60],[33.961971]
2025-11-11T02:40:26+01:00,[60],[33.961979]
2025-11-11T02:40:27+01:00,[60],[33.961998]
2025-11-11T02:40:28+01:00,[60],[33.962009]
2025-11-11T02:40:29+01:00,[60],[33.962021]
2025-11-11T02:40:30+01:00,[60],[33.962029]
2025-11-11T02:40:31+01:00,[60],[33.96204]
2025-11-11T02:40:32+01:00,[60],[33.962048]
2025-11-11T02:40:33+01:00,[60],[33.962059]
2025-11-11T02:40:34+01:00,[60],[33.96207]
2025-11-11T02:40:35+01:00,[60],[33.962082]
2025-11-11T02:40:36+01:00,[60],[33.962097]
2025-11-11T02:40:37+01:00,[60],[33.962109]
2025-11-11T02:40:38+01:00,[60],[33.962116]
2025-11-11T02:40:39+01:00,[60],[33.96212]
2025-11-11T02:40:40+01:00,[60],[33.962124]
2025-11-11T02:40:41+01:00,[60],[33.962135]
2025-11-11T02:40:42+01:00,[60],[33.962147]
2025-11-11T02:40:43+01:00,[60],[33.962158]
2025-11-11T02:40:44+01:00,[60],[33.96217]
2025-11-11T02:40:45+01:00,[60],[33.962181]
2025-11-11T02:40:46+01:00,[60],[33.962189]
2025-11-11T02:40:47+01:00,[60],[33.962196]
2025-11-11T02:40:48+01:00,[60],[33.962208]
2025-11-11T02:40:49+01:00,[60],[33.962219]
2025-11-11T02:40:50+01:00,[60],[33.962227]
2025-11-11T02:40:51+01:00,[60],[33.962242]
2025-11-11T02:40:52+01:00,[60],[33.962254]
2025-11-11T02:40:53+01:00,[60],[33.962265]
2025-11-11T02:40:54+01:00,[60],[33.962273]
2025-11-11T02:40:55+01:00,[60],[33.962284]
2025-11-11T02:40:56+01:00,[60],[33.962292]
2025-11-11T02:40:57+01:00,[60],[33.962303]
2025-11-11T02:40:58+01:00,[60],[33.962315]
2025-11-11T02:40:59+01:00,[60],[33.962326]
2025-11-11T02:41:00+01:00,[60],[33.962334]
2025-11-11T02:41:01+01:00,[60],[33.962345]
2025-11-11T02:41:02+01:00,[60],[33.962357]
2025-11-11T02:41:03+01:00,[60],[33.962368]
2025-11-11T02:41:04+01:00,[60],[33.962376]
2025-11-11T02:41:05+01:00,[60],[33.962383]
2025-11-11T02:41:06+01:00,[60],[33.962391]
2025-11-11T02:41:07+01:00,[60],[33.962402]
2025-11-11T02:41:08+01:00,[60],[33.962414]
2025-11-11T02:41:09+01:00,[60],[33.962418]
2025-11-11T02:41:10+01:00,[60],[33.962429]
2025-11-11T02:41:11+01:00,[60],[33.962437]
2025-11-11T02:41:12+01:00,[60],[33.962444]
2025-11-11T02:41:13+01:00,[60],[33.962456]
2025-11-11T02:41:14+01:00,[60],[33.96246]
2025-11-11T02:41:15+01:00,[60],[33.962471]
2025-11-11T02:41:16+01:00,[60],[33.962482]
2025-11-11T02:41:17+01:00,[60],[33.96249]
2025-11-11T02:41:18+01:00,[60],[33.962502]
2025-11-11T02:41:19+01:00,[60],[33.962509]
2025-11-11T02:41:20+01:00,[60],[33.962521]
2025-11-11T02:41:21+01:00,[60],[33.962528]
2025-11-11T02:41:22+01:00,[60],[33.96254]
2025-11-11T02:41:23+01:00,[60],[33.962551]
2025-11-11T02:41:24+01:00,[60],[33.962555]
2025-11-11T02:41:25+01:00,[60],[33.96257]
2025-11-11T02:41:26+01:00,[60],[33.962578]
2025-11-11T02:41:27+01:00,[60],[33.962589]
2025-11-11T02:41:28+01:00,[60],[33.962597]
2025-11-11T02:41:29+01:00,[60],[33.962605]
2025-11-11T02:41:30+01:00,[60],[33.96262]
2025-11-11T02:41:31+01:00,[60],[33.962627]
2025-11-11T02:41:32+01:00,[60],[33.962635]
2025-11-11T02:41:33+01:00,[60],[33.962646]
2025-11-11T02:41:34+01:00,[60],[33.962654]
2025-11-11T02:41:35+01:00,[60],[33.962666]
2025-11-11T02:41:36+01:00,[60],[33.962673]
2025-11-11T02:41:37+01:00,[60],[33.962673]
2025-11-11T02:41:38+01:00,[60],[33.962685]
2025-11-11T02:41:39+01:00,[60],[33.9627]
2025-11-11T02:41:40+01:00,[60],[33.962708]
2025-11-11T02:41:41+01:00,[60],[33.962727]
2025-11-11T02:41:42+01:00,[60],[33.962734]
2025-11-11T02:41:43+01:00,[60],[33.962738]
2025-11-11T02:41:44+01:00,[60],[33.962749]
2025-11-11T02:41:45+01:00,[60],[33.962757]
2025-11-11T02:41:46+01:00,[60],[33.962757]
2025-11-11T02:41:47+01:00,[60],[33.962757]
2025-11-11T02:41:48+01:00,[60],[33.962769]
2025-11-11T02:41:49+01:00,[60],[33.962784]
2025-11-11T02:41:50+01:00,[60],[33.962791]
2025-11-11T02:41:51+01:00,[60],[33.962799]
2025-11-11T02:41:52+01:00,[60],[33.962807]
2025-11-11T02:41:53+01:00,[60],[33.962822]
2025-11-11T02:41:54+01:00,[60],[33.962837]
2025-11-11T02:41:55+01:00,[60],[33.962845]
2025-11-11T02:41:56+01:00,[60],[33.962856]
2025-11-11T02:41:57+01:00,[60],[33.962868]
2025-11-11T02:41:58+01:00,[60],[33.962879]
2025-11-11T02:41:59+01:00,[60],[33.962894]
2025-11-11T02:42:00+01:00,[60],[33.962906]
2025-11-11T02:42:01+01:00,[60],[33.962917]
2025-11-11T02:42:02+01:00,[60],[33.962929]
2025-11-11T02:42:03+01:00,[60],[33.962936]
2025-11-11T02:42:04+01:00,[60],[33.962944]
2025-11-11T02:42:05+01:00,[60],[33.962955]
2025-11-11T02:42:06+01:00,[60],[33.962959]
2025-11-11T02:42:07+01:00,[60],[33.962959]
2025-11-11T02:42:08+01:00,[60],[33.962959]
2025-11-11T02:42:09+01:00,[60],[33.962963]
2025-11-11T02:42:10+01:00,[60],[33.962963]
2025-11-11T02:42:11+01:00,[60],[33.962967]
2025-11-11T02:42:12+01:00,[60],[33.962963]
2025-11-11T02:42:13+01:00,[60],[33.962963]
2025-11-11T02:42:14+01:00,[60],[33.962963]
2025-11-11T02:42:15+01:00,[60],[33.962963]
2025-11-11T02:42:16+01:00,[60],[33.962959]
2025-11-11T02:42:17+01:00,[60],[33.962959]
2025-11-11T02:42:18+01:00,[60],[33.962955]
2025-11-11T02:42:19+01:00,[60],[33.962959]
2025-11-11T02:42:20+01:00,[60],[33.962959]
2025-11-11T02:42:21+01:00,[60],[33.962963]
2025-11-11T02:42:22+01:00,[60],[33.962963]
2025-11-11T02:42:23+01:00,[60],[33.962967]
2025-11-11T02:42:24+01:00,[60],[33.962971]
2025-11-11T02:42:25+01:00,[60],[33.962978]
2025-11-11T02:42:26+01:00,[60],[33.96299]
2025-11-11T02:42:27+01:00,[60],[33.963005]
2025-11-11T02:42:28+01:00,[60],[33.963009]
2025-11-11T02:42:29+01:00,[60],[33.963017]
2025-11-11T02:42:30+01:00,[60],[33.963028]
2025-11-11T02:42:31+01:00,[60],[33.963036]
2025-11-11T02:42:32+01:00,[60],[33.963039]
2025-11-11T02:42:33+01:00,[60],[33.963047]
2025-11-11T02:42:34+01:00,[60],[33.963055]
2025-11-11T02:42:35+01:00,[60],[33.963055]
2025-11-11T02:42:36+01:00,[60],[33.963062]
2025-11-11T02:42:37+01:00,[60],[33.96307]
2025-11-11T02:42:38+01:00,[60],[33.963078]
2025-11-11T02:42:39+01:00,[60],[33.963085]
2025-11-11T02:42:40+01:00,[60],[33.963093]
2025-11-11T02:42:41+01:00,[60],[33.9631]
2025-11-11T02:42:42+01:00,[60],[33.963104]
2025-11-11T02:42:43+01:00,[60],[33.963104]
2025-11-11T02:42:44+01:00,[60],[33.963104]
2025-11-11T02:42:45+01:00,[60],[33.963108]
2025-11-11T02:42:46+01:00,[60],[33.963108]
2025-11-11T02:42:47+01:00,[60],[33.963104]
2025-11-11T02:42:48+01:00,[60],[33.963108]
2025-11-11T02:42:49+01:00,[60],[33.963112]
2025-11-11T02:42:50+01:00,[60],[33.963108]
2025-11-11T02:42:51+01:00,[60],[33.963108]
2025-11-11T02:42:52+01:00,[60],[33.963108]
2025-11-11T02:42:53+01:00,[60],[33.963108]
2025-11-11T02:42:54+01:00,[60],[33.963108]
2025-11-11T02:42:55+01:00,[60],[33.963104]
2025-11-11T02:42:56+01:00,[60],[33.963108]
2025-11-11T02:42:57+01:00,[60],[33.963104]
2025-11-11T02:42:58+01:00,[60],[33.9631]
2025-11-11T02:42:59+01:00,[60],[33.9631]
2025-11-11T02:43:00+01:00,[60],[33.9631]
2025-11-11T02:43:01+01:00,[60],[33.963097]
2025-11-11T02:43:02+01:00,[60],[33.9631]
2025-11-11T02:43:03+01:00,[60],[33.963097]
2025-11-11T02:43:04+01:00,[60],[33.963093]
2025-11-11T02:43:05+01:00,[60],[33.963093]
2025-11-11T02:43:06+01:00,[60],[33.963093]
2025-11-11T02:43:07+01:00,[60],[33.963093]
2025-11-11T02:43:08+01:00,[60],[33.963093]
2025-11-11T02:43:09+01:00,[60],[33.963097]
2025-11-11T02:43:10+01:00,[60],[33.963097]
2025-11-11T02:43:11+01:00,[60],[33.963093]
2025-11-11T02:43:12+01:00,[60],[33.963085]
2025-11-11T02:43:13+01:00,[60],[33.963081]
2025-11-11T02:43:14+01:00,[60],[33.963085]
2025-11-11T02:43:15+01:00,[60],[33.963085]
2025-11-11T02:43:16+01:00,[60],[33.963081]
2025-11-11T02:43:17+01:00,[60],[33.963081]
2025-11-11T02:43:18+01:00,[60],[33.963081]
2025-11-11T02:43:19+01:00,[60],[33.963081]
2025-11-11T02:43:20+01:00,[60],[33.963078]
2025-11-11T02:43:21+01:00,[60],[33.963078]
2025-11-11T02:43:22+01:00,[60],[33.963078]
2025-11-11T02:43:23+01:00,[60],[33.963081]
2025-11-11T02:43:24+01:00,[60],[33.963081]
2025-11-11T02:43:25+01:00,[60],[33.963081]
2025-11-11T02:43:26+01:00,[60],[33.963078]
2025-11-11T02:43:27+01:00,[60],[33.963078]
2025-11-11T02:43:28+01:00,[60],[33.963078]
2025-11-11T02:43:29+01:00,[60],[33.963078]
2025-11-11T02:43:30+01:00,[60],[33.963074]
2025-11-11T02:43:31+01:00,[60],[33.963074]
2025-11-11T02:43:32+01:00,[60],[33.96307]
2025-11-11T02:43:33+01:00,[60],[33.963066]
2025-11-11T02:43:34+01:00,[60],[33.963066]
2025-11-11T02:43:35+01:00,[60],[33.96307]
2025-11-11T02:43:36+01:00,[60],[33.96307]
2025-11-11T02:43:37+01:00,[60],[33.963074]
2025-11-11T02:43:38+01:00,[60],[33.96307]
2025-11-11T02:43:39+01:00,[60],[33.96307]
2025-11-11T02:43:40+01:00,[60],[33.96307]
2025-11-11T02:43:41+01:00,[60],[33.96307]
2025-11-11T02:43:42+01:00,[60],[33.963066]
2025-11-11T02:43:43+01:00,[60],[33.963066]
2025-11-11T02:43:44+01:00,[60],[33.963062]
2025-11-11T02:43:45+01:00,[60],[33.963058]
2025-11-11T02:43:46+01:00,[60],[33.963058]
2025-11-11T02:43:47+01:00,[60],[33.963055]
2025-11-11T02:43:48+01:00,[60],[33.963051]
2025-11-11T02:43:49+01:00,[60],[33.963047]
2025-11-11T02:43:50+01:00,[60],[33.963043]
2025-11-11T02:43:51+01:00,[60],[33.963047]
2025-11-11T02:43:52+01:00,[60],[33.963047]
2025-11-11T02:43:53+01:00,[60],[33.963047]
2025-11-11T02:43:54+01:00,[60],[33.963047]
2025-11-11T02:43:55+01:00,[60],[33.963047]
2025-11-11T02:43:56+01:00,[60],[33.963043]
2025-11-11T02:43:57+01:00,[60],[33.963043]
2025-11-11T02:43:58+01:00,[60],[33.963043]
2025-11-11T02:43:59+01:00,[60],[33.963043]
2025-11-11T02:44:00+01:00,[60],[33.963047]
2025-11-11T02:44:01+01:00,[60],[33.963043]
2025-11-11T02:44:02+01:00,[60],[33.963043]
2025-11-11T02:44:03+01:00,[60],[33.963039]
2025-11-11T02:44:04+01:00,[60],[33.963039]
2025-11-11T02:44:05+01:00,[60],[33.963032]
2025-11-11T02:44:06+01:00,[60],[33.963032]
2025-11-11T02:44:07+01:00,[60],[33.963036]
2025-11-11T02:44:08+01:00,[60],[33.963036]
2025-11-11T02:44:09+01:00,[60],[33.963036]
2025-11-11T02:44:10+01:00,[60],[33.963036]
2025-11-11T02:44:11+01:00,[60],[33.963039]
2025-11-11T02:44:12+01:00,[60],[33.963039]
2025-11-11T02:44:13+01:00,[60],[33.963039]
2025-11-11T02:44:14+01:00,[60],[33.963039]
2025-11-11T02:44:15+01:00,[60],[33.963043]
2025-11-11T02:44:16+01:00,[60],[33.963043]
2025-11-11T02:44:17+01:00,[60],[33.963043]
2025-11-11T02:44:18+01:00,[60],[33.963039]
2025-11-11T02:44:19+01:00,[60],[33.963047]
2025-11-11T02:44:20+01:00,[60],[33.963043]
2025-11-11T02:44:21+01:00,[60],[33.963039]
2025-11-11T02:44:22+01:00,[60],[33.963043]
2025-11-11T02:44:23+01:00,[60],[33.963043]
2025-11-11T02:44:24+01:00,[60],[33.963043]
2025-11-11T02:44:25+01:00,[60],[33.963043]
2025-11-11T02:44:26+01:00,[60],[33.963051]
2025-11-11T02:44:27+01:00,[60],[33.963043]
2025-11-11T02:44:28+01:00,[60],[33.963043]
2025-11-11T02:44:29+01:00,[60],[33.963051]
2025-11-11T02:44:30+01:00,[60],[33.963043]
2025-11-11T02:44:31+01:00,[60],[33.963043]
2025-11-11T02:44:32+01:00,[60],[33.963047]
2025-11-11T02:44:33+01:00,[60],[33.963043]
2025-11-11T02:44:34+01:00,[60],[33.963039]
2025-11-11T02:44:35+01:00,[60],[33.963039]
2025-11-11T02:44:36+01:00,[60],[33.963039]
2025-11-11T02:44:37+01:00,[60],[33.963036]
2025-11-11T02:44:38+01:00,[60],[33.963036]
2025-11-11T02:44:39+01:00,[60],[33.963032]
2025-11-11T02:44:40+01:00,[60],[33.963032]
2025-11-11T02:44:41+01:00,[60],[33.963032]
2025-11-11T02:44:42+01:00,[60],[33.963032]
2025-11-11T02:44:43+01:00,[60],[33.963028]
2025-11-11T02:44:44+01:00,[60],[33.963028]
2025-11-11T02:44:45+01:00,[60],[33.963028]
2025-11-11T02:44:46+01:00,[60],[33.963028]
2025-11-11T02:44:47+01:00,[60],[33.963032]
2025-11-11T02:44:48+01:00,[60],[33.963032]
2025-11-11T02:44:49+01:00,[60],[33.963028]
2025-11-11T02:44:50+01:00,[60],[33.96302]
2025-11-11T02:44:51+01:00,[60],[33.963013]
2025-11-11T02:44:52+01:00,[60],[33.963013]
2025-11-11T02:44:53+01:00,[60],[33.963017]
2025-11-11T02:44:54+01:00,[60],[33.963017]
2025-11-11T02:44:55+01:00,[60],[33.963017]
2025-11-11T02:44:56+01:00,[60],[33.963017]
2025-11-11T02:44:57+01:00,[60],[33.963013]
2025-11-11T02:44:58+01:00,[60],[33.963009]
2025-11-11T02:44:59+01:00,[60],[33.963009]
2025-11-11T02:45:00+01:00,[60],[33.963005]
2025-11-11T02:45:01+01:00,[60],[33.963001]
2025-11-11T02:45:02+01:00,[60],[33.963001]
2025-11-11T02:45:03+01:00,[60],[33.962997]
2025-11-11T02:45:04+01:00,[60],[33.962994]
2025-11-11T02:45:05+01:00,[60],[33.96299]
2025-11-11T02:45:06+01:00,[60],[33.96299]
2025-11-11T02:45:07+01:00,[60],[33.962986]
2025-11-11T02:45:08+01:00,[60],[33.962982]
2025-11-11T02:45:09+01:00,[60],[33.962975]
2025-11-11T02:45:10+01:00,[60],[33.962971]
2025-11-11T02:45:11+01:00,[60],[33.962967]
2025-11-11T02:45:12+01:00,[60],[33.962963]
2025-11-11T02:45:13+01:00,[60],[33.962959]
2025-11-11T02:45:14+01:00,[60],[33.962959]
2025-11-11T02:45:15+01:00,[60],[33.962955]
2025-11-11T02:45:16+01:00,[60],[33.962952]
2025-11-11T02:45:17+01:00,[60],[33.962948]
2025-11-11T02:45:18+01:00,[60],[33.962944]
2025-11-11T02:45:19+01:00,[60],[33.96294]
2025-11-11T02:45:20+01:00,[60],[33.962936]
2025-11-11T02:45:21+01:00,[60],[33.962933]
2025-11-11T02:45:22+01:00,[60],[33.962929]
2025-11-11T02:45:23+01:00,[60],[33.962925]
2025-11-11T02:45:24+01:00,[60],[33.962921]
2025-11-11T02:45:25+01:00,[60],[33.962921]
2025-11-11T02:45:26+01:00,[60],[33.962917]
2025-11-11T02:45:27+01:00,[60],[33.96291]
2025-11-11T02:45:28+01:00,[60],[33.962894]
2025-11-11T02:45:29+01:00,[60],[33.962891]
2025-11-11T02:45:30+01:00,[60],[33.962887]
2025-11-11T02:45:31+01:00,[60],[33.962887]
2025-11-11T02:45:32+01:00,[60],[33.962894]
2025-11-11T02:45:33+01:00,[60],[33.962906]
2025-11-11T02:45:34+01:00,[60],[33.962894]
2025-11-11T02:45:35+01:00,[60],[33.962879]
2025-11-11T02:45:36+01:00,[60],[33.962875]
2025-11-11T02:45:37+01:00,[60],[33.962879]
2025-11-11T02:45:38+01:00,[60],[33.962875]
2025-11-11T02:45:39+01:00,[60],[33.962872]
2025-11-11T02:45:40+01:00,[60],[33.962868]
2025-11-11T02:45:41+01:00,[60],[33.962872]
2025-11-11T02:45:42+01:00,[60],[33.962864]
2025-11-11T02:45:43+01:00,[60],[33.96286]
2025-11-11T02:45:44+01:00,[60],[33.962864]
2025-11-11T02:45:45+01:00,[60],[33.962856]
2025-11-11T02:45:46+01:00,[60],[33.962852]
2025-11-11T02:45:47+01:00,[60],[33.962849]
2025-11-11T02:45:48+01:00,[60],[33.962849]
2025-11-11T02:45:49+01:00,[60],[33.962849]
2025-11-11T02:45:50+01:00,[60],[33.962845]
2025-11-11T02:45:51+01:00,[60],[33.962841]
2025-11-11T02:45:52+01:00,[60],[33.962833]
2025-11-11T02:45:53+01:00,[60],[33.96283]
2025-11-11T02:45:54+01:00,[60],[33.962826]
2025-11-11T02:45:55+01:00,[60],[33.962826]
2025-11-11T02:45:56+01:00,[60],[33.962822]
2025-11-11T02:45:57+01:00,[60],[33.962818]
2025-11-11T02:45:58+01:00,[60],[33.962814]
2025-11-11T02:45:59+01:00,[60],[33.962811]
2025-11-11T02:46:00+01:00,[60],[33.962803]
2025-11-11T02:46:01+01:00,[60],[33.962799]
2025-11-11T02:46:02+01:00,[60],[33.962799]
2025-11-11T02:46:03+01:00,[60],[33.962795]
2025-11-11T02:46:04+01:00,[60],[33.962791]
2025-11-11T02:46:05+01:00,[60],[33.962788]
2025-11-11T02:46:06+01:00,[60],[33.962784]
2025-11-11T02:46:07+01:00,[60],[33.96278]
2025-11-11T02:46:08+01:00,[60],[33.962776]
2025-11-11T02:46:09+01:00,[60],[33.962772]
2025-11-11T02:46:10+01:00,[60],[33.962769]
2025-11-11T02:46:11+01:00,[60],[33.962769]
2025-11-11T02:46:12+01:00,[60],[33.962769]
2025-11-11T02:46:13+01:00,[60],[33.962765]
2025-11-11T02:46:14+01:00,[60],[33.962757]
2025-11-11T02:46:15+01:00,[60],[33.962753]
2025-11-11T02:46:16+01:00,[60],[33.962749]
2025-11-11T02:46:17+01:00,[60],[33.962746]
2025-11-11T02:46:18+01:00,[60],[33.962746]
2025-11-11T02:46:19+01:00,[60],[33.962742]
2025-11-11T02:46:20+01:00,[60],[33.962742]
2025-11-11T02:46:21+01:00,[60],[33.962738]
2025-11-11T02:46:22+01:00,[60],[33.962734]
2025-11-11T02:46:23+01:00,[60],[33.962727]
2025-11-11T02:46:24+01:00,[60],[33.962727]
2025-11-11T02:46:25+01:00,[60],[33.962723]
2025-11-11T02:46:26+01:00,[60],[33.962723]
2025-11-11T02:46:27+01:00,[60],[33.962715]
2025-11-11T02:46:28+01:00,[60],[33.962711]
2025-11-11T02:46:29+01:00,[60],[33.962711]
2025-11-11T02:46:30+01:00,[60],[33.962708]
2025-11-11T02:46:31+01:00,[60],[33.962704]
2025-11-11T02:46:32+01:00,[60],[33.9627]
2025-11-11T02:46:33+01:00,[60],[33.962696]
2025-11-11T02:46:34+01:00,[60],[33.962692]
2025-11-11T02:46:35+01:00,[60],[33.962685]
2025-11-11T02:46:36+01:00,[60],[33.962681]
2025-11-11T02:46:37+01:00,[60],[33.962681]
2025-11-11T02:46:38+01:00,[60],[33.962673]
2025-11-11T02:46:39+01:00,[60],[33.962677]
2025-11-11T02:46:40+01:00,[60],[33.962685]
2025-11-11T02:46:41+01:00,[60],[33.9627]
2025-11-11T02:46:42+01:00,[60],[33.962715]
2025-11-11T02:46:43+01:00,[60],[33.962727]
2025-11-11T02:46:44+01:00,[60],[33.962738]
2025-11-11T02:46:45+01:00,[60],[33.962742]
2025-11-11T02:46:46+01:00,[60],[33.962753]
2025-11-11T02:46:47+01:00,[60],[33.962765]
2025-11-11T02:46:48+01:00,[60],[33.962784]
2025-11-11T02:46:49+01:00,[60],[33.962788]
2025-11-11T02:46:50+01:00,[60],[33.962799]
2025-11-11T02:46:51+01:00,[60],[33.962807]
2025-11-11T02:46:52+01:00,[60],[33.962822]
2025-11-11T02:46:53+01:00,[60],[33.962833]
2025-11-11T02:46:54+01:00,[60],[33.962849]
2025-11-11T02:46:55+01:00,[60],[33.962864]
2025-11-11T02:46:56+01:00,[60],[33.962879]
2025-11-11T02:46:57+01:00,[60],[33.962891]
2025-11-11T02:46:58+01:00,[60],[33.962902]
2025-11-11T02:46:59+01:00,[60],[33.962914]
2025-11-11T02:47:00+01:00,[60],[33.962925]
2025-11-11T02:47:01+01:00,[60],[33.962933]
2025-11-11T02:47:02+01:00,[60],[33.962936]
2025-11-11T02:47:03+01:00,[60],[33.962936]
2025-11-11T02:47:04+01:00,[60],[33.962936]
2025-11-11T02:47:05+01:00,[60],[33.962936]
2025-11-11T02:47:06+01:00,[60],[33.962936]
2025-11-11T02:47:07+01:00,[60],[33.962929]
2025-11-11T02:47:08+01:00,[60],[33.962929]
2025-11-11T02:47:09+01:00,[60],[33.962925]
2025-11-11T02:47:10+01:00,[60],[33.962925]
2025-11-11T02:47:11+01:00,[60],[33.962929]
2025-11-11T02:47:12+01:00,[60],[33.962933]
2025-11-11T02:47:13+01:00,[60],[33.962936]
2025-11-11T02:47:14+01:00,[60],[33.962933]
2025-11-11T02:47:15+01:00,[60],[33.96294]
2025-11-11T02:47:16+01:00,[60],[33.962948]
2025-11-11T02:47:17+01:00,[60],[33.962959]
2025-11-11T02:47:18+01:00,[60],[33.962967]
2025-11-11T02:47:19+01:00,[60],[33.962975]
2025-11-11T02:47:20+01:00,[60],[33.962978]
2025-11-11T02:47:21+01:00,[60],[33.96299]
2025-11-11T02:47:22+01:00,[60],[33.963005]
2025-11-11T02:47:23+01:00,[60],[33.963005]
2025-11-11T02:47:24+01:00,[60],[33.963009]
2025-11-11T02:47:25+01:00,[60],[33.963013]
2025-11-11T02:47:26+01:00,[60],[33.96302]
2025-11-11T02:47:27+01:00,[60],[33.963028]
2025-11-11T02:47:28+01:00,[60],[33.963032]
2025-11-11T02:47:29+01:00,[60],[33.963036]
2025-11-11T02:47:30+01:00,[60],[33.963039]
2025-11-11T02:47:31+01:00,[60],[33.963043]
2025-11-11T02:47:32+01:00,[60],[33.963043]
2025-11-11T02:47:33+01:00,[60],[33.963051]
2025-11-11T02:47:34+01:00,[60],[33.963055]
2025-11-11T02:47:35+01:00,[60],[33.963058]
2025-11-11T02:47:36+01:00,[60],[33.963058]
2025-11-11T02:47:37+01:00,[60],[33.963058]
2025-11-11T02:47:38+01:00,[60],[33.963062]
2025-11-11T02:47:39+01:00,[60],[33.963062]
2025-11-11T02:47:40+01:00,[60],[33.963062]
2025-11-11T02:47:41+01:00,[60],[33.963062]
2025-11-11T02:47:42+01:00,[60],[33.963055]
2025-11-11T02:47:43+01:00,[60],[33.963058]
2025-11-11T02:47:44+01:00,[60],[33.963058]
2025-11-11T02:47:45+01:00,[60],[33.963058]
2025-11-11T02:47:46+01:00,[60],[33.963051]
2025-11-11T02:47:47+01:00,[60],[33.963051]
2025-11-11T02:47:48+01:00,[60],[33.963051]
2025-11-11T02:47:49+01:00,[60],[33.963047]
2025-11-11T02:47:50+01:00,[60],[33.963039]
2025-11-11T02:47:51+01:00,[60],[33.963032]
2025-11-11T02:47:52+01:00,[60],[33.96302]
2025-11-11T02:47:53+01:00,[60],[33.963005]
2025-11-11T02:47:54+01:00,[60],[33.962994]
2025-11-11T02:47:55+01:00,[60],[33.962986]
2025-11-11T02:47:56+01:00,[60],[33.962982]
2025-11-11T02:47:57+01:00,[60],[33.962963]
2025-11-11T02:47:58+01:00,[60],[33.962952]
2025-11-11T02:47:59+01:00,[60],[33.962936]
2025-11-11T02:48:00+01:00,[60],[33.962925]
2025-11-11T02:48:01+01:00,[60],[33.962914]
2025-11-11T02:48:02+01:00,[60],[33.962898]
2025-11-11T02:48:03+01:00,[60],[33.962887]
2025-11-11T02:48:04+01:00,[60],[33.962872]
2025-11-11T02:48:05+01:00,[60],[33.96286]
2025-11-11T02:48:06+01:00,[60],[33.962849]
2025-11-11T02:48:07+01:00,[60],[33.962837]
2025-11-11T02:48:08+01:00,[60],[33.962822]
2025-11-11T02:48:09+01:00,[60],[33.962811]
2025-11-11T02:48:10+01:00,[60],[33.962803]
2025-11-11T02:48:11+01:00,[60],[33.962791]
2025-11-11T02:48:12+01:00,[60],[33.96278]
2025-11-11T02:48:13+01:00,[60],[33.962765]
2025-11-11T02:48:14+01:00,[60],[33.962753]
2025-11-11T02:48:15+01:00,[60],[33.962738]
2025-11-11T02:48:16+01:00,[60],[33.962727]
2025-11-11T02:48:17+01:00,[60],[33.962719]
2025-11-11T02:48:18+01:00,[60],[33.962708]
2025-11-11T02:48:19+01:00,[60],[33.962688]
2025-11-11T02:48:20+01:00,[60],[33.962677]
2025-11-11T02:48:21+01:00,[60],[33.962662]
2025-11-11T02:48:22+01:00,[60],[33.96265]
2025-11-11T02:48:23+01:00,[60],[33.962635]
2025-11-11T02:48:24+01:00,[60],[33.962624]
2025-11-11T02:48:25+01:00,[60],[33.962616]
2025-11-11T02:48:26+01:00,[60],[33.962597]
2025-11-11T02:48:27+01:00,[60],[33.962589]
2025-11-11T02:48:28+01:00,[60],[33.962578]
2025-11-11T02:48:29+01:00,[60],[33.962566]
2025-11-11T02:48:30+01:00,[60],[33.962551]
2025-11-11T02:48:31+01:00,[60],[33.962536]
2025-11-11T02:48:32+01:00,[60],[33.962532]
2025-11-11T02:48:33+01:00,[60],[33.962521]
2025-11-11T02:48:34+01:00,[60],[33.962505]
2025-11-11T02:48:35+01:00,[60],[33.962494]
2025-11-11T02:48:36+01:00,[60],[33.962482]
2025-11-11T02:48:37+01:00,[60],[33.962471]
2025-11-11T02:48:38+01:00,[60],[33.96246]
2025-11-11T02:48:39+01:00,[60],[33.962448]
2025-11-11T02:48:40+01:00,[60],[33.962433]
2025-11-11T02:48:41+01:00,[60],[33.962421]
2025-11-11T02:48:42+01:00,[60],[33.962402]
2025-11-11T02:48:43+01:00,[60],[33.962391]
2025-11-11T02:48:44+01:00,[60],[33.962376]
2025-11-11T02:48:45+01:00,[60],[33.96236]
2025-11-11T02:48:46+01:00,[60],[33.962345]
2025-11-11T02:48:47+01:00,[60],[33.962337]
2025-11-11T02:48:48+01:00,[60],[33.962322]
2025-11-11T02:48:49+01:00,[60],[33.962307]
2025-11-11T02:48:50+01:00,[60],[33.962296]
2025-11-11T02:48:51+01:00,[60],[33.962288]
2025-11-11T02:48:52+01:00,[60],[33.962276]
2025-11-11T02:48:53+01:00,[60],[33.962261]
2025-11-11T02:48:54+01:00,[60],[33.96225]
2025-11-11T02:48:55+01:00,[60],[33.962234]
2025-11-11T02:48:56+01:00,[60],[33.962219]
2025-11-11T02:48:57+01:00,[60],[33.962208]
2025-11-11T02:48:58+01:00,[60],[33.962196]
2025-11-11T02:48:59+01:00,[60],[33.962189]
2025-11-11T02:49:00+01:00,[60],[33.962181]
2025-11-11T02:49:01+01:00,[60],[33.962173]
2025-11-11T02:49:02+01:00,[60],[33.962154]
2025-11-11T02:49:03+01:00,[60],[33.962143]
2025-11-11T02:49:04+01:00,[60],[33.962128]
2025-11-11T02:49:05+01:00,[60],[33.962112]
2025-11-11T02:49:06+01:00,[60],[33.962101]
2025-11-11T02:49:07+01:00,[60],[33.96209]
2025-11-11T02:49:08+01:00,[60],[33.962082]
2025-11-11T02:49:09+01:00,[60],[33.962063]
2025-11-11T02:49:10+01:00,[60],[33.962051]
2025-11-11T02:49:11+01:00,[60],[33.962032]
2025-11-11T02:49:12+01:00,[60],[33.962025]
2025-11-11T02:49:13+01:00,[60],[33.962013]
2025-11-11T02:49:14+01:00,[60],[33.962002]
2025-11-11T02:49:15+01:00,[60],[33.961987]
2025-11-11T02:49:16+01:00,[60],[33.961975]
2025-11-11T02:49:17+01:00,[60],[33.961964]
2025-11-11T02:49:18+01:00,[60],[33.961948]
2025-11-11T02:49:19+01:00,[60],[33.961937]
2025-11-11T02:49:20+01:00,[60],[33.961922]
2025-11-11T02:49:21+01:00,[60],[33.96191]
2025-11-11T02:49:22+01:00,[60],[33.961895]
2025-11-11T02:49:23+01:00,[60],[33.961884]
2025-11-11T02:49:24+01:00,[60],[33.961872]
2025-11-11T02:49:25+01:00,[60],[33.961857]
2025-11-11T02:49:26+01:00,[60],[33.961845]
2025-11-11T02:49:27+01:00,[60],[33.96183]
2025-11-11T02:49:28+01:00,[60],[33.961823]
2025-11-11T02:49:29+01:00,[60],[33.961803]
2025-11-11T02:49:30+01:00,[60],[33.961792]
2025-11-11T02:49:31+01:00,[60],[33.961777]
2025-11-11T02:49:32+01:00,[60],[33.961765]
2025-11-11T02:49:33+01:00,[60],[33.96175]
2025-11-11T02:49:34+01:00,[60],[33.961739]
2025-11-11T02:49:35+01:00,[60],[33.961727]
2025-11-11T02:49:36+01:00,[60],[33.961716]
2025-11-11T02:49:37+01:00,[60],[33.961704]
2025-11-11T02:49:38+01:00,[60],[33.961685]
2025-11-11T02:49:39+01:00,[60],[33.961678]
2025-11-11T02:49:40+01:00,[60],[33.96167]
2025-11-11T02:49:41+01:00,[60],[33.961666]
2025-11-11T02:49:42+01:00,[60],[33.961651]
2025-11-11T02:49:43+01:00,[60],[33.961643]
2025-11-11T02:49:44+01:00,[60],[33.961628]
2025-11-11T02:49:45+01:00,[60],[33.961613]
2025-11-11T02:49:46+01:00,[60],[33.961597]
2025-11-11T02:49:47+01:00,[60],[33.961586]
2025-11-11T02:49:48+01:00,[60],[33.961571]
2025-11-11T02:49:49+01:00,[60],[33.961559]
2025-11-11T02:49:50+01:00,[60],[33.961544]
2025-11-11T02:49:51+01:00,[60],[33.961533]
2025-11-11T02:49:52+01:00,[60],[33.961517]
2025-11-11T02:49:53+01:00,[60],[33.961506]
2025-11-11T02:49:54+01:00,[60],[33.961494]
2025-11-11T02:49:55+01:00,[60],[33.961483]
2025-11-11T02:49:56+01:00,[60],[33.961472]
2025-11-11T02:49:57+01:00,[60],[33.96146]
2025-11-11T02:49:58+01:00,[60],[33.961452]
2025-11-11T02:49:59+01:00,[60],[33.961437]
2025-11-11T02:50:00+01:00,[60],[33.961422]
2025-11-11T02:50:01+01:00,[60],[33.961414]
2025-11-11T02:50:02+01:00,[60],[33.961403]
2025-11-11T02:50:03+01:00,[60],[33.961391]
2025-11-11T02:50:04+01:00,[60],[33.96138]
2025-11-11T02:50:05+01:00,[60],[33.961369]
2025-11-11T02:50:06+01:00,[60],[33.961353]
2025-11-11T02:50:07+01:00,[60],[33.961342]
2025-11-11T02:50:08+01:00,[60],[33.961327]
2025-11-11T02:50:09+01:00,[60],[33.961311]
2025-11-11T02:50:10+01:00,[60],[33.9613]
2025-11-11T02:50:11+01:00,[60],[33.961292]
2025-11-11T02:50:12+01:00,[60],[33.961281]
2025-11-11T02:50:13+01:00,[60],[33.961269]
2025-11-11T02:50:14+01:00,[60],[33.96125]
2025-11-11T02:50:15+01:00,[60],[33.961235]
2025-11-11T02:50:16+01:00,[60],[33.961224]
2025-11-11T02:50:17+01:00,[60],[33.961216]
2025-11-11T02:50:18+01:00,[60],[33.961208]
2025-11-11T02:50:19+01:00,[60],[33.961197]
2025-11-11T02:50:20+01:00,[60],[33.961185]
2025-11-11T02:50:21+01:00,[60],[33.96117]
2025-11-11T02:50:22+01:00,[60],[33.961159]
2025-11-11T02:50:23+01:00,[60],[33.961147]
2025-11-11T02:50:24+01:00,[60],[33.96114]
2025-11-11T02:50:25+01:00,[60],[33.961121]
2025-11-11T02:50:26+01:00,[60],[33.961113]
2025-11-11T02:50:27+01:00,[60],[33.961102]
2025-11-11T02:50:28+01:00,[60],[33.961094]
2025-11-11T02:50:29+01:00,[60],[33.961082]
2025-11-11T02:50:30+01:00,[60],[33.961071]
2025-11-11T02:50:31+01:00,[60],[33.961063]
2025-11-11T02:50:32+01:00,[60],[33.961048]
2025-11-11T02:50:33+01:00,[60],[33.961037]
2025-11-11T02:50:34+01:00,[60],[33.961033]
2025-11-11T02:50:35+01:00,[60],[33.961025]
2025-11-11T02:50:36+01:00,[60],[33.961018]
2025-11-11T02:50:37+01:00,[60],[33.961002]
2025-11-11T02:50:38+01:00,[60],[33.960991]
2025-11-11T02:50:39+01:00,[60],[33.960983]
2025-11-11T02:50:40+01:00,[60],[33.960976]
2025-11-11T02:50:41+01:00,[60],[33.960964]
2025-11-11T02:50:42+01:00,[60],[33.960953]
2025-11-11T02:50:43+01:00,[60],[33.960941]
2025-11-11T02:50:44+01:00,[60],[33.96093]
2025-11-11T02:50:45+01:00,[60],[33.960926]
2025-11-11T02:50:46+01:00,[60],[33.960915]
2025-11-11T02:50:47+01:00,[60],[33.960907]
2025-11-11T02:50:48+01:00,[60],[33.960899]
2025-11-11T02:50:49+01:00,[60],[33.960884]
2025-11-11T02:50:50+01:00,[60],[33.960876]
2025-11-11T02:50:51+01:00,[60],[33.960869]
2025-11-11T02:50:52+01:00,[60],[33.960861]
2025-11-11T02:50:53+01:00,[60],[33.96085]
2025-11-11T02:50:54+01:00,[60],[33.960842]
2025-11-11T02:50:55+01:00,[60],[33.960835]
2025-11-11T02:50:56+01:00,[60],[33.960831]
2025-11-11T02:50:57+01:00,[60],[33.960819]
2025-11-11T02:50:58+01:00,[60],[33.960808]
2025-11-11T02:50:59+01:00,[60],[33.9608]
2025-11-11T02:51:00+01:00,[60],[33.960789]
2025-11-11T02:51:01+01:00,[60],[33.960785]
2025-11-11T02:51:02+01:00,[60],[33.960773]
2025-11-11T02:51:03+01:00,[60],[33.960762]
2025-11-11T02:51:04+01:00,[60],[33.960751]
2025-11-11T02:51:05+01:00,[60],[33.960747]
2025-11-11T02:51:06+01:00,[60],[33.960739]
2025-11-11T02:51:07+01:00,[60],[33.960728]
2025-11-11T02:51:08+01:00,[60],[33.960716]
2025-11-11T02:51:09+01:00,[60],[33.960705]
2025-11-11T02:51:10+01:00,[60],[33.960697]
2025-11-11T02:51:11+01:00,[60],[33.96069]
2025-11-11T02:51:12+01:00,[60],[33.960678]
2025-11-11T02:51:13+01:00,[60],[33.96067]
2025-11-11T02:51:14+01:00,[60],[33.960663]
2025-11-11T02:51:15+01:00,[60],[33.960655]
2025-11-11T02:51:16+01:00,[60],[33.960648]
2025-11-11T02:51:17+01:00,[60],[33.96064]
2025-11-11T02:51:18+01:00,[60],[33.960629]
2025-11-11T02:51:19+01:00,[60],[33.960621]
2025-11-11T02:51:20+01:00,[60],[33.960609]
2025-11-11T02:51:21+01:00,[60],[33.960602]
2025-11-11T02:51:22+01:00,[60],[33.96059]
2025-11-11T02:51:23+01:00,[60],[33.960583]
2025-11-11T02:51:24+01:00,[60],[33.960571]
2025-11-11T02:51:25+01:00,[60],[33.960564]
2025-11-11T02:51:26+01:00,[60],[33.960552]
2025-11-11T02:51:27+01:00,[60],[33.960541]
2025-11-11T02:51:28+01:00,[60],[33.960533]
2025-11-11T02:51:29+01:00,[60],[33.960522]
2025-11-11T02:51:30+01:00,[60],[33.960518]
2025-11-11T02:51:31+01:00,[60],[33.960506]
2025-11-11T02:51:32+01:00,[60],[33.960499]
2025-11-11T02:51:33+01:00,[60],[33.960495]
2025-11-11T02:51:34+01:00,[60],[33.960484]
2025-11-11T02:51:35+01:00,[60],[33.960476]
2025-11-11T02:51:36+01:00,[60],[33.960461]
2025-11-11T02:51:37+01:00,[60],[33.960449]
2025-11-11T02:51:38+01:00,[60],[33.960438]
2025-11-11T02:51:39+01:00,[60],[33.96043]
2025-11-11T02:51:40+01:00,[60],[33.960419]
2025-11-11T02:51:41+01:00,[60],[33.960407]
2025-11-11T02:51:42+01:00,[60],[33.960396]
2025-11-11T02:51:43+01:00,[60],[33.960384]
2025-11-11T02:51:44+01:00,[60],[33.960373]
2025-11-11T02:51:45+01:00,[60],[33.960365]
2025-11-11T02:51:46+01:00,[60],[33.960354]
2025-11-11T02:51:47+01:00,[60],[33.960342]
2025-11-11T02:51:48+01:00,[60],[33.960335]
2025-11-11T02:51:49+01:00,[60],[33.960327]
2025-11-11T02:51:50+01:00,[60],[33.960316]
2025-11-11T02:51:51+01:00,[60],[33.960308]
2025-11-11T02:51:52+01:00,[60],[33.9603]
2025-11-11T02:51:53+01:00,[60],[33.960293]
2025-11-11T02:51:54+01:00,[60],[33.960285]
2025-11-11T02:51:55+01:00,[60],[33.960281]
2025-11-11T02:51:56+01:00,[60],[33.96027]
2025-11-11T02:51:57+01:00,[60],[33.960258]
2025-11-11T02:51:58+01:00,[60],[33.960247]
2025-11-11T02:51:59+01:00,[60],[33.960236]
2025-11-11T02:52:00+01:00,[60],[33.96022]
2025-11-11T02:52:01+01:00,[60],[33.960205]
2025-11-11T02:52:02+01:00,[60],[33.960194]
2025-11-11T02:52:03+01:00,[60],[33.960186]
2025-11-11T02:52:04+01:00,[60],[33.960175]
2025-11-11T02:52:05+01:00,[60],[33.960159]
2025-11-11T02:52:06+01:00,[60],[33.960144]
2025-11-11T02:52:07+01:00,[60],[33.960129]
2025-11-11T02:52:08+01:00,[60],[33.960121]
2025-11-11T02:52:09+01:00,[60],[33.96011]
2025-11-11T02:52:10+01:00,[60],[33.960094]
2025-11-11T02:52:11+01:00,[60],[33.960083]
2025-11-11T02:52:12+01:00,[60],[33.960072]
2025-11-11T02:52:13+01:00,[60],[33.960056]
2025-11-11T02:52:14+01:00,[60],[33.960045]
2025-11-11T02:52:15+01:00,[60],[33.960033]
2025-11-11T02:52:16+01:00,[60],[33.960026]
2025-11-11T02:52:17+01:00,[60],[33.960022]
2025-11-11T02:52:19+01:00,[60],[33.960003]
2025-11-11T02:52:20+01:00,[60],[33.959991]
2025-11-11T02:52:21+01:00,[60],[33.959976]
2025-11-11T02:52:22+01:00,[60],[33.959965]
2025-11-11T02:52:23+01:00,[60],[33.959957]
2025-11-11T02:52:24+01:00,[60],[33.959946]
2025-11-11T02:52:25+01:00,[60],[33.95993]
2025-11-11T02:52:26+01:00,[60],[33.959919]
2025-11-11T02:52:27+01:00,[60],[33.959911]
2025-11-11T02:52:28+01:00,[60],[33.9599]
2025-11-11T02:52:29+01:00,[60],[33.959885]
2025-11-11T02:52:30+01:00,[60],[33.959873]
2025-11-11T02:52:31+01:00,[60],[33.959862]
2025-11-11T02:52:32+01:00,[60],[33.95985]
2025-11-11T02:52:33+01:00,[60],[33.959839]
2025-11-11T02:52:34+01:00,[60],[33.959824]
2025-11-11T02:52:35+01:00,[60],[33.959812]
2025-11-11T02:52:36+01:00,[60],[33.959801]
2025-11-11T02:52:37+01:00,[60],[33.959785]
2025-11-11T02:52:38+01:00,[60],[33.959782]
2025-11-11T02:52:39+01:00,[60],[33.95977]
2025-11-11T02:52:40+01:00,[60],[33.959755]
2025-11-11T02:52:41+01:00,[60],[33.959743]
2025-11-11T02:52:42+01:00,[60],[33.959732]
2025-11-11T02:52:43+01:00,[60],[33.959724]
2025-11-11T02:52:44+01:00,[60],[33.959717]
2025-11-11T02:52:45+01:00,[60],[33.959705]
2025-11-11T02:52:46+01:00,[60],[33.959702]
2025-11-11T02:52:47+01:00,[60],[33.959682]
2025-11-11T02:52:48+01:00,[60],[33.959663]
2025-11-11T02:52:49+01:00,[60],[33.959652]
2025-11-11T02:52:50+01:00,[60],[33.959641]
2025-11-11T02:52:51+01:00,[60],[33.959633]
2025-11-11T02:52:52+01:00,[60],[33.959621]
2025-11-11T02:52:53+01:00,[60],[33.959606]
2025-11-11T02:52:54+01:00,[60],[33.959595]
2025-11-11T02:52:55+01:00,[60],[33.959587]
2025-11-11T02:52:56+01:00,[60],[33.959576]
2025-11-11T02:52:57+01:00,[60],[33.95956]
2025-11-11T02:52:58+01:00,[60],[33.959549]
2025-11-11T02:52:59+01:00,[60],[33.959538]
2025-11-11T02:53:00+01:00,[60],[33.95953]
2025-11-11T02:53:01+01:00,[60],[33.959526]
2025-11-11T02:53:02+01:00,[60],[33.959518]
2025-11-11T02:53:03+01:00,[60],[33.959499]
2025-11-11T02:53:04+01:00,[60],[33.959484]
2025-11-11T02:53:05+01:00,[60],[33.959473]
2025-11-11T02:53:06+01:00,[60],[33.959461]
2025-11-11T02:53:07+01:00,[60],[33.95945]
2025-11-11T02:53:08+01:00,[60],[33.959442]
2025-11-11T02:53:09+01:00,[60],[33.959435]
2025-11-11T02:53:10+01:00,[60],[33.959423]
2025-11-11T02:53:11+01:00,[60],[33.959412]
2025-11-11T02:53:12+01:00,[60],[33.9594]
2025-11-11T02:53:13+01:00,[60],[33.959393]
2025-11-11T02:53:14+01:00,[60],[33.959377]
2025-11-11T02:53:15+01:00,[60],[33.959362]
2025-11-11T02:53:16+01:00,[60],[33.959347]
2025-11-11T02:53:17+01:00,[60],[33.959335]
2025-11-11T02:53:18+01:00,[60],[33.959328]
2025-11-11T02:53:19+01:00,[60],[33.95932]
2025-11-11T02:53:20+01:00,[60],[33.959301]
2025-11-11T02:53:21+01:00,[60],[33.95929]
2025-11-11T02:53:22+01:00,[60],[33.959278]
2025-11-11T02:53:23+01:00,[60],[33.95927]
2025-11-11T02:53:24+01:00,[60],[33.959259]
2025-11-11T02:53:25+01:00,[60],[33.959236]
2025-11-11T02:53:26+01:00,[60],[33.959229]
2025-11-11T02:53:27+01:00,[60],[33.959213]
2025-11-11T02:53:28+01:00,[60],[33.959198]
2025-11-11T02:53:29+01:00,[60],[33.959187]
2025-11-11T02:53:30+01:00,[60],[33.959175]
2025-11-11T02:53:31+01:00,[60],[33.959156]
2025-11-11T02:53:32+01:00,[60],[33.959145]
2025-11-11T02:53:33+01:00,[60],[33.959129]
2025-11-11T02:53:34+01:00,[60],[33.959118]
2025-11-11T02:53:35+01:00,[60],[33.959103]
2025-11-11T02:53:36+01:00,[60],[33.959095]
2025-11-11T02:53:37+01:00,[60],[33.959087]
2025-11-11T02:53:38+01:00,[60],[33.959084]
2025-11-11T02:53:39+01:00,[60],[33.959072]
2025-11-11T02:53:40+01:00,[60],[33.959057]
2025-11-11T02:53:41+01:00,[60],[33.959049]
2025-11-11T02:53:42+01:00,[60],[33.959038]
2025-11-11T02:53:43+01:00,[60],[33.959026]
2025-11-11T02:53:44+01:00,[60],[33.959011]
2025-11-11T02:53:45+01:00,[60],[33.959]
2025-11-11T02:53:46+01:00,[60],[33.958984]
2025-11-11T02:53:47+01:00,[60],[33.958973]
2025-11-11T02:53:48+01:00,[60],[33.958958]
2025-11-11T02:53:49+01:00,[60],[33.958946]
2025-11-11T02:53:50+01:00,[60],[33.958946]
2025-11-11T02:53:51+01:00,[60],[33.958939]
2025-11-11T02:53:52+01:00,[60],[33.958912]
2025-11-11T02:53:53+01:00,[60],[33.9589]
2025-11-11T02:53:54+01:00,[60],[33.958893]
2025-11-11T02:53:55+01:00,[60],[33.958878]
2025-11-11T02:53:56+01:00,[60],[33.958862]
2025-11-11T02:53:57+01:00,[60],[33.958851]
2025-11-11T02:53:58+01:00,[60],[33.958839]
2025-11-11T02:53:59+01:00,[60],[33.958836]
2025-11-11T02:54:00+01:00,[60],[33.958824]
2025-11-11T02:54:01+01:00,[60],[33.958809]
2025-11-11T02:54:02+01:00,[60],[33.958797]
2025-11-11T02:54:03+01:00,[60],[33.958786]
2025-11-11T02:54:04+01:00,[60],[33.958775]
2025-11-11T02:54:05+01:00,[60],[33.958759]
2025-11-11T02:54:06+01:00,[60],[33.958748]
2025-11-11T02:54:07+01:00,[60],[33.958736]
2025-11-11T02:54:08+01:00,[60],[33.958721]
2025-11-11T02:54:09+01:00,[60],[33.95871]
2025-11-11T02:54:10+01:00,[60],[33.958702]
2025-11-11T02:54:11+01:00,[60],[33.958691]
2025-11-11T02:54:12+01:00,[60],[33.958679]
2025-11-11T02:54:13+01:00,[60],[33.958672]
2025-11-11T02:54:14+01:00,[60],[33.958664]
2025-11-11T02:54:15+01:00,[60],[33.95866]
2025-11-11T02:54:16+01:00,[60],[33.958645]
2025-11-11T02:54:17+01:00,[60],[33.95863]
2025-11-11T02:54:18+01:00,[60],[33.958618]
2025-11-11T02:54:19+01:00,[60],[33.958607]
2025-11-11T02:54:20+01:00,[60],[33.958599]
2025-11-11T02:54:21+01:00,[60],[33.958588]
2025-11-11T02:54:22+01:00,[60],[33.95858]
2025-11-11T02:54:23+01:00,[60],[33.958572]
2025-11-11T02:54:25+01:00,[60],[33.958569]
2025-11-11T02:54:26+01:00,[60],[33.958561]
2025-11-11T02:54:27+01:00,[60],[33.958553]
2025-11-11T02:54:28+01:00,[60],[33.958542]
2025-11-11T02:54:29+01:00,[60],[33.958534]
2025-11-11T02:54:30+01:00,[60],[33.958534]
2025-11-11T02:54:31+01:00,[60],[33.958519]
2025-11-11T02:54:32+01:00,[60],[33.958504]
2025-11-11T02:54:33+01:00,[60],[33.958492]
2025-11-11T02:54:34+01:00,[60],[33.958492]
2025-11-11T02:54:35+01:00,[60],[33.958492]
2025-11-11T02:54:36+01:00,[60],[33.958481]
2025-11-11T02:54:37+01:00,[60],[33.958462]
2025-11-11T02:54:38+01:00,[60],[33.958443]
2025-11-11T02:54:39+01:00,[60],[33.958427]
2025-11-11T02:54:40+01:00,[60],[33.958416]
2025-11-11T02:54:41+01:00,[60],[33.958405]
2025-11-11T02:54:42+01:00,[60],[33.958397]
2025-11-11T02:54:43+01:00,[60],[33.958385]
2025-11-11T02:54:44+01:00,[60],[33.95837]
2025-11-11T02:54:45+01:00,[60],[33.958359]
2025-11-11T02:54:46+01:00,[60],[33.958351]
2025-11-11T02:54:47+01:00,[60],[33.95834]
2025-11-11T02:54:48+01:00,[60],[33.958328]
2025-11-11T02:54:49+01:00,[60],[33.958313]
2025-11-11T02:54:50+01:00,[60],[33.958302]
2025-11-11T02:54:51+01:00,[60],[33.95829]
2025-11-11T02:54:52+01:00,[60],[33.958279]
2025-11-11T02:54:53+01:00,[60],[33.958286]
2025-11-11T02:54:54+01:00,[60],[33.958302]
2025-11-11T02:54:55+01:00,[60],[33.958321]
2025-11-11T02:54:56+01:00,[60],[33.958336]
2025-11-11T02:54:57+01:00,[60],[33.958351]
2025-11-11T02:54:58+01:00,[60],[33.958363]
2025-11-11T02:54:59+01:00,[60],[33.95837]
2025-11-11T02:55:00+01:00,[60],[33.958374]
2025-11-11T02:55:01+01:00,[60],[33.958378]
2025-11-11T02:55:02+01:00,[60],[33.958385]
2025-11-11T02:55:03+01:00,[60],[33.958393]
2025-11-11T02:55:04+01:00,[60],[33.958397]
2025-11-11T02:55:05+01:00,[60],[33.958397]
2025-11-11T02:55:06+01:00,[60],[33.958397]
2025-11-11T02:55:07+01:00,[60],[33.958397]
2025-11-11T02:55:08+01:00,[60],[33.958393]
2025-11-11T02:55:09+01:00,[60],[33.958393]
2025-11-11T02:55:10+01:00,[60],[33.958397]
2025-11-11T02:55:11+01:00,[60],[33.958397]
2025-11-11T02:55:12+01:00,[60],[33.958405]
2025-11-11T02:55:13+01:00,[60],[33.958408]
2025-11-11T02:55:14+01:00,[60],[33.958412]
2025-11-11T02:55:15+01:00,[60],[33.958412]
2025-11-11T02:55:16+01:00,[60],[33.958412]
2025-11-11T02:55:17+01:00,[60],[33.958408]
2025-11-11T02:55:18+01:00,[60],[33.958405]
2025-11-11T02:55:19+01:00,[60],[33.958405]
2025-11-11T02:55:20+01:00,[60],[33.958408]
2025-11-11T02:55:21+01:00,[60],[33.958408]
2025-11-11T02:55:22+01:00,[60],[33.958408]
2025-11-11T02:55:23+01:00,[60],[33.958405]
2025-11-11T02:55:24+01:00,[60],[33.958401]
2025-11-11T02:55:25+01:00,[60],[33.958408]
2025-11-11T02:55:26+01:00,[60],[33.958412]
2025-11-11T02:55:27+01:00,[60],[33.958416]
2025-11-11T02:55:28+01:00,[60],[33.958412]
2025-11-11T02:55:29+01:00,[60],[33.958408]
2025-11-11T02:55:30+01:00,[60],[33.958408]
2025-11-11T02:55:31+01:00,[60],[33.958412]
2025-11-11T02:55:32+01:00,[60],[33.958416]
2025-11-11T02:55:33+01:00,[60],[33.958416]
2025-11-11T02:55:34+01:00,[60],[33.958416]
2025-11-11T02:55:35+01:00,[60],[33.95842]
2025-11-11T02:55:36+01:00,[60],[33.958416]
2025-11-11T02:55:37+01:00,[60],[33.958412]
2025-11-11T02:55:38+01:00,[60],[33.958412]
2025-11-11T02:55:39+01:00,[60],[33.958412]
2025-11-11T02:55:40+01:00,[60],[33.958408]
2025-11-11T02:55:41+01:00,[60],[33.958401]
2025-11-11T02:55:42+01:00,[60],[33.958397]
2025-11-11T02:55:43+01:00,[60],[33.958385]
2025-11-11T02:55:44+01:00,[60],[33.958374]
2025-11-11T02:55:45+01:00,[60],[33.958363]
2025-11-11T02:55:46+01:00,[60],[33.958359]
2025-11-11T02:55:47+01:00,[60],[33.958347]
2025-11-11T02:55:48+01:00,[60],[33.958336]
2025-11-11T02:55:49+01:00,[60],[33.958328]
2025-11-11T02:55:50+01:00,[60],[33.958321]
2025-11-11T02:55:51+01:00,[60],[33.958309]
2025-11-11T02:55:52+01:00,[60],[33.958294]
2025-11-11T02:55:53+01:00,[60],[33.958282]
2025-11-11T02:55:54+01:00,[60],[33.958271]
2025-11-11T02:55:55+01:00,[60],[33.958256]
2025-11-11T02:55:56+01:00,[60],[33.958241]
2025-11-11T02:55:57+01:00,[60],[33.958233]
2025-11-11T02:55:58+01:00,[60],[33.958225]
2025-11-11T02:55:59+01:00,[60],[33.958214]
2025-11-11T02:56:00+01:00,[60],[33.958206]
2025-11-11T02:56:01+01:00,[60],[33.958195]
2025-11-11T02:56:02+01:00,[60],[33.958187]
2025-11-11T02:56:03+01:00,[60],[33.958183]
2025-11-11T02:56:04+01:00,[60],[33.958176]
2025-11-11T02:56:05+01:00,[60],[33.958168]
2025-11-11T02:56:06+01:00,[60],[33.95816]
2025-11-11T02:56:07+01:00,[60],[33.958153]
2025-11-11T02:56:08+01:00,[60],[33.958149]
2025-11-11T02:56:09+01:00,[60],[33.958145]
2025-11-11T02:56:10+01:00,[60],[33.958138]
2025-11-11T02:56:11+01:00,[60],[33.95813]
2025-11-11T02:56:12+01:00,[60],[33.958122]
2025-11-11T02:56:13+01:00,[60],[33.958115]
2025-11-11T02:56:14+01:00,[60],[33.958111]
2025-11-11T02:56:15+01:00,[60],[33.958103]
2025-11-11T02:56:16+01:00,[60],[33.958096]
2025-11-11T02:56:17+01:00,[60],[33.958088]
2025-11-11T02:56:18+01:00,[60],[33.958084]
2025-11-11T02:56:19+01:00,[60],[33.958073]
2025-11-11T02:56:20+01:00,[60],[33.958061]
2025-11-11T02:56:21+01:00,[60],[33.95805]
2025-11-11T02:56:22+01:00,[60],[33.958042]
2025-11-11T02:56:23+01:00,[60],[33.958035]
2025-11-11T02:56:24+01:00,[60],[33.958023]
2025-11-11T02:56:25+01:00,[60],[33.958015]
2025-11-11T02:56:26+01:00,[60],[33.958008]
2025-11-11T02:56:27+01:00,[60],[33.958]
2025-11-11T02:56:28+01:00,[60],[33.957989]
2025-11-11T02:56:30+01:00,[60],[33.957977]
2025-11-11T02:56:31+01:00,[60],[33.95797]
2025-11-11T02:56:32+01:00,[60],[33.957958]
2025-11-11T02:56:33+01:00,[60],[33.957947]
2025-11-11T02:56:34+01:00,[60],[33.957935]
2025-11-11T02:56:35+01:00,[60],[33.957928]
2025-11-11T02:56:36+01:00,[60],[33.957916]
2025-11-11T02:56:37+01:00,[60],[33.957905]
2025-11-11T02:56:38+01:00,[60],[33.957897]
2025-11-11T02:56:39+01:00,[60],[33.957886]
2025-11-11T02:56:40+01:00,[60],[33.957878]
2025-11-11T02:56:41+01:00,[60],[33.95787]
2025-11-11T02:56:42+01:00,[60],[33.957867]
2025-11-11T02:56:43+01:00,[60],[33.957859]
2025-11-11T02:56:44+01:00,[60],[33.957851]
2025-11-11T02:56:45+01:00,[60],[33.95784]
2025-11-11T02:56:46+01:00,[60],[33.957829]
2025-11-11T02:56:47+01:00,[60],[33.957821]
2025-11-11T02:56:48+01:00,[60],[33.957809]
2025-11-11T02:56:49+01:00,[60],[33.957802]
2025-11-11T02:56:50+01:00,[60],[33.95779]
2025-11-11T02:56:51+01:00,[60],[33.957787]
2025-11-11T02:56:52+01:00,[60],[33.957775]
2025-11-11T02:56:53+01:00,[60],[33.957771]
2025-11-11T02:56:54+01:00,[60],[33.957764]
2025-11-11T02:56:55+01:00,[60],[33.957756]
2025-11-11T02:56:56+01:00,[60],[33.957748]
2025-11-11T02:56:57+01:00,[60],[33.957748]
2025-11-11T02:56:58+01:00,[60],[33.957737]
2025-11-11T02:56:59+01:00,[60],[33.957733]
2025-11-11T02:57:00+01:00,[60],[33.957722]
2025-11-11T02:57:01+01:00,[60],[33.95771]
2025-11-11T02:57:02+01:00,[60],[33.957706]
2025-11-11T02:57:03+01:00,[60],[33.957706]
2025-11-11T02:57:04+01:00,[60],[33.957699]
2025-11-11T02:57:05+01:00,[60],[33.957691]
2025-11-11T02:57:06+01:00,[60],[33.957687]
2025-11-11T02:57:07+01:00,[60],[33.95768]
2025-11-11T02:57:08+01:00,[60],[33.957676]
2025-11-11T02:57:09+01:00,[60],[33.957672]
2025-11-11T02:57:10+01:00,[60],[33.957668]
2025-11-11T02:57:11+01:00,[60],[33.957661]
2025-11-11T02:57:12+01:00,[60],[33.957661]
2025-11-11T02:57:13+01:00,[60],[33.957661]
2025-11-11T02:57:14+01:00,[60],[33.957661]
2025-11-11T02:57:15+01:00,[60],[33.957668]
2025-11-11T02:57:16+01:00,[60],[33.957672]
2025-11-11T02:57:17+01:00,[60],[33.957668]
2025-11-11T02:57:18+01:00,[60],[33.957676]
2025-11-11T02:57:19+01:00,[60],[33.957676]
2025-11-11T02:57:20+01:00,[60],[33.95768]
2025-11-11T02:57:21+01:00,[60],[33.957676]
2025-11-11T02:57:22+01:00,[60],[33.957676]
2025-11-11T02:57:23+01:00,[60],[33.95768]
2025-11-11T02:57:24+01:00,[60],[33.957676]
2025-11-11T02:57:25+01:00,[60],[33.957672]
2025-11-11T02:57:26+01:00,[60],[33.957676]
2025-11-11T02:57:27+01:00,[60],[33.957672]
2025-11-11T02:57:28+01:00,[60],[33.957672]
2025-11-11T02:57:29+01:00,[60],[33.957672]
2025-11-11T02:57:30+01:00,[60],[33.957672]
2025-11-11T02:57:31+01:00,[60],[33.957672]
2025-11-11T02:57:32+01:00,[60],[33.957672]
2025-11-11T02:57:33+01:00,[60],[33.957672]
2025-11-11T02:57:34+01:00,[60],[33.957672]
2025-11-11T02:57:35+01:00,[60],[33.957672]
2025-11-11T02:57:36+01:00,[60],[33.957676]
2025-11-11T02:57:37+01:00,[60],[33.957676]
2025-11-11T02:57:38+01:00,[60],[33.957676]
2025-11-11T02:57:39+01:00,[60],[33.957676]
2025-11-11T02:57:40+01:00,[60],[33.957676]
2025-11-11T02:57:41+01:00,[60],[33.957676]
2025-11-11T02:57:42+01:00,[60],[33.957676]
2025-11-11T02:57:43+01:00,[60],[33.957676]
2025-11-11T02:57:44+01:00,[60],[33.957676]
2025-11-11T02:57:45+01:00,[60],[33.957676]
2025-11-11T02:57:46+01:00,[60],[33.957676]
2025-11-11T02:57:47+01:00,[60],[33.957684]
2025-11-11T02:57:48+01:00,[60],[33.95768]
2025-11-11T02:57:49+01:00,[60],[33.95768]
2025-11-11T02:57:50+01:00,[60],[33.95768]
2025-11-11T02:57:51+01:00,[60],[33.957684]
2025-11-11T02:57:52+01:00,[60],[33.957684]
2025-11-11T02:57:53+01:00,[60],[33.957684]
2025-11-11T02:57:54+01:00,[60],[33.957687]
2025-11-11T02:57:55+01:00,[60],[33.957687]
2025-11-11T02:57:56+01:00,[60],[33.957687]
2025-11-11T02:57:57+01:00,[60],[33.957684]
2025-11-11T02:57:58+01:00,[60],[33.957684]
2025-11-11T02:57:59+01:00,[60],[33.957684]
2025-11-11T02:58:00+01:00,[60],[33.957684]
2025-11-11T02:58:01+01:00,[60],[33.957684]
2025-11-11T02:58:02+01:00,[60],[33.957684]
2025-11-11T02:58:03+01:00,[60],[33.957684]
2025-11-11T02:58:04+01:00,[60],[33.957684]
2025-11-11T02:58:05+01:00,[60],[33.95768]
2025-11-11T02:58:06+01:00,[60],[33.95768]
2025-11-11T02:58:07+01:00,[60],[33.95768]
2025-11-11T02:58:08+01:00,[60],[33.95768]
2025-11-11T02:58:09+01:00,[60],[33.95768]
2025-11-11T02:58:10+01:00,[60],[33.95768]
2025-11-11T02:58:11+01:00,[60],[33.95768]
2025-11-11T02:58:12+01:00,[60],[33.95768]
2025-11-11T02:58:13+01:00,[60],[33.95768]
2025-11-11T02:58:14+01:00,[60],[33.957676]
2025-11-11T02:58:15+01:00,[60],[33.957676]
2025-11-11T02:58:16+01:00,[60],[33.957676]
2025-11-11T02:58:17+01:00,[60],[33.957676]
2025-11-11T02:58:18+01:00,[60],[33.957676]
2025-11-11T02:58:19+01:00,[60],[33.957676]
2025-11-11T02:58:20+01:00,[60],[33.957676]
2025-11-11T02:58:21+01:00,[60],[33.957672]
2025-11-11T02:58:22+01:00,[60],[33.957668]
2025-11-11T02:58:23+01:00,[60],[33.957672]
2025-11-11T02:58:24+01:00,[60],[33.957676]
2025-11-11T02:58:25+01:00,[60],[33.957687]
2025-11-11T02:58:26+01:00,[60],[33.957684]
2025-11-11T02:58:27+01:00,[60],[33.957684]
2025-11-11T02:58:28+01:00,[60],[33.957687]
2025-11-11T02:58:29+01:00,[60],[33.957684]
2025-11-11T02:58:30+01:00,[60],[33.957684]
2025-11-11T02:58:31+01:00,[60],[33.957684]
2025-11-11T02:58:32+01:00,[60],[33.957687]
2025-11-11T02:58:33+01:00,[60],[33.957687]
2025-11-11T02:58:34+01:00,[60],[33.957687]
2025-11-11T02:58:36+01:00,[60],[33.957691]
2025-11-11T02:58:37+01:00,[60],[33.957695]
2025-11-11T02:58:38+01:00,[60],[33.957695]
2025-11-11T02:58:39+01:00,[60],[33.957699]
2025-11-11T02:58:40+01:00,[60],[33.957699]
2025-11-11T02:58:41+01:00,[60],[33.957695]
2025-11-11T02:58:42+01:00,[60],[33.957687]
2025-11-11T02:58:43+01:00,[60],[33.957687]
2025-11-11T02:58:44+01:00,[60],[33.957676]
2025-11-11T02:58:45+01:00,[60],[33.957668]
2025-11-11T02:58:46+01:00,[60],[33.957661]
2025-11-11T02:58:47+01:00,[60],[33.957649]
2025-11-11T02:58:48+01:00,[60],[33.957638]
2025-11-11T02:58:49+01:00,[60],[33.95763]
2025-11-11T02:58:50+01:00,[60],[33.957623]
2025-11-11T02:58:51+01:00,[60],[33.957615]
2025-11-11T02:58:52+01:00,[60],[33.957607]
2025-11-11T02:58:53+01:00,[60],[33.957603]
2025-11-11T02:58:54+01:00,[60],[33.9576]
2025-11-11T02:58:55+01:00,[60],[33.957592]
2025-11-11T02:58:56+01:00,[60],[33.957581]
2025-11-11T02:58:57+01:00,[60],[33.957573]
2025-11-11T02:58:58+01:00,[60],[33.957565]
2025-11-11T02:58:59+01:00,[60],[33.957558]
2025-11-11T02:59:00+01:00,[60],[33.95755]
2025-11-11T02:59:01+01:00,[60],[33.957539]
2025-11-11T02:59:02+01:00,[60],[33.957531]
2025-11-11T02:59:03+01:00,[60],[33.957523]
2025-11-11T02:59:04+01:00,[60],[33.957512]
2025-11-11T02:59:05+01:00,[60],[33.957504]
2025-11-11T02:59:06+01:00,[60],[33.957497]
2025-11-11T02:59:07+01:00,[60],[33.957489]
2025-11-11T02:59:08+01:00,[60],[33.957481]
2025-11-11T02:59:09+01:00,[60],[33.957474]
2025-11-11T02:59:10+01:00,[60],[33.957458]
2025-11-11T02:59:11+01:00,[60],[33.957447]
2025-11-11T02:59:12+01:00,[60],[33.957443]
2025-11-11T02:59:13+01:00,[60],[33.957436]
2025-11-11T02:59:14+01:00,[60],[33.957436]
2025-11-11T02:59:15+01:00,[60],[33.957432]
2025-11-11T02:59:16+01:00,[60],[33.957439]
2025-11-11T02:59:17+01:00,[60],[33.957439]
2025-11-11T02:59:18+01:00,[60],[33.957443]
2025-11-11T02:59:19+01:00,[60],[33.957447]
2025-11-11T02:59:20+01:00,[60],[33.957455]
2025-11-11T02:59:21+01:00,[60],[33.957458]
2025-11-11T02:59:22+01:00,[60],[33.957466]
2025-11-11T02:59:23+01:00,[60],[33.957466]
2025-11-11T02:59:24+01:00,[60],[33.957478]
2025-11-11T02:59:25+01:00,[60],[33.957489]
2025-11-11T02:59:26+01:00,[60],[33.9575]
2025-11-11T02:59:27+01:00,[60],[33.9575]
2025-11-11T02:59:28+01:00,[60],[33.957497]
2025-11-11T02:59:29+01:00,[60],[33.957497]
2025-11-11T02:59:30+01:00,[60],[33.957504]
2025-11-11T02:59:31+01:00,[60],[33.957508]
2025-11-11T02:59:32+01:00,[60],[33.957508]
2025-11-11T02:59:33+01:00,[60],[33.957508]
2025-11-11T02:59:34+01:00,[60],[33.95752]
2025-11-11T02:59:35+01:00,[60],[33.957535]
2025-11-11T02:59:36+01:00,[60],[33.957546]
2025-11-11T02:59:37+01:00,[60],[33.957542]
2025-11-11T02:59:38+01:00,[60],[33.95755]
2025-11-11T02:59:39+01:00,[60],[33.95755]
2025-11-11T02:59:40+01:00,[60],[33.957558]
2025-11-11T02:59:41+01:00,[60],[33.957558]
2025-11-11T02:59:42+01:00,[60],[33.957546]
2025-11-11T02:59:43+01:00,[60],[33.957546]
2025-11-11T02:59:44+01:00,[60],[33.957539]
2025-11-11T02:59:45+01:00,[60],[33.957535]
2025-11-11T02:59:46+01:00,[60],[33.957535]
2025-11-11T02:59:47+01:00,[60],[33.957527]
2025-11-11T02:59:48+01:00,[60],[33.957523]
2025-11-11T02:59:49+01:00,[60],[33.957523]
2025-11-11T02:59:50+01:00,[60],[33.957527]
2025-11-06T02:49:10+01:00,[60],[33.955753]
2025-11-06T03:01:11+01:00,[60],[33.957146]
2025-11-06T03:01:15+01:00,[60],[33.957146]
2025-11-06T03:08:29+01:00,[60],[33.957489]
2025-11-06T03:09:04+01:00,[60],[33.957489]
2025-11-06T03:49:56+01:00,[60],[33.957321]
2025-11-06T03:50:12+01:00,[60],[33.957321]
2025-11-06T05:07:17+01:00,[60],[33.957325]
2025-11-06T05:07:19+01:00,[60],[33.957325]
2025-11-06T05:07:24+01:00,[60],[33.957336]
2025-11-06T05:07:25+01:00,[60],[33.957409]
2025-11-06T05:07:26+01:00,[60],[33.957508]
2025-11-06T05:07:27+01:00,[60],[33.957508]
2025-11-06T05:07:28+01:00,[60],[33.957516]
2025-11-06T05:07:29+01:00,[60],[33.957512]
2025-11-06T05:07:30+01:00,[60],[33.957512]
2025-11-06T05:07:31+01:00,[60],[33.957512]
2025-11-06T05:07:32+01:00,[60],[33.957508]
2025-11-06T05:07:33+01:00,[60],[33.957504]
2025-11-06T05:07:34+01:00,[60],[33.957508]
2025-11-06T05:07:35+01:00,[60],[33.957508]
2025-11-06T05:07:36+01:00,[60],[33.957516]
2025-09-14T04:12:49+02:00,[60],[33.940823]
2025-09-14T04:12:53+02:00,[60],[33.940823]
2025-09-14T04:12:55+02:00,[60],[33.940845]
2025-09-14T04:12:57+02:00,[60],[33.940983]
2025-09-14T04:12:58+02:00,[60],[33.941013]
2025-09-14T04:12:59+02:00,[60],[33.941013]
2025-09-14T04:13:01+02:00,[60],[33.941013]
2025-09-14T04:13:02+02:00,[60],[33.94101]
2025-09-14T04:13:03+02:00,[60],[33.941006]
2025-09-14T04:13:04+02:00,[60],[33.941002]
2025-09-14T04:13:05+02:00,[60],[33.941002]
2025-09-14T04:13:06+02:00,[60],[33.940994]
2025-09-14T04:13:07+02:00,[60],[33.94099]
2025-09-14T04:13:08+02:00,[60],[33.940987]
2025-09-14T04:13:09+02:00,[60],[33.940983]
2025-09-14T04:13:10+02:00,[60],[33.940983]
2025-09-14T04:13:11+02:00,[60],[33.940983]
2025-09-14T04:13:12+02:00,[60],[33.940983]
2025-09-14T04:13:13+02:00,[60],[33.940983]
2025-09-14T04:13:14+02:00,[60],[33.940971]
2025-09-14T04:13:15+02:00,[60],[33.940971]
2025-09-14T04:13:16+02:00,[60],[33.940968]
2025-09-14T04:13:17+02:00,[60],[33.940971]
2025-09-14T04:13:18+02:00,[60],[33.940975]
2025-09-14T04:13:19+02:00,[60],[33.940983]
2025-09-14T04:13:20+02:00,[60],[33.940987]
2025-09-14T04:13:21+02:00,[60],[33.94099]
2025-09-14T04:13:22+02:00,[60],[33.940994]
2025-09-14T04:13:23+02:00,[60],[33.940994]
2025-09-14T04:13:24+02:00,[60],[33.94099]
2025-09-14T04:13:25+02:00,[60],[33.940983]
2025-09-14T04:13:26+02:00,[60],[33.940975]
2025-09-14T04:13:27+02:00,[60],[33.940975]
2025-09-14T04:13:28+02:00,[60],[33.940968]
2025-09-14T04:13:29+02:00,[60],[33.940964]
2025-09-14T04:13:30+02:00,[60],[33.94096]
2025-09-14T04:13:31+02:00,[60],[33.940956]
2025-09-14T04:13:32+02:00,[60],[33.940952]
2025-09-14T04:13:33+02:00,[60],[33.940948]
2025-09-14T04:13:34+02:00,[60],[33.940945]
2025-09-14T04:13:35+02:00,[60],[33.940941]
2025-09-14T04:13:36+02:00,[60],[33.940929]
2025-09-14T04:13:37+02:00,[60],[33.940926]
2025-09-14T04:13:38+02:00,[60],[33.940918]
2025-09-14T04:13:39+02:00,[60],[33.940918]
2025-09-14T04:13:40+02:00,[60],[33.94091]
2025-09-14T04:13:41+02:00,[60],[33.940907]
2025-09-14T04:13:42+02:00,[60],[33.940903]
2025-09-14T04:13:43+02:00,[60],[33.940899]
2025-09-14T04:13:44+02:00,[60],[33.940895]
2025-09-14T04:13:45+02:00,[60],[33.940891]
2025-09-14T04:13:46+02:00,[60],[33.940895]
2025-09-14T04:13:47+02:00,[60],[33.940887]
2025-09-14T04:13:48+02:00,[60],[33.940887]
2025-09-14T04:13:49+02:00,[60],[33.940884]
2025-09-14T04:13:50+02:00,[60],[33.940884]
2025-09-14T04:13:51+02:00,[60],[33.94088]
2025-09-14T04:13:52+02:00,[60],[33.94088]
2025-09-14T04:13:53+02:00,[60],[33.940876]
2025-09-14T04:13:54+02:00,[60],[33.940876]
2025-09-14T04:13:55+02:00,[60],[33.940872]
2025-09-14T04:13:56+02:00,[60],[33.940872]
2025-09-14T04:13:57+02:00,[60],[33.940872]
2025-09-14T04:13:58+02:00,[60],[33.940868]
2025-09-14T04:13:59+02:00,[60],[33.940865]
2025-09-14T04:14:00+02:00,[60],[33.940861]
2025-09-14T04:14:01+02:00,[60],[33.940861]
2025-09-14T04:14:02+02:00,[60],[33.940857]
2025-09-14T04:14:03+02:00,[60],[33.940849]
2025-09-14T04:14:04+02:00,[60],[33.940842]
2025-09-14T04:14:05+02:00,[60],[33.940842]
2025-09-14T04:14:06+02:00,[60],[33.940834]
2025-09-14T04:14:07+02:00,[60],[33.940826]
2025-09-14T04:14:08+02:00,[60],[33.940819]
2025-09-14T04:14:09+02:00,[60],[33.940823]
2025-09-14T04:14:10+02:00,[60],[33.940819]
2025-09-14T04:14:11+02:00,[60],[33.940807]
2025-09-14T04:14:12+02:00,[60],[33.940807]
2025-09-14T04:14:13+02:00,[60],[33.9408]
2025-09-14T04:14:14+02:00,[60],[33.940792]
2025-09-14T04:14:15+02:00,[60],[33.940788]
2025-09-14T04:14:16+02:00,[60],[33.940784]
2025-09-14T04:14:17+02:00,[60],[33.940781]
2025-09-14T04:14:18+02:00,[60],[33.940777]
2025-09-14T04:14:19+02:00,[60],[33.940773]
2025-09-14T04:14:20+02:00,[60],[33.940773]
2025-09-14T04:14:21+02:00,[60],[33.940773]
2025-09-14T04:14:22+02:00,[60],[33.940773]
2025-09-14T04:14:23+02:00,[60],[33.940769]
2025-09-14T04:14:24+02:00,[60],[33.940773]
2025-09-14T04:14:25+02:00,[60],[33.940777]
2025-09-14T04:14:26+02:00,[60],[33.940773]
2025-09-14T04:14:27+02:00,[60],[33.940773]
2025-09-14T04:14:28+02:00,[60],[33.940777]
2025-09-14T04:14:29+02:00,[60],[33.940773]
2025-09-14T04:14:30+02:00,[60],[33.940777]
2025-09-14T04:14:31+02:00,[60],[33.940781]
2025-09-14T04:14:32+02:00,[60],[33.940781]
2025-09-14T04:14:33+02:00,[60],[33.940784]
2025-09-14T04:14:34+02:00,[60],[33.940781]
2025-09-14T04:14:35+02:00,[60],[33.940781]
2025-09-14T04:14:36+02:00,[60],[33.940784]
2025-09-14T04:14:37+02:00,[60],[33.940788]
2025-09-14T04:14:38+02:00,[60],[33.940784]
2025-09-14T04:14:39+02:00,[60],[33.940788]
2025-09-14T04:14:40+02:00,[60],[33.940788]
2025-09-14T04:14:41+02:00,[60],[33.940792]
2025-09-14T04:14:42+02:00,[60],[33.940796]
2025-09-14T04:14:43+02:00,[60],[33.9408]
2025-09-14T04:14:44+02:00,[60],[33.9408]
2025-09-14T04:14:45+02:00,[60],[33.9408]
2025-09-14T04:14:46+02:00,[60],[33.9408]
2025-09-14T04:14:47+02:00,[60],[33.9408]
2025-09-14T04:14:48+02:00,[60],[33.940804]
2025-09-14T04:14:49+02:00,[60],[33.940804]
2025-09-14T04:14:50+02:00,[60],[33.940804]
2025-09-14T04:14:51+02:00,[60],[33.940804]
2025-09-14T04:14:52+02:00,[60],[33.940804]
2025-09-14T04:14:53+02:00,[60],[33.940804]
2025-09-14T04:14:54+02:00,[60],[33.940804]
2025-09-14T04:14:55+02:00,[60],[33.940804]
2025-09-14T04:14:56+02:00,[60],[33.940804]
2025-09-14T04:14:57+02:00,[60],[33.940807]
2025-09-14T04:14:58+02:00,[60],[33.940807]
2025-09-14T04:14:59+02:00,[60],[33.940807]
2025-09-14T04:15:00+02:00,[60],[33.940804]
2025-09-14T04:15:01+02:00,[60],[33.940807]
2025-09-14T04:15:02+02:00,[60],[33.940811]
2025-09-14T04:15:03+02:00,[60],[33.940815]
2025-09-14T04:15:04+02:00,[60],[33.940815]
2025-09-14T04:15:05+02:00,[60],[33.940815]
2025-09-14T04:15:06+02:00,[60],[33.940815]
2025-09-14T04:15:07+02:00,[60],[33.940815]
2025-09-14T04:15:08+02:00,[60],[33.940815]
2025-09-14T04:15:09+02:00,[60],[33.940815]
2025-09-14T04:15:10+02:00,[60],[33.940815]
2025-09-14T04:15:11+02:00,[60],[33.940819]
2025-09-14T04:15:12+02:00,[60],[33.940823]
2025-09-14T04:15:13+02:00,[60],[33.940823]
2025-09-14T04:15:14+02:00,[60],[33.940823]
2025-09-14T04:15:15+02:00,[60],[33.940826]
2025-09-14T04:15:16+02:00,[60],[33.940826]
2025-09-14T04:15:17+02:00,[60],[33.94083]
2025-09-14T04:15:18+02:00,[60],[33.94083]
2025-09-14T04:15:19+02:00,[60],[33.940834]
2025-09-14T04:15:20+02:00,[60],[33.940834]
2025-09-14T04:15:21+02:00,[60],[33.94083]
2025-09-14T04:15:22+02:00,[60],[33.94083]
2025-09-14T04:15:23+02:00,[60],[33.94083]
2025-09-14T04:15:24+02:00,[60],[33.94083]
2025-09-14T04:15:25+02:00,[60],[33.940834]
2025-09-14T04:15:26+02:00,[60],[33.940842]
2025-09-14T04:15:27+02:00,[60],[33.940849]
2025-09-14T04:15:28+02:00,[60],[33.940853]
2025-09-14T04:15:29+02:00,[60],[33.940861]
2025-09-14T04:15:30+02:00,[60],[33.940865]
2025-09-14T04:15:31+02:00,[60],[33.940872]
2025-09-14T04:15:32+02:00,[60],[33.940876]
2025-09-14T04:15:33+02:00,[60],[33.940884]
2025-09-14T04:15:34+02:00,[60],[33.940891]
2025-09-14T04:15:35+02:00,[60],[33.940895]
2025-09-14T04:15:36+02:00,[60],[33.940903]
2025-09-14T04:15:37+02:00,[60],[33.940907]
2025-09-14T04:15:38+02:00,[60],[33.94091]
2025-09-14T04:15:39+02:00,[60],[33.94091]
2025-09-14T04:15:40+02:00,[60],[33.940914]
2025-09-14T04:15:41+02:00,[60],[33.940918]
2025-09-14T04:15:42+02:00,[60],[33.940926]
2025-09-14T04:15:43+02:00,[60],[33.940933]
2025-09-14T04:15:44+02:00,[60],[33.940941]
2025-09-14T04:15:45+02:00,[60],[33.940948]
2025-09-14T04:15:46+02:00,[60],[33.940956]
2025-09-14T04:15:47+02:00,[60],[33.94096]
2025-09-14T04:15:48+02:00,[60],[33.940968]
2025-09-14T04:15:49+02:00,[60],[33.940971]
2025-09-14T04:15:50+02:00,[60],[33.940979]
2025-09-14T04:15:51+02:00,[60],[33.94099]
2025-09-14T04:15:52+02:00,[60],[33.940994]
2025-09-14T04:15:53+02:00,[60],[33.941006]
2025-09-14T04:15:54+02:00,[60],[33.94101]
2025-09-14T04:15:55+02:00,[60],[33.941017]
2025-09-14T04:15:56+02:00,[60],[33.941025]
2025-09-14T04:15:57+02:00,[60],[33.941029]
2025-09-14T04:15:58+02:00,[60],[33.941032]
2025-09-14T04:15:59+02:00,[60],[33.941036]
2025-09-14T04:16:00+02:00,[60],[33.94104]
2025-09-14T04:16:01+02:00,[60],[33.941048]
2025-09-14T04:16:02+02:00,[60],[33.941051]
2025-09-14T04:16:03+02:00,[60],[33.941055]
2025-09-14T04:16:04+02:00,[60],[33.941055]
2025-09-14T04:16:05+02:00,[60],[33.941059]
2025-09-14T04:16:06+02:00,[60],[33.941063]
2025-09-14T04:16:07+02:00,[60],[33.941067]
2025-09-14T04:16:08+02:00,[60],[33.941067]
2025-09-14T04:16:09+02:00,[60],[33.941074]
2025-09-14T04:16:10+02:00,[60],[33.941078]
2025-09-14T04:16:11+02:00,[60],[33.941078]
2025-09-14T04:16:12+02:00,[60],[33.941082]
2025-09-14T04:16:13+02:00,[60],[33.94109]
2025-09-14T04:16:14+02:00,[60],[33.94109]
2025-09-14T04:16:15+02:00,[60],[33.941093]
2025-09-14T04:16:16+02:00,[60],[33.941105]
2025-09-14T04:16:17+02:00,[60],[33.941113]
2025-09-14T04:16:18+02:00,[60],[33.941116]
2025-09-14T04:16:19+02:00,[60],[33.94112]
2025-09-14T04:16:20+02:00,[60],[33.94112]
2025-09-14T04:16:21+02:00,[60],[33.941128]
2025-09-14T04:16:22+02:00,[60],[33.941135]
2025-09-14T04:16:23+02:00,[60],[33.941139]
2025-09-14T04:16:24+02:00,[60],[33.941151]
2025-09-14T04:16:25+02:00,[60],[33.941158]
2025-09-14T04:16:26+02:00,[60],[33.941166]
2025-09-14T04:16:27+02:00,[60],[33.94117]
2025-09-14T04:16:28+02:00,[60],[33.941177]
2025-09-14T04:16:29+02:00,[60],[33.941189]
2025-09-14T04:16:30+02:00,[60],[33.941196]
2025-09-14T04:16:31+02:00,[60],[33.9412]
2025-09-14T04:16:32+02:00,[60],[33.941208]
2025-09-14T04:16:33+02:00,[60],[33.941216]
2025-09-14T04:16:34+02:00,[60],[33.941219]
2025-09-14T04:16:35+02:00,[60],[33.941227]
2025-09-14T04:16:36+02:00,[60],[33.941231]
2025-09-14T04:16:37+02:00,[60],[33.941238]
2025-09-14T04:16:38+02:00,[60],[33.941246]
2025-09-14T04:16:39+02:00,[60],[33.941254]
2025-09-14T04:16:40+02:00,[60],[33.941254]
2025-09-14T04:16:41+02:00,[60],[33.941265]
2025-09-14T04:16:42+02:00,[60],[33.941273]
2025-09-14T04:16:43+02:00,[60],[33.941277]
2025-09-14T04:16:44+02:00,[60],[33.94128]
2025-09-14T04:16:45+02:00,[60],[33.94128]
2025-09-14T04:16:46+02:00,[60],[33.941284]
2025-09-14T04:16:47+02:00,[60],[33.941292]
2025-09-14T04:16:48+02:00,[60],[33.941292]
2025-09-14T04:16:49+02:00,[60],[33.941299]
2025-09-14T04:16:50+02:00,[60],[33.941303]
2025-09-14T04:16:51+02:00,[60],[33.941311]
2025-09-14T04:16:52+02:00,[60],[33.941319]
2025-09-14T04:16:53+02:00,[60],[33.941319]
2025-09-14T04:16:54+02:00,[60],[33.941326]
2025-09-14T04:16:55+02:00,[60],[33.94133]
2025-09-14T04:16:56+02:00,[60],[33.941334]
2025-09-14T04:16:57+02:00,[60],[33.941341]
2025-09-14T04:16:58+02:00,[60],[33.941345]
2025-09-14T04:16:59+02:00,[60],[33.941349]
2025-09-14T04:17:00+02:00,[60],[33.941349]
2025-09-14T04:17:01+02:00,[60],[33.941349]
2025-09-14T04:17:02+02:00,[60],[33.941357]
2025-09-14T04:17:03+02:00,[60],[33.941364]
2025-09-14T04:17:04+02:00,[60],[33.941372]
2025-09-14T04:17:05+02:00,[60],[33.94138]
2025-09-14T04:17:06+02:00,[60],[33.941383]
2025-09-14T04:17:07+02:00,[60],[33.941391]
2025-09-14T04:17:08+02:00,[60],[33.941399]
2025-09-14T04:17:09+02:00,[60],[33.94141]
2025-09-14T04:17:10+02:00,[60],[33.941418]
2025-09-14T04:17:11+02:00,[60],[33.941425]
2025-09-14T04:17:12+02:00,[60],[33.941429]
2025-09-14T04:17:13+02:00,[60],[33.941441]
2025-09-14T04:17:14+02:00,[60],[33.941444]
2025-09-14T04:17:15+02:00,[60],[33.941448]
2025-09-14T04:17:16+02:00,[60],[33.941456]
2025-09-14T04:17:17+02:00,[60],[33.941463]
2025-09-14T04:17:18+02:00,[60],[33.941467]
2025-09-14T04:17:19+02:00,[60],[33.941471]
2025-09-14T04:17:20+02:00,[60],[33.941479]
2025-09-14T04:17:21+02:00,[60],[33.941483]
2025-09-14T04:17:22+02:00,[60],[33.941483]
2025-09-14T04:17:23+02:00,[60],[33.941483]
2025-09-14T04:17:24+02:00,[60],[33.941486]
2025-09-14T04:17:25+02:00,[60],[33.94149]
2025-09-14T04:17:26+02:00,[60],[33.941494]
2025-09-14T04:17:27+02:00,[60],[33.941498]
2025-09-14T04:17:28+02:00,[60],[33.941502]
2025-09-14T04:17:29+02:00,[60],[33.941505]
2025-09-14T04:17:30+02:00,[60],[33.941505]
2025-09-14T04:17:31+02:00,[60],[33.941505]
2025-09-14T04:17:32+02:00,[60],[33.941505]
2025-09-14T04:17:33+02:00,[60],[33.941505]
2025-09-14T04:17:34+02:00,[60],[33.941505]
2025-09-14T04:17:35+02:00,[60],[33.941509]
2025-09-14T04:17:36+02:00,[60],[33.941509]
2025-09-14T04:17:37+02:00,[60],[33.941509]
2025-09-14T04:17:38+02:00,[60],[33.941517]
2025-09-14T04:17:39+02:00,[60],[33.941517]
2025-09-14T04:17:40+02:00,[60],[33.941517]
2025-09-14T04:17:41+02:00,[60],[33.941517]
2025-09-14T04:17:42+02:00,[60],[33.941521]
2025-09-14T04:17:43+02:00,[60],[33.941525]
2025-09-14T04:17:44+02:00,[60],[33.941528]
2025-09-14T04:17:45+02:00,[60],[33.941532]
2025-09-14T04:17:46+02:00,[60],[33.94154]
2025-09-14T04:17:47+02:00,[60],[33.941544]
2025-09-14T04:17:48+02:00,[60],[33.941547]
2025-09-14T04:17:49+02:00,[60],[33.941555]
2025-09-14T04:17:50+02:00,[60],[33.941555]
2025-09-14T04:17:51+02:00,[60],[33.941555]
2025-09-14T04:17:52+02:00,[60],[33.941559]
2025-09-14T04:17:53+02:00,[60],[33.941563]
2025-09-14T04:17:54+02:00,[60],[33.941566]
2025-09-14T04:17:55+02:00,[60],[33.941566]
2025-09-14T04:17:56+02:00,[60],[33.941566]
2025-09-14T04:17:57+02:00,[60],[33.941574]
2025-09-14T04:17:58+02:00,[60],[33.941578]
2025-09-14T04:17:59+02:00,[60],[33.941578]
2025-09-14T04:18:00+02:00,[60],[33.941582]
2025-09-14T04:18:01+02:00,[60],[33.941589]
2025-09-14T04:18:02+02:00,[60],[33.941597]
2025-09-14T04:18:03+02:00,[60],[33.941601]
2025-09-14T04:18:04+02:00,[60],[33.941601]
2025-09-14T04:18:05+02:00,[60],[33.941605]
2025-09-14T04:18:06+02:00,[60],[33.941605]
2025-09-14T04:18:07+02:00,[60],[33.941605]
2025-09-14T04:18:08+02:00,[60],[33.941605]
2025-09-14T04:18:09+02:00,[60],[33.941608]
2025-09-14T04:18:10+02:00,[60],[33.941612]
2025-09-14T04:18:11+02:00,[60],[33.941616]
2025-09-14T04:18:12+02:00,[60],[33.941616]
2025-09-14T04:18:13+02:00,[60],[33.941612]
2025-09-14T04:18:14+02:00,[60],[33.941612]
2025-09-14T04:18:15+02:00,[60],[33.941608]
2025-09-14T04:18:16+02:00,[60],[33.941608]
2025-09-14T04:18:17+02:00,[60],[33.941605]
2025-09-14T04:18:18+02:00,[60],[33.941608]
2025-09-14T04:18:19+02:00,[60],[33.941608]
2025-09-14T04:18:20+02:00,[60],[33.941605]
2025-09-14T04:18:21+02:00,[60],[33.941605]
2025-09-14T04:18:22+02:00,[60],[33.941605]
2025-09-14T04:18:23+02:00,[60],[33.941601]
2025-09-14T04:18:24+02:00,[60],[33.941593]
2025-09-14T04:18:25+02:00,[60],[33.941593]
2025-09-14T04:18:26+02:00,[60],[33.941589]
2025-09-14T04:18:27+02:00,[60],[33.941589]
2025-09-14T04:18:28+02:00,[60],[33.941582]
2025-09-14T04:18:29+02:00,[60],[33.941582]
2025-09-14T04:18:30+02:00,[60],[33.941578]
2025-09-14T04:18:31+02:00,[60],[33.941578]
2025-09-14T04:18:32+02:00,[60],[33.941574]
2025-09-14T04:18:33+02:00,[60],[33.941574]
2025-09-14T04:18:34+02:00,[60],[33.941574]
2025-09-14T04:18:35+02:00,[60],[33.94157]
2025-09-14T04:18:36+02:00,[60],[33.94157]
2025-09-14T04:18:37+02:00,[60],[33.941566]
2025-09-14T04:18:38+02:00,[60],[33.941566]
2025-09-14T04:18:39+02:00,[60],[33.941563]
2025-09-14T04:18:40+02:00,[60],[33.941563]
2025-09-14T04:18:41+02:00,[60],[33.941563]
2025-09-14T04:18:42+02:00,[60],[33.941559]
2025-09-14T04:18:43+02:00,[60],[33.941559]
2025-09-14T04:18:44+02:00,[60],[33.941559]
2025-09-14T04:18:45+02:00,[60],[33.941563]
2025-09-14T04:18:46+02:00,[60],[33.941563]
2025-09-14T04:18:47+02:00,[60],[33.941566]
2025-09-14T04:18:48+02:00,[60],[33.941566]
2025-09-14T04:18:49+02:00,[60],[33.941563]
2025-09-14T04:18:50+02:00,[60],[33.941563]
2025-09-14T04:18:51+02:00,[60],[33.941563]
2025-09-14T04:18:52+02:00,[60],[33.941559]
2025-09-14T04:18:53+02:00,[60],[33.941555]
2025-09-14T04:18:54+02:00,[60],[33.941551]
2025-09-14T04:18:55+02:00,[60],[33.941544]
2025-09-14T04:18:56+02:00,[60],[33.941544]
2025-09-14T04:18:57+02:00,[60],[33.941544]
2025-09-14T04:18:58+02:00,[60],[33.941536]
2025-09-14T04:18:59+02:00,[60],[33.941528]
2025-09-14T04:19:00+02:00,[60],[33.941528]
2025-09-14T04:19:01+02:00,[60],[33.941521]
2025-09-14T04:19:02+02:00,[60],[33.941521]
2025-09-14T04:19:03+02:00,[60],[33.941517]
2025-09-14T04:19:04+02:00,[60],[33.941513]
2025-09-14T04:19:05+02:00,[60],[33.941509]
2025-09-14T04:19:06+02:00,[60],[33.941502]
2025-09-14T04:19:07+02:00,[60],[33.941502]
2025-09-14T04:19:08+02:00,[60],[33.941498]
2025-09-14T04:19:09+02:00,[60],[33.94149]
2025-09-14T04:19:10+02:00,[60],[33.941486]
2025-09-14T04:19:11+02:00,[60],[33.941483]
2025-09-14T04:19:12+02:00,[60],[33.941479]
2025-09-14T04:19:13+02:00,[60],[33.941471]
2025-09-14T04:19:14+02:00,[60],[33.941463]
2025-09-14T04:19:15+02:00,[60],[33.94146]
2025-09-14T04:19:16+02:00,[60],[33.94146]
2025-09-14T04:19:17+02:00,[60],[33.941452]
2025-09-14T04:19:18+02:00,[60],[33.941448]
2025-09-14T04:19:19+02:00,[60],[33.941444]
2025-09-14T04:19:20+02:00,[60],[33.941441]
2025-09-14T04:19:21+02:00,[60],[33.941437]
2025-09-14T04:19:22+02:00,[60],[33.941433]
2025-09-14T04:19:23+02:00,[60],[33.941425]
2025-09-14T04:19:24+02:00,[60],[33.941425]
2025-09-14T04:19:25+02:00,[60],[33.941425]
2025-09-14T04:19:26+02:00,[60],[33.941425]
2025-09-14T04:19:27+02:00,[60],[33.941425]
2025-09-14T04:19:28+02:00,[60],[33.941425]
2025-09-14T04:19:29+02:00,[60],[33.941422]
2025-09-14T04:19:30+02:00,[60],[33.941422]
2025-09-14T04:19:31+02:00,[60],[33.941422]
2025-09-14T04:19:32+02:00,[60],[33.941425]
2025-09-14T04:19:33+02:00,[60],[33.941425]
2025-09-14T04:19:34+02:00,[60],[33.941429]
2025-09-14T04:19:35+02:00,[60],[33.941429]
2025-09-14T04:19:36+02:00,[60],[33.941429]
2025-09-14T04:19:37+02:00,[60],[33.941429]
2025-09-14T04:19:38+02:00,[60],[33.941425]
2025-09-14T04:19:39+02:00,[60],[33.941422]
2025-09-14T04:19:40+02:00,[60],[33.941425]
2025-09-14T04:19:41+02:00,[60],[33.941429]
2025-09-14T04:19:42+02:00,[60],[33.941425]
2025-09-14T04:19:43+02:00,[60],[33.941425]
2025-09-14T04:19:44+02:00,[60],[33.941422]
2025-09-14T04:19:45+02:00,[60],[33.941422]
2025-09-14T04:19:46+02:00,[60],[33.941425]
2025-09-14T04:19:47+02:00,[60],[33.941425]
2025-09-14T04:19:48+02:00,[60],[33.941429]
2025-09-14T04:19:49+02:00,[60],[33.941425]
2025-09-14T04:19:50+02:00,[60],[33.941429]
2025-09-14T04:19:51+02:00,[60],[33.941433]
2025-09-14T04:19:52+02:00,[60],[33.941433]
2025-09-14T04:19:53+02:00,[60],[33.941433]
2025-09-14T04:19:54+02:00,[60],[33.941433]
2025-09-14T04:19:55+02:00,[60],[33.941433]
2025-09-14T04:19:56+02:00,[60],[33.941433]
2025-09-14T04:19:57+02:00,[60],[33.941433]
2025-09-14T04:19:58+02:00,[60],[33.941437]
2025-09-14T04:19:59+02:00,[60],[33.941441]
2025-09-14T04:20:00+02:00,[60],[33.941441]
2025-09-14T04:20:01+02:00,[60],[33.941444]
2025-09-14T04:20:02+02:00,[60],[33.941448]
2025-09-14T04:20:03+02:00,[60],[33.941452]
2025-09-14T04:20:04+02:00,[60],[33.941452]
2025-09-14T04:20:05+02:00,[60],[33.941452]
2025-09-14T04:20:06+02:00,[60],[33.941448]
2025-09-14T04:20:07+02:00,[60],[33.941448]
2025-09-14T04:20:08+02:00,[60],[33.941452]
2025-09-14T04:20:09+02:00,[60],[33.941452]
2025-09-14T04:20:10+02:00,[60],[33.941456]
2025-09-14T04:20:11+02:00,[60],[33.94146]
2025-09-14T04:20:12+02:00,[60],[33.941463]
2025-09-14T04:20:13+02:00,[60],[33.941463]
2025-09-14T04:20:14+02:00,[60],[33.94146]
2025-09-14T04:20:15+02:00,[60],[33.941463]
2025-09-14T04:20:16+02:00,[60],[33.941471]
2025-09-14T04:20:17+02:00,[60],[33.941475]
2025-09-14T04:20:18+02:00,[60],[33.941475]
2025-09-14T04:20:19+02:00,[60],[33.941479]
2025-09-14T04:20:20+02:00,[60],[33.941479]
2025-09-14T04:20:21+02:00,[60],[33.941486]
2025-09-14T04:20:22+02:00,[60],[33.941486]
2025-09-14T04:20:23+02:00,[60],[33.941494]
2025-09-14T04:20:24+02:00,[60],[33.941498]
2025-09-14T04:20:25+02:00,[60],[33.941502]
2025-09-14T04:20:26+02:00,[60],[33.941502]
2025-09-14T04:20:27+02:00,[60],[33.941505]
2025-09-14T04:20:28+02:00,[60],[33.941505]
2025-09-14T04:20:29+02:00,[60],[33.941509]
2025-09-14T04:20:30+02:00,[60],[33.941509]
2025-09-14T04:20:31+02:00,[60],[33.941513]
2025-09-14T04:20:32+02:00,[60],[33.941513]
2025-09-14T04:20:33+02:00,[60],[33.941513]
2025-09-14T04:20:34+02:00,[60],[33.941513]
2025-09-14T04:20:35+02:00,[60],[33.941509]
2025-09-14T04:20:36+02:00,[60],[33.941509]
2025-09-14T04:20:37+02:00,[60],[33.941509]
2025-09-14T04:20:38+02:00,[60],[33.941509]
2025-09-14T04:20:39+02:00,[60],[33.941513]
2025-09-14T04:20:40+02:00,[60],[33.941513]
2025-09-14T04:20:41+02:00,[60],[33.941517]
2025-09-14T04:20:42+02:00,[60],[33.941525]
2025-09-14T04:20:43+02:00,[60],[33.941528]
2025-09-14T04:20:44+02:00,[60],[33.941532]
2025-09-14T04:20:45+02:00,[60],[33.941532]
2025-09-14T04:20:46+02:00,[60],[33.941536]
2025-09-14T04:20:47+02:00,[60],[33.941536]
2025-09-14T04:20:48+02:00,[60],[33.941536]
2025-09-14T04:20:49+02:00,[60],[33.941536]
2025-09-14T04:20:50+02:00,[60],[33.941536]
2025-09-14T04:20:51+02:00,[60],[33.941544]
2025-09-14T04:20:52+02:00,[60],[33.941547]
2025-09-14T04:20:53+02:00,[60],[33.941551]
2025-09-14T04:20:54+02:00,[60],[33.941551]
2025-09-14T04:20:55+02:00,[60],[33.941555]
2025-09-14T04:20:56+02:00,[60],[33.941555]
2025-09-14T04:20:57+02:00,[60],[33.941563]
2025-09-14T04:20:58+02:00,[60],[33.941566]
2025-09-14T04:20:59+02:00,[60],[33.941574]
2025-09-14T04:21:00+02:00,[60],[33.941578]
2025-09-14T04:21:01+02:00,[60],[33.941582]
2025-09-14T04:21:02+02:00,[60],[33.941582]
2025-09-14T04:21:03+02:00,[60],[33.941586]
2025-09-14T04:21:04+02:00,[60],[33.941589]
2025-09-14T04:21:05+02:00,[60],[33.941593]
2025-09-14T04:21:06+02:00,[60],[33.941597]
2025-09-14T04:21:07+02:00,[60],[33.941601]
2025-09-14T04:21:08+02:00,[60],[33.941601]
2025-09-14T04:21:09+02:00,[60],[33.941605]
2025-09-14T04:21:10+02:00,[60],[33.941605]
2025-09-14T04:21:11+02:00,[60],[33.941601]
2025-09-14T04:21:12+02:00,[60],[33.941601]
2025-09-14T04:21:13+02:00,[60],[33.941597]
2025-09-14T04:21:14+02:00,[60],[33.941597]
2025-09-14T04:21:15+02:00,[60],[33.941593]
2025-09-14T04:21:16+02:00,[60],[33.941589]
2025-09-14T04:21:17+02:00,[60],[33.941586]
2025-09-14T04:21:18+02:00,[60],[33.941586]
2025-09-14T04:21:19+02:00,[60],[33.941586]
2025-09-14T04:21:20+02:00,[60],[33.941589]
2025-09-14T04:21:21+02:00,[60],[33.941597]
2025-09-14T04:21:22+02:00,[60],[33.941597]
2025-09-14T04:21:23+02:00,[60],[33.941601]
2025-09-14T04:21:24+02:00,[60],[33.941601]
2025-09-14T04:21:25+02:00,[60],[33.941597]
2025-09-14T04:21:26+02:00,[60],[33.941597]
2025-09-14T04:21:27+02:00,[60],[33.941597]
2025-09-14T04:21:28+02:00,[60],[33.941601]
2025-09-14T04:21:29+02:00,[60],[33.941601]
2025-09-14T04:21:30+02:00,[60],[33.941605]
2025-09-14T04:21:31+02:00,[60],[33.941608]
2025-09-14T04:21:32+02:00,[60],[33.941608]
2025-09-14T04:21:33+02:00,[60],[33.941612]
2025-09-14T04:21:34+02:00,[60],[33.941616]
2025-09-14T04:21:35+02:00,[60],[33.941624]
2025-09-14T04:21:36+02:00,[60],[33.941624]
2025-09-14T04:21:37+02:00,[60],[33.941628]
2025-09-14T04:21:38+02:00,[60],[33.941628]
2025-09-14T04:21:39+02:00,[60],[33.941628]
2025-09-14T04:21:40+02:00,[60],[33.941628]
2025-09-14T04:21:41+02:00,[60],[33.941624]
2025-09-14T04:21:42+02:00,[60],[33.941628]
2025-09-14T04:21:43+02:00,[60],[33.941628]
2025-09-14T04:21:44+02:00,[60],[33.941628]
2025-09-14T04:21:45+02:00,[60],[33.941624]
2025-09-14T04:21:46+02:00,[60],[33.94162]
2025-09-14T04:21:47+02:00,[60],[33.941624]
2025-09-14T04:21:48+02:00,[60],[33.941628]
2025-09-14T04:21:49+02:00,[60],[33.941631]
2025-09-14T04:21:50+02:00,[60],[33.941635]
2025-09-14T04:21:51+02:00,[60],[33.941639]
2025-09-14T04:21:52+02:00,[60],[33.941643]
2025-09-14T04:21:53+02:00,[60],[33.941647]
2025-09-14T04:21:54+02:00,[60],[33.94165]
2025-09-14T04:21:55+02:00,[60],[33.94165]
2025-09-14T04:21:56+02:00,[60],[33.941654]
2025-09-14T04:21:57+02:00,[60],[33.941662]
2025-09-14T04:21:58+02:00,[60],[33.941666]
2025-09-14T04:21:59+02:00,[60],[33.941666]
2025-09-14T04:22:00+02:00,[60],[33.941669]
2025-09-14T04:22:01+02:00,[60],[33.941677]
2025-09-14T04:22:02+02:00,[60],[33.941685]
2025-09-14T04:22:03+02:00,[60],[33.941689]
2025-09-14T04:22:04+02:00,[60],[33.941689]
2025-09-14T04:22:05+02:00,[60],[33.941692]
2025-09-14T04:22:06+02:00,[60],[33.9417]
2025-09-14T04:22:07+02:00,[60],[33.941704]
2025-09-14T04:22:08+02:00,[60],[33.941711]
2025-09-14T04:22:09+02:00,[60],[33.941715]
2025-09-14T04:22:10+02:00,[60],[33.941715]
2025-09-14T04:22:11+02:00,[60],[33.941723]
2025-09-14T04:22:12+02:00,[60],[33.941719]
2025-09-14T04:22:13+02:00,[60],[33.941723]
2025-09-14T04:22:14+02:00,[60],[33.941723]
2025-09-14T04:22:15+02:00,[60],[33.941727]
2025-09-14T04:22:16+02:00,[60],[33.941723]
2025-09-14T04:22:17+02:00,[60],[33.941723]
2025-09-14T04:22:18+02:00,[60],[33.94173]
2025-09-14T04:22:19+02:00,[60],[33.94173]
2025-09-14T04:22:20+02:00,[60],[33.941734]
2025-09-14T04:22:21+02:00,[60],[33.941742]
2025-09-14T04:22:22+02:00,[60],[33.941753]
2025-09-14T04:22:23+02:00,[60],[33.941753]
2025-09-14T04:22:24+02:00,[60],[33.941757]
2025-09-14T04:22:25+02:00,[60],[33.941757]
2025-09-14T04:22:26+02:00,[60],[33.941761]
2025-09-14T04:22:27+02:00,[60],[33.941765]
2025-09-14T04:22:28+02:00,[60],[33.941765]
2025-09-14T04:22:29+02:00,[60],[33.941769]
2025-09-14T04:22:30+02:00,[60],[33.941772]
2025-09-14T04:22:31+02:00,[60],[33.94178]
2025-09-14T04:22:32+02:00,[60],[33.94178]
2025-09-14T04:22:33+02:00,[60],[33.941788]
2025-09-14T04:22:34+02:00,[60],[33.941792]
2025-09-14T04:22:35+02:00,[60],[33.941792]
2025-09-14T04:22:36+02:00,[60],[33.941795]
2025-09-14T04:22:37+02:00,[60],[33.941799]
2025-09-14T04:22:38+02:00,[60],[33.941803]
2025-09-14T04:22:39+02:00,[60],[33.941807]
2025-09-14T04:22:40+02:00,[60],[33.941811]
2025-09-14T04:22:41+02:00,[60],[33.941814]
2025-09-14T04:22:42+02:00,[60],[33.941818]
2025-09-14T04:22:43+02:00,[60],[33.941826]
2025-09-14T04:22:44+02:00,[60],[33.941833]
2025-09-14T04:22:45+02:00,[60],[33.941833]
2025-09-14T04:22:46+02:00,[60],[33.941837]
2025-09-14T04:22:47+02:00,[60],[33.941837]
2025-09-14T04:22:48+02:00,[60],[33.941845]
2025-09-14T04:22:49+02:00,[60],[33.941849]
2025-09-14T04:22:50+02:00,[60],[33.941853]
2025-09-14T04:22:51+02:00,[60],[33.941853]
2025-09-14T04:22:52+02:00,[60],[33.941849]
2025-09-14T04:22:53+02:00,[60],[33.941853]
2025-09-14T04:22:54+02:00,[60],[33.941864]
2025-09-14T04:22:55+02:00,[60],[33.941875]
2025-09-14T04:22:56+02:00,[60],[33.941875]
2025-09-14T04:22:57+02:00,[60],[33.941879]
2025-09-14T04:22:58+02:00,[60],[33.941887]
2025-09-14T04:22:59+02:00,[60],[33.941887]
2025-09-14T04:23:00+02:00,[60],[33.941895]
2025-09-14T04:23:01+02:00,[60],[33.941898]
2025-09-14T04:23:02+02:00,[60],[33.941898]
2025-09-14T04:23:03+02:00,[60],[33.941895]
2025-09-14T04:23:04+02:00,[60],[33.941895]
2025-09-14T04:23:05+02:00,[60],[33.941891]
2025-09-14T04:23:06+02:00,[60],[33.941891]
2025-09-14T04:23:07+02:00,[60],[33.941898]
2025-09-14T04:23:08+02:00,[60],[33.941906]
2025-09-14T04:23:09+02:00,[60],[33.941906]
2025-09-14T04:23:10+02:00,[60],[33.941914]
2025-09-14T04:23:11+02:00,[60],[33.941917]
2025-09-14T04:23:12+02:00,[60],[33.941917]
2025-09-14T04:23:13+02:00,[60],[33.941921]
2025-09-14T04:23:14+02:00,[60],[33.941925]
2025-09-14T04:23:15+02:00,[60],[33.941925]
2025-09-14T04:23:16+02:00,[60],[33.941925]
2025-09-14T04:23:17+02:00,[60],[33.941925]
2025-09-14T04:23:18+02:00,[60],[33.941929]
2025-09-14T04:23:19+02:00,[60],[33.941936]
2025-09-14T04:23:20+02:00,[60],[33.941944]
2025-09-14T04:23:21+02:00,[60],[33.941948]
2025-09-14T04:23:22+02:00,[60],[33.941948]
2025-09-14T04:23:23+02:00,[60],[33.941948]
2025-09-14T04:23:24+02:00,[60],[33.941952]
2025-09-14T04:23:25+02:00,[60],[33.941959]
2025-09-14T04:23:26+02:00,[60],[33.941956]
2025-09-14T04:23:27+02:00,[60],[33.941952]
2025-09-14T04:23:28+02:00,[60],[33.941956]
2025-09-14T04:23:29+02:00,[60],[33.941959]
2025-09-14T04:23:30+02:00,[60],[33.941956]
2025-09-14T04:23:31+02:00,[60],[33.941956]
2025-09-14T04:23:32+02:00,[60],[33.941956]
2025-09-14T04:23:33+02:00,[60],[33.941956]
2025-09-14T04:23:34+02:00,[60],[33.941956]
2025-09-14T04:23:35+02:00,[60],[33.941956]
2025-09-14T04:23:36+02:00,[60],[33.941963]
2025-09-14T04:23:37+02:00,[60],[33.941963]
2025-09-14T04:23:38+02:00,[60],[33.941959]
2025-09-14T04:23:39+02:00,[60],[33.941963]
2025-09-14T04:23:40+02:00,[60],[33.941959]
2025-09-14T04:23:41+02:00,[60],[33.941959]
2025-09-14T04:23:42+02:00,[60],[33.941967]
2025-09-14T04:23:43+02:00,[60],[33.941971]
2025-09-14T04:23:44+02:00,[60],[33.941967]
2025-09-14T04:23:45+02:00,[60],[33.941963]
2025-09-14T04:23:46+02:00,[60],[33.941959]
2025-09-14T04:23:47+02:00,[60],[33.941959]
2025-09-14T04:23:48+02:00,[60],[33.941959]
2025-09-14T04:23:49+02:00,[60],[33.941963]
2025-09-14T04:23:50+02:00,[60],[33.941963]
2025-09-14T04:23:51+02:00,[60],[33.941956]
2025-09-14T04:23:52+02:00,[60],[33.94194]
2025-09-14T04:23:53+02:00,[60],[33.941925]
2025-09-14T04:23:54+02:00,[60],[33.941917]
2025-09-14T04:23:55+02:00,[60],[33.941906]
2025-09-14T04:23:56+02:00,[60],[33.941895]
2025-09-14T04:23:57+02:00,[60],[33.941879]
2025-09-14T04:23:58+02:00,[60],[33.941864]
2025-09-14T04:23:59+02:00,[60],[33.941856]
2025-09-14T04:24:00+02:00,[60],[33.941841]
2025-09-14T04:24:01+02:00,[60],[33.94183]
2025-09-14T04:24:02+02:00,[60],[33.941818]
2025-09-14T04:24:03+02:00,[60],[33.941811]
2025-09-14T04:24:04+02:00,[60],[33.941799]
2025-09-14T04:24:05+02:00,[60],[33.941795]
2025-09-14T04:24:06+02:00,[60],[33.941792]
2025-09-14T04:24:07+02:00,[60],[33.941788]
2025-09-14T04:24:08+02:00,[60],[33.941784]
2025-09-14T04:24:09+02:00,[60],[33.94178]
2025-09-14T04:24:10+02:00,[60],[33.941776]
2025-09-14T04:24:11+02:00,[60],[33.941776]
2025-09-14T04:24:12+02:00,[60],[33.941776]
2025-09-14T04:24:13+02:00,[60],[33.941772]
2025-09-14T04:24:14+02:00,[60],[33.941772]
2025-09-14T04:24:15+02:00,[60],[33.941772]
2025-09-14T04:24:16+02:00,[60],[33.941769]
2025-09-14T04:24:17+02:00,[60],[33.941761]
2025-09-14T04:24:18+02:00,[60],[33.94175]
2025-09-14T04:24:19+02:00,[60],[33.941734]
2025-09-14T04:24:20+02:00,[60],[33.94173]
2025-09-14T04:24:21+02:00,[60],[33.941719]
2025-09-14T04:24:22+02:00,[60],[33.941715]
2025-09-14T04:24:23+02:00,[60],[33.941696]
2025-09-14T04:24:24+02:00,[60],[33.941689]
2025-09-14T04:24:25+02:00,[60],[33.941681]
2025-09-14T04:24:26+02:00,[60],[33.941673]
2025-09-14T04:24:27+02:00,[60],[33.941666]
2025-09-14T04:24:28+02:00,[60],[33.941658]
2025-09-14T04:24:29+02:00,[60],[33.941647]
2025-09-14T04:24:30+02:00,[60],[33.941635]
2025-09-14T04:24:31+02:00,[60],[33.941624]
2025-09-14T04:24:32+02:00,[60],[33.941616]
2025-09-14T04:24:33+02:00,[60],[33.941608]
2025-09-14T04:24:34+02:00,[60],[33.941597]
2025-09-14T04:24:35+02:00,[60],[33.941586]
2025-09-14T04:24:36+02:00,[60],[33.941574]
2025-09-14T04:24:37+02:00,[60],[33.941566]
2025-09-14T04:24:38+02:00,[60],[33.941563]
2025-09-14T04:24:39+02:00,[60],[33.941555]
2025-09-14T04:24:40+02:00,[60],[33.941544]
2025-09-14T04:24:41+02:00,[60],[33.941528]
2025-09-14T04:24:42+02:00,[60],[33.941517]
2025-09-14T04:24:43+02:00,[60],[33.941509]
2025-09-14T04:24:44+02:00,[60],[33.941509]
2025-09-14T04:24:45+02:00,[60],[33.94149]
2025-09-14T04:24:46+02:00,[60],[33.941486]
2025-09-14T04:24:47+02:00,[60],[33.941475]
2025-09-14T04:24:48+02:00,[60],[33.941467]
2025-09-14T04:24:49+02:00,[60],[33.94146]
2025-09-14T04:24:50+02:00,[60],[33.941448]
2025-09-14T04:24:51+02:00,[60],[33.941433]
2025-09-14T04:24:52+02:00,[60],[33.941425]
2025-09-14T04:24:53+02:00,[60],[33.941414]
2025-09-14T04:24:54+02:00,[60],[33.941402]
2025-09-14T04:24:55+02:00,[60],[33.941391]
2025-09-14T04:24:56+02:00,[60],[33.94138]
2025-09-14T04:24:57+02:00,[60],[33.941368]
2025-09-14T04:24:58+02:00,[60],[33.941357]
2025-09-14T04:24:59+02:00,[60],[33.941341]
2025-09-14T04:25:00+02:00,[60],[33.941326]
2025-09-14T04:25:01+02:00,[60],[33.941322]
2025-09-14T04:25:02+02:00,[60],[33.941315]
2025-09-14T04:25:03+02:00,[60],[33.941307]
2025-09-14T04:25:04+02:00,[60],[33.941292]
2025-09-14T04:25:05+02:00,[60],[33.94128]
2025-09-14T04:25:06+02:00,[60],[33.941265]
2025-09-14T04:25:07+02:00,[60],[33.941254]
2025-09-14T04:25:08+02:00,[60],[33.941242]
2025-09-14T04:25:09+02:00,[60],[33.941235]
2025-09-14T04:25:10+02:00,[60],[33.941223]
2025-09-14T04:25:11+02:00,[60],[33.941212]
2025-09-14T04:25:12+02:00,[60],[33.941196]
2025-09-14T04:25:13+02:00,[60],[33.941189]
2025-09-14T04:25:14+02:00,[60],[33.941174]
2025-09-14T04:25:15+02:00,[60],[33.941166]
2025-09-14T04:25:16+02:00,[60],[33.941158]
2025-09-14T04:25:17+02:00,[60],[33.941151]
2025-09-14T04:25:18+02:00,[60],[33.941139]
2025-09-14T04:25:19+02:00,[60],[33.941132]
2025-09-14T04:25:20+02:00,[60],[33.94112]
2025-09-14T04:25:21+02:00,[60],[33.941109]
2025-09-14T04:25:22+02:00,[60],[33.941097]
2025-09-14T04:25:23+02:00,[60],[33.941086]
2025-09-14T04:25:24+02:00,[60],[33.941078]
2025-09-14T04:25:25+02:00,[60],[33.941071]
2025-09-14T04:25:26+02:00,[60],[33.941051]
2025-09-14T04:25:27+02:00,[60],[33.941048]
2025-09-14T04:25:28+02:00,[60],[33.941036]
2025-09-14T04:25:29+02:00,[60],[33.941025]
2025-09-14T04:25:30+02:00,[60],[33.941013]
2025-09-14T04:25:31+02:00,[60],[33.94101]
2025-09-14T04:25:32+02:00,[60],[33.941002]
2025-09-14T04:25:33+02:00,[60],[33.940998]
2025-09-14T04:25:34+02:00,[60],[33.940983]
2025-09-14T04:25:35+02:00,[60],[33.940971]
2025-09-14T04:25:36+02:00,[60],[33.94096]
2025-09-14T04:25:37+02:00,[60],[33.940956]
2025-09-14T04:25:38+02:00,[60],[33.940948]
2025-09-14T04:25:39+02:00,[60],[33.940937]
2025-09-14T04:25:40+02:00,[60],[33.940926]
2025-09-14T04:25:41+02:00,[60],[33.940914]
2025-09-14T04:25:42+02:00,[60],[33.940907]
2025-09-14T04:25:43+02:00,[60],[33.940903]
2025-09-14T04:25:44+02:00,[60],[33.940895]
2025-09-14T04:25:45+02:00,[60],[33.940887]
2025-09-14T04:25:46+02:00,[60],[33.940868]
2025-09-14T04:25:47+02:00,[60],[33.940861]
2025-09-14T04:25:48+02:00,[60],[33.940861]
2025-09-14T04:25:49+02:00,[60],[33.940853]
2025-09-14T04:25:50+02:00,[60],[33.940842]
2025-09-14T04:25:51+02:00,[60],[33.940834]
2025-09-14T04:25:52+02:00,[60],[33.940826]
2025-09-14T04:25:53+02:00,[60],[33.940819]
2025-09-14T04:25:54+02:00,[60],[33.940804]
2025-09-14T04:25:55+02:00,[60],[33.9408]
2025-09-14T04:25:56+02:00,[60],[33.940796]
2025-09-14T04:25:57+02:00,[60],[33.940784]
2025-09-14T04:25:58+02:00,[60],[33.940781]
2025-09-14T04:25:59+02:00,[60],[33.940773]
2025-09-14T04:26:00+02:00,[60],[33.940765]
2025-09-14T04:26:01+02:00,[60],[33.940758]
2025-09-14T04:26:02+02:00,[60],[33.940746]
2025-09-14T04:26:03+02:00,[60],[33.940739]
2025-09-14T04:26:04+02:00,[60],[33.940731]
2025-09-14T04:26:05+02:00,[60],[33.940723]
2025-09-14T04:26:06+02:00,[60],[33.940716]
2025-09-14T04:26:07+02:00,[60],[33.940708]
2025-09-14T04:26:08+02:00,[60],[33.940697]
2025-09-14T04:26:09+02:00,[60],[33.940685]
2025-09-14T04:26:10+02:00,[60],[33.940681]
2025-09-14T04:26:11+02:00,[60],[33.94067]
2025-09-14T04:26:12+02:00,[60],[33.940655]
2025-09-14T04:26:13+02:00,[60],[33.940659]
2025-09-14T04:26:14+02:00,[60],[33.940655]
2025-09-14T04:26:16+02:00,[60],[33.940643]
2025-09-14T04:26:17+02:00,[60],[33.940628]
2025-09-14T04:26:18+02:00,[60],[33.940624]
2025-09-14T04:26:19+02:00,[60],[33.940613]
2025-09-14T04:26:20+02:00,[60],[33.940605]
2025-09-14T04:26:21+02:00,[60],[33.940598]
2025-09-14T04:26:22+02:00,[60],[33.940586]
2025-09-14T04:26:23+02:00,[60],[33.940578]
2025-09-14T04:26:24+02:00,[60],[33.940563]
2025-09-14T04:26:25+02:00,[60],[33.940552]
2025-09-14T04:26:26+02:00,[60],[33.94054]
2025-09-14T04:26:27+02:00,[60],[33.940536]
2025-09-14T04:26:28+02:00,[60],[33.940525]
2025-09-14T04:26:29+02:00,[60],[33.940517]
2025-09-14T04:26:30+02:00,[60],[33.94051]
2025-09-14T04:26:31+02:00,[60],[33.940498]
2025-09-14T04:26:32+02:00,[60],[33.940495]
2025-09-14T04:26:33+02:00,[60],[33.940491]
2025-09-14T04:26:34+02:00,[60],[33.940491]
2025-09-14T04:26:35+02:00,[60],[33.940487]
2025-09-14T04:26:36+02:00,[60],[33.940487]
2025-09-14T04:26:37+02:00,[60],[33.940491]
2025-09-14T04:26:38+02:00,[60],[33.940495]
2025-09-14T04:26:39+02:00,[60],[33.940498]
2025-09-14T04:26:40+02:00,[60],[33.940506]
2025-09-14T04:26:41+02:00,[60],[33.940514]
2025-09-14T04:26:42+02:00,[60],[33.940517]
2025-09-14T04:26:43+02:00,[60],[33.940525]
2025-09-14T04:26:44+02:00,[60],[33.940552]
2025-09-14T04:26:45+02:00,[60],[33.940563]
2025-09-14T04:26:46+02:00,[60],[33.940571]
2025-09-14T04:26:47+02:00,[60],[33.940582]
2025-09-14T04:26:48+02:00,[60],[33.94059]
2025-09-14T04:26:49+02:00,[60],[33.940601]
2025-09-14T04:26:50+02:00,[60],[33.940609]
2025-09-14T04:26:51+02:00,[60],[33.94062]
2025-09-14T04:26:52+02:00,[60],[33.940632]
2025-09-14T04:26:53+02:00,[60],[33.940639]
2025-09-14T04:26:54+02:00,[60],[33.940643]
2025-09-14T04:26:55+02:00,[60],[33.940651]
2025-09-14T04:26:56+02:00,[60],[33.940659]
2025-09-14T04:26:57+02:00,[60],[33.94067]
2025-09-14T04:26:58+02:00,[60],[33.940681]
2025-09-14T04:26:59+02:00,[60],[33.940689]
2025-09-14T04:27:00+02:00,[60],[33.940693]
2025-09-14T04:27:01+02:00,[60],[33.940704]
2025-09-14T04:27:02+02:00,[60],[33.940716]
2025-09-14T04:27:03+02:00,[60],[33.940723]
2025-09-14T04:27:04+02:00,[60],[33.940731]
2025-09-14T04:27:05+02:00,[60],[33.940739]
2025-09-14T04:27:06+02:00,[60],[33.940754]
2025-09-14T04:27:07+02:00,[60],[33.940762]
2025-09-14T04:27:08+02:00,[60],[33.940769]
2025-09-14T04:27:09+02:00,[60],[33.940784]
2025-09-14T04:27:10+02:00,[60],[33.940796]
2025-09-14T04:27:11+02:00,[60],[33.940811]
2025-09-14T04:27:12+02:00,[60],[33.940819]
2025-09-14T04:27:13+02:00,[60],[33.94083]
2025-09-14T04:27:14+02:00,[60],[33.940842]
2025-09-14T04:27:15+02:00,[60],[33.940849]
2025-09-14T04:27:16+02:00,[60],[33.940861]
2025-09-14T04:27:17+02:00,[60],[33.940872]
2025-09-14T04:27:18+02:00,[60],[33.940887]
2025-09-14T04:27:19+02:00,[60],[33.940895]
2025-09-14T04:27:20+02:00,[60],[33.940907]
2025-09-14T04:27:21+02:00,[60],[33.94091]
2025-09-14T04:27:22+02:00,[60],[33.940914]
2025-09-14T04:27:23+02:00,[60],[33.940926]
2025-09-14T04:27:24+02:00,[60],[33.940933]
2025-09-14T04:27:25+02:00,[60],[33.940945]
2025-09-14T04:27:26+02:00,[60],[33.940952]
2025-09-14T04:27:27+02:00,[60],[33.94096]
2025-09-14T04:27:28+02:00,[60],[33.940971]
2025-09-14T04:27:29+02:00,[60],[33.940975]
2025-09-14T04:27:30+02:00,[60],[33.940987]
2025-09-14T04:27:31+02:00,[60],[33.941002]
2025-09-14T04:27:32+02:00,[60],[33.941013]
2025-09-14T04:27:33+02:00,[60],[33.941025]
2025-09-14T04:27:34+02:00,[60],[33.941036]
2025-09-14T04:27:35+02:00,[60],[33.941048]
2025-09-14T04:27:36+02:00,[60],[33.941055]
2025-09-14T04:27:37+02:00,[60],[33.941063]
2025-09-14T04:27:38+02:00,[60],[33.941071]
2025-09-14T04:27:39+02:00,[60],[33.941082]
2025-09-14T04:27:41+02:00,[60],[33.94109]
2025-09-14T04:27:42+02:00,[60],[33.941101]
2025-09-14T04:27:43+02:00,[60],[33.941113]
2025-09-14T04:27:44+02:00,[60],[33.941124]
2025-09-14T04:27:45+02:00,[60],[33.941132]
2025-09-14T04:27:46+02:00,[60],[33.941143]
2025-09-14T04:27:47+02:00,[60],[33.941154]
2025-09-14T04:27:48+02:00,[60],[33.941162]
2025-09-14T04:27:49+02:00,[60],[33.941177]
2025-09-14T04:27:50+02:00,[60],[33.941189]
2025-09-14T04:27:51+02:00,[60],[33.941204]
2025-09-14T04:27:52+02:00,[60],[33.941219]
2025-09-14T04:27:53+02:00,[60],[33.941231]
2025-09-14T04:27:54+02:00,[60],[33.941238]
2025-09-14T04:27:55+02:00,[60],[33.94125]
2025-09-14T04:27:56+02:00,[60],[33.941261]
2025-09-14T04:27:57+02:00,[60],[33.941269]
2025-09-14T04:27:58+02:00,[60],[33.941277]
2025-09-14T04:27:59+02:00,[60],[33.941288]
2025-09-14T04:28:00+02:00,[60],[33.941299]
2025-09-14T04:28:01+02:00,[60],[33.941311]
2025-09-14T04:28:02+02:00,[60],[33.941326]
2025-09-14T04:28:03+02:00,[60],[33.941338]
2025-09-14T04:28:04+02:00,[60],[33.941353]
2025-09-14T04:28:05+02:00,[60],[33.941364]
2025-09-14T04:28:06+02:00,[60],[33.941368]
2025-09-14T04:28:07+02:00,[60],[33.941372]
2025-09-14T04:28:08+02:00,[60],[33.941383]
2025-09-14T04:28:09+02:00,[60],[33.941395]
2025-09-14T04:28:10+02:00,[60],[33.941402]
2025-09-14T04:28:11+02:00,[60],[33.941414]
2025-09-14T04:28:12+02:00,[60],[33.941425]
2025-09-14T04:28:13+02:00,[60],[33.941437]
2025-09-14T04:28:14+02:00,[60],[33.941452]
2025-09-14T04:28:15+02:00,[60],[33.941463]
2025-09-14T04:28:16+02:00,[60],[33.941475]
2025-09-14T04:28:17+02:00,[60],[33.94149]
2025-09-14T04:28:18+02:00,[60],[33.941498]
2025-09-14T04:28:19+02:00,[60],[33.941509]
2025-09-14T04:28:20+02:00,[60],[33.941521]
2025-09-14T04:28:21+02:00,[60],[33.94154]
2025-09-14T04:28:22+02:00,[60],[33.941544]
2025-09-14T04:28:23+02:00,[60],[33.941559]
2025-09-14T04:28:24+02:00,[60],[33.941566]
2025-09-14T04:28:25+02:00,[60],[33.941582]
2025-09-14T04:28:26+02:00,[60],[33.941589]
2025-09-14T04:28:27+02:00,[60],[33.941601]
2025-09-14T04:28:28+02:00,[60],[33.941612]
2025-09-14T04:28:29+02:00,[60],[33.941628]
2025-09-14T04:28:30+02:00,[60],[33.941639]
2025-09-14T04:28:31+02:00,[60],[33.941647]
2025-09-14T04:28:32+02:00,[60],[33.941654]
2025-09-14T04:28:33+02:00,[60],[33.941662]
2025-09-14T04:28:34+02:00,[60],[33.941669]
2025-09-14T04:28:35+02:00,[60],[33.941681]
2025-09-14T04:28:36+02:00,[60],[33.941692]
2025-09-14T04:28:37+02:00,[60],[33.941704]
2025-09-14T04:28:38+02:00,[60],[33.941715]
2025-09-14T04:28:39+02:00,[60],[33.941727]
2025-09-14T04:28:40+02:00,[60],[33.941734]
2025-09-14T04:28:41+02:00,[60],[33.941742]
2025-09-14T04:28:42+02:00,[60],[33.94175]
2025-09-14T04:28:43+02:00,[60],[33.941757]
2025-09-14T04:28:44+02:00,[60],[33.941765]
2025-09-14T04:28:45+02:00,[60],[33.941765]
2025-09-14T04:28:46+02:00,[60],[33.941769]
2025-09-14T04:28:47+02:00,[60],[33.941772]
2025-09-14T04:28:48+02:00,[60],[33.941772]
2025-09-14T04:28:49+02:00,[60],[33.941772]
2025-09-14T04:28:50+02:00,[60],[33.941772]
2025-09-14T04:28:51+02:00,[60],[33.941772]
2025-09-14T04:28:52+02:00,[60],[33.941769]
2025-09-14T04:28:53+02:00,[60],[33.941765]
2025-09-14T04:28:54+02:00,[60],[33.941765]
2025-09-14T04:28:55+02:00,[60],[33.941769]
2025-09-14T04:28:56+02:00,[60],[33.941769]
2025-09-14T04:28:57+02:00,[60],[33.941769]
2025-09-14T04:28:58+02:00,[60],[33.941765]
2025-09-14T04:28:59+02:00,[60],[33.941765]
2025-09-14T04:29:00+02:00,[60],[33.941765]
2025-09-14T04:29:01+02:00,[60],[33.941769]
2025-09-14T04:29:02+02:00,[60],[33.941769]
2025-09-14T04:29:03+02:00,[60],[33.941772]
2025-09-14T04:29:04+02:00,[60],[33.941776]
2025-09-14T04:29:05+02:00,[60],[33.94178]
2025-09-14T04:29:06+02:00,[60],[33.941776]
2025-09-14T04:29:07+02:00,[60],[33.941772]
2025-09-14T04:29:08+02:00,[60],[33.941765]
2025-09-14T04:29:09+02:00,[60],[33.941761]
2025-09-14T04:29:10+02:00,[60],[33.941761]
2025-09-14T04:29:11+02:00,[60],[33.941761]
2025-09-14T04:29:12+02:00,[60],[33.941757]
2025-09-14T04:29:13+02:00,[60],[33.941757]
2025-09-14T04:29:14+02:00,[60],[33.941757]
2025-09-14T04:29:15+02:00,[60],[33.941753]
2025-09-14T04:29:16+02:00,[60],[33.941753]
2025-09-14T04:29:17+02:00,[60],[33.94175]
2025-09-14T04:29:18+02:00,[60],[33.94175]
2025-09-14T04:29:19+02:00,[60],[33.94175]
2025-09-14T04:29:20+02:00,[60],[33.941742]
2025-09-14T04:29:21+02:00,[60],[33.941742]
2025-09-14T04:29:22+02:00,[60],[33.941742]
2025-09-14T04:29:23+02:00,[60],[33.941742]
2025-09-14T04:29:24+02:00,[60],[33.941738]
2025-09-14T04:29:25+02:00,[60],[33.94173]
2025-09-14T04:29:26+02:00,[60],[33.941734]
2025-09-14T04:29:27+02:00,[60],[33.941727]
2025-09-14T04:29:28+02:00,[60],[33.941727]
2025-09-14T04:29:29+02:00,[60],[33.941723]
2025-09-14T04:29:30+02:00,[60],[33.941723]
2025-09-14T04:29:31+02:00,[60],[33.941719]
2025-09-14T04:29:32+02:00,[60],[33.941715]
2025-09-14T04:29:33+02:00,[60],[33.941708]
2025-09-14T04:29:34+02:00,[60],[33.941704]
2025-09-14T04:29:35+02:00,[60],[33.941704]
2025-09-14T04:29:36+02:00,[60],[33.9417]
2025-09-14T04:29:37+02:00,[60],[33.9417]
2025-09-14T04:29:38+02:00,[60],[33.941696]
2025-09-14T04:29:39+02:00,[60],[33.941689]
2025-09-14T04:29:40+02:00,[60],[33.941689]
2025-09-14T04:29:41+02:00,[60],[33.941689]
2025-09-14T04:29:42+02:00,[60],[33.941689]
2025-09-14T04:29:43+02:00,[60],[33.941685]
2025-09-14T04:29:44+02:00,[60],[33.941681]
2025-09-14T04:29:45+02:00,[60],[33.941677]
2025-09-14T04:29:47+02:00,[60],[33.941673]
2025-09-14T04:29:48+02:00,[60],[33.941673]
2025-09-14T04:29:49+02:00,[60],[33.941669]
2025-09-14T04:29:50+02:00,[60],[33.941666]
2025-09-14T04:29:51+02:00,[60],[33.941662]
2025-09-14T04:29:52+02:00,[60],[33.941658]
2025-09-14T04:29:53+02:00,[60],[33.941658]
2025-09-14T04:29:54+02:00,[60],[33.941658]
2025-09-14T04:29:55+02:00,[60],[33.941654]
2025-09-14T04:29:56+02:00,[60],[33.94165]
2025-09-14T04:29:57+02:00,[60],[33.941643]
2025-09-14T04:29:58+02:00,[60],[33.941639]
2025-09-14T04:29:59+02:00,[60],[33.941639]
2025-09-14T04:30:00+02:00,[60],[33.941635]
2025-09-14T04:30:01+02:00,[60],[33.941635]
2025-09-14T04:30:02+02:00,[60],[33.941628]
2025-09-14T04:30:03+02:00,[60],[33.941628]
2025-09-14T04:30:04+02:00,[60],[33.941628]
2025-09-14T04:30:05+02:00,[60],[33.941624]
2025-09-14T04:30:06+02:00,[60],[33.94162]
2025-09-14T04:30:07+02:00,[60],[33.941616]
2025-09-14T04:30:08+02:00,[60],[33.941612]
2025-09-14T04:30:09+02:00,[60],[33.941612]
2025-09-14T04:30:10+02:00,[60],[33.941608]
2025-09-14T04:30:11+02:00,[60],[33.941605]
2025-09-14T04:30:12+02:00,[60],[33.941601]
2025-09-14T04:30:13+02:00,[60],[33.941601]
2025-09-14T04:30:14+02:00,[60],[33.941593]
2025-09-14T04:30:15+02:00,[60],[33.941589]
2025-09-14T04:30:16+02:00,[60],[33.941589]
2025-09-14T04:30:17+02:00,[60],[33.941586]
2025-09-14T04:30:18+02:00,[60],[33.941582]
2025-09-14T04:30:19+02:00,[60],[33.941578]
2025-09-14T04:30:20+02:00,[60],[33.941578]
2025-09-14T04:30:21+02:00,[60],[33.941578]
2025-09-14T04:30:22+02:00,[60],[33.94157]
2025-09-14T04:30:23+02:00,[60],[33.941566]
2025-09-14T04:30:24+02:00,[60],[33.941566]
2025-09-14T04:30:25+02:00,[60],[33.941559]
2025-09-14T04:30:26+02:00,[60],[33.941559]
2025-09-14T04:30:27+02:00,[60],[33.941555]
2025-09-14T04:30:28+02:00,[60],[33.941555]
2025-09-14T04:30:29+02:00,[60],[33.941547]
2025-09-14T04:30:30+02:00,[60],[33.941544]
2025-09-14T04:30:31+02:00,[60],[33.94154]
2025-09-14T04:30:32+02:00,[60],[33.94154]
2025-09-14T04:30:33+02:00,[60],[33.94154]
2025-09-14T04:30:34+02:00,[60],[33.94154]
2025-09-14T04:30:35+02:00,[60],[33.94154]
2025-09-14T04:30:36+02:00,[60],[33.94154]
2025-09-14T04:30:37+02:00,[60],[33.941536]
2025-09-14T04:30:38+02:00,[60],[33.941536]
2025-09-14T04:30:39+02:00,[60],[33.941525]
2025-09-14T04:30:40+02:00,[60],[33.941521]
2025-09-14T04:30:41+02:00,[60],[33.941517]
2025-09-14T04:30:42+02:00,[60],[33.941517]
2025-09-14T04:30:43+02:00,[60],[33.941517]
2025-09-14T04:30:44+02:00,[60],[33.941513]
2025-09-14T04:30:45+02:00,[60],[33.941505]
2025-09-14T04:30:46+02:00,[60],[33.941502]
2025-09-14T04:30:47+02:00,[60],[33.941502]
2025-09-14T04:30:48+02:00,[60],[33.941502]
2025-09-14T04:30:49+02:00,[60],[33.941498]
2025-09-14T04:30:50+02:00,[60],[33.941494]
2025-09-14T04:30:51+02:00,[60],[33.941486]
2025-09-14T04:30:52+02:00,[60],[33.941483]
2025-09-14T04:30:53+02:00,[60],[33.941483]
2025-09-14T04:30:54+02:00,[60],[33.941479]
2025-09-14T04:30:55+02:00,[60],[33.941475]
2025-09-14T04:30:56+02:00,[60],[33.941471]
2025-09-14T04:30:57+02:00,[60],[33.941471]
2025-09-14T04:30:58+02:00,[60],[33.941471]
2025-09-14T04:30:59+02:00,[60],[33.941467]
2025-09-14T04:31:00+02:00,[60],[33.941463]
2025-09-14T04:31:01+02:00,[60],[33.94146]
2025-09-14T04:31:02+02:00,[60],[33.94146]
2025-09-14T04:31:03+02:00,[60],[33.94146]
2025-09-14T04:31:04+02:00,[60],[33.941456]
2025-09-14T04:31:05+02:00,[60],[33.941448]
2025-09-14T04:31:06+02:00,[60],[33.941448]
2025-09-14T04:31:07+02:00,[60],[33.941448]
2025-09-14T04:31:08+02:00,[60],[33.941448]
2025-09-14T04:31:09+02:00,[60],[33.941448]
2025-09-14T04:31:10+02:00,[60],[33.941444]
2025-09-14T04:31:11+02:00,[60],[33.941441]
2025-09-14T04:31:12+02:00,[60],[33.941437]
2025-09-14T04:31:13+02:00,[60],[33.941433]
2025-09-14T04:31:14+02:00,[60],[33.941429]
2025-09-14T04:31:15+02:00,[60],[33.941429]
2025-09-14T04:31:16+02:00,[60],[33.941422]
2025-09-14T04:31:17+02:00,[60],[33.941422]
2025-09-14T04:31:18+02:00,[60],[33.941422]
2025-09-14T04:31:19+02:00,[60],[33.941418]
2025-09-14T04:31:20+02:00,[60],[33.941418]
2025-09-14T04:31:21+02:00,[60],[33.941414]
2025-09-14T04:31:22+02:00,[60],[33.94141]
2025-09-14T04:31:23+02:00,[60],[33.941406]
2025-09-14T04:31:24+02:00,[60],[33.941402]
2025-09-14T04:31:25+02:00,[60],[33.941402]
2025-09-14T04:31:26+02:00,[60],[33.941402]
2025-09-14T04:31:27+02:00,[60],[33.941406]
2025-09-14T04:31:28+02:00,[60],[33.941406]
2025-09-14T04:31:29+02:00,[60],[33.941418]
2025-09-14T04:31:30+02:00,[60],[33.941433]
2025-09-14T04:31:31+02:00,[60],[33.941444]
2025-09-14T04:31:32+02:00,[60],[33.941456]
2025-09-14T04:31:33+02:00,[60],[33.941471]
2025-09-14T04:31:34+02:00,[60],[33.941479]
2025-09-14T04:31:35+02:00,[60],[33.941498]
2025-09-14T04:31:36+02:00,[60],[33.941509]
2025-09-14T04:31:37+02:00,[60],[33.941521]
2025-09-14T04:31:38+02:00,[60],[33.941528]
2025-09-14T04:31:39+02:00,[60],[33.94154]
2025-09-14T04:31:40+02:00,[60],[33.941547]
2025-09-14T04:31:41+02:00,[60],[33.941559]
2025-09-14T04:31:42+02:00,[60],[33.941578]
2025-09-14T04:31:43+02:00,[60],[33.941589]
2025-09-14T04:31:44+02:00,[60],[33.941593]
2025-09-14T04:31:45+02:00,[60],[33.941589]
2025-09-14T04:31:46+02:00,[60],[33.941593]
2025-09-14T04:31:47+02:00,[60],[33.941589]
2025-09-14T04:31:48+02:00,[60],[33.941589]
2025-09-14T04:31:49+02:00,[60],[33.941589]
2025-09-14T04:31:50+02:00,[60],[33.941586]
2025-09-14T04:31:52+02:00,[60],[33.941586]
2025-09-14T04:31:53+02:00,[60],[33.941589]
2025-09-14T04:31:54+02:00,[60],[33.941589]
2025-09-14T04:31:55+02:00,[60],[33.941589]
2025-09-14T04:31:56+02:00,[60],[33.941593]
2025-09-14T04:31:57+02:00,[60],[33.941593]
2025-09-14T04:31:58+02:00,[60],[33.941589]
2025-09-14T04:31:59+02:00,[60],[33.941574]
2025-09-14T04:32:00+02:00,[60],[33.941563]
2025-09-14T04:32:01+02:00,[60],[33.941559]
2025-09-14T04:32:02+02:00,[60],[33.941555]
2025-09-14T04:32:03+02:00,[60],[33.941551]
2025-09-14T04:32:04+02:00,[60],[33.941547]
2025-09-14T04:32:05+02:00,[60],[33.941544]
2025-09-14T04:32:06+02:00,[60],[33.94154]
2025-09-14T04:32:07+02:00,[60],[33.94154]
2025-09-14T04:32:08+02:00,[60],[33.94154]
2025-09-14T04:32:09+02:00,[60],[33.941536]
2025-09-14T04:32:10+02:00,[60],[33.94154]
2025-09-14T04:32:11+02:00,[60],[33.94154]
2025-09-14T04:32:12+02:00,[60],[33.94154]
2025-09-14T04:32:13+02:00,[60],[33.94154]
2025-09-14T04:32:14+02:00,[60],[33.94154]
2025-09-14T04:32:15+02:00,[60],[33.941536]
2025-09-14T04:32:16+02:00,[60],[33.941532]
2025-09-14T04:32:17+02:00,[60],[33.941528]
2025-09-14T04:32:18+02:00,[60],[33.941521]
2025-09-14T04:32:19+02:00,[60],[33.941521]
2025-09-14T04:32:20+02:00,[60],[33.941513]
2025-09-14T04:32:21+02:00,[60],[33.941513]
2025-09-14T04:32:22+02:00,[60],[33.941513]
2025-09-14T04:32:23+02:00,[60],[33.941509]
2025-09-14T04:32:24+02:00,[60],[33.941509]
2025-09-14T04:32:25+02:00,[60],[33.941509]
2025-09-14T04:32:26+02:00,[60],[33.941505]
2025-09-14T04:32:27+02:00,[60],[33.941502]
2025-09-14T04:32:28+02:00,[60],[33.941502]
2025-09-14T04:32:29+02:00,[60],[33.941502]
2025-09-14T04:32:30+02:00,[60],[33.941502]
2025-09-14T04:32:31+02:00,[60],[33.941505]
2025-09-14T04:32:32+02:00,[60],[33.941505]
2025-09-14T04:32:33+02:00,[60],[33.941505]
2025-09-14T04:32:34+02:00,[60],[33.941505]
2025-09-14T04:32:35+02:00,[60],[33.941505]
2025-09-14T04:32:36+02:00,[60],[33.941505]
2025-09-14T04:32:37+02:00,[60],[33.941505]
2025-09-14T04:32:38+02:00,[60],[33.941502]
2025-09-14T04:32:39+02:00,[60],[33.941502]
2025-09-14T04:32:40+02:00,[60],[33.941502]
2025-09-14T04:32:41+02:00,[60],[33.941502]
2025-09-14T04:32:42+02:00,[60],[33.941502]
2025-09-14T04:32:43+02:00,[60],[33.941502]
2025-09-14T04:32:44+02:00,[60],[33.941502]
2025-09-14T04:32:45+02:00,[60],[33.941502]
2025-09-14T04:32:46+02:00,[60],[33.941502]
2025-09-14T04:32:47+02:00,[60],[33.941505]
2025-09-14T04:32:48+02:00,[60],[33.941505]
2025-09-14T04:32:49+02:00,[60],[33.941505]
2025-09-14T04:32:50+02:00,[60],[33.941505]
2025-09-14T04:32:51+02:00,[60],[33.941505]
2025-09-14T04:32:52+02:00,[60],[33.941505]
2025-09-14T04:32:53+02:00,[60],[33.941505]
2025-09-14T04:32:54+02:00,[60],[33.941502]
2025-09-14T04:32:55+02:00,[60],[33.941505]
2025-09-14T04:32:56+02:00,[60],[33.941505]
2025-09-14T04:32:57+02:00,[60],[33.941505]
2025-09-14T04:32:58+02:00,[60],[33.941505]
2025-09-14T04:32:59+02:00,[60],[33.941505]
2025-09-14T04:33:00+02:00,[60],[33.941505]
2025-09-14T04:33:01+02:00,[60],[33.941505]
2025-09-14T04:33:02+02:00,[60],[33.941505]
2025-09-14T04:33:03+02:00,[60],[33.941505]
2025-09-14T04:33:04+02:00,[60],[33.941505]
2025-09-14T04:33:05+02:00,[60],[33.941505]
2025-09-14T04:33:06+02:00,[60],[33.941505]
2025-09-14T04:33:07+02:00,[60],[33.941505]
2025-09-14T04:33:08+02:00,[60],[33.941505]
2025-09-14T04:33:09+02:00,[60],[33.941505]
2025-09-14T04:33:10+02:00,[60],[33.941502]
2025-09-14T04:33:11+02:00,[60],[33.941505]
2025-09-14T04:33:12+02:00,[60],[33.941502]
2025-09-14T04:33:13+02:00,[60],[33.941502]
2025-09-14T04:33:14+02:00,[60],[33.941502]
2025-09-14T04:33:15+02:00,[60],[33.941502]
2025-09-14T04:33:16+02:00,[60],[33.941502]
2025-09-14T04:33:17+02:00,[60],[33.941502]
2025-09-14T04:33:18+02:00,[60],[33.941502]
2025-09-14T04:33:19+02:00,[60],[33.941502]
2025-09-14T04:33:20+02:00,[60],[33.941502]
2025-09-14T04:33:21+02:00,[60],[33.941505]
2025-09-14T04:33:22+02:00,[60],[33.941502]
2025-09-14T04:33:23+02:00,[60],[33.941502]
2025-09-14T04:33:24+02:00,[60],[33.941505]
2025-09-14T04:33:25+02:00,[60],[33.941505]
2025-09-14T04:33:26+02:00,[60],[33.941498]
2025-09-14T04:33:27+02:00,[60],[33.94149]
2025-09-14T04:33:28+02:00,[60],[33.94149]
2025-09-14T04:33:29+02:00,[60],[33.94149]
2025-09-14T04:33:30+02:00,[60],[33.94149]
2025-09-14T04:33:31+02:00,[60],[33.941486]
2025-09-14T04:33:32+02:00,[60],[33.941479]
2025-09-14T04:33:33+02:00,[60],[33.941475]
2025-09-14T04:33:34+02:00,[60],[33.941471]
2025-09-14T04:33:35+02:00,[60],[33.941463]
2025-09-14T04:33:36+02:00,[60],[33.94146]
2025-09-14T04:33:37+02:00,[60],[33.941456]
2025-09-14T04:33:38+02:00,[60],[33.941452]
2025-09-14T04:33:39+02:00,[60],[33.941452]
2025-09-14T04:33:40+02:00,[60],[33.941448]
2025-09-14T04:33:41+02:00,[60],[33.941448]
2025-09-14T04:33:42+02:00,[60],[33.941444]
2025-09-14T04:33:43+02:00,[60],[33.941441]
2025-09-14T04:33:44+02:00,[60],[33.941437]
2025-09-14T04:33:45+02:00,[60],[33.941429]
2025-09-14T04:33:46+02:00,[60],[33.941433]
2025-09-14T04:33:47+02:00,[60],[33.941433]
2025-09-14T04:33:48+02:00,[60],[33.941425]
2025-09-14T04:33:49+02:00,[60],[33.941429]
2025-09-14T04:33:50+02:00,[60],[33.941433]
2025-09-14T04:33:51+02:00,[60],[33.941429]
2025-09-14T04:33:52+02:00,[60],[33.941429]
2025-09-14T04:33:53+02:00,[60],[33.941433]
2025-09-14T04:33:54+02:00,[60],[33.941433]
2025-09-14T04:33:55+02:00,[60],[33.941433]
2025-09-14T04:33:57+02:00,[60],[33.941433]
2025-09-14T04:33:58+02:00,[60],[33.941433]
2025-09-14T04:33:59+02:00,[60],[33.941429]
2025-09-14T04:34:00+02:00,[60],[33.941429]
2025-09-14T04:34:01+02:00,[60],[33.941429]
2025-09-14T04:34:02+02:00,[60],[33.941429]
2025-09-14T04:34:03+02:00,[60],[33.941425]
2025-09-14T04:34:04+02:00,[60],[33.941425]
2025-09-14T04:34:05+02:00,[60],[33.941425]
2025-09-14T04:34:06+02:00,[60],[33.941425]
2025-09-14T04:34:07+02:00,[60],[33.941422]
2025-09-14T04:34:08+02:00,[60],[33.941418]
2025-09-14T04:34:09+02:00,[60],[33.941425]
2025-09-14T04:34:10+02:00,[60],[33.941422]
2025-09-14T04:34:11+02:00,[60],[33.941425]
2025-09-14T04:34:12+02:00,[60],[33.941422]
2025-09-14T04:34:13+02:00,[60],[33.941406]
2025-09-14T04:34:14+02:00,[60],[33.941414]
2025-09-14T04:34:15+02:00,[60],[33.941414]
2025-09-14T04:34:16+02:00,[60],[33.941414]
2025-09-14T04:34:17+02:00,[60],[33.941414]
2025-09-14T04:34:18+02:00,[60],[33.941414]
2025-09-14T04:34:19+02:00,[60],[33.94141]
2025-09-14T04:34:20+02:00,[60],[33.94141]
2025-09-14T04:34:21+02:00,[60],[33.94141]
2025-09-14T04:34:22+02:00,[60],[33.941418]
2025-09-14T04:34:23+02:00,[60],[33.941414]
2025-09-14T04:34:24+02:00,[60],[33.941414]
2025-09-14T04:34:25+02:00,[60],[33.941418]
2025-09-14T04:34:26+02:00,[60],[33.941422]
2025-09-14T04:34:27+02:00,[60],[33.941425]
2025-09-14T04:34:28+02:00,[60],[33.941433]
2025-09-14T04:34:29+02:00,[60],[33.941441]
2025-09-14T04:34:30+02:00,[60],[33.941433]
2025-09-14T04:34:31+02:00,[60],[33.941437]
2025-09-14T04:34:32+02:00,[60],[33.941448]
2025-09-14T04:34:33+02:00,[60],[33.941456]
2025-09-14T04:34:34+02:00,[60],[33.94146]
2025-09-14T04:34:35+02:00,[60],[33.941467]
2025-09-14T04:34:36+02:00,[60],[33.941471]
2025-09-14T04:34:37+02:00,[60],[33.941475]
2025-09-14T04:34:38+02:00,[60],[33.941479]
2025-09-14T04:34:39+02:00,[60],[33.941483]
2025-09-14T04:34:40+02:00,[60],[33.94149]
2025-09-14T04:34:41+02:00,[60],[33.941494]
2025-09-14T04:34:42+02:00,[60],[33.941498]
2025-09-14T04:34:43+02:00,[60],[33.941502]
2025-09-14T04:34:44+02:00,[60],[33.941505]
2025-09-14T04:34:45+02:00,[60],[33.941513]
2025-09-14T04:34:46+02:00,[60],[33.941513]
2025-09-14T04:34:47+02:00,[60],[33.941513]
2025-09-14T04:34:48+02:00,[60],[33.941513]
2025-09-14T04:34:49+02:00,[60],[33.941517]
2025-09-14T04:34:50+02:00,[60],[33.941517]
2025-09-14T04:34:51+02:00,[60],[33.941517]
2025-09-14T04:34:52+02:00,[60],[33.941521]
2025-09-14T04:34:53+02:00,[60],[33.941521]
2025-09-14T04:34:54+02:00,[60],[33.941521]
2025-09-14T04:34:55+02:00,[60],[33.941521]
2025-09-14T04:34:56+02:00,[60],[33.941521]
2025-09-14T04:34:57+02:00,[60],[33.941521]
2025-09-14T04:34:58+02:00,[60],[33.941521]
2025-09-14T04:34:59+02:00,[60],[33.941521]
2025-09-14T04:35:00+02:00,[60],[33.941521]
2025-09-14T04:35:01+02:00,[60],[33.941521]
2025-09-14T04:35:02+02:00,[60],[33.941528]
2025-09-14T04:35:03+02:00,[60],[33.941528]
2025-09-14T04:35:04+02:00,[60],[33.941532]
2025-09-14T04:35:05+02:00,[60],[33.94154]
2025-09-14T04:35:06+02:00,[60],[33.941544]
2025-09-14T04:35:07+02:00,[60],[33.941544]
2025-09-14T04:35:08+02:00,[60],[33.941547]
2025-09-14T04:35:09+02:00,[60],[33.941547]
2025-09-14T04:35:10+02:00,[60],[33.941547]
2025-09-14T04:35:11+02:00,[60],[33.941547]
2025-09-14T04:35:12+02:00,[60],[33.941547]
2025-09-14T04:35:13+02:00,[60],[33.941547]
2025-09-14T04:35:14+02:00,[60],[33.941555]
2025-09-14T04:35:15+02:00,[60],[33.941551]
2025-09-14T04:35:16+02:00,[60],[33.941551]
2025-09-14T04:35:17+02:00,[60],[33.941551]
2025-09-14T04:35:18+02:00,[60],[33.941551]
2025-09-14T04:35:19+02:00,[60],[33.941555]
2025-09-14T04:35:20+02:00,[60],[33.941555]
2025-09-14T04:35:21+02:00,[60],[33.941555]
2025-09-14T04:35:22+02:00,[60],[33.941559]
2025-09-14T04:35:23+02:00,[60],[33.941559]
2025-09-14T04:35:24+02:00,[60],[33.941559]
2025-09-14T04:35:25+02:00,[60],[33.941559]
2025-09-14T04:35:26+02:00,[60],[33.941555]
2025-09-14T04:35:27+02:00,[60],[33.941551]
2025-09-14T04:35:28+02:00,[60],[33.941551]
2025-09-14T04:35:29+02:00,[60],[33.941547]
2025-09-14T04:35:30+02:00,[60],[33.941551]
2025-09-14T04:35:31+02:00,[60],[33.941555]
2025-09-14T04:35:32+02:00,[60],[33.941559]
2025-09-14T04:35:33+02:00,[60],[33.941563]
2025-09-14T04:35:34+02:00,[60],[33.941563]
2025-09-14T04:35:35+02:00,[60],[33.941563]
2025-09-14T04:35:36+02:00,[60],[33.941566]
2025-09-14T04:35:37+02:00,[60],[33.94157]
2025-09-14T04:35:38+02:00,[60],[33.94157]
2025-09-14T04:35:39+02:00,[60],[33.94157]
2025-09-14T04:35:40+02:00,[60],[33.94157]
2025-09-14T04:35:41+02:00,[60],[33.941574]
2025-09-14T04:35:42+02:00,[60],[33.941578]
2025-09-14T04:35:43+02:00,[60],[33.941586]
2025-09-14T04:35:44+02:00,[60],[33.941589]
2025-09-14T04:35:45+02:00,[60],[33.941593]
2025-09-14T04:35:46+02:00,[60],[33.941593]
2025-09-14T04:35:47+02:00,[60],[33.941597]
2025-09-14T04:35:48+02:00,[60],[33.941597]
2025-09-14T04:35:49+02:00,[60],[33.941597]
2025-09-14T04:35:50+02:00,[60],[33.941601]
2025-09-14T04:35:51+02:00,[60],[33.941605]
2025-09-14T04:35:52+02:00,[60],[33.941605]
2025-09-14T04:35:53+02:00,[60],[33.941605]
2025-09-14T04:35:54+02:00,[60],[33.941601]
2025-09-14T04:35:55+02:00,[60],[33.941601]
2025-09-14T04:35:56+02:00,[60],[33.941601]
2025-09-14T04:35:57+02:00,[60],[33.941605]
2025-09-14T04:35:58+02:00,[60],[33.941605]
2025-09-14T04:35:59+02:00,[60],[33.941605]
2025-09-14T04:36:00+02:00,[60],[33.941601]
2025-09-14T04:36:01+02:00,[60],[33.941601]
2025-09-14T04:36:02+02:00,[60],[33.941605]
2025-09-14T04:36:03+02:00,[60],[33.941605]
2025-09-14T04:36:04+02:00,[60],[33.941601]
2025-09-14T04:36:05+02:00,[60],[33.941593]
2025-09-14T04:36:06+02:00,[60],[33.941593]
2025-09-14T04:36:07+02:00,[60],[33.941601]
2025-09-14T04:36:08+02:00,[60],[33.941601]
2025-09-14T04:36:10+02:00,[60],[33.941597]
2025-09-14T04:36:11+02:00,[60],[33.941593]
2025-09-14T04:36:12+02:00,[60],[33.941589]
2025-09-14T04:36:13+02:00,[60],[33.941593]
2025-09-14T04:36:14+02:00,[60],[33.941593]
2025-09-14T04:36:15+02:00,[60],[33.941593]
2025-09-14T04:36:16+02:00,[60],[33.941589]
2025-09-14T04:36:17+02:00,[60],[33.941586]
2025-09-14T04:36:18+02:00,[60],[33.941586]
2025-09-14T04:36:19+02:00,[60],[33.941582]
2025-09-14T04:36:20+02:00,[60],[33.941578]
2025-09-14T04:36:21+02:00,[60],[33.941578]
2025-09-14T04:36:22+02:00,[60],[33.941574]
2025-09-14T04:36:23+02:00,[60],[33.941574]
2025-09-14T04:36:24+02:00,[60],[33.94157]
2025-09-14T04:36:25+02:00,[60],[33.941563]
2025-09-14T04:36:26+02:00,[60],[33.941559]
2025-09-14T04:36:27+02:00,[60],[33.941555]
2025-09-14T04:36:28+02:00,[60],[33.941551]
2025-09-14T04:36:29+02:00,[60],[33.941547]
2025-09-14T04:36:30+02:00,[60],[33.941544]
2025-09-14T04:36:31+02:00,[60],[33.941536]
2025-09-14T04:36:32+02:00,[60],[33.941532]
2025-09-14T04:36:33+02:00,[60],[33.941528]
2025-09-14T04:36:34+02:00,[60],[33.941525]
2025-09-14T04:36:35+02:00,[60],[33.941521]
2025-09-14T04:36:36+02:00,[60],[33.941517]
2025-09-14T04:36:37+02:00,[60],[33.941513]
2025-09-14T04:36:38+02:00,[60],[33.941513]
2025-09-14T04:36:39+02:00,[60],[33.941513]
2025-09-14T04:36:40+02:00,[60],[33.941509]
2025-09-14T04:36:41+02:00,[60],[33.941509]
2025-09-14T04:36:42+02:00,[60],[33.941509]
2025-09-14T04:36:43+02:00,[60],[33.941509]
2025-09-14T04:36:44+02:00,[60],[33.941505]
2025-09-14T04:36:45+02:00,[60],[33.941509]
2025-09-14T04:36:46+02:00,[60],[33.941509]
2025-09-14T04:36:47+02:00,[60],[33.941509]
2025-09-14T04:36:48+02:00,[60],[33.941509]
2025-09-14T04:36:49+02:00,[60],[33.941509]
2025-09-14T04:36:50+02:00,[60],[33.941505]
2025-09-14T04:36:51+02:00,[60],[33.941505]
2025-09-14T04:36:52+02:00,[60],[33.941505]
2025-09-14T04:36:53+02:00,[60],[33.941502]
2025-09-14T04:36:54+02:00,[60],[33.941502]
2025-09-14T04:36:55+02:00,[60],[33.941498]
2025-09-14T04:36:56+02:00,[60],[33.941498]
2025-09-14T04:36:57+02:00,[60],[33.941498]
2025-09-14T04:36:58+02:00,[60],[33.941494]
2025-09-14T04:36:59+02:00,[60],[33.94149]
2025-09-14T04:37:00+02:00,[60],[33.941486]
2025-09-14T04:37:01+02:00,[60],[33.941483]
2025-09-14T04:37:02+02:00,[60],[33.941479]
2025-09-14T04:37:03+02:00,[60],[33.941475]
2025-09-14T04:37:04+02:00,[60],[33.941471]
2025-09-14T04:37:05+02:00,[60],[33.941467]
2025-09-14T04:37:06+02:00,[60],[33.941463]
2025-09-14T04:37:07+02:00,[60],[33.941463]
2025-09-14T04:37:08+02:00,[60],[33.94146]
2025-09-14T04:37:09+02:00,[60],[33.941456]
2025-09-14T04:37:10+02:00,[60],[33.941448]
2025-09-14T04:37:11+02:00,[60],[33.941444]
2025-09-14T04:37:12+02:00,[60],[33.941441]
2025-09-14T04:37:13+02:00,[60],[33.941437]
2025-09-14T04:37:14+02:00,[60],[33.941429]
2025-09-14T04:37:15+02:00,[60],[33.941422]
2025-09-14T04:37:16+02:00,[60],[33.941418]
2025-09-14T04:37:17+02:00,[60],[33.94141]
2025-09-14T04:37:18+02:00,[60],[33.941402]
2025-09-14T04:37:19+02:00,[60],[33.941395]
2025-09-14T04:37:20+02:00,[60],[33.941383]
2025-09-14T04:37:21+02:00,[60],[33.94138]
2025-09-14T04:37:22+02:00,[60],[33.941376]
2025-09-14T04:37:23+02:00,[60],[33.941368]
2025-09-14T04:37:24+02:00,[60],[33.941364]
2025-09-14T04:37:25+02:00,[60],[33.941357]
2025-09-14T04:37:26+02:00,[60],[33.941353]
2025-09-14T04:37:27+02:00,[60],[33.941349]
2025-09-14T04:37:28+02:00,[60],[33.941345]
2025-09-14T04:37:29+02:00,[60],[33.941345]
2025-09-14T04:37:30+02:00,[60],[33.941341]
2025-09-14T04:37:31+02:00,[60],[33.941334]
2025-09-14T04:37:32+02:00,[60],[33.941326]
2025-09-14T04:37:33+02:00,[60],[33.941326]
2025-09-14T04:37:34+02:00,[60],[33.941319]
2025-09-14T04:37:35+02:00,[60],[33.941311]
2025-09-14T04:37:36+02:00,[60],[33.941303]
2025-09-14T04:37:37+02:00,[60],[33.941303]
2025-09-14T04:37:38+02:00,[60],[33.941315]
2025-09-14T04:37:39+02:00,[60],[33.941307]
2025-09-14T04:37:40+02:00,[60],[33.941303]
2025-09-14T04:37:41+02:00,[60],[33.941299]
2025-09-14T04:37:42+02:00,[60],[33.941296]
2025-09-14T04:37:43+02:00,[60],[33.941292]
2025-09-14T04:37:44+02:00,[60],[33.941288]
2025-09-14T04:37:45+02:00,[60],[33.941284]
2025-09-14T04:37:46+02:00,[60],[33.94128]
2025-09-14T04:37:47+02:00,[60],[33.941273]
2025-09-14T04:37:48+02:00,[60],[33.941269]
2025-09-14T04:37:49+02:00,[60],[33.941265]
2025-09-14T04:37:50+02:00,[60],[33.941257]
2025-09-14T04:37:51+02:00,[60],[33.94125]
2025-09-14T04:37:52+02:00,[60],[33.941242]
2025-09-14T04:37:53+02:00,[60],[33.941238]
2025-09-14T04:37:54+02:00,[60],[33.941227]
2025-09-14T04:37:55+02:00,[60],[33.941219]
2025-09-14T04:37:56+02:00,[60],[33.941212]
2025-09-14T04:37:57+02:00,[60],[33.941204]
2025-09-14T04:37:58+02:00,[60],[33.9412]
2025-09-14T04:37:59+02:00,[60],[33.941196]
2025-09-14T04:38:00+02:00,[60],[33.941189]
2025-09-14T04:38:01+02:00,[60],[33.941181]
2025-09-14T04:38:02+02:00,[60],[33.941174]
2025-09-14T04:38:03+02:00,[60],[33.941166]
2025-09-14T04:38:04+02:00,[60],[33.941154]
2025-09-14T04:38:05+02:00,[60],[33.941151]
2025-09-14T04:38:06+02:00,[60],[33.941143]
2025-09-14T04:38:07+02:00,[60],[33.941139]
2025-09-14T04:38:08+02:00,[60],[33.941135]
2025-09-14T04:38:09+02:00,[60],[33.941132]
2025-09-14T04:38:10+02:00,[60],[33.941128]
2025-09-14T04:38:11+02:00,[60],[33.94112]
2025-09-14T04:38:12+02:00,[60],[33.941113]
2025-09-14T04:38:13+02:00,[60],[33.941109]
2025-09-14T04:38:14+02:00,[60],[33.941105]
2025-09-14T04:38:15+02:00,[60],[33.941101]
2025-09-14T04:38:16+02:00,[60],[33.941097]
2025-09-14T04:38:17+02:00,[60],[33.94109]
2025-09-14T04:38:18+02:00,[60],[33.941086]
2025-09-14T04:38:19+02:00,[60],[33.941082]
2025-09-14T04:38:20+02:00,[60],[33.941078]
2025-09-14T04:38:21+02:00,[60],[33.941074]
2025-09-14T04:38:22+02:00,[60],[33.941067]
2025-09-14T04:38:23+02:00,[60],[33.941063]
2025-09-14T04:38:24+02:00,[60],[33.941063]
2025-09-14T04:38:25+02:00,[60],[33.941059]
2025-09-14T04:38:26+02:00,[60],[33.941051]
2025-09-14T04:38:27+02:00,[60],[33.941048]
2025-09-14T04:38:28+02:00,[60],[33.941044]
2025-09-14T04:38:29+02:00,[60],[33.94104]
2025-09-14T04:38:30+02:00,[60],[33.941036]
2025-09-14T04:38:31+02:00,[60],[33.941032]
2025-09-14T04:38:32+02:00,[60],[33.941025]
2025-09-14T04:38:33+02:00,[60],[33.941025]
2025-09-14T04:38:34+02:00,[60],[33.941025]
2025-09-14T04:38:35+02:00,[60],[33.941017]
2025-09-14T04:38:36+02:00,[60],[33.94101]
2025-09-14T04:38:37+02:00,[60],[33.941002]
2025-09-14T04:38:38+02:00,[60],[33.94099]
2025-09-14T04:38:39+02:00,[60],[33.94099]
2025-09-14T04:38:40+02:00,[60],[33.940987]
2025-09-14T04:38:41+02:00,[60],[33.940979]
2025-09-14T04:38:42+02:00,[60],[33.940971]
2025-09-14T04:38:43+02:00,[60],[33.940971]
2025-09-14T04:38:44+02:00,[60],[33.940968]
2025-09-14T04:38:45+02:00,[60],[33.940964]
2025-09-14T04:38:46+02:00,[60],[33.94096]
2025-09-14T04:38:47+02:00,[60],[33.940956]
2025-09-14T04:38:48+02:00,[60],[33.940948]
2025-09-14T04:38:49+02:00,[60],[33.940945]
2025-09-14T04:38:50+02:00,[60],[33.940941]
2025-09-14T04:38:51+02:00,[60],[33.940937]
2025-09-14T04:38:52+02:00,[60],[33.940933]
2025-09-14T04:38:53+02:00,[60],[33.940929]
2025-09-14T04:38:54+02:00,[60],[33.940926]
2025-09-14T04:38:55+02:00,[60],[33.940918]
2025-09-14T04:38:56+02:00,[60],[33.940918]
2025-09-14T04:38:57+02:00,[60],[33.940907]
2025-09-14T04:38:58+02:00,[60],[33.940903]
2025-09-14T04:38:59+02:00,[60],[33.940895]
2025-09-14T04:39:00+02:00,[60],[33.940891]
2025-09-14T04:39:01+02:00,[60],[33.940887]
2025-09-14T04:39:02+02:00,[60],[33.940887]
2025-09-14T04:39:03+02:00,[60],[33.940884]
2025-09-14T04:39:04+02:00,[60],[33.94088]
2025-09-14T04:39:05+02:00,[60],[33.940872]
2025-09-14T04:39:06+02:00,[60],[33.940865]
2025-09-14T04:39:07+02:00,[60],[33.940861]
2025-09-14T04:39:08+02:00,[60],[33.940857]
2025-09-14T04:39:09+02:00,[60],[33.940853]
2025-09-14T04:39:10+02:00,[60],[33.940849]
2025-09-14T04:39:11+02:00,[60],[33.940849]
2025-09-14T04:39:12+02:00,[60],[33.940845]
2025-09-14T04:39:13+02:00,[60],[33.940845]
2025-09-14T04:39:14+02:00,[60],[33.940845]
2025-09-14T04:39:15+02:00,[60],[33.940845]
2025-09-14T04:39:16+02:00,[60],[33.940842]
2025-09-14T04:39:17+02:00,[60],[33.940834]
2025-09-14T04:39:18+02:00,[60],[33.940834]
2025-09-14T04:39:19+02:00,[60],[33.94083]
2025-09-14T04:39:20+02:00,[60],[33.94083]
2025-09-14T04:39:21+02:00,[60],[33.940826]
2025-09-14T04:39:22+02:00,[60],[33.940826]
2025-09-14T04:39:23+02:00,[60],[33.940826]
2025-09-14T04:39:24+02:00,[60],[33.940826]
2025-09-14T04:39:25+02:00,[60],[33.94083]
2025-09-14T04:39:26+02:00,[60],[33.94083]
2025-09-14T04:39:27+02:00,[60],[33.940826]
2025-09-14T04:39:28+02:00,[60],[33.940823]
2025-09-14T04:39:29+02:00,[60],[33.940819]
2025-09-14T04:39:30+02:00,[60],[33.940819]
2025-09-14T04:39:31+02:00,[60],[33.940823]
2025-09-14T04:39:32+02:00,[60],[33.940826]
2025-09-14T04:39:33+02:00,[60],[33.940823]
2025-09-14T04:39:34+02:00,[60],[33.940819]
2025-09-14T04:39:35+02:00,[60],[33.940819]
2025-09-14T04:39:36+02:00,[60],[33.940815]
2025-09-14T04:39:37+02:00,[60],[33.940815]
2025-09-14T04:39:38+02:00,[60],[33.940815]
2025-09-14T04:39:39+02:00,[60],[33.940815]
2025-09-14T04:39:40+02:00,[60],[33.940815]
2025-09-14T04:39:41+02:00,[60],[33.940815]
2025-09-14T04:39:42+02:00,[60],[33.940815]
2025-09-14T04:39:43+02:00,[60],[33.940815]
2025-09-14T04:39:44+02:00,[60],[33.940815]
2025-09-14T04:39:45+02:00,[60],[33.940815]
2025-09-14T04:39:46+02:00,[60],[33.940815]
2025-09-14T04:39:47+02:00,[60],[33.940811]
2025-09-14T04:39:48+02:00,[60],[33.940811]
2025-09-14T04:39:49+02:00,[60],[33.940807]
2025-09-14T04:39:50+02:00,[60],[33.940804]
2025-09-14T04:39:51+02:00,[60],[33.940804]
2025-09-14T04:39:52+02:00,[60],[33.940811]
2025-09-14T04:39:53+02:00,[60],[33.940807]
2025-09-14T04:39:54+02:00,[60],[33.9408]
2025-09-14T04:39:55+02:00,[60],[33.9408]
2025-09-14T04:39:56+02:00,[60],[33.9408]
2025-09-14T04:39:57+02:00,[60],[33.940796]
2025-09-14T04:39:58+02:00,[60],[33.940792]
2025-09-14T04:39:59+02:00,[60],[33.940788]
2025-09-14T04:40:00+02:00,[60],[33.940788]
2025-09-14T04:40:01+02:00,[60],[33.940792]
2025-09-14T04:40:02+02:00,[60],[33.940788]
2025-09-14T04:40:03+02:00,[60],[33.940788]
2025-09-14T04:40:04+02:00,[60],[33.940788]
2025-09-14T04:40:05+02:00,[60],[33.940784]
2025-09-14T04:40:06+02:00,[60],[33.940781]
2025-09-14T04:40:07+02:00,[60],[33.940781]
2025-09-14T04:40:08+02:00,[60],[33.940777]
2025-09-14T04:40:09+02:00,[60],[33.940773]
2025-09-14T04:40:10+02:00,[60],[33.940769]
2025-09-14T04:40:11+02:00,[60],[33.940769]
2025-09-14T04:40:12+02:00,[60],[33.940765]
2025-09-14T04:40:13+02:00,[60],[33.940762]
2025-09-14T04:40:14+02:00,[60],[33.940758]
2025-09-14T04:40:15+02:00,[60],[33.940754]
2025-09-14T04:40:16+02:00,[60],[33.940754]
2025-09-14T04:40:17+02:00,[60],[33.940754]
2025-09-14T04:40:18+02:00,[60],[33.940754]
2025-09-14T04:40:19+02:00,[60],[33.94075]
2025-09-14T04:40:20+02:00,[60],[33.940754]
2025-09-14T04:40:21+02:00,[60],[33.940754]
2025-09-14T04:40:22+02:00,[60],[33.940762]
2025-09-14T04:40:23+02:00,[60],[33.940769]
2025-09-14T04:40:24+02:00,[60],[33.940773]
2025-09-14T04:40:25+02:00,[60],[33.940784]
2025-09-14T04:40:26+02:00,[60],[33.940792]
2025-09-14T04:40:27+02:00,[60],[33.9408]
2025-09-14T04:40:28+02:00,[60],[33.940811]
2025-09-14T04:40:29+02:00,[60],[33.940823]
2025-09-14T04:40:30+02:00,[60],[33.940826]
2025-09-14T04:40:31+02:00,[60],[33.940834]
2025-09-14T04:40:32+02:00,[60],[33.940838]
2025-09-14T04:40:33+02:00,[60],[33.940842]
2025-09-14T04:40:34+02:00,[60],[33.940849]
2025-09-14T04:40:35+02:00,[60],[33.940853]
2025-09-14T04:40:36+02:00,[60],[33.940857]
2025-09-14T04:40:37+02:00,[60],[33.940861]
2025-09-14T04:40:38+02:00,[60],[33.940865]
2025-09-14T04:40:39+02:00,[60],[33.940868]
2025-09-14T04:40:40+02:00,[60],[33.940872]
2025-09-14T04:40:41+02:00,[60],[33.940872]
2025-09-14T04:40:42+02:00,[60],[33.940876]
2025-09-14T04:40:43+02:00,[60],[33.94088]
2025-09-14T04:40:44+02:00,[60],[33.940884]
2025-09-14T04:40:45+02:00,[60],[33.940884]
2025-09-14T04:40:46+02:00,[60],[33.940884]
2025-09-14T04:40:47+02:00,[60],[33.940884]
2025-09-14T04:40:48+02:00,[60],[33.940887]
2025-09-14T04:40:49+02:00,[60],[33.940891]
2025-09-14T04:40:50+02:00,[60],[33.940895]
2025-09-14T04:40:51+02:00,[60],[33.940895]
2025-09-14T04:40:52+02:00,[60],[33.940899]
2025-09-14T04:40:53+02:00,[60],[33.940907]
2025-09-14T04:40:54+02:00,[60],[33.940914]
2025-09-14T04:40:55+02:00,[60],[33.940914]
2025-09-14T04:40:56+02:00,[60],[33.940918]
2025-09-14T04:40:57+02:00,[60],[33.940918]
2025-09-14T04:40:58+02:00,[60],[33.940929]
2025-09-14T04:40:59+02:00,[60],[33.940933]
2025-09-14T04:41:00+02:00,[60],[33.940941]
2025-09-14T04:41:01+02:00,[60],[33.940948]
2025-09-14T04:41:02+02:00,[60],[33.940956]
2025-09-14T04:41:03+02:00,[60],[33.94096]
2025-09-14T04:41:04+02:00,[60],[33.940968]
2025-09-14T04:41:05+02:00,[60],[33.940975]
2025-09-14T04:41:06+02:00,[60],[33.940983]
2025-09-14T04:41:07+02:00,[60],[33.940983]
2025-09-14T04:41:08+02:00,[60],[33.940983]
2025-09-14T04:41:09+02:00,[60],[33.940987]
2025-09-14T04:41:10+02:00,[60],[33.94099]
2025-09-14T04:41:11+02:00,[60],[33.94099]
2025-09-14T04:41:12+02:00,[60],[33.94099]
2025-09-14T04:41:13+02:00,[60],[33.94099]
2025-09-14T04:41:14+02:00,[60],[33.94099]
2025-09-14T04:41:15+02:00,[60],[33.94099]
2025-09-14T04:41:16+02:00,[60],[33.940987]
2025-09-14T04:41:17+02:00,[60],[33.940983]
2025-09-14T04:41:18+02:00,[60],[33.940983]
2025-09-14T04:41:19+02:00,[60],[33.940987]
2025-09-14T04:41:20+02:00,[60],[33.94099]
2025-09-14T04:41:21+02:00,[60],[33.94099]
2025-09-14T04:41:22+02:00,[60],[33.940994]
2025-09-14T04:41:23+02:00,[60],[33.940998]
2025-09-14T04:41:24+02:00,[60],[33.941002]
2025-09-14T04:41:25+02:00,[60],[33.94101]
2025-09-14T04:41:26+02:00,[60],[33.941017]
2025-09-14T04:41:27+02:00,[60],[33.941021]
2025-09-14T04:41:28+02:00,[60],[33.941021]
2025-09-14T04:41:29+02:00,[60],[33.941025]
2025-09-14T04:41:30+02:00,[60],[33.941025]
2025-09-14T04:41:31+02:00,[60],[33.941029]
2025-09-14T04:41:32+02:00,[60],[33.941032]
2025-09-14T04:41:33+02:00,[60],[33.941032]
2025-09-14T04:41:34+02:00,[60],[33.941036]
2025-09-14T04:41:35+02:00,[60],[33.941051]
2025-09-14T04:41:36+02:00,[60],[33.941055]
2025-09-14T04:41:37+02:00,[60],[33.941048]
2025-09-14T04:41:38+02:00,[60],[33.941044]
2025-09-14T04:41:39+02:00,[60],[33.941044]
2025-09-14T04:41:40+02:00,[60],[33.94104]
2025-09-14T04:41:41+02:00,[60],[33.941036]
2025-09-14T04:41:42+02:00,[60],[33.941036]
2025-09-14T04:41:43+02:00,[60],[33.941036]
2025-09-14T04:41:44+02:00,[60],[33.941032]
2025-09-14T04:41:45+02:00,[60],[33.941032]
2025-09-14T04:41:46+02:00,[60],[33.941029]
2025-09-14T04:41:47+02:00,[60],[33.941029]
2025-09-14T04:41:48+02:00,[60],[33.941025]
2025-09-14T04:41:49+02:00,[60],[33.941025]
2025-09-14T04:41:50+02:00,[60],[33.941029]
2025-09-14T04:41:51+02:00,[60],[33.941032]
2025-09-14T04:41:52+02:00,[60],[33.941036]
2025-09-14T04:41:53+02:00,[60],[33.94104]
2025-09-14T04:41:54+02:00,[60],[33.941036]
2025-09-14T04:41:55+02:00,[60],[33.941036]
2025-09-14T04:41:56+02:00,[60],[33.941036]
2025-09-14T04:41:57+02:00,[60],[33.941036]
2025-09-14T04:41:58+02:00,[60],[33.941036]
2025-09-14T04:41:59+02:00,[60],[33.941036]
2025-09-14T04:42:00+02:00,[60],[33.941036]
2025-09-14T04:42:01+02:00,[60],[33.941036]
2025-09-14T04:42:02+02:00,[60],[33.941036]
2025-09-14T04:42:03+02:00,[60],[33.941036]
2025-09-14T04:42:04+02:00,[60],[33.941036]
2025-09-14T04:42:05+02:00,[60],[33.941036]
2025-09-14T04:42:06+02:00,[60],[33.941036]
2025-09-14T04:42:07+02:00,[60],[33.941036]
2025-09-14T04:42:08+02:00,[60],[33.941036]
2025-09-14T04:42:09+02:00,[60],[33.941036]
2025-09-14T04:42:10+02:00,[60],[33.941032]
2025-09-14T04:42:11+02:00,[60],[33.941032]
2025-09-14T04:42:12+02:00,[60],[33.941032]
2025-09-14T04:42:13+02:00,[60],[33.941032]
2025-09-14T04:42:14+02:00,[60],[33.941036]
2025-09-14T04:42:15+02:00,[60],[33.94104]
2025-09-14T04:42:16+02:00,[60],[33.941044]
2025-09-14T04:42:17+02:00,[60],[33.941048]
2025-09-14T04:42:18+02:00,[60],[33.941048]
2025-09-14T04:42:19+02:00,[60],[33.941051]
2025-09-14T04:42:20+02:00,[60],[33.941051]
2025-09-14T04:42:21+02:00,[60],[33.941055]
2025-09-14T04:42:22+02:00,[60],[33.941059]
2025-09-14T04:42:23+02:00,[60],[33.941067]
2025-09-14T04:42:24+02:00,[60],[33.941071]
2025-09-14T04:42:25+02:00,[60],[33.941074]
2025-09-14T04:42:26+02:00,[60],[33.941082]
2025-09-14T04:42:27+02:00,[60],[33.941082]
2025-09-14T04:42:28+02:00,[60],[33.941086]
2025-09-14T04:42:29+02:00,[60],[33.941086]
2025-09-14T04:42:30+02:00,[60],[33.941086]
2025-09-14T04:42:31+02:00,[60],[33.941086]
2025-09-14T04:42:32+02:00,[60],[33.941086]
2025-09-14T04:42:33+02:00,[60],[33.941086]
2025-09-14T04:42:34+02:00,[60],[33.941086]
2025-09-14T04:42:35+02:00,[60],[33.941093]
2025-09-14T04:42:36+02:00,[60],[33.941097]
2025-09-14T04:42:37+02:00,[60],[33.941105]
2025-09-14T04:42:38+02:00,[60],[33.941113]
2025-09-14T04:42:39+02:00,[60],[33.941116]
2025-09-14T04:42:40+02:00,[60],[33.941124]
2025-09-14T04:42:41+02:00,[60],[33.941132]
2025-09-14T04:42:42+02:00,[60],[33.941139]
2025-09-14T04:42:43+02:00,[60],[33.941147]
2025-09-14T04:42:44+02:00,[60],[33.941158]
2025-09-14T04:42:45+02:00,[60],[33.941162]
2025-09-14T04:42:46+02:00,[60],[33.94117]
2025-09-14T04:42:47+02:00,[60],[33.941177]
2025-09-14T04:42:48+02:00,[60],[33.941181]
2025-09-14T04:42:49+02:00,[60],[33.941185]
2025-09-14T04:42:50+02:00,[60],[33.941196]
2025-09-14T04:42:51+02:00,[60],[33.9412]
2025-09-14T04:42:52+02:00,[60],[33.941208]
2025-09-14T04:42:53+02:00,[60],[33.941216]
2025-09-14T04:42:54+02:00,[60],[33.941223]
2025-09-14T04:42:55+02:00,[60],[33.941235]
2025-09-14T04:42:56+02:00,[60],[33.941238]
2025-09-14T04:42:57+02:00,[60],[33.941246]
2025-09-14T04:42:58+02:00,[60],[33.94125]
2025-09-14T04:42:59+02:00,[60],[33.941257]
2025-09-14T04:43:00+02:00,[60],[33.941261]
2025-09-14T04:43:01+02:00,[60],[33.941269]
2025-09-14T04:43:02+02:00,[60],[33.941277]
2025-09-14T04:43:03+02:00,[60],[33.941284]
2025-09-14T04:43:04+02:00,[60],[33.941292]
2025-09-14T04:43:05+02:00,[60],[33.941299]
2025-09-14T04:43:06+02:00,[60],[33.941307]
2025-09-14T04:43:07+02:00,[60],[33.941315]
2025-09-14T04:43:08+02:00,[60],[33.941319]
2025-09-14T04:43:09+02:00,[60],[33.941315]
2025-09-14T04:43:10+02:00,[60],[33.941315]
2025-09-14T04:43:11+02:00,[60],[33.941315]
2025-09-14T04:43:12+02:00,[60],[33.941319]
2025-09-14T04:43:13+02:00,[60],[33.941315]
2025-02-04T00:12:57+01:00,[60],[33.956715]
2025-02-04T00:13:06+01:00,[60],[33.956715]
2025-02-04T00:13:18+01:00,[60],[33.956566]
2025-02-04T00:13:19+01:00,[60],[33.956703]
2025-02-04T00:13:21+01:00,[60],[33.956722]
2025-02-04T00:13:23+01:00,[60],[33.956863]
2025-02-04T00:13:24+01:00,[60],[33.956837]
2025-02-04T00:13:26+01:00,[60],[33.956833]
2025-02-04T00:13:28+01:00,[60],[33.956837]
2025-02-04T00:13:30+01:00,[60],[33.956841]
2025-02-04T00:13:32+01:00,[60],[33.956844]
2025-02-04T00:13:33+01:00,[60],[33.956844]
2025-02-04T00:13:35+01:00,[60],[33.956844]
2025-02-04T00:13:36+01:00,[60],[33.956844]
2025-02-04T00:13:38+01:00,[60],[33.956833]
2025-02-04T00:13:39+01:00,[60],[33.956829]
2025-02-04T00:13:41+01:00,[60],[33.956829]
2025-02-04T00:13:43+01:00,[60],[33.956825]
2025-02-04T00:13:44+01:00,[60],[33.956821]
2025-02-04T00:13:46+01:00,[60],[33.956818]
2025-02-04T00:13:48+01:00,[60],[33.95681]
2025-02-04T00:13:50+01:00,[60],[33.95681]
2025-02-04T00:13:52+01:00,[60],[33.956814]
2025-02-04T00:13:54+01:00,[60],[33.956814]
2025-02-04T00:13:56+01:00,[60],[33.956806]
2025-02-04T00:13:58+01:00,[60],[33.956802]
2025-02-04T00:14:00+01:00,[60],[33.956806]
2025-02-04T00:14:02+01:00,[60],[33.956806]
2025-02-04T00:14:04+01:00,[60],[33.956818]
2025-02-04T00:14:06+01:00,[60],[33.956818]
2025-02-04T00:14:08+01:00,[60],[33.956799]
2025-02-04T00:14:10+01:00,[60],[33.956799]
2025-02-04T00:14:12+01:00,[60],[33.956814]
2025-02-04T00:14:14+01:00,[60],[33.956821]
2025-02-04T00:14:16+01:00,[60],[33.956829]
2025-02-04T00:14:18+01:00,[60],[33.956829]
2025-02-04T00:14:20+01:00,[60],[33.956837]
2025-02-04T00:14:22+01:00,[60],[33.956833]
2025-02-04T00:14:24+01:00,[60],[33.956829]
2025-02-04T00:14:26+01:00,[60],[33.956829]
2025-02-04T00:14:28+01:00,[60],[33.956829]
2025-02-04T00:14:30+01:00,[60],[33.956837]
2025-02-04T00:14:32+01:00,[60],[33.956837]
2025-02-04T00:14:34+01:00,[60],[33.956841]
2025-02-04T00:14:36+01:00,[60],[33.956837]
2025-02-04T00:14:38+01:00,[60],[33.956841]
2025-02-04T00:14:40+01:00,[60],[33.956837]
2025-02-04T00:14:42+01:00,[60],[33.956837]
2025-02-04T00:14:44+01:00,[60],[33.956833]
2025-02-04T00:14:46+01:00,[60],[33.956829]
2025-02-04T00:14:48+01:00,[60],[33.956821]
2025-02-04T00:14:50+01:00,[60],[33.956818]
2025-02-04T00:14:52+01:00,[60],[33.956814]
2025-02-04T00:14:54+01:00,[60],[33.956818]
2025-02-04T00:14:56+01:00,[60],[33.956821]
2025-02-04T00:14:58+01:00,[60],[33.956814]
2025-02-04T00:15:00+01:00,[60],[33.956802]
2025-02-04T00:15:02+01:00,[60],[33.956806]
2025-02-04T00:15:04+01:00,[60],[33.956802]
2025-02-04T00:15:06+01:00,[60],[33.956802]
2025-02-04T00:15:08+01:00,[60],[33.956799]
2025-02-04T00:15:10+01:00,[60],[33.956802]
2025-02-04T00:15:12+01:00,[60],[33.956802]
2025-02-04T00:15:14+01:00,[60],[33.956802]
2025-02-04T00:15:16+01:00,[60],[33.956802]
2025-02-04T00:15:18+01:00,[60],[33.956806]
2025-02-04T00:15:20+01:00,[60],[33.95681]
2025-02-04T00:15:22+01:00,[60],[33.95681]
2025-02-04T00:15:24+01:00,[60],[33.956806]
2025-02-04T00:15:26+01:00,[60],[33.956802]
2025-02-04T00:15:28+01:00,[60],[33.956806]
2025-02-04T00:15:30+01:00,[60],[33.956802]
2025-02-04T00:15:32+01:00,[60],[33.956806]
2025-02-04T00:15:33+01:00,[60],[33.956806]
2025-02-04T00:15:35+01:00,[60],[33.956802]
2025-02-04T00:15:36+01:00,[60],[33.956802]
2025-02-04T00:15:38+01:00,[60],[33.956806]
2025-02-04T00:15:39+01:00,[60],[33.956802]
2025-02-04T00:15:41+01:00,[60],[33.95681]
2025-02-04T00:15:42+01:00,[60],[33.95681]
2025-02-04T00:15:44+01:00,[60],[33.95681]
2025-02-04T00:15:45+01:00,[60],[33.956806]
2025-02-04T00:15:47+01:00,[60],[33.95681]
2025-02-04T00:15:48+01:00,[60],[33.95681]
2025-02-04T00:15:50+01:00,[60],[33.95681]
2025-02-04T00:15:52+01:00,[60],[33.956806]
2025-02-04T00:15:54+01:00,[60],[33.95681]
2025-02-04T00:15:56+01:00,[60],[33.95681]
2025-02-04T00:15:58+01:00,[60],[33.95681]
2025-02-04T00:16:00+01:00,[60],[33.956818]
2025-02-04T00:16:02+01:00,[60],[33.956821]
2025-02-04T00:16:04+01:00,[60],[33.956829]
2025-02-04T00:16:06+01:00,[60],[33.956833]
2025-02-04T00:16:08+01:00,[60],[33.956837]
2025-02-04T00:16:10+01:00,[60],[33.956841]
2025-02-04T00:16:12+01:00,[60],[33.956841]
2025-02-04T00:16:14+01:00,[60],[33.956841]
2025-02-04T00:16:16+01:00,[60],[33.956841]
2025-02-04T00:16:18+01:00,[60],[33.956837]
2025-02-04T00:16:20+01:00,[60],[33.956833]
2025-02-04T00:16:22+01:00,[60],[33.956818]
2025-02-04T00:16:24+01:00,[60],[33.95681]
2025-02-04T00:16:26+01:00,[60],[33.956806]
2025-02-04T00:16:28+01:00,[60],[33.956806]
2025-02-04T00:16:30+01:00,[60],[33.956806]
2025-02-04T00:16:32+01:00,[60],[33.956806]
2025-02-04T00:16:34+01:00,[60],[33.956802]
2025-02-04T00:16:36+01:00,[60],[33.956799]
2025-02-04T00:16:38+01:00,[60],[33.956795]
2025-02-04T00:16:40+01:00,[60],[33.956795]
2025-02-04T00:16:42+01:00,[60],[33.956791]
2025-02-04T00:16:44+01:00,[60],[33.956791]
2025-02-04T00:16:46+01:00,[60],[33.956795]
2025-02-04T00:16:48+01:00,[60],[33.956799]
2025-02-04T00:16:50+01:00,[60],[33.956795]
2025-02-04T00:16:52+01:00,[60],[33.956799]
2025-02-04T00:16:54+01:00,[60],[33.956799]
2025-02-04T00:16:56+01:00,[60],[33.956795]
2025-02-04T00:16:58+01:00,[60],[33.956791]
2025-02-04T00:17:00+01:00,[60],[33.956787]
2025-02-04T00:17:02+01:00,[60],[33.956787]
2025-02-04T00:17:04+01:00,[60],[33.956791]
2025-02-04T00:17:06+01:00,[60],[33.956795]
2025-02-04T00:17:08+01:00,[60],[33.956802]
2025-02-04T00:17:10+01:00,[60],[33.95681]
2025-02-04T00:17:12+01:00,[60],[33.956814]
2025-02-04T00:17:14+01:00,[60],[33.956818]
2025-02-04T00:17:16+01:00,[60],[33.95681]
2025-02-04T00:17:18+01:00,[60],[33.956795]
2025-02-04T00:17:20+01:00,[60],[33.956799]
2025-02-04T00:17:22+01:00,[60],[33.95681]
2025-02-04T00:17:24+01:00,[60],[33.956806]
2025-02-04T00:17:26+01:00,[60],[33.956818]
2025-02-04T00:17:28+01:00,[60],[33.956821]
2025-02-04T00:17:30+01:00,[60],[33.956818]
2025-02-04T00:17:32+01:00,[60],[33.956818]
2025-02-04T00:17:34+01:00,[60],[33.956814]
2025-02-04T00:17:36+01:00,[60],[33.956818]
2025-02-04T00:17:38+01:00,[60],[33.95681]
2025-02-04T00:17:39+01:00,[60],[33.95681]
2025-02-04T00:17:41+01:00,[60],[33.95681]
2025-02-04T00:17:42+01:00,[60],[33.95681]
2025-02-04T00:17:44+01:00,[60],[33.956814]
2025-02-04T00:17:46+01:00,[60],[33.956818]
2025-02-04T00:17:47+01:00,[60],[33.956818]
2025-02-04T00:17:48+01:00,[60],[33.956818]
2025-02-04T00:17:50+01:00,[60],[33.956818]
2025-02-04T00:17:52+01:00,[60],[33.956818]
2025-02-04T00:17:53+01:00,[60],[33.956814]
2025-02-04T00:17:55+01:00,[60],[33.956814]
2025-02-04T00:17:57+01:00,[60],[33.956814]
2025-02-04T00:17:59+01:00,[60],[33.956818]
2025-02-04T00:18:01+01:00,[60],[33.956818]
2025-02-04T00:18:03+01:00,[60],[33.956818]
2025-02-04T00:18:05+01:00,[60],[33.956818]
2025-02-04T00:18:07+01:00,[60],[33.956818]
2025-02-04T00:18:09+01:00,[60],[33.956818]
2025-02-04T00:18:11+01:00,[60],[33.956818]
2025-02-04T00:18:13+01:00,[60],[33.956818]
2025-02-04T00:18:15+01:00,[60],[33.956818]
2025-02-04T00:18:17+01:00,[60],[33.956818]
2025-02-04T00:18:19+01:00,[60],[33.956818]
2025-02-04T00:18:21+01:00,[60],[33.956818]
2025-02-04T00:18:23+01:00,[60],[33.956818]
2025-02-04T00:18:25+01:00,[60],[33.956818]
2025-02-04T00:18:27+01:00,[60],[33.956818]
2025-02-04T00:18:29+01:00,[60],[33.956818]
2025-02-04T00:18:31+01:00,[60],[33.956818]
2025-02-04T00:18:33+01:00,[60],[33.956818]
2025-02-04T00:18:35+01:00,[60],[33.956821]
2025-02-04T00:18:37+01:00,[60],[33.956821]
2025-02-04T00:18:39+01:00,[60],[33.956821]
2025-02-04T00:18:41+01:00,[60],[33.956821]
2025-02-04T00:18:43+01:00,[60],[33.956821]
2025-02-04T00:18:45+01:00,[60],[33.956825]
2025-02-04T00:18:47+01:00,[60],[33.956825]
2025-02-04T00:18:49+01:00,[60],[33.956825]
2025-02-04T00:18:51+01:00,[60],[33.956825]
2025-02-04T00:18:53+01:00,[60],[33.956825]
2025-02-04T00:18:55+01:00,[60],[33.956825]
2025-02-04T00:18:57+01:00,[60],[33.956825]
2025-02-04T00:18:59+01:00,[60],[33.956825]
2025-02-04T00:19:01+01:00,[60],[33.956825]
2025-02-04T00:19:03+01:00,[60],[33.956825]
2025-02-04T00:19:05+01:00,[60],[33.956825]
2025-02-04T00:19:07+01:00,[60],[33.956825]
2025-02-04T00:19:09+01:00,[60],[33.956821]
2025-02-04T00:19:11+01:00,[60],[33.956821]
2025-02-04T00:19:13+01:00,[60],[33.956821]
2025-02-04T00:19:15+01:00,[60],[33.956818]
2025-02-04T00:19:17+01:00,[60],[33.956818]
2025-02-04T00:19:19+01:00,[60],[33.956818]
2025-02-04T00:19:21+01:00,[60],[33.956818]
2025-02-04T00:19:23+01:00,[60],[33.956818]
2025-02-04T00:19:25+01:00,[60],[33.956818]
2025-02-04T00:19:27+01:00,[60],[33.956818]
2025-02-04T00:19:29+01:00,[60],[33.956818]
2025-02-04T00:19:31+01:00,[60],[33.956821]
2025-02-04T00:19:33+01:00,[60],[33.956821]
2025-02-04T00:19:35+01:00,[60],[33.956821]
2025-02-04T00:19:37+01:00,[60],[33.956821]
2025-02-04T00:19:39+01:00,[60],[33.956821]
2025-02-04T00:19:41+01:00,[60],[33.956821]
2025-02-04T00:19:43+01:00,[60],[33.956821]
2025-02-04T00:19:44+01:00,[60],[33.956821]
2025-02-04T00:19:46+01:00,[60],[33.956821]
2025-02-04T00:19:47+01:00,[60],[33.956821]
2025-02-04T00:19:49+01:00,[60],[33.956821]
2025-02-04T00:19:50+01:00,[60],[33.956821]
2025-02-04T00:19:52+01:00,[60],[33.956821]
2025-02-04T00:19:53+01:00,[60],[33.956821]
2025-02-04T00:19:55+01:00,[60],[33.956825]
2025-02-04T00:19:56+01:00,[60],[33.956825]
2025-02-04T00:19:58+01:00,[60],[33.956825]
2025-02-04T00:20:00+01:00,[60],[33.956825]
2025-02-04T00:20:02+01:00,[60],[33.956825]
2025-02-04T00:20:04+01:00,[60],[33.956825]
2025-02-04T00:20:06+01:00,[60],[33.956825]
2025-02-04T00:20:08+01:00,[60],[33.956829]
2025-02-04T00:20:10+01:00,[60],[33.956829]
2025-02-04T00:20:12+01:00,[60],[33.956821]
2025-02-04T00:20:14+01:00,[60],[33.956829]
2025-02-04T00:20:16+01:00,[60],[33.956829]
2025-02-04T00:20:18+01:00,[60],[33.956829]
2025-02-04T00:20:20+01:00,[60],[33.956833]
2025-02-04T00:20:22+01:00,[60],[33.956833]
2025-02-04T00:20:24+01:00,[60],[33.956833]
2025-02-04T00:20:26+01:00,[60],[33.956837]
2025-02-04T00:20:28+01:00,[60],[33.956837]
2025-02-04T00:20:30+01:00,[60],[33.956837]
2025-02-04T00:20:32+01:00,[60],[33.956837]
2025-02-04T00:20:34+01:00,[60],[33.956841]
2025-02-04T00:20:36+01:00,[60],[33.956841]
2025-02-04T00:20:38+01:00,[60],[33.956841]
2025-02-04T00:20:40+01:00,[60],[33.956841]
2025-02-04T00:20:42+01:00,[60],[33.956841]
2025-02-04T00:20:44+01:00,[60],[33.956841]
2025-02-04T00:20:46+01:00,[60],[33.956841]
2025-02-04T00:20:48+01:00,[60],[33.956841]
2025-02-04T00:20:50+01:00,[60],[33.956841]
2025-02-04T00:20:52+01:00,[60],[33.956841]
2025-02-04T00:20:54+01:00,[60],[33.956841]
2025-02-04T00:20:56+01:00,[60],[33.956841]
2025-02-04T00:20:58+01:00,[60],[33.956841]
2025-02-04T00:21:00+01:00,[60],[33.956841]
2025-02-04T00:21:02+01:00,[60],[33.956841]
2025-02-04T00:21:04+01:00,[60],[33.956841]
2025-02-04T00:21:06+01:00,[60],[33.956841]
2025-02-04T00:21:08+01:00,[60],[33.956841]
2025-02-04T00:21:10+01:00,[60],[33.956841]
2025-02-04T00:21:12+01:00,[60],[33.956841]
2025-02-04T00:21:14+01:00,[60],[33.956841]
2025-02-04T00:21:16+01:00,[60],[33.956837]
2025-02-04T00:21:18+01:00,[60],[33.956837]
2025-02-04T00:21:20+01:00,[60],[33.956841]
2025-02-04T00:21:22+01:00,[60],[33.956833]
2025-02-04T00:21:24+01:00,[60],[33.956833]
2025-02-04T00:21:26+01:00,[60],[33.956829]
2025-02-04T00:21:54+01:00,[60],[33.95681]
2025-02-04T00:21:55+01:00,[60],[33.95681]
2025-02-04T00:21:56+01:00,[60],[33.95681]
2025-02-04T00:21:58+01:00,[60],[33.95681]
2025-02-04T00:21:59+01:00,[60],[33.95681]
2025-02-04T00:22:01+01:00,[60],[33.95681]
2025-02-04T00:22:03+01:00,[60],[33.95681]
2025-02-04T00:22:05+01:00,[60],[33.95681]
2025-02-04T00:22:07+01:00,[60],[33.95681]
2025-02-04T00:22:09+01:00,[60],[33.95681]
2025-02-04T00:22:11+01:00,[60],[33.95681]
2025-02-04T00:22:13+01:00,[60],[33.95681]
2025-02-04T00:22:15+01:00,[60],[33.95681]
2025-02-04T00:22:17+01:00,[60],[33.95681]
2025-02-04T00:22:19+01:00,[60],[33.95681]
2025-02-04T00:22:21+01:00,[60],[33.95681]
2025-02-04T00:22:23+01:00,[60],[33.956795]
2025-02-04T00:22:25+01:00,[60],[33.956795]
2025-02-04T00:22:27+01:00,[60],[33.956795]
2025-02-04T00:22:29+01:00,[60],[33.956795]
2025-02-04T00:22:31+01:00,[60],[33.956795]
2025-02-04T00:22:33+01:00,[60],[33.956795]
2025-02-04T00:22:35+01:00,[60],[33.956795]
2025-02-04T00:22:37+01:00,[60],[33.956795]
2025-02-04T00:22:39+01:00,[60],[33.956795]
2025-02-04T00:22:41+01:00,[60],[33.956795]
2025-02-04T00:22:43+01:00,[60],[33.956795]
2025-02-04T00:22:45+01:00,[60],[33.956795]
2025-02-04T00:22:47+01:00,[60],[33.956795]
2025-02-04T00:22:49+01:00,[60],[33.956795]
2025-02-04T00:22:51+01:00,[60],[33.956795]
2025-02-04T00:22:53+01:00,[60],[33.956795]
2025-02-04T00:22:55+01:00,[60],[33.956795]
2025-02-04T00:22:57+01:00,[60],[33.956795]
2025-02-04T00:22:59+01:00,[60],[33.956795]
2025-02-04T00:23:01+01:00,[60],[33.956795]
2025-02-04T00:23:03+01:00,[60],[33.956795]
2025-02-04T00:23:05+01:00,[60],[33.956799]
2025-02-04T00:23:07+01:00,[60],[33.956799]
2025-02-04T00:23:09+01:00,[60],[33.956799]
2025-02-04T00:23:11+01:00,[60],[33.956799]
2025-02-04T00:23:13+01:00,[60],[33.956799]
2025-02-04T00:23:15+01:00,[60],[33.956799]
2025-02-04T00:23:17+01:00,[60],[33.956799]
2025-02-04T00:23:19+01:00,[60],[33.956799]
2025-02-04T00:23:21+01:00,[60],[33.956799]
2025-02-04T00:23:23+01:00,[60],[33.956799]
2025-02-04T00:23:25+01:00,[60],[33.956799]
2025-02-04T00:23:27+01:00,[60],[33.956799]
2025-02-04T00:23:29+01:00,[60],[33.956799]
2025-02-04T00:23:31+01:00,[60],[33.956799]
2025-02-04T00:23:33+01:00,[60],[33.956799]
2025-02-04T00:23:35+01:00,[60],[33.956799]
2025-02-04T00:23:37+01:00,[60],[33.956799]
2025-02-04T00:23:39+01:00,[60],[33.956799]
2025-02-04T00:23:41+01:00,[60],[33.956799]
2025-02-04T00:23:43+01:00,[60],[33.956799]
2025-02-04T00:23:45+01:00,[60],[33.956799]
2025-02-04T00:23:47+01:00,[60],[33.956799]
2025-02-04T00:23:49+01:00,[60],[33.956799]
2025-02-04T00:23:51+01:00,[60],[33.956799]
2025-02-04T00:23:53+01:00,[60],[33.956799]
2025-02-04T00:23:55+01:00,[60],[33.956799]
2025-02-04T00:23:56+01:00,[60],[33.956799]
2025-02-04T00:23:58+01:00,[60],[33.956799]
2025-02-04T00:23:59+01:00,[60],[33.956799]
2025-02-04T00:24:01+01:00,[60],[33.956799]
2025-02-04T00:24:02+01:00,[60],[33.956799]
2025-02-04T00:24:04+01:00,[60],[33.956799]
2025-02-04T00:24:05+01:00,[60],[33.956799]
2025-02-04T00:24:07+01:00,[60],[33.956799]
2025-02-04T00:24:08+01:00,[60],[33.956799]
2025-02-04T00:24:10+01:00,[60],[33.956799]
2025-02-04T00:24:12+01:00,[60],[33.956799]
2025-02-04T00:24:14+01:00,[60],[33.956799]
2025-02-04T00:24:16+01:00,[60],[33.956799]
2025-02-04T00:24:18+01:00,[60],[33.956799]
2025-02-04T00:24:20+01:00,[60],[33.956799]
2025-02-04T00:24:22+01:00,[60],[33.956799]
2025-02-04T00:24:24+01:00,[60],[33.956799]
2025-02-04T00:24:26+01:00,[60],[33.956799]
2025-02-04T00:24:28+01:00,[60],[33.956799]
2025-02-04T00:24:30+01:00,[60],[33.956799]
2025-02-04T00:24:32+01:00,[60],[33.956799]
2025-02-04T00:24:34+01:00,[60],[33.956806]
2025-02-04T00:24:36+01:00,[60],[33.956806]
2025-02-04T00:24:38+01:00,[60],[33.956806]
2025-02-04T00:24:40+01:00,[60],[33.956806]
2025-02-04T00:24:42+01:00,[60],[33.956806]
2025-02-04T00:24:44+01:00,[60],[33.956806]
2025-02-04T00:24:46+01:00,[60],[33.956806]
2025-02-04T00:24:48+01:00,[60],[33.956806]
2025-02-04T00:24:50+01:00,[60],[33.956806]
2025-02-04T00:24:52+01:00,[60],[33.956806]
2025-02-04T00:24:54+01:00,[60],[33.95681]
2025-02-04T00:24:56+01:00,[60],[33.956799]
2025-02-04T00:24:58+01:00,[60],[33.956799]
2025-02-04T00:25:00+01:00,[60],[33.956799]
2025-02-04T00:25:02+01:00,[60],[33.956799]
2025-02-04T00:25:04+01:00,[60],[33.956799]
2025-02-04T00:25:06+01:00,[60],[33.956802]
2025-02-04T00:25:07+01:00,[60],[33.956802]
2025-02-04T00:25:09+01:00,[60],[33.956802]
2025-02-04T00:25:11+01:00,[60],[33.956802]
2025-02-04T00:25:13+01:00,[60],[33.956802]
2025-02-04T00:25:15+01:00,[60],[33.956799]
2025-02-04T00:25:17+01:00,[60],[33.956799]
2025-02-04T00:25:19+01:00,[60],[33.956799]
2025-02-04T00:25:21+01:00,[60],[33.956799]
2025-02-04T00:25:23+01:00,[60],[33.956799]
2025-02-04T00:25:25+01:00,[60],[33.956799]
2025-02-04T00:25:27+01:00,[60],[33.956799]
2025-02-04T00:25:29+01:00,[60],[33.956799]
2025-02-04T00:25:31+01:00,[60],[33.956799]
2025-02-04T00:25:33+01:00,[60],[33.956799]
2025-02-04T00:25:35+01:00,[60],[33.956799]
2025-02-04T00:25:37+01:00,[60],[33.956799]
2025-02-04T00:25:39+01:00,[60],[33.956799]
2025-02-04T00:25:41+01:00,[60],[33.956806]
2025-02-04T00:25:43+01:00,[60],[33.956806]
2025-02-04T00:25:45+01:00,[60],[33.956806]
2025-02-04T00:25:47+01:00,[60],[33.956806]
2025-02-04T00:25:49+01:00,[60],[33.956806]
2025-02-04T00:25:51+01:00,[60],[33.95681]
2025-02-04T00:25:53+01:00,[60],[33.95681]
2025-02-04T00:25:55+01:00,[60],[33.95681]
2025-02-04T00:25:57+01:00,[60],[33.95681]
2025-02-04T00:25:59+01:00,[60],[33.95681]
2025-02-04T00:26:01+01:00,[60],[33.95681]
2025-02-04T00:26:02+01:00,[60],[33.95681]
2025-02-04T00:26:04+01:00,[60],[33.95681]
2025-02-04T00:26:06+01:00,[60],[33.95681]
2025-02-04T00:26:08+01:00,[60],[33.956814]
2025-02-04T00:26:10+01:00,[60],[33.956814]
2025-02-04T00:26:12+01:00,[60],[33.956814]
2025-02-04T00:26:14+01:00,[60],[33.956814]
2025-02-04T00:26:16+01:00,[60],[33.956814]
2025-02-04T00:26:18+01:00,[60],[33.95681]
2025-02-04T00:26:20+01:00,[60],[33.95681]
2025-02-04T00:26:22+01:00,[60],[33.95681]
2025-02-04T00:26:24+01:00,[60],[33.95681]
2025-02-04T00:26:26+01:00,[60],[33.95681]
2025-02-04T00:26:28+01:00,[60],[33.95681]
2025-02-04T00:26:30+01:00,[60],[33.95681]
2025-02-04T00:26:32+01:00,[60],[33.95681]
2025-02-04T00:26:34+01:00,[60],[33.95681]
2025-02-04T00:26:36+01:00,[60],[33.95681]
2025-02-04T00:26:38+01:00,[60],[33.95681]
2025-02-04T00:26:40+01:00,[60],[33.95681]
2025-02-04T00:26:42+01:00,[60],[33.95681]
2025-02-04T00:26:44+01:00,[60],[33.95681]
2025-02-04T00:26:46+01:00,[60],[33.95681]
2025-02-04T00:26:48+01:00,[60],[33.956802]
2025-02-04T00:26:50+01:00,[60],[33.956806]
2025-02-04T00:26:52+01:00,[60],[33.956806]
2025-02-04T00:26:54+01:00,[60],[33.956806]
2025-02-04T00:26:56+01:00,[60],[33.956806]
2025-02-04T00:26:58+01:00,[60],[33.956806]
2025-02-04T00:27:00+01:00,[60],[33.956806]
2025-02-04T00:27:02+01:00,[60],[33.956806]
2025-02-04T00:27:04+01:00,[60],[33.956806]
2025-02-04T00:27:06+01:00,[60],[33.956806]
2025-02-04T00:27:08+01:00,[60],[33.95681]
2025-02-04T00:27:10+01:00,[60],[33.95681]
2025-02-04T00:27:12+01:00,[60],[33.95681]
2025-02-04T00:27:14+01:00,[60],[33.95681]
2025-02-04T00:27:16+01:00,[60],[33.95681]
2025-02-04T00:27:18+01:00,[60],[33.95681]
2025-02-04T00:27:20+01:00,[60],[33.95681]
2025-02-04T00:27:22+01:00,[60],[33.95681]
2025-02-04T00:27:24+01:00,[60],[33.95681]
2025-02-04T00:27:26+01:00,[60],[33.95681]
2025-02-04T00:27:28+01:00,[60],[33.95681]
2025-02-04T00:27:30+01:00,[60],[33.95681]
2025-02-04T00:27:32+01:00,[60],[33.95681]
2025-02-04T00:27:34+01:00,[60],[33.95681]
2025-02-04T00:27:36+01:00,[60],[33.95681]
2025-02-04T00:27:38+01:00,[60],[33.95681]
2025-02-04T00:27:40+01:00,[60],[33.95681]
2025-02-04T00:27:42+01:00,[60],[33.95681]
2025-02-04T00:27:44+01:00,[60],[33.95681]
2025-02-04T00:27:46+01:00,[60],[33.95681]
2025-02-04T00:27:48+01:00,[60],[33.95681]
2025-02-04T00:27:50+01:00,[60],[33.95681]
2025-02-04T00:27:52+01:00,[60],[33.95681]
2025-02-04T00:27:54+01:00,[60],[33.95681]
2025-02-04T00:27:56+01:00,[60],[33.95681]
2025-02-04T00:27:58+01:00,[60],[33.956814]
2025-02-04T00:28:00+01:00,[60],[33.956814]
2025-02-04T00:28:02+01:00,[60],[33.956814]
2025-02-04T00:28:04+01:00,[60],[33.956814]
2025-02-04T00:28:06+01:00,[60],[33.956814]
2025-02-04T00:28:07+01:00,[60],[33.956814]
2025-02-04T00:28:08+01:00,[60],[33.956814]
2025-02-04T00:28:10+01:00,[60],[33.956814]
2025-02-04T00:28:11+01:00,[60],[33.956814]
2025-02-04T00:28:13+01:00,[60],[33.956814]
2025-02-04T00:28:14+01:00,[60],[33.956814]
2025-02-04T00:28:16+01:00,[60],[33.95681]
2025-02-04T00:28:17+01:00,[60],[33.95681]
2025-02-04T00:28:19+01:00,[60],[33.95681]
2025-02-04T00:28:20+01:00,[60],[33.95681]
2025-02-04T00:28:22+01:00,[60],[33.95681]
2025-02-04T00:28:24+01:00,[60],[33.95681]
2025-02-04T00:28:26+01:00,[60],[33.95681]
2025-02-04T00:28:28+01:00,[60],[33.95681]
2025-02-04T00:28:30+01:00,[60],[33.95681]
2025-02-04T00:28:32+01:00,[60],[33.95681]
2025-02-04T00:28:34+01:00,[60],[33.95681]
2025-02-04T00:28:36+01:00,[60],[33.95681]
2025-02-04T00:28:38+01:00,[60],[33.95681]
2025-02-04T00:28:40+01:00,[60],[33.95681]
2025-02-04T00:28:42+01:00,[60],[33.95681]
2025-02-04T00:28:44+01:00,[60],[33.95681]
2025-02-04T00:28:46+01:00,[60],[33.95681]
2025-02-04T00:28:48+01:00,[60],[33.95681]
2025-02-04T00:28:50+01:00,[60],[33.95681]
2025-02-04T00:28:52+01:00,[60],[33.95681]
2025-02-04T00:28:54+01:00,[60],[33.95681]
2025-02-04T00:28:56+01:00,[60],[33.95681]
2025-02-04T00:28:58+01:00,[60],[33.95681]
2025-02-04T00:29:00+01:00,[60],[33.95681]
2025-02-04T00:29:02+01:00,[60],[33.95681]
2025-02-04T00:29:04+01:00,[60],[33.95681]
2025-02-04T00:29:06+01:00,[60],[33.95681]
2025-02-04T00:29:08+01:00,[60],[33.95681]
2025-02-04T00:29:10+01:00,[60],[33.95681]
2025-02-04T00:29:12+01:00,[60],[33.95681]
2025-02-04T00:29:14+01:00,[60],[33.95681]
2025-02-04T00:29:16+01:00,[60],[33.95681]
2025-02-04T00:29:18+01:00,[60],[33.95681]
2025-02-04T00:29:20+01:00,[60],[33.95681]
2025-02-04T00:29:22+01:00,[60],[33.95681]
2025-02-04T00:29:24+01:00,[60],[33.95681]
2025-02-04T00:29:26+01:00,[60],[33.95681]
2025-02-04T00:29:28+01:00,[60],[33.95681]
2025-02-04T00:29:30+01:00,[60],[33.95681]
2025-02-04T00:29:32+01:00,[60],[33.95681]
2025-02-04T00:29:34+01:00,[60],[33.95681]
2025-02-04T00:29:36+01:00,[60],[33.95681]
2025-02-04T00:29:38+01:00,[60],[33.95681]
2025-02-04T00:29:39+01:00,[60],[33.95681]
2025-02-04T00:29:41+01:00,[60],[33.95681]
2025-02-04T00:29:43+01:00,[60],[33.95681]
2025-02-04T00:29:45+01:00,[60],[33.95681]
2025-02-04T00:29:47+01:00,[60],[33.95681]
2025-02-04T00:29:49+01:00,[60],[33.95681]
2025-02-04T00:29:51+01:00,[60],[33.95681]
2025-02-04T00:29:53+01:00,[60],[33.95681]
2025-02-04T00:29:55+01:00,[60],[33.95681]
2025-02-04T00:29:57+01:00,[60],[33.95681]
2025-02-04T00:29:59+01:00,[60],[33.95681]
2025-02-04T00:30:01+01:00,[60],[33.95681]
2025-02-04T00:30:03+01:00,[60],[33.95681]
2025-02-04T00:30:05+01:00,[60],[33.95681]
2025-02-04T00:30:07+01:00,[60],[33.95681]
2025-02-04T00:30:09+01:00,[60],[33.95681]
2025-02-04T00:30:11+01:00,[60],[33.95681]
2025-02-04T00:30:14+01:00,[60],[33.95681]
2025-02-04T00:30:15+01:00,[60],[33.95681]
2025-02-04T00:30:17+01:00,[60],[33.95681]
2025-02-04T00:30:19+01:00,[60],[33.95681]
2025-02-04T00:30:20+01:00,[60],[33.95681]
2025-02-04T00:30:21+01:00,[60],[33.95681]
2025-02-04T00:30:23+01:00,[60],[33.956799]
2025-02-04T00:30:25+01:00,[60],[33.956799]
2025-02-04T00:30:27+01:00,[60],[33.956802]
2025-02-04T00:30:29+01:00,[60],[33.956802]
2025-02-04T00:30:31+01:00,[60],[33.956802]
2025-02-04T00:30:33+01:00,[60],[33.956802]
2025-02-04T00:30:35+01:00,[60],[33.956806]
2025-02-04T00:30:37+01:00,[60],[33.956806]
2025-02-04T00:30:39+01:00,[60],[33.956806]
2025-02-04T00:30:41+01:00,[60],[33.95681]
2025-02-04T00:30:43+01:00,[60],[33.956814]
2025-02-04T00:30:45+01:00,[60],[33.956818]
2025-02-04T00:30:47+01:00,[60],[33.956818]
2025-02-04T00:30:49+01:00,[60],[33.956814]
2025-02-04T00:30:51+01:00,[60],[33.956814]
2025-02-04T00:30:53+01:00,[60],[33.956818]
2025-02-04T00:30:55+01:00,[60],[33.956814]
2025-02-04T00:30:57+01:00,[60],[33.956818]
2025-02-04T00:30:59+01:00,[60],[33.956821]
2025-02-04T00:31:01+01:00,[60],[33.956821]
2025-02-04T00:31:03+01:00,[60],[33.956821]
2025-02-04T00:31:05+01:00,[60],[33.956825]
2025-02-04T00:31:07+01:00,[60],[33.956825]
2025-02-04T00:31:09+01:00,[60],[33.956829]
2025-02-04T00:31:11+01:00,[60],[33.956829]
2025-02-04T00:31:13+01:00,[60],[33.956829]
2025-02-04T00:31:15+01:00,[60],[33.956825]
2025-02-04T00:31:17+01:00,[60],[33.956825]
2025-02-04T00:31:19+01:00,[60],[33.956825]
2025-02-04T00:31:21+01:00,[60],[33.956825]
2025-02-04T00:31:23+01:00,[60],[33.956829]
2025-02-04T00:31:25+01:00,[60],[33.956829]
2025-02-04T00:31:27+01:00,[60],[33.956829]
2025-02-04T00:31:29+01:00,[60],[33.956825]
2025-02-04T00:31:31+01:00,[60],[33.956825]
2025-02-04T00:31:32+01:00,[60],[33.956825]
2025-02-04T00:31:34+01:00,[60],[33.956825]
2025-02-04T00:31:36+01:00,[60],[33.956825]
2025-02-04T00:31:38+01:00,[60],[33.956825]
2025-02-04T00:31:40+01:00,[60],[33.956825]
2025-02-04T00:31:42+01:00,[60],[33.956825]
2025-02-04T00:31:44+01:00,[60],[33.956825]
2025-02-04T00:31:46+01:00,[60],[33.956825]
2025-02-04T00:31:48+01:00,[60],[33.956825]
2025-02-04T00:31:50+01:00,[60],[33.956825]
2025-02-04T00:31:52+01:00,[60],[33.956825]
2025-02-04T00:31:54+01:00,[60],[33.956825]
2025-02-04T00:31:56+01:00,[60],[33.956825]
2025-02-04T00:31:58+01:00,[60],[33.956825]
2025-02-04T00:32:00+01:00,[60],[33.956825]
2025-02-04T00:32:02+01:00,[60],[33.956825]
2025-02-04T00:32:04+01:00,[60],[33.956825]
2025-02-04T00:32:06+01:00,[60],[33.956825]
2025-02-04T00:32:08+01:00,[60],[33.956825]
2025-02-04T00:32:10+01:00,[60],[33.956825]
2025-02-04T00:32:12+01:00,[60],[33.956825]
2025-02-04T00:32:14+01:00,[60],[33.956825]
2025-02-04T00:32:16+01:00,[60],[33.956825]
2025-02-04T00:32:18+01:00,[60],[33.956825]
2025-02-04T00:32:20+01:00,[60],[33.956825]
2025-02-04T00:32:21+01:00,[60],[33.956825]
2025-02-04T00:32:23+01:00,[60],[33.956825]
2025-02-04T00:32:24+01:00,[60],[33.956825]
2025-02-04T00:32:26+01:00,[60],[33.956825]
2025-02-04T00:32:27+01:00,[60],[33.956825]
2025-02-04T00:32:29+01:00,[60],[33.956825]
2025-02-04T00:32:30+01:00,[60],[33.956825]
2025-02-04T00:32:32+01:00,[60],[33.956825]
2025-02-04T00:32:33+01:00,[60],[33.956825]
2025-02-04T00:32:35+01:00,[60],[33.956825]
2025-02-04T00:32:37+01:00,[60],[33.956825]
2025-02-04T00:32:39+01:00,[60],[33.956825]
2025-02-04T00:32:41+01:00,[60],[33.956825]
2025-02-04T00:32:43+01:00,[60],[33.956825]
2025-02-04T00:32:45+01:00,[60],[33.956825]
2025-02-04T00:32:47+01:00,[60],[33.956825]
2025-02-04T00:32:49+01:00,[60],[33.956791]
2025-02-04T00:32:51+01:00,[60],[33.956791]
2025-02-04T00:32:53+01:00,[60],[33.956791]
2025-02-04T00:32:55+01:00,[60],[33.956791]
2025-02-04T00:32:57+01:00,[60],[33.956795]
2025-02-04T00:32:59+01:00,[60],[33.956799]
2025-02-04T00:33:01+01:00,[60],[33.956787]
2025-02-04T00:33:03+01:00,[60],[33.95681]
2025-02-04T00:33:05+01:00,[60],[33.956825]
2025-02-04T00:33:07+01:00,[60],[33.956829]
2025-02-04T00:33:09+01:00,[60],[33.956844]
2025-02-04T00:33:11+01:00,[60],[33.956844]
2025-02-04T00:33:13+01:00,[60],[33.956837]
2025-02-04T00:33:15+01:00,[60],[33.956837]
2025-02-04T00:33:17+01:00,[60],[33.956837]
2025-02-04T00:33:19+01:00,[60],[33.956837]
2025-02-04T00:33:21+01:00,[60],[33.956837]
2025-02-04T00:33:23+01:00,[60],[33.956837]
2025-02-04T00:33:25+01:00,[60],[33.956837]
2025-02-04T00:33:27+01:00,[60],[33.956837]
2025-02-04T00:33:29+01:00,[60],[33.956837]
2025-02-04T00:33:31+01:00,[60],[33.956837]
2025-02-04T00:33:32+01:00,[60],[33.956837]
2025-02-04T00:33:34+01:00,[60],[33.956837]
2025-02-04T00:33:36+01:00,[60],[33.956837]
2025-02-04T00:33:38+01:00,[60],[33.956837]
2025-02-04T00:33:40+01:00,[60],[33.956837]
2025-02-04T00:33:42+01:00,[60],[33.956837]
2025-02-04T00:33:44+01:00,[60],[33.956837]
2025-02-04T00:33:46+01:00,[60],[33.956837]
2025-02-04T00:33:48+01:00,[60],[33.956852]
2025-02-04T00:33:50+01:00,[60],[33.956852]
2025-02-04T00:33:52+01:00,[60],[33.956837]
2025-02-04T00:33:54+01:00,[60],[33.956833]
2025-02-04T00:33:56+01:00,[60],[33.95681]
2025-02-04T00:33:58+01:00,[60],[33.956802]
2025-02-04T00:34:00+01:00,[60],[33.956799]
2025-02-04T00:34:02+01:00,[60],[33.956787]
2025-02-04T00:34:04+01:00,[60],[33.956779]
2025-02-04T00:34:06+01:00,[60],[33.956768]
2025-02-04T00:34:08+01:00,[60],[33.956753]
2025-02-04T00:34:10+01:00,[60],[33.95673]
2025-02-04T00:34:12+01:00,[60],[33.956726]
2025-02-04T00:34:14+01:00,[60],[33.956703]
2025-02-04T00:34:16+01:00,[60],[33.956699]
2025-02-04T00:34:18+01:00,[60],[33.95668]
2025-02-04T00:34:20+01:00,[60],[33.956661]
2025-02-04T00:34:22+01:00,[60],[33.956638]
2025-02-04T00:34:24+01:00,[60],[33.956635]
2025-02-04T00:34:26+01:00,[60],[33.956635]
2025-02-04T00:34:27+01:00,[60],[33.956635]
2025-02-04T00:34:29+01:00,[60],[33.956635]
2025-02-04T00:34:30+01:00,[60],[33.956635]
2025-02-04T00:34:32+01:00,[60],[33.956635]
2025-02-04T00:34:33+01:00,[60],[33.956635]
2025-02-04T00:34:35+01:00,[60],[33.956635]
2025-02-04T00:34:36+01:00,[60],[33.956635]
2025-02-04T00:34:38+01:00,[60],[33.956635]
2025-02-04T00:34:39+01:00,[60],[33.956635]
2025-02-04T00:34:41+01:00,[60],[33.956635]
2025-02-04T00:34:43+01:00,[60],[33.95665]
2025-02-04T00:34:45+01:00,[60],[33.956654]
2025-02-04T00:34:47+01:00,[60],[33.95665]
2025-02-04T00:34:49+01:00,[60],[33.956657]
2025-02-04T00:34:51+01:00,[60],[33.956654]
2025-02-04T00:34:53+01:00,[60],[33.956654]
2025-02-04T00:34:55+01:00,[60],[33.956646]
2025-02-04T00:34:57+01:00,[60],[33.956642]
2025-02-04T00:34:59+01:00,[60],[33.956646]
2025-02-04T00:35:01+01:00,[60],[33.956646]
2025-02-04T00:35:03+01:00,[60],[33.956646]
2025-02-04T00:35:05+01:00,[60],[33.956646]
2025-02-04T00:35:07+01:00,[60],[33.956638]
2025-02-04T00:35:09+01:00,[60],[33.956627]
2025-02-04T00:35:11+01:00,[60],[33.956631]
2025-02-04T00:35:13+01:00,[60],[33.956619]
2025-02-04T00:35:14+01:00,[60],[33.956623]
2025-02-04T00:35:16+01:00,[60],[33.956619]
2025-02-04T00:35:18+01:00,[60],[33.956623]
2025-02-04T00:35:20+01:00,[60],[33.956619]
2025-02-04T00:35:22+01:00,[60],[33.956619]
2025-02-04T00:35:24+01:00,[60],[33.956619]
2025-02-04T00:35:26+01:00,[60],[33.956619]
2025-02-04T00:35:28+01:00,[60],[33.956619]
2025-02-04T00:35:30+01:00,[60],[33.956619]
2025-02-04T00:35:32+01:00,[60],[33.956619]
2025-02-04T00:35:34+01:00,[60],[33.956623]
2025-02-04T00:35:36+01:00,[60],[33.956623]
2025-02-04T00:35:38+01:00,[60],[33.956623]
2025-02-04T00:35:40+01:00,[60],[33.956623]
2025-02-04T00:35:42+01:00,[60],[33.956623]
2025-02-04T00:35:44+01:00,[60],[33.956623]
2025-02-04T00:35:46+01:00,[60],[33.956623]
2025-02-04T00:35:48+01:00,[60],[33.956623]
2025-02-04T00:35:50+01:00,[60],[33.956623]
2025-02-04T00:35:52+01:00,[60],[33.956623]
2025-02-04T00:35:54+01:00,[60],[33.956623]
2025-02-04T00:35:56+01:00,[60],[33.956623]
2025-02-04T00:35:58+01:00,[60],[33.956623]
2025-02-04T00:36:00+01:00,[60],[33.956623]
2025-02-04T00:36:02+01:00,[60],[33.956623]
2025-02-04T00:36:04+01:00,[60],[33.956623]
2025-02-04T00:36:06+01:00,[60],[33.956623]
2025-02-04T00:36:08+01:00,[60],[33.956623]
2025-02-04T00:36:10+01:00,[60],[33.956623]
2025-02-04T00:36:12+01:00,[60],[33.956623]
2025-02-04T00:36:14+01:00,[60],[33.956623]
2025-02-04T00:36:16+01:00,[60],[33.956623]
2025-02-04T00:36:18+01:00,[60],[33.956623]
2025-02-04T00:36:20+01:00,[60],[33.956623]
2025-02-04T00:36:22+01:00,[60],[33.956623]
2025-02-04T00:36:24+01:00,[60],[33.956623]
2025-02-04T00:36:26+01:00,[60],[33.956623]
2025-02-04T00:36:28+01:00,[60],[33.956623]
2025-02-04T00:36:30+01:00,[60],[33.956623]
2025-02-04T00:36:32+01:00,[60],[33.956623]
2025-02-04T00:36:33+01:00,[60],[33.956623]
2025-02-04T00:36:35+01:00,[60],[33.956623]
2025-02-04T00:36:36+01:00,[60],[33.956623]
2025-02-04T00:36:38+01:00,[60],[33.956623]
2025-02-04T00:36:39+01:00,[60],[33.956623]
2025-02-04T00:36:41+01:00,[60],[33.956623]
2025-02-04T00:36:42+01:00,[60],[33.956623]
2025-02-04T00:36:44+01:00,[60],[33.956623]
2025-02-04T00:36:45+01:00,[60],[33.956623]
2025-02-04T00:36:47+01:00,[60],[33.956631]
2025-02-04T00:36:49+01:00,[60],[33.956631]
2025-02-04T00:36:51+01:00,[60],[33.956631]
2025-02-04T00:36:53+01:00,[60],[33.956631]
2025-02-04T00:36:55+01:00,[60],[33.956631]
2025-02-04T00:36:57+01:00,[60],[33.956631]
2025-02-04T00:36:59+01:00,[60],[33.956631]
2025-02-04T00:37:01+01:00,[60],[33.956631]
2025-02-04T00:37:03+01:00,[60],[33.956631]
2025-02-04T00:37:05+01:00,[60],[33.956631]
2025-02-04T00:37:07+01:00,[60],[33.956631]
2025-02-04T00:37:08+01:00,[60],[33.956631]
2025-02-04T00:37:10+01:00,[60],[33.956631]
2025-02-04T00:37:12+01:00,[60],[33.956631]
2024-08-09T04:05:21+02:00,[60],[33.956783]
2024-08-09T04:06:49+02:00,[60],[33.95676]
2024-08-09T04:07:25+02:00,[60],[33.956741]
2024-08-09T04:07:27+02:00,[60],[33.956741]
2024-08-09T04:07:29+02:00,[60],[33.956829]
2024-08-09T04:07:59+02:00,[60],[33.956783]
2024-08-09T04:08:01+02:00,[60],[33.956615]
2024-08-09T04:08:03+02:00,[60],[33.956615]
2024-08-09T04:08:05+02:00,[60],[33.956783]
2024-08-09T04:08:09+02:00,[60],[33.956852]
2024-08-09T04:08:34+02:00,[60],[33.956894]
2024-08-09T04:47:09+02:00,[60],[33.956932]
