start,duration,value
2026-07-16T23:35:52+02:00,[60],[344.109]
2026-07-16T23:35:51+02:00,[60],[344.109]
2026-07-16T23:35:50+02:00,[60],[344.109]
2026-07-16T23:35:49+02:00,[60],[344.109]
2026-07-16T23:35:48+02:00,[60],[344.109]
2026-07-16T23:35:47+02:00,[60],[344.109]
2026-07-16T23:35:46+02:00,[60],[344.109]
2026-07-16T23:35:45+02:00,[60],[344.109]
2026-07-16T23:35:44+02:00,[60],[344.109]
2026-07-16T23:35:43+02:00,[60],[344.109]
2026-07-16T23:35:42+02:00,[60],[344.109]
2026-07-16T23:35:41+02:00,[60],[344.109]
2026-07-16T23:35:40+02:00,[60],[344.109]
2026-07-16T23:35:39+02:00,[60],[344.109]
2026-07-16T23:35:38+02:00,[60],[344.109]
2026-07-16T23:35:37+02:00,[60],[344.109]
2026-07-16T23:35:36+02:00,[60],[344.109]
2026-07-16T23:35:35+02:00,[60],[344.109]
2026-07-16T23:35:34+02:00,[60],[344.109]
2026-07-16T23:35:33+02:00,[60],[344.109]
2026-07-16T23:35:32+02:00,[60],[344.109]
2026-07-16T23:35:31+02:00,[60],[344.109]
2026-07-16T23:35:30+02:00,[60],[344.109]
2026-07-16T23:35:29+02:00,[60],[344.109]
2026-07-16T23:35:28+02:00,[60],[344.109]
2026-07-16T23:35:27+02:00,[60],[344.109]
2026-07-16T23:35:26+02:00,[60],[344.109]
2026-07-16T23:35:25+02:00,[60],[344.109]
2026-07-16T23:35:24+02:00,[60],[344.109]
2026-07-16T23:35:23+02:00,[60],[344.109]
2026-07-16T23:35:22+02:00,[60],[344.109]
2026-07-16T23:35:21+02:00,[60],[344.109]
2026-07-16T23:35:20+02:00,[60],[344.109]
2026-07-16T23:35:19+02:00,[60],[344.109]
2026-07-16T23:35:18+02:00,[60],[344.109]
2026-07-16T23:35:17+02:00,[60],[344.109]
2026-07-16T23:35:16+02:00,[60],[344.109]
2026-07-16T23:35:15+02:00,[60],[344.109]
2026-07-16T23:35:14+02:00,[60],[344.109]
2026-07-16T23:35:13+02:00,[60],[344.109]
2026-07-16T23:35:12+02:00,[60],[344.109]
2026-07-16T23:35:11+02:00,[60],[344.109]
2026-07-16T23:35:10+02:00,[60],[344.109]
2026-07-16T23:35:09+02:00,[60],[344.109]
2026-07-16T23:35:08+02:00,[60],[344.109]
2026-07-16T23:35:07+02:00,[60],[344.109]
2026-07-16T23:35:06+02:00,[60],[344.109]
2026-07-16T23:35:05+02:00,[60],[344.109]
2026-07-16T23:35:04+02:00,[60],[344.109]
2026-07-16T23:35:03+02:00,[60],[344.109]
2026-07-16T23:35:02+02:00,[60],[344.109]
2026-07-16T23:35:01+02:00,[60],[344.109]
2026-07-16T23:35:00+02:00,[60],[344.109]
2026-07-16T23:34:59+02:00,[60],[344.109]
2026-07-16T23:34:58+02:00,[60],[344.109]
2026-07-16T23:34:57+02:00,[60],[344.109]
2026-07-16T23:34:56+02:00,[60],[344.109]
2026-07-16T23:34:55+02:00,[60],[344.109]
2026-07-16T23:34:54+02:00,[60],[344.109]
2026-07-16T23:34:53+02:00,[60],[344.109]
2026-07-16T23:34:52+02:00,[60],[344.109]
2026-07-16T23:34:51+02:00,[60],[344.109]
2026-07-16T23:34:50+02:00,[60],[344.109]
2026-07-16T23:34:49+02:00,[60],[344.109]
2026-07-16T23:34:48+02:00,[60],[344.109]
2026-07-16T23:34:47+02:00,[60],[344.109]
2026-07-16T23:34:46+02:00,[60],[344.109]
2026-07-16T23:34:45+02:00,[60],[344.109]
2026-07-16T23:34:44+02:00,[60],[344.109]
2026-07-16T23:34:43+02:00,[60],[344.109]
2026-07-16T23:34:42+02:00,[60],[344.109]
2026-07-16T23:34:41+02:00,[60],[344.109]
2026-07-16T23:34:40+02:00,[60],[344.109]
2026-07-16T23:34:39+02:00,[60],[344.109]
2026-07-16T23:34:38+02:00,[60],[344.109]
2026-07-16T23:34:37+02:00,[60],[344.109]
2026-07-16T23:34:36+02:00,[60],[344.109]
2026-07-16T23:34:35+02:00,[60],[344.109]
2026-07-16T23:34:34+02:00,[60],[344.109]
2026-07-16T23:34:33+02:00,[60],[344.109]
2026-07-16T23:34:32+02:00,[60],[344.109]
2026-07-16T23:34:31+02:00,[60],[344.109]
2026-07-16T23:34:30+02:00,[60],[344.109]
2026-07-16T23:34:29+02:00,[60],[344.109]
2026-07-16T23:34:28+02:00,[60],[344.109]
2026-07-16T23:34:27+02:00,[60],[344.109]
2026-07-16T23:34:26+02:00,[60],[344.109]
2026-07-16T23:34:25+02:00,[60],[344.109]
2026-07-16T23:34:24+02:00,[60],[344.109]
2026-07-16T23:34:23+02:00,[60],[344.109]
2026-07-16T23:34:22+02:00,[60],[344.109]
2026-07-16T23:34:21+02:00,[60],[344.109]
2026-07-16T23:34:20+02:00,[60],[344.109]
2026-07-16T23:34:19+02:00,[60],[344.109]
2026-07-16T23:34:18+02:00,[60],[344.109]
2026-07-16T23:34:17+02:00,[60],[344.109]
2026-07-16T23:34:16+02:00,[60],[344.109]
2026-07-16T23:34:15+02:00,[60],[344.109]
2026-07-16T23:34:14+02:00,[60],[344.109]
2026-07-16T23:34:13+02:00,[60],[344.109]
2026-07-16T23:34:12+02:00,[60],[344.109]
2026-07-16T23:34:11+02:00,[60],[344.109]
2026-07-16T23:34:10+02:00,[60],[344.109]
2026-07-16T23:34:09+02:00,[60],[344.109]
2026-07-16T23:34:08+02:00,[60],[344.109]
2026-07-16T23:34:07+02:00,[60],[344.109]
2026-07-16T23:34:06+02:00,[60],[344.109]
2026-07-16T23:34:05+02:00,[60],[344.109]
2026-07-16T23:34:04+02:00,[60],[344.109]
2026-07-16T23:34:03+02:00,[60],[344.109]
2026-07-16T23:34:02+02:00,[60],[344.109]
2026-07-16T23:34:01+02:00,[60],[344.109]
2026-07-16T23:34:00+02:00,[60],[344.109]
2026-07-16T23:33:59+02:00,[60],[344.109]
2026-07-16T23:33:58+02:00,[60],[344.109]
2026-07-16T23:33:57+02:00,[60],[344.109]
2026-07-16T23:33:56+02:00,[60],[344.109]
2026-07-16T23:33:55+02:00,[60],[344.109]
2026-07-16T23:33:54+02:00,[60],[344.109]
2026-07-16T23:33:53+02:00,[60],[344.109]
2026-07-16T23:33:52+02:00,[60],[344.109]
2026-07-16T23:33:51+02:00,[60],[344.109]
2026-07-16T23:33:50+02:00,[60],[344.109]
2026-07-16T23:33:49+02:00,[60],[344.109]
2026-07-16T23:33:48+02:00,[60],[344.109]
2026-07-16T23:33:47+02:00,[60],[344.109]
2026-07-16T23:33:46+02:00,[60],[344.109]
2026-07-16T23:33:45+02:00,[60],[344.109]
2026-07-16T23:33:44+02:00,[60],[344.109]
2026-07-16T23:33:43+02:00,[60],[344.109]
2026-07-16T23:33:42+02:00,[60],[344.109]
2026-07-16T23:33:41+02:00,[60],[344.109]
2026-07-16T23:33:40+02:00,[60],[344.109]
2026-07-16T23:33:39+02:00,[60],[344.109]
2026-07-16T23:33:38+02:00,[60],[344.109]
2026-07-16T23:33:37+02:00,[60],[344.109]
2026-07-16T23:33:36+02:00,[60],[344.109]
2026-07-16T23:33:35+02:00,[60],[344.109]
2026-07-16T23:33:34+02:00,[60],[344.109]
2026-07-16T23:33:33+02:00,[60],[344.109]
2026-07-16T23:33:32+02:00,[60],[344.109]
2026-07-16T23:33:31+02:00,[60],[344.109]
2026-07-16T23:33:30+02:00,[60],[344.109]
2026-07-16T23:33:29+02:00,[60],[344.109]
2026-07-16T23:33:28+02:00,[60],[344.109]
2026-07-16T23:33:27+02:00,[60],[344.109]
2026-07-16T23:33:26+02:00,[60],[344.109]
2026-07-16T23:33:25+02:00,[60],[344.109]
2026-07-16T23:33:24+02:00,[60],[344.109]
2026-07-16T23:33:23+02:00,[60],[344.109]
2026-07-16T23:33:22+02:00,[60],[344.109]
2026-07-16T23:33:21+02:00,[60],[344.109]
2026-07-16T23:33:20+02:00,[60],[344.109]
2026-07-16T23:33:19+02:00,[60],[344.109]
2026-07-16T23:33:18+02:00,[60],[344.109]
2026-07-16T23:33:17+02:00,[60],[344.109]
2026-07-16T23:33:16+02:00,[60],[344.109]
2026-07-16T23:33:15+02:00,[60],[344.109]
2026-07-16T23:33:14+02:00,[60],[344.109]
2026-07-16T23:33:13+02:00,[60],[344.109]
2026-07-16T23:33:12+02:00,[60],[344.109]
2026-07-16T23:33:11+02:00,[60],[344.109]
2026-07-16T23:33:10+02:00,[60],[344.109]
2026-07-16T23:33:09+02:00,[60],[344.109]
2026-07-16T23:33:08+02:00,[60],[344.109]
2026-07-16T23:33:07+02:00,[60],[344.109]
2026-07-16T23:33:06+02:00,[60],[344.109]
2026-07-16T23:33:05+02:00,[60],[344.109]
2026-07-16T23:33:04+02:00,[60],[344.109]
2026-07-16T23:33:03+02:00,[60],[344.109]
2026-07-16T23:33:02+02:00,[60],[344.109]
2026-07-16T23:33:01+02:00,[60],[344.109]
2026-07-16T23:33:00+02:00,[60],[344.109]
2026-07-16T23:32:59+02:00,[60],[344.109]
2026-07-16T23:32:58+02:00,[60],[344.109]
2026-07-16T23:32:57+02:00,[60],[344.109]
2026-07-16T23:32:56+02:00,[60],[344.109]
2026-07-16T23:32:55+02:00,[60],[344.109]
2026-07-16T23:32:54+02:00,[60],[344.109]
2026-07-16T23:32:53+02:00,[60],[344.109]
2026-07-16T23:32:52+02:00,[60],[344.109]
2026-07-16T23:32:51+02:00,[60],[344.109]
2026-07-16T23:32:50+02:00,[60],[344.109]
2026-07-16T23:32:49+02:00,[60],[344.109]
2026-07-16T23:32:48+02:00,[60],[344.109]
2026-07-16T23:32:47+02:00,[60],[344.109]
2026-07-16T23:32:46+02:00,[60],[344.109]
2026-07-16T23:32:45+02:00,[60],[344.109]
2026-07-16T23:32:44+02:00,[60],[344.109]
2026-07-16T23:32:43+02:00,[60],[344.109]
2026-07-16T23:32:42+02:00,[60],[344.109]
2026-07-16T23:32:41+02:00,[60],[344.109]
2026-07-16T23:32:40+02:00,[60],[344.109]
2026-07-16T23:32:39+02:00,[60],[344.109]
2026-07-16T23:32:38+02:00,[60],[344.109]
2026-07-16T23:32:37+02:00,[60],[344.109]
2026-07-16T23:32:36+02:00,[60],[344.109]
2026-07-16T23:32:35+02:00,[60],[344.109]
2026-07-16T23:32:34+02:00,[60],[344.109]
2026-07-16T23:32:33+02:00,[60],[344.109]
2026-07-16T23:32:32+02:00,[60],[344.109]
2026-07-16T23:32:31+02:00,[60],[344.109]
2026-07-16T23:32:30+02:00,[60],[344.109]
2026-07-16T23:32:29+02:00,[60],[344.109]
2026-07-16T23:32:28+02:00,[60],[344.109]
2026-07-16T23:32:27+02:00,[60],[344.109]
2026-07-16T23:32:26+02:00,[60],[344.109]
2026-07-16T23:32:25+02:00,[60],[344.109]
2026-07-16T23:32:24+02:00,[60],[344.109]
2026-07-16T23:32:23+02:00,[60],[344.109]
2026-07-16T23:32:22+02:00,[60],[344.109]
2026-07-16T23:32:21+02:00,[60],[344.109]
2026-07-16T23:32:20+02:00,[60],[344.109]
2026-07-16T23:32:19+02:00,[60],[344.109]
2026-07-16T23:32:18+02:00,[60],[344.109]
2026-07-16T23:32:17+02:00,[60],[344.109]
2026-07-16T23:32:16+02:00,[60],[344.109]
2026-07-16T23:32:15+02:00,[60],[344.109]
2026-07-16T23:32:14+02:00,[60],[344.109]
2026-07-16T23:32:13+02:00,[60],[344.109]
2026-07-16T23:32:12+02:00,[60],[344.109]
2026-07-16T23:32:11+02:00,[60],[344.109]
2026-07-16T23:32:10+02:00,[60],[344.109]
2026-07-16T23:32:09+02:00,[60],[344.109]
2026-07-16T23:32:08+02:00,[60],[344.109]
2026-07-16T23:32:07+02:00,[60],[344.109]
2026-07-16T23:32:06+02:00,[60],[344.109]
2026-07-16T23:32:05+02:00,[60],[344.109]
2026-07-16T23:32:04+02:00,[60],[344.109]
2026-07-16T23:32:03+02:00,[60],[344.109]
2026-07-16T23:32:02+02:00,[60],[344.109]
2026-07-16T23:32:01+02:00,[60],[344.109]
2026-07-16T23:32:00+02:00,[60],[344.109]
2026-07-16T23:31:59+02:00,[60],[344.109]
2026-07-16T23:31:58+02:00,[60],[344.109]
2026-07-16T23:31:57+02:00,[60],[344.109]
2026-07-16T23:31:56+02:00,[60],[344.109]
2026-07-16T23:31:55+02:00,[60],[344.109]
2026-07-16T23:31:54+02:00,[60],[344.109]
2026-07-16T23:31:53+02:00,[60],[344.109]
2026-07-16T23:31:52+02:00,[60],[344.109]
2026-07-16T23:31:51+02:00,[60],[344.109]
2026-07-16T23:31:50+02:00,[60],[344.109]
2026-07-16T23:31:49+02:00,[60],[344.109]
2026-07-16T23:31:48+02:00,[60],[344.109]
2026-07-16T23:31:47+02:00,[60],[344.109]
2026-07-16T23:31:46+02:00,[60],[344.109]
2026-07-16T23:31:45+02:00,[60],[344.109]
2026-07-16T23:31:44+02:00,[60],[344.109]
2026-07-16T23:31:43+02:00,[60],[344.109]
2026-07-16T23:31:42+02:00,[60],[344.109]
2026-07-16T23:31:41+02:00,[60],[344.109]
2026-07-16T23:31:40+02:00,[60],[344.109]
2026-07-16T23:31:39+02:00,[60],[344.109]
2026-07-16T23:31:38+02:00,[60],[344.109]
2026-07-16T23:31:37+02:00,[60],[344.109]
2026-07-16T23:31:36+02:00,[60],[344.109]
2026-07-16T23:31:35+02:00,[60],[344.109]
2026-07-16T23:31:34+02:00,[60],[344.109]
2026-07-16T23:31:33+02:00,[60],[344.109]
2026-07-16T23:31:32+02:00,[60],[344.109]
2026-07-16T23:31:31+02:00,[60],[344.109]
2026-07-16T23:31:30+02:00,[60],[344.109]
2026-07-16T23:31:29+02:00,[60],[344.109]
2026-07-16T23:31:28+02:00,[60],[344.109]
2026-07-16T23:31:27+02:00,[60],[344.109]
2026-07-16T23:31:26+02:00,[60],[344.109]
2026-07-16T23:31:25+02:00,[60],[344.109]
2026-07-16T23:31:24+02:00,[60],[344.109]
2026-07-16T23:31:23+02:00,[60],[344.109]
2026-07-16T23:31:22+02:00,[60],[344.109]
2026-07-16T23:31:21+02:00,[60],[344.109]
2026-07-16T23:31:20+02:00,[60],[344.109]
2026-07-16T23:31:19+02:00,[60],[344.109]
2026-07-16T23:31:18+02:00,[60],[344.109]
2026-07-16T23:31:17+02:00,[60],[344.109]
2026-07-16T23:31:16+02:00,[60],[344.109]
2026-07-16T23:31:15+02:00,[60],[344.109]
2026-07-16T23:31:14+02:00,[60],[344.109]
2026-07-16T23:31:13+02:00,[60],[344.109]
2026-07-16T23:31:12+02:00,[60],[344.109]
2026-07-16T23:31:11+02:00,[60],[344.109]
2026-07-16T23:31:10+02:00,[60],[344.109]
2026-07-16T23:31:09+02:00,[60],[344.109]
2026-07-16T23:31:08+02:00,[60],[344.109]
2026-07-16T23:31:07+02:00,[60],[344.109]
2026-07-16T23:31:06+02:00,[60],[344.109]
2026-07-16T23:31:05+02:00,[60],[344.109]
2026-07-16T23:31:04+02:00,[60],[344.109]
2026-07-16T23:31:03+02:00,[60],[344.109]
2026-07-16T23:31:02+02:00,[60],[344.109]
2026-07-16T23:31:01+02:00,[60],[344.109]
2026-07-16T23:31:00+02:00,[60],[344.109]
2026-07-16T23:30:59+02:00,[60],[344.109]
2026-07-16T23:30:58+02:00,[60],[344.109]
2026-07-16T23:30:57+02:00,[60],[344.109]
2026-07-16T23:30:56+02:00,[60],[344.109]
2026-07-16T23:30:55+02:00,[60],[344.109]
2026-07-16T23:30:54+02:00,[60],[344.109]
2026-07-16T23:30:53+02:00,[60],[344.109]
2026-07-16T23:30:52+02:00,[60],[344.109]
2026-07-16T23:30:51+02:00,[60],[344.109]
2026-07-16T23:30:50+02:00,[60],[344.109]
2026-07-16T23:30:49+02:00,[60],[344.109]
2026-07-16T23:30:48+02:00,[60],[344.109]
2026-07-16T23:30:47+02:00,[60],[344.109]
2026-07-16T23:30:46+02:00,[60],[344.109]
2026-07-16T23:30:45+02:00,[60],[344.109]
2026-07-16T23:30:44+02:00,[60],[344.109]
2026-07-16T23:30:43+02:00,[60],[344.109]
2026-07-16T23:30:42+02:00,[60],[344.109]
2026-07-16T23:30:41+02:00,[60],[344.109]
2026-07-16T23:30:40+02:00,[60],[344.109]
2026-07-16T23:30:39+02:00,[60],[344.109]
2026-07-16T23:30:38+02:00,[60],[344.109]
2026-07-16T23:30:37+02:00,[60],[344.109]
2026-07-16T23:30:36+02:00,[60],[344.109]
2026-07-16T23:30:35+02:00,[60],[344.109]
2026-07-16T23:30:34+02:00,[60],[344.109]
2026-07-16T23:30:33+02:00,[60],[344.109]
2026-07-16T23:30:32+02:00,[60],[344.109]
2026-07-16T23:30:31+02:00,[60],[344.109]
2026-07-16T23:30:30+02:00,[60],[344.109]
2026-07-16T23:30:29+02:00,[60],[344.109]
2026-07-16T23:30:28+02:00,[60],[344.109]
2026-07-16T23:30:27+02:00,[60],[344.109]
2026-07-16T23:30:26+02:00,[60],[344.109]
2026-07-16T23:30:25+02:00,[60],[344.109]
2026-07-16T23:30:24+02:00,[60],[344.109]
2026-07-16T23:30:23+02:00,[60],[344.109]
2026-07-16T23:30:22+02:00,[60],[344.109]
2026-07-16T23:30:21+02:00,[60],[344.109]
2026-07-16T23:30:20+02:00,[60],[344.109]
2026-07-16T23:30:19+02:00,[60],[344.109]
2026-07-16T23:30:18+02:00,[60],[344.109]
2026-07-16T23:30:17+02:00,[60],[344.109]
2026-07-16T23:30:16+02:00,[60],[345.703]
2026-07-16T23:30:15+02:00,[60],[345.703]
2026-07-16T23:30:14+02:00,[60],[345.703]
2026-07-16T23:30:13+02:00,[60],[345.703]
2026-07-16T23:30:12+02:00,[60],[345.703]
2026-07-16T23:30:11+02:00,[60],[345.703]
2026-07-16T23:30:10+02:00,[60],[345.703]
2026-07-16T23:30:09+02:00,[60],[345.703]
2026-07-16T23:30:08+02:00,[60],[345.703]
2026-07-16T23:30:07+02:00,[60],[345.703]
2026-07-16T23:30:06+02:00,[60],[345.703]
2026-07-16T23:30:05+02:00,[60],[345.703]
2026-07-16T23:30:04+02:00,[60],[345.703]
2026-07-16T23:30:03+02:00,[60],[345.703]
2026-07-16T23:30:02+02:00,[60],[345.703]
2026-07-16T23:30:01+02:00,[60],[345.703]
2026-07-16T23:30:00+02:00,[60],[345.703]
2026-07-16T23:29:59+02:00,[60],[345.703]
2026-07-16T23:29:58+02:00,[60],[345.703]
2026-07-16T23:29:57+02:00,[60],[345.703]
2026-07-16T23:29:56+02:00,[60],[345.703]
2026-07-16T23:29:55+02:00,[60],[345.703]
2026-07-16T23:29:54+02:00,[60],[345.703]
2026-07-16T23:29:53+02:00,[60],[345.703]
2026-07-16T23:29:52+02:00,[60],[345.703]
2026-07-16T23:29:51+02:00,[60],[345.703]
2026-07-16T23:29:50+02:00,[60],[345.703]
2026-07-16T23:29:49+02:00,[60],[345.703]
2026-07-16T23:29:48+02:00,[60],[345.703]
2026-07-16T23:29:47+02:00,[60],[345.703]
2026-07-16T23:29:46+02:00,[60],[345.703]
2026-07-16T23:29:45+02:00,[60],[345.703]
2026-07-16T23:29:44+02:00,[60],[345.703]
2026-07-16T23:29:43+02:00,[60],[345.703]
2026-07-16T23:29:42+02:00,[60],[345.703]
2026-07-16T23:29:41+02:00,[60],[345.703]
2026-07-16T23:29:40+02:00,[60],[345.703]
2026-07-16T23:29:39+02:00,[60],[345.703]
2026-07-16T23:29:38+02:00,[60],[345.703]
2026-07-16T23:29:37+02:00,[60],[345.703]
2026-07-16T23:29:36+02:00,[60],[345.703]
2026-07-16T23:29:35+02:00,[60],[345.703]
2026-07-16T23:29:34+02:00,[60],[345.703]
2026-07-16T23:29:33+02:00,[60],[345.703]
2026-07-16T23:29:32+02:00,[60],[345.703]
2026-07-16T23:29:31+02:00,[60],[345.703]
2026-07-16T23:29:30+02:00,[60],[345.703]
2026-07-16T23:29:29+02:00,[60],[345.703]
2026-07-16T23:29:28+02:00,[60],[345.703]
2026-07-16T23:29:27+02:00,[60],[345.703]
2026-07-16T23:29:26+02:00,[60],[345.703]
2026-07-16T23:29:25+02:00,[60],[345.703]
2026-07-16T23:29:24+02:00,[60],[345.703]
2026-07-16T23:29:23+02:00,[60],[345.703]
2026-07-16T23:29:22+02:00,[60],[345.703]
2026-07-16T23:29:21+02:00,[60],[345.703]
2026-07-16T23:29:20+02:00,[60],[345.703]
2026-07-16T23:29:19+02:00,[60],[345.703]
2026-07-16T23:29:18+02:00,[60],[345.703]
2026-07-16T23:29:17+02:00,[60],[345.703]
2026-07-16T23:29:16+02:00,[60],[345.703]
2026-07-16T23:29:15+02:00,[60],[345.703]
2026-07-16T23:29:14+02:00,[60],[345.703]
2026-07-16T23:29:13+02:00,[60],[345.703]
2026-07-16T23:29:12+02:00,[60],[345.703]
2026-07-16T23:29:11+02:00,[60],[345.703]
2026-07-16T23:29:10+02:00,[60],[345.703]
2026-07-16T23:29:09+02:00,[60],[345.703]
2026-07-16T23:29:08+02:00,[60],[345.703]
2026-07-16T23:29:07+02:00,[60],[345.703]
2026-07-16T23:29:06+02:00,[60],[345.703]
2026-07-16T23:29:05+02:00,[60],[345.703]
2026-07-16T23:29:04+02:00,[60],[345.703]
2026-07-16T23:29:03+02:00,[60],[345.703]
2026-07-16T23:29:02+02:00,[60],[345.703]
2026-07-16T23:29:01+02:00,[60],[345.703]
2026-07-16T23:29:00+02:00,[60],[345.703]
2026-07-16T23:28:59+02:00,[60],[345.703]
2026-07-16T23:28:58+02:00,[60],[345.703]
2026-07-16T23:28:57+02:00,[60],[345.703]
2026-07-16T23:28:56+02:00,[60],[345.703]
2026-07-16T23:28:55+02:00,[60],[345.703]
2026-07-16T23:28:54+02:00,[60],[345.703]
2026-07-16T23:28:53+02:00,[60],[345.703]
2026-07-16T23:28:52+02:00,[60],[345.703]
2026-07-16T23:28:51+02:00,[60],[345.703]
2026-07-16T23:28:50+02:00,[60],[345.703]
2026-07-16T23:28:49+02:00,[60],[345.703]
2026-07-16T23:28:48+02:00,[60],[345.702]
2026-07-16T23:28:47+02:00,[60],[345.807]
2026-07-16T23:28:46+02:00,[60],[345.807]
2026-07-16T23:28:45+02:00,[60],[345.807]
2026-07-16T23:28:44+02:00,[60],[345.807]
2026-07-16T23:28:43+02:00,[60],[345.807]
2026-07-16T23:28:42+02:00,[60],[345.807]
2026-07-16T23:28:41+02:00,[60],[345.807]
2026-07-16T23:28:40+02:00,[60],[345.807]
2026-07-16T23:28:39+02:00,[60],[345.807]
2026-07-16T23:28:38+02:00,[60],[345.807]
2026-07-16T23:28:37+02:00,[60],[345.807]
2026-07-16T23:28:36+02:00,[60],[345.807]
2026-07-16T23:28:35+02:00,[60],[345.807]
2026-07-16T23:28:34+02:00,[60],[345.807]
2026-07-16T23:28:33+02:00,[60],[345.807]
2026-07-16T23:28:32+02:00,[60],[345.807]
2026-07-16T23:28:31+02:00,[60],[345.807]
2026-07-16T23:28:30+02:00,[60],[345.807]
2026-07-16T23:28:29+02:00,[60],[345.807]
2026-07-16T23:28:28+02:00,[60],[345.807]
2026-07-16T23:28:27+02:00,[60],[345.807]
2026-07-16T23:28:26+02:00,[60],[345.807]
2026-07-16T23:28:25+02:00,[60],[345.807]
2026-07-16T23:28:24+02:00,[60],[345.807]
2026-07-16T23:28:23+02:00,[60],[345.807]
2026-07-16T23:28:22+02:00,[60],[345.807]
2026-07-16T23:28:21+02:00,[60],[345.807]
2026-07-16T23:28:20+02:00,[60],[345.807]
2026-07-16T23:28:19+02:00,[60],[345.807]
2026-07-16T23:28:18+02:00,[60],[345.807]
2026-07-16T23:28:17+02:00,[60],[345.807]
2026-07-16T23:28:16+02:00,[60],[345.807]
2026-07-16T23:28:15+02:00,[60],[345.807]
2026-07-16T23:28:14+02:00,[60],[345.807]
2026-07-16T23:28:13+02:00,[60],[345.807]
2026-07-16T23:28:12+02:00,[60],[345.807]
2026-07-16T23:28:11+02:00,[60],[345.807]
2026-07-16T23:28:10+02:00,[60],[345.807]
2026-07-16T23:28:09+02:00,[60],[345.807]
2026-07-16T23:28:08+02:00,[60],[345.807]
2026-07-16T23:28:07+02:00,[60],[345.807]
2026-07-16T23:28:06+02:00,[60],[345.807]
2026-07-16T23:28:05+02:00,[60],[345.807]
2026-07-16T23:28:04+02:00,[60],[345.807]
2026-07-16T23:28:03+02:00,[60],[345.807]
2026-07-16T23:28:02+02:00,[60],[345.807]
2026-07-16T23:28:01+02:00,[60],[345.786]
2026-07-16T23:28:00+02:00,[60],[345.403]
2026-07-16T23:27:59+02:00,[60],[345.403]
2026-07-16T23:27:58+02:00,[60],[345.403]
2026-07-16T23:27:57+02:00,[60],[345.403]
2026-07-16T23:27:56+02:00,[60],[345.403]
2026-07-16T23:27:55+02:00,[60],[345.403]
2026-07-16T23:27:54+02:00,[60],[344.239]
2026-07-16T23:27:53+02:00,[60],[344.239]
2026-07-16T23:27:52+02:00,[60],[344.239]
2026-07-16T23:27:51+02:00,[60],[344.239]
2026-07-16T23:27:50+02:00,[60],[344.239]
2026-07-16T23:27:49+02:00,[60],[344.239]
2026-07-16T23:27:48+02:00,[60],[344.239]
2026-07-16T23:27:47+02:00,[60],[344.239]
2026-07-16T23:27:46+02:00,[60],[344.239]
2026-07-16T23:27:45+02:00,[60],[344.239]
2026-07-16T23:27:44+02:00,[60],[344.239]
2026-07-16T23:27:43+02:00,[60],[344.239]
2026-07-16T23:27:42+02:00,[60],[344.239]
2026-07-16T23:27:41+02:00,[60],[344.239]
2026-07-16T23:27:40+02:00,[60],[344.295]
2026-07-16T23:27:39+02:00,[60],[344.407]
2026-07-16T23:27:38+02:00,[60],[344.407]
2026-07-16T23:27:37+02:00,[60],[344.407]
2026-07-16T23:27:36+02:00,[60],[344.407]
2026-07-16T23:27:35+02:00,[60],[344.407]
2026-07-16T23:27:34+02:00,[60],[344.407]
2026-07-16T23:27:33+02:00,[60],[344.339]
2026-07-16T23:27:32+02:00,[60],[344.339]
2026-07-16T23:27:31+02:00,[60],[344.339]
2026-07-16T23:27:30+02:00,[60],[344.339]
2026-07-16T23:27:29+02:00,[60],[344.339]
2026-07-16T23:27:28+02:00,[60],[344.339]
2026-07-16T23:27:27+02:00,[60],[344.339]
2026-07-16T23:27:26+02:00,[60],[344.339]
2026-07-16T23:27:25+02:00,[60],[344.339]
2026-07-16T23:27:24+02:00,[60],[344.339]
2026-07-16T23:27:23+02:00,[60],[344.339]
2026-07-16T23:27:22+02:00,[60],[344.339]
2026-07-16T23:27:21+02:00,[60],[344.339]
2026-07-16T23:27:20+02:00,[60],[344.339]
2026-07-16T23:27:19+02:00,[60],[344.339]
2026-07-16T23:27:18+02:00,[60],[344.339]
2026-07-16T23:27:17+02:00,[60],[344.339]
2026-07-16T23:27:16+02:00,[60],[344.339]
2026-07-16T23:27:15+02:00,[60],[344.339]
2026-07-16T23:27:14+02:00,[60],[344.339]
2026-07-16T23:27:13+02:00,[60],[344.339]
2026-07-16T23:27:12+02:00,[60],[344.339]
2026-07-16T23:27:11+02:00,[60],[344.339]
2026-07-16T23:27:10+02:00,[60],[344.339]
2026-07-16T23:27:09+02:00,[60],[344.241]
2026-07-16T23:27:08+02:00,[60],[344.163]
2026-07-16T23:27:07+02:00,[60],[344.086]
2026-07-16T23:27:06+02:00,[60],[344.13]
2026-07-16T23:27:05+02:00,[60],[344.131]
2026-07-16T23:27:04+02:00,[60],[344.069]
2026-07-16T23:27:03+02:00,[60],[344.156]
2026-07-16T23:27:02+02:00,[60],[344.149]
2026-07-16T23:27:01+02:00,[60],[344.122]
2026-07-16T23:27:00+02:00,[60],[344.114]
2026-07-16T23:26:59+02:00,[60],[344.099]
2026-07-16T23:26:58+02:00,[60],[344.13]
2026-07-16T23:26:57+02:00,[60],[344.166]
2026-07-16T23:26:56+02:00,[60],[344.225]
2026-07-16T23:26:55+02:00,[60],[344.098]
2026-07-16T23:26:54+02:00,[60],[344.032]
2026-07-16T23:26:53+02:00,[60],[344.061]
2026-07-16T23:26:52+02:00,[60],[343.954]
2026-07-16T23:26:51+02:00,[60],[343.868]
2026-07-16T23:26:50+02:00,[60],[343.925]
2026-07-16T23:26:49+02:00,[60],[343.898]
2026-07-16T23:26:48+02:00,[60],[343.997]
2026-07-16T23:26:47+02:00,[60],[343.936]
2026-07-16T23:26:46+02:00,[60],[343.879]
2026-07-16T23:26:45+02:00,[60],[343.735]
2026-07-16T23:26:44+02:00,[60],[343.69]
2026-07-16T23:26:43+02:00,[60],[343.71]
2026-07-16T23:26:42+02:00,[60],[343.684]
2026-07-16T23:26:41+02:00,[60],[343.759]
2026-07-16T23:26:40+02:00,[60],[343.85]
2026-07-16T23:26:39+02:00,[60],[343.714]
2026-07-16T23:26:38+02:00,[60],[343.601]
2026-07-16T23:26:37+02:00,[60],[343.595]
2026-07-16T23:26:36+02:00,[60],[343.598]
2026-07-16T23:26:35+02:00,[60],[343.537]
2026-07-16T23:26:34+02:00,[60],[343.536]
2026-07-16T23:26:33+02:00,[60],[343.617]
2026-07-16T23:26:32+02:00,[60],[343.667]
2026-07-16T23:26:31+02:00,[60],[343.653]
2026-07-16T23:26:30+02:00,[60],[343.788]
2026-07-16T23:26:29+02:00,[60],[343.801]
2026-07-16T23:26:28+02:00,[60],[343.9]
2026-07-16T23:26:27+02:00,[60],[343.955]
2026-07-16T23:26:26+02:00,[60],[344.042]
2026-07-16T23:26:25+02:00,[60],[344.33]
2026-07-16T23:26:24+02:00,[60],[344.392]
2026-07-16T23:26:23+02:00,[60],[344.405]
2026-07-16T23:26:22+02:00,[60],[344.232]
2026-07-16T23:26:21+02:00,[60],[344.194]
2026-07-16T23:26:20+02:00,[60],[344.078]
2026-07-16T23:26:19+02:00,[60],[344.117]
2026-07-16T23:26:18+02:00,[60],[344.759]
2026-07-16T23:26:17+02:00,[60],[344.759]
2026-07-16T23:26:16+02:00,[60],[344.759]
2026-07-16T23:26:15+02:00,[60],[344.759]
2026-07-16T23:26:14+02:00,[60],[344.759]
2026-07-16T23:26:13+02:00,[60],[344.759]
2026-07-16T23:26:12+02:00,[60],[344.759]
2026-07-16T23:26:11+02:00,[60],[344.759]
2026-07-16T23:26:10+02:00,[60],[344.759]
2026-07-16T23:26:09+02:00,[60],[344.759]
2026-07-16T23:26:08+02:00,[60],[344.759]
2026-07-16T23:26:07+02:00,[60],[344.759]
2026-07-16T23:26:06+02:00,[60],[344.759]
2026-07-16T23:26:05+02:00,[60],[344.759]
2026-07-16T23:26:04+02:00,[60],[344.759]
2026-07-16T23:26:03+02:00,[60],[344.759]
2026-07-16T23:26:02+02:00,[60],[344.759]
2026-07-16T23:26:01+02:00,[60],[344.759]
2026-07-16T23:26:00+02:00,[60],[344.759]
2026-07-16T23:25:59+02:00,[60],[344.759]
2026-07-16T23:25:58+02:00,[60],[344.759]
2026-07-16T23:25:57+02:00,[60],[344.759]
2026-07-16T23:25:56+02:00,[60],[344.759]
2026-07-16T23:25:55+02:00,[60],[344.759]
2026-07-16T23:25:54+02:00,[60],[344.759]
2026-07-16T23:25:53+02:00,[60],[344.759]
2026-07-16T23:25:52+02:00,[60],[344.759]
2026-07-16T23:25:51+02:00,[60],[344.759]
2026-07-16T23:25:50+02:00,[60],[344.759]
2026-07-16T23:25:49+02:00,[60],[344.759]
2026-07-16T23:25:48+02:00,[60],[344.759]
2026-07-16T23:25:47+02:00,[60],[344.759]
2026-07-16T23:25:43+02:00,[60],[344.775]
2026-07-16T23:25:42+02:00,[60],[338.2]
2026-07-16T23:24:54+02:00,[60],[344.775]
2026-07-16T23:24:32+02:00,[60],[344.775]
2026-07-16T23:21:48+02:00,[60],[343.902]
2026-07-16T23:21:47+02:00,[60],[343.902]
2026-07-16T23:21:46+02:00,[60],[343.902]
2026-07-16T23:21:45+02:00,[60],[343.902]
2026-07-16T23:21:44+02:00,[60],[343.902]
2026-07-16T23:21:43+02:00,[60],[343.902]
2026-07-16T23:21:42+02:00,[60],[343.902]
2026-07-16T23:21:41+02:00,[60],[343.902]
2026-07-16T23:21:40+02:00,[60],[343.902]
2026-07-16T23:21:39+02:00,[60],[343.902]
2026-07-16T23:21:38+02:00,[60],[343.902]
2026-07-16T23:21:37+02:00,[60],[343.902]
2026-07-16T23:21:36+02:00,[60],[343.902]
2026-07-16T23:21:35+02:00,[60],[343.902]
2026-07-16T23:21:34+02:00,[60],[343.902]
2026-07-16T23:21:33+02:00,[60],[343.902]
2026-07-16T23:21:32+02:00,[60],[343.902]
2026-07-16T23:21:31+02:00,[60],[343.902]
2026-07-16T23:21:30+02:00,[60],[343.902]
2026-07-16T23:21:29+02:00,[60],[343.902]
2026-07-16T23:21:28+02:00,[60],[343.902]
2026-07-16T23:21:27+02:00,[60],[343.902]
2026-07-16T23:21:26+02:00,[60],[343.902]
2026-07-16T23:21:25+02:00,[60],[343.902]
2026-07-16T23:21:24+02:00,[60],[343.902]
2026-07-16T23:21:23+02:00,[60],[343.902]
2026-07-16T23:21:22+02:00,[60],[343.902]
2026-07-16T23:21:21+02:00,[60],[343.902]
2026-07-16T23:21:20+02:00,[60],[343.902]
2026-07-16T23:21:19+02:00,[60],[343.902]
2026-07-16T23:21:18+02:00,[60],[343.902]
2026-07-16T23:21:17+02:00,[60],[343.902]
2026-07-16T23:21:16+02:00,[60],[343.902]
2026-07-16T23:21:15+02:00,[60],[343.902]
2026-07-16T23:21:14+02:00,[60],[343.902]
2026-07-16T23:21:13+02:00,[60],[343.902]
2026-07-16T23:21:12+02:00,[60],[343.902]
2026-07-16T23:21:11+02:00,[60],[343.902]
2026-07-16T23:21:10+02:00,[60],[343.902]
2026-07-16T23:21:09+02:00,[60],[343.902]
2026-07-16T23:21:08+02:00,[60],[343.902]
2026-07-16T23:21:07+02:00,[60],[343.902]
2026-07-16T23:21:06+02:00,[60],[343.902]
2026-07-16T23:21:05+02:00,[60],[343.902]
2026-07-16T23:21:04+02:00,[60],[343.902]
2026-07-16T23:21:03+02:00,[60],[343.902]
2026-07-16T23:21:02+02:00,[60],[343.902]
2026-07-16T23:21:01+02:00,[60],[343.902]
2026-07-16T23:21:00+02:00,[60],[343.902]
2026-07-16T23:20:59+02:00,[60],[343.902]
2026-07-16T23:20:58+02:00,[60],[343.902]
2026-07-16T23:20:57+02:00,[60],[343.902]
2026-07-16T23:20:56+02:00,[60],[343.902]
2026-07-16T23:20:55+02:00,[60],[343.902]
2026-07-16T23:20:54+02:00,[60],[343.902]
2026-07-16T23:20:53+02:00,[60],[343.902]
2026-07-16T23:20:52+02:00,[60],[343.902]
2026-07-16T23:20:51+02:00,[60],[343.902]
2026-07-16T23:20:50+02:00,[60],[343.902]
2026-07-16T23:20:49+02:00,[60],[343.902]
2026-07-16T23:20:48+02:00,[60],[343.902]
2026-07-16T23:20:47+02:00,[60],[343.902]
2026-07-16T23:20:46+02:00,[60],[343.902]
2026-07-16T23:20:45+02:00,[60],[343.902]
2026-07-16T23:20:44+02:00,[60],[343.902]
2026-07-16T23:20:43+02:00,[60],[343.902]
2026-07-16T23:20:42+02:00,[60],[343.902]
2026-07-16T23:20:41+02:00,[60],[343.902]
2026-07-16T23:20:40+02:00,[60],[343.902]
2026-07-16T23:20:39+02:00,[60],[343.902]
2026-07-16T23:20:38+02:00,[60],[343.902]
2026-07-16T23:20:37+02:00,[60],[343.902]
2026-07-16T23:20:36+02:00,[60],[343.853]
2026-07-16T23:20:35+02:00,[60],[343.853]
2026-07-16T23:20:34+02:00,[60],[345.166]
2026-07-16T23:20:33+02:00,[60],[345.166]
2026-07-16T23:20:32+02:00,[60],[345.166]
2026-07-16T23:20:31+02:00,[60],[345.166]
2026-07-16T23:20:30+02:00,[60],[345.166]
2026-07-16T23:20:29+02:00,[60],[345.166]
2026-07-16T23:20:28+02:00,[60],[345.166]
2026-07-16T23:20:27+02:00,[60],[345.166]
2026-07-16T23:20:26+02:00,[60],[345.166]
2026-07-16T23:20:25+02:00,[60],[345.166]
2026-07-16T23:20:24+02:00,[60],[345.166]
2026-07-16T23:20:23+02:00,[60],[345.166]
2026-07-16T23:20:22+02:00,[60],[345.166]
2026-07-16T23:20:21+02:00,[60],[345.166]
2026-07-16T23:20:20+02:00,[60],[345.166]
2026-07-16T23:20:19+02:00,[60],[345.166]
2026-07-16T23:20:18+02:00,[60],[345.166]
2026-07-16T23:20:17+02:00,[60],[345.166]
2026-07-16T23:20:16+02:00,[60],[345.166]
2026-07-16T23:20:15+02:00,[60],[345.166]
2026-07-16T23:20:14+02:00,[60],[345.166]
2026-07-16T23:20:13+02:00,[60],[345.166]
2026-07-16T23:20:12+02:00,[60],[345.166]
2026-07-16T23:20:11+02:00,[60],[345.166]
2026-07-16T23:20:10+02:00,[60],[345.166]
2026-07-16T23:20:09+02:00,[60],[345.166]
2026-07-16T23:20:08+02:00,[60],[345.166]
2026-07-16T23:20:07+02:00,[60],[345.166]
2026-07-16T23:20:06+02:00,[60],[345.166]
2026-07-16T23:20:05+02:00,[60],[345.166]
2026-07-16T23:20:04+02:00,[60],[345.166]
2026-07-16T23:20:03+02:00,[60],[345.166]
2026-07-16T23:20:02+02:00,[60],[345.166]
2026-07-16T23:20:01+02:00,[60],[345.166]
2026-07-16T23:20:00+02:00,[60],[345.166]
2026-07-16T23:19:59+02:00,[60],[345.166]
2026-07-16T23:19:58+02:00,[60],[345.166]
2026-07-16T23:19:57+02:00,[60],[345.166]
2026-07-16T23:19:56+02:00,[60],[345.166]
2026-07-16T23:19:55+02:00,[60],[345.166]
2026-07-16T23:19:54+02:00,[60],[345.166]
2026-07-16T23:19:53+02:00,[60],[345.166]
2026-07-16T23:19:52+02:00,[60],[345.166]
2026-07-16T23:19:51+02:00,[60],[345.166]
2026-07-16T23:19:50+02:00,[60],[345.166]
2026-07-16T23:19:49+02:00,[60],[345.166]
2026-07-16T23:19:48+02:00,[60],[345.166]
2026-07-16T23:19:47+02:00,[60],[345.166]
2026-07-16T23:19:46+02:00,[60],[345.166]
2026-07-16T23:19:45+02:00,[60],[345.166]
2026-07-16T23:19:44+02:00,[60],[345.166]
2026-07-16T23:19:43+02:00,[60],[345.166]
2026-07-16T23:19:42+02:00,[60],[345.166]
2026-07-16T23:19:41+02:00,[60],[345.166]
2026-07-16T23:19:40+02:00,[60],[345.166]
2026-07-16T23:19:39+02:00,[60],[345.166]
2026-07-16T23:19:38+02:00,[60],[345.166]
2026-07-16T23:19:37+02:00,[60],[345.166]
2026-07-16T23:19:36+02:00,[60],[345.166]
2026-07-16T23:19:35+02:00,[60],[345.166]
2026-07-16T23:19:34+02:00,[60],[345.166]
2026-07-16T23:19:33+02:00,[60],[345.166]
2026-07-16T23:19:32+02:00,[60],[345.166]
2026-07-16T23:19:31+02:00,[60],[345.166]
2026-07-16T23:19:30+02:00,[60],[345.166]
2026-07-16T23:19:29+02:00,[60],[345.166]
2026-07-16T23:19:28+02:00,[60],[345.166]
2026-07-16T23:19:27+02:00,[60],[345.166]
2026-07-16T23:19:26+02:00,[60],[345.166]
2026-07-16T23:19:25+02:00,[60],[345.166]
2026-07-16T23:19:24+02:00,[60],[345.166]
2026-07-16T23:19:23+02:00,[60],[345.166]
2026-07-16T23:19:22+02:00,[60],[345.166]
2026-07-16T23:19:21+02:00,[60],[345.166]
2026-07-16T23:19:20+02:00,[60],[345.166]
2026-07-16T23:19:19+02:00,[60],[345.166]
2026-07-16T23:19:18+02:00,[60],[345.166]
2026-07-16T23:19:17+02:00,[60],[345.166]
2026-07-16T23:19:16+02:00,[60],[345.166]
2026-07-16T23:19:15+02:00,[60],[345.166]
2026-07-16T23:19:14+02:00,[60],[345.166]
2026-07-16T23:19:13+02:00,[60],[345.166]
2026-07-16T23:19:12+02:00,[60],[345.166]
2026-07-16T23:19:11+02:00,[60],[345.166]
2026-07-16T23:19:10+02:00,[60],[345.166]
2026-07-16T23:19:09+02:00,[60],[345.166]
2026-07-16T23:19:08+02:00,[60],[345.166]
2026-07-16T23:19:07+02:00,[60],[345.166]
2026-07-16T23:19:06+02:00,[60],[345.166]
2026-07-16T23:19:05+02:00,[60],[345.166]
2026-07-16T23:19:04+02:00,[60],[345.166]
2026-07-16T23:19:03+02:00,[60],[345.166]
2026-07-16T23:19:02+02:00,[60],[345.166]
2026-07-16T23:19:01+02:00,[60],[345.166]
2026-07-16T23:19:00+02:00,[60],[345.166]
2026-07-16T23:18:59+02:00,[60],[345.166]
2026-07-16T23:18:58+02:00,[60],[345.166]
2026-07-16T23:18:57+02:00,[60],[345.166]
2026-07-16T23:18:56+02:00,[60],[345.166]
2026-07-16T23:18:55+02:00,[60],[345.166]
2026-07-16T23:18:54+02:00,[60],[345.166]
2026-07-16T23:18:53+02:00,[60],[345.166]
2026-07-16T23:18:52+02:00,[60],[345.166]
2026-07-16T23:18:51+02:00,[60],[345.166]
2026-07-16T23:18:50+02:00,[60],[345.166]
2026-07-16T23:18:49+02:00,[60],[345.166]
2026-07-16T23:18:48+02:00,[60],[345.166]
2026-07-16T23:18:47+02:00,[60],[345.166]
2026-07-16T23:18:46+02:00,[60],[345.166]
2026-07-16T23:18:45+02:00,[60],[345.166]
2026-07-16T23:18:44+02:00,[60],[345.166]
2026-07-16T23:18:43+02:00,[60],[345.166]
2026-07-16T23:18:42+02:00,[60],[345.166]
2026-07-16T23:18:41+02:00,[60],[345.166]
2026-07-16T23:18:40+02:00,[60],[345.166]
2026-07-16T23:18:39+02:00,[60],[345.166]
2026-07-16T23:18:38+02:00,[60],[345.166]
2026-07-16T23:18:37+02:00,[60],[345.166]
2026-07-16T23:18:36+02:00,[60],[345.166]
2026-07-16T23:18:35+02:00,[60],[345.166]
2026-07-16T23:18:34+02:00,[60],[345.166]
2026-07-16T23:18:33+02:00,[60],[345.166]
2026-07-16T23:18:32+02:00,[60],[345.166]
2026-07-16T23:18:31+02:00,[60],[345.166]
2026-07-16T23:18:30+02:00,[60],[345.166]
2026-07-16T23:18:29+02:00,[60],[345.166]
2026-07-16T23:18:28+02:00,[60],[345.166]
2026-07-16T23:18:27+02:00,[60],[345.166]
2026-07-16T23:18:26+02:00,[60],[345.166]
2026-07-16T23:18:25+02:00,[60],[345.166]
2026-07-16T23:18:24+02:00,[60],[345.166]
2026-07-16T23:18:23+02:00,[60],[345.166]
2026-07-16T23:18:22+02:00,[60],[345.166]
2026-07-16T23:18:21+02:00,[60],[345.166]
2026-07-16T23:18:20+02:00,[60],[345.166]
2026-07-16T23:18:19+02:00,[60],[345.166]
2026-07-16T23:18:18+02:00,[60],[345.166]
2026-07-16T23:18:17+02:00,[60],[345.166]
2026-07-16T23:18:16+02:00,[60],[345.166]
2026-07-16T23:18:15+02:00,[60],[345.166]
2026-07-16T23:18:14+02:00,[60],[345.166]
2026-07-16T23:18:13+02:00,[60],[345.166]
2026-07-16T23:18:12+02:00,[60],[345.166]
2026-07-16T23:18:11+02:00,[60],[345.166]
2026-07-16T23:18:10+02:00,[60],[345.166]
2026-07-16T23:18:09+02:00,[60],[345.166]
2026-07-16T23:18:08+02:00,[60],[345.166]
2026-07-16T23:18:07+02:00,[60],[345.166]
2026-07-16T23:18:06+02:00,[60],[345.166]
2026-07-16T23:18:05+02:00,[60],[345.166]
2026-07-16T23:18:04+02:00,[60],[345.175]
2026-07-16T23:18:03+02:00,[60],[345.06]
2026-07-16T23:18:02+02:00,[60],[345.06]
2026-07-16T23:18:01+02:00,[60],[345.06]
2026-07-16T23:18:00+02:00,[60],[345.06]
2026-07-16T23:17:59+02:00,[60],[345.06]
2026-07-16T23:17:58+02:00,[60],[345.06]
2026-07-16T23:17:57+02:00,[60],[345.06]
2026-07-16T23:17:56+02:00,[60],[345.06]
2026-07-16T23:17:55+02:00,[60],[345.06]
2026-07-16T23:17:54+02:00,[60],[345.06]
2026-07-16T23:17:53+02:00,[60],[345.06]
2026-07-16T23:17:52+02:00,[60],[345.06]
2026-07-16T23:17:51+02:00,[60],[345.06]
2026-07-16T23:17:50+02:00,[60],[345.06]
2026-07-16T23:17:49+02:00,[60],[345.06]
2026-07-16T23:17:48+02:00,[60],[345.06]
2026-07-16T23:17:47+02:00,[60],[345.06]
2026-07-16T23:17:46+02:00,[60],[345.06]
2026-07-16T23:17:45+02:00,[60],[345.06]
2026-07-16T23:17:44+02:00,[60],[345.06]
2026-07-16T23:17:43+02:00,[60],[345.06]
2026-07-16T23:17:42+02:00,[60],[345.06]
2026-07-16T23:17:41+02:00,[60],[345.06]
2026-07-16T23:17:40+02:00,[60],[345.06]
2026-07-16T23:17:39+02:00,[60],[345.06]
2026-07-16T23:17:38+02:00,[60],[345.06]
2026-07-16T23:17:37+02:00,[60],[345.06]
2026-07-16T23:17:36+02:00,[60],[345.06]
2026-07-16T23:17:35+02:00,[60],[345.06]
2026-07-16T23:17:34+02:00,[60],[345.06]
2026-07-16T23:17:33+02:00,[60],[345.06]
2026-07-16T23:17:32+02:00,[60],[345.06]
2026-07-16T23:17:31+02:00,[60],[345.06]
2026-07-16T23:17:30+02:00,[60],[345.06]
2026-07-16T23:17:29+02:00,[60],[345.06]
2026-07-16T23:17:28+02:00,[60],[345.06]
2026-07-16T23:17:27+02:00,[60],[345.06]
2026-07-16T23:17:26+02:00,[60],[345.06]
2026-07-16T23:17:25+02:00,[60],[345.06]
2026-07-16T23:17:24+02:00,[60],[345.06]
2026-07-16T23:17:23+02:00,[60],[345.06]
2026-07-16T23:17:22+02:00,[60],[345.06]
2026-07-16T23:17:21+02:00,[60],[345.06]
2026-07-16T23:17:20+02:00,[60],[345.06]
2026-07-16T23:17:19+02:00,[60],[345.06]
2026-07-16T23:17:18+02:00,[60],[345.06]
2026-07-16T23:17:17+02:00,[60],[345.06]
2026-07-16T23:17:16+02:00,[60],[345.06]
2026-07-16T23:17:15+02:00,[60],[345.06]
2026-07-16T23:17:14+02:00,[60],[345.06]
2026-07-16T23:17:13+02:00,[60],[345.06]
2026-07-16T23:17:12+02:00,[60],[345.06]
2026-07-16T23:17:11+02:00,[60],[345.06]
2026-07-16T23:17:10+02:00,[60],[344.101]
2026-07-16T23:17:09+02:00,[60],[344.101]
2026-07-16T23:17:08+02:00,[60],[344.101]
2026-07-16T23:17:07+02:00,[60],[344.101]
2026-07-16T23:17:06+02:00,[60],[344.101]
2026-07-16T23:17:05+02:00,[60],[344.101]
2026-07-16T23:17:04+02:00,[60],[344.101]
2026-07-16T23:17:03+02:00,[60],[344.101]
2026-07-16T23:17:02+02:00,[60],[344.101]
2026-07-16T23:17:01+02:00,[60],[344.101]
2026-07-16T23:17:00+02:00,[60],[344.101]
2026-07-16T23:16:59+02:00,[60],[344.101]
2026-07-16T23:16:58+02:00,[60],[344.101]
2026-07-16T23:16:57+02:00,[60],[344.101]
2026-07-16T23:16:56+02:00,[60],[344.101]
2026-07-16T23:16:55+02:00,[60],[344.101]
2026-07-16T23:16:54+02:00,[60],[344.101]
2026-07-16T23:16:53+02:00,[60],[344.101]
2026-07-16T23:16:52+02:00,[60],[344.101]
2026-07-16T23:16:51+02:00,[60],[344.101]
2026-07-16T23:16:50+02:00,[60],[344.101]
2026-07-16T23:16:49+02:00,[60],[344.101]
2026-07-16T23:16:48+02:00,[60],[344.101]
2026-07-16T23:16:47+02:00,[60],[344.101]
2026-07-16T23:16:46+02:00,[60],[344.101]
2026-07-16T23:16:45+02:00,[60],[344.101]
2026-07-16T23:16:44+02:00,[60],[344.101]
2026-07-16T23:16:43+02:00,[60],[344.101]
2026-07-16T23:16:42+02:00,[60],[344.101]
2026-07-16T23:16:41+02:00,[60],[344.101]
2026-07-16T23:16:40+02:00,[60],[344.101]
2026-07-16T23:16:39+02:00,[60],[344.101]
2026-07-16T23:16:38+02:00,[60],[344.101]
2026-07-16T23:16:37+02:00,[60],[344.101]
2026-07-16T23:16:36+02:00,[60],[344.101]
2026-07-16T23:16:35+02:00,[60],[344.101]
2026-07-16T23:16:34+02:00,[60],[344.101]
2026-07-16T23:16:33+02:00,[60],[344.101]
2026-07-16T23:16:32+02:00,[60],[344.101]
2026-07-16T23:16:31+02:00,[60],[344.101]
2026-07-16T23:16:30+02:00,[60],[344.101]
2026-07-16T23:16:29+02:00,[60],[344.101]
2026-07-16T23:16:28+02:00,[60],[344.101]
2026-07-16T23:16:27+02:00,[60],[344.101]
2026-07-16T23:16:26+02:00,[60],[344.101]
2026-07-16T23:16:25+02:00,[60],[344.101]
2026-07-16T23:16:24+02:00,[60],[344.101]
2026-07-16T23:16:23+02:00,[60],[344.101]
2026-07-16T23:16:22+02:00,[60],[344.101]
2026-07-16T23:16:21+02:00,[60],[344.101]
2026-07-16T23:16:20+02:00,[60],[344.101]
2026-07-16T23:16:19+02:00,[60],[344.101]
2026-07-16T23:16:18+02:00,[60],[344.101]
2026-07-16T23:16:17+02:00,[60],[344.101]
2026-07-16T23:16:16+02:00,[60],[344.101]
2026-07-16T23:16:15+02:00,[60],[344.101]
2026-07-16T23:16:14+02:00,[60],[344.101]
2026-07-16T23:16:13+02:00,[60],[344.101]
2026-07-16T23:16:12+02:00,[60],[344.101]
2026-07-16T23:16:11+02:00,[60],[344.101]
2026-07-16T23:16:10+02:00,[60],[344.101]
2026-07-16T23:16:09+02:00,[60],[344.101]
2026-07-16T23:16:08+02:00,[60],[344.101]
2026-07-16T23:16:07+02:00,[60],[344.101]
2026-07-16T23:16:06+02:00,[60],[344.101]
2026-07-16T23:16:05+02:00,[60],[344.101]
2026-07-16T23:16:04+02:00,[60],[344.101]
2026-07-16T23:16:03+02:00,[60],[344.101]
2026-07-16T23:16:02+02:00,[60],[344.101]
2026-07-16T23:16:01+02:00,[60],[344.101]
2026-07-16T23:16:00+02:00,[60],[344.101]
2026-07-16T23:15:59+02:00,[60],[344.101]
2026-07-16T23:15:58+02:00,[60],[344.101]
2026-07-16T23:15:57+02:00,[60],[344.101]
2026-07-16T23:15:56+02:00,[60],[344.101]
2026-07-16T23:15:55+02:00,[60],[344.101]
2026-07-16T23:15:54+02:00,[60],[344.101]
2026-07-16T23:15:53+02:00,[60],[344.101]
2026-07-16T23:15:52+02:00,[60],[344.101]
2026-07-16T23:15:51+02:00,[60],[344.101]
2026-07-16T23:15:50+02:00,[60],[344.101]
2026-07-16T23:15:49+02:00,[60],[344.101]
2026-07-16T23:15:48+02:00,[60],[344.101]
2026-07-16T23:15:47+02:00,[60],[344.101]
2026-07-16T23:15:46+02:00,[60],[344.101]
2026-07-16T23:15:45+02:00,[60],[344.101]
2026-07-16T23:15:44+02:00,[60],[344.101]
2026-07-16T23:15:43+02:00,[60],[344.101]
2026-07-16T23:15:42+02:00,[60],[344.101]
2026-07-16T23:15:41+02:00,[60],[344.101]
2026-07-16T23:15:40+02:00,[60],[344.101]
2026-07-16T23:15:39+02:00,[60],[344.101]
2026-07-16T23:15:38+02:00,[60],[344.101]
2026-07-16T23:15:37+02:00,[60],[344.101]
2026-07-16T23:15:36+02:00,[60],[344.101]
2026-07-16T23:15:35+02:00,[60],[344.101]
2026-07-16T23:15:34+02:00,[60],[344.101]
2026-07-16T23:15:33+02:00,[60],[344.101]
2026-07-16T23:15:32+02:00,[60],[344.101]
2026-07-16T23:15:31+02:00,[60],[344.101]
2026-07-16T23:15:30+02:00,[60],[344.101]
2026-07-16T23:15:29+02:00,[60],[344.101]
2026-07-16T23:15:28+02:00,[60],[344.101]
2026-07-16T23:15:27+02:00,[60],[344.101]
2026-07-16T23:15:26+02:00,[60],[344.101]
2026-07-16T23:15:25+02:00,[60],[344.101]
2026-07-16T23:15:24+02:00,[60],[344.101]
2026-07-16T23:15:23+02:00,[60],[344.101]
2026-07-16T23:15:22+02:00,[60],[344.101]
2026-07-16T23:15:21+02:00,[60],[344.101]
2026-07-16T23:15:20+02:00,[60],[344.101]
2026-07-16T23:15:19+02:00,[60],[344.101]
2026-07-16T23:15:18+02:00,[60],[344.101]
2026-07-16T23:15:17+02:00,[60],[344.101]
2026-07-16T23:15:16+02:00,[60],[344.101]
2026-07-16T23:15:15+02:00,[60],[344.101]
2026-07-16T23:15:14+02:00,[60],[344.101]
2026-07-16T23:15:13+02:00,[60],[344.101]
2026-07-16T23:15:12+02:00,[60],[344.101]
2026-07-16T23:15:11+02:00,[60],[344.101]
2026-07-16T23:15:10+02:00,[60],[344.101]
2026-07-16T23:15:09+02:00,[60],[344.101]
2026-07-16T23:15:08+02:00,[60],[344.101]
2026-07-16T23:15:07+02:00,[60],[344.101]
2026-07-16T23:15:06+02:00,[60],[344.101]
2026-07-16T23:15:05+02:00,[60],[344.101]
2026-07-16T23:15:04+02:00,[60],[344.101]
2026-07-16T23:15:03+02:00,[60],[344.101]
2026-07-16T23:15:02+02:00,[60],[344.101]
2026-07-16T23:15:01+02:00,[60],[344.101]
2026-07-16T23:15:00+02:00,[60],[344.101]
2026-07-16T23:14:59+02:00,[60],[344.101]
2026-07-16T23:14:58+02:00,[60],[344.101]
2026-07-16T23:14:57+02:00,[60],[344.101]
2026-07-16T23:14:56+02:00,[60],[344.101]
2026-07-16T23:14:55+02:00,[60],[344.101]
2026-07-16T23:14:54+02:00,[60],[344.101]
2026-07-16T23:14:53+02:00,[60],[344.101]
2026-07-16T23:14:52+02:00,[60],[344.101]
2026-07-16T23:14:51+02:00,[60],[344.101]
2026-07-16T23:14:50+02:00,[60],[344.101]
2026-07-16T23:14:49+02:00,[60],[344.101]
2026-07-16T23:14:48+02:00,[60],[344.101]
2026-07-16T23:14:47+02:00,[60],[344.101]
2026-07-16T23:14:46+02:00,[60],[344.101]
2026-07-16T23:14:45+02:00,[60],[344.101]
2026-07-16T23:14:44+02:00,[60],[344.101]
2026-07-16T23:14:43+02:00,[60],[344.101]
2026-07-16T23:14:42+02:00,[60],[344.101]
2026-07-16T23:14:41+02:00,[60],[344.101]
2026-07-16T23:14:40+02:00,[60],[344.101]
2026-07-16T23:14:39+02:00,[60],[344.101]
2026-07-16T23:14:38+02:00,[60],[344.101]
2026-07-16T23:14:37+02:00,[60],[344.101]
2026-07-16T23:14:36+02:00,[60],[344.101]
2026-07-16T23:14:35+02:00,[60],[344.101]
2026-07-16T23:14:34+02:00,[60],[344.101]
2026-07-16T23:14:33+02:00,[60],[344.101]
2026-07-16T23:14:32+02:00,[60],[344.101]
2026-07-16T23:14:31+02:00,[60],[344.101]
2026-07-16T23:14:30+02:00,[60],[344.101]
2026-07-16T23:14:29+02:00,[60],[344.101]
2026-07-16T23:14:28+02:00,[60],[344.101]
2026-07-16T23:14:27+02:00,[60],[344.101]
2026-07-16T23:14:26+02:00,[60],[344.101]
2026-07-16T23:14:25+02:00,[60],[344.101]
2026-07-16T23:14:24+02:00,[60],[344.101]
2026-07-16T23:14:23+02:00,[60],[344.101]
2026-07-16T23:14:22+02:00,[60],[344.101]
2026-07-16T23:14:21+02:00,[60],[344.101]
2026-07-16T23:14:20+02:00,[60],[344.101]
2026-07-16T23:14:19+02:00,[60],[344.101]
2026-07-16T23:14:18+02:00,[60],[344.101]
2026-07-16T23:14:17+02:00,[60],[344.101]
2026-07-16T23:14:16+02:00,[60],[344.101]
2026-07-16T23:14:15+02:00,[60],[344.101]
2026-07-16T23:14:14+02:00,[60],[344.101]
2026-07-16T23:14:13+02:00,[60],[344.101]
2026-07-16T23:14:12+02:00,[60],[344.101]
2026-07-16T23:14:11+02:00,[60],[344.101]
2026-07-16T23:14:10+02:00,[60],[344.101]
2026-07-16T23:14:09+02:00,[60],[344.101]
2026-07-16T23:14:08+02:00,[60],[344.101]
2026-07-16T23:14:07+02:00,[60],[344.101]
2026-07-16T23:14:06+02:00,[60],[344.101]
2026-07-16T23:14:05+02:00,[60],[344.101]
2026-07-16T23:14:04+02:00,[60],[344.101]
2026-07-16T23:14:03+02:00,[60],[344.101]
2026-07-16T23:14:02+02:00,[60],[344.101]
2026-07-16T23:14:01+02:00,[60],[344.101]
2026-07-16T23:14:00+02:00,[60],[344.101]
2026-07-16T23:13:59+02:00,[60],[344.101]
2026-07-16T23:13:58+02:00,[60],[344.101]
2026-07-16T23:13:57+02:00,[60],[344.101]
2026-07-16T23:13:56+02:00,[60],[344.101]
2026-07-16T23:13:55+02:00,[60],[344.101]
2026-07-16T23:13:54+02:00,[60],[344.101]
2026-07-16T23:13:53+02:00,[60],[344.101]
2026-07-16T23:13:52+02:00,[60],[344.101]
2026-07-16T23:13:51+02:00,[60],[344.101]
2026-07-16T23:13:50+02:00,[60],[344.101]
2026-07-16T23:13:49+02:00,[60],[344.101]
2026-07-16T23:13:48+02:00,[60],[344.101]
2026-07-16T23:13:47+02:00,[60],[344.101]
2026-07-16T23:13:46+02:00,[60],[344.101]
2026-07-16T23:13:45+02:00,[60],[344.101]
2026-07-16T23:13:44+02:00,[60],[344.101]
2026-07-16T23:13:43+02:00,[60],[344.101]
2026-07-16T23:13:42+02:00,[60],[344.101]
2026-07-16T23:13:41+02:00,[60],[344.101]
2026-07-16T23:13:40+02:00,[60],[344.101]
2026-07-16T23:13:39+02:00,[60],[344.101]
2026-07-16T23:13:38+02:00,[60],[344.101]
2026-07-16T23:13:37+02:00,[60],[344.101]
2026-07-16T23:13:36+02:00,[60],[344.101]
2026-07-16T23:13:35+02:00,[60],[344.101]
2026-07-16T23:13:34+02:00,[60],[344.101]
2026-07-16T23:13:33+02:00,[60],[344.101]
2026-07-16T23:13:32+02:00,[60],[344.101]
2026-07-16T23:13:31+02:00,[60],[344.101]
2026-07-16T23:13:30+02:00,[60],[344.101]
2026-07-16T23:13:29+02:00,[60],[344.101]
2026-07-16T23:13:28+02:00,[60],[344.101]
2026-07-16T23:13:27+02:00,[60],[344.101]
2026-07-16T23:13:26+02:00,[60],[344.101]
2026-07-16T23:13:25+02:00,[60],[344.101]
2026-07-16T23:13:24+02:00,[60],[344.101]
2026-07-16T23:13:23+02:00,[60],[344.101]
2026-07-16T23:13:22+02:00,[60],[344.101]
2026-07-16T23:13:21+02:00,[60],[344.101]
2026-07-16T23:13:20+02:00,[60],[344.101]
2026-07-16T23:13:19+02:00,[60],[344.101]
2026-07-16T23:13:18+02:00,[60],[344.101]
2026-07-16T23:13:17+02:00,[60],[344.101]
2026-07-16T23:13:16+02:00,[60],[344.101]
2026-07-16T23:13:15+02:00,[60],[344.101]
2026-07-16T23:13:14+02:00,[60],[344.101]
2026-07-16T23:13:13+02:00,[60],[344.101]
2026-07-16T23:13:12+02:00,[60],[344.101]
2026-07-16T23:13:11+02:00,[60],[344.101]
2026-07-16T23:13:10+02:00,[60],[344.101]
2026-07-16T23:13:09+02:00,[60],[344.101]
2026-07-16T23:13:08+02:00,[60],[344.101]
2026-07-16T23:13:07+02:00,[60],[344.101]
2026-07-16T23:13:06+02:00,[60],[344.101]
2026-07-16T23:13:05+02:00,[60],[344.101]
2026-07-16T23:13:04+02:00,[60],[344.101]
2026-07-16T23:13:03+02:00,[60],[344.101]
2026-07-16T23:13:02+02:00,[60],[344.101]
2026-07-16T23:13:01+02:00,[60],[344.101]
2026-07-16T23:13:00+02:00,[60],[344.101]
2026-07-16T23:12:59+02:00,[60],[344.101]
2026-07-16T23:12:58+02:00,[60],[344.101]
2026-07-16T23:12:57+02:00,[60],[344.101]
2026-07-16T23:12:56+02:00,[60],[344.101]
2026-07-16T23:12:55+02:00,[60],[344.101]
2026-07-16T23:12:54+02:00,[60],[344.101]
2026-07-16T23:12:53+02:00,[60],[344.101]
2026-07-16T23:12:52+02:00,[60],[344.101]
2026-07-16T23:12:51+02:00,[60],[344.101]
2026-07-16T23:12:50+02:00,[60],[344.101]
2026-07-16T23:12:49+02:00,[60],[344.101]
2026-07-16T23:12:48+02:00,[60],[344.101]
2026-07-16T23:12:47+02:00,[60],[344.101]
2026-07-16T23:12:46+02:00,[60],[344.101]
2026-07-16T23:12:45+02:00,[60],[344.101]
2026-07-16T23:12:44+02:00,[60],[344.101]
2026-07-16T23:12:43+02:00,[60],[344.101]
2026-07-16T23:12:42+02:00,[60],[344.101]
2026-07-16T23:12:41+02:00,[60],[344.101]
2026-07-16T23:12:40+02:00,[60],[344.101]
2026-07-16T23:12:39+02:00,[60],[344.101]
2026-07-16T23:12:38+02:00,[60],[344.101]
2026-07-16T23:12:37+02:00,[60],[344.101]
2026-07-16T23:12:36+02:00,[60],[344.101]
2026-07-16T23:12:35+02:00,[60],[344.101]
2026-07-16T23:12:34+02:00,[60],[344.101]
2026-07-16T23:12:33+02:00,[60],[344.101]
2026-07-16T23:12:32+02:00,[60],[344.101]
2026-07-16T23:12:31+02:00,[60],[344.101]
2026-07-16T23:12:30+02:00,[60],[344.101]
2026-07-16T23:12:29+02:00,[60],[344.101]
2026-07-16T23:12:28+02:00,[60],[344.101]
2026-07-16T23:12:27+02:00,[60],[344.101]
2026-07-16T23:12:26+02:00,[60],[344.101]
2026-07-16T23:12:25+02:00,[60],[344.101]
2026-07-16T23:12:24+02:00,[60],[344.101]
2026-07-16T23:12:23+02:00,[60],[344.101]
2026-07-16T23:12:22+02:00,[60],[344.101]
2026-07-16T23:12:21+02:00,[60],[344.101]
2026-07-16T23:12:20+02:00,[60],[344.101]
2026-07-16T23:12:19+02:00,[60],[344.101]
2026-07-16T23:12:18+02:00,[60],[344.101]
2026-07-16T23:12:17+02:00,[60],[344.101]
2026-07-16T23:12:16+02:00,[60],[344.101]
2026-07-16T23:12:15+02:00,[60],[344.101]
2026-07-16T23:12:14+02:00,[60],[344.034]
2026-07-16T23:12:13+02:00,[60],[342.823]
2026-07-16T23:12:12+02:00,[60],[342.551]
2026-07-16T23:12:11+02:00,[60],[342.551]
2026-07-16T23:12:10+02:00,[60],[342.551]
2026-07-16T23:12:09+02:00,[60],[342.551]
2026-07-16T23:12:08+02:00,[60],[342.551]
2026-07-16T23:12:07+02:00,[60],[342.551]
2026-07-16T23:12:06+02:00,[60],[342.551]
2026-07-16T23:12:05+02:00,[60],[342.551]
2026-07-16T23:12:04+02:00,[60],[342.551]
2026-07-16T23:12:03+02:00,[60],[342.551]
2026-07-16T23:12:02+02:00,[60],[342.551]
2026-07-16T23:12:01+02:00,[60],[342.551]
2026-07-16T23:12:00+02:00,[60],[342.551]
2026-07-16T23:11:59+02:00,[60],[342.551]
2026-07-16T23:11:58+02:00,[60],[342.551]
2026-07-16T23:11:57+02:00,[60],[342.551]
2026-07-16T23:11:56+02:00,[60],[342.551]
2026-07-16T23:11:55+02:00,[60],[342.551]
2026-07-16T23:11:54+02:00,[60],[342.551]
2026-07-16T23:11:53+02:00,[60],[342.551]
2026-07-16T23:11:52+02:00,[60],[342.551]
2026-07-16T23:11:51+02:00,[60],[342.551]
2026-07-16T23:11:50+02:00,[60],[342.551]
2026-07-16T23:11:49+02:00,[60],[342.551]
2026-07-16T23:11:48+02:00,[60],[342.551]
2026-07-16T23:11:47+02:00,[60],[344.779]
2026-07-16T23:11:46+02:00,[60],[344.779]
2026-07-16T23:11:45+02:00,[60],[344.779]
2026-07-16T23:11:44+02:00,[60],[344.779]
2026-07-16T23:11:43+02:00,[60],[344.779]
2026-07-16T23:11:42+02:00,[60],[344.779]
2026-07-16T23:11:38+02:00,[60],[338.2]
2026-07-16T23:11:29+02:00,[60],[344.775]
2026-07-16T23:11:06+02:00,[60],[344.775]
2026-07-16T23:08:06+02:00,[60],[344.638]
2026-07-16T23:08:05+02:00,[60],[344.638]
2026-07-16T23:08:04+02:00,[60],[344.638]
2026-07-16T23:08:03+02:00,[60],[344.638]
2026-07-16T23:08:02+02:00,[60],[344.638]
2026-07-16T23:08:01+02:00,[60],[344.638]
2026-07-16T23:08:00+02:00,[60],[344.638]
2026-07-16T23:07:59+02:00,[60],[344.638]
2026-07-16T23:07:58+02:00,[60],[344.53]
2026-07-16T23:07:57+02:00,[60],[344.839]
2026-07-16T23:07:56+02:00,[60],[344.954]
2026-07-16T23:07:55+02:00,[60],[344.816]
2026-07-16T23:07:54+02:00,[60],[344.597]
2026-07-16T23:07:53+02:00,[60],[344.406]
2026-07-16T23:07:52+02:00,[60],[344.179]
2026-07-16T23:07:51+02:00,[60],[344.038]
2026-07-16T23:07:50+02:00,[60],[344.91]
2026-07-16T23:07:49+02:00,[60],[344.91]
2026-07-16T23:07:48+02:00,[60],[344.91]
2026-07-16T23:07:47+02:00,[60],[344.91]
2026-07-16T23:07:46+02:00,[60],[344.91]
2026-07-16T23:07:45+02:00,[60],[344.91]
2026-07-16T23:07:44+02:00,[60],[344.91]
2026-07-16T23:07:43+02:00,[60],[344.91]
2026-07-16T23:07:42+02:00,[60],[344.91]
2026-07-16T23:07:41+02:00,[60],[344.91]
2026-07-16T23:07:40+02:00,[60],[344.91]
2026-07-16T23:07:39+02:00,[60],[344.91]
2026-07-16T23:07:38+02:00,[60],[344.91]
2026-07-16T23:07:37+02:00,[60],[344.91]
2026-07-16T23:07:36+02:00,[60],[344.91]
2026-07-16T23:07:35+02:00,[60],[344.91]
2026-07-16T23:07:34+02:00,[60],[344.91]
2026-07-16T23:07:33+02:00,[60],[344.91]
2026-07-16T23:07:32+02:00,[60],[344.91]
2026-07-16T23:07:31+02:00,[60],[344.91]
2026-07-16T23:07:30+02:00,[60],[344.91]
2026-07-16T23:07:29+02:00,[60],[344.91]
2026-07-16T23:07:28+02:00,[60],[344.91]
2026-07-16T23:07:27+02:00,[60],[344.91]
2026-07-16T23:07:26+02:00,[60],[344.91]
2026-07-16T23:07:25+02:00,[60],[344.91]
2026-07-16T23:07:24+02:00,[60],[344.91]
2026-07-16T23:07:23+02:00,[60],[344.91]
2026-07-16T23:07:22+02:00,[60],[344.91]
2026-07-16T23:07:21+02:00,[60],[344.91]
2026-07-16T23:07:20+02:00,[60],[344.91]
2026-07-16T23:07:19+02:00,[60],[344.91]
2026-07-16T23:07:18+02:00,[60],[344.91]
2026-07-16T23:07:17+02:00,[60],[344.91]
2026-07-16T23:07:16+02:00,[60],[344.91]
2026-07-16T23:07:15+02:00,[60],[344.91]
2026-07-16T23:07:14+02:00,[60],[344.91]
2026-07-16T23:07:13+02:00,[60],[344.91]
2026-07-16T23:07:12+02:00,[60],[344.91]
2026-07-16T23:07:11+02:00,[60],[344.91]
2026-07-16T23:07:10+02:00,[60],[344.91]
2026-07-16T23:07:09+02:00,[60],[344.91]
2026-07-16T23:07:08+02:00,[60],[344.91]
2026-07-16T23:07:07+02:00,[60],[344.91]
2026-07-16T23:07:06+02:00,[60],[344.91]
2026-07-16T23:07:05+02:00,[60],[344.91]
2026-07-16T23:07:04+02:00,[60],[344.91]
2026-07-16T23:07:03+02:00,[60],[344.91]
2026-07-16T23:07:02+02:00,[60],[344.91]
2026-07-16T23:07:01+02:00,[60],[344.91]
2026-07-16T23:07:00+02:00,[60],[344.91]
2026-07-16T23:06:59+02:00,[60],[344.91]
2026-07-16T23:06:58+02:00,[60],[344.91]
2026-07-16T23:06:57+02:00,[60],[344.91]
2026-07-16T23:06:56+02:00,[60],[344.91]
2026-07-16T23:06:55+02:00,[60],[344.91]
2026-07-16T23:06:54+02:00,[60],[344.91]
2026-07-16T23:06:53+02:00,[60],[344.91]
2026-07-16T23:06:52+02:00,[60],[344.91]
2026-07-16T23:06:51+02:00,[60],[344.91]
2026-07-16T23:06:50+02:00,[60],[344.91]
2026-07-16T23:06:49+02:00,[60],[344.91]
2026-07-16T23:06:48+02:00,[60],[344.91]
2026-07-16T23:06:47+02:00,[60],[344.91]
2026-07-16T23:06:46+02:00,[60],[344.91]
2026-07-16T23:06:45+02:00,[60],[344.91]
2026-07-16T23:06:44+02:00,[60],[344.91]
2026-07-16T23:06:43+02:00,[60],[344.91]
2026-07-16T23:06:42+02:00,[60],[344.91]
2026-07-16T23:06:41+02:00,[60],[344.91]
2026-07-16T23:06:40+02:00,[60],[344.91]
2026-07-16T23:06:39+02:00,[60],[344.91]
2026-07-16T23:06:38+02:00,[60],[344.91]
2026-07-16T23:06:37+02:00,[60],[344.91]
2026-07-16T23:06:36+02:00,[60],[344.91]
2026-07-16T23:06:35+02:00,[60],[344.91]
2026-07-16T23:06:34+02:00,[60],[344.91]
2026-07-16T23:06:33+02:00,[60],[344.91]
2026-07-16T23:06:32+02:00,[60],[344.91]
2026-07-16T23:06:31+02:00,[60],[344.91]
2026-07-16T23:06:30+02:00,[60],[344.91]
2026-07-16T23:06:29+02:00,[60],[344.91]
2026-07-16T23:06:28+02:00,[60],[344.91]
2026-07-16T23:06:27+02:00,[60],[344.91]
2026-07-16T23:06:26+02:00,[60],[344.91]
2026-07-16T23:06:25+02:00,[60],[344.91]
2026-07-16T23:06:24+02:00,[60],[344.91]
2026-07-16T23:06:23+02:00,[60],[344.91]
2026-07-16T23:06:22+02:00,[60],[344.91]
2026-07-16T23:06:21+02:00,[60],[344.908]
2026-07-16T23:06:20+02:00,[60],[344.584]
2026-07-16T23:06:19+02:00,[60],[344.584]
2026-07-16T23:06:18+02:00,[60],[344.584]
2026-07-16T23:06:17+02:00,[60],[344.584]
2026-07-16T23:06:16+02:00,[60],[344.584]
2026-07-16T23:06:15+02:00,[60],[344.584]
2026-07-16T23:06:14+02:00,[60],[344.584]
2026-07-16T23:06:13+02:00,[60],[344.584]
2026-07-16T23:06:12+02:00,[60],[344.584]
2026-07-16T23:06:11+02:00,[60],[344.584]
2026-07-16T23:06:10+02:00,[60],[344.584]
2026-07-16T23:06:09+02:00,[60],[344.584]
2026-07-16T23:06:08+02:00,[60],[344.584]
2026-07-16T23:06:07+02:00,[60],[344.584]
2026-07-16T23:06:06+02:00,[60],[344.584]
2026-07-16T23:06:05+02:00,[60],[344.584]
2026-07-16T23:06:04+02:00,[60],[344.584]
2026-07-16T23:06:03+02:00,[60],[344.584]
2026-07-16T23:06:02+02:00,[60],[344.584]
2026-07-16T23:06:01+02:00,[60],[345.027]
2026-07-16T23:06:00+02:00,[60],[345.027]
2026-07-16T23:05:59+02:00,[60],[345.027]
2026-07-16T23:05:58+02:00,[60],[345.027]
2026-07-16T23:05:57+02:00,[60],[345.027]
2026-07-16T23:05:56+02:00,[60],[345.027]
2026-07-16T23:05:55+02:00,[60],[345.027]
2026-07-16T23:05:54+02:00,[60],[345.027]
2026-07-16T23:05:53+02:00,[60],[345.027]
2026-07-16T23:05:52+02:00,[60],[345.027]
2026-07-16T23:05:51+02:00,[60],[345.027]
2026-07-16T23:05:50+02:00,[60],[345.027]
2026-07-16T23:05:49+02:00,[60],[345.027]
2026-07-16T23:05:48+02:00,[60],[345.027]
2026-07-16T23:05:47+02:00,[60],[345.027]
2026-07-16T23:05:46+02:00,[60],[345.027]
2026-07-16T23:05:45+02:00,[60],[345.027]
2026-07-16T23:05:44+02:00,[60],[345.027]
2026-07-16T23:05:43+02:00,[60],[345.027]
2026-07-16T23:05:42+02:00,[60],[345.026]
2026-07-16T23:05:41+02:00,[60],[344.981]
2026-07-16T23:05:40+02:00,[60],[344.981]
2026-07-16T23:05:39+02:00,[60],[344.981]
2026-07-16T23:05:38+02:00,[60],[344.981]
2026-07-16T23:05:37+02:00,[60],[344.981]
2026-07-16T23:05:36+02:00,[60],[343.682]
2026-07-16T23:05:35+02:00,[60],[343.682]
2026-07-16T23:05:34+02:00,[60],[343.682]
2026-07-16T23:05:33+02:00,[60],[343.682]
2026-07-16T23:05:32+02:00,[60],[343.682]
2026-07-16T23:05:31+02:00,[60],[343.682]
2026-07-16T23:05:30+02:00,[60],[343.682]
2026-07-16T23:05:29+02:00,[60],[343.682]
2026-07-16T23:05:28+02:00,[60],[343.682]
2026-07-16T23:05:27+02:00,[60],[343.682]
2026-07-16T23:05:26+02:00,[60],[343.682]
2026-07-16T23:05:25+02:00,[60],[343.682]
2026-07-16T23:05:24+02:00,[60],[343.682]
2026-07-16T23:05:23+02:00,[60],[343.682]
2026-07-16T23:05:22+02:00,[60],[343.682]
2026-07-16T23:05:21+02:00,[60],[343.682]
2026-07-16T23:05:20+02:00,[60],[343.682]
2026-07-16T23:05:19+02:00,[60],[343.682]
2026-07-16T23:05:18+02:00,[60],[343.682]
2026-07-16T23:05:17+02:00,[60],[343.682]
2026-07-16T23:05:16+02:00,[60],[343.682]
2026-07-16T23:05:15+02:00,[60],[343.682]
2026-07-16T23:05:14+02:00,[60],[343.682]
2026-07-16T23:05:13+02:00,[60],[343.682]
2026-07-16T23:05:12+02:00,[60],[343.682]
2026-07-16T23:05:11+02:00,[60],[343.682]
2026-07-16T23:05:10+02:00,[60],[343.682]
2026-07-16T23:05:09+02:00,[60],[343.682]
2026-07-16T23:05:08+02:00,[60],[343.682]
2026-07-16T23:05:07+02:00,[60],[343.682]
2026-07-16T23:05:06+02:00,[60],[343.682]
2026-07-16T23:05:05+02:00,[60],[343.682]
2026-07-16T23:05:04+02:00,[60],[343.682]
2026-07-16T23:05:03+02:00,[60],[343.682]
2026-07-16T23:05:02+02:00,[60],[343.682]
2026-07-16T23:05:01+02:00,[60],[343.682]
2026-07-16T23:05:00+02:00,[60],[343.682]
2026-07-16T23:04:59+02:00,[60],[343.682]
2026-07-16T23:04:58+02:00,[60],[343.682]
2026-07-16T23:04:57+02:00,[60],[343.682]
2026-07-16T23:04:56+02:00,[60],[343.682]
2026-07-16T23:04:55+02:00,[60],[343.682]
2026-07-16T23:04:54+02:00,[60],[345.556]
2026-07-16T23:04:53+02:00,[60],[345.556]
2026-07-16T23:04:52+02:00,[60],[345.556]
2026-07-16T23:04:51+02:00,[60],[345.556]
2026-07-16T23:04:50+02:00,[60],[345.556]
2026-07-16T23:04:49+02:00,[60],[345.556]
2026-07-16T23:04:48+02:00,[60],[345.556]
2026-07-16T23:04:47+02:00,[60],[345.556]
2026-07-16T23:04:46+02:00,[60],[345.556]
2026-07-16T23:04:45+02:00,[60],[345.556]
2026-07-16T23:04:44+02:00,[60],[345.556]
2026-07-16T23:04:43+02:00,[60],[345.556]
2026-07-16T23:04:42+02:00,[60],[345.556]
2026-07-16T23:04:41+02:00,[60],[345.556]
2026-07-16T23:04:40+02:00,[60],[345.556]
2026-07-16T23:04:39+02:00,[60],[345.556]
2026-07-16T23:04:38+02:00,[60],[345.556]
2026-07-16T23:04:37+02:00,[60],[345.556]
2026-07-16T23:04:36+02:00,[60],[345.556]
2026-07-16T23:04:35+02:00,[60],[345.556]
2026-07-16T23:04:34+02:00,[60],[345.556]
2026-07-16T23:04:33+02:00,[60],[345.556]
2026-07-16T23:04:32+02:00,[60],[345.556]
2026-07-16T23:04:31+02:00,[60],[345.556]
2026-07-16T23:04:30+02:00,[60],[345.556]
2026-07-16T23:04:29+02:00,[60],[345.556]
2026-07-16T23:04:28+02:00,[60],[345.556]
2026-07-16T23:04:27+02:00,[60],[345.556]
2026-07-16T23:04:26+02:00,[60],[345.556]
2026-07-16T23:04:25+02:00,[60],[344.886]
2026-07-16T23:04:24+02:00,[60],[344.886]
2026-07-16T23:04:23+02:00,[60],[344.886]
2026-07-16T23:04:22+02:00,[60],[344.886]
2026-07-16T23:04:21+02:00,[60],[344.886]
2026-07-16T23:04:20+02:00,[60],[344.886]
2026-07-16T23:04:19+02:00,[60],[344.886]
2026-07-16T23:04:18+02:00,[60],[344.886]
2026-07-16T23:04:17+02:00,[60],[344.886]
2026-07-16T23:04:16+02:00,[60],[344.886]
2026-07-16T23:04:15+02:00,[60],[344.886]
2026-07-16T23:04:14+02:00,[60],[344.886]
2026-07-16T23:04:13+02:00,[60],[344.886]
2026-07-16T23:04:12+02:00,[60],[344.886]
2026-07-16T23:04:11+02:00,[60],[344.886]
2026-07-16T23:04:10+02:00,[60],[344.886]
2026-07-16T23:04:09+02:00,[60],[344.886]
2026-07-16T23:04:08+02:00,[60],[344.886]
2026-07-16T23:04:07+02:00,[60],[344.886]
2026-07-16T23:04:06+02:00,[60],[344.886]
2026-07-16T23:04:05+02:00,[60],[344.886]
2026-07-16T23:04:04+02:00,[60],[344.886]
2026-07-16T23:04:03+02:00,[60],[344.886]
2026-07-16T23:04:02+02:00,[60],[344.886]
2026-07-16T23:04:01+02:00,[60],[344.886]
2026-07-16T23:04:00+02:00,[60],[344.886]
2026-07-16T23:03:59+02:00,[60],[344.886]
2026-07-16T23:03:58+02:00,[60],[344.886]
2026-07-16T23:03:57+02:00,[60],[344.886]
2026-07-16T23:03:56+02:00,[60],[344.886]
2026-07-16T23:03:55+02:00,[60],[344.886]
2026-07-16T23:03:54+02:00,[60],[344.886]
2026-07-16T23:03:53+02:00,[60],[344.886]
2026-07-16T23:03:52+02:00,[60],[344.886]
2026-07-16T23:03:51+02:00,[60],[344.886]
2026-07-16T23:03:50+02:00,[60],[344.886]
2026-07-16T23:03:49+02:00,[60],[344.886]
2026-07-16T23:03:48+02:00,[60],[344.886]
2026-07-16T23:03:47+02:00,[60],[344.886]
2026-07-16T23:03:46+02:00,[60],[344.886]
2026-07-16T23:03:45+02:00,[60],[344.886]
2026-07-16T23:03:44+02:00,[60],[344.886]
2026-07-16T23:03:43+02:00,[60],[344.886]
2026-07-16T23:03:42+02:00,[60],[344.886]
2026-07-16T23:03:41+02:00,[60],[344.886]
2026-07-16T23:03:40+02:00,[60],[344.886]
2026-07-16T23:03:39+02:00,[60],[344.886]
2026-07-16T23:03:38+02:00,[60],[344.886]
2026-07-16T23:03:37+02:00,[60],[344.886]
2026-07-16T23:03:36+02:00,[60],[344.886]
2026-07-16T23:03:35+02:00,[60],[344.886]
2026-07-16T23:03:34+02:00,[60],[344.886]
2026-07-16T23:03:33+02:00,[60],[344.886]
2026-07-16T23:03:32+02:00,[60],[344.886]
2026-07-16T23:03:31+02:00,[60],[344.886]
2026-07-16T23:03:30+02:00,[60],[344.886]
2026-07-16T23:03:29+02:00,[60],[344.886]
2026-07-16T23:03:28+02:00,[60],[344.886]
2026-07-16T23:03:27+02:00,[60],[344.886]
2026-07-16T23:03:26+02:00,[60],[344.886]
2026-07-16T23:03:25+02:00,[60],[344.886]
2026-07-16T23:03:24+02:00,[60],[344.886]
2026-07-16T23:03:23+02:00,[60],[344.886]
2026-07-16T23:03:22+02:00,[60],[344.886]
2026-07-16T23:03:21+02:00,[60],[344.886]
2026-07-16T23:03:20+02:00,[60],[344.886]
2026-07-16T23:03:19+02:00,[60],[344.886]
2026-07-16T23:03:18+02:00,[60],[344.886]
2026-07-16T23:03:17+02:00,[60],[344.886]
2026-07-16T23:03:16+02:00,[60],[344.886]
2026-07-16T23:03:15+02:00,[60],[344.886]
2026-07-16T23:03:14+02:00,[60],[344.886]
2026-07-16T23:03:13+02:00,[60],[344.886]
2026-07-16T23:03:12+02:00,[60],[344.886]
2026-07-16T23:03:11+02:00,[60],[344.886]
2026-07-16T23:03:10+02:00,[60],[344.886]
2026-07-16T23:03:09+02:00,[60],[344.886]
2026-07-16T23:03:08+02:00,[60],[344.886]
2026-07-16T23:03:07+02:00,[60],[344.886]
2026-07-16T23:03:06+02:00,[60],[344.886]
2026-07-16T23:03:05+02:00,[60],[344.886]
2026-07-16T23:03:04+02:00,[60],[344.886]
2026-07-16T23:03:03+02:00,[60],[344.886]
2026-07-16T23:03:02+02:00,[60],[344.886]
2026-07-16T23:03:01+02:00,[60],[344.886]
2026-07-16T23:03:00+02:00,[60],[344.886]
2026-07-16T23:02:59+02:00,[60],[344.886]
2026-07-16T23:02:58+02:00,[60],[344.886]
2026-07-16T23:02:57+02:00,[60],[344.886]
2026-07-16T23:02:56+02:00,[60],[344.886]
2026-07-16T23:02:55+02:00,[60],[344.886]
2026-07-16T23:02:54+02:00,[60],[344.886]
2026-07-16T23:02:53+02:00,[60],[344.886]
2026-07-16T23:02:52+02:00,[60],[344.886]
2026-07-16T23:02:51+02:00,[60],[344.886]
2026-07-16T23:02:50+02:00,[60],[344.886]
2026-07-16T23:02:49+02:00,[60],[344.886]
2026-07-16T23:02:48+02:00,[60],[344.886]
2026-07-16T23:02:47+02:00,[60],[344.886]
2026-07-16T23:02:46+02:00,[60],[344.886]
2026-07-16T23:02:45+02:00,[60],[344.886]
2026-07-16T23:02:44+02:00,[60],[344.886]
2026-07-16T23:02:43+02:00,[60],[344.886]
2026-07-16T23:02:42+02:00,[60],[344.886]
2026-07-16T23:02:41+02:00,[60],[344.886]
2026-07-16T23:02:40+02:00,[60],[344.886]
2026-07-16T23:02:39+02:00,[60],[344.886]
2026-07-16T23:02:38+02:00,[60],[344.886]
2026-07-16T23:02:37+02:00,[60],[344.886]
2026-07-16T23:02:36+02:00,[60],[344.886]
2026-07-16T23:02:35+02:00,[60],[344.886]
2026-07-16T23:02:34+02:00,[60],[344.886]
2026-07-16T23:02:33+02:00,[60],[344.886]
2026-07-16T23:02:32+02:00,[60],[344.886]
2026-07-16T23:02:31+02:00,[60],[344.886]
2026-07-16T23:02:30+02:00,[60],[344.886]
2026-07-16T23:02:29+02:00,[60],[344.886]
2026-07-16T23:02:28+02:00,[60],[344.886]
2026-07-16T23:02:27+02:00,[60],[344.886]
2026-07-16T23:02:26+02:00,[60],[344.886]
2026-07-16T23:02:25+02:00,[60],[344.886]
2026-07-16T23:02:24+02:00,[60],[344.886]
2026-07-16T23:02:23+02:00,[60],[344.886]
2026-07-16T23:02:22+02:00,[60],[344.886]
2026-07-16T23:02:21+02:00,[60],[344.886]
2026-07-16T23:02:20+02:00,[60],[344.886]
2026-07-16T23:02:19+02:00,[60],[344.886]
2026-07-16T23:02:18+02:00,[60],[344.886]
2026-07-16T23:02:17+02:00,[60],[344.886]
2026-07-16T23:02:16+02:00,[60],[344.886]
2026-07-16T23:02:15+02:00,[60],[344.886]
2026-07-16T23:02:14+02:00,[60],[344.886]
2026-07-16T23:02:13+02:00,[60],[344.886]
2026-07-16T23:02:12+02:00,[60],[344.886]
2026-07-16T23:02:11+02:00,[60],[344.886]
2026-07-16T23:02:10+02:00,[60],[344.886]
2026-07-16T23:02:09+02:00,[60],[344.957]
2026-07-16T23:02:08+02:00,[60],[343.461]
2026-07-16T23:02:07+02:00,[60],[343.461]
2026-07-16T23:02:06+02:00,[60],[343.461]
2026-07-16T23:02:05+02:00,[60],[343.461]
2026-07-16T23:02:04+02:00,[60],[343.461]
2026-07-16T23:02:03+02:00,[60],[343.461]
2026-07-16T23:02:02+02:00,[60],[343.461]
2026-07-16T23:02:01+02:00,[60],[343.461]
2026-07-16T23:02:00+02:00,[60],[343.461]
2026-07-16T23:01:59+02:00,[60],[343.461]
2026-07-16T23:01:58+02:00,[60],[343.461]
2026-07-16T23:01:57+02:00,[60],[343.461]
2026-07-16T23:01:56+02:00,[60],[343.461]
2026-07-16T23:01:55+02:00,[60],[343.461]
2026-07-16T23:01:54+02:00,[60],[343.461]
2026-07-16T23:01:53+02:00,[60],[343.461]
2026-07-16T23:01:52+02:00,[60],[343.461]
2026-07-16T23:01:51+02:00,[60],[343.461]
2026-07-16T23:01:50+02:00,[60],[343.461]
2026-07-16T23:01:49+02:00,[60],[343.461]
2026-07-16T23:01:48+02:00,[60],[343.461]
2026-07-16T23:01:47+02:00,[60],[343.461]
2026-07-16T23:01:46+02:00,[60],[343.461]
2026-07-16T23:01:45+02:00,[60],[343.461]
2026-07-16T23:01:44+02:00,[60],[343.461]
2026-07-16T23:01:43+02:00,[60],[343.461]
2026-07-16T23:01:42+02:00,[60],[343.461]
2026-07-16T23:01:41+02:00,[60],[343.461]
2026-07-16T23:01:40+02:00,[60],[343.461]
2026-07-16T23:01:39+02:00,[60],[343.461]
2026-07-16T23:01:38+02:00,[60],[343.461]
2026-07-16T23:01:37+02:00,[60],[343.461]
2026-07-16T23:01:36+02:00,[60],[343.461]
2026-07-16T23:01:35+02:00,[60],[343.461]
2026-07-16T23:01:34+02:00,[60],[343.461]
2026-07-16T23:01:33+02:00,[60],[343.461]
2026-07-16T23:01:32+02:00,[60],[343.461]
2026-07-16T23:01:31+02:00,[60],[343.461]
2026-07-16T23:01:30+02:00,[60],[343.461]
2026-07-16T23:01:29+02:00,[60],[343.461]
2026-07-16T23:01:28+02:00,[60],[343.461]
2026-07-16T23:01:27+02:00,[60],[343.461]
2026-07-16T23:01:26+02:00,[60],[343.461]
2026-07-16T23:01:25+02:00,[60],[343.461]
2026-07-16T23:01:24+02:00,[60],[343.461]
2026-07-16T23:01:23+02:00,[60],[343.461]
2026-07-16T23:01:22+02:00,[60],[343.461]
2026-07-16T23:01:21+02:00,[60],[343.461]
2026-07-16T23:01:20+02:00,[60],[343.461]
2026-07-16T23:01:19+02:00,[60],[343.461]
2026-07-16T23:01:18+02:00,[60],[343.461]
2026-07-16T23:01:17+02:00,[60],[343.461]
2026-07-16T23:01:16+02:00,[60],[343.461]
2026-07-16T23:01:15+02:00,[60],[343.461]
2026-07-16T23:01:14+02:00,[60],[343.461]
2026-07-16T23:01:13+02:00,[60],[343.461]
2026-07-16T23:01:12+02:00,[60],[343.461]
2026-07-16T23:01:11+02:00,[60],[343.461]
2026-07-16T23:01:10+02:00,[60],[343.461]
2026-07-16T23:01:09+02:00,[60],[343.461]
2026-07-16T23:01:08+02:00,[60],[343.461]
2026-07-16T23:01:07+02:00,[60],[343.461]
2026-07-16T23:01:06+02:00,[60],[343.461]
2026-07-16T23:01:05+02:00,[60],[343.461]
2026-07-16T23:01:04+02:00,[60],[343.461]
2026-07-16T23:01:03+02:00,[60],[343.461]
2026-07-16T23:01:02+02:00,[60],[343.461]
2026-07-16T23:01:01+02:00,[60],[343.461]
2026-07-16T23:01:00+02:00,[60],[343.461]
2026-07-16T23:00:59+02:00,[60],[343.461]
2026-07-16T23:00:58+02:00,[60],[343.461]
2026-07-16T23:00:57+02:00,[60],[343.461]
2026-07-16T23:00:56+02:00,[60],[343.461]
2026-07-16T23:00:55+02:00,[60],[343.461]
2026-07-16T23:00:54+02:00,[60],[343.461]
2026-07-16T23:00:53+02:00,[60],[343.461]
2026-07-16T23:00:52+02:00,[60],[343.461]
2026-07-16T23:00:51+02:00,[60],[343.461]
2026-07-16T23:00:50+02:00,[60],[343.461]
2026-07-16T23:00:49+02:00,[60],[343.461]
2026-07-16T23:00:48+02:00,[60],[343.461]
2026-07-16T23:00:47+02:00,[60],[343.461]
2026-07-16T23:00:46+02:00,[60],[343.461]
2026-07-16T23:00:45+02:00,[60],[343.461]
2026-07-16T23:00:44+02:00,[60],[343.461]
2026-07-16T23:00:43+02:00,[60],[343.461]
2026-07-16T23:00:42+02:00,[60],[343.461]
2026-07-16T23:00:41+02:00,[60],[343.461]
2026-07-16T23:00:40+02:00,[60],[343.461]
2026-07-16T23:00:39+02:00,[60],[343.461]
2026-07-16T23:00:38+02:00,[60],[343.461]
2026-07-16T23:00:37+02:00,[60],[343.461]
2026-07-16T23:00:36+02:00,[60],[343.461]
2026-07-16T23:00:35+02:00,[60],[343.461]
2026-07-16T23:00:34+02:00,[60],[343.461]
2026-07-16T23:00:33+02:00,[60],[343.461]
2026-07-16T23:00:32+02:00,[60],[343.461]
2026-07-16T23:00:31+02:00,[60],[343.461]
2026-07-16T23:00:30+02:00,[60],[343.461]
2026-07-16T23:00:29+02:00,[60],[343.461]
2026-07-16T23:00:28+02:00,[60],[343.461]
2026-07-16T23:00:27+02:00,[60],[343.461]
2026-07-16T23:00:26+02:00,[60],[343.461]
2026-07-16T23:00:25+02:00,[60],[343.461]
2026-07-16T23:00:24+02:00,[60],[343.461]
2026-07-16T23:00:23+02:00,[60],[343.461]
2026-07-16T23:00:22+02:00,[60],[343.461]
2026-07-16T23:00:21+02:00,[60],[343.461]
2026-07-16T23:00:20+02:00,[60],[343.461]
2026-07-16T23:00:19+02:00,[60],[343.461]
2026-07-16T23:00:18+02:00,[60],[343.461]
2026-07-16T23:00:17+02:00,[60],[343.461]
2026-07-16T23:00:16+02:00,[60],[343.461]
2026-07-16T23:00:15+02:00,[60],[343.461]
2026-07-16T23:00:14+02:00,[60],[343.461]
2026-07-16T23:00:13+02:00,[60],[343.461]
2026-07-16T23:00:12+02:00,[60],[343.461]
2026-07-16T23:00:11+02:00,[60],[343.461]
2026-07-16T23:00:10+02:00,[60],[343.461]
2026-07-16T23:00:09+02:00,[60],[343.461]
2026-07-16T23:00:08+02:00,[60],[343.461]
2026-07-16T23:00:07+02:00,[60],[343.461]
2026-07-16T23:00:06+02:00,[60],[343.461]
2026-07-16T23:00:05+02:00,[60],[343.461]
2026-07-16T23:00:04+02:00,[60],[343.461]
2026-07-16T23:00:03+02:00,[60],[343.461]
2026-07-16T23:00:02+02:00,[60],[343.461]
2026-07-16T23:00:01+02:00,[60],[343.461]
2026-07-16T23:00:00+02:00,[60],[343.461]
2026-07-16T22:59:59+02:00,[60],[343.461]
2026-07-16T22:59:58+02:00,[60],[343.461]
2026-07-16T22:59:57+02:00,[60],[343.461]
2026-07-16T22:59:56+02:00,[60],[343.461]
2026-07-16T22:59:55+02:00,[60],[343.461]
2026-07-16T22:59:54+02:00,[60],[343.461]
2026-07-16T22:59:53+02:00,[60],[343.461]
2026-07-16T22:59:52+02:00,[60],[343.461]
2026-07-16T22:59:51+02:00,[60],[343.461]
2026-07-16T22:59:50+02:00,[60],[343.461]
2026-07-16T22:59:49+02:00,[60],[343.461]
2026-07-16T22:59:48+02:00,[60],[343.461]
2026-07-16T22:59:47+02:00,[60],[343.461]
2026-07-16T22:59:46+02:00,[60],[343.461]
2026-07-16T22:59:45+02:00,[60],[343.461]
2026-07-16T22:59:44+02:00,[60],[343.461]
2026-07-16T22:59:43+02:00,[60],[343.461]
2026-07-16T22:59:42+02:00,[60],[343.461]
2026-07-16T22:59:41+02:00,[60],[343.461]
2026-07-16T22:59:40+02:00,[60],[343.461]
2026-07-16T22:59:39+02:00,[60],[343.461]
2026-07-16T22:59:38+02:00,[60],[343.461]
2026-07-16T22:59:37+02:00,[60],[343.461]
2026-07-16T22:59:36+02:00,[60],[343.461]
2026-07-16T22:59:35+02:00,[60],[343.461]
2026-07-16T22:59:34+02:00,[60],[343.461]
2026-07-16T22:59:33+02:00,[60],[343.461]
2026-07-16T22:59:32+02:00,[60],[343.461]
2026-07-16T22:59:31+02:00,[60],[343.461]
2026-07-16T22:59:30+02:00,[60],[343.461]
2026-07-16T22:59:29+02:00,[60],[343.461]
2026-07-16T22:59:28+02:00,[60],[343.461]
2026-07-16T22:59:27+02:00,[60],[343.461]
2026-07-16T22:59:26+02:00,[60],[343.461]
2026-07-16T22:59:25+02:00,[60],[343.461]
2026-07-16T22:59:24+02:00,[60],[343.461]
2026-07-16T22:59:23+02:00,[60],[343.461]
2026-07-16T22:59:22+02:00,[60],[343.461]
2026-07-16T22:59:21+02:00,[60],[343.461]
2026-07-16T22:59:20+02:00,[60],[343.461]
2026-07-16T22:59:19+02:00,[60],[343.461]
2026-07-16T22:59:18+02:00,[60],[343.461]
2026-07-16T22:59:17+02:00,[60],[343.461]
2026-07-16T22:59:16+02:00,[60],[343.461]
2026-07-16T22:59:15+02:00,[60],[343.461]
2026-07-16T22:59:14+02:00,[60],[343.461]
2026-07-16T22:59:13+02:00,[60],[343.461]
2026-07-16T22:59:12+02:00,[60],[343.461]
2026-07-16T22:59:11+02:00,[60],[343.461]
2026-07-16T22:59:10+02:00,[60],[343.461]
2026-07-16T22:59:09+02:00,[60],[343.461]
2026-07-16T22:59:08+02:00,[60],[343.461]
2026-07-16T22:59:07+02:00,[60],[343.461]
2026-07-16T22:59:06+02:00,[60],[343.461]
2026-07-16T22:59:05+02:00,[60],[343.461]
2026-07-16T22:59:04+02:00,[60],[343.461]
2026-07-16T22:59:03+02:00,[60],[343.461]
2026-07-16T22:59:02+02:00,[60],[343.461]
2026-07-16T22:59:01+02:00,[60],[343.461]
2026-07-16T22:59:00+02:00,[60],[343.461]
2026-07-16T22:58:59+02:00,[60],[343.461]
2026-07-16T22:58:58+02:00,[60],[343.461]
2026-07-16T22:58:57+02:00,[60],[343.461]
2026-07-16T22:58:56+02:00,[60],[343.461]
2026-07-16T22:58:55+02:00,[60],[343.461]
2026-07-16T22:58:54+02:00,[60],[343.461]
2026-07-16T22:58:53+02:00,[60],[343.461]
2026-07-16T22:58:52+02:00,[60],[343.461]
2026-07-16T22:58:51+02:00,[60],[343.461]
2026-07-16T22:58:50+02:00,[60],[343.461]
2026-07-16T22:58:49+02:00,[60],[343.461]
2026-07-16T22:58:48+02:00,[60],[343.461]
2026-07-16T22:58:47+02:00,[60],[343.461]
2026-07-16T22:58:46+02:00,[60],[343.461]
2026-07-16T22:58:45+02:00,[60],[343.461]
2026-07-16T22:58:44+02:00,[60],[343.461]
2026-07-16T22:58:43+02:00,[60],[343.461]
2026-07-16T22:58:42+02:00,[60],[343.461]
2026-07-16T22:58:41+02:00,[60],[343.461]
2026-07-16T22:58:40+02:00,[60],[343.461]
2026-07-16T22:58:39+02:00,[60],[343.461]
2026-07-16T22:58:38+02:00,[60],[343.461]
2026-07-16T22:58:37+02:00,[60],[343.461]
2026-07-16T22:58:36+02:00,[60],[343.461]
2026-07-16T22:58:35+02:00,[60],[343.334]
2026-07-16T22:58:34+02:00,[60],[343.528]
2026-07-16T22:58:32+02:00,[60],[343.221]
2026-07-16T22:58:31+02:00,[60],[343.09]
2026-07-16T22:58:30+02:00,[60],[343.019]
2026-07-16T22:58:29+02:00,[60],[342.986]
2026-07-16T22:58:28+02:00,[60],[342.788]
2026-07-16T22:58:27+02:00,[60],[342.828]
2026-07-16T22:58:26+02:00,[60],[340.76]
2026-07-16T22:58:25+02:00,[60],[340.76]
2026-07-16T22:58:24+02:00,[60],[340.76]
2026-07-16T22:58:23+02:00,[60],[340.76]
2026-07-16T22:58:22+02:00,[60],[340.76]
2026-07-16T22:58:21+02:00,[60],[340.76]
2026-07-16T22:58:20+02:00,[60],[340.76]
2026-07-16T22:58:19+02:00,[60],[340.76]
2026-07-16T22:58:18+02:00,[60],[340.76]
2026-07-16T22:58:17+02:00,[60],[340.76]
2026-07-16T22:58:16+02:00,[60],[340.76]
2026-07-16T22:58:15+02:00,[60],[340.76]
2026-07-16T22:58:14+02:00,[60],[342.195]
2026-07-16T22:58:13+02:00,[60],[342.195]
2026-07-16T22:58:12+02:00,[60],[342.195]
2026-07-16T22:58:11+02:00,[60],[342.195]
2026-07-16T22:58:10+02:00,[60],[342.195]
2026-07-16T22:58:09+02:00,[60],[342.195]
2026-07-16T22:58:08+02:00,[60],[342.195]
2026-07-16T22:58:07+02:00,[60],[342.195]
2026-07-16T22:58:06+02:00,[60],[342.195]
2026-07-16T22:58:05+02:00,[60],[342.195]
2026-07-16T22:58:04+02:00,[60],[342.195]
2026-07-16T22:58:03+02:00,[60],[342.195]
2026-07-16T22:58:02+02:00,[60],[342.195]
2026-07-16T22:58:01+02:00,[60],[342.195]
2026-07-16T22:58:00+02:00,[60],[342.195]
2026-07-16T22:57:59+02:00,[60],[342.195]
2026-07-16T22:57:58+02:00,[60],[342.195]
2026-07-16T22:57:57+02:00,[60],[342.195]
2026-07-16T22:57:56+02:00,[60],[342.195]
2026-07-16T22:57:55+02:00,[60],[343.999]
2026-07-16T22:57:53+02:00,[60],[342.729]
2026-07-16T22:57:52+02:00,[60],[344.775]
2026-07-16T22:57:34+02:00,[60],[344.775]
2026-07-14T03:40:58+02:00,[60],[5.925]
2026-07-14T03:40:20+02:00,[60],[5.559]
2026-07-14T03:39:26+02:00,[60],[5.346]
2026-07-14T03:39:21+02:00,[60],[4.895]
2026-07-14T03:39:10+02:00,[60],[4.492]
2026-07-14T03:39:04+02:00,[60],[4.333]
2026-07-14T03:39:00+02:00,[60],[4.234]
2026-07-14T03:38:55+02:00,[60],[4.049]
2026-07-14T03:38:50+02:00,[60],[3.649]
2026-07-14T03:38:44+02:00,[60],[3.516]
2026-07-14T03:38:39+02:00,[60],[2.907]
2026-07-14T03:38:33+02:00,[60],[1.853]
2026-07-14T03:38:27+02:00,[60],[1.31]
2026-07-14T03:38:23+02:00,[60],[1.214]
2026-07-14T03:38:19+02:00,[60],[1.061]
2026-07-14T03:38:14+02:00,[60],[1.061]
2026-07-14T03:38:09+02:00,[60],[0.986]
2026-07-14T03:38:04+02:00,[60],[0.986]
2026-07-14T03:38:00+02:00,[60],[0.986]
2026-07-14T03:37:56+02:00,[60],[1.095]
2026-07-14T03:37:51+02:00,[60],[1.153]
2026-07-14T03:37:46+02:00,[60],[1.224]
2026-07-14T03:37:42+02:00,[60],[1.449]
2026-07-14T03:37:38+02:00,[60],[1.649]
2026-07-14T03:37:34+02:00,[60],[1.649]
2026-07-14T03:37:29+02:00,[60],[1.649]
2026-07-14T03:37:25+02:00,[60],[1.649]
2026-07-14T03:37:20+02:00,[60],[1.524]
2026-07-14T03:37:16+02:00,[60],[1.361]
2026-07-14T03:37:12+02:00,[60],[1.361]
2026-07-14T03:37:08+02:00,[60],[1.361]
2026-07-14T03:37:03+02:00,[60],[1.361]
2026-07-14T03:36:58+02:00,[60],[1.365]
2026-07-14T03:36:53+02:00,[60],[1.402]
2026-07-14T03:36:49+02:00,[60],[1.557]
2026-07-14T03:36:44+02:00,[60],[1.792]
2026-07-14T03:36:40+02:00,[60],[1.927]
2026-07-14T03:36:36+02:00,[60],[2.06]
2026-07-14T03:36:32+02:00,[60],[2.42]
2026-07-14T03:36:27+02:00,[60],[2.799]
2026-07-14T03:36:21+02:00,[60],[2.937]
2026-07-14T03:36:16+02:00,[60],[3.163]
2026-07-14T03:36:10+02:00,[60],[3.376]
2026-07-14T03:35:56+02:00,[60],[3.556]
2026-07-14T03:35:52+02:00,[60],[3.75]
2026-07-14T03:35:47+02:00,[60],[3.775]
2026-07-14T03:35:43+02:00,[60],[3.775]
2026-07-14T03:35:37+02:00,[60],[3.779]
2026-07-14T03:35:32+02:00,[60],[3.916]
2026-07-14T03:35:28+02:00,[60],[4.085]
2026-07-14T03:35:23+02:00,[60],[4.179]
2026-07-14T03:35:18+02:00,[60],[4.29]
2026-07-14T03:35:13+02:00,[60],[4.361]
2026-07-14T03:35:09+02:00,[60],[4.361]
2026-07-14T03:35:04+02:00,[60],[4.439]
2026-07-14T03:35:00+02:00,[60],[4.439]
2026-07-14T03:34:56+02:00,[60],[4.439]
2026-07-14T03:34:52+02:00,[60],[4.439]
2026-07-14T03:34:47+02:00,[60],[4.347]
2026-07-14T03:34:43+02:00,[60],[4.165]
2026-07-14T03:34:39+02:00,[60],[4.11]
2026-07-14T03:34:35+02:00,[60],[3.957]
2026-07-14T03:34:31+02:00,[60],[3.756]
2026-07-14T03:34:27+02:00,[60],[3.671]
2026-07-14T03:34:23+02:00,[60],[3.601]
2026-07-14T03:34:19+02:00,[60],[3.601]
2026-07-14T03:34:15+02:00,[60],[3.625]
2026-07-14T03:34:10+02:00,[60],[3.671]
2026-07-14T03:34:04+02:00,[60],[3.671]
2026-07-14T03:34:00+02:00,[60],[3.644]
2026-07-14T03:33:55+02:00,[60],[3.624]
2026-07-14T03:33:51+02:00,[60],[3.624]
2026-07-14T03:33:48+02:00,[60],[3.752]
2026-07-14T03:33:44+02:00,[60],[3.752]
2026-07-14T03:33:40+02:00,[60],[3.881]
2026-07-14T03:33:36+02:00,[60],[4.062]
2026-07-14T03:33:32+02:00,[60],[4.255]
2026-07-14T03:33:28+02:00,[60],[4.255]
2026-07-14T03:33:24+02:00,[60],[4.255]
2026-07-14T03:33:20+02:00,[60],[4.062]
2026-07-14T03:33:15+02:00,[60],[3.864]
2026-07-14T03:33:10+02:00,[60],[3.671]
2026-07-14T03:33:05+02:00,[60],[3.604]
2026-07-14T03:33:00+02:00,[60],[3.604]
2026-07-14T03:32:56+02:00,[60],[3.604]
2026-07-14T03:32:52+02:00,[60],[3.604]
2026-07-14T03:32:47+02:00,[60],[3.769]
2026-07-14T03:32:42+02:00,[60],[3.932]
2026-07-14T03:32:38+02:00,[60],[4.145]
2026-07-14T03:32:33+02:00,[60],[4.579]
2026-07-14T03:32:29+02:00,[60],[4.916]
2026-07-14T03:32:25+02:00,[60],[4.935]
2026-07-14T03:32:19+02:00,[60],[4.952]
2026-07-14T03:32:14+02:00,[60],[4.952]
2026-07-14T03:32:10+02:00,[60],[4.952]
2026-07-14T03:32:06+02:00,[60],[4.952]
2026-07-14T03:32:02+02:00,[60],[4.381]
2026-07-14T03:31:57+02:00,[60],[3.634]
2026-07-14T03:31:52+02:00,[60],[3.028]
2026-07-14T03:31:47+02:00,[60],[2.851]
2026-07-14T03:31:42+02:00,[60],[2.851]
2026-07-14T03:31:37+02:00,[60],[2.685]
2026-07-14T03:31:33+02:00,[60],[2.685]
2026-07-14T03:31:27+02:00,[60],[2.685]
2026-07-14T03:31:22+02:00,[60],[2.685]
2026-07-14T03:31:18+02:00,[60],[2.669]
2026-07-14T03:31:13+02:00,[60],[2.768]
2026-07-14T03:31:09+02:00,[60],[2.768]
2026-07-14T03:31:05+02:00,[60],[2.768]
2026-07-14T03:31:00+02:00,[60],[2.902]
2026-07-14T03:30:55+02:00,[60],[3.081]
2026-07-14T03:30:51+02:00,[60],[3.397]
2026-07-14T03:30:46+02:00,[60],[3.961]
2026-07-14T03:30:40+02:00,[60],[5.159]
2026-07-14T03:30:34+02:00,[60],[6.314]
2026-07-14T03:30:30+02:00,[60],[6.684]
2026-07-14T03:30:26+02:00,[60],[7.145]
2026-07-14T03:30:21+02:00,[60],[7.484]
2026-07-14T03:30:17+02:00,[60],[8.135]
2026-07-14T03:30:13+02:00,[60],[8.622]
2026-07-14T03:30:08+02:00,[60],[8.622]
2026-07-14T03:30:03+02:00,[60],[8.622]
2026-07-14T03:29:57+02:00,[60],[8.622]
2026-07-14T03:29:53+02:00,[60],[7.427]
2026-07-14T03:29:48+02:00,[60],[6.368]
2026-07-14T03:29:44+02:00,[60],[6.351]
2026-07-14T03:29:39+02:00,[60],[6.351]
2026-07-14T03:29:34+02:00,[60],[6.351]
2026-07-14T03:29:28+02:00,[60],[6.351]
2026-07-14T03:29:23+02:00,[60],[6.44]
2026-07-14T03:29:19+02:00,[60],[6.949]
2026-07-14T03:29:14+02:00,[60],[8.064]
2026-07-14T03:29:10+02:00,[60],[9.15]
2026-07-14T03:29:05+02:00,[60],[9.709]
2026-07-14T03:29:00+02:00,[60],[9.975]
2026-07-14T03:28:56+02:00,[60],[10.287]
2026-07-14T03:28:51+02:00,[60],[10.554]
2026-07-14T03:28:47+02:00,[60],[11.619]
2026-07-14T03:28:43+02:00,[60],[12.868]
2026-07-14T03:28:37+02:00,[60],[13.323]
2026-07-14T03:28:32+02:00,[60],[13.365]
2026-07-14T03:28:26+02:00,[60],[13.365]
2026-07-14T03:28:21+02:00,[60],[13.365]
2026-07-14T03:28:16+02:00,[60],[13.146]
2026-07-14T03:28:11+02:00,[60],[11.914]
2026-07-14T03:28:05+02:00,[60],[10.351]
2026-07-14T03:28:00+02:00,[60],[8.923]
2026-07-14T03:27:55+02:00,[60],[7.779]
2026-07-14T03:27:50+02:00,[60],[7.571]
2026-07-14T03:27:45+02:00,[60],[7.266]
2026-07-14T03:27:41+02:00,[60],[7.079]
2026-07-14T03:27:36+02:00,[60],[6.958]
2026-07-14T03:27:31+02:00,[60],[6.407]
2026-07-14T03:27:26+02:00,[60],[5.395]
2026-07-14T03:27:21+02:00,[60],[4.804]
2026-07-14T03:27:17+02:00,[60],[4.804]
2026-07-14T03:27:12+02:00,[60],[4.641]
2026-07-14T03:27:07+02:00,[60],[4.527]
2026-07-14T03:27:02+02:00,[60],[4.457]
2026-07-14T03:26:57+02:00,[60],[4.506]
2026-07-14T03:26:51+02:00,[60],[4.572]
2026-07-14T03:26:46+02:00,[60],[4.717]
2026-07-14T03:26:41+02:00,[60],[4.477]
2026-07-14T03:26:36+02:00,[60],[4.43]
2026-07-14T03:26:31+02:00,[60],[4.466]
2026-07-14T03:26:25+02:00,[60],[4.466]
2026-07-14T03:26:20+02:00,[60],[4.466]
2026-07-14T03:26:15+02:00,[60],[4.262]
2026-07-14T03:26:10+02:00,[60],[4.262]
2026-07-14T03:26:06+02:00,[60],[4.262]
2026-07-14T03:26:00+02:00,[60],[4.466]
2026-07-14T03:25:55+02:00,[60],[4.631]
2026-07-14T03:25:49+02:00,[60],[5.056]
2026-07-14T03:25:44+02:00,[60],[5.274]
2026-07-14T03:25:39+02:00,[60],[5.331]
2026-07-14T03:25:34+02:00,[60],[5.331]
2026-07-14T03:25:29+02:00,[60],[5.331]
2026-07-14T03:25:24+02:00,[60],[5.331]
2026-07-14T03:25:19+02:00,[60],[4.867]
2026-07-14T03:25:14+02:00,[60],[3.864]
2026-07-14T03:25:09+02:00,[60],[3.395]
2026-07-14T03:25:04+02:00,[60],[3.279]
2026-07-14T03:25:00+02:00,[60],[3.279]
2026-07-14T03:24:55+02:00,[60],[3.279]
2026-07-14T03:24:50+02:00,[60],[3.365]
2026-07-14T03:24:46+02:00,[60],[3.396]
2026-07-14T03:24:41+02:00,[60],[3.481]
2026-07-14T03:24:35+02:00,[60],[3.662]
2026-07-14T03:24:31+02:00,[60],[3.654]
2026-07-14T03:24:26+02:00,[60],[3.802]
2026-07-14T03:24:20+02:00,[60],[3.897]
2026-07-14T03:24:16+02:00,[60],[4.016]
2026-07-14T03:24:12+02:00,[60],[4.495]
2026-07-14T03:24:00+02:00,[60],[5.471]
2026-07-14T03:07:52+02:00,[60],[5.668]
2026-07-14T03:07:47+02:00,[60],[5.295]
2026-07-14T03:07:41+02:00,[60],[5.287]
2026-07-14T03:07:37+02:00,[60],[4.918]
2026-07-14T03:07:34+02:00,[60],[4.591]
2026-07-14T03:07:31+02:00,[60],[4.444]
2026-07-14T03:07:27+02:00,[60],[4.358]
2026-07-14T03:07:24+02:00,[60],[4.358]
2026-07-14T03:07:18+02:00,[60],[4.358]
2026-07-14T03:07:15+02:00,[60],[4.358]
2026-07-14T03:07:09+02:00,[60],[4.545]
2026-07-14T03:06:55+02:00,[60],[4.665]
2026-07-14T03:06:50+02:00,[60],[4.665]
2026-07-14T03:06:46+02:00,[60],[4.665]
2026-07-14T03:06:40+02:00,[60],[4.665]
2026-07-14T03:06:36+02:00,[60],[4.241]
2026-07-14T03:06:30+02:00,[60],[3.719]
2026-07-14T03:06:25+02:00,[60],[3.719]
2026-07-14T03:06:20+02:00,[60],[3.673]
2026-07-14T03:06:15+02:00,[60],[3.673]
2026-07-14T03:06:11+02:00,[60],[3.673]
2026-07-14T03:06:06+02:00,[60],[3.744]
2026-07-14T03:06:01+02:00,[60],[3.831]
2026-07-14T03:05:57+02:00,[60],[3.919]
2026-07-14T03:05:52+02:00,[60],[4.102]
2026-07-14T03:05:47+02:00,[60],[4.125]
2026-07-14T03:05:43+02:00,[60],[4.409]
2026-07-14T03:05:38+02:00,[60],[4.765]
2026-07-14T03:05:34+02:00,[60],[5.382]
2026-07-14T03:05:30+02:00,[60],[5.776]
2026-07-14T03:05:26+02:00,[60],[5.914]
2026-07-14T03:05:21+02:00,[60],[6.287]
2026-07-14T03:05:17+02:00,[60],[6.641]
2026-07-14T03:05:12+02:00,[60],[6.825]
2026-07-14T03:05:07+02:00,[60],[6.825]
2026-07-14T03:05:02+02:00,[60],[6.888]
2026-07-14T03:04:56+02:00,[60],[6.888]
2026-07-14T03:04:51+02:00,[60],[6.888]
2026-07-14T03:04:46+02:00,[60],[6.815]
2026-07-14T03:04:41+02:00,[60],[6.642]
2026-07-14T03:04:24+02:00,[60],[6.39]
2026-07-14T03:04:19+02:00,[60],[6.39]
2026-07-14T03:04:15+02:00,[60],[6.46]
2026-07-14T03:04:10+02:00,[60],[6.46]
2026-07-14T03:04:05+02:00,[60],[6.501]
2026-07-14T03:04:00+02:00,[60],[6.501]
2026-07-14T03:03:56+02:00,[60],[6.671]
2026-07-14T03:03:50+02:00,[60],[6.945]
2026-07-14T03:03:45+02:00,[60],[7.17]
2026-07-14T03:03:40+02:00,[60],[7.405]
2026-07-14T03:03:36+02:00,[60],[7.744]
2026-07-14T03:03:29+02:00,[60],[8.01]
2026-07-14T03:03:24+02:00,[60],[8.404]
2026-07-14T03:03:19+02:00,[60],[8.746]
2026-07-14T03:03:14+02:00,[60],[8.97]
2026-07-14T03:03:09+02:00,[60],[9.812]
2026-07-14T03:03:04+02:00,[60],[11.152]
2026-07-14T03:03:00+02:00,[60],[11.386]
2026-07-14T03:02:56+02:00,[60],[11.386]
2026-07-14T03:02:52+02:00,[60],[11.386]
2026-07-14T03:02:48+02:00,[60],[11.386]
2026-07-14T03:02:43+02:00,[60],[10.247]
2026-07-14T03:02:38+02:00,[60],[9.335]
2026-07-14T03:02:33+02:00,[60],[9.083]
2026-07-14T03:02:28+02:00,[60],[8.976]
2026-07-14T03:02:22+02:00,[60],[8.389]
2026-07-14T03:02:16+02:00,[60],[7.766]
2026-07-14T03:01:52+02:00,[60],[7.766]
2026-07-14T03:01:46+02:00,[60],[6.596]
2026-07-14T03:01:40+02:00,[60],[5.86]
2026-07-14T03:01:34+02:00,[60],[5.77]
2026-07-14T03:01:13+02:00,[60],[5.77]
2026-07-14T03:01:06+02:00,[60],[5.77]
2026-07-14T03:00:59+02:00,[60],[6.065]
2026-07-14T03:00:54+02:00,[60],[6.162]
2026-07-14T03:00:48+02:00,[60],[6.197]
2026-07-14T03:00:42+02:00,[60],[6.396]
2026-07-14T03:00:37+02:00,[60],[6.673]
2026-07-14T03:00:31+02:00,[60],[7.23]
2026-07-14T03:00:26+02:00,[60],[7.23]
2026-07-14T03:00:21+02:00,[60],[7.23]
2026-07-14T03:00:16+02:00,[60],[7.125]
2026-07-14T03:00:11+02:00,[60],[7.103]
2026-07-14T03:00:06+02:00,[60],[5.488]
2026-07-14T03:00:00+02:00,[60],[5.039]
2026-07-14T02:59:56+02:00,[60],[5.039]
2026-07-14T02:59:52+02:00,[60],[5.039]
2026-07-14T02:59:47+02:00,[60],[5.039]
2026-07-14T02:59:41+02:00,[60],[5.572]
2026-07-14T02:59:36+02:00,[60],[5.626]
2026-07-14T02:59:32+02:00,[60],[5.655]
2026-07-14T02:59:29+02:00,[60],[5.697]
2026-07-14T02:59:25+02:00,[60],[5.778]
2026-07-14T02:59:21+02:00,[60],[6.098]
2026-07-14T02:59:18+02:00,[60],[6.098]
2026-07-14T02:59:16+02:00,[60],[6.554]
2026-07-14T02:59:14+02:00,[60],[7.039]
2026-07-14T02:59:09+02:00,[60],[4.98]
2026-07-12T01:57:58+02:00,[60],[9.589]
2026-07-12T01:57:40+02:00,[60],[9.589]
2026-07-12T01:57:35+02:00,[60],[9.589]
2026-07-12T01:57:34+02:00,[60],[9.589]
2026-07-12T01:57:10+02:00,[60],[9.589]
2026-07-12T01:57:02+02:00,[60],[9.589]
2026-07-12T01:56:52+02:00,[60],[9.589]
2026-07-12T01:56:34+02:00,[60],[9.589]
2026-07-12T01:56:28+02:00,[60],[9.589]
2026-07-12T01:56:22+02:00,[60],[9.589]
2026-07-12T01:56:10+02:00,[60],[9.589]
2026-07-12T01:55:16+02:00,[60],[9.589]
2026-07-12T01:54:53+02:00,[60],[9.589]
2026-07-12T01:54:41+02:00,[60],[9.069]
2026-07-12T01:54:29+02:00,[60],[9.069]
2026-07-12T01:54:11+02:00,[60],[9.069]
2026-07-12T01:53:53+02:00,[60],[9.069]
2026-07-12T01:53:41+02:00,[60],[9.069]
2026-07-12T01:53:35+02:00,[60],[9.069]
2026-07-12T01:53:29+02:00,[60],[9.069]
2026-07-12T01:53:23+02:00,[60],[9.069]
2026-07-12T01:53:17+02:00,[60],[9.068]
2026-07-12T01:53:11+02:00,[60],[9.068]
2026-07-12T01:53:05+02:00,[60],[9.068]
2026-07-12T01:52:59+02:00,[60],[9.068]
2026-07-12T01:52:53+02:00,[60],[9.068]
2026-07-12T01:52:47+02:00,[60],[9.068]
2026-07-12T01:52:41+02:00,[60],[9.068]
2026-07-12T01:52:35+02:00,[60],[9.201]
2026-07-12T01:52:29+02:00,[60],[10.419]
2026-07-12T01:52:17+02:00,[60],[11.541]
2026-07-12T01:52:11+02:00,[60],[12.033]
2026-07-12T01:51:59+02:00,[60],[12.486]
2026-07-12T01:51:53+02:00,[60],[12.486]
2026-07-12T01:51:47+02:00,[60],[12.486]
2026-07-12T01:51:41+02:00,[60],[12.486]
2026-07-12T01:51:35+02:00,[60],[12.486]
2026-07-12T01:51:29+02:00,[60],[12.486]
2026-07-12T01:51:23+02:00,[60],[12.486]
2026-07-12T01:51:21+02:00,[60],[12.486]
2026-07-12T01:51:17+02:00,[60],[12.485]
2026-07-12T01:51:05+02:00,[60],[12.485]
2026-07-12T01:50:59+02:00,[60],[12.485]
2026-07-12T01:50:53+02:00,[60],[12.485]
2026-07-12T01:50:41+02:00,[60],[12.485]
2026-07-12T01:50:35+02:00,[60],[12.485]
2026-07-12T01:50:29+02:00,[60],[12.559]
2026-07-12T01:50:23+02:00,[60],[12.634]
2026-07-12T01:50:17+02:00,[60],[12.801]
2026-07-12T01:50:05+02:00,[60],[12.969]
2026-07-12T01:49:59+02:00,[60],[12.969]
2026-07-12T01:49:47+02:00,[60],[12.969]
2026-07-12T01:49:41+02:00,[60],[12.969]
2026-07-12T01:49:35+02:00,[60],[12.969]
2026-07-12T01:49:28+02:00,[60],[12.969]
2026-07-12T01:49:15+02:00,[60],[12.969]
2026-07-12T01:48:54+02:00,[60],[13.365]
2026-07-12T01:48:34+02:00,[60],[13.686]
2026-07-12T01:48:22+02:00,[60],[13.843]
2026-07-12T01:48:19+02:00,[60],[13.843]
2026-07-12T01:48:16+02:00,[60],[13.843]
2026-07-12T01:48:11+02:00,[60],[13.686]
2026-07-12T01:48:05+02:00,[60],[13.587]
2026-07-12T01:47:54+02:00,[60],[13.213]
2026-07-12T01:47:50+02:00,[60],[12.589]
2026-07-12T01:47:45+02:00,[60],[12.295]
2026-07-12T01:47:40+02:00,[60],[12.234]
2026-07-12T01:47:35+02:00,[60],[12.139]
2026-07-12T01:47:30+02:00,[60],[12.034]
2026-07-12T01:47:26+02:00,[60],[11.978]
2026-07-12T01:47:22+02:00,[60],[11.865]
2026-07-12T01:47:19+02:00,[60],[11.865]
2026-07-12T01:47:15+02:00,[60],[11.865]
2026-07-12T01:47:11+02:00,[60],[11.705]
2026-07-12T01:47:07+02:00,[60],[11.62]
2026-07-12T01:47:03+02:00,[60],[11.425]
2026-07-12T01:46:59+02:00,[60],[11.425]
2026-07-12T01:46:55+02:00,[60],[11.253]
2026-07-12T01:46:51+02:00,[60],[11.425]
2026-07-12T01:46:47+02:00,[60],[12.54]
2026-07-12T01:46:00+02:00,[60],[14]
2026-07-12T00:40:29+02:00,[60],[12.253]
2026-07-12T00:38:44+02:00,[60],[12.798]
2026-07-12T00:38:42+02:00,[60],[12.798]
2026-07-12T00:37:40+02:00,[60],[12.451]
2026-07-12T00:37:11+02:00,[60],[10.811]
2026-07-12T00:36:39+02:00,[60],[8.824]
2026-06-29T02:34:50+02:00,[60],[660.158]
2026-06-29T02:34:45+02:00,[60],[660.901]
2026-06-29T02:34:40+02:00,[60],[660.901]
2026-06-29T02:34:35+02:00,[60],[661.66]
2026-06-29T02:34:31+02:00,[60],[662.063]
2026-06-29T02:34:26+02:00,[60],[662.114]
2026-06-29T02:34:21+02:00,[60],[662.193]
2026-06-29T02:34:17+02:00,[60],[662.259]
2026-06-29T02:34:12+02:00,[60],[662.911]
2026-06-29T02:34:07+02:00,[60],[664.57]
2026-06-29T02:34:01+02:00,[60],[666.348]
2026-06-29T02:33:55+02:00,[60],[667.448]
2026-06-29T02:33:50+02:00,[60],[667.824]
2026-06-29T02:33:45+02:00,[60],[668.164]
2026-06-29T02:33:39+02:00,[60],[668.686]
2026-06-29T02:33:33+02:00,[60],[669.037]
2026-06-29T02:33:26+02:00,[60],[669.543]
2026-06-29T02:33:20+02:00,[60],[670.404]
2026-06-29T02:33:15+02:00,[60],[670.993]
2026-06-29T02:33:10+02:00,[60],[671.192]
2026-06-29T02:33:05+02:00,[60],[671.757]
2026-06-29T02:32:59+02:00,[60],[672.464]
2026-06-29T02:32:53+02:00,[60],[672.893]
2026-06-29T02:32:48+02:00,[60],[674.076]
2026-06-29T02:32:43+02:00,[60],[675.65]
2026-06-29T02:32:38+02:00,[60],[676.531]
2026-06-29T02:32:33+02:00,[60],[677.692]
2026-06-29T02:32:28+02:00,[60],[678.734]
2026-06-29T02:32:23+02:00,[60],[679.033]
2026-06-29T02:32:18+02:00,[60],[679.258]
2026-06-29T02:32:13+02:00,[60],[679.619]
2026-06-29T02:32:08+02:00,[60],[679.943]
2026-06-29T02:32:03+02:00,[60],[680.264]
2026-06-29T02:31:55+02:00,[60],[680.593]
2026-06-29T02:31:50+02:00,[60],[680.691]
2026-06-29T02:31:45+02:00,[60],[680.868]
2026-06-29T02:31:41+02:00,[60],[681.881]
2026-06-29T02:31:36+02:00,[60],[683.132]
2026-06-29T02:31:31+02:00,[60],[684.216]
2026-06-29T02:31:26+02:00,[60],[685.703]
2026-06-29T02:31:20+02:00,[60],[686.761]
2026-06-29T02:31:13+02:00,[60],[687.182]
2026-06-29T02:31:08+02:00,[60],[687.494]
2026-06-29T02:31:03+02:00,[60],[688.128]
2026-06-29T02:30:58+02:00,[60],[689.02]
2026-06-29T02:30:53+02:00,[60],[689.46]
2026-06-29T02:30:48+02:00,[60],[689.797]
2026-06-29T02:30:44+02:00,[60],[690.205]
2026-06-29T02:30:39+02:00,[60],[690.485]
2026-06-29T02:30:34+02:00,[60],[690.784]
2026-06-29T02:30:29+02:00,[60],[691.777]
2026-06-29T02:30:24+02:00,[60],[692.679]
2026-06-29T02:30:18+02:00,[60],[693.013]
2026-06-29T02:30:11+02:00,[60],[693.744]
2026-06-29T02:30:05+02:00,[60],[694.809]
2026-06-29T02:29:58+02:00,[60],[696.081]
2026-06-29T02:29:51+02:00,[60],[697.209]
2026-06-29T02:29:44+02:00,[60],[697.713]
2026-06-29T02:29:38+02:00,[60],[697.737]
2026-06-29T02:29:31+02:00,[60],[698.327]
2026-06-29T02:29:24+02:00,[60],[698.907]
2026-06-29T02:29:18+02:00,[60],[699.07]
2026-06-29T02:29:12+02:00,[60],[699.546]
2026-06-29T02:29:06+02:00,[60],[700.326]
2026-06-29T02:29:00+02:00,[60],[701.188]
2026-06-29T02:28:55+02:00,[60],[701.188]
2026-06-29T02:28:51+02:00,[60],[701.649]
2026-06-29T02:28:47+02:00,[60],[702.267]
2026-06-29T02:28:43+02:00,[60],[703.351]
2026-06-29T02:28:41+02:00,[60],[705.571]
2026-06-29T02:28:38+02:00,[60],[707.472]
2026-06-29T02:28:33+02:00,[60],[709.075]
2026-06-29T02:28:18+02:00,[60],[711.542]
2026-06-29T02:27:43+02:00,[60],[713.115]
2026-06-29T02:27:15+02:00,[60],[714.017]
2026-06-29T02:26:39+02:00,[60],[714.439]
2026-06-29T02:26:21+02:00,[60],[715.161]
2026-06-29T02:26:13+02:00,[60],[716.07]
2026-06-29T02:26:07+02:00,[60],[716.388]
2026-06-29T02:26:02+02:00,[60],[716.948]
2026-06-29T02:25:55+02:00,[60],[717.871]
2026-06-29T02:25:48+02:00,[60],[718.743]
2026-06-29T02:25:41+02:00,[60],[719.3]
2026-06-29T02:24:59+02:00,[60],[719.485]
2026-06-29T02:24:54+02:00,[60],[720.065]
2026-06-29T02:24:48+02:00,[60],[721.09]
2026-06-29T02:24:42+02:00,[60],[721.649]
2026-06-29T02:24:36+02:00,[60],[722.107]
2026-06-29T02:24:31+02:00,[60],[723.189]
2026-06-29T02:24:25+02:00,[60],[724.188]
2026-06-29T02:24:20+02:00,[60],[724.825]
2026-06-29T02:24:15+02:00,[60],[725.546]
2026-06-29T02:24:10+02:00,[60],[726.071]
2026-06-29T02:24:06+02:00,[60],[726.269]
2026-06-29T02:24:01+02:00,[60],[726.834]
2026-06-29T02:23:57+02:00,[60],[727.456]
2026-06-29T02:23:52+02:00,[60],[727.595]
2026-06-29T02:23:48+02:00,[60],[727.893]
2026-06-29T02:23:44+02:00,[60],[728.379]
2026-06-29T02:23:38+02:00,[60],[728.865]
2026-06-29T02:23:33+02:00,[60],[729.456]
2026-06-29T02:23:28+02:00,[60],[730.27]
2026-06-29T02:23:23+02:00,[60],[730.931]
2026-06-29T02:23:19+02:00,[60],[731.432]
2026-06-29T02:23:14+02:00,[60],[732.16]
2026-06-29T02:23:09+02:00,[60],[732.727]
2026-06-29T02:23:04+02:00,[60],[733.073]
2026-06-29T02:22:59+02:00,[60],[733.308]
2026-06-29T02:22:54+02:00,[60],[733.594]
2026-06-29T02:22:50+02:00,[60],[734.307]
2026-06-29T02:22:45+02:00,[60],[735.321]
2026-06-29T02:22:40+02:00,[60],[735.928]
2026-06-29T02:22:36+02:00,[60],[736.063]
2026-06-29T02:22:32+02:00,[60],[736.505]
2026-06-29T02:22:27+02:00,[60],[736.99]
2026-06-29T02:22:22+02:00,[60],[737.375]
2026-06-29T02:22:17+02:00,[60],[738.002]
2026-06-29T02:22:12+02:00,[60],[738.41]
2026-06-29T02:22:07+02:00,[60],[738.571]
2026-06-29T02:22:02+02:00,[60],[738.857]
2026-06-29T02:21:57+02:00,[60],[739.649]
2026-06-29T02:21:52+02:00,[60],[740.374]
2026-06-29T02:21:47+02:00,[60],[740.525]
2026-06-29T02:21:43+02:00,[60],[740.721]
2026-06-29T02:21:38+02:00,[60],[741.05]
2026-06-29T02:21:33+02:00,[60],[741.617]
2026-06-29T02:21:28+02:00,[60],[742.683]
2026-06-29T02:21:23+02:00,[60],[743.75]
2026-06-29T02:21:18+02:00,[60],[744.219]
2026-06-29T02:21:13+02:00,[60],[744.415]
2026-06-29T02:21:08+02:00,[60],[744.677]
2026-06-29T02:21:04+02:00,[60],[744.914]
2026-06-29T02:20:59+02:00,[60],[745.491]
2026-06-29T02:20:53+02:00,[60],[746.478]
2026-06-29T02:20:48+02:00,[60],[747.617]
2026-06-29T02:20:42+02:00,[60],[748.462]
2026-06-29T02:20:36+02:00,[60],[749.616]
2026-06-29T02:20:28+02:00,[60],[750.582]
2026-06-29T02:20:22+02:00,[60],[750.86]
2026-06-29T02:20:16+02:00,[60],[751.294]
2026-06-29T02:20:10+02:00,[60],[751.842]
2026-06-29T02:20:05+02:00,[60],[752.756]
2026-06-29T02:19:59+02:00,[60],[753.729]
2026-06-29T02:19:54+02:00,[60],[754.552]
2026-06-29T02:19:49+02:00,[60],[755.018]
2026-06-29T02:19:43+02:00,[60],[755.691]
2026-06-29T02:19:38+02:00,[60],[756.386]
2026-06-29T02:19:33+02:00,[60],[756.823]
2026-06-29T02:19:28+02:00,[60],[757.526]
2026-06-29T02:19:22+02:00,[60],[758.349]
2026-06-29T02:19:16+02:00,[60],[758.918]
2026-06-29T02:19:10+02:00,[60],[759.249]
2026-06-29T02:19:05+02:00,[60],[760.204]
2026-06-29T02:18:58+02:00,[60],[761.182]
2026-06-29T02:18:52+02:00,[60],[762.078]
2026-06-29T02:18:47+02:00,[60],[762.946]
2026-06-29T02:18:42+02:00,[60],[763.66]
2026-06-29T02:18:37+02:00,[60],[764.201]
2026-06-29T02:18:32+02:00,[60],[764.895]
2026-06-29T02:18:27+02:00,[60],[765.761]
2026-06-29T02:18:22+02:00,[60],[766.363]
2026-06-29T02:18:17+02:00,[60],[766.878]
2026-06-29T02:18:12+02:00,[60],[767.146]
2026-06-29T02:18:07+02:00,[60],[767.506]
2026-06-29T02:18:03+02:00,[60],[767.84]
2026-06-29T02:17:58+02:00,[60],[768.213]
2026-06-29T02:17:53+02:00,[60],[768.646]
2026-06-29T02:17:49+02:00,[60],[768.976]
2026-06-29T02:17:45+02:00,[60],[769.728]
2026-06-29T02:17:40+02:00,[60],[771.18]
2026-06-29T02:17:34+02:00,[60],[772.054]
2026-06-29T02:17:29+02:00,[60],[772.704]
2026-06-29T02:17:24+02:00,[60],[773.384]
2026-06-29T02:17:20+02:00,[60],[773.868]
2026-06-29T02:17:14+02:00,[60],[774.686]
2026-06-29T02:17:09+02:00,[60],[775.085]
2026-06-29T02:17:05+02:00,[60],[775.268]
2026-06-29T02:17:00+02:00,[60],[775.615]
2026-06-29T02:16:55+02:00,[60],[776.149]
2026-06-29T02:16:50+02:00,[60],[777.114]
2026-06-29T02:16:46+02:00,[60],[777.788]
2026-06-29T02:16:40+02:00,[60],[778.102]
2026-06-29T02:16:34+02:00,[60],[778.662]
2026-06-29T02:16:28+02:00,[60],[779.766]
2026-06-29T02:16:22+02:00,[60],[780.667]
2026-06-29T02:16:17+02:00,[60],[780.91]
2026-06-29T02:16:11+02:00,[60],[781.274]
2026-06-29T02:16:05+02:00,[60],[781.535]
2026-06-29T02:15:59+02:00,[60],[782.681]
2026-06-29T02:15:51+02:00,[60],[784.411]
2026-06-29T02:15:32+02:00,[60],[785.071]
2026-06-29T02:15:14+02:00,[60],[785.168]
2026-06-29T02:15:07+02:00,[60],[785.558]
2026-06-29T02:15:01+02:00,[60],[786.065]
2026-06-29T02:14:55+02:00,[60],[787.161]
2026-06-29T02:14:49+02:00,[60],[788.1]
2026-06-29T02:14:43+02:00,[60],[788.342]
2026-06-29T02:14:38+02:00,[60],[788.923]
2026-06-29T02:14:33+02:00,[60],[789.499]
2026-06-29T02:14:28+02:00,[60],[790.574]
2026-06-29T02:14:20+02:00,[60],[791.769]
2026-06-29T02:14:15+02:00,[60],[792.102]
2026-06-29T02:14:10+02:00,[60],[792.427]
2026-06-29T02:14:04+02:00,[60],[793.049]
2026-06-29T02:13:59+02:00,[60],[793.96]
2026-06-29T02:13:54+02:00,[60],[795.057]
2026-06-29T02:13:49+02:00,[60],[796.235]
2026-06-29T02:13:43+02:00,[60],[797.26]
2026-06-29T02:13:38+02:00,[60],[798.161]
2026-06-29T02:13:33+02:00,[60],[799.149]
2026-06-29T02:13:28+02:00,[60],[799.63]
2026-06-29T02:13:23+02:00,[60],[800.278]
2026-06-29T02:13:17+02:00,[60],[801.307]
2026-06-29T02:13:12+02:00,[60],[802.026]
2026-06-29T02:13:07+02:00,[60],[802.59]
2026-06-29T02:13:02+02:00,[60],[803.462]
2026-06-29T02:12:55+02:00,[60],[804.144]
2026-06-29T02:12:50+02:00,[60],[805.023]
2026-06-29T02:12:45+02:00,[60],[805.854]
2026-06-29T02:12:40+02:00,[60],[806.208]
2026-06-29T02:12:35+02:00,[60],[806.522]
2026-06-29T02:12:31+02:00,[60],[806.651]
2026-06-29T02:12:26+02:00,[60],[806.901]
2026-06-29T02:12:22+02:00,[60],[807.087]
2026-06-29T02:12:17+02:00,[60],[807.185]
2026-06-29T02:12:12+02:00,[60],[807.412]
2026-06-29T02:12:08+02:00,[60],[807.907]
2026-06-29T02:12:02+02:00,[60],[808.837]
2026-06-29T02:11:56+02:00,[60],[809.507]
2026-06-29T02:11:51+02:00,[60],[810.179]
2026-06-29T02:11:46+02:00,[60],[810.963]
2026-06-29T02:11:42+02:00,[60],[811.277]
2026-06-29T02:11:38+02:00,[60],[811.801]
2026-06-29T02:11:34+02:00,[60],[812.685]
2026-06-29T02:11:29+02:00,[60],[813.341]
2026-06-29T02:11:24+02:00,[60],[813.604]
2026-06-29T02:11:19+02:00,[60],[813.941]
2026-06-29T02:11:15+02:00,[60],[814.221]
2026-06-29T02:11:10+02:00,[60],[814.421]
2026-06-29T02:11:05+02:00,[60],[814.825]
2026-06-29T02:11:01+02:00,[60],[815.168]
2026-06-29T02:10:57+02:00,[60],[815.269]
2026-06-29T02:10:52+02:00,[60],[815.269]
2026-06-29T02:10:47+02:00,[60],[815.407]
2026-06-29T02:10:42+02:00,[60],[815.407]
2026-06-29T02:10:36+02:00,[60],[815.464]
2026-06-29T02:10:32+02:00,[60],[815.533]
2026-06-29T02:10:28+02:00,[60],[815.574]
2026-06-29T02:10:24+02:00,[60],[815.574]
2026-06-29T02:10:20+02:00,[60],[815.886]
2026-06-29T02:10:16+02:00,[60],[816.27]
2026-06-29T02:10:12+02:00,[60],[816.438]
2026-06-29T02:10:08+02:00,[60],[816.632]
2026-06-29T02:10:04+02:00,[60],[817.31]
2026-06-29T02:10:00+02:00,[60],[818.428]
2026-06-29T02:09:56+02:00,[60],[818.934]
2026-06-29T02:09:52+02:00,[60],[819.032]
2026-06-29T02:09:48+02:00,[60],[819.314]
2026-06-29T02:09:44+02:00,[60],[819.552]
2026-06-29T02:09:40+02:00,[60],[819.61]
2026-06-29T02:09:36+02:00,[60],[819.643]
2026-06-29T02:09:32+02:00,[60],[819.705]
2026-06-29T02:09:28+02:00,[60],[819.759]
2026-06-29T02:09:24+02:00,[60],[819.925]
2026-06-29T02:09:19+02:00,[60],[820.252]
2026-06-29T02:09:15+02:00,[60],[820.456]
2026-06-29T02:09:10+02:00,[60],[820.608]
2026-06-29T02:09:06+02:00,[60],[821.062]
2026-06-29T02:09:02+02:00,[60],[821.462]
2026-06-29T02:08:58+02:00,[60],[821.532]
2026-06-29T02:08:54+02:00,[60],[821.651]
2026-06-29T02:08:50+02:00,[60],[821.764]
2026-06-29T02:08:45+02:00,[60],[821.83]
2026-06-29T02:08:40+02:00,[60],[821.893]
2026-06-29T02:08:36+02:00,[60],[821.893]
2026-06-29T02:08:32+02:00,[60],[822.043]
2026-06-29T02:08:27+02:00,[60],[822.507]
2026-06-29T02:08:22+02:00,[60],[822.582]
2026-06-29T02:08:18+02:00,[60],[822.837]
2026-06-29T02:08:13+02:00,[60],[822.942]
2026-06-29T02:08:08+02:00,[60],[823.079]
2026-06-29T02:08:05+02:00,[60],[823.122]
2026-06-29T02:08:00+02:00,[60],[823.139]
2026-06-29T02:07:56+02:00,[60],[823.346]
2026-06-29T02:07:52+02:00,[60],[823.346]
2026-06-29T02:07:47+02:00,[60],[823.346]
2026-06-29T02:07:43+02:00,[60],[823.346]
2026-06-29T02:07:40+02:00,[60],[822.923]
2026-06-29T02:07:34+02:00,[60],[822.038]
2026-06-29T02:07:30+02:00,[60],[821.004]
2026-06-29T02:07:26+02:00,[60],[820.323]
2026-06-29T02:07:22+02:00,[60],[820.23]
2026-06-29T02:07:18+02:00,[60],[819.897]
2026-06-29T02:07:13+02:00,[60],[819.897]
2026-06-29T02:07:07+02:00,[60],[819.897]
2026-06-29T02:06:50+02:00,[60],[820.133]
2026-06-29T02:06:45+02:00,[60],[821.767]
2026-06-29T02:06:39+02:00,[60],[823.314]
2026-06-29T02:06:34+02:00,[60],[823.871]
2026-06-29T02:06:29+02:00,[60],[823.871]
2026-06-29T02:06:25+02:00,[60],[824.502]
2026-06-29T02:06:21+02:00,[60],[824.838]
2026-06-29T02:06:15+02:00,[60],[824.838]
2026-06-29T02:06:09+02:00,[60],[827.141]
2026-06-29T02:05:57+02:00,[60],[831.295]
2026-06-26T07:29:51+02:00,[60],[345.403]
2026-06-26T07:29:50+02:00,[60],[345.222]
2026-06-26T07:29:49+02:00,[60],[345.048]
2026-06-26T07:29:48+02:00,[60],[344.647]
2026-06-26T07:29:47+02:00,[60],[344.918]
2026-06-26T07:29:46+02:00,[60],[344.938]
2026-06-26T07:29:45+02:00,[60],[345.069]
2026-06-26T07:29:44+02:00,[60],[345.175]
2026-06-26T07:29:43+02:00,[60],[345.057]
2026-06-26T07:29:42+02:00,[60],[344.859]
2026-06-26T07:29:41+02:00,[60],[345.274]
2026-06-26T07:29:40+02:00,[60],[345.427]
2026-06-26T07:29:39+02:00,[60],[345.263]
2026-06-26T07:29:38+02:00,[60],[345.157]
2026-06-26T07:29:37+02:00,[60],[345.196]
2026-06-26T07:29:36+02:00,[60],[345.326]
2026-06-26T07:29:35+02:00,[60],[345.145]
2026-06-26T07:29:34+02:00,[60],[344.991]
2026-06-26T07:29:33+02:00,[60],[345.015]
2026-06-26T07:29:32+02:00,[60],[345.006]
2026-06-26T07:29:31+02:00,[60],[345.312]
2026-06-26T07:29:30+02:00,[60],[344.703]
2026-06-26T07:29:29+02:00,[60],[345.61]
2026-06-26T07:29:28+02:00,[60],[346.03]
2026-06-26T07:29:27+02:00,[60],[346.435]
2026-06-26T07:29:26+02:00,[60],[346.559]
2026-06-26T07:29:25+02:00,[60],[346.32]
2026-06-26T07:29:24+02:00,[60],[345.666]
2026-06-26T07:29:23+02:00,[60],[345.319]
2026-06-26T07:29:22+02:00,[60],[345.252]
2026-06-26T07:29:21+02:00,[60],[345.295]
2026-06-26T07:29:20+02:00,[60],[344.99]
2026-06-26T07:29:19+02:00,[60],[344.619]
2026-06-26T07:29:18+02:00,[60],[344.253]
2026-06-26T07:29:17+02:00,[60],[344.022]
2026-06-26T07:29:16+02:00,[60],[343.505]
2026-06-26T07:29:15+02:00,[60],[343.209]
2026-06-26T07:29:14+02:00,[60],[343.241]
2026-06-26T07:29:13+02:00,[60],[343.532]
2026-06-26T07:29:12+02:00,[60],[343.676]
2026-06-26T07:29:11+02:00,[60],[343.459]
2026-06-26T07:29:10+02:00,[60],[343.527]
2026-06-26T07:29:09+02:00,[60],[343.976]
2026-06-26T07:29:08+02:00,[60],[342.35]
2026-06-26T07:29:07+02:00,[60],[342.381]
2026-06-26T07:29:06+02:00,[60],[342.376]
2026-06-26T07:29:05+02:00,[60],[342.334]
2026-06-26T07:29:03+02:00,[60],[342.338]
2026-06-26T07:29:02+02:00,[60],[342.129]
2026-06-26T07:29:01+02:00,[60],[342.145]
2026-06-26T07:29:00+02:00,[60],[342.306]
2026-06-26T07:28:59+02:00,[60],[342.46]
2026-06-26T07:28:58+02:00,[60],[342.451]
2026-06-26T07:28:57+02:00,[60],[342.526]
2026-06-26T07:28:56+02:00,[60],[342.612]
2026-06-26T07:28:55+02:00,[60],[342.462]
2026-06-26T07:28:54+02:00,[60],[342.539]
2026-06-26T07:28:53+02:00,[60],[342.526]
2026-06-21T04:53:31+02:00,[60],[15.5]
2026-06-21T04:53:29+02:00,[60],[0]
2026-06-21T04:53:28+02:00,[60],[0]
2026-06-21T04:53:27+02:00,[60],[0]
2026-06-21T04:53:26+02:00,[60],[0]
2026-06-21T04:53:25+02:00,[60],[0]
2026-06-21T04:53:24+02:00,[60],[0]
2026-06-21T04:53:23+02:00,[60],[0]
2026-06-21T04:53:22+02:00,[60],[0]
2026-06-21T04:53:21+02:00,[60],[0]
2026-06-21T04:53:20+02:00,[60],[0]
2026-06-21T04:53:19+02:00,[60],[0]
2026-06-21T04:53:18+02:00,[60],[0]
2026-06-21T04:53:17+02:00,[60],[0]
2026-06-21T04:53:16+02:00,[60],[0]
2026-06-21T04:53:15+02:00,[60],[0]
2026-06-21T04:53:14+02:00,[60],[0]
2026-06-21T04:53:13+02:00,[60],[0]
2026-06-21T04:53:12+02:00,[60],[0]
2026-06-21T04:53:11+02:00,[60],[0]
2026-06-21T04:53:10+02:00,[60],[0]
2026-06-21T04:53:09+02:00,[60],[0]
2026-06-21T04:53:08+02:00,[60],[0]
2026-06-21T04:53:07+02:00,[60],[0]
2026-06-21T04:53:06+02:00,[60],[0]
2026-06-21T04:53:05+02:00,[60],[0]
2026-06-21T04:53:03+02:00,[60],[10.242]
2026-06-21T04:53:02+02:00,[60],[10.251]
2026-06-21T04:53:01+02:00,[60],[9.832]
2026-06-21T04:53:00+02:00,[60],[9.832]
2026-06-21T04:52:59+02:00,[60],[9.84]
2026-06-21T04:52:58+02:00,[60],[10.045]
2026-06-21T04:52:57+02:00,[60],[9.989]
2026-06-21T04:52:56+02:00,[60],[10.111]
2026-06-21T04:52:55+02:00,[60],[9.98]
2026-06-21T04:52:54+02:00,[60],[9.925]
2026-06-21T04:52:53+02:00,[60],[10.432]
2026-06-21T04:52:52+02:00,[60],[9.96]
2026-06-21T04:52:51+02:00,[60],[10.16]
2026-06-21T04:52:50+02:00,[60],[10.706]
2026-06-21T04:52:49+02:00,[60],[11.371]
2026-06-21T04:52:48+02:00,[60],[11.534]
2026-06-21T04:52:47+02:00,[60],[11.079]
2026-06-21T04:52:46+02:00,[60],[10.357]
2026-06-21T04:52:45+02:00,[60],[9.871]
2026-06-21T04:52:44+02:00,[60],[10.062]
2026-06-21T04:52:43+02:00,[60],[10.322]
2026-06-21T04:52:42+02:00,[60],[10.083]
2026-06-21T04:52:41+02:00,[60],[9.86]
2026-06-21T04:52:40+02:00,[60],[9.9]
2026-06-21T04:52:39+02:00,[60],[9.813]
2026-06-21T04:52:38+02:00,[60],[9.772]
2026-06-21T04:52:37+02:00,[60],[9.755]
2026-06-21T04:52:36+02:00,[60],[9.952]
2026-06-21T04:52:35+02:00,[60],[9.915]
2026-06-21T04:52:34+02:00,[60],[9.832]
2026-06-21T04:52:33+02:00,[60],[10.038]
2026-06-21T04:52:32+02:00,[60],[10.139]
2026-06-21T04:52:31+02:00,[60],[9.907]
2026-06-21T04:52:30+02:00,[60],[9.993]
2026-06-21T04:52:29+02:00,[60],[10.564]
2026-06-21T04:52:28+02:00,[60],[10.489]
2026-06-21T04:52:27+02:00,[60],[10.336]
2026-06-21T04:52:26+02:00,[60],[10.622]
2026-06-21T04:52:25+02:00,[60],[10.797]
2026-06-21T04:52:24+02:00,[60],[10.753]
2026-06-21T04:52:23+02:00,[60],[10.984]
2026-06-21T04:52:22+02:00,[60],[10.546]
2026-06-21T04:52:21+02:00,[60],[10.865]
2026-06-21T04:52:20+02:00,[60],[10.988]
2026-06-21T04:52:19+02:00,[60],[10.744]
2026-06-21T04:52:18+02:00,[60],[10.915]
2026-06-21T04:52:17+02:00,[60],[11.037]
2026-06-21T04:52:16+02:00,[60],[11.021]
2026-06-21T04:52:15+02:00,[60],[11.255]
2026-06-21T04:52:14+02:00,[60],[11.157]
2026-06-21T04:52:13+02:00,[60],[10.841]
2026-06-21T04:52:12+02:00,[60],[10.985]
2026-06-21T04:52:11+02:00,[60],[11.214]
2026-06-21T04:52:10+02:00,[60],[11.061]
2026-06-21T04:52:09+02:00,[60],[11.079]
2026-06-21T04:52:08+02:00,[60],[11.048]
2026-06-21T04:52:07+02:00,[60],[10.915]
2026-06-21T04:52:06+02:00,[60],[10.978]
2026-06-21T04:52:05+02:00,[60],[10.561]
2026-06-21T04:52:04+02:00,[60],[10.457]
2026-06-21T04:52:03+02:00,[60],[10.608]
2026-06-21T04:52:02+02:00,[60],[10.809]
2026-06-21T04:52:01+02:00,[60],[10.393]
2026-06-21T04:52:00+02:00,[60],[10.28]
2026-06-21T04:51:59+02:00,[60],[10.449]
2026-06-21T04:51:58+02:00,[60],[9.726]
2026-06-21T04:51:57+02:00,[60],[9.875]
2026-06-21T04:51:56+02:00,[60],[10.381]
2026-06-21T04:51:55+02:00,[60],[9.907]
2026-06-21T04:51:54+02:00,[60],[9.826]
2026-06-21T04:51:53+02:00,[60],[9.886]
2026-06-21T04:51:52+02:00,[60],[9.892]
2026-06-21T04:51:51+02:00,[60],[9.696]
2026-06-21T04:51:50+02:00,[60],[9.959]
2026-06-21T04:51:49+02:00,[60],[9.921]
2026-06-21T04:51:48+02:00,[60],[8.912]
2026-06-21T04:51:47+02:00,[60],[8.941]
2026-06-21T04:51:46+02:00,[60],[8.954]
2026-06-21T04:51:45+02:00,[60],[8.929]
2026-06-21T04:51:44+02:00,[60],[9.116]
2026-06-21T04:51:43+02:00,[60],[9.374]
2026-06-21T04:51:42+02:00,[60],[9.617]
2026-06-21T04:51:41+02:00,[60],[9.617]
2026-06-21T04:51:40+02:00,[60],[9.728]
2026-06-21T04:51:39+02:00,[60],[9.84]
2026-06-21T04:51:38+02:00,[60],[9.633]
2026-06-21T04:51:37+02:00,[60],[9.677]
2026-06-21T04:51:36+02:00,[60],[9.963]
2026-06-21T04:51:35+02:00,[60],[9.843]
2026-06-21T04:51:34+02:00,[60],[9.685]
2026-06-21T04:51:33+02:00,[60],[9.379]
2026-06-21T04:51:32+02:00,[60],[9.435]
2026-06-21T04:51:31+02:00,[60],[9.41]
2026-06-21T04:51:30+02:00,[60],[9.423]
2026-06-21T04:51:29+02:00,[60],[9.209]
2026-06-21T04:51:28+02:00,[60],[9.366]
2026-06-21T04:51:27+02:00,[60],[9.466]
2026-06-21T04:51:26+02:00,[60],[9.555]
2026-06-21T04:51:25+02:00,[60],[9.664]
2026-06-21T04:51:24+02:00,[60],[9.855]
2026-06-21T04:51:23+02:00,[60],[10.032]
2026-06-21T04:51:22+02:00,[60],[9.994]
2026-06-21T04:51:21+02:00,[60],[9.932]
2026-06-21T04:51:20+02:00,[60],[9.768]
2026-06-21T04:51:19+02:00,[60],[9.874]
2026-06-21T04:51:18+02:00,[60],[10.304]
2026-06-21T04:51:17+02:00,[60],[10.264]
2026-06-21T04:51:16+02:00,[60],[10.308]
2026-06-21T04:51:15+02:00,[60],[10.502]
2026-06-21T04:51:14+02:00,[60],[10.056]
2026-06-21T04:51:13+02:00,[60],[9.719]
2026-06-21T04:51:12+02:00,[60],[9.652]
2026-06-21T04:51:11+02:00,[60],[9.567]
2026-06-21T04:51:10+02:00,[60],[9.707]
2026-06-21T04:51:09+02:00,[60],[9.595]
2026-06-21T04:51:08+02:00,[60],[9.641]
2026-06-21T04:51:07+02:00,[60],[9.635]
2026-06-21T04:51:06+02:00,[60],[9.716]
2026-06-21T04:51:05+02:00,[60],[10.053]
2026-06-21T04:51:04+02:00,[60],[9.966]
2026-06-21T04:51:03+02:00,[60],[9.87]
2026-06-21T04:51:02+02:00,[60],[9.932]
2026-06-21T04:51:01+02:00,[60],[9.929]
2026-06-21T04:51:00+02:00,[60],[10.025]
2026-06-21T04:50:59+02:00,[60],[9.83]
2026-06-21T04:50:58+02:00,[60],[9.454]
2026-06-21T04:50:57+02:00,[60],[9.869]
2026-06-21T04:50:56+02:00,[60],[9.552]
2026-06-21T04:50:55+02:00,[60],[9.514]
2026-06-21T04:50:54+02:00,[60],[9.62]
2026-06-21T04:50:53+02:00,[60],[9.492]
2026-06-21T04:50:52+02:00,[60],[9.242]
2026-06-21T04:50:51+02:00,[60],[10.321]
2026-06-21T04:50:50+02:00,[60],[10.366]
2026-06-21T04:50:49+02:00,[60],[10.931]
2026-06-21T04:50:48+02:00,[60],[10.943]
2026-06-21T04:50:47+02:00,[60],[10.689]
2026-06-21T04:50:46+02:00,[60],[10.433]
2026-06-21T04:50:45+02:00,[60],[10.149]
2026-06-21T04:50:44+02:00,[60],[10.243]
2026-06-21T04:50:43+02:00,[60],[10.248]
2026-06-21T04:50:42+02:00,[60],[10.214]
2026-06-21T04:50:41+02:00,[60],[10.02]
2026-06-21T04:50:40+02:00,[60],[10.084]
2026-06-21T04:50:39+02:00,[60],[9.838]
2026-06-21T04:50:38+02:00,[60],[10.035]
2026-06-21T04:50:37+02:00,[60],[9.87]
2026-06-21T04:50:36+02:00,[60],[9.797]
2026-06-21T04:50:35+02:00,[60],[9.555]
2026-06-21T04:50:34+02:00,[60],[9.728]
2026-06-21T04:50:33+02:00,[60],[10.144]
2026-06-21T04:50:32+02:00,[60],[9.852]
2026-06-21T04:50:31+02:00,[60],[10.311]
2026-06-21T04:50:30+02:00,[60],[10.406]
2026-06-21T04:50:29+02:00,[60],[10.527]
2026-06-21T04:50:28+02:00,[60],[9.854]
2026-06-21T04:50:27+02:00,[60],[10.137]
2026-06-21T04:50:26+02:00,[60],[10.333]
2026-06-21T04:50:25+02:00,[60],[10.252]
2026-06-21T04:50:24+02:00,[60],[10.032]
2026-06-21T04:50:23+02:00,[60],[10.089]
2026-06-21T04:50:22+02:00,[60],[10.726]
2026-06-21T04:50:21+02:00,[60],[10.763]
2026-06-21T04:50:20+02:00,[60],[10.552]
2026-06-21T04:50:19+02:00,[60],[10.456]
2026-06-21T04:50:18+02:00,[60],[9.869]
2026-06-21T04:50:17+02:00,[60],[10.022]
2026-06-21T04:50:16+02:00,[60],[10.087]
2026-06-21T04:50:15+02:00,[60],[10.471]
2026-06-21T04:50:14+02:00,[60],[10.44]
2026-06-21T04:50:13+02:00,[60],[10.33]
2026-06-21T04:50:12+02:00,[60],[10.435]
2026-06-21T04:50:11+02:00,[60],[10.551]
2026-06-21T04:50:10+02:00,[60],[10.505]
2026-06-21T04:50:09+02:00,[60],[10.637]
2026-06-21T04:50:08+02:00,[60],[10.282]
2026-06-21T04:50:07+02:00,[60],[10.236]
2026-06-21T04:50:06+02:00,[60],[10.385]
2026-06-21T04:50:05+02:00,[60],[10.465]
2026-06-21T04:50:04+02:00,[60],[10.3]
2026-06-21T04:50:03+02:00,[60],[10.898]
2026-06-21T04:50:02+02:00,[60],[11.011]
2026-06-21T04:50:01+02:00,[60],[10.835]
2026-06-21T04:50:00+02:00,[60],[10.824]
2026-06-21T04:49:59+02:00,[60],[10.795]
2026-06-21T04:49:58+02:00,[60],[10.968]
2026-06-21T04:49:57+02:00,[60],[10.709]
2026-06-21T04:49:56+02:00,[60],[10.783]
2026-06-21T04:49:55+02:00,[60],[11.076]
2026-06-21T04:49:54+02:00,[60],[11.42]
2026-06-21T04:49:53+02:00,[60],[11.495]
2026-06-21T04:49:52+02:00,[60],[11.674]
2026-06-21T04:49:51+02:00,[60],[11.757]
2026-06-21T04:49:50+02:00,[60],[11.733]
2026-06-21T04:49:49+02:00,[60],[11.781]
2026-06-21T04:49:48+02:00,[60],[12.002]
2026-06-21T04:49:47+02:00,[60],[11.093]
2026-06-21T04:49:46+02:00,[60],[10.864]
2026-06-21T04:49:45+02:00,[60],[10.593]
2026-06-21T04:49:44+02:00,[60],[10.435]
2026-06-21T04:49:43+02:00,[60],[10.309]
2026-06-21T04:49:42+02:00,[60],[9.957]
2026-06-21T04:49:41+02:00,[60],[9.859]
2026-06-21T04:49:40+02:00,[60],[9.854]
2026-06-21T04:49:39+02:00,[60],[9.974]
2026-06-21T04:49:38+02:00,[60],[9.948]
2026-06-21T04:49:37+02:00,[60],[10.223]
2026-06-21T04:49:36+02:00,[60],[10.31]
2026-06-21T04:49:35+02:00,[60],[10.605]
2026-06-21T04:49:34+02:00,[60],[10.603]
2026-06-21T04:49:33+02:00,[60],[10.801]
2026-06-21T04:49:32+02:00,[60],[10.866]
2026-06-21T04:49:31+02:00,[60],[10.837]
2026-06-21T04:49:30+02:00,[60],[10.954]
2026-06-21T04:49:29+02:00,[60],[10.914]
2026-06-21T04:49:28+02:00,[60],[10.538]
2026-06-21T04:49:27+02:00,[60],[10.164]
2026-06-21T04:49:26+02:00,[60],[9.972]
2026-06-21T04:49:25+02:00,[60],[10.383]
2026-06-21T04:49:24+02:00,[60],[10.219]
2026-06-21T04:49:23+02:00,[60],[10.439]
2026-06-21T04:49:22+02:00,[60],[10.374]
2026-06-21T04:49:21+02:00,[60],[10.66]
2026-06-21T04:49:20+02:00,[60],[10.673]
2026-06-21T04:49:18+02:00,[60],[10.913]
2026-06-21T04:49:17+02:00,[60],[10.924]
2026-06-21T04:49:16+02:00,[60],[11.206]
2026-06-21T04:49:15+02:00,[60],[10.889]
2026-06-21T04:49:14+02:00,[60],[10.926]
2026-06-21T04:49:13+02:00,[60],[11.142]
2026-06-21T04:49:12+02:00,[60],[11.118]
2026-06-21T04:49:11+02:00,[60],[11.299]
2026-06-21T04:49:10+02:00,[60],[11.109]
2026-06-21T04:49:09+02:00,[60],[11.263]
2026-06-21T04:49:08+02:00,[60],[11.249]
2026-06-21T04:49:07+02:00,[60],[11.112]
2026-06-21T04:49:06+02:00,[60],[11.137]
2026-06-21T04:49:05+02:00,[60],[11.011]
2026-06-21T04:49:04+02:00,[60],[10.993]
2026-06-21T04:49:03+02:00,[60],[11.034]
2026-06-21T04:49:02+02:00,[60],[11.203]
2026-06-21T04:49:01+02:00,[60],[11.216]
2026-06-21T04:49:00+02:00,[60],[11.108]
2026-06-21T04:48:59+02:00,[60],[11.182]
2026-06-21T04:48:58+02:00,[60],[11.421]
2026-06-21T04:48:57+02:00,[60],[11.775]
2026-06-21T04:48:56+02:00,[60],[11.587]
2026-06-21T04:48:55+02:00,[60],[11.79]
2026-06-21T04:48:54+02:00,[60],[12.122]
2026-06-21T04:48:53+02:00,[60],[11.936]
2026-06-21T04:48:52+02:00,[60],[11.783]
2026-06-21T04:48:51+02:00,[60],[12.23]
2026-06-21T04:48:50+02:00,[60],[12.136]
2026-06-21T04:48:49+02:00,[60],[11.605]
2026-06-21T04:48:48+02:00,[60],[11.68]
2026-06-21T04:48:47+02:00,[60],[11.461]
2026-06-21T04:48:46+02:00,[60],[11.464]
2026-06-21T04:48:45+02:00,[60],[11.845]
2026-06-21T04:48:44+02:00,[60],[12.072]
2026-06-21T04:48:43+02:00,[60],[11.937]
2026-06-21T04:48:42+02:00,[60],[12.1]
2026-06-21T04:48:41+02:00,[60],[11.492]
2026-06-21T04:48:40+02:00,[60],[10.783]
2026-06-21T04:48:39+02:00,[60],[11.27]
2026-06-21T04:48:38+02:00,[60],[11.898]
2026-06-21T04:48:37+02:00,[60],[11.442]
2026-06-21T04:48:36+02:00,[60],[11.304]
2026-06-21T04:48:35+02:00,[60],[11.173]
2026-06-21T04:48:34+02:00,[60],[11.272]
2026-06-21T04:48:33+02:00,[60],[10.989]
2026-06-21T04:48:32+02:00,[60],[11.351]
2026-06-21T04:48:31+02:00,[60],[11.337]
2026-06-21T04:48:30+02:00,[60],[11.353]
2026-06-21T04:48:29+02:00,[60],[11.334]
2026-06-21T04:48:28+02:00,[60],[11.218]
2026-06-21T04:48:27+02:00,[60],[11.083]
2026-06-21T04:48:26+02:00,[60],[11.224]
2026-06-21T04:48:25+02:00,[60],[11.154]
2026-06-21T04:48:24+02:00,[60],[11.203]
2026-06-21T04:48:23+02:00,[60],[11.506]
2026-06-21T04:48:22+02:00,[60],[11.111]
2026-06-21T04:48:21+02:00,[60],[10.997]
2026-06-21T04:48:20+02:00,[60],[10.932]
2026-06-21T04:48:19+02:00,[60],[11.03]
2026-06-21T04:48:18+02:00,[60],[11.022]
2026-06-21T04:48:17+02:00,[60],[11.479]
2026-06-21T04:48:16+02:00,[60],[11.323]
2026-06-21T04:48:15+02:00,[60],[11.144]
2026-06-21T04:48:14+02:00,[60],[11.175]
2026-06-21T04:48:13+02:00,[60],[11.078]
2026-06-21T04:48:12+02:00,[60],[11.281]
2026-06-21T04:48:11+02:00,[60],[10.932]
2026-06-21T04:48:10+02:00,[60],[10.723]
2026-06-21T04:48:09+02:00,[60],[10.117]
2026-06-21T04:48:08+02:00,[60],[10.034]
2026-06-21T04:48:07+02:00,[60],[10.397]
2026-06-21T04:48:06+02:00,[60],[10.526]
2026-06-21T04:48:05+02:00,[60],[10.097]
2026-06-21T04:48:04+02:00,[60],[9.917]
2026-06-21T04:48:03+02:00,[60],[10.265]
2026-06-21T04:48:02+02:00,[60],[9.522]
2026-06-21T04:48:01+02:00,[60],[9.585]
2026-06-21T04:48:00+02:00,[60],[9.501]
2026-06-21T04:47:59+02:00,[60],[10.021]
2026-06-21T04:47:58+02:00,[60],[10.461]
2026-06-21T04:47:57+02:00,[60],[10.206]
2026-06-21T04:47:56+02:00,[60],[10.234]
2026-06-21T04:47:55+02:00,[60],[10.078]
2026-06-21T04:47:54+02:00,[60],[10.238]
2026-06-21T04:47:53+02:00,[60],[10.58]
2026-06-21T04:47:52+02:00,[60],[10.443]
2026-06-21T04:47:51+02:00,[60],[10.362]
2026-06-21T04:47:50+02:00,[60],[11.394]
2026-06-21T04:47:49+02:00,[60],[11.146]
2026-06-21T04:47:48+02:00,[60],[10.651]
2026-06-21T04:47:47+02:00,[60],[10.691]
2026-06-21T04:47:46+02:00,[60],[11.048]
2026-06-21T04:47:45+02:00,[60],[11.245]
2026-06-21T04:47:44+02:00,[60],[11.128]
2026-06-21T04:47:43+02:00,[60],[11.075]
2026-06-21T04:47:42+02:00,[60],[11.154]
2026-06-21T04:47:41+02:00,[60],[11.056]
2026-06-21T04:47:40+02:00,[60],[10.842]
2026-06-21T04:47:39+02:00,[60],[10.751]
2026-06-21T04:47:38+02:00,[60],[10.463]
2026-06-21T04:47:37+02:00,[60],[10.602]
2026-06-21T04:47:36+02:00,[60],[10.513]
2026-06-21T04:47:35+02:00,[60],[10.955]
2026-06-21T04:47:34+02:00,[60],[11.308]
2026-06-21T04:47:33+02:00,[60],[11.404]
2026-06-21T04:47:32+02:00,[60],[11.457]
2026-06-21T04:47:31+02:00,[60],[11.534]
2026-06-21T04:47:30+02:00,[60],[11.529]
2026-06-21T04:47:29+02:00,[60],[11.644]
2026-06-21T04:47:28+02:00,[60],[11.689]
2026-06-21T04:47:27+02:00,[60],[11.415]
2026-06-21T04:47:26+02:00,[60],[11.227]
2026-06-21T04:47:25+02:00,[60],[11.073]
2026-06-21T04:47:24+02:00,[60],[11.068]
2026-06-21T04:47:23+02:00,[60],[11.066]
2026-06-21T04:47:22+02:00,[60],[11.311]
2026-06-21T04:47:21+02:00,[60],[11.335]
2026-06-21T04:47:20+02:00,[60],[11.502]
2026-06-21T04:47:19+02:00,[60],[11.912]
2026-06-21T04:47:18+02:00,[60],[11.868]
2026-06-21T04:47:17+02:00,[60],[11.868]
2026-06-21T04:47:16+02:00,[60],[11.864]
2026-06-21T04:47:15+02:00,[60],[12.049]
2026-06-21T04:47:14+02:00,[60],[12.112]
2026-06-21T04:47:13+02:00,[60],[12.401]
2026-06-21T04:47:12+02:00,[60],[12.424]
2026-06-21T04:47:11+02:00,[60],[11.988]
2026-06-21T04:47:10+02:00,[60],[11.825]
2026-06-21T04:47:09+02:00,[60],[12.052]
2026-06-21T04:47:08+02:00,[60],[11.935]
2026-06-21T04:47:07+02:00,[60],[11.589]
2026-06-21T04:47:06+02:00,[60],[11.587]
2026-06-21T04:47:05+02:00,[60],[11.325]
2026-06-21T04:47:04+02:00,[60],[11.348]
2026-06-21T04:47:03+02:00,[60],[11.453]
2026-06-21T04:47:02+02:00,[60],[11.361]
2026-06-21T04:47:01+02:00,[60],[11.54]
2026-06-21T04:47:00+02:00,[60],[11.311]
2026-06-21T04:46:59+02:00,[60],[11.147]
2026-06-21T04:46:58+02:00,[60],[11.068]
2026-06-21T04:46:57+02:00,[60],[11.377]
2026-06-21T04:46:56+02:00,[60],[11.54]
2026-06-21T04:46:55+02:00,[60],[11.976]
2026-06-21T04:46:54+02:00,[60],[11.919]
2026-06-21T04:46:53+02:00,[60],[12.29]
2026-06-21T04:46:52+02:00,[60],[12.47]
2026-06-21T04:46:51+02:00,[60],[11.98]
2026-06-21T04:46:50+02:00,[60],[11.575]
2026-06-21T04:46:49+02:00,[60],[11.483]
2026-06-21T04:46:48+02:00,[60],[11.532]
2026-06-21T04:46:47+02:00,[60],[11.7]
2026-06-21T04:46:46+02:00,[60],[11.343]
2026-06-21T04:46:45+02:00,[60],[11.423]
2026-06-21T04:46:44+02:00,[60],[11.411]
2026-06-21T04:46:43+02:00,[60],[11.006]
2026-06-21T04:46:42+02:00,[60],[10.932]
2026-06-21T04:46:41+02:00,[60],[10.942]
2026-06-21T04:46:40+02:00,[60],[10.952]
2026-06-21T04:46:39+02:00,[60],[11.311]
2026-06-21T04:46:38+02:00,[60],[10.81]
2026-06-21T04:46:37+02:00,[60],[10.735]
2026-06-21T04:46:36+02:00,[60],[10.684]
2026-06-21T04:46:35+02:00,[60],[10.822]
2026-06-21T04:46:34+02:00,[60],[10.447]
2026-06-21T04:46:33+02:00,[60],[10.403]
2026-06-21T04:46:32+02:00,[60],[10.239]
2026-06-21T04:46:31+02:00,[60],[9.93]
2026-06-21T04:46:30+02:00,[60],[9.804]
2026-06-21T04:46:29+02:00,[60],[9.617]
2026-06-21T04:46:28+02:00,[60],[9.778]
2026-06-21T04:46:27+02:00,[60],[9.588]
2026-06-21T04:46:26+02:00,[60],[10.177]
2026-06-21T04:46:25+02:00,[60],[10.535]
2026-06-21T04:46:24+02:00,[60],[10.884]
2026-06-21T04:46:22+02:00,[60],[10.838]
2026-06-21T04:46:21+02:00,[60],[10.968]
2026-06-21T04:46:20+02:00,[60],[10.695]
2026-06-21T04:46:19+02:00,[60],[9.859]
2026-06-21T04:46:18+02:00,[60],[9.924]
2026-06-21T04:46:17+02:00,[60],[9.995]
2026-06-21T04:46:16+02:00,[60],[9.982]
2026-06-21T04:46:15+02:00,[60],[9.966]
2026-06-21T04:46:14+02:00,[60],[10.497]
2026-06-21T04:46:13+02:00,[60],[10.304]
2026-06-21T04:46:12+02:00,[60],[10.306]
2026-06-21T04:46:11+02:00,[60],[10.313]
2026-06-21T04:46:10+02:00,[60],[10.249]
2026-06-21T04:46:09+02:00,[60],[10.135]
2026-06-21T04:46:08+02:00,[60],[10.088]
2026-06-21T04:46:07+02:00,[60],[9.887]
2026-06-21T04:46:06+02:00,[60],[9.964]
2026-06-21T04:46:05+02:00,[60],[10.012]
2026-06-21T04:46:04+02:00,[60],[9.912]
2026-06-21T04:46:03+02:00,[60],[9.956]
2026-06-21T04:46:02+02:00,[60],[9.938]
2026-06-21T04:46:01+02:00,[60],[9.907]
2026-06-21T04:46:00+02:00,[60],[9.568]
2026-06-21T04:45:59+02:00,[60],[9.644]
2026-06-21T04:45:58+02:00,[60],[9.734]
2026-06-21T04:45:57+02:00,[60],[10.139]
2026-06-21T04:45:56+02:00,[60],[9.943]
2026-06-21T04:45:55+02:00,[60],[9.716]
2026-06-21T04:45:54+02:00,[60],[9.548]
2026-06-21T04:45:53+02:00,[60],[9.545]
2026-06-21T04:45:52+02:00,[60],[10.055]
2026-06-21T04:45:51+02:00,[60],[9.955]
2026-06-21T04:45:50+02:00,[60],[9.771]
2026-06-21T04:45:49+02:00,[60],[9.747]
2026-06-21T04:45:48+02:00,[60],[10.477]
2026-06-21T04:45:47+02:00,[60],[10.628]
2026-06-21T04:45:46+02:00,[60],[10.767]
2026-06-21T04:45:45+02:00,[60],[10.791]
2026-06-21T04:45:44+02:00,[60],[10.968]
2026-06-21T04:45:43+02:00,[60],[10.969]
2026-06-21T04:45:42+02:00,[60],[10.962]
2026-06-21T04:45:41+02:00,[60],[10.943]
2026-06-21T04:45:40+02:00,[60],[10.98]
2026-06-21T04:45:39+02:00,[60],[10.989]
2026-06-21T04:45:38+02:00,[60],[10.924]
2026-06-21T04:45:37+02:00,[60],[10.85]
2026-06-21T04:45:36+02:00,[60],[10.882]
2026-06-21T04:45:35+02:00,[60],[11.274]
2026-06-21T04:45:34+02:00,[60],[11.038]
2026-06-21T04:45:33+02:00,[60],[11.011]
2026-06-21T04:45:32+02:00,[60],[11.077]
2026-06-21T04:45:31+02:00,[60],[11.308]
2026-06-21T04:45:30+02:00,[60],[11.419]
2026-06-21T04:45:29+02:00,[60],[11.379]
2026-06-21T04:45:28+02:00,[60],[11.115]
2026-06-21T04:45:27+02:00,[60],[10.843]
2026-06-21T04:45:26+02:00,[60],[11.222]
2026-06-21T04:45:25+02:00,[60],[11.598]
2026-06-21T04:45:24+02:00,[60],[11.581]
2026-06-21T04:45:23+02:00,[60],[11.691]
2026-06-21T04:45:22+02:00,[60],[11.869]
2026-06-21T04:45:21+02:00,[60],[12.05]
2026-06-21T04:45:20+02:00,[60],[11.721]
2026-06-21T04:45:19+02:00,[60],[11.23]
2026-06-21T04:45:18+02:00,[60],[11.095]
2026-06-21T04:45:17+02:00,[60],[11.019]
2026-06-21T04:45:16+02:00,[60],[10.981]
2026-06-21T04:45:15+02:00,[60],[10.786]
2026-06-21T04:45:14+02:00,[60],[10.877]
2026-06-21T04:45:13+02:00,[60],[10.82]
2026-06-21T04:45:12+02:00,[60],[10.732]
2026-06-21T04:45:11+02:00,[60],[10.59]
2026-06-21T04:45:10+02:00,[60],[10.55]
2026-06-21T04:45:09+02:00,[60],[10.27]
2026-06-21T04:45:08+02:00,[60],[10.561]
2026-06-21T04:45:07+02:00,[60],[10.057]
2026-06-21T04:45:06+02:00,[60],[10.248]
2026-06-21T04:45:05+02:00,[60],[10.204]
2026-06-21T04:45:04+02:00,[60],[10.243]
2026-06-21T04:45:03+02:00,[60],[10.129]
2026-06-21T04:45:02+02:00,[60],[10.466]
2026-06-21T04:45:01+02:00,[60],[10.313]
2026-06-21T04:45:00+02:00,[60],[10.703]
2026-06-21T04:44:59+02:00,[60],[10.816]
2026-06-21T04:44:58+02:00,[60],[10.867]
2026-06-21T04:44:57+02:00,[60],[11.177]
2026-06-21T04:44:56+02:00,[60],[11.17]
2026-06-21T04:44:55+02:00,[60],[10.988]
2026-06-21T04:44:54+02:00,[60],[11.011]
2026-06-21T04:44:53+02:00,[60],[10.911]
2026-06-21T04:44:52+02:00,[60],[11.144]
2026-06-21T04:44:51+02:00,[60],[11.052]
2026-06-21T04:44:50+02:00,[60],[11.159]
2026-06-21T04:44:49+02:00,[60],[10.719]
2026-06-21T04:44:48+02:00,[60],[10.232]
2026-06-21T04:44:47+02:00,[60],[10.065]
2026-06-21T04:44:46+02:00,[60],[10.12]
2026-06-21T04:44:45+02:00,[60],[10.206]
2026-06-21T04:44:44+02:00,[60],[10.09]
2026-06-21T04:44:43+02:00,[60],[10.326]
2026-06-21T04:44:42+02:00,[60],[9.953]
2026-06-21T04:44:41+02:00,[60],[9.988]
2026-06-21T04:44:40+02:00,[60],[10.038]
2026-06-21T04:44:39+02:00,[60],[10.308]
2026-06-21T04:44:38+02:00,[60],[9.974]
2026-06-21T04:44:37+02:00,[60],[10.067]
2026-06-21T04:44:36+02:00,[60],[9.814]
2026-06-21T04:44:35+02:00,[60],[9.882]
2026-06-21T04:44:34+02:00,[60],[10.041]
2026-06-21T04:44:33+02:00,[60],[9.966]
2026-06-21T04:44:32+02:00,[60],[10.213]
2026-06-21T04:44:31+02:00,[60],[10.152]
2026-06-21T04:44:30+02:00,[60],[9.78]
2026-06-21T04:44:29+02:00,[60],[9.609]
2026-06-21T04:44:28+02:00,[60],[9.786]
2026-06-21T04:44:27+02:00,[60],[10.065]
2026-06-21T04:44:26+02:00,[60],[10.31]
2026-06-21T04:44:25+02:00,[60],[10.238]
2026-06-21T04:44:24+02:00,[60],[10.312]
2026-06-21T04:44:23+02:00,[60],[10.302]
2026-06-21T04:44:22+02:00,[60],[10.244]
2026-06-21T04:44:21+02:00,[60],[10.259]
2026-06-21T04:44:20+02:00,[60],[10.115]
2026-06-21T04:44:19+02:00,[60],[10.409]
2026-06-21T04:44:18+02:00,[60],[10.481]
2026-06-21T04:44:17+02:00,[60],[10.439]
2026-06-21T04:44:16+02:00,[60],[10.48]
2026-06-21T04:44:15+02:00,[60],[10.416]
2026-06-21T04:44:14+02:00,[60],[10.205]
2026-06-21T04:44:13+02:00,[60],[10.341]
2026-06-21T04:44:12+02:00,[60],[10.357]
2026-06-21T04:44:11+02:00,[60],[10.199]
2026-06-21T04:44:10+02:00,[60],[10.159]
2026-06-21T04:44:09+02:00,[60],[10.219]
2026-06-21T04:44:08+02:00,[60],[10.297]
2026-06-21T04:44:07+02:00,[60],[10.26]
2026-06-21T04:44:06+02:00,[60],[10.242]
2026-06-21T04:44:05+02:00,[60],[10.123]
2026-06-21T04:44:04+02:00,[60],[10.249]
2026-06-21T04:44:03+02:00,[60],[10.089]
2026-06-21T04:44:02+02:00,[60],[10.171]
2026-06-21T04:44:01+02:00,[60],[9.994]
2026-06-21T04:43:59+02:00,[60],[10.317]
2026-06-21T04:43:58+02:00,[60],[9.941]
2026-06-21T04:43:57+02:00,[60],[10.145]
2026-06-21T04:43:56+02:00,[60],[10.225]
2026-06-21T04:43:55+02:00,[60],[10.108]
2026-06-21T04:43:54+02:00,[60],[10.167]
2026-06-21T04:43:53+02:00,[60],[10.283]
2026-06-21T04:43:52+02:00,[60],[10.289]
2026-06-21T04:43:51+02:00,[60],[10.152]
2026-06-21T04:43:50+02:00,[60],[10.202]
2026-06-21T04:43:49+02:00,[60],[10.302]
2026-06-21T04:43:48+02:00,[60],[10.247]
2026-06-21T04:43:47+02:00,[60],[10.161]
2026-06-21T04:43:46+02:00,[60],[10.107]
2026-06-21T04:43:45+02:00,[60],[10.031]
2026-06-21T04:43:44+02:00,[60],[9.939]
2026-06-21T04:43:43+02:00,[60],[10.067]
2026-06-21T04:43:42+02:00,[60],[10.159]
2026-06-21T04:43:41+02:00,[60],[10.157]
2026-06-21T04:43:40+02:00,[60],[10.188]
2026-06-21T04:43:39+02:00,[60],[10.185]
2026-06-21T04:43:38+02:00,[60],[10.265]
2026-06-21T04:43:37+02:00,[60],[10.358]
2026-06-21T04:43:36+02:00,[60],[10.45]
2026-06-21T04:43:35+02:00,[60],[10.356]
2026-06-21T04:43:34+02:00,[60],[10.241]
2026-06-21T04:43:33+02:00,[60],[10.062]
2026-06-21T04:43:32+02:00,[60],[9.834]
2026-06-21T04:43:31+02:00,[60],[10.117]
2026-06-21T04:43:30+02:00,[60],[10.106]
2026-06-21T04:43:29+02:00,[60],[10.248]
2026-06-21T04:43:28+02:00,[60],[9.905]
2026-06-21T04:43:27+02:00,[60],[9.803]
2026-06-21T04:43:26+02:00,[60],[10.152]
2026-06-21T04:43:25+02:00,[60],[10.257]
2026-06-21T04:43:24+02:00,[60],[10.321]
2026-06-21T04:43:23+02:00,[60],[10.32]
2026-06-21T04:43:22+02:00,[60],[10.217]
2026-06-21T04:43:21+02:00,[60],[10.216]
2026-06-21T04:43:20+02:00,[60],[10.417]
2026-06-21T04:43:19+02:00,[60],[10.152]
2026-06-21T04:43:18+02:00,[60],[10.23]
2026-06-21T04:43:17+02:00,[60],[10.471]
2026-06-21T04:43:16+02:00,[60],[10.468]
2026-06-21T04:43:15+02:00,[60],[10.571]
2026-06-21T04:43:14+02:00,[60],[10.644]
2026-06-21T04:43:13+02:00,[60],[10.733]
2026-06-21T04:43:12+02:00,[60],[10.923]
2026-06-21T04:43:11+02:00,[60],[11.09]
2026-06-21T04:43:10+02:00,[60],[11.511]
2026-06-21T04:43:09+02:00,[60],[11.367]
2026-06-21T04:43:08+02:00,[60],[11.214]
2026-06-21T04:43:07+02:00,[60],[11.61]
2026-06-21T04:43:06+02:00,[60],[11.549]
2026-06-21T04:43:05+02:00,[60],[11.184]
2026-06-21T04:43:04+02:00,[60],[11.196]
2026-06-21T04:43:03+02:00,[60],[11.393]
2026-06-21T04:43:02+02:00,[60],[11.28]
2026-06-21T04:43:01+02:00,[60],[11.2]
2026-06-21T04:43:00+02:00,[60],[11.47]
2026-06-21T04:42:59+02:00,[60],[11.592]
2026-06-21T04:42:58+02:00,[60],[11.384]
2026-06-21T04:42:57+02:00,[60],[11.333]
2026-06-21T04:42:56+02:00,[60],[11.492]
2026-06-21T04:42:55+02:00,[60],[11.333]
2026-06-21T04:42:54+02:00,[60],[11.619]
2026-06-21T04:42:53+02:00,[60],[11.235]
2026-06-21T04:42:52+02:00,[60],[11.366]
2026-06-21T04:42:51+02:00,[60],[10.947]
2026-06-21T04:42:50+02:00,[60],[10.902]
2026-06-21T04:42:49+02:00,[60],[11.058]
2026-06-21T04:42:48+02:00,[60],[11.202]
2026-06-21T04:42:47+02:00,[60],[11.664]
2026-06-21T04:42:46+02:00,[60],[11.833]
2026-06-21T04:42:45+02:00,[60],[11.841]
2026-06-21T04:42:44+02:00,[60],[11.892]
2026-06-21T04:42:43+02:00,[60],[11.827]
2026-06-21T04:42:42+02:00,[60],[11.917]
2026-06-21T04:42:41+02:00,[60],[12.037]
2026-06-21T04:42:40+02:00,[60],[12.287]
2026-06-21T04:42:39+02:00,[60],[12.168]
2026-06-21T04:42:38+02:00,[60],[12.28]
2026-06-21T04:42:37+02:00,[60],[12.475]
2026-06-21T04:42:36+02:00,[60],[12.568]
2026-06-21T04:42:35+02:00,[60],[12.675]
2026-06-21T04:42:34+02:00,[60],[12.231]
2026-06-21T04:42:33+02:00,[60],[12.338]
2026-06-21T04:42:32+02:00,[60],[12.433]
2026-06-21T04:42:31+02:00,[60],[12.184]
2026-06-21T04:42:30+02:00,[60],[12.387]
2026-06-21T04:42:29+02:00,[60],[12.455]
2026-06-21T04:42:28+02:00,[60],[12.283]
2026-06-21T04:42:27+02:00,[60],[12.11]
2026-06-21T04:42:26+02:00,[60],[12.249]
2026-06-21T04:42:25+02:00,[60],[12.247]
2026-06-21T04:42:24+02:00,[60],[12.299]
2026-06-21T04:42:23+02:00,[60],[12.21]
2026-06-21T04:42:22+02:00,[60],[12.237]
2026-06-21T04:42:21+02:00,[60],[12.125]
2026-06-21T04:42:20+02:00,[60],[12.227]
2026-06-21T04:42:19+02:00,[60],[12.168]
2026-06-21T04:42:18+02:00,[60],[11.976]
2026-06-21T04:42:17+02:00,[60],[11.894]
2026-06-21T04:42:16+02:00,[60],[11.787]
2026-06-21T04:42:15+02:00,[60],[11.972]
2026-06-21T04:42:14+02:00,[60],[11.845]
2026-06-21T04:42:13+02:00,[60],[11.991]
2026-06-21T04:42:12+02:00,[60],[11.913]
2026-06-21T04:42:11+02:00,[60],[11.921]
2026-06-21T04:42:10+02:00,[60],[12.27]
2026-06-21T04:42:09+02:00,[60],[12.049]
2026-06-21T04:42:08+02:00,[60],[11.955]
2026-06-21T04:42:07+02:00,[60],[11.978]
2026-06-21T04:42:06+02:00,[60],[11.935]
2026-06-21T04:42:05+02:00,[60],[12.004]
2026-06-21T04:42:04+02:00,[60],[12.921]
2026-06-21T04:42:03+02:00,[60],[13.015]
2026-06-21T04:42:02+02:00,[60],[12.993]
2026-06-21T04:42:01+02:00,[60],[12.845]
2026-06-21T04:42:00+02:00,[60],[12.763]
2026-06-21T04:41:59+02:00,[60],[12.786]
2026-06-21T04:41:58+02:00,[60],[12.654]
2026-06-21T04:41:57+02:00,[60],[12.122]
2026-06-21T04:41:56+02:00,[60],[12.216]
2026-06-21T04:41:55+02:00,[60],[11.884]
2026-06-21T04:41:54+02:00,[60],[11.24]
2026-06-21T04:41:53+02:00,[60],[12.233]
2026-06-21T04:41:52+02:00,[60],[12.436]
2026-06-21T04:41:51+02:00,[60],[12.368]
2026-06-21T04:41:50+02:00,[60],[12.533]
2026-06-21T04:41:49+02:00,[60],[11.942]
2026-06-21T04:41:48+02:00,[60],[11.461]
2026-06-21T04:41:47+02:00,[60],[11.072]
2026-06-21T04:41:46+02:00,[60],[11.087]
2026-06-21T04:41:45+02:00,[60],[11.371]
2026-06-21T04:41:44+02:00,[60],[11.427]
2026-06-21T04:41:43+02:00,[60],[11.137]
2026-06-21T04:41:42+02:00,[60],[11.12]
2026-06-21T04:41:41+02:00,[60],[10.902]
2026-06-21T04:41:40+02:00,[60],[10.567]
2026-06-21T04:41:39+02:00,[60],[10.624]
2026-06-21T04:41:38+02:00,[60],[10.732]
2026-06-21T04:41:37+02:00,[60],[10.65]
2026-06-21T04:41:36+02:00,[60],[10.595]
2026-06-21T04:41:35+02:00,[60],[10.481]
2026-06-21T04:41:34+02:00,[60],[10.405]
2026-06-21T04:41:33+02:00,[60],[10.525]
2026-06-21T04:41:32+02:00,[60],[10.46]
2026-06-21T04:41:31+02:00,[60],[10.76]
2026-06-21T04:41:30+02:00,[60],[10.868]
2026-06-21T04:41:29+02:00,[60],[10.5]
2026-06-21T04:41:28+02:00,[60],[10.511]
2026-06-21T04:41:27+02:00,[60],[10.37]
2026-06-21T04:41:26+02:00,[60],[10.294]
2026-06-21T04:41:24+02:00,[60],[10.295]
2026-06-21T04:41:23+02:00,[60],[10.092]
2026-06-21T04:41:22+02:00,[60],[10.123]
2026-06-21T04:41:21+02:00,[60],[10.346]
2026-06-21T04:41:20+02:00,[60],[10.478]
2026-06-21T04:41:19+02:00,[60],[10.489]
2026-06-21T04:41:18+02:00,[60],[10.454]
2026-06-21T04:41:17+02:00,[60],[10.773]
2026-06-21T04:41:16+02:00,[60],[10.81]
2026-06-21T04:41:15+02:00,[60],[10.562]
2026-06-21T04:41:14+02:00,[60],[10.434]
2026-06-21T04:41:13+02:00,[60],[10.426]
2026-06-21T04:41:12+02:00,[60],[10.45]
2026-06-21T04:41:11+02:00,[60],[10.278]
2026-06-21T04:41:10+02:00,[60],[10.387]
2026-06-21T04:41:09+02:00,[60],[10.711]
2026-06-21T04:41:08+02:00,[60],[10.867]
2026-06-21T04:41:07+02:00,[60],[10.692]
2026-06-21T04:41:06+02:00,[60],[10.62]
2026-06-21T04:41:05+02:00,[60],[10.704]
2026-06-21T04:41:04+02:00,[60],[10.589]
2026-06-21T04:41:03+02:00,[60],[10.565]
2026-06-21T04:41:02+02:00,[60],[10.664]
2026-06-21T04:41:01+02:00,[60],[10.68]
2026-06-21T04:41:00+02:00,[60],[10.734]
2026-06-21T04:40:59+02:00,[60],[10.934]
2026-06-21T04:40:58+02:00,[60],[10.93]
2026-06-21T04:40:57+02:00,[60],[10.713]
2026-06-21T04:40:56+02:00,[60],[10.915]
2026-06-21T04:40:55+02:00,[60],[10.809]
2026-06-21T04:40:54+02:00,[60],[10.798]
2026-06-21T04:40:53+02:00,[60],[10.824]
2026-06-21T04:40:52+02:00,[60],[10.615]
2026-06-21T04:40:51+02:00,[60],[10.751]
2026-06-21T04:40:50+02:00,[60],[10.626]
2026-06-21T04:40:49+02:00,[60],[10.61]
2026-06-21T04:40:48+02:00,[60],[10.697]
2026-06-21T04:40:47+02:00,[60],[10.527]
2026-06-21T04:40:46+02:00,[60],[10.57]
2026-06-21T04:40:45+02:00,[60],[10.382]
2026-06-21T04:40:44+02:00,[60],[10.793]
2026-06-21T04:40:43+02:00,[60],[10.497]
2026-06-21T04:40:42+02:00,[60],[10.455]
2026-06-21T04:40:41+02:00,[60],[10.564]
2026-06-21T04:40:40+02:00,[60],[10.516]
2026-06-21T04:40:39+02:00,[60],[10.562]
2026-06-21T04:40:38+02:00,[60],[10.548]
2026-06-21T04:40:37+02:00,[60],[10.38]
2026-06-21T04:40:36+02:00,[60],[10.523]
2026-06-21T04:40:35+02:00,[60],[10.406]
2026-06-21T04:40:34+02:00,[60],[10.289]
2026-06-21T04:40:33+02:00,[60],[10.4]
2026-06-21T04:40:32+02:00,[60],[10.454]
2026-06-21T04:40:31+02:00,[60],[10.938]
2026-06-21T04:40:30+02:00,[60],[10.992]
2026-06-21T04:40:29+02:00,[60],[11.005]
2026-06-21T04:40:28+02:00,[60],[11.165]
2026-06-21T04:40:27+02:00,[60],[11.139]
2026-06-21T04:40:26+02:00,[60],[11.496]
2026-06-21T04:40:25+02:00,[60],[11.502]
2026-06-21T04:40:24+02:00,[60],[11.624]
2026-06-21T04:40:23+02:00,[60],[11.364]
2026-06-21T04:40:22+02:00,[60],[11.406]
2026-06-21T04:40:21+02:00,[60],[11.165]
2026-06-21T04:40:20+02:00,[60],[11.037]
2026-06-21T04:40:19+02:00,[60],[11.068]
2026-06-21T04:40:18+02:00,[60],[11.164]
2026-06-21T04:40:17+02:00,[60],[11.245]
2026-06-21T04:40:16+02:00,[60],[11.252]
2026-06-21T04:40:15+02:00,[60],[11.627]
2026-06-21T04:40:14+02:00,[60],[11.734]
2026-06-21T04:40:13+02:00,[60],[11.794]
2026-06-21T04:40:12+02:00,[60],[11.64]
2026-06-21T04:40:11+02:00,[60],[11.269]
2026-06-21T04:40:10+02:00,[60],[11.702]
2026-06-21T04:40:09+02:00,[60],[11.828]
2026-06-21T04:40:08+02:00,[60],[11.879]
2026-06-21T04:40:07+02:00,[60],[12.025]
2026-06-21T04:40:06+02:00,[60],[12.09]
2026-06-21T04:40:05+02:00,[60],[11.962]
2026-06-21T04:40:04+02:00,[60],[11.909]
2026-06-21T04:40:03+02:00,[60],[11.956]
2026-06-21T04:40:02+02:00,[60],[11.777]
2026-06-21T04:40:01+02:00,[60],[11.516]
2026-06-21T04:40:00+02:00,[60],[11.393]
2026-06-21T04:39:59+02:00,[60],[11.651]
2026-06-21T04:39:58+02:00,[60],[12.049]
2026-06-21T04:39:57+02:00,[60],[12.048]
2026-06-21T04:39:56+02:00,[60],[11.87]
2026-06-21T04:39:55+02:00,[60],[11.758]
2026-06-21T04:39:54+02:00,[60],[11.532]
2026-06-21T04:39:53+02:00,[60],[11.575]
2026-06-21T04:39:52+02:00,[60],[11.633]
2026-06-21T04:39:51+02:00,[60],[11.692]
2026-06-21T04:39:50+02:00,[60],[11.658]
2026-06-21T04:39:49+02:00,[60],[11.74]
2026-06-21T04:39:48+02:00,[60],[11.688]
2026-06-21T04:39:47+02:00,[60],[11.522]
2026-06-21T04:39:46+02:00,[60],[11.673]
2026-06-21T04:39:45+02:00,[60],[11.551]
2026-06-21T04:39:44+02:00,[60],[11.514]
2026-06-21T04:39:43+02:00,[60],[11.783]
2026-06-21T04:39:42+02:00,[60],[12.243]
2026-06-21T04:39:41+02:00,[60],[11.916]
2026-06-21T04:39:40+02:00,[60],[11.699]
2026-06-21T04:39:39+02:00,[60],[11.282]
2026-06-21T04:39:38+02:00,[60],[11.527]
2026-06-21T04:39:37+02:00,[60],[11.522]
2026-06-21T04:39:36+02:00,[60],[11.423]
2026-06-21T04:39:35+02:00,[60],[11.543]
2026-06-21T04:39:34+02:00,[60],[11.509]
2026-06-21T04:39:33+02:00,[60],[11.801]
2026-06-21T04:39:32+02:00,[60],[12.083]
2026-06-21T04:39:31+02:00,[60],[11.989]
2026-06-21T04:39:30+02:00,[60],[11.908]
2026-06-21T04:39:29+02:00,[60],[11.996]
2026-06-21T04:39:28+02:00,[60],[12.293]
2026-06-21T04:39:27+02:00,[60],[12.517]
2026-06-21T04:39:26+02:00,[60],[12.313]
2026-06-21T04:39:25+02:00,[60],[12.186]
2026-06-21T04:39:24+02:00,[60],[11.978]
2026-06-21T04:39:23+02:00,[60],[12.366]
2026-06-21T04:39:22+02:00,[60],[12.317]
2026-06-21T04:39:21+02:00,[60],[11.92]
2026-06-21T04:39:20+02:00,[60],[11.7]
2026-06-21T04:39:19+02:00,[60],[11.46]
2026-06-21T04:39:18+02:00,[60],[11.206]
2026-06-21T04:39:17+02:00,[60],[11.192]
2026-06-21T04:39:16+02:00,[60],[11.266]
2026-06-21T04:39:15+02:00,[60],[11.577]
2026-06-21T04:39:14+02:00,[60],[11.88]
2026-06-21T04:39:13+02:00,[60],[11.684]
2026-06-21T04:39:12+02:00,[60],[11.357]
2026-06-21T04:39:11+02:00,[60],[11.338]
2026-06-21T04:39:10+02:00,[60],[11.333]
2026-06-21T04:39:09+02:00,[60],[11.412]
2026-06-21T04:39:08+02:00,[60],[11.445]
2026-06-21T04:39:07+02:00,[60],[11.088]
2026-06-21T04:39:06+02:00,[60],[11.066]
2026-06-21T04:39:05+02:00,[60],[11.104]
2026-06-21T04:39:04+02:00,[60],[10.954]
2026-06-21T04:39:03+02:00,[60],[11.186]
2026-06-21T04:39:02+02:00,[60],[11.176]
2026-06-21T04:39:01+02:00,[60],[11.179]
2026-06-21T04:39:00+02:00,[60],[11.297]
2026-06-21T04:38:59+02:00,[60],[11.103]
2026-06-21T04:38:58+02:00,[60],[11.232]
2026-06-21T04:38:57+02:00,[60],[11.241]
2026-06-21T04:38:56+02:00,[60],[11.177]
2026-06-21T04:38:55+02:00,[60],[11.356]
2026-06-21T04:38:54+02:00,[60],[11.053]
2026-06-21T04:38:53+02:00,[60],[10.825]
2026-06-21T04:38:52+02:00,[60],[10.929]
2026-06-21T04:38:51+02:00,[60],[10.942]
2026-06-21T04:38:50+02:00,[60],[11.161]
2026-06-21T04:38:49+02:00,[60],[11.181]
2026-06-21T04:38:48+02:00,[60],[10.982]
2026-06-21T04:38:47+02:00,[60],[10.936]
2026-06-21T04:38:46+02:00,[60],[10.84]
2026-06-21T04:38:45+02:00,[60],[10.947]
2026-06-21T04:38:44+02:00,[60],[10.806]
2026-06-21T04:38:43+02:00,[60],[10.859]
2026-06-21T04:38:42+02:00,[60],[10.951]
2026-06-21T04:38:41+02:00,[60],[11.032]
2026-06-21T04:38:40+02:00,[60],[11.051]
2026-06-21T04:38:39+02:00,[60],[11.111]
2026-06-21T04:38:38+02:00,[60],[11.027]
2026-06-21T04:38:37+02:00,[60],[11.15]
2026-06-21T04:38:36+02:00,[60],[11.147]
2026-06-21T04:38:35+02:00,[60],[11.135]
2026-06-21T04:38:34+02:00,[60],[11.105]
2026-06-21T04:38:33+02:00,[60],[11.114]
2026-06-21T04:38:32+02:00,[60],[11.119]
2026-06-21T04:38:31+02:00,[60],[11.154]
2026-06-21T04:38:30+02:00,[60],[11.088]
2026-06-21T04:38:29+02:00,[60],[11.18]
2026-06-21T04:38:28+02:00,[60],[11.18]
2026-06-21T04:38:27+02:00,[60],[11.18]
2026-06-21T04:38:26+02:00,[60],[11.18]
2026-06-21T04:38:25+02:00,[60],[11.174]
2026-06-21T04:38:24+02:00,[60],[11.177]
2026-06-21T04:38:23+02:00,[60],[10.771]
2026-06-21T04:38:22+02:00,[60],[10.945]
2026-06-21T04:38:21+02:00,[60],[11.032]
2026-06-21T04:38:20+02:00,[60],[11.042]
2026-06-21T04:38:19+02:00,[60],[11.126]
2026-06-21T04:38:18+02:00,[60],[11.277]
2026-06-21T04:38:17+02:00,[60],[11.299]
2026-06-21T04:38:16+02:00,[60],[11.278]
2026-06-21T04:38:15+02:00,[60],[11.177]
2026-06-21T04:38:14+02:00,[60],[11.095]
2026-06-21T04:38:13+02:00,[60],[10.843]
2026-06-21T04:38:12+02:00,[60],[11.186]
2026-06-21T04:38:11+02:00,[60],[11.199]
2026-06-21T04:38:10+02:00,[60],[11.46]
2026-06-21T04:38:09+02:00,[60],[11.196]
2026-06-21T04:38:08+02:00,[60],[11.205]
2026-06-21T04:38:07+02:00,[60],[10.898]
2026-06-21T04:38:06+02:00,[60],[10.646]
2026-06-21T04:38:05+02:00,[60],[10.852]
2026-06-21T04:38:04+02:00,[60],[10.983]
2026-06-21T04:38:03+02:00,[60],[10.9]
2026-06-21T04:38:02+02:00,[60],[11.012]
2026-06-21T04:38:01+02:00,[60],[11.134]
2026-06-21T04:38:00+02:00,[60],[11.237]
2026-06-21T04:37:59+02:00,[60],[11.242]
2026-06-21T04:37:58+02:00,[60],[11.23]
2026-06-21T04:37:57+02:00,[60],[11.02]
2026-06-21T04:37:56+02:00,[60],[10.718]
2026-06-21T04:37:55+02:00,[60],[10.658]
2026-06-21T04:37:54+02:00,[60],[11.115]
2026-06-21T04:37:53+02:00,[60],[11.187]
2026-06-21T04:37:52+02:00,[60],[11.17]
2026-06-21T04:37:51+02:00,[60],[11.446]
2026-06-21T04:37:50+02:00,[60],[11.325]
2026-06-21T04:37:49+02:00,[60],[11.25]
2026-06-21T04:37:48+02:00,[60],[11.351]
2026-06-21T04:37:47+02:00,[60],[11.161]
2026-06-21T04:37:46+02:00,[60],[11.498]
2026-06-21T04:37:45+02:00,[60],[11.683]
2026-06-21T04:37:44+02:00,[60],[12.329]
2026-06-21T04:37:43+02:00,[60],[12.658]
2026-06-21T04:37:42+02:00,[60],[12.223]
2026-06-21T04:37:41+02:00,[60],[12.222]
2026-06-21T04:37:40+02:00,[60],[12.128]
2026-06-21T04:37:39+02:00,[60],[12.364]
2026-06-21T04:37:38+02:00,[60],[12.228]
2026-06-21T04:37:37+02:00,[60],[12.2]
2026-06-21T04:37:36+02:00,[60],[12.227]
2026-06-21T04:37:35+02:00,[60],[12.196]
2026-06-21T04:37:34+02:00,[60],[12.05]
2026-06-21T04:37:33+02:00,[60],[11.931]
2026-06-21T04:37:32+02:00,[60],[12.191]
2026-06-21T04:37:31+02:00,[60],[11.92]
2026-06-21T04:37:30+02:00,[60],[11.755]
2026-06-21T04:37:29+02:00,[60],[11.811]
2026-06-21T04:37:28+02:00,[60],[11.881]
2026-06-21T04:37:27+02:00,[60],[11.807]
2026-06-21T04:37:26+02:00,[60],[11.676]
2026-06-21T04:37:25+02:00,[60],[11.585]
2026-06-21T04:37:24+02:00,[60],[11.6]
2026-06-21T04:37:23+02:00,[60],[11.552]
2026-06-21T04:37:22+02:00,[60],[11.468]
2026-06-21T04:37:21+02:00,[60],[11.39]
2026-06-21T04:37:20+02:00,[60],[11.331]
2026-06-21T04:37:19+02:00,[60],[11.312]
2026-06-21T04:37:18+02:00,[60],[11.281]
2026-06-21T04:37:17+02:00,[60],[11.298]
2026-06-21T04:37:16+02:00,[60],[11.233]
2026-06-21T04:37:15+02:00,[60],[11.152]
2026-06-21T04:37:14+02:00,[60],[11.188]
2026-06-21T04:37:13+02:00,[60],[11.198]
2026-01-20T22:11:28+01:00,[60],[345.617]
2026-01-20T22:11:27+01:00,[60],[345.443]
2026-01-20T22:11:26+01:00,[60],[345.2]
2026-01-20T22:11:25+01:00,[60],[345.349]
2026-01-20T22:11:24+01:00,[60],[345.034]
2026-01-20T22:11:23+01:00,[60],[345.018]
2026-01-20T22:11:22+01:00,[60],[344.868]
2026-01-20T22:11:21+01:00,[60],[344.856]
2026-01-20T22:11:20+01:00,[60],[344.776]
2026-01-20T22:11:19+01:00,[60],[344.64]
2026-01-20T22:11:18+01:00,[60],[344.311]
2026-01-20T22:11:17+01:00,[60],[344.102]
2026-01-20T22:11:16+01:00,[60],[343.771]
2026-01-20T22:11:15+01:00,[60],[343.684]
2026-01-20T22:11:14+01:00,[60],[344.233]
2026-01-20T22:11:13+01:00,[60],[344.141]
2026-01-20T22:11:12+01:00,[60],[343.822]
2026-01-20T22:11:11+01:00,[60],[343.525]
2026-01-20T22:11:10+01:00,[60],[343.249]
2026-01-20T22:11:09+01:00,[60],[343.359]
2026-01-20T22:11:08+01:00,[60],[343.789]
2026-01-20T22:11:07+01:00,[60],[343.8]
2026-01-20T22:11:06+01:00,[60],[344.425]
2026-01-20T22:11:05+01:00,[60],[344.229]
2026-01-20T22:11:04+01:00,[60],[344.122]
2026-01-20T22:11:03+01:00,[60],[344.337]
2026-01-20T22:11:02+01:00,[60],[343.921]
2026-01-20T22:11:01+01:00,[60],[343.588]
2026-01-20T22:11:00+01:00,[60],[343.152]
2026-01-20T22:10:59+01:00,[60],[343.129]
2026-01-20T22:10:58+01:00,[60],[342.925]
2026-01-20T22:10:57+01:00,[60],[342.434]
2026-01-20T22:10:56+01:00,[60],[342.81]
2026-01-20T22:10:55+01:00,[60],[343.106]
2026-01-20T22:10:54+01:00,[60],[343.136]
2026-01-20T22:10:53+01:00,[60],[343.027]
2026-01-20T22:10:52+01:00,[60],[342.846]
2026-01-20T22:10:51+01:00,[60],[342.633]
2026-01-20T22:10:50+01:00,[60],[342.293]
2026-01-20T22:10:49+01:00,[60],[342.404]
2026-01-20T22:10:48+01:00,[60],[342.487]
2026-01-20T22:10:47+01:00,[60],[342.921]
2026-01-20T22:10:46+01:00,[60],[342.794]
2026-01-20T22:10:45+01:00,[60],[342.824]
2026-01-20T22:10:44+01:00,[60],[342.895]
2026-01-20T22:10:43+01:00,[60],[342.764]
2026-01-20T22:10:42+01:00,[60],[342.482]
2026-01-20T22:10:41+01:00,[60],[342.11]
2026-01-20T22:10:40+01:00,[60],[341.897]
2026-01-20T22:10:39+01:00,[60],[341.515]
2026-01-20T22:10:38+01:00,[60],[341.045]
2026-01-20T22:10:37+01:00,[60],[341.131]
2026-01-20T22:10:35+01:00,[60],[340.926]
2026-01-20T22:10:34+01:00,[60],[340.834]
2026-01-20T22:10:33+01:00,[60],[340.791]
2026-01-20T22:10:32+01:00,[60],[341.139]
2026-01-20T22:10:31+01:00,[60],[341.022]
2026-01-20T22:10:30+01:00,[60],[341.136]
2026-01-20T22:10:29+01:00,[60],[341.084]
2026-01-20T22:10:28+01:00,[60],[341.344]
2026-01-20T22:10:27+01:00,[60],[341.33]
2026-01-20T22:10:26+01:00,[60],[340.912]
2026-01-20T22:10:25+01:00,[60],[340.395]
2026-01-20T22:10:24+01:00,[60],[340.399]
2026-01-20T22:10:23+01:00,[60],[340.43]
2026-01-20T22:10:22+01:00,[60],[340.399]
2026-01-20T22:10:21+01:00,[60],[340.456]
2026-01-20T22:10:20+01:00,[60],[340.32]
2026-01-20T22:10:19+01:00,[60],[340.009]
2026-01-20T22:10:18+01:00,[60],[340.207]
2026-01-20T22:10:17+01:00,[60],[340.063]
2026-01-20T22:10:16+01:00,[60],[339.776]
2026-01-20T22:10:15+01:00,[60],[339.906]
2026-01-20T22:10:14+01:00,[60],[339.87]
2026-01-20T22:10:13+01:00,[60],[339.684]
2026-01-20T22:10:12+01:00,[60],[340.104]
2026-01-20T22:10:11+01:00,[60],[339.864]
2026-01-20T22:10:10+01:00,[60],[339.798]
2026-01-20T22:10:09+01:00,[60],[340.163]
2026-01-20T22:10:08+01:00,[60],[340.515]
2026-01-20T22:10:07+01:00,[60],[340.484]
2026-01-20T22:10:06+01:00,[60],[340.319]
2026-01-20T22:10:05+01:00,[60],[340.289]
2026-01-20T22:10:04+01:00,[60],[340.317]
2026-01-20T22:10:03+01:00,[60],[340.278]
2026-01-20T22:10:02+01:00,[60],[340.028]
2026-01-20T22:10:01+01:00,[60],[340.274]
2026-01-20T22:10:00+01:00,[60],[340.488]
2026-01-20T22:09:59+01:00,[60],[340.688]
2026-01-20T22:09:58+01:00,[60],[341.021]
2026-01-20T22:09:57+01:00,[60],[341.264]
2026-01-20T22:09:56+01:00,[60],[341.288]
2026-01-20T22:09:55+01:00,[60],[341.217]
2026-01-20T22:09:54+01:00,[60],[341.274]
2026-01-20T22:09:53+01:00,[60],[341.222]
2026-01-20T22:09:52+01:00,[60],[341.138]
2026-01-20T22:09:51+01:00,[60],[341.016]
2026-01-20T22:09:50+01:00,[60],[341.056]
2026-01-20T22:09:49+01:00,[60],[341.266]
2026-01-20T22:09:48+01:00,[60],[341.078]
2026-01-20T22:09:47+01:00,[60],[341.005]
2026-01-20T22:09:46+01:00,[60],[340.675]
2026-01-20T22:09:45+01:00,[60],[341.18]
2026-01-20T22:09:44+01:00,[60],[341.41]
2026-01-20T22:09:43+01:00,[60],[341.7]
2026-01-20T22:09:42+01:00,[60],[341.848]
2026-01-20T22:09:41+01:00,[60],[342.026]
2026-01-20T22:09:40+01:00,[60],[341.816]
2026-01-20T22:09:39+01:00,[60],[341.745]
2026-01-20T22:09:38+01:00,[60],[341.737]
2026-01-20T22:09:37+01:00,[60],[341.797]
2026-01-20T22:09:36+01:00,[60],[341.759]
2026-01-20T22:09:35+01:00,[60],[341.756]
2026-01-20T22:09:34+01:00,[60],[341.565]
2026-01-20T22:09:33+01:00,[60],[341.195]
2026-01-20T22:09:32+01:00,[60],[341.209]
2026-01-20T22:09:31+01:00,[60],[341.336]
2026-01-20T22:09:30+01:00,[60],[341.636]
2026-01-20T22:09:29+01:00,[60],[342.123]
2026-01-20T22:09:28+01:00,[60],[342.605]
2026-01-20T22:09:27+01:00,[60],[342.559]
2026-01-20T22:09:26+01:00,[60],[342.514]
2026-01-20T22:09:25+01:00,[60],[342.475]
2026-01-20T22:09:24+01:00,[60],[342.288]
2026-01-20T22:09:23+01:00,[60],[342.395]
2026-01-20T22:09:22+01:00,[60],[342.591]
2026-01-20T22:09:21+01:00,[60],[342.337]
2026-01-20T22:09:20+01:00,[60],[342.083]
2026-01-20T22:09:19+01:00,[60],[342.121]
2026-01-20T22:09:18+01:00,[60],[342.058]
2026-01-20T22:09:17+01:00,[60],[342.075]
2026-01-20T22:09:16+01:00,[60],[342.089]
2026-01-20T22:09:15+01:00,[60],[342.554]
2026-01-20T22:09:14+01:00,[60],[342.429]
2026-01-20T22:09:13+01:00,[60],[342.209]
2026-01-20T22:09:12+01:00,[60],[342.148]
2026-01-20T22:09:11+01:00,[60],[342.186]
2026-01-20T22:09:10+01:00,[60],[341.992]
2026-01-20T22:09:09+01:00,[60],[342.886]
2026-01-20T22:09:08+01:00,[60],[343.136]
2026-01-20T22:09:07+01:00,[60],[342.587]
2026-01-20T22:09:06+01:00,[60],[342.471]
2026-01-20T22:09:05+01:00,[60],[342.337]
2026-01-20T22:09:04+01:00,[60],[342.29]
2026-01-20T22:09:03+01:00,[60],[342.523]
2026-01-20T22:09:02+01:00,[60],[342.424]
2026-01-20T22:09:01+01:00,[60],[342.589]
2026-01-20T22:09:00+01:00,[60],[342.34]
2026-01-20T22:08:59+01:00,[60],[341.978]
2026-01-20T22:08:58+01:00,[60],[342.012]
2026-01-20T22:08:57+01:00,[60],[341.804]
2026-01-20T22:08:56+01:00,[60],[341.602]
2026-01-20T22:08:55+01:00,[60],[341.879]
2026-01-20T22:08:54+01:00,[60],[341.788]
2026-01-20T22:08:53+01:00,[60],[342.031]
2026-01-20T22:08:52+01:00,[60],[341.827]
2026-01-20T22:08:51+01:00,[60],[341.814]
2026-01-20T22:08:50+01:00,[60],[341.537]
2026-01-20T22:08:49+01:00,[60],[341.359]
2026-01-20T22:08:48+01:00,[60],[342.013]
2026-01-20T22:08:47+01:00,[60],[341.595]
2026-01-20T22:08:46+01:00,[60],[341.325]
2026-01-20T22:08:45+01:00,[60],[341.405]
2026-01-20T22:08:44+01:00,[60],[341.293]
2026-01-20T22:08:43+01:00,[60],[340.978]
2026-01-20T22:08:42+01:00,[60],[341.094]
2026-01-20T22:08:41+01:00,[60],[340.78]
2026-01-20T22:08:40+01:00,[60],[341.274]
2026-01-20T22:08:39+01:00,[60],[341.501]
2026-01-20T22:08:38+01:00,[60],[341.176]
2026-01-20T22:08:37+01:00,[60],[340.928]
2026-01-20T22:08:36+01:00,[60],[341.197]
2026-01-20T22:08:35+01:00,[60],[341.031]
2026-01-20T22:08:34+01:00,[60],[340.773]
2026-01-20T22:08:33+01:00,[60],[340.878]
2026-01-20T22:08:32+01:00,[60],[340.945]
2026-01-20T22:08:31+01:00,[60],[340.658]
2026-01-20T22:08:30+01:00,[60],[340.549]
2026-01-20T22:08:29+01:00,[60],[340.453]
2026-01-20T22:08:28+01:00,[60],[340.651]
2026-01-20T22:08:27+01:00,[60],[340.597]
2026-01-20T22:08:26+01:00,[60],[340.971]
2026-01-20T22:08:25+01:00,[60],[340.9]
2026-01-20T22:08:24+01:00,[60],[340.285]
2026-01-20T22:08:23+01:00,[60],[340.076]
2026-01-20T22:08:22+01:00,[60],[339.47]
2026-01-20T22:08:21+01:00,[60],[339.703]
2026-01-20T22:08:20+01:00,[60],[340.299]
2026-01-20T22:08:19+01:00,[60],[340.381]
2026-01-20T22:08:18+01:00,[60],[340.514]
2026-01-20T22:08:17+01:00,[60],[340.266]
2026-01-20T22:08:16+01:00,[60],[340.18]
2026-01-20T22:08:15+01:00,[60],[340.495]
2026-01-20T22:08:14+01:00,[60],[340.456]
2026-01-20T22:08:13+01:00,[60],[340.783]
2026-01-20T22:08:12+01:00,[60],[340.98]
2026-01-20T22:08:11+01:00,[60],[340.783]
2026-01-20T22:08:10+01:00,[60],[340.751]
2026-01-20T22:08:09+01:00,[60],[340.895]
2026-01-20T22:08:08+01:00,[60],[341.004]
2026-01-20T22:08:07+01:00,[60],[340.874]
2026-01-20T22:08:06+01:00,[60],[340.763]
2026-01-20T22:08:05+01:00,[60],[341.147]
2026-01-20T22:08:04+01:00,[60],[341.575]
2026-01-20T22:08:03+01:00,[60],[341.778]
2026-01-20T22:08:02+01:00,[60],[341.957]
2026-01-20T22:08:01+01:00,[60],[342.388]
2026-01-20T22:08:00+01:00,[60],[342.23]
2026-01-20T22:07:59+01:00,[60],[341.608]
2026-01-20T22:07:58+01:00,[60],[341.169]
2026-01-20T22:07:57+01:00,[60],[341.016]
2026-01-20T22:07:56+01:00,[60],[341.269]
2026-01-20T22:07:55+01:00,[60],[341.136]
2026-01-20T22:07:54+01:00,[60],[340.97]
2026-01-20T22:07:53+01:00,[60],[341.195]
2026-01-20T22:07:52+01:00,[60],[341.006]
2026-01-20T22:07:51+01:00,[60],[340.759]
2026-01-20T22:07:50+01:00,[60],[340.804]
2026-01-20T22:07:49+01:00,[60],[340.741]
2026-01-20T22:07:48+01:00,[60],[340.148]
2026-01-20T22:07:47+01:00,[60],[340.228]
2026-01-20T22:07:46+01:00,[60],[340.306]
2026-01-20T22:07:45+01:00,[60],[341.197]
2026-01-20T22:07:44+01:00,[60],[341.225]
2026-01-20T22:07:43+01:00,[60],[340.628]
2026-01-20T22:07:42+01:00,[60],[340.518]
2026-01-20T22:07:41+01:00,[60],[340.524]
2026-01-20T22:07:40+01:00,[60],[340.063]
2026-01-20T22:07:39+01:00,[60],[339.951]
2026-01-20T22:07:38+01:00,[60],[339.927]
2026-01-20T22:07:37+01:00,[60],[339.959]
2026-01-20T22:07:36+01:00,[60],[339.7]
2026-01-20T22:07:35+01:00,[60],[339.502]
2026-01-20T22:07:34+01:00,[60],[339.491]
2026-01-20T22:07:33+01:00,[60],[339.873]
2026-01-20T22:07:32+01:00,[60],[340.058]
2026-01-20T22:07:31+01:00,[60],[340.05]
2026-01-20T22:07:30+01:00,[60],[338.81]
2026-01-20T22:07:29+01:00,[60],[338.048]
2026-01-20T22:07:28+01:00,[60],[338.082]
2026-01-20T22:07:27+01:00,[60],[338.025]
2026-01-20T22:07:26+01:00,[60],[337.971]
2026-01-20T22:07:25+01:00,[60],[337.943]
2026-01-20T22:07:24+01:00,[60],[337.811]
2026-01-20T22:07:23+01:00,[60],[337.689]
2026-01-20T22:07:22+01:00,[60],[337.597]
2026-01-20T22:07:21+01:00,[60],[337.592]
2026-01-20T22:07:20+01:00,[60],[337.58]
2026-01-20T22:07:19+01:00,[60],[337.589]
2026-01-20T22:07:18+01:00,[60],[337.396]
2026-01-20T22:07:17+01:00,[60],[337.484]
2026-01-20T22:07:16+01:00,[60],[337.433]
2026-01-20T22:07:15+01:00,[60],[337.533]
2026-01-20T22:07:14+01:00,[60],[337.61]
2026-01-20T22:07:13+01:00,[60],[337.77]
2026-01-20T22:07:12+01:00,[60],[338.225]
2026-01-20T22:07:11+01:00,[60],[338.297]
2026-01-20T22:07:10+01:00,[60],[338.297]
2026-01-20T22:07:09+01:00,[60],[338.347]
2026-01-20T22:07:08+01:00,[60],[338.393]
2026-01-20T22:07:07+01:00,[60],[338.492]
2026-01-20T22:07:06+01:00,[60],[338.553]
2026-01-20T22:07:05+01:00,[60],[338.677]
2026-01-20T22:07:03+01:00,[60],[338.56]
2026-01-20T22:07:02+01:00,[60],[338.654]
2026-01-20T22:07:01+01:00,[60],[338.631]
2026-01-20T22:07:00+01:00,[60],[338.5]
2026-01-20T22:06:59+01:00,[60],[338.307]
2026-01-20T22:06:57+01:00,[60],[338.307]
2026-01-20T22:06:54+01:00,[60],[339.414]
2026-01-20T21:55:51+01:00,[60],[328.314]
2025-11-18T01:41:38+01:00,[60],[343.96]
2025-11-18T01:41:37+01:00,[60],[343.96]
2025-11-18T01:41:36+01:00,[60],[343.96]
2025-11-18T01:41:35+01:00,[60],[343.96]
2025-11-18T01:41:34+01:00,[60],[343.96]
2025-11-18T01:41:33+01:00,[60],[343.96]
2025-11-18T01:41:32+01:00,[60],[343.96]
2025-11-18T01:41:31+01:00,[60],[343.96]
2025-11-18T01:41:30+01:00,[60],[343.96]
2025-11-18T01:41:29+01:00,[60],[343.96]
2025-11-18T01:41:28+01:00,[60],[343.96]
2025-11-18T01:41:27+01:00,[60],[343.96]
2025-11-18T01:41:26+01:00,[60],[343.96]
2025-11-18T01:41:25+01:00,[60],[343.96]
2025-11-18T01:41:24+01:00,[60],[343.96]
2025-11-18T01:41:23+01:00,[60],[343.96]
2025-11-18T01:41:22+01:00,[60],[343.96]
2025-11-18T01:41:21+01:00,[60],[343.96]
2025-11-18T01:41:20+01:00,[60],[343.96]
2025-11-18T01:41:19+01:00,[60],[344.019]
2025-11-18T01:41:18+01:00,[60],[344.127]
2025-11-18T01:41:17+01:00,[60],[344.598]
2025-11-18T01:41:16+01:00,[60],[344.592]
2025-11-18T01:41:15+01:00,[60],[345.011]
2025-11-18T01:41:14+01:00,[60],[345.221]
2025-11-18T01:41:13+01:00,[60],[345.121]
2025-11-18T01:41:12+01:00,[60],[345.441]
2025-11-18T01:41:11+01:00,[60],[345.536]
2025-11-18T01:41:10+01:00,[60],[345.364]
2025-11-18T01:41:09+01:00,[60],[345.395]
2025-11-18T01:41:08+01:00,[60],[345.412]
2025-11-18T01:41:07+01:00,[60],[345.412]
2025-11-18T01:41:06+01:00,[60],[345.412]
2025-11-18T01:41:05+01:00,[60],[345.412]
2025-11-18T01:41:04+01:00,[60],[345.353]
2025-11-18T01:41:03+01:00,[60],[344.961]
2025-11-18T01:41:02+01:00,[60],[345.303]
2025-11-18T01:41:01+01:00,[60],[345.579]
2025-11-18T01:41:00+01:00,[60],[345.196]
2025-11-18T01:40:59+01:00,[60],[345.243]
2025-11-18T01:40:58+01:00,[60],[345.587]
2025-11-18T01:40:57+01:00,[60],[345.113]
2025-11-18T01:40:56+01:00,[60],[345.602]
2025-11-18T01:40:55+01:00,[60],[345.486]
2025-11-18T01:40:54+01:00,[60],[345.553]
2025-11-18T01:40:53+01:00,[60],[345.403]
2025-11-18T01:40:52+01:00,[60],[345.544]
2025-11-18T01:40:50+01:00,[60],[345.697]
2025-11-18T01:40:49+01:00,[60],[346.121]
2025-11-18T01:40:48+01:00,[60],[345.934]
2025-11-18T01:40:47+01:00,[60],[345.617]
2025-11-18T01:40:46+01:00,[60],[345.243]
2025-11-18T01:40:45+01:00,[60],[345.212]
2025-11-18T01:40:44+01:00,[60],[344.974]
2025-11-18T01:40:43+01:00,[60],[344.595]
2025-11-18T01:40:42+01:00,[60],[344.65]
2025-11-18T01:40:41+01:00,[60],[344.869]
2025-11-18T01:40:40+01:00,[60],[344.904]
2025-11-18T01:40:39+01:00,[60],[344.899]
2025-11-18T01:40:38+01:00,[60],[344.517]
2025-11-18T01:40:37+01:00,[60],[344.701]
2025-11-18T01:40:36+01:00,[60],[344.587]
2025-11-18T01:40:35+01:00,[60],[344.168]
2025-11-18T01:40:34+01:00,[60],[344.039]
2025-11-18T01:40:33+01:00,[60],[344.062]
2025-11-18T01:40:32+01:00,[60],[344.108]
2025-11-18T01:40:31+01:00,[60],[344.337]
2025-11-18T01:40:30+01:00,[60],[344.466]
2025-11-18T01:40:29+01:00,[60],[344.72]
2025-11-18T01:40:28+01:00,[60],[344.72]
2025-11-18T01:40:27+01:00,[60],[344.72]
2025-11-18T01:40:26+01:00,[60],[344.72]
2025-11-18T01:40:25+01:00,[60],[344.72]
2025-11-18T01:40:24+01:00,[60],[344.853]
2025-11-18T01:40:23+01:00,[60],[344.8]
2025-11-18T01:40:22+01:00,[60],[345.287]
2025-11-18T01:40:21+01:00,[60],[345.084]
2025-11-18T01:40:20+01:00,[60],[345.117]
2025-11-18T01:40:19+01:00,[60],[345.037]
2025-11-18T01:40:18+01:00,[60],[344.774]
2025-11-18T01:40:17+01:00,[60],[345.468]
2025-11-18T01:40:16+01:00,[60],[345.408]
2025-11-18T01:40:15+01:00,[60],[344.379]
2025-11-18T01:40:14+01:00,[60],[344.813]
2025-11-18T01:40:13+01:00,[60],[345.819]
2025-11-18T01:40:12+01:00,[60],[346]
2025-11-18T01:40:11+01:00,[60],[346.318]
2025-11-18T01:40:10+01:00,[60],[346.446]
2025-11-18T01:40:09+01:00,[60],[346.114]
2025-11-18T01:40:08+01:00,[60],[345.981]
2025-11-18T01:40:07+01:00,[60],[345.825]
2025-11-18T01:40:06+01:00,[60],[345.561]
2025-11-18T01:40:05+01:00,[60],[344.325]
2025-11-18T01:40:04+01:00,[60],[343.994]
2025-11-18T01:40:03+01:00,[60],[343.261]
2025-11-18T01:40:02+01:00,[60],[342.98]
2025-11-18T01:40:01+01:00,[60],[342.774]
2025-11-18T01:40:00+01:00,[60],[343.249]
2025-11-18T01:39:59+01:00,[60],[343.532]
2025-11-18T01:39:58+01:00,[60],[343.484]
2025-11-18T01:39:57+01:00,[60],[343.248]
2025-11-18T01:39:56+01:00,[60],[343.413]
2025-11-18T01:39:55+01:00,[60],[344.016]
2025-11-18T01:39:54+01:00,[60],[343.263]
2025-11-18T01:39:49+01:00,[60],[341.5]
2025-11-18T01:39:48+01:00,[60],[341.5]
2025-11-18T01:39:47+01:00,[60],[341.5]
2025-11-18T01:39:46+01:00,[60],[341.5]
2025-11-18T01:39:45+01:00,[60],[341.5]
2025-11-18T01:39:43+01:00,[60],[341.5]
2025-11-18T01:39:42+01:00,[60],[341.5]
2025-11-18T01:39:41+01:00,[60],[341.5]
2025-11-18T01:39:40+01:00,[60],[341.5]
2025-11-18T01:39:39+01:00,[60],[341.5]
2025-11-18T01:39:37+01:00,[60],[341.5]
2025-11-18T01:39:36+01:00,[60],[341.5]
2025-11-18T01:39:35+01:00,[60],[341.5]
2025-11-18T01:39:34+01:00,[60],[341.5]
2025-11-18T01:39:33+01:00,[60],[342]
2025-11-18T01:39:32+01:00,[60],[342]
2025-11-18T01:39:31+01:00,[60],[342]
2025-11-18T01:39:30+01:00,[60],[342]
2025-11-18T01:39:29+01:00,[60],[342]
2025-11-18T01:39:28+01:00,[60],[342]
2025-11-18T01:39:27+01:00,[60],[341.5]
2025-11-18T01:39:26+01:00,[60],[341.5]
2025-11-18T01:39:25+01:00,[60],[341.5]
2025-11-18T01:39:24+01:00,[60],[342]
2025-11-18T01:39:23+01:00,[60],[342]
2025-11-18T01:39:22+01:00,[60],[342]
2025-11-18T01:39:21+01:00,[60],[342]
2025-11-18T01:39:20+01:00,[60],[342]
2025-11-18T01:39:19+01:00,[60],[342]
2025-11-18T01:39:18+01:00,[60],[342.5]
2025-11-18T01:39:17+01:00,[60],[342.5]
2025-11-18T01:39:16+01:00,[60],[342.5]
2025-11-18T01:39:15+01:00,[60],[342.5]
2025-11-18T01:39:14+01:00,[60],[342.5]
2025-11-18T01:39:13+01:00,[60],[342.5]
2025-11-18T01:39:12+01:00,[60],[342.5]
2025-11-18T01:39:11+01:00,[60],[342.5]
2025-11-18T01:39:10+01:00,[60],[342.5]
2025-11-18T01:39:09+01:00,[60],[342.5]
2025-11-18T01:39:08+01:00,[60],[342.5]
2025-11-18T01:39:07+01:00,[60],[342.5]
2025-11-18T01:39:06+01:00,[60],[343]
2025-11-18T01:39:05+01:00,[60],[343]
2025-11-18T01:39:04+01:00,[60],[343]
2025-11-18T01:39:03+01:00,[60],[343]
2025-11-18T01:39:02+01:00,[60],[343]
2025-11-18T01:39:01+01:00,[60],[343]
2025-11-18T01:39:00+01:00,[60],[343]
2025-11-18T01:38:59+01:00,[60],[343]
2025-11-18T01:38:58+01:00,[60],[343]
2025-11-18T01:38:57+01:00,[60],[343]
2025-11-18T01:38:56+01:00,[60],[343]
2025-11-18T01:38:55+01:00,[60],[343]
2025-11-18T01:38:54+01:00,[60],[343]
2025-11-18T01:38:53+01:00,[60],[343]
2025-11-18T01:38:52+01:00,[60],[343]
2025-11-18T01:38:51+01:00,[60],[343]
2025-11-18T01:38:50+01:00,[60],[342.5]
2025-11-18T01:38:49+01:00,[60],[342.5]
2025-11-18T01:38:48+01:00,[60],[342.5]
2025-11-18T01:38:47+01:00,[60],[342.5]
2025-11-18T01:38:46+01:00,[60],[342.5]
2025-11-18T01:38:45+01:00,[60],[342.5]
2025-11-18T01:38:44+01:00,[60],[342.5]
2025-11-18T01:38:43+01:00,[60],[342]
2025-11-18T01:38:42+01:00,[60],[342]
2025-11-18T01:38:41+01:00,[60],[342]
2025-11-18T01:38:40+01:00,[60],[342]
2025-11-18T01:38:39+01:00,[60],[342]
2025-11-18T01:38:38+01:00,[60],[342]
2025-11-18T01:38:37+01:00,[60],[342]
2025-11-18T01:38:36+01:00,[60],[342]
2025-11-18T01:38:35+01:00,[60],[342]
2025-11-18T01:38:34+01:00,[60],[342]
2025-11-18T01:38:33+01:00,[60],[342]
2025-11-18T01:38:32+01:00,[60],[342]
2025-11-18T01:38:31+01:00,[60],[342]
2025-11-18T01:38:30+01:00,[60],[341.5]
2025-11-18T01:38:29+01:00,[60],[341.5]
2025-11-18T01:38:28+01:00,[60],[341.5]
2025-11-18T01:38:27+01:00,[60],[341.5]
2025-11-18T01:38:26+01:00,[60],[341.5]
2025-11-18T01:38:25+01:00,[60],[341]
2025-11-18T01:38:24+01:00,[60],[341]
2025-11-18T01:38:23+01:00,[60],[340.5]
2025-11-18T01:38:22+01:00,[60],[340]
2025-11-18T01:38:21+01:00,[60],[340]
2025-11-18T01:38:20+01:00,[60],[339.5]
2025-11-18T01:38:19+01:00,[60],[339]
2025-11-18T01:38:18+01:00,[60],[339]
2025-11-18T01:38:17+01:00,[60],[338.5]
2025-11-18T01:38:16+01:00,[60],[338.5]
2025-11-18T01:38:15+01:00,[60],[338.5]
2025-11-18T01:38:14+01:00,[60],[338.5]
2025-11-18T01:38:13+01:00,[60],[338.5]
2025-11-18T01:38:12+01:00,[60],[338]
2025-11-18T01:38:11+01:00,[60],[338]
2025-11-18T01:38:10+01:00,[60],[338]
2025-11-18T01:38:09+01:00,[60],[337.5]
2025-11-18T01:38:08+01:00,[60],[337.5]
2025-11-18T01:38:07+01:00,[60],[337.5]
2025-11-18T01:38:06+01:00,[60],[337.5]
2025-11-18T01:38:05+01:00,[60],[337.5]
2025-11-18T01:38:04+01:00,[60],[337.5]
2025-11-18T01:38:03+01:00,[60],[337.5]
2025-11-18T01:38:02+01:00,[60],[337.5]
2025-11-18T01:38:01+01:00,[60],[337.5]
2025-11-18T01:38:00+01:00,[60],[337.5]
2025-11-18T01:37:59+01:00,[60],[337]
2025-11-18T01:37:58+01:00,[60],[337]
2025-11-18T01:37:57+01:00,[60],[337]
2025-11-18T01:37:56+01:00,[60],[337]
2025-11-18T01:37:55+01:00,[60],[337]
2025-11-18T01:37:54+01:00,[60],[337]
2025-11-18T01:37:53+01:00,[60],[337]
2025-11-18T01:37:52+01:00,[60],[337]
2025-11-18T01:37:51+01:00,[60],[337]
2025-11-18T01:37:50+01:00,[60],[337]
2025-11-18T01:37:49+01:00,[60],[337]
2025-11-18T01:37:48+01:00,[60],[337]
2025-11-18T01:37:47+01:00,[60],[337]
2025-11-18T01:37:46+01:00,[60],[337]
2025-11-18T01:37:45+01:00,[60],[337]
2025-11-18T01:37:44+01:00,[60],[337]
2025-11-18T01:37:43+01:00,[60],[337]
2025-11-18T01:37:42+01:00,[60],[337]
2025-11-18T01:37:40+01:00,[60],[337]
2025-11-18T01:37:39+01:00,[60],[337]
2025-11-18T01:37:38+01:00,[60],[336.5]
2025-11-18T01:37:37+01:00,[60],[336.5]
2025-11-18T01:37:36+01:00,[60],[336.5]
2025-11-18T01:37:35+01:00,[60],[336]
2025-11-18T01:37:34+01:00,[60],[336]
2025-11-18T01:37:33+01:00,[60],[336]
2025-11-18T01:37:32+01:00,[60],[335.5]
2025-11-18T01:37:31+01:00,[60],[335.5]
2025-11-18T01:37:30+01:00,[60],[335]
2025-11-18T01:37:29+01:00,[60],[335]
2025-11-18T01:37:28+01:00,[60],[334.5]
2025-11-18T01:37:27+01:00,[60],[334]
2025-11-18T01:37:26+01:00,[60],[334]
2025-11-18T01:37:25+01:00,[60],[334]
2025-11-18T01:37:24+01:00,[60],[333.5]
2025-11-18T01:37:23+01:00,[60],[333]
2025-11-18T01:37:22+01:00,[60],[333]
2025-11-18T01:37:21+01:00,[60],[333]
2025-11-18T01:37:20+01:00,[60],[332.5]
2025-11-18T01:37:19+01:00,[60],[332.5]
2025-11-18T01:37:18+01:00,[60],[332.5]
2025-11-18T01:37:17+01:00,[60],[332.5]
2025-11-18T01:37:16+01:00,[60],[332.5]
2025-11-18T01:37:15+01:00,[60],[332]
2025-11-18T01:37:14+01:00,[60],[332]
2025-11-18T01:37:13+01:00,[60],[332]
2025-11-18T01:37:12+01:00,[60],[332]
2025-11-18T01:37:11+01:00,[60],[332]
2025-11-18T01:37:10+01:00,[60],[332]
2025-11-18T01:37:09+01:00,[60],[332]
2025-11-18T01:37:08+01:00,[60],[332]
2025-11-18T01:37:07+01:00,[60],[332]
2025-11-18T01:37:06+01:00,[60],[332]
2025-11-18T01:37:05+01:00,[60],[331.5]
2025-11-18T01:37:04+01:00,[60],[332]
2025-11-18T01:37:03+01:00,[60],[332]
2025-11-18T01:37:02+01:00,[60],[332]
2025-11-18T01:37:01+01:00,[60],[332]
2025-11-18T01:37:00+01:00,[60],[332]
2025-11-18T01:36:59+01:00,[60],[332]
2025-11-18T01:36:58+01:00,[60],[332]
2025-11-18T01:36:57+01:00,[60],[332]
2025-11-18T01:36:56+01:00,[60],[332]
2025-11-18T01:36:55+01:00,[60],[332]
2025-11-18T01:36:54+01:00,[60],[332]
2025-11-18T01:36:53+01:00,[60],[332]
2025-11-18T01:36:52+01:00,[60],[331.5]
2025-11-18T01:36:51+01:00,[60],[331.5]
2025-11-18T01:36:50+01:00,[60],[331.5]
2025-11-18T01:36:49+01:00,[60],[331.5]
2025-11-18T01:36:48+01:00,[60],[331.5]
2025-11-18T01:36:47+01:00,[60],[331.5]
2025-11-18T01:36:46+01:00,[60],[331.5]
2025-11-18T01:36:45+01:00,[60],[331]
2025-11-18T01:36:44+01:00,[60],[331]
2025-11-18T01:36:43+01:00,[60],[331]
2025-11-18T01:36:42+01:00,[60],[330.5]
2025-11-18T01:36:41+01:00,[60],[330.5]
2025-11-18T01:36:40+01:00,[60],[330.5]
2025-11-18T01:36:39+01:00,[60],[330.5]
2025-11-18T01:36:38+01:00,[60],[330]
2025-11-18T01:36:37+01:00,[60],[330]
2025-11-18T01:36:36+01:00,[60],[330]
2025-11-18T01:36:35+01:00,[60],[330]
2025-11-18T01:36:34+01:00,[60],[330.5]
2025-11-18T01:36:33+01:00,[60],[331]
2025-11-18T01:36:32+01:00,[60],[331.5]
2025-11-18T01:36:31+01:00,[60],[332]
2025-11-18T01:36:30+01:00,[60],[333]
2025-11-18T01:36:29+01:00,[60],[333.5]
2025-11-18T01:36:28+01:00,[60],[334]
2025-11-18T01:36:27+01:00,[60],[334]
2025-11-18T01:36:26+01:00,[60],[334.5]
2025-11-18T01:36:25+01:00,[60],[335.5]
2025-11-18T01:36:24+01:00,[60],[336]
2025-11-18T01:36:23+01:00,[60],[336.5]
2025-11-18T01:36:22+01:00,[60],[337]
2025-11-18T01:36:21+01:00,[60],[338]
2025-11-18T01:36:20+01:00,[60],[338.5]
2025-11-18T01:36:19+01:00,[60],[338.5]
2025-11-18T01:36:18+01:00,[60],[338.5]
2025-11-18T01:36:17+01:00,[60],[338.5]
2025-11-18T01:36:16+01:00,[60],[338.5]
2025-11-18T01:36:15+01:00,[60],[338.5]
2025-11-18T01:36:14+01:00,[60],[338]
2025-11-18T01:36:13+01:00,[60],[338]
2025-11-18T01:36:12+01:00,[60],[338]
2025-11-18T01:36:11+01:00,[60],[337.5]
2025-11-18T01:36:10+01:00,[60],[337]
2025-11-18T01:36:09+01:00,[60],[336.5]
2025-11-18T01:36:08+01:00,[60],[336.5]
2025-11-18T01:36:07+01:00,[60],[336]
2025-11-18T01:36:06+01:00,[60],[335.5]
2025-11-18T01:36:05+01:00,[60],[335.5]
2025-11-18T01:36:04+01:00,[60],[335.5]
2025-11-18T01:36:03+01:00,[60],[336]
2025-11-18T01:36:02+01:00,[60],[336]
2025-11-18T01:36:01+01:00,[60],[336.5]
2025-11-18T01:36:00+01:00,[60],[336.5]
2025-11-18T01:35:59+01:00,[60],[336.5]
2025-11-18T01:35:58+01:00,[60],[336.5]
2025-11-18T01:35:57+01:00,[60],[336.5]
2025-11-18T01:35:56+01:00,[60],[336.5]
2025-11-18T01:35:55+01:00,[60],[336.5]
2025-11-18T01:35:54+01:00,[60],[336.5]
2025-11-18T01:35:53+01:00,[60],[337]
2025-11-18T01:35:52+01:00,[60],[337]
2025-11-18T01:35:51+01:00,[60],[337]
2025-11-18T01:35:50+01:00,[60],[337]
2025-11-18T01:35:49+01:00,[60],[337]
2025-11-18T01:35:48+01:00,[60],[337.5]
2025-11-18T01:35:47+01:00,[60],[337.5]
2025-11-18T01:35:45+01:00,[60],[337]
2025-11-18T01:35:44+01:00,[60],[337]
2025-11-18T01:35:43+01:00,[60],[337.5]
2025-11-18T01:35:42+01:00,[60],[337.5]
2025-11-18T01:35:41+01:00,[60],[337.5]
2025-11-18T01:35:40+01:00,[60],[337.5]
2025-11-18T01:35:39+01:00,[60],[337.5]
2025-11-18T01:35:38+01:00,[60],[337.5]
2025-11-18T01:35:37+01:00,[60],[337.5]
2025-11-18T01:35:36+01:00,[60],[337.5]
2025-11-18T01:35:35+01:00,[60],[337.5]
2025-11-18T01:35:34+01:00,[60],[337.5]
2025-11-18T01:35:33+01:00,[60],[337.5]
2025-11-18T01:35:32+01:00,[60],[337]
2025-11-18T01:35:31+01:00,[60],[337]
2025-11-18T01:35:30+01:00,[60],[336.5]
2025-11-18T01:35:29+01:00,[60],[336.5]
2025-11-18T01:35:28+01:00,[60],[336.5]
2025-11-18T01:35:27+01:00,[60],[336]
2025-11-18T01:35:26+01:00,[60],[336]
2025-11-18T01:35:25+01:00,[60],[336]
2025-11-18T01:35:24+01:00,[60],[336]
2025-11-18T01:35:23+01:00,[60],[336]
2025-11-18T01:35:22+01:00,[60],[336]
2025-11-18T01:35:21+01:00,[60],[336]
2025-11-18T01:35:20+01:00,[60],[336]
2025-11-18T01:35:19+01:00,[60],[336.5]
2025-11-18T01:35:18+01:00,[60],[336.5]
2025-11-18T01:35:17+01:00,[60],[336.5]
2025-11-18T01:35:16+01:00,[60],[336.5]
2025-11-18T01:35:15+01:00,[60],[336.5]
2025-11-18T01:35:14+01:00,[60],[337]
2025-11-18T01:35:13+01:00,[60],[337]
2025-11-18T01:35:12+01:00,[60],[337]
2025-11-18T01:35:11+01:00,[60],[337]
2025-11-18T01:35:09+01:00,[60],[337.5]
2025-11-18T01:35:08+01:00,[60],[338]
2025-11-18T01:35:07+01:00,[60],[338]
2025-11-18T01:35:06+01:00,[60],[338]
2025-11-18T01:35:05+01:00,[60],[338]
2025-11-18T01:35:04+01:00,[60],[338]
2025-11-18T01:35:03+01:00,[60],[338]
2025-11-18T01:35:02+01:00,[60],[337.5]
2025-11-18T01:35:01+01:00,[60],[337]
2025-11-18T01:35:00+01:00,[60],[337]
2025-11-18T01:34:59+01:00,[60],[337]
2025-11-18T01:34:58+01:00,[60],[336]
2025-11-18T01:34:57+01:00,[60],[335.5]
2025-11-18T01:34:56+01:00,[60],[335]
2025-11-18T01:34:55+01:00,[60],[340.187]
2025-11-18T01:34:54+01:00,[60],[340.187]
2025-11-18T01:34:53+01:00,[60],[340.214]
2025-11-18T01:34:52+01:00,[60],[340.105]
2025-11-18T01:34:51+01:00,[60],[340.105]
2025-11-18T01:34:50+01:00,[60],[340.105]
2025-11-18T01:34:49+01:00,[60],[340.105]
2025-11-18T01:34:48+01:00,[60],[340.105]
2025-11-18T01:34:47+01:00,[60],[340.105]
2025-11-18T01:34:46+01:00,[60],[340.125]
2025-11-18T01:34:45+01:00,[60],[340.14]
2025-11-18T01:34:44+01:00,[60],[340.197]
2025-11-18T01:34:43+01:00,[60],[340.202]
2025-11-18T01:34:42+01:00,[60],[340.11]
2025-11-18T01:34:41+01:00,[60],[340.186]
2025-11-18T01:34:40+01:00,[60],[340.236]
2025-11-18T01:34:39+01:00,[60],[340.28]
2025-11-18T01:34:38+01:00,[60],[340.295]
2025-11-18T01:34:37+01:00,[60],[340.32]
2025-11-18T01:34:36+01:00,[60],[340.847]
2025-11-18T01:34:35+01:00,[60],[340.176]
2025-11-18T01:34:33+01:00,[60],[340.183]
2025-11-18T01:34:32+01:00,[60],[340.148]
2025-11-18T01:34:31+01:00,[60],[340.022]
2025-11-18T01:34:30+01:00,[60],[340.38]
2025-11-18T01:34:29+01:00,[60],[340.23]
2025-11-18T01:34:28+01:00,[60],[340.015]
2025-11-18T01:34:27+01:00,[60],[340.755]
2025-11-18T01:34:26+01:00,[60],[341.573]
2025-11-18T01:34:25+01:00,[60],[340.523]
2025-11-18T01:34:24+01:00,[60],[339.84]
2025-11-18T01:34:23+01:00,[60],[339.917]
2025-11-18T01:34:22+01:00,[60],[340.061]
2025-11-18T01:34:21+01:00,[60],[340.275]
2025-11-18T01:34:20+01:00,[60],[340.083]
2025-11-18T01:34:19+01:00,[60],[340.045]
2025-11-18T01:34:18+01:00,[60],[339.7]
2025-11-18T01:34:17+01:00,[60],[338.741]
2025-11-18T01:34:16+01:00,[60],[338.764]
2025-11-18T01:34:15+01:00,[60],[338.965]
2025-11-18T01:34:14+01:00,[60],[339.306]
2025-11-18T01:34:13+01:00,[60],[339.693]
2025-11-18T01:34:12+01:00,[60],[339.251]
2025-11-18T01:34:11+01:00,[60],[338.689]
2025-11-18T01:34:10+01:00,[60],[339.352]
2025-11-18T01:34:09+01:00,[60],[339.755]
2025-11-18T01:34:08+01:00,[60],[339.49]
2025-11-18T01:34:07+01:00,[60],[339.486]
2025-11-18T01:34:06+01:00,[60],[339.339]
2025-11-18T01:34:05+01:00,[60],[339.009]
2025-11-18T01:34:04+01:00,[60],[339.426]
2025-11-18T01:34:03+01:00,[60],[339.512]
2025-11-18T01:34:02+01:00,[60],[339.489]
2025-11-18T01:34:01+01:00,[60],[339.367]
2025-11-18T01:34:00+01:00,[60],[339.371]
2025-11-18T01:33:59+01:00,[60],[339.5]
2025-11-18T01:33:58+01:00,[60],[339.399]
2025-11-18T01:33:57+01:00,[60],[339.273]
2025-11-18T01:33:56+01:00,[60],[340]
2025-11-18T01:33:55+01:00,[60],[340.149]
2025-11-18T01:33:54+01:00,[60],[339.897]
2025-11-18T01:33:53+01:00,[60],[339.953]
2025-11-18T01:33:52+01:00,[60],[339.68]
2025-11-18T01:33:51+01:00,[60],[339.652]
2025-11-18T01:33:50+01:00,[60],[339.398]
2025-11-18T01:33:49+01:00,[60],[339.212]
2025-11-18T01:33:48+01:00,[60],[339.812]
2025-11-18T01:33:47+01:00,[60],[339.678]
2025-11-18T01:33:46+01:00,[60],[339.865]
2025-11-18T01:33:45+01:00,[60],[340.541]
2025-11-18T01:33:44+01:00,[60],[340.26]
2025-11-18T01:33:43+01:00,[60],[339.85]
2025-11-18T01:33:42+01:00,[60],[339.969]
2025-11-18T01:33:41+01:00,[60],[339.958]
2025-11-18T01:33:40+01:00,[60],[339.229]
2025-11-18T01:33:39+01:00,[60],[339.12]
2025-11-18T01:33:38+01:00,[60],[339.996]
2025-11-18T01:33:37+01:00,[60],[340.207]
2025-11-18T01:33:36+01:00,[60],[340.714]
2025-11-18T01:33:35+01:00,[60],[340.684]
2025-11-18T01:33:34+01:00,[60],[341.134]
2025-11-18T01:33:33+01:00,[60],[341.039]
2025-11-18T01:33:32+01:00,[60],[340.985]
2025-11-18T01:33:31+01:00,[60],[340.962]
2025-11-18T01:33:30+01:00,[60],[341.532]
2025-11-18T01:33:29+01:00,[60],[341.258]
2025-11-18T01:33:28+01:00,[60],[341.51]
2025-11-18T01:33:27+01:00,[60],[342.026]
2025-11-18T01:33:26+01:00,[60],[343.162]
2025-11-18T01:33:25+01:00,[60],[343.206]
2025-11-18T01:33:24+01:00,[60],[343.195]
2025-11-18T01:33:23+01:00,[60],[342.775]
2025-11-18T01:33:22+01:00,[60],[342.74]
2025-11-18T01:33:21+01:00,[60],[342.55]
2025-11-18T01:33:20+01:00,[60],[342.566]
2025-11-18T01:33:19+01:00,[60],[343.509]
2025-11-18T01:33:18+01:00,[60],[343.509]
2025-11-18T01:33:17+01:00,[60],[343.509]
2025-11-18T01:33:16+01:00,[60],[343.509]
2025-11-18T01:33:15+01:00,[60],[343.509]
2025-11-18T01:33:14+01:00,[60],[343.523]
2025-11-18T01:33:13+01:00,[60],[343.899]
2025-11-18T01:33:12+01:00,[60],[343.68]
2025-11-18T01:33:11+01:00,[60],[342.884]
2025-11-18T01:33:10+01:00,[60],[342.9]
2025-11-18T01:33:09+01:00,[60],[342.787]
2025-11-18T01:33:08+01:00,[60],[342.791]
2025-11-18T01:33:07+01:00,[60],[342.851]
2025-11-18T01:33:06+01:00,[60],[342.771]
2025-11-18T01:33:05+01:00,[60],[342.691]
2025-11-18T01:33:04+01:00,[60],[342.817]
2025-11-18T01:33:03+01:00,[60],[342.817]
2025-11-18T01:33:02+01:00,[60],[342.817]
2025-11-18T01:33:01+01:00,[60],[342.53]
2025-11-18T01:33:00+01:00,[60],[342.53]
2025-11-18T01:32:59+01:00,[60],[342.53]
2025-11-18T01:32:58+01:00,[60],[342.53]
2025-11-18T01:32:57+01:00,[60],[342.53]
2025-11-18T01:32:56+01:00,[60],[342.53]
2025-11-18T01:32:55+01:00,[60],[342.53]
2025-11-18T01:32:54+01:00,[60],[342.53]
2025-11-18T01:32:53+01:00,[60],[342.53]
2025-11-18T01:32:52+01:00,[60],[342.53]
2025-11-18T01:32:51+01:00,[60],[342.539]
2025-11-18T01:32:50+01:00,[60],[342.564]
2025-11-18T01:32:49+01:00,[60],[342.564]
2025-11-18T01:32:48+01:00,[60],[342.564]
2025-11-18T01:32:47+01:00,[60],[342.564]
2025-11-18T01:32:46+01:00,[60],[342.564]
2025-11-18T01:32:45+01:00,[60],[342.564]
2025-11-18T01:32:44+01:00,[60],[342.564]
2025-11-18T01:32:43+01:00,[60],[342.564]
2025-11-18T01:32:42+01:00,[60],[342.564]
2025-11-18T01:32:41+01:00,[60],[342.564]
2025-11-18T01:32:40+01:00,[60],[342.564]
2025-11-18T01:32:39+01:00,[60],[342.564]
2025-11-18T01:32:38+01:00,[60],[342.564]
2025-11-18T01:32:37+01:00,[60],[342.564]
2025-11-18T01:32:36+01:00,[60],[342.564]
2025-11-18T01:32:35+01:00,[60],[342.564]
2025-11-18T01:32:34+01:00,[60],[342.564]
2025-11-18T01:32:33+01:00,[60],[342.564]
2025-11-18T01:32:32+01:00,[60],[342.564]
2025-11-18T01:32:31+01:00,[60],[342.564]
2025-11-18T01:32:30+01:00,[60],[342.593]
2025-11-18T01:32:29+01:00,[60],[342.702]
2025-11-18T01:32:27+01:00,[60],[342.841]
2025-11-18T01:32:26+01:00,[60],[342.569]
2025-11-18T01:32:25+01:00,[60],[342.711]
2025-11-18T01:32:24+01:00,[60],[342.987]
2025-11-18T01:32:23+01:00,[60],[342.987]
2025-11-18T01:32:22+01:00,[60],[342.987]
2025-11-18T01:32:21+01:00,[60],[342.312]
2025-11-18T01:32:20+01:00,[60],[342.312]
2025-11-18T01:32:19+01:00,[60],[342.312]
2025-11-18T01:32:18+01:00,[60],[342.286]
2025-11-18T01:32:17+01:00,[60],[342.512]
2025-11-18T01:32:16+01:00,[60],[342.15]
2025-11-18T01:32:15+01:00,[60],[342.362]
2025-11-18T01:32:14+01:00,[60],[342.146]
2025-11-18T01:32:13+01:00,[60],[341.895]
2025-11-18T01:32:12+01:00,[60],[341.143]
2025-11-18T01:32:11+01:00,[60],[341.143]
2025-11-18T01:32:10+01:00,[60],[341.143]
2025-11-18T01:32:09+01:00,[60],[341.143]
2025-11-18T01:32:08+01:00,[60],[341.143]
2025-11-18T01:32:07+01:00,[60],[341.143]
2025-11-18T01:32:06+01:00,[60],[341.143]
2025-11-18T01:32:05+01:00,[60],[341.143]
2025-11-18T01:32:04+01:00,[60],[341.143]
2025-11-18T01:32:03+01:00,[60],[341.143]
2025-11-18T01:32:02+01:00,[60],[341.143]
2025-11-18T01:32:01+01:00,[60],[341.143]
2025-11-18T01:32:00+01:00,[60],[341.143]
2025-11-18T01:31:59+01:00,[60],[341.143]
2025-11-18T01:31:58+01:00,[60],[341.143]
2025-11-18T01:31:57+01:00,[60],[341.143]
2025-11-18T01:31:56+01:00,[60],[341.143]
2025-11-18T01:31:55+01:00,[60],[341.143]
2025-11-18T01:31:54+01:00,[60],[341.143]
2025-11-18T01:31:53+01:00,[60],[341.143]
2025-11-18T01:31:52+01:00,[60],[341.143]
2025-11-18T01:31:51+01:00,[60],[341.143]
2025-11-18T01:31:50+01:00,[60],[341.143]
2025-11-18T01:31:49+01:00,[60],[341.143]
2025-11-18T01:31:48+01:00,[60],[341.143]
2025-11-18T01:31:47+01:00,[60],[341.143]
2025-11-18T01:31:46+01:00,[60],[341.143]
2025-11-18T01:31:45+01:00,[60],[341.143]
2025-11-18T01:31:44+01:00,[60],[341.143]
2025-11-18T01:31:43+01:00,[60],[341.143]
2025-11-18T01:31:42+01:00,[60],[341.143]
2025-11-18T01:31:41+01:00,[60],[341.143]
2025-11-18T01:31:40+01:00,[60],[341.143]
2025-11-18T01:31:39+01:00,[60],[341.143]
2025-11-18T01:31:38+01:00,[60],[341.143]
2025-11-18T01:31:37+01:00,[60],[341.143]
2025-11-18T01:31:36+01:00,[60],[341.143]
2025-11-18T01:31:35+01:00,[60],[341.143]
2025-11-18T01:31:34+01:00,[60],[341.143]
2025-11-18T01:31:33+01:00,[60],[341.143]
2025-11-18T01:31:32+01:00,[60],[341.143]
2025-11-18T01:31:31+01:00,[60],[341.143]
2025-11-18T01:31:30+01:00,[60],[341.143]
2025-11-18T01:31:29+01:00,[60],[341.143]
2025-11-18T01:31:28+01:00,[60],[341.143]
2025-11-18T01:31:27+01:00,[60],[341.143]
2025-11-18T01:31:26+01:00,[60],[341.143]
2025-11-18T01:31:25+01:00,[60],[341.143]
2025-11-18T01:31:24+01:00,[60],[341.143]
2025-11-18T01:31:23+01:00,[60],[341.143]
2025-11-18T01:31:22+01:00,[60],[341.143]
2025-11-18T01:31:21+01:00,[60],[341.143]
2025-11-18T01:31:20+01:00,[60],[341.143]
2025-11-18T01:31:19+01:00,[60],[341.143]
2025-11-18T01:31:18+01:00,[60],[341.143]
2025-11-18T01:31:17+01:00,[60],[341.143]
2025-11-18T01:31:16+01:00,[60],[341.143]
2025-11-18T01:31:15+01:00,[60],[341.143]
2025-11-18T01:31:14+01:00,[60],[341.143]
2025-11-18T01:31:13+01:00,[60],[341.143]
2025-11-18T01:31:12+01:00,[60],[341.143]
2025-11-18T01:31:11+01:00,[60],[341.144]
2025-11-18T01:31:10+01:00,[60],[341.301]
2025-11-18T01:31:09+01:00,[60],[341.301]
2025-11-18T01:31:07+01:00,[60],[341.301]
2025-11-18T01:31:06+01:00,[60],[341.301]
2025-11-18T01:31:05+01:00,[60],[341.301]
2025-11-18T01:31:04+01:00,[60],[341.301]
2025-11-18T01:31:03+01:00,[60],[341.301]
2025-11-18T01:31:02+01:00,[60],[341.74]
2025-11-18T01:31:01+01:00,[60],[341.741]
2025-11-18T01:31:00+01:00,[60],[341.642]
2025-11-18T01:30:59+01:00,[60],[341.649]
2025-11-18T01:30:58+01:00,[60],[341.509]
2025-11-18T01:30:57+01:00,[60],[341.509]
2025-11-18T01:30:56+01:00,[60],[341.564]
2025-11-18T01:30:55+01:00,[60],[341.652]
2025-11-18T01:30:54+01:00,[60],[341.652]
2025-11-18T01:30:53+01:00,[60],[341.652]
2025-11-18T01:30:52+01:00,[60],[342.008]
2025-11-18T01:30:51+01:00,[60],[342.008]
2025-11-18T01:30:50+01:00,[60],[342.008]
2025-11-18T01:30:49+01:00,[60],[342.008]
2025-11-18T01:30:48+01:00,[60],[342.008]
2025-11-18T01:30:47+01:00,[60],[342.008]
2025-11-18T01:30:46+01:00,[60],[342.008]
2025-11-18T01:30:45+01:00,[60],[342.008]
2025-11-18T01:30:44+01:00,[60],[342.029]
2025-11-18T01:30:43+01:00,[60],[342.308]
2025-11-18T01:30:42+01:00,[60],[342.308]
2025-11-18T01:30:41+01:00,[60],[342.308]
2025-11-18T01:30:40+01:00,[60],[342.308]
2025-11-18T01:30:39+01:00,[60],[342.308]
2025-11-18T01:30:38+01:00,[60],[342.308]
2025-11-18T01:30:37+01:00,[60],[342.308]
2025-11-18T01:30:36+01:00,[60],[342.308]
2025-11-18T01:30:35+01:00,[60],[342.308]
2025-11-18T01:30:34+01:00,[60],[342.308]
2025-11-18T01:30:33+01:00,[60],[342.308]
2025-11-18T01:30:32+01:00,[60],[342.319]
2025-11-18T01:30:31+01:00,[60],[342.41]
2025-11-18T01:30:30+01:00,[60],[342.41]
2025-11-18T01:30:29+01:00,[60],[342.41]
2025-11-18T01:30:28+01:00,[60],[342.41]
2025-11-18T01:30:27+01:00,[60],[342.41]
2025-11-18T01:30:26+01:00,[60],[342.41]
2025-11-18T01:30:25+01:00,[60],[342.41]
2025-11-18T01:30:24+01:00,[60],[342.41]
2025-11-18T01:30:23+01:00,[60],[342.41]
2025-11-18T01:30:22+01:00,[60],[342.41]
2025-11-18T01:30:21+01:00,[60],[342.41]
2025-11-18T01:30:20+01:00,[60],[342.41]
2025-11-18T01:30:19+01:00,[60],[342.41]
2025-11-18T01:30:18+01:00,[60],[342.41]
2025-11-18T01:30:17+01:00,[60],[342.41]
2025-11-18T01:30:16+01:00,[60],[342.41]
2025-11-18T01:30:15+01:00,[60],[342.41]
2025-11-18T01:30:14+01:00,[60],[342.41]
2025-11-18T01:30:13+01:00,[60],[342.41]
2025-11-18T01:30:12+01:00,[60],[342.41]
2025-11-18T01:30:11+01:00,[60],[342.41]
2025-11-18T01:30:10+01:00,[60],[342.41]
2025-11-18T01:30:09+01:00,[60],[342.41]
2025-11-18T01:30:08+01:00,[60],[342.41]
2025-11-18T01:30:07+01:00,[60],[342.41]
2025-11-18T01:30:06+01:00,[60],[342.41]
2025-11-18T01:30:05+01:00,[60],[342.41]
2025-11-18T01:30:04+01:00,[60],[342.53]
2025-11-18T01:30:03+01:00,[60],[342.53]
2025-11-18T01:30:02+01:00,[60],[342.482]
2025-11-18T01:30:01+01:00,[60],[342.225]
2025-11-18T01:30:00+01:00,[60],[342.337]
2025-11-18T01:29:59+01:00,[60],[342.448]
2025-11-18T01:29:58+01:00,[60],[342.284]
2025-11-18T01:29:57+01:00,[60],[342.698]
2025-11-18T01:29:56+01:00,[60],[342.698]
2025-11-18T01:29:55+01:00,[60],[342.698]
2025-11-18T01:29:54+01:00,[60],[342.698]
2025-11-18T01:29:53+01:00,[60],[342.62]
2025-11-18T01:29:52+01:00,[60],[342.502]
2025-11-18T01:29:51+01:00,[60],[342.607]
2025-11-18T01:29:50+01:00,[60],[342.58]
2025-11-18T01:29:49+01:00,[60],[342.279]
2025-11-18T01:29:48+01:00,[60],[342.186]
2025-11-18T01:29:47+01:00,[60],[342.344]
2025-11-18T01:29:46+01:00,[60],[342.349]
2025-11-18T01:29:45+01:00,[60],[342.463]
2025-11-18T01:29:44+01:00,[60],[342.391]
2025-11-18T01:29:43+01:00,[60],[342.413]
2025-11-18T01:29:42+01:00,[60],[342.233]
2025-11-18T01:29:41+01:00,[60],[342.233]
2025-11-18T01:29:40+01:00,[60],[342.228]
2025-11-18T01:29:39+01:00,[60],[341.772]
2025-11-18T01:29:38+01:00,[60],[341.772]
2025-11-18T01:29:37+01:00,[60],[341.772]
2025-11-18T01:29:36+01:00,[60],[341.651]
2025-11-18T01:29:35+01:00,[60],[341.651]
2025-11-18T01:29:34+01:00,[60],[341.651]
2025-11-18T01:29:33+01:00,[60],[341.373]
2025-11-18T01:29:32+01:00,[60],[341.373]
2025-11-18T01:29:31+01:00,[60],[341.39]
2025-11-18T01:29:30+01:00,[60],[342.039]
2025-11-18T01:29:29+01:00,[60],[342.039]
2025-11-18T01:29:28+01:00,[60],[342.039]
2025-11-18T01:29:27+01:00,[60],[342.039]
2025-11-18T01:29:26+01:00,[60],[342.039]
2025-11-18T01:29:25+01:00,[60],[342.039]
2025-11-18T01:29:24+01:00,[60],[342.039]
2025-11-18T01:29:23+01:00,[60],[342.032]
2025-11-18T01:29:22+01:00,[60],[341.695]
2025-11-18T01:29:21+01:00,[60],[341.491]
2025-11-18T01:29:20+01:00,[60],[341.491]
2025-11-18T01:29:19+01:00,[60],[341.491]
2025-11-18T01:29:18+01:00,[60],[341.499]
2025-11-18T01:29:17+01:00,[60],[341.505]
2025-11-18T01:29:16+01:00,[60],[341.529]
2025-11-18T01:29:15+01:00,[60],[341.493]
2025-11-18T01:29:14+01:00,[60],[341.493]
2025-11-18T01:29:13+01:00,[60],[341.498]
2025-11-18T01:29:12+01:00,[60],[341.452]
2025-11-18T01:29:11+01:00,[60],[341.574]
2025-11-18T01:29:10+01:00,[60],[341.574]
2025-11-18T01:29:09+01:00,[60],[341.574]
2025-11-18T01:29:08+01:00,[60],[341.584]
2025-11-18T01:29:07+01:00,[60],[341.306]
2025-11-18T01:29:06+01:00,[60],[341.325]
2025-11-18T01:29:05+01:00,[60],[341.209]
2025-11-18T01:29:04+01:00,[60],[341.381]
2025-11-18T01:29:03+01:00,[60],[341.15]
2025-11-18T01:29:02+01:00,[60],[341.545]
2025-11-18T01:29:01+01:00,[60],[341.388]
2025-11-18T01:29:00+01:00,[60],[341.25]
2025-11-18T01:28:59+01:00,[60],[341.151]
2025-11-18T01:28:58+01:00,[60],[342.403]
2025-11-18T01:28:57+01:00,[60],[343.332]
2025-11-18T01:28:56+01:00,[60],[343.267]
2025-11-18T01:28:55+01:00,[60],[342.451]
2025-11-18T01:28:54+01:00,[60],[343.571]
2025-11-18T01:28:53+01:00,[60],[343.542]
2025-11-18T01:28:52+01:00,[60],[343.649]
2025-11-18T01:28:51+01:00,[60],[342.905]
2025-11-18T01:28:50+01:00,[60],[342.961]
2025-11-18T01:28:49+01:00,[60],[342.72]
2025-11-18T01:28:48+01:00,[60],[342.32]
2025-11-18T01:28:47+01:00,[60],[342.37]
2025-11-18T01:28:46+01:00,[60],[342.876]
2025-11-18T01:28:45+01:00,[60],[342.318]
2025-11-18T01:28:44+01:00,[60],[342.404]
2025-11-18T01:28:43+01:00,[60],[342.404]
2025-11-18T01:28:42+01:00,[60],[342.404]
2025-11-18T01:28:41+01:00,[60],[342.404]
2025-11-18T01:28:40+01:00,[60],[342.404]
2025-11-18T01:28:39+01:00,[60],[342.404]
2025-11-18T01:28:38+01:00,[60],[342.404]
2025-11-18T01:28:37+01:00,[60],[342.404]
2025-11-18T01:28:36+01:00,[60],[342.404]
2025-11-18T01:28:35+01:00,[60],[342.404]
2025-11-18T01:28:34+01:00,[60],[342.404]
2025-11-18T01:28:33+01:00,[60],[342.404]
2025-11-18T01:28:32+01:00,[60],[342.404]
2025-11-18T01:28:31+01:00,[60],[342.404]
2025-11-18T01:28:30+01:00,[60],[342.404]
2025-11-18T01:28:29+01:00,[60],[342.404]
2025-11-18T01:28:28+01:00,[60],[342.404]
2025-11-18T01:28:27+01:00,[60],[342.404]
2025-11-18T01:28:26+01:00,[60],[342.404]
2025-11-18T01:28:25+01:00,[60],[342.404]
2025-11-18T01:28:24+01:00,[60],[342.404]
2025-11-18T01:28:23+01:00,[60],[342.404]
2025-11-18T01:28:22+01:00,[60],[342.404]
2025-11-18T01:28:21+01:00,[60],[342.404]
2025-11-18T01:28:20+01:00,[60],[342.404]
2025-11-18T01:28:19+01:00,[60],[342.404]
2025-11-18T01:28:18+01:00,[60],[342.404]
2025-11-18T01:28:17+01:00,[60],[342.404]
2025-11-18T01:28:16+01:00,[60],[342.402]
2025-11-18T01:28:15+01:00,[60],[342.552]
2025-11-18T01:28:14+01:00,[60],[342.597]
2025-11-18T01:28:13+01:00,[60],[342.399]
2025-11-18T01:28:12+01:00,[60],[342.447]
2025-11-18T01:28:11+01:00,[60],[342.67]
2025-11-18T01:28:10+01:00,[60],[342.65]
2025-11-18T01:28:09+01:00,[60],[342.873]
2025-11-18T01:28:08+01:00,[60],[342.778]
2025-11-18T01:28:07+01:00,[60],[342.958]
2025-11-18T01:28:06+01:00,[60],[342.952]
2025-11-18T01:28:05+01:00,[60],[343.169]
2025-11-18T01:28:04+01:00,[60],[343.122]
2025-11-18T01:28:03+01:00,[60],[342.725]
2025-11-18T01:28:02+01:00,[60],[343.042]
2025-11-18T01:28:01+01:00,[60],[342.813]
2025-11-18T01:28:00+01:00,[60],[342.261]
2025-11-18T01:27:59+01:00,[60],[342.271]
2025-11-18T01:27:58+01:00,[60],[342.88]
2025-11-18T01:27:57+01:00,[60],[342.901]
2025-11-18T01:27:56+01:00,[60],[342.521]
2025-11-18T01:27:55+01:00,[60],[342.032]
2025-11-18T01:27:54+01:00,[60],[341.888]
2025-11-18T01:27:53+01:00,[60],[341.444]
2025-11-18T01:27:52+01:00,[60],[341.386]
2025-11-18T01:27:51+01:00,[60],[341.42]
2025-11-18T01:27:50+01:00,[60],[341.793]
2025-11-18T01:27:49+01:00,[60],[341.568]
2025-11-18T01:27:48+01:00,[60],[341.467]
2025-11-18T01:27:47+01:00,[60],[341.478]
2025-11-18T01:27:46+01:00,[60],[341.606]
2025-11-18T01:27:45+01:00,[60],[341.828]
2025-11-18T01:27:44+01:00,[60],[341.911]
2025-11-18T01:27:43+01:00,[60],[342.031]
2025-11-18T01:27:42+01:00,[60],[342.02]
2025-11-18T01:27:41+01:00,[60],[342.039]
2025-11-18T01:27:40+01:00,[60],[342.407]
2025-11-18T01:27:39+01:00,[60],[341.974]
2025-11-18T01:27:38+01:00,[60],[342.124]
2025-11-18T01:27:37+01:00,[60],[341.932]
2025-11-18T01:27:36+01:00,[60],[341.646]
2025-11-18T01:27:35+01:00,[60],[342.062]
2025-11-18T01:27:34+01:00,[60],[342.341]
2025-11-18T01:27:33+01:00,[60],[342.58]
2025-11-18T01:27:32+01:00,[60],[342.759]
2025-11-18T01:27:31+01:00,[60],[342.644]
2025-11-18T01:27:30+01:00,[60],[342.645]
2025-11-18T01:27:29+01:00,[60],[342.565]
2025-11-18T01:27:28+01:00,[60],[343.263]
2025-11-18T01:27:27+01:00,[60],[343.292]
2025-11-18T01:27:26+01:00,[60],[343.297]
2025-11-18T01:27:25+01:00,[60],[342.744]
2025-11-18T01:27:24+01:00,[60],[342.728]
2025-11-18T01:27:23+01:00,[60],[342.983]
2025-11-18T01:27:22+01:00,[60],[342.796]
2025-11-18T01:27:21+01:00,[60],[342.985]
2025-11-18T01:27:20+01:00,[60],[343.172]
2025-11-18T01:27:19+01:00,[60],[342.999]
2025-11-18T01:27:18+01:00,[60],[342.945]
2025-11-18T01:27:17+01:00,[60],[343.74]
2025-11-18T01:27:16+01:00,[60],[343.839]
2025-11-18T01:27:15+01:00,[60],[343.846]
2025-11-18T01:27:14+01:00,[60],[344.175]
2025-11-18T01:27:13+01:00,[60],[343.358]
2025-11-18T01:27:12+01:00,[60],[342.973]
2025-11-18T01:27:11+01:00,[60],[342.64]
2025-11-18T01:27:10+01:00,[60],[343.08]
2025-11-18T01:27:09+01:00,[60],[343.562]
2025-11-18T01:27:08+01:00,[60],[343.821]
2025-11-18T01:27:07+01:00,[60],[343.868]
2025-11-18T01:27:06+01:00,[60],[343.787]
2025-11-18T01:27:05+01:00,[60],[343.56]
2025-11-18T01:27:04+01:00,[60],[343.448]
2025-11-18T01:27:03+01:00,[60],[343.582]
2025-11-18T01:27:02+01:00,[60],[343.522]
2025-11-18T01:27:01+01:00,[60],[343.554]
2025-11-18T01:27:00+01:00,[60],[343.605]
2025-11-18T01:26:59+01:00,[60],[343.561]
2025-11-18T01:26:58+01:00,[60],[343.647]
2025-11-18T01:26:57+01:00,[60],[343.865]
2025-11-18T01:26:56+01:00,[60],[344.172]
2025-11-18T01:26:55+01:00,[60],[344.313]
2025-11-18T01:26:54+01:00,[60],[344.466]
2025-11-18T01:26:53+01:00,[60],[344.318]
2025-11-18T01:26:52+01:00,[60],[344.659]
2025-11-18T01:26:51+01:00,[60],[344.701]
2025-11-18T01:26:50+01:00,[60],[344.521]
2025-11-18T01:26:49+01:00,[60],[344.251]
2025-11-18T01:26:48+01:00,[60],[344.348]
2025-11-18T01:26:47+01:00,[60],[344.47]
2025-11-18T01:26:46+01:00,[60],[344.517]
2025-11-18T01:26:45+01:00,[60],[344.517]
2025-11-18T01:26:44+01:00,[60],[344.511]
2025-11-18T01:26:43+01:00,[60],[344.521]
2025-11-18T01:26:42+01:00,[60],[344.646]
2025-11-18T01:26:41+01:00,[60],[344.697]
2025-11-18T01:26:40+01:00,[60],[344.489]
2025-11-18T01:26:39+01:00,[60],[344.45]
2025-11-18T01:26:38+01:00,[60],[344.189]
2025-11-18T01:26:37+01:00,[60],[344.053]
2025-11-18T01:26:36+01:00,[60],[344.1]
2025-11-18T01:26:35+01:00,[60],[344.254]
2025-11-18T01:26:34+01:00,[60],[344.316]
2025-11-18T01:26:33+01:00,[60],[344.194]
2025-11-18T01:26:32+01:00,[60],[344.328]
2025-11-18T01:26:31+01:00,[60],[344.589]
2025-11-18T01:26:30+01:00,[60],[344.935]
2025-11-18T01:26:29+01:00,[60],[345.29]
2025-11-18T01:26:28+01:00,[60],[345.076]
2025-11-18T01:26:27+01:00,[60],[344.822]
2025-11-18T01:26:26+01:00,[60],[344.771]
2025-11-18T01:26:25+01:00,[60],[344.896]
2025-11-18T01:26:24+01:00,[60],[344.896]
2025-11-18T01:26:23+01:00,[60],[344.894]
2025-11-18T01:26:22+01:00,[60],[344.694]
2025-11-18T01:26:21+01:00,[60],[344.694]
2025-11-18T01:26:20+01:00,[60],[344.694]
2025-11-18T01:26:19+01:00,[60],[344.695]
2025-11-18T01:26:18+01:00,[60],[345.007]
2025-11-18T01:26:17+01:00,[60],[345.007]
2025-11-18T01:26:16+01:00,[60],[345.007]
2025-11-18T01:26:15+01:00,[60],[345.643]
2025-11-18T01:26:14+01:00,[60],[345.643]
2025-11-18T01:26:13+01:00,[60],[345.643]
2025-11-18T01:26:12+01:00,[60],[345.643]
2025-11-18T01:26:11+01:00,[60],[345.643]
2025-11-18T01:26:10+01:00,[60],[345.842]
2025-11-18T01:26:09+01:00,[60],[346.051]
2025-11-18T01:26:08+01:00,[60],[346.267]
2025-11-18T01:26:07+01:00,[60],[346.562]
2025-11-18T01:26:06+01:00,[60],[346.256]
2025-11-18T01:26:05+01:00,[60],[346.217]
2025-11-18T01:26:04+01:00,[60],[345.834]
2025-11-18T01:26:03+01:00,[60],[345.834]
2025-11-18T01:26:02+01:00,[60],[345.834]
2025-11-18T01:26:01+01:00,[60],[345.927]
2025-11-18T01:26:00+01:00,[60],[346.052]
2025-11-18T01:25:59+01:00,[60],[345.052]
2025-11-18T01:25:58+01:00,[60],[345.08]
2025-11-18T01:25:57+01:00,[60],[344.72]
2025-11-18T01:25:56+01:00,[60],[344.708]
2025-11-18T01:25:55+01:00,[60],[344.484]
2025-11-18T01:25:54+01:00,[60],[344.654]
2025-11-18T01:25:53+01:00,[60],[344.789]
2025-11-18T01:25:52+01:00,[60],[344.903]
2025-11-18T01:25:51+01:00,[60],[344.511]
2025-11-18T01:25:50+01:00,[60],[344.649]
2025-11-18T01:25:49+01:00,[60],[344.733]
2025-11-18T01:25:48+01:00,[60],[344.656]
2025-11-18T01:25:47+01:00,[60],[344.621]
2025-11-18T01:25:46+01:00,[60],[344.512]
2025-11-18T01:25:45+01:00,[60],[344.499]
2025-11-18T01:25:44+01:00,[60],[344.51]
2025-11-18T01:25:43+01:00,[60],[344.538]
2025-11-18T01:25:42+01:00,[60],[344.598]
2025-11-18T01:25:41+01:00,[60],[344.676]
2025-11-18T01:25:40+01:00,[60],[344.694]
2025-11-18T01:25:39+01:00,[60],[344.707]
2025-11-18T01:25:38+01:00,[60],[344.71]
2025-11-18T01:25:37+01:00,[60],[344.644]
2025-11-18T01:25:36+01:00,[60],[344.68]
2025-11-18T01:25:35+01:00,[60],[344.63]
2025-11-18T01:25:34+01:00,[60],[344.569]
2025-11-18T01:25:33+01:00,[60],[344.579]
2025-11-18T01:25:32+01:00,[60],[344.68]
2025-11-18T01:25:31+01:00,[60],[344.651]
2025-11-18T01:25:30+01:00,[60],[344.614]
2025-11-18T01:25:29+01:00,[60],[344.592]
2025-11-18T01:25:28+01:00,[60],[344.582]
2025-11-18T01:25:27+01:00,[60],[344.645]
2025-11-18T01:25:26+01:00,[60],[344.624]
2025-11-18T01:25:25+01:00,[60],[344.609]
2025-11-18T01:25:24+01:00,[60],[344.614]
2025-11-18T01:25:23+01:00,[60],[344.65]
2025-11-18T01:25:22+01:00,[60],[344.629]
2025-11-18T01:25:21+01:00,[60],[344.63]
2025-11-18T01:25:20+01:00,[60],[344.612]
2025-11-18T01:25:19+01:00,[60],[344.615]
2025-11-18T01:25:18+01:00,[60],[344.662]
2025-11-18T01:25:17+01:00,[60],[344.693]
2025-11-18T01:25:16+01:00,[60],[344.746]
2025-11-18T01:25:15+01:00,[60],[344.707]
2025-11-18T01:25:14+01:00,[60],[344.706]
2025-11-18T01:25:13+01:00,[60],[344.766]
2025-11-18T01:25:12+01:00,[60],[344.807]
2025-11-18T01:25:11+01:00,[60],[344.911]
2025-11-18T01:25:10+01:00,[60],[344.95]
2025-11-18T01:25:09+01:00,[60],[344.93]
2025-11-18T01:25:08+01:00,[60],[345.002]
2025-11-18T01:25:07+01:00,[60],[344.927]
2025-11-18T01:25:06+01:00,[60],[345.205]
2025-11-18T01:25:05+01:00,[60],[345.237]
2025-11-18T01:25:04+01:00,[60],[345.31]
2025-11-18T01:25:03+01:00,[60],[345.337]
2025-11-18T01:25:02+01:00,[60],[345.301]
2025-11-18T01:25:01+01:00,[60],[345.304]
2025-11-18T01:25:00+01:00,[60],[345.339]
2025-11-18T01:24:59+01:00,[60],[345.404]
2025-11-18T01:24:58+01:00,[60],[345.408]
2025-11-18T01:24:57+01:00,[60],[345.428]
2025-11-18T01:24:56+01:00,[60],[345.505]
2025-11-18T01:24:55+01:00,[60],[345.524]
2025-11-18T01:24:54+01:00,[60],[345.514]
2025-11-18T01:24:53+01:00,[60],[345.527]
2025-11-18T01:24:52+01:00,[60],[345.49]
2025-11-18T01:24:51+01:00,[60],[345.505]
2025-11-18T01:24:50+01:00,[60],[345.527]
2025-11-18T01:24:49+01:00,[60],[345.542]
2025-11-18T01:24:48+01:00,[60],[345.602]
2025-11-18T01:24:47+01:00,[60],[345.577]
2025-11-18T01:24:46+01:00,[60],[345.522]
2025-11-18T01:24:45+01:00,[60],[345.474]
2025-11-18T01:24:44+01:00,[60],[345.335]
2025-11-18T01:24:43+01:00,[60],[345.249]
2025-11-18T01:24:42+01:00,[60],[345.234]
2025-11-18T01:24:41+01:00,[60],[345.205]
2025-11-18T01:24:40+01:00,[60],[345.199]
2025-11-18T01:24:39+01:00,[60],[345.104]
2025-11-18T01:24:38+01:00,[60],[345.142]
2025-11-18T01:24:37+01:00,[60],[345.193]
2025-11-18T01:24:36+01:00,[60],[345.32]
2025-11-18T01:24:35+01:00,[60],[345.352]
2025-11-18T01:24:34+01:00,[60],[345.317]
2025-11-18T01:24:33+01:00,[60],[345.257]
2025-11-18T01:24:32+01:00,[60],[345.272]
2025-11-18T01:24:31+01:00,[60],[345.259]
2025-11-18T01:24:30+01:00,[60],[345.266]
2025-11-18T01:24:29+01:00,[60],[345.231]
2025-11-18T01:24:28+01:00,[60],[345.299]
2025-11-18T01:24:27+01:00,[60],[345.272]
2025-11-18T01:24:26+01:00,[60],[345.288]
2025-11-18T01:24:25+01:00,[60],[345.287]
2025-11-18T01:24:24+01:00,[60],[345.229]
2025-11-18T01:24:23+01:00,[60],[345.238]
2025-11-18T01:24:22+01:00,[60],[345.172]
2025-11-18T01:24:21+01:00,[60],[345.139]
2025-11-18T01:24:20+01:00,[60],[345.107]
2025-11-18T01:24:19+01:00,[60],[345.097]
2025-11-18T01:24:18+01:00,[60],[345.01]
2025-11-18T01:24:17+01:00,[60],[344.968]
2025-11-18T01:24:16+01:00,[60],[344.961]
2025-11-18T01:24:15+01:00,[60],[345.012]
2025-11-18T01:24:14+01:00,[60],[344.996]
2025-11-18T01:24:13+01:00,[60],[344.957]
2025-11-18T01:24:12+01:00,[60],[345.013]
2025-11-18T01:24:11+01:00,[60],[345.047]
2025-11-18T01:24:10+01:00,[60],[345.058]
2025-11-18T01:24:09+01:00,[60],[345.148]
2025-11-18T01:24:08+01:00,[60],[345.268]
2025-11-18T01:24:07+01:00,[60],[345.244]
2025-11-18T01:24:06+01:00,[60],[345.252]
2025-11-18T01:24:05+01:00,[60],[345.26]
2025-11-18T01:24:04+01:00,[60],[345.298]
2025-11-18T01:24:03+01:00,[60],[345.324]
2025-11-18T01:24:02+01:00,[60],[345.374]
2025-11-18T01:24:01+01:00,[60],[345.506]
2025-11-18T01:24:00+01:00,[60],[345.519]
2025-11-18T01:23:59+01:00,[60],[345.535]
2025-11-18T01:23:58+01:00,[60],[345.537]
2025-11-18T01:23:57+01:00,[60],[345.593]
2025-11-18T01:23:56+01:00,[60],[345.668]
2025-11-18T01:23:55+01:00,[60],[345.776]
2025-11-18T01:23:54+01:00,[60],[345.764]
2025-11-18T01:23:53+01:00,[60],[345.811]
2025-11-18T01:23:52+01:00,[60],[345.81]
2025-11-18T01:23:51+01:00,[60],[345.861]
2025-11-18T01:23:50+01:00,[60],[345.88]
2025-11-18T01:23:49+01:00,[60],[345.793]
2025-11-18T01:23:48+01:00,[60],[345.691]
2025-11-18T01:23:47+01:00,[60],[345.656]
2025-11-18T01:23:46+01:00,[60],[345.626]
2025-11-18T01:23:45+01:00,[60],[345.595]
2025-11-18T01:23:44+01:00,[60],[345.556]
2025-11-18T01:23:43+01:00,[60],[345.567]
2025-11-18T01:23:42+01:00,[60],[345.575]
2025-11-18T01:23:41+01:00,[60],[345.569]
2025-11-18T01:23:40+01:00,[60],[345.631]
2025-11-18T01:23:39+01:00,[60],[345.63]
2025-11-18T01:23:38+01:00,[60],[345.579]
2025-11-18T01:23:37+01:00,[60],[345.575]
2025-11-18T01:23:36+01:00,[60],[345.563]
2025-11-18T01:23:35+01:00,[60],[345.543]
2025-11-18T01:23:34+01:00,[60],[345.63]
2025-11-18T01:23:33+01:00,[60],[345.62]
2025-11-18T01:23:32+01:00,[60],[345.623]
2025-11-18T01:23:31+01:00,[60],[345.635]
2025-11-18T01:23:30+01:00,[60],[345.646]
2025-11-18T01:23:29+01:00,[60],[345.703]
2025-11-18T01:23:28+01:00,[60],[345.748]
2025-11-18T01:23:27+01:00,[60],[345.723]
2025-11-18T01:23:26+01:00,[60],[345.809]
2025-11-18T01:23:25+01:00,[60],[345.891]
2025-11-18T01:23:24+01:00,[60],[345.923]
2025-11-18T01:23:23+01:00,[60],[345.932]
2025-11-18T01:23:22+01:00,[60],[346.007]
2025-11-18T01:23:21+01:00,[60],[346.012]
2025-11-18T01:23:20+01:00,[60],[346.074]
2025-11-18T01:23:19+01:00,[60],[346.123]
2025-11-18T01:23:18+01:00,[60],[346.111]
2025-11-18T01:23:17+01:00,[60],[346.037]
2025-11-18T01:23:16+01:00,[60],[346.044]
2025-11-18T01:23:15+01:00,[60],[346.077]
2025-11-18T01:23:14+01:00,[60],[346.126]
2025-11-18T01:23:13+01:00,[60],[346.16]
2025-11-18T01:23:12+01:00,[60],[346.163]
2025-11-18T01:23:11+01:00,[60],[346.191]
2025-11-18T01:23:10+01:00,[60],[346.205]
2025-11-18T01:23:09+01:00,[60],[346.214]
2025-11-18T01:23:08+01:00,[60],[346.233]
2025-11-18T01:23:07+01:00,[60],[346.23]
2025-11-18T01:23:06+01:00,[60],[346.358]
2025-11-18T01:23:05+01:00,[60],[346.424]
2025-11-18T01:23:04+01:00,[60],[346.48]
2025-11-18T01:23:03+01:00,[60],[346.445]
2025-11-18T01:23:02+01:00,[60],[346.458]
2025-11-18T01:23:01+01:00,[60],[346.397]
2025-11-18T01:23:00+01:00,[60],[346.336]
2025-11-18T01:22:59+01:00,[60],[346.374]
2025-11-18T01:22:58+01:00,[60],[346.454]
2025-11-18T01:22:57+01:00,[60],[346.423]
2025-11-18T01:22:56+01:00,[60],[346.471]
2025-11-18T01:22:55+01:00,[60],[346.466]
2025-11-18T01:22:54+01:00,[60],[346.493]
2025-11-18T01:22:53+01:00,[60],[346.53]
2025-11-18T01:22:52+01:00,[60],[346.547]
2025-11-18T01:22:51+01:00,[60],[346.498]
2025-11-18T01:22:50+01:00,[60],[346.458]
2025-11-18T01:22:49+01:00,[60],[346.5]
2025-11-18T01:22:48+01:00,[60],[346.585]
2025-11-18T01:22:47+01:00,[60],[346.476]
2025-11-18T01:22:46+01:00,[60],[346.43]
2025-11-18T01:22:45+01:00,[60],[346.418]
2025-11-18T01:22:44+01:00,[60],[346.454]
2025-11-18T01:22:43+01:00,[60],[346.529]
2025-11-18T01:22:42+01:00,[60],[346.62]
2025-11-18T01:22:41+01:00,[60],[346.609]
2025-11-18T01:22:40+01:00,[60],[346.678]
2025-11-18T01:22:39+01:00,[60],[346.712]
2025-11-18T01:22:38+01:00,[60],[346.716]
2025-11-18T01:22:37+01:00,[60],[346.702]
2025-11-18T01:22:36+01:00,[60],[346.667]
2025-11-18T01:22:35+01:00,[60],[346.671]
2025-11-18T01:22:34+01:00,[60],[346.633]
2025-11-18T01:22:33+01:00,[60],[346.688]
2025-11-18T01:22:32+01:00,[60],[346.72]
2025-11-18T01:22:31+01:00,[60],[346.742]
2025-11-18T01:22:30+01:00,[60],[346.748]
2025-11-18T01:22:29+01:00,[60],[346.762]
2025-11-18T01:22:28+01:00,[60],[346.817]
2025-11-18T01:22:27+01:00,[60],[343.333]
2025-11-18T01:22:26+01:00,[60],[343.333]
2025-11-18T01:22:25+01:00,[60],[343.333]
2025-11-18T01:22:24+01:00,[60],[343.333]
2025-11-18T01:22:23+01:00,[60],[343.333]
2025-11-18T01:22:22+01:00,[60],[343.333]
2025-11-18T01:22:21+01:00,[60],[343.333]
2025-11-18T01:22:20+01:00,[60],[343.333]
2025-11-18T01:22:19+01:00,[60],[343.333]
2025-11-18T01:22:18+01:00,[60],[343.333]
2025-11-18T01:22:17+01:00,[60],[343.333]
2025-11-18T01:22:16+01:00,[60],[343.333]
2025-11-18T01:22:15+01:00,[60],[343.333]
2025-11-18T01:22:14+01:00,[60],[343.333]
2025-11-18T01:22:13+01:00,[60],[343.333]
2025-11-18T01:22:12+01:00,[60],[343.333]
2025-11-18T01:22:11+01:00,[60],[343.333]
2025-11-18T01:22:10+01:00,[60],[343.333]
2025-11-18T01:22:09+01:00,[60],[343.333]
2025-11-18T01:22:08+01:00,[60],[343.333]
2025-11-18T01:22:07+01:00,[60],[343.333]
2025-11-18T01:22:06+01:00,[60],[343.333]
2025-11-18T01:22:05+01:00,[60],[343.333]
2025-11-18T01:22:04+01:00,[60],[343.333]
2025-11-18T01:22:03+01:00,[60],[343.333]
2025-11-18T01:22:02+01:00,[60],[343.333]
2025-11-18T01:22:01+01:00,[60],[343.333]
2025-11-18T01:22:00+01:00,[60],[343.333]
2025-11-18T01:21:59+01:00,[60],[343.333]
2025-11-18T01:21:58+01:00,[60],[343.333]
2025-11-18T01:21:57+01:00,[60],[343.333]
2025-11-18T01:21:56+01:00,[60],[343.333]
2025-11-18T01:21:54+01:00,[60],[342.168]
2025-11-18T01:21:51+01:00,[60],[347.841]
2025-11-18T01:21:41+01:00,[60],[347.841]
2025-11-18T01:21:40+01:00,[60],[347.841]
2025-11-18T01:21:39+01:00,[60],[347.841]
2025-11-18T01:21:38+01:00,[60],[347.841]
2025-11-18T01:21:37+01:00,[60],[347.841]
2025-11-18T01:21:36+01:00,[60],[347.841]
2025-11-18T01:21:35+01:00,[60],[347.841]
2025-11-18T01:21:34+01:00,[60],[347.841]
2025-11-18T01:21:33+01:00,[60],[347.841]
2025-11-18T01:21:32+01:00,[60],[347.841]
2025-11-18T01:21:31+01:00,[60],[347.841]
2025-11-18T01:21:30+01:00,[60],[347.841]
2025-11-18T01:21:29+01:00,[60],[347.841]
2025-11-18T01:21:28+01:00,[60],[347.841]
2025-11-18T01:21:27+01:00,[60],[347.841]
2025-11-18T01:21:26+01:00,[60],[347.841]
2025-11-18T01:21:25+01:00,[60],[347.841]
2025-11-18T01:21:24+01:00,[60],[347.841]
2025-11-18T01:21:23+01:00,[60],[347.841]
2025-11-18T01:21:22+01:00,[60],[347.841]
2025-11-18T01:21:21+01:00,[60],[347.841]
2025-11-18T01:21:20+01:00,[60],[347.841]
2025-11-18T01:21:19+01:00,[60],[347.841]
2025-11-18T01:21:18+01:00,[60],[347.841]
2025-11-18T01:21:17+01:00,[60],[347.841]
2025-11-18T01:21:16+01:00,[60],[347.841]
2025-11-18T01:21:15+01:00,[60],[347.841]
2025-11-18T01:21:14+01:00,[60],[347.841]
2025-11-18T01:21:13+01:00,[60],[347.841]
2025-11-18T01:21:12+01:00,[60],[347.841]
2025-11-18T01:21:11+01:00,[60],[347.841]
2025-11-18T01:21:10+01:00,[60],[347.841]
2025-11-18T01:21:09+01:00,[60],[347.841]
2025-11-18T01:21:08+01:00,[60],[347.841]
2025-11-18T01:21:07+01:00,[60],[347.841]
2025-11-18T01:21:06+01:00,[60],[347.841]
2025-11-18T01:21:05+01:00,[60],[347.841]
2025-11-18T01:21:04+01:00,[60],[347.841]
2025-11-18T01:21:03+01:00,[60],[347.841]
2025-11-18T01:21:02+01:00,[60],[347.841]
2025-11-18T01:21:01+01:00,[60],[347.841]
2025-11-18T01:21:00+01:00,[60],[347.841]
2025-11-18T01:20:59+01:00,[60],[347.841]
2025-11-18T01:20:58+01:00,[60],[347.841]
2025-11-18T01:20:57+01:00,[60],[347.841]
2025-11-18T01:20:56+01:00,[60],[347.841]
2025-11-18T01:20:55+01:00,[60],[347.841]
2025-11-18T01:20:54+01:00,[60],[347.841]
2025-11-18T01:20:53+01:00,[60],[347.841]
2025-11-18T01:20:52+01:00,[60],[347.841]
2025-11-18T01:20:51+01:00,[60],[347.841]
2025-11-18T01:20:50+01:00,[60],[347.841]
2025-11-18T01:20:49+01:00,[60],[347.841]
2025-11-18T01:20:48+01:00,[60],[347.841]
2025-11-18T01:20:47+01:00,[60],[347.841]
2025-11-18T01:20:46+01:00,[60],[347.841]
2025-11-18T01:20:45+01:00,[60],[347.841]
2025-11-18T01:20:44+01:00,[60],[347.841]
2025-11-18T01:20:43+01:00,[60],[347.841]
2025-11-18T01:20:42+01:00,[60],[347.841]
2025-11-18T01:20:41+01:00,[60],[347.841]
2025-11-18T01:20:40+01:00,[60],[347.841]
2025-11-18T01:20:39+01:00,[60],[347.841]
2025-11-18T01:20:38+01:00,[60],[347.841]
2025-11-18T01:20:37+01:00,[60],[347.841]
2025-11-18T01:20:36+01:00,[60],[347.841]
2025-11-18T01:20:35+01:00,[60],[347.841]
2025-11-18T01:20:34+01:00,[60],[347.841]
2025-11-18T01:20:33+01:00,[60],[347.841]
2025-11-18T01:20:32+01:00,[60],[347.841]
2025-11-18T01:20:31+01:00,[60],[347.841]
2025-11-18T01:20:30+01:00,[60],[347.841]
2025-11-18T01:20:29+01:00,[60],[347.841]
2025-11-18T01:20:28+01:00,[60],[347.841]
2025-11-18T01:20:27+01:00,[60],[347.841]
2025-11-18T01:20:26+01:00,[60],[347.841]
2025-11-18T01:20:25+01:00,[60],[347.841]
2025-11-18T01:20:24+01:00,[60],[347.841]
2025-11-18T01:20:23+01:00,[60],[347.841]
2025-11-18T01:20:22+01:00,[60],[347.841]
2025-11-18T01:20:21+01:00,[60],[347.841]
2025-11-18T01:20:20+01:00,[60],[347.841]
2025-11-18T01:20:19+01:00,[60],[347.841]
2025-11-18T01:20:18+01:00,[60],[347.841]
2025-11-18T01:20:17+01:00,[60],[347.841]
2025-11-18T01:20:16+01:00,[60],[347.841]
2025-11-18T01:20:15+01:00,[60],[347.841]
2025-11-18T01:20:14+01:00,[60],[347.841]
2025-11-18T01:20:13+01:00,[60],[347.841]
2025-11-18T01:20:12+01:00,[60],[347.841]
2025-11-18T01:20:11+01:00,[60],[347.841]
2025-11-18T01:20:10+01:00,[60],[347.841]
2025-11-18T01:20:09+01:00,[60],[347.841]
2025-11-18T01:20:07+01:00,[60],[347.841]
2025-11-18T01:20:06+01:00,[60],[347.841]
2025-11-18T01:20:05+01:00,[60],[347.841]
2025-11-18T01:20:04+01:00,[60],[347.841]
2025-11-18T01:20:03+01:00,[60],[347.841]
2025-11-18T01:20:02+01:00,[60],[347.841]
2025-11-18T01:20:01+01:00,[60],[347.841]
2025-11-18T01:20:00+01:00,[60],[347.841]
2025-11-18T01:19:59+01:00,[60],[347.841]
2025-11-18T01:19:58+01:00,[60],[347.841]
2025-11-18T01:19:57+01:00,[60],[347.841]
2025-11-18T01:19:56+01:00,[60],[347.841]
2025-11-18T01:19:55+01:00,[60],[347.841]
2025-11-18T01:19:54+01:00,[60],[347.841]
2025-11-18T01:19:53+01:00,[60],[347.841]
2025-11-18T01:19:52+01:00,[60],[347.841]
2025-11-18T01:19:51+01:00,[60],[347.841]
2025-11-18T01:19:50+01:00,[60],[347.841]
2025-11-18T01:19:49+01:00,[60],[347.841]
2025-11-18T01:19:48+01:00,[60],[347.841]
2025-11-18T01:19:47+01:00,[60],[347.841]
2025-11-18T01:19:46+01:00,[60],[347.841]
2025-11-18T01:19:45+01:00,[60],[347.841]
2025-11-18T01:19:44+01:00,[60],[347.841]
2025-11-18T01:19:43+01:00,[60],[347.841]
2025-11-18T01:19:42+01:00,[60],[347.841]
2025-11-18T01:19:41+01:00,[60],[347.841]
2025-11-18T01:19:40+01:00,[60],[347.841]
2025-11-18T01:19:39+01:00,[60],[347.841]
2025-11-18T01:19:38+01:00,[60],[347.841]
2025-11-18T01:19:37+01:00,[60],[347.841]
2025-11-18T01:19:36+01:00,[60],[347.841]
2025-11-18T01:19:35+01:00,[60],[347.841]
2025-11-18T01:19:34+01:00,[60],[347.841]
2025-11-18T01:19:33+01:00,[60],[347.841]
2025-11-18T01:19:32+01:00,[60],[347.841]
2025-11-18T01:19:31+01:00,[60],[347.841]
2025-11-18T01:19:30+01:00,[60],[347.841]
2025-11-18T01:19:29+01:00,[60],[347.841]
2025-11-18T01:19:28+01:00,[60],[347.841]
2025-11-18T01:19:27+01:00,[60],[347.841]
2025-11-18T01:19:26+01:00,[60],[347.841]
2025-11-18T01:19:25+01:00,[60],[347.841]
2025-11-18T01:19:24+01:00,[60],[347.841]
2025-11-18T01:19:23+01:00,[60],[347.841]
2025-11-18T01:19:22+01:00,[60],[347.841]
2025-11-18T01:19:21+01:00,[60],[347.841]
2025-11-18T01:19:20+01:00,[60],[347.841]
2025-11-18T01:19:19+01:00,[60],[347.841]
2025-11-18T01:19:18+01:00,[60],[347.841]
2025-11-18T01:19:17+01:00,[60],[347.841]
2025-11-18T01:19:16+01:00,[60],[347.841]
2025-11-18T01:19:15+01:00,[60],[347.841]
2025-11-18T01:19:14+01:00,[60],[347.841]
2025-11-18T01:19:13+01:00,[60],[347.841]
2025-11-18T01:19:12+01:00,[60],[347.841]
2025-11-18T01:19:11+01:00,[60],[347.841]
2025-11-18T01:19:10+01:00,[60],[347.841]
2025-11-18T01:19:09+01:00,[60],[347.841]
2025-11-18T01:19:08+01:00,[60],[347.841]
2025-11-18T01:19:07+01:00,[60],[347.841]
2025-11-18T01:19:06+01:00,[60],[347.841]
2025-11-18T01:19:05+01:00,[60],[347.841]
2025-11-18T01:19:04+01:00,[60],[347.841]
2025-11-18T01:19:03+01:00,[60],[347.841]
2025-11-18T01:19:02+01:00,[60],[347.841]
2025-11-18T01:19:01+01:00,[60],[347.841]
2025-11-18T01:19:00+01:00,[60],[347.841]
2025-11-18T01:18:59+01:00,[60],[347.841]
2025-11-18T01:18:58+01:00,[60],[347.841]
2025-11-18T01:18:57+01:00,[60],[347.841]
2025-11-18T01:18:56+01:00,[60],[347.841]
2025-11-18T01:18:55+01:00,[60],[347.841]
2025-11-18T01:18:54+01:00,[60],[347.841]
2025-11-18T01:18:53+01:00,[60],[347.841]
2025-11-18T01:18:52+01:00,[60],[347.841]
2025-11-18T01:18:51+01:00,[60],[347.841]
2025-11-18T01:18:50+01:00,[60],[347.841]
2025-11-18T01:18:49+01:00,[60],[347.841]
2025-11-18T01:18:48+01:00,[60],[347.841]
2025-11-18T01:18:47+01:00,[60],[347.841]
2025-11-18T01:18:46+01:00,[60],[347.841]
2025-11-18T01:18:45+01:00,[60],[347.841]
2025-11-18T01:18:44+01:00,[60],[347.841]
2025-11-18T01:18:43+01:00,[60],[347.841]
2025-11-18T01:18:42+01:00,[60],[347.841]
2025-11-18T01:18:41+01:00,[60],[347.841]
2025-11-18T01:18:40+01:00,[60],[347.841]
2025-11-18T01:18:39+01:00,[60],[347.841]
2025-11-18T01:18:38+01:00,[60],[347.841]
2025-11-18T01:18:37+01:00,[60],[347.841]
2025-11-18T01:18:36+01:00,[60],[347.841]
2025-11-18T01:18:35+01:00,[60],[347.841]
2025-11-18T01:18:34+01:00,[60],[347.841]
2025-11-18T01:18:33+01:00,[60],[347.841]
2025-11-18T01:18:32+01:00,[60],[347.841]
2025-11-18T01:18:31+01:00,[60],[347.841]
2025-11-18T01:18:30+01:00,[60],[347.841]
2025-11-18T01:18:29+01:00,[60],[347.841]
2025-11-18T01:18:28+01:00,[60],[347.841]
2025-11-18T01:18:27+01:00,[60],[347.841]
2025-11-18T01:18:26+01:00,[60],[347.841]
2025-11-18T01:18:25+01:00,[60],[347.841]
2025-11-18T01:18:24+01:00,[60],[347.841]
2025-11-18T01:18:23+01:00,[60],[347.841]
2025-11-18T01:18:22+01:00,[60],[347.841]
2025-11-18T01:18:21+01:00,[60],[347.841]
2025-11-18T01:18:20+01:00,[60],[347.841]
2025-11-18T01:18:19+01:00,[60],[347.841]
2025-11-18T01:18:18+01:00,[60],[347.841]
2025-11-18T01:18:17+01:00,[60],[347.841]
2025-11-18T01:18:16+01:00,[60],[347.841]
2025-11-18T01:18:15+01:00,[60],[347.841]
2025-11-18T01:18:14+01:00,[60],[347.841]
2025-11-18T01:18:13+01:00,[60],[347.841]
2025-11-18T01:18:12+01:00,[60],[347.841]
2025-11-18T01:18:11+01:00,[60],[347.841]
2025-11-18T01:18:10+01:00,[60],[347.841]
2025-11-18T01:18:09+01:00,[60],[347.841]
2025-11-18T01:18:08+01:00,[60],[347.841]
2025-11-18T01:18:07+01:00,[60],[347.841]
2025-11-18T01:18:06+01:00,[60],[347.841]
2025-11-18T01:18:05+01:00,[60],[347.841]
2025-11-18T01:18:04+01:00,[60],[347.841]
2025-11-18T01:18:03+01:00,[60],[347.841]
2025-11-18T01:18:01+01:00,[60],[347.841]
2025-11-18T01:18:00+01:00,[60],[347.841]
2025-11-18T01:17:59+01:00,[60],[347.841]
2025-11-18T01:17:58+01:00,[60],[347.841]
2025-11-18T01:17:57+01:00,[60],[347.841]
2025-11-18T01:17:56+01:00,[60],[347.841]
2025-11-18T01:17:55+01:00,[60],[347.841]
2025-11-18T01:17:54+01:00,[60],[347.841]
2025-11-18T01:17:53+01:00,[60],[347.841]
2025-11-18T01:17:52+01:00,[60],[347.841]
2025-11-18T01:17:51+01:00,[60],[347.841]
2025-11-18T01:17:50+01:00,[60],[347.841]
2025-11-18T01:17:49+01:00,[60],[347.841]
2025-11-18T01:17:48+01:00,[60],[347.841]
2025-11-18T01:17:47+01:00,[60],[347.841]
2025-11-18T01:17:46+01:00,[60],[347.841]
2025-11-18T01:17:45+01:00,[60],[347.841]
2025-11-18T01:17:44+01:00,[60],[347.841]
2025-11-18T01:17:43+01:00,[60],[347.841]
2025-11-18T01:17:42+01:00,[60],[347.841]
2025-11-18T01:17:41+01:00,[60],[347.841]
2025-11-18T01:17:40+01:00,[60],[347.841]
2025-11-18T01:17:39+01:00,[60],[347.841]
2025-11-18T01:17:38+01:00,[60],[347.841]
2025-11-18T01:17:37+01:00,[60],[347.841]
2025-11-18T01:17:36+01:00,[60],[347.841]
2025-11-18T01:17:35+01:00,[60],[347.841]
2025-11-18T01:17:34+01:00,[60],[347.841]
2025-11-18T01:17:33+01:00,[60],[347.841]
2025-11-18T01:17:32+01:00,[60],[347.841]
2025-11-18T01:17:31+01:00,[60],[347.841]
2025-11-18T01:17:30+01:00,[60],[347.841]
2025-11-18T01:17:29+01:00,[60],[347.841]
2025-11-18T01:17:28+01:00,[60],[347.841]
2025-11-18T01:17:27+01:00,[60],[347.841]
2025-11-18T01:17:26+01:00,[60],[347.841]
2025-11-18T01:17:25+01:00,[60],[347.841]
2025-11-18T01:17:24+01:00,[60],[347.841]
2025-11-18T01:17:23+01:00,[60],[347.841]
2025-11-18T01:17:22+01:00,[60],[347.841]
2025-11-18T01:17:21+01:00,[60],[347.841]
2025-11-18T01:17:20+01:00,[60],[347.841]
2025-11-18T01:17:19+01:00,[60],[347.841]
2025-11-18T01:17:18+01:00,[60],[347.841]
2025-11-18T01:17:17+01:00,[60],[347.841]
2025-11-18T01:17:16+01:00,[60],[347.841]
2025-11-18T01:17:15+01:00,[60],[347.841]
2025-11-18T01:17:14+01:00,[60],[347.841]
2025-11-18T01:17:13+01:00,[60],[347.841]
2025-11-18T01:17:12+01:00,[60],[347.841]
2025-11-18T01:17:11+01:00,[60],[347.841]
2025-11-18T01:17:10+01:00,[60],[347.841]
2025-11-18T01:17:09+01:00,[60],[347.841]
2025-11-18T01:17:08+01:00,[60],[347.841]
2025-11-18T01:17:07+01:00,[60],[347.841]
2025-11-18T01:17:06+01:00,[60],[347.841]
2025-11-18T01:17:05+01:00,[60],[347.841]
2025-11-18T01:17:04+01:00,[60],[347.841]
2025-11-18T01:17:03+01:00,[60],[347.841]
2025-11-18T01:17:02+01:00,[60],[347.841]
2025-11-18T01:17:01+01:00,[60],[347.841]
2025-11-18T01:17:00+01:00,[60],[347.841]
2025-11-18T01:16:59+01:00,[60],[347.841]
2025-11-18T01:16:58+01:00,[60],[347.841]
2025-11-18T01:16:57+01:00,[60],[347.841]
2025-11-18T01:16:56+01:00,[60],[347.841]
2025-11-18T01:16:55+01:00,[60],[347.841]
2025-11-18T01:16:54+01:00,[60],[347.841]
2025-11-18T01:16:53+01:00,[60],[347.841]
2025-11-18T01:16:52+01:00,[60],[347.841]
2025-11-18T01:16:51+01:00,[60],[347.841]
2025-11-18T01:16:50+01:00,[60],[347.841]
2025-11-18T01:16:49+01:00,[60],[347.841]
2025-11-18T01:16:48+01:00,[60],[347.841]
2025-11-18T01:16:47+01:00,[60],[347.841]
2025-11-18T01:16:46+01:00,[60],[347.841]
2025-11-18T01:16:45+01:00,[60],[347.841]
2025-11-18T01:16:44+01:00,[60],[347.841]
2025-11-18T01:16:43+01:00,[60],[347.841]
2025-11-18T01:16:42+01:00,[60],[347.841]
2025-11-18T01:16:41+01:00,[60],[347.841]
2025-11-18T01:16:40+01:00,[60],[347.841]
2025-11-18T01:16:39+01:00,[60],[347.841]
2025-11-18T01:16:38+01:00,[60],[347.841]
2025-11-18T01:16:37+01:00,[60],[347.841]
2025-11-18T01:16:36+01:00,[60],[347.841]
2025-11-18T01:16:35+01:00,[60],[347.841]
2025-11-18T01:16:34+01:00,[60],[347.841]
2025-11-18T01:16:33+01:00,[60],[347.841]
2025-11-18T01:16:32+01:00,[60],[347.841]
2025-11-18T01:16:31+01:00,[60],[347.841]
2025-11-18T01:16:30+01:00,[60],[347.841]
2025-11-18T01:16:29+01:00,[60],[347.841]
2025-11-18T01:16:28+01:00,[60],[347.841]
2025-11-18T01:16:27+01:00,[60],[347.841]
2025-11-18T01:16:26+01:00,[60],[347.841]
2025-11-18T01:16:25+01:00,[60],[347.841]
2025-11-18T01:16:24+01:00,[60],[347.841]
2025-11-18T01:16:23+01:00,[60],[347.841]
2025-11-18T01:16:22+01:00,[60],[347.841]
2025-11-18T01:16:21+01:00,[60],[347.841]
2025-11-18T01:16:20+01:00,[60],[347.841]
2025-11-18T01:16:19+01:00,[60],[347.841]
2025-11-18T01:16:18+01:00,[60],[347.841]
2025-11-18T01:16:17+01:00,[60],[347.841]
2025-11-18T01:16:16+01:00,[60],[347.841]
2025-11-18T01:16:15+01:00,[60],[347.841]
2025-11-18T01:16:14+01:00,[60],[347.841]
2025-11-18T01:16:13+01:00,[60],[347.841]
2025-11-18T01:16:12+01:00,[60],[347.841]
2025-11-18T01:16:11+01:00,[60],[347.841]
2025-11-18T01:16:10+01:00,[60],[347.841]
2025-11-18T01:16:09+01:00,[60],[347.841]
2025-11-18T01:16:08+01:00,[60],[347.841]
2025-11-18T01:16:07+01:00,[60],[347.841]
2025-11-18T01:16:06+01:00,[60],[347.841]
2025-11-18T01:16:05+01:00,[60],[347.841]
2025-11-18T01:16:04+01:00,[60],[347.841]
2025-11-18T01:16:03+01:00,[60],[347.841]
2025-11-18T01:16:02+01:00,[60],[347.841]
2025-11-18T01:16:01+01:00,[60],[347.841]
2025-11-18T01:16:00+01:00,[60],[347.841]
2025-11-18T01:15:59+01:00,[60],[347.841]
2025-11-18T01:15:58+01:00,[60],[347.841]
2025-11-18T01:15:57+01:00,[60],[347.841]
2025-11-18T01:15:55+01:00,[60],[347.841]
2025-11-18T01:15:54+01:00,[60],[347.841]
2025-11-18T01:15:53+01:00,[60],[347.841]
2025-11-18T01:15:52+01:00,[60],[347.841]
2025-11-18T01:15:51+01:00,[60],[347.841]
2025-11-18T01:15:50+01:00,[60],[347.841]
2025-11-18T01:15:49+01:00,[60],[347.841]
2025-11-18T01:15:48+01:00,[60],[347.841]
2025-11-18T01:15:47+01:00,[60],[347.841]
2025-11-18T01:15:46+01:00,[60],[347.841]
2025-11-18T01:15:45+01:00,[60],[347.841]
2025-11-18T01:15:44+01:00,[60],[347.841]
2025-11-18T01:15:43+01:00,[60],[347.841]
2025-11-18T01:15:42+01:00,[60],[347.841]
2025-11-18T01:15:41+01:00,[60],[347.841]
2025-11-18T01:15:40+01:00,[60],[347.841]
2025-11-18T01:15:39+01:00,[60],[347.841]
2025-11-18T01:15:38+01:00,[60],[347.841]
2025-11-18T01:15:37+01:00,[60],[347.841]
2025-11-18T01:15:36+01:00,[60],[347.841]
2025-11-18T01:15:35+01:00,[60],[347.841]
2025-11-18T01:15:34+01:00,[60],[347.841]
2025-11-18T01:15:33+01:00,[60],[347.841]
2025-11-18T01:15:32+01:00,[60],[347.841]
2025-11-18T01:15:31+01:00,[60],[347.841]
2025-11-18T01:15:30+01:00,[60],[347.841]
2025-11-18T01:15:29+01:00,[60],[347.841]
2025-11-18T01:15:28+01:00,[60],[347.841]
2025-11-18T01:15:27+01:00,[60],[347.841]
2025-11-18T01:15:26+01:00,[60],[347.841]
2025-11-18T01:15:25+01:00,[60],[347.841]
2025-11-18T01:15:24+01:00,[60],[347.841]
2025-11-18T01:15:23+01:00,[60],[347.841]
2025-11-18T01:15:22+01:00,[60],[347.841]
2025-11-18T01:15:21+01:00,[60],[347.841]
2025-11-18T01:15:20+01:00,[60],[347.841]
2025-11-18T01:15:19+01:00,[60],[347.841]
2025-11-18T01:15:18+01:00,[60],[347.841]
2025-11-18T01:15:17+01:00,[60],[347.841]
2025-11-18T01:15:16+01:00,[60],[347.841]
2025-11-18T01:15:15+01:00,[60],[347.841]
2025-11-18T01:15:14+01:00,[60],[347.841]
2025-11-18T01:15:13+01:00,[60],[347.841]
2025-11-18T01:15:12+01:00,[60],[347.841]
2025-11-18T01:15:11+01:00,[60],[347.841]
2025-11-18T01:15:10+01:00,[60],[347.866]
2025-11-18T01:15:09+01:00,[60],[344.689]
2025-11-18T01:15:08+01:00,[60],[344.689]
2025-11-18T01:15:07+01:00,[60],[344.689]
2025-11-18T01:15:06+01:00,[60],[344.689]
2025-11-18T01:15:05+01:00,[60],[344.689]
2025-11-18T01:15:04+01:00,[60],[344.689]
2025-11-18T01:15:03+01:00,[60],[344.689]
2025-11-18T01:15:02+01:00,[60],[344.689]
2025-11-18T01:15:01+01:00,[60],[344.689]
2025-11-18T01:15:00+01:00,[60],[344.689]
2025-11-18T01:14:59+01:00,[60],[344.689]
2025-11-18T01:14:58+01:00,[60],[344.689]
2025-11-18T01:14:57+01:00,[60],[344.689]
2025-11-18T01:14:56+01:00,[60],[344.689]
2025-11-18T01:14:55+01:00,[60],[344.689]
2025-11-18T01:14:54+01:00,[60],[344.689]
2025-11-18T01:14:53+01:00,[60],[344.689]
2025-11-18T01:14:52+01:00,[60],[344.689]
2025-11-18T01:14:51+01:00,[60],[344.689]
2025-11-18T01:14:50+01:00,[60],[344.689]
2025-11-18T01:14:49+01:00,[60],[344.689]
2025-11-18T01:14:48+01:00,[60],[344.689]
2025-11-18T01:14:47+01:00,[60],[344.689]
2025-11-18T01:14:46+01:00,[60],[344.689]
2025-11-18T01:14:45+01:00,[60],[344.689]
2025-11-18T01:14:44+01:00,[60],[344.689]
2025-11-18T01:14:43+01:00,[60],[344.689]
2025-11-18T01:14:42+01:00,[60],[344.689]
2025-11-18T01:14:41+01:00,[60],[344.689]
2025-11-18T01:14:40+01:00,[60],[344.689]
2025-11-18T01:14:39+01:00,[60],[344.689]
2025-11-18T01:14:38+01:00,[60],[344.689]
2025-11-18T01:14:37+01:00,[60],[344.689]
2025-11-18T01:14:36+01:00,[60],[344.689]
2025-11-18T01:14:35+01:00,[60],[344.689]
2025-11-18T01:14:34+01:00,[60],[344.689]
2025-11-18T01:14:33+01:00,[60],[344.689]
2025-11-18T01:14:32+01:00,[60],[344.689]
2025-11-18T01:14:31+01:00,[60],[344.689]
2025-11-18T01:14:30+01:00,[60],[344.689]
2025-11-18T01:14:29+01:00,[60],[344.689]
2025-11-18T01:14:28+01:00,[60],[344.689]
2025-11-18T01:14:27+01:00,[60],[344.689]
2025-11-18T01:14:26+01:00,[60],[344.689]
2025-11-18T01:14:25+01:00,[60],[344.689]
2025-11-18T01:14:24+01:00,[60],[344.689]
2025-11-18T01:14:23+01:00,[60],[344.689]
2025-11-18T01:14:22+01:00,[60],[344.689]
2025-11-18T01:14:21+01:00,[60],[344.689]
2025-11-18T01:14:20+01:00,[60],[344.689]
2025-11-18T01:14:19+01:00,[60],[344.689]
2025-11-18T01:14:18+01:00,[60],[344.689]
2025-11-18T01:14:17+01:00,[60],[344.689]
2025-11-18T01:14:16+01:00,[60],[344.689]
2025-11-18T01:14:15+01:00,[60],[344.689]
2025-11-18T01:14:14+01:00,[60],[344.689]
2025-11-18T01:14:13+01:00,[60],[344.689]
2025-11-18T01:14:12+01:00,[60],[344.689]
2025-11-18T01:14:11+01:00,[60],[344.689]
2025-11-18T01:14:10+01:00,[60],[344.689]
2025-11-18T01:14:09+01:00,[60],[344.689]
2025-11-18T01:14:08+01:00,[60],[344.689]
2025-11-18T01:14:07+01:00,[60],[344.689]
2025-11-18T01:14:06+01:00,[60],[344.689]
2025-11-18T01:14:05+01:00,[60],[342.258]
2025-11-18T01:14:04+01:00,[60],[342.258]
2025-11-18T01:14:03+01:00,[60],[342.258]
2025-11-18T01:14:02+01:00,[60],[342.258]
2025-11-18T01:14:01+01:00,[60],[342.258]
2025-11-18T01:14:00+01:00,[60],[342.258]
2025-11-18T01:13:59+01:00,[60],[342.258]
2025-11-18T01:13:58+01:00,[60],[342.258]
2025-11-18T01:13:57+01:00,[60],[342.258]
2025-11-18T01:13:56+01:00,[60],[342.258]
2025-11-18T01:13:55+01:00,[60],[342.258]
2025-11-18T01:13:54+01:00,[60],[342.258]
2025-11-18T01:13:53+01:00,[60],[342.258]
2025-11-18T01:13:52+01:00,[60],[342.258]
2025-11-18T01:13:51+01:00,[60],[342.258]
2025-11-18T01:13:49+01:00,[60],[342.258]
2025-11-18T01:13:48+01:00,[60],[342.258]
2025-11-18T01:13:47+01:00,[60],[342.258]
2025-11-18T01:13:46+01:00,[60],[342.258]
2025-11-18T01:13:45+01:00,[60],[342.258]
2025-11-18T01:13:44+01:00,[60],[342.258]
2025-11-18T01:13:43+01:00,[60],[342.258]
2025-11-18T01:13:42+01:00,[60],[342.258]
2025-11-18T01:13:41+01:00,[60],[342.258]
2025-11-18T01:13:40+01:00,[60],[342.258]
2025-11-18T01:13:39+01:00,[60],[342.258]
2025-11-18T01:13:38+01:00,[60],[342.258]
2025-11-18T01:13:37+01:00,[60],[342.258]
2025-11-18T01:13:36+01:00,[60],[342.258]
2025-11-18T01:13:35+01:00,[60],[342.258]
2025-11-18T01:13:34+01:00,[60],[342.258]
2025-11-18T01:13:33+01:00,[60],[342.258]
2025-11-18T01:13:32+01:00,[60],[342.258]
2025-11-18T01:13:31+01:00,[60],[342.258]
2025-11-18T01:13:30+01:00,[60],[342.258]
2025-11-18T01:13:29+01:00,[60],[342.258]
2025-11-18T01:13:28+01:00,[60],[342.258]
2025-11-18T01:13:27+01:00,[60],[342.258]
2025-11-18T01:13:26+01:00,[60],[342.258]
2025-11-18T01:13:25+01:00,[60],[342.258]
2025-11-18T01:13:24+01:00,[60],[342.258]
2025-11-18T01:13:23+01:00,[60],[342.258]
2025-11-18T01:13:22+01:00,[60],[342.258]
2025-11-18T01:13:21+01:00,[60],[342.258]
2025-11-18T01:13:20+01:00,[60],[342.258]
2025-11-18T01:13:19+01:00,[60],[342.258]
2025-11-18T01:13:18+01:00,[60],[342.258]
2025-11-18T01:13:17+01:00,[60],[342.258]
2025-11-18T01:13:16+01:00,[60],[342.258]
2025-11-18T01:13:15+01:00,[60],[342.258]
2025-11-18T01:13:14+01:00,[60],[342.258]
2025-11-18T01:13:13+01:00,[60],[342.258]
2025-11-18T01:13:12+01:00,[60],[342.258]
2025-11-18T01:13:11+01:00,[60],[342.258]
2025-11-18T01:13:10+01:00,[60],[342.258]
2025-11-18T01:13:09+01:00,[60],[342.258]
2025-11-18T01:13:08+01:00,[60],[342.258]
2025-11-18T01:13:07+01:00,[60],[342.258]
2025-11-18T01:13:06+01:00,[60],[342.258]
2025-11-18T01:13:05+01:00,[60],[342.258]
2025-11-18T01:13:04+01:00,[60],[342.258]
2025-11-18T01:13:03+01:00,[60],[342.258]
2025-11-18T01:13:02+01:00,[60],[342.258]
2025-11-18T01:13:01+01:00,[60],[342.258]
2025-11-18T01:13:00+01:00,[60],[342.258]
2025-11-18T01:12:59+01:00,[60],[342.258]
2025-11-18T01:12:58+01:00,[60],[342.258]
2025-11-18T01:12:57+01:00,[60],[342.258]
2025-11-18T01:12:56+01:00,[60],[342.258]
2025-11-18T01:12:55+01:00,[60],[342.258]
2025-11-18T01:12:54+01:00,[60],[342.258]
2025-11-18T01:12:53+01:00,[60],[342.258]
2025-11-18T01:12:52+01:00,[60],[342.258]
2025-11-18T01:12:51+01:00,[60],[342.258]
2025-11-18T01:12:50+01:00,[60],[342.258]
2025-11-18T01:12:49+01:00,[60],[342.258]
2025-11-18T01:12:48+01:00,[60],[342.258]
2025-11-18T01:12:47+01:00,[60],[342.258]
2025-11-18T01:12:46+01:00,[60],[342.258]
2025-11-18T01:12:45+01:00,[60],[342.258]
2025-11-18T01:12:44+01:00,[60],[342.258]
2025-11-18T01:12:43+01:00,[60],[342.258]
2025-11-18T01:12:42+01:00,[60],[342.258]
2025-11-18T01:12:41+01:00,[60],[342.258]
2025-11-18T01:12:40+01:00,[60],[342.258]
2025-11-18T01:12:39+01:00,[60],[342.258]
2025-11-18T01:12:38+01:00,[60],[342.258]
2025-11-18T01:12:37+01:00,[60],[342.258]
2025-11-18T01:12:36+01:00,[60],[342.258]
2025-11-18T01:12:35+01:00,[60],[342.258]
2025-11-18T01:12:34+01:00,[60],[342.258]
2025-11-18T01:12:33+01:00,[60],[342.258]
2025-11-18T01:12:32+01:00,[60],[342.258]
2025-11-18T01:12:31+01:00,[60],[342.258]
2025-11-18T01:12:30+01:00,[60],[342.258]
2025-11-18T01:12:29+01:00,[60],[342.258]
2025-11-18T01:12:28+01:00,[60],[342.258]
2025-11-18T01:12:27+01:00,[60],[342.258]
2025-11-18T01:12:26+01:00,[60],[342.258]
2025-11-18T01:12:25+01:00,[60],[342.258]
2025-11-18T01:12:24+01:00,[60],[342.258]
2025-11-18T01:12:23+01:00,[60],[342.537]
2025-11-18T01:12:22+01:00,[60],[342.537]
2025-11-18T01:12:21+01:00,[60],[342.537]
2025-11-18T01:12:20+01:00,[60],[342.537]
2025-11-18T01:12:19+01:00,[60],[342.537]
2025-11-18T01:12:18+01:00,[60],[342.537]
2025-11-18T01:12:17+01:00,[60],[342.537]
2025-11-18T01:12:16+01:00,[60],[342.537]
2025-11-18T01:12:15+01:00,[60],[342.537]
2025-11-18T01:12:14+01:00,[60],[342.537]
2025-11-18T01:12:13+01:00,[60],[342.537]
2025-11-18T01:12:12+01:00,[60],[342.537]
2025-11-18T01:12:11+01:00,[60],[342.537]
2025-11-18T01:12:10+01:00,[60],[342.537]
2025-11-18T01:12:09+01:00,[60],[342.537]
2025-11-18T01:12:08+01:00,[60],[342.537]
2025-11-18T01:12:07+01:00,[60],[342.537]
2025-11-18T01:12:06+01:00,[60],[342.537]
2025-11-18T01:12:05+01:00,[60],[342.537]
2025-11-18T01:12:04+01:00,[60],[342.537]
2025-11-18T01:12:03+01:00,[60],[342.537]
2025-11-18T01:12:02+01:00,[60],[342.537]
2025-11-18T01:12:01+01:00,[60],[342.537]
2025-11-18T01:12:00+01:00,[60],[342.537]
2025-11-18T01:11:59+01:00,[60],[342.537]
2025-11-18T01:11:58+01:00,[60],[342.537]
2025-11-18T01:11:57+01:00,[60],[342.537]
2025-11-18T01:11:56+01:00,[60],[346.322]
2025-11-18T01:11:55+01:00,[60],[346.322]
2025-11-18T01:11:54+01:00,[60],[346.322]
2025-11-18T01:11:53+01:00,[60],[346.322]
2025-11-18T01:11:52+01:00,[60],[346.322]
2025-11-18T01:11:51+01:00,[60],[346.322]
2025-11-18T01:11:50+01:00,[60],[346.322]
2025-11-18T01:11:49+01:00,[60],[346.322]
2025-11-18T01:11:48+01:00,[60],[346.322]
2025-11-18T01:11:47+01:00,[60],[346.322]
2025-11-18T01:11:46+01:00,[60],[346.322]
2025-11-18T01:11:45+01:00,[60],[346.322]
2025-11-18T01:11:43+01:00,[60],[346.322]
2025-11-18T01:11:42+01:00,[60],[346.322]
2025-11-18T01:11:41+01:00,[60],[346.322]
2025-11-18T01:11:40+01:00,[60],[346.322]
2025-11-18T01:11:39+01:00,[60],[346.322]
2025-11-18T01:11:38+01:00,[60],[346.322]
2025-11-18T01:11:37+01:00,[60],[346.322]
2025-11-18T01:11:36+01:00,[60],[346.322]
2025-11-18T01:11:35+01:00,[60],[346.322]
2025-11-18T01:11:34+01:00,[60],[346.322]
2025-11-18T01:11:33+01:00,[60],[346.322]
2025-11-18T01:11:32+01:00,[60],[346.322]
2025-11-18T01:11:31+01:00,[60],[346.322]
2025-11-18T01:11:30+01:00,[60],[346.322]
2025-11-18T01:11:29+01:00,[60],[346.322]
2025-11-18T01:11:28+01:00,[60],[346.322]
2025-11-18T01:11:27+01:00,[60],[346.322]
2025-11-18T01:11:26+01:00,[60],[346.322]
2025-11-18T01:11:25+01:00,[60],[346.322]
2025-11-18T01:11:24+01:00,[60],[346.322]
2025-11-18T01:11:23+01:00,[60],[346.322]
2025-11-18T01:11:22+01:00,[60],[346.322]
2025-11-18T01:11:21+01:00,[60],[346.322]
2025-11-18T01:11:20+01:00,[60],[346.322]
2025-11-18T01:11:19+01:00,[60],[346.322]
2025-11-18T01:11:18+01:00,[60],[346.322]
2025-11-18T01:11:17+01:00,[60],[346.322]
2025-11-18T01:11:16+01:00,[60],[346.322]
2025-11-18T01:11:15+01:00,[60],[346.322]
2025-11-18T01:11:14+01:00,[60],[346.322]
2025-11-18T01:11:13+01:00,[60],[346.322]
2025-11-18T01:11:12+01:00,[60],[346.322]
2025-11-18T01:11:11+01:00,[60],[346.322]
2025-11-18T01:11:10+01:00,[60],[346.322]
2025-11-18T01:11:09+01:00,[60],[346.322]
2025-11-18T01:11:08+01:00,[60],[346.322]
2025-11-18T01:11:07+01:00,[60],[346.322]
2025-11-18T01:11:06+01:00,[60],[346.322]
2025-11-18T01:11:05+01:00,[60],[346.322]
2025-11-18T01:11:04+01:00,[60],[346.322]
2025-11-18T01:11:03+01:00,[60],[346.322]
2025-11-18T01:11:02+01:00,[60],[346.322]
2025-11-18T01:11:01+01:00,[60],[346.322]
2025-11-18T01:11:00+01:00,[60],[346.322]
2025-11-18T01:10:59+01:00,[60],[346.322]
2025-11-18T01:10:58+01:00,[60],[346.322]
2025-11-18T01:10:57+01:00,[60],[346.322]
2025-11-18T01:10:56+01:00,[60],[346.322]
2025-11-18T01:10:55+01:00,[60],[346.322]
2025-11-18T01:10:54+01:00,[60],[346.322]
2025-11-18T01:10:53+01:00,[60],[346.322]
2025-11-18T01:10:52+01:00,[60],[346.322]
2025-11-18T01:10:51+01:00,[60],[346.322]
2025-11-18T01:10:50+01:00,[60],[346.322]
2025-11-18T01:10:49+01:00,[60],[346.322]
2025-11-18T01:10:48+01:00,[60],[346.322]
2025-11-18T01:10:47+01:00,[60],[346.322]
2025-11-18T01:10:46+01:00,[60],[346.322]
2025-11-18T01:10:45+01:00,[60],[346.322]
2025-11-18T01:10:44+01:00,[60],[346.322]
2025-11-18T01:10:43+01:00,[60],[346.322]
2025-11-18T01:10:42+01:00,[60],[346.322]
2025-11-18T01:10:41+01:00,[60],[346.322]
2025-11-18T01:10:40+01:00,[60],[346.322]
2025-11-18T01:10:39+01:00,[60],[346.322]
2025-11-18T01:10:38+01:00,[60],[346.322]
2025-11-18T01:10:37+01:00,[60],[346.322]
2025-11-18T01:10:36+01:00,[60],[346.322]
2025-11-18T01:10:35+01:00,[60],[346.322]
2025-11-18T01:10:34+01:00,[60],[346.322]
2025-11-18T01:10:33+01:00,[60],[346.322]
2025-11-18T01:10:32+01:00,[60],[346.322]
2025-11-18T01:10:31+01:00,[60],[346.322]
2025-11-18T01:10:30+01:00,[60],[346.322]
2025-11-18T01:10:29+01:00,[60],[346.322]
2025-11-18T01:10:28+01:00,[60],[346.322]
2025-11-18T01:10:27+01:00,[60],[346.322]
2025-11-18T01:10:26+01:00,[60],[346.322]
2025-11-18T01:10:25+01:00,[60],[346.322]
2025-11-18T01:10:24+01:00,[60],[346.322]
2025-11-18T01:10:23+01:00,[60],[346.322]
2025-11-18T01:10:22+01:00,[60],[346.322]
2025-11-18T01:10:21+01:00,[60],[346.322]
2025-11-18T01:10:20+01:00,[60],[346.322]
2025-11-18T01:10:19+01:00,[60],[346.322]
2025-11-18T01:10:18+01:00,[60],[346.322]
2025-11-18T01:10:17+01:00,[60],[346.322]
2025-11-18T01:10:16+01:00,[60],[346.322]
2025-11-18T01:10:15+01:00,[60],[346.322]
2025-11-18T01:10:14+01:00,[60],[346.322]
2025-11-18T01:10:13+01:00,[60],[346.322]
2025-11-18T01:10:12+01:00,[60],[346.322]
2025-11-18T01:10:10+01:00,[60],[346.322]
2025-11-18T01:10:09+01:00,[60],[346.322]
2025-11-18T01:10:08+01:00,[60],[346.322]
2025-11-18T01:10:07+01:00,[60],[346.322]
2025-11-18T01:10:06+01:00,[60],[346.322]
2025-11-18T01:10:05+01:00,[60],[346.322]
2025-11-18T01:10:04+01:00,[60],[346.322]
2025-11-18T01:10:03+01:00,[60],[346.322]
2025-11-18T01:10:02+01:00,[60],[346.322]
2025-11-18T01:10:01+01:00,[60],[346.322]
2025-11-18T01:10:00+01:00,[60],[346.322]
2025-11-18T01:09:59+01:00,[60],[346.322]
2025-11-18T01:09:58+01:00,[60],[346.322]
2025-11-18T01:09:57+01:00,[60],[346.322]
2025-11-18T01:09:56+01:00,[60],[346.322]
2025-11-18T01:09:55+01:00,[60],[346.322]
2025-11-18T01:09:54+01:00,[60],[346.322]
2025-11-18T01:09:53+01:00,[60],[346.322]
2025-11-18T01:09:52+01:00,[60],[346.322]
2025-11-18T01:09:51+01:00,[60],[346.322]
2025-11-18T01:09:50+01:00,[60],[346.322]
2025-11-18T01:09:49+01:00,[60],[346.322]
2025-11-18T01:09:48+01:00,[60],[346.322]
2025-11-18T01:09:47+01:00,[60],[346.322]
2025-11-18T01:09:46+01:00,[60],[346.322]
2025-11-18T01:09:45+01:00,[60],[346.322]
2025-11-18T01:09:44+01:00,[60],[346.322]
2025-11-18T01:09:43+01:00,[60],[346.322]
2025-11-18T01:09:42+01:00,[60],[346.322]
2025-11-18T01:09:41+01:00,[60],[346.322]
2025-11-18T01:09:40+01:00,[60],[346.322]
2025-11-18T01:09:39+01:00,[60],[346.322]
2025-11-18T01:09:38+01:00,[60],[346.322]
2025-11-18T01:09:37+01:00,[60],[346.322]
2025-11-18T01:09:36+01:00,[60],[346.322]
2025-11-18T01:09:35+01:00,[60],[346.322]
2025-11-18T01:09:34+01:00,[60],[346.322]
2025-11-18T01:09:33+01:00,[60],[346.322]
2025-11-18T01:09:32+01:00,[60],[346.322]
2025-11-18T01:09:31+01:00,[60],[346.322]
2025-11-18T01:09:30+01:00,[60],[346.322]
2025-11-18T01:09:29+01:00,[60],[346.322]
2025-11-18T01:09:28+01:00,[60],[346.322]
2025-11-18T01:09:27+01:00,[60],[346.322]
2025-11-18T01:09:26+01:00,[60],[346.322]
2025-11-18T01:09:25+01:00,[60],[346.322]
2025-11-18T01:09:24+01:00,[60],[346.322]
2025-11-18T01:09:23+01:00,[60],[346.322]
2025-11-18T01:09:22+01:00,[60],[346.322]
2025-11-18T01:09:21+01:00,[60],[346.322]
2025-11-18T01:09:20+01:00,[60],[346.322]
2025-11-18T01:09:19+01:00,[60],[346.322]
2025-11-18T01:09:18+01:00,[60],[346.322]
2025-11-18T01:09:17+01:00,[60],[346.322]
2025-11-18T01:09:16+01:00,[60],[346.322]
2025-11-18T01:09:15+01:00,[60],[346.322]
2025-11-18T01:09:14+01:00,[60],[346.322]
2025-11-18T01:09:13+01:00,[60],[346.322]
2025-11-18T01:09:12+01:00,[60],[346.322]
2025-11-18T01:09:11+01:00,[60],[346.322]
2025-11-18T01:09:10+01:00,[60],[346.322]
2025-11-18T01:09:09+01:00,[60],[346.322]
2025-11-18T01:09:08+01:00,[60],[346.322]
2025-11-18T01:09:07+01:00,[60],[346.322]
2025-11-18T01:09:06+01:00,[60],[346.322]
2025-11-18T01:09:05+01:00,[60],[346.322]
2025-11-18T01:09:04+01:00,[60],[346.322]
2025-11-18T01:09:03+01:00,[60],[346.322]
2025-11-18T01:09:02+01:00,[60],[346.322]
2025-11-18T01:09:01+01:00,[60],[346.322]
2025-11-18T01:09:00+01:00,[60],[346.322]
2025-11-18T01:08:59+01:00,[60],[346.322]
2025-11-18T01:08:58+01:00,[60],[346.322]
2025-11-18T01:08:57+01:00,[60],[346.322]
2025-11-18T01:08:56+01:00,[60],[346.322]
2025-11-18T01:08:55+01:00,[60],[346.322]
2025-11-18T01:08:54+01:00,[60],[346.322]
2025-11-18T01:08:53+01:00,[60],[346.322]
2025-11-18T01:08:52+01:00,[60],[346.322]
2025-11-18T01:08:51+01:00,[60],[346.322]
2025-11-18T01:08:50+01:00,[60],[346.322]
2025-11-18T01:08:49+01:00,[60],[346.322]
2025-11-18T01:08:48+01:00,[60],[346.322]
2025-11-18T01:08:47+01:00,[60],[346.322]
2025-11-18T01:08:46+01:00,[60],[346.322]
2025-11-18T01:08:45+01:00,[60],[346.322]
2025-11-18T01:08:44+01:00,[60],[346.322]
2025-11-18T01:08:43+01:00,[60],[346.322]
2025-11-18T01:08:42+01:00,[60],[346.322]
2025-11-18T01:08:41+01:00,[60],[346.322]
2025-11-18T01:08:40+01:00,[60],[346.322]
2025-11-18T01:08:39+01:00,[60],[346.322]
2025-11-18T01:08:38+01:00,[60],[346.322]
2025-11-18T01:08:37+01:00,[60],[346.322]
2025-11-18T01:08:36+01:00,[60],[346.322]
2025-11-18T01:08:35+01:00,[60],[346.322]
2025-11-18T01:08:34+01:00,[60],[346.322]
2025-11-18T01:08:33+01:00,[60],[346.322]
2025-11-18T01:08:32+01:00,[60],[346.322]
2025-11-18T01:08:31+01:00,[60],[346.322]
2025-11-18T01:08:30+01:00,[60],[346.322]
2025-11-18T01:08:29+01:00,[60],[346.322]
2025-11-18T01:08:28+01:00,[60],[346.322]
2025-11-18T01:08:27+01:00,[60],[346.322]
2025-11-18T01:08:26+01:00,[60],[346.322]
2025-11-18T01:08:25+01:00,[60],[346.322]
2025-11-18T01:08:24+01:00,[60],[346.322]
2025-11-18T01:08:23+01:00,[60],[346.322]
2025-11-18T01:08:22+01:00,[60],[346.322]
2025-11-18T01:08:21+01:00,[60],[346.322]
2025-11-18T01:08:20+01:00,[60],[346.322]
2025-11-18T01:08:19+01:00,[60],[346.322]
2025-11-18T01:08:18+01:00,[60],[346.322]
2025-11-18T01:08:17+01:00,[60],[346.322]
2025-11-18T01:08:16+01:00,[60],[346.322]
2025-11-18T01:08:15+01:00,[60],[346.322]
2025-11-18T01:08:14+01:00,[60],[346.322]
2025-11-18T01:08:13+01:00,[60],[346.322]
2025-11-18T01:08:12+01:00,[60],[346.322]
2025-11-18T01:08:11+01:00,[60],[346.322]
2025-11-18T01:08:10+01:00,[60],[346.322]
2025-11-18T01:08:09+01:00,[60],[346.322]
2025-11-18T01:08:08+01:00,[60],[346.322]
2025-11-18T01:08:07+01:00,[60],[346.322]
2025-11-18T01:08:06+01:00,[60],[346.322]
2025-11-18T01:08:05+01:00,[60],[346.322]
2025-11-18T01:08:04+01:00,[60],[346.322]
2025-11-18T01:08:03+01:00,[60],[346.322]
2025-11-18T01:08:02+01:00,[60],[346.322]
2025-11-18T01:08:01+01:00,[60],[346.322]
2025-11-18T01:08:00+01:00,[60],[346.322]
2025-11-18T01:07:59+01:00,[60],[346.322]
2025-11-18T01:07:58+01:00,[60],[346.322]
2025-11-18T01:07:57+01:00,[60],[346.322]
2025-11-18T01:07:56+01:00,[60],[346.322]
2025-11-18T01:07:55+01:00,[60],[346.322]
2025-11-18T01:07:54+01:00,[60],[346.322]
2025-11-18T01:07:53+01:00,[60],[346.322]
2025-11-18T01:07:52+01:00,[60],[346.322]
2025-11-18T01:07:51+01:00,[60],[346.322]
2025-11-18T01:07:50+01:00,[60],[346.322]
2025-11-18T01:07:49+01:00,[60],[346.322]
2025-11-18T01:07:48+01:00,[60],[346.322]
2025-11-18T01:07:47+01:00,[60],[346.322]
2025-11-18T01:07:46+01:00,[60],[346.322]
2025-11-18T01:07:45+01:00,[60],[346.322]
2025-11-18T01:07:44+01:00,[60],[346.322]
2025-11-18T01:07:43+01:00,[60],[346.322]
2025-11-18T01:07:42+01:00,[60],[346.322]
2025-11-18T01:07:41+01:00,[60],[346.322]
2025-11-18T01:07:40+01:00,[60],[346.322]
2025-11-18T01:07:39+01:00,[60],[346.322]
2025-11-18T01:07:38+01:00,[60],[346.322]
2025-11-18T01:07:37+01:00,[60],[346.322]
2025-11-18T01:07:36+01:00,[60],[346.322]
2025-11-18T01:07:35+01:00,[60],[346.322]
2025-11-18T01:07:34+01:00,[60],[346.322]
2025-11-18T01:07:33+01:00,[60],[346.322]
2025-11-18T01:07:32+01:00,[60],[346.322]
2025-11-18T01:07:31+01:00,[60],[346.322]
2025-11-18T01:07:30+01:00,[60],[346.322]
2025-11-18T01:07:29+01:00,[60],[346.322]
2025-11-18T01:07:28+01:00,[60],[346.322]
2025-11-18T01:07:27+01:00,[60],[346.322]
2025-11-18T01:07:26+01:00,[60],[346.322]
2025-11-18T01:07:25+01:00,[60],[346.322]
2025-11-18T01:07:24+01:00,[60],[346.322]
2025-11-18T01:07:23+01:00,[60],[346.322]
2025-11-18T01:07:22+01:00,[60],[346.322]
2025-11-18T01:07:21+01:00,[60],[346.322]
2025-11-18T01:07:20+01:00,[60],[346.322]
2025-11-18T01:07:19+01:00,[60],[346.322]
2025-11-18T01:07:18+01:00,[60],[346.322]
2025-11-18T01:07:17+01:00,[60],[346.322]
2025-11-18T01:07:16+01:00,[60],[346.322]
2025-11-18T01:07:15+01:00,[60],[346.322]
2025-11-18T01:07:14+01:00,[60],[346.322]
2025-11-18T01:07:13+01:00,[60],[346.322]
2025-11-18T01:07:12+01:00,[60],[346.322]
2025-11-18T01:07:11+01:00,[60],[346.322]
2025-11-18T01:07:10+01:00,[60],[346.322]
2025-11-18T01:07:09+01:00,[60],[346.322]
2025-11-18T01:07:08+01:00,[60],[346.322]
2025-11-18T01:07:07+01:00,[60],[346.322]
2025-11-18T01:07:06+01:00,[60],[346.322]
2025-11-18T01:07:05+01:00,[60],[346.322]
2025-11-18T01:07:04+01:00,[60],[346.322]
2025-11-18T01:07:03+01:00,[60],[346.322]
2025-11-18T01:07:02+01:00,[60],[346.322]
2025-11-18T01:07:01+01:00,[60],[346.322]
2025-11-18T01:07:00+01:00,[60],[346.322]
2025-11-18T01:06:59+01:00,[60],[346.322]
2025-11-18T01:06:58+01:00,[60],[346.322]
2025-11-18T01:06:57+01:00,[60],[346.322]
2025-11-18T01:06:56+01:00,[60],[346.322]
2025-11-18T01:06:55+01:00,[60],[346.322]
2025-11-18T01:06:54+01:00,[60],[346.322]
2025-11-18T01:06:53+01:00,[60],[346.322]
2025-11-18T01:06:52+01:00,[60],[346.322]
2025-11-18T01:06:51+01:00,[60],[346.322]
2025-11-18T01:06:50+01:00,[60],[346.322]
2025-11-18T01:06:49+01:00,[60],[346.322]
2025-11-18T01:06:48+01:00,[60],[346.322]
2025-11-18T01:06:47+01:00,[60],[346.322]
2025-11-18T01:06:46+01:00,[60],[346.322]
2025-11-18T01:06:45+01:00,[60],[346.322]
2025-11-18T01:06:44+01:00,[60],[346.322]
2025-11-18T01:06:43+01:00,[60],[346.322]
2025-11-18T01:06:42+01:00,[60],[346.322]
2025-11-18T01:06:41+01:00,[60],[346.322]
2025-11-18T01:06:40+01:00,[60],[346.322]
2025-11-18T01:06:39+01:00,[60],[346.322]
2025-11-18T01:06:38+01:00,[60],[346.322]
2025-11-18T01:06:37+01:00,[60],[346.322]
2025-11-18T01:06:36+01:00,[60],[346.322]
2025-11-18T01:06:35+01:00,[60],[346.322]
2025-11-18T01:06:34+01:00,[60],[346.322]
2025-11-18T01:06:33+01:00,[60],[346.322]
2025-11-18T01:06:32+01:00,[60],[346.322]
2025-11-18T01:06:31+01:00,[60],[346.322]
2025-11-18T01:06:30+01:00,[60],[346.322]
2025-11-18T01:06:29+01:00,[60],[346.322]
2025-11-18T01:06:28+01:00,[60],[346.322]
2025-11-18T01:06:27+01:00,[60],[346.322]
2025-11-18T01:06:26+01:00,[60],[346.322]
2025-11-18T01:06:25+01:00,[60],[346.322]
2025-11-18T01:06:24+01:00,[60],[346.322]
2025-11-18T01:06:23+01:00,[60],[346.322]
2025-11-18T01:06:22+01:00,[60],[346.322]
2025-11-18T01:06:21+01:00,[60],[346.322]
2025-11-18T01:06:20+01:00,[60],[346.322]
2025-11-18T01:06:19+01:00,[60],[346.322]
2025-11-18T01:06:18+01:00,[60],[346.322]
2025-11-18T01:06:17+01:00,[60],[346.322]
2025-11-18T01:06:16+01:00,[60],[346.322]
2025-11-18T01:06:15+01:00,[60],[346.322]
2025-11-18T01:06:14+01:00,[60],[346.322]
2025-11-18T01:06:13+01:00,[60],[346.322]
2025-11-18T01:06:12+01:00,[60],[346.322]
2025-11-18T01:06:11+01:00,[60],[346.322]
2025-11-18T01:06:10+01:00,[60],[346.322]
2025-11-18T01:06:09+01:00,[60],[346.322]
2025-11-18T01:06:08+01:00,[60],[346.322]
2025-11-18T01:06:07+01:00,[60],[346.322]
2025-11-18T01:06:06+01:00,[60],[346.322]
2025-11-18T01:06:05+01:00,[60],[346.322]
2025-11-18T01:06:04+01:00,[60],[346.322]
2025-11-18T01:06:03+01:00,[60],[346.322]
2025-11-18T01:06:02+01:00,[60],[346.322]
2025-11-18T01:06:01+01:00,[60],[346.322]
2025-11-18T01:06:00+01:00,[60],[346.322]
2025-11-18T01:05:59+01:00,[60],[346.322]
2025-11-18T01:05:58+01:00,[60],[346.322]
2025-11-18T01:05:57+01:00,[60],[346.322]
2025-11-18T01:05:56+01:00,[60],[346.322]
2025-11-18T01:05:55+01:00,[60],[346.322]
2025-11-18T01:05:54+01:00,[60],[346.322]
2025-11-18T01:05:53+01:00,[60],[346.322]
2025-11-18T01:05:52+01:00,[60],[346.322]
2025-11-18T01:05:51+01:00,[60],[346.322]
2025-11-18T01:05:50+01:00,[60],[346.322]
2025-11-18T01:05:49+01:00,[60],[346.322]
2025-11-18T01:05:48+01:00,[60],[346.322]
2025-11-18T01:05:47+01:00,[60],[346.322]
2025-11-18T01:05:46+01:00,[60],[346.322]
2025-11-18T01:05:45+01:00,[60],[346.322]
2025-11-18T01:05:44+01:00,[60],[346.322]
2025-11-18T01:05:43+01:00,[60],[346.322]
2025-11-18T01:05:42+01:00,[60],[346.322]
2025-11-18T01:05:41+01:00,[60],[346.322]
2025-11-18T01:05:40+01:00,[60],[346.322]
2025-11-18T01:05:39+01:00,[60],[346.322]
2025-11-18T01:05:38+01:00,[60],[346.322]
2025-11-18T01:05:37+01:00,[60],[346.322]
2025-11-18T01:05:36+01:00,[60],[346.322]
2025-11-18T01:05:35+01:00,[60],[346.322]
2025-11-18T01:05:34+01:00,[60],[346.322]
2025-11-18T01:05:33+01:00,[60],[346.322]
2025-11-18T01:05:32+01:00,[60],[346.322]
2025-11-18T01:05:31+01:00,[60],[346.322]
2025-11-18T01:05:30+01:00,[60],[346.322]
2025-11-18T01:05:29+01:00,[60],[346.322]
2025-11-18T01:05:28+01:00,[60],[346.322]
2025-11-18T01:05:27+01:00,[60],[346.322]
2025-11-18T01:05:26+01:00,[60],[346.322]
2025-11-18T01:05:25+01:00,[60],[346.322]
2025-11-18T01:05:24+01:00,[60],[346.322]
2025-11-18T01:05:23+01:00,[60],[346.322]
2025-11-18T01:05:22+01:00,[60],[346.322]
2025-11-18T01:05:21+01:00,[60],[346.322]
2025-11-18T01:05:20+01:00,[60],[346.322]
2025-11-18T01:05:19+01:00,[60],[346.322]
2025-11-18T01:05:18+01:00,[60],[346.322]
2025-11-18T01:05:17+01:00,[60],[346.322]
2025-11-18T01:05:16+01:00,[60],[346.322]
2025-11-18T01:05:15+01:00,[60],[346.322]
2025-11-18T01:05:14+01:00,[60],[346.322]
2025-11-18T01:05:13+01:00,[60],[346.322]
2025-11-18T01:05:12+01:00,[60],[346.322]
2025-11-18T01:05:11+01:00,[60],[346.322]
2025-11-18T01:05:10+01:00,[60],[346.322]
2025-11-18T01:05:09+01:00,[60],[346.322]
2025-11-18T01:05:08+01:00,[60],[346.322]
2025-11-18T01:05:07+01:00,[60],[346.322]
2025-11-18T01:05:06+01:00,[60],[346.322]
2025-11-18T01:05:05+01:00,[60],[346.322]
2025-11-18T01:05:04+01:00,[60],[346.322]
2025-11-18T01:05:03+01:00,[60],[346.322]
2025-11-18T01:05:02+01:00,[60],[346.322]
2025-11-18T01:05:01+01:00,[60],[346.322]
2025-11-18T01:05:00+01:00,[60],[346.322]
2025-11-18T01:04:59+01:00,[60],[346.322]
2025-11-18T01:04:58+01:00,[60],[346.322]
2025-11-18T01:04:57+01:00,[60],[346.322]
2025-11-18T01:04:56+01:00,[60],[346.322]
2025-11-18T01:04:55+01:00,[60],[346.322]
2025-11-18T01:04:54+01:00,[60],[346.322]
2025-11-18T01:04:53+01:00,[60],[346.322]
2025-11-18T01:04:52+01:00,[60],[346.322]
2025-11-18T01:04:51+01:00,[60],[346.322]
2025-11-18T01:04:50+01:00,[60],[346.322]
2025-11-18T01:04:49+01:00,[60],[346.322]
2025-11-18T01:04:48+01:00,[60],[346.322]
2025-11-18T01:04:47+01:00,[60],[346.322]
2025-11-18T01:04:46+01:00,[60],[346.322]
2025-11-18T01:04:45+01:00,[60],[346.322]
2025-11-18T01:04:44+01:00,[60],[346.322]
2025-11-18T01:04:43+01:00,[60],[346.322]
2025-11-18T01:04:42+01:00,[60],[346.322]
2025-11-18T01:04:41+01:00,[60],[346.322]
2025-11-18T01:04:40+01:00,[60],[346.322]
2025-11-18T01:04:39+01:00,[60],[346.322]
2025-11-18T01:04:38+01:00,[60],[346.322]
2025-11-18T01:04:37+01:00,[60],[346.322]
2025-11-18T01:04:36+01:00,[60],[346.322]
2025-11-18T01:04:35+01:00,[60],[346.322]
2025-11-18T01:04:34+01:00,[60],[346.322]
2025-11-18T01:04:33+01:00,[60],[346.322]
2025-11-18T01:04:32+01:00,[60],[346.322]
2025-11-18T01:04:31+01:00,[60],[346.322]
2025-11-18T01:04:30+01:00,[60],[346.322]
2025-11-18T01:04:29+01:00,[60],[346.322]
2025-11-18T01:04:28+01:00,[60],[346.322]
2025-11-18T01:04:27+01:00,[60],[346.322]
2025-11-18T01:04:26+01:00,[60],[346.322]
2025-11-18T01:04:25+01:00,[60],[346.322]
2025-11-18T01:04:24+01:00,[60],[346.322]
2025-11-18T01:04:23+01:00,[60],[346.322]
2025-11-18T01:04:22+01:00,[60],[346.322]
2025-11-18T01:04:21+01:00,[60],[346.322]
2025-11-18T01:04:20+01:00,[60],[346.322]
2025-11-18T01:04:19+01:00,[60],[346.322]
2025-11-18T01:04:18+01:00,[60],[346.322]
2025-11-18T01:04:17+01:00,[60],[346.322]
2025-11-18T01:04:16+01:00,[60],[346.322]
2025-11-18T01:04:15+01:00,[60],[346.322]
2025-11-18T01:04:14+01:00,[60],[346.322]
2025-11-18T01:04:13+01:00,[60],[346.322]
2025-11-18T01:04:12+01:00,[60],[346.322]
2025-11-18T01:04:11+01:00,[60],[346.322]
2025-11-18T01:04:10+01:00,[60],[346.322]
2025-11-18T01:04:09+01:00,[60],[346.322]
2025-11-18T01:04:08+01:00,[60],[346.322]
2025-11-18T01:04:07+01:00,[60],[346.322]
2025-11-18T01:04:06+01:00,[60],[346.322]
2025-11-18T01:04:05+01:00,[60],[346.322]
2025-11-18T01:04:04+01:00,[60],[346.322]
2025-11-18T01:04:03+01:00,[60],[346.322]
2025-11-18T01:04:02+01:00,[60],[346.322]
2025-11-18T01:04:01+01:00,[60],[346.322]
2025-11-18T01:04:00+01:00,[60],[346.322]
2025-11-18T01:03:59+01:00,[60],[346.322]
2025-11-18T01:03:58+01:00,[60],[346.322]
2025-11-18T01:03:57+01:00,[60],[346.322]
2025-11-18T01:03:56+01:00,[60],[346.322]
2025-11-18T01:03:55+01:00,[60],[346.322]
2025-11-18T01:03:54+01:00,[60],[346.322]
2025-11-18T01:03:53+01:00,[60],[346.322]
2025-11-18T01:03:52+01:00,[60],[346.322]
2025-11-18T01:03:51+01:00,[60],[346.322]
2025-11-18T01:03:50+01:00,[60],[346.322]
2025-11-18T01:03:49+01:00,[60],[346.322]
2025-11-18T01:03:48+01:00,[60],[346.322]
2025-11-18T01:03:47+01:00,[60],[346.322]
2025-11-18T01:03:46+01:00,[60],[346.322]
2025-11-18T01:03:45+01:00,[60],[346.322]
2025-11-18T01:03:44+01:00,[60],[346.322]
2025-11-18T01:03:43+01:00,[60],[346.322]
2025-11-18T01:03:42+01:00,[60],[346.322]
2025-11-18T01:03:41+01:00,[60],[346.322]
2025-11-18T01:03:40+01:00,[60],[346.322]
2025-11-18T01:03:39+01:00,[60],[346.322]
2025-11-18T01:03:38+01:00,[60],[346.322]
2025-11-18T01:03:37+01:00,[60],[346.322]
2025-11-18T01:03:36+01:00,[60],[346.322]
2025-11-18T01:03:35+01:00,[60],[346.322]
2025-11-18T01:03:34+01:00,[60],[346.322]
2025-11-18T01:03:33+01:00,[60],[346.322]
2025-11-18T01:03:32+01:00,[60],[346.322]
2025-11-18T01:03:31+01:00,[60],[346.322]
2025-11-18T01:03:30+01:00,[60],[346.322]
2025-11-18T01:03:29+01:00,[60],[346.322]
2025-11-18T01:03:28+01:00,[60],[346.322]
2025-11-18T01:03:27+01:00,[60],[346.322]
2025-11-18T01:03:26+01:00,[60],[346.322]
2025-11-18T01:03:25+01:00,[60],[346.322]
2025-11-18T01:03:24+01:00,[60],[346.322]
2025-11-18T01:03:23+01:00,[60],[346.322]
2025-11-18T01:03:22+01:00,[60],[346.322]
2025-11-18T01:03:21+01:00,[60],[346.322]
2025-11-18T01:03:20+01:00,[60],[346.322]
2025-11-18T01:03:19+01:00,[60],[346.322]
2025-11-18T01:03:18+01:00,[60],[346.322]
2025-11-18T01:03:17+01:00,[60],[346.322]
2025-11-18T01:03:16+01:00,[60],[346.322]
2025-11-18T01:03:15+01:00,[60],[346.322]
2025-11-18T01:03:14+01:00,[60],[346.322]
2025-11-18T01:03:13+01:00,[60],[346.322]
2025-11-18T01:03:12+01:00,[60],[346.322]
2025-11-18T01:03:11+01:00,[60],[346.322]
2025-11-18T01:03:10+01:00,[60],[346.322]
2025-11-18T01:03:09+01:00,[60],[346.322]
2025-11-18T01:03:08+01:00,[60],[346.322]
2025-11-18T01:03:07+01:00,[60],[346.322]
2025-11-18T01:03:06+01:00,[60],[346.322]
2025-11-18T01:03:05+01:00,[60],[346.322]
2025-11-18T01:03:04+01:00,[60],[346.322]
2025-11-18T01:03:03+01:00,[60],[346.322]
2025-11-18T01:03:02+01:00,[60],[346.322]
2025-11-18T01:03:01+01:00,[60],[346.322]
2025-11-18T01:03:00+01:00,[60],[346.322]
2025-11-18T01:02:59+01:00,[60],[346.322]
2025-11-18T01:02:58+01:00,[60],[346.322]
2025-11-18T01:02:57+01:00,[60],[346.322]
2025-11-18T01:02:56+01:00,[60],[346.322]
2025-11-18T01:02:55+01:00,[60],[346.322]
2025-11-18T01:02:54+01:00,[60],[346.322]
2025-11-18T01:02:53+01:00,[60],[346.322]
2025-11-18T01:02:52+01:00,[60],[346.322]
2025-11-18T01:02:51+01:00,[60],[346.322]
2025-11-18T01:02:50+01:00,[60],[346.322]
2025-11-18T01:02:49+01:00,[60],[346.322]
2025-11-18T01:02:48+01:00,[60],[346.322]
2025-11-18T01:02:47+01:00,[60],[346.322]
2025-11-18T01:02:46+01:00,[60],[346.322]
2025-11-18T01:02:45+01:00,[60],[346.322]
2025-11-18T01:02:44+01:00,[60],[346.322]
2025-11-18T01:02:43+01:00,[60],[346.322]
2025-11-18T01:02:42+01:00,[60],[346.322]
2025-11-18T01:02:41+01:00,[60],[346.322]
2025-11-18T01:02:40+01:00,[60],[346.322]
2025-11-18T01:02:39+01:00,[60],[346.322]
2025-11-18T01:02:38+01:00,[60],[346.322]
2025-11-18T01:02:37+01:00,[60],[346.322]
2025-11-18T01:02:36+01:00,[60],[346.322]
2025-11-18T01:02:35+01:00,[60],[346.322]
2025-11-18T01:02:34+01:00,[60],[346.322]
2025-11-18T01:02:33+01:00,[60],[346.322]
2025-11-18T01:02:32+01:00,[60],[346.322]
2025-11-18T01:02:31+01:00,[60],[346.322]
2025-11-18T01:02:30+01:00,[60],[346.322]
2025-11-18T01:02:29+01:00,[60],[346.322]
2025-11-18T01:02:28+01:00,[60],[346.322]
2025-11-18T01:02:27+01:00,[60],[346.322]
2025-11-18T01:02:26+01:00,[60],[346.322]
2025-11-18T01:02:25+01:00,[60],[346.322]
2025-11-18T01:02:24+01:00,[60],[346.322]
2025-11-18T01:02:23+01:00,[60],[346.322]
2025-11-18T01:02:22+01:00,[60],[346.322]
2025-11-18T01:02:21+01:00,[60],[346.322]
2025-11-18T01:02:20+01:00,[60],[346.322]
2025-11-18T01:02:19+01:00,[60],[346.322]
2025-11-18T01:02:18+01:00,[60],[346.322]
2025-11-18T01:02:17+01:00,[60],[346.322]
2025-11-18T01:02:16+01:00,[60],[346.322]
2025-11-18T01:02:15+01:00,[60],[346.322]
2025-11-18T01:02:14+01:00,[60],[346.322]
2025-11-18T01:02:13+01:00,[60],[346.322]
2025-11-18T01:02:12+01:00,[60],[346.322]
2025-11-18T01:02:11+01:00,[60],[346.322]
2025-11-18T01:02:10+01:00,[60],[346.322]
2025-11-18T01:02:09+01:00,[60],[346.322]
2025-11-18T01:02:08+01:00,[60],[346.322]
2025-11-18T01:02:07+01:00,[60],[346.322]
2025-11-18T01:02:06+01:00,[60],[346.322]
2025-11-18T01:02:05+01:00,[60],[346.322]
2025-11-18T01:02:04+01:00,[60],[346.322]
2025-11-18T01:02:03+01:00,[60],[346.322]
2025-11-18T01:02:02+01:00,[60],[346.322]
2025-11-18T01:02:01+01:00,[60],[346.322]
2025-11-18T01:02:00+01:00,[60],[346.322]
2025-11-18T01:01:59+01:00,[60],[346.322]
2025-11-18T01:01:58+01:00,[60],[346.322]
2025-11-18T01:01:57+01:00,[60],[346.322]
2025-11-18T01:01:56+01:00,[60],[346.322]
2025-11-18T01:01:55+01:00,[60],[346.322]
2025-11-18T01:01:54+01:00,[60],[346.322]
2025-11-18T01:01:53+01:00,[60],[346.322]
2025-11-18T01:01:52+01:00,[60],[346.322]
2025-11-18T01:01:51+01:00,[60],[346.322]
2025-11-18T01:01:50+01:00,[60],[346.322]
2025-11-18T01:01:49+01:00,[60],[346.322]
2025-11-18T01:01:48+01:00,[60],[346.322]
2025-11-18T01:01:47+01:00,[60],[346.322]
2025-11-18T01:01:46+01:00,[60],[346.322]
2025-11-18T01:01:45+01:00,[60],[346.322]
2025-11-18T01:01:44+01:00,[60],[346.322]
2025-11-18T01:01:43+01:00,[60],[346.322]
2025-11-18T01:01:42+01:00,[60],[346.322]
2025-11-18T01:01:41+01:00,[60],[346.322]
2025-11-18T01:01:40+01:00,[60],[346.322]
2025-11-18T01:01:39+01:00,[60],[346.322]
2025-11-18T01:01:38+01:00,[60],[346.322]
2025-11-18T01:01:37+01:00,[60],[346.322]
2025-11-18T01:01:36+01:00,[60],[346.322]
2025-11-18T01:01:35+01:00,[60],[346.322]
2025-11-18T01:01:34+01:00,[60],[346.322]
2025-11-18T01:01:33+01:00,[60],[346.322]
2025-11-18T01:01:32+01:00,[60],[346.322]
2025-11-18T01:01:31+01:00,[60],[346.322]
2025-11-18T01:01:30+01:00,[60],[346.322]
2025-11-18T01:01:29+01:00,[60],[346.322]
2025-11-18T01:01:28+01:00,[60],[346.322]
2025-11-18T01:01:27+01:00,[60],[346.322]
2025-11-18T01:01:26+01:00,[60],[346.322]
2025-11-18T01:01:25+01:00,[60],[346.322]
2025-11-18T01:01:24+01:00,[60],[346.322]
2025-11-18T01:01:23+01:00,[60],[346.322]
2025-11-18T01:01:22+01:00,[60],[346.322]
2025-11-18T01:01:21+01:00,[60],[346.322]
2025-11-18T01:01:20+01:00,[60],[346.322]
2025-11-18T01:01:19+01:00,[60],[346.322]
2025-11-18T01:01:18+01:00,[60],[346.322]
2025-11-18T01:01:17+01:00,[60],[346.322]
2025-11-18T01:01:16+01:00,[60],[346.322]
2025-11-18T01:01:15+01:00,[60],[346.322]
2025-11-18T01:01:14+01:00,[60],[346.322]
2025-11-18T01:01:13+01:00,[60],[346.322]
2025-11-18T01:01:12+01:00,[60],[346.322]
2025-11-18T01:01:11+01:00,[60],[346.322]
2025-11-18T01:01:10+01:00,[60],[346.322]
2025-11-18T01:01:09+01:00,[60],[346.322]
2025-11-18T01:01:08+01:00,[60],[346.322]
2025-11-18T01:01:07+01:00,[60],[346.322]
2025-11-18T01:01:06+01:00,[60],[346.322]
2025-11-18T01:01:05+01:00,[60],[346.322]
2025-11-18T01:01:04+01:00,[60],[346.322]
2025-11-18T01:01:03+01:00,[60],[346.322]
2025-11-18T01:01:02+01:00,[60],[346.322]
2025-11-18T01:01:01+01:00,[60],[346.322]
2025-11-18T01:01:00+01:00,[60],[346.322]
2025-11-18T01:00:59+01:00,[60],[346.322]
2025-11-18T01:00:58+01:00,[60],[346.322]
2025-11-18T01:00:57+01:00,[60],[346.322]
2025-11-18T01:00:56+01:00,[60],[346.322]
2025-11-18T01:00:55+01:00,[60],[346.322]
2025-11-18T01:00:54+01:00,[60],[346.322]
2025-11-18T01:00:53+01:00,[60],[346.322]
2025-11-18T01:00:52+01:00,[60],[346.322]
2025-11-18T01:00:51+01:00,[60],[346.322]
2025-11-18T01:00:50+01:00,[60],[346.322]
2025-11-18T01:00:49+01:00,[60],[346.322]
2025-11-18T01:00:48+01:00,[60],[346.322]
2025-11-18T01:00:47+01:00,[60],[346.322]
2025-11-18T01:00:46+01:00,[60],[346.322]
2025-11-18T01:00:45+01:00,[60],[346.322]
2025-11-18T01:00:44+01:00,[60],[346.322]
2025-11-18T01:00:43+01:00,[60],[346.322]
2025-11-18T01:00:42+01:00,[60],[346.322]
2025-11-18T01:00:41+01:00,[60],[346.322]
2025-11-18T01:00:40+01:00,[60],[346.322]
2025-11-18T01:00:39+01:00,[60],[346.322]
2025-11-18T01:00:38+01:00,[60],[346.322]
2025-11-18T01:00:37+01:00,[60],[346.322]
2025-11-18T01:00:36+01:00,[60],[346.322]
2025-11-18T01:00:35+01:00,[60],[346.322]
2025-11-18T01:00:34+01:00,[60],[346.322]
2025-11-18T01:00:33+01:00,[60],[346.322]
2025-11-18T01:00:32+01:00,[60],[346.322]
2025-11-18T01:00:31+01:00,[60],[346.322]
2025-11-18T01:00:30+01:00,[60],[346.322]
2025-11-18T01:00:29+01:00,[60],[346.322]
2025-11-18T01:00:28+01:00,[60],[346.322]
2025-11-18T01:00:27+01:00,[60],[346.322]
2025-11-18T01:00:26+01:00,[60],[346.322]
2025-11-18T01:00:25+01:00,[60],[346.322]
2025-11-18T01:00:24+01:00,[60],[346.322]
2025-11-18T01:00:23+01:00,[60],[346.322]
2025-11-18T01:00:22+01:00,[60],[346.322]
2025-11-18T01:00:21+01:00,[60],[346.322]
2025-11-18T01:00:20+01:00,[60],[346.322]
2025-11-18T01:00:19+01:00,[60],[346.322]
2025-11-18T01:00:18+01:00,[60],[346.322]
2025-11-18T01:00:17+01:00,[60],[346.322]
2025-11-18T01:00:16+01:00,[60],[346.322]
2025-11-18T01:00:15+01:00,[60],[346.322]
2025-11-18T01:00:14+01:00,[60],[346.322]
2025-11-18T01:00:13+01:00,[60],[346.322]
2025-11-18T01:00:12+01:00,[60],[346.322]
2025-11-18T01:00:11+01:00,[60],[346.322]
2025-11-18T01:00:10+01:00,[60],[346.322]
2025-11-18T01:00:09+01:00,[60],[346.322]
2025-11-18T01:00:08+01:00,[60],[346.322]
2025-11-18T01:00:07+01:00,[60],[346.322]
2025-11-18T01:00:06+01:00,[60],[346.322]
2025-11-18T01:00:05+01:00,[60],[346.322]
2025-11-18T01:00:04+01:00,[60],[346.322]
2025-11-18T01:00:03+01:00,[60],[346.322]
2025-11-18T01:00:02+01:00,[60],[346.322]
2025-11-18T01:00:01+01:00,[60],[346.322]
2025-11-18T01:00:00+01:00,[60],[346.322]
2025-11-18T00:59:59+01:00,[60],[346.322]
2025-11-18T00:59:58+01:00,[60],[346.322]
2025-11-18T00:59:57+01:00,[60],[346.322]
2025-11-18T00:59:56+01:00,[60],[346.322]
2025-11-18T00:59:55+01:00,[60],[346.322]
2025-11-18T00:59:54+01:00,[60],[346.322]
2025-11-18T00:59:53+01:00,[60],[346.322]
2025-11-18T00:59:52+01:00,[60],[346.322]
2025-11-18T00:59:51+01:00,[60],[346.322]
2025-11-18T00:59:50+01:00,[60],[346.322]
2025-11-18T00:59:49+01:00,[60],[346.322]
2025-11-18T00:59:48+01:00,[60],[346.322]
2025-11-18T00:59:47+01:00,[60],[346.322]
2025-11-18T00:59:46+01:00,[60],[346.322]
2025-11-18T00:59:45+01:00,[60],[346.322]
2025-11-18T00:59:44+01:00,[60],[346.322]
2025-11-18T00:59:43+01:00,[60],[346.322]
2025-11-18T00:59:42+01:00,[60],[346.322]
2025-11-18T00:59:41+01:00,[60],[346.322]
2025-11-18T00:59:40+01:00,[60],[346.322]
2025-11-18T00:59:39+01:00,[60],[346.322]
2025-11-18T00:59:38+01:00,[60],[346.322]
2025-11-18T00:59:37+01:00,[60],[346.322]
2025-11-18T00:59:36+01:00,[60],[346.322]
2025-11-18T00:59:35+01:00,[60],[346.322]
2025-11-18T00:59:34+01:00,[60],[346.322]
2025-11-18T00:59:33+01:00,[60],[346.322]
2025-11-18T00:59:32+01:00,[60],[346.322]
2025-11-18T00:59:31+01:00,[60],[346.322]
2025-11-18T00:59:30+01:00,[60],[346.322]
2025-11-18T00:59:29+01:00,[60],[346.322]
2025-11-18T00:59:28+01:00,[60],[346.322]
2025-11-18T00:59:27+01:00,[60],[346.322]
2025-11-18T00:59:26+01:00,[60],[346.322]
2025-11-18T00:59:25+01:00,[60],[346.322]
2025-11-18T00:59:24+01:00,[60],[346.322]
2025-11-18T00:59:23+01:00,[60],[346.322]
2025-11-18T00:59:22+01:00,[60],[346.322]
2025-11-18T00:59:21+01:00,[60],[346.322]
2025-11-18T00:59:20+01:00,[60],[346.322]
2025-11-18T00:59:19+01:00,[60],[346.322]
2025-11-18T00:59:18+01:00,[60],[346.322]
2025-11-18T00:59:17+01:00,[60],[346.322]
2025-11-18T00:59:16+01:00,[60],[346.322]
2025-11-18T00:59:15+01:00,[60],[346.322]
2025-11-18T00:59:14+01:00,[60],[346.322]
2025-11-18T00:59:13+01:00,[60],[346.322]
2025-11-18T00:59:12+01:00,[60],[346.322]
2025-11-18T00:59:11+01:00,[60],[346.322]
2025-11-18T00:59:10+01:00,[60],[346.322]
2025-11-18T00:59:09+01:00,[60],[346.322]
2025-11-18T00:59:08+01:00,[60],[346.322]
2025-11-18T00:59:07+01:00,[60],[346.322]
2025-11-18T00:59:06+01:00,[60],[346.322]
2025-11-18T00:59:05+01:00,[60],[346.322]
2025-11-18T00:59:04+01:00,[60],[346.322]
2025-11-18T00:59:03+01:00,[60],[346.322]
2025-11-18T00:59:02+01:00,[60],[346.322]
2025-11-18T00:59:01+01:00,[60],[346.322]
2025-11-18T00:59:00+01:00,[60],[346.322]
2025-11-18T00:58:59+01:00,[60],[346.322]
2025-11-18T00:58:58+01:00,[60],[346.322]
2025-11-18T00:58:57+01:00,[60],[346.322]
2025-11-18T00:58:56+01:00,[60],[346.322]
2025-11-18T00:58:55+01:00,[60],[346.322]
2025-11-18T00:58:54+01:00,[60],[346.322]
2025-11-18T00:58:53+01:00,[60],[346.322]
2025-11-18T00:58:52+01:00,[60],[346.322]
2025-11-18T00:58:51+01:00,[60],[346.322]
2025-11-18T00:58:50+01:00,[60],[346.322]
2025-11-18T00:58:49+01:00,[60],[346.322]
2025-11-18T00:58:48+01:00,[60],[346.322]
2025-11-18T00:58:47+01:00,[60],[346.322]
2025-11-18T00:58:46+01:00,[60],[346.322]
2025-11-18T00:58:45+01:00,[60],[346.322]
2025-11-18T00:58:44+01:00,[60],[346.322]
2025-11-18T00:58:43+01:00,[60],[346.322]
2025-11-18T00:58:42+01:00,[60],[346.322]
2025-11-18T00:58:41+01:00,[60],[346.322]
2025-11-18T00:58:40+01:00,[60],[346.322]
2025-11-18T00:58:39+01:00,[60],[346.322]
2025-11-18T00:58:38+01:00,[60],[346.322]
2025-11-18T00:58:37+01:00,[60],[346.322]
2025-11-18T00:58:36+01:00,[60],[346.322]
2025-11-18T00:58:35+01:00,[60],[346.322]
2025-11-18T00:58:34+01:00,[60],[346.322]
2025-11-18T00:58:33+01:00,[60],[346.322]
2025-11-18T00:58:32+01:00,[60],[346.322]
2025-11-18T00:58:31+01:00,[60],[346.322]
2025-11-18T00:58:30+01:00,[60],[346.322]
2025-11-18T00:58:29+01:00,[60],[346.322]
2025-11-18T00:58:28+01:00,[60],[346.322]
2025-11-18T00:58:27+01:00,[60],[346.322]
2025-11-18T00:58:26+01:00,[60],[346.322]
2025-11-18T00:58:25+01:00,[60],[346.322]
2025-11-18T00:58:24+01:00,[60],[346.322]
2025-11-18T00:58:23+01:00,[60],[346.322]
2025-11-18T00:58:22+01:00,[60],[346.322]
2025-11-18T00:58:21+01:00,[60],[346.322]
2025-11-18T00:58:20+01:00,[60],[346.322]
2025-11-18T00:58:19+01:00,[60],[346.322]
2025-11-18T00:58:18+01:00,[60],[346.322]
2025-11-18T00:58:17+01:00,[60],[346.322]
2025-11-18T00:58:16+01:00,[60],[346.322]
2025-11-18T00:58:15+01:00,[60],[346.322]
2025-11-18T00:58:14+01:00,[60],[346.322]
2025-11-18T00:58:13+01:00,[60],[346.322]
2025-11-18T00:58:12+01:00,[60],[346.322]
2025-11-18T00:58:11+01:00,[60],[346.322]
2025-11-18T00:58:10+01:00,[60],[346.322]
2025-11-18T00:58:09+01:00,[60],[346.322]
2025-11-18T00:58:08+01:00,[60],[346.322]
2025-11-18T00:58:07+01:00,[60],[346.322]
2025-11-18T00:58:06+01:00,[60],[346.322]
2025-11-18T00:58:05+01:00,[60],[346.322]
2025-11-18T00:58:04+01:00,[60],[346.322]
2025-11-18T00:58:03+01:00,[60],[346.322]
2025-11-18T00:58:02+01:00,[60],[346.322]
2025-11-18T00:58:01+01:00,[60],[346.322]
2025-11-18T00:58:00+01:00,[60],[346.322]
2025-11-18T00:57:59+01:00,[60],[346.322]
2025-11-18T00:57:58+01:00,[60],[346.322]
2025-11-18T00:57:57+01:00,[60],[346.322]
2025-11-18T00:57:56+01:00,[60],[346.322]
2025-11-18T00:57:55+01:00,[60],[346.322]
2025-11-18T00:57:54+01:00,[60],[346.322]
2025-11-18T00:57:53+01:00,[60],[346.322]
2025-11-18T00:57:52+01:00,[60],[346.322]
2025-11-18T00:57:51+01:00,[60],[346.322]
2025-11-18T00:57:50+01:00,[60],[346.322]
2025-11-18T00:57:49+01:00,[60],[346.322]
2025-11-18T00:57:48+01:00,[60],[346.322]
2025-11-18T00:57:47+01:00,[60],[346.322]
2025-11-18T00:57:46+01:00,[60],[346.322]
2025-11-18T00:57:45+01:00,[60],[346.322]
2025-11-18T00:57:44+01:00,[60],[346.322]
2025-11-18T00:57:43+01:00,[60],[346.322]
2025-11-18T00:57:42+01:00,[60],[346.322]
2025-11-18T00:57:41+01:00,[60],[346.322]
2025-11-18T00:57:40+01:00,[60],[346.322]
2025-11-18T00:57:39+01:00,[60],[346.322]
2025-11-18T00:57:38+01:00,[60],[346.322]
2025-11-18T00:57:37+01:00,[60],[346.322]
2025-11-18T00:57:36+01:00,[60],[346.322]
2025-11-18T00:57:35+01:00,[60],[346.322]
2025-11-18T00:57:34+01:00,[60],[346.322]
2025-11-18T00:57:33+01:00,[60],[346.322]
2025-11-18T00:57:32+01:00,[60],[346.322]
2025-11-18T00:57:31+01:00,[60],[346.322]
2025-11-18T00:57:30+01:00,[60],[346.322]
2025-11-18T00:57:29+01:00,[60],[346.322]
2025-11-18T00:57:28+01:00,[60],[346.322]
2025-11-18T00:57:27+01:00,[60],[346.322]
2025-11-18T00:57:26+01:00,[60],[346.322]
2025-11-18T00:57:25+01:00,[60],[346.322]
2025-11-18T00:57:24+01:00,[60],[346.322]
2025-11-18T00:57:23+01:00,[60],[346.322]
2025-11-18T00:57:22+01:00,[60],[346.322]
2025-11-18T00:57:21+01:00,[60],[346.322]
2025-11-18T00:57:20+01:00,[60],[346.322]
2025-11-18T00:57:19+01:00,[60],[346.322]
2025-11-18T00:57:18+01:00,[60],[346.322]
2025-11-18T00:57:17+01:00,[60],[346.322]
2025-11-18T00:57:16+01:00,[60],[346.322]
2025-11-18T00:57:14+01:00,[60],[346.322]
2025-11-18T00:57:13+01:00,[60],[346.322]
2025-11-18T00:57:12+01:00,[60],[346.322]
2025-11-18T00:57:11+01:00,[60],[346.322]
2025-11-18T00:57:10+01:00,[60],[346.322]
2025-11-18T00:57:08+01:00,[60],[346.322]
2025-11-18T00:57:07+01:00,[60],[346.322]
2025-11-18T00:57:05+01:00,[60],[346.322]
2025-11-18T00:57:04+01:00,[60],[346.322]
2025-11-18T00:57:03+01:00,[60],[346.322]
2025-11-18T00:57:02+01:00,[60],[346.322]
2025-11-18T00:57:01+01:00,[60],[346.322]
2025-11-18T00:57:00+01:00,[60],[346.322]
2025-11-18T00:56:59+01:00,[60],[346.322]
2025-11-18T00:56:58+01:00,[60],[346.322]
2025-11-18T00:56:57+01:00,[60],[346.322]
2025-11-18T00:56:56+01:00,[60],[346.322]
2025-11-18T00:56:55+01:00,[60],[346.322]
2025-11-18T00:56:54+01:00,[60],[346.322]
2025-11-18T00:56:53+01:00,[60],[346.322]
2025-11-18T00:56:52+01:00,[60],[346.322]
2025-11-18T00:56:51+01:00,[60],[346.322]
2025-11-18T00:56:50+01:00,[60],[346.322]
2025-11-18T00:56:49+01:00,[60],[346.322]
2025-11-18T00:56:48+01:00,[60],[346.322]
2025-11-18T00:56:47+01:00,[60],[346.322]
2025-11-18T00:56:46+01:00,[60],[346.322]
2025-11-18T00:56:45+01:00,[60],[346.322]
2025-11-18T00:56:44+01:00,[60],[346.322]
2025-11-18T00:56:43+01:00,[60],[346.322]
2025-11-18T00:56:42+01:00,[60],[346.322]
2025-11-18T00:56:41+01:00,[60],[346.322]
2025-11-18T00:56:40+01:00,[60],[346.322]
2025-11-18T00:56:39+01:00,[60],[346.322]
2025-11-18T00:56:38+01:00,[60],[346.322]
2025-11-18T00:56:37+01:00,[60],[346.322]
2025-11-18T00:56:36+01:00,[60],[346.322]
2025-11-18T00:56:35+01:00,[60],[346.322]
2025-11-18T00:56:34+01:00,[60],[346.322]
2025-11-18T00:56:33+01:00,[60],[346.322]
2025-11-18T00:56:32+01:00,[60],[346.322]
2025-11-18T00:56:31+01:00,[60],[346.322]
2025-11-18T00:56:30+01:00,[60],[346.322]
2025-11-18T00:56:29+01:00,[60],[346.322]
2025-11-18T00:56:28+01:00,[60],[346.322]
2025-11-18T00:56:27+01:00,[60],[346.322]
2025-11-18T00:56:26+01:00,[60],[346.322]
2025-11-18T00:56:25+01:00,[60],[346.322]
2025-11-18T00:56:24+01:00,[60],[346.322]
2025-11-18T00:56:23+01:00,[60],[346.322]
2025-11-18T00:56:22+01:00,[60],[346.322]
2025-11-18T00:56:21+01:00,[60],[346.322]
2025-11-18T00:56:20+01:00,[60],[346.322]
2025-11-18T00:56:19+01:00,[60],[346.322]
2025-11-18T00:56:18+01:00,[60],[346.322]
2025-11-18T00:56:17+01:00,[60],[346.322]
2025-11-18T00:56:16+01:00,[60],[346.322]
2025-11-18T00:56:15+01:00,[60],[346.322]
2025-11-18T00:56:14+01:00,[60],[346.322]
2025-11-18T00:56:13+01:00,[60],[346.322]
2025-11-18T00:56:12+01:00,[60],[346.322]
2025-11-18T00:56:11+01:00,[60],[346.322]
2025-11-18T00:56:10+01:00,[60],[346.322]
2025-11-18T00:56:09+01:00,[60],[346.322]
2025-11-18T00:56:08+01:00,[60],[346.322]
2025-11-18T00:56:07+01:00,[60],[346.322]
2025-11-18T00:56:06+01:00,[60],[346.322]
2025-11-18T00:56:05+01:00,[60],[346.322]
2025-11-18T00:56:04+01:00,[60],[346.322]
2025-11-18T00:56:03+01:00,[60],[346.322]
2025-11-18T00:56:02+01:00,[60],[346.322]
2025-11-18T00:56:01+01:00,[60],[346.322]
2025-11-18T00:56:00+01:00,[60],[346.322]
2025-11-18T00:55:59+01:00,[60],[346.322]
2025-11-18T00:55:58+01:00,[60],[346.322]
2025-11-18T00:55:57+01:00,[60],[346.322]
2025-11-18T00:55:56+01:00,[60],[346.322]
2025-11-18T00:55:55+01:00,[60],[346.322]
2025-11-18T00:55:54+01:00,[60],[346.322]
2025-11-18T00:55:53+01:00,[60],[346.322]
2025-11-18T00:55:52+01:00,[60],[346.322]
2025-11-18T00:55:51+01:00,[60],[346.322]
2025-11-18T00:55:50+01:00,[60],[346.322]
2025-11-18T00:55:49+01:00,[60],[346.322]
2025-11-18T00:55:48+01:00,[60],[346.322]
2025-11-18T00:55:47+01:00,[60],[346.322]
2025-11-18T00:55:46+01:00,[60],[346.322]
2025-11-18T00:55:45+01:00,[60],[346.322]
2025-11-18T00:55:44+01:00,[60],[346.322]
2025-11-18T00:55:43+01:00,[60],[346.322]
2025-11-18T00:55:42+01:00,[60],[346.322]
2025-11-18T00:55:41+01:00,[60],[346.322]
2025-11-18T00:55:40+01:00,[60],[346.322]
2025-11-18T00:55:39+01:00,[60],[346.322]
2025-11-18T00:55:38+01:00,[60],[346.322]
2025-11-18T00:55:37+01:00,[60],[346.322]
2025-11-18T00:55:36+01:00,[60],[346.322]
2025-11-18T00:55:35+01:00,[60],[346.322]
2025-11-18T00:55:34+01:00,[60],[346.322]
2025-11-18T00:55:33+01:00,[60],[346.322]
2025-11-18T00:55:32+01:00,[60],[346.322]
2025-11-18T00:55:31+01:00,[60],[346.322]
2025-11-18T00:55:30+01:00,[60],[346.322]
2025-11-18T00:55:29+01:00,[60],[346.322]
2025-11-18T00:55:28+01:00,[60],[346.322]
2025-11-18T00:55:27+01:00,[60],[346.322]
2025-11-18T00:55:26+01:00,[60],[346.322]
2025-11-18T00:55:25+01:00,[60],[346.322]
2025-11-18T00:55:24+01:00,[60],[346.322]
2025-11-18T00:55:23+01:00,[60],[346.322]
2025-11-18T00:55:22+01:00,[60],[346.322]
2025-11-18T00:55:21+01:00,[60],[346.306]
2025-11-18T00:55:20+01:00,[60],[346.25]
2025-11-18T00:55:19+01:00,[60],[346.272]
2025-11-18T00:55:18+01:00,[60],[346.336]
2025-11-18T00:55:17+01:00,[60],[346.352]
2025-11-18T00:55:16+01:00,[60],[346.348]
2025-11-18T00:55:15+01:00,[60],[346.301]
2025-11-18T00:55:14+01:00,[60],[346.229]
2025-11-18T00:55:13+01:00,[60],[346.265]
2025-11-18T00:55:12+01:00,[60],[346.184]
2025-11-18T00:55:11+01:00,[60],[346.108]
2025-11-18T00:55:10+01:00,[60],[346.115]
2025-11-18T00:55:09+01:00,[60],[346.077]
2025-11-18T00:55:08+01:00,[60],[346.047]
2025-11-18T00:55:07+01:00,[60],[345.948]
2025-11-18T00:55:06+01:00,[60],[345.859]
2025-11-18T00:55:05+01:00,[60],[345.893]
2025-11-18T00:55:04+01:00,[60],[345.865]
2025-11-18T00:55:03+01:00,[60],[345.877]
2025-11-18T00:55:02+01:00,[60],[345.939]
2025-11-18T00:55:01+01:00,[60],[345.831]
2025-11-18T00:55:00+01:00,[60],[345.749]
2025-11-18T00:54:58+01:00,[60],[345.629]
2025-11-18T00:54:57+01:00,[60],[345.489]
2025-11-18T00:54:56+01:00,[60],[345.473]
2025-11-18T00:54:55+01:00,[60],[345.35]
2025-11-18T00:54:54+01:00,[60],[345.209]
2025-11-18T00:54:53+01:00,[60],[345.185]
2025-11-18T00:54:52+01:00,[60],[345.106]
2025-11-18T00:54:51+01:00,[60],[345.014]
2025-11-18T00:54:50+01:00,[60],[344.975]
2025-11-18T00:54:49+01:00,[60],[344.925]
2025-11-18T00:54:48+01:00,[60],[344.827]
2025-11-18T00:54:47+01:00,[60],[344.736]
2025-11-18T00:54:46+01:00,[60],[344.652]
2025-11-18T00:54:45+01:00,[60],[344.585]
2025-11-18T00:54:44+01:00,[60],[344.561]
2025-11-18T00:54:43+01:00,[60],[344.478]
2025-11-18T00:54:42+01:00,[60],[344.399]
2025-11-18T00:54:41+01:00,[60],[344.304]
2025-11-18T00:54:40+01:00,[60],[344.282]
2025-11-18T00:54:39+01:00,[60],[344.214]
2025-11-18T00:54:38+01:00,[60],[344.137]
2025-11-18T00:54:37+01:00,[60],[344.088]
2025-11-18T00:54:36+01:00,[60],[344.009]
2025-11-18T00:54:35+01:00,[60],[343.988]
2025-11-18T00:54:34+01:00,[60],[343.966]
2025-11-18T00:54:33+01:00,[60],[343.944]
2025-11-18T00:54:32+01:00,[60],[344.008]
2025-11-18T00:54:31+01:00,[60],[344.008]
2025-11-18T00:54:30+01:00,[60],[344.064]
2025-11-18T00:54:29+01:00,[60],[344.134]
2025-11-18T00:54:28+01:00,[60],[344.189]
2025-11-18T00:54:27+01:00,[60],[344.231]
2025-11-18T00:54:26+01:00,[60],[344.305]
2025-11-18T00:54:25+01:00,[60],[344.358]
2025-11-18T00:54:24+01:00,[60],[344.396]
2025-11-18T00:54:23+01:00,[60],[344.537]
2025-11-18T00:54:22+01:00,[60],[344.6]
2025-11-18T00:54:21+01:00,[60],[344.651]
2025-11-18T00:54:20+01:00,[60],[344.607]
2025-11-18T00:54:19+01:00,[60],[344.718]
2025-11-18T00:54:18+01:00,[60],[344.757]
2025-11-18T00:54:17+01:00,[60],[344.857]
2025-11-18T00:54:16+01:00,[60],[344.923]
2025-11-18T00:54:15+01:00,[60],[345.016]
2025-11-18T00:54:14+01:00,[60],[345.081]
2025-11-18T00:54:13+01:00,[60],[345.126]
2025-11-18T00:54:12+01:00,[60],[345.173]
2025-11-18T00:54:11+01:00,[60],[345.253]
2025-11-18T00:54:10+01:00,[60],[345.353]
2025-11-18T00:54:09+01:00,[60],[345.377]
2025-11-18T00:54:08+01:00,[60],[345.381]
2025-11-18T00:54:07+01:00,[60],[345.442]
2025-11-18T00:54:06+01:00,[60],[345.476]
2025-11-18T00:54:05+01:00,[60],[345.521]
2025-11-18T00:54:04+01:00,[60],[345.645]
2025-11-18T00:54:03+01:00,[60],[345.711]
2025-11-18T00:54:02+01:00,[60],[345.671]
2025-11-18T00:54:01+01:00,[60],[345.687]
2025-11-18T00:54:00+01:00,[60],[345.712]
2025-11-18T00:53:59+01:00,[60],[345.783]
2025-11-18T00:53:58+01:00,[60],[345.741]
2025-11-18T00:53:57+01:00,[60],[345.641]
2025-11-18T00:53:56+01:00,[60],[345.562]
2025-11-18T00:53:55+01:00,[60],[345.51]
2025-11-18T00:53:54+01:00,[60],[345.491]
2025-11-18T00:53:53+01:00,[60],[345.432]
2025-11-18T00:53:52+01:00,[60],[345.267]
2025-11-18T00:53:51+01:00,[60],[345.199]
2025-11-18T00:53:50+01:00,[60],[345.178]
2025-11-18T00:53:49+01:00,[60],[345.189]
2025-11-18T00:53:48+01:00,[60],[345.111]
2025-11-18T00:53:47+01:00,[60],[345.135]
2025-11-18T00:53:46+01:00,[60],[345.111]
2025-11-18T00:53:45+01:00,[60],[345.11]
2025-11-18T00:53:44+01:00,[60],[345.091]
2025-11-18T00:53:43+01:00,[60],[345.12]
2025-11-18T00:53:42+01:00,[60],[345.183]
2025-11-18T00:53:41+01:00,[60],[345.128]
2025-11-18T00:53:40+01:00,[60],[345.159]
2025-11-18T00:53:39+01:00,[60],[345.173]
2025-11-18T00:53:38+01:00,[60],[345.143]
2025-11-18T00:53:37+01:00,[60],[345.151]
2025-11-18T00:53:36+01:00,[60],[345.173]
2025-11-18T00:53:35+01:00,[60],[345.214]
2025-11-18T00:53:34+01:00,[60],[345.314]
2025-11-18T00:53:33+01:00,[60],[345.395]
2025-11-18T00:53:32+01:00,[60],[345.41]
2025-11-18T00:53:31+01:00,[60],[345.456]
2025-11-18T00:53:30+01:00,[60],[345.523]
2025-11-18T00:53:29+01:00,[60],[345.582]
2025-11-18T00:53:28+01:00,[60],[345.631]
2025-11-18T00:53:27+01:00,[60],[345.675]
2025-11-18T00:53:26+01:00,[60],[345.751]
2025-11-18T00:53:25+01:00,[60],[345.789]
2025-11-18T00:53:24+01:00,[60],[345.869]
2025-11-18T00:53:23+01:00,[60],[345.884]
2025-11-18T00:53:22+01:00,[60],[345.931]
2025-11-18T00:53:21+01:00,[60],[345.92]
2025-11-18T00:53:20+01:00,[60],[346]
2025-11-18T00:53:19+01:00,[60],[345.991]
2025-11-18T00:53:18+01:00,[60],[345.945]
2025-11-18T00:53:17+01:00,[60],[345.994]
2025-11-18T00:53:16+01:00,[60],[346.02]
2025-11-18T00:53:15+01:00,[60],[346.026]
2025-11-18T00:53:14+01:00,[60],[346.002]
2025-11-18T00:53:13+01:00,[60],[345.943]
2025-11-18T00:53:12+01:00,[60],[345.969]
2025-11-18T00:53:11+01:00,[60],[346.08]
2025-11-18T00:53:10+01:00,[60],[346.127]
2025-11-18T00:53:09+01:00,[60],[346.168]
2025-11-18T00:53:08+01:00,[60],[346.149]
2025-11-18T00:53:07+01:00,[60],[346.167]
2025-11-18T00:53:06+01:00,[60],[346.233]
2025-11-18T00:53:05+01:00,[60],[346.271]
2025-11-18T00:53:04+01:00,[60],[346.249]
2025-11-18T00:53:03+01:00,[60],[346.248]
2025-11-18T00:53:02+01:00,[60],[346.276]
2025-11-18T00:53:01+01:00,[60],[346.295]
2025-11-18T00:53:00+01:00,[60],[346.309]
2025-11-18T00:52:59+01:00,[60],[346.32]
2025-11-18T00:52:58+01:00,[60],[346.253]
2025-11-18T00:52:57+01:00,[60],[346.164]
2025-11-18T00:52:56+01:00,[60],[346.154]
2025-11-18T00:52:55+01:00,[60],[346.191]
2025-11-18T00:52:53+01:00,[60],[346.182]
2025-11-18T00:52:52+01:00,[60],[346.139]
2025-11-18T00:52:51+01:00,[60],[346.21]
2025-11-18T00:52:50+01:00,[60],[346.23]
2025-11-18T00:52:49+01:00,[60],[346.245]
2025-11-18T00:52:48+01:00,[60],[346.203]
2025-11-18T00:52:47+01:00,[60],[346.221]
2025-11-18T00:52:46+01:00,[60],[346.203]
2025-11-18T00:52:45+01:00,[60],[346.238]
2025-11-18T00:52:44+01:00,[60],[346.268]
2025-11-18T00:52:43+01:00,[60],[346.322]
2025-11-18T00:52:42+01:00,[60],[346.308]
2025-11-18T00:52:41+01:00,[60],[346.328]
2025-11-18T00:52:40+01:00,[60],[346.304]
2025-11-18T00:52:39+01:00,[60],[346.292]
2025-11-18T00:52:38+01:00,[60],[346.361]
2025-11-18T00:52:37+01:00,[60],[346.306]
2025-11-18T00:52:36+01:00,[60],[346.345]
2025-11-18T00:52:35+01:00,[60],[346.368]
2025-11-18T00:52:34+01:00,[60],[346.363]
2025-11-18T00:52:33+01:00,[60],[346.316]
2025-11-18T00:52:32+01:00,[60],[346.33]
2025-11-18T00:52:31+01:00,[60],[346.234]
2025-11-18T00:52:30+01:00,[60],[346.253]
2025-11-18T00:52:29+01:00,[60],[346.304]
2025-11-18T00:52:28+01:00,[60],[346.261]
2025-11-18T00:52:27+01:00,[60],[346.29]
2025-11-18T00:52:26+01:00,[60],[346.282]
2025-11-18T00:52:25+01:00,[60],[346.245]
2025-11-18T00:52:24+01:00,[60],[346.222]
2025-11-18T00:52:23+01:00,[60],[346.201]
2025-11-18T00:52:22+01:00,[60],[346.205]
2025-11-18T00:52:21+01:00,[60],[346.123]
2025-11-18T00:52:20+01:00,[60],[346.076]
2025-11-18T00:52:19+01:00,[60],[346.06]
2025-11-18T00:52:18+01:00,[60],[346.004]
2025-11-18T00:52:17+01:00,[60],[346.021]
2025-11-18T00:52:16+01:00,[60],[346.046]
2025-11-18T00:52:15+01:00,[60],[346.008]
2025-11-18T00:52:14+01:00,[60],[346.012]
2025-11-18T00:52:13+01:00,[60],[346.026]
2025-11-18T00:52:12+01:00,[60],[345.956]
2025-11-18T00:52:11+01:00,[60],[345.89]
2025-11-18T00:52:10+01:00,[60],[345.821]
2025-11-18T00:52:09+01:00,[60],[345.839]
2025-11-18T00:52:08+01:00,[60],[345.795]
2025-11-18T00:52:07+01:00,[60],[345.737]
2025-11-18T00:52:06+01:00,[60],[345.722]
2025-11-18T00:52:05+01:00,[60],[345.76]
2025-11-18T00:52:04+01:00,[60],[345.726]
2025-11-18T00:52:03+01:00,[60],[345.775]
2025-11-18T00:52:02+01:00,[60],[345.792]
2025-11-18T00:52:01+01:00,[60],[345.859]
2025-11-18T00:52:00+01:00,[60],[345.853]
2025-11-18T00:51:59+01:00,[60],[345.843]
2025-11-18T00:51:58+01:00,[60],[345.897]
2025-11-18T00:51:57+01:00,[60],[346.004]
2025-11-18T00:51:56+01:00,[60],[346.009]
2025-11-18T00:51:55+01:00,[60],[346.007]
2025-11-18T00:51:54+01:00,[60],[346.002]
2025-11-18T00:51:53+01:00,[60],[346.016]
2025-11-18T00:51:52+01:00,[60],[345.99]
2025-11-18T00:51:51+01:00,[60],[346.049]
2025-11-18T00:51:50+01:00,[60],[346.122]
2025-11-18T00:51:49+01:00,[60],[346.193]
2025-11-18T00:51:48+01:00,[60],[346.229]
2025-11-18T00:51:47+01:00,[60],[346.356]
2025-11-18T00:51:46+01:00,[60],[346.382]
2025-11-18T00:51:45+01:00,[60],[346.438]
2025-11-18T00:51:44+01:00,[60],[346.492]
2025-11-18T00:51:43+01:00,[60],[346.535]
2025-11-18T00:51:42+01:00,[60],[346.592]
2025-11-18T00:51:41+01:00,[60],[346.624]
2025-11-18T00:51:40+01:00,[60],[346.642]
2025-11-18T00:51:39+01:00,[60],[346.574]
2025-11-18T00:51:38+01:00,[60],[346.519]
2025-11-18T00:51:37+01:00,[60],[346.454]
2025-11-18T00:51:36+01:00,[60],[346.429]
2025-11-18T00:51:35+01:00,[60],[346.382]
2025-11-18T00:51:34+01:00,[60],[346.322]
2025-11-18T00:51:33+01:00,[60],[346.223]
2025-11-18T00:51:32+01:00,[60],[346.296]
2025-11-18T00:51:31+01:00,[60],[346.341]
2025-11-18T00:51:30+01:00,[60],[346.347]
2025-11-18T00:51:29+01:00,[60],[346.37]
2025-11-18T00:51:28+01:00,[60],[346.451]
2025-11-18T00:51:27+01:00,[60],[346.425]
2025-11-18T00:51:26+01:00,[60],[346.429]
2025-11-18T00:51:25+01:00,[60],[346.435]
2025-11-18T00:51:24+01:00,[60],[346.395]
2025-11-18T00:51:23+01:00,[60],[346.377]
2025-11-18T00:51:22+01:00,[60],[346.418]
2025-11-18T00:51:21+01:00,[60],[346.476]
2025-11-18T00:51:20+01:00,[60],[346.455]
2025-11-18T00:51:19+01:00,[60],[346.379]
2025-11-18T00:51:18+01:00,[60],[346.336]
2025-11-18T00:51:17+01:00,[60],[346.316]
2025-11-18T00:51:16+01:00,[60],[346.286]
2025-11-18T00:51:15+01:00,[60],[346.288]
2025-11-18T00:51:14+01:00,[60],[346.443]
2025-11-18T00:51:13+01:00,[60],[346.513]
2025-11-18T00:51:12+01:00,[60],[346.595]
2025-11-18T00:51:11+01:00,[60],[346.606]
2025-11-18T00:51:10+01:00,[60],[346.607]
2025-11-18T00:51:09+01:00,[60],[346.641]
2025-11-18T00:51:08+01:00,[60],[346.679]
2025-11-18T00:51:07+01:00,[60],[346.684]
2025-11-18T00:51:06+01:00,[60],[346.669]
2025-11-18T00:51:05+01:00,[60],[346.684]
2025-11-18T00:51:04+01:00,[60],[346.691]
2025-11-18T00:51:03+01:00,[60],[346.601]
2025-11-18T00:51:02+01:00,[60],[346.618]
2025-11-18T00:51:01+01:00,[60],[346.584]
2025-11-18T00:51:00+01:00,[60],[346.58]
2025-11-18T00:50:59+01:00,[60],[346.637]
2025-11-18T00:50:58+01:00,[60],[346.663]
2025-11-18T00:50:57+01:00,[60],[346.644]
2025-11-18T00:50:56+01:00,[60],[346.701]
2025-11-18T00:50:55+01:00,[60],[346.702]
2025-11-18T00:50:54+01:00,[60],[346.683]
2025-11-18T00:50:53+01:00,[60],[346.712]
2025-11-18T00:50:52+01:00,[60],[346.658]
2025-11-18T00:50:51+01:00,[60],[346.684]
2025-11-18T00:50:50+01:00,[60],[346.722]
2025-11-18T00:50:49+01:00,[60],[346.757]
2025-11-18T00:50:47+01:00,[60],[346.823]
2025-11-18T00:50:46+01:00,[60],[346.909]
2025-11-18T00:50:45+01:00,[60],[346.947]
2025-11-18T00:50:44+01:00,[60],[346.959]
2025-11-18T00:50:43+01:00,[60],[346.951]
2025-11-18T00:50:42+01:00,[60],[347.075]
2025-11-18T00:50:41+01:00,[60],[347.121]
2025-11-18T00:50:40+01:00,[60],[347.234]
2025-11-18T00:50:39+01:00,[60],[347.325]
2025-11-18T00:50:38+01:00,[60],[347.375]
2025-11-18T00:50:37+01:00,[60],[347.383]
2025-11-18T00:50:36+01:00,[60],[347.405]
2025-11-18T00:50:35+01:00,[60],[347.483]
2025-11-18T00:50:34+01:00,[60],[347.544]
2025-11-18T00:50:33+01:00,[60],[347.56]
2025-11-18T00:50:32+01:00,[60],[347.612]
2025-11-18T00:50:31+01:00,[60],[347.666]
2025-11-18T00:50:30+01:00,[60],[347.734]
2025-11-18T00:50:29+01:00,[60],[347.755]
2025-11-18T00:50:28+01:00,[60],[347.774]
2025-11-18T00:50:27+01:00,[60],[347.815]
2025-11-18T00:50:26+01:00,[60],[347.793]
2025-11-18T00:50:25+01:00,[60],[347.847]
2025-11-18T00:50:24+01:00,[60],[347.76]
2025-11-18T00:50:23+01:00,[60],[347.7]
2025-11-18T00:50:22+01:00,[60],[347.713]
2025-11-18T00:50:21+01:00,[60],[347.707]
2025-11-18T00:50:20+01:00,[60],[347.693]
2025-11-18T00:50:19+01:00,[60],[347.671]
2025-11-18T00:50:18+01:00,[60],[347.654]
2025-11-18T00:50:17+01:00,[60],[347.679]
2025-11-18T00:50:16+01:00,[60],[347.651]
2025-11-18T00:50:15+01:00,[60],[347.675]
2025-11-18T00:50:14+01:00,[60],[347.657]
2025-11-18T00:50:13+01:00,[60],[347.628]
2025-11-18T00:50:12+01:00,[60],[347.673]
2025-11-18T00:50:11+01:00,[60],[347.715]
2025-11-18T00:50:10+01:00,[60],[347.732]
2025-11-18T00:50:09+01:00,[60],[347.677]
2025-11-18T00:50:08+01:00,[60],[347.677]
2025-11-18T00:50:07+01:00,[60],[347.625]
2025-11-18T00:50:06+01:00,[60],[347.555]
2025-11-18T00:50:05+01:00,[60],[347.456]
2025-11-18T00:50:04+01:00,[60],[347.378]
2025-11-18T00:50:03+01:00,[60],[347.319]
2025-11-18T00:50:02+01:00,[60],[347.343]
2025-11-18T00:50:01+01:00,[60],[347.357]
2025-11-18T00:50:00+01:00,[60],[347.436]
2025-11-18T00:49:59+01:00,[60],[347.413]
2025-11-18T00:49:58+01:00,[60],[347.408]
2025-11-18T00:49:57+01:00,[60],[347.414]
2025-11-18T00:49:56+01:00,[60],[347.438]
2025-11-18T00:49:55+01:00,[60],[347.448]
2025-11-18T00:49:54+01:00,[60],[347.474]
2025-11-18T00:49:53+01:00,[60],[347.519]
2025-11-18T00:49:52+01:00,[60],[347.53]
2025-11-18T00:49:51+01:00,[60],[347.536]
2025-11-18T00:49:50+01:00,[60],[347.564]
2025-11-18T00:49:49+01:00,[60],[347.566]
2025-11-18T00:49:48+01:00,[60],[347.578]
2025-11-18T00:49:47+01:00,[60],[347.589]
2025-11-18T00:49:46+01:00,[60],[347.576]
2025-11-18T00:49:45+01:00,[60],[347.512]
2025-11-18T00:49:44+01:00,[60],[347.487]
2025-11-18T00:49:43+01:00,[60],[347.443]
2025-11-18T00:49:42+01:00,[60],[347.465]
2025-11-18T00:49:41+01:00,[60],[347.459]
2025-11-18T00:49:40+01:00,[60],[347.475]
2025-11-18T00:49:39+01:00,[60],[347.465]
2025-11-18T00:49:38+01:00,[60],[347.491]
2025-11-18T00:49:37+01:00,[60],[347.397]
2025-11-18T00:49:36+01:00,[60],[347.401]
2025-11-18T00:49:35+01:00,[60],[347.342]
2025-11-18T00:49:34+01:00,[60],[347.383]
2025-11-18T00:49:33+01:00,[60],[347.347]
2025-11-18T00:49:32+01:00,[60],[347.378]
2025-11-18T00:49:31+01:00,[60],[347.425]
2025-11-18T00:49:30+01:00,[60],[347.394]
2025-11-18T00:49:29+01:00,[60],[347.293]
2025-11-18T00:49:28+01:00,[60],[347.306]
2025-11-18T00:49:27+01:00,[60],[347.25]
2025-11-18T00:49:26+01:00,[60],[347.192]
2025-11-18T00:49:25+01:00,[60],[347.269]
2025-11-18T00:49:24+01:00,[60],[347.234]
2025-11-18T00:49:23+01:00,[60],[347.316]
2025-11-18T00:49:22+01:00,[60],[347.352]
2025-11-18T00:49:21+01:00,[60],[347.405]
2025-11-18T00:49:20+01:00,[60],[347.4]
2025-11-18T00:49:19+01:00,[60],[347.422]
2025-11-18T00:49:18+01:00,[60],[347.489]
2025-11-18T00:49:17+01:00,[60],[347.558]
2025-11-18T00:49:16+01:00,[60],[347.583]
2025-11-18T00:49:15+01:00,[60],[347.632]
2025-11-18T00:49:14+01:00,[60],[347.586]
2025-11-18T00:49:13+01:00,[60],[347.49]
2025-11-18T00:49:12+01:00,[60],[347.468]
2025-11-18T00:49:11+01:00,[60],[347.428]
2025-11-18T00:49:10+01:00,[60],[347.381]
2025-11-18T00:49:09+01:00,[60],[347.325]
2025-11-18T00:49:08+01:00,[60],[347.264]
2025-11-18T00:49:07+01:00,[60],[347.195]
2025-11-18T00:49:06+01:00,[60],[347.117]
2025-11-18T00:49:05+01:00,[60],[347.094]
2025-11-18T00:49:04+01:00,[60],[347.122]
2025-11-18T00:49:03+01:00,[60],[347.107]
2025-11-18T00:49:02+01:00,[60],[347.081]
2025-11-18T00:49:01+01:00,[60],[347.094]
2025-11-18T00:49:00+01:00,[60],[347.018]
2025-11-18T00:48:59+01:00,[60],[347.081]
2025-11-18T00:48:58+01:00,[60],[347.065]
2025-11-18T00:48:57+01:00,[60],[347.049]
2025-11-18T00:48:56+01:00,[60],[347.104]
2025-11-18T00:48:55+01:00,[60],[347.144]
2025-11-18T00:48:54+01:00,[60],[347.175]
2025-11-18T00:48:53+01:00,[60],[347.2]
2025-11-18T00:48:52+01:00,[60],[347.219]
2025-11-18T00:48:51+01:00,[60],[347.251]
2025-11-18T00:48:50+01:00,[60],[347.36]
2025-11-18T00:48:49+01:00,[60],[347.41]
2025-11-18T00:48:48+01:00,[60],[347.462]
2025-11-18T00:48:47+01:00,[60],[347.448]
2025-11-18T00:48:46+01:00,[60],[347.531]
2025-11-18T00:48:45+01:00,[60],[347.595]
2025-11-18T00:48:44+01:00,[60],[347.661]
2025-11-18T00:48:43+01:00,[60],[347.743]
2025-11-18T00:48:41+01:00,[60],[347.81]
2025-11-18T00:48:40+01:00,[60],[347.8]
2025-11-18T00:48:39+01:00,[60],[347.801]
2025-11-18T00:48:38+01:00,[60],[347.731]
2025-11-18T00:48:37+01:00,[60],[347.651]
2025-11-18T00:48:36+01:00,[60],[347.613]
2025-11-18T00:48:35+01:00,[60],[347.656]
2025-11-18T00:48:34+01:00,[60],[347.63]
2025-11-18T00:48:33+01:00,[60],[347.575]
2025-11-18T00:48:32+01:00,[60],[347.529]
2025-11-18T00:48:31+01:00,[60],[347.547]
2025-11-18T00:48:30+01:00,[60],[347.593]
2025-11-18T00:48:29+01:00,[60],[347.616]
2025-11-18T00:48:28+01:00,[60],[347.624]
2025-11-18T00:48:27+01:00,[60],[347.617]
2025-11-18T00:48:26+01:00,[60],[347.628]
2025-11-18T00:48:25+01:00,[60],[347.657]
2025-11-18T00:48:24+01:00,[60],[347.568]
2025-11-18T00:48:23+01:00,[60],[347.659]
2025-11-18T00:48:22+01:00,[60],[347.644]
2025-11-18T00:48:21+01:00,[60],[347.68]
2025-11-18T00:48:20+01:00,[60],[347.648]
2025-11-18T00:48:19+01:00,[60],[347.657]
2025-11-18T00:48:18+01:00,[60],[347.713]
2025-11-18T00:48:17+01:00,[60],[347.709]
2025-11-18T00:48:16+01:00,[60],[347.658]
2025-11-18T00:48:15+01:00,[60],[347.689]
2025-11-18T00:48:14+01:00,[60],[347.673]
2025-11-18T00:48:13+01:00,[60],[347.563]
2025-11-18T00:48:12+01:00,[60],[347.46]
2025-11-18T00:48:11+01:00,[60],[347.48]
2025-11-18T00:48:10+01:00,[60],[347.486]
2025-11-18T00:48:09+01:00,[60],[347.464]
2025-11-18T00:48:08+01:00,[60],[347.466]
2025-11-18T00:48:07+01:00,[60],[347.476]
2025-11-18T00:48:06+01:00,[60],[347.439]
2025-11-18T00:48:05+01:00,[60],[347.461]
2025-11-18T00:48:04+01:00,[60],[347.314]
2025-11-18T00:48:03+01:00,[60],[347.283]
2025-11-18T00:48:02+01:00,[60],[347.194]
2025-11-18T00:48:01+01:00,[60],[347.118]
2025-11-18T00:48:00+01:00,[60],[347.096]
2025-11-18T00:47:59+01:00,[60],[347.096]
2025-11-18T00:47:58+01:00,[60],[347.024]
2025-11-18T00:47:57+01:00,[60],[346.978]
2025-11-18T00:47:56+01:00,[60],[346.977]
2025-11-18T00:47:55+01:00,[60],[346.943]
2025-11-18T00:47:54+01:00,[60],[346.905]
2025-11-18T00:47:53+01:00,[60],[346.886]
2025-11-18T00:47:52+01:00,[60],[346.908]
2025-11-18T00:47:51+01:00,[60],[346.902]
2025-11-18T00:47:50+01:00,[60],[346.875]
2025-11-18T00:47:49+01:00,[60],[346.882]
2025-11-18T00:47:48+01:00,[60],[346.864]
2025-11-18T00:47:47+01:00,[60],[346.787]
2025-11-18T00:47:46+01:00,[60],[346.749]
2025-11-18T00:47:45+01:00,[60],[346.727]
2025-11-18T00:47:44+01:00,[60],[346.755]
2025-11-18T00:47:43+01:00,[60],[346.701]
2025-11-18T00:47:42+01:00,[60],[346.754]
2025-11-18T00:47:41+01:00,[60],[346.745]
2025-11-18T00:47:40+01:00,[60],[346.748]
2025-11-18T00:47:39+01:00,[60],[346.765]
2025-11-18T00:47:38+01:00,[60],[346.773]
2025-11-18T00:47:37+01:00,[60],[346.746]
2025-11-18T00:47:36+01:00,[60],[346.759]
2025-11-18T00:47:35+01:00,[60],[346.71]
2025-11-18T00:47:34+01:00,[60],[346.785]
2025-11-18T00:47:33+01:00,[60],[346.719]
2025-11-18T00:47:32+01:00,[60],[346.693]
2025-11-18T00:47:31+01:00,[60],[346.668]
2025-11-18T00:47:30+01:00,[60],[346.682]
2025-11-18T00:47:29+01:00,[60],[346.66]
2025-11-18T00:47:28+01:00,[60],[346.591]
2025-11-18T00:47:27+01:00,[60],[346.58]
2025-11-18T00:47:26+01:00,[60],[346.659]
2025-11-18T00:47:25+01:00,[60],[346.613]
2025-11-18T00:47:24+01:00,[60],[346.621]
2025-11-18T00:47:23+01:00,[60],[346.647]
2025-11-18T00:47:22+01:00,[60],[346.624]
2025-11-18T00:47:21+01:00,[60],[346.625]
2025-11-18T00:47:20+01:00,[60],[346.629]
2025-11-18T00:47:19+01:00,[60],[346.569]
2025-11-18T00:47:18+01:00,[60],[346.548]
2025-11-18T00:47:17+01:00,[60],[346.543]
2025-11-18T00:47:16+01:00,[60],[346.507]
2025-11-18T00:47:15+01:00,[60],[346.491]
2025-11-18T00:47:14+01:00,[60],[346.51]
2025-11-18T00:47:13+01:00,[60],[346.434]
2025-11-18T00:47:12+01:00,[60],[346.402]
2025-11-18T00:47:11+01:00,[60],[346.31]
2025-11-18T00:47:10+01:00,[60],[346.236]
2025-11-18T00:47:09+01:00,[60],[346.176]
2025-11-18T00:47:08+01:00,[60],[346.158]
2025-11-18T00:47:07+01:00,[60],[346.08]
2025-11-18T00:47:06+01:00,[60],[346.057]
2025-11-18T00:47:05+01:00,[60],[345.942]
2025-11-18T00:47:04+01:00,[60],[345.988]
2025-11-18T00:47:03+01:00,[60],[345.924]
2025-11-18T00:47:02+01:00,[60],[345.915]
2025-11-18T00:47:01+01:00,[60],[345.885]
2025-11-18T00:47:00+01:00,[60],[345.854]
2025-11-18T00:46:59+01:00,[60],[345.84]
2025-11-18T00:46:58+01:00,[60],[345.868]
2025-11-18T00:46:57+01:00,[60],[345.847]
2025-11-18T00:46:56+01:00,[60],[345.919]
2025-11-18T00:46:55+01:00,[60],[345.869]
2025-11-18T00:46:54+01:00,[60],[345.818]
2025-11-18T00:46:53+01:00,[60],[345.791]
2025-11-18T00:46:52+01:00,[60],[345.64]
2025-11-18T00:46:51+01:00,[60],[345.597]
2025-11-18T00:46:50+01:00,[60],[345.565]
2025-11-18T00:46:49+01:00,[60],[345.584]
2025-11-18T00:46:48+01:00,[60],[345.625]
2025-11-18T00:46:47+01:00,[60],[345.645]
2025-11-18T00:46:46+01:00,[60],[345.692]
2025-11-18T00:46:45+01:00,[60],[345.778]
2025-11-18T00:46:44+01:00,[60],[345.888]
2025-11-18T00:46:43+01:00,[60],[345.943]
2025-11-18T00:46:42+01:00,[60],[345.999]
2025-11-18T00:46:41+01:00,[60],[346.07]
2025-11-18T00:46:40+01:00,[60],[346.151]
2025-11-18T00:46:39+01:00,[60],[346.179]
2025-11-18T00:46:38+01:00,[60],[346.189]
2025-11-18T00:46:36+01:00,[60],[346.298]
2025-11-18T00:46:35+01:00,[60],[346.358]
2025-11-18T00:46:34+01:00,[60],[346.418]
2025-11-18T00:46:33+01:00,[60],[346.487]
2025-11-18T00:46:32+01:00,[60],[346.468]
2025-11-18T00:46:31+01:00,[60],[346.475]
2025-11-18T00:46:30+01:00,[60],[346.58]
2025-11-18T00:46:29+01:00,[60],[346.705]
2025-11-18T00:46:28+01:00,[60],[346.689]
2025-11-18T00:46:27+01:00,[60],[346.77]
2025-11-18T00:46:26+01:00,[60],[346.846]
2025-11-18T00:46:25+01:00,[60],[346.879]
2025-11-18T00:46:24+01:00,[60],[346.965]
2025-11-18T00:46:23+01:00,[60],[346.952]
2025-11-18T00:46:22+01:00,[60],[346.906]
2025-11-18T00:46:21+01:00,[60],[346.916]
2025-11-18T00:46:20+01:00,[60],[346.986]
2025-11-18T00:46:19+01:00,[60],[347.076]
2025-11-18T00:46:18+01:00,[60],[347.129]
2025-11-18T00:46:17+01:00,[60],[347.175]
2025-11-18T00:46:16+01:00,[60],[347.305]
2025-11-18T00:46:15+01:00,[60],[347.323]
2025-11-18T00:46:14+01:00,[60],[347.398]
2025-11-18T00:46:13+01:00,[60],[347.399]
2025-11-18T00:46:12+01:00,[60],[347.464]
2025-11-18T00:46:11+01:00,[60],[347.462]
2025-11-18T00:46:10+01:00,[60],[347.48]
2025-11-18T00:46:09+01:00,[60],[347.391]
2025-11-18T00:46:08+01:00,[60],[347.316]
2025-11-18T00:46:07+01:00,[60],[347.166]
2025-11-18T00:46:06+01:00,[60],[347.243]
2025-11-18T00:46:05+01:00,[60],[347.213]
2025-11-18T00:46:04+01:00,[60],[347.208]
2025-11-18T00:46:03+01:00,[60],[347.218]
2025-11-18T00:46:02+01:00,[60],[347.167]
2025-11-18T00:46:01+01:00,[60],[347.17]
2025-11-18T00:46:00+01:00,[60],[347.172]
2025-11-18T00:45:59+01:00,[60],[347.199]
2025-11-18T00:45:58+01:00,[60],[347.147]
2025-11-18T00:45:57+01:00,[60],[347.14]
2025-11-18T00:45:56+01:00,[60],[347.144]
2025-11-18T00:45:55+01:00,[60],[347.17]
2025-11-18T00:45:54+01:00,[60],[347.168]
2025-11-18T00:45:53+01:00,[60],[347.137]
2025-11-18T00:45:52+01:00,[60],[347.099]
2025-11-18T00:45:51+01:00,[60],[347.096]
2025-11-18T00:45:50+01:00,[60],[347.113]
2025-11-18T00:45:49+01:00,[60],[347.119]
2025-11-18T00:45:48+01:00,[60],[347.178]
2025-11-18T00:45:47+01:00,[60],[347.218]
2025-11-18T00:45:46+01:00,[60],[347.254]
2025-11-18T00:45:45+01:00,[60],[347.257]
2025-11-18T00:45:44+01:00,[60],[347.124]
2025-11-18T00:45:43+01:00,[60],[347.159]
2025-11-18T00:45:42+01:00,[60],[347.199]
2025-11-18T00:45:41+01:00,[60],[347.133]
2025-11-18T00:45:40+01:00,[60],[347.135]
2025-11-18T00:45:39+01:00,[60],[347.123]
2025-11-18T00:45:38+01:00,[60],[347.068]
2025-11-18T00:45:37+01:00,[60],[347.087]
2025-11-18T00:45:36+01:00,[60],[347.031]
2025-11-18T00:45:35+01:00,[60],[346.969]
2025-11-18T00:45:34+01:00,[60],[346.923]
2025-11-18T00:45:33+01:00,[60],[346.943]
2025-11-18T00:45:32+01:00,[60],[346.873]
2025-11-18T00:45:31+01:00,[60],[346.774]
2025-11-18T00:45:30+01:00,[60],[346.759]
2025-11-18T00:45:29+01:00,[60],[346.718]
2025-11-18T00:45:28+01:00,[60],[346.764]
2025-11-18T00:45:27+01:00,[60],[346.681]
2025-11-18T00:45:26+01:00,[60],[346.635]
2025-11-18T00:45:25+01:00,[60],[346.592]
2025-11-18T00:45:24+01:00,[60],[346.56]
2025-11-18T00:45:23+01:00,[60],[346.482]
2025-11-18T00:45:22+01:00,[60],[346.422]
2025-11-18T00:45:21+01:00,[60],[346.332]
2025-11-18T00:45:20+01:00,[60],[346.246]
2025-11-18T00:45:19+01:00,[60],[346.255]
2025-11-18T00:45:18+01:00,[60],[346.212]
2025-11-18T00:45:17+01:00,[60],[346.083]
2025-11-18T00:45:16+01:00,[60],[346.078]
2025-11-18T00:45:15+01:00,[60],[346.122]
2025-11-18T00:45:14+01:00,[60],[346.084]
2025-11-18T00:45:13+01:00,[60],[346.071]
2025-11-18T00:45:12+01:00,[60],[346.063]
2025-11-18T00:45:11+01:00,[60],[346.033]
2025-11-18T00:45:10+01:00,[60],[346.069]
2025-11-18T00:45:09+01:00,[60],[346.069]
2025-11-18T00:45:08+01:00,[60],[346.037]
2025-11-18T00:45:07+01:00,[60],[345.959]
2025-11-18T00:45:06+01:00,[60],[345.931]
2025-11-18T00:45:05+01:00,[60],[345.936]
2025-11-18T00:45:04+01:00,[60],[345.876]
2025-11-18T00:45:03+01:00,[60],[345.827]
2025-11-18T00:45:02+01:00,[60],[345.788]
2025-11-18T00:45:01+01:00,[60],[345.815]
2025-11-18T00:45:00+01:00,[60],[345.785]
2025-11-18T00:44:59+01:00,[60],[345.721]
2025-11-18T00:44:58+01:00,[60],[345.66]
2025-11-18T00:44:57+01:00,[60],[345.622]
2025-11-18T00:44:56+01:00,[60],[345.638]
2025-11-18T00:44:55+01:00,[60],[345.622]
2025-11-18T00:44:54+01:00,[60],[345.621]
2025-11-18T00:44:53+01:00,[60],[345.616]
2025-11-18T00:44:52+01:00,[60],[345.602]
2025-11-18T00:44:51+01:00,[60],[345.592]
2025-11-18T00:44:50+01:00,[60],[345.584]
2025-11-18T00:44:49+01:00,[60],[345.561]
2025-11-18T00:44:48+01:00,[60],[345.629]
2025-11-18T00:44:47+01:00,[60],[345.683]
2025-11-18T00:44:46+01:00,[60],[345.661]
2025-11-18T00:44:45+01:00,[60],[345.704]
2025-11-18T00:44:44+01:00,[60],[345.712]
2025-11-18T00:44:43+01:00,[60],[345.694]
2025-11-18T00:44:42+01:00,[60],[345.635]
2025-11-18T00:44:41+01:00,[60],[345.56]
2025-11-18T00:44:40+01:00,[60],[345.534]
2025-11-18T00:44:39+01:00,[60],[345.503]
2025-11-18T00:44:38+01:00,[60],[345.411]
2025-11-18T00:44:37+01:00,[60],[345.331]
2025-11-18T00:44:36+01:00,[60],[345.371]
2025-11-18T00:44:35+01:00,[60],[345.435]
2025-11-18T00:44:34+01:00,[60],[345.453]
2025-11-18T00:44:33+01:00,[60],[345.509]
2025-11-18T00:44:32+01:00,[60],[345.514]
2025-11-18T00:44:30+01:00,[60],[345.517]
2025-11-18T00:44:29+01:00,[60],[345.519]
2025-11-18T00:44:28+01:00,[60],[345.571]
2025-11-18T00:44:27+01:00,[60],[345.618]
2025-11-18T00:44:26+01:00,[60],[345.675]
2025-11-18T00:44:25+01:00,[60],[345.751]
2025-11-18T00:44:24+01:00,[60],[345.778]
2025-11-18T00:44:23+01:00,[60],[345.857]
2025-11-18T00:44:22+01:00,[60],[345.886]
2025-11-18T00:44:21+01:00,[60],[346.003]
2025-11-18T00:44:20+01:00,[60],[346.052]
2025-11-18T00:44:19+01:00,[60],[346.09]
2025-11-18T00:44:18+01:00,[60],[346.172]
2025-11-18T00:44:17+01:00,[60],[346.242]
2025-11-18T00:44:16+01:00,[60],[346.325]
2025-11-18T00:44:15+01:00,[60],[346.404]
2025-11-18T00:44:14+01:00,[60],[346.493]
2025-11-18T00:44:13+01:00,[60],[346.489]
2025-11-18T00:44:12+01:00,[60],[346.473]
2025-11-18T00:44:11+01:00,[60],[346.521]
2025-11-18T00:44:10+01:00,[60],[346.5]
2025-11-18T00:44:09+01:00,[60],[346.484]
2025-11-18T00:44:08+01:00,[60],[346.524]
2025-11-18T00:44:07+01:00,[60],[346.546]
2025-11-18T00:44:06+01:00,[60],[346.549]
2025-11-18T00:44:05+01:00,[60],[346.534]
2025-11-18T00:44:04+01:00,[60],[346.537]
2025-11-18T00:44:03+01:00,[60],[346.603]
2025-11-18T00:44:02+01:00,[60],[346.614]
2025-11-18T00:44:01+01:00,[60],[346.661]
2025-11-18T00:44:00+01:00,[60],[346.68]
2025-11-18T00:43:59+01:00,[60],[346.65]
2025-11-18T00:43:58+01:00,[60],[346.592]
2025-11-18T00:43:57+01:00,[60],[346.615]
2025-11-18T00:43:56+01:00,[60],[346.581]
2025-11-18T00:43:55+01:00,[60],[346.507]
2025-11-18T00:43:54+01:00,[60],[346.491]
2025-11-18T00:43:53+01:00,[60],[346.447]
2025-11-18T00:43:52+01:00,[60],[346.454]
2025-11-18T00:43:51+01:00,[60],[346.456]
2025-11-18T00:43:50+01:00,[60],[346.451]
2025-11-18T00:43:49+01:00,[60],[346.514]
2025-11-18T00:43:48+01:00,[60],[346.527]
2025-11-18T00:43:47+01:00,[60],[346.514]
2025-11-18T00:43:46+01:00,[60],[346.548]
2025-11-18T00:43:45+01:00,[60],[346.539]
2025-11-18T00:43:44+01:00,[60],[346.605]
2025-11-18T00:43:43+01:00,[60],[346.55]
2025-11-18T00:43:42+01:00,[60],[346.487]
2025-11-18T00:43:41+01:00,[60],[346.425]
2025-11-18T00:43:40+01:00,[60],[346.418]
2025-11-18T00:43:39+01:00,[60],[346.338]
2025-11-18T00:43:38+01:00,[60],[346.213]
2025-11-18T00:43:37+01:00,[60],[346.128]
2025-11-18T00:43:36+01:00,[60],[346.144]
2025-11-18T00:43:35+01:00,[60],[346.122]
2025-11-18T00:43:34+01:00,[60],[346.109]
2025-11-18T00:43:33+01:00,[60],[345.931]
2025-11-18T00:43:32+01:00,[60],[345.857]
2025-11-18T00:43:31+01:00,[60],[345.823]
2025-11-18T00:43:30+01:00,[60],[345.774]
2025-11-18T00:43:29+01:00,[60],[345.77]
2025-11-18T00:43:28+01:00,[60],[345.81]
2025-11-18T00:43:27+01:00,[60],[345.818]
2025-11-18T00:43:26+01:00,[60],[345.812]
2025-11-18T00:43:25+01:00,[60],[345.858]
2025-11-18T00:43:24+01:00,[60],[345.834]
2025-11-18T00:43:23+01:00,[60],[345.862]
2025-11-18T00:43:22+01:00,[60],[345.825]
2025-11-18T00:43:21+01:00,[60],[345.75]
2025-11-18T00:43:20+01:00,[60],[345.706]
2025-11-18T00:43:19+01:00,[60],[345.729]
2025-11-18T00:43:18+01:00,[60],[345.76]
2025-11-18T00:43:17+01:00,[60],[345.82]
2025-11-18T00:43:16+01:00,[60],[345.816]
2025-11-18T00:43:15+01:00,[60],[345.74]
2025-11-18T00:43:14+01:00,[60],[345.659]
2025-11-18T00:43:13+01:00,[60],[345.67]
2025-11-18T00:43:12+01:00,[60],[345.612]
2025-11-18T00:43:11+01:00,[60],[345.606]
2025-11-18T00:43:10+01:00,[60],[345.618]
2025-11-18T00:43:09+01:00,[60],[345.581]
2025-11-18T00:43:08+01:00,[60],[345.552]
2025-11-18T00:43:07+01:00,[60],[345.46]
2025-11-18T00:43:06+01:00,[60],[345.468]
2025-11-18T00:43:05+01:00,[60],[345.549]
2025-11-18T00:43:04+01:00,[60],[345.493]
2025-11-18T00:43:03+01:00,[60],[345.614]
2025-11-18T00:43:02+01:00,[60],[345.627]
2025-11-18T00:43:01+01:00,[60],[345.78]
2025-11-18T00:43:00+01:00,[60],[345.816]
2025-11-18T00:42:59+01:00,[60],[345.839]
2025-11-18T00:42:58+01:00,[60],[345.942]
2025-11-18T00:42:57+01:00,[60],[346.03]
2025-11-18T00:42:56+01:00,[60],[346.116]
2025-11-18T00:42:55+01:00,[60],[346.207]
2025-11-18T00:42:54+01:00,[60],[346.215]
2025-11-18T00:42:53+01:00,[60],[343.739]
2025-11-18T00:42:52+01:00,[60],[343.739]
2025-11-18T00:42:51+01:00,[60],[343.739]
2025-11-18T00:42:50+01:00,[60],[343.739]
2025-11-18T00:42:49+01:00,[60],[343.739]
2025-11-18T00:42:48+01:00,[60],[343.739]
2025-11-18T00:42:47+01:00,[60],[343.739]
2025-11-18T00:42:46+01:00,[60],[343.739]
2025-11-18T00:42:45+01:00,[60],[343.739]
2025-11-18T00:42:44+01:00,[60],[343.739]
2025-11-18T00:42:43+01:00,[60],[343.739]
2025-11-18T00:42:42+01:00,[60],[343.739]
2025-11-18T00:42:41+01:00,[60],[343.739]
2025-11-18T00:42:40+01:00,[60],[343.739]
2025-11-18T00:42:39+01:00,[60],[343.739]
2025-11-18T00:42:38+01:00,[60],[343.739]
2025-11-18T00:42:37+01:00,[60],[343.739]
2025-11-18T00:42:36+01:00,[60],[343.739]
2025-11-18T00:42:35+01:00,[60],[343.739]
2025-11-18T00:42:34+01:00,[60],[343.739]
2025-11-18T00:42:33+01:00,[60],[343.739]
2025-11-18T00:42:32+01:00,[60],[343.739]
2025-11-18T00:42:31+01:00,[60],[343.739]
2025-11-18T00:42:30+01:00,[60],[343.739]
2025-11-18T00:42:29+01:00,[60],[343.739]
2025-11-18T00:42:28+01:00,[60],[343.739]
2025-11-18T00:42:27+01:00,[60],[343.739]
2025-11-18T00:42:26+01:00,[60],[343.739]
2025-11-18T00:42:24+01:00,[60],[343.739]
2025-11-18T00:42:23+01:00,[60],[343.739]
2025-11-18T00:42:22+01:00,[60],[343.739]
2025-11-18T00:42:20+01:00,[60],[342.168]
2025-11-18T00:42:17+01:00,[60],[342.168]
2025-11-11T02:59:50+01:00,[60],[346.184]
2025-11-11T02:59:49+01:00,[60],[345.893]
2025-11-11T02:59:48+01:00,[60],[346.286]
2025-11-11T02:59:47+01:00,[60],[345.945]
2025-11-11T02:59:46+01:00,[60],[345.78]
2025-11-11T02:59:45+01:00,[60],[345.7]
2025-11-11T02:59:44+01:00,[60],[345.828]
2025-11-11T02:59:43+01:00,[60],[345.917]
2025-11-11T02:59:42+01:00,[60],[345.845]
2025-11-11T02:59:41+01:00,[60],[345.841]
2025-11-11T02:59:40+01:00,[60],[345.498]
2025-11-11T02:59:39+01:00,[60],[345.81]
2025-11-11T02:59:38+01:00,[60],[345.728]
2025-11-11T02:59:37+01:00,[60],[345.83]
2025-11-11T02:59:36+01:00,[60],[345.722]
2025-11-11T02:59:35+01:00,[60],[345.434]
2025-11-11T02:59:34+01:00,[60],[345.163]
2025-11-11T02:59:33+01:00,[60],[345.207]
2025-11-11T02:59:32+01:00,[60],[345.038]
2025-11-11T02:59:31+01:00,[60],[344.919]
2025-11-11T02:59:30+01:00,[60],[344.442]
2025-11-11T02:59:29+01:00,[60],[344.27]
2025-11-11T02:59:28+01:00,[60],[343.908]
2025-11-11T02:59:27+01:00,[60],[343.544]
2025-11-11T02:59:26+01:00,[60],[343.223]
2025-11-11T02:59:25+01:00,[60],[343.313]
2025-11-11T02:59:24+01:00,[60],[343.37]
2025-11-11T02:59:23+01:00,[60],[343.044]
2025-11-11T02:59:22+01:00,[60],[342.938]
2025-11-11T02:59:21+01:00,[60],[342.584]
2025-11-11T02:59:20+01:00,[60],[342.25]
2025-11-11T02:59:19+01:00,[60],[342.738]
2025-11-11T02:59:18+01:00,[60],[342.872]
2025-11-11T02:59:17+01:00,[60],[342.628]
2025-11-11T02:59:16+01:00,[60],[341.853]
2025-11-11T02:59:15+01:00,[60],[341.824]
2025-11-11T02:59:14+01:00,[60],[342.274]
2025-11-11T02:59:13+01:00,[60],[343.064]
2025-11-11T02:59:12+01:00,[60],[343.053]
2025-11-11T02:59:11+01:00,[60],[342.413]
2025-11-11T02:59:10+01:00,[60],[342.151]
2025-11-11T02:59:09+01:00,[60],[341.688]
2025-11-11T02:59:08+01:00,[60],[341.683]
2025-11-11T02:59:07+01:00,[60],[341.551]
2025-11-11T02:59:06+01:00,[60],[341.502]
2025-11-11T02:59:05+01:00,[60],[341.255]
2025-11-11T02:59:04+01:00,[60],[341.443]
2025-11-11T02:59:03+01:00,[60],[341.523]
2025-11-11T02:59:02+01:00,[60],[341.538]
2025-11-11T02:59:01+01:00,[60],[341.579]
2025-11-11T02:59:00+01:00,[60],[341.747]
2025-11-11T02:58:59+01:00,[60],[341.774]
2025-11-11T02:58:58+01:00,[60],[341.858]
2025-11-11T02:58:57+01:00,[60],[341.593]
2025-11-11T02:58:56+01:00,[60],[341.76]
2025-11-11T02:58:55+01:00,[60],[342.118]
2025-11-11T02:58:54+01:00,[60],[342.311]
2025-11-11T02:58:53+01:00,[60],[342.291]
2025-11-11T02:58:52+01:00,[60],[342.048]
2025-11-11T02:58:51+01:00,[60],[341.653]
2025-11-11T02:58:50+01:00,[60],[341.892]
2025-11-11T02:58:49+01:00,[60],[341.734]
2025-11-11T02:58:48+01:00,[60],[342.088]
2025-11-11T02:58:47+01:00,[60],[342.021]
2025-11-11T02:58:46+01:00,[60],[341.684]
2025-11-11T02:58:45+01:00,[60],[341.592]
2025-11-11T02:58:44+01:00,[60],[341.133]
2025-11-11T02:58:43+01:00,[60],[340.73]
2025-11-11T02:58:42+01:00,[60],[340.822]
2025-11-11T02:58:41+01:00,[60],[340.829]
2025-11-11T02:58:40+01:00,[60],[341.074]
2025-11-11T02:58:39+01:00,[60],[341.03]
2025-11-11T02:58:38+01:00,[60],[341.191]
2025-11-11T02:58:37+01:00,[60],[341.93]
2025-11-11T02:58:36+01:00,[60],[341.796]
2025-11-11T02:58:34+01:00,[60],[342.205]
2025-11-11T02:58:33+01:00,[60],[342.157]
2025-11-11T02:58:32+01:00,[60],[342.171]
2025-11-11T02:58:31+01:00,[60],[342.107]
2025-11-11T02:58:30+01:00,[60],[342.437]
2025-11-11T02:58:29+01:00,[60],[342.511]
2025-11-11T02:58:28+01:00,[60],[342.219]
2025-11-11T02:58:27+01:00,[60],[341.643]
2025-11-11T02:58:26+01:00,[60],[341.643]
2025-11-11T02:58:25+01:00,[60],[341.635]
2025-11-11T02:58:24+01:00,[60],[341.515]
2025-11-11T02:58:23+01:00,[60],[341.951]
2025-11-11T02:58:22+01:00,[60],[341.916]
2025-11-11T02:58:21+01:00,[60],[341.693]
2025-11-11T02:58:20+01:00,[60],[341.881]
2025-11-11T02:58:19+01:00,[60],[341.881]
2025-11-11T02:58:18+01:00,[60],[341.881]
2025-11-11T02:58:17+01:00,[60],[341.845]
2025-11-11T02:58:16+01:00,[60],[341.511]
2025-11-11T02:58:15+01:00,[60],[341.407]
2025-11-11T02:58:14+01:00,[60],[341.304]
2025-11-11T02:58:13+01:00,[60],[341.157]
2025-11-11T02:58:12+01:00,[60],[341.157]
2025-11-11T02:58:11+01:00,[60],[341.157]
2025-11-11T02:58:10+01:00,[60],[341.157]
2025-11-11T02:58:09+01:00,[60],[341.165]
2025-11-11T02:58:08+01:00,[60],[341.713]
2025-11-11T02:58:07+01:00,[60],[341.713]
2025-11-11T02:58:06+01:00,[60],[341.713]
2025-11-11T02:58:05+01:00,[60],[341.704]
2025-11-11T02:58:04+01:00,[60],[341.863]
2025-11-11T02:58:03+01:00,[60],[341.863]
2025-11-11T02:58:02+01:00,[60],[341.863]
2025-11-11T02:58:01+01:00,[60],[341.851]
2025-11-11T02:58:00+01:00,[60],[341.51]
2025-11-11T02:57:59+01:00,[60],[341.518]
2025-11-11T02:57:58+01:00,[60],[341.482]
2025-11-11T02:57:57+01:00,[60],[341.671]
2025-11-11T02:57:56+01:00,[60],[341.29]
2025-11-11T02:57:55+01:00,[60],[341.29]
2025-11-11T02:57:54+01:00,[60],[341.29]
2025-11-11T02:57:53+01:00,[60],[341.326]
2025-11-11T02:57:52+01:00,[60],[341.516]
2025-11-11T02:57:51+01:00,[60],[341.177]
2025-11-11T02:57:50+01:00,[60],[341.065]
2025-11-11T02:57:49+01:00,[60],[341.065]
2025-11-11T02:57:48+01:00,[60],[341.189]
2025-11-11T02:57:47+01:00,[60],[341.292]
2025-11-11T02:57:46+01:00,[60],[341.158]
2025-11-11T02:57:45+01:00,[60],[341.134]
2025-11-11T02:57:44+01:00,[60],[341.067]
2025-11-11T02:57:43+01:00,[60],[341.268]
2025-11-11T02:57:42+01:00,[60],[341.268]
2025-11-11T02:57:41+01:00,[60],[341.268]
2025-11-11T02:57:40+01:00,[60],[341.292]
2025-11-11T02:57:39+01:00,[60],[341.342]
2025-11-11T02:57:38+01:00,[60],[341.594]
2025-11-11T02:57:37+01:00,[60],[341.61]
2025-11-11T02:57:36+01:00,[60],[341.598]
2025-11-11T02:57:35+01:00,[60],[341.781]
2025-11-11T02:57:34+01:00,[60],[342.376]
2025-11-11T02:57:33+01:00,[60],[342.022]
2025-11-11T02:57:32+01:00,[60],[342.022]
2025-11-11T02:57:31+01:00,[60],[342.022]
2025-11-11T02:57:30+01:00,[60],[342.022]
2025-11-11T02:57:29+01:00,[60],[342.022]
2025-11-11T02:57:28+01:00,[60],[341.954]
2025-11-11T02:57:27+01:00,[60],[341.958]
2025-11-11T02:57:26+01:00,[60],[342.152]
2025-11-11T02:57:25+01:00,[60],[342.145]
2025-11-11T02:57:24+01:00,[60],[341.644]
2025-11-11T02:57:23+01:00,[60],[341.69]
2025-11-11T02:57:22+01:00,[60],[340.922]
2025-11-11T02:57:21+01:00,[60],[340.372]
2025-11-11T02:57:20+01:00,[60],[340.215]
2025-11-11T02:57:19+01:00,[60],[340.37]
2025-11-11T02:57:18+01:00,[60],[340.186]
2025-11-11T02:57:17+01:00,[60],[340.685]
2025-11-11T02:57:16+01:00,[60],[340.897]
2025-11-11T02:57:15+01:00,[60],[341.213]
2025-11-11T02:57:14+01:00,[60],[340.737]
2025-11-11T02:57:13+01:00,[60],[340.367]
2025-11-11T02:57:12+01:00,[60],[340.746]
2025-11-11T02:57:11+01:00,[60],[340.638]
2025-11-11T02:57:10+01:00,[60],[340.424]
2025-11-11T02:57:09+01:00,[60],[340.495]
2025-11-11T02:57:08+01:00,[60],[340.249]
2025-11-11T02:57:07+01:00,[60],[340.089]
2025-11-11T02:57:06+01:00,[60],[340.038]
2025-11-11T02:57:05+01:00,[60],[339.836]
2025-11-11T02:57:04+01:00,[60],[340.329]
2025-11-11T02:57:03+01:00,[60],[340.544]
2025-11-11T02:57:02+01:00,[60],[341.027]
2025-11-11T02:57:01+01:00,[60],[340.597]
2025-11-11T02:57:00+01:00,[60],[340.838]
2025-11-11T02:56:59+01:00,[60],[340.503]
2025-11-11T02:56:58+01:00,[60],[340.334]
2025-11-11T02:56:57+01:00,[60],[340.371]
2025-11-11T02:56:56+01:00,[60],[340.552]
2025-11-11T02:56:55+01:00,[60],[340.834]
2025-11-11T02:56:54+01:00,[60],[340.503]
2025-11-11T02:56:53+01:00,[60],[340.59]
2025-11-11T02:56:52+01:00,[60],[340.941]
2025-11-11T02:56:51+01:00,[60],[340.926]
2025-11-11T02:56:50+01:00,[60],[340.929]
2025-11-11T02:56:49+01:00,[60],[340.897]
2025-11-11T02:56:48+01:00,[60],[340.905]
2025-11-11T02:56:47+01:00,[60],[340.718]
2025-11-11T02:56:46+01:00,[60],[341.084]
2025-11-11T02:56:45+01:00,[60],[340.682]
2025-11-11T02:56:44+01:00,[60],[340.312]
2025-11-11T02:56:43+01:00,[60],[340.312]
2025-11-11T02:56:42+01:00,[60],[340.296]
2025-11-11T02:56:41+01:00,[60],[340.288]
2025-11-11T02:56:40+01:00,[60],[340.183]
2025-11-11T02:56:39+01:00,[60],[340.091]
2025-11-11T02:56:38+01:00,[60],[339.713]
2025-11-11T02:56:37+01:00,[60],[340.175]
2025-11-11T02:56:36+01:00,[60],[340.273]
2025-11-11T02:56:35+01:00,[60],[340.045]
2025-11-11T02:56:34+01:00,[60],[339.694]
2025-11-11T02:56:33+01:00,[60],[339.766]
2025-11-11T02:56:32+01:00,[60],[339.465]
2025-11-11T02:56:31+01:00,[60],[339.483]
2025-11-11T02:56:30+01:00,[60],[339.354]
2025-11-11T02:56:28+01:00,[60],[339.046]
2025-11-11T02:56:27+01:00,[60],[339.199]
2025-11-11T02:56:26+01:00,[60],[338.969]
2025-11-11T02:56:25+01:00,[60],[339.328]
2025-11-11T02:56:24+01:00,[60],[339.242]
2025-11-11T02:56:23+01:00,[60],[339.012]
2025-11-11T02:56:22+01:00,[60],[339.231]
2025-11-11T02:56:21+01:00,[60],[339.533]
2025-11-11T02:56:20+01:00,[60],[339.391]
2025-11-11T02:56:19+01:00,[60],[338.765]
2025-11-11T02:56:18+01:00,[60],[338.597]
2025-11-11T02:56:17+01:00,[60],[338.437]
2025-11-11T02:56:16+01:00,[60],[338.135]
2025-11-11T02:56:15+01:00,[60],[338.51]
2025-11-11T02:56:14+01:00,[60],[338.581]
2025-11-11T02:56:13+01:00,[60],[338.362]
2025-11-11T02:56:12+01:00,[60],[338.237]
2025-11-11T02:56:11+01:00,[60],[338.07]
2025-11-11T02:56:10+01:00,[60],[338.052]
2025-11-11T02:56:09+01:00,[60],[337.759]
2025-11-11T02:56:08+01:00,[60],[337.767]
2025-11-11T02:56:07+01:00,[60],[337.98]
2025-11-11T02:56:06+01:00,[60],[337.89]
2025-11-11T02:56:05+01:00,[60],[337.942]
2025-11-11T02:56:04+01:00,[60],[337.333]
2025-11-11T02:56:03+01:00,[60],[337.488]
2025-11-11T02:56:02+01:00,[60],[337.312]
2025-11-11T02:56:01+01:00,[60],[337.222]
2025-11-11T02:56:00+01:00,[60],[337.49]
2025-11-11T02:55:59+01:00,[60],[337.345]
2025-11-11T02:55:58+01:00,[60],[337.862]
2025-11-11T02:55:57+01:00,[60],[337.271]
2025-11-11T02:55:56+01:00,[60],[337.554]
2025-11-11T02:55:55+01:00,[60],[338.173]
2025-11-11T02:55:54+01:00,[60],[339.136]
2025-11-11T02:55:53+01:00,[60],[339.124]
2025-11-11T02:55:52+01:00,[60],[338.518]
2025-11-11T02:55:51+01:00,[60],[338.728]
2025-11-11T02:55:50+01:00,[60],[338.377]
2025-11-11T02:55:49+01:00,[60],[338.313]
2025-11-11T02:55:48+01:00,[60],[338.928]
2025-11-11T02:55:47+01:00,[60],[338.834]
2025-11-11T02:55:46+01:00,[60],[338.966]
2025-11-11T02:55:45+01:00,[60],[338.595]
2025-11-11T02:55:44+01:00,[60],[338.651]
2025-11-11T02:55:43+01:00,[60],[338.125]
2025-11-11T02:55:42+01:00,[60],[338.323]
2025-11-11T02:55:41+01:00,[60],[338.813]
2025-11-11T02:55:40+01:00,[60],[339.09]
2025-11-11T02:55:39+01:00,[60],[339.258]
2025-11-11T02:55:38+01:00,[60],[339.24]
2025-11-11T02:55:37+01:00,[60],[339.122]
2025-11-11T02:55:36+01:00,[60],[339.392]
2025-11-11T02:55:35+01:00,[60],[339.544]
2025-11-11T02:55:34+01:00,[60],[338.985]
2025-11-11T02:55:33+01:00,[60],[338.475]
2025-11-11T02:55:32+01:00,[60],[337.768]
2025-11-11T02:55:31+01:00,[60],[337.696]
2025-11-11T02:55:30+01:00,[60],[338.106]
2025-11-11T02:55:29+01:00,[60],[337.511]
2025-11-11T02:55:28+01:00,[60],[337.111]
2025-11-11T02:55:27+01:00,[60],[336.667]
2025-11-11T02:55:26+01:00,[60],[337.393]
2025-11-11T02:55:25+01:00,[60],[336.744]
2025-11-11T02:55:24+01:00,[60],[336.318]
2025-11-11T02:55:23+01:00,[60],[335.936]
2025-11-11T02:55:22+01:00,[60],[335.487]
2025-11-11T02:55:21+01:00,[60],[335.036]
2025-11-11T02:55:20+01:00,[60],[334.483]
2025-11-11T02:55:19+01:00,[60],[335.179]
2025-11-11T02:55:18+01:00,[60],[334.987]
2025-11-11T02:55:17+01:00,[60],[334.968]
2025-11-11T02:55:16+01:00,[60],[334.874]
2025-11-11T02:55:15+01:00,[60],[334.589]
2025-11-11T02:55:14+01:00,[60],[334.816]
2025-11-11T02:55:13+01:00,[60],[334.29]
2025-11-11T02:55:12+01:00,[60],[334.334]
2025-11-11T02:55:11+01:00,[60],[333.902]
2025-11-11T02:55:10+01:00,[60],[333.884]
2025-11-11T02:55:09+01:00,[60],[333.904]
2025-11-11T02:55:08+01:00,[60],[333.647]
2025-11-11T02:55:07+01:00,[60],[333.3]
2025-11-11T02:55:06+01:00,[60],[333.346]
2025-11-11T02:55:05+01:00,[60],[333.071]
2025-11-11T02:55:04+01:00,[60],[333.098]
2025-11-11T02:55:03+01:00,[60],[333.289]
2025-11-11T02:55:02+01:00,[60],[333.341]
2025-11-11T02:55:01+01:00,[60],[333.618]
2025-11-11T02:55:00+01:00,[60],[333.504]
2025-11-11T02:54:59+01:00,[60],[332.884]
2025-11-11T02:54:58+01:00,[60],[332.537]
2025-11-11T02:54:57+01:00,[60],[332.389]
2025-11-11T02:54:56+01:00,[60],[332.301]
2025-11-11T02:54:55+01:00,[60],[333.397]
2025-11-11T02:54:54+01:00,[60],[333.748]
2025-11-11T02:54:53+01:00,[60],[333.539]
2025-11-11T02:54:52+01:00,[60],[333.38]
2025-11-11T02:54:51+01:00,[60],[333.499]
2025-11-11T02:54:50+01:00,[60],[333.379]
2025-11-11T02:54:49+01:00,[60],[332.606]
2025-11-11T02:54:48+01:00,[60],[332.159]
2025-11-11T02:54:47+01:00,[60],[331.959]
2025-11-11T02:54:46+01:00,[60],[331.818]
2025-11-11T02:54:45+01:00,[60],[333.33]
2025-11-11T02:54:44+01:00,[60],[333.75]
2025-11-11T02:54:43+01:00,[60],[333.036]
2025-11-11T02:54:42+01:00,[60],[332.205]
2025-11-11T02:54:41+01:00,[60],[332.196]
2025-11-11T02:54:40+01:00,[60],[332.802]
2025-11-11T02:54:39+01:00,[60],[333.081]
2025-11-11T02:54:38+01:00,[60],[332.499]
2025-11-11T02:54:37+01:00,[60],[332.201]
2025-11-11T02:54:36+01:00,[60],[331.874]
2025-11-11T02:54:35+01:00,[60],[332.858]
2025-11-11T02:54:34+01:00,[60],[332.643]
2025-11-11T02:54:33+01:00,[60],[331.697]
2025-11-11T02:54:32+01:00,[60],[332.534]
2025-11-11T02:54:31+01:00,[60],[332.501]
2025-11-11T02:54:30+01:00,[60],[332.746]
2025-11-11T02:54:29+01:00,[60],[332.124]
2025-11-11T02:54:28+01:00,[60],[331.596]
2025-11-11T02:54:27+01:00,[60],[331.669]
2025-11-11T02:54:26+01:00,[60],[331.999]
2025-11-11T02:54:25+01:00,[60],[332.095]
2025-11-11T02:54:23+01:00,[60],[331.926]
2025-11-11T02:54:22+01:00,[60],[332.029]
2025-11-11T02:54:21+01:00,[60],[331.922]
2025-11-11T02:54:20+01:00,[60],[332.557]
2025-11-11T02:54:19+01:00,[60],[332.834]
2025-11-11T02:54:18+01:00,[60],[332.562]
2025-11-11T02:54:17+01:00,[60],[332.611]
2025-11-11T02:54:16+01:00,[60],[332.704]
2025-11-11T02:54:15+01:00,[60],[332.195]
2025-11-11T02:54:14+01:00,[60],[332.049]
2025-11-11T02:54:13+01:00,[60],[332.058]
2025-11-11T02:54:12+01:00,[60],[332.14]
2025-11-11T02:54:11+01:00,[60],[332.627]
2025-11-11T02:54:10+01:00,[60],[332.112]
2025-11-11T02:54:09+01:00,[60],[332.153]
2025-11-11T02:54:08+01:00,[60],[332.074]
2025-11-11T02:54:07+01:00,[60],[332.347]
2025-11-11T02:54:06+01:00,[60],[332.381]
2025-11-11T02:54:05+01:00,[60],[332.12]
2025-11-11T02:54:04+01:00,[60],[331.768]
2025-11-11T02:54:03+01:00,[60],[331.453]
2025-11-11T02:54:02+01:00,[60],[331.791]
2025-11-11T02:54:01+01:00,[60],[332.037]
2025-11-11T02:54:00+01:00,[60],[332.141]
2025-11-11T02:53:59+01:00,[60],[332.626]
2025-11-11T02:53:58+01:00,[60],[331.851]
2025-11-11T02:53:57+01:00,[60],[331.701]
2025-11-11T02:53:56+01:00,[60],[332.146]
2025-11-11T02:53:55+01:00,[60],[332.288]
2025-11-11T02:53:54+01:00,[60],[332.016]
2025-11-11T02:53:53+01:00,[60],[332.414]
2025-11-11T02:53:52+01:00,[60],[332.674]
2025-11-11T02:53:51+01:00,[60],[332.579]
2025-11-11T02:53:50+01:00,[60],[331.85]
2025-11-11T02:53:49+01:00,[60],[331.755]
2025-11-11T02:53:48+01:00,[60],[331.377]
2025-11-11T02:53:47+01:00,[60],[331.032]
2025-11-11T02:53:46+01:00,[60],[330.866]
2025-11-11T02:53:45+01:00,[60],[331.058]
2025-11-11T02:53:44+01:00,[60],[331.445]
2025-11-11T02:53:43+01:00,[60],[331.239]
2025-11-11T02:53:42+01:00,[60],[331.186]
2025-11-11T02:53:41+01:00,[60],[331.293]
2025-11-11T02:53:40+01:00,[60],[331.058]
2025-11-11T02:53:39+01:00,[60],[331.186]
2025-11-11T02:53:38+01:00,[60],[331.721]
2025-11-11T02:53:37+01:00,[60],[331.617]
2025-11-11T02:53:36+01:00,[60],[331.948]
2025-11-11T02:53:35+01:00,[60],[332.044]
2025-11-11T02:53:34+01:00,[60],[332.554]
2025-11-11T02:53:33+01:00,[60],[331.953]
2025-11-11T02:53:32+01:00,[60],[331.614]
2025-11-11T02:53:31+01:00,[60],[331.719]
2025-11-11T02:53:30+01:00,[60],[331.613]
2025-11-11T02:53:29+01:00,[60],[331.15]
2025-11-11T02:53:28+01:00,[60],[331.073]
2025-11-11T02:53:27+01:00,[60],[330.804]
2025-11-11T02:53:26+01:00,[60],[331.505]
2025-11-11T02:53:25+01:00,[60],[331.525]
2025-11-11T02:53:24+01:00,[60],[331.629]
2025-11-11T02:53:23+01:00,[60],[331.186]
2025-11-11T02:53:22+01:00,[60],[331.125]
2025-11-11T02:53:21+01:00,[60],[331.923]
2025-11-11T02:53:20+01:00,[60],[331.571]
2025-11-11T02:53:19+01:00,[60],[331.431]
2025-11-11T02:53:18+01:00,[60],[331.639]
2025-11-11T02:53:17+01:00,[60],[331.765]
2025-11-11T02:53:16+01:00,[60],[331.604]
2025-11-11T02:53:15+01:00,[60],[331.389]
2025-11-11T02:53:14+01:00,[60],[331.346]
2025-11-11T02:53:13+01:00,[60],[330.655]
2025-11-11T02:53:12+01:00,[60],[331.589]
2025-11-11T02:53:11+01:00,[60],[331.698]
2025-11-11T02:53:10+01:00,[60],[331.624]
2025-11-11T02:53:09+01:00,[60],[331.575]
2025-11-11T02:53:08+01:00,[60],[331.421]
2025-11-11T02:53:07+01:00,[60],[330.907]
2025-11-11T02:53:06+01:00,[60],[330.947]
2025-11-11T02:53:05+01:00,[60],[331.276]
2025-11-11T02:53:04+01:00,[60],[331.057]
2025-11-11T02:53:03+01:00,[60],[330.957]
2025-11-11T02:53:02+01:00,[60],[331.412]
2025-11-11T02:53:01+01:00,[60],[331.224]
2025-11-11T02:53:00+01:00,[60],[331.164]
2025-11-11T02:52:59+01:00,[60],[331.372]
2025-11-11T02:52:58+01:00,[60],[331.195]
2025-11-11T02:52:57+01:00,[60],[330.703]
2025-11-11T02:52:56+01:00,[60],[330.257]
2025-11-11T02:52:55+01:00,[60],[330.557]
2025-11-11T02:52:54+01:00,[60],[330.394]
2025-11-11T02:52:53+01:00,[60],[329.888]
2025-11-11T02:52:52+01:00,[60],[330.331]
2025-11-11T02:52:51+01:00,[60],[330.472]
2025-11-11T02:52:50+01:00,[60],[330.106]
2025-11-11T02:52:49+01:00,[60],[329.994]
2025-11-11T02:52:48+01:00,[60],[329.922]
2025-11-11T02:52:47+01:00,[60],[330.023]
2025-11-11T02:52:46+01:00,[60],[329.622]
2025-11-11T02:52:45+01:00,[60],[328.999]
2025-11-11T02:52:44+01:00,[60],[329.495]
2025-11-11T02:52:43+01:00,[60],[329.842]
2025-11-11T02:52:42+01:00,[60],[329.744]
2025-11-11T02:52:41+01:00,[60],[329.875]
2025-11-11T02:52:40+01:00,[60],[329.644]
2025-11-11T02:52:39+01:00,[60],[330.173]
2025-11-11T02:52:38+01:00,[60],[330.661]
2025-11-11T02:52:37+01:00,[60],[330.108]
2025-11-11T02:52:36+01:00,[60],[330.234]
2025-11-11T02:52:35+01:00,[60],[330.375]
2025-11-11T02:52:34+01:00,[60],[330.465]
2025-11-11T02:52:33+01:00,[60],[331.078]
2025-11-11T02:52:32+01:00,[60],[330.711]
2025-11-11T02:52:31+01:00,[60],[330.82]
2025-11-11T02:52:30+01:00,[60],[330.531]
2025-11-11T02:52:29+01:00,[60],[330.197]
2025-11-11T02:52:28+01:00,[60],[330.476]
2025-11-11T02:52:27+01:00,[60],[330.292]
2025-11-11T02:52:26+01:00,[60],[330.33]
2025-11-11T02:52:25+01:00,[60],[330.267]
2025-11-11T02:52:24+01:00,[60],[330.405]
2025-11-11T02:52:23+01:00,[60],[330.893]
2025-11-11T02:52:22+01:00,[60],[330.816]
2025-11-11T02:52:21+01:00,[60],[331.09]
2025-11-11T02:52:20+01:00,[60],[331.38]
2025-11-11T02:52:19+01:00,[60],[330.96]
2025-11-11T02:52:17+01:00,[60],[330.673]
2025-11-11T02:52:16+01:00,[60],[330.634]
2025-11-11T02:52:15+01:00,[60],[330.833]
2025-11-11T02:52:14+01:00,[60],[330.813]
2025-11-11T02:52:13+01:00,[60],[331.309]
2025-11-11T02:52:12+01:00,[60],[331.518]
2025-11-11T02:52:11+01:00,[60],[331.108]
2025-11-11T02:52:10+01:00,[60],[330.216]
2025-11-11T02:52:09+01:00,[60],[330.163]
2025-11-11T02:52:08+01:00,[60],[330.237]
2025-11-11T02:52:07+01:00,[60],[330.07]
2025-11-11T02:52:06+01:00,[60],[329.754]
2025-11-11T02:52:05+01:00,[60],[330.114]
2025-11-11T02:52:04+01:00,[60],[330.124]
2025-11-11T02:52:03+01:00,[60],[330.34]
2025-11-11T02:52:02+01:00,[60],[330.327]
2025-11-11T02:52:01+01:00,[60],[330.638]
2025-11-11T02:52:00+01:00,[60],[330.393]
2025-11-11T02:51:59+01:00,[60],[330.471]
2025-11-11T02:51:58+01:00,[60],[330.115]
2025-11-11T02:51:57+01:00,[60],[330.093]
2025-11-11T02:51:56+01:00,[60],[330.138]
2025-11-11T02:51:55+01:00,[60],[329.911]
2025-11-11T02:51:54+01:00,[60],[330.105]
2025-11-11T02:51:53+01:00,[60],[330.266]
2025-11-11T02:51:52+01:00,[60],[330.527]
2025-11-11T02:51:51+01:00,[60],[330.792]
2025-11-11T02:51:50+01:00,[60],[330.967]
2025-11-11T02:51:49+01:00,[60],[330.248]
2025-11-11T02:51:48+01:00,[60],[330.133]
2025-11-11T02:51:47+01:00,[60],[330.285]
2025-11-11T02:51:46+01:00,[60],[330.362]
2025-11-11T02:51:45+01:00,[60],[330.405]
2025-11-11T02:51:44+01:00,[60],[330.33]
2025-11-11T02:51:43+01:00,[60],[330.211]
2025-11-11T02:51:42+01:00,[60],[330.402]
2025-11-11T02:51:41+01:00,[60],[330.464]
2025-11-11T02:51:40+01:00,[60],[330.344]
2025-11-11T02:51:39+01:00,[60],[330.116]
2025-11-11T02:51:38+01:00,[60],[329.793]
2025-11-11T02:51:37+01:00,[60],[329.764]
2025-11-11T02:51:36+01:00,[60],[329.842]
2025-11-11T02:51:35+01:00,[60],[329.448]
2025-11-11T02:51:34+01:00,[60],[329.675]
2025-11-11T02:51:33+01:00,[60],[329.88]
2025-11-11T02:51:32+01:00,[60],[329.803]
2025-11-11T02:51:31+01:00,[60],[329.865]
2025-11-11T02:51:30+01:00,[60],[330.271]
2025-11-11T02:51:29+01:00,[60],[330.418]
2025-11-11T02:51:28+01:00,[60],[329.956]
2025-11-11T02:51:27+01:00,[60],[329.976]
2025-11-11T02:51:26+01:00,[60],[329.958]
2025-11-11T02:51:25+01:00,[60],[329.922]
2025-11-11T02:51:24+01:00,[60],[329.739]
2025-11-11T02:51:23+01:00,[60],[329.786]
2025-11-11T02:51:22+01:00,[60],[329.709]
2025-11-11T02:51:21+01:00,[60],[329.515]
2025-11-11T02:51:20+01:00,[60],[329.399]
2025-11-11T02:51:19+01:00,[60],[329.183]
2025-11-11T02:51:18+01:00,[60],[328.986]
2025-11-11T02:51:17+01:00,[60],[329.037]
2025-11-11T02:51:16+01:00,[60],[329.112]
2025-11-11T02:51:15+01:00,[60],[329.097]
2025-11-11T02:51:14+01:00,[60],[328.789]
2025-11-11T02:51:13+01:00,[60],[329.026]
2025-11-11T02:51:12+01:00,[60],[328.9]
2025-11-11T02:51:11+01:00,[60],[328.841]
2025-11-11T02:51:10+01:00,[60],[329.005]
2025-11-11T02:51:09+01:00,[60],[329.205]
2025-11-11T02:51:08+01:00,[60],[329.086]
2025-11-11T02:51:07+01:00,[60],[328.684]
2025-11-11T02:51:06+01:00,[60],[328.451]
2025-11-11T02:51:05+01:00,[60],[328.521]
2025-11-11T02:51:04+01:00,[60],[328.405]
2025-11-11T02:51:03+01:00,[60],[328.09]
2025-11-11T02:51:02+01:00,[60],[328.214]
2025-11-11T02:51:01+01:00,[60],[328.119]
2025-11-11T02:51:00+01:00,[60],[327.986]
2025-11-11T02:50:59+01:00,[60],[327.747]
2025-11-11T02:50:58+01:00,[60],[327.673]
2025-11-11T02:50:57+01:00,[60],[327.81]
2025-11-11T02:50:56+01:00,[60],[327.868]
2025-11-11T02:50:55+01:00,[60],[327.946]
2025-11-11T02:50:54+01:00,[60],[328.113]
2025-11-11T02:50:53+01:00,[60],[328.088]
2025-11-11T02:50:52+01:00,[60],[327.961]
2025-11-11T02:50:51+01:00,[60],[328.128]
2025-11-11T02:50:50+01:00,[60],[328.153]
2025-11-11T02:50:49+01:00,[60],[328.185]
2025-11-11T02:50:48+01:00,[60],[328.137]
2025-11-11T02:50:47+01:00,[60],[328.158]
2025-11-11T02:50:46+01:00,[60],[328.032]
2025-11-11T02:50:45+01:00,[60],[327.936]
2025-11-11T02:50:44+01:00,[60],[327.937]
2025-11-11T02:50:43+01:00,[60],[327.704]
2025-11-11T02:50:42+01:00,[60],[327.404]
2025-11-11T02:50:41+01:00,[60],[327.055]
2025-11-11T02:50:40+01:00,[60],[327.051]
2025-11-11T02:50:39+01:00,[60],[326.952]
2025-11-11T02:50:38+01:00,[60],[326.729]
2025-11-11T02:50:37+01:00,[60],[326.389]
2025-11-11T02:50:36+01:00,[60],[325.656]
2025-11-11T02:50:35+01:00,[60],[325.397]
2025-11-11T02:50:34+01:00,[60],[326.295]
2025-11-11T02:50:33+01:00,[60],[326.18]
2025-11-11T02:50:32+01:00,[60],[325.993]
2025-11-11T02:50:31+01:00,[60],[326.695]
2025-11-11T02:50:30+01:00,[60],[326.595]
2025-11-11T02:50:29+01:00,[60],[326.423]
2025-11-11T02:50:28+01:00,[60],[326.155]
2025-11-11T02:50:27+01:00,[60],[325.908]
2025-11-11T02:50:26+01:00,[60],[325.74]
2025-11-11T02:50:25+01:00,[60],[326.549]
2025-11-11T02:50:24+01:00,[60],[326.723]
2025-11-11T02:50:23+01:00,[60],[326.246]
2025-11-11T02:50:22+01:00,[60],[326.385]
2025-11-11T02:50:21+01:00,[60],[326.491]
2025-11-11T02:50:20+01:00,[60],[326.444]
2025-11-11T02:50:19+01:00,[60],[326.684]
2025-11-11T02:50:18+01:00,[60],[326.72]
2025-11-11T02:50:17+01:00,[60],[327.128]
2025-11-11T02:50:16+01:00,[60],[326.993]
2025-11-11T02:50:15+01:00,[60],[326.025]
2025-11-11T02:50:14+01:00,[60],[326.096]
2025-11-11T02:50:13+01:00,[60],[326.192]
2025-11-11T02:50:12+01:00,[60],[326.457]
2025-11-11T02:50:11+01:00,[60],[326.138]
2025-11-11T02:50:10+01:00,[60],[325.911]
2025-11-11T02:50:09+01:00,[60],[326.244]
2025-11-11T02:50:08+01:00,[60],[326.298]
2025-11-11T02:50:07+01:00,[60],[325.98]
2025-11-11T02:50:06+01:00,[60],[325.824]
2025-11-11T02:50:05+01:00,[60],[326.263]
2025-11-11T02:50:04+01:00,[60],[326.357]
2025-11-11T02:50:03+01:00,[60],[326.32]
2025-11-11T02:50:02+01:00,[60],[325.853]
2025-11-11T02:50:01+01:00,[60],[325.708]
2025-11-11T02:50:00+01:00,[60],[325.297]
2025-11-11T02:49:59+01:00,[60],[325.55]
2025-11-11T02:49:58+01:00,[60],[325.22]
2025-11-11T02:49:57+01:00,[60],[325.101]
2025-11-11T02:49:56+01:00,[60],[325.691]
2025-11-11T02:49:55+01:00,[60],[325.425]
2025-11-11T02:49:54+01:00,[60],[325.123]
2025-11-11T02:49:53+01:00,[60],[325.022]
2025-11-11T02:49:52+01:00,[60],[325.053]
2025-11-11T02:49:51+01:00,[60],[324.897]
2025-11-11T02:49:50+01:00,[60],[323.958]
2025-11-11T02:49:49+01:00,[60],[324.647]
2025-11-11T02:49:48+01:00,[60],[324.715]
2025-11-11T02:49:47+01:00,[60],[323.898]
2025-11-11T02:49:46+01:00,[60],[323.781]
2025-11-11T02:49:45+01:00,[60],[323.338]
2025-11-11T02:49:44+01:00,[60],[324.044]
2025-11-11T02:49:43+01:00,[60],[324.206]
2025-11-11T02:49:42+01:00,[60],[324.134]
2025-11-11T02:49:41+01:00,[60],[324.214]
2025-11-11T02:49:40+01:00,[60],[324.249]
2025-11-11T02:49:39+01:00,[60],[324.701]
2025-11-11T02:49:38+01:00,[60],[324.809]
2025-11-11T02:49:37+01:00,[60],[324.893]
2025-11-11T02:49:36+01:00,[60],[324.58]
2025-11-11T02:49:35+01:00,[60],[324.663]
2025-11-11T02:49:34+01:00,[60],[324.555]
2025-11-11T02:49:33+01:00,[60],[324.65]
2025-11-11T02:49:32+01:00,[60],[324.538]
2025-11-11T02:49:31+01:00,[60],[324.753]
2025-11-11T02:49:30+01:00,[60],[324.825]
2025-11-11T02:49:29+01:00,[60],[324.801]
2025-11-11T02:49:28+01:00,[60],[324.863]
2025-11-11T02:49:27+01:00,[60],[324.698]
2025-11-11T02:49:26+01:00,[60],[325.202]
2025-11-11T02:49:25+01:00,[60],[325.101]
2025-11-11T02:49:24+01:00,[60],[324.762]
2025-11-11T02:49:23+01:00,[60],[324.904]
2025-11-11T02:49:22+01:00,[60],[324.434]
2025-11-11T02:49:21+01:00,[60],[325.135]
2025-11-11T02:49:20+01:00,[60],[325.141]
2025-11-11T02:49:19+01:00,[60],[325.343]
2025-11-11T02:49:18+01:00,[60],[325.27]
2025-11-11T02:49:17+01:00,[60],[325.595]
2025-11-11T02:49:16+01:00,[60],[325.738]
2025-11-11T02:49:15+01:00,[60],[325.644]
2025-11-11T02:49:14+01:00,[60],[325.869]
2025-11-11T02:49:13+01:00,[60],[326.167]
2025-11-11T02:49:12+01:00,[60],[325.699]
2025-11-11T02:49:11+01:00,[60],[325.252]
2025-11-11T02:49:10+01:00,[60],[325.473]
2025-11-11T02:49:09+01:00,[60],[324.669]
2025-11-11T02:49:08+01:00,[60],[325.476]
2025-11-11T02:49:07+01:00,[60],[326.005]
2025-11-11T02:49:06+01:00,[60],[325.347]
2025-11-11T02:49:05+01:00,[60],[325.294]
2025-11-11T02:49:04+01:00,[60],[325.786]
2025-11-11T02:49:03+01:00,[60],[326.251]
2025-11-11T02:49:02+01:00,[60],[326.25]
2025-11-11T02:49:01+01:00,[60],[326.264]
2025-11-11T02:49:00+01:00,[60],[326.895]
2025-11-11T02:48:59+01:00,[60],[326.866]
2025-11-11T02:48:58+01:00,[60],[326.996]
2025-11-11T02:48:57+01:00,[60],[327.599]
2025-11-11T02:48:56+01:00,[60],[327.531]
2025-11-11T02:48:55+01:00,[60],[326.046]
2025-11-11T02:48:54+01:00,[60],[326.256]
2025-11-11T02:48:53+01:00,[60],[326.763]
2025-11-11T02:48:52+01:00,[60],[326.917]
2025-11-11T02:48:51+01:00,[60],[326.964]
2025-11-11T02:48:50+01:00,[60],[327.178]
2025-11-11T02:48:49+01:00,[60],[327.187]
2025-11-11T02:48:48+01:00,[60],[326.723]
2025-11-11T02:48:47+01:00,[60],[327.571]
2025-11-11T02:48:46+01:00,[60],[328.422]
2025-11-11T02:48:45+01:00,[60],[328.734]
2025-11-11T02:48:44+01:00,[60],[328.741]
2025-11-11T02:48:43+01:00,[60],[328.995]
2025-11-11T02:48:42+01:00,[60],[328.814]
2025-11-11T02:48:41+01:00,[60],[328.228]
2025-11-11T02:48:40+01:00,[60],[328.371]
2025-11-11T02:48:39+01:00,[60],[328.346]
2025-11-11T02:48:38+01:00,[60],[328.145]
2025-11-11T02:48:37+01:00,[60],[328.281]
2025-11-11T02:48:36+01:00,[60],[327.949]
2025-11-11T02:48:35+01:00,[60],[327.819]
2025-11-11T02:48:34+01:00,[60],[328.256]
2025-11-11T02:48:33+01:00,[60],[328.266]
2025-11-11T02:48:32+01:00,[60],[328.593]
2025-11-11T02:48:31+01:00,[60],[328.726]
2025-11-11T02:48:30+01:00,[60],[328.574]
2025-11-11T02:48:29+01:00,[60],[328.404]
2025-11-11T02:48:28+01:00,[60],[328.721]
2025-11-11T02:48:27+01:00,[60],[328.73]
2025-11-11T02:48:26+01:00,[60],[329.009]
2025-11-11T02:48:25+01:00,[60],[328.957]
2025-11-11T02:48:24+01:00,[60],[328.053]
2025-11-11T02:48:23+01:00,[60],[328.308]
2025-11-11T02:48:22+01:00,[60],[328.272]
2025-11-11T02:48:21+01:00,[60],[328.264]
2025-11-11T02:48:20+01:00,[60],[327.953]
2025-11-11T02:48:19+01:00,[60],[327.992]
2025-11-11T02:48:18+01:00,[60],[327.815]
2025-11-11T02:48:17+01:00,[60],[327.948]
2025-11-11T02:48:16+01:00,[60],[328.384]
2025-11-11T02:48:15+01:00,[60],[328.634]
2025-11-11T02:48:14+01:00,[60],[329.062]
2025-11-11T02:48:13+01:00,[60],[327.906]
2025-11-11T02:48:12+01:00,[60],[327.896]
2025-11-11T02:48:11+01:00,[60],[328.066]
2025-11-11T02:48:10+01:00,[60],[328.211]
2025-11-11T02:48:09+01:00,[60],[328.235]
2025-11-11T02:48:08+01:00,[60],[327.971]
2025-11-11T02:48:07+01:00,[60],[327.994]
2025-11-11T02:48:06+01:00,[60],[327.961]
2025-11-11T02:48:05+01:00,[60],[327.915]
2025-11-11T02:48:04+01:00,[60],[328.17]
2025-11-11T02:48:03+01:00,[60],[328.027]
2025-11-11T02:48:02+01:00,[60],[328.245]
2025-11-11T02:48:01+01:00,[60],[328.103]
2025-11-11T02:48:00+01:00,[60],[328.23]
2025-11-11T02:47:59+01:00,[60],[328.183]
2025-11-11T02:47:58+01:00,[60],[328.21]
2025-11-11T02:47:57+01:00,[60],[328.168]
2025-11-11T02:47:56+01:00,[60],[328.029]
2025-11-11T02:47:55+01:00,[60],[328.495]
2025-11-11T02:47:54+01:00,[60],[328.799]
2025-11-11T02:47:53+01:00,[60],[328.551]
2025-11-11T02:47:52+01:00,[60],[328.306]
2025-11-11T02:47:51+01:00,[60],[329.12]
2025-11-11T02:47:50+01:00,[60],[328.444]
2025-11-11T02:47:49+01:00,[60],[328.287]
2025-11-11T02:47:48+01:00,[60],[328.94]
2025-11-11T02:47:47+01:00,[60],[328.459]
2025-11-11T02:47:46+01:00,[60],[328.349]
2025-11-11T02:47:45+01:00,[60],[328.423]
2025-11-11T02:47:44+01:00,[60],[328.446]
2025-11-11T02:47:43+01:00,[60],[328.286]
2025-11-11T02:47:42+01:00,[60],[328.697]
2025-11-11T02:47:41+01:00,[60],[329.311]
2025-11-11T02:47:40+01:00,[60],[329.083]
2025-11-11T02:47:39+01:00,[60],[329.034]
2025-11-11T02:47:38+01:00,[60],[329.074]
2025-11-11T02:47:37+01:00,[60],[329.426]
2025-11-11T02:47:36+01:00,[60],[329.686]
2025-11-11T02:47:35+01:00,[60],[329.599]
2025-11-11T02:47:34+01:00,[60],[329.306]
2025-11-11T02:47:33+01:00,[60],[329.926]
2025-11-11T02:47:32+01:00,[60],[330.585]
2025-11-11T02:47:31+01:00,[60],[330.525]
2025-11-11T02:47:30+01:00,[60],[330.069]
2025-11-11T02:47:29+01:00,[60],[329.894]
2025-11-11T02:47:28+01:00,[60],[329.88]
2025-11-11T02:47:27+01:00,[60],[329.91]
2025-11-11T02:47:26+01:00,[60],[330.215]
2025-11-11T02:47:25+01:00,[60],[330.275]
2025-11-11T02:47:24+01:00,[60],[330.564]
2025-11-11T02:47:23+01:00,[60],[331.044]
2025-11-11T02:47:22+01:00,[60],[331.463]
2025-11-11T02:47:21+01:00,[60],[331.396]
2025-11-11T02:47:20+01:00,[60],[331.042]
2025-11-11T02:47:19+01:00,[60],[331.303]
2025-11-11T02:47:18+01:00,[60],[331.239]
2025-11-11T02:47:17+01:00,[60],[331.145]
2025-11-11T02:47:16+01:00,[60],[330.955]
2025-11-11T02:47:15+01:00,[60],[331.2]
2025-11-11T02:47:14+01:00,[60],[331.438]
2025-11-11T02:47:13+01:00,[60],[331.54]
2025-11-11T02:47:12+01:00,[60],[331.917]
2025-11-11T02:47:11+01:00,[60],[331.41]
2025-11-11T02:47:10+01:00,[60],[331.191]
2025-11-11T02:47:09+01:00,[60],[331.228]
2025-11-11T02:47:08+01:00,[60],[331.253]
2025-11-11T02:47:07+01:00,[60],[330.913]
2025-11-11T02:47:06+01:00,[60],[331.828]
2025-11-11T02:47:05+01:00,[60],[331.992]
2025-11-11T02:47:04+01:00,[60],[331.697]
2025-11-11T02:47:03+01:00,[60],[331.604]
2025-11-11T02:47:02+01:00,[60],[331.746]
2025-11-11T02:47:01+01:00,[60],[331.183]
2025-11-11T02:47:00+01:00,[60],[331.117]
2025-11-11T02:46:59+01:00,[60],[331]
2025-11-11T02:46:58+01:00,[60],[331.437]
2025-11-11T02:46:57+01:00,[60],[331.613]
2025-11-11T02:46:56+01:00,[60],[331.438]
2025-11-11T02:46:55+01:00,[60],[331.74]
2025-11-11T02:46:54+01:00,[60],[331.881]
2025-11-11T02:46:53+01:00,[60],[332.446]
2025-11-11T02:46:52+01:00,[60],[332.656]
2025-11-11T02:46:51+01:00,[60],[332.784]
2025-11-11T02:46:50+01:00,[60],[332.885]
2025-11-11T02:46:49+01:00,[60],[333.409]
2025-11-11T02:46:48+01:00,[60],[333.229]
2025-11-11T02:46:47+01:00,[60],[332.443]
2025-11-11T02:46:46+01:00,[60],[332.533]
2025-11-11T02:46:45+01:00,[60],[332.262]
2025-11-11T02:46:44+01:00,[60],[332.115]
2025-11-11T02:46:43+01:00,[60],[331.518]
2025-11-11T02:46:42+01:00,[60],[331.845]
2025-11-11T02:46:41+01:00,[60],[332.293]
2025-11-11T02:46:40+01:00,[60],[332.345]
2025-11-11T02:46:39+01:00,[60],[331.879]
2025-11-11T02:46:38+01:00,[60],[331.796]
2025-11-11T02:46:37+01:00,[60],[332.574]
2025-11-11T02:46:36+01:00,[60],[332.552]
2025-11-11T02:46:35+01:00,[60],[332.895]
2025-11-11T02:46:34+01:00,[60],[333.098]
2025-11-11T02:46:33+01:00,[60],[333.141]
2025-11-11T02:46:32+01:00,[60],[333.776]
2025-11-11T02:46:31+01:00,[60],[334.002]
2025-11-11T02:46:30+01:00,[60],[334.585]
2025-11-11T02:46:29+01:00,[60],[334.347]
2025-11-11T02:46:28+01:00,[60],[334.976]
2025-11-11T02:46:27+01:00,[60],[335.626]
2025-11-11T02:46:26+01:00,[60],[335.522]
2025-11-11T02:46:25+01:00,[60],[335.441]
2025-11-11T02:46:24+01:00,[60],[335.217]
2025-11-11T02:46:23+01:00,[60],[335.109]
2025-11-11T02:46:22+01:00,[60],[335.07]
2025-11-11T02:46:21+01:00,[60],[335.153]
2025-11-11T02:46:20+01:00,[60],[335.648]
2025-11-11T02:46:19+01:00,[60],[336.033]
2025-11-11T02:46:18+01:00,[60],[335.396]
2025-11-11T02:46:17+01:00,[60],[334.513]
2025-11-11T02:46:16+01:00,[60],[334.603]
2025-11-11T02:46:15+01:00,[60],[334.549]
2025-11-11T02:46:14+01:00,[60],[334.575]
2025-11-11T02:46:13+01:00,[60],[334.665]
2025-11-11T02:46:12+01:00,[60],[334.683]
2025-11-11T02:46:11+01:00,[60],[335.086]
2025-11-11T02:46:10+01:00,[60],[335.16]
2025-11-11T02:46:09+01:00,[60],[334.714]
2025-11-11T02:46:08+01:00,[60],[334.65]
2025-11-11T02:46:07+01:00,[60],[334.562]
2025-11-11T02:46:06+01:00,[60],[334.847]
2025-11-11T02:46:05+01:00,[60],[334.922]
2025-11-11T02:46:04+01:00,[60],[334.86]
2025-11-11T02:46:03+01:00,[60],[334.806]
2025-11-11T02:46:02+01:00,[60],[334.498]
2025-11-11T02:46:01+01:00,[60],[334.416]
2025-11-11T02:46:00+01:00,[60],[334.883]
2025-11-11T02:45:59+01:00,[60],[335.269]
2025-11-11T02:45:58+01:00,[60],[335.382]
2025-11-11T02:45:57+01:00,[60],[335.007]
2025-11-11T02:45:56+01:00,[60],[334.984]
2025-11-11T02:45:55+01:00,[60],[334.987]
2025-11-11T02:45:54+01:00,[60],[334.978]
2025-11-11T02:45:53+01:00,[60],[335.085]
2025-11-11T02:45:52+01:00,[60],[335.145]
2025-11-11T02:45:51+01:00,[60],[334.747]
2025-11-11T02:45:50+01:00,[60],[334.901]
2025-11-11T02:45:49+01:00,[60],[334.886]
2025-11-11T02:45:48+01:00,[60],[334.67]
2025-11-11T02:45:47+01:00,[60],[335.181]
2025-11-11T02:45:46+01:00,[60],[335.334]
2025-11-11T02:45:45+01:00,[60],[335.239]
2025-11-11T02:45:44+01:00,[60],[334.609]
2025-11-11T02:45:43+01:00,[60],[334.598]
2025-11-11T02:45:42+01:00,[60],[334.521]
2025-11-11T02:45:41+01:00,[60],[333.836]
2025-11-11T02:45:40+01:00,[60],[334.467]
2025-11-11T02:45:39+01:00,[60],[334.128]
2025-11-11T02:45:38+01:00,[60],[333.877]
2025-11-11T02:45:37+01:00,[60],[333.439]
2025-11-11T02:45:36+01:00,[60],[334.669]
2025-11-11T02:45:35+01:00,[60],[335.729]
2025-11-11T02:45:34+01:00,[60],[336.069]
2025-11-11T02:45:33+01:00,[60],[336.28]
2025-11-11T02:45:32+01:00,[60],[336.338]
2025-11-11T02:45:31+01:00,[60],[337.176]
2025-11-11T02:45:30+01:00,[60],[337.407]
2025-11-11T02:45:29+01:00,[60],[337.59]
2025-11-11T02:45:28+01:00,[60],[337.548]
2025-11-11T02:45:27+01:00,[60],[337.51]
2025-11-11T02:45:26+01:00,[60],[337.67]
2025-11-11T02:45:25+01:00,[60],[337.502]
2025-11-11T02:45:24+01:00,[60],[337.774]
2025-11-11T02:45:23+01:00,[60],[337.614]
2025-11-11T02:45:22+01:00,[60],[337.806]
2025-11-11T02:45:21+01:00,[60],[338.403]
2025-11-11T02:45:20+01:00,[60],[338.722]
2025-11-11T02:45:19+01:00,[60],[338.22]
2025-11-11T02:45:18+01:00,[60],[337.869]
2025-11-11T02:45:17+01:00,[60],[338.225]
2025-11-11T02:45:16+01:00,[60],[338.279]
2025-11-11T02:45:15+01:00,[60],[338.377]
2025-11-11T02:45:14+01:00,[60],[338.339]
2025-11-11T02:45:13+01:00,[60],[338.598]
2025-11-11T02:45:12+01:00,[60],[338.562]
2025-11-11T02:45:11+01:00,[60],[338.492]
2025-11-11T02:45:10+01:00,[60],[338.839]
2025-11-11T02:45:09+01:00,[60],[338.733]
2025-11-11T02:45:08+01:00,[60],[338.645]
2025-11-11T02:45:07+01:00,[60],[338.787]
2025-11-11T02:45:06+01:00,[60],[338.846]
2025-11-11T02:45:05+01:00,[60],[338.993]
2025-11-11T02:45:04+01:00,[60],[338.866]
2025-11-11T02:45:03+01:00,[60],[338.555]
2025-11-11T02:45:02+01:00,[60],[338.755]
2025-11-11T02:45:01+01:00,[60],[339.309]
2025-11-11T02:45:00+01:00,[60],[338.966]
2025-11-11T02:44:59+01:00,[60],[338.83]
2025-11-11T02:44:58+01:00,[60],[339.343]
2025-11-11T02:44:57+01:00,[60],[340.018]
2025-11-11T02:44:56+01:00,[60],[339.325]
2025-11-11T02:44:55+01:00,[60],[338.731]
2025-11-11T02:44:54+01:00,[60],[338.947]
2025-11-11T02:44:53+01:00,[60],[339.532]
2025-11-11T02:44:52+01:00,[60],[339.91]
2025-11-11T02:44:51+01:00,[60],[340.047]
2025-11-11T02:44:50+01:00,[60],[340.553]
2025-11-11T02:44:49+01:00,[60],[340.444]
2025-11-11T02:44:48+01:00,[60],[340.277]
2025-11-11T02:44:47+01:00,[60],[340.288]
2025-11-11T02:44:46+01:00,[60],[340.137]
2025-11-11T02:44:45+01:00,[60],[339.546]
2025-11-11T02:44:44+01:00,[60],[339.488]
2025-11-11T02:44:43+01:00,[60],[339.201]
2025-11-11T02:44:42+01:00,[60],[340.127]
2025-11-11T02:44:41+01:00,[60],[339.996]
2025-11-11T02:44:40+01:00,[60],[339.933]
2025-11-11T02:44:39+01:00,[60],[339.999]
2025-11-11T02:44:38+01:00,[60],[340.139]
2025-11-11T02:44:37+01:00,[60],[339.92]
2025-11-11T02:44:36+01:00,[60],[340.37]
2025-11-11T02:44:35+01:00,[60],[340.491]
2025-11-11T02:44:34+01:00,[60],[340.487]
2025-11-11T02:44:33+01:00,[60],[340.981]
2025-11-11T02:44:32+01:00,[60],[341.005]
2025-11-11T02:44:31+01:00,[60],[341.224]
2025-11-11T02:44:30+01:00,[60],[341.582]
2025-11-11T02:44:29+01:00,[60],[340.841]
2025-11-11T02:44:28+01:00,[60],[340.469]
2025-11-11T02:44:27+01:00,[60],[340.991]
2025-11-11T02:44:26+01:00,[60],[340.514]
2025-11-11T02:44:25+01:00,[60],[339.967]
2025-11-11T02:44:24+01:00,[60],[339.927]
2025-11-11T02:44:23+01:00,[60],[339.868]
2025-11-11T02:44:22+01:00,[60],[340.243]
2025-11-11T02:44:21+01:00,[60],[340.251]
2025-11-11T02:44:20+01:00,[60],[340.38]
2025-11-11T02:44:19+01:00,[60],[340.286]
2025-11-11T02:44:18+01:00,[60],[340.667]
2025-11-11T02:44:17+01:00,[60],[340.316]
2025-11-11T02:44:16+01:00,[60],[340.652]
2025-11-11T02:44:15+01:00,[60],[340.377]
2025-11-11T02:44:14+01:00,[60],[340.514]
2025-11-11T02:44:13+01:00,[60],[340.031]
2025-11-11T02:44:12+01:00,[60],[340.188]
2025-11-11T02:44:11+01:00,[60],[339.863]
2025-11-11T02:44:10+01:00,[60],[340.157]
2025-11-11T02:44:09+01:00,[60],[340.384]
2025-11-11T02:44:08+01:00,[60],[339.824]
2025-11-11T02:44:07+01:00,[60],[340.513]
2025-11-11T02:44:06+01:00,[60],[340.703]
2025-11-11T02:44:05+01:00,[60],[340.524]
2025-11-11T02:44:04+01:00,[60],[341.382]
2025-11-11T02:44:03+01:00,[60],[341.252]
2025-11-11T02:44:02+01:00,[60],[341.261]
2025-11-11T02:44:01+01:00,[60],[341.627]
2025-11-11T02:44:00+01:00,[60],[341.414]
2025-11-11T02:43:59+01:00,[60],[341.188]
2025-11-11T02:43:58+01:00,[60],[340.574]
2025-11-11T02:43:57+01:00,[60],[340.837]
2025-11-11T02:43:56+01:00,[60],[341.012]
2025-11-11T02:43:55+01:00,[60],[340.919]
2025-11-11T02:43:54+01:00,[60],[340.865]
2025-11-11T02:43:53+01:00,[60],[340.247]
2025-11-11T02:43:52+01:00,[60],[340.922]
2025-11-11T02:43:51+01:00,[60],[341.423]
2025-11-11T02:43:50+01:00,[60],[341.741]
2025-11-11T02:43:49+01:00,[60],[341.765]
2025-11-11T02:43:48+01:00,[60],[341.468]
2025-11-11T02:43:47+01:00,[60],[341.444]
2025-11-11T02:43:46+01:00,[60],[341.515]
2025-11-11T02:43:45+01:00,[60],[340.93]
2025-11-11T02:43:44+01:00,[60],[341.609]
2025-11-11T02:43:43+01:00,[60],[341.662]
2025-11-11T02:43:42+01:00,[60],[341.42]
2025-11-11T02:43:41+01:00,[60],[342.299]
2025-11-11T02:43:40+01:00,[60],[342.254]
2025-11-11T02:43:39+01:00,[60],[341.907]
2025-11-11T02:43:38+01:00,[60],[341.785]
2025-11-11T02:43:37+01:00,[60],[341.757]
2025-11-11T02:43:36+01:00,[60],[342.4]
2025-11-11T02:43:35+01:00,[60],[342.108]
2025-11-11T02:43:34+01:00,[60],[341.857]
2025-11-11T02:43:33+01:00,[60],[342.055]
2025-11-11T02:43:32+01:00,[60],[342.185]
2025-11-11T02:43:31+01:00,[60],[342.583]
2025-11-11T02:43:30+01:00,[60],[341.784]
2025-11-11T02:43:29+01:00,[60],[341.635]
2025-11-11T02:43:28+01:00,[60],[341.866]
2025-11-11T02:43:27+01:00,[60],[341.937]
2025-11-11T02:43:26+01:00,[60],[342.177]
2025-11-11T02:43:25+01:00,[60],[342.134]
2025-11-11T02:43:24+01:00,[60],[342.171]
2025-11-11T02:43:23+01:00,[60],[342.536]
2025-11-11T02:43:22+01:00,[60],[342.106]
2025-11-11T02:43:21+01:00,[60],[342.784]
2025-11-11T02:43:20+01:00,[60],[343.018]
2025-11-11T02:43:19+01:00,[60],[342.602]
2025-11-11T02:43:18+01:00,[60],[342.78]
2025-11-11T02:43:17+01:00,[60],[342.238]
2025-11-11T02:43:16+01:00,[60],[342.315]
2025-11-11T02:43:15+01:00,[60],[342.289]
2025-11-11T02:43:14+01:00,[60],[342.823]
2025-11-11T02:43:13+01:00,[60],[342.643]
2025-11-11T02:43:12+01:00,[60],[342.176]
2025-11-11T02:43:11+01:00,[60],[342.528]
2025-11-11T02:43:10+01:00,[60],[342.693]
2025-11-11T02:43:09+01:00,[60],[342.335]
2025-11-11T02:43:08+01:00,[60],[341.903]
2025-11-11T02:43:07+01:00,[60],[342.173]
2025-11-11T02:43:06+01:00,[60],[342.191]
2025-11-11T02:43:05+01:00,[60],[342.5]
2025-11-11T02:43:04+01:00,[60],[342.687]
2025-11-11T02:43:03+01:00,[60],[342.956]
2025-11-11T02:43:02+01:00,[60],[343.128]
2025-11-11T02:43:01+01:00,[60],[343.404]
2025-11-11T02:43:00+01:00,[60],[343.899]
2025-11-11T02:42:59+01:00,[60],[343.304]
2025-11-11T02:42:58+01:00,[60],[343.4]
2025-11-11T02:42:57+01:00,[60],[344.199]
2025-11-11T02:42:56+01:00,[60],[344.385]
2025-11-11T02:42:55+01:00,[60],[344.638]
2025-11-11T02:42:54+01:00,[60],[344.797]
2025-11-11T02:42:53+01:00,[60],[344.775]
2025-11-11T02:42:52+01:00,[60],[344.674]
2025-11-11T02:42:51+01:00,[60],[345.07]
2025-11-11T02:42:50+01:00,[60],[345.299]
2025-11-11T02:42:49+01:00,[60],[345.616]
2025-11-11T02:42:48+01:00,[60],[345.482]
2025-11-11T02:42:47+01:00,[60],[345.028]
2025-11-11T02:42:46+01:00,[60],[344.898]
2025-11-11T02:42:45+01:00,[60],[344.905]
2025-11-11T02:42:44+01:00,[60],[344.881]
2025-11-11T02:42:43+01:00,[60],[345.096]
2025-11-11T02:42:42+01:00,[60],[345.495]
2025-11-11T02:42:41+01:00,[60],[345.517]
2025-11-11T02:42:40+01:00,[60],[345.303]
2025-11-11T02:42:39+01:00,[60],[344.78]
2025-11-11T02:42:38+01:00,[60],[345.125]
2025-11-11T02:42:37+01:00,[60],[345.53]
2025-11-11T02:42:36+01:00,[60],[345.473]
2025-11-11T02:42:35+01:00,[60],[345.378]
2025-11-11T02:42:34+01:00,[60],[345.566]
2025-11-11T02:42:33+01:00,[60],[345.602]
2025-11-11T02:42:32+01:00,[60],[345.143]
2025-11-11T02:42:31+01:00,[60],[345.558]
2025-11-11T02:42:30+01:00,[60],[345.725]
2025-11-11T02:42:29+01:00,[60],[345.673]
2025-11-11T02:42:28+01:00,[60],[345.875]
2025-11-11T02:42:27+01:00,[60],[346.049]
2025-11-11T02:42:26+01:00,[60],[345.434]
2025-11-11T02:42:25+01:00,[60],[345.407]
2025-11-11T02:42:24+01:00,[60],[345.184]
2025-11-11T02:42:23+01:00,[60],[345.163]
2025-11-11T02:42:22+01:00,[60],[345.698]
2025-11-11T02:42:21+01:00,[60],[345.944]
2025-11-11T02:42:20+01:00,[60],[345.955]
2025-11-11T02:42:19+01:00,[60],[346.005]
2025-11-11T02:42:18+01:00,[60],[346.006]
2025-11-11T02:42:17+01:00,[60],[346.155]
2025-11-11T02:42:16+01:00,[60],[345.995]
2025-11-11T02:42:15+01:00,[60],[345.724]
2025-11-11T02:42:14+01:00,[60],[345.75]
2025-11-11T02:42:13+01:00,[60],[345.668]
2025-11-11T02:42:12+01:00,[60],[345.263]
2025-11-11T02:42:11+01:00,[60],[345.203]
2025-11-11T02:42:10+01:00,[60],[345.232]
2025-11-11T02:42:09+01:00,[60],[344.997]
2025-11-11T02:42:08+01:00,[60],[345.82]
2025-11-11T02:42:07+01:00,[60],[345.793]
2025-11-11T02:42:06+01:00,[60],[345.907]
2025-11-11T02:42:05+01:00,[60],[345.709]
2025-11-11T02:42:04+01:00,[60],[345.992]
2025-11-11T02:42:03+01:00,[60],[346.039]
2025-11-11T02:42:02+01:00,[60],[346.239]
2025-11-11T02:42:01+01:00,[60],[346.074]
2025-11-11T02:42:00+01:00,[60],[345.825]
2025-11-11T02:41:59+01:00,[60],[346.395]
2025-11-11T02:41:58+01:00,[60],[346.459]
2025-11-11T02:41:57+01:00,[60],[346.419]
2025-11-11T02:41:56+01:00,[60],[346.161]
2025-11-11T02:41:55+01:00,[60],[346.139]
2025-11-11T02:41:54+01:00,[60],[346.338]
2025-11-11T02:41:53+01:00,[60],[346.33]
2025-11-11T02:41:52+01:00,[60],[345.949]
2025-11-11T02:41:51+01:00,[60],[345.969]
2025-11-11T02:41:50+01:00,[60],[345.964]
2025-11-11T02:41:49+01:00,[60],[345.955]
2025-11-11T02:41:48+01:00,[60],[345.591]
2025-11-11T02:41:47+01:00,[60],[345.118]
2025-11-11T02:41:46+01:00,[60],[346.207]
2025-11-11T02:41:45+01:00,[60],[346.624]
2025-11-11T02:41:44+01:00,[60],[346.188]
2025-11-11T02:41:43+01:00,[60],[345.699]
2025-11-11T02:41:42+01:00,[60],[346.346]
2025-11-11T02:41:41+01:00,[60],[347.156]
2025-11-11T02:41:40+01:00,[60],[347.589]
2025-11-11T02:41:39+01:00,[60],[346.123]
2025-11-11T02:41:38+01:00,[60],[346.453]
2025-11-11T02:41:37+01:00,[60],[346.242]
2025-11-11T02:41:36+01:00,[60],[346.077]
2025-11-11T02:41:35+01:00,[60],[346.232]
2025-11-11T02:41:34+01:00,[60],[346.332]
2025-11-11T02:41:33+01:00,[60],[346.277]
2025-11-11T02:41:32+01:00,[60],[346.204]
2025-11-11T02:41:31+01:00,[60],[346.598]
2025-11-11T02:41:30+01:00,[60],[346.359]
2025-11-11T02:41:29+01:00,[60],[346.599]
2025-11-11T02:41:28+01:00,[60],[346.886]
2025-11-11T02:41:27+01:00,[60],[346.72]
2025-11-11T02:41:26+01:00,[60],[346.694]
2025-11-11T02:41:25+01:00,[60],[346.711]
2025-11-11T02:41:24+01:00,[60],[346.741]
2025-11-11T02:41:23+01:00,[60],[346.846]
2025-11-11T02:41:22+01:00,[60],[346.891]
2025-11-11T02:41:21+01:00,[60],[346.933]
2025-11-11T02:41:20+01:00,[60],[346.508]
2025-11-11T02:41:19+01:00,[60],[346.869]
2025-11-11T02:41:18+01:00,[60],[346.441]
2025-11-11T02:41:17+01:00,[60],[346.637]
2025-11-11T02:41:16+01:00,[60],[346.723]
2025-11-11T02:41:15+01:00,[60],[346.98]
2025-11-11T02:41:14+01:00,[60],[346.965]
2025-11-11T02:41:13+01:00,[60],[346.68]
2025-11-11T02:41:12+01:00,[60],[346.725]
2025-11-11T02:41:11+01:00,[60],[346.767]
2025-11-11T02:41:10+01:00,[60],[346.77]
2025-11-11T02:41:09+01:00,[60],[346.714]
2025-11-11T02:41:08+01:00,[60],[346.666]
2025-11-11T02:41:07+01:00,[60],[346.81]
2025-11-11T02:41:06+01:00,[60],[347.131]
2025-11-11T02:41:05+01:00,[60],[347.113]
2025-11-11T02:41:04+01:00,[60],[346.981]
2025-11-11T02:41:03+01:00,[60],[346.991]
2025-11-11T02:41:02+01:00,[60],[347.165]
2025-11-11T02:41:01+01:00,[60],[346.852]
2025-11-11T02:41:00+01:00,[60],[346.939]
2025-11-11T02:40:59+01:00,[60],[346.997]
2025-11-11T02:40:58+01:00,[60],[346.736]
2025-11-11T02:40:57+01:00,[60],[347.576]
2025-11-11T02:40:56+01:00,[60],[347.071]
2025-11-11T02:40:55+01:00,[60],[346.901]
2025-11-11T02:40:54+01:00,[60],[347.953]
2025-11-11T02:40:53+01:00,[60],[348.705]
2025-11-11T02:40:52+01:00,[60],[348.176]
2025-11-11T02:40:51+01:00,[60],[348.035]
2025-11-11T02:40:50+01:00,[60],[348.062]
2025-11-11T02:40:49+01:00,[60],[347.94]
2025-11-11T02:40:48+01:00,[60],[348.102]
2025-11-11T02:40:47+01:00,[60],[348.057]
2025-11-11T02:40:46+01:00,[60],[348.143]
2025-11-11T02:40:45+01:00,[60],[347.954]
2025-11-11T02:40:44+01:00,[60],[347.837]
2025-11-11T02:40:43+01:00,[60],[348.284]
2025-11-11T02:40:42+01:00,[60],[348.31]
2025-11-11T02:40:41+01:00,[60],[348.36]
2025-11-11T02:40:40+01:00,[60],[348.503]
2025-11-11T02:40:39+01:00,[60],[348.27]
2025-11-11T02:40:38+01:00,[60],[348.404]
2025-11-11T02:40:37+01:00,[60],[348.982]
2025-11-11T02:40:36+01:00,[60],[348.998]
2025-11-11T02:40:35+01:00,[60],[348.914]
2025-11-11T02:40:34+01:00,[60],[348.508]
2025-11-11T02:40:33+01:00,[60],[348.269]
2025-11-11T02:40:32+01:00,[60],[348.333]
2025-11-11T02:40:31+01:00,[60],[348.074]
2025-11-11T02:40:30+01:00,[60],[347.875]
2025-11-11T02:40:29+01:00,[60],[347.716]
2025-11-11T02:40:28+01:00,[60],[348.288]
2025-11-11T02:40:27+01:00,[60],[349.261]
2025-11-11T02:40:26+01:00,[60],[348.579]
2025-11-11T02:40:25+01:00,[60],[348.392]
2025-11-11T02:40:24+01:00,[60],[348.902]
2025-11-11T02:40:23+01:00,[60],[348.922]
2025-11-11T02:40:22+01:00,[60],[347.601]
2025-11-11T02:40:21+01:00,[60],[347.752]
2025-11-11T02:40:20+01:00,[60],[348.661]
2025-11-11T02:40:19+01:00,[60],[349.779]
2025-11-11T02:40:18+01:00,[60],[349.351]
2025-11-11T02:40:17+01:00,[60],[348.188]
2025-11-11T02:40:16+01:00,[60],[347.734]
2025-11-11T02:40:15+01:00,[60],[347.866]
2025-11-11T02:40:14+01:00,[60],[348.327]
2025-11-11T02:40:13+01:00,[60],[348.824]
2025-11-11T02:40:12+01:00,[60],[349.201]
2025-11-11T02:40:11+01:00,[60],[348.966]
2025-11-11T02:40:10+01:00,[60],[349.343]
2025-11-11T02:40:09+01:00,[60],[349.737]
2025-11-11T02:40:08+01:00,[60],[349.541]
2025-11-11T02:40:07+01:00,[60],[349.096]
2025-11-11T02:40:06+01:00,[60],[348.846]
2025-11-11T02:40:05+01:00,[60],[348.874]
2025-11-11T02:40:04+01:00,[60],[349.55]
2025-11-11T02:40:03+01:00,[60],[349.992]
2025-11-11T02:40:02+01:00,[60],[350.055]
2025-11-11T02:40:01+01:00,[60],[350.31]
2025-11-11T02:40:00+01:00,[60],[350.624]
2025-11-11T02:39:59+01:00,[60],[350.556]
2025-11-11T02:39:58+01:00,[60],[350.774]
2025-11-11T02:39:57+01:00,[60],[350.778]
2025-11-11T02:39:56+01:00,[60],[350.201]
2025-11-11T02:39:55+01:00,[60],[350.922]
2025-11-11T02:39:54+01:00,[60],[352.083]
2025-11-11T02:39:53+01:00,[60],[352.234]
2025-11-11T02:39:52+01:00,[60],[352.412]
2025-11-11T02:39:51+01:00,[60],[352.439]
2025-11-11T02:39:50+01:00,[60],[352.515]
2025-11-11T02:39:49+01:00,[60],[352.307]
2025-11-11T02:39:48+01:00,[60],[352.846]
2025-11-11T02:39:47+01:00,[60],[353.059]
2025-11-11T02:39:46+01:00,[60],[353.376]
2025-11-11T02:39:45+01:00,[60],[353.813]
2025-11-11T02:39:44+01:00,[60],[354.016]
2025-11-11T02:39:43+01:00,[60],[354.061]
2025-11-11T02:39:42+01:00,[60],[354.092]
2025-11-11T02:39:41+01:00,[60],[354.381]
2025-11-11T02:39:40+01:00,[60],[354.933]
2025-11-11T02:39:39+01:00,[60],[354.989]
2025-11-11T02:39:38+01:00,[60],[355.103]
2025-11-11T02:39:37+01:00,[60],[354.745]
2025-11-11T02:39:36+01:00,[60],[354.883]
2025-11-11T02:39:35+01:00,[60],[354.719]
2025-11-11T02:39:34+01:00,[60],[355.64]
2025-11-11T02:39:33+01:00,[60],[356.155]
2025-11-11T02:39:32+01:00,[60],[356.575]
2025-11-11T02:39:31+01:00,[60],[356.949]
2025-11-11T02:39:30+01:00,[60],[357.03]
2025-11-11T02:39:29+01:00,[60],[357.211]
2025-11-11T02:39:28+01:00,[60],[357.101]
2025-11-11T02:39:27+01:00,[60],[356.554]
2025-11-11T02:39:26+01:00,[60],[356.491]
2025-11-11T02:39:25+01:00,[60],[357.371]
2025-11-11T02:39:24+01:00,[60],[357.569]
2025-11-11T02:39:23+01:00,[60],[358.092]
2025-11-11T02:39:22+01:00,[60],[357.886]
2025-11-11T02:39:21+01:00,[60],[358.078]
2025-11-11T02:39:20+01:00,[60],[358.143]
2025-11-11T02:39:19+01:00,[60],[357.929]
2025-11-11T02:39:18+01:00,[60],[358]
2025-11-11T02:39:17+01:00,[60],[358.374]
2025-11-11T02:39:16+01:00,[60],[358.369]
2025-11-11T02:39:15+01:00,[60],[358.445]
2025-11-11T02:39:14+01:00,[60],[358.947]
2025-11-11T02:39:13+01:00,[60],[358.862]
2025-11-11T02:39:12+01:00,[60],[359.005]
2025-11-11T02:39:11+01:00,[60],[359.18]
2025-11-11T02:39:10+01:00,[60],[359.477]
2025-11-11T02:39:09+01:00,[60],[359.633]
2025-11-11T02:39:08+01:00,[60],[360.201]
2025-11-11T02:39:07+01:00,[60],[360.397]
2025-11-11T02:39:06+01:00,[60],[360.598]
2025-11-11T02:39:05+01:00,[60],[360.638]
2025-11-11T02:39:04+01:00,[60],[361.031]
2025-11-11T02:39:03+01:00,[60],[360.787]
2025-11-11T02:39:02+01:00,[60],[360.623]
2025-11-11T02:39:01+01:00,[60],[360.342]
2025-11-11T02:39:00+01:00,[60],[360.541]
2025-11-11T02:38:59+01:00,[60],[360.738]
2025-11-11T02:38:58+01:00,[60],[361.013]
2025-11-11T02:38:57+01:00,[60],[360.841]
2025-11-11T02:38:56+01:00,[60],[361.521]
2025-11-11T02:38:55+01:00,[60],[361.633]
2025-11-11T02:38:54+01:00,[60],[361.543]
2025-11-11T02:38:53+01:00,[60],[361.511]
2025-11-11T02:38:52+01:00,[60],[361.792]
2025-11-11T02:38:51+01:00,[60],[361.98]
2025-11-11T02:38:50+01:00,[60],[362.52]
2025-11-11T02:38:49+01:00,[60],[362.954]
2025-11-11T02:38:48+01:00,[60],[363.03]
2025-11-11T02:38:47+01:00,[60],[363.002]
2025-11-11T02:38:46+01:00,[60],[362.518]
2025-11-11T02:38:45+01:00,[60],[362.83]
2025-11-11T02:38:44+01:00,[60],[363.136]
2025-11-11T02:38:43+01:00,[60],[363.273]
2025-11-11T02:38:42+01:00,[60],[363.387]
2025-11-11T02:38:41+01:00,[60],[363.653]
2025-11-11T02:38:40+01:00,[60],[364.057]
2025-11-11T02:38:39+01:00,[60],[364.457]
2025-11-11T02:38:38+01:00,[60],[364.229]
2025-11-11T02:38:37+01:00,[60],[364.093]
2025-11-11T02:38:36+01:00,[60],[364.321]
2025-11-11T02:38:35+01:00,[60],[364.007]
2025-11-11T02:38:34+01:00,[60],[364.444]
2025-11-11T02:38:33+01:00,[60],[364.284]
2025-11-11T02:38:32+01:00,[60],[364.095]
2025-11-11T02:38:31+01:00,[60],[364.426]
2025-11-11T02:38:30+01:00,[60],[365.169]
2025-11-11T02:38:29+01:00,[60],[364.971]
2025-11-11T02:38:28+01:00,[60],[365.195]
2025-11-11T02:38:27+01:00,[60],[365.512]
2025-11-11T02:38:26+01:00,[60],[365.971]
2025-11-11T02:38:25+01:00,[60],[366.656]
2025-11-11T02:38:24+01:00,[60],[367.092]
2025-11-11T02:38:23+01:00,[60],[367.401]
2025-11-11T02:38:22+01:00,[60],[367.218]
2025-11-11T02:38:21+01:00,[60],[367.343]
2025-11-11T02:38:20+01:00,[60],[367.2]
2025-11-11T02:38:19+01:00,[60],[367.263]
2025-11-11T02:38:18+01:00,[60],[367.947]
2025-11-11T02:38:17+01:00,[60],[368.075]
2025-11-11T02:38:16+01:00,[60],[368.233]
2025-11-11T02:38:15+01:00,[60],[367.984]
2025-11-11T02:38:14+01:00,[60],[367.668]
2025-11-11T02:38:13+01:00,[60],[367.794]
2025-11-11T02:38:12+01:00,[60],[368.01]
2025-11-11T02:38:11+01:00,[60],[368.272]
2025-11-11T02:38:10+01:00,[60],[368.41]
2025-11-11T02:38:09+01:00,[60],[368.879]
2025-11-11T02:38:08+01:00,[60],[368.532]
2025-11-11T02:38:07+01:00,[60],[369.182]
2025-11-11T02:38:06+01:00,[60],[369.432]
2025-11-11T02:38:05+01:00,[60],[369.796]
2025-11-11T02:38:04+01:00,[60],[369.867]
2025-11-11T02:38:03+01:00,[60],[369.927]
2025-11-11T02:38:02+01:00,[60],[369.209]
2025-11-11T02:38:01+01:00,[60],[369.294]
2025-11-11T02:38:00+01:00,[60],[369.586]
2025-11-11T02:37:59+01:00,[60],[369.628]
2025-11-11T02:37:58+01:00,[60],[369.294]
2025-11-11T02:37:57+01:00,[60],[369.332]
2025-11-11T02:37:56+01:00,[60],[369.508]
2025-11-11T02:37:55+01:00,[60],[369.71]
2025-11-11T02:37:54+01:00,[60],[369.778]
2025-11-11T02:37:53+01:00,[60],[369.859]
2025-11-11T02:37:52+01:00,[60],[369.995]
2025-11-11T02:37:51+01:00,[60],[369.822]
2025-11-11T02:37:50+01:00,[60],[369.577]
2025-11-11T02:37:49+01:00,[60],[369.503]
2025-11-11T02:37:48+01:00,[60],[369.984]
2025-11-11T02:37:47+01:00,[60],[370.051]
2025-11-11T02:37:46+01:00,[60],[370.127]
2025-11-11T02:37:45+01:00,[60],[369.774]
2025-11-11T02:37:44+01:00,[60],[369.937]
2025-11-11T02:37:43+01:00,[60],[370.017]
2025-11-11T02:37:42+01:00,[60],[370.546]
2025-11-11T02:37:41+01:00,[60],[371.009]
2025-11-11T02:37:40+01:00,[60],[370.687]
2025-11-11T02:37:39+01:00,[60],[370.59]
2025-11-11T02:37:38+01:00,[60],[370.781]
2025-11-11T02:37:37+01:00,[60],[370.66]
2025-11-11T02:37:36+01:00,[60],[370.556]
2025-11-11T02:37:35+01:00,[60],[370.578]
2025-11-11T02:37:34+01:00,[60],[370.846]
2025-11-11T02:37:33+01:00,[60],[370.78]
2025-11-11T02:37:32+01:00,[60],[370.808]
2025-11-11T02:37:31+01:00,[60],[371.011]
2025-11-11T02:37:30+01:00,[60],[371.002]
2025-11-11T02:37:29+01:00,[60],[370.962]
2025-11-11T02:37:28+01:00,[60],[371.675]
2025-11-11T02:37:27+01:00,[60],[372.331]
2025-11-11T02:37:26+01:00,[60],[372.413]
2025-11-11T02:37:25+01:00,[60],[372.299]
2025-11-11T02:37:24+01:00,[60],[372.388]
2025-11-11T02:37:23+01:00,[60],[372.139]
2025-11-11T02:37:22+01:00,[60],[371.936]
2025-11-11T02:37:21+01:00,[60],[372.08]
2025-11-11T02:37:20+01:00,[60],[371.935]
2025-11-11T02:37:19+01:00,[60],[372.014]
2025-11-11T02:37:18+01:00,[60],[372.329]
2025-11-11T02:37:17+01:00,[60],[372.194]
2025-11-11T02:37:16+01:00,[60],[372.375]
2025-11-11T02:37:15+01:00,[60],[372.187]
2025-11-11T02:37:14+01:00,[60],[371.929]
2025-11-11T02:37:13+01:00,[60],[372]
2025-11-11T02:37:12+01:00,[60],[372.389]
2025-11-11T02:37:11+01:00,[60],[372.577]
2025-11-11T02:37:10+01:00,[60],[372.215]
2025-11-11T02:37:09+01:00,[60],[371.968]
2025-11-11T02:37:08+01:00,[60],[371.828]
2025-11-11T02:37:07+01:00,[60],[371.77]
2025-11-11T02:37:06+01:00,[60],[371.93]
2025-11-11T02:37:05+01:00,[60],[372.295]
2025-11-11T02:37:04+01:00,[60],[372.35]
2025-11-11T02:37:03+01:00,[60],[371.628]
2025-11-11T02:37:02+01:00,[60],[371.451]
2025-11-11T02:37:01+01:00,[60],[371.924]
2025-11-11T02:37:00+01:00,[60],[372.265]
2025-11-11T02:36:59+01:00,[60],[372.382]
2025-11-11T02:36:58+01:00,[60],[372.004]
2025-11-11T02:36:57+01:00,[60],[371.869]
2025-11-11T02:36:56+01:00,[60],[371.53]
2025-11-11T02:36:55+01:00,[60],[371.491]
2025-11-11T02:36:54+01:00,[60],[371.474]
2025-11-11T02:36:53+01:00,[60],[371.295]
2025-11-11T02:36:52+01:00,[60],[371.257]
2025-11-11T02:36:51+01:00,[60],[371.769]
2025-11-11T02:36:50+01:00,[60],[372.309]
2025-11-11T02:36:49+01:00,[60],[372.502]
2025-11-11T02:36:48+01:00,[60],[372.748]
2025-11-11T02:36:47+01:00,[60],[372.959]
2025-11-11T02:36:46+01:00,[60],[372.952]
2025-11-11T02:36:45+01:00,[60],[372.933]
2025-11-11T02:36:44+01:00,[60],[372.94]
2025-11-11T02:36:43+01:00,[60],[372.755]
2025-11-11T02:36:42+01:00,[60],[373.013]
2025-11-11T02:36:41+01:00,[60],[373.297]
2025-11-11T02:36:40+01:00,[60],[372.776]
2025-11-11T02:36:39+01:00,[60],[372.968]
2025-11-11T02:36:38+01:00,[60],[373.088]
2025-11-11T02:36:37+01:00,[60],[372.999]
2025-11-11T02:36:36+01:00,[60],[372.746]
2025-11-11T02:36:35+01:00,[60],[372.9]
2025-11-11T02:36:34+01:00,[60],[372.958]
2025-11-11T02:36:33+01:00,[60],[373.513]
2025-11-11T02:36:32+01:00,[60],[373.362]
2025-11-11T02:36:31+01:00,[60],[373.557]
2025-11-11T02:36:30+01:00,[60],[373.791]
2025-11-11T02:36:29+01:00,[60],[373.778]
2025-11-11T02:36:28+01:00,[60],[373.3]
2025-11-11T02:36:27+01:00,[60],[373.564]
2025-11-11T02:36:26+01:00,[60],[373.809]
2025-11-11T02:36:25+01:00,[60],[372.918]
2025-11-11T02:36:24+01:00,[60],[373.047]
2025-11-11T02:36:23+01:00,[60],[372.595]
2025-11-11T02:36:22+01:00,[60],[372.623]
2025-11-11T02:36:21+01:00,[60],[372.698]
2025-11-11T02:36:20+01:00,[60],[372.779]
2025-11-11T02:36:19+01:00,[60],[373.066]
2025-11-11T02:36:18+01:00,[60],[372.53]
2025-11-11T02:36:17+01:00,[60],[372.746]
2025-11-11T02:36:16+01:00,[60],[372.571]
2025-11-11T02:36:15+01:00,[60],[372.897]
2025-11-11T02:36:14+01:00,[60],[372.956]
2025-11-11T02:36:13+01:00,[60],[372.57]
2025-11-11T02:36:12+01:00,[60],[372.327]
2025-11-11T02:36:11+01:00,[60],[372.559]
2025-11-11T02:36:10+01:00,[60],[372.578]
2025-11-11T02:36:09+01:00,[60],[371.797]
2025-11-11T02:36:08+01:00,[60],[371.53]
2025-11-11T02:36:07+01:00,[60],[371.976]
2025-11-11T02:36:06+01:00,[60],[373.064]
2025-11-11T02:36:05+01:00,[60],[373.277]
2025-11-11T02:36:04+01:00,[60],[373.287]
2025-11-11T02:36:03+01:00,[60],[373.238]
2025-11-11T02:36:02+01:00,[60],[373.015]
2025-11-11T02:36:01+01:00,[60],[373.094]
2025-11-11T02:36:00+01:00,[60],[372.941]
2025-11-11T02:35:59+01:00,[60],[372.711]
2025-11-11T02:35:58+01:00,[60],[373.119]
2025-11-11T02:35:57+01:00,[60],[373.589]
2025-11-11T02:35:56+01:00,[60],[373.936]
2025-11-11T02:35:55+01:00,[60],[372.948]
2025-11-11T02:35:54+01:00,[60],[373.234]
2025-11-11T02:35:53+01:00,[60],[373.157]
2025-11-11T02:35:52+01:00,[60],[372.779]
2025-11-11T02:35:51+01:00,[60],[372.148]
2025-11-11T02:35:50+01:00,[60],[372.127]
2025-11-11T02:35:49+01:00,[60],[372.219]
2025-11-11T02:35:48+01:00,[60],[372.253]
2025-11-11T02:35:47+01:00,[60],[372.699]
2025-11-11T02:35:46+01:00,[60],[372.907]
2025-11-11T02:35:45+01:00,[60],[372.957]
2025-11-11T02:35:44+01:00,[60],[372.956]
2025-11-11T02:35:43+01:00,[60],[373.149]
2025-11-11T02:35:42+01:00,[60],[373.066]
2025-11-11T02:35:41+01:00,[60],[373.253]
2025-11-11T02:35:40+01:00,[60],[373.16]
2025-11-11T02:35:39+01:00,[60],[373.118]
2025-11-11T02:35:38+01:00,[60],[372.373]
2025-11-11T02:35:37+01:00,[60],[372.332]
2025-11-11T02:35:36+01:00,[60],[372.481]
2025-11-11T02:35:35+01:00,[60],[372.669]
2025-11-11T02:35:34+01:00,[60],[372.773]
2025-11-11T02:35:33+01:00,[60],[372.617]
2025-11-11T02:35:31+01:00,[60],[372.937]
2025-11-11T02:35:30+01:00,[60],[372.764]
2025-11-11T02:35:29+01:00,[60],[372.494]
2025-11-11T02:35:28+01:00,[60],[372.13]
2025-11-11T02:35:27+01:00,[60],[371.982]
2025-11-11T02:35:26+01:00,[60],[371.797]
2025-11-11T02:35:25+01:00,[60],[371.844]
2025-11-11T02:35:24+01:00,[60],[371.746]
2025-11-11T02:35:23+01:00,[60],[371.355]
2025-11-11T02:35:22+01:00,[60],[371.462]
2025-11-11T02:35:21+01:00,[60],[372.089]
2025-11-11T02:35:20+01:00,[60],[372.006]
2025-11-11T02:35:19+01:00,[60],[372.067]
2025-11-11T02:35:18+01:00,[60],[371.655]
2025-11-11T02:35:17+01:00,[60],[371.465]
2025-11-11T02:35:16+01:00,[60],[371.591]
2025-11-11T02:35:15+01:00,[60],[371.922]
2025-11-11T02:35:14+01:00,[60],[371.523]
2025-11-11T02:35:13+01:00,[60],[371.631]
2025-11-11T02:35:12+01:00,[60],[371.416]
2025-11-11T02:35:11+01:00,[60],[371.57]
2025-11-11T02:35:10+01:00,[60],[371.676]
2025-11-11T02:35:09+01:00,[60],[372.2]
2025-11-11T02:35:08+01:00,[60],[372.153]
2025-11-11T02:35:07+01:00,[60],[371.464]
2025-11-11T02:35:06+01:00,[60],[371.155]
2025-11-11T02:35:05+01:00,[60],[371.026]
2025-11-11T02:35:04+01:00,[60],[370.725]
2025-11-11T02:35:03+01:00,[60],[370.694]
2025-11-11T02:35:02+01:00,[60],[370.674]
2025-11-11T02:35:01+01:00,[60],[370.34]
2025-11-11T02:35:00+01:00,[60],[370.31]
2025-11-11T02:34:59+01:00,[60],[370.083]
2025-11-11T02:34:58+01:00,[60],[370.076]
2025-11-11T02:34:57+01:00,[60],[370.046]
2025-11-11T02:34:56+01:00,[60],[369.59]
2025-11-11T02:34:55+01:00,[60],[369.578]
2025-11-11T02:34:54+01:00,[60],[369.661]
2025-11-11T02:34:53+01:00,[60],[369.496]
2025-11-11T02:34:52+01:00,[60],[369.582]
2025-11-11T02:34:51+01:00,[60],[369.859]
2025-11-11T02:34:50+01:00,[60],[370.443]
2025-11-11T02:34:49+01:00,[60],[370.118]
2025-11-11T02:34:48+01:00,[60],[370.059]
2025-11-11T02:34:47+01:00,[60],[369.736]
2025-11-11T02:34:46+01:00,[60],[369.746]
2025-11-11T02:34:45+01:00,[60],[369.682]
2025-11-11T02:34:44+01:00,[60],[369.178]
2025-11-11T02:34:43+01:00,[60],[369.034]
2025-11-11T02:34:42+01:00,[60],[369.121]
2025-11-11T02:34:41+01:00,[60],[369.637]
2025-11-11T02:34:40+01:00,[60],[369.55]
2025-11-11T02:34:39+01:00,[60],[369.057]
2025-11-11T02:34:38+01:00,[60],[368.982]
2025-11-11T02:34:37+01:00,[60],[368.969]
2025-11-11T02:34:36+01:00,[60],[368.682]
2025-11-11T02:34:35+01:00,[60],[368.293]
2025-11-11T02:34:34+01:00,[60],[368.092]
2025-11-11T02:34:33+01:00,[60],[367.895]
2025-11-11T02:34:32+01:00,[60],[367.962]
2025-11-11T02:34:31+01:00,[60],[367.884]
2025-11-11T02:34:30+01:00,[60],[367.733]
2025-11-11T02:34:29+01:00,[60],[367.946]
2025-11-11T02:34:28+01:00,[60],[367.548]
2025-11-11T02:34:27+01:00,[60],[367.334]
2025-11-11T02:34:26+01:00,[60],[367.117]
2025-11-11T02:34:25+01:00,[60],[367.345]
2025-11-11T02:34:24+01:00,[60],[367.652]
2025-11-11T02:34:23+01:00,[60],[367.247]
2025-11-11T02:34:22+01:00,[60],[367.165]
2025-11-11T02:34:21+01:00,[60],[367.083]
2025-11-11T02:34:20+01:00,[60],[367.231]
2025-11-11T02:34:19+01:00,[60],[367.072]
2025-11-11T02:34:18+01:00,[60],[367.194]
2025-11-11T02:34:17+01:00,[60],[367.152]
2025-11-11T02:34:16+01:00,[60],[366.944]
2025-11-11T02:34:15+01:00,[60],[366.797]
2025-11-11T02:34:14+01:00,[60],[366.739]
2025-11-11T02:34:13+01:00,[60],[366.413]
2025-11-11T02:34:12+01:00,[60],[365.878]
2025-11-11T02:34:11+01:00,[60],[365.879]
2025-11-11T02:34:10+01:00,[60],[365.403]
2025-11-11T02:34:09+01:00,[60],[365.195]
2025-11-11T02:34:08+01:00,[60],[365.108]
2025-11-11T02:34:07+01:00,[60],[365.067]
2025-11-11T02:34:06+01:00,[60],[365.421]
2025-11-11T02:34:05+01:00,[60],[365.682]
2025-11-11T02:34:04+01:00,[60],[365.026]
2025-11-11T02:34:03+01:00,[60],[365.256]
2025-11-11T02:34:02+01:00,[60],[365.34]
2025-11-11T02:34:01+01:00,[60],[365.542]
2025-11-11T02:34:00+01:00,[60],[365.214]
2025-11-11T02:33:59+01:00,[60],[365.006]
2025-11-11T02:33:58+01:00,[60],[364.462]
2025-11-11T02:33:57+01:00,[60],[364.294]
2025-11-11T02:33:56+01:00,[60],[364.471]
2025-11-11T02:33:55+01:00,[60],[364.115]
2025-11-11T02:33:54+01:00,[60],[364.183]
2025-11-11T02:33:53+01:00,[60],[363.902]
2025-11-11T02:33:52+01:00,[60],[363.816]
2025-11-11T02:33:51+01:00,[60],[363.903]
2025-11-11T02:33:50+01:00,[60],[363.846]
2025-11-11T02:33:49+01:00,[60],[364.142]
2025-11-11T02:33:48+01:00,[60],[363.873]
2025-11-11T02:33:47+01:00,[60],[364.032]
2025-11-11T02:33:46+01:00,[60],[364.063]
2025-11-11T02:33:45+01:00,[60],[363.875]
2025-11-11T02:33:44+01:00,[60],[364.172]
2025-11-11T02:33:43+01:00,[60],[364.446]
2025-11-11T02:33:42+01:00,[60],[364.655]
2025-11-11T02:33:41+01:00,[60],[363.752]
2025-11-11T02:33:40+01:00,[60],[364.391]
2025-11-11T02:33:39+01:00,[60],[364.457]
2025-11-11T02:33:38+01:00,[60],[364.421]
2025-11-11T02:33:37+01:00,[60],[365.465]
2025-11-11T02:33:36+01:00,[60],[365.601]
2025-11-11T02:33:35+01:00,[60],[364.917]
2025-11-11T02:33:34+01:00,[60],[364.869]
2025-11-11T02:33:33+01:00,[60],[364.898]
2025-11-11T02:33:32+01:00,[60],[364.573]
2025-11-11T02:33:31+01:00,[60],[364.331]
2025-11-11T02:33:30+01:00,[60],[364.903]
2025-11-11T02:33:29+01:00,[60],[365.182]
2025-11-11T02:33:28+01:00,[60],[365.14]
2025-11-11T02:33:27+01:00,[60],[365.235]
2025-11-11T02:33:25+01:00,[60],[365.092]
2025-11-11T02:33:24+01:00,[60],[365.346]
2025-11-11T02:33:23+01:00,[60],[365.737]
2025-11-11T02:33:22+01:00,[60],[365.571]
2025-11-11T02:33:21+01:00,[60],[365.871]
2025-11-11T02:33:20+01:00,[60],[365.992]
2025-11-11T02:33:19+01:00,[60],[366.167]
2025-11-11T02:33:18+01:00,[60],[365.956]
2025-11-11T02:33:17+01:00,[60],[366.301]
2025-11-11T02:33:16+01:00,[60],[366.644]
2025-11-11T02:33:15+01:00,[60],[366.182]
2025-11-11T02:33:14+01:00,[60],[366.617]
2025-11-11T02:33:13+01:00,[60],[366.722]
2025-11-11T02:33:12+01:00,[60],[365.999]
2025-11-11T02:33:11+01:00,[60],[366.077]
2025-11-11T02:33:10+01:00,[60],[365.901]
2025-11-11T02:33:09+01:00,[60],[366.392]
2025-11-11T02:33:08+01:00,[60],[366.729]
2025-11-11T02:33:07+01:00,[60],[367.238]
2025-11-11T02:33:06+01:00,[60],[367.498]
2025-11-11T02:33:05+01:00,[60],[367.315]
2025-11-11T02:33:04+01:00,[60],[367.234]
2025-11-11T02:33:03+01:00,[60],[367.16]
2025-11-11T02:33:02+01:00,[60],[367.031]
2025-11-11T02:33:01+01:00,[60],[367.294]
2025-11-11T02:33:00+01:00,[60],[367.716]
2025-11-11T02:32:59+01:00,[60],[367.416]
2025-11-11T02:32:58+01:00,[60],[367.642]
2025-11-11T02:32:57+01:00,[60],[367.84]
2025-11-11T02:32:56+01:00,[60],[367.341]
2025-11-11T02:32:55+01:00,[60],[366.956]
2025-11-11T02:32:54+01:00,[60],[367.039]
2025-11-11T02:32:53+01:00,[60],[367.363]
2025-11-11T02:32:52+01:00,[60],[367.131]
2025-11-11T02:32:51+01:00,[60],[367.082]
2025-11-11T02:32:50+01:00,[60],[367.353]
2025-11-11T02:32:49+01:00,[60],[368.172]
2025-11-11T02:32:48+01:00,[60],[368.367]
2025-11-11T02:32:47+01:00,[60],[368.098]
2025-11-11T02:32:46+01:00,[60],[368.476]
2025-11-11T02:32:45+01:00,[60],[367.817]
2025-11-11T02:32:44+01:00,[60],[367.907]
2025-11-11T02:32:43+01:00,[60],[367.908]
2025-11-11T02:32:42+01:00,[60],[368.001]
2025-11-11T02:32:41+01:00,[60],[368.049]
2025-11-11T02:32:40+01:00,[60],[367.892]
2025-11-11T02:32:39+01:00,[60],[367.757]
2025-11-11T02:32:38+01:00,[60],[367.867]
2025-11-11T02:32:37+01:00,[60],[367.888]
2025-11-11T02:32:36+01:00,[60],[367.958]
2025-11-11T02:32:35+01:00,[60],[368.411]
2025-11-11T02:32:34+01:00,[60],[368.008]
2025-11-11T02:32:33+01:00,[60],[368.165]
2025-11-11T02:32:32+01:00,[60],[367.872]
2025-11-11T02:32:31+01:00,[60],[367.92]
2025-11-11T02:32:30+01:00,[60],[368.558]
2025-11-11T02:32:29+01:00,[60],[368.523]
2025-11-11T02:32:28+01:00,[60],[368.764]
2025-11-11T02:32:27+01:00,[60],[368.444]
2025-11-11T02:32:26+01:00,[60],[368.236]
2025-11-11T02:32:25+01:00,[60],[368.297]
2025-11-11T02:32:24+01:00,[60],[368.41]
2025-11-11T02:32:23+01:00,[60],[368.504]
2025-11-11T02:32:22+01:00,[60],[368.559]
2025-11-11T02:32:21+01:00,[60],[368.39]
2025-11-11T02:32:20+01:00,[60],[368.041]
2025-11-11T02:32:19+01:00,[60],[367.781]
2025-11-11T02:32:18+01:00,[60],[367.86]
2025-11-11T02:32:17+01:00,[60],[367.556]
2025-11-11T02:32:16+01:00,[60],[367.009]
2025-11-11T02:32:15+01:00,[60],[366.46]
2025-11-11T02:32:14+01:00,[60],[366.441]
2025-11-11T02:32:13+01:00,[60],[366.613]
2025-11-11T02:32:12+01:00,[60],[366.822]
2025-11-11T02:32:11+01:00,[60],[366.876]
2025-11-11T02:32:10+01:00,[60],[366.704]
2025-11-11T02:32:09+01:00,[60],[365.781]
2025-11-11T02:32:08+01:00,[60],[365.529]
2025-11-11T02:32:07+01:00,[60],[365.881]
2025-11-11T02:32:06+01:00,[60],[366.45]
2025-11-11T02:32:05+01:00,[60],[366.045]
2025-11-11T02:32:04+01:00,[60],[366.086]
2025-11-11T02:32:03+01:00,[60],[366.208]
2025-11-11T02:32:02+01:00,[60],[365.953]
2025-11-11T02:32:01+01:00,[60],[366.195]
2025-11-11T02:32:00+01:00,[60],[365.927]
2025-11-11T02:31:59+01:00,[60],[365.795]
2025-11-11T02:31:58+01:00,[60],[365.775]
2025-11-11T02:31:57+01:00,[60],[365.381]
2025-11-11T02:31:56+01:00,[60],[365.732]
2025-11-11T02:31:55+01:00,[60],[366.222]
2025-11-11T02:31:54+01:00,[60],[365.736]
2025-11-11T02:31:53+01:00,[60],[365.623]
2025-11-11T02:31:52+01:00,[60],[365.749]
2025-11-11T02:31:51+01:00,[60],[365.773]
2025-11-11T02:31:50+01:00,[60],[365.62]
2025-11-11T02:31:49+01:00,[60],[365.475]
2025-11-11T02:31:48+01:00,[60],[365.559]
2025-11-11T02:31:47+01:00,[60],[365.399]
2025-11-11T02:31:46+01:00,[60],[365.487]
2025-11-11T02:31:45+01:00,[60],[365.566]
2025-11-11T02:31:44+01:00,[60],[365.088]
2025-11-11T02:31:43+01:00,[60],[365.018]
2025-11-11T02:31:42+01:00,[60],[365.155]
2025-11-11T02:31:41+01:00,[60],[365.372]
2025-11-11T02:31:40+01:00,[60],[365.515]
2025-11-11T02:31:39+01:00,[60],[365.502]
2025-11-11T02:31:38+01:00,[60],[365.51]
2025-11-11T02:31:37+01:00,[60],[365.331]
2025-11-11T02:31:36+01:00,[60],[365.586]
2025-11-11T02:31:35+01:00,[60],[365.572]
2025-11-11T02:31:34+01:00,[60],[365.473]
2025-11-11T02:31:33+01:00,[60],[365.366]
2025-11-11T02:31:32+01:00,[60],[366.27]
2025-11-11T02:31:31+01:00,[60],[365.82]
2025-11-11T02:31:30+01:00,[60],[365.619]
2025-11-11T02:31:29+01:00,[60],[365.295]
2025-11-11T02:31:28+01:00,[60],[365.524]
2025-11-11T02:31:27+01:00,[60],[365.426]
2025-11-11T02:31:26+01:00,[60],[364.664]
2025-11-11T02:31:25+01:00,[60],[365.164]
2025-11-11T02:31:24+01:00,[60],[365.337]
2025-11-11T02:31:23+01:00,[60],[364.744]
2025-11-11T02:31:22+01:00,[60],[365.068]
2025-11-11T02:31:21+01:00,[60],[365.542]
2025-11-11T02:31:19+01:00,[60],[365.207]
2025-11-11T02:31:18+01:00,[60],[364.661]
2025-11-11T02:31:17+01:00,[60],[365.022]
2025-11-11T02:31:16+01:00,[60],[364.429]
2025-11-11T02:31:15+01:00,[60],[364.459]
2025-11-11T02:31:14+01:00,[60],[363.928]
2025-11-11T02:31:13+01:00,[60],[363.982]
2025-11-11T02:31:12+01:00,[60],[363.612]
2025-11-11T02:31:11+01:00,[60],[363.557]
2025-11-11T02:31:10+01:00,[60],[363.983]
2025-11-11T02:31:09+01:00,[60],[364.469]
2025-11-11T02:31:08+01:00,[60],[364.042]
2025-11-11T02:31:07+01:00,[60],[363.254]
2025-11-11T02:31:06+01:00,[60],[363.551]
2025-11-11T02:31:05+01:00,[60],[363.519]
2025-11-11T02:31:04+01:00,[60],[363.751]
2025-11-11T02:31:03+01:00,[60],[363.765]
2025-11-11T02:31:02+01:00,[60],[363.988]
2025-11-11T02:31:01+01:00,[60],[363.01]
2025-11-11T02:31:00+01:00,[60],[362.88]
2025-11-11T02:30:59+01:00,[60],[363.188]
2025-11-11T02:30:58+01:00,[60],[363.128]
2025-11-11T02:30:57+01:00,[60],[362.094]
2025-11-11T02:30:56+01:00,[60],[362.219]
2025-11-11T02:30:55+01:00,[60],[362.855]
2025-11-11T02:30:54+01:00,[60],[362.9]
2025-11-11T02:30:53+01:00,[60],[362.832]
2025-11-11T02:30:52+01:00,[60],[362.732]
2025-11-11T02:30:51+01:00,[60],[362.639]
2025-11-11T02:30:50+01:00,[60],[362.888]
2025-11-11T02:30:49+01:00,[60],[362.893]
2025-11-11T02:30:48+01:00,[60],[362.466]
2025-11-11T02:30:47+01:00,[60],[362.888]
2025-11-11T02:30:46+01:00,[60],[362.774]
2025-11-11T02:30:45+01:00,[60],[363.21]
2025-11-11T02:30:44+01:00,[60],[363.259]
2025-11-11T02:30:43+01:00,[60],[363.478]
2025-11-11T02:30:42+01:00,[60],[363.655]
2025-11-11T02:30:41+01:00,[60],[363.685]
2025-11-11T02:30:40+01:00,[60],[364.225]
2025-11-11T02:30:39+01:00,[60],[364.108]
2025-11-11T02:30:38+01:00,[60],[363.832]
2025-11-11T02:30:37+01:00,[60],[363.74]
2025-11-11T02:30:36+01:00,[60],[363.683]
2025-11-11T02:30:35+01:00,[60],[363.846]
2025-11-11T02:30:34+01:00,[60],[363.555]
2025-11-11T02:30:33+01:00,[60],[364.227]
2025-11-11T02:30:32+01:00,[60],[363.464]
2025-11-11T02:30:31+01:00,[60],[363.318]
2025-11-11T02:30:30+01:00,[60],[363.506]
2025-11-11T02:30:29+01:00,[60],[364.264]
2025-11-11T02:30:28+01:00,[60],[364.524]
2025-11-11T02:30:27+01:00,[60],[363.984]
2025-11-11T02:30:26+01:00,[60],[363.96]
2025-11-11T02:30:25+01:00,[60],[363.744]
2025-11-11T02:30:24+01:00,[60],[363.763]
2025-11-11T02:30:23+01:00,[60],[364.288]
2025-11-11T02:30:22+01:00,[60],[364.393]
2025-11-11T02:30:21+01:00,[60],[364.233]
2025-11-11T02:30:20+01:00,[60],[363.731]
2025-11-11T02:30:19+01:00,[60],[364.064]
2025-11-11T02:30:18+01:00,[60],[364.132]
2025-11-11T02:30:17+01:00,[60],[363.489]
2025-11-11T02:30:16+01:00,[60],[363.413]
2025-11-11T02:30:15+01:00,[60],[363.502]
2025-11-11T02:30:14+01:00,[60],[363.451]
2025-11-11T02:30:13+01:00,[60],[363.735]
2025-11-11T02:30:12+01:00,[60],[363.405]
2025-11-11T02:30:11+01:00,[60],[363.797]
2025-11-11T02:30:10+01:00,[60],[364.386]
2025-11-11T02:30:09+01:00,[60],[363.938]
2025-11-11T02:30:08+01:00,[60],[363.818]
2025-11-11T02:30:07+01:00,[60],[364.122]
2025-11-11T02:30:06+01:00,[60],[363.331]
2025-11-11T02:30:05+01:00,[60],[363.707]
2025-11-11T02:30:04+01:00,[60],[364.138]
2025-11-11T02:30:03+01:00,[60],[363.981]
2025-11-11T02:30:02+01:00,[60],[363.899]
2025-11-11T02:30:01+01:00,[60],[364.161]
2025-11-11T02:30:00+01:00,[60],[363.799]
2025-11-11T02:29:59+01:00,[60],[364.362]
2025-11-11T02:29:58+01:00,[60],[364.073]
2025-11-11T02:29:57+01:00,[60],[363.606]
2025-11-11T02:29:56+01:00,[60],[364.416]
2025-11-11T02:29:55+01:00,[60],[364.191]
2025-11-11T02:29:54+01:00,[60],[364.138]
2025-11-11T02:29:53+01:00,[60],[363.723]
2025-11-11T02:29:52+01:00,[60],[363.394]
2025-11-11T02:29:51+01:00,[60],[363.515]
2025-11-11T02:29:50+01:00,[60],[364.489]
2025-11-11T02:29:49+01:00,[60],[363.931]
2025-11-11T02:29:48+01:00,[60],[363.293]
2025-11-11T02:29:47+01:00,[60],[363.362]
2025-11-11T02:29:46+01:00,[60],[362.207]
2025-11-11T02:29:45+01:00,[60],[362.692]
2025-11-11T02:29:44+01:00,[60],[362.525]
2025-11-11T02:29:43+01:00,[60],[362.469]
2025-11-11T02:29:42+01:00,[60],[362.166]
2025-11-11T02:29:41+01:00,[60],[361.966]
2025-11-11T02:29:40+01:00,[60],[361.83]
2025-11-11T02:29:39+01:00,[60],[361.744]
2025-11-11T02:29:38+01:00,[60],[361.453]
2025-11-11T02:29:37+01:00,[60],[360.887]
2025-11-11T02:29:36+01:00,[60],[361.158]
2025-11-11T02:29:35+01:00,[60],[361.096]
2025-11-11T02:29:34+01:00,[60],[360.529]
2025-11-11T02:29:33+01:00,[60],[361.347]
2025-11-11T02:29:32+01:00,[60],[361.485]
2025-11-11T02:29:31+01:00,[60],[361.271]
2025-11-11T02:29:30+01:00,[60],[360.838]
2025-11-11T02:29:29+01:00,[60],[360.541]
2025-11-11T02:29:28+01:00,[60],[360.175]
2025-11-11T02:29:27+01:00,[60],[360.574]
2025-11-11T02:29:26+01:00,[60],[360.333]
2025-11-11T02:29:25+01:00,[60],[360.236]
2025-11-11T02:29:24+01:00,[60],[360.155]
2025-11-11T02:29:23+01:00,[60],[360.27]
2025-11-11T02:29:22+01:00,[60],[360.233]
2025-11-11T02:29:21+01:00,[60],[359.837]
2025-11-11T02:29:20+01:00,[60],[359.5]
2025-11-11T02:29:19+01:00,[60],[358.902]
2025-11-11T02:29:18+01:00,[60],[358.513]
2025-11-11T02:29:17+01:00,[60],[358.631]
2025-11-11T02:29:16+01:00,[60],[358.625]
2025-11-11T02:29:15+01:00,[60],[358.994]
2025-11-11T02:29:13+01:00,[60],[358.812]
2025-11-11T02:29:12+01:00,[60],[358.637]
2025-11-11T02:29:11+01:00,[60],[358.177]
2025-11-11T02:29:10+01:00,[60],[358.283]
2025-11-11T02:29:09+01:00,[60],[358.632]
2025-11-11T02:29:08+01:00,[60],[358.093]
2025-11-11T02:29:07+01:00,[60],[357.274]
2025-11-11T02:29:06+01:00,[60],[357.034]
2025-11-11T02:29:05+01:00,[60],[357.623]
2025-11-11T02:29:04+01:00,[60],[357.553]
2025-11-11T02:29:03+01:00,[60],[357.342]
2025-11-11T02:29:02+01:00,[60],[357.136]
2025-11-11T02:29:01+01:00,[60],[356.844]
2025-11-11T02:29:00+01:00,[60],[356.833]
2025-11-11T02:28:59+01:00,[60],[356.568]
2025-11-11T02:28:58+01:00,[60],[356.357]
2025-11-11T02:28:57+01:00,[60],[355.662]
2025-11-11T02:28:56+01:00,[60],[356.435]
2025-11-11T02:28:55+01:00,[60],[356.164]
2025-11-11T02:28:54+01:00,[60],[356.503]
2025-11-11T02:28:53+01:00,[60],[356.31]
2025-11-11T02:28:52+01:00,[60],[355.753]
2025-11-11T02:28:51+01:00,[60],[355.455]
2025-11-11T02:28:50+01:00,[60],[355.965]
2025-11-11T02:28:49+01:00,[60],[356.251]
2025-11-11T02:28:48+01:00,[60],[356.018]
2025-11-11T02:28:47+01:00,[60],[356.141]
2025-11-11T02:28:46+01:00,[60],[356.122]
2025-11-11T02:28:45+01:00,[60],[355.589]
2025-11-11T02:28:44+01:00,[60],[355.42]
2025-11-11T02:28:43+01:00,[60],[356.069]
2025-11-11T02:28:42+01:00,[60],[356.279]
2025-11-11T02:28:41+01:00,[60],[356.042]
2025-11-11T02:28:40+01:00,[60],[355.857]
2025-11-11T02:28:39+01:00,[60],[355.71]
2025-11-11T02:28:38+01:00,[60],[355.905]
2025-11-11T02:28:37+01:00,[60],[355.296]
2025-11-11T02:28:36+01:00,[60],[354.879]
2025-11-11T02:28:35+01:00,[60],[354.654]
2025-11-11T02:28:34+01:00,[60],[354.427]
2025-11-11T02:28:33+01:00,[60],[354.454]
2025-11-11T02:28:32+01:00,[60],[354.727]
2025-11-11T02:28:31+01:00,[60],[354.451]
2025-11-11T02:28:30+01:00,[60],[355.175]
2025-11-11T02:28:29+01:00,[60],[354.486]
2025-11-11T02:28:28+01:00,[60],[353.827]
2025-11-11T02:28:27+01:00,[60],[353.097]
2025-11-11T02:28:26+01:00,[60],[353.099]
2025-11-11T02:28:25+01:00,[60],[352.905]
2025-11-11T02:28:24+01:00,[60],[353.379]
2025-11-11T02:28:23+01:00,[60],[352.467]
2025-11-11T02:28:22+01:00,[60],[352.313]
2025-11-11T02:28:21+01:00,[60],[352.089]
2025-11-11T02:28:20+01:00,[60],[352.827]
2025-11-11T02:28:19+01:00,[60],[351.876]
2025-11-11T02:28:18+01:00,[60],[352.123]
2025-11-11T02:28:17+01:00,[60],[351.434]
2025-11-11T02:28:16+01:00,[60],[351.18]
2025-11-11T02:28:15+01:00,[60],[350.38]
2025-11-11T02:28:14+01:00,[60],[350.211]
2025-11-11T02:28:13+01:00,[60],[351.256]
2025-11-11T02:28:12+01:00,[60],[351.628]
2025-11-11T02:28:11+01:00,[60],[351.593]
2025-11-11T02:28:10+01:00,[60],[350.881]
2025-11-11T02:28:09+01:00,[60],[350.903]
2025-11-11T02:28:08+01:00,[60],[350.824]
2025-11-11T02:28:07+01:00,[60],[350.582]
2025-11-11T02:28:06+01:00,[60],[349.956]
2025-11-11T02:28:05+01:00,[60],[349.411]
2025-11-11T02:28:04+01:00,[60],[349.837]
2025-11-11T02:28:03+01:00,[60],[349.809]
2025-11-11T02:28:02+01:00,[60],[349.391]
2025-11-11T02:28:01+01:00,[60],[349.387]
2025-11-11T02:28:00+01:00,[60],[349.38]
2025-11-11T02:27:59+01:00,[60],[349.702]
2025-11-11T02:27:58+01:00,[60],[349.232]
2025-11-11T02:27:57+01:00,[60],[348.438]
2025-11-11T02:27:56+01:00,[60],[348.732]
2025-11-11T02:27:55+01:00,[60],[349.448]
2025-11-11T02:27:54+01:00,[60],[349.089]
2025-11-11T02:27:53+01:00,[60],[348.878]
2025-11-11T02:27:52+01:00,[60],[348.861]
2025-11-11T02:27:51+01:00,[60],[348.924]
2025-11-11T02:27:50+01:00,[60],[348.643]
2025-11-11T02:27:49+01:00,[60],[347.915]
2025-11-11T02:27:48+01:00,[60],[347.146]
2025-11-11T02:27:47+01:00,[60],[346.858]
2025-11-11T02:27:46+01:00,[60],[347.001]
2025-11-11T02:27:45+01:00,[60],[347.585]
2025-11-11T02:27:44+01:00,[60],[347.231]
2025-11-11T02:27:43+01:00,[60],[346.428]
2025-11-11T02:27:42+01:00,[60],[346.456]
2025-11-11T02:27:41+01:00,[60],[346.365]
2025-11-11T02:27:40+01:00,[60],[346.403]
2025-11-11T02:27:39+01:00,[60],[346.222]
2025-11-11T02:27:38+01:00,[60],[346.04]
2025-11-11T02:27:37+01:00,[60],[346.588]
2025-11-11T02:27:36+01:00,[60],[346.226]
2025-11-11T02:27:35+01:00,[60],[345.928]
2025-11-11T02:27:34+01:00,[60],[345.922]
2025-11-11T02:27:33+01:00,[60],[345.992]
2025-11-11T02:27:32+01:00,[60],[346.223]
2025-11-11T02:27:31+01:00,[60],[346.112]
2025-11-11T02:27:30+01:00,[60],[345.478]
2025-11-11T02:27:29+01:00,[60],[345.398]
2025-11-11T02:27:28+01:00,[60],[344.896]
2025-11-11T02:27:27+01:00,[60],[345.466]
2025-11-11T02:27:26+01:00,[60],[345.833]
2025-11-11T02:27:25+01:00,[60],[345.269]
2025-11-11T02:27:24+01:00,[60],[345.443]
2025-11-11T02:27:23+01:00,[60],[344.909]
2025-11-11T02:27:22+01:00,[60],[344.816]
2025-11-11T02:27:21+01:00,[60],[344.18]
2025-11-11T02:27:20+01:00,[60],[344.397]
2025-11-11T02:27:19+01:00,[60],[344.317]
2025-11-11T02:27:18+01:00,[60],[344.136]
2025-11-11T02:27:17+01:00,[60],[344.561]
2025-11-11T02:27:16+01:00,[60],[344.118]
2025-11-11T02:27:15+01:00,[60],[343.788]
2025-11-11T02:27:14+01:00,[60],[344.191]
2025-11-11T02:27:13+01:00,[60],[343.849]
2025-11-11T02:27:12+01:00,[60],[343.781]
2025-11-11T02:27:11+01:00,[60],[343.344]
2025-11-11T02:27:10+01:00,[60],[343.116]
2025-11-11T02:27:09+01:00,[60],[343.027]
2025-11-11T02:27:08+01:00,[60],[343.248]
2025-11-11T02:27:07+01:00,[60],[343.602]
2025-11-11T02:27:06+01:00,[60],[343.319]
2025-11-11T02:27:05+01:00,[60],[342.981]
2025-11-11T02:27:04+01:00,[60],[342.922]
2025-11-11T02:27:03+01:00,[60],[342.672]
2025-11-11T02:27:02+01:00,[60],[343.584]
2025-11-11T02:27:01+01:00,[60],[343.764]
2025-11-11T02:27:00+01:00,[60],[343.875]
2025-11-11T02:26:59+01:00,[60],[343.646]
2025-11-11T02:26:58+01:00,[60],[342.701]
2025-11-11T02:26:57+01:00,[60],[342.755]
2025-11-11T02:26:56+01:00,[60],[342.589]
2025-11-11T02:26:55+01:00,[60],[342.355]
2025-11-11T02:26:54+01:00,[60],[342.522]
2025-11-11T02:26:53+01:00,[60],[342.581]
2025-11-11T02:26:52+01:00,[60],[342.819]
2025-11-11T02:26:51+01:00,[60],[343.178]
2025-11-11T02:26:50+01:00,[60],[342.961]
2025-11-11T02:26:49+01:00,[60],[342.644]
2025-11-11T02:26:48+01:00,[60],[343.22]
2025-11-11T02:26:47+01:00,[60],[343.046]
2025-11-11T02:26:46+01:00,[60],[342.65]
2025-11-11T02:26:45+01:00,[60],[342.696]
2025-11-11T02:26:44+01:00,[60],[342.466]
2025-11-11T02:26:43+01:00,[60],[342.289]
2025-11-11T02:26:42+01:00,[60],[341.72]
2025-11-11T02:26:41+01:00,[60],[341.708]
2025-11-11T02:26:40+01:00,[60],[342.417]
2025-11-11T02:26:39+01:00,[60],[341.783]
2025-11-11T02:26:38+01:00,[60],[342.807]
2025-11-11T02:26:37+01:00,[60],[342.728]
2025-11-11T02:26:36+01:00,[60],[342.3]
2025-11-11T02:26:35+01:00,[60],[342.578]
2025-11-11T02:26:34+01:00,[60],[342.074]
2025-11-11T02:26:33+01:00,[60],[341.965]
2025-11-11T02:26:32+01:00,[60],[341.978]
2025-11-11T02:26:31+01:00,[60],[342.693]
2025-11-11T02:26:30+01:00,[60],[341.644]
2025-11-11T02:26:29+01:00,[60],[341.467]
2025-11-11T02:26:28+01:00,[60],[341.916]
2025-11-11T02:26:27+01:00,[60],[342.397]
2025-11-11T02:26:26+01:00,[60],[342.018]
2025-11-11T02:26:25+01:00,[60],[342.792]
2025-11-11T02:26:24+01:00,[60],[342.615]
2025-11-11T02:26:23+01:00,[60],[342.585]
2025-11-11T02:26:22+01:00,[60],[342.399]
2025-11-11T02:26:21+01:00,[60],[342.499]
2025-11-11T02:26:20+01:00,[60],[342.047]
2025-11-11T02:26:19+01:00,[60],[341.406]
2025-11-11T02:26:18+01:00,[60],[340.868]
2025-11-11T02:26:17+01:00,[60],[340.211]
2025-11-11T02:26:16+01:00,[60],[340.025]
2025-11-11T02:26:15+01:00,[60],[340.174]
2025-11-11T02:26:14+01:00,[60],[339.883]
2025-11-11T02:26:13+01:00,[60],[339.825]
2025-11-11T02:26:12+01:00,[60],[339.961]
2025-11-11T02:26:11+01:00,[60],[339.748]
2025-11-11T02:26:10+01:00,[60],[339.634]
2025-11-11T02:26:09+01:00,[60],[338.953]
2025-11-11T02:26:08+01:00,[60],[338.545]
2025-11-11T02:26:07+01:00,[60],[338.822]
2025-11-11T02:26:06+01:00,[60],[338.488]
2025-11-11T02:26:05+01:00,[60],[338.692]
2025-11-11T02:26:04+01:00,[60],[338.118]
2025-11-11T02:26:03+01:00,[60],[337.708]
2025-11-11T02:26:02+01:00,[60],[337.35]
2025-11-11T02:26:01+01:00,[60],[336.72]
2025-11-11T02:26:00+01:00,[60],[336.803]
2025-11-11T02:25:59+01:00,[60],[337.222]
2025-11-11T02:25:58+01:00,[60],[337.082]
2025-11-11T02:25:57+01:00,[60],[336.966]
2025-11-11T02:25:56+01:00,[60],[335.992]
2025-11-11T02:25:55+01:00,[60],[336.112]
2025-11-11T02:25:54+01:00,[60],[336.165]
2025-11-11T02:25:53+01:00,[60],[336.65]
2025-11-11T02:25:52+01:00,[60],[336.329]
2025-11-11T02:25:51+01:00,[60],[335.969]
2025-11-11T02:25:50+01:00,[60],[335.66]
2025-11-11T02:25:49+01:00,[60],[335.398]
2025-11-11T02:25:48+01:00,[60],[335.594]
2025-11-11T02:25:47+01:00,[60],[335.845]
2025-11-11T02:25:46+01:00,[60],[336.688]
2025-11-11T02:25:45+01:00,[60],[337.692]
2025-11-11T02:25:44+01:00,[60],[337.448]
2025-11-11T02:25:43+01:00,[60],[335.952]
2025-11-11T02:25:42+01:00,[60],[334.583]
2025-11-11T02:25:41+01:00,[60],[333.889]
2025-11-11T02:25:40+01:00,[60],[333.154]
2025-11-11T02:25:39+01:00,[60],[332.202]
2025-11-11T02:25:38+01:00,[60],[332.485]
2025-11-11T02:25:37+01:00,[60],[333.12]
2025-11-11T02:25:36+01:00,[60],[333.521]
2025-11-11T02:25:35+01:00,[60],[333.176]
2025-11-11T02:25:34+01:00,[60],[331.698]
2025-11-11T02:25:33+01:00,[60],[331.75]
2025-11-11T02:25:32+01:00,[60],[331.709]
2025-11-11T02:25:31+01:00,[60],[331.382]
2025-11-11T02:25:30+01:00,[60],[332.28]
2025-11-11T02:25:29+01:00,[60],[332.314]
2025-11-11T02:25:28+01:00,[60],[332.062]
2025-11-11T02:25:27+01:00,[60],[331.618]
2025-11-11T02:25:26+01:00,[60],[331.142]
2025-11-11T02:25:25+01:00,[60],[330.869]
2025-11-11T02:25:24+01:00,[60],[331.215]
2025-11-11T02:25:23+01:00,[60],[331.213]
2025-11-11T02:25:22+01:00,[60],[331.545]
2025-11-11T02:25:21+01:00,[60],[330.947]
2025-11-11T02:25:20+01:00,[60],[330.994]
2025-11-11T02:25:19+01:00,[60],[331.341]
2025-11-11T02:25:18+01:00,[60],[331.267]
2025-11-11T02:25:17+01:00,[60],[331.003]
2025-11-11T02:25:16+01:00,[60],[331.254]
2025-11-11T02:25:15+01:00,[60],[331.07]
2025-11-11T02:25:14+01:00,[60],[331.293]
2025-11-11T02:25:13+01:00,[60],[331.746]
2025-11-11T02:25:12+01:00,[60],[331.358]
2025-11-11T02:25:11+01:00,[60],[331.206]
2025-11-11T02:25:10+01:00,[60],[331.119]
2025-11-11T02:25:09+01:00,[60],[331.9]
2025-11-11T02:25:08+01:00,[60],[331.975]
2025-11-11T02:25:07+01:00,[60],[332.76]
2025-11-11T02:25:06+01:00,[60],[332.298]
2025-11-11T02:25:05+01:00,[60],[332.314]
2025-11-11T02:25:04+01:00,[60],[331.617]
2025-11-11T02:25:03+01:00,[60],[331.765]
2025-11-11T02:25:02+01:00,[60],[332.849]
2025-11-11T02:25:01+01:00,[60],[333.052]
2025-11-11T02:25:00+01:00,[60],[332.592]
2025-11-11T02:24:59+01:00,[60],[333.067]
2025-11-11T02:24:58+01:00,[60],[333.624]
2025-11-11T02:24:57+01:00,[60],[333.209]
2025-11-11T02:24:56+01:00,[60],[332.578]
2025-11-11T02:24:55+01:00,[60],[332.709]
2025-11-11T02:24:54+01:00,[60],[332.929]
2025-11-11T02:24:53+01:00,[60],[333.167]
2025-11-11T02:24:52+01:00,[60],[333.381]
2025-11-11T02:24:51+01:00,[60],[332.954]
2025-11-11T02:24:50+01:00,[60],[332.321]
2025-11-11T02:24:49+01:00,[60],[332.047]
2025-11-11T02:24:48+01:00,[60],[332.206]
2025-11-11T02:24:47+01:00,[60],[332.407]
2025-11-11T02:24:46+01:00,[60],[332.199]
2025-11-11T02:24:45+01:00,[60],[332.165]
2025-11-11T02:24:44+01:00,[60],[332.471]
2025-11-11T02:24:43+01:00,[60],[332.1]
2025-11-11T02:24:42+01:00,[60],[332.086]
2025-11-11T02:24:41+01:00,[60],[333.401]
2025-11-11T02:24:40+01:00,[60],[333.843]
2025-11-11T02:24:39+01:00,[60],[334.262]
2025-11-11T02:24:38+01:00,[60],[333.755]
2025-11-11T02:24:37+01:00,[60],[334.698]
2025-11-11T02:24:36+01:00,[60],[334.654]
2025-11-11T02:24:35+01:00,[60],[335.392]
2025-11-11T02:24:34+01:00,[60],[335.66]
2025-11-11T02:24:33+01:00,[60],[335.343]
2025-11-11T02:24:32+01:00,[60],[335.609]
2025-11-11T02:24:31+01:00,[60],[335.691]
2025-11-11T02:24:30+01:00,[60],[334.388]
2025-11-11T02:24:29+01:00,[60],[335.009]
2025-11-11T02:24:28+01:00,[60],[335.89]
2025-11-11T02:24:27+01:00,[60],[336.689]
2025-11-11T02:24:26+01:00,[60],[337.428]
2025-11-11T02:24:25+01:00,[60],[337.668]
2025-11-11T02:24:24+01:00,[60],[337.239]
2025-11-11T02:24:23+01:00,[60],[336.325]
2025-11-11T02:24:22+01:00,[60],[336.098]
2025-11-11T02:24:21+01:00,[60],[336.158]
2025-11-11T02:24:20+01:00,[60],[336.277]
2025-11-11T02:24:19+01:00,[60],[336.221]
2025-11-11T02:24:18+01:00,[60],[336.324]
2025-11-11T02:24:17+01:00,[60],[336.172]
2025-11-11T02:24:16+01:00,[60],[336.494]
2025-11-11T02:24:15+01:00,[60],[337.006]
2025-11-11T02:24:14+01:00,[60],[336.662]
2025-11-11T02:24:13+01:00,[60],[335.797]
2025-11-11T02:24:12+01:00,[60],[335.778]
2025-11-11T02:24:11+01:00,[60],[336.326]
2025-11-11T02:24:10+01:00,[60],[336.442]
2025-11-11T02:24:09+01:00,[60],[336.402]
2025-11-11T02:24:08+01:00,[60],[336.628]
2025-11-11T02:24:07+01:00,[60],[336.383]
2025-11-11T02:24:06+01:00,[60],[336.349]
2025-11-11T02:24:05+01:00,[60],[336.012]
2025-11-11T02:24:04+01:00,[60],[336.079]
2025-11-11T02:24:03+01:00,[60],[335.962]
2025-11-11T02:24:02+01:00,[60],[335.871]
2025-11-11T02:24:01+01:00,[60],[335.812]
2025-11-11T02:24:00+01:00,[60],[336.137]
2025-11-11T02:23:59+01:00,[60],[336.329]
2025-11-11T02:23:58+01:00,[60],[336.185]
2025-11-11T02:23:57+01:00,[60],[336.391]
2025-11-11T02:23:56+01:00,[60],[336.781]
2025-11-11T02:23:55+01:00,[60],[336.386]
2025-11-11T02:23:54+01:00,[60],[336.33]
2025-11-11T02:23:53+01:00,[60],[336.787]
2025-11-11T02:23:52+01:00,[60],[337.235]
2025-11-11T02:23:51+01:00,[60],[337.148]
2025-11-11T02:23:50+01:00,[60],[336.976]
2025-11-11T02:23:49+01:00,[60],[336.808]
2025-11-11T02:23:48+01:00,[60],[336.82]
2025-11-11T02:23:47+01:00,[60],[336.077]
2025-11-11T02:23:46+01:00,[60],[335.975]
2025-11-11T02:23:45+01:00,[60],[336.152]
2025-11-11T02:23:44+01:00,[60],[335.915]
2025-11-11T02:23:43+01:00,[60],[336.153]
2025-11-11T02:23:42+01:00,[60],[335.937]
2025-11-11T02:23:41+01:00,[60],[335.649]
2025-11-11T02:23:40+01:00,[60],[335.76]
2025-11-11T02:23:39+01:00,[60],[335.91]
2025-11-11T02:23:38+01:00,[60],[336.6]
2025-11-11T02:23:37+01:00,[60],[335.959]
2025-11-11T02:23:36+01:00,[60],[336.395]
2025-11-11T02:23:35+01:00,[60],[336.699]
2025-11-11T02:23:34+01:00,[60],[336.222]
2025-11-11T02:23:33+01:00,[60],[336.271]
2025-11-11T02:23:32+01:00,[60],[335.812]
2025-11-11T02:23:31+01:00,[60],[336.713]
2025-11-11T02:23:30+01:00,[60],[336.649]
2025-11-11T02:23:29+01:00,[60],[336.498]
2025-11-11T02:23:28+01:00,[60],[335.433]
2025-11-11T02:23:27+01:00,[60],[335.88]
2025-11-11T02:23:26+01:00,[60],[337.032]
2025-11-11T02:23:25+01:00,[60],[336.637]
2025-11-11T02:23:24+01:00,[60],[336.503]
2025-11-11T02:23:23+01:00,[60],[336.207]
2025-11-11T02:23:22+01:00,[60],[336.354]
2025-11-11T02:23:21+01:00,[60],[336.305]
2025-11-11T02:23:20+01:00,[60],[336.437]
2025-11-11T02:23:19+01:00,[60],[336.495]
2025-11-11T02:23:18+01:00,[60],[336.622]
2025-11-11T02:23:17+01:00,[60],[336.402]
2025-11-11T02:23:16+01:00,[60],[336.234]
2025-11-11T02:23:15+01:00,[60],[335.921]
2025-11-11T02:23:14+01:00,[60],[335.985]
2025-11-11T02:23:13+01:00,[60],[335.799]
2025-11-11T02:23:12+01:00,[60],[335.476]
2025-11-11T02:23:11+01:00,[60],[335.123]
2025-11-11T02:23:10+01:00,[60],[335.363]
2025-11-11T02:23:09+01:00,[60],[334.941]
2025-11-11T02:23:08+01:00,[60],[335.02]
2025-11-11T02:23:07+01:00,[60],[334.431]
2025-11-11T02:23:06+01:00,[60],[334.19]
2025-11-11T02:23:05+01:00,[60],[333.852]
2025-11-11T02:23:04+01:00,[60],[334.113]
2025-11-11T02:23:03+01:00,[60],[334.144]
2025-11-11T02:23:02+01:00,[60],[334.018]
2025-11-11T02:23:01+01:00,[60],[333.82]
2025-11-11T02:23:00+01:00,[60],[334.052]
2025-11-11T02:22:59+01:00,[60],[334.534]
2025-11-11T02:22:58+01:00,[60],[334.147]
2025-11-11T02:22:57+01:00,[60],[333.95]
2025-11-11T02:22:56+01:00,[60],[333.882]
2025-11-11T02:22:55+01:00,[60],[334.263]
2025-11-11T02:22:54+01:00,[60],[334.757]
2025-11-11T02:22:53+01:00,[60],[334.186]
2025-11-11T02:22:52+01:00,[60],[334.011]
2025-11-11T02:22:51+01:00,[60],[333.42]
2025-11-11T02:22:50+01:00,[60],[333.686]
2025-11-11T02:22:49+01:00,[60],[333.921]
2025-11-11T02:22:48+01:00,[60],[334.046]
2025-11-11T02:22:47+01:00,[60],[333.784]
2025-11-11T02:22:46+01:00,[60],[333.245]
2025-11-11T02:22:45+01:00,[60],[333.787]
2025-11-11T02:22:44+01:00,[60],[333.152]
2025-11-11T02:22:43+01:00,[60],[333.347]
2025-11-11T02:22:42+01:00,[60],[333.831]
2025-11-11T02:22:41+01:00,[60],[333.422]
2025-11-11T02:22:40+01:00,[60],[333.2]
2025-11-11T02:22:39+01:00,[60],[333.23]
2025-11-11T02:22:38+01:00,[60],[333.053]
2025-11-11T02:22:37+01:00,[60],[332.794]
2025-11-11T02:22:36+01:00,[60],[334.55]
2025-11-11T02:22:35+01:00,[60],[334.211]
2025-11-11T02:22:34+01:00,[60],[334.702]
2025-11-11T02:22:33+01:00,[60],[334.443]
2025-11-11T02:22:32+01:00,[60],[334.273]
2025-11-11T02:22:31+01:00,[60],[334.264]
2025-11-11T02:22:30+01:00,[60],[334.498]
2025-11-11T02:22:29+01:00,[60],[334.276]
2025-11-11T02:22:28+01:00,[60],[334.516]
2025-11-11T02:22:27+01:00,[60],[334.596]
2025-11-11T02:22:26+01:00,[60],[334.751]
2025-11-11T02:22:25+01:00,[60],[334.865]
2025-11-11T02:22:24+01:00,[60],[335.155]
2025-11-11T02:22:23+01:00,[60],[335.062]
2025-11-11T02:22:22+01:00,[60],[335.313]
2025-11-11T02:22:21+01:00,[60],[335.71]
2025-11-11T02:22:20+01:00,[60],[335.927]
2025-11-11T02:22:19+01:00,[60],[335.873]
2025-11-11T02:22:18+01:00,[60],[335.598]
2025-11-11T02:22:17+01:00,[60],[335.213]
2025-11-11T02:22:16+01:00,[60],[335.063]
2025-11-11T02:22:15+01:00,[60],[335.466]
2025-11-11T02:22:14+01:00,[60],[335.826]
2025-11-11T02:22:13+01:00,[60],[336.053]
2025-11-11T02:22:12+01:00,[60],[335.916]
2025-11-11T02:22:11+01:00,[60],[335.606]
2025-11-11T02:22:10+01:00,[60],[335.675]
2025-11-11T02:22:09+01:00,[60],[335.221]
2025-11-11T02:22:08+01:00,[60],[335.103]
2025-11-11T02:22:07+01:00,[60],[335.216]
2025-11-11T02:22:06+01:00,[60],[335.57]
2025-11-11T02:22:05+01:00,[60],[335.149]
2025-11-11T02:22:04+01:00,[60],[335.169]
2025-11-11T02:22:03+01:00,[60],[335.296]
2025-11-11T02:22:02+01:00,[60],[335.945]
2025-11-11T02:22:01+01:00,[60],[335.741]
2025-11-11T02:22:00+01:00,[60],[335.867]
2025-11-11T02:21:59+01:00,[60],[336.025]
2025-11-11T02:21:58+01:00,[60],[336.439]
2025-11-11T02:21:57+01:00,[60],[336.833]
2025-11-11T02:21:56+01:00,[60],[336.945]
2025-11-11T02:21:55+01:00,[60],[336.855]
2025-11-11T02:21:54+01:00,[60],[336.521]
2025-11-11T02:21:53+01:00,[60],[336.644]
2025-11-11T02:21:52+01:00,[60],[337.381]
2025-11-11T02:21:51+01:00,[60],[337.184]
2025-11-11T02:21:50+01:00,[60],[337.414]
2025-11-11T02:21:49+01:00,[60],[336.896]
2025-11-11T02:21:48+01:00,[60],[336.881]
2025-11-11T02:21:47+01:00,[60],[336.833]
2025-11-11T02:21:46+01:00,[60],[336.509]
2025-11-11T02:21:45+01:00,[60],[335.683]
2025-11-11T02:21:44+01:00,[60],[335.559]
2025-11-11T02:21:43+01:00,[60],[336.248]
2025-11-11T02:21:42+01:00,[60],[335.871]
2025-11-11T02:21:41+01:00,[60],[335.76]
2025-11-11T02:21:39+01:00,[60],[335.515]
2025-11-11T02:21:38+01:00,[60],[335.541]
2025-11-11T02:21:37+01:00,[60],[335.69]
2025-11-11T02:21:36+01:00,[60],[336.344]
2025-11-11T02:21:35+01:00,[60],[336.195]
2025-11-11T02:21:34+01:00,[60],[335.966]
2025-11-11T02:21:33+01:00,[60],[335.59]
2025-11-11T02:21:32+01:00,[60],[335.775]
2025-11-11T02:21:31+01:00,[60],[335.992]
2025-11-11T02:21:30+01:00,[60],[335.946]
2025-11-11T02:21:29+01:00,[60],[336.185]
2025-11-11T02:21:28+01:00,[60],[336.23]
2025-11-11T02:21:27+01:00,[60],[336.85]
2025-11-11T02:21:26+01:00,[60],[337.333]
2025-11-11T02:21:25+01:00,[60],[337.281]
2025-11-11T02:21:24+01:00,[60],[337.486]
2025-11-11T02:21:23+01:00,[60],[337.194]
2025-11-11T02:21:22+01:00,[60],[337.16]
2025-11-11T02:21:21+01:00,[60],[337.537]
2025-11-11T02:21:20+01:00,[60],[337.635]
2025-11-11T02:21:19+01:00,[60],[337.506]
2025-11-11T02:21:18+01:00,[60],[337.791]
2025-11-11T02:21:17+01:00,[60],[338.086]
2025-11-11T02:21:16+01:00,[60],[337.866]
2025-11-11T02:21:15+01:00,[60],[338.09]
2025-11-11T02:21:14+01:00,[60],[338.659]
2025-11-11T02:21:13+01:00,[60],[338.642]
2025-11-11T02:21:12+01:00,[60],[338.739]
2025-11-11T02:21:11+01:00,[60],[338.549]
2025-11-11T02:21:10+01:00,[60],[338.346]
2025-11-11T02:21:09+01:00,[60],[338.104]
2025-11-11T02:21:08+01:00,[60],[338.203]
2025-11-11T02:21:07+01:00,[60],[338.317]
2025-11-11T02:21:06+01:00,[60],[338.12]
2025-11-11T02:21:05+01:00,[60],[338.416]
2025-11-11T02:21:04+01:00,[60],[338.207]
2025-11-11T02:21:03+01:00,[60],[338.239]
2025-11-11T02:21:02+01:00,[60],[338.188]
2025-11-11T02:21:01+01:00,[60],[338.239]
2025-11-11T02:21:00+01:00,[60],[338.615]
2025-11-11T02:20:59+01:00,[60],[338.755]
2025-11-11T02:20:58+01:00,[60],[338.962]
2025-11-11T02:20:57+01:00,[60],[338.548]
2025-11-11T02:20:56+01:00,[60],[338.577]
2025-11-11T02:20:55+01:00,[60],[338.434]
2025-11-11T02:20:54+01:00,[60],[338.436]
2025-11-11T02:20:53+01:00,[60],[338.234]
2025-11-11T02:20:52+01:00,[60],[338.397]
2025-11-11T02:20:51+01:00,[60],[338.078]
2025-11-11T02:20:50+01:00,[60],[338.393]
2025-11-11T02:20:49+01:00,[60],[338.47]
2025-11-11T02:20:48+01:00,[60],[338.685]
2025-11-11T02:20:47+01:00,[60],[338.709]
2025-11-11T02:20:46+01:00,[60],[338.817]
2025-11-11T02:20:45+01:00,[60],[338.509]
2025-11-11T02:20:44+01:00,[60],[338.971]
2025-11-11T02:20:43+01:00,[60],[338.775]
2025-11-11T02:20:42+01:00,[60],[338.881]
2025-11-11T02:20:41+01:00,[60],[339.306]
2025-11-11T02:20:40+01:00,[60],[339.112]
2025-11-11T02:20:39+01:00,[60],[338.726]
2025-11-11T02:20:38+01:00,[60],[338.758]
2025-11-11T02:20:37+01:00,[60],[338.876]
2025-11-11T02:20:36+01:00,[60],[339.055]
2025-11-11T02:20:35+01:00,[60],[338.771]
2025-11-11T02:20:34+01:00,[60],[338.488]
2025-11-11T02:20:33+01:00,[60],[338.486]
2025-11-11T02:20:32+01:00,[60],[338.376]
2025-11-11T02:20:31+01:00,[60],[337.938]
2025-11-11T02:20:30+01:00,[60],[337.86]
2025-11-11T02:20:29+01:00,[60],[338.542]
2025-11-11T02:20:28+01:00,[60],[338.803]
2025-11-11T02:20:27+01:00,[60],[339.762]
2025-11-11T02:20:26+01:00,[60],[339.216]
2025-11-11T02:20:25+01:00,[60],[339.585]
2025-11-11T02:20:24+01:00,[60],[339.351]
2025-11-11T02:20:23+01:00,[60],[339.586]
2025-11-11T02:20:22+01:00,[60],[339.904]
2025-11-11T02:20:21+01:00,[60],[339.948]
2025-11-11T02:20:20+01:00,[60],[340.038]
2025-11-11T02:20:19+01:00,[60],[340.189]
2025-11-11T02:20:18+01:00,[60],[340.192]
2025-11-11T02:20:17+01:00,[60],[340.626]
2025-11-11T02:20:16+01:00,[60],[340.886]
2025-11-11T02:20:15+01:00,[60],[341.74]
2025-11-11T02:20:14+01:00,[60],[341.209]
2025-11-11T02:20:13+01:00,[60],[341.568]
2025-11-11T02:20:12+01:00,[60],[341.192]
2025-11-11T02:20:11+01:00,[60],[340.882]
2025-11-11T02:20:10+01:00,[60],[340.654]
2025-11-11T02:20:09+01:00,[60],[340.945]
2025-11-11T02:20:08+01:00,[60],[341.438]
2025-11-11T02:20:07+01:00,[60],[341.643]
2025-11-11T02:20:06+01:00,[60],[341.427]
2025-11-11T02:20:05+01:00,[60],[341.501]
2025-11-11T02:20:04+01:00,[60],[341.603]
2025-11-11T02:20:03+01:00,[60],[341.214]
2025-11-11T02:20:02+01:00,[60],[341.251]
2025-11-11T02:20:01+01:00,[60],[341.637]
2025-11-11T02:20:00+01:00,[60],[340.798]
2025-11-11T02:19:59+01:00,[60],[341.126]
2025-11-11T02:19:58+01:00,[60],[341.088]
2025-11-11T02:19:57+01:00,[60],[340.774]
2025-11-11T02:19:56+01:00,[60],[340.245]
2025-11-11T02:19:55+01:00,[60],[340.3]
2025-11-11T02:19:54+01:00,[60],[340.216]
2025-11-11T02:19:53+01:00,[60],[340.428]
2025-11-11T02:19:52+01:00,[60],[341.381]
2025-11-11T02:19:51+01:00,[60],[341.518]
2025-11-11T02:19:50+01:00,[60],[341.228]
2025-11-11T02:19:49+01:00,[60],[340.975]
2025-11-11T02:19:48+01:00,[60],[341.212]
2025-11-11T02:19:47+01:00,[60],[341.064]
2025-11-11T02:19:46+01:00,[60],[341.34]
2025-11-11T02:19:45+01:00,[60],[341.991]
2025-11-11T02:19:44+01:00,[60],[341.452]
2025-11-11T02:19:43+01:00,[60],[342.749]
2025-11-11T02:19:42+01:00,[60],[342.541]
2025-11-11T02:19:41+01:00,[60],[342.472]
2025-11-11T02:19:40+01:00,[60],[342.631]
2025-11-11T02:19:39+01:00,[60],[342.419]
2025-11-11T02:19:38+01:00,[60],[341.873]
2025-11-11T02:19:37+01:00,[60],[341.544]
2025-11-11T02:19:36+01:00,[60],[341.096]
2025-11-11T02:19:35+01:00,[60],[341.105]
2025-11-11T02:19:34+01:00,[60],[341.53]
2025-11-11T02:19:33+01:00,[60],[341.476]
2025-11-11T02:19:32+01:00,[60],[341.867]
2025-11-11T02:19:31+01:00,[60],[341.921]
2025-11-11T02:19:30+01:00,[60],[341.835]
2025-11-11T02:19:29+01:00,[60],[341.381]
2025-11-11T02:19:28+01:00,[60],[341.594]
2025-11-11T02:19:27+01:00,[60],[341.782]
2025-11-11T02:19:26+01:00,[60],[342.449]
2025-11-11T02:19:25+01:00,[60],[342.938]
2025-11-11T02:19:24+01:00,[60],[343.123]
2025-11-11T02:19:23+01:00,[60],[342.803]
2025-11-11T02:19:22+01:00,[60],[342.823]
2025-11-11T02:19:21+01:00,[60],[342.906]
2025-11-11T02:19:20+01:00,[60],[342.853]
2025-11-11T02:19:19+01:00,[60],[342.949]
2025-11-11T02:19:18+01:00,[60],[343.201]
2025-11-11T02:19:17+01:00,[60],[343.713]
2025-11-11T02:19:16+01:00,[60],[343.571]
2025-11-11T02:19:15+01:00,[60],[344.092]
2025-11-11T02:19:14+01:00,[60],[344.886]
2025-11-11T02:19:13+01:00,[60],[345.736]
2025-11-11T02:19:12+01:00,[60],[345.874]
2025-11-11T02:19:11+01:00,[60],[346.909]
2025-11-11T02:19:10+01:00,[60],[344.964]
2025-11-11T02:19:09+01:00,[60],[344.998]
2025-11-11T02:19:08+01:00,[60],[345.1]
2025-11-11T02:19:07+01:00,[60],[345.191]
2025-11-11T02:19:06+01:00,[60],[345.031]
2025-11-11T02:19:05+01:00,[60],[344.597]
2025-11-11T02:19:04+01:00,[60],[344.435]
2025-11-11T02:19:03+01:00,[60],[344.535]
2025-11-11T02:19:02+01:00,[60],[344.226]
2025-11-11T02:19:01+01:00,[60],[344.277]
2025-11-11T02:19:00+01:00,[60],[344.257]
2025-11-11T02:18:59+01:00,[60],[344.222]
2025-11-11T02:18:58+01:00,[60],[344.199]
2025-11-11T02:18:57+01:00,[60],[344.224]
2025-11-11T02:18:56+01:00,[60],[344.226]
2025-11-11T02:18:55+01:00,[60],[344.233]
2025-11-11T02:18:54+01:00,[60],[344.237]
2025-11-11T02:18:53+01:00,[60],[344.179]
2025-11-11T02:18:52+01:00,[60],[344.139]
2025-11-11T02:18:51+01:00,[60],[344.071]
2025-11-11T02:18:50+01:00,[60],[344.071]
2025-11-11T02:18:49+01:00,[60],[344.028]
2025-11-11T02:18:48+01:00,[60],[343.952]
2025-11-11T02:18:47+01:00,[60],[343.922]
2025-11-11T02:18:46+01:00,[60],[343.89]
2025-11-11T02:18:45+01:00,[60],[343.858]
2025-11-11T02:18:44+01:00,[60],[343.768]
2025-11-11T02:18:43+01:00,[60],[343.62]
2025-11-11T02:18:42+01:00,[60],[343.476]
2025-11-11T02:18:41+01:00,[60],[342.792]
2025-11-11T02:18:40+01:00,[60],[346.428]
2025-11-11T02:18:32+01:00,[60],[346.543]
2025-11-11T02:17:42+01:00,[60],[346.543]
2025-11-06T05:07:36+01:00,[60],[344.956]
2025-11-06T05:07:35+01:00,[60],[345.5]
2025-11-06T05:07:34+01:00,[60],[345.125]
2025-11-06T05:07:33+01:00,[60],[345.125]
2025-11-06T05:07:32+01:00,[60],[344.678]
2025-11-06T05:07:31+01:00,[60],[344.89]
2025-11-06T05:07:30+01:00,[60],[344.731]
2025-11-06T05:07:29+01:00,[60],[344.464]
2025-11-06T05:07:28+01:00,[60],[344.097]
2025-11-06T05:07:27+01:00,[60],[344.009]
2025-11-06T05:07:26+01:00,[60],[343.299]
2025-11-06T05:07:25+01:00,[60],[342.943]
2025-11-06T05:07:24+01:00,[60],[346.59]
2025-11-06T05:07:19+01:00,[60],[346.556]
2025-11-06T05:07:17+01:00,[60],[346.556]
2025-11-06T03:50:12+01:00,[60],[346.297]
2025-11-06T03:49:56+01:00,[60],[346.297]
2025-11-06T03:09:04+01:00,[60],[347.045]
2025-11-06T03:08:29+01:00,[60],[347.045]
2025-11-06T03:01:15+01:00,[60],[342.837]
2025-11-06T03:01:11+01:00,[60],[342.837]
2025-11-06T02:49:10+01:00,[60],[339.801]
2025-09-14T04:43:13+02:00,[60],[397.753]
2025-09-14T04:43:12+02:00,[60],[397.854]
2025-09-14T04:43:11+02:00,[60],[397.871]
2025-09-14T04:43:10+02:00,[60],[397.878]
2025-09-14T04:43:09+02:00,[60],[397.759]
2025-09-14T04:43:08+02:00,[60],[397.651]
2025-09-14T04:43:07+02:00,[60],[397.653]
2025-09-14T04:43:06+02:00,[60],[397.625]
2025-09-14T04:43:05+02:00,[60],[397.767]
2025-09-14T04:43:04+02:00,[60],[397.996]
2025-09-14T04:43:03+02:00,[60],[397.853]
2025-09-14T04:43:02+02:00,[60],[397.923]
2025-09-14T04:43:01+02:00,[60],[398.115]
2025-09-14T04:43:00+02:00,[60],[398.317]
2025-09-14T04:42:59+02:00,[60],[398.379]
2025-09-14T04:42:58+02:00,[60],[398.377]
2025-09-14T04:42:57+02:00,[60],[398.344]
2025-09-14T04:42:56+02:00,[60],[398.363]
2025-09-14T04:42:55+02:00,[60],[398.361]
2025-09-14T04:42:54+02:00,[60],[398.325]
2025-09-14T04:42:53+02:00,[60],[398.281]
2025-09-14T04:42:52+02:00,[60],[398.39]
2025-09-14T04:42:51+02:00,[60],[398.451]
2025-09-14T04:42:50+02:00,[60],[398.503]
2025-09-14T04:42:49+02:00,[60],[398.516]
2025-09-14T04:42:48+02:00,[60],[398.71]
2025-09-14T04:42:47+02:00,[60],[398.941]
2025-09-14T04:42:46+02:00,[60],[399.074]
2025-09-14T04:42:45+02:00,[60],[399.448]
2025-09-14T04:42:44+02:00,[60],[399.31]
2025-09-14T04:42:43+02:00,[60],[399.051]
2025-09-14T04:42:42+02:00,[60],[399.075]
2025-09-14T04:42:41+02:00,[60],[399.145]
2025-09-14T04:42:40+02:00,[60],[398.955]
2025-09-14T04:42:39+02:00,[60],[398.851]
2025-09-14T04:42:38+02:00,[60],[398.872]
2025-09-14T04:42:37+02:00,[60],[398.497]
2025-09-14T04:42:36+02:00,[60],[398.892]
2025-09-14T04:42:35+02:00,[60],[398.698]
2025-09-14T04:42:34+02:00,[60],[398.758]
2025-09-14T04:42:33+02:00,[60],[398.757]
2025-09-14T04:42:32+02:00,[60],[398.776]
2025-09-14T04:42:31+02:00,[60],[398.758]
2025-09-14T04:42:30+02:00,[60],[398.912]
2025-09-14T04:42:29+02:00,[60],[398.837]
2025-09-14T04:42:28+02:00,[60],[398.713]
2025-09-14T04:42:27+02:00,[60],[398.7]
2025-09-14T04:42:26+02:00,[60],[398.74]
2025-09-14T04:42:25+02:00,[60],[398.869]
2025-09-14T04:42:24+02:00,[60],[399.065]
2025-09-14T04:42:23+02:00,[60],[399.199]
2025-09-14T04:42:22+02:00,[60],[399.365]
2025-09-14T04:42:21+02:00,[60],[399.469]
2025-09-14T04:42:20+02:00,[60],[399.556]
2025-09-14T04:42:19+02:00,[60],[399.634]
2025-09-14T04:42:18+02:00,[60],[399.691]
2025-09-14T04:42:17+02:00,[60],[399.67]
2025-09-14T04:42:16+02:00,[60],[399.65]
2025-09-14T04:42:15+02:00,[60],[399.652]
2025-09-14T04:42:14+02:00,[60],[399.59]
2025-09-14T04:42:13+02:00,[60],[399.542]
2025-09-14T04:42:12+02:00,[60],[399.684]
2025-09-14T04:42:11+02:00,[60],[399.653]
2025-09-14T04:42:10+02:00,[60],[399.715]
2025-09-14T04:42:09+02:00,[60],[400.016]
2025-09-14T04:42:08+02:00,[60],[399.996]
2025-09-14T04:42:07+02:00,[60],[400.042]
2025-09-14T04:42:06+02:00,[60],[399.982]
2025-09-14T04:42:05+02:00,[60],[399.944]
2025-09-14T04:42:04+02:00,[60],[399.899]
2025-09-14T04:42:03+02:00,[60],[399.79]
2025-09-14T04:42:02+02:00,[60],[399.784]
2025-09-14T04:42:01+02:00,[60],[399.852]
2025-09-14T04:42:00+02:00,[60],[399.855]
2025-09-14T04:41:59+02:00,[60],[399.843]
2025-09-14T04:41:58+02:00,[60],[399.692]
2025-09-14T04:41:57+02:00,[60],[399.944]
2025-09-14T04:41:56+02:00,[60],[399.771]
2025-09-14T04:41:55+02:00,[60],[399.86]
2025-09-14T04:41:54+02:00,[60],[399.806]
2025-09-14T04:41:53+02:00,[60],[399.867]
2025-09-14T04:41:52+02:00,[60],[400.103]
2025-09-14T04:41:51+02:00,[60],[400.197]
2025-09-14T04:41:50+02:00,[60],[400.185]
2025-09-14T04:41:49+02:00,[60],[400.312]
2025-09-14T04:41:48+02:00,[60],[400.335]
2025-09-14T04:41:47+02:00,[60],[400.45]
2025-09-14T04:41:46+02:00,[60],[400.446]
2025-09-14T04:41:45+02:00,[60],[400.393]
2025-09-14T04:41:44+02:00,[60],[400.444]
2025-09-14T04:41:43+02:00,[60],[400.246]
2025-09-14T04:41:42+02:00,[60],[400.326]
2025-09-14T04:41:41+02:00,[60],[400.109]
2025-09-14T04:41:40+02:00,[60],[400.089]
2025-09-14T04:41:39+02:00,[60],[400.398]
2025-09-14T04:41:38+02:00,[60],[400.296]
2025-09-14T04:41:37+02:00,[60],[400.208]
2025-09-14T04:41:36+02:00,[60],[400.321]
2025-09-14T04:41:35+02:00,[60],[400.955]
2025-09-14T04:41:34+02:00,[60],[401.516]
2025-09-14T04:41:33+02:00,[60],[401.67]
2025-09-14T04:41:32+02:00,[60],[401.683]
2025-09-14T04:41:31+02:00,[60],[401.607]
2025-09-14T04:41:30+02:00,[60],[401.71]
2025-09-14T04:41:29+02:00,[60],[401.672]
2025-09-14T04:41:28+02:00,[60],[401.572]
2025-09-14T04:41:27+02:00,[60],[402.003]
2025-09-14T04:41:26+02:00,[60],[402.044]
2025-09-14T04:41:25+02:00,[60],[402.201]
2025-09-14T04:41:24+02:00,[60],[401.943]
2025-09-14T04:41:23+02:00,[60],[401.732]
2025-09-14T04:41:22+02:00,[60],[401.842]
2025-09-14T04:41:21+02:00,[60],[402.563]
2025-09-14T04:41:20+02:00,[60],[402.171]
2025-09-14T04:41:19+02:00,[60],[401.99]
2025-09-14T04:41:18+02:00,[60],[402.022]
2025-09-14T04:41:17+02:00,[60],[401.978]
2025-09-14T04:41:16+02:00,[60],[402.422]
2025-09-14T04:41:15+02:00,[60],[402.292]
2025-09-14T04:41:14+02:00,[60],[402.417]
2025-09-14T04:41:13+02:00,[60],[402.369]
2025-09-14T04:41:12+02:00,[60],[402.313]
2025-09-14T04:41:11+02:00,[60],[402.537]
2025-09-14T04:41:10+02:00,[60],[402.531]
2025-09-14T04:41:09+02:00,[60],[402.328]
2025-09-14T04:41:08+02:00,[60],[402.441]
2025-09-14T04:41:07+02:00,[60],[402.666]
2025-09-14T04:41:06+02:00,[60],[402.871]
2025-09-14T04:41:05+02:00,[60],[403.011]
2025-09-14T04:41:04+02:00,[60],[402.968]
2025-09-14T04:41:03+02:00,[60],[402.959]
2025-09-14T04:41:02+02:00,[60],[403.127]
2025-09-14T04:41:01+02:00,[60],[403.251]
2025-09-14T04:41:00+02:00,[60],[403.362]
2025-09-14T04:40:59+02:00,[60],[403.399]
2025-09-14T04:40:58+02:00,[60],[403.191]
2025-09-14T04:40:57+02:00,[60],[403.219]
2025-09-14T04:40:56+02:00,[60],[402.759]
2025-09-14T04:40:55+02:00,[60],[402.214]
2025-09-14T04:40:54+02:00,[60],[402.178]
2025-09-14T04:40:53+02:00,[60],[402.569]
2025-09-14T04:40:52+02:00,[60],[401.716]
2025-09-14T04:40:51+02:00,[60],[403.081]
2025-09-14T04:40:50+02:00,[60],[403.748]
2025-09-14T04:40:49+02:00,[60],[402.856]
2025-09-14T04:40:48+02:00,[60],[403.315]
2025-09-14T04:40:47+02:00,[60],[403.436]
2025-09-14T04:40:46+02:00,[60],[403.325]
2025-09-14T04:40:45+02:00,[60],[402.959]
2025-09-14T04:40:44+02:00,[60],[403.031]
2025-09-14T04:40:43+02:00,[60],[403.021]
2025-09-14T04:40:42+02:00,[60],[403.088]
2025-09-14T04:40:41+02:00,[60],[403.176]
2025-09-14T04:40:40+02:00,[60],[403.2]
2025-09-14T04:40:39+02:00,[60],[403.42]
2025-09-14T04:40:38+02:00,[60],[403.779]
2025-09-14T04:40:37+02:00,[60],[404.098]
2025-09-14T04:40:36+02:00,[60],[403.708]
2025-09-14T04:40:35+02:00,[60],[403.287]
2025-09-14T04:40:34+02:00,[60],[403.143]
2025-09-14T04:40:33+02:00,[60],[403.096]
2025-09-14T04:40:32+02:00,[60],[403.061]
2025-09-14T04:40:31+02:00,[60],[403.041]
2025-09-14T04:40:30+02:00,[60],[402.827]
2025-09-14T04:40:29+02:00,[60],[402.914]
2025-09-14T04:40:28+02:00,[60],[402.918]
2025-09-14T04:40:27+02:00,[60],[402.897]
2025-09-14T04:40:26+02:00,[60],[402.805]
2025-09-14T04:40:25+02:00,[60],[402.701]
2025-09-14T04:40:24+02:00,[60],[402.91]
2025-09-14T04:40:23+02:00,[60],[403.556]
2025-09-14T04:40:22+02:00,[60],[404.179]
2025-09-14T04:40:21+02:00,[60],[404.198]
2025-09-14T04:40:20+02:00,[60],[403.363]
2025-09-14T04:40:19+02:00,[60],[403.274]
2025-09-14T04:40:18+02:00,[60],[403.145]
2025-09-14T04:40:17+02:00,[60],[403.095]
2025-09-14T04:40:16+02:00,[60],[402.904]
2025-09-14T04:40:15+02:00,[60],[403.248]
2025-09-14T04:40:14+02:00,[60],[403.327]
2025-09-14T04:40:13+02:00,[60],[403.318]
2025-09-14T04:40:12+02:00,[60],[403.386]
2025-09-14T04:40:11+02:00,[60],[403.039]
2025-09-14T04:40:10+02:00,[60],[403.517]
2025-09-14T04:40:09+02:00,[60],[403.721]
2025-09-14T04:40:08+02:00,[60],[403.465]
2025-09-14T04:40:07+02:00,[60],[403.067]
2025-09-14T04:40:06+02:00,[60],[403.595]
2025-09-14T04:40:05+02:00,[60],[403.744]
2025-09-14T04:40:04+02:00,[60],[403.552]
2025-09-14T04:40:03+02:00,[60],[403.846]
2025-09-14T04:40:02+02:00,[60],[404.306]
2025-09-14T04:40:01+02:00,[60],[404.548]
2025-09-14T04:40:00+02:00,[60],[404.367]
2025-09-14T04:39:59+02:00,[60],[404.696]
2025-09-14T04:39:58+02:00,[60],[404.558]
2025-09-14T04:39:57+02:00,[60],[404.576]
2025-09-14T04:39:56+02:00,[60],[404.71]
2025-09-14T04:39:55+02:00,[60],[404.641]
2025-09-14T04:39:54+02:00,[60],[404.122]
2025-09-14T04:39:53+02:00,[60],[404.149]
2025-09-14T04:39:52+02:00,[60],[404.513]
2025-09-14T04:39:51+02:00,[60],[403.971]
2025-09-14T04:39:50+02:00,[60],[403.733]
2025-09-14T04:39:49+02:00,[60],[404.139]
2025-09-14T04:39:48+02:00,[60],[404.209]
2025-09-14T04:39:47+02:00,[60],[404.5]
2025-09-14T04:39:46+02:00,[60],[404.65]
2025-09-14T04:39:45+02:00,[60],[404.879]
2025-09-14T04:39:44+02:00,[60],[404.834]
2025-09-14T04:39:43+02:00,[60],[404.901]
2025-09-14T04:39:42+02:00,[60],[405.024]
2025-09-14T04:39:41+02:00,[60],[405.121]
2025-09-14T04:39:40+02:00,[60],[405.094]
2025-09-14T04:39:39+02:00,[60],[405.278]
2025-09-14T04:39:38+02:00,[60],[405.385]
2025-09-14T04:39:37+02:00,[60],[405.594]
2025-09-14T04:39:36+02:00,[60],[405.45]
2025-09-14T04:39:35+02:00,[60],[405.555]
2025-09-14T04:39:34+02:00,[60],[405.699]
2025-09-14T04:39:33+02:00,[60],[405.851]
2025-09-14T04:39:32+02:00,[60],[406.001]
2025-09-14T04:39:31+02:00,[60],[406.096]
2025-09-14T04:39:30+02:00,[60],[405.953]
2025-09-14T04:39:29+02:00,[60],[406.009]
2025-09-14T04:39:28+02:00,[60],[406.397]
2025-09-14T04:39:27+02:00,[60],[405.774]
2025-09-14T04:39:26+02:00,[60],[405.998]
2025-09-14T04:39:25+02:00,[60],[406.232]
2025-09-14T04:39:24+02:00,[60],[406.084]
2025-09-14T04:39:23+02:00,[60],[405.523]
2025-09-14T04:39:22+02:00,[60],[405.605]
2025-09-14T04:39:21+02:00,[60],[406.161]
2025-09-14T04:39:20+02:00,[60],[405.885]
2025-09-14T04:39:19+02:00,[60],[406.306]
2025-09-14T04:39:18+02:00,[60],[405.742]
2025-09-14T04:39:17+02:00,[60],[405.661]
2025-09-14T04:39:16+02:00,[60],[404.848]
2025-09-14T04:39:15+02:00,[60],[404.385]
2025-09-14T04:39:14+02:00,[60],[404.971]
2025-09-14T04:39:13+02:00,[60],[405.03]
2025-09-14T04:39:12+02:00,[60],[404.985]
2025-09-14T04:39:11+02:00,[60],[404.88]
2025-09-14T04:39:10+02:00,[60],[404.88]
2025-09-14T04:39:09+02:00,[60],[405.07]
2025-09-14T04:39:08+02:00,[60],[404.459]
2025-09-14T04:39:07+02:00,[60],[404.587]
2025-09-14T04:39:06+02:00,[60],[405.406]
2025-09-14T04:39:05+02:00,[60],[405.436]
2025-09-14T04:39:04+02:00,[60],[405.124]
2025-09-14T04:39:03+02:00,[60],[404.753]
2025-09-14T04:39:02+02:00,[60],[404.783]
2025-09-14T04:39:01+02:00,[60],[404.418]
2025-09-14T04:39:00+02:00,[60],[404.75]
2025-09-14T04:38:59+02:00,[60],[404.356]
2025-09-14T04:38:58+02:00,[60],[404.639]
2025-09-14T04:38:57+02:00,[60],[404.766]
2025-09-14T04:38:56+02:00,[60],[405.325]
2025-09-14T04:38:55+02:00,[60],[405.227]
2025-09-14T04:38:54+02:00,[60],[405.118]
2025-09-14T04:38:53+02:00,[60],[404.975]
2025-09-14T04:38:52+02:00,[60],[405.071]
2025-09-14T04:38:51+02:00,[60],[405.099]
2025-09-14T04:38:50+02:00,[60],[405.161]
2025-09-14T04:38:49+02:00,[60],[404.974]
2025-09-14T04:38:48+02:00,[60],[404.725]
2025-09-14T04:38:47+02:00,[60],[405.044]
2025-09-14T04:38:46+02:00,[60],[405.333]
2025-09-14T04:38:45+02:00,[60],[405.078]
2025-09-14T04:38:44+02:00,[60],[405.536]
2025-09-14T04:38:43+02:00,[60],[405.41]
2025-09-14T04:38:42+02:00,[60],[405.574]
2025-09-14T04:38:41+02:00,[60],[405.311]
2025-09-14T04:38:40+02:00,[60],[405.579]
2025-09-14T04:38:39+02:00,[60],[405.936]
2025-09-14T04:38:38+02:00,[60],[406.181]
2025-09-14T04:38:37+02:00,[60],[405.57]
2025-09-14T04:38:36+02:00,[60],[405.091]
2025-09-14T04:38:35+02:00,[60],[405.639]
2025-09-14T04:38:34+02:00,[60],[405.837]
2025-09-14T04:38:33+02:00,[60],[405.445]
2025-09-14T04:38:32+02:00,[60],[405.235]
2025-09-14T04:38:31+02:00,[60],[405.363]
2025-09-14T04:38:30+02:00,[60],[405.247]
2025-09-14T04:38:29+02:00,[60],[405.531]
2025-09-14T04:38:28+02:00,[60],[405.631]
2025-09-14T04:38:27+02:00,[60],[406.171]
2025-09-14T04:38:26+02:00,[60],[406.007]
2025-09-14T04:38:25+02:00,[60],[406.089]
2025-09-14T04:38:24+02:00,[60],[405.931]
2025-09-14T04:38:23+02:00,[60],[405.944]
2025-09-14T04:38:22+02:00,[60],[405.842]
2025-09-14T04:38:21+02:00,[60],[405.609]
2025-09-14T04:38:20+02:00,[60],[405.866]
2025-09-14T04:38:19+02:00,[60],[405.867]
2025-09-14T04:38:18+02:00,[60],[405.625]
2025-09-14T04:38:17+02:00,[60],[404.966]
2025-09-14T04:38:16+02:00,[60],[404.844]
2025-09-14T04:38:15+02:00,[60],[404.869]
2025-09-14T04:38:14+02:00,[60],[404.623]
2025-09-14T04:38:13+02:00,[60],[404.737]
2025-09-14T04:38:12+02:00,[60],[404.679]
2025-09-14T04:38:11+02:00,[60],[404.602]
2025-09-14T04:38:10+02:00,[60],[404.599]
2025-09-14T04:38:09+02:00,[60],[404.347]
2025-09-14T04:38:08+02:00,[60],[404.03]
2025-09-14T04:38:07+02:00,[60],[403.715]
2025-09-14T04:38:06+02:00,[60],[403.748]
2025-09-14T04:38:05+02:00,[60],[404.298]
2025-09-14T04:38:04+02:00,[60],[404.328]
2025-09-14T04:38:03+02:00,[60],[404.256]
2025-09-14T04:38:02+02:00,[60],[403.97]
2025-09-14T04:38:01+02:00,[60],[403.659]
2025-09-14T04:38:00+02:00,[60],[403.604]
2025-09-14T04:37:59+02:00,[60],[403.691]
2025-09-14T04:37:58+02:00,[60],[403.543]
2025-09-14T04:37:57+02:00,[60],[403.412]
2025-09-14T04:37:56+02:00,[60],[403.592]
2025-09-14T04:37:55+02:00,[60],[403.396]
2025-09-14T04:37:54+02:00,[60],[403.382]
2025-09-14T04:37:53+02:00,[60],[403.551]
2025-09-14T04:37:52+02:00,[60],[403.494]
2025-09-14T04:37:51+02:00,[60],[403.092]
2025-09-14T04:37:50+02:00,[60],[403.097]
2025-09-14T04:37:49+02:00,[60],[403.078]
2025-09-14T04:37:48+02:00,[60],[402.842]
2025-09-14T04:37:47+02:00,[60],[402.748]
2025-09-14T04:37:46+02:00,[60],[402.197]
2025-09-14T04:37:45+02:00,[60],[402.321]
2025-09-14T04:37:44+02:00,[60],[402.702]
2025-09-14T04:37:43+02:00,[60],[402.388]
2025-09-14T04:37:42+02:00,[60],[402.423]
2025-09-14T04:37:41+02:00,[60],[401.776]
2025-09-14T04:37:40+02:00,[60],[402.099]
2025-09-14T04:37:39+02:00,[60],[402.43]
2025-09-14T04:37:38+02:00,[60],[402.559]
2025-09-14T04:37:37+02:00,[60],[402.994]
2025-09-14T04:37:36+02:00,[60],[403.171]
2025-09-14T04:37:35+02:00,[60],[402.845]
2025-09-14T04:37:34+02:00,[60],[403.097]
2025-09-14T04:37:33+02:00,[60],[402.527]
2025-09-14T04:37:32+02:00,[60],[402.195]
2025-09-14T04:37:31+02:00,[60],[402.478]
2025-09-14T04:37:30+02:00,[60],[402.164]
2025-09-14T04:37:29+02:00,[60],[401.638]
2025-09-14T04:37:28+02:00,[60],[401.92]
2025-09-14T04:37:27+02:00,[60],[402.475]
2025-09-14T04:37:26+02:00,[60],[402.287]
2025-09-14T04:37:25+02:00,[60],[402.044]
2025-09-14T04:37:24+02:00,[60],[401.77]
2025-09-14T04:37:23+02:00,[60],[401.651]
2025-09-14T04:37:22+02:00,[60],[401.488]
2025-09-14T04:37:21+02:00,[60],[401.461]
2025-09-14T04:37:20+02:00,[60],[401.543]
2025-09-14T04:37:19+02:00,[60],[401.234]
2025-09-14T04:37:18+02:00,[60],[401.525]
2025-09-14T04:37:17+02:00,[60],[401.85]
2025-09-14T04:37:16+02:00,[60],[401.779]
2025-09-14T04:37:15+02:00,[60],[401.882]
2025-09-14T04:37:14+02:00,[60],[401.744]
2025-09-14T04:37:13+02:00,[60],[401.932]
2025-09-14T04:37:12+02:00,[60],[401.929]
2025-09-14T04:37:11+02:00,[60],[401.977]
2025-09-14T04:37:10+02:00,[60],[401.828]
2025-09-14T04:37:09+02:00,[60],[401.886]
2025-09-14T04:37:08+02:00,[60],[401.872]
2025-09-14T04:37:07+02:00,[60],[401.739]
2025-09-14T04:37:06+02:00,[60],[401.795]
2025-09-14T04:37:05+02:00,[60],[402.054]
2025-09-14T04:37:04+02:00,[60],[402.046]
2025-09-14T04:37:03+02:00,[60],[402.018]
2025-09-14T04:37:02+02:00,[60],[401.964]
2025-09-14T04:37:01+02:00,[60],[401.633]
2025-09-14T04:37:00+02:00,[60],[401.974]
2025-09-14T04:36:59+02:00,[60],[402.012]
2025-09-14T04:36:58+02:00,[60],[402.037]
2025-09-14T04:36:57+02:00,[60],[401.991]
2025-09-14T04:36:56+02:00,[60],[402.174]
2025-09-14T04:36:55+02:00,[60],[402.674]
2025-09-14T04:36:54+02:00,[60],[402.551]
2025-09-14T04:36:53+02:00,[60],[402.642]
2025-09-14T04:36:52+02:00,[60],[402.886]
2025-09-14T04:36:51+02:00,[60],[402.987]
2025-09-14T04:36:50+02:00,[60],[402.717]
2025-09-14T04:36:49+02:00,[60],[402.49]
2025-09-14T04:36:48+02:00,[60],[402.674]
2025-09-14T04:36:47+02:00,[60],[403.678]
2025-09-14T04:36:46+02:00,[60],[403.803]
2025-09-14T04:36:45+02:00,[60],[403.526]
2025-09-14T04:36:44+02:00,[60],[403.524]
2025-09-14T04:36:43+02:00,[60],[403.765]
2025-09-14T04:36:42+02:00,[60],[403.358]
2025-09-14T04:36:41+02:00,[60],[403.677]
2025-09-14T04:36:40+02:00,[60],[404.262]
2025-09-14T04:36:39+02:00,[60],[403.902]
2025-09-14T04:36:38+02:00,[60],[403.547]
2025-09-14T04:36:37+02:00,[60],[403.62]
2025-09-14T04:36:36+02:00,[60],[403.435]
2025-09-14T04:36:35+02:00,[60],[403.182]
2025-09-14T04:36:34+02:00,[60],[403.467]
2025-09-14T04:36:33+02:00,[60],[403.79]
2025-09-14T04:36:32+02:00,[60],[403.915]
2025-09-14T04:36:31+02:00,[60],[404.075]
2025-09-14T04:36:30+02:00,[60],[404.042]
2025-09-14T04:36:29+02:00,[60],[404.189]
2025-09-14T04:36:28+02:00,[60],[404.299]
2025-09-14T04:36:27+02:00,[60],[404.299]
2025-09-14T04:36:26+02:00,[60],[404.403]
2025-09-14T04:36:25+02:00,[60],[404.413]
2025-09-14T04:36:24+02:00,[60],[404.873]
2025-09-14T04:36:23+02:00,[60],[404.909]
2025-09-14T04:36:22+02:00,[60],[404.752]
2025-09-14T04:36:21+02:00,[60],[404.67]
2025-09-14T04:36:20+02:00,[60],[404.561]
2025-09-14T04:36:19+02:00,[60],[404.943]
2025-09-14T04:36:18+02:00,[60],[404.89]
2025-09-14T04:36:17+02:00,[60],[404.648]
2025-09-14T04:36:16+02:00,[60],[404.521]
2025-09-14T04:36:15+02:00,[60],[404.659]
2025-09-14T04:36:14+02:00,[60],[404.654]
2025-09-14T04:36:13+02:00,[60],[404.933]
2025-09-14T04:36:12+02:00,[60],[404.779]
2025-09-14T04:36:11+02:00,[60],[405.08]
2025-09-14T04:36:10+02:00,[60],[404.966]
2025-09-14T04:36:08+02:00,[60],[405.281]
2025-09-14T04:36:07+02:00,[60],[405.398]
2025-09-14T04:36:06+02:00,[60],[405.869]
2025-09-14T04:36:05+02:00,[60],[405.76]
2025-09-14T04:36:04+02:00,[60],[405.539]
2025-09-14T04:36:03+02:00,[60],[406.018]
2025-09-14T04:36:02+02:00,[60],[406.257]
2025-09-14T04:36:01+02:00,[60],[406.218]
2025-09-14T04:36:00+02:00,[60],[406.271]
2025-09-14T04:35:59+02:00,[60],[406.427]
2025-09-14T04:35:58+02:00,[60],[406.651]
2025-09-14T04:35:57+02:00,[60],[406.783]
2025-09-14T04:35:56+02:00,[60],[406.938]
2025-09-14T04:35:55+02:00,[60],[406.662]
2025-09-14T04:35:54+02:00,[60],[406.476]
2025-09-14T04:35:53+02:00,[60],[406.616]
2025-09-14T04:35:52+02:00,[60],[406.821]
2025-09-14T04:35:51+02:00,[60],[406.93]
2025-09-14T04:35:50+02:00,[60],[407.026]
2025-09-14T04:35:49+02:00,[60],[406.897]
2025-09-14T04:35:48+02:00,[60],[406.854]
2025-09-14T04:35:47+02:00,[60],[406.877]
2025-09-14T04:35:46+02:00,[60],[406.994]
2025-09-14T04:35:45+02:00,[60],[406.658]
2025-09-14T04:35:44+02:00,[60],[406.478]
2025-09-14T04:35:43+02:00,[60],[406.122]
2025-09-14T04:35:42+02:00,[60],[405.813]
2025-09-14T04:35:41+02:00,[60],[405.794]
2025-09-14T04:35:40+02:00,[60],[405.088]
2025-09-14T04:35:39+02:00,[60],[405.761]
2025-09-14T04:35:38+02:00,[60],[406.713]
2025-09-14T04:35:37+02:00,[60],[406.753]
2025-09-14T04:35:36+02:00,[60],[406.823]
2025-09-14T04:35:35+02:00,[60],[406.943]
2025-09-14T04:35:34+02:00,[60],[406.871]
2025-09-14T04:35:33+02:00,[60],[407.034]
2025-09-14T04:35:32+02:00,[60],[407.1]
2025-09-14T04:35:31+02:00,[60],[407.01]
2025-09-14T04:35:30+02:00,[60],[407.263]
2025-09-14T04:35:29+02:00,[60],[407.327]
2025-09-14T04:35:28+02:00,[60],[407.777]
2025-09-14T04:35:27+02:00,[60],[407.763]
2025-09-14T04:35:26+02:00,[60],[407.751]
2025-09-14T04:35:25+02:00,[60],[407.927]
2025-09-14T04:35:24+02:00,[60],[407.779]
2025-09-14T04:35:23+02:00,[60],[407.669]
2025-09-14T04:35:22+02:00,[60],[407.553]
2025-09-14T04:35:21+02:00,[60],[407.764]
2025-09-14T04:35:20+02:00,[60],[407.866]
2025-09-14T04:35:19+02:00,[60],[407.755]
2025-09-14T04:35:18+02:00,[60],[408.073]
2025-09-14T04:35:17+02:00,[60],[408.07]
2025-09-14T04:35:16+02:00,[60],[408.155]
2025-09-14T04:35:15+02:00,[60],[407.944]
2025-09-14T04:35:14+02:00,[60],[407.141]
2025-09-14T04:35:13+02:00,[60],[407.118]
2025-09-14T04:35:12+02:00,[60],[407.052]
2025-09-14T04:35:11+02:00,[60],[407.19]
2025-09-14T04:35:10+02:00,[60],[407.05]
2025-09-14T04:35:09+02:00,[60],[407.087]
2025-09-14T04:35:08+02:00,[60],[407.554]
2025-09-14T04:35:07+02:00,[60],[407.355]
2025-09-14T04:35:06+02:00,[60],[407.628]
2025-09-14T04:35:05+02:00,[60],[407.621]
2025-09-14T04:35:04+02:00,[60],[408.475]
2025-09-14T04:35:03+02:00,[60],[407.623]
2025-09-14T04:35:02+02:00,[60],[407.964]
2025-09-14T04:35:01+02:00,[60],[408.067]
2025-09-14T04:35:00+02:00,[60],[408.067]
2025-09-14T04:34:59+02:00,[60],[408.067]
2025-09-14T04:34:58+02:00,[60],[408.067]
2025-09-14T04:34:57+02:00,[60],[408.067]
2025-09-14T04:34:56+02:00,[60],[408.067]
2025-09-14T04:34:55+02:00,[60],[408.067]
2025-09-14T04:34:54+02:00,[60],[408.084]
2025-09-14T04:34:53+02:00,[60],[408.062]
2025-09-14T04:34:52+02:00,[60],[408.027]
2025-09-14T04:34:51+02:00,[60],[407.861]
2025-09-14T04:34:50+02:00,[60],[407.863]
2025-09-14T04:34:49+02:00,[60],[407.811]
2025-09-14T04:34:48+02:00,[60],[407.737]
2025-09-14T04:34:47+02:00,[60],[407.712]
2025-09-14T04:34:46+02:00,[60],[407.628]
2025-09-14T04:34:45+02:00,[60],[407.357]
2025-09-14T04:34:44+02:00,[60],[406.822]
2025-09-14T04:34:43+02:00,[60],[406.506]
2025-09-14T04:34:42+02:00,[60],[406.376]
2025-09-14T04:34:41+02:00,[60],[406.639]
2025-09-14T04:34:40+02:00,[60],[406.751]
2025-09-14T04:34:39+02:00,[60],[406.664]
2025-09-14T04:34:38+02:00,[60],[406.658]
2025-09-14T04:34:37+02:00,[60],[406.583]
2025-09-14T04:34:36+02:00,[60],[406.548]
2025-09-14T04:34:35+02:00,[60],[406.857]
2025-09-14T04:34:34+02:00,[60],[406.468]
2025-09-14T04:34:33+02:00,[60],[406.234]
2025-09-14T04:34:32+02:00,[60],[406.209]
2025-09-14T04:34:31+02:00,[60],[406.651]
2025-09-14T04:34:30+02:00,[60],[406.871]
2025-09-14T04:34:29+02:00,[60],[406.508]
2025-09-14T04:34:28+02:00,[60],[406.325]
2025-09-14T04:34:27+02:00,[60],[406.57]
2025-09-14T04:34:26+02:00,[60],[406.772]
2025-09-14T04:34:25+02:00,[60],[406.66]
2025-09-14T04:34:24+02:00,[60],[406.561]
2025-09-14T04:34:23+02:00,[60],[406.125]
2025-09-14T04:34:22+02:00,[60],[406.505]
2025-09-14T04:34:21+02:00,[60],[406.471]
2025-09-14T04:34:20+02:00,[60],[406.613]
2025-09-14T04:34:19+02:00,[60],[406.768]
2025-09-14T04:34:18+02:00,[60],[406.641]
2025-09-14T04:34:17+02:00,[60],[407.038]
2025-09-14T04:34:16+02:00,[60],[406.837]
2025-09-14T04:34:15+02:00,[60],[406.287]
2025-09-14T04:34:14+02:00,[60],[407.008]
2025-09-14T04:34:13+02:00,[60],[407.986]
2025-09-14T04:34:12+02:00,[60],[406.042]
2025-09-14T04:34:11+02:00,[60],[406.062]
2025-09-14T04:34:10+02:00,[60],[405.912]
2025-09-14T04:34:09+02:00,[60],[405.378]
2025-09-14T04:34:08+02:00,[60],[405.764]
2025-09-14T04:34:07+02:00,[60],[405.619]
2025-09-14T04:34:06+02:00,[60],[405.727]
2025-09-14T04:34:05+02:00,[60],[406.365]
2025-09-14T04:34:04+02:00,[60],[406.223]
2025-09-14T04:34:03+02:00,[60],[406.396]
2025-09-14T04:34:02+02:00,[60],[406.457]
2025-09-14T04:34:01+02:00,[60],[406.157]
2025-09-14T04:34:00+02:00,[60],[406.189]
2025-09-14T04:33:59+02:00,[60],[406.163]
2025-09-14T04:33:58+02:00,[60],[406.651]
2025-09-14T04:33:57+02:00,[60],[407.067]
2025-09-14T04:33:55+02:00,[60],[407.024]
2025-09-14T04:33:54+02:00,[60],[406.773]
2025-09-14T04:33:53+02:00,[60],[406.582]
2025-09-14T04:33:52+02:00,[60],[406.677]
2025-09-14T04:33:51+02:00,[60],[406.609]
2025-09-14T04:33:50+02:00,[60],[406.681]
2025-09-14T04:33:49+02:00,[60],[406.589]
2025-09-14T04:33:48+02:00,[60],[406.83]
2025-09-14T04:33:47+02:00,[60],[406.6]
2025-09-14T04:33:46+02:00,[60],[406.697]
2025-09-14T04:33:45+02:00,[60],[406.702]
2025-09-14T04:33:44+02:00,[60],[406.369]
2025-09-14T04:33:43+02:00,[60],[406.147]
2025-09-14T04:33:42+02:00,[60],[406.337]
2025-09-14T04:33:41+02:00,[60],[406.275]
2025-09-14T04:33:40+02:00,[60],[406.473]
2025-09-14T04:33:39+02:00,[60],[406.598]
2025-09-14T04:33:38+02:00,[60],[406.819]
2025-09-14T04:33:37+02:00,[60],[406.835]
2025-09-14T04:33:36+02:00,[60],[407.156]
2025-09-14T04:33:35+02:00,[60],[407.795]
2025-09-14T04:33:34+02:00,[60],[407.85]
2025-09-14T04:33:33+02:00,[60],[407.751]
2025-09-14T04:33:32+02:00,[60],[407.873]
2025-09-14T04:33:31+02:00,[60],[407.643]
2025-09-14T04:33:30+02:00,[60],[407.78]
2025-09-14T04:33:29+02:00,[60],[407.94]
2025-09-14T04:33:28+02:00,[60],[408.151]
2025-09-14T04:33:27+02:00,[60],[408.739]
2025-09-14T04:33:26+02:00,[60],[408.545]
2025-09-14T04:33:25+02:00,[60],[408.52]
2025-09-14T04:33:24+02:00,[60],[408.626]
2025-09-14T04:33:23+02:00,[60],[408.445]
2025-09-14T04:33:22+02:00,[60],[408.465]
2025-09-14T04:33:21+02:00,[60],[408.454]
2025-09-14T04:33:20+02:00,[60],[408.561]
2025-09-14T04:33:19+02:00,[60],[408.428]
2025-09-14T04:33:18+02:00,[60],[408.45]
2025-09-14T04:33:17+02:00,[60],[408.367]
2025-09-14T04:33:16+02:00,[60],[408.367]
2025-09-14T04:33:15+02:00,[60],[408.378]
2025-09-14T04:33:14+02:00,[60],[408.431]
2025-09-14T04:33:13+02:00,[60],[408.396]
2025-09-14T04:33:12+02:00,[60],[408.409]
2025-09-14T04:33:11+02:00,[60],[408.444]
2025-09-14T04:33:10+02:00,[60],[408.409]
2025-09-14T04:33:09+02:00,[60],[408.29]
2025-09-14T04:33:08+02:00,[60],[408.29]
2025-09-14T04:33:07+02:00,[60],[408.29]
2025-09-14T04:33:06+02:00,[60],[408.29]
2025-09-14T04:33:05+02:00,[60],[408.29]
2025-09-14T04:33:04+02:00,[60],[408.29]
2025-09-14T04:33:03+02:00,[60],[408.29]
2025-09-14T04:33:02+02:00,[60],[408.306]
2025-09-14T04:33:01+02:00,[60],[408.261]
2025-09-14T04:33:00+02:00,[60],[408.284]
2025-09-14T04:32:59+02:00,[60],[408.249]
2025-09-14T04:32:58+02:00,[60],[408.374]
2025-09-14T04:32:57+02:00,[60],[408.412]
2025-09-14T04:32:56+02:00,[60],[408.472]
2025-09-14T04:32:55+02:00,[60],[408.539]
2025-09-14T04:32:54+02:00,[60],[408.342]
2025-09-14T04:32:53+02:00,[60],[408.286]
2025-09-14T04:32:52+02:00,[60],[408.361]
2025-09-14T04:32:51+02:00,[60],[408.309]
2025-09-14T04:32:50+02:00,[60],[408.331]
2025-09-14T04:32:49+02:00,[60],[408.306]
2025-09-14T04:32:48+02:00,[60],[408.384]
2025-09-14T04:32:47+02:00,[60],[408.409]
2025-09-14T04:32:46+02:00,[60],[408.349]
2025-09-14T04:32:45+02:00,[60],[408.349]
2025-09-14T04:32:44+02:00,[60],[408.349]
2025-09-14T04:32:43+02:00,[60],[408.349]
2025-09-14T04:32:42+02:00,[60],[408.349]
2025-09-14T04:32:41+02:00,[60],[408.349]
2025-09-14T04:32:40+02:00,[60],[408.349]
2025-09-14T04:32:39+02:00,[60],[408.367]
2025-09-14T04:32:38+02:00,[60],[408.437]
2025-09-14T04:32:37+02:00,[60],[408.567]
2025-09-14T04:32:36+02:00,[60],[408.725]
2025-09-14T04:32:35+02:00,[60],[408.725]
2025-09-14T04:32:34+02:00,[60],[408.672]
2025-09-14T04:32:33+02:00,[60],[408.805]
2025-09-14T04:32:32+02:00,[60],[408.802]
2025-09-14T04:32:31+02:00,[60],[408.843]
2025-09-14T04:32:30+02:00,[60],[408.917]
2025-09-14T04:32:29+02:00,[60],[409.008]
2025-09-14T04:32:28+02:00,[60],[408.677]
2025-09-14T04:32:27+02:00,[60],[408.771]
2025-09-14T04:32:26+02:00,[60],[408.883]
2025-09-14T04:32:25+02:00,[60],[408.822]
2025-09-14T04:32:24+02:00,[60],[408.943]
2025-09-14T04:32:23+02:00,[60],[408.94]
2025-09-14T04:32:22+02:00,[60],[408.979]
2025-09-14T04:32:21+02:00,[60],[409.835]
2025-09-14T04:32:20+02:00,[60],[409.776]
2025-09-14T04:32:19+02:00,[60],[408.614]
2025-09-14T04:32:18+02:00,[60],[408.944]
2025-09-14T04:32:17+02:00,[60],[408.958]
2025-09-14T04:32:16+02:00,[60],[409.448]
2025-09-14T04:32:15+02:00,[60],[409.668]
2025-09-14T04:32:14+02:00,[60],[409.113]
2025-09-14T04:32:13+02:00,[60],[408.872]
2025-09-14T04:32:12+02:00,[60],[408.343]
2025-09-14T04:32:11+02:00,[60],[408.306]
2025-09-14T04:32:10+02:00,[60],[408.569]
2025-09-14T04:32:09+02:00,[60],[408.227]
2025-09-14T04:32:08+02:00,[60],[408.328]
2025-09-14T04:32:07+02:00,[60],[407.911]
2025-09-14T04:32:06+02:00,[60],[407.994]
2025-09-14T04:32:05+02:00,[60],[407.685]
2025-09-14T04:32:04+02:00,[60],[407.667]
2025-09-14T04:32:03+02:00,[60],[408.112]
2025-09-14T04:32:02+02:00,[60],[408.175]
2025-09-14T04:32:01+02:00,[60],[408.447]
2025-09-14T04:32:00+02:00,[60],[408.543]
2025-09-14T04:31:59+02:00,[60],[408.611]
2025-09-14T04:31:58+02:00,[60],[408.769]
2025-09-14T04:31:57+02:00,[60],[408.857]
2025-09-14T04:31:56+02:00,[60],[409.456]
2025-09-14T04:31:55+02:00,[60],[409.277]
2025-09-14T04:31:54+02:00,[60],[408.796]
2025-09-14T04:31:53+02:00,[60],[409.21]
2025-09-14T04:31:52+02:00,[60],[409.312]
2025-09-14T04:31:50+02:00,[60],[409.249]
2025-09-14T04:31:49+02:00,[60],[409.382]
2025-09-14T04:31:48+02:00,[60],[409.186]
2025-09-14T04:31:47+02:00,[60],[408.801]
2025-09-14T04:31:46+02:00,[60],[408.521]
2025-09-14T04:31:45+02:00,[60],[409.108]
2025-09-14T04:31:44+02:00,[60],[409.823]
2025-09-14T04:31:43+02:00,[60],[409.793]
2025-09-14T04:31:42+02:00,[60],[409.838]
2025-09-14T04:31:41+02:00,[60],[409.545]
2025-09-14T04:31:40+02:00,[60],[409.943]
2025-09-14T04:31:39+02:00,[60],[410.12]
2025-09-14T04:31:38+02:00,[60],[409.882]
2025-09-14T04:31:37+02:00,[60],[409.672]
2025-09-14T04:31:36+02:00,[60],[410.074]
2025-09-14T04:31:35+02:00,[60],[409.883]
2025-09-14T04:31:34+02:00,[60],[410.4]
2025-09-14T04:31:33+02:00,[60],[410.359]
2025-09-14T04:31:32+02:00,[60],[410.449]
2025-09-14T04:31:31+02:00,[60],[409.872]
2025-09-14T04:31:30+02:00,[60],[409.735]
2025-09-14T04:31:29+02:00,[60],[409.849]
2025-09-14T04:31:28+02:00,[60],[409.805]
2025-09-14T04:31:27+02:00,[60],[409.987]
2025-09-14T04:31:26+02:00,[60],[410.23]
2025-09-14T04:31:25+02:00,[60],[410.296]
2025-09-14T04:31:24+02:00,[60],[410.202]
2025-09-14T04:31:23+02:00,[60],[409.821]
2025-09-14T04:31:22+02:00,[60],[409.366]
2025-09-14T04:31:21+02:00,[60],[409.71]
2025-09-14T04:31:20+02:00,[60],[409.813]
2025-09-14T04:31:19+02:00,[60],[409.936]
2025-09-14T04:31:18+02:00,[60],[409.73]
2025-09-14T04:31:17+02:00,[60],[409.722]
2025-09-14T04:31:16+02:00,[60],[409.611]
2025-09-14T04:31:15+02:00,[60],[409.654]
2025-09-14T04:31:14+02:00,[60],[409.257]
2025-09-14T04:31:13+02:00,[60],[409.551]
2025-09-14T04:31:12+02:00,[60],[410.005]
2025-09-14T04:31:11+02:00,[60],[409.427]
2025-09-14T04:31:10+02:00,[60],[409.257]
2025-09-14T04:31:09+02:00,[60],[409.279]
2025-09-14T04:31:08+02:00,[60],[408.711]
2025-09-14T04:31:07+02:00,[60],[409.001]
2025-09-14T04:31:06+02:00,[60],[409.228]
2025-09-14T04:31:05+02:00,[60],[409.271]
2025-09-14T04:31:04+02:00,[60],[408.645]
2025-09-14T04:31:03+02:00,[60],[408.202]
2025-09-14T04:31:02+02:00,[60],[408.393]
2025-09-14T04:31:01+02:00,[60],[408.92]
2025-09-14T04:31:00+02:00,[60],[409.494]
2025-09-14T04:30:59+02:00,[60],[409.061]
2025-09-14T04:30:58+02:00,[60],[408.775]
2025-09-14T04:30:57+02:00,[60],[408.233]
2025-09-14T04:30:56+02:00,[60],[408.462]
2025-09-14T04:30:55+02:00,[60],[408.322]
2025-09-14T04:30:54+02:00,[60],[407.653]
2025-09-14T04:30:53+02:00,[60],[407.494]
2025-09-14T04:30:52+02:00,[60],[407.767]
2025-09-14T04:30:51+02:00,[60],[407.68]
2025-09-14T04:30:50+02:00,[60],[407.485]
2025-09-14T04:30:49+02:00,[60],[407.419]
2025-09-14T04:30:48+02:00,[60],[407.161]
2025-09-14T04:30:47+02:00,[60],[407.228]
2025-09-14T04:30:46+02:00,[60],[407.288]
2025-09-14T04:30:45+02:00,[60],[406.842]
2025-09-14T04:30:44+02:00,[60],[406.376]
2025-09-14T04:30:43+02:00,[60],[406.134]
2025-09-14T04:30:42+02:00,[60],[406.583]
2025-09-14T04:30:41+02:00,[60],[406.109]
2025-09-14T04:30:40+02:00,[60],[406.411]
2025-09-14T04:30:39+02:00,[60],[406.451]
2025-09-14T04:30:38+02:00,[60],[406.696]
2025-09-14T04:30:37+02:00,[60],[406.323]
2025-09-14T04:30:36+02:00,[60],[405.695]
2025-09-14T04:30:35+02:00,[60],[405.841]
2025-09-14T04:30:34+02:00,[60],[405.568]
2025-09-14T04:30:33+02:00,[60],[405.81]
2025-09-14T04:30:32+02:00,[60],[405.491]
2025-09-14T04:30:31+02:00,[60],[404.987]
2025-09-14T04:30:30+02:00,[60],[405.42]
2025-09-14T04:30:29+02:00,[60],[405.522]
2025-09-14T04:30:28+02:00,[60],[405.287]
2025-09-14T04:30:27+02:00,[60],[404.974]
2025-09-14T04:30:26+02:00,[60],[404.48]
2025-09-14T04:30:25+02:00,[60],[404.524]
2025-09-14T04:30:24+02:00,[60],[404.54]
2025-09-14T04:30:23+02:00,[60],[404.109]
2025-09-14T04:30:22+02:00,[60],[403.953]
2025-09-14T04:30:21+02:00,[60],[403.838]
2025-09-14T04:30:20+02:00,[60],[403.83]
2025-09-14T04:30:19+02:00,[60],[403.675]
2025-09-14T04:30:18+02:00,[60],[403.666]
2025-09-14T04:30:17+02:00,[60],[403.569]
2025-09-14T04:30:16+02:00,[60],[403.41]
2025-09-14T04:30:15+02:00,[60],[403.18]
2025-09-14T04:30:14+02:00,[60],[403.197]
2025-09-14T04:30:13+02:00,[60],[402.669]
2025-09-14T04:30:12+02:00,[60],[402.356]
2025-09-14T04:30:11+02:00,[60],[402.691]
2025-09-14T04:30:10+02:00,[60],[402.748]
2025-09-14T04:30:09+02:00,[60],[403.076]
2025-09-14T04:30:08+02:00,[60],[403.115]
2025-09-14T04:30:07+02:00,[60],[402.608]
2025-09-14T04:30:06+02:00,[60],[402.105]
2025-09-14T04:30:05+02:00,[60],[401.366]
2025-09-14T04:30:04+02:00,[60],[401.931]
2025-09-14T04:30:03+02:00,[60],[402.013]
2025-09-14T04:30:02+02:00,[60],[401.539]
2025-09-14T04:30:01+02:00,[60],[401.212]
2025-09-14T04:30:00+02:00,[60],[400.924]
2025-09-14T04:29:59+02:00,[60],[400.874]
2025-09-14T04:29:58+02:00,[60],[401.234]
2025-09-14T04:29:57+02:00,[60],[400.945]
2025-09-14T04:29:56+02:00,[60],[400.69]
2025-09-14T04:29:55+02:00,[60],[400.765]
2025-09-14T04:29:54+02:00,[60],[400.016]
2025-09-14T04:29:53+02:00,[60],[400.212]
2025-09-14T04:29:52+02:00,[60],[400.466]
2025-09-14T04:29:51+02:00,[60],[399.991]
2025-09-14T04:29:50+02:00,[60],[399.705]
2025-09-14T04:29:49+02:00,[60],[399.669]
2025-09-14T04:29:48+02:00,[60],[399.642]
2025-09-14T04:29:47+02:00,[60],[399.364]
2025-09-14T04:29:45+02:00,[60],[399.662]
2025-09-14T04:29:44+02:00,[60],[399.089]
2025-09-14T04:29:43+02:00,[60],[399.156]
2025-09-14T04:29:42+02:00,[60],[398.94]
2025-09-14T04:29:41+02:00,[60],[399.301]
2025-09-14T04:29:40+02:00,[60],[399.346]
2025-09-14T04:29:39+02:00,[60],[400.404]
2025-09-14T04:29:38+02:00,[60],[399.839]
2025-09-14T04:29:37+02:00,[60],[399.183]
2025-09-14T04:29:36+02:00,[60],[399.477]
2025-09-14T04:29:35+02:00,[60],[399.271]
2025-09-14T04:29:34+02:00,[60],[398.774]
2025-09-14T04:29:33+02:00,[60],[398.679]
2025-09-14T04:29:32+02:00,[60],[398.404]
2025-09-14T04:29:31+02:00,[60],[398.313]
2025-09-14T04:29:30+02:00,[60],[398.634]
2025-09-14T04:29:29+02:00,[60],[398.367]
2025-09-14T04:29:28+02:00,[60],[398.177]
2025-09-14T04:29:27+02:00,[60],[397.824]
2025-09-14T04:29:26+02:00,[60],[397.964]
2025-09-14T04:29:25+02:00,[60],[397.806]
2025-09-14T04:29:24+02:00,[60],[397.62]
2025-09-14T04:29:23+02:00,[60],[397.563]
2025-09-14T04:29:22+02:00,[60],[397.475]
2025-09-14T04:29:21+02:00,[60],[397.247]
2025-09-14T04:29:20+02:00,[60],[397.259]
2025-09-14T04:29:19+02:00,[60],[396.93]
2025-09-14T04:29:18+02:00,[60],[396.835]
2025-09-14T04:29:17+02:00,[60],[396.828]
2025-09-14T04:29:16+02:00,[60],[397.112]
2025-09-14T04:29:15+02:00,[60],[396.905]
2025-09-14T04:29:14+02:00,[60],[396.598]
2025-09-14T04:29:13+02:00,[60],[396.784]
2025-09-14T04:29:12+02:00,[60],[396.804]
2025-09-14T04:29:11+02:00,[60],[396.878]
2025-09-14T04:29:10+02:00,[60],[396.811]
2025-09-14T04:29:09+02:00,[60],[396.596]
2025-09-14T04:29:08+02:00,[60],[396.173]
2025-09-14T04:29:07+02:00,[60],[395.959]
2025-09-14T04:29:06+02:00,[60],[396.234]
2025-09-14T04:29:05+02:00,[60],[396.454]
2025-09-14T04:29:04+02:00,[60],[395.992]
2025-09-14T04:29:03+02:00,[60],[395.882]
2025-09-14T04:29:02+02:00,[60],[396.004]
2025-09-14T04:29:01+02:00,[60],[395.725]
2025-09-14T04:29:00+02:00,[60],[395.906]
2025-09-14T04:28:59+02:00,[60],[395.855]
2025-09-14T04:28:58+02:00,[60],[395.931]
2025-09-14T04:28:57+02:00,[60],[395.731]
2025-09-14T04:28:56+02:00,[60],[395.437]
2025-09-14T04:28:55+02:00,[60],[395.519]
2025-09-14T04:28:54+02:00,[60],[395.884]
2025-09-14T04:28:53+02:00,[60],[396.229]
2025-09-14T04:28:52+02:00,[60],[396.108]
2025-09-14T04:28:51+02:00,[60],[396.375]
2025-09-14T04:28:50+02:00,[60],[395.726]
2025-09-14T04:28:49+02:00,[60],[395.876]
2025-09-14T04:28:48+02:00,[60],[395.782]
2025-09-14T04:28:47+02:00,[60],[395.917]
2025-09-14T04:28:46+02:00,[60],[396.404]
2025-09-14T04:28:45+02:00,[60],[395.992]
2025-09-14T04:28:44+02:00,[60],[396.123]
2025-09-14T04:28:43+02:00,[60],[396.42]
2025-09-14T04:28:42+02:00,[60],[396.221]
2025-09-14T04:28:41+02:00,[60],[395.944]
2025-09-14T04:28:40+02:00,[60],[395.768]
2025-09-14T04:28:39+02:00,[60],[395.661]
2025-09-14T04:28:38+02:00,[60],[396.525]
2025-09-14T04:28:37+02:00,[60],[396.618]
2025-09-14T04:28:36+02:00,[60],[396.087]
2025-09-14T04:28:35+02:00,[60],[396.662]
2025-09-14T04:28:34+02:00,[60],[396.504]
2025-09-14T04:28:33+02:00,[60],[396.519]
2025-09-14T04:28:32+02:00,[60],[396.535]
2025-09-14T04:28:31+02:00,[60],[396.609]
2025-09-14T04:28:30+02:00,[60],[396.549]
2025-09-14T04:28:29+02:00,[60],[396.748]
2025-09-14T04:28:28+02:00,[60],[397.145]
2025-09-14T04:28:27+02:00,[60],[397.313]
2025-09-14T04:28:26+02:00,[60],[397.211]
2025-09-14T04:28:25+02:00,[60],[397.499]
2025-09-14T04:28:24+02:00,[60],[397.438]
2025-09-14T04:28:23+02:00,[60],[397.869]
2025-09-14T04:28:22+02:00,[60],[398.479]
2025-09-14T04:28:21+02:00,[60],[398.797]
2025-09-14T04:28:20+02:00,[60],[398.814]
2025-09-14T04:28:19+02:00,[60],[399.138]
2025-09-14T04:28:18+02:00,[60],[399.124]
2025-09-14T04:28:17+02:00,[60],[398.817]
2025-09-14T04:28:16+02:00,[60],[398.556]
2025-09-14T04:28:15+02:00,[60],[398.523]
2025-09-14T04:28:14+02:00,[60],[398.965]
2025-09-14T04:28:13+02:00,[60],[399.154]
2025-09-14T04:28:12+02:00,[60],[398.945]
2025-09-14T04:28:11+02:00,[60],[399.159]
2025-09-14T04:28:10+02:00,[60],[399.429]
2025-09-14T04:28:09+02:00,[60],[399.426]
2025-09-14T04:28:08+02:00,[60],[399.222]
2025-09-14T04:28:07+02:00,[60],[399.535]
2025-09-14T04:28:06+02:00,[60],[399.606]
2025-09-14T04:28:05+02:00,[60],[399.583]
2025-09-14T04:28:04+02:00,[60],[398.523]
2025-09-14T04:28:03+02:00,[60],[398.624]
2025-09-14T04:28:02+02:00,[60],[398.877]
2025-09-14T04:28:01+02:00,[60],[399.245]
2025-09-14T04:28:00+02:00,[60],[399.397]
2025-09-14T04:27:59+02:00,[60],[399.141]
2025-09-14T04:27:58+02:00,[60],[398.699]
2025-09-14T04:27:57+02:00,[60],[398.706]
2025-09-14T04:27:56+02:00,[60],[399.049]
2025-09-14T04:27:55+02:00,[60],[399.517]
2025-09-14T04:27:54+02:00,[60],[399.063]
2025-09-14T04:27:53+02:00,[60],[398.818]
2025-09-14T04:27:52+02:00,[60],[398.966]
2025-09-14T04:27:51+02:00,[60],[399.452]
2025-09-14T04:27:50+02:00,[60],[399.217]
2025-09-14T04:27:49+02:00,[60],[399.106]
2025-09-14T04:27:48+02:00,[60],[398.914]
2025-09-14T04:27:47+02:00,[60],[399.092]
2025-09-14T04:27:46+02:00,[60],[399.518]
2025-09-14T04:27:45+02:00,[60],[399.511]
2025-09-14T04:27:44+02:00,[60],[399.665]
2025-09-14T04:27:43+02:00,[60],[399.76]
2025-09-14T04:27:42+02:00,[60],[399.825]
2025-09-14T04:27:41+02:00,[60],[399.862]
2025-09-14T04:27:39+02:00,[60],[400.313]
2025-09-14T04:27:38+02:00,[60],[400.632]
2025-09-14T04:27:37+02:00,[60],[400.594]
2025-09-14T04:27:36+02:00,[60],[400.582]
2025-09-14T04:27:35+02:00,[60],[400.953]
2025-09-14T04:27:34+02:00,[60],[400.771]
2025-09-14T04:27:33+02:00,[60],[401.074]
2025-09-14T04:27:32+02:00,[60],[400.847]
2025-09-14T04:27:31+02:00,[60],[400.737]
2025-09-14T04:27:30+02:00,[60],[400.89]
2025-09-14T04:27:29+02:00,[60],[400.919]
2025-09-14T04:27:28+02:00,[60],[400.852]
2025-09-14T04:27:27+02:00,[60],[401.529]
2025-09-14T04:27:26+02:00,[60],[401.743]
2025-09-14T04:27:25+02:00,[60],[401.522]
2025-09-14T04:27:24+02:00,[60],[401.781]
2025-09-14T04:27:23+02:00,[60],[401.944]
2025-09-14T04:27:22+02:00,[60],[402.41]
2025-09-14T04:27:21+02:00,[60],[402.605]
2025-09-14T04:27:20+02:00,[60],[402.383]
2025-09-14T04:27:19+02:00,[60],[402.399]
2025-09-14T04:27:18+02:00,[60],[402.531]
2025-09-14T04:27:17+02:00,[60],[402.448]
2025-09-14T04:27:16+02:00,[60],[402.632]
2025-09-14T04:27:15+02:00,[60],[403.015]
2025-09-14T04:27:14+02:00,[60],[402.665]
2025-09-14T04:27:13+02:00,[60],[402.601]
2025-09-14T04:27:12+02:00,[60],[403.257]
2025-09-14T04:27:11+02:00,[60],[403.306]
2025-09-14T04:27:10+02:00,[60],[402.982]
2025-09-14T04:27:09+02:00,[60],[403.58]
2025-09-14T04:27:08+02:00,[60],[403.099]
2025-09-14T04:27:07+02:00,[60],[403.746]
2025-09-14T04:27:06+02:00,[60],[403.685]
2025-09-14T04:27:05+02:00,[60],[403.647]
2025-09-14T04:27:04+02:00,[60],[403.231]
2025-09-14T04:27:03+02:00,[60],[403.427]
2025-09-14T04:27:02+02:00,[60],[403.942]
2025-09-14T04:27:01+02:00,[60],[403.89]
2025-09-14T04:27:00+02:00,[60],[403.795]
2025-09-14T04:26:59+02:00,[60],[403.989]
2025-09-14T04:26:58+02:00,[60],[404.371]
2025-09-14T04:26:57+02:00,[60],[404.686]
2025-09-14T04:26:56+02:00,[60],[404.57]
2025-09-14T04:26:55+02:00,[60],[404.297]
2025-09-14T04:26:54+02:00,[60],[404.642]
2025-09-14T04:26:53+02:00,[60],[404.4]
2025-09-14T04:26:52+02:00,[60],[404.133]
2025-09-14T04:26:51+02:00,[60],[403.622]
2025-09-14T04:26:50+02:00,[60],[403.971]
2025-09-14T04:26:49+02:00,[60],[404.138]
2025-09-14T04:26:48+02:00,[60],[404.569]
2025-09-14T04:26:47+02:00,[60],[404.597]
2025-09-14T04:26:46+02:00,[60],[404.747]
2025-09-14T04:26:45+02:00,[60],[405.183]
2025-09-14T04:26:44+02:00,[60],[404.872]
2025-09-14T04:26:43+02:00,[60],[404.627]
2025-09-14T04:26:42+02:00,[60],[404.803]
2025-09-14T04:26:41+02:00,[60],[404.738]
2025-09-14T04:26:40+02:00,[60],[404.906]
2025-09-14T04:26:39+02:00,[60],[404.943]
2025-09-14T04:26:38+02:00,[60],[404.898]
2025-09-14T04:26:37+02:00,[60],[404.649]
2025-09-14T04:26:36+02:00,[60],[404.302]
2025-09-14T04:26:35+02:00,[60],[404.171]
2025-09-14T04:26:34+02:00,[60],[403.379]
2025-09-14T04:26:33+02:00,[60],[403.857]
2025-09-14T04:26:32+02:00,[60],[403.682]
2025-09-14T04:26:31+02:00,[60],[403.809]
2025-09-14T04:26:30+02:00,[60],[403.264]
2025-09-14T04:26:29+02:00,[60],[403.194]
2025-09-14T04:26:28+02:00,[60],[403.825]
2025-09-14T04:26:27+02:00,[60],[403.535]
2025-09-14T04:26:26+02:00,[60],[404.485]
2025-09-14T04:26:25+02:00,[60],[404.885]
2025-09-14T04:26:24+02:00,[60],[404.613]
2025-09-14T04:26:23+02:00,[60],[404.177]
2025-09-14T04:26:22+02:00,[60],[404.505]
2025-09-14T04:26:21+02:00,[60],[404.307]
2025-09-14T04:26:20+02:00,[60],[403.966]
2025-09-14T04:26:19+02:00,[60],[404.48]
2025-09-14T04:26:18+02:00,[60],[404.156]
2025-09-14T04:26:17+02:00,[60],[403.727]
2025-09-14T04:26:16+02:00,[60],[404.139]
2025-09-14T04:26:14+02:00,[60],[404.105]
2025-09-14T04:26:13+02:00,[60],[404.52]
2025-09-14T04:26:12+02:00,[60],[404.742]
2025-09-14T04:26:11+02:00,[60],[404.645]
2025-09-14T04:26:10+02:00,[60],[404.52]
2025-09-14T04:26:09+02:00,[60],[404.118]
2025-09-14T04:26:08+02:00,[60],[404.015]
2025-09-14T04:26:07+02:00,[60],[403.713]
2025-09-14T04:26:06+02:00,[60],[403.831]
2025-09-14T04:26:05+02:00,[60],[403.796]
2025-09-14T04:26:04+02:00,[60],[403.566]
2025-09-14T04:26:03+02:00,[60],[403.217]
2025-09-14T04:26:02+02:00,[60],[403.241]
2025-09-14T04:26:01+02:00,[60],[403.282]
2025-09-14T04:26:00+02:00,[60],[402.964]
2025-09-14T04:25:59+02:00,[60],[403.318]
2025-09-14T04:25:58+02:00,[60],[402.787]
2025-09-14T04:25:57+02:00,[60],[402.615]
2025-09-14T04:25:56+02:00,[60],[402.691]
2025-09-14T04:25:55+02:00,[60],[401.794]
2025-09-14T04:25:54+02:00,[60],[402.138]
2025-09-14T04:25:53+02:00,[60],[402.295]
2025-09-14T04:25:52+02:00,[60],[401.997]
2025-09-14T04:25:51+02:00,[60],[401.679]
2025-09-14T04:25:50+02:00,[60],[401.81]
2025-09-14T04:25:49+02:00,[60],[401.65]
2025-09-14T04:25:48+02:00,[60],[401.961]
2025-09-14T04:25:47+02:00,[60],[401.397]
2025-09-14T04:25:46+02:00,[60],[401.489]
2025-09-14T04:25:45+02:00,[60],[401.188]
2025-09-14T04:25:44+02:00,[60],[401.294]
2025-09-14T04:25:43+02:00,[60],[401.042]
2025-09-14T04:25:42+02:00,[60],[401.04]
2025-09-14T04:25:41+02:00,[60],[400.566]
2025-09-14T04:25:40+02:00,[60],[400.462]
2025-09-14T04:25:39+02:00,[60],[400.434]
2025-09-14T04:25:38+02:00,[60],[400.595]
2025-09-14T04:25:37+02:00,[60],[400.051]
2025-09-14T04:25:36+02:00,[60],[399.895]
2025-09-14T04:25:35+02:00,[60],[399.937]
2025-09-14T04:25:34+02:00,[60],[399.125]
2025-09-14T04:25:33+02:00,[60],[399.332]
2025-09-14T04:25:32+02:00,[60],[399.123]
2025-09-14T04:25:31+02:00,[60],[398.513]
2025-09-14T04:25:30+02:00,[60],[399.536]
2025-09-14T04:25:29+02:00,[60],[399.589]
2025-09-14T04:25:28+02:00,[60],[399.511]
2025-09-14T04:25:27+02:00,[60],[399.7]
2025-09-14T04:25:26+02:00,[60],[399.132]
2025-09-14T04:25:25+02:00,[60],[399.335]
2025-09-14T04:25:24+02:00,[60],[399.022]
2025-09-14T04:25:23+02:00,[60],[399.478]
2025-09-14T04:25:22+02:00,[60],[399.08]
2025-09-14T04:25:21+02:00,[60],[399.136]
2025-09-14T04:25:20+02:00,[60],[399.071]
2025-09-14T04:25:19+02:00,[60],[399.069]
2025-09-14T04:25:18+02:00,[60],[399.13]
2025-09-14T04:25:17+02:00,[60],[399.053]
2025-09-14T04:25:16+02:00,[60],[399.147]
2025-09-14T04:25:15+02:00,[60],[398.791]
2025-09-14T04:25:14+02:00,[60],[399.192]
2025-09-14T04:25:13+02:00,[60],[399.382]
2025-09-14T04:25:12+02:00,[60],[399.345]
2025-09-14T04:25:11+02:00,[60],[399.412]
2025-09-14T04:25:10+02:00,[60],[399.42]
2025-09-14T04:25:09+02:00,[60],[399.213]
2025-09-14T04:25:08+02:00,[60],[399.21]
2025-09-14T04:25:07+02:00,[60],[398.728]
2025-09-14T04:25:06+02:00,[60],[398.955]
2025-09-14T04:25:05+02:00,[60],[399.09]
2025-09-14T04:25:04+02:00,[60],[398.953]
2025-09-14T04:25:03+02:00,[60],[398.802]
2025-09-14T04:25:02+02:00,[60],[398.481]
2025-09-14T04:25:01+02:00,[60],[398.429]
2025-09-14T04:25:00+02:00,[60],[398.775]
2025-09-14T04:24:59+02:00,[60],[398.644]
2025-09-14T04:24:58+02:00,[60],[398.386]
2025-09-14T04:24:57+02:00,[60],[398.405]
2025-09-14T04:24:56+02:00,[60],[398.62]
2025-09-14T04:24:55+02:00,[60],[398.172]
2025-09-14T04:24:54+02:00,[60],[397.716]
2025-09-14T04:24:53+02:00,[60],[397.333]
2025-09-14T04:24:52+02:00,[60],[397.027]
2025-09-14T04:24:51+02:00,[60],[397.368]
2025-09-14T04:24:50+02:00,[60],[396.7]
2025-09-14T04:24:49+02:00,[60],[396.369]
2025-09-14T04:24:48+02:00,[60],[396.356]
2025-09-14T04:24:47+02:00,[60],[396.399]
2025-09-14T04:24:46+02:00,[60],[395.545]
2025-09-14T04:24:45+02:00,[60],[396.042]
2025-09-14T04:24:44+02:00,[60],[396.133]
2025-09-14T04:24:43+02:00,[60],[396.028]
2025-09-14T04:24:42+02:00,[60],[395.703]
2025-09-14T04:24:41+02:00,[60],[395.93]
2025-09-14T04:24:40+02:00,[60],[396.575]
2025-09-14T04:24:39+02:00,[60],[396.805]
2025-09-14T04:24:38+02:00,[60],[396.382]
2025-09-14T04:24:37+02:00,[60],[397.011]
2025-09-14T04:24:36+02:00,[60],[396.855]
2025-09-14T04:24:35+02:00,[60],[396.774]
2025-09-14T04:24:34+02:00,[60],[396.244]
2025-09-14T04:24:33+02:00,[60],[395.697]
2025-09-14T04:24:32+02:00,[60],[395.173]
2025-09-14T04:24:31+02:00,[60],[395.673]
2025-09-14T04:24:30+02:00,[60],[395.3]
2025-09-14T04:24:29+02:00,[60],[395.341]
2025-09-14T04:24:28+02:00,[60],[395.382]
2025-09-14T04:24:27+02:00,[60],[395.479]
2025-09-14T04:24:26+02:00,[60],[394.791]
2025-09-14T04:24:25+02:00,[60],[394.793]
2025-09-14T04:24:24+02:00,[60],[394.33]
2025-09-14T04:24:23+02:00,[60],[394.474]
2025-09-14T04:24:22+02:00,[60],[394.358]
2025-09-14T04:24:21+02:00,[60],[394.758]
2025-09-14T04:24:20+02:00,[60],[394.255]
2025-09-14T04:24:19+02:00,[60],[395.026]
2025-09-14T04:24:18+02:00,[60],[394.494]
2025-09-14T04:24:17+02:00,[60],[394.713]
2025-09-14T04:24:16+02:00,[60],[395.051]
2025-09-14T04:24:15+02:00,[60],[394.934]
2025-09-14T04:24:14+02:00,[60],[394.597]
2025-09-14T04:24:13+02:00,[60],[394.56]
2025-09-14T04:24:12+02:00,[60],[394.518]
2025-09-14T04:24:11+02:00,[60],[394.572]
2025-09-14T04:24:10+02:00,[60],[394.367]
2025-09-14T04:24:09+02:00,[60],[394.521]
2025-09-14T04:24:08+02:00,[60],[394.562]
2025-09-14T04:24:07+02:00,[60],[394.458]
2025-09-14T04:24:06+02:00,[60],[394.224]
2025-09-14T04:24:05+02:00,[60],[394.421]
2025-09-14T04:24:04+02:00,[60],[394.529]
2025-09-14T04:24:03+02:00,[60],[395.147]
2025-09-14T04:24:02+02:00,[60],[394.804]
2025-09-14T04:24:01+02:00,[60],[394.819]
2025-09-14T04:24:00+02:00,[60],[395.571]
2025-09-14T04:23:59+02:00,[60],[395.155]
2025-09-14T04:23:58+02:00,[60],[395.558]
2025-09-14T04:23:57+02:00,[60],[395.67]
2025-09-14T04:23:56+02:00,[60],[395.729]
2025-09-14T04:23:55+02:00,[60],[396.008]
2025-09-14T04:23:54+02:00,[60],[395.921]
2025-09-14T04:23:53+02:00,[60],[395.829]
2025-09-14T04:23:52+02:00,[60],[396.099]
2025-09-14T04:23:51+02:00,[60],[395.809]
2025-09-14T04:23:50+02:00,[60],[396.031]
2025-09-14T04:23:49+02:00,[60],[396.361]
2025-09-14T04:23:48+02:00,[60],[396.759]
2025-09-14T04:23:47+02:00,[60],[396.753]
2025-09-14T04:23:46+02:00,[60],[396.68]
2025-09-14T04:23:45+02:00,[60],[396.697]
2025-09-14T04:23:44+02:00,[60],[397.089]
2025-09-14T04:23:43+02:00,[60],[397.495]
2025-09-14T04:23:42+02:00,[60],[397.668]
2025-09-14T04:23:41+02:00,[60],[396.573]
2025-09-14T04:23:40+02:00,[60],[396.696]
2025-09-14T04:23:39+02:00,[60],[397.151]
2025-09-14T04:23:38+02:00,[60],[396.86]
2025-09-14T04:23:37+02:00,[60],[396.777]
2025-09-14T04:23:36+02:00,[60],[396.852]
2025-09-14T04:23:35+02:00,[60],[396.913]
2025-09-14T04:23:34+02:00,[60],[396.574]
2025-09-14T04:23:33+02:00,[60],[396.51]
2025-09-14T04:23:32+02:00,[60],[396.195]
2025-09-14T04:23:31+02:00,[60],[396.216]
2025-09-14T04:23:30+02:00,[60],[396.446]
2025-09-14T04:23:29+02:00,[60],[396.449]
2025-09-14T04:23:28+02:00,[60],[396.179]
2025-09-14T04:23:27+02:00,[60],[396.147]
2025-09-14T04:23:26+02:00,[60],[396.368]
2025-09-14T04:23:25+02:00,[60],[396.285]
2025-09-14T04:23:24+02:00,[60],[396.984]
2025-09-14T04:23:23+02:00,[60],[396.799]
2025-09-14T04:23:22+02:00,[60],[397.188]
2025-09-14T04:23:21+02:00,[60],[397.129]
2025-09-14T04:23:20+02:00,[60],[397.726]
2025-09-14T04:23:19+02:00,[60],[397.89]
2025-09-14T04:23:18+02:00,[60],[397.867]
2025-09-14T04:23:17+02:00,[60],[398.104]
2025-09-14T04:23:16+02:00,[60],[397.88]
2025-09-14T04:23:15+02:00,[60],[397.968]
2025-09-14T04:23:14+02:00,[60],[398.226]
2025-09-14T04:23:13+02:00,[60],[398.348]
2025-09-14T04:23:12+02:00,[60],[398.388]
2025-09-14T04:23:11+02:00,[60],[398.246]
2025-09-14T04:23:10+02:00,[60],[398.482]
2025-09-14T04:23:09+02:00,[60],[397.991]
2025-09-14T04:23:08+02:00,[60],[398.346]
2025-09-14T04:23:07+02:00,[60],[398.831]
2025-09-14T04:23:06+02:00,[60],[398.601]
2025-09-14T04:23:05+02:00,[60],[399.093]
2025-09-14T04:23:04+02:00,[60],[399.04]
2025-09-14T04:23:03+02:00,[60],[399.033]
2025-09-14T04:23:02+02:00,[60],[398.741]
2025-09-14T04:23:01+02:00,[60],[399.474]
2025-09-14T04:23:00+02:00,[60],[399.531]
2025-09-14T04:22:59+02:00,[60],[399.322]
2025-09-14T04:22:58+02:00,[60],[399.561]
2025-09-14T04:22:57+02:00,[60],[399.613]
2025-09-14T04:22:56+02:00,[60],[399.878]
2025-09-14T04:22:55+02:00,[60],[399.394]
2025-09-14T04:22:54+02:00,[60],[399.414]
2025-09-14T04:22:53+02:00,[60],[399.716]
2025-09-14T04:22:52+02:00,[60],[400.202]
2025-09-14T04:22:51+02:00,[60],[400.565]
2025-09-14T04:22:50+02:00,[60],[400.177]
2025-09-14T04:22:49+02:00,[60],[399.711]
2025-09-14T04:22:48+02:00,[60],[399.783]
2025-09-14T04:22:47+02:00,[60],[400.205]
2025-09-14T04:22:46+02:00,[60],[400.207]
2025-09-14T04:22:45+02:00,[60],[400.632]
2025-09-14T04:22:44+02:00,[60],[400.85]
2025-09-14T04:22:43+02:00,[60],[401.241]
2025-09-14T04:22:42+02:00,[60],[401.246]
2025-09-14T04:22:41+02:00,[60],[401.305]
2025-09-14T04:22:40+02:00,[60],[401.489]
2025-09-14T04:22:39+02:00,[60],[402.078]
2025-09-14T04:22:38+02:00,[60],[402.255]
2025-09-14T04:22:37+02:00,[60],[402.14]
2025-09-14T04:22:36+02:00,[60],[402.372]
2025-09-14T04:22:35+02:00,[60],[402.66]
2025-09-14T04:22:34+02:00,[60],[403.031]
2025-09-14T04:22:33+02:00,[60],[403.199]
2025-09-14T04:22:32+02:00,[60],[402.567]
2025-09-14T04:22:31+02:00,[60],[403.034]
2025-09-14T04:22:30+02:00,[60],[403.425]
2025-09-14T04:22:29+02:00,[60],[403.415]
2025-09-14T04:22:28+02:00,[60],[403.959]
2025-09-14T04:22:27+02:00,[60],[404.018]
2025-09-14T04:22:26+02:00,[60],[403.656]
2025-09-14T04:22:25+02:00,[60],[404.1]
2025-09-14T04:22:24+02:00,[60],[404.524]
2025-09-14T04:22:23+02:00,[60],[404.494]
2025-09-14T04:22:22+02:00,[60],[404.916]
2025-09-14T04:22:21+02:00,[60],[405.481]
2025-09-14T04:22:20+02:00,[60],[405.459]
2025-09-14T04:22:19+02:00,[60],[405.739]
2025-09-14T04:22:18+02:00,[60],[405.7]
2025-09-14T04:22:17+02:00,[60],[405.82]
2025-09-14T04:22:16+02:00,[60],[405.78]
2025-09-14T04:22:15+02:00,[60],[405.518]
2025-09-14T04:22:14+02:00,[60],[405.521]
2025-09-14T04:22:13+02:00,[60],[405.486]
2025-09-14T04:22:12+02:00,[60],[405.817]
2025-09-14T04:22:11+02:00,[60],[406.104]
2025-09-14T04:22:10+02:00,[60],[406.054]
2025-09-14T04:22:09+02:00,[60],[406.396]
2025-09-14T04:22:08+02:00,[60],[406.389]
2025-09-14T04:22:07+02:00,[60],[406.025]
2025-09-14T04:22:06+02:00,[60],[406.741]
2025-09-14T04:22:05+02:00,[60],[406.952]
2025-09-14T04:22:04+02:00,[60],[407.201]
2025-09-14T04:22:03+02:00,[60],[407.239]
2025-09-14T04:22:02+02:00,[60],[407.351]
2025-09-14T04:22:01+02:00,[60],[407.655]
2025-09-14T04:22:00+02:00,[60],[407.831]
2025-09-14T04:21:59+02:00,[60],[407.489]
2025-09-14T04:21:58+02:00,[60],[407.434]
2025-09-14T04:21:57+02:00,[60],[407.516]
2025-09-14T04:21:56+02:00,[60],[407.962]
2025-09-14T04:21:55+02:00,[60],[407.866]
2025-09-14T04:21:54+02:00,[60],[408.01]
2025-09-14T04:21:53+02:00,[60],[408.237]
2025-09-14T04:21:52+02:00,[60],[408.232]
2025-09-14T04:21:51+02:00,[60],[408.877]
2025-09-14T04:21:50+02:00,[60],[409.284]
2025-09-14T04:21:49+02:00,[60],[409.512]
2025-09-14T04:21:48+02:00,[60],[408.969]
2025-09-14T04:21:47+02:00,[60],[408.8]
2025-09-14T04:21:46+02:00,[60],[409.295]
2025-09-14T04:21:45+02:00,[60],[409.104]
2025-09-14T04:21:44+02:00,[60],[408.959]
2025-09-14T04:21:43+02:00,[60],[409.324]
2025-09-14T04:21:42+02:00,[60],[409.303]
2025-09-14T04:21:41+02:00,[60],[409.925]
2025-09-14T04:21:40+02:00,[60],[409.778]
2025-09-14T04:21:39+02:00,[60],[409.831]
2025-09-14T04:21:38+02:00,[60],[409.625]
2025-09-14T04:21:37+02:00,[60],[409.588]
2025-09-14T04:21:36+02:00,[60],[409.511]
2025-09-14T04:21:35+02:00,[60],[409.495]
2025-09-14T04:21:34+02:00,[60],[409.319]
2025-09-14T04:21:33+02:00,[60],[409.585]
2025-09-14T04:21:32+02:00,[60],[410.162]
2025-09-14T04:21:31+02:00,[60],[409.65]
2025-09-14T04:21:30+02:00,[60],[409.598]
2025-09-14T04:21:29+02:00,[60],[409.307]
2025-09-14T04:21:28+02:00,[60],[409.486]
2025-09-14T04:21:27+02:00,[60],[409.671]
2025-09-14T04:21:26+02:00,[60],[409.729]
2025-09-14T04:21:25+02:00,[60],[409.397]
2025-09-14T04:21:24+02:00,[60],[409.361]
2025-09-14T04:21:23+02:00,[60],[409.96]
2025-09-14T04:21:22+02:00,[60],[409.886]
2025-09-14T04:21:21+02:00,[60],[409.981]
2025-09-14T04:21:20+02:00,[60],[409.826]
2025-09-14T04:21:19+02:00,[60],[410.156]
2025-09-14T04:21:18+02:00,[60],[409.827]
2025-09-14T04:21:17+02:00,[60],[409.629]
2025-09-14T04:21:16+02:00,[60],[409.774]
2025-09-14T04:21:15+02:00,[60],[409.737]
2025-09-14T04:21:14+02:00,[60],[409.773]
2025-09-14T04:21:13+02:00,[60],[410.276]
2025-09-14T04:21:12+02:00,[60],[410.258]
2025-09-14T04:21:11+02:00,[60],[410.167]
2025-09-14T04:21:10+02:00,[60],[409.94]
2025-09-14T04:21:09+02:00,[60],[409.498]
2025-09-14T04:21:08+02:00,[60],[409.246]
2025-09-14T04:21:07+02:00,[60],[409.316]
2025-09-14T04:21:06+02:00,[60],[409.4]
2025-09-14T04:21:05+02:00,[60],[409.322]
2025-09-14T04:21:04+02:00,[60],[409.508]
2025-09-14T04:21:03+02:00,[60],[409.085]
2025-09-14T04:21:02+02:00,[60],[408.558]
2025-09-14T04:21:01+02:00,[60],[408.992]
2025-09-14T04:21:00+02:00,[60],[408.858]
2025-09-14T04:20:59+02:00,[60],[408.864]
2025-09-14T04:20:58+02:00,[60],[409.094]
2025-09-14T04:20:57+02:00,[60],[409.211]
2025-09-14T04:20:56+02:00,[60],[409.306]
2025-09-14T04:20:55+02:00,[60],[409.018]
2025-09-14T04:20:54+02:00,[60],[408.809]
2025-09-14T04:20:53+02:00,[60],[408.694]
2025-09-14T04:20:52+02:00,[60],[408.701]
2025-09-14T04:20:51+02:00,[60],[408.745]
2025-09-14T04:20:50+02:00,[60],[408.759]
2025-09-14T04:20:49+02:00,[60],[409.225]
2025-09-14T04:20:48+02:00,[60],[409.316]
2025-09-14T04:20:47+02:00,[60],[409.159]
2025-09-14T04:20:46+02:00,[60],[409.179]
2025-09-14T04:20:45+02:00,[60],[408.896]
2025-09-14T04:20:44+02:00,[60],[409.424]
2025-09-14T04:20:43+02:00,[60],[409.392]
2025-09-14T04:20:42+02:00,[60],[409.42]
2025-09-14T04:20:41+02:00,[60],[409.253]
2025-09-14T04:20:40+02:00,[60],[409.261]
2025-09-14T04:20:39+02:00,[60],[409.624]
2025-09-14T04:20:38+02:00,[60],[408.642]
2025-09-14T04:20:37+02:00,[60],[407.912]
2025-09-14T04:20:36+02:00,[60],[408.228]
2025-09-14T04:20:35+02:00,[60],[408.378]
2025-09-14T04:20:34+02:00,[60],[408.161]
2025-09-14T04:20:33+02:00,[60],[408.324]
2025-09-14T04:20:32+02:00,[60],[408.46]
2025-09-14T04:20:31+02:00,[60],[407.844]
2025-09-14T04:20:30+02:00,[60],[407.882]
2025-09-14T04:20:29+02:00,[60],[408.413]
2025-09-14T04:20:28+02:00,[60],[408.162]
2025-09-14T04:20:27+02:00,[60],[408.07]
2025-09-14T04:20:26+02:00,[60],[407.863]
2025-09-14T04:20:25+02:00,[60],[407.762]
2025-09-14T04:20:24+02:00,[60],[407.534]
2025-09-14T04:20:23+02:00,[60],[407.298]
2025-09-14T04:20:22+02:00,[60],[407.242]
2025-09-14T04:20:21+02:00,[60],[407.274]
2025-09-14T04:20:20+02:00,[60],[407.025]
2025-09-14T04:20:19+02:00,[60],[406.891]
2025-09-14T04:20:18+02:00,[60],[406.755]
2025-09-14T04:20:17+02:00,[60],[407.309]
2025-09-14T04:20:16+02:00,[60],[406.995]
2025-09-14T04:20:15+02:00,[60],[406.688]
2025-09-14T04:20:14+02:00,[60],[407.114]
2025-09-14T04:20:13+02:00,[60],[407.284]
2025-09-14T04:20:12+02:00,[60],[406.692]
2025-09-14T04:20:11+02:00,[60],[406.803]
2025-09-14T04:20:10+02:00,[60],[407.004]
2025-09-14T04:20:09+02:00,[60],[406.802]
2025-09-14T04:20:08+02:00,[60],[406.595]
2025-09-14T04:20:07+02:00,[60],[406.939]
2025-09-14T04:20:06+02:00,[60],[406.9]
2025-09-14T04:20:05+02:00,[60],[407.04]
2025-09-14T04:20:04+02:00,[60],[407.083]
2025-09-14T04:20:03+02:00,[60],[407.11]
2025-09-14T04:20:02+02:00,[60],[406.851]
2025-09-14T04:20:01+02:00,[60],[406.979]
2025-09-14T04:20:00+02:00,[60],[407.183]
2025-09-14T04:19:59+02:00,[60],[407.454]
2025-09-14T04:19:58+02:00,[60],[407.217]
2025-09-14T04:19:57+02:00,[60],[406.927]
2025-09-14T04:19:56+02:00,[60],[407.08]
2025-09-14T04:19:55+02:00,[60],[407.033]
2025-09-14T04:19:54+02:00,[60],[406.755]
2025-09-14T04:19:53+02:00,[60],[406.791]
2025-09-14T04:19:52+02:00,[60],[406.932]
2025-09-14T04:19:51+02:00,[60],[406.902]
2025-09-14T04:19:50+02:00,[60],[406.557]
2025-09-14T04:19:49+02:00,[60],[406.594]
2025-09-14T04:19:48+02:00,[60],[406.821]
2025-09-14T04:19:47+02:00,[60],[406.758]
2025-09-14T04:19:46+02:00,[60],[406.392]
2025-09-14T04:19:45+02:00,[60],[406.173]
2025-09-14T04:19:44+02:00,[60],[406.283]
2025-09-14T04:19:43+02:00,[60],[406.594]
2025-09-14T04:19:42+02:00,[60],[406.326]
2025-09-14T04:19:41+02:00,[60],[406.432]
2025-09-14T04:19:40+02:00,[60],[406.758]
2025-09-14T04:19:39+02:00,[60],[406.9]
2025-09-14T04:19:38+02:00,[60],[407.304]
2025-09-14T04:19:37+02:00,[60],[407.359]
2025-09-14T04:19:36+02:00,[60],[406.587]
2025-09-14T04:19:35+02:00,[60],[406.951]
2025-09-14T04:19:34+02:00,[60],[406.502]
2025-09-14T04:19:33+02:00,[60],[406.554]
2025-09-14T04:19:32+02:00,[60],[406.598]
2025-09-14T04:19:31+02:00,[60],[406.528]
2025-09-14T04:19:30+02:00,[60],[406.398]
2025-09-14T04:19:29+02:00,[60],[406.601]
2025-09-14T04:19:28+02:00,[60],[406.8]
2025-09-14T04:19:27+02:00,[60],[406.533]
2025-09-14T04:19:26+02:00,[60],[406.525]
2025-09-14T04:19:25+02:00,[60],[406.601]
2025-09-14T04:19:24+02:00,[60],[406.554]
2025-09-14T04:19:23+02:00,[60],[406.486]
2025-09-14T04:19:22+02:00,[60],[406.452]
2025-09-14T04:19:21+02:00,[60],[405.963]
2025-09-14T04:19:20+02:00,[60],[406.438]
2025-09-14T04:19:19+02:00,[60],[406.567]
2025-09-14T04:19:18+02:00,[60],[406.988]
2025-09-14T04:19:17+02:00,[60],[406.922]
2025-09-14T04:19:16+02:00,[60],[407.04]
2025-09-14T04:19:15+02:00,[60],[407.082]
2025-09-14T04:19:14+02:00,[60],[406.598]
2025-09-14T04:19:13+02:00,[60],[407.25]
2025-09-14T04:19:12+02:00,[60],[407.396]
2025-09-14T04:19:11+02:00,[60],[407.527]
2025-09-14T04:19:10+02:00,[60],[407.912]
2025-09-14T04:19:09+02:00,[60],[407.805]
2025-09-14T04:19:08+02:00,[60],[407.769]
2025-09-14T04:19:07+02:00,[60],[407.811]
2025-09-14T04:19:06+02:00,[60],[407.49]
2025-09-14T04:19:05+02:00,[60],[407.504]
2025-09-14T04:19:04+02:00,[60],[407.188]
2025-09-14T04:19:03+02:00,[60],[406.779]
2025-09-14T04:19:02+02:00,[60],[407.068]
2025-09-14T04:19:01+02:00,[60],[407.058]
2025-09-14T04:19:00+02:00,[60],[406.749]
2025-09-14T04:18:59+02:00,[60],[406.7]
2025-09-14T04:18:58+02:00,[60],[406.976]
2025-09-14T04:18:57+02:00,[60],[407.106]
2025-09-14T04:18:56+02:00,[60],[406.902]
2025-09-14T04:18:55+02:00,[60],[407.109]
2025-09-14T04:18:54+02:00,[60],[406.786]
2025-09-14T04:18:53+02:00,[60],[407.069]
2025-09-14T04:18:52+02:00,[60],[406.904]
2025-09-14T04:18:51+02:00,[60],[406.641]
2025-09-14T04:18:50+02:00,[60],[406.391]
2025-09-14T04:18:49+02:00,[60],[406.631]
2025-09-14T04:18:48+02:00,[60],[406.322]
2025-09-14T04:18:47+02:00,[60],[406.346]
2025-09-14T04:18:46+02:00,[60],[406.719]
2025-09-14T04:18:45+02:00,[60],[406.525]
2025-09-14T04:18:44+02:00,[60],[406.283]
2025-09-14T04:18:43+02:00,[60],[406.063]
2025-09-14T04:18:42+02:00,[60],[406.91]
2025-09-14T04:18:41+02:00,[60],[406.705]
2025-09-14T04:18:40+02:00,[60],[405.975]
2025-09-14T04:18:39+02:00,[60],[406.489]
2025-09-14T04:18:38+02:00,[60],[406.034]
2025-09-14T04:18:37+02:00,[60],[406.327]
2025-09-14T04:18:36+02:00,[60],[406.668]
2025-09-14T04:18:35+02:00,[60],[406.444]
2025-09-14T04:18:34+02:00,[60],[406.219]
2025-09-14T04:18:33+02:00,[60],[406.328]
2025-09-14T04:18:32+02:00,[60],[405.849]
2025-09-14T04:18:31+02:00,[60],[406.351]
2025-09-14T04:18:30+02:00,[60],[405.857]
2025-09-14T04:18:29+02:00,[60],[406.314]
2025-09-14T04:18:28+02:00,[60],[405.627]
2025-09-14T04:18:27+02:00,[60],[405.246]
2025-09-14T04:18:26+02:00,[60],[405.325]
2025-09-14T04:18:25+02:00,[60],[405.621]
2025-09-14T04:18:24+02:00,[60],[405.619]
2025-09-14T04:18:23+02:00,[60],[405.198]
2025-09-14T04:18:22+02:00,[60],[405.738]
2025-09-14T04:18:21+02:00,[60],[405.369]
2025-09-14T04:18:20+02:00,[60],[405.486]
2025-09-14T04:18:19+02:00,[60],[405.37]
2025-09-14T04:18:18+02:00,[60],[405.293]
2025-09-14T04:18:17+02:00,[60],[405.522]
2025-09-14T04:18:16+02:00,[60],[405.335]
2025-09-14T04:18:15+02:00,[60],[405.511]
2025-09-14T04:18:14+02:00,[60],[405.183]
2025-09-14T04:18:13+02:00,[60],[405.08]
2025-09-14T04:18:12+02:00,[60],[405.178]
2025-09-14T04:18:11+02:00,[60],[405.126]
2025-09-14T04:18:10+02:00,[60],[404.925]
2025-09-14T04:18:09+02:00,[60],[405.002]
2025-09-14T04:18:08+02:00,[60],[404.98]
2025-09-14T04:18:07+02:00,[60],[405.047]
2025-09-14T04:18:06+02:00,[60],[405.717]
2025-09-14T04:18:05+02:00,[60],[405.542]
2025-09-14T04:18:04+02:00,[60],[405.667]
2025-09-14T04:18:03+02:00,[60],[405.462]
2025-09-14T04:18:02+02:00,[60],[405.374]
2025-09-14T04:18:01+02:00,[60],[405.202]
2025-09-14T04:18:00+02:00,[60],[405.133]
2025-09-14T04:17:59+02:00,[60],[405.096]
2025-09-14T04:17:58+02:00,[60],[404.87]
2025-09-14T04:17:57+02:00,[60],[404.93]
2025-09-14T04:17:56+02:00,[60],[405.128]
2025-09-14T04:17:55+02:00,[60],[404.364]
2025-09-14T04:17:54+02:00,[60],[403.751]
2025-09-14T04:17:53+02:00,[60],[404.045]
2025-09-14T04:17:52+02:00,[60],[404.212]
2025-09-14T04:17:51+02:00,[60],[403.975]
2025-09-14T04:17:50+02:00,[60],[404.048]
2025-09-14T04:17:49+02:00,[60],[404.152]
2025-09-14T04:17:48+02:00,[60],[403.783]
2025-09-14T04:17:47+02:00,[60],[403.867]
2025-09-14T04:17:46+02:00,[60],[404.166]
2025-09-14T04:17:45+02:00,[60],[404.02]
2025-09-14T04:17:44+02:00,[60],[403.712]
2025-09-14T04:17:43+02:00,[60],[403.72]
2025-09-14T04:17:42+02:00,[60],[403.89]
2025-09-14T04:17:41+02:00,[60],[403.835]
2025-09-14T04:17:40+02:00,[60],[403.504]
2025-09-14T04:17:39+02:00,[60],[403.567]
2025-09-14T04:17:38+02:00,[60],[403.377]
2025-09-14T04:17:37+02:00,[60],[403.335]
2025-09-14T04:17:36+02:00,[60],[403.141]
2025-09-14T04:17:35+02:00,[60],[402.925]
2025-09-14T04:17:34+02:00,[60],[403.336]
2025-09-14T04:17:33+02:00,[60],[403.233]
2025-09-14T04:17:32+02:00,[60],[403.198]
2025-09-14T04:17:31+02:00,[60],[403.208]
2025-09-14T04:17:30+02:00,[60],[402.963]
2025-09-14T04:17:29+02:00,[60],[402.429]
2025-09-14T04:17:28+02:00,[60],[402.603]
2025-09-14T04:17:27+02:00,[60],[402.527]
2025-09-14T04:17:26+02:00,[60],[402.175]
2025-09-14T04:17:25+02:00,[60],[402.106]
2025-09-14T04:17:24+02:00,[60],[402.124]
2025-09-14T04:17:23+02:00,[60],[402.236]
2025-09-14T04:17:22+02:00,[60],[402.07]
2025-09-14T04:17:21+02:00,[60],[402.263]
2025-09-14T04:17:20+02:00,[60],[402.578]
2025-09-14T04:17:19+02:00,[60],[402.587]
2025-09-14T04:17:18+02:00,[60],[402.984]
2025-09-14T04:17:17+02:00,[60],[403.169]
2025-09-14T04:17:16+02:00,[60],[403.186]
2025-09-14T04:17:15+02:00,[60],[403.244]
2025-09-14T04:17:14+02:00,[60],[403.392]
2025-09-14T04:17:13+02:00,[60],[403.129]
2025-09-14T04:17:12+02:00,[60],[403.057]
2025-09-14T04:17:11+02:00,[60],[403.134]
2025-09-14T04:17:10+02:00,[60],[403.042]
2025-09-14T04:17:09+02:00,[60],[403.369]
2025-09-14T04:17:08+02:00,[60],[403.012]
2025-09-14T04:17:07+02:00,[60],[403.01]
2025-09-14T04:17:06+02:00,[60],[403.239]
2025-09-14T04:17:05+02:00,[60],[402.934]
2025-09-14T04:17:04+02:00,[60],[403.189]
2025-09-14T04:17:03+02:00,[60],[403.091]
2025-09-14T04:17:02+02:00,[60],[402.835]
2025-09-14T04:17:01+02:00,[60],[402.942]
2025-09-14T04:17:00+02:00,[60],[403.111]
2025-09-14T04:16:59+02:00,[60],[402.946]
2025-09-14T04:16:58+02:00,[60],[402.949]
2025-09-14T04:16:57+02:00,[60],[403.002]
2025-09-14T04:16:56+02:00,[60],[403.003]
2025-09-14T04:16:55+02:00,[60],[403.011]
2025-09-14T04:16:54+02:00,[60],[403.516]
2025-09-14T04:16:53+02:00,[60],[403.118]
2025-09-14T04:16:52+02:00,[60],[403.394]
2025-09-14T04:16:51+02:00,[60],[403.434]
2025-09-14T04:16:50+02:00,[60],[403.471]
2025-09-14T04:16:49+02:00,[60],[403.08]
2025-09-14T04:16:48+02:00,[60],[403.115]
2025-09-14T04:16:47+02:00,[60],[402.501]
2025-09-14T04:16:46+02:00,[60],[402.263]
2025-09-14T04:16:45+02:00,[60],[402.458]
2025-09-14T04:16:44+02:00,[60],[402.618]
2025-09-14T04:16:43+02:00,[60],[402.568]
2025-09-14T04:16:42+02:00,[60],[402.747]
2025-09-14T04:16:41+02:00,[60],[402.566]
2025-09-14T04:16:40+02:00,[60],[402.421]
2025-09-14T04:16:39+02:00,[60],[402.913]
2025-09-14T04:16:38+02:00,[60],[403.401]
2025-09-14T04:16:37+02:00,[60],[403.183]
2025-09-14T04:16:36+02:00,[60],[403.391]
2025-09-14T04:16:35+02:00,[60],[403.758]
2025-09-14T04:16:34+02:00,[60],[404.065]
2025-09-14T04:16:33+02:00,[60],[403.884]
2025-09-14T04:16:32+02:00,[60],[404.28]
2025-09-14T04:16:31+02:00,[60],[404.39]
2025-09-14T04:16:30+02:00,[60],[404.557]
2025-09-14T04:16:29+02:00,[60],[404.028]
2025-09-14T04:16:28+02:00,[60],[403.92]
2025-09-14T04:16:27+02:00,[60],[404.511]
2025-09-14T04:16:26+02:00,[60],[404.42]
2025-09-14T04:16:25+02:00,[60],[404.736]
2025-09-14T04:16:24+02:00,[60],[404.822]
2025-09-14T04:16:23+02:00,[60],[404.647]
2025-09-14T04:16:22+02:00,[60],[404.855]
2025-09-14T04:16:21+02:00,[60],[404.955]
2025-09-14T04:16:20+02:00,[60],[404.94]
2025-09-14T04:16:19+02:00,[60],[405.394]
2025-09-14T04:16:18+02:00,[60],[405.448]
2025-09-14T04:16:17+02:00,[60],[405.562]
2025-09-14T04:16:16+02:00,[60],[405.073]
2025-09-14T04:16:15+02:00,[60],[404.755]
2025-09-14T04:16:14+02:00,[60],[404.779]
2025-09-14T04:16:13+02:00,[60],[405.186]
2025-09-14T04:16:12+02:00,[60],[405.12]
2025-09-14T04:16:11+02:00,[60],[405.107]
2025-09-14T04:16:10+02:00,[60],[405.131]
2025-09-14T04:16:09+02:00,[60],[404.92]
2025-09-14T04:16:08+02:00,[60],[404.787]
2025-09-14T04:16:07+02:00,[60],[404.725]
2025-09-14T04:16:06+02:00,[60],[404.835]
2025-09-14T04:16:05+02:00,[60],[405.247]
2025-09-14T04:16:04+02:00,[60],[405.004]
2025-09-14T04:16:03+02:00,[60],[405.577]
2025-09-14T04:16:02+02:00,[60],[405.218]
2025-09-14T04:16:01+02:00,[60],[404.908]
2025-09-14T04:16:00+02:00,[60],[405.295]
2025-09-14T04:15:59+02:00,[60],[404.951]
2025-09-14T04:15:58+02:00,[60],[405.187]
2025-09-14T04:15:57+02:00,[60],[404.954]
2025-09-14T04:15:56+02:00,[60],[405.145]
2025-09-14T04:15:55+02:00,[60],[405.05]
2025-09-14T04:15:54+02:00,[60],[405.105]
2025-09-14T04:15:53+02:00,[60],[405.231]
2025-09-14T04:15:52+02:00,[60],[405.768]
2025-09-14T04:15:51+02:00,[60],[406.009]
2025-09-14T04:15:50+02:00,[60],[405.473]
2025-09-14T04:15:49+02:00,[60],[405.352]
2025-09-14T04:15:48+02:00,[60],[405.27]
2025-09-14T04:15:47+02:00,[60],[405.225]
2025-09-14T04:15:46+02:00,[60],[405.199]
2025-09-14T04:15:45+02:00,[60],[405.422]
2025-09-14T04:15:44+02:00,[60],[406.083]
2025-09-14T04:15:43+02:00,[60],[405.748]
2025-09-14T04:15:42+02:00,[60],[405.665]
2025-09-14T04:15:41+02:00,[60],[405.371]
2025-09-14T04:15:40+02:00,[60],[404.806]
2025-09-14T04:15:39+02:00,[60],[404.776]
2025-09-14T04:15:38+02:00,[60],[404.862]
2025-09-14T04:15:37+02:00,[60],[404.762]
2025-09-14T04:15:36+02:00,[60],[404.558]
2025-09-14T04:15:35+02:00,[60],[404.639]
2025-09-14T04:15:34+02:00,[60],[404.529]
2025-09-14T04:15:33+02:00,[60],[404.698]
2025-09-14T04:15:32+02:00,[60],[404.477]
2025-09-14T04:15:31+02:00,[60],[404.731]
2025-09-14T04:15:30+02:00,[60],[404.33]
2025-09-14T04:15:29+02:00,[60],[404.669]
2025-09-14T04:15:28+02:00,[60],[404.766]
2025-09-14T04:15:27+02:00,[60],[404.911]
2025-09-14T04:15:26+02:00,[60],[405.151]
2025-09-14T04:15:25+02:00,[60],[404.712]
2025-09-14T04:15:24+02:00,[60],[404.558]
2025-09-14T04:15:23+02:00,[60],[404.673]
2025-09-14T04:15:22+02:00,[60],[404.528]
2025-09-14T04:15:21+02:00,[60],[404.363]
2025-09-14T04:15:20+02:00,[60],[404.604]
2025-09-14T04:15:19+02:00,[60],[404.656]
2025-09-14T04:15:18+02:00,[60],[404.882]
2025-09-14T04:15:17+02:00,[60],[405.177]
2025-09-14T04:15:16+02:00,[60],[405.088]
2025-09-14T04:15:15+02:00,[60],[405.18]
2025-09-14T04:15:14+02:00,[60],[405.135]
2025-09-14T04:15:13+02:00,[60],[404.847]
2025-09-14T04:15:12+02:00,[60],[405.707]
2025-09-14T04:15:11+02:00,[60],[405.734]
2025-09-14T04:15:10+02:00,[60],[405.662]
2025-09-14T04:15:09+02:00,[60],[405.673]
2025-09-14T04:15:08+02:00,[60],[405.257]
2025-09-14T04:15:07+02:00,[60],[405.615]
2025-09-14T04:15:06+02:00,[60],[405.388]
2025-09-14T04:15:05+02:00,[60],[405.455]
2025-09-14T04:15:04+02:00,[60],[405.447]
2025-09-14T04:15:03+02:00,[60],[405.227]
2025-09-14T04:15:02+02:00,[60],[404.938]
2025-09-14T04:15:01+02:00,[60],[405.111]
2025-09-14T04:15:00+02:00,[60],[404.939]
2025-09-14T04:14:59+02:00,[60],[405.256]
2025-09-14T04:14:58+02:00,[60],[404.685]
2025-09-14T04:14:57+02:00,[60],[404.989]
2025-09-14T04:14:56+02:00,[60],[405.399]
2025-09-14T04:14:55+02:00,[60],[405.242]
2025-09-14T04:14:54+02:00,[60],[404.78]
2025-09-14T04:14:53+02:00,[60],[404.807]
2025-09-14T04:14:52+02:00,[60],[405.058]
2025-09-14T04:14:51+02:00,[60],[404.851]
2025-09-14T04:14:50+02:00,[60],[404.695]
2025-09-14T04:14:49+02:00,[60],[404.681]
2025-09-14T04:14:48+02:00,[60],[404.915]
2025-09-14T04:14:47+02:00,[60],[404.677]
2025-09-14T04:14:46+02:00,[60],[404.526]
2025-09-14T04:14:45+02:00,[60],[404.396]
2025-09-14T04:14:44+02:00,[60],[404.279]
2025-09-14T04:14:43+02:00,[60],[404.3]
2025-09-14T04:14:42+02:00,[60],[403.983]
2025-09-14T04:14:41+02:00,[60],[404.17]
2025-09-14T04:14:40+02:00,[60],[404.296]
2025-09-14T04:14:39+02:00,[60],[404.229]
2025-09-14T04:14:38+02:00,[60],[403.857]
2025-09-14T04:14:37+02:00,[60],[403.95]
2025-09-14T04:14:36+02:00,[60],[404.026]
2025-09-14T04:14:35+02:00,[60],[403.82]
2025-09-14T04:14:34+02:00,[60],[403.784]
2025-09-14T04:14:33+02:00,[60],[403.583]
2025-09-14T04:14:32+02:00,[60],[403.505]
2025-09-14T04:14:31+02:00,[60],[403.384]
2025-09-14T04:14:30+02:00,[60],[403.742]
2025-09-14T04:14:29+02:00,[60],[403.282]
2025-09-14T04:14:28+02:00,[60],[402.661]
2025-09-14T04:14:27+02:00,[60],[402.676]
2025-09-14T04:14:26+02:00,[60],[402.933]
2025-09-14T04:14:25+02:00,[60],[402.964]
2025-09-14T04:14:24+02:00,[60],[402.87]
2025-09-14T04:14:23+02:00,[60],[402.877]
2025-09-14T04:14:22+02:00,[60],[402.612]
2025-09-14T04:14:21+02:00,[60],[402.48]
2025-09-14T04:14:20+02:00,[60],[402.373]
2025-09-14T04:14:19+02:00,[60],[402.274]
2025-09-14T04:14:18+02:00,[60],[402.281]
2025-09-14T04:14:17+02:00,[60],[402.38]
2025-09-14T04:14:16+02:00,[60],[402.465]
2025-09-14T04:14:15+02:00,[60],[402.682]
2025-09-14T04:14:14+02:00,[60],[402.818]
2025-09-14T04:14:13+02:00,[60],[402.581]
2025-09-14T04:14:12+02:00,[60],[402.719]
2025-09-14T04:14:11+02:00,[60],[402.381]
2025-09-14T04:14:10+02:00,[60],[402.461]
2025-09-14T04:14:09+02:00,[60],[402.832]
2025-09-14T04:14:08+02:00,[60],[402.262]
2025-09-14T04:14:07+02:00,[60],[402.218]
2025-09-14T04:14:06+02:00,[60],[402.091]
2025-09-14T04:14:05+02:00,[60],[402.341]
2025-09-14T04:14:04+02:00,[60],[402.382]
2025-09-14T04:14:03+02:00,[60],[402.558]
2025-09-14T04:14:02+02:00,[60],[402.442]
2025-09-14T04:14:01+02:00,[60],[401.898]
2025-09-14T04:14:00+02:00,[60],[401.11]
2025-09-14T04:13:59+02:00,[60],[401.036]
2025-09-14T04:13:58+02:00,[60],[401.828]
2025-09-14T04:13:57+02:00,[60],[401.983]
2025-09-14T04:13:56+02:00,[60],[402.323]
2025-09-14T04:13:55+02:00,[60],[402.596]
2025-09-14T04:13:54+02:00,[60],[402.416]
2025-09-14T04:13:53+02:00,[60],[402.741]
2025-09-14T04:13:52+02:00,[60],[402.662]
2025-09-14T04:13:51+02:00,[60],[402.558]
2025-09-14T04:13:50+02:00,[60],[402.775]
2025-09-14T04:13:49+02:00,[60],[402.552]
2025-09-14T04:13:48+02:00,[60],[403.03]
2025-09-14T04:13:47+02:00,[60],[403.007]
2025-09-14T04:13:46+02:00,[60],[402.523]
2025-09-14T04:13:45+02:00,[60],[402.178]
2025-09-14T04:13:44+02:00,[60],[402.087]
2025-09-14T04:13:43+02:00,[60],[401.816]
2025-09-14T04:13:42+02:00,[60],[401.726]
2025-09-14T04:13:41+02:00,[60],[401.853]
2025-09-14T04:13:40+02:00,[60],[402.016]
2025-09-14T04:13:39+02:00,[60],[402.28]
2025-09-14T04:13:38+02:00,[60],[402.409]
2025-09-14T04:13:37+02:00,[60],[402.448]
2025-09-14T04:13:36+02:00,[60],[402.628]
2025-09-14T04:13:35+02:00,[60],[402.926]
2025-09-14T04:13:34+02:00,[60],[402.962]
2025-09-14T04:13:33+02:00,[60],[402.752]
2025-09-14T04:13:32+02:00,[60],[402.662]
2025-09-14T04:13:31+02:00,[60],[402.317]
2025-09-14T04:13:30+02:00,[60],[402.469]
2025-09-14T04:13:29+02:00,[60],[402.554]
2025-09-14T04:13:28+02:00,[60],[402.055]
2025-09-14T04:13:27+02:00,[60],[401.932]
2025-09-14T04:13:26+02:00,[60],[402.045]
2025-09-14T04:13:25+02:00,[60],[402.154]
2025-09-14T04:13:24+02:00,[60],[402.2]
2025-09-14T04:13:23+02:00,[60],[402.322]
2025-09-14T04:13:22+02:00,[60],[402.347]
2025-09-14T04:13:21+02:00,[60],[402.338]
2025-09-14T04:13:20+02:00,[60],[402.336]
2025-09-14T04:13:19+02:00,[60],[402.293]
2025-09-14T04:13:18+02:00,[60],[402.19]
2025-09-14T04:13:17+02:00,[60],[402.03]
2025-09-14T04:13:16+02:00,[60],[401.958]
2025-09-14T04:13:15+02:00,[60],[401.915]
2025-09-14T04:13:14+02:00,[60],[401.855]
2025-09-14T04:13:13+02:00,[60],[402.197]
2025-09-14T04:13:12+02:00,[60],[401.981]
2025-09-14T04:13:11+02:00,[60],[402.306]
2025-09-14T04:13:10+02:00,[60],[402.372]
2025-09-14T04:13:09+02:00,[60],[402.351]
2025-09-14T04:13:08+02:00,[60],[402.382]
2025-09-14T04:13:07+02:00,[60],[402.382]
2025-09-14T04:13:06+02:00,[60],[402.394]
2025-09-14T04:13:05+02:00,[60],[402.283]
2025-09-14T04:13:04+02:00,[60],[402.115]
2025-09-14T04:13:03+02:00,[60],[402.024]
2025-09-14T04:13:02+02:00,[60],[402.032]
2025-09-14T04:13:01+02:00,[60],[401.708]
2025-09-14T04:12:59+02:00,[60],[401.794]
2025-09-14T04:12:58+02:00,[60],[401.579]
2025-09-14T04:12:57+02:00,[60],[399.506]
2025-09-14T04:12:55+02:00,[60],[401.627]
2025-09-14T04:12:53+02:00,[60],[401.627]
2025-09-14T04:12:49+02:00,[60],[401.627]
2025-02-04T00:37:12+01:00,[60],[341.796]
2025-02-04T00:37:10+01:00,[60],[341.796]
2025-02-04T00:37:08+01:00,[60],[341.796]
2025-02-04T00:37:07+01:00,[60],[341.796]
2025-02-04T00:37:05+01:00,[60],[341.796]
2025-02-04T00:37:03+01:00,[60],[341.796]
2025-02-04T00:37:01+01:00,[60],[341.796]
2025-02-04T00:36:59+01:00,[60],[341.796]
2025-02-04T00:36:57+01:00,[60],[341.796]
2025-02-04T00:36:55+01:00,[60],[341.796]
2025-02-04T00:36:53+01:00,[60],[341.796]
2025-02-04T00:36:51+01:00,[60],[341.796]
2025-02-04T00:36:49+01:00,[60],[341.796]
2025-02-04T00:36:47+01:00,[60],[341.783]
2025-02-04T00:36:45+01:00,[60],[341.176]
2025-02-04T00:36:44+01:00,[60],[341.176]
2025-02-04T00:36:42+01:00,[60],[341.176]
2025-02-04T00:36:41+01:00,[60],[341.176]
2025-02-04T00:36:39+01:00,[60],[341.176]
2025-02-04T00:36:38+01:00,[60],[341.176]
2025-02-04T00:36:36+01:00,[60],[341.176]
2025-02-04T00:36:35+01:00,[60],[341.176]
2025-02-04T00:36:33+01:00,[60],[341.176]
2025-02-04T00:36:32+01:00,[60],[341.176]
2025-02-04T00:36:30+01:00,[60],[341.176]
2025-02-04T00:36:28+01:00,[60],[341.176]
2025-02-04T00:36:26+01:00,[60],[341.176]
2025-02-04T00:36:24+01:00,[60],[341.176]
2025-02-04T00:36:22+01:00,[60],[341.176]
2025-02-04T00:36:20+01:00,[60],[341.176]
2025-02-04T00:36:18+01:00,[60],[341.176]
2025-02-04T00:36:16+01:00,[60],[341.176]
2025-02-04T00:36:14+01:00,[60],[341.176]
2025-02-04T00:36:12+01:00,[60],[341.176]
2025-02-04T00:36:10+01:00,[60],[341.176]
2025-02-04T00:36:08+01:00,[60],[341.176]
2025-02-04T00:36:06+01:00,[60],[341.176]
2025-02-04T00:36:04+01:00,[60],[341.176]
2025-02-04T00:36:02+01:00,[60],[341.176]
2025-02-04T00:36:00+01:00,[60],[341.176]
2025-02-04T00:35:58+01:00,[60],[341.176]
2025-02-04T00:35:56+01:00,[60],[341.176]
2025-02-04T00:35:54+01:00,[60],[341.176]
2025-02-04T00:35:52+01:00,[60],[341.176]
2025-02-04T00:35:50+01:00,[60],[341.176]
2025-02-04T00:35:48+01:00,[60],[341.176]
2025-02-04T00:35:46+01:00,[60],[341.176]
2025-02-04T00:35:44+01:00,[60],[341.176]
2025-02-04T00:35:42+01:00,[60],[341.176]
2025-02-04T00:35:40+01:00,[60],[341.176]
2025-02-04T00:35:38+01:00,[60],[341.176]
2025-02-04T00:35:36+01:00,[60],[341.176]
2025-02-04T00:35:34+01:00,[60],[341.035]
2025-02-04T00:35:32+01:00,[60],[341.094]
2025-02-04T00:35:30+01:00,[60],[341.596]
2025-02-04T00:35:28+01:00,[60],[341.618]
2025-02-04T00:35:26+01:00,[60],[341.618]
2025-02-04T00:35:24+01:00,[60],[342.177]
2025-02-04T00:35:22+01:00,[60],[342.177]
2025-02-04T00:35:20+01:00,[60],[342.177]
2025-02-04T00:35:18+01:00,[60],[342.362]
2025-02-04T00:35:16+01:00,[60],[342.493]
2025-02-04T00:35:14+01:00,[60],[342.769]
2025-02-04T00:35:13+01:00,[60],[343.266]
2025-02-04T00:35:11+01:00,[60],[343.228]
2025-02-04T00:35:09+01:00,[60],[343.343]
2025-02-04T00:35:07+01:00,[60],[343.451]
2025-02-04T00:35:05+01:00,[60],[342.838]
2025-02-04T00:35:03+01:00,[60],[342.912]
2025-02-04T00:35:01+01:00,[60],[342.569]
2025-02-04T00:34:59+01:00,[60],[343.15]
2025-02-04T00:34:57+01:00,[60],[343.397]
2025-02-04T00:34:55+01:00,[60],[343.162]
2025-02-04T00:34:53+01:00,[60],[343.203]
2025-02-04T00:34:51+01:00,[60],[343.203]
2025-02-04T00:34:49+01:00,[60],[343.144]
2025-02-04T00:34:47+01:00,[60],[344.463]
2025-02-04T00:34:45+01:00,[60],[343.819]
2025-02-04T00:34:43+01:00,[60],[343.624]
2025-02-04T00:34:41+01:00,[60],[343.961]
2025-02-04T00:34:39+01:00,[60],[343.961]
2025-02-04T00:34:38+01:00,[60],[343.961]
2025-02-04T00:34:36+01:00,[60],[343.961]
2025-02-04T00:34:35+01:00,[60],[343.961]
2025-02-04T00:34:33+01:00,[60],[343.961]
2025-02-04T00:34:32+01:00,[60],[343.961]
2025-02-04T00:34:30+01:00,[60],[343.961]
2025-02-04T00:34:29+01:00,[60],[343.961]
2025-02-04T00:34:27+01:00,[60],[343.961]
2025-02-04T00:34:26+01:00,[60],[343.961]
2025-02-04T00:34:24+01:00,[60],[343.813]
2025-02-04T00:34:22+01:00,[60],[343.239]
2025-02-04T00:34:20+01:00,[60],[342.056]
2025-02-04T00:34:18+01:00,[60],[341.44]
2025-02-04T00:34:16+01:00,[60],[341.72]
2025-02-04T00:34:14+01:00,[60],[341.656]
2025-02-04T00:34:12+01:00,[60],[341.363]
2025-02-04T00:34:10+01:00,[60],[341.785]
2025-02-04T00:34:08+01:00,[60],[341.604]
2025-02-04T00:34:06+01:00,[60],[341.127]
2025-02-04T00:34:04+01:00,[60],[340.593]
2025-02-04T00:34:02+01:00,[60],[341.417]
2025-02-04T00:34:00+01:00,[60],[340.927]
2025-02-04T00:33:58+01:00,[60],[340.868]
2025-02-04T00:33:56+01:00,[60],[341.137]
2025-02-04T00:33:54+01:00,[60],[341.822]
2025-02-04T00:33:52+01:00,[60],[342.677]
2025-02-04T00:33:50+01:00,[60],[342.472]
2025-02-04T00:33:48+01:00,[60],[343.133]
2025-02-04T00:33:46+01:00,[60],[340.147]
2025-02-04T00:33:44+01:00,[60],[340.147]
2025-02-04T00:33:42+01:00,[60],[340.147]
2025-02-04T00:33:40+01:00,[60],[340.147]
2025-02-04T00:33:38+01:00,[60],[340.147]
2025-02-04T00:33:36+01:00,[60],[340.147]
2025-02-04T00:33:34+01:00,[60],[340.147]
2025-02-04T00:33:32+01:00,[60],[340.147]
2025-02-04T00:33:31+01:00,[60],[340.147]
2025-02-04T00:33:29+01:00,[60],[340.147]
2025-02-04T00:33:27+01:00,[60],[340.147]
2025-02-04T00:33:25+01:00,[60],[340.147]
2025-02-04T00:33:23+01:00,[60],[340.147]
2025-02-04T00:33:21+01:00,[60],[340.147]
2025-02-04T00:33:19+01:00,[60],[340.147]
2025-02-04T00:33:17+01:00,[60],[340.147]
2025-02-04T00:33:15+01:00,[60],[340.147]
2025-02-04T00:33:13+01:00,[60],[340.147]
2025-02-04T00:33:11+01:00,[60],[338.765]
2025-02-04T00:33:09+01:00,[60],[337.621]
2025-02-04T00:33:07+01:00,[60],[338.991]
2025-02-04T00:33:05+01:00,[60],[339.438]
2025-02-04T00:33:03+01:00,[60],[340.892]
2025-02-04T00:33:01+01:00,[60],[343.964]
2025-02-04T00:32:59+01:00,[60],[344.244]
2025-02-04T00:32:57+01:00,[60],[343.651]
2025-02-04T00:32:55+01:00,[60],[344.5]
2025-02-04T00:32:53+01:00,[60],[344.5]
2025-02-04T00:32:51+01:00,[60],[344.5]
2025-02-04T00:32:49+01:00,[60],[344.5]
2025-02-04T00:32:47+01:00,[60],[341.588]
2025-02-04T00:32:45+01:00,[60],[341.588]
2025-02-04T00:32:43+01:00,[60],[341.588]
2025-02-04T00:32:41+01:00,[60],[341.588]
2025-02-04T00:32:39+01:00,[60],[341.588]
2025-02-04T00:32:37+01:00,[60],[341.588]
2025-02-04T00:32:35+01:00,[60],[341.588]
2025-02-04T00:32:33+01:00,[60],[341.588]
2025-02-04T00:32:32+01:00,[60],[341.588]
2025-02-04T00:32:30+01:00,[60],[341.588]
2025-02-04T00:32:29+01:00,[60],[341.588]
2025-02-04T00:32:27+01:00,[60],[341.588]
2025-02-04T00:32:26+01:00,[60],[341.588]
2025-02-04T00:32:24+01:00,[60],[341.588]
2025-02-04T00:32:23+01:00,[60],[341.588]
2025-02-04T00:32:21+01:00,[60],[341.588]
2025-02-04T00:32:20+01:00,[60],[341.588]
2025-02-04T00:32:18+01:00,[60],[341.588]
2025-02-04T00:32:16+01:00,[60],[341.588]
2025-02-04T00:32:14+01:00,[60],[341.588]
2025-02-04T00:32:12+01:00,[60],[341.588]
2025-02-04T00:32:10+01:00,[60],[341.588]
2025-02-04T00:32:08+01:00,[60],[341.588]
2025-02-04T00:32:06+01:00,[60],[341.588]
2025-02-04T00:32:04+01:00,[60],[341.588]
2025-02-04T00:32:02+01:00,[60],[341.588]
2025-02-04T00:32:00+01:00,[60],[341.588]
2025-02-04T00:31:58+01:00,[60],[341.588]
2025-02-04T00:31:56+01:00,[60],[341.588]
2025-02-04T00:31:54+01:00,[60],[341.588]
2025-02-04T00:31:52+01:00,[60],[341.588]
2025-02-04T00:31:50+01:00,[60],[341.588]
2025-02-04T00:31:48+01:00,[60],[341.588]
2025-02-04T00:31:46+01:00,[60],[341.588]
2025-02-04T00:31:44+01:00,[60],[341.588]
2025-02-04T00:31:42+01:00,[60],[341.588]
2025-02-04T00:31:40+01:00,[60],[341.588]
2025-02-04T00:31:38+01:00,[60],[341.588]
2025-02-04T00:31:36+01:00,[60],[341.588]
2025-02-04T00:31:34+01:00,[60],[341.588]
2025-02-04T00:31:32+01:00,[60],[341.602]
2025-02-04T00:31:31+01:00,[60],[341.534]
2025-02-04T00:31:29+01:00,[60],[341.558]
2025-02-04T00:31:27+01:00,[60],[341.479]
2025-02-04T00:31:25+01:00,[60],[341.44]
2025-02-04T00:31:23+01:00,[60],[341.531]
2025-02-04T00:31:21+01:00,[60],[341.688]
2025-02-04T00:31:19+01:00,[60],[341.689]
2025-02-04T00:31:17+01:00,[60],[341.788]
2025-02-04T00:31:15+01:00,[60],[341.825]
2025-02-04T00:31:13+01:00,[60],[341.901]
2025-02-04T00:31:11+01:00,[60],[341.973]
2025-02-04T00:31:09+01:00,[60],[342.039]
2025-02-04T00:31:07+01:00,[60],[342.254]
2025-02-04T00:31:05+01:00,[60],[342.78]
2025-02-04T00:31:03+01:00,[60],[343.25]
2025-02-04T00:31:01+01:00,[60],[343.423]
2025-02-04T00:30:59+01:00,[60],[343.605]
2025-02-04T00:30:57+01:00,[60],[343.481]
2025-02-04T00:30:55+01:00,[60],[343.712]
2025-02-04T00:30:53+01:00,[60],[343.514]
2025-02-04T00:30:51+01:00,[60],[343.149]
2025-02-04T00:30:49+01:00,[60],[343.369]
2025-02-04T00:30:47+01:00,[60],[343.153]
2025-02-04T00:30:45+01:00,[60],[343.299]
2025-02-04T00:30:43+01:00,[60],[343.257]
2025-02-04T00:30:41+01:00,[60],[343.327]
2025-02-04T00:30:39+01:00,[60],[343.479]
2025-02-04T00:30:37+01:00,[60],[343.407]
2025-02-04T00:30:35+01:00,[60],[343.562]
2025-02-04T00:30:33+01:00,[60],[343.459]
2025-02-04T00:30:31+01:00,[60],[343.557]
2025-02-04T00:30:29+01:00,[60],[343.709]
2025-02-04T00:30:27+01:00,[60],[343.482]
2025-02-04T00:30:25+01:00,[60],[343.386]
2025-02-04T00:30:23+01:00,[60],[343.367]
2025-02-04T00:30:21+01:00,[60],[343.417]
2025-02-04T00:30:20+01:00,[60],[343.417]
2025-02-04T00:30:19+01:00,[60],[343.417]
2025-02-04T00:30:17+01:00,[60],[343.417]
2025-02-04T00:30:15+01:00,[60],[343.417]
2025-02-04T00:30:14+01:00,[60],[343.417]
2025-02-04T00:30:11+01:00,[60],[343.417]
2025-02-04T00:30:09+01:00,[60],[343.417]
2025-02-04T00:30:07+01:00,[60],[343.417]
2025-02-04T00:30:05+01:00,[60],[343.417]
2025-02-04T00:30:03+01:00,[60],[343.417]
2025-02-04T00:30:01+01:00,[60],[343.417]
2025-02-04T00:29:59+01:00,[60],[343.417]
2025-02-04T00:29:57+01:00,[60],[343.417]
2025-02-04T00:29:55+01:00,[60],[343.417]
2025-02-04T00:29:53+01:00,[60],[343.417]
2025-02-04T00:29:51+01:00,[60],[343.417]
2025-02-04T00:29:49+01:00,[60],[343.417]
2025-02-04T00:29:47+01:00,[60],[343.417]
2025-02-04T00:29:45+01:00,[60],[343.417]
2025-02-04T00:29:43+01:00,[60],[343.417]
2025-02-04T00:29:41+01:00,[60],[343.417]
2025-02-04T00:29:39+01:00,[60],[343.417]
2025-02-04T00:29:38+01:00,[60],[343.417]
2025-02-04T00:29:36+01:00,[60],[343.417]
2025-02-04T00:29:34+01:00,[60],[343.417]
2025-02-04T00:29:32+01:00,[60],[343.417]
2025-02-04T00:29:30+01:00,[60],[343.417]
2025-02-04T00:29:28+01:00,[60],[343.417]
2025-02-04T00:29:26+01:00,[60],[343.417]
2025-02-04T00:29:24+01:00,[60],[343.417]
2025-02-04T00:29:22+01:00,[60],[343.417]
2025-02-04T00:29:20+01:00,[60],[343.417]
2025-02-04T00:29:18+01:00,[60],[343.417]
2025-02-04T00:29:16+01:00,[60],[343.417]
2025-02-04T00:29:14+01:00,[60],[343.417]
2025-02-04T00:29:12+01:00,[60],[343.417]
2025-02-04T00:29:10+01:00,[60],[343.417]
2025-02-04T00:29:08+01:00,[60],[343.417]
2025-02-04T00:29:06+01:00,[60],[343.417]
2025-02-04T00:29:04+01:00,[60],[343.417]
2025-02-04T00:29:02+01:00,[60],[343.417]
2025-02-04T00:29:00+01:00,[60],[343.417]
2025-02-04T00:28:58+01:00,[60],[343.417]
2025-02-04T00:28:56+01:00,[60],[343.417]
2025-02-04T00:28:54+01:00,[60],[343.417]
2025-02-04T00:28:52+01:00,[60],[343.417]
2025-02-04T00:28:50+01:00,[60],[343.417]
2025-02-04T00:28:48+01:00,[60],[343.417]
2025-02-04T00:28:46+01:00,[60],[343.417]
2025-02-04T00:28:44+01:00,[60],[343.417]
2025-02-04T00:28:42+01:00,[60],[343.417]
2025-02-04T00:28:40+01:00,[60],[343.417]
2025-02-04T00:28:38+01:00,[60],[343.417]
2025-02-04T00:28:36+01:00,[60],[343.417]
2025-02-04T00:28:34+01:00,[60],[343.417]
2025-02-04T00:28:32+01:00,[60],[343.417]
2025-02-04T00:28:30+01:00,[60],[343.417]
2025-02-04T00:28:28+01:00,[60],[343.417]
2025-02-04T00:28:26+01:00,[60],[343.417]
2025-02-04T00:28:24+01:00,[60],[343.417]
2025-02-04T00:28:22+01:00,[60],[343.417]
2025-02-04T00:28:20+01:00,[60],[343.417]
2025-02-04T00:28:19+01:00,[60],[343.417]
2025-02-04T00:28:17+01:00,[60],[343.417]
2025-02-04T00:28:16+01:00,[60],[343.417]
2025-02-04T00:28:14+01:00,[60],[343.435]
2025-02-04T00:28:13+01:00,[60],[343.435]
2025-02-04T00:28:11+01:00,[60],[343.435]
2025-02-04T00:28:10+01:00,[60],[343.435]
2025-02-04T00:28:08+01:00,[60],[343.435]
2025-02-04T00:28:07+01:00,[60],[343.435]
2025-02-04T00:28:06+01:00,[60],[343.435]
2025-02-04T00:28:04+01:00,[60],[343.435]
2025-02-04T00:28:02+01:00,[60],[343.435]
2025-02-04T00:28:00+01:00,[60],[343.435]
2025-02-04T00:27:58+01:00,[60],[343.435]
2025-02-04T00:27:56+01:00,[60],[343.102]
2025-02-04T00:27:54+01:00,[60],[343.102]
2025-02-04T00:27:52+01:00,[60],[343.102]
2025-02-04T00:27:50+01:00,[60],[343.102]
2025-02-04T00:27:48+01:00,[60],[343.102]
2025-02-04T00:27:46+01:00,[60],[343.102]
2025-02-04T00:27:44+01:00,[60],[343.102]
2025-02-04T00:27:42+01:00,[60],[343.102]
2025-02-04T00:27:40+01:00,[60],[343.102]
2025-02-04T00:27:38+01:00,[60],[343.054]
2025-02-04T00:27:36+01:00,[60],[342.264]
2025-02-04T00:27:34+01:00,[60],[342.264]
2025-02-04T00:27:32+01:00,[60],[342.264]
2025-02-04T00:27:30+01:00,[60],[342.264]
2025-02-04T00:27:28+01:00,[60],[342.264]
2025-02-04T00:27:26+01:00,[60],[342.264]
2025-02-04T00:27:24+01:00,[60],[342.264]
2025-02-04T00:27:22+01:00,[60],[342.264]
2025-02-04T00:27:20+01:00,[60],[342.264]
2025-02-04T00:27:18+01:00,[60],[342.264]
2025-02-04T00:27:16+01:00,[60],[341.885]
2025-02-04T00:27:14+01:00,[60],[341.885]
2025-02-04T00:27:12+01:00,[60],[341.885]
2025-02-04T00:27:10+01:00,[60],[341.885]
2025-02-04T00:27:08+01:00,[60],[341.886]
2025-02-04T00:27:06+01:00,[60],[341.986]
2025-02-04T00:27:04+01:00,[60],[341.986]
2025-02-04T00:27:02+01:00,[60],[341.986]
2025-02-04T00:27:00+01:00,[60],[341.986]
2025-02-04T00:26:58+01:00,[60],[341.986]
2025-02-04T00:26:56+01:00,[60],[341.986]
2025-02-04T00:26:54+01:00,[60],[341.986]
2025-02-04T00:26:52+01:00,[60],[341.986]
2025-02-04T00:26:50+01:00,[60],[341.986]
2025-02-04T00:26:48+01:00,[60],[342.076]
2025-02-04T00:26:46+01:00,[60],[341.608]
2025-02-04T00:26:44+01:00,[60],[341.608]
2025-02-04T00:26:42+01:00,[60],[341.608]
2025-02-04T00:26:40+01:00,[60],[341.608]
2025-02-04T00:26:38+01:00,[60],[341.608]
2025-02-04T00:26:36+01:00,[60],[341.608]
2025-02-04T00:26:34+01:00,[60],[341.608]
2025-02-04T00:26:32+01:00,[60],[341.608]
2025-02-04T00:26:30+01:00,[60],[341.608]
2025-02-04T00:26:28+01:00,[60],[341.608]
2025-02-04T00:26:26+01:00,[60],[341.608]
2025-02-04T00:26:24+01:00,[60],[341.608]
2025-02-04T00:26:22+01:00,[60],[341.608]
2025-02-04T00:26:20+01:00,[60],[341.608]
2025-02-04T00:26:18+01:00,[60],[341.608]
2025-02-04T00:26:16+01:00,[60],[341.567]
2025-02-04T00:26:14+01:00,[60],[341.567]
2025-02-04T00:26:12+01:00,[60],[341.567]
2025-02-04T00:26:10+01:00,[60],[341.471]
2025-02-04T00:26:08+01:00,[60],[341.51]
2025-02-04T00:26:06+01:00,[60],[341.659]
2025-02-04T00:26:04+01:00,[60],[341.659]
2025-02-04T00:26:02+01:00,[60],[341.659]
2025-02-04T00:26:01+01:00,[60],[341.68]
2025-02-04T00:25:59+01:00,[60],[341.676]
2025-02-04T00:25:57+01:00,[60],[341.83]
2025-02-04T00:25:55+01:00,[60],[341.905]
2025-02-04T00:25:53+01:00,[60],[341.905]
2025-02-04T00:25:51+01:00,[60],[341.967]
2025-02-04T00:25:49+01:00,[60],[342.419]
2025-02-04T00:25:47+01:00,[60],[342.419]
2025-02-04T00:25:45+01:00,[60],[342.438]
2025-02-04T00:25:43+01:00,[60],[343.194]
2025-02-04T00:25:41+01:00,[60],[343.176]
2025-02-04T00:25:39+01:00,[60],[342.719]
2025-02-04T00:25:37+01:00,[60],[342.719]
2025-02-04T00:25:35+01:00,[60],[342.719]
2025-02-04T00:25:33+01:00,[60],[342.719]
2025-02-04T00:25:31+01:00,[60],[342.719]
2025-02-04T00:25:29+01:00,[60],[342.719]
2025-02-04T00:25:27+01:00,[60],[342.719]
2025-02-04T00:25:25+01:00,[60],[342.719]
2025-02-04T00:25:23+01:00,[60],[342.719]
2025-02-04T00:25:21+01:00,[60],[342.719]
2025-02-04T00:25:19+01:00,[60],[342.719]
2025-02-04T00:25:17+01:00,[60],[342.719]
2025-02-04T00:25:15+01:00,[60],[342.719]
2025-02-04T00:25:13+01:00,[60],[342.657]
2025-02-04T00:25:11+01:00,[60],[342.657]
2025-02-04T00:25:09+01:00,[60],[342.657]
2025-02-04T00:25:07+01:00,[60],[342.657]
2025-02-04T00:25:06+01:00,[60],[342.624]
2025-02-04T00:25:04+01:00,[60],[342.86]
2025-02-04T00:25:02+01:00,[60],[342.86]
2025-02-04T00:25:00+01:00,[60],[342.86]
2025-02-04T00:24:58+01:00,[60],[342.86]
2025-02-04T00:24:56+01:00,[60],[342.879]
2025-02-04T00:24:54+01:00,[60],[342.361]
2025-02-04T00:24:52+01:00,[60],[341.958]
2025-02-04T00:24:50+01:00,[60],[341.958]
2025-02-04T00:24:48+01:00,[60],[341.958]
2025-02-04T00:24:46+01:00,[60],[341.958]
2025-02-04T00:24:44+01:00,[60],[341.958]
2025-02-04T00:24:42+01:00,[60],[341.958]
2025-02-04T00:24:40+01:00,[60],[341.958]
2025-02-04T00:24:38+01:00,[60],[341.958]
2025-02-04T00:24:36+01:00,[60],[341.958]
2025-02-04T00:24:34+01:00,[60],[341.958]
2025-02-04T00:24:32+01:00,[60],[342.861]
2025-02-04T00:24:30+01:00,[60],[342.861]
2025-02-04T00:24:28+01:00,[60],[342.861]
2025-02-04T00:24:26+01:00,[60],[342.861]
2025-02-04T00:24:24+01:00,[60],[342.861]
2025-02-04T00:24:22+01:00,[60],[342.861]
2025-02-04T00:24:20+01:00,[60],[342.861]
2025-02-04T00:24:18+01:00,[60],[342.861]
2025-02-04T00:24:16+01:00,[60],[342.861]
2025-02-04T00:24:14+01:00,[60],[342.861]
2025-02-04T00:24:12+01:00,[60],[342.861]
2025-02-04T00:24:10+01:00,[60],[342.861]
2025-02-04T00:24:08+01:00,[60],[342.861]
2025-02-04T00:24:07+01:00,[60],[342.861]
2025-02-04T00:24:05+01:00,[60],[342.861]
2025-02-04T00:24:04+01:00,[60],[342.861]
2025-02-04T00:24:02+01:00,[60],[342.861]
2025-02-04T00:24:01+01:00,[60],[342.861]
2025-02-04T00:23:59+01:00,[60],[342.861]
2025-02-04T00:23:58+01:00,[60],[342.861]
2025-02-04T00:23:56+01:00,[60],[342.861]
2025-02-04T00:23:55+01:00,[60],[342.861]
2025-02-04T00:23:53+01:00,[60],[342.861]
2025-02-04T00:23:51+01:00,[60],[342.861]
2025-02-04T00:23:49+01:00,[60],[342.861]
2025-02-04T00:23:47+01:00,[60],[342.861]
2025-02-04T00:23:45+01:00,[60],[342.861]
2025-02-04T00:23:43+01:00,[60],[342.861]
2025-02-04T00:23:41+01:00,[60],[342.861]
2025-02-04T00:23:39+01:00,[60],[342.861]
2025-02-04T00:23:37+01:00,[60],[342.861]
2025-02-04T00:23:35+01:00,[60],[342.861]
2025-02-04T00:23:33+01:00,[60],[342.861]
2025-02-04T00:23:31+01:00,[60],[342.861]
2025-02-04T00:23:29+01:00,[60],[342.861]
2025-02-04T00:23:27+01:00,[60],[342.861]
2025-02-04T00:23:25+01:00,[60],[342.861]
2025-02-04T00:23:23+01:00,[60],[342.861]
2025-02-04T00:23:21+01:00,[60],[342.861]
2025-02-04T00:23:19+01:00,[60],[342.861]
2025-02-04T00:23:17+01:00,[60],[342.861]
2025-02-04T00:23:15+01:00,[60],[342.861]
2025-02-04T00:23:13+01:00,[60],[342.861]
2025-02-04T00:23:11+01:00,[60],[342.861]
2025-02-04T00:23:09+01:00,[60],[342.861]
2025-02-04T00:23:07+01:00,[60],[342.861]
2025-02-04T00:23:05+01:00,[60],[342.861]
2025-02-04T00:23:03+01:00,[60],[342.51]
2025-02-04T00:23:01+01:00,[60],[342.51]
2025-02-04T00:22:59+01:00,[60],[342.51]
2025-02-04T00:22:57+01:00,[60],[342.51]
2025-02-04T00:22:55+01:00,[60],[342.51]
2025-02-04T00:22:53+01:00,[60],[342.51]
2025-02-04T00:22:51+01:00,[60],[342.51]
2025-02-04T00:22:49+01:00,[60],[342.51]
2025-02-04T00:22:47+01:00,[60],[342.51]
2025-02-04T00:22:45+01:00,[60],[342.51]
2025-02-04T00:22:43+01:00,[60],[342.51]
2025-02-04T00:22:41+01:00,[60],[342.51]
2025-02-04T00:22:39+01:00,[60],[342.51]
2025-02-04T00:22:37+01:00,[60],[342.51]
2025-02-04T00:22:35+01:00,[60],[342.51]
2025-02-04T00:22:33+01:00,[60],[342.717]
2025-02-04T00:22:31+01:00,[60],[342.717]
2025-02-04T00:22:29+01:00,[60],[342.717]
2025-02-04T00:22:27+01:00,[60],[342.717]
2025-02-04T00:22:25+01:00,[60],[342.896]
2025-02-04T00:22:23+01:00,[60],[342.7]
2025-02-04T00:22:21+01:00,[60],[340.134]
2025-02-04T00:22:19+01:00,[60],[340.134]
2025-02-04T00:22:17+01:00,[60],[340.134]
2025-02-04T00:22:15+01:00,[60],[340.134]
2025-02-04T00:22:13+01:00,[60],[340.134]
2025-02-04T00:22:11+01:00,[60],[340.134]
2025-02-04T00:22:09+01:00,[60],[340.134]
2025-02-04T00:22:07+01:00,[60],[340.134]
2025-02-04T00:22:05+01:00,[60],[340.134]
2025-02-04T00:22:03+01:00,[60],[340.134]
2025-02-04T00:22:01+01:00,[60],[340.134]
2025-02-04T00:21:59+01:00,[60],[340.134]
2025-02-04T00:21:58+01:00,[60],[340.134]
2025-02-04T00:21:56+01:00,[60],[340.134]
2025-02-04T00:21:55+01:00,[60],[340.134]
2025-02-04T00:21:54+01:00,[60],[340.134]
2025-02-04T00:21:26+01:00,[60],[341.802]
2025-02-04T00:21:24+01:00,[60],[341.98]
2025-02-04T00:21:22+01:00,[60],[341.98]
2025-02-04T00:21:20+01:00,[60],[341.658]
2025-02-04T00:21:18+01:00,[60],[341.991]
2025-02-04T00:21:16+01:00,[60],[341.971]
2025-02-04T00:21:14+01:00,[60],[341.987]
2025-02-04T00:21:12+01:00,[60],[341.987]
2025-02-04T00:21:10+01:00,[60],[341.987]
2025-02-04T00:21:08+01:00,[60],[341.987]
2025-02-04T00:21:06+01:00,[60],[341.988]
2025-02-04T00:21:04+01:00,[60],[342.04]
2025-02-04T00:21:02+01:00,[60],[341.806]
2025-02-04T00:21:00+01:00,[60],[341.806]
2025-02-04T00:20:58+01:00,[60],[341.806]
2025-02-04T00:20:56+01:00,[60],[341.63]
2025-02-04T00:20:54+01:00,[60],[341.63]
2025-02-04T00:20:52+01:00,[60],[341.63]
2025-02-04T00:20:50+01:00,[60],[341.63]
2025-02-04T00:20:48+01:00,[60],[341.63]
2025-02-04T00:20:46+01:00,[60],[341.361]
2025-02-04T00:20:44+01:00,[60],[341.362]
2025-02-04T00:20:42+01:00,[60],[341.256]
2025-02-04T00:20:40+01:00,[60],[341.268]
2025-02-04T00:20:38+01:00,[60],[341.37]
2025-02-04T00:20:36+01:00,[60],[341.37]
2025-02-04T00:20:34+01:00,[60],[341.373]
2025-02-04T00:20:32+01:00,[60],[341.269]
2025-02-04T00:20:30+01:00,[60],[341.304]
2025-02-04T00:20:28+01:00,[60],[341.791]
2025-02-04T00:20:26+01:00,[60],[341.795]
2025-02-04T00:20:24+01:00,[60],[342.08]
2025-02-04T00:20:22+01:00,[60],[342.08]
2025-02-04T00:20:20+01:00,[60],[342.084]
2025-02-04T00:20:18+01:00,[60],[342.357]
2025-02-04T00:20:16+01:00,[60],[342.341]
2025-02-04T00:20:14+01:00,[60],[342.079]
2025-02-04T00:20:12+01:00,[60],[341.719]
2025-02-04T00:20:10+01:00,[60],[341.217]
2025-02-04T00:20:08+01:00,[60],[341.828]
2025-02-04T00:20:06+01:00,[60],[341.607]
2025-02-04T00:20:04+01:00,[60],[341.607]
2025-02-04T00:20:02+01:00,[60],[341.432]
2025-02-04T00:20:00+01:00,[60],[342.399]
2025-02-04T00:19:58+01:00,[60],[342.399]
2025-02-04T00:19:56+01:00,[60],[342.399]
2025-02-04T00:19:55+01:00,[60],[342.399]
2025-02-04T00:19:53+01:00,[60],[342.654]
2025-02-04T00:19:52+01:00,[60],[342.654]
2025-02-04T00:19:50+01:00,[60],[342.654]
2025-02-04T00:19:49+01:00,[60],[342.654]
2025-02-04T00:19:47+01:00,[60],[342.654]
2025-02-04T00:19:46+01:00,[60],[342.654]
2025-02-04T00:19:44+01:00,[60],[342.662]
2025-02-04T00:19:43+01:00,[60],[343.019]
2025-02-04T00:19:41+01:00,[60],[343.019]
2025-02-04T00:19:39+01:00,[60],[342.989]
2025-02-04T00:19:37+01:00,[60],[343.013]
2025-02-04T00:19:35+01:00,[60],[342.841]
2025-02-04T00:19:33+01:00,[60],[342.892]
2025-02-04T00:19:31+01:00,[60],[342.745]
2025-02-04T00:19:29+01:00,[60],[342.611]
2025-02-04T00:19:27+01:00,[60],[342.453]
2025-02-04T00:19:25+01:00,[60],[342.212]
2025-02-04T00:19:23+01:00,[60],[342.056]
2025-02-04T00:19:21+01:00,[60],[342.065]
2025-02-04T00:19:19+01:00,[60],[342.177]
2025-02-04T00:19:17+01:00,[60],[342.106]
2025-02-04T00:19:15+01:00,[60],[342.085]
2025-02-04T00:19:13+01:00,[60],[341.858]
2025-02-04T00:19:11+01:00,[60],[341.492]
2025-02-04T00:19:09+01:00,[60],[341.276]
2025-02-04T00:19:07+01:00,[60],[341.238]
2025-02-04T00:19:05+01:00,[60],[341.221]
2025-02-04T00:19:03+01:00,[60],[341.038]
2025-02-04T00:19:01+01:00,[60],[341.008]
2025-02-04T00:18:59+01:00,[60],[340.973]
2025-02-04T00:18:57+01:00,[60],[340.89]
2025-02-04T00:18:55+01:00,[60],[340.964]
2025-02-04T00:18:53+01:00,[60],[340.975]
2025-02-04T00:18:51+01:00,[60],[340.764]
2025-02-04T00:18:49+01:00,[60],[341.134]
2025-02-04T00:18:47+01:00,[60],[341.14]
2025-02-04T00:18:45+01:00,[60],[341.204]
2025-02-04T00:18:43+01:00,[60],[341.377]
2025-02-04T00:18:41+01:00,[60],[341.636]
2025-02-04T00:18:39+01:00,[60],[341.665]
2025-02-04T00:18:37+01:00,[60],[341.51]
2025-02-04T00:18:35+01:00,[60],[341.768]
2025-02-04T00:18:33+01:00,[60],[341.873]
2025-02-04T00:18:31+01:00,[60],[341.851]
2025-02-04T00:18:29+01:00,[60],[341.966]
2025-02-04T00:18:27+01:00,[60],[341.856]
2025-02-04T00:18:25+01:00,[60],[341.982]
2025-02-04T00:18:23+01:00,[60],[341.868]
2025-02-04T00:18:21+01:00,[60],[341.865]
2025-02-04T00:18:19+01:00,[60],[341.961]
2025-02-04T00:18:17+01:00,[60],[341.885]
2025-02-04T00:18:15+01:00,[60],[341.822]
2025-02-04T00:18:13+01:00,[60],[341.959]
2025-02-04T00:18:11+01:00,[60],[341.87]
2025-02-04T00:18:09+01:00,[60],[341.825]
2025-02-04T00:18:07+01:00,[60],[341.856]
2025-02-04T00:18:05+01:00,[60],[341.83]
2025-02-04T00:18:03+01:00,[60],[341.728]
2025-02-04T00:18:01+01:00,[60],[341.827]
2025-02-04T00:17:59+01:00,[60],[341.605]
2025-02-04T00:17:57+01:00,[60],[341.525]
2025-02-04T00:17:55+01:00,[60],[341.453]
2025-02-04T00:17:53+01:00,[60],[341.225]
2025-02-04T00:17:52+01:00,[60],[342.265]
2025-02-04T00:17:50+01:00,[60],[342.087]
2025-02-04T00:17:48+01:00,[60],[342.235]
2025-02-04T00:17:47+01:00,[60],[342.244]
2025-02-04T00:17:46+01:00,[60],[342.357]
2025-02-04T00:17:44+01:00,[60],[342.387]
2025-02-04T00:17:42+01:00,[60],[342.607]
2025-02-04T00:17:41+01:00,[60],[342.589]
2025-02-04T00:17:39+01:00,[60],[342.437]
2025-02-04T00:17:38+01:00,[60],[342.432]
2025-02-04T00:17:36+01:00,[60],[342.574]
2025-02-04T00:17:34+01:00,[60],[342.638]
2025-02-04T00:17:32+01:00,[60],[342.184]
2025-02-04T00:17:30+01:00,[60],[342.018]
2025-02-04T00:17:28+01:00,[60],[342.155]
2025-02-04T00:17:26+01:00,[60],[341.978]
2025-02-04T00:17:24+01:00,[60],[341.875]
2025-02-04T00:17:22+01:00,[60],[342.132]
2025-02-04T00:17:20+01:00,[60],[342.039]
2025-02-04T00:17:18+01:00,[60],[341.844]
2025-02-04T00:17:16+01:00,[60],[342.621]
2025-02-04T00:17:14+01:00,[60],[342.733]
2025-02-04T00:17:12+01:00,[60],[342.841]
2025-02-04T00:17:10+01:00,[60],[342.902]
2025-02-04T00:17:08+01:00,[60],[342.42]
2025-02-04T00:17:06+01:00,[60],[342.681]
2025-02-04T00:17:04+01:00,[60],[342.946]
2025-02-04T00:17:02+01:00,[60],[342.795]
2025-02-04T00:17:00+01:00,[60],[342.411]
2025-02-04T00:16:58+01:00,[60],[342.018]
2025-02-04T00:16:56+01:00,[60],[341.859]
2025-02-04T00:16:54+01:00,[60],[341.779]
2025-02-04T00:16:52+01:00,[60],[341.688]
2025-02-04T00:16:50+01:00,[60],[341.788]
2025-02-04T00:16:48+01:00,[60],[341.789]
2025-02-04T00:16:46+01:00,[60],[341.956]
2025-02-04T00:16:44+01:00,[60],[341.965]
2025-02-04T00:16:42+01:00,[60],[342.132]
2025-02-04T00:16:40+01:00,[60],[342.134]
2025-02-04T00:16:38+01:00,[60],[342.156]
2025-02-04T00:16:36+01:00,[60],[342.145]
2025-02-04T00:16:34+01:00,[60],[342.059]
2025-02-04T00:16:32+01:00,[60],[341.805]
2025-02-04T00:16:30+01:00,[60],[341.366]
2025-02-04T00:16:28+01:00,[60],[341.236]
2025-02-04T00:16:26+01:00,[60],[341.226]
2025-02-04T00:16:24+01:00,[60],[341.758]
2025-02-04T00:16:22+01:00,[60],[342.43]
2025-02-04T00:16:20+01:00,[60],[342.586]
2025-02-04T00:16:18+01:00,[60],[342.59]
2025-02-04T00:16:16+01:00,[60],[342.618]
2025-02-04T00:16:14+01:00,[60],[342.59]
2025-02-04T00:16:12+01:00,[60],[342.521]
2025-02-04T00:16:10+01:00,[60],[342.495]
2025-02-04T00:16:08+01:00,[60],[342.426]
2025-02-04T00:16:06+01:00,[60],[342.328]
2025-02-04T00:16:04+01:00,[60],[342.334]
2025-02-04T00:16:02+01:00,[60],[342.284]
2025-02-04T00:16:00+01:00,[60],[342.292]
2025-02-04T00:15:58+01:00,[60],[342.404]
2025-02-04T00:15:56+01:00,[60],[342.404]
2025-02-04T00:15:54+01:00,[60],[342.415]
2025-02-04T00:15:52+01:00,[60],[342.398]
2025-02-04T00:15:50+01:00,[60],[342.388]
2025-02-04T00:15:48+01:00,[60],[342.448]
2025-02-04T00:15:47+01:00,[60],[342.484]
2025-02-04T00:15:45+01:00,[60],[342.533]
2025-02-04T00:15:44+01:00,[60],[342.592]
2025-02-04T00:15:42+01:00,[60],[342.5]
2025-02-04T00:15:41+01:00,[60],[342.51]
2025-02-04T00:15:39+01:00,[60],[342.484]
2025-02-04T00:15:38+01:00,[60],[342.469]
2025-02-04T00:15:36+01:00,[60],[342.475]
2025-02-04T00:15:35+01:00,[60],[342.456]
2025-02-04T00:15:33+01:00,[60],[342.477]
2025-02-04T00:15:32+01:00,[60],[342.477]
2025-02-04T00:15:30+01:00,[60],[342.476]
2025-02-04T00:15:28+01:00,[60],[342.676]
2025-02-04T00:15:26+01:00,[60],[342.213]
2025-02-04T00:15:24+01:00,[60],[342.232]
2025-02-04T00:15:22+01:00,[60],[342.261]
2025-02-04T00:15:20+01:00,[60],[342.265]
2025-02-04T00:15:18+01:00,[60],[342.204]
2025-02-04T00:15:16+01:00,[60],[342.22]
2025-02-04T00:15:14+01:00,[60],[342.139]
2025-02-04T00:15:12+01:00,[60],[342.078]
2025-02-04T00:15:10+01:00,[60],[342.024]
2025-02-04T00:15:08+01:00,[60],[341.969]
2025-02-04T00:15:06+01:00,[60],[341.931]
2025-02-04T00:15:04+01:00,[60],[341.856]
2025-02-04T00:15:02+01:00,[60],[341.859]
2025-02-04T00:15:00+01:00,[60],[342.671]
2025-02-04T00:14:58+01:00,[60],[342.417]
2025-02-04T00:14:56+01:00,[60],[342.452]
2025-02-04T00:14:54+01:00,[60],[342.524]
2025-02-04T00:14:52+01:00,[60],[342.4]
2025-02-04T00:14:50+01:00,[60],[342.486]
2025-02-04T00:14:48+01:00,[60],[342.454]
2025-02-04T00:14:46+01:00,[60],[342.508]
2025-02-04T00:14:44+01:00,[60],[342.519]
2025-02-04T00:14:42+01:00,[60],[342.614]
2025-02-04T00:14:40+01:00,[60],[342.63]
2025-02-04T00:14:38+01:00,[60],[342.705]
2025-02-04T00:14:36+01:00,[60],[342.842]
2025-02-04T00:14:34+01:00,[60],[342.827]
2025-02-04T00:14:32+01:00,[60],[342.827]
2025-02-04T00:14:30+01:00,[60],[342.838]
2025-02-04T00:14:28+01:00,[60],[342.88]
2025-02-04T00:14:26+01:00,[60],[342.927]
2025-02-04T00:14:24+01:00,[60],[342.962]
2025-02-04T00:14:22+01:00,[60],[342.966]
2025-02-04T00:14:20+01:00,[60],[343.095]
2025-02-04T00:14:18+01:00,[60],[343.278]
2025-02-04T00:14:16+01:00,[60],[343.281]
2025-02-04T00:14:14+01:00,[60],[343.457]
2025-02-04T00:14:12+01:00,[60],[343.687]
2025-02-04T00:14:10+01:00,[60],[344.259]
2025-02-04T00:14:08+01:00,[60],[344.459]
2025-02-04T00:14:06+01:00,[60],[343.121]
2025-02-04T00:14:04+01:00,[60],[343.067]
2025-02-04T00:14:02+01:00,[60],[343.54]
2025-02-04T00:14:00+01:00,[60],[343.611]
2025-02-04T00:13:58+01:00,[60],[343.685]
2025-02-04T00:13:56+01:00,[60],[344.01]
2025-02-04T00:13:54+01:00,[60],[344.085]
2025-02-04T00:13:52+01:00,[60],[342.528]
2025-02-04T00:13:50+01:00,[60],[342.571]
2025-02-04T00:13:48+01:00,[60],[342.483]
2025-02-04T00:13:46+01:00,[60],[342.91]
2025-02-04T00:13:44+01:00,[60],[343.256]
2025-02-04T00:13:43+01:00,[60],[343.866]
2025-02-04T00:13:41+01:00,[60],[343.232]
2025-02-04T00:13:39+01:00,[60],[343.232]
2025-02-04T00:13:38+01:00,[60],[343.207]
2025-02-04T00:13:36+01:00,[60],[342.05]
2025-02-04T00:13:35+01:00,[60],[342.05]
2025-02-04T00:13:33+01:00,[60],[342.05]
2025-02-04T00:13:32+01:00,[60],[342.05]
2025-02-04T00:13:30+01:00,[60],[342.098]
2025-02-04T00:13:28+01:00,[60],[342.152]
2025-02-04T00:13:26+01:00,[60],[341.92]
2025-02-04T00:13:24+01:00,[60],[341.782]
2025-02-04T00:13:23+01:00,[60],[341.521]
2025-02-04T00:13:21+01:00,[60],[343.19]
2025-02-04T00:13:19+01:00,[60],[343.751]
2025-02-04T00:13:18+01:00,[60],[343.937]
2025-02-04T00:13:06+01:00,[60],[344.438]
2025-02-04T00:12:57+01:00,[60],[344.438]
2024-08-09T04:47:09+02:00,[60],[341.053]
2024-08-09T04:08:34+02:00,[60],[343.07]
2024-08-09T04:08:09+02:00,[60],[340.562]
2024-08-09T04:08:05+02:00,[60],[340.736]
2024-08-09T04:08:03+02:00,[60],[336.845]
2024-08-09T04:08:01+02:00,[60],[336.845]
2024-08-09T04:07:59+02:00,[60],[346.738]
2024-08-09T04:07:29+02:00,[60],[340.715]
2024-08-09T04:07:27+02:00,[60],[332.254]
2024-08-09T04:07:25+02:00,[60],[332.254]
2024-08-09T04:06:49+02:00,[60],[339.31]
2024-08-09T04:05:21+02:00,[60],[346.944]
