start,duration,value
2026-07-18T07:12:15+02:00,[2],[3]
2026-07-18T05:09:12+02:00,[2],[3]
2026-07-18T04:11:00+02:00,[60],[1.36]
2026-07-18T03:10:01+02:00,[185],[3]
2026-07-18T00:46:55+02:00,[249],[6]
2026-07-18T00:58:00+02:00,[60],[1.17]
2026-07-18T00:50:00+02:00,[60],[3.6]
2026-07-17T23:52:00+02:00,"[60,60]","[3.45,2.76]"
2026-07-17T23:46:00+02:00,[60],[3.52]
2026-07-17T08:25:19+02:00,[2],[3]
2026-07-16T23:44:00+02:00,[10],[3]
2026-07-16T22:54:00+02:00,[60],[3.97]
2026-07-14T07:42:13+02:00,[20],[3]
2026-07-14T07:42:00+02:00,[60],[2.33]
2026-07-14T07:30:00+02:00,"[60,60]","[0.95,3]"
2026-07-14T06:10:00+02:00,"[60,60]","[3.59,5.92]"
2026-07-14T06:11:04+02:00,[20],[6]
2026-07-14T04:39:24+02:00,[2],[3]
2026-07-14T04:36:00+02:00,[60],[1.5]
2026-07-14T03:06:00+02:00,"[60,60]","[2.17,0.91]"
2026-07-14T01:51:00+02:00,[60],[0.17]
2026-07-14T01:42:00+02:00,"[60,60,60]","[2.44,4.28,7.89]"
2026-07-14T01:42:45+02:00,[117],[12]
2026-07-14T00:44:46+02:00,[262],[6]
2026-07-14T01:31:00+02:00,[60],[2.44]
2026-07-14T01:06:00+02:00,[60],[3.35]
2026-07-14T01:04:00+02:00,[60],[2.18]
2026-07-14T01:01:00+02:00,[60],[1.59]
2026-07-14T00:42:00+02:00,"[60,60,60,61,59,60,60,60,60,60,60,60,60]","[4.93,3.59,5.02,3.43,5.77,1.33,6.19,3.34,2.77,6.19,4.28,5.03,6.37]"
2026-07-14T00:30:00+02:00,[60],[1.16]
2026-07-13T22:45:00+02:00,[60],[1.17]
2026-07-13T22:38:00+02:00,[60],[2.17]
2026-07-13T20:52:00+02:00,[60],[2.25]
2026-07-13T18:59:01+02:00,[59],[2.56]
2026-07-13T03:13:45+02:00,[2],[3]
2026-07-13T00:40:18+02:00,[2],[3]
2026-07-12T06:07:00+02:00,[60],[3.36]
2026-07-12T05:53:00+02:00,[60],[3.63]
2026-07-12T05:50:00+02:00,[60],[1.9]
2026-07-12T05:41:00+02:00,[60],[1.64]
2026-07-12T05:35:00+02:00,[60],[2.52]
2026-07-12T05:31:00+02:00,[60],[2.24]
2026-07-12T05:28:00+02:00,[60],[5.91]
2026-07-12T05:19:00+02:00,"[60,60]","[4.78,4.01]"
2026-07-12T04:27:00+02:00,[60],[1.17]
2026-07-12T04:05:00+02:00,[60],[1.17]
2026-07-11T22:41:00+02:00,[60],[0.94]
2026-07-11T22:31:00+02:00,[60],[0.17]
2026-07-11T01:34:13+02:00,[2],[3]
2026-07-11T01:34:00+02:00,[60],[3.8]
2026-07-10T08:22:43+02:00,[2],[3]
2026-07-09T04:38:06+02:00,[2],[3]
2026-07-07T05:51:23+02:00,[2],[3]
2026-07-07T04:18:48+02:00,[2],[3]
2026-07-07T04:07:26+02:00,[2],[3]
2026-07-06T08:21:15+02:00,[124],[3]
2026-07-05T03:57:00+02:00,[60],[1.46]
2026-07-05T03:27:00+02:00,[60],[1.91]
2026-07-05T03:22:00+02:00,[60],[0.26]
2026-07-05T03:14:00+02:00,[60],[1.74]
2026-07-05T02:47:00+02:00,[60],[2.18]
2026-07-05T02:38:00+02:00,[60],[2.36]
2026-07-02T04:54:26+02:00,[2],[3]
2026-07-01T06:52:54+02:00,[2],[3]
2026-07-01T06:52:00+02:00,[60],[1.9]
2026-07-01T06:43:00+02:00,[60],[2.07]
2026-07-01T06:36:00+02:00,[60],[10.47]
2026-07-01T05:50:00+02:00,[60],[2.89]
2026-07-01T05:47:00+02:00,"[60,60]","[19.05,0.61]"
2026-07-01T03:10:34+02:00,[2],[3]
2026-07-01T01:41:00+02:00,[60],[0.26]
2026-06-30T22:05:10+02:00,[2],[3]
2026-06-30T23:53:00+02:00,[60],[1.11]
2026-06-30T22:04:00+02:00,"[60,60]","[0.86,4.79]"
2026-06-30T07:17:56+02:00,[2],[3]
2026-06-30T07:17:00+02:00,[60],[3.02]
2026-06-30T07:14:00+02:00,[60],[1.73]
2026-06-29T04:18:00+02:00,[60],[3.11]
2026-06-29T02:54:00+02:00,[60],[3.8]
2026-06-29T02:38:00+02:00,[60],[2.85]
2026-06-29T02:06:00+02:00,[60],[0.09]
2026-06-29T02:01:00+02:00,[60],[3.44]
2026-06-29T01:52:14+02:00,[2],[3]
2026-06-29T01:33:10+02:00,[280],[18]
2026-06-29T01:24:41+02:00,[2],[3]
2026-06-29T01:13:52+02:00,[168],[6]
2026-06-29T01:12:12+02:00,[2],[3]
2026-06-29T01:00:14+02:00,[415],[21]
2026-06-29T00:49:40+02:00,[585],[15]
2026-06-29T01:50:00+02:00,"[60,60,60]","[4.44,2.62,3.54]"
2026-06-29T01:41:00+02:00,[60],[0.91]
2026-06-29T01:31:00+02:00,"[60,60,60,60,60,60,60,60,60]","[1.72,6.32,5.79,7.15,1.26,3.17,7.98,0.54,2.99]"
2026-06-29T01:05:00+02:00,"[60,61,59,60,60,60,60,60,60,60,60,60,60,60,60,60,60,60,60,60,60,60,60,60,60]","[3.22,7.52,6.52,5.55,4.84,4.4,3.04,7.09,6.19,7.73,0.36,7.19,3.96,5.03,5.04,4.51,7.2,2.53,2.16,6.49,6.24,0.27,1.89,0.91,2.8]"
2026-06-29T01:02:00+02:00,"[60,60]","[3.21,2.94]"
2026-06-29T00:48:00+02:00,"[60,60,60,60,60,60,60,60,60,60,60,60,60]","[0.98,6.66,4.08,6.13,2.84,2.31,3.38,3.29,4.63,7.56,6.67,5.08,3.74]"
2026-06-29T00:43:00+02:00,[60],[1.07]
2026-06-28T02:52:09+02:00,[2],[3]
2026-06-28T01:11:00+02:00,[60],[2.74]
2026-06-28T01:04:00+02:00,"[60,60]","[4.79,2.83]"
2026-06-28T00:40:00+02:00,[60],[1.45]
2026-06-27T06:23:52+02:00,[5646],[3]
2026-06-27T06:23:00+02:00,[60],[2.32]
2026-06-26T07:28:00+02:00,"[60,60]","[1.47,5.27]"
2026-06-26T07:18:00+02:00,"[60,60,60,60,60,60]","[2.83,3.95,4.82,4.04,2.84,1.04]"
2026-06-26T07:08:00+02:00,"[60,60,60]","[4.55,2.49,3.44]"
2026-06-26T07:06:00+02:00,[60],[0.6]
2026-06-25T09:14:50+02:00,[12],[3]
2026-06-25T09:14:00+02:00,[60],[2.32]
2026-06-25T05:30:00+02:00,[60],[0.94]
2026-06-25T02:19:14+02:00,[5],[3]
2026-06-25T02:18:00+02:00,[60],[1.81]
2026-06-23T07:24:35+02:00,[10],[3]
2026-06-23T07:23:00+02:00,"[60,61]","[2.41,2.41]"
2026-06-22T07:24:46+02:00,[1604],[3]
2026-06-22T06:44:00+02:00,[60],[1.27]
2026-06-21T05:59:00+02:00,[60],[3.36]
2026-06-21T05:16:00+02:00,[60],[1.01]
2026-06-21T05:14:00+02:00,[60],[0.84]
2026-06-21T04:48:00+02:00,[60],[2.09]
2026-06-21T04:37:00+02:00,"[60,60]","[1.5,0.83]"
2026-06-21T04:33:00+02:00,[60],[1.59]
2026-06-21T01:36:00+02:00,"[60,60]","[2.42,1]"
2026-06-19T03:45:56+02:00,[2],[3]
2026-06-19T03:45:00+02:00,[60],[2.93]
2026-06-19T03:15:00+02:00,[60],[2.74]
2026-06-18T06:16:41+02:00,[2113],[3]
2026-06-18T06:19:00+02:00,[60],[2.24]
2026-06-18T06:16:00+02:00,[60],[2.5]
2026-06-18T06:06:00+02:00,[60],[2.6]
2026-06-18T06:00:00+02:00,[60],[4.08]
2026-06-18T05:57:00+02:00,[60],[1.99]
2026-06-18T05:50:00+02:00,"[60,60]","[2.08,2.43]"
2026-06-17T06:48:46+02:00,[2],[3]
2026-06-17T06:48:00+02:00,[60],[1.64]
2026-06-16T23:33:06+02:00,[842],[3]
2026-06-16T23:32:00+02:00,[60],[3.01]
2026-06-13T05:36:54+02:00,[2],[3]
2026-06-13T05:36:00+02:00,[60],[3.88]
2026-06-13T05:12:00+02:00,[60],[2.16]
2026-06-13T02:58:00+02:00,[60],[2.47]
2026-06-13T01:54:00+02:00,"[60,60]","[4.15,0.68]"
2026-06-13T01:37:00+02:00,[60],[4.54]
2026-06-13T01:29:00+02:00,[60],[1.74]
2026-06-13T01:20:00+02:00,[60],[2.029]
2026-06-13T00:53:00+02:00,[60],[0.39]
2026-06-13T00:49:00+02:00,[60],[1.65]
2026-06-13T00:45:20+02:00,[2],[3]
2026-06-13T00:28:59+02:00,[150],[9]
2026-06-12T23:54:28+02:00,[415],[18]
2026-06-12T23:44:24+02:00,[2],[3]
2026-06-12T23:34:05+02:00,[305],[18]
2026-06-12T23:22:15+02:00,[203],[15]
2026-06-13T00:44:00+02:00,"[60,60]","[1.85,6.43]"
2026-06-13T00:27:00+02:00,"[60,60,60,60,60]","[2.15,4.11,5.76,6.36,4.5]"
2026-06-13T00:22:00+02:00,"[60,60,60]","[2.06,5.77,0.49]"
2026-06-12T23:58:00+02:00,"[60,60,60,60,60]","[4.78,3.81,4.11,5.08,2.44]"
2026-06-12T23:48:00+02:00,"[60,60,61,59,60,60,60,60,60]","[4.47,3.69,3.89,3.03,3.7,7.59,7.21,3.32,6.14]"
2026-06-12T23:43:00+02:00,"[60,60]","[2.14,5.25]"
2026-06-12T23:40:00+02:00,[60],[2.53]
2026-06-12T23:37:00+02:00,[60],[2.71]
2026-06-12T23:34:00+02:00,[60],[5.92]
2026-06-12T23:32:00+02:00,[60],[4.85]
2026-06-12T23:30:00+02:00,[60],[1.16]
2026-06-12T23:21:00+02:00,"[60,60,60,60,60,60]","[1.85,6.39,2.81,1.94,7.77,3.99]"
2026-06-10T04:31:49+02:00,[2],[3]
2026-06-10T04:31:00+02:00,[60],[2.25]
2026-06-10T04:22:00+02:00,[60],[4.22]
2026-06-10T04:19:00+02:00,[60],[1.12]
2026-06-10T04:05:00+02:00,[60],[4.1]
2026-06-10T02:10:21+02:00,[2],[3]
2026-06-10T00:38:58+02:00,[2],[3]
2026-06-10T00:26:29+02:00,[226],[9]
2026-06-10T02:46:00+02:00,[60],[1.01]
2026-06-10T02:10:00+02:00,[60],[2.76]
2026-06-10T02:03:00+02:00,[60],[3.09]
2026-06-10T01:59:00+02:00,[60],[1]
2026-06-10T01:39:00+02:00,[60],[1.18]
2026-06-10T01:22:00+02:00,[60],[2.43]
2026-06-10T00:35:00+02:00,"[60,60,60,60,60]","[5.44,2.43,4.11,3.94,1.42]"
2026-06-10T00:30:00+02:00,"[60,60]","[3.77,0.42]"
2026-06-10T00:26:00+02:00,"[60,60]","[6.28,0.17]"
2026-06-09T03:57:15+02:00,[2],[3]
2026-06-09T01:35:34+02:00,[2],[3]
2026-06-09T03:57:00+02:00,[60],[2.07]
2026-06-09T03:16:00+02:00,[60],[2.009]
2026-06-09T02:03:00+02:00,[60],[2.19]
2026-06-09T01:49:00+02:00,[60],[9.93]
2026-06-09T01:35:00+02:00,[60],[1.73]
2026-06-07T05:03:05+02:00,[2],[3]
2026-06-07T04:59:00+02:00,[60],[1.12]
2026-06-07T04:51:00+02:00,[60],[6.27]
2026-06-07T04:00:00+02:00,[60],[2.62]
2026-06-07T03:58:00+02:00,[60],[3.8]
2026-06-07T00:47:00+02:00,[60],[1.51]
2026-06-06T23:47:00+02:00,[60],[0.59]
2026-06-06T23:42:17+02:00,[28],[6]
2026-06-06T23:42:00+02:00,[60],[6.53]
2026-06-06T23:21:00+02:00,[60],[1.08]
2026-06-06T22:01:00+02:00,[60],[2.43]
2026-06-06T21:07:00+02:00,[60],[1.97]
2026-06-04T23:45:23+02:00,[2],[3]
2026-06-04T22:20:55+02:00,[2],[3]
2026-06-04T23:45:01+02:00,[59],[1.9]
2026-06-04T22:20:00+02:00,[60],[1.3]
2026-06-04T22:12:00+02:00,[60],[1.2]
2026-06-04T06:17:53+02:00,[2],[3]
2026-06-04T06:17:00+02:00,[61],[1.89]
2026-06-02T04:41:00+02:00,"[60,60]","[4.3,3.37]"
2026-06-02T04:33:00+02:00,"[60,60]","[3.87,0.17]"
2026-06-02T04:28:00+02:00,"[60,60,60,60]","[1.63,4.81,3.53,2.84]"
2026-06-02T04:19:00+02:00,"[60,60]","[7.05,4.56]"
2026-06-01T03:43:48+02:00,[28],[3]
2026-06-01T03:43:00+02:00,[60],[3.37]
2026-06-01T01:53:01+02:00,"[59,60]","[6.45,4.94]"
2026-05-31T23:57:00+02:00,"[60,60]","[4.69,3.18]"
2026-05-31T23:48:00+02:00,[60],[0.5]
2026-05-31T04:38:40+02:00,[2],[3]
2026-05-30T07:02:04+02:00,[61],[3]
2026-05-30T07:01:00+02:00,[60],[3.95]
2026-05-29T05:41:14+02:00,[17],[3]
2026-05-28T03:58:42+02:00,[2],[3]
2026-05-28T02:57:00+02:00,[60],[1.05]
2026-05-25T01:29:48+02:00,[2],[3]
2026-05-25T01:07:01+02:00,"[59,61]","[1.53,4.08]"
2026-05-25T00:52:00+02:00,"[60,60]","[1.01,2.53]"
2026-05-25T00:50:00+02:00,[60],[0.42]
2026-05-25T00:48:00+02:00,[60],[1.17]
2026-05-24T23:34:00+02:00,[60],[1.34]
2026-05-24T22:45:00+02:00,[60],[0.92]
2026-05-24T21:36:00+02:00,"[60,61]","[1,0.33]"
2026-05-24T18:52:01+02:00,[59],[0.76]
2026-05-24T03:53:39+02:00,[2],[3]
2026-05-24T03:50:00+02:00,[60],[5.17]
2026-05-21T04:38:01+02:00,[2],[3]
2026-05-21T04:37:00+02:00,[60],[2.94]
2026-05-21T03:22:00+02:00,[60],[1.04]
2026-05-20T03:35:39+02:00,[2],[3]
2026-05-20T03:10:00+02:00,[60],[2.45]
2026-05-20T02:14:00+02:00,[60],[8.72]
2026-05-17T05:42:24+02:00,[2],[3]
2026-05-17T05:37:00+02:00,[60],[3.79]
2026-05-17T05:01:00+02:00,[60],[2.45]
2026-05-17T04:58:00+02:00,[60],[2.94]
2026-05-17T04:32:00+02:00,[60],[1.09]
2026-05-17T03:30:00+02:00,[60],[0.25]
2026-05-17T02:47:00+02:00,[60],[1.09]
2026-05-17T00:29:00+02:00,"[60,60]","[1.84,0.25]"
2026-05-16T21:49:00+02:00,[60],[2.77]
2026-05-16T21:44:00+02:00,[61],[1.27]
2026-05-15T06:10:56+02:00,[2],[3]
2026-05-15T06:10:00+02:00,[60],[1.98]
2026-05-15T05:07:00+02:00,[60],[2.84]
2026-05-14T07:44:34+02:00,[2],[3]
2026-05-14T07:44:00+02:00,[60],[1.55]
2026-05-14T07:42:00+02:00,[60],[1.38]
2026-05-14T05:45:00+02:00,"[60,60]","[1.5,1.67]"
2026-05-14T05:13:00+02:00,[60],[1.76]
2026-05-14T01:19:00+02:00,[60],[0.25]
2026-05-14T00:53:00+02:00,[60],[1]
2026-05-14T00:44:00+02:00,[60],[2]
2026-05-14T00:42:00+02:00,[60],[1.91]
2026-05-13T23:59:00+02:00,[60],[0.16]
2026-05-13T23:26:00+02:00,[60],[1.49]
2026-05-13T21:36:00+02:00,[60],[2.49]
2026-05-13T21:31:00+02:00,[60],[1.17]
2026-05-13T21:18:00+02:00,[60],[1.17]
2026-05-13T18:25:00+02:00,[60],[1.25]
2026-05-13T17:42:00+02:00,[60],[1.74]
2026-05-13T17:27:00+02:00,[60],[1]
2026-05-13T03:53:00+02:00,[60],[1.59]
2026-05-13T03:41:00+02:00,[60],[1.59]
2026-05-13T03:10:00+02:00,[60],[1.17]
2026-05-13T03:02:00+02:00,[60],[0.92]
2026-05-13T02:57:00+02:00,[60],[1.76]
2026-05-13T02:51:00+02:00,[60],[1.84]
2026-05-13T02:35:00+02:00,[60],[1.68]
2026-05-13T01:33:00+02:00,"[60,60]","[2.51,2.68]"
2026-05-13T01:29:00+02:00,"[60,60,60]","[1.08,3.08,4.01]"
2026-05-13T01:24:00+02:00,"[60,60,60]","[1.84,3.75,1]"
2026-05-13T01:23:00+02:00,[60],[7.25]
2026-05-13T01:20:00+02:00,"[60,60]","[2,2.17]"
2026-05-13T01:19:54+02:00,[244],[6]
2026-05-13T01:19:00+02:00,[60],[3.92]
2026-05-13T01:15:00+02:00,[60],[1.17]
2026-05-12T23:51:00+02:00,[60],[1.66]
2026-05-12T23:35:00+02:00,[60],[0.17]
2026-05-12T19:16:35+02:00,[2],[3]
2026-05-12T22:07:00+02:00,[60],[1.83]
2026-05-12T21:54:00+02:00,[60],[0.83]
2026-05-12T20:04:00+02:00,[60],[1.08]
2026-05-12T19:16:00+02:00,[60],[4.51]
2026-05-12T01:52:00+02:00,[60],[1.34]
2026-05-12T01:46:00+02:00,"[60,60,60]","[1.5,3.26,2.009]"
2026-05-12T01:44:00+02:00,[60],[3.18]
2026-05-12T01:39:00+02:00,"[60,60,60,60]","[1.92,3.5,4.51,0.92]"
2026-05-12T01:38:45+02:00,[2],[3]
2026-05-12T01:37:00+02:00,"[60,60]","[1.84,5.17]"
2026-05-12T01:26:00+02:00,"[60,60]","[1.42,1.25]"
2026-05-12T01:22:00+02:00,[60],[2.75]
2026-05-11T21:16:00+02:00,[60],[1.17]
2026-05-11T20:27:00+02:00,[60],[1.16]
2026-05-11T19:46:00+02:00,[60],[2.16]
2026-05-11T19:43:00+02:00,[60],[1.66]
2026-05-11T06:39:00+02:00,"[60,60,60,60,60]","[2,2.26,2.51,2.67,3.1]"
2026-05-11T06:31:00+02:00,"[60,60]","[2,2.16]"
2026-05-11T06:27:00+02:00,[60],[1.84]
2026-05-11T06:20:00+02:00,[60],[0.33]
2026-05-11T05:27:04+02:00,[2],[3]
2026-05-11T05:26:00+02:00,"[60,60]","[2.17,2.17]"
2026-05-11T05:15:00+02:00,[60],[1.09]
2026-05-10T23:10:16+02:00,[2],[3]
2026-05-11T01:04:00+02:00,[60],[1.59]
2026-05-11T00:10:00+02:00,"[60,60]","[6.51,3.5]"
2026-05-11T00:08:00+02:00,[60],[2.66]
2026-05-11T00:04:00+02:00,[60],[2.34]
2026-05-10T23:45:00+02:00,[60],[1.5]
2026-05-10T23:39:00+02:00,[60],[1.5]
2026-05-10T23:09:00+02:00,"[60,60]","[2.18,3.85]"
2026-05-10T22:38:00+02:00,[60],[1.26]
2026-05-10T22:25:00+02:00,"[60,60,60,60,60]","[2.51,7.95,0.76,2.009,1]"
2026-05-10T22:03:00+02:00,"[60,60,60]","[4.43,2.67,1.09]"
2026-05-10T21:57:00+02:00,"[60,60,60,60]","[3.43,3.77,0.83,0.59]"
2026-05-10T21:56:29+02:00,[2],[3]
2026-05-10T21:25:02+02:00,[2],[3]
2026-05-10T21:56:00+02:00,[60],[5.93]
2026-05-10T21:51:00+02:00,"[60,60]","[4.17,2.51]"
2026-05-10T21:42:00+02:00,[60],[0.92]
2026-05-10T21:40:00+02:00,[60],[0.75]
2026-05-10T21:27:00+02:00,"[60,60,61,59,60,60,60]","[3,2.17,2.75,6.6,4.17,4,3.94]"
2026-05-10T21:24:00+02:00,"[60,60]","[2.75,2.67]"
2026-05-10T19:03:00+02:00,[60],[1.16]
2026-05-10T06:01:58+02:00,[15],[6]
2026-05-10T04:17:00+02:00,[60],[0.75]
2026-05-09T05:20:03+02:00,[2],[3]
2026-05-09T05:19:00+02:00,[60],[2.5]
2026-05-08T06:59:48+02:00,[2],[3]
2026-05-08T06:59:00+02:00,[60],[2.49]
2026-05-08T05:57:00+02:00,"[60,60]","[1.41,1.95]"
2026-05-08T05:52:00+02:00,[60],[5.21]
2026-05-08T05:50:00+02:00,[60],[1.15]
2026-05-08T05:13:00+02:00,[60],[1.41]
2026-05-06T06:39:38+02:00,[2],[3]
2026-05-05T04:32:32+02:00,[2],[3]
2026-05-04T07:49:03+02:00,[84],[3]
2026-05-04T05:30:00+02:00,[60],[2.58]
2026-05-04T00:52:00+02:00,[60],[1.99]
2026-05-02T06:06:24+02:00,[14295],[3]
2026-05-02T02:05:00+02:00,[60],[2.51]
2026-05-02T01:58:00+02:00,[60],[2.23]
2026-05-02T01:46:00+02:00,[60],[2.4]
2026-05-02T01:35:00+02:00,[60],[0.17]
2026-04-30T08:03:32+02:00,[22],[3]
2026-04-27T06:28:42+02:00,[2],[3]
2026-04-27T06:11:00+02:00,"[60,60,60,60]","[1.03,4.26,2.89,3.83]"
2026-04-27T05:43:00+02:00,[60],[1.17]
2026-04-27T05:00:00+02:00,[60],[0.08]
2026-04-27T04:57:00+02:00,"[60,60]","[4.75,1.17]"
2026-04-27T04:52:00+02:00,[60],[1.42]
2026-04-27T04:46:00+02:00,[60],[2.009]
2026-04-27T03:29:00+02:00,[60],[1.76]
2026-04-27T02:52:00+02:00,[60],[1]
2026-04-27T00:11:00+02:00,[60],[0.25]
2026-04-27T00:08:00+02:00,[60],[0.25]
2026-04-26T22:47:00+02:00,[60],[1.67]
2026-04-25T04:38:34+02:00,[2],[3]
2026-04-25T04:38:00+02:00,[60],[2.68]
2026-04-25T03:55:00+02:00,[60],[1.97]
2026-04-24T09:03:55+02:00,[2],[3]
2026-04-24T08:35:00+02:00,[60],[0.85]
2026-04-24T07:31:00+02:00,[60],[2.43]
2026-04-24T07:09:00+02:00,[60],[0.17]
2026-04-24T06:40:00+02:00,[60],[1.5]
2026-04-24T06:16:00+02:00,[60],[1.17]
2026-04-24T05:37:00+02:00,[60],[1.26]
2026-04-24T05:24:00+02:00,[60],[1.26]
2026-04-24T04:45:00+02:00,[60],[0.25]
2026-04-24T03:40:00+02:00,[60],[2.1]
2026-04-24T03:36:00+02:00,[60],[1.34]
2026-04-24T02:17:00+02:00,[60],[1.93]
2026-04-24T02:06:00+02:00,[60],[1.68]
2026-04-24T01:00:00+02:00,"[60,60]","[1.84,1.26]"
2026-04-24T00:10:00+02:00,"[60,60,60]","[1.09,2.76,2.69]"
2026-04-24T00:01:00+02:00,[60],[1.67]
2026-04-23T22:37:00+02:00,[60],[0.67]
2026-04-23T22:34:00+02:00,[60],[3.69]
2026-04-23T22:30:00+02:00,"[60,60,60]","[1.67,4.43,4.69]"
2026-04-23T22:17:00+02:00,[60],[1.92]
2026-04-23T20:47:00+02:00,[60],[2.67]
2026-04-23T20:38:00+02:00,[60],[1.67]
2026-04-23T20:01:00+02:00,[60],[1.59]
2026-04-23T19:51:00+02:00,[60],[0.42]
2026-04-23T19:50:00+02:00,[60],[2.59]
2026-04-23T17:32:00+02:00,[60],[3.29]
2026-04-23T17:30:00+02:00,[60],[5.06]
2026-04-23T06:21:54+02:00,[2],[3]
2026-04-23T06:21:00+02:00,[60],[3.69]
2026-04-22T02:47:38+02:00,[2],[3]
2026-04-19T07:56:28+02:00,[2],[3]
2026-04-19T07:55:00+02:00,[60],[2.5]
2026-04-19T06:16:30+02:00,[22],[6]
2026-04-19T06:35:00+02:00,[60],[4.37]
2026-04-19T04:12:00+02:00,[60],[2]
2026-04-19T01:35:00+02:00,[60],[1.17]
2026-04-19T00:14:00+02:00,[60],[1.09]
2026-04-18T22:54:00+02:00,[60],[1.96]
2026-04-17T03:13:00+02:00,[60],[3.01]
2026-04-17T03:10:00+02:00,[60],[1.81]
2026-04-17T03:02:00+02:00,[60],[1.46]
2026-04-17T03:00:00+02:00,[60],[2.33]
2026-04-16T03:45:18+02:00,[134],[9]
2026-04-16T03:44:00+02:00,[60],[2.59]
2026-04-12T05:20:00+02:00,"[60,60,60]","[1.66,2.009,1.31]"
2026-04-12T04:59:00+02:00,[60],[0.96]
2026-04-12T05:56:06+02:00,[2],[3]
2026-04-12T05:00:04+02:00,[155],[3]
2026-04-12T03:33:03+02:00,[532],[6]
2026-04-11T06:09:33+02:00,[2],[3]
2026-04-11T06:10:00+02:00,[60],[2.41]
2026-04-11T06:08:00+02:00,[60],[1.3]
2026-04-10T23:42:00+02:00,"[60,60]","[3.36,0.6]"
2026-04-10T03:37:36+02:00,[2],[3]
2026-04-08T21:40:00+02:00,[60],[0.94]
2026-04-08T21:17:00+02:00,[60],[2.02]
2026-04-08T20:54:00+02:00,[60],[1.92]
2026-04-08T20:52:00+02:00,[60],[1.25]
2026-04-08T19:16:00+02:00,[60],[1.53]
2026-04-08T00:34:10+02:00,[73],[3]
2026-04-08T00:33:00+02:00,[60],[1.29]
2026-04-07T06:48:10+02:00,[2],[3]
2026-04-07T06:47:00+02:00,[60],[3.96]
2026-04-07T05:50:00+02:00,"[60,60]","[0.76,0.34]"
2026-04-07T05:29:00+02:00,[60],[3.42]
2026-04-05T07:31:54+02:00,[303],[3]
2026-04-05T07:31:00+02:00,[60],[2.66]
2026-04-05T07:21:00+02:00,[60],[1.28]
2026-04-05T02:51:00+02:00,[60],[1.84]
2026-04-04T06:02:35+02:00,[3076],[3]
2026-04-04T05:42:00+02:00,[2],[3]
2026-04-04T05:37:00+02:00,[60],[4.1]
2026-04-04T04:01:00+02:00,[60],[2.16]
2026-04-04T03:55:00+02:00,[60],[1.55]
2026-04-04T02:53:00+02:00,"[60,60]","[1.3,0.78]"
2026-04-04T02:21:00+02:00,[60],[2.07]
2026-04-03T06:24:49+02:00,[58],[3]
2026-04-03T03:38:51+02:00,[5],[3]
2026-04-03T06:24:00+02:00,[60],[3.01]
2026-04-03T04:50:00+02:00,[60],[0.26]
2026-04-03T04:45:00+02:00,[60],[2.22]
2026-04-03T04:39:00+02:00,[60],[1.97]
2026-04-03T03:53:00+02:00,[60],[0.6]
2026-04-03T03:38:00+02:00,[60],[2.91]
2026-04-02T06:37:11+02:00,[2],[3]
2026-04-02T06:36:00+02:00,[60],[0.95]
2026-04-02T03:17:40+02:00,[2],[3]
2026-04-02T03:50:00+02:00,"[60,60]","[3.27,2.67]"
2026-04-02T03:26:00+02:00,[60],[2.5]
2026-04-02T03:16:00+02:00,"[60,60]","[5.42,2.67]"
2026-03-31T08:05:17+02:00,[2],[3]
2026-03-31T08:05:00+02:00,[60],[1.2]
2026-03-29T23:45:57+02:00,[2],[3]
2026-03-29T23:45:00+02:00,[60],[3.02]
2026-03-29T23:33:00+02:00,[60],[1.9]
2026-03-29T08:12:00+02:00,[60],[2.07]
2026-03-29T07:30:00+02:00,"[60,60]","[1.37,0.86]"
2026-03-29T00:35:00+01:00,[60],[2.87]
2026-03-28T23:36:00+01:00,[60],[1.75]
2026-03-28T22:04:01+01:00,[59],[1.5]
2026-03-28T21:09:00+01:00,[60],[1.58]
2026-03-28T20:54:00+01:00,[60],[3.58]
2026-03-28T20:49:00+01:00,[60],[0.41]
2026-03-28T20:32:00+01:00,[60],[3.65]
2026-03-28T20:54:34+01:00,[2],[3]
2026-03-28T20:26:16+01:00,[392],[9]
2026-03-28T17:31:36+01:00,[2],[3]
2026-03-28T20:29:00+01:00,[60],[1.58]
2026-03-28T20:26:00+01:00,"[60,60]","[3.82,0.33]"
2026-03-28T20:13:00+01:00,[60],[3.25]
2026-03-28T19:42:01+01:00,"[59,60]","[1.74,1.49]"
2026-03-28T19:30:00+01:00,"[60,60]","[1.41,1.25]"
2026-03-28T18:46:00+01:00,[60],[1.75]
2026-03-28T18:30:00+01:00,[60],[0.66]
2026-03-28T17:47:00+01:00,[60],[3.09]
2026-03-28T17:34:00+01:00,[60],[0.42]
2026-03-28T17:31:00+01:00,[60],[3.67]
2026-03-28T02:22:00+01:00,"[60,60]","[1.84,0.26]"
2026-03-27T23:58:00+01:00,[60],[2.58]
2026-03-27T21:57:00+01:00,"[60,60]","[3.25,0.08]"
2026-03-27T17:08:06+01:00,[2],[3]
2026-03-27T20:05:00+01:00,"[60,60]","[8.75,0.83]"
2026-03-27T19:58:00+01:00,[60],[2]
2026-03-27T18:23:00+01:00,[60],[3.24]
2026-03-27T17:07:00+01:00,[60],[2.26]
2026-03-27T05:22:00+01:00,[60],[2.59]
2026-03-27T05:13:00+01:00,[60],[1.83]
2026-03-27T04:33:00+01:00,[60],[1]
2026-03-26T23:22:00+01:00,[60],[1.65]
2026-03-26T23:17:00+01:00,[60],[1.27]
2026-03-26T19:22:03+01:00,[2],[3]
2026-03-26T05:54:03+01:00,[2],[3]
2026-03-26T00:59:00+01:00,"[60,60]","[4.019,5.06]"
2026-03-23T03:45:24+01:00,[2],[3]
2026-03-22T04:00:14+01:00,[2],[3]
2026-03-21T08:06:24+01:00,[61],[3]
2026-03-20T07:36:58+01:00,[2],[3]
2026-03-20T06:54:00+01:00,[60],[1.18]
2026-03-19T05:31:11+01:00,[17],[3]
2026-03-17T00:05:01+01:00,[2],[3]
2026-03-13T06:11:41+01:00,[2],[3]
2026-03-11T01:29:07+01:00,[7],[3]
2026-03-08T08:03:26+01:00,[25],[3]
2026-03-08T08:03:00+01:00,[60],[3.28]
2026-03-08T04:33:00+01:00,[60],[2.009]
2026-03-08T02:09:00+01:00,[60],[1.25]
2026-03-07T23:12:00+01:00,[60],[1.83]
2026-03-07T22:56:00+01:00,[60],[1.42]
2026-03-07T21:37:10+01:00,[2],[3]
2026-03-07T07:09:23+01:00,[2],[3]
2026-03-06T05:12:59+01:00,[2],[3]
2026-03-06T05:11:00+01:00,"[60,60]","[1.47,2.93]"
2026-03-05T05:53:44+01:00,[2],[3]
2026-03-05T05:53:00+01:00,[60],[2.24]
2026-03-03T02:57:33+01:00,[2],[3]
2026-03-03T02:35:00+01:00,[60],[1.64]
2026-03-02T08:04:43+01:00,[28],[3]
2026-03-02T07:33:00+01:00,[60],[1.1]
2026-03-02T07:24:00+01:00,[60],[1.09]
2026-03-02T04:25:00+01:00,[60],[1.98]
2026-03-01T09:05:48+01:00,[2],[3]
2026-03-01T08:57:00+01:00,[60],[1.13]
2026-02-28T00:55:49+01:00,[2],[3]
2026-02-27T06:28:40+01:00,[2],[3]
2026-02-27T04:04:00+01:00,[60],[2.98]
2026-02-25T08:19:53+01:00,[2],[3]
2026-02-25T06:53:35+01:00,[2],[3]
2026-02-25T08:19:00+01:00,[60],[2.06]
2026-02-25T08:08:00+01:00,[60],[6.01]
2026-02-25T08:03:00+01:00,[60],[1.19]
2026-02-25T07:51:00+01:00,[60],[1.87]
2026-02-25T07:32:00+01:00,[60],[1.92]
2026-02-25T06:51:00+01:00,"[60,60,61,59]","[2.49,5.77,3.53,5]"
2026-02-22T02:58:59+01:00,[2],[3]
2026-02-19T01:57:32+01:00,[2],[3]
2026-02-19T01:22:29+01:00,[2],[3]
2026-02-18T03:31:00+01:00,[60],[3.27]
2026-02-17T03:15:17+01:00,[2],[3]
2026-02-17T01:05:00+01:00,[60],[1.12]
2026-02-15T04:21:48+01:00,[2],[3]
2026-02-15T04:21:00+01:00,[60],[2.06]
2026-02-15T03:10:00+01:00,[60],[2.56]
2026-02-15T00:24:00+01:00,[60],[0.92]
2026-02-14T23:46:00+01:00,[60],[1.59]
2026-02-14T22:13:00+01:00,"[60,60]","[3.43,1.6]"
2026-02-14T22:05:00+01:00,"[60,60,60]","[1.26,1.67,1.09]"
2026-02-14T22:03:00+01:00,[60],[1.34]
2026-02-14T20:34:00+01:00,[60],[2.46]
2026-02-13T06:59:15+01:00,[685],[3]
2026-02-13T04:53:00+01:00,[60],[0.25]
2026-02-12T05:50:00+01:00,[60],[1.63]
2026-02-12T04:17:00+01:00,[60],[0.94]
2026-02-11T01:46:37+01:00,[28],[3]
2026-02-10T20:45:16+01:00,[2],[3]
2026-02-10T04:45:41+01:00,[2],[3]
2026-02-09T03:24:08+01:00,[2],[3]
2026-02-08T05:08:00+01:00,[60],[3.64]
2026-02-08T04:36:00+01:00,[60],[1.17]
2026-02-08T04:31:00+01:00,[60],[2.74]
2026-02-08T03:05:00+01:00,[60],[1.99]
2026-02-08T00:53:00+01:00,"[60,60,60]","[2.24,0.5,0.5]"
2026-02-06T02:56:09+01:00,[2],[3]
2026-02-05T20:23:27+01:00,[2],[3]
2026-02-05T06:06:17+01:00,[2],[3]
2026-02-04T21:05:41+01:00,[2],[3]
2026-02-01T05:32:00+01:00,[60],[1.89]
2026-02-01T05:23:00+01:00,"[60,60]","[2.57,3.17]"
2026-02-01T05:09:00+01:00,[60],[0.26]
2026-01-31T23:38:00+01:00,[60],[1.1]
2026-01-28T03:44:06+01:00,[129],[9]
2026-01-28T02:12:20+01:00,[351],[9]
2026-01-28T02:11:55+01:00,[2],[3]
2026-01-28T01:55:01+01:00,[2],[3]
2026-01-28T03:43:00+01:00,[60],[1.62]
2026-01-28T02:18:00+01:00,"[60,60]","[6.52,1.48]"
2026-01-28T02:11:00+01:00,"[61,59,60,60,60,60]","[6.59,7.19,1.3,3.21,1.47,5.29]"
2026-01-28T02:03:00+01:00,[60],[3.9]
2026-01-28T01:54:00+01:00,"[60,60,60,60]","[3.3,1.3,4.69,2.52]"
2026-01-26T01:49:22+01:00,[2],[3]
2026-01-26T01:29:00+01:00,[60],[2.79]
2026-01-26T01:25:00+01:00,[60],[2.11]
2026-01-26T01:10:00+01:00,[60],[0.92]
2026-01-26T00:50:00+01:00,[60],[2.16]
2026-01-26T00:31:00+01:00,[60],[1.33]
2026-01-26T00:03:00+01:00,"[60,60]","[1.92,0.16]"
2026-01-25T23:49:00+01:00,[120],[0.16]
2026-01-25T18:20:00+01:00,[60],[2.19]
2026-01-25T18:10:00+01:00,[60],[1.17]
2026-01-25T00:37:05+01:00,[2],[3]
2026-01-25T01:21:00+01:00,[60],[1.74]
2026-01-25T00:36:00+01:00,"[60,60]","[4.48,0.25]"
2026-01-24T23:03:00+01:00,[60],[1.33]
2026-01-24T22:59:00+01:00,[60],[1.25]
2026-01-24T22:57:00+01:00,[60],[1.5]
2026-01-24T22:23:00+01:00,[60],[1.76]
2026-01-24T03:41:27+01:00,[2],[3]
2026-01-24T03:41:00+01:00,[60],[5.02]
2026-01-24T02:57:00+01:00,"[61,59]","[2.15,2.38]"
2026-01-24T02:07:00+01:00,[60],[1.08]
2026-01-23T22:34:02+01:00,[2],[3]
2026-01-23T22:03:51+01:00,[313],[3]
2026-01-23T08:46:00+01:00,[60],[3.87]
2026-01-23T08:26:00+01:00,[2],[3]
2026-01-22T22:15:00+01:00,[60],[0.75]
2026-01-20T22:10:00+01:00,"[60,60]","[1.89,5.24]"
2026-01-20T22:02:00+01:00,"[60,60,60,60]","[2.75,4.46,0.69,2.06]"
2026-01-20T21:53:00+01:00,[60],[2.74]
2026-01-19T00:02:00+01:00,[60],[1.91]
2026-01-18T08:03:42+01:00,[28],[3]
2026-01-17T04:18:05+01:00,[2],[3]
2026-01-17T04:17:00+01:00,[60],[2.58]
2026-01-16T03:20:00+01:00,[60],[3.7]
2026-01-13T03:42:22+01:00,[155],[6]
2026-01-13T03:14:00+01:00,[60],[0.42]
2026-01-13T01:04:00+01:00,[60],[4.87]
2026-01-11T07:14:00+01:00,[60],[4.99]
2026-01-11T08:06:15+01:00,[2],[3]
2026-01-11T07:11:12+01:00,[2],[3]
2026-01-10T02:48:17+01:00,[2],[3]
2026-01-10T02:26:13+01:00,[17],[6]
2026-01-09T03:21:34+01:00,[35],[3]
2026-01-09T03:21:00+01:00,[60],[2.57]
2026-01-09T02:17:01+01:00,[59],[1.7]
2026-01-08T08:01:50+01:00,[2],[3]
2026-01-08T06:56:03+01:00,[61],[6]
2026-01-08T06:47:26+01:00,[229],[9]
2026-01-08T08:01:00+01:00,[60],[2.41]
2026-01-08T07:13:00+01:00,[60],[0.42]
2026-01-08T06:55:00+01:00,"[60,60]","[3.07,3.59]"
2026-01-08T06:46:00+01:00,"[60,60,60]","[1.53,3.58,0.85]"
2026-01-07T01:52:40+01:00,[2],[3]
2026-01-07T01:52:00+01:00,[60],[2.67]
2026-01-05T01:39:00+01:00,[60],[2.84]
2026-01-05T01:05:00+01:00,[61],[1.43]
2026-01-04T18:44:00+01:00,[60],[2.28]
2026-01-03T05:54:33+01:00,[15],[3]
2026-01-03T05:54:00+01:00,[60],[3.52]
2026-01-03T05:22:00+01:00,[60],[2]
2026-01-03T04:51:00+01:00,[60],[1.82]
2026-01-03T04:29:00+01:00,[60],[0.96]
2026-01-03T03:58:00+01:00,[60],[1.74]
2026-01-01T01:37:00+01:00,[61],[2.67]
2025-12-31T06:06:28+01:00,[2],[3]
2025-12-31T06:06:00+01:00,[60],[3.26]
2025-12-31T03:56:00+01:00,[60],[1.28]
2025-12-30T06:51:28+01:00,[2],[3]
2025-12-29T06:38:33+01:00,[2],[3]
2025-12-29T06:10:40+01:00,[101],[3]
2025-12-28T09:03:00+01:00,[60],[1.38]
2025-12-28T08:54:43+01:00,[802],[3]
2025-12-28T07:24:53+01:00,[2],[3]
2025-12-26T02:16:48+01:00,[2],[3]
2025-12-26T02:05:00+01:00,[60],[3.37]
2025-12-26T02:01:32+01:00,[224],[12]
2025-12-24T07:37:57+01:00,[2],[3]
2025-12-24T07:28:00+01:00,[60],[1.29]
2025-12-24T07:00:00+01:00,[60],[1.52]
2025-12-23T23:59:00+01:00,[60],[0.51]
2025-12-21T03:51:10+01:00,[2],[3]
2025-12-20T22:36:00+01:00,[61],[4.53]
2025-12-18T06:05:09+01:00,[2],[3]
2025-12-18T06:04:00+01:00,[60],[1.81]
2025-12-18T05:19:00+01:00,[60],[2.05]
2025-12-18T05:16:00+01:00,[61],[17]
2025-12-18T05:14:00+01:00,[61],[1.62]
2025-12-18T05:12:00+01:00,[60],[1.88]
2025-12-18T05:08:00+01:00,"[60,60]","[4.7,1.28]"
2025-12-18T02:16:49+01:00,[119],[12]
2025-12-18T02:15:00+01:00,"[60,60,60,60]","[6.5,2.34,9.1,0.33]"
2025-12-18T01:56:00+01:00,[60],[1.08]
2025-12-18T01:24:00+01:00,"[60,60,60]","[1.67,0.17,2.34]"
2025-12-18T01:13:00+01:00,[60],[1.25]
2025-12-18T01:08:00+01:00,[60],[1]
2025-12-18T01:01:00+01:00,[60],[1.25]
2025-12-17T23:14:58+01:00,[2],[3]
2025-12-17T23:54:00+01:00,[60],[1.08]
2025-12-17T23:13:00+01:00,"[60,60]","[3.09,1.42]"
2025-12-17T22:17:00+01:00,[60],[0.5]
2025-12-17T22:03:00+01:00,[60],[3.01]
2025-12-17T21:22:00+01:00,[60],[0.43]
2025-12-15T23:37:59+01:00,[2],[3]
2025-12-15T23:37:00+01:00,[60],[2.4]
2025-12-15T22:08:00+01:00,[60],[2]
2025-12-14T06:26:33+01:00,[2],[3]
2025-12-14T04:59:58+01:00,[2],[3]
2025-12-14T06:26:00+01:00,[60],[3.61]
2025-12-14T05:02:00+01:00,[60],[2.76]
2025-12-14T04:59:00+01:00,"[60,60]","[2.33,0.34]"
2025-12-14T04:55:00+01:00,[60],[1.55]
2025-12-14T04:53:00+01:00,[60],[2.5]
2025-12-14T04:42:00+01:00,"[60,60]","[0.94,2.33]"
2025-12-12T23:25:27+01:00,[2],[3]
2025-12-12T23:25:20+01:00,[17],[3]
2025-12-12T23:25:00+01:00,[60],[2.24]
2025-12-11T21:01:15+01:00,[2],[3]
2025-12-11T21:01:00+01:00,[60],[4.13]
2025-12-11T06:58:36+01:00,"[2,2]","[3,3]"
2025-12-11T04:37:34+01:00,[7],[3]
2025-12-11T04:37:33+01:00,[2],[3]
2025-12-11T06:33:00+01:00,[60],[3.5]
2025-12-11T06:21:00+01:00,[60],[2.73]
2025-12-11T04:37:00+01:00,[60],[2.32]
2025-12-09T06:40:46+01:00,[2],[3]
2025-12-09T06:40:00+01:00,[60],[2.58]
2025-12-09T05:00:00+01:00,[60],[1.02]
2025-12-09T01:41:28+01:00,[2],[3]
2025-12-09T01:41:00+01:00,[60],[3.26]
2025-12-09T01:37:00+01:00,[60],[4.19]
2025-12-08T21:41:25+01:00,[2],[3]
2025-12-08T21:41:00+01:00,[60],[4.5]
2025-12-08T21:29:00+01:00,[60],[3.34]
2025-12-08T20:22:00+01:00,[60],[1.54]
2025-12-08T20:07:00+01:00,[60],[1.2]
2025-12-08T04:21:09+01:00,[2],[3]
2025-12-07T23:29:17+01:00,[2],[3]
2025-12-07T23:29:00+01:00,[60],[1.89]
2025-12-07T23:22:00+01:00,[60],[4.28]
2025-12-05T23:36:00+01:00,"[60,60]","[2.06,0.17]"
2025-12-05T06:06:06+01:00,[2],[3]
2025-12-05T06:05:00+01:00,[60],[3.34]
2025-12-03T05:41:49+01:00,[2],[3]
2025-12-03T05:41:00+01:00,[60],[2.76]
2025-12-03T05:22:00+01:00,[60],[1.11]
2025-12-03T05:11:00+01:00,"[60,60]","[2.05,0.77]"
2025-12-03T04:08:00+01:00,[60],[0.34]
2025-12-02T21:53:13+01:00,[2],[3]
2025-12-02T21:53:00+01:00,[60],[1.12]
2025-12-02T20:54:00+01:00,[60],[3.01]
2025-12-02T20:49:00+01:00,[60],[1.2]
2025-12-01T21:37:19+01:00,[2],[3]
2025-12-01T21:37:00+01:00,[60],[3.36]
2025-12-01T03:26:11+01:00,[2],[3]
2025-12-01T03:26:00+01:00,[60],[2.67]
2025-11-30T04:57:10+01:00,[1620],[3]
2025-11-30T04:57:00+01:00,[60],[2.32]
2025-11-30T02:37:00+01:00,[60],[1.23]
2025-11-30T01:45:16+01:00,[359],[6]
2025-11-30T01:30:11+01:00,[2],[3]
2025-11-30T01:51:00+01:00,[60],[3.67]
2025-11-30T01:30:00+01:00,[60],[1.66]
2025-11-29T04:59:34+01:00,[2],[3]
2025-11-29T04:59:00+01:00,[60],[3.02]
2025-11-29T03:54:01+01:00,[59],[0.51]
2025-11-29T02:38:00+01:00,[60],[1.58]
2025-11-29T01:49:00+01:00,[60],[1.42]
2025-11-28T23:37:08+01:00,[2],[3]
2025-11-28T23:36:00+01:00,"[60,60]","[2.39,4.18]"
2025-11-28T23:23:00+01:00,"[60,60]","[3.16,3.09]"
2025-11-28T23:03:00+01:00,[60],[1.63]
2025-11-28T22:57:00+01:00,[61],[0.26]
2025-11-28T22:54:00+01:00,[60],[6.84]
2025-11-28T22:31:00+01:00,[60],[7.44]
2025-11-28T22:16:00+01:00,[60],[8.119]
2025-11-28T22:02:00+01:00,[60],[1.11]
2025-11-28T21:46:00+01:00,"[60,60]","[0.17,0.34]"
2025-11-28T01:38:43+01:00,[2],[3]
2025-11-28T01:38:00+01:00,[60],[3.78]
2025-11-28T00:54:00+01:00,"[60,60]","[2.35,10.51]"
2025-11-27T22:13:00+01:00,[60],[1.01]
2025-11-27T21:59:00+01:00,"[60,61]","[1.95,4.67]"
2025-11-27T21:45:00+01:00,[60],[2.14]
2025-11-27T21:37:00+01:00,[60],[0.26]
2025-11-27T08:26:00+01:00,[60],[2.66]
2025-11-27T06:54:00+01:00,[60],[9.21]
2025-11-26T03:05:56+01:00,[10],[3]
2025-11-26T03:05:00+01:00,[60],[2.32]
2025-11-26T00:29:00+01:00,"[61,59]","[2.67,2.06]"
2025-11-24T09:06:42+01:00,[2],[3]
2025-11-23T04:27:18+01:00,[20],[3]
2025-11-23T03:06:31+01:00,[160],[6]
2025-11-23T04:27:00+01:00,[60],[3.62]
2025-11-23T03:57:00+01:00,[60],[2.79]
2025-11-23T03:06:00+01:00,[60],[2.76]
2025-11-23T02:57:00+01:00,[60],[2.17]
2025-11-22T23:09:00+01:00,[60],[2.85]
2025-11-22T22:03:00+01:00,[60],[1.21]
2025-11-22T04:49:24+01:00,[2550],[3]
2025-11-22T04:49:00+01:00,[60],[3.96]
2025-11-22T04:44:00+01:00,[60],[0.51]
2025-11-22T02:27:01+01:00,[59],[2.83]
2025-11-22T01:50:00+01:00,[60],[1.63]
2025-11-22T01:47:00+01:00,[60],[1.12]
2025-11-22T01:29:00+01:00,[60],[1.81]
2025-11-20T06:50:06+01:00,[2],[3]
2025-11-20T06:49:00+01:00,[60],[2.23]
2025-11-20T06:04:00+01:00,[60],[1.53]
2025-11-20T05:55:00+01:00,[60],[0.08]
2025-11-20T04:55:00+01:00,[60],[2.44]
2025-11-20T04:39:00+01:00,[60],[1.13]
2025-11-18T01:40:00+01:00,[60],[2.76]
2025-11-18T01:28:00+01:00,[60],[0.09]
2025-11-18T00:38:00+01:00,[60],[3.28]
2025-11-17T06:25:00+01:00,[60],[3.7]
2025-11-17T05:56:00+01:00,"[60,60,60]","[6.48,9.87,8.62]"
2025-11-17T04:31:00+01:00,[60],[1.34]
2025-11-17T04:20:00+01:00,[60],[2.09]
2025-11-17T03:51:00+01:00,[60],[0.92]
2025-11-17T02:44:00+01:00,[60],[0.84]
2025-11-17T02:21:00+01:00,"[60,60]","[0.84,1.94]"
2025-11-17T02:04:00+01:00,[60],[3.04]
2025-11-17T01:59:00+01:00,"[60,60]","[1.78,1.69]"
2025-11-15T01:30:35+01:00,[2],[3]
2025-11-15T00:58:40+01:00,[2],[3]
2025-11-15T01:30:00+01:00,[60],[3.36]
2025-11-15T00:58:00+01:00,[60],[4.54]
2025-11-15T00:45:25+01:00,[476],[6]
2025-11-15T00:15:14+01:00,[262],[9]
2025-11-15T00:43:00+01:00,[60],[5.59]
2025-11-15T00:17:00+01:00,[60],[3.15]
2025-11-15T00:14:00+01:00,[60],[0.35]
2025-11-13T21:18:00+01:00,[60],[0.85]
2025-11-13T21:05:00+01:00,[60],[2.3]
2025-11-13T20:31:00+01:00,[60],[2.55]
2025-11-13T01:00:30+01:00,[2],[3]
2025-11-12T23:34:00+01:00,"[60,60]","[1.46,0.52]"
2025-11-12T23:24:00+01:00,[60],[2.92]
2025-11-12T23:22:00+01:00,[60],[1.12]
2025-11-12T19:53:00+01:00,[60],[3.43]
2025-11-12T19:52:26+01:00,[50],[12]
2025-11-12T19:52:00+01:00,[60],[9.77]
2025-11-12T01:59:27+01:00,[2],[3]
2025-11-12T01:59:00+01:00,[60],[3.78]
2025-11-12T00:49:00+01:00,[60],[1.22]
2025-11-11T02:59:00+01:00,[60],[5.66]
2025-11-11T02:55:00+01:00,"[60,60]","[5.31,1.37]"
2025-11-11T02:50:00+01:00,"[60,60]","[2.57,1.28]"
2025-11-11T02:40:00+01:00,[60],[0.34]
2025-11-11T02:34:00+01:00,"[60,60]","[5.34,3.1]"
2025-11-11T02:32:00+01:00,[60],[1.37]
2025-11-11T02:29:00+01:00,"[60,60]","[6.44,3.01]"
2025-11-11T02:26:24+01:00,[150],[6]
2025-11-11T02:25:00+01:00,"[60,60,60,60]","[2.48,7.2,6.78,6.7]"
2025-11-11T02:23:00+01:00,[60],[1.97]
2025-11-10T01:46:23+01:00,[2],[3]
2025-11-10T01:46:01+01:00,[59],[3.01]
2025-11-10T01:30:00+01:00,[60],[3.32]
2025-11-09T20:29:00+01:00,[60],[3.83]
2025-11-09T04:59:00+01:00,[60],[2.75]
2025-11-09T04:51:00+01:00,"[60,60,60]","[5.25,5.6,4.72]"
2025-11-09T04:45:00+01:00,"[60,60]","[5.84,0.43]"
2025-11-09T04:38:00+01:00,[60],[2.93]
2025-11-09T04:36:00+01:00,[60],[1.55]
2025-11-09T04:30:00+01:00,"[60,60]","[7.58,1.37]"
2025-11-09T04:29:18+01:00,[2],[3]
2025-11-09T04:28:00+01:00,"[60,60]","[1.2,5]"
2025-11-08T06:54:03+01:00,[2],[3]
2025-11-08T06:53:00+01:00,[60],[2.93]
2025-11-08T06:30:00+01:00,[60],[6.89]
2025-11-08T05:24:01+01:00,[59],[5.01]
2025-11-08T05:21:00+01:00,"[60,60]","[0.43,0.52]"
2025-11-08T03:01:00+01:00,[60],[0.09]
2025-11-07T07:09:29+01:00,[2],[3]
2025-11-07T07:09:00+01:00,[60],[1.89]
2025-11-07T02:20:00+01:00,[60],[0.84]
2025-11-07T01:19:00+01:00,[60],[0.96]
2025-11-07T00:53:00+01:00,[60],[0.96]
2025-11-06T03:03:22+01:00,[63],[3]
2025-11-06T03:02:00+01:00,"[60,60]","[5.73,2.74]"
2025-11-06T02:36:00+01:00,"[60,60,60,60,60]","[4.44,3.77,4.87,3.42,2.14]"
2025-11-06T02:25:00+01:00,"[60,60,60]","[1.37,4.53,5.55]"
2025-11-06T02:21:00+01:00,[60],[0.25]
2025-11-05T06:10:00+01:00,[60],[3.09]
2025-11-01T05:23:00+01:00,[1743],[3]
2025-11-01T05:22:00+01:00,[60],[1.72]
2025-11-01T04:56:00+01:00,[60],[0.85]
2025-11-01T04:35:00+01:00,[61],[3.61]
2025-11-01T03:34:00+01:00,"[60,60]","[1.34,0.33]"
2025-10-31T20:26:00+01:00,[60],[1.53]
2025-10-31T20:21:00+01:00,[60],[1.44]
2025-10-31T19:23:00+01:00,"[60,60]","[6.16,4.72]"
2025-10-31T19:12:00+01:00,[60],[0.42]
2025-10-31T19:08:00+01:00,[60],[1.18]
2025-10-31T04:17:00+01:00,"[60,60]","[2.02,0.25]"
2025-10-31T04:09:00+01:00,[60],[3.88]
2025-10-31T01:35:00+01:00,[60],[1.78]
2025-10-30T23:44:12+01:00,[2],[3]
2025-10-30T23:44:00+01:00,[60],[3.87]
2025-10-30T23:33:00+01:00,"[60,60]","[3.62,0.17]"
2025-10-30T21:40:00+01:00,[60],[2.94]
2025-10-30T21:29:00+01:00,[60],[1.6]
2025-10-30T01:31:00+01:00,"[60,60]","[1.51,0.25]"
2025-10-30T00:55:00+01:00,[60],[1.94]
2025-10-30T00:28:00+01:00,[60],[1.94]
2025-10-30T00:22:00+01:00,"[60,60]","[2.27,0.51]"
2025-10-30T00:17:00+01:00,[60],[1.1]
2025-10-30T00:09:00+01:00,[60],[1.95]
2025-10-29T22:16:00+01:00,[60],[2.02]
2025-10-29T22:12:00+01:00,"[60,60]","[3.45,0.25]"
2025-10-29T22:11:00+01:00,[60],[3.96]
2025-10-29T20:24:00+01:00,"[60,60,60]","[2.19,3.95,3.78]"
2025-10-29T20:20:49+01:00,[178],[6]
2025-10-29T19:44:12+01:00,[99],[15]
2025-10-29T20:20:00+01:00,"[60,60,60,60]","[3.86,3.45,2.27,5.22]"
2025-10-29T20:18:00+01:00,[60],[1.6]
2025-10-29T19:59:00+01:00,[60],[1.26]
2025-10-29T19:44:00+01:00,"[60,60]","[6.31,5.8]"
2025-10-29T19:41:00+01:00,[60],[2.44]
2025-10-29T18:49:00+01:00,[60],[3.12]
2025-10-29T15:54:53+01:00,[17],[9]
2025-10-29T15:54:00+01:00,[60],[0.84]
2025-10-29T15:37:00+01:00,[60],[2.009]
2025-10-29T06:25:08+01:00,[2],[3]
2025-10-29T06:24:00+01:00,"[60,60]","[2.85,6.3]"
2025-10-29T06:16:00+01:00,[60],[3.11]
2025-10-29T05:46:00+01:00,[60],[2.11]
2025-10-29T03:28:00+01:00,[60],[3.17]
2025-10-29T02:14:00+01:00,[60],[3.95]
2025-10-28T05:09:58+01:00,[2],[3]
2025-10-28T00:34:54+01:00,[2],[3]
2025-10-27T23:30:34+01:00,[2],[3]
2025-10-27T22:32:00+01:00,[60],[3.01]
2025-10-25T06:21:14+02:00,[2],[3]
2025-10-23T21:40:38+02:00,[5],[3]
2025-10-22T02:25:14+02:00,[2],[3]
2025-10-21T06:55:50+02:00,[2],[3]
2025-10-21T06:55:00+02:00,[60],[3.1]
2025-10-20T05:07:22+02:00,[2],[3]
2025-10-20T03:21:01+02:00,[2],[3]
2025-10-19T05:11:30+02:00,[2],[3]
2025-10-19T05:11:00+02:00,[60],[1.63]
2025-10-19T02:46:00+02:00,[60],[0.09]
2025-10-18T05:03:00+02:00,[60],[2.76]
2025-10-18T03:01:00+02:00,"[60,60,60,60]","[4.03,3.16,3.49,3.95]"
2025-10-18T05:03:11+02:00,[2],[3]
2025-10-18T03:01:52+02:00,[2],[3]
2025-10-18T02:26:48+02:00,[2],[3]
2025-10-18T02:26:00+02:00,[60],[3.89]
2025-10-18T02:17:00+02:00,[60],[3.96]
2025-10-17T23:36:00+02:00,[60],[0.69]
2025-10-17T23:35:00+02:00,[60],[7.59]
2025-10-17T23:33:00+02:00,[60],[7.41]
2025-10-16T05:59:19+02:00,[1819],[3]
2025-10-16T04:37:12+02:00,[333],[6]
2025-10-16T04:19:04+02:00,[58],[6]
2025-10-16T04:00:16+02:00,[545],[6]
2025-10-16T04:30:00+02:00,[60],[1.72]
2025-10-16T04:25:00+02:00,[60],[1.99]
2025-10-16T04:22:00+02:00,[60],[1.9]
2025-10-16T04:19:00+02:00,"[60,60]","[0.95,0.52]"
2025-10-16T04:09:00+02:00,[60],[2.07]
2025-10-16T04:00:00+02:00,[60],[0.35]
2025-10-16T02:43:00+02:00,"[60,60,60]","[3.76,3.85,2.18]"
2025-10-14T05:52:18+02:00,[2],[3]
2025-10-14T05:52:00+02:00,[60],[3.2]
2025-10-12T05:34:26+02:00,[2],[3]
2025-10-12T04:28:00+02:00,[60],[0.67]
2025-10-12T03:15:00+02:00,[61],[1.1]
2025-10-12T02:48:00+02:00,[60],[2.35]
2025-10-12T02:44:00+02:00,[60],[1.68]
2025-10-12T02:35:00+02:00,"[60,60,60]","[4.53,9.07,4.11]"
2025-10-11T23:22:01+02:00,[59],[4.95]
2025-10-11T23:01:00+02:00,"[60,60]","[2.86,3.02]"
2025-10-11T22:16:00+02:00,[60],[1.09]
2025-10-10T22:41:01+02:00,[2],[3]
2025-10-10T22:40:00+02:00,[60],[2.17]
2025-10-10T22:19:00+02:00,[60],[1.97]
2025-10-10T04:26:10+02:00,[2],[3]
2025-10-10T04:26:00+02:00,[60],[3.28]
2025-10-10T03:48:00+02:00,"[61,59,60,60]","[2.69,2.43,4.17,1.82]"
2025-10-10T03:44:00+02:00,"[60,60]","[2.52,1.74]"
2025-10-10T03:41:00+02:00,"[60,60]","[3.57,2.69]"
2025-10-09T06:18:42+02:00,[2],[3]
2025-10-09T06:18:00+02:00,[60],[1.56]
2025-10-09T05:00:00+02:00,[60],[1.01]
2025-10-08T00:09:20+02:00,[2],[3]
2025-10-08T00:09:00+02:00,[60],[3.45]
2025-10-07T22:20:00+02:00,[60],[1.98]
2025-10-07T05:18:18+02:00,[5],[3]
2025-10-06T03:47:47+02:00,[2],[3]
2025-10-06T03:46:00+02:00,"[60,60]","[2.68,4.59]"
2025-10-06T03:35:00+02:00,"[60,60,60,60,60]","[2.33,4.84,3.8,3.29,3.11]"
2025-10-06T03:23:00+02:00,"[60,60,60,60]","[2.07,3.46,4.41,0.43]"
2025-10-06T02:58:00+02:00,[60],[0.35]
2025-10-05T05:07:30+02:00,[2],[3]
2025-10-05T05:07:00+02:00,[60],[3.1]
2025-10-05T04:33:00+02:00,[60],[9.14]
2025-10-05T04:18:00+02:00,"[60,60,60]","[1.01,2.45,2.7]"
2025-10-05T03:59:00+02:00,[60],[1.34]
2025-10-05T01:04:00+02:00,"[60,60,60]","[2.09,2.51,0.25]"
2025-10-05T00:44:00+02:00,[60],[1.75]
2025-10-05T00:35:00+02:00,[60],[1.67]
2025-10-05T00:22:00+02:00,[60],[4.35]
2025-10-02T04:55:46+02:00,[2],[3]
2025-10-02T04:55:00+02:00,[60],[2.67]
2025-10-02T04:17:00+02:00,[60],[1.22]
2025-10-02T02:46:00+02:00,[60],[2.009]
2025-09-30T07:14:14+02:00,[2],[3]
2025-09-30T07:14:00+02:00,[60],[2.5]
2025-09-29T06:00:32+02:00,[2],[3]
2025-09-27T03:40:01+02:00,[2],[3]
2025-09-27T02:48:40+02:00,[2],[3]
2025-09-26T03:46:40+02:00,[2],[3]
2025-09-26T03:10:00+02:00,[60],[2.76]
2025-09-24T05:11:21+02:00,[15],[3]
2025-09-23T09:15:50+02:00,[2],[3]
2025-09-23T09:09:00+02:00,[60],[1.37]
2025-09-23T01:21:55+02:00,[2],[3]
2025-09-22T16:35:21+02:00,[7],[3]
2025-09-20T03:55:00+02:00,[60],[1.73]
2025-09-20T02:13:00+02:00,[60],[3.37]
2025-09-19T03:03:00+02:00,[60],[1.93]
2025-09-18T17:28:00+02:00,[60],[0.26]
2025-09-18T16:07:00+02:00,[60],[1.09]
2025-09-18T05:42:24+02:00,[2],[3]
2025-09-18T05:42:00+02:00,[60],[3.53]
2025-09-18T05:31:00+02:00,[60],[2.36]
2025-09-18T05:27:00+02:00,"[60,60,60]","[1.57,5.25,0.17]"
2025-09-18T04:35:00+02:00,[60],[1.58]
2025-09-17T07:10:45+02:00,[2],[3]
2025-09-16T23:10:00+02:00,[60],[1.73]
2025-09-15T02:56:27+02:00,[2],[3]
2025-09-15T02:56:00+02:00,[60],[1.99]
2025-09-15T00:29:00+02:00,[60],[2.34]
2025-09-15T00:22:00+02:00,[60],[1.13]
2025-09-14T21:43:00+02:00,[60],[0.69]
2025-09-14T05:15:40+02:00,[2],[3]
2025-09-14T05:15:00+02:00,[60],[2.76]
2025-09-14T04:49:00+02:00,[60],[3.1]
2025-09-14T04:38:00+02:00,[60],[2.87]
2025-09-14T04:29:00+02:00,"[60,60,60]","[3.56,7.47,3.21]"
2025-09-14T04:24:00+02:00,"[60,60,60]","[1.65,4.08,3.47]"
2025-09-14T04:20:00+02:00,"[60,60]","[2.87,0.43]"
2025-09-14T04:18:00+02:00,[60],[2.87]
2025-09-14T04:12:00+02:00,"[60,60]","[2.17,1.39]"
2025-09-13T02:42:53+02:00,[2],[3]
2025-09-13T02:42:00+02:00,[60],[1.38]
2025-09-13T01:35:00+02:00,[60],[2.57]
2025-09-13T01:26:00+02:00,[60],[0.77]
2025-09-12T01:34:00+02:00,[60],[0.95]
2025-09-11T01:55:00+02:00,[15],[3]
2025-09-11T01:54:00+02:00,"[60,60]","[2.37,1.18]"
2025-09-10T02:18:00+02:00,[60],[4.49]
2025-09-10T00:53:19+02:00,[109],[6]
2025-09-10T01:25:00+02:00,"[60,60]","[4.14,4.05]"
2025-09-10T00:55:00+02:00,[60],[5.84]
2025-09-10T00:53:00+02:00,[60],[3.72]
2025-09-10T00:39:00+02:00,"[60,60]","[6,0.34]"
2025-09-09T22:21:00+02:00,"[60,60]","[2.45,1.77]"
2025-09-09T22:15:00+02:00,[60],[1.78]
2025-09-09T02:22:00+02:00,[60],[5.83]
2025-09-09T01:51:00+02:00,[60],[1.26]
2025-09-08T23:35:00+02:00,[60],[1.01]
2025-09-08T22:48:00+02:00,[60],[0.92]
2025-09-08T22:44:00+02:00,"[60,60]","[1.43,1.77]"
2025-09-08T22:34:00+02:00,[60],[1.85]
2025-09-08T22:33:56+02:00,[2],[3]
2025-09-08T22:33:00+02:00,[60],[3.2]
2025-09-08T22:31:00+02:00,[60],[3.28]
2025-09-08T05:47:09+02:00,[12],[6]
2025-09-08T04:30:00+02:00,[60],[0.34]
2025-09-08T04:01:00+02:00,[60],[0.33]
2025-09-08T03:52:00+02:00,[60],[4.13]
2025-09-07T21:37:35+02:00,[575],[6]
2025-09-07T21:47:00+02:00,[60],[2.88]
2025-09-07T20:10:00+02:00,[60],[0.17]
2025-09-07T06:58:08+02:00,[2],[3]
2025-09-07T02:14:00+02:00,[60],[1.02]
2025-09-06T22:54:00+02:00,[60],[0.67]
2025-09-06T20:53:00+02:00,[60],[1.1]
2025-09-06T20:42:00+02:00,[60],[1.78]
2025-09-06T19:53:00+02:00,[60],[2.04]
2025-09-06T17:37:11+02:00,[2],[3]
2025-09-06T06:20:00+02:00,[60],[3.14]
2025-09-06T01:45:00+02:00,[60],[1.53]
2025-09-05T20:16:08+02:00,[2],[3]
2025-09-05T20:16:00+02:00,[60],[4.3]
2025-09-04T05:54:00+02:00,[60],[2.5]
2025-09-04T04:43:00+02:00,[60],[1.58]
2025-09-03T05:38:02+02:00,[20],[3]
2025-09-01T05:37:07+02:00,[12],[3]
2025-09-01T05:37:00+02:00,[60],[2.07]
2025-09-01T04:35:00+02:00,[60],[0.92]
2025-09-01T03:49:00+02:00,"[60,60]","[1.1,0.59]"
2025-09-01T03:41:00+02:00,[60],[2.45]
2025-09-01T03:09:00+02:00,"[60,60]","[0.76,1.18]"
2025-09-01T01:40:00+02:00,"[60,60]","[1.2,2.31]"
2025-09-01T01:13:00+02:00,[60],[1.19]
2025-09-01T00:41:00+02:00,[60],[1.8]
2025-08-31T23:38:00+02:00,[60],[3.31]
2025-08-31T22:45:00+02:00,[60],[1.64]
2025-08-30T06:28:30+02:00,[2],[3]
2025-08-30T03:22:50+02:00,[2],[3]
2025-08-24T07:33:58+02:00,[2],[3]
2025-08-24T06:08:00+02:00,[60],[1.92]
2025-08-23T07:23:37+02:00,[2],[3]
2025-08-23T07:23:00+02:00,[60],[1.12]
2025-08-23T05:26:00+02:00,[60],[4.81]
2025-08-22T06:11:26+02:00,[2],[3]
2025-08-20T05:41:41+02:00,[5],[3]
2025-08-20T05:40:00+02:00,"[61,59]","[4.13,2.67]"
2025-08-20T05:27:00+02:00,[60],[4.04]
2025-08-20T05:24:00+02:00,"[60,60]","[3.44,0.17]"
2025-08-20T05:20:00+02:00,"[60,60]","[5.24,1.46]"
2025-08-20T05:17:00+02:00,"[60,60]","[2.58,1.8]"
2025-08-20T04:50:00+02:00,[60],[1.29]
2025-08-20T04:46:00+02:00,"[60,60]","[2.41,1.04]"
2025-08-20T04:44:00+02:00,[60],[3.28]
2025-08-19T07:30:37+02:00,[2],[3]
2025-08-19T07:30:00+02:00,[60],[2.58]
2025-08-19T05:02:00+02:00,[60],[2.58]
2025-08-19T04:58:00+02:00,"[60,60]","[1.03,5]"
2025-08-19T04:54:00+02:00,[60],[1.12]
2025-08-18T06:31:16+02:00,[2],[3]
2025-08-18T06:31:00+02:00,[60],[3.19]
2025-08-18T05:49:00+02:00,[60],[1.71]
2025-08-17T05:56:20+02:00,[2],[3]
2025-08-17T05:56:00+02:00,[60],[3.53]
2025-08-17T03:11:00+02:00,[60],[0.67]
2025-08-17T02:14:30+02:00,[2],[3]
2025-08-17T02:14:00+02:00,[60],[4.01]
2025-08-15T02:16:51+02:00,[313],[3]
2025-08-15T02:15:32+02:00,[10],[3]
2025-08-14T05:30:00+02:00,[60],[1.9]
2025-08-14T05:29:27+02:00,[84],[6]
2025-08-11T04:11:19+02:00,[2],[3]
2025-08-11T04:11:00+02:00,[60],[3.79]
2025-08-11T03:09:00+02:00,[60],[1.99]
2025-08-11T00:23:00+02:00,[60],[3.38]
2025-08-10T23:58:00+02:00,[60],[0.26]
2025-08-10T04:35:00+02:00,[60],[1.12]
2025-08-10T04:04:00+02:00,[60],[1.49]
2025-08-10T02:25:00+02:00,[60],[0.52]
2025-08-10T00:37:00+02:00,[60],[3.28]
2025-08-07T03:40:51+02:00,[2],[3]
2025-08-07T02:20:46+02:00,[2],[3]
2025-08-07T03:40:00+02:00,[60],[4.13]
2025-08-07T03:32:00+02:00,[60],[0.35]
2025-08-07T02:20:00+02:00,[60],[4.48]
2025-08-06T06:09:12+02:00,[2],[3]
2025-08-06T06:07:00+02:00,"[60,60]","[1.63,3.27]"
2025-08-05T04:04:54+02:00,[2],[3]
2025-08-05T04:04:00+02:00,[60],[2.59]
2025-08-05T03:24:00+02:00,[60],[0.85]
2025-08-05T03:19:00+02:00,[60],[1.71]
2025-08-05T03:13:00+02:00,[60],[4.86]
2025-08-05T03:06:00+02:00,"[60,60]","[2.2,1.1]"
2025-08-05T03:03:00+02:00,[60],[1.44]
2025-08-05T02:59:00+02:00,"[60,60]","[1.69,1.61]"
2025-08-05T02:55:00+02:00,[60],[4.98]
2025-08-05T02:47:00+02:00,[60],[2.54]
2025-08-04T23:28:00+02:00,[60],[1.25]
2025-08-04T20:23:20+02:00,[2],[3]
2025-08-04T22:27:00+02:00,[60],[1.51]
2025-08-04T20:22:00+02:00,[60],[3.96]
2025-08-04T03:27:25+02:00,[20],[3]
2025-08-03T05:53:00+02:00,[60],[1.88]
2025-07-31T07:14:00+02:00,[60],[4.04]
2025-07-31T05:48:00+02:00,[60],[1.18]
2025-07-31T05:35:00+02:00,[60],[1.09]
2025-07-31T04:19:00+02:00,[60],[1.5]
2025-07-31T03:14:00+02:00,[60],[2.26]
2025-07-31T01:56:00+02:00,[60],[0.5]
2025-07-30T01:54:53+02:00,[2],[3]
2025-07-30T01:48:03+02:00,[2],[3]
2025-07-28T22:54:32+02:00,[2],[3]
2025-07-27T06:59:58+02:00,[2],[3]
2025-07-24T06:11:16+02:00,[2],[3]
2025-07-23T06:27:37+02:00,[2],[3]
2025-07-20T04:13:18+02:00,[2],[3]
2025-07-20T03:49:00+02:00,[60],[0.94]
2025-07-19T06:49:32+02:00,[12],[3]
2025-07-17T02:29:09+02:00,[2],[3]
2025-07-15T06:21:12+02:00,[234],[6]
2025-07-14T09:12:43+02:00,[2],[3]
2025-07-13T06:12:00+02:00,[2],[3]
2025-07-13T01:39:32+02:00,[2],[3]
2025-07-12T18:16:43+02:00,[25],[24]
2025-07-12T04:50:32+02:00,[7],[3]
2025-07-12T03:17:40+02:00,[17],[6]
2025-07-12T01:28:54+02:00,[501],[24]
2025-07-11T23:58:27+02:00,[2],[3]
2025-07-11T22:50:16+02:00,[341],[18]
2025-07-11T22:48:16+02:00,[2],[3]
2025-07-11T22:29:28+02:00,[458],[30]
2025-07-11T23:19:00+02:00,[60],[0.93]
2025-07-11T21:36:00+02:00,[60],[1.59]
2025-07-11T05:29:00+02:00,[60],[1.17]
2025-07-11T04:08:14+02:00,[2],[3]
2025-07-11T03:26:18+02:00,[2],[3]
2025-07-11T00:47:00+02:00,[60],[1.08]
2025-07-10T20:24:58+02:00,[2],[3]
2025-07-10T18:20:00+02:00,[60],[1.65]
2025-07-10T04:44:00+02:00,[60],[1.75]
2025-07-10T03:13:00+02:00,[60],[0.83]
2025-07-09T23:30:00+02:00,[60],[1.83]
2025-07-09T23:20:00+02:00,[60],[1.08]
2025-07-09T23:11:00+02:00,[60],[1.92]
2025-07-09T22:15:00+02:00,[60],[3.34]
2025-07-09T22:06:00+02:00,[60],[1.67]
2025-07-09T21:58:00+02:00,"[60,60,60,60,60]","[2.17,7.34,2.67,1.92,3.09]"
2025-07-09T21:43:00+02:00,[60],[0.92]
2025-07-09T21:41:00+02:00,[60],[1.59]
2025-07-09T06:05:00+02:00,[60],[1.33]
2025-07-09T05:59:00+02:00,[60],[1]
2025-07-09T04:47:00+02:00,[60],[4.5]
2025-07-09T02:21:00+02:00,"[60,60]","[1.83,1.33]"
2025-07-09T01:18:00+02:00,[60],[1.51]
2025-07-08T23:33:00+02:00,[60],[1.16]
2025-07-08T23:13:00+02:00,[60],[0.92]
2025-07-08T22:57:00+02:00,[60],[0.75]
2025-07-08T02:23:00+02:00,[60],[1.09]
2025-07-08T02:12:00+02:00,[60],[3.34]
2025-07-07T23:47:10+02:00,[86],[6]
2025-07-07T21:52:16+02:00,[2],[3]
2025-07-07T23:47:00+02:00,"[60,60]","[3.45,2.93]"
2025-07-07T21:52:00+02:00,[60],[1.12]
2025-07-07T20:56:00+02:00,[60],[1.88]
2025-07-06T08:34:52+02:00,[2],[3]
2025-07-06T08:34:00+02:00,[60],[2.93]
2025-07-06T07:29:00+02:00,[60],[0.83]
2025-07-06T03:19:00+02:00,[60],[5.63]
2025-07-06T02:12:00+02:00,[60],[0.08]
2025-07-06T02:05:00+02:00,"[60,60]","[1.94,3.22]"
2025-07-06T00:17:00+02:00,[60],[2.009]
2025-07-05T22:16:53+02:00,[2],[3]
2025-07-05T05:40:00+02:00,"[60,60]","[4.38,3.53]"
2025-07-05T05:31:00+02:00,"[60,60,60,60,60]","[3.69,0.95,4.21,3.44,1.54]"
2025-07-04T03:55:04+02:00,[2],[3]
2025-07-03T05:31:56+02:00,[2],[3]
2025-07-03T05:31:00+02:00,[60],[2.77]
2025-07-03T04:50:00+02:00,[61],[1.8]
2025-06-29T02:34:00+02:00,[60],[0.6]
2025-06-29T02:33:00+02:00,[60],[2.85]
2025-06-29T00:40:00+02:00,[60],[2.24]
2025-06-27T07:51:27+02:00,[2],[3]
2025-06-27T06:07:00+02:00,"[60,60,60]","[5.1,4.61,2.1]"
2025-06-27T03:00:00+02:00,[60],[1.68]
2025-06-26T06:19:06+02:00,[2],[3]
2025-06-26T06:18:00+02:00,[60],[2.41]
2025-06-26T04:45:00+02:00,[60],[0.69]
2025-06-25T04:31:06+02:00,[2],[3]
2025-06-25T02:29:07+02:00,[2],[3]
2025-06-25T04:31:00+02:00,[60],[2.49]
2025-06-25T02:28:00+02:00,[60],[1.59]
2025-06-25T02:19:00+02:00,[60],[1.42]
2025-06-25T02:09:00+02:00,[60],[1.09]
2025-06-25T02:00:00+02:00,[60],[1.92]
2025-06-25T01:24:00+02:00,[60],[3.5]
2025-06-24T23:43:00+02:00,[60],[0.83]
2025-06-24T22:54:00+02:00,[60],[3.16]
2025-06-24T16:03:44+02:00,[2],[3]
2025-06-24T05:24:17+02:00,[2],[3]
2025-06-24T05:23:00+02:00,"[60,60]","[3.71,3.8]"
2025-06-24T05:15:00+02:00,"[60,60,60]","[6.03,3.37,1.29]"
2025-06-24T05:13:00+02:00,[60],[4.14]
2025-06-22T03:22:29+02:00,[2],[3]
2025-06-22T03:22:00+02:00,[60],[3.46]
2025-06-21T22:29:00+02:00,[60],[1.21]
2025-06-20T06:04:01+02:00,[2],[3]
2025-06-20T06:02:00+02:00,"[60,60]","[2.5,6.4]"
2025-06-20T05:42:00+02:00,"[60,60,60,60,60]","[3.19,1.65,1.81,5.79,1.81]"
2025-06-19T03:45:40+02:00,[2],[3]
2025-06-19T03:45:00+02:00,[60],[1.99]
2025-06-18T06:18:00+02:00,[60],[2.42]
2025-06-18T03:54:00+02:00,[60],[0.86]
2025-06-16T01:02:00+02:00,[2],[3]
2025-06-16T00:26:30+02:00,[305],[6]
2025-06-15T05:45:45+02:00,[2],[3]
2025-06-15T05:15:14+02:00,[155],[12]
2025-06-14T06:03:21+02:00,[2],[3]
2025-06-13T04:35:00+02:00,[60],[1.13]
2025-06-13T04:36:12+02:00,[2],[3]
2025-06-13T02:17:50+02:00,[7],[3]
2025-06-11T06:35:58+02:00,[2],[3]
2025-06-09T23:35:11+02:00,[5],[3]
2025-06-07T04:40:54+02:00,[71],[3]
2025-06-07T01:12:38+02:00,[22],[6]
2025-06-06T23:58:10+02:00,[155],[15]
2025-06-05T06:19:16+02:00,[71],[6]
2025-06-04T07:25:53+02:00,[2],[3]
2025-06-04T06:33:20+02:00,[2],[3]
2025-06-04T03:22:13+02:00,[2],[3]
2025-06-02T06:57:53+02:00,[2],[3]
2025-06-01T07:49:19+02:00,[2],[3]
2025-06-01T06:38:20+02:00,[2],[3]
2025-06-01T07:49:00+02:00,[60],[3.1]
2025-06-01T06:51:00+02:00,[60],[3.27]
2025-06-01T06:44:00+02:00,[60],[1.76]
2025-06-01T06:38:00+02:00,[60],[3.28]
2025-06-01T02:55:00+02:00,[60],[1.34]
2025-06-01T02:41:00+02:00,[60],[0.33]
2025-06-01T00:49:00+02:00,[60],[0.67]
2025-05-31T23:27:59+02:00,[2],[3]
2025-05-31T23:27:00+02:00,"[60,60]","[2.67,1.73]"
2025-05-31T23:06:00+02:00,[60],[1.73]
2025-05-30T06:41:00+02:00,[60],[1.37]
2025-05-30T05:39:00+02:00,[60],[4.3]
2025-05-30T05:30:00+02:00,[60],[2.24]
2025-05-30T05:21:00+02:00,"[60,60,61,59,60]","[4.91,0.34,4.14,3.79,0.94]"
2025-05-29T07:17:20+02:00,[2],[3]
2025-05-29T00:20:00+02:00,[60],[1.38]
2025-05-28T03:06:00+02:00,"[60,60]","[2.33,4.31]"
2025-05-27T23:22:00+02:00,[60],[1.81]
2025-05-25T04:10:00+02:00,[60],[2.76]
2025-05-25T03:01:00+02:00,[60],[1.13]
2025-05-25T01:10:00+02:00,[60],[1.03]
2025-05-24T23:39:00+02:00,[60],[1.2]
2025-05-24T23:22:00+02:00,[60],[0.86]
2025-05-24T05:53:45+02:00,[2],[3]
2025-05-24T05:53:00+02:00,[60],[3.37]
2025-05-24T05:31:00+02:00,[60],[2.74]
2025-05-24T03:19:40+02:00,[2],[3]
2025-05-24T03:18:00+02:00,"[60,60]","[0.61,5.1]"
2025-05-23T01:50:53+02:00,[2],[3]
2025-05-23T01:50:00+02:00,[60],[2.15]
2025-05-22T23:40:00+02:00,[60],[2.75]
2025-05-22T22:23:00+02:00,[60],[0.59]
2025-05-22T22:09:00+02:00,[60],[1.51]
2025-05-22T22:00:00+02:00,[60],[1.08]
2025-05-22T20:32:00+02:00,"[60,60]","[3.17,1.84]"
2025-05-22T19:57:00+02:00,[60],[1.09]
2025-05-22T19:19:00+02:00,[60],[1.52]
2025-05-22T19:18:00+02:00,[60],[3.45]
2025-05-22T18:37:00+02:00,[60],[1.43]
2025-05-22T18:27:18+02:00,[2],[3]
2025-05-22T18:26:00+02:00,"[60,60]","[3.53,3.02]"
2025-05-22T16:07:00+02:00,"[60,60]","[2.81,0.51]"
2025-05-22T16:05:00+02:00,[60],[1.7]
2025-05-22T06:55:08+02:00,[2],[3]
2025-05-22T06:55:00+02:00,[60],[3.79]
2025-05-22T06:05:00+02:00,[61],[1.03]
2025-05-22T03:15:00+02:00,[60],[7.71]
2025-05-20T04:54:24+02:00,[2],[3]
2025-05-20T03:33:00+02:00,[60],[0.87]
2025-05-19T07:26:44+02:00,[33],[3]
2025-05-19T06:43:00+02:00,[60],[1.2]
2025-05-19T01:02:00+02:00,[60],[1.17]
2025-05-19T00:57:00+02:00,[60],[1.5]
2025-05-18T23:54:00+02:00,[60],[3.37]
2025-05-18T23:53:00+02:00,[60],[4.56]
2025-05-18T23:50:00+02:00,"[60,60]","[3.28,4.21]"
2025-05-18T23:39:00+02:00,"[60,60]","[1.85,0.34]"
2025-05-18T23:35:00+02:00,"[60,60]","[3.8,4.22]"
2025-05-18T23:03:00+02:00,[60],[2.28]
2025-05-18T20:54:00+02:00,[60],[1.04]
2025-05-18T04:46:37+02:00,[2],[3]
2025-05-18T04:46:00+02:00,[60],[3.53]
2025-05-17T23:19:00+02:00,[60],[2.76]
2025-05-16T05:40:48+02:00,[525],[3]
2025-05-16T05:03:00+02:00,[60],[7.86]
2025-05-16T01:29:05+02:00,[2],[3]
2025-05-16T03:55:00+02:00,[60],[1.6]
2025-05-16T03:42:00+02:00,[60],[4.3]
2025-05-16T02:43:00+02:00,[60],[3.79]
2025-05-16T02:06:00+02:00,[60],[2.44]
2025-05-16T01:29:00+02:00,[61],[5.9]
2025-05-16T01:17:00+02:00,[60],[0.42]
2025-05-15T21:32:00+02:00,[60],[5.96]
2025-05-15T21:27:00+02:00,[60],[2.009]
2025-05-15T20:57:00+02:00,[60],[0.59]
2025-05-15T19:53:00+02:00,[60],[1.11]
2025-05-14T04:55:23+02:00,[2],[3]
2025-05-14T04:55:00+02:00,[60],[2.33]
2025-05-14T04:42:00+02:00,[61],[1.29]
2025-05-14T03:27:00+02:00,[60],[2.43]
2025-05-14T01:56:00+02:00,"[60,60]","[1.59,4.019]"
2025-05-14T01:41:00+02:00,[60],[1.26]
2025-05-13T21:55:00+02:00,"[60,60]","[2.77,0.93]"
2025-05-11T03:59:27+02:00,[10],[3]
2025-05-11T03:59:00+02:00,[60],[2.76]
2025-05-11T03:47:00+02:00,[60],[0.86]
2025-05-11T00:09:26+02:00,[2],[3]
2025-05-11T00:08:00+02:00,"[60,60]","[2.92,5.07]"
2025-05-10T06:05:44+02:00,[2],[3]
2025-05-10T06:05:00+02:00,[60],[3.79]
2025-05-10T00:42:41+02:00,[2],[3]
2025-05-09T06:40:02+02:00,[2],[3]
2025-05-09T06:39:00+02:00,[61],[3.44]
2025-05-09T06:19:00+02:00,[60],[0.43]
2025-05-09T03:47:00+02:00,"[60,60]","[1.75,1.25]"
2025-05-09T03:27:00+02:00,[60],[3.84]
2025-05-09T03:13:00+02:00,[60],[1.59]
2025-05-09T02:58:00+02:00,[60],[1]
2025-05-09T02:46:00+02:00,[60],[1.51]
2025-05-09T02:39:00+02:00,[60],[1.17]
2025-05-09T00:46:00+02:00,[60],[0.09]
2025-05-08T23:21:00+02:00,[60],[1.17]
2025-05-08T23:13:00+02:00,"[60,60]","[5.61,0.26]"
2025-05-08T23:09:00+02:00,[60],[0.17]
2025-05-08T22:16:00+02:00,"[60,60]","[2.18,1.09]"
2025-05-08T21:46:00+02:00,[60],[6.91]
2025-05-08T03:34:00+02:00,[60],[3.01]
2025-05-08T03:11:00+02:00,[60],[1.37]
2025-05-08T02:53:57+02:00,[163],[3]
2025-05-08T02:13:00+02:00,"[60,60]","[1.17,2.009]"
2025-05-08T01:39:00+02:00,[60],[0.67]
2025-05-08T01:06:00+02:00,[60],[0.59]
2025-05-08T00:40:00+02:00,"[60,60]","[0.84,0.84]"
2025-05-07T21:25:00+02:00,"[60,60]","[1.26,0.67]"
2025-05-07T21:19:00+02:00,[60],[1.17]
2025-05-07T20:54:00+02:00,[60],[7.78]
2025-05-07T20:03:00+02:00,[60],[3.58]
2025-05-07T19:57:00+02:00,[60],[2.39]
2025-05-07T02:56:46+02:00,[1702],[3]
2025-05-07T02:56:00+02:00,[60],[2.33]
2025-05-07T01:04:00+02:00,"[60,60]","[2.26,2.43]"
2025-05-07T01:00:00+02:00,[60],[2.02]
2025-05-07T00:58:00+02:00,[60],[4.28]
2025-05-07T00:41:00+02:00,[60],[1.76]
2025-05-07T00:37:00+02:00,"[60,60,60]","[1.93,0.25,0.75]"
2025-05-06T23:24:00+02:00,[60],[6.12]
2025-05-06T23:20:00+02:00,"[60,60]","[1.51,0.16]"
2025-05-06T23:18:00+02:00,[60],[1.93]
2025-05-06T22:14:00+02:00,[60],[4.44]
2025-05-04T05:09:00+02:00,[60],[1.38]
2025-05-04T05:08:56+02:00,[2],[3]
2025-05-04T05:08:00+02:00,[60],[2.25]
2025-05-04T00:08:00+02:00,[60],[2.85]
2025-05-03T06:49:54+02:00,[160],[9]
2025-05-03T06:51:00+02:00,[60],[2.93]
2025-05-03T06:49:00+02:00,[60],[1.73]
2025-05-03T05:17:00+02:00,[60],[1.14]
2025-05-03T04:22:00+02:00,[60],[3.88]
2025-05-02T03:20:00+02:00,[60],[2.15]
2025-05-02T02:07:00+02:00,[60],[1.17]
2025-05-02T01:13:00+02:00,[60],[0.5]
2025-05-02T01:11:00+02:00,[60],[2.68]
2025-05-02T00:45:00+02:00,[60],[0.59]
2025-05-01T21:37:15+02:00,[12],[6]
2025-05-01T21:37:00+02:00,[60],[6.04]
2025-05-01T19:52:00+02:00,[60],[1.12]
2025-04-30T02:24:00+02:00,[60],[2.76]
2025-04-30T02:04:00+02:00,[60],[0.17]
2025-04-30T01:11:00+02:00,[60],[1.85]
2025-04-30T00:00:00+02:00,[60],[6.71]
2025-04-29T23:58:00+02:00,[60],[0.16]
2025-04-29T23:19:00+02:00,"[60,60]","[3.77,3.02]"
2025-04-29T21:44:00+02:00,[60],[0.92]
2025-04-29T21:13:00+02:00,[60],[1.17]
2025-04-29T21:10:00+02:00,[60],[1.17]
2025-04-29T20:56:00+02:00,[60],[0.42]
2025-04-29T20:02:00+02:00,[60],[1.8]
2025-04-29T20:54:17+02:00,[2],[3]
2025-04-29T20:00:45+02:00,[2],[3]
2025-04-29T00:28:31+02:00,[2],[3]
2025-04-28T05:49:03+02:00,[2],[3]
2025-04-28T04:53:00+02:00,[60],[0.08]
2025-04-28T04:08:00+02:00,[60],[0.08]
2025-04-28T04:03:00+02:00,[60],[2]
2025-04-28T03:35:00+02:00,[60],[1.25]
2025-04-28T00:06:00+02:00,[60],[1.5]
2025-04-27T23:57:00+02:00,[60],[1.41]
2025-04-27T23:12:00+02:00,[60],[1.01]
2025-04-27T07:05:00+02:00,[60],[2.67]
2025-04-27T06:27:00+02:00,[60],[4.64]
2025-04-27T03:18:00+02:00,[60],[1.37]
2025-04-27T03:12:00+02:00,[60],[1.71]
2025-04-27T03:09:00+02:00,[60],[1.12]
2025-04-27T03:01:00+02:00,"[60,60]","[2.48,0.77]"
2025-04-27T02:55:00+02:00,[60],[3.76]
2025-04-26T00:12:44+02:00,[2],[3]
2025-04-26T00:12:00+02:00,[60],[2.84]
2025-04-25T23:32:00+02:00,[60],[1.2]
2025-04-25T23:20:00+02:00,[60],[4.86]
2025-04-25T03:59:57+02:00,[2],[3]
2025-04-25T03:59:00+02:00,[60],[3.45]
2025-04-24T23:21:00+02:00,[60],[5.38]
2025-04-24T04:05:00+02:00,[60],[0.6]
2025-04-24T03:34:00+02:00,[60],[1.78]
2025-04-24T03:03:45+02:00,[28],[9]
2025-04-24T03:03:00+02:00,"[60,60]","[5.29,3.77]"
2025-04-24T02:24:00+02:00,[60],[1.18]
2025-04-24T00:50:00+02:00,[60],[0.42]
2025-04-24T00:13:00+02:00,[60],[0.84]
2025-04-23T19:49:00+02:00,"[60,60]","[6.24,1.88]"
2025-04-23T19:35:00+02:00,"[60,60]","[1.03,0.35]"
2025-04-23T19:03:17+02:00,[2],[3]
2025-04-23T03:28:50+02:00,[2],[3]
2025-04-23T03:03:02+02:00,[25],[6]
2025-04-23T03:28:00+02:00,[60],[2.5]
2025-04-23T03:02:00+02:00,"[60,60]","[1.72,8.14]"
2025-04-23T02:59:00+02:00,[60],[1.97]
2025-04-23T02:57:01+02:00,[59],[1.38]
2025-04-23T02:33:00+02:00,[60],[4.42]
2025-04-23T02:01:00+02:00,[60],[1.76]
2025-04-23T01:13:00+02:00,[60],[2.1]
2025-04-23T00:47:00+02:00,[60],[0.25]
2025-04-22T23:37:00+02:00,[60],[8.74]
2025-04-22T23:31:00+02:00,"[60,60]","[1.26,0.17]"
2025-04-22T21:44:00+02:00,[60],[2.009]
2025-04-22T20:58:00+02:00,[60],[0.08]
2025-04-22T01:51:00+02:00,[60],[2.24]
2025-04-22T00:23:00+02:00,[60],[2.97]
2025-04-21T22:54:00+02:00,[60],[3.47]
2025-04-21T22:43:00+02:00,[60],[3.28]
2025-04-21T22:38:00+02:00,[60],[0.59]
2025-04-21T22:01:29+02:00,[112],[9]
2025-04-21T22:00:00+02:00,"[60,60,60,60]","[1.18,6.64,0.09,5.29]"
2025-04-21T21:57:00+02:00,[60],[0.17]
2025-04-21T05:05:55+02:00,[2],[3]
2025-04-21T05:05:00+02:00,[60],[1.81]
2025-04-21T04:38:00+02:00,"[60,60,60,60,60,60,60,60,60]","[2.67,6.45,5.77,6.03,7.33,6.64,6.74,4.83,0.35]"
2025-04-21T04:21:00+02:00,[60],[6.96]
2025-04-21T00:59:00+02:00,"[60,60]","[3.26,1.38]"
2025-04-20T04:04:00+02:00,[60],[2.57]
2025-04-20T03:16:00+02:00,[60],[2.21]
2025-04-20T02:58:00+02:00,[60],[1.45]
2025-04-20T00:31:00+02:00,[60],[1.2]
2025-04-19T23:46:09+02:00,[2],[3]
2025-04-19T23:46:00+02:00,[60],[5.21]
2025-04-19T04:21:00+02:00,[60],[2.16]
2025-04-19T04:19:00+02:00,[60],[2.24]
2025-04-19T03:13:00+02:00,[60],[1.65]
2025-04-19T03:06:00+02:00,[60],[1.57]
2025-04-19T04:19:41+02:00,[119],[6]
2025-04-19T02:58:54+02:00,[2],[3]
2025-04-19T02:30:24+02:00,[2],[3]
2025-04-19T02:30:00+02:00,[60],[2.62]
2025-04-19T02:25:00+02:00,[60],[1.75]
2025-04-18T02:25:40+02:00,[2],[3]
2025-04-17T03:21:00+02:00,[60],[2.24]
2025-04-17T01:59:00+02:00,[60],[1.43]
2025-04-17T01:55:00+02:00,[60],[1.17]
2025-04-17T00:03:00+02:00,[60],[0.67]
2025-04-17T00:01:00+02:00,[61],[1.09]
2025-04-16T22:55:00+02:00,[60],[1.77]
2025-04-16T20:52:00+02:00,"[60,60,60]","[0.42,0.17,0.75]"
2025-04-16T03:20:32+02:00,[2],[3]
2025-04-16T03:20:00+02:00,[60],[3.01]
2025-04-16T03:14:00+02:00,[60],[1.64]
2025-04-16T03:01:00+02:00,[60],[4.3]
2025-04-16T02:34:00+02:00,[60],[0.95]
2025-04-16T01:14:00+02:00,"[60,60]","[9.79,0.5]"
2025-04-16T00:47:00+02:00,[60],[0.68]
2025-04-15T23:18:08+02:00,[2],[3]
2025-04-15T23:18:00+02:00,[60],[4.11]
2025-04-15T23:08:00+02:00,[60],[1.26]
2025-04-15T22:02:00+02:00,[60],[0.75]
2025-04-15T20:57:00+02:00,[60],[0.42]
2025-04-15T20:13:00+02:00,[60],[0.51]
2025-04-15T00:12:00+02:00,[60],[2.41]
2025-04-14T21:40:00+02:00,"[60,60,60,60]","[5.9,2.38,4.57,0.57]"
2025-04-14T21:39:47+02:00,[2],[3]
2025-04-14T21:39:00+02:00,[60],[5.23]
2025-04-14T05:41:30+02:00,[2],[3]
2025-04-14T05:41:00+02:00,[60],[5.14]
2025-04-14T05:30:00+02:00,[60],[1.24]
2025-04-14T05:28:00+02:00,[60],[2]
2025-04-14T05:15:00+02:00,[60],[1.24]
2025-04-14T01:48:00+02:00,[60],[1.33]
2025-04-14T00:48:00+02:00,[60],[0.57]
2025-04-14T00:42:29+02:00,[310],[6]
2025-04-14T00:47:00+02:00,[60],[3.15]
2025-04-14T00:42:00+02:00,[60],[2.67]
2025-04-13T07:18:14+02:00,[2],[3]
2025-04-11T06:39:41+02:00,[2],[3]
2025-04-10T04:32:40+02:00,[2],[3]
2025-04-08T23:37:18+02:00,[2],[3]
2025-04-07T04:30:29+02:00,[2],[3]
2025-04-07T04:29:00+02:00,[60],[2.31]
2025-04-07T02:54:00+02:00,[60],[1.12]
2025-04-07T00:56:00+02:00,[60],[1.64]
2025-04-06T02:27:57+02:00,[2],[3]
2025-04-06T02:26:00+02:00,[60],[3.86]
2025-04-06T01:37:00+02:00,[60],[8.43]
2025-04-06T01:09:00+02:00,[60],[1.76]
2025-04-05T23:30:00+02:00,[60],[1]
2025-04-05T22:43:35+02:00,[2],[3]
2025-04-05T21:42:48+02:00,[2],[3]
2025-04-05T20:32:55+02:00,[2],[3]
2025-04-05T23:06:00+02:00,[60],[0.83]
2025-04-05T22:55:00+02:00,[60],[1.33]
2025-04-05T22:50:00+02:00,[60],[1.74]
2025-04-05T22:41:00+02:00,"[60,60]","[1.66,4.65]"
2025-04-05T21:52:00+02:00,[60],[0.99]
2025-04-05T21:40:00+02:00,"[60,60,60,60]","[1.99,7.55,3.56,1.58]"
2025-04-05T21:34:00+02:00,"[60,60]","[1.08,0.33]"
2025-04-05T20:31:00+02:00,[60],[2.57]
2025-04-05T20:24:00+02:00,[60],[2.24]
2025-04-04T23:36:06+02:00,[2],[3]
2025-04-04T23:34:00+02:00,"[60,60]","[5.17,0.51]"
2025-04-04T02:16:32+02:00,[2],[3]
2025-04-04T02:15:00+02:00,[60],[3.63]
2025-04-03T22:25:00+02:00,[60],[2.15]
2025-04-03T22:06:00+02:00,[60],[1.56]
2025-04-02T03:58:38+02:00,[2],[3]
2025-04-02T00:53:00+02:00,[60],[0.86]
2025-03-30T03:53:28+02:00,[2],[3]
2025-03-29T06:21:27+01:00,[2],[3]
2025-03-29T06:13:00+01:00,"[60,60]","[2.58,0.43]"
2025-03-28T01:42:22+01:00,[2],[3]
2025-03-28T01:41:00+01:00,[60],[3.61]
2025-03-28T01:39:00+01:00,[60],[0.95]
2025-03-28T01:19:42+01:00,[20],[6]
2025-03-27T22:29:42+01:00,[15],[6]
2025-03-26T01:26:18+01:00,[372],[3]
2025-03-26T00:11:19+01:00,[2],[3]
2025-03-25T22:22:29+01:00,[2],[3]
2025-03-25T03:36:03+01:00,[2],[3]
2025-03-25T03:16:44+01:00,[114],[9]
2025-03-24T22:49:18+01:00,[2],[3]
2025-03-24T04:59:55+01:00,[30],[3]
2025-03-20T06:11:37+01:00,[2],[3]
2025-03-20T04:08:00+01:00,[60],[1.76]
2025-03-20T04:05:00+01:00,[60],[1.17]
2025-03-20T01:39:00+01:00,"[60,60]","[2.009,0.25]"
2025-03-20T00:25:00+01:00,[60],[1.33]
2025-03-19T22:19:00+01:00,[60],[0.08]
2025-03-19T20:46:00+01:00,[60],[1.07]
2025-03-19T02:47:09+01:00,[2],[3]
2025-03-19T01:40:33+01:00,[17],[6]
2025-03-19T02:46:00+01:00,[60],[2.23]
2025-03-19T02:44:00+01:00,[60],[0.94]
2025-03-19T01:52:00+01:00,[60],[7.46]
2025-03-19T01:03:00+01:00,[60],[1.02]
2025-03-19T01:02:18+01:00,[2],[3]
2025-03-19T01:02:00+01:00,[60],[2.13]
2025-03-19T00:32:00+01:00,[60],[0.84]
2025-03-18T23:22:00+01:00,"[60,60]","[1.58,0.59]"
2025-03-18T22:21:00+01:00,[60],[2.93]
2025-03-18T22:15:00+01:00,[60],[1.17]
2025-03-18T21:04:00+01:00,[60],[1.92]
2025-03-18T20:16:00+01:00,[60],[1.75]
2025-03-18T19:56:00+01:00,[60],[0.34]
2025-03-17T02:49:31+01:00,[2],[3]
2025-03-17T02:49:00+01:00,[60],[2.75]
2025-03-17T02:46:00+01:00,[60],[2.58]
2025-03-17T01:33:00+01:00,"[60,60]","[1.52,0.09]"
2025-03-17T01:10:00+01:00,[61],[1.87]
2025-03-17T01:08:00+01:00,[60],[2.21]
2025-03-17T01:01:00+01:00,[60],[0.94]
2025-03-16T20:24:00+01:00,[60],[3.86]
2025-03-14T23:43:25+01:00,[15],[3]
2025-03-14T23:43:00+01:00,[60],[3.62]
2025-03-14T21:56:00+01:00,[60],[2.13]
2025-03-14T03:29:16+01:00,[2],[3]
2025-03-14T03:06:00+01:00,[60],[2.58]
2025-03-14T02:53:00+01:00,"[60,60]","[1.02,5.46]"
2025-03-14T02:05:00+01:00,"[60,60]","[2.89,0.08]"
2025-03-14T01:13:00+01:00,"[60,60]","[2.6,1.76]"
2025-03-14T00:02:00+01:00,[60],[1.68]
2025-03-13T23:56:00+01:00,[60],[5.38]
2025-03-13T23:26:00+01:00,[60],[4.8]
2025-03-13T23:23:00+01:00,[60],[2.95]
2025-03-13T22:23:00+01:00,[60],[6.4]
2025-03-13T22:19:00+01:00,"[60,60]","[4.8,1.94]"
2025-03-13T21:17:00+01:00,[60],[0.67]
2025-03-13T21:13:00+01:00,[60],[1.52]
2025-03-13T05:07:43+01:00,[2],[3]
2025-03-13T05:07:00+01:00,[60],[3.44]
2025-03-13T04:22:00+01:00,[60],[1.48]
2025-03-13T03:27:00+01:00,[60],[1.54]
2025-03-13T02:13:00+01:00,[60],[0.58]
2025-03-13T01:25:00+01:00,[60],[1.18]
2025-03-13T01:06:00+01:00,[60],[1.68]
2025-03-13T00:00:00+01:00,[60],[0.17]
2025-03-12T23:04:00+01:00,[60],[1.43]
2025-03-12T22:58:00+01:00,[60],[0.17]
2025-03-12T21:39:00+01:00,[60],[2.18]
2025-03-12T21:38:00+01:00,[60],[2.85]
2025-03-12T21:36:01+01:00,[59],[2.51]
2025-03-12T20:13:00+01:00,[60],[1.42]
2025-03-12T19:53:00+01:00,"[60,60]","[7.86,1.58]"
2025-03-12T18:59:00+01:00,[60],[0.26]
2025-03-12T18:57:00+01:00,[60],[2.14]
2025-03-12T02:41:20+01:00,[53],[3]
2025-03-12T01:30:00+01:00,[60],[2.52]
2025-03-12T00:57:00+01:00,[60],[2.19]
2025-03-11T00:32:32+01:00,[2],[3]
2025-03-10T22:37:00+01:00,[60],[1.28]
2025-03-10T04:52:55+01:00,[2],[3]
2025-03-10T04:08:00+01:00,"[61,59,60]","[5.7,1.26,0.92]"
2025-03-10T01:07:41+01:00,[226],[18]
2025-03-10T02:58:00+01:00,[60],[2.27]
2025-03-10T01:36:00+01:00,[60],[1.09]
2025-03-10T01:04:00+01:00,[60],[3]
2025-03-08T01:45:09+01:00,[2],[3]
2025-03-08T01:30:00+01:00,[2],[3]
2025-03-08T02:45:00+01:00,[60],[2.75]
2025-03-08T02:10:00+01:00,[60],[1.83]
2025-03-08T00:42:00+01:00,[60],[1.55]
2025-03-07T05:53:54+01:00,[2],[3]
2025-03-07T05:53:00+01:00,[60],[0.87]
2025-03-07T02:53:00+01:00,[60],[1.1]
2025-03-07T02:42:00+01:00,[60],[5.94]
2025-03-07T02:25:00+01:00,[60],[1.35]
2025-03-07T01:23:00+01:00,[60],[1.26]
2025-03-07T01:19:00+01:00,[60],[0.17]
2025-03-06T22:56:00+01:00,[60],[3.03]
2025-03-06T21:58:00+01:00,[60],[1.27]
2025-03-06T21:55:00+01:00,"[60,60]","[1.6,2.27]"
2025-03-06T21:53:00+01:00,[60],[2.1]
2025-03-06T07:14:39+01:00,[2],[3]
2025-03-06T07:14:00+01:00,[60],[3.89]
2025-03-06T06:51:00+01:00,[60],[0.85]
2025-03-06T06:20:00+01:00,[60],[1.01]
2025-03-06T03:59:00+01:00,[60],[1.42]
2025-03-06T03:21:00+01:00,[60],[1.26]
2025-03-06T00:56:00+01:00,[60],[1.6]
2025-03-05T21:25:00+01:00,[60],[1.34]
2025-03-05T21:22:00+01:00,[60],[1.68]
2025-03-05T19:55:00+01:00,[60],[0.68]
2025-03-05T19:53:00+01:00,[60],[2.14]
2025-03-05T03:31:00+01:00,[60],[2.92]
2025-03-05T01:13:00+01:00,[60],[1.25]
2025-03-05T01:11:00+01:00,"[60,60]","[3.42,4.35]"
2025-03-05T00:46:00+01:00,"[60,60]","[1.93,0.08]"
2025-03-04T23:05:00+01:00,[60],[1.18]
2025-03-03T01:19:00+01:00,[60],[1.12]
2025-03-03T01:13:00+01:00,[60],[0.51]
2025-03-03T01:12:56+01:00,[2],[3]
2025-03-03T01:12:00+01:00,[60],[3.96]
2025-03-02T22:26:00+01:00,[60],[1.58]
2025-03-02T04:10:41+01:00,[2],[3]
2025-03-01T09:31:00+01:00,[60],[2.42]
2025-03-01T05:27:00+01:00,[60],[0.85]
2025-03-01T03:48:00+01:00,[60],[1.51]
2025-03-01T02:29:00+01:00,[60],[1.17]
2025-03-01T02:25:00+01:00,"[60,60]","[1.92,1.51]"
2025-03-01T02:20:00+01:00,[60],[2.33]
2025-03-01T02:01:00+01:00,[60],[6.6]
2025-03-01T00:41:00+01:00,[60],[1.09]
2025-03-01T00:33:00+01:00,[60],[2.92]
2025-02-28T07:40:00+01:00,[60],[0.33]
2025-02-28T03:07:00+01:00,[60],[1.42]
2025-02-28T03:05:00+01:00,[60],[1.42]
2025-02-28T03:01:00+01:00,"[60,60,60]","[1.92,3.49,4.25]"
2025-02-28T02:57:00+01:00,"[60,60]","[4.74,3.25]"
2025-02-28T02:55:01+01:00,[59],[1.41]
2025-02-28T00:54:27+01:00,[2],[3]
2025-02-28T01:04:00+01:00,[60],[5.56]
2025-02-28T00:54:00+01:00,[60],[4.74]
2025-02-27T23:59:00+01:00,"[60,60,60]","[2.4,6.5,0.91]"
2025-02-27T23:36:00+01:00,[60],[1.33]
2025-02-27T23:24:00+01:00,[61],[1.82]
2025-02-27T23:20:00+01:00,"[60,60,60]","[0.58,1.5,3.23]"
2025-02-27T23:05:00+01:00,"[60,60,60]","[3.5,1.09,1.84]"
2025-02-27T21:32:00+01:00,[60],[1.42]
2025-02-27T18:59:18+01:00,[2],[3]
2025-02-27T18:59:00+01:00,[60],[4.73]
2025-02-27T18:15:00+01:00,"[60,60]","[3.08,0.84]"
2025-02-27T18:13:00+01:00,[60],[2.58]
2025-02-27T18:10:00+01:00,[60],[1.25]
2025-02-27T18:05:00+01:00,[60],[1.5]
2025-02-27T18:03:00+01:00,[60],[1.75]
2025-02-27T05:49:00+01:00,[60],[2.83]
2025-02-27T05:31:00+01:00,"[60,60]","[2.25,2.58]"
2025-02-27T05:26:00+01:00,[60],[1.58]
2025-02-27T05:22:00+01:00,"[60,60,60]","[3.33,2.08,7.57]"
2025-02-27T05:16:00+01:00,[60],[0.59]
2025-02-27T04:59:00+01:00,[60],[1.92]
2025-02-27T04:48:00+01:00,[60],[1.09]
2025-02-27T00:46:25+01:00,[2],[3]
2025-02-27T01:58:00+01:00,[60],[4.86]
2025-02-27T01:56:00+01:00,[60],[1.67]
2025-02-27T01:44:00+01:00,"[60,60,60]","[3.41,3.84,4.6]"
2025-02-27T00:46:00+01:00,[60],[5.6]
2025-02-26T22:03:00+01:00,"[60,60,60,60,61]","[4,0.25,2.5,3.42,5.67]"
2025-02-26T22:01:00+01:00,[60],[1.5]
2025-02-26T21:37:00+01:00,"[60,60]","[0.33,3.41]"
2025-02-26T21:34:00+01:00,[60],[0.42]
2025-02-26T21:31:00+01:00,[60],[1.34]
2025-02-26T21:29:00+01:00,[60],[0.17]
2025-02-26T18:17:00+01:00,"[60,60,60]","[0.49,0.5,3.65]"
2025-02-26T18:13:00+01:00,"[60,60]","[3.32,0.99]"
2025-02-26T18:08:00+01:00,"[60,60,60]","[1.08,4.059,1.5]"
2025-02-26T18:04:00+01:00,"[60,60]","[1.16,0.92]"
2025-02-26T02:39:00+01:00,[60],[1.08]
2025-02-26T02:34:00+01:00,"[60,60]","[4.49,2.4]"
2025-02-26T00:26:00+01:00,[60],[3.92]
2025-02-25T22:27:00+01:00,[60],[2.92]
2025-02-25T22:15:00+01:00,"[60,60,60,60,60]","[2.009,4.25,0.92,1.83,4.17]"
2025-02-25T22:00:00+01:00,"[60,60]","[1.17,0.25]"
2025-02-25T21:31:00+01:00,"[60,60]","[0.5,2.09]"
2025-02-25T19:03:00+01:00,[60],[1.93]
2025-02-24T03:41:51+01:00,[2],[3]
2025-02-24T03:34:00+01:00,[60],[0.94]
2025-02-24T01:34:00+01:00,"[60,60,60]","[3.25,5.22,1.12]"
2025-02-24T01:30:00+01:00,"[60,60]","[0.94,0.34]"
2025-02-23T23:31:40+01:00,[2],[3]
2025-02-23T23:30:00+01:00,"[60,60]","[3.6,4.29]"
2025-02-23T03:42:00+01:00,"[60,60]","[3.94,3.94]"
2025-02-23T03:13:00+01:00,[60],[3.25]
2025-02-23T03:10:00+01:00,"[60,60]","[3.94,1.54]"
2025-02-23T03:04:00+01:00,"[60,60,60,60]","[3.59,2.9,4.7,2.48]"
2025-02-23T02:53:00+01:00,"[60,60,60,60]","[3.85,4.36,2.48,1.11]"
2025-02-23T02:38:00+01:00,[60],[1.11]
2025-02-22T05:55:00+01:00,[60],[2.83]
2025-02-22T05:47:00+01:00,[60],[1.1]
2025-02-22T02:56:00+01:00,[60],[1.62]
2025-02-21T23:31:53+01:00,[2],[3]
2025-02-21T21:49:00+01:00,[60],[1.87]
2025-02-21T02:38:44+01:00,[2],[3]
2025-02-21T02:38:00+01:00,[60],[3.71]
2025-02-21T02:12:00+01:00,"[60,60]","[6.25,0.68]"
2025-02-21T01:11:00+01:00,"[60,60,60]","[1.09,0.34,0.17]"
2025-02-21T00:42:00+01:00,[60],[0.67]
2025-02-20T23:26:04+01:00,[2],[3]
2025-02-20T23:25:00+01:00,"[60,60]","[1.94,4.03]"
2025-02-20T21:54:00+01:00,"[60,60]","[1.68,1.51]"
2025-02-20T20:53:00+01:00,"[60,61]","[6.28,2.42]"
2025-02-20T04:42:10+01:00,[40],[3]
2025-02-20T03:24:00+01:00,[60],[0.94]
2025-02-20T03:23:00+01:00,[60],[8.29]
2025-02-20T03:23:48+01:00,[2],[3]
2025-02-20T03:23:28+01:00,[2],[3]
2025-02-20T03:22:32+01:00,[2],[3]
2025-02-19T23:31:00+01:00,[60],[0.17]
2025-02-19T21:18:00+01:00,[60],[1.26]
2025-02-19T20:53:00+01:00,[60],[1.26]
2025-02-19T20:50:42+01:00,[91],[9]
2025-02-19T20:51:00+01:00,"[60,60]","[1.84,7.6]"
2025-02-19T20:02:00+01:00,[60],[1.2]
2025-02-19T19:58:00+01:00,[60],[1.96]
2025-02-19T02:25:15+01:00,[2],[3]
2025-02-19T01:12:12+01:00,[15],[6]
2025-02-19T02:25:00+01:00,[60],[3.1]
2025-02-19T02:22:00+01:00,"[60,60]","[1.8,0.94]"
2025-02-19T01:55:00+01:00,[60],[1.11]
2025-02-19T01:25:00+01:00,[60],[0.84]
2025-02-19T01:20:00+01:00,[60],[0.92]
2025-02-19T01:11:00+01:00,"[60,60,60]","[2.17,9.54,0.92]"
2025-02-18T23:25:16+01:00,[15],[6]
2025-02-19T00:44:00+01:00,[60],[0.09]
2025-02-18T23:25:00+01:00,[60],[5.46]
2025-02-18T23:21:00+01:00,[60],[0.5]
2025-02-18T21:18:00+01:00,[60],[1.93]
2025-02-18T20:59:00+01:00,[60],[0.34]
2025-02-18T19:59:00+01:00,"[60,60]","[0.34,0.6]"
2025-02-18T04:58:11+01:00,[2],[3]
2025-02-18T03:15:15+01:00,[430],[9]
2025-02-18T03:02:46+01:00,[343],[12]
2025-02-18T04:57:00+01:00,[60],[1.29]
2025-02-18T03:27:00+01:00,[60],[2.19]
2025-02-18T03:14:00+01:00,[60],[1.23]
2025-02-18T03:06:00+01:00,"[60,60,60]","[2.89,0.7,3.5]"
2025-02-18T02:48:00+01:00,[60],[5]
2025-02-18T02:41:00+01:00,[61],[3.19]
2025-02-17T05:49:00+01:00,[60],[2.93]
2025-02-17T04:58:00+01:00,[60],[1.75]
2025-02-17T04:49:00+01:00,[60],[1]
2025-02-17T00:33:00+01:00,[60],[1.17]
2025-02-16T23:39:00+01:00,[60],[1.63]
2025-02-16T23:32:00+01:00,[60],[1.38]
2025-02-16T01:09:30+01:00,[35],[3]
2025-02-16T01:09:00+01:00,[60],[2.74]
2025-02-16T00:32:00+01:00,[60],[1.74]
2025-02-16T00:18:00+01:00,[60],[3.21]
2025-02-15T23:31:00+01:00,[60],[1.82]
2025-02-15T23:04:00+01:00,[60],[0.94]
2025-02-15T01:59:44+01:00,[231],[9]
2025-02-14T22:58:00+01:00,[60],[0.84]
2025-02-14T01:55:26+01:00,[2],[3]
2025-02-14T01:55:00+01:00,[60],[2.24]
2025-02-14T00:16:00+01:00,[60],[0.17]
2025-02-13T23:27:00+01:00,[60],[1.43]
2025-02-13T23:22:00+01:00,[60],[1.34]
2025-02-13T23:20:00+01:00,"[60,60]","[1.18,5.46]"
2025-02-13T23:15:00+01:00,[60],[0.08]
2025-02-13T22:04:00+01:00,[60],[1.09]
2025-02-13T21:01:00+01:00,"[60,60,60]","[2.58,2.58,0.43]"
2025-02-13T20:01:00+01:00,[60],[2.15]
2025-02-12T02:21:47+01:00,[2],[3]
2025-02-12T02:02:00+01:00,[25],[6]
2025-02-11T23:27:33+01:00,[2],[3]
2025-02-12T02:04:00+01:00,[60],[1.2]
2025-02-12T02:02:00+01:00,[60],[9.01]
2025-02-12T01:52:00+01:00,[60],[2.4]
2025-02-12T01:11:00+01:00,[60],[2.44]
2025-02-12T01:09:00+01:00,[60],[1.51]
2025-02-11T23:27:00+01:00,[60],[5.81]
2025-02-11T23:20:00+01:00,[60],[0.93]
2025-02-11T22:08:00+01:00,[60],[1.94]
2025-02-11T21:18:00+01:00,[60],[1.43]
2025-02-11T21:14:00+01:00,[61],[2.1]
2025-02-11T20:51:00+01:00,"[60,60]","[8.13,0.76]"
2025-02-11T19:59:00+01:00,"[60,60]","[10.35,0.51]"
2025-02-10T04:29:08+01:00,[2],[3]
2025-02-10T04:29:00+01:00,[60],[3.01]
2025-02-10T02:52:00+01:00,[60],[1.86]
2025-02-10T02:46:00+01:00,[60],[2.11]
2025-02-09T23:09:00+01:00,[60],[2.41]
2025-02-09T05:46:26+01:00,[2],[3]
2025-02-09T04:01:00+01:00,[60],[1.21]
2025-02-08T01:08:01+01:00,[2],[3]
2025-02-08T01:06:00+01:00,"[60,60]","[2.06,6.95]"
2025-02-07T04:23:37+01:00,[2],[3]
2025-02-07T04:23:00+01:00,[60],[3.09]
2025-02-07T04:09:00+01:00,[60],[0.61]
2025-02-07T02:01:00+01:00,"[60,60]","[3.84,5.13]"
2025-02-07T01:11:00+01:00,[60],[2.59]
2025-02-07T01:07:00+01:00,[60],[1.17]
2025-02-07T00:42:00+01:00,[60],[0.76]
2025-02-06T23:33:00+01:00,[60],[7.79]
2025-02-06T20:51:58+01:00,[84],[6]
2025-02-06T20:03:13+01:00,[2],[3]
2025-02-06T20:00:17+01:00,[22],[9]
2025-02-06T21:20:00+01:00,[60],[1.09]
2025-02-06T21:10:00+01:00,[60],[1.68]
2025-02-06T20:55:00+01:00,[60],[0.25]
2025-02-06T20:53:00+01:00,[60],[9.76]
2025-02-06T20:00:00+01:00,[60],[11.95]
2025-02-06T03:25:09+01:00,[2],[3]
2025-02-06T03:25:00+01:00,[60],[3.44]
2025-02-06T02:04:00+01:00,[60],[0.5]
2025-02-06T00:57:00+01:00,[60],[1.17]
2025-02-05T23:55:00+01:00,[60],[0.76]
2025-02-05T23:15:00+01:00,[60],[0.25]
2025-02-05T21:26:00+01:00,[60],[1.34]
2025-02-05T21:07:00+01:00,[60],[0.08]
2025-02-05T21:04:00+01:00,"[60,60,60]","[3.42,1.5,7.86]"
2025-02-05T19:45:00+01:00,[60],[0.09]
2025-02-05T04:09:00+01:00,[60],[2.67]
2025-02-05T02:49:00+01:00,[60],[1.36]
2025-02-05T02:29:00+01:00,[60],[0.93]
2025-02-05T02:04:00+01:00,[60],[0.35]
2025-02-05T01:09:00+01:00,[60],[0.58]
2025-02-05T00:42:00+01:00,[60],[1.93]
2025-02-04T23:20:18+01:00,[12],[6]
2025-02-04T23:20:00+01:00,[60],[5.71]
2025-02-04T21:37:00+01:00,[60],[1.51]
2025-02-04T21:19:00+01:00,[60],[2.009]
2025-02-04T19:56:00+01:00,[60],[0.42]
2025-02-04T05:02:23+01:00,[2],[3]
2025-02-04T05:02:00+01:00,[60],[3.36]
2025-02-04T00:58:00+01:00,"[60,60]","[1.9,5.44]"
2025-02-04T00:55:00+01:00,[60],[1.21]
2025-02-04T00:10:00+01:00,[60],[4.91]
2025-02-03T23:52:00+01:00,"[60,60]","[6.91,0.69]"
2025-02-02T23:44:33+01:00,[10],[3]
2025-02-02T23:44:00+01:00,[60],[2.84]
2025-02-02T22:34:00+01:00,[60],[1.04]
2025-02-02T04:16:12+01:00,[2],[3]
2025-02-02T04:16:00+01:00,[60],[3.18]
2025-02-02T02:24:00+01:00,"[60,60,60]","[1.16,2.08,1.08]"
2025-02-02T02:22:00+01:00,[60],[1.41]
2025-02-02T01:38:00+01:00,[60],[0.59]
2025-02-02T00:27:00+01:00,"[60,60]","[2.52,0.34]"
2025-02-01T23:16:00+01:00,[60],[2.49]
2025-01-31T02:28:56+01:00,[2],[3]
2025-01-31T02:02:16+01:00,[35],[9]
2025-01-31T02:02:00+01:00,[60],[7.74]
2025-01-31T01:12:00+01:00,[60],[2.66]
2025-01-31T01:08:00+01:00,[60],[2]
2025-01-31T00:39:00+01:00,[60],[0.58]
2025-01-30T23:20:00+01:00,"[60,60]","[1.92,4]"
2025-01-30T20:57:49+01:00,[2],[3]
2025-01-30T21:25:00+01:00,"[60,60]","[0.99,1.08]"
2025-01-30T19:58:00+01:00,"[60,60,60]","[1.53,3.05,0.77]"
2025-01-30T05:44:26+01:00,[2],[3]
2025-01-30T04:05:08+01:00,[2],[3]
2025-01-30T05:44:00+01:00,[60],[3.43]
2025-01-30T05:15:00+01:00,[60],[1.11]
2025-01-30T05:13:00+01:00,[60],[1.7]
2025-01-30T03:00:00+01:00,[60],[1.34]
2025-01-30T00:42:00+01:00,[60],[1.25]
2025-01-30T00:36:00+01:00,[60],[1.67]
2025-01-29T21:24:00+01:00,[60],[1.84]
2025-01-29T21:19:00+01:00,[60],[1.84]
2025-01-29T21:17:00+01:00,[60],[1.59]
2025-01-29T20:55:00+01:00,[60],[0.75]
2025-01-29T19:41:00+01:00,[60],[0.08]
2025-01-29T02:42:01+01:00,[2],[3]
2025-01-29T02:41:00+01:00,[60],[1.98]
2025-01-29T00:50:27+01:00,[25],[6]
2025-01-29T00:49:00+01:00,"[60,60]","[1.17,9.24]"
2025-01-28T23:19:01+01:00,"[59,60]","[1.51,4.69]"
2025-01-28T23:15:00+01:00,[60],[0.59]
2025-01-28T20:19:46+01:00,[2],[3]
2025-01-28T22:04:00+01:00,[60],[1.59]
2025-01-28T22:01:00+01:00,[60],[0.51]
2025-01-28T21:07:00+01:00,[60],[0.26]
2025-01-28T20:19:00+01:00,[60],[3.7]
2025-01-28T19:40:00+01:00,[60],[2.4]
2025-01-28T05:03:00+01:00,[60],[2.75]
2025-01-28T04:04:00+01:00,[60],[1.01]
2025-01-28T03:02:00+01:00,[60],[1.66]
2025-01-28T00:09:00+01:00,[60],[0.77]
2025-01-27T02:19:00+01:00,[60],[3.19]
2025-01-26T23:49:00+01:00,[60],[1.64]
2025-01-26T03:03:56+01:00,[2],[3]
2025-01-25T03:53:20+01:00,[10],[3]
2025-01-25T03:53:00+01:00,[60],[1.55]
2025-01-24T03:18:44+01:00,[15],[3]
2025-01-24T03:18:00+01:00,[60],[3.08]
2025-01-24T01:59:00+01:00,[60],[0.25]
2025-01-24T01:11:14+01:00,[2],[3]
2025-01-24T01:10:00+01:00,"[60,60]","[1.08,1.92]"
2025-01-24T01:08:00+01:00,[60],[3.75]
2025-01-23T21:52:35+01:00,[2],[3]
2025-01-23T21:51:00+01:00,[60],[1.16]
2025-01-23T21:44:00+01:00,[60],[2]
2025-01-23T21:25:00+01:00,[60],[1]
2025-01-23T21:01:00+01:00,[60],[0.25]
2025-01-23T19:43:00+01:00,[60],[1.02]
2025-01-23T04:31:58+01:00,[2],[3]
2025-01-23T04:31:00+01:00,[60],[3.85]
2025-01-23T04:13:00+01:00,[61],[2.81]
2025-01-23T03:42:00+01:00,"[60,60]","[2.77,9.6]"
2025-01-23T02:40:00+01:00,[60],[2.93]
2025-01-23T02:23:00+01:00,[60],[1.76]
2025-01-23T00:57:00+01:00,[60],[2.51]
2025-01-23T00:00:00+01:00,[60],[1.67]
2025-01-22T23:55:00+01:00,"[60,60,60]","[1.75,2.009,0.17]"
2025-01-22T23:25:00+01:00,[60],[0.25]
2025-01-22T21:01:00+01:00,[60],[1.75]
2025-01-22T20:58:00+01:00,[60],[0.84]
2025-01-22T19:56:00+01:00,[60],[0.51]
2025-01-22T19:53:00+01:00,[60],[1.19]
2025-01-22T19:44:13+01:00,[2],[3]
2025-01-22T19:44:00+01:00,[60],[3.85]
2025-01-22T02:56:34+01:00,[2],[3]
2025-01-22T01:05:00+01:00,[60],[1.25]
2025-01-22T00:49:00+01:00,[60],[0.08]
2025-01-21T23:15:00+01:00,[60],[0.25]
2025-01-21T22:00:00+01:00,[60],[0.24]
2025-01-21T21:44:00+01:00,[60],[0.66]
2025-01-20T04:34:00+01:00,[60],[2.4]
2025-01-20T00:06:00+01:00,[60],[1.09]
2025-01-19T23:11:00+01:00,[60],[1.58]
2025-01-19T21:51:00+01:00,[60],[1.26]
2025-01-18T04:37:05+01:00,[33],[3]
2025-01-18T04:36:00+01:00,[60],[2.48]
2025-01-13T02:13:31+01:00,[2],[3]
2025-01-13T01:07:00+01:00,[60],[3.61]
2025-01-13T00:54:00+01:00,[60],[1.92]
2025-01-13T00:11:00+01:00,"[60,60]","[4.87,0.17]"
2025-01-12T23:25:00+01:00,[60],[1.76]
2025-01-12T23:05:00+01:00,[60],[1.01]
2025-01-12T22:16:00+01:00,[60],[7.51]
2025-01-12T22:07:00+01:00,[60],[0.92]
2025-01-12T09:09:00+01:00,[60],[0.74]
2025-01-12T07:01:00+01:00,"[60,60]","[1.66,0.33]"
2025-01-12T01:17:00+01:00,[60],[1.26]
2025-01-11T14:29:00+01:00,"[60,60]","[3.52,3.03]"
2025-01-11T14:26:00+01:00,"[60,60]","[0.33,3.03]"
2025-01-11T14:24:00+01:00,[60],[5.64]
2025-01-11T14:22:00+01:00,[60],[2.35]
2025-01-11T14:20:00+01:00,[60],[6.14]
2025-01-11T14:15:00+01:00,[60],[0.16]
2025-01-11T13:51:00+01:00,[60],[0.42]
2025-01-11T13:36:00+01:00,[60],[1.34]
2025-01-11T10:42:00+01:00,[60],[0.16]
2025-01-11T10:37:00+01:00,[60],[1.09]
2025-01-11T10:20:00+01:00,[60],[1.85]
2025-01-11T10:16:00+01:00,[60],[2.61]
2025-01-11T10:14:00+01:00,[60],[3.69]
2025-01-11T10:12:00+01:00,"[60,60]","[5.7,3.78]"
2025-01-10T17:19:00+01:00,[60],[0.51]
2025-01-10T17:03:00+01:00,[60],[4.29]
2025-01-10T15:35:00+01:00,[60],[1.94]
2025-01-10T15:30:00+01:00,[60],[3.28]
2025-01-10T13:50:00+01:00,[60],[2.26]
2025-01-10T13:20:00+01:00,[60],[1.76]
2025-01-10T13:19:00+01:00,[60],[3.34]
2025-01-10T13:03:00+01:00,[60],[1.33]
2025-01-10T12:41:00+01:00,[60],[1.92]
2025-01-10T12:37:00+01:00,[60],[2.24]
2025-01-10T12:09:01+01:00,[59],[1.42]
2025-01-10T11:54:00+01:00,"[60,60]","[0.42,2.84]"
2025-01-10T11:50:00+01:00,"[60,60]","[0.66,6.08]"
2025-01-10T11:45:00+01:00,[60],[1]
2025-01-10T11:12:00+01:00,[60],[3.19]
2025-01-10T10:50:00+01:00,"[60,60]","[2.35,1.43]"
2025-01-09T13:21:00+01:00,"[60,60,60]","[0.92,3.11,0.67]"
2025-01-09T13:16:00+01:00,"[60,60]","[1.84,1.5]"
2025-01-09T13:03:00+01:00,[60],[1.5]
2025-01-09T12:50:00+01:00,[60],[2.26]
2025-01-09T12:42:00+01:00,[60],[2.68]
2025-01-09T12:33:00+01:00,"[60,60,60,60,60]","[0.83,2.26,2.02,1.76,1.76]"
2025-01-09T12:31:00+01:00,[60],[1.93]
2025-01-09T10:47:00+01:00,[60],[2.6]
2025-01-09T09:27:00+01:00,[60],[1.51]
2025-01-09T09:24:00+01:00,"[61,59]","[2.09,4.43]"
2025-01-09T09:16:00+01:00,"[60,60]","[2.76,1.5]"
2025-01-09T09:09:00+01:00,"[60,60]","[3.1,3.17]"
2025-01-09T09:07:00+01:00,[60],[4.27]
2025-01-09T09:05:00+01:00,[60],[6.93]
2025-01-08T19:41:00+01:00,[61],[1.34]
2025-01-08T19:37:00+01:00,[60],[7]
2025-01-08T18:40:00+01:00,[60],[0.92]
2025-01-08T18:16:00+01:00,[60],[1.25]
2025-01-08T16:38:00+01:00,[60],[0.16]
2025-01-08T16:26:00+01:00,"[60,60]","[4.67,0.84]"
2025-01-08T13:34:00+01:00,[60],[1.5]
2025-01-08T13:12:00+01:00,[60],[1.42]
2025-01-08T12:44:00+01:00,[60],[1.25]
2025-01-08T12:21:00+01:00,"[60,60]","[1.08,0.17]"
2025-01-08T12:19:00+01:00,[60],[0.16]
2025-01-08T12:17:00+01:00,[60],[4.34]
2025-01-08T12:14:00+01:00,"[60,60]","[0.09,1.09]"
2025-01-08T12:06:00+01:00,[60],[0.09]
2025-01-08T11:59:00+01:00,"[60,60]","[7.29,4.29]"
2025-01-08T11:52:00+01:00,[60],[1.17]
2025-01-08T11:48:00+01:00,"[60,60]","[4.32,5.92]"
2025-01-08T11:17:00+01:00,[60],[4.07]
2025-01-08T11:12:00+01:00,[60],[1.66]
2025-01-08T10:44:00+01:00,[60],[1.41]
2025-01-08T10:33:00+01:00,[60],[1.08]
2025-01-08T10:27:00+01:00,[60],[1.65]
2025-01-08T10:23:00+01:00,[60],[0.41]
2025-01-08T10:19:00+01:00,[60],[2.65]
2025-01-08T10:17:00+01:00,[60],[1.41]
2025-01-08T09:01:00+01:00,"[60,60]","[1.16,0.33]"
2025-01-07T18:30:00+01:00,[60],[0.5]
2025-01-07T17:41:00+01:00,"[60,60,60]","[7.72,2.1,0.42]"
2025-01-07T17:38:00+01:00,[60],[1.34]
2025-01-07T15:52:00+01:00,"[60,60]","[2.52,4.62]"
2025-01-07T15:49:00+01:00,[60],[1.59]
2025-01-07T15:47:00+01:00,[60],[1.76]
2025-01-07T15:45:00+01:00,[60],[3.87]
2025-01-07T15:40:00+01:00,"[61,59,60]","[0.59,1.85,1.18]"
2025-01-07T14:49:00+01:00,"[60,60]","[1.5,3.86]"
2025-01-07T14:44:00+01:00,[60],[1]
2025-01-07T14:38:00+01:00,"[60,60,60]","[2.18,3.01,2.51]"
2025-01-07T13:40:00+01:00,"[60,60]","[2.26,1.08]"
2025-01-07T13:31:12+01:00,[2],[3]
2025-01-07T13:31:00+01:00,[60],[0.5]
2025-01-07T13:11:00+01:00,"[60,60,60,60]","[3.18,3.94,2.35,1.18]"
2025-01-07T11:14:00+01:00,[60],[2.17]
2025-01-07T11:09:00+01:00,"[60,60]","[1.26,3.18]"
2025-01-07T11:03:00+01:00,[60],[1.26]
2025-01-06T16:41:00+01:00,[60],[1.26]
2025-01-06T16:39:00+01:00,[60],[2.009]
2025-01-06T16:35:00+01:00,"[60,60]","[1.93,3.27]"
2025-01-06T16:08:00+01:00,[60],[0.92]
2025-01-06T15:59:00+01:00,[60],[0.25]
2025-01-06T15:57:00+01:00,[60],[2.91]
2025-01-06T15:54:00+01:00,[60],[0.09]
2025-01-06T15:48:00+01:00,[60],[2.58]
2025-01-06T15:46:00+01:00,[60],[1.25]
2025-01-06T15:43:00+01:00,[60],[2.92]
2025-01-06T15:35:00+01:00,[60],[1]
2025-01-06T14:48:00+01:00,"[60,60]","[2.83,0.25]"
2025-01-06T14:34:00+01:00,[60],[5.07]
2025-01-06T14:12:00+01:00,[60],[1.99]
2025-01-06T14:07:00+01:00,"[60,60]","[1.33,0.25]"
2025-01-06T14:01:00+01:00,[60],[2.58]
2025-01-06T13:30:05+01:00,[2],[3]
2025-01-06T13:29:00+01:00,[60],[4.35]
2025-01-06T13:27:00+01:00,[60],[1.34]
2025-01-06T13:25:00+01:00,[60],[0.66]
2025-01-06T12:30:00+01:00,"[60,60,60,60,60,60,60,60,60,60,60,60,60,60]","[5.15,6.88,5.33,5.81,3.25,1.4,3.17,6.01,4.5,4.5,8.43,2.08,0.25,1.67]"
2025-01-06T11:56:00+01:00,"[60,60,60]","[2.5,6.85,1.59]"
2025-01-06T11:52:00+01:00,[61],[2.33]
2025-01-06T11:46:00+01:00,"[60,60,60]","[5.42,1.5,6.02]"
2025-01-06T11:44:00+01:00,[60],[1.08]
2025-01-04T15:22:00+01:00,"[60,60,60]","[2.59,1.67,3]"
2025-01-04T15:17:00+01:00,"[60,60,60,60]","[1.25,3.17,5.17,1.08]"
2025-01-04T15:15:00+01:00,[60],[1.09]
2025-01-04T15:11:00+01:00,[60],[1.17]
2025-01-04T15:01:00+01:00,[60],[1.01]
2025-01-04T14:38:00+01:00,[60],[2.51]
2025-01-04T14:36:00+01:00,[60],[1.5]
2025-01-04T14:01:00+01:00,[60],[2.17]
2025-01-04T13:48:00+01:00,[60],[0.33]
2025-01-04T13:46:00+01:00,[60],[2.34]
2025-01-04T13:30:00+01:00,"[60,60]","[6.78,1.75]"
2025-01-04T08:02:00+01:00,[60],[1.59]
2025-01-04T07:59:00+01:00,[60],[4.54]
2025-01-03T18:41:00+01:00,"[60,60]","[0.84,1.59]"
2025-01-03T18:39:00+01:00,[60],[0.33]
2025-01-03T18:36:00+01:00,[60],[1.52]
2025-01-03T18:23:00+01:00,[60],[1.93]
2025-01-03T17:07:00+01:00,[60],[0.25]
2025-01-03T16:31:00+01:00,[60],[1.6]
2025-01-03T16:29:00+01:00,[60],[0.76]
2025-01-03T16:15:00+01:00,[60],[1.09]
2025-01-03T16:08:00+01:00,[60],[1.85]
2025-01-03T16:04:00+01:00,"[60,60,60]","[1.85,1.26,2.1]"
2025-01-03T15:56:00+01:00,"[60,60,60,60]","[3.86,5.71,1.85,2.1]"
2025-01-03T11:00:00+01:00,[60],[1.01]
2025-01-03T10:31:00+01:00,"[60,60]","[3.52,2.94]"
2025-01-03T10:28:00+01:00,[60],[0.67]
2025-01-03T10:20:00+01:00,[60],[1.25]
2025-01-03T09:36:06+01:00,[2],[3]
2025-01-03T10:07:00+01:00,[60],[1.43]
2025-01-03T10:00:00+01:00,"[60,60]","[0.84,3.93]"
2025-01-03T09:51:00+01:00,[60],[2.1]
2025-01-03T09:38:00+01:00,"[60,60,60,60,60,60,60,60,60,60]","[3.17,5.27,2.92,2.34,4.18,0.17,5.77,4.27,1.59,1.68]"
2025-01-03T09:29:00+01:00,"[60,60,60,60,60,60,60,60]","[3.67,4.58,6.08,2.75,5.34,4.18,1.59,4.43]"
2025-01-03T09:23:00+01:00,"[60,60]","[1.42,1.48]"
2025-01-03T09:19:00+01:00,[60],[2.57]
2025-01-03T09:10:00+01:00,"[60,60]","[3.01,2.59]"
2025-01-03T09:05:00+01:00,[60],[0.58]
2025-01-03T09:00:00+01:00,"[60,60]","[7.02,2.51]"
2025-01-03T08:52:00+01:00,"[60,60,60]","[6.61,7.94,0.25]"
2025-01-03T08:49:00+01:00,"[60,60]","[1.26,1.59]"
2025-01-03T08:37:00+01:00,"[60,60,60,60,60]","[5.52,2.51,6.2,9.12,1.6]"
2025-01-03T08:29:00+01:00,"[60,60]","[0.25,2.09]"
2025-01-03T08:22:00+01:00,"[60,60,60,61,59,60]","[1.42,0.51,1.25,1.68,0.75,5.03]"
2025-01-03T08:19:00+01:00,[60],[2.51]
2025-01-03T08:17:00+01:00,[60],[1.26]
2025-01-03T08:04:00+01:00,[60],[1.59]
2025-01-03T07:24:00+01:00,"[60,60]","[3.01,1.09]"
2025-01-03T07:20:00+01:00,"[60,60]","[6.02,0.17]"
2025-01-02T08:56:45+01:00,[22],[6]
2025-01-02T11:40:01+01:00,"[59,60]","[3.33,0.75]"
2025-01-02T11:29:00+01:00,[60],[1.5]
2025-01-02T11:24:00+01:00,[60],[1.92]
2025-01-02T11:12:00+01:00,[60],[1.17]
2025-01-02T11:10:00+01:00,[60],[2.09]
2025-01-02T11:02:00+01:00,"[60,60]","[4.99,1.41]"
2025-01-02T10:59:00+01:00,[60],[5.33]
2025-01-02T10:54:00+01:00,[60],[0.67]
2025-01-02T10:46:00+01:00,[60],[1.66]
2025-01-02T10:26:00+01:00,"[60,60]","[1,0.16]"
2025-01-02T10:15:00+01:00,[60],[0.33]
2025-01-02T10:11:00+01:00,[60],[1.25]
2025-01-02T10:03:00+01:00,"[60,60,60]","[1.5,3.74,2.06]"
2025-01-02T10:01:00+01:00,[60],[1.42]
2025-01-02T09:59:01+01:00,[59],[1.58]
2025-01-02T09:03:00+01:00,"[60,60]","[0.41,0.5]"
2025-01-02T08:56:00+01:00,"[60,60,60,60,60,61]","[4.33,2.65,4.83,0.91,1.5,2.08]"
2025-01-02T03:29:00+01:00,[60],[2.33]
2025-01-02T02:55:00+01:00,[60],[1.33]
2025-01-02T02:28:00+01:00,[60],[2.25]
2025-01-02T02:17:00+01:00,[60],[0.5]
2025-01-02T02:14:00+01:00,"[60,60]","[0.08,0.59]"
2025-01-02T02:09:00+01:00,[60],[2.33]
2025-01-02T02:05:00+01:00,[60],[4.57]
2025-01-02T01:54:00+01:00,[60],[2.16]
2025-01-01T19:01:00+01:00,[60],[1.51]
2025-01-01T16:52:00+01:00,[60],[1.85]
2025-01-01T15:27:00+01:00,[60],[0.93]
2025-01-01T14:30:00+01:00,[60],[2.6]
2025-01-01T02:10:00+01:00,[60],[1.75]
2025-01-01T01:39:00+01:00,[60],[0.25]
2025-01-01T01:34:00+01:00,[60],[2.59]
2025-01-01T00:52:00+01:00,[60],[1.5]
2024-12-31T23:23:00+01:00,"[60,60]","[2.6,0.5]"
2024-12-31T21:41:00+01:00,[60],[1.11]
2024-12-31T03:31:32+01:00,[15],[3]
2024-12-30T06:36:00+01:00,[60],[1.63]
2024-12-30T06:05:00+01:00,[60],[2.14]
2024-12-30T05:44:00+01:00,[60],[0.17]
2024-12-30T06:36:45+01:00,[15],[3]
2024-12-30T06:06:02+01:00,[2],[3]
2024-12-30T05:12:55+01:00,[2],[3]
2024-12-30T03:26:50+01:00,[15],[6]
2024-12-30T03:26:00+01:00,"[60,60]","[2.83,2.67]"
2024-12-30T03:24:00+01:00,[60],[1.49]
2024-12-29T02:14:28+01:00,[2],[3]
2024-12-29T01:57:00+01:00,"[60,60,60]","[3.75,1.4,1.3]"
2024-12-29T01:48:00+01:00,"[60,60]","[2.96,5.06]"
2024-12-28T01:32:00+01:00,[60],[2.49]
2024-12-28T00:46:00+01:00,[60],[2.38]
2024-12-28T00:35:00+01:00,[60],[2.64]
2024-12-27T23:46:00+01:00,[60],[1.71]
2024-12-27T23:25:13+01:00,[2],[3]
2024-12-27T04:10:59+01:00,[2],[3]
2024-12-27T04:10:00+01:00,[60],[2.75]
2024-12-27T03:47:00+01:00,[60],[0.76]
2024-12-27T03:17:00+01:00,[60],[7.42]
2024-12-27T02:29:00+01:00,[60],[3.16]
2024-12-26T04:17:42+01:00,[2],[3]
2024-12-26T04:17:00+01:00,[60],[3.27]
2024-12-25T02:31:03+01:00,[2],[3]
2024-12-25T02:30:00+01:00,[60],[2.49]
2024-12-25T01:16:00+01:00,[60],[1.86]
2024-12-25T01:10:00+01:00,"[60,60]","[1.42,1.41]"
2024-12-25T00:51:00+01:00,[60],[1.5]
2024-12-24T23:22:00+01:00,[60],[0.95]
2024-12-24T23:17:00+01:00,[60],[0.26]
2024-12-24T05:22:54+01:00,[2],[3]
2024-12-24T05:22:00+01:00,[60],[3.08]
2024-12-24T05:05:00+01:00,[60],[4.28]
2024-12-22T07:26:29+01:00,[2],[3]
2024-12-22T07:26:00+01:00,[60],[2.57]
2024-12-22T06:40:00+01:00,[60],[1]
2024-12-21T06:22:01+01:00,[2],[3]
2024-12-21T06:21:00+01:00,"[60,60]","[1.71,1.98]"
2024-12-20T04:45:17+01:00,[855],[3]
2024-12-20T03:07:47+01:00,[2],[3]
2024-12-20T04:45:00+01:00,[60],[2.83]
2024-12-20T03:56:00+01:00,[60],[2.39]
2024-12-20T03:11:00+01:00,[60],[0.34]
2024-12-20T03:09:00+01:00,[60],[0.84]
2024-12-20T03:06:00+01:00,"[60,60]","[2.26,1.08]"
2024-12-20T02:55:00+01:00,[60],[0.42]
2024-12-19T23:40:18+01:00,[2],[3]
2024-12-20T01:48:00+01:00,[60],[0.25]
2024-12-19T23:40:00+01:00,[60],[3.77]
2024-12-19T21:05:00+01:00,[60],[1.17]
2024-12-19T20:39:00+01:00,[60],[1.92]
2024-12-18T07:06:50+01:00,[2],[3]
2024-12-18T07:06:00+01:00,[60],[4.63]
2024-12-18T03:26:00+01:00,[60],[1.68]
2024-12-18T02:59:00+01:00,[60],[3.45]
2024-12-18T02:52:00+01:00,[60],[1.43]
2024-12-17T05:47:32+01:00,[2],[3]
2024-12-17T05:46:00+01:00,"[60,60]","[1.12,4.03]"
2024-12-16T21:18:53+01:00,[2],[3]
2024-12-16T21:17:00+01:00,"[60,60]","[1.63,6.61]"
2024-12-16T20:29:00+01:00,"[60,60]","[1.29,0.34]"
2024-12-16T20:26:00+01:00,[60],[2.23]
2024-12-15T04:07:34+01:00,[2],[3]
2024-12-15T04:07:00+01:00,[60],[3.08]
2024-12-15T04:04:00+01:00,[60],[2.91]
2024-12-14T06:17:17+01:00,[12],[3]
2024-12-13T05:16:02+01:00,[2],[3]
2024-12-13T05:15:00+01:00,[60],[2.15]
2024-12-13T03:21:00+01:00,[60],[1.17]
2024-12-12T21:46:00+01:00,[60],[0.84]
2024-12-12T20:32:00+01:00,[60],[0.84]
2024-12-12T05:11:37+01:00,[2],[3]
2024-12-12T04:05:01+01:00,[5],[3]
2024-12-12T03:29:15+01:00,[2],[3]
2024-12-11T01:53:38+01:00,[2],[3]
2024-12-09T06:36:31+01:00,[2],[3]
2024-12-07T06:18:42+01:00,[301],[3]
2024-12-03T05:02:00+01:00,[60],[3.69]
2024-12-03T04:48:00+01:00,[60],[5.46]
2024-12-02T04:18:00+01:00,[60],[3.18]
2024-12-02T04:18:37+01:00,[43],[3]
2024-12-02T02:07:43+01:00,[2],[3]
2024-12-01T05:28:00+01:00,[60],[0.83]
2024-12-01T06:49:13+01:00,[28],[3]
2024-12-01T05:16:36+01:00,[2],[3]
2024-11-30T23:36:31+01:00,[2],[3]
2024-11-30T23:18:00+01:00,[60],[1.01]
2024-11-30T04:08:26+01:00,[61],[6]
2024-11-29T02:57:26+01:00,[2],[3]
2024-11-27T00:37:25+01:00,[2],[3]
2024-11-27T00:37:00+01:00,[60],[2.32]
2024-11-27T00:19:00+01:00,[60],[1.04]
2024-11-26T23:55:00+01:00,[60],[2.009]
2024-11-26T02:46:00+01:00,[60],[1.97]
2024-11-26T02:45:07+01:00,[89],[6]
2024-11-25T20:13:00+01:00,[60],[1.6]
2024-11-25T12:58:00+01:00,[60],[0.33]
2024-11-25T03:54:00+01:00,[60],[1.33]
2024-11-25T03:48:00+01:00,[60],[1.34]
2024-11-25T03:39:00+01:00,[60],[5.01]
2024-11-25T03:37:00+01:00,[60],[1.42]
2024-11-25T02:17:00+01:00,"[60,60,60,60]","[0.59,2.17,2.26,3.26]"
2024-11-25T02:16:24+01:00,[2],[3]
2024-11-25T01:27:35+01:00,[17],[6]
2024-11-25T01:55:00+01:00,"[60,60,60,60]","[2.09,1.42,2.92,2.68]"
2024-11-25T01:53:00+01:00,[60],[1.91]
2024-11-25T01:51:00+01:00,[60],[1.59]
2024-11-25T01:43:00+01:00,[60],[3.6]
2024-11-25T01:40:00+01:00,"[60,60]","[2.18,0.5]"
2024-11-25T01:29:00+01:00,"[60,60]","[1.09,3.09]"
2024-11-25T01:27:00+01:00,[60],[10.02]
2024-11-25T01:23:00+01:00,[60],[0.34]
2024-11-25T01:18:00+01:00,"[60,60]","[0.25,4.85]"
2024-11-25T01:15:00+01:00,"[60,60]","[4.51,1.08]"
2024-11-25T01:12:00+01:00,"[60,60]","[1.09,3.09]"
2024-11-25T01:09:00+01:00,"[60,60]","[2.92,1.5]"
2024-11-25T00:40:00+01:00,[60],[1.13]
2024-11-25T00:05:29+01:00,[2],[3]
2024-11-24T22:08:27+01:00,[2],[3]
2024-11-25T00:14:00+01:00,[60],[1.92]
2024-11-25T00:05:00+01:00,[60],[6.51]
2024-11-25T00:00:00+01:00,[60],[2.17]
2024-11-24T23:44:00+01:00,[60],[2.67]
2024-11-24T23:24:00+01:00,[60],[2.08]
2024-11-24T23:17:00+01:00,[60],[3.51]
2024-11-24T23:12:00+01:00,"[60,60]","[5.6,1.42]"
2024-11-24T22:52:00+01:00,"[60,60,60,60]","[2.09,1.33,2.67,2.17]"
2024-11-24T22:50:00+01:00,[60],[1.17]
2024-11-24T22:47:00+01:00,[60],[2.17]
2024-11-24T22:40:00+01:00,[60],[6.77]
2024-11-24T22:38:00+01:00,[60],[1.92]
2024-11-24T22:36:00+01:00,[60],[2.92]
2024-11-24T22:08:00+01:00,[60],[5.44]
2024-11-24T21:57:00+01:00,[60],[0.42]
2024-11-24T21:52:00+01:00,[60],[1.34]
2024-11-24T21:36:00+01:00,[60],[1.92]
2024-11-24T21:24:00+01:00,"[60,60,60,60]","[3.18,2.42,2.51,2.009]"
2024-11-24T21:12:00+01:00,[60],[1.25]
2024-11-24T21:00:00+01:00,"[60,60]","[3.92,3.42]"
2024-11-24T20:53:00+01:00,"[60,60]","[0.33,1.25]"
2024-11-24T20:42:00+01:00,[60],[1.51]
2024-11-24T20:38:00+01:00,[60],[1.17]
2024-11-24T20:15:00+01:00,"[60,60,60,60]","[0.92,4.01,2.51,1.75]"
2024-11-24T20:11:00+01:00,"[60,60,60]","[1.67,2.76,2.41]"
2024-11-24T19:12:00+01:00,[60],[1.42]
2024-11-24T19:09:00+01:00,"[60,60]","[2.09,0.58]"
2024-11-24T19:01:00+01:00,[60],[1.26]
2024-11-24T03:06:00+01:00,"[60,60]","[1.76,3.46]"
2024-11-24T03:02:00+01:00,[60],[2.27]
2024-11-24T02:49:00+01:00,[60],[3.45]
2024-11-24T01:30:00+01:00,"[60,60]","[0.17,4.64]"
2024-11-24T01:18:00+01:00,[60],[1.01]
2024-11-24T01:06:00+01:00,"[60,60]","[2.27,0.93]"
2024-11-24T01:03:00+01:00,"[60,60]","[1.85,3.95]"
2024-11-24T00:38:00+01:00,"[60,60]","[2.78,1.6]"
2024-11-24T00:36:00+01:00,[61],[3.88]
2024-11-24T00:34:00+01:00,[60],[1.6]
2024-11-24T00:30:00+01:00,[60],[2.19]
2024-11-24T00:28:00+01:00,[60],[1.26]
2024-11-24T00:26:00+01:00,[60],[3.21]
2024-11-24T00:23:00+01:00,"[60,60]","[2.19,0.76]"
2024-11-23T23:50:00+01:00,[60],[2.61]
2024-11-23T23:43:00+01:00,[60],[2.62]
2024-11-23T23:39:00+01:00,"[60,60,60]","[5.23,0.67,0.84]"
2024-11-23T23:36:00+01:00,[60],[1.86]
2024-11-23T23:34:00+01:00,[60],[1.18]
2024-11-23T23:29:01+01:00,"[59,60,60]","[3.63,5.39,1.69]"
2024-11-23T23:26:00+01:00,"[60,60]","[2.27,4.14]"
2024-11-23T23:24:00+01:00,[60],[2.28]
2024-11-23T23:11:00+01:00,[60],[0.5]
2024-11-23T23:04:00+01:00,[60],[0.68]
2024-11-23T22:59:00+01:00,"[61,59]","[2.11,2.11]"
2024-11-23T22:53:00+01:00,"[60,60,60]","[1.34,1.18,3.03]"
2024-11-23T22:36:00+01:00,[60],[3.04]
2024-11-23T22:34:00+01:00,[60],[4.22]
2024-11-23T22:30:00+01:00,"[60,60,60]","[2.79,5.57,2.62]"
2024-11-23T22:25:00+01:00,[60],[2.62]
2024-11-23T22:21:00+01:00,"[60,60]","[2.44,2.45]"
2024-11-23T22:17:00+01:00,"[60,60,60]","[4.47,2.87,5.56]"
2024-11-23T22:14:00+01:00,[60],[1.6]
2024-11-23T21:53:29+01:00,[7],[3]
2024-11-23T21:55:00+01:00,[60],[3.12]
2024-11-23T21:53:00+01:00,[60],[3.71]
2024-11-23T21:48:00+01:00,[60],[0.25]
2024-11-23T21:34:00+01:00,"[60,60]","[2.45,0.76]"
2024-11-23T21:31:00+01:00,"[60,60]","[0.5,1.61]"
2024-11-23T21:28:00+01:00,"[60,60]","[2.62,2.62]"
2024-11-23T21:22:00+01:00,"[60,60]","[4.14,1.18]"
2024-11-23T21:18:00+01:00,[60],[0.68]
2024-11-23T21:16:00+01:00,[60],[1.94]
2024-11-23T21:10:00+01:00,[60],[1.26]
2024-11-23T21:01:00+01:00,"[60,60]","[0.25,3.04]"
2024-11-23T20:50:00+01:00,"[60,60]","[4.22,7.52]"
2024-11-23T20:34:00+01:00,[60],[3.37]
2024-11-23T20:28:00+01:00,[60],[0.93]
2024-11-23T20:22:00+01:00,"[60,60,60,60]","[8.51,5.07,2.87,1.77]"
2024-11-23T20:12:00+01:00,"[60,60,60,60,60,60]","[2.87,1.53,2.94,3.46,4.64,4.22]"
2024-11-23T20:09:00+01:00,"[60,60]","[1.86,1.1]"
2024-11-23T20:07:00+01:00,[60],[1.09]
2024-11-23T19:26:00+01:00,[60],[2.02]
2024-11-23T19:22:00+01:00,"[60,60]","[2.28,1.61]"
2024-11-23T19:13:00+01:00,[60],[2.78]
2024-11-23T04:41:00+01:00,[60],[1.61]
2024-11-23T04:16:00+01:00,[60],[5.09]
2024-11-23T04:01:00+01:00,[60],[1.95]
2024-11-23T03:34:00+01:00,[60],[4.24]
2024-11-23T01:04:00+01:00,[60],[0.25]
2024-11-23T00:46:10+01:00,[2],[3]
2024-11-23T01:03:00+01:00,[60],[3.48]
2024-11-23T01:01:00+01:00,[60],[1.95]
2024-11-23T00:55:00+01:00,[61],[1.52]
2024-11-23T00:53:00+01:00,[60],[1.87]
2024-11-23T00:50:00+01:00,"[60,60]","[3.05,2.04]"
2024-11-22T23:48:00+01:00,[60],[1.19]
2024-11-22T23:44:00+01:00,"[60,60]","[1.87,3.3]"
2024-11-22T23:42:00+01:00,[60],[0.85]
2024-11-22T23:09:00+01:00,[60],[0.85]
2024-11-22T22:58:00+01:00,[60],[0.84]
2024-11-22T22:45:00+01:00,[60],[0.85]
2024-11-22T22:35:00+01:00,[60],[1.37]
2024-11-22T21:33:00+01:00,[60],[0.51]
2024-11-22T21:32:41+01:00,[12],[6]
2024-11-22T21:32:00+01:00,[60],[4.09]
2024-11-22T21:14:00+01:00,[60],[0.85]
2024-11-22T21:05:00+01:00,"[60,60]","[1.44,1.79]"
2024-11-22T21:00:00+01:00,[60],[1.45]
2024-11-22T20:52:00+01:00,"[60,60]","[2.12,2.3]"
2024-11-22T20:46:00+01:00,[60],[1.11]
2024-11-22T20:43:00+01:00,[60],[1.53]
2024-11-22T20:41:00+01:00,[60],[1.19]
2024-11-22T20:36:00+01:00,[60],[2.3]
2024-11-22T20:31:00+01:00,[60],[7.5]
2024-11-22T20:28:00+01:00,"[60,60]","[0.51,2.13]"
2024-11-22T20:20:00+01:00,"[60,60,60,60,60]","[0.17,1.7,2.72,2.64,1.87]"
2024-11-22T20:17:00+01:00,"[60,60]","[0.85,1.61]"
2024-11-22T20:11:00+01:00,[60],[3.31]
2024-11-21T22:20:00+01:00,[60],[1.96]
2024-11-21T22:18:00+01:00,[60],[4.99]
2024-11-21T22:16:00+01:00,[60],[1.94]
2024-11-21T22:09:00+01:00,"[60,60]","[5.59,3.32]"
2024-11-21T22:07:00+01:00,[60],[1.69]
2024-11-21T22:03:00+01:00,"[60,60,60]","[1.96,0.51,1.86]"
2024-11-21T21:57:00+01:00,"[60,60,60,60]","[2.04,4.91,0.67,3.4]"
2024-11-21T21:51:00+01:00,[60],[1.69]
2024-11-21T21:42:00+01:00,[60],[0.17]
2024-11-21T21:00:38+01:00,[2],[3]
2024-11-21T20:40:51+01:00,[2],[3]
2024-11-21T19:31:00+01:00,[2],[3]
2024-11-21T18:24:46+01:00,[10],[3]
2024-11-21T17:57:49+01:00,[506],[6]
2024-11-21T07:25:00+01:00,[60],[2.28]
2024-11-21T07:10:00+01:00,[60],[1.35]
2024-11-21T07:07:00+01:00,[60],[0.84]
2024-11-21T06:53:00+01:00,[60],[1.01]
2024-11-21T06:38:00+01:00,"[60,60]","[0.25,0.34]"
2024-11-20T22:33:00+01:00,[60],[1.69]
2024-11-20T21:26:00+01:00,[60],[2.52]
2024-11-20T09:40:37+01:00,[2],[3]
2024-11-19T03:19:55+01:00,[53],[3]
2024-11-18T04:48:11+01:00,[2],[3]
2024-11-18T04:08:00+01:00,[60],[1.34]
2024-11-17T22:55:00+01:00,[60],[0.85]
2024-11-16T06:34:48+01:00,[2],[3]
2024-11-16T04:37:23+01:00,[2],[3]
2024-11-15T04:44:35+01:00,[2],[3]
2024-11-15T04:44:00+01:00,[60],[3.46]
2024-11-15T03:00:00+01:00,[60],[5.73]
2024-11-15T01:16:00+01:00,[60],[0.5]
2024-11-15T00:19:00+01:00,[60],[0.26]
2024-11-15T00:18:47+01:00,[2],[3]
2024-11-15T00:18:00+01:00,[60],[4.07]
2024-11-12T03:13:22+01:00,[2],[3]
2024-11-12T03:13:00+01:00,[60],[2.41]
2024-11-12T02:53:00+01:00,[60],[3.35]
2024-11-11T23:47:00+01:00,[61],[2.44]
2024-11-11T23:44:00+01:00,[60],[0.84]
2024-11-11T23:31:00+01:00,[60],[2]
2024-11-11T23:27:00+01:00,[60],[1]
2024-11-11T22:57:00+01:00,[60],[0.42]
2024-11-11T22:55:00+01:00,[60],[0.59]
2024-11-11T22:47:00+01:00,[60],[1.26]
2024-11-11T22:14:00+01:00,[60],[2.18]
2024-11-11T22:12:00+01:00,[60],[9.2]
2024-11-11T22:10:00+01:00,[60],[2.17]
2024-11-11T21:09:01+01:00,"[59,60]","[1.67,1.42]"
2024-11-11T21:00:00+01:00,[60],[1.08]
2024-11-11T20:57:00+01:00,[60],[2.41]
2024-11-11T18:20:00+01:00,[60],[1.84]
2024-11-11T03:20:00+01:00,[60],[1.5]
2024-11-11T02:57:00+01:00,[60],[1.59]
2024-11-11T02:30:00+01:00,[60],[2.6]
2024-11-11T01:48:00+01:00,[60],[1.25]
2024-11-11T00:49:00+01:00,[60],[1.75]
2024-11-11T00:16:00+01:00,[60],[8.27]
2024-11-10T22:06:00+01:00,[60],[6.33]
2024-11-10T21:49:00+01:00,[60],[2.07]
2024-11-10T02:56:00+01:00,"[60,60]","[3.1,3.19]"
2024-11-10T02:23:00+01:00,"[60,60,60,60,61,59]","[3.27,3.7,2.93,4.56,2.84,0.61]"
2024-11-10T02:16:00+01:00,"[60,60]","[1.72,1.89]"
2024-11-10T02:06:00+01:00,"[60,61,59]","[2.59,1.98,1.29]"
2024-11-10T02:01:00+01:00,[60],[3.37]
2024-11-07T08:34:00+01:00,[60],[1.55]
2024-11-07T01:30:57+01:00,[10],[3]
2024-11-05T22:23:00+01:00,[60],[3.54]
2024-11-05T22:21:00+01:00,[60],[0.87]
2024-11-05T22:13:00+01:00,[60],[1.03]
2024-11-05T21:21:00+01:00,[60],[5.63]
2024-11-05T20:31:00+01:00,[60],[0.5]
2024-11-05T19:39:00+01:00,[60],[0.35]
2024-11-05T04:50:19+01:00,[2],[3]
2024-11-04T02:28:48+01:00,[2],[3]
2024-11-02T02:05:36+01:00,[2],[3]
2024-11-02T02:04:00+01:00,"[60,60]","[4.14,5.36]"
2024-11-01T03:40:00+01:00,[60],[3.52]
2024-10-31T22:20:20+01:00,[2],[3]
2024-10-31T22:20:00+01:00,[60],[1.84]
2024-10-31T22:17:00+01:00,[60],[1.51]
2024-10-31T20:41:00+01:00,[60],[1.67]
2024-10-29T04:30:18+01:00,[2],[3]
2024-10-29T04:29:00+01:00,"[60,60]","[1.73,2.93]"
2024-10-29T04:14:00+01:00,[60],[1.29]
2024-10-29T04:13:32+01:00,[2],[3]
2024-10-29T04:13:09+01:00,[2],[3]
2024-10-29T04:13:00+01:00,[60],[10.12]
2024-10-29T03:04:00+01:00,[60],[4.71]
2024-10-29T03:03:00+01:00,[60],[4.2]
2024-10-28T23:05:37+01:00,[2],[3]
2024-10-28T23:55:00+01:00,[60],[2.11]
2024-10-28T23:35:00+01:00,[60],[2.02]
2024-10-28T21:59:00+01:00,[60],[1.03]
2024-10-28T06:18:23+01:00,[2],[3]
2024-10-28T06:17:00+01:00,"[60,60]","[0.68,4.13]"
2024-10-26T05:16:00+02:00,"[60,60]","[1.98,2.32]"
2024-10-25T05:11:20+02:00,[2],[3]
2024-10-25T05:10:00+02:00,"[60,60]","[5.26,2.5]"
2024-10-25T05:04:00+02:00,[60],[1.46]
2024-10-25T04:02:00+02:00,"[60,60]","[1.56,1.2]"
2024-10-25T03:56:00+02:00,[60],[0.17]
2024-10-24T02:43:03+02:00,[2],[3]
2024-10-23T02:35:52+02:00,[2],[3]
2024-10-22T23:12:44+02:00,[2],[3]
2024-10-22T23:37:00+02:00,[60],[0.86]
2024-10-22T23:12:00+02:00,[60],[3.62]
2024-10-21T04:37:56+02:00,[2],[3]
2024-10-21T04:37:00+02:00,[60],[5.93]
2024-10-21T03:07:00+02:00,[60],[1.88]
2024-10-21T02:00:00+02:00,[60],[0.42]
2024-10-21T01:45:00+02:00,[60],[0.26]
2024-10-21T01:39:00+02:00,[60],[1.37]
2024-10-19T02:05:05+02:00,[2],[3]
2024-10-18T23:14:29+02:00,[2],[3]
2024-10-18T22:55:00+02:00,[60],[2.33]
2024-10-18T04:23:22+02:00,[2],[3]
2024-10-18T01:52:00+02:00,[60],[1.18]
2024-10-17T23:14:46+02:00,[2],[3]
2024-10-14T05:16:21+02:00,[2],[3]
2024-10-14T05:16:00+02:00,[60],[3.62]
2024-10-14T05:03:00+02:00,[60],[1.19]
2024-10-14T02:27:00+02:00,[60],[0.25]
2024-10-14T01:37:00+02:00,[60],[1.17]
2024-10-13T23:57:00+02:00,"[60,60]","[1.27,2.43]"
2024-10-13T07:11:05+02:00,[2],[3]
2024-10-13T07:10:00+02:00,[60],[2.06]
2024-10-13T06:37:00+02:00,[60],[3.28]
2024-10-13T06:08:00+02:00,"[60,60]","[3.19,1]"
2024-10-13T05:43:00+02:00,[60],[1.01]
2024-10-13T05:28:00+02:00,"[60,60]","[2.35,0.59]"
2024-10-13T03:40:00+02:00,[60],[1.16]
2024-10-12T22:48:00+02:00,"[60,60]","[2.92,1]"
2024-10-12T22:41:00+02:00,"[60,60,60,60,60,60]","[1.74,0.58,5.42,0.75,7.5,3.84]"
2024-10-12T22:25:00+02:00,[60],[1.42]
2024-10-12T21:55:00+02:00,"[60,60,60]","[4.57,7.24,1]"
2024-10-12T21:34:00+02:00,[60],[1.25]
2024-10-12T21:04:00+02:00,[60],[1.01]
2024-10-12T05:00:43+02:00,[2],[3]
2024-10-12T05:00:00+02:00,[60],[2.07]
2024-10-12T03:40:00+02:00,"[60,60]","[1.96,0.43]"
2024-10-11T05:51:04+02:00,[2],[3]
2024-10-11T05:50:00+02:00,[60],[2.76]
2024-10-11T04:30:00+02:00,[60],[1.76]
2024-10-11T03:49:00+02:00,[60],[1.01]
2024-10-11T03:39:00+02:00,[60],[1.09]
2024-10-10T05:26:23+02:00,[2],[3]
2024-10-10T05:26:00+02:00,[60],[3.62]
2024-10-08T22:31:38+02:00,[7],[3]
2024-10-08T22:31:00+02:00,[60],[2.76]
2024-10-08T21:17:00+02:00,[60],[4.21]
2024-10-08T21:15:00+02:00,[60],[4.3]
2024-10-08T21:13:00+02:00,[60],[1.09]
2024-10-08T20:27:00+02:00,[60],[2.94]
2024-10-07T18:38:31+02:00,[2],[3]
2024-10-07T02:48:32+02:00,[2],[3]
2024-10-07T02:50:00+02:00,[60],[4.05]
2024-10-07T02:48:00+02:00,[60],[2.25]
2024-10-07T01:13:00+02:00,[60],[1.18]
2024-10-07T00:27:00+02:00,[60],[1.52]
2024-10-05T00:56:00+02:00,[60],[3.88]
2024-10-05T00:55:27+02:00,[66],[6]
2024-10-05T00:19:10+02:00,[2],[3]
2024-10-05T00:19:00+02:00,[60],[1.12]
2024-10-02T05:44:06+02:00,[2],[3]
2024-10-02T03:42:43+02:00,[2],[3]
2024-10-02T05:43:00+02:00,[60],[3.11]
2024-10-02T03:42:00+02:00,[60],[4.15]
2024-10-01T22:30:23+02:00,[2],[3]
2024-10-01T22:30:00+02:00,[60],[2.08]
2024-10-01T22:25:00+02:00,[60],[3.97]
2024-10-01T19:23:38+02:00,[2],[3]
2024-10-01T21:20:00+02:00,[60],[1.01]
2024-10-01T21:15:00+02:00,[60],[1.09]
2024-10-01T20:22:00+02:00,[60],[1.6]
2024-10-01T19:23:00+02:00,[60],[3.19]
2024-10-01T05:54:16+02:00,[2],[3]
2024-10-01T04:31:19+02:00,[2],[3]
2024-10-01T05:54:00+02:00,[60],[3.2]
2024-10-01T05:21:00+02:00,[60],[2.27]
2024-10-01T04:31:00+02:00,[60],[3.29]
2024-09-30T07:36:29+02:00,[2],[3]
2024-09-30T07:36:00+02:00,[60],[1.29]
2024-09-30T04:18:00+02:00,[60],[0.5]
2024-09-30T03:28:00+02:00,[60],[1.43]
2024-09-30T02:10:53+02:00,[2],[3]
2024-09-30T02:06:00+02:00,"[60,60]","[2.02,1.51]"
2024-09-30T01:48:00+02:00,[60],[2.009]
2024-09-30T00:32:30+02:00,[2],[3]
2024-09-27T05:04:04+02:00,[2],[3]
2024-09-27T05:03:00+02:00,"[60,60]","[1.65,2.85]"
2024-09-27T03:44:00+02:00,[60],[1.35]
2024-09-27T03:10:00+02:00,[60],[0.34]
2024-09-27T00:31:00+02:00,[60],[1.01]
2024-09-27T00:28:00+02:00,[60],[2.27]
2024-09-27T00:24:00+02:00,[60],[2.029]
2024-09-27T00:06:00+02:00,[60],[1.01]
2024-09-26T19:44:00+02:00,[60],[1.77]
2024-09-26T01:31:25+02:00,[2],[3]
2024-09-26T01:30:00+02:00,"[60,60]","[0.17,2.94]"
2024-09-25T23:17:00+02:00,[60],[3.55]
2024-09-25T23:14:00+02:00,[60],[1.03]
2024-09-25T03:55:41+02:00,[2],[3]
2024-09-24T05:08:42+02:00,[2],[3]
2024-09-24T00:07:32+02:00,[2],[3]
2024-09-23T07:15:07+02:00,[5],[3]
2024-09-23T00:18:37+02:00,[2],[3]
2024-09-23T00:16:25+02:00,[2],[3]
2024-09-22T21:39:27+02:00,[2],[3]
2024-09-22T03:09:50+02:00,[2],[3]
2024-09-22T02:57:26+02:00,[2],[3]
2024-09-21T23:40:48+02:00,[2],[3]
2024-09-21T07:28:22+02:00,[2],[3]
2024-09-21T03:21:08+02:00,[2],[3]
2024-09-20T04:46:06+02:00,[2],[3]
2024-09-20T04:45:00+02:00,"[60,60]","[1.64,2.68]"
2024-09-20T03:22:00+02:00,"[60,60]","[0.51,0.59]"
2024-09-20T03:16:00+02:00,[60],[1.26]
2024-09-19T23:42:52+02:00,[2],[3]
2024-09-20T00:47:00+02:00,[60],[1.44]
2024-09-20T00:40:00+02:00,"[60,60]","[3.54,0.76]"
2024-09-19T23:42:00+02:00,"[60,60]","[3.02,0.26]"
2024-09-17T04:54:12+02:00,[2],[3]
2024-09-17T04:54:00+02:00,[60],[3.11]
2024-09-17T00:08:13+02:00,[2],[3]
2024-09-17T00:07:00+02:00,"[60,60]","[1.91,1.29]"
2024-09-16T05:36:43+02:00,[2],[3]
2024-09-16T05:36:00+02:00,[60],[3.2]
2024-09-16T05:13:00+02:00,[60],[2.06]
2024-09-16T03:55:00+02:00,[60],[1.01]
2024-09-16T03:36:00+02:00,"[60,60,60,60]","[2.19,3.44,2.1,0.67]"
2024-09-16T03:31:59+02:00,[234],[18]
2024-09-16T03:31:00+02:00,"[60,60,60,60,60]","[2.93,6.03,7.62,6.87,6.8]"
2024-09-16T03:28:00+02:00,[60],[2.25]
2024-09-16T00:39:00+02:00,[60],[1.34]
2024-09-16T00:18:00+02:00,[60],[0.33]
2024-09-15T23:29:00+02:00,[60],[0.86]
2024-09-15T23:28:56+02:00,[2],[3]
2024-09-15T23:28:00+02:00,[60],[3.46]
2024-09-15T04:01:42+02:00,[2],[3]
2024-09-15T04:01:00+02:00,[60],[3.98]
2024-09-15T03:57:00+02:00,[60],[1.21]
2024-09-15T03:45:00+02:00,[60],[3.45]
2024-09-15T03:37:00+02:00,[60],[4.75]
2024-09-13T21:48:58+02:00,[10],[3]
2024-09-13T21:32:47+02:00,[2],[3]
2024-09-13T21:11:52+02:00,[7],[3]
2024-09-13T21:48:00+02:00,[60],[2.77]
2024-09-13T21:32:00+02:00,[60],[3.55]
2024-09-13T21:26:00+02:00,[60],[0.52]
2024-09-13T21:11:00+02:00,[60],[3.63]
2024-09-13T05:59:18+02:00,[2],[3]
2024-09-13T05:49:00+02:00,[60],[6.58]
2024-09-13T05:25:00+02:00,[61],[1.63]
2024-09-12T04:39:00+02:00,[60],[2.43]
2024-09-12T03:40:00+02:00,[60],[2.56]
2024-09-11T00:16:50+02:00,[2],[3]
2024-09-10T23:20:00+02:00,[60],[3.93]
2024-09-10T06:00:39+02:00,[53],[3]
2024-09-10T06:00:00+02:00,[60],[0.86]
2024-09-10T05:16:00+02:00,[60],[2.37]
2024-09-09T04:27:00+02:00,[60],[2.34]
2024-09-06T04:56:31+02:00,[2],[3]
2024-09-06T03:39:00+02:00,[60],[1.18]
2024-09-05T23:42:00+02:00,"[60,60]","[1.94,2.02]"
2024-09-05T23:16:00+02:00,[60],[0.42]
2024-09-05T23:01:00+02:00,[60],[5.66]
2024-09-05T21:47:00+02:00,[60],[1.18]
2024-09-05T20:35:00+02:00,[60],[1.52]
2024-09-05T19:30:00+02:00,"[60,60]","[2.58,0.43]"
2024-09-05T05:30:38+02:00,[2],[3]
2024-09-05T04:31:22+02:00,[2],[3]
2024-09-05T05:30:00+02:00,[60],[2.07]
2024-09-05T04:31:00+02:00,[60],[3.2]
2024-09-04T02:50:47+02:00,[2],[3]
2024-09-04T04:07:00+02:00,"[60,60]","[3.97,2.93]"
2024-09-04T03:49:00+02:00,[60],[1.12]
2024-09-04T02:50:00+02:00,"[60,60]","[4.059,0.77]"
2024-09-04T02:47:00+02:00,[60],[1.99]
2024-09-03T04:40:01+02:00,[2],[3]
2024-09-03T04:39:00+02:00,[60],[2.24]
2024-09-03T04:29:00+02:00,[60],[2.4]
2024-09-03T03:12:00+02:00,[60],[3.37]
2024-09-01T05:24:52+02:00,[2],[3]
2024-09-01T05:24:00+02:00,[60],[3.45]
2024-09-01T04:30:00+02:00,[60],[0.08]
2024-09-01T02:59:00+02:00,"[60,60]","[1.88,0.34]"
2024-08-30T04:08:55+02:00,[2],[3]
2024-08-30T02:38:41+02:00,[2],[3]
2024-08-30T04:08:00+02:00,[60],[5.08]
2024-08-30T02:33:00+02:00,[60],[2.27]
2024-08-29T23:16:08+02:00,[2],[3]
2024-08-29T23:33:00+02:00,[60],[1.67]
2024-08-29T23:31:00+02:00,[60],[2.61]
2024-08-29T23:28:00+02:00,[60],[0.76]
2024-08-29T23:15:00+02:00,"[60,60]","[2.1,2.87]"
2024-08-29T20:29:00+02:00,[60],[1.01]
2024-08-29T19:30:01+02:00,[59],[4.39]
2024-08-27T23:08:21+02:00,[2],[3]
2024-08-27T21:37:23+02:00,[486],[6]
2024-08-27T23:06:00+02:00,[60],[2.5]
2024-08-27T20:30:00+02:00,[60],[0.76]
2024-08-27T20:27:00+02:00,[60],[0.84]
2024-08-27T20:23:00+02:00,[60],[1.26]
2024-08-27T06:40:39+02:00,[2],[3]
2024-08-27T06:39:00+02:00,[60],[4.3]
2024-08-27T04:49:00+02:00,[61],[3.74]
2024-08-27T03:52:00+02:00,[60],[0.75]
2024-08-27T03:49:00+02:00,[60],[1.09]
2024-08-27T02:47:00+02:00,[60],[1.42]
2024-08-27T01:18:00+02:00,[60],[1.76]
2024-08-25T05:50:26+02:00,[2],[3]
2024-08-25T05:50:00+02:00,[60],[2.75]
2024-08-25T01:33:00+02:00,[60],[1.62]
2024-08-24T22:54:00+02:00,[60],[0.09]
2024-08-24T22:43:00+02:00,"[60,60,60]","[1.79,0.51,1.96]"
2024-08-24T10:14:18+02:00,[2],[3]
2024-08-23T04:11:26+02:00,[2],[3]
2024-08-23T03:04:00+02:00,[60],[1.11]
2024-08-23T02:05:00+02:00,"[60,60,60]","[3.45,3.1,5.19]"
2024-08-23T02:03:00+02:00,[60],[1.98]
2024-08-23T02:01:00+02:00,[60],[1.3]
2024-08-22T05:23:36+02:00,[2],[3]
2024-08-22T05:22:00+02:00,"[60,60]","[3.44,3.54]"
2024-08-22T05:14:00+02:00,"[60,61,59]","[5.25,4.39,1.98]"
2024-08-22T05:08:00+02:00,"[60,60,60]","[4.38,3.18,1.04]"
2024-08-22T05:05:00+02:00,[60],[2.23]
2024-08-20T05:10:40+02:00,[2],[3]
2024-08-20T05:08:00+02:00,"[60,60,60]","[1.98,4.23,1.55]"
2024-08-20T04:17:00+02:00,"[60,60]","[1.12,2.16]"
2024-08-20T04:01:00+02:00,[60],[4.04]
2024-08-20T03:58:00+02:00,[60],[1.81]
2024-08-19T03:43:58+02:00,[2],[3]
2024-08-19T03:01:00+02:00,[60],[1.22]
2024-08-19T02:36:00+02:00,[60],[0.88]
2024-08-19T02:12:00+02:00,[60],[2.97]
2024-08-19T01:08:00+02:00,"[60,60]","[2.05,1.54]"
2024-08-19T01:04:00+02:00,[60],[0.09]
2024-08-18T06:07:17+02:00,[2],[3]
2024-08-18T06:07:00+02:00,[60],[3.45]
2024-08-18T03:42:00+02:00,[60],[2.32]
2024-08-15T22:12:00+02:00,[60],[3.11]
2024-08-15T21:19:00+02:00,[60],[1.48]
2024-08-15T19:19:00+02:00,[60],[1.56]
2024-08-15T19:18:46+02:00,[2],[3]
2024-08-15T19:18:00+02:00,[60],[3.45]
2024-08-15T01:26:02+02:00,[2],[3]
2024-08-15T01:25:00+02:00,[60],[0.95]
2024-08-12T18:11:19+02:00,[2],[3]
2024-08-12T18:11:00+02:00,[60],[2.75]
2024-08-12T04:32:00+02:00,[60],[1.79]
2024-08-12T03:49:00+02:00,"[60,60]","[9.11,2.79]"
2024-08-12T03:45:00+02:00,"[60,60,60]","[3.32,1.44,5.49]"
2024-08-12T02:14:00+02:00,[60],[1.48]
2024-08-12T02:02:00+02:00,[60],[1.03]
2024-08-12T01:57:00+02:00,[60],[3.36]
2024-08-11T05:46:52+02:00,[2],[3]
2024-08-11T05:46:00+02:00,[60],[2.85]
2024-08-11T05:43:00+02:00,[60],[0.6]
2024-08-10T03:48:48+02:00,[374],[6]
2024-08-10T03:30:35+02:00,[2],[3]
2024-08-10T01:09:14+02:00,[2],[3]
2024-08-10T03:54:00+02:00,"[60,60]","[3.63,0.78]"
2024-08-10T03:47:00+02:00,"[60,60,60]","[2.07,4.23,0.87]"
2024-08-10T03:37:00+02:00,[60],[4.84]
2024-08-10T03:30:00+02:00,[60],[3.46]
2024-08-10T02:41:00+02:00,"[60,60]","[1.44,5.53]"
2024-08-10T02:21:00+02:00,[60],[0.93]
2024-08-10T01:38:00+02:00,[60],[1.01]
2024-08-10T01:11:00+02:00,"[60,60]","[1.26,2.28]"
2024-08-10T01:09:00+02:00,[60],[3.03]
2024-08-10T01:03:00+02:00,[60],[3.54]
2024-08-09T21:31:00+02:00,[60],[4.76]
2024-08-09T21:20:00+02:00,[60],[2.57]
2024-08-09T21:04:00+02:00,[60],[5.41]
2024-08-09T05:38:00+02:00,"[60,60]","[4.58,2.85]"
2024-08-09T04:02:32+02:00,[2],[3]
2024-08-09T04:02:00+02:00,[60],[3.11]
2024-08-09T01:23:04+02:00,[2],[3]
2024-08-09T01:22:00+02:00,[60],[3.45]
2024-08-09T00:54:00+02:00,[60],[2.97]
2024-08-09T00:20:00+02:00,[60],[3.46]
2024-08-08T01:53:00+02:00,[60],[1.81]
2024-08-08T01:07:00+02:00,"[60,61]","[0.87,0.26]"
2024-08-07T03:57:53+02:00,[2],[3]
2024-08-07T02:52:00+02:00,[2],[3]
2024-08-07T02:33:51+02:00,[2],[3]
2024-08-07T03:56:00+02:00,"[60,60]","[3.78,4.83]"
2024-08-07T02:51:00+02:00,[60],[3.28]
2024-08-07T02:47:00+02:00,[60],[1.29]
2024-08-07T02:33:00+02:00,[60],[2.67]
2024-08-07T02:05:00+02:00,[60],[1.66]
2024-08-05T20:36:00+02:00,[60],[3.19]
2024-08-05T05:58:04+02:00,[2],[3]
2024-08-05T05:57:00+02:00,[60],[1.9]
2024-08-05T05:18:00+02:00,[60],[1.3]
2024-08-03T06:36:04+02:00,[2],[3]
2024-08-03T06:35:00+02:00,[60],[2.76]
2024-08-03T05:57:00+02:00,[60],[1.36]
2024-08-03T04:31:00+02:00,[60],[1.54]
2024-08-03T01:30:01+02:00,[2],[3]
2024-08-03T01:29:00+02:00,[60],[3.02]
2024-08-02T05:12:53+02:00,[20],[3]
2024-08-02T05:11:00+02:00,"[60,60]","[3.62,3.78]"
2024-08-02T05:06:00+02:00,[60],[0.95]
2024-08-02T04:06:35+02:00,[2],[3]
2024-08-02T04:06:00+02:00,[60],[2.84]
2024-08-02T04:03:00+02:00,[60],[2.24]
2024-08-02T00:20:00+02:00,[60],[1.99]
2024-08-02T00:05:00+02:00,[60],[1.64]
2024-08-01T07:12:37+02:00,[2],[3]
2024-07-31T03:58:56+02:00,[33],[3]
2024-07-31T03:57:00+02:00,"[60,60]","[4.3,2.85]"
2024-07-31T03:52:00+02:00,[60],[0.08]
2024-07-31T01:40:36+02:00,[2],[3]
2024-07-31T02:46:00+02:00,[60],[3.19]
2024-07-31T01:39:00+02:00,"[60,60]","[1.47,4.23]"
2024-07-31T00:51:00+02:00,[60],[0.27]
2024-07-31T00:49:00+02:00,[60],[1.93]
2024-07-31T00:39:01+02:00,[59],[1.57]
2024-07-31T00:31:00+02:00,[60],[0.7]
2024-07-30T23:58:00+02:00,"[60,60]","[1.92,4.63]"
2024-07-30T01:51:24+02:00,[2],[3]
2024-07-29T05:28:20+02:00,[2],[3]
2024-07-29T05:28:00+02:00,[60],[2.76]
2024-07-29T05:13:00+02:00,"[60,60]","[4.63,0.6]"
2024-07-29T05:10:00+02:00,[60],[1.96]
2024-07-29T05:06:00+02:00,[60],[1.54]
2024-07-29T04:47:00+02:00,[60],[2.78]
2024-07-29T04:43:00+02:00,[60],[0.51]
2024-07-29T04:41:00+02:00,[60],[3.54]
2024-07-29T03:30:00+02:00,[60],[1.27]
2024-07-29T02:54:00+02:00,[60],[1.51]
2024-07-29T01:54:00+02:00,[60],[1.75]
2024-07-29T00:53:00+02:00,[60],[1.16]
2024-07-28T04:56:59+02:00,[2],[3]
2024-07-28T04:56:00+02:00,[60],[2.94]
2024-07-28T03:07:00+02:00,[60],[2.11]
2024-07-25T22:01:00+02:00,"[60,61]","[1.21,3.87]"
2024-07-25T02:23:00+02:00,[60],[2.5]
2024-07-25T02:03:00+02:00,[60],[2.009]
2024-07-25T00:58:00+02:00,[61],[3.88]
2024-07-24T04:08:24+02:00,[2],[3]
2024-07-24T02:39:31+02:00,[2],[3]
2024-07-24T04:07:00+02:00,"[60,60]","[5.95,2.77]"
2024-07-24T03:51:00+02:00,[60],[0.78]
2024-07-24T02:39:00+02:00,[60],[4.059]
2024-07-24T02:35:00+02:00,[60],[2.5]
2024-07-22T23:21:49+02:00,[7],[3]
2024-07-22T23:21:00+02:00,"[60,60]","[2.94,0.43]"
2024-07-22T22:53:00+02:00,[60],[1.13]
2024-07-22T19:35:00+02:00,[60],[2.8]
2024-07-22T19:04:00+02:00,"[60,60]","[2.7,3]"
2024-07-22T05:30:55+02:00,[2],[3]
2024-07-22T05:29:00+02:00,"[60,60]","[6.59,2.72]"
2024-07-22T05:24:00+02:00,"[60,60,60,60]","[2.22,6,0.87,5.51]"
2024-07-22T05:21:00+02:00,[60],[5.12]
2024-07-22T03:28:01+02:00,[59],[1.54]
2024-07-22T03:04:00+02:00,"[60,60]","[3.38,2.23]"
2024-07-22T02:30:00+02:00,[60],[1.06]
2024-07-21T23:34:19+02:00,[7],[3]
2024-07-21T23:23:14+02:00,[2],[3]
2024-07-21T23:22:00+02:00,"[60,60]","[2.029,3.57]"
2024-07-21T22:43:00+02:00,[60],[1.36]
2024-07-21T22:27:00+02:00,[60],[1.31]
2024-07-21T22:12:00+02:00,[60],[1.75]
2024-07-20T04:10:17+02:00,[2],[3]
2024-07-20T04:10:00+02:00,"[60,60]","[4.91,0.08]"
2024-07-20T00:45:25+02:00,[112],[6]
2024-07-20T03:08:00+02:00,[60],[3.37]
2024-07-20T01:09:00+02:00,[60],[1.88]
2024-07-20T00:47:00+02:00,[60],[2.24]
2024-07-20T00:45:00+02:00,[60],[3.88]
2024-07-19T04:15:01+02:00,[2],[3]
2024-07-19T04:14:00+02:00,[60],[2.07]
2024-07-18T00:51:00+02:00,[60],[2.94]
2024-07-17T05:53:00+02:00,[60],[4.82]
2024-07-17T05:27:00+02:00,"[60,60]","[1.73,1.56]"
2024-07-17T05:17:00+02:00,"[60,60,60,60]","[7.31,3.36,4.82,2.58]"
2024-07-17T05:07:00+02:00,"[60,60,60]","[4.48,3.61,2.24]"
2024-07-15T08:20:57+02:00,[2],[3]
2024-07-15T08:03:00+02:00,[60],[2.34]
2024-07-15T05:26:00+02:00,[60],[2.46]
2024-07-15T03:45:28+02:00,[2],[3]
2024-07-15T04:57:00+02:00,"[60,60]","[1.17,8.75]"
2024-07-15T04:34:00+02:00,[60],[3.79]
2024-07-15T03:53:00+02:00,[60],[4.04]
2024-07-15T03:45:00+02:00,"[60,60]","[2.61,1.77]"
2024-07-15T03:21:00+02:00,"[60,60,60,60,60]","[1.41,3.26,0.66,2.25,4]"
2024-07-15T02:21:00+02:00,[60],[1.42]
2024-07-14T22:47:50+02:00,[2],[3]
2024-07-14T22:47:00+02:00,[60],[5.05]
2024-07-14T22:22:00+02:00,[60],[1.1]
2024-07-14T22:10:00+02:00,[60],[0.93]
2024-07-14T21:47:00+02:00,[60],[1.18]
2024-07-14T21:07:00+02:00,[60],[0.84]
2024-07-14T20:25:00+02:00,[60],[1.94]
2024-07-14T05:53:00+02:00,[60],[2.53]
2024-07-14T05:13:00+02:00,"[60,60,60,60,60,60]","[4.46,3.11,5.38,4.13,1.86,0.42]"
2024-07-14T04:52:01+02:00,[59],[1.69]
2024-07-14T04:44:45+02:00,[2],[3]
2024-07-14T03:47:00+02:00,[60],[2.53]
2024-07-14T02:10:48+02:00,[2],[3]
2024-07-13T23:36:02+02:00,[17],[6]
2024-07-14T00:19:00+02:00,[60],[1.42]
2024-07-13T23:56:00+02:00,[60],[2.33]
2024-07-13T23:48:00+02:00,"[60,60]","[1.33,1.25]"
2024-07-13T23:45:00+02:00,[60],[2.009]
2024-07-13T23:35:00+02:00,"[60,60]","[1.41,6.35]"
2024-07-13T23:23:00+02:00,[60],[1.08]
2024-07-13T23:02:00+02:00,[60],[2]
2024-07-13T22:53:00+02:00,[60],[4.17]
2024-07-13T22:27:00+02:00,[60],[1.42]
2024-07-13T21:23:00+02:00,[60],[1.92]
2024-07-13T21:03:00+02:00,[60],[1.42]
2024-07-13T20:45:00+02:00,"[60,60]","[0.92,1.25]"
2024-07-13T20:08:01+02:00,[59],[5.82]
2024-07-13T19:56:00+02:00,[60],[4.93]
2024-07-13T04:46:44+02:00,[94],[6]
2024-07-10T02:43:40+02:00,[2],[3]
2024-07-10T03:56:00+02:00,[60],[7.18]
2024-07-10T03:10:00+02:00,[60],[0.26]
2024-07-10T02:57:00+02:00,[60],[1.56]
2024-07-10T02:43:00+02:00,[60],[3.03]
2024-07-10T02:39:00+02:00,[60],[2.25]
2024-07-09T22:46:00+02:00,[60],[1.38]
2024-07-09T21:50:00+02:00,[60],[0.7]
2024-07-09T20:45:00+02:00,[60],[2.13]
2024-07-09T20:16:07+02:00,[2],[3]
2024-07-09T20:15:00+02:00,"[60,60]","[1.8,3]"
2024-07-09T05:22:49+02:00,[15],[3]
2024-07-08T07:14:33+02:00,[2],[3]
2024-07-08T07:14:00+02:00,[60],[2.24]
2024-07-06T08:39:15+02:00,[2],[3]
2024-07-06T07:01:37+02:00,[2],[3]
2024-07-04T03:59:07+02:00,[2],[3]
2024-07-04T03:59:00+02:00,[60],[2.51]
2024-07-04T02:58:00+02:00,[60],[1.75]
2024-07-03T03:54:00+02:00,[60],[2.6]
2024-07-03T02:49:00+02:00,[60],[3.46]
2024-07-03T02:43:00+02:00,"[60,60]","[1.3,1.21]"
2024-07-01T04:40:39+02:00,[2],[3]
2024-07-01T03:09:00+02:00,[60],[1.26]
2024-06-30T08:24:00+02:00,[60],[2.33]
2024-06-30T05:56:00+02:00,[60],[2.22]
2024-06-30T03:47:00+02:00,[60],[0.35]
2024-06-29T03:57:00+02:00,"[60,60,60]","[2.51,1.73,4.16]"
2024-06-29T02:39:00+02:00,[60],[4.07]
2024-06-29T02:34:00+02:00,[60],[1.99]
2024-06-27T23:44:36+02:00,[2],[3]
2024-06-27T06:36:15+02:00,[2],[3]
2024-06-27T06:36:00+02:00,[60],[3.53]
2024-06-26T03:37:02+02:00,[2],[3]
2024-06-26T03:36:00+02:00,[60],[1.3]
2024-06-26T02:20:00+02:00,[60],[1.31]
2024-06-25T05:06:00+02:00,[60],[8.01]
2024-06-25T04:32:00+02:00,[60],[1.82]
2024-06-25T04:02:00+02:00,[60],[4.24]
2024-06-25T03:21:55+02:00,[25],[3]
2024-06-25T00:18:00+02:00,[60],[2.26]
2024-06-25T00:50:08+02:00,[2],[3]
2024-06-25T00:46:44+02:00,[2],[3]
2024-06-25T00:31:53+02:00,[2],[3]
2024-06-24T23:59:29+02:00,[2],[3]
2024-06-23T05:25:52+02:00,[2],[3]
2024-06-23T04:06:00+02:00,[60],[2.1]
2024-06-22T00:51:12+02:00,[38],[3]
2024-06-22T00:51:00+02:00,[60],[3.3]
2024-06-21T19:43:00+02:00,[60],[1.55]
2024-06-21T06:02:31+02:00,[2],[3]
2024-06-21T03:44:00+02:00,[60],[1.12]
2024-06-19T00:59:55+02:00,[28],[3]
2024-06-17T15:12:51+02:00,[364],[6]
2024-06-16T22:56:31+02:00,[2],[3]
2024-06-16T15:22:22+02:00,[2],[3]
2024-06-16T15:07:55+02:00,[2],[3]
2024-06-15T20:12:00+02:00,"[60,61]","[6.34,7.29]"
2024-06-15T19:58:00+02:00,[60],[8.21]
2024-06-15T19:14:00+02:00,"[60,60,60]","[0.94,20.35,0.09]"
2024-06-15T17:52:00+02:00,[60],[7.51]
2024-06-15T17:00:00+02:00,"[60,60]","[0.77,3.04]"
2024-06-15T16:48:00+02:00,[60],[5.65]
2024-06-15T16:27:00+02:00,"[60,60,60,60,60,60,60]","[29.29,18.44,5.13,37.34,8.17,26.76,12.49]"
2024-06-15T16:21:00+02:00,"[60,60,60,60,60,60]","[30.78,32.88,31.54,27.03,20.8,36.24]"
2024-06-15T16:17:00+02:00,"[60,60]","[23.54,7.32]"
2024-06-15T16:08:00+02:00,[60],[2.18]
2024-06-15T16:05:00+02:00,"[60,60]","[2.96,1.14]"
2024-06-15T15:59:00+02:00,"[60,60]","[0.78,9.47]"
2024-06-15T15:48:00+02:00,[60],[1.54]
2024-06-15T15:32:00+02:00,[60],[3.76]
2024-06-15T14:32:00+02:00,[60],[1.45]
2024-06-15T14:15:00+02:00,[60],[0.94]
2024-06-15T14:08:00+02:00,[60],[1.28]
2024-06-15T13:59:00+02:00,[60],[3.42]
2024-06-15T13:55:00+02:00,[60],[6.05]
2024-06-15T13:51:00+02:00,[60],[1.53]
2024-06-15T13:45:00+02:00,[60],[10.34]
2024-06-15T13:39:00+02:00,[60],[1.27]
2024-06-15T13:37:00+02:00,[60],[0.42]
2024-06-15T13:32:00+02:00,"[60,60,60,60]","[2.62,3.39,9.15,0.25]"
2024-06-15T13:27:00+02:00,"[60,60]","[1.18,1.09]"
2024-06-15T10:13:12+02:00,[45],[6]
2024-06-15T12:23:00+02:00,[60],[4.019]
2024-06-15T12:11:00+02:00,[60],[0.76]
2024-06-15T11:07:00+02:00,[60],[1.34]
2024-06-15T10:49:00+02:00,[60],[0.33]
2024-06-15T10:13:00+02:00,"[60,60]","[5.94,1.66]"
2024-06-14T19:06:22+02:00,[2],[3]
2024-06-14T19:05:54+02:00,[2],[3]
2024-06-14T19:05:00+02:00,"[60,60]","[3.49,1.65]"
2024-06-14T17:43:00+02:00,[60],[0.84]
2024-06-14T16:44:00+02:00,[60],[1.76]
2024-06-14T16:27:00+02:00,[60],[0.42]
2024-06-14T15:28:32+02:00,[2],[3]
2024-06-14T12:48:54+02:00,[12],[3]
2024-06-14T15:41:00+02:00,"[60,60,60]","[1.59,1.25,2.17]"
2024-06-14T14:03:00+02:00,[60],[3.43]
2024-06-14T13:56:00+02:00,[60],[0.59]
2024-06-14T13:30:00+02:00,[60],[1.83]
2024-06-14T12:58:00+02:00,"[60,60]","[3.51,2.37]"
2024-06-14T12:53:00+02:00,[60],[2.46]
2024-06-14T12:48:00+02:00,"[60,60]","[2.53,1.66]"
2024-06-14T07:43:00+02:00,[60],[1.14]
2024-06-14T07:35:00+02:00,"[60,60,60,60,60,60,60]","[6.81,7.86,7.78,7.17,9.8,7.8,2.89]"
2024-06-13T15:11:00+02:00,[60],[5.52]
2024-06-13T14:06:00+02:00,[60],[0.67]
2024-06-13T13:12:00+02:00,[60],[2.09]
2024-06-13T12:24:00+02:00,"[60,60]","[1.42,1.67]"
2024-06-13T11:16:00+02:00,[60],[0.17]
2024-06-13T08:23:00+02:00,[60],[24.1]
2024-06-13T08:20:00+02:00,"[60,61]","[2.89,7.34]"
2024-06-13T08:13:00+02:00,"[60,60,60]","[7.88,9.43,20.67]"
2024-06-13T07:43:00+02:00,[60],[2.66]
2024-06-13T07:39:00+02:00,[60],[3.15]
2024-06-12T13:31:00+02:00,[60],[4.99]
2024-06-12T13:29:00+02:00,[60],[2.97]
2024-06-12T13:31:21+02:00,[2],[3]
2024-06-12T13:00:20+02:00,[2],[3]
2024-06-12T13:08:00+02:00,"[60,60]","[2.71,1.73]"
2024-06-12T12:49:00+02:00,[60],[0.49]
2024-06-12T12:09:00+02:00,[60],[0.29]
2024-06-12T11:35:00+02:00,"[60,60]","[1.94,1.07]"
2024-06-12T11:33:00+02:00,[60],[1.55]
2024-06-12T10:18:01+02:00,[59],[2.51]
2024-06-11T13:23:13+02:00,[2],[3]
2024-06-11T13:23:00+02:00,"[60,60,60,60]","[3.45,4.8,1.73,0.86]"
2024-06-11T13:21:00+02:00,[60],[0.67]
2024-06-11T12:58:00+02:00,[60],[6.5]
2024-06-11T12:04:00+02:00,[60],[3.3]
2024-06-11T08:14:00+02:00,[60],[0.77]
2024-06-10T15:18:00+02:00,[60],[1.62]
2024-06-10T15:16:00+02:00,[60],[1.81]
2024-06-10T15:13:00+02:00,[60],[1.53]
2024-06-10T11:52:52+02:00,[2],[3]
2024-06-10T11:02:54+02:00,[2],[3]
2024-06-10T12:59:00+02:00,[60],[1.24]
2024-06-10T12:44:00+02:00,[60],[2.97]
2024-06-10T12:41:00+02:00,"[60,60]","[1.72,1.82]"
2024-06-10T12:03:00+02:00,[60],[1.46]
2024-06-10T12:00:00+02:00,"[60,60]","[2.72,0.49]"
2024-06-10T11:51:00+02:00,[60],[3.3]
2024-06-10T11:14:00+02:00,"[60,60,60]","[1.84,3,0.88]"
2024-06-10T11:07:00+02:00,"[60,60,60,60]","[2.32,0.96,2.8,4.25]"
2024-06-10T11:04:00+02:00,"[60,60]","[1.83,1.06]"
2024-06-10T11:01:00+02:00,[60],[5.89]
2024-06-10T10:51:00+02:00,[60],[0.19]
2024-06-10T10:20:00+02:00,[60],[3.01]
2024-06-09T16:07:00+02:00,[60],[1.15]
2024-06-09T13:26:00+02:00,[60],[1.82]
2024-06-09T13:24:00+02:00,[60],[1.63]
2024-06-09T09:56:00+02:00,[60],[1.25]
2024-06-08T18:08:00+02:00,[60],[1.75]
2024-06-08T18:06:00+02:00,[60],[1.07]
2024-06-08T17:21:00+02:00,[60],[2.32]
2024-06-08T17:05:00+02:00,"[60,60]","[2.23,0.78]"
2024-06-08T13:45:00+02:00,[60],[2.99]
2024-06-08T11:18:50+02:00,[2],[3]
2024-06-08T10:23:00+02:00,[60],[3.22]
2024-06-08T10:21:00+02:00,[60],[1.47]
2024-06-08T10:13:00+02:00,[60],[1.92]
2024-06-07T20:17:00+02:00,[60],[3.31]
2024-06-07T17:30:00+02:00,[60],[1.65]
2024-06-07T17:19:00+02:00,[60],[1.01]
2024-06-07T11:51:11+02:00,[2],[3]
2024-06-07T11:41:00+02:00,[60],[0.1]
2024-06-07T09:05:00+02:00,[60],[1.68]
2024-06-06T21:07:00+02:00,[60],[1.26]
2024-06-06T20:35:00+02:00,"[60,60,60]","[4.47,3.5,3.6]"
2024-06-06T19:45:00+02:00,[60],[3.89]
2024-06-06T19:18:07+02:00,[295],[6]
2024-06-06T18:08:03+02:00,[7],[3]
2024-06-06T17:58:09+02:00,[2],[3]
2024-06-06T19:43:00+02:00,[60],[1.36]
2024-06-06T19:22:00+02:00,"[60,60]","[3.02,1.06]"
2024-06-06T19:18:00+02:00,[60],[4.07]
2024-06-06T19:10:00+02:00,"[60,61,60]","[3.5,2.81,3.49]"
2024-06-06T18:42:00+02:00,[60],[1.07]
2024-06-06T18:08:00+02:00,[60],[3.7]
2024-06-06T16:44:00+02:00,[60],[2.29]
2024-06-06T10:25:00+02:00,[60],[1.9]
2024-06-05T14:03:00+02:00,"[60,60]","[1.79,2.73]"
2024-06-05T10:58:00+02:00,[120],[1.55]
2024-06-05T09:11:25+02:00,[2],[3]
2024-06-02T16:43:15+02:00,[2],[3]
2024-06-02T17:23:00+02:00,"[60,60,60,60,60]","[3.26,2.97,4.61,3.36,2.29]"
2024-06-02T17:20:00+02:00,"[60,60]","[2.2,2.49]"
2024-06-02T17:16:00+02:00,[60],[1.24]
2024-06-02T17:10:00+02:00,[60],[1.34]
2024-06-02T16:43:00+02:00,[60],[3.26]
2024-06-02T16:30:00+02:00,[60],[1.15]
2024-05-30T09:00:51+02:00,[2],[3]
2024-05-29T09:57:00+02:00,[60],[1.42]
2024-05-29T07:21:00+02:00,"[61,59]","[1.52,2.37]"
2024-05-29T06:47:00+02:00,[60],[1.15]
2024-05-28T12:20:00+02:00,[60],[7.13]
2024-05-28T11:52:00+02:00,[60],[1.23]
2024-05-28T10:36:00+02:00,[60],[1.05]
2024-05-28T10:19:00+02:00,[60],[3.34]
2024-05-28T10:17:00+02:00,[60],[2.57]
2024-05-28T10:15:00+02:00,[60],[3.05]
2024-05-28T10:10:00+02:00,"[60,60,60]","[5.42,2.1,2.86]"
2024-05-27T20:15:00+02:00,[60],[0.1]
2024-05-27T20:09:00+02:00,"[60,60,60]","[3.69,0.2,1.17]"
2024-05-27T18:22:00+02:00,[60],[0.78]
2024-05-27T13:01:00+02:00,[60],[3.07]
2024-05-27T12:12:00+02:00,[60],[2.23]
2024-05-27T12:05:00+02:00,"[60,60]","[1.55,6.58]"
2024-05-27T11:26:07+02:00,[2],[3]
2024-05-27T07:59:00+02:00,"[60,60]","[8.88,11.79]"
2024-05-27T07:16:00+02:00,[60],[0.57]
2024-05-26T16:27:00+02:00,"[60,60]","[0.58,1.05]"
2024-05-26T15:33:00+02:00,"[60,60]","[2.4,1.83]"
2024-05-26T13:14:31+02:00,[2],[3]
2024-05-26T10:54:00+02:00,[60],[3.33]
2024-05-26T10:36:00+02:00,[60],[1.54]
2024-05-26T09:30:00+02:00,[60],[0.19]
2024-05-25T15:45:00+02:00,[60],[1.54]
2024-05-25T15:39:00+02:00,[60],[3.55]
2024-05-25T15:03:00+02:00,[60],[1.22]
2024-05-25T14:33:00+02:00,"[60,60]","[5.56,2.83]"
2024-05-25T14:25:00+02:00,[60],[0.85]
2024-05-25T14:20:00+02:00,[60],[1.13]
2024-05-25T14:15:00+02:00,[60],[1.79]
2024-05-25T14:00:00+02:00,[60],[2.92]
2024-05-25T10:55:00+02:00,[60],[4.8]
2024-05-25T10:16:00+02:00,"[60,60]","[2.09,1.04]"
2024-05-25T07:20:00+02:00,[60],[1.89]
2024-05-24T16:40:00+02:00,[60],[3.4]
2024-05-24T14:10:00+02:00,[60],[3.11]
2024-05-23T17:05:00+02:00,[60],[7.25]
2024-05-23T15:42:00+02:00,[60],[2.47]
2024-05-23T14:54:00+02:00,"[60,60]","[1.33,6.08]"
2024-05-23T14:17:00+02:00,[60],[1.33]
2024-05-23T12:10:00+02:00,[60],[2.95]
2024-05-23T11:49:00+02:00,[60],[0.1]
2024-05-23T11:33:00+02:00,[60],[0.95]
2024-05-23T11:05:00+02:00,[60],[1.53]
2024-05-23T10:57:00+02:00,[60],[1.63]
2024-05-23T10:53:00+02:00,[60],[1.53]
2024-05-23T10:50:00+02:00,[60],[2.59]
2024-05-23T09:46:00+02:00,[60],[5.64]
2024-05-22T21:16:00+02:00,[60],[3.48]
2024-05-22T21:52:35+02:00,[2],[3]
2024-05-22T19:07:30+02:00,[2],[3]
2024-05-22T16:40:00+02:00,"[60,60,60]","[1.88,2.07,0.94]"
2024-05-22T15:43:00+02:00,[60],[2.45]
2024-05-22T14:43:00+02:00,[60],[4.73]
2024-05-22T08:34:00+02:00,[60],[1.33]
2024-05-22T06:59:00+02:00,[60],[6.46]
2024-05-21T16:52:00+02:00,[60],[13.25]
2024-05-21T16:04:00+02:00,[60],[1.33]
2024-05-21T15:20:00+02:00,[60],[5.03]
2024-05-21T12:27:00+02:00,"[60,60]","[4.58,3.33]"
2024-05-21T12:09:00+02:00,[60],[7.76]
2024-05-20T14:13:00+02:00,[60],[0.86]
2024-05-20T11:18:00+02:00,"[60,60]","[3.49,0.87]"
2024-05-20T11:17:00+02:00,[60],[3.41]
2024-05-20T11:14:00+02:00,"[60,60]","[1.17,2.92]"
2024-05-20T11:05:00+02:00,[60],[2.34]
2024-05-20T11:03:00+02:00,[60],[2.82]
2024-05-20T11:00:00+02:00,[60],[0.87]
2024-05-20T10:53:00+02:00,[60],[1.46]
2024-05-20T10:45:00+02:00,"[60,60]","[2.92,0.39]"
2024-05-20T10:34:00+02:00,[60],[6.69]
2024-05-20T09:40:00+02:00,[60],[4.95]
2024-05-20T09:32:00+02:00,[60],[11.17]
2024-05-20T09:24:00+02:00,[60],[0.19]
2024-05-19T20:16:00+02:00,[60],[1.15]
2024-05-19T20:07:00+02:00,[60],[0.77]
2024-05-19T20:00:00+02:00,[60],[0.39]
2024-05-19T18:53:00+02:00,"[60,60,60]","[2.61,0.39,1.17]"
2024-05-19T18:07:00+02:00,[60],[1.46]
2024-05-19T17:52:00+02:00,[60],[2.04]
2024-05-19T17:47:00+02:00,[60],[9.5]
2024-05-19T17:43:00+02:00,"[60,60]","[0.48,12.07]"
2024-05-19T12:05:00+02:00,[60],[1.83]
2024-05-19T11:58:00+02:00,"[60,60]","[0.96,2.89]"
2024-05-19T10:32:00+02:00,[60],[3.17]
2024-05-19T09:56:00+02:00,[60],[2.7]
2024-05-19T09:00:05+02:00,[2],[3]
2024-05-19T09:00:00+02:00,[60],[5.12]
2024-05-18T21:55:00+02:00,[60],[1.13]
2024-05-18T17:46:00+02:00,[60],[1.24]
2024-05-17T02:45:00+02:00,[60],[1.09]
2024-05-17T00:01:00+02:00,[60],[1.34]
2024-05-16T23:59:00+02:00,[60],[1.17]
2024-05-16T23:53:00+02:00,"[60,60]","[1.59,2.68]"
2024-05-16T21:54:00+02:00,[60],[5.21]
2024-05-16T21:30:00+02:00,[60],[0.84]
2024-05-16T19:09:00+02:00,[60],[1.03]
2024-05-15T02:37:00+02:00,[60],[3.29]
2024-05-14T21:29:00+02:00,[60],[3.02]
2024-05-14T04:50:00+02:00,[60],[2.33]
2024-05-14T03:46:00+02:00,[60],[1.67]
2024-05-14T03:30:00+02:00,[60],[1.9]
2024-05-13T05:13:00+02:00,"[61,59]","[5,3.88]"
2024-05-13T04:51:01+02:00,"[59,60]","[2.16,3.97]"
2024-05-12T05:07:00+02:00,[60],[2.5]
2024-05-12T04:18:00+02:00,[60],[1.28]
2024-05-12T04:04:00+02:00,[60],[1.18]
2024-05-12T03:28:00+02:00,"[60,60,60]","[3.63,3.64,2.54]"
2024-05-12T01:58:00+02:00,[60],[3.05]
2024-05-12T00:56:00+02:00,"[60,60,61,59,60]","[2.13,0.59,1.96,10.7,2.47]"
2024-05-12T00:41:00+02:00,[60],[1.7]
2024-05-12T00:22:00+02:00,[60],[1.77]
2024-05-12T00:13:00+02:00,[60],[3.95]
2024-05-11T20:27:00+02:00,[60],[1.26]
2024-05-11T19:41:00+02:00,[60],[2.74]
2024-05-11T19:37:00+02:00,[60],[2.48]
2024-05-11T19:24:00+02:00,[60],[5.56]
2024-05-11T07:00:49+02:00,[2],[3]
2024-05-10T01:21:31+02:00,[2],[3]
2024-05-10T00:44:00+02:00,[60],[0.67]
2024-05-10T00:41:00+02:00,[60],[1.17]
2024-05-09T21:55:00+02:00,[60],[0.42]
2024-05-09T21:54:00+02:00,[60],[5.13]
2024-05-09T21:33:00+02:00,[60],[2.1]
2024-05-09T20:33:00+02:00,[60],[0.84]
2024-05-09T20:18:00+02:00,[60],[1.18]
2024-05-09T19:45:00+02:00,[60],[1.42]
2024-05-09T19:43:00+02:00,[60],[1.76]
2024-05-09T17:59:00+02:00,[60],[0.59]
2024-05-09T17:54:00+02:00,[60],[1.59]
2024-05-09T17:38:00+02:00,[60],[0.84]
2024-05-09T17:19:00+02:00,[60],[0.75]
2024-05-09T16:17:43+02:00,[2],[3]
2024-05-09T01:52:44+02:00,[2],[3]
2024-05-08T02:52:39+02:00,[35],[3]
2024-05-05T04:59:05+02:00,[2],[3]
2024-05-03T22:00:00+02:00,"[60,60]","[1.72,3.8]"
2024-05-03T17:23:00+02:00,"[60,60]","[1.76,1.77]"
2024-05-03T17:11:00+02:00,[60],[2.44]
2024-05-03T16:17:37+02:00,[2],[3]
2024-05-03T16:14:00+02:00,[60],[0.52]
2024-05-03T03:10:13+02:00,[2],[3]
2024-05-03T03:02:00+02:00,[60],[0.77]
2024-05-03T02:54:00+02:00,[60],[1.38]
2024-05-03T01:57:00+02:00,[60],[3.11]
2024-05-03T01:40:01+02:00,[59],[0.17]
2024-05-03T01:12:00+02:00,[60],[0.42]
2024-05-02T22:22:00+02:00,[60],[0.34]
2024-05-02T21:51:00+02:00,[60],[4.71]
2024-05-02T19:09:00+02:00,[60],[2.02]
2024-05-02T17:23:43+02:00,[343],[3]
2024-05-02T17:08:00+02:00,[60],[1.09]
2024-05-02T16:15:00+02:00,"[60,60]","[0.68,2.4]"
2024-05-02T16:03:00+02:00,[60],[0.26]
2024-05-02T03:10:00+02:00,"[60,60]","[5.88,0.35]"
2024-05-02T03:06:00+02:00,"[60,60]","[3.03,4.25]"
2024-05-01T22:43:00+02:00,[60],[0.77]
2024-05-01T22:37:00+02:00,"[60,60]","[3.18,2.14]"
2024-05-01T22:30:00+02:00,"[60,60]","[1.46,0.43]"
2024-05-01T02:54:00+02:00,[60],[3.03]
2024-05-01T02:32:00+02:00,[60],[1.8]
2024-04-30T22:05:00+02:00,[60],[5.58]
2024-04-29T03:10:19+02:00,[2],[3]
2024-04-29T01:15:01+02:00,[89],[6]
2024-04-28T08:55:00+02:00,[60],[3.01]
2024-04-28T07:30:00+02:00,[60],[0.08]
2024-04-28T07:17:00+02:00,[60],[0.93]
2024-04-28T07:07:00+02:00,[60],[1.61]
2024-04-28T06:38:00+02:00,"[60,60]","[4.91,5.59]"
2024-04-28T06:29:00+02:00,[60],[0.35]
2024-04-28T05:10:00+02:00,[60],[8.01]
2024-04-28T04:55:00+02:00,"[60,60,60,60]","[4.21,2.49,5.77,5.93]"
2024-04-28T02:35:00+02:00,[60],[0.68]
2024-04-28T01:51:00+02:00,[60],[3.89]
2024-04-28T01:48:00+02:00,"[60,60]","[4.57,2.21]"
2024-04-28T01:46:00+02:00,[60],[2.04]
2024-04-27T04:25:00+02:00,[60],[1.29]
2024-04-27T01:24:00+02:00,[60],[2.009]
2024-04-27T00:17:00+02:00,[61],[1.18]
2024-04-27T00:13:00+02:00,"[60,60]","[1.26,1.43]"
2024-04-26T22:45:00+02:00,"[60,60]","[0.25,1.09]"
2024-04-26T21:54:00+02:00,[60],[1.01]
2024-04-26T21:29:00+02:00,[60],[1.85]
2024-04-26T21:23:00+02:00,[60],[2.02]
2024-04-26T17:29:00+02:00,[60],[0.75]
2024-04-26T16:16:00+02:00,[60],[0.26]
2024-04-26T01:00:00+02:00,"[60,60,60]","[2.84,4.39,2.23]"
2024-04-25T22:46:00+02:00,"[60,60]","[0.43,1.63]"
2024-04-25T01:53:00+02:00,"[60,60]","[0.87,2.23]"
2024-04-25T01:22:00+02:00,[60],[1.4]
2024-04-23T06:21:00+02:00,[60],[3.62]
2024-04-23T04:07:00+02:00,[60],[0.25]
2024-04-23T02:57:00+02:00,[60],[2.52]
2024-04-23T02:12:00+02:00,[60],[3.03]
2024-04-23T02:08:00+02:00,[60],[1.01]
2024-04-23T01:35:00+02:00,[60],[1.85]
2024-04-22T04:29:00+02:00,[60],[3.36]
2024-04-22T01:05:00+02:00,[60],[1.75]
2024-04-21T01:31:59+02:00,[2],[3]
2024-04-20T03:33:37+02:00,[2],[3]
2024-04-19T02:55:37+02:00,[2],[3]
2024-04-19T02:06:35+02:00,[17],[6]
2024-04-18T03:07:35+02:00,[2],[3]
2024-04-17T01:32:31+02:00,[2],[3]
2024-04-16T23:47:13+02:00,[2],[3]
2024-04-16T05:32:27+02:00,[2],[3]
2024-04-16T05:18:49+02:00,[17],[6]
2024-04-15T05:24:37+02:00,[30],[3]
2024-04-14T03:54:03+02:00,[5],[3]
2024-04-13T02:29:00+02:00,[60],[2.68]
2024-04-13T01:41:00+02:00,[60],[0.09]
2024-04-13T01:22:00+02:00,[60],[2.9]
2024-04-13T00:05:00+02:00,"[60,60]","[2.57,2.39]"
2024-04-12T22:56:00+02:00,[60],[5.49]
2024-04-12T21:53:00+02:00,[60],[0.77]
2024-04-12T17:11:00+02:00,[60],[0.92]
2024-04-12T17:07:00+02:00,"[60,60,60]","[0.08,0.34,8.58]"
2024-04-12T16:11:00+02:00,[60],[0.52]
2024-04-12T16:08:00+02:00,"[60,60]","[0.86,1.46]"
2024-04-12T03:02:00+02:00,[2],[3]
2024-04-12T03:01:00+02:00,[60],[3.46]
2024-04-12T02:09:00+02:00,[60],[0.52]
2024-04-12T01:15:00+02:00,[60],[2.02]
2024-04-12T00:18:00+02:00,[60],[1.69]
2024-04-11T21:46:00+02:00,[60],[6.49]
2024-04-11T17:29:00+02:00,"[60,60]","[1.6,1.43]"
2024-04-11T17:08:00+02:00,"[60,60]","[1.85,0.67]"
2024-04-10T04:51:14+02:00,[2],[3]
2024-04-10T04:08:00+02:00,[60],[4.13]
2024-04-10T03:33:00+02:00,[60],[1.57]
2024-04-10T03:01:00+02:00,[60],[0.6]
2024-04-10T01:38:00+02:00,[60],[5.81]
2024-04-10T01:27:00+02:00,"[60,60]","[1.62,0.26]"
2024-04-09T21:58:00+02:00,[60],[1.94]
2024-04-09T07:09:08+02:00,[2],[3]
2024-04-07T05:00:00+02:00,[60],[3.26]
2024-04-07T03:59:00+02:00,[60],[1.24]
2024-04-07T03:13:00+02:00,[60],[0.25]
2024-04-07T01:55:00+02:00,[60],[1.58]
2024-04-07T01:16:00+02:00,[60],[1.16]
2024-04-07T00:38:00+02:00,[60],[0.5]
2024-04-07T00:21:00+02:00,[60],[1.75]
2024-04-06T23:27:00+02:00,[60],[1.82]
2024-04-06T22:58:00+02:00,[60],[1.24]
2024-04-06T04:58:00+02:00,[60],[3.02]
2024-04-06T04:46:00+02:00,[60],[1.12]
2024-04-06T04:01:00+02:00,[60],[3.44]
2024-04-06T02:49:00+02:00,[60],[2.07]
2024-04-06T01:36:15+02:00,[1505],[3]
2024-04-05T01:33:04+02:00,[2],[3]
2024-04-04T05:07:00+02:00,[60],[2.67]
2024-04-04T04:36:00+02:00,[60],[1.92]
2024-04-04T03:46:00+02:00,[60],[1.05]
2024-04-02T20:59:00+02:00,[60],[0.77]
2024-04-02T20:58:00+02:00,[60],[3.16]
2024-04-02T04:09:00+02:00,[60],[4.05]
2024-04-02T04:05:00+02:00,"[60,60]","[2.92,3.18]"
2024-04-02T03:42:00+02:00,"[60,60]","[1.13,0.44]"
2024-04-02T02:42:00+02:00,[60],[2.009]
2024-04-02T02:19:00+02:00,[60],[2.16]
2024-03-31T09:22:00+02:00,[60],[4.33]
2024-03-31T07:57:00+02:00,[60],[5.87]
2024-03-31T04:26:00+02:00,[60],[2.89]
2024-03-29T01:57:00+01:00,[60],[1.72]
2024-03-28T03:48:00+01:00,[60],[2.91]
2024-03-26T23:34:00+01:00,[60],[1.46]
2024-03-26T23:21:00+01:00,"[60,60,60]","[1.81,1.2,4.56]"
2024-03-26T23:19:00+01:00,[60],[1.46]
2024-03-26T23:15:00+01:00,"[60,60,60]","[1.72,0.17,1.12]"
2024-03-26T23:12:00+01:00,"[60,60]","[5.59,0.17]"
2024-03-26T23:09:00+01:00,"[60,60]","[2.41,0.6]"
2024-03-26T23:05:00+01:00,"[60,60,60]","[1.46,2.75,2.31]"
2024-03-26T22:58:00+01:00,"[60,60,60]","[2.15,4.03,1.03]"
2024-03-26T22:38:01+01:00,"[59,60,60]","[1.98,3.09,2.92]"
2024-03-26T05:20:00+01:00,[60],[5]
2024-03-26T03:41:00+01:00,[60],[0.92]
2024-03-26T03:10:00+01:00,"[60,60]","[1.34,0.16]"
2024-03-26T02:23:00+01:00,[60],[0.67]
2024-03-26T01:02:00+01:00,"[60,60,61]","[1.26,1.34,2.28]"
2024-03-26T00:43:00+01:00,[60],[1.34]
2024-03-25T06:37:00+01:00,[60],[2.68]
2024-03-25T06:07:00+01:00,[60],[1.1]
2024-03-25T02:57:00+01:00,[60],[5.48]
2024-03-24T02:10:00+01:00,[61],[1.81]
2024-03-24T02:03:00+01:00,[60],[2.51]
2024-03-24T01:23:00+01:00,[60],[1.93]
2024-03-24T00:05:00+01:00,[60],[2.1]
2024-03-23T22:52:00+01:00,[60],[1.4]
2024-03-22T01:54:03+01:00,[2],[3]
2024-03-22T01:53:00+01:00,[60],[3.7]
2024-03-22T01:38:00+01:00,[60],[1.12]
2024-03-22T01:35:00+01:00,[60],[1.03]
2024-03-22T00:16:33+01:00,[5],[3]
2024-03-21T23:47:00+01:00,"[60,60,60]","[4.1,3.09,0.92]"
2024-03-21T21:54:00+01:00,[60],[2.009]
2024-03-21T20:50:00+01:00,[60],[0.33]
2024-03-21T20:49:00+01:00,[60],[3.68]
2024-03-21T17:24:00+01:00,[60],[2.18]
2024-03-21T16:33:00+01:00,[60],[2.76]
2024-03-21T16:11:00+01:00,[60],[0.67]
2024-03-21T15:16:00+01:00,[60],[0.68]
2024-03-21T03:00:00+01:00,[60],[1.29]
2024-03-20T00:52:00+01:00,[60],[2.68]
2024-03-20T00:37:00+01:00,[60],[1.75]
2024-03-20T00:29:00+01:00,[60],[1.13]
2024-03-20T00:22:00+01:00,[60],[2.18]
2024-03-20T00:15:00+01:00,[60],[1.92]
2024-03-19T05:04:00+01:00,[60],[1.81]
2024-03-19T02:19:00+01:00,"[60,60]","[0.5,0.84]"
2024-03-19T02:16:00+01:00,[60],[1.6]
2024-03-19T00:33:00+01:00,[60],[1.26]
2024-03-18T23:32:00+01:00,"[60,60]","[0.86,1.28]"
2024-03-18T19:07:54+01:00,[76],[3]
2024-03-18T06:51:00+01:00,[60],[1.89]
2024-03-18T06:16:00+01:00,[60],[7.13]
2024-03-18T05:59:00+01:00,[60],[1.34]
2024-03-18T03:00:00+01:00,[60],[3.43]
2024-03-18T02:53:00+01:00,"[60,60,60,60]","[3.17,1.92,4.35,1.67]"
2024-03-18T02:45:00+01:00,"[60,60,60,60,60,60]","[3.76,4.42,2.009,1.67,3.85,0.75]"
2024-03-18T02:41:00+01:00,"[60,60]","[3.51,2.08]"
2024-03-18T02:36:00+01:00,"[60,60,60]","[4.01,4.75,2.5]"
2024-03-18T02:30:00+01:00,[60],[1.84]
2024-03-18T02:16:00+01:00,[60],[1.67]
2024-03-18T01:59:00+01:00,"[60,60]","[1,4.42]"
2024-03-18T01:46:00+01:00,[60],[1.67]
2024-03-18T01:02:00+01:00,[60],[1.34]
2024-03-18T00:18:00+01:00,[60],[3.85]
2024-03-16T03:01:54+01:00,[2],[3]
2024-03-16T03:01:00+01:00,[60],[3.03]
2024-03-16T00:15:00+01:00,[60],[2.53]
2024-03-16T00:02:00+01:00,[60],[0.08]
2024-03-16T00:00:00+01:00,"[60,60]","[2.94,6.74]"
2024-03-15T23:48:00+01:00,[60],[0.76]
2024-03-15T23:43:00+01:00,[60],[2.009]
2024-03-15T22:50:00+01:00,[60],[0.67]
2024-03-15T21:38:00+01:00,[60],[0.76]
2024-03-15T16:10:00+01:00,[60],[0.17]
2024-03-15T15:14:00+01:00,[60],[0.26]
2024-03-15T15:11:00+01:00,[60],[1.03]
2024-03-15T04:39:06+01:00,[2],[3]
2024-03-15T04:38:00+01:00,[60],[2.86]
2024-03-15T04:23:00+01:00,"[60,60]","[2.24,0.43]"
2024-03-15T03:06:00+01:00,[60],[1.52]
2024-03-15T02:40:00+01:00,[60],[1.61]
2024-03-14T23:58:00+01:00,[60],[0.08]
2024-03-14T22:56:00+01:00,[60],[4.23]
2024-03-14T22:52:00+01:00,[60],[0.25]
2024-03-14T22:00:00+01:00,[60],[1.77]
2024-03-14T21:57:00+01:00,"[60,60]","[2.029,1.86]"
2024-03-14T21:15:00+01:00,[60],[6.32]
2024-03-14T21:12:00+01:00,[60],[1.44]
2024-03-14T16:29:00+01:00,"[60,60,60,60]","[1.69,1.34,3.29,1.01]"
2024-03-14T16:25:00+01:00,[60],[1.6]
2024-03-14T16:07:00+01:00,"[60,60]","[1.85,0.09]"
2024-03-14T16:05:00+01:00,[61],[3.35]
2024-03-14T15:18:00+01:00,[60],[2.4]
2024-03-13T00:35:05+01:00,[2],[3]
2024-03-11T23:55:01+01:00,[12],[3]
2024-03-10T04:17:34+01:00,[2],[3]
2024-03-10T03:05:00+01:00,[60],[1.08]
2024-03-10T00:18:00+01:00,"[60,60]","[1.09,1.5]"
2024-03-09T23:29:00+01:00,[60],[1.09]
2024-03-09T22:32:00+01:00,[60],[1.58]
2024-03-09T22:29:00+01:00,"[61,59]","[2.41,1.24]"
2024-03-09T04:46:00+01:00,[60],[3.26]
2024-03-09T03:30:00+01:00,[60],[1.53]
2024-03-09T02:12:00+01:00,"[60,61]","[1.71,9.04]"
2024-03-09T00:49:00+01:00,[60],[0.09]
2024-03-08T23:17:00+01:00,[60],[1]
2024-03-08T22:02:00+01:00,[60],[1.5]
2024-03-08T22:00:00+01:00,[60],[4.27]
2024-03-08T21:52:00+01:00,[60],[1.09]
2024-03-08T20:46:00+01:00,"[60,60]","[2.17,1.26]"
2024-03-08T17:28:00+01:00,[60],[1.17]
2024-03-08T17:22:00+01:00,[60],[2.42]
2024-03-08T17:07:00+01:00,[60],[0.09]
2024-03-08T16:12:00+01:00,[60],[0.68]
2024-03-08T16:01:00+01:00,[60],[0.6]
2024-03-08T01:55:00+01:00,[60],[2.76]
2024-03-07T23:56:00+01:00,[60],[0.25]
2024-03-07T23:39:00+01:00,[60],[1.77]
2024-03-07T23:03:00+01:00,[60],[2.02]
2024-03-07T22:09:00+01:00,"[61,59]","[1.18,1.85]"
2024-03-07T20:34:00+01:00,[60],[3.78]
2024-03-07T19:04:00+01:00,[60],[1]
2024-03-06T21:52:00+01:00,[60],[1.21]
2024-03-05T21:34:00+01:00,[60],[1.55]
2024-03-05T21:32:00+01:00,"[61,59]","[2.07,5.5]"
2024-03-05T20:32:00+01:00,[60],[1.12]
2024-03-05T20:29:00+01:00,[60],[1.37]
2024-03-05T19:04:00+01:00,[60],[1.37]
2024-03-05T18:49:00+01:00,[60],[0.51]
2024-03-05T18:46:00+01:00,[60],[1.54]
2024-03-05T01:22:00+01:00,[60],[1.46]
2024-03-05T01:02:00+01:00,[60],[0.94]
2024-03-05T00:22:00+01:00,[60],[1.8]
2024-03-03T04:06:26+01:00,[2],[3]
2024-03-02T03:28:31+01:00,[160],[3]
2024-03-02T02:41:00+01:00,[60],[1.28]
2024-03-02T01:16:00+01:00,[60],[2.009]
2024-03-02T00:43:00+01:00,"[60,60]","[3.01,6.18]"
2024-03-01T23:37:00+01:00,[60],[1.75]
2024-03-01T22:57:00+01:00,[60],[1.84]
2024-03-01T22:51:01+01:00,[59],[1.09]
2024-03-01T21:58:00+01:00,"[60,60,60]","[2.25,3.1,1.18]"
2024-03-01T21:18:00+01:00,[60],[2.34]
2024-03-01T20:40:00+01:00,[60],[0.59]
2024-03-01T17:59:00+01:00,[60],[1.59]
2024-03-01T17:57:00+01:00,[60],[1.92]
2024-03-01T17:18:00+01:00,[61],[2.34]
2024-03-01T17:15:00+01:00,[60],[2.67]
2024-03-01T17:04:00+01:00,[60],[1.67]
2024-03-01T16:13:00+01:00,[60],[0.26]
2024-03-01T02:27:00+01:00,[60],[1.98]
2024-03-01T02:07:00+01:00,"[60,60]","[4.01,8.52]"
2024-03-01T02:27:59+01:00,[2],[3]
2024-03-01T02:01:50+01:00,[407],[9]
2024-03-01T00:44:00+01:00,[60],[0.08]
2024-03-01T00:21:00+01:00,[60],[3.43]
2024-02-29T23:40:00+01:00,[60],[2.51]
2024-02-29T23:32:00+01:00,[60],[2]
2024-02-29T23:30:00+01:00,[60],[2.84]
2024-02-29T22:41:00+01:00,"[60,60]","[1.75,1.75]"
2024-02-29T22:07:00+01:00,[60],[0.59]
2024-02-29T21:52:00+01:00,[60],[4.51]
2024-02-29T21:49:01+01:00,"[59,60]","[4.42,1.33]"
2024-02-29T21:46:21+01:00,[2],[3]
2024-02-29T17:22:23+01:00,[2],[3]
2024-02-29T18:54:00+01:00,"[60,60]","[5.1,2.25]"
2024-02-29T18:51:00+01:00,[60],[0.25]
2024-02-29T17:25:00+01:00,[60],[1.75]
2024-02-29T17:07:00+01:00,[60],[0.5]
2024-02-29T16:16:00+01:00,[60],[0.94]
2024-02-29T16:14:00+01:00,[60],[2.04]
2024-02-29T00:45:47+01:00,[2],[3]
2024-02-28T03:49:45+01:00,[7],[3]
2024-02-27T05:45:18+01:00,[2],[3]
2024-02-27T05:30:52+01:00,[12],[6]
2024-02-27T04:05:21+01:00,[22],[9]
2024-02-27T01:34:23+01:00,[2],[3]
2024-02-25T06:01:00+01:00,[60],[3.18]
2024-02-25T04:32:00+01:00,[60],[1.17]
2024-02-25T04:16:01+01:00,[59],[1]
2024-02-25T03:45:00+01:00,[60],[1.58]
2024-02-25T03:20:00+01:00,[60],[0.5]
2024-02-25T03:17:00+01:00,[60],[1.16]
2024-02-25T03:15:00+01:00,[60],[1.67]
2024-02-25T01:22:00+01:00,[60],[13.33]
2024-02-25T01:08:00+01:00,"[60,60]","[3.76,1.68]"
2024-02-25T01:02:00+01:00,[60],[4.85]
2024-02-25T00:50:00+01:00,[60],[1.08]
2024-02-25T00:41:00+01:00,[60],[1.01]
2024-02-25T00:39:00+01:00,[60],[3.09]
2024-02-25T00:33:00+01:00,"[60,60,60,60,60]","[5.58,7.34,7.1,7.61,6.92]"
2024-02-24T23:06:00+01:00,[60],[0.84]
2024-02-24T22:15:00+01:00,[60],[3.46]
2024-02-24T21:19:10+01:00,[2],[3]
2024-02-24T21:19:00+01:00,[60],[2.24]
2024-02-24T03:09:00+01:00,"[60,60]","[5.59,3.53]"
2024-02-24T03:00:00+01:00,"[60,60,60]","[2.5,2.58,1.29]"
2024-02-24T02:55:00+01:00,[60],[1.21]
2024-02-24T02:32:00+01:00,"[60,60]","[6.29,5.17]"
2024-02-24T02:31:00+01:00,[60],[1.81]
2024-02-24T02:17:00+01:00,"[60,60,60,60,60,60,60,60]","[4.89,5.16,6.46,6.98,3.27,6.9,5.35,1.2]"
2024-02-24T02:13:00+01:00,"[60,60]","[1.46,0.6]"
2024-02-24T02:09:00+01:00,[60],[1.11]
2024-02-23T02:31:06+01:00,[2],[3]
2024-02-23T02:08:00+01:00,"[60,60]","[9.97,0.26]"
2024-02-23T00:49:00+01:00,[60],[0.17]
2024-02-23T00:17:00+01:00,[60],[1.92]
2024-02-22T23:39:00+01:00,[60],[1.25]
2024-02-22T22:41:00+01:00,[60],[2.009]
2024-02-22T21:54:00+01:00,[60],[1.17]
2024-02-22T21:46:00+01:00,"[60,60]","[4.01,2.67]"
2024-02-22T17:25:56+01:00,[458],[6]
2024-02-22T17:36:00+01:00,[60],[1.16]
2024-02-22T17:33:00+01:00,[60],[1.5]
2024-02-22T17:31:00+01:00,[60],[1.25]
2024-02-22T17:29:00+01:00,[60],[1]
2024-02-22T17:09:00+01:00,[60],[1.91]
2024-02-22T17:06:00+01:00,[60],[1.5]
2024-02-22T16:15:00+01:00,[60],[0.25]
2024-02-22T16:12:00+01:00,[60],[3.06]
2024-02-22T16:01:00+01:00,[60],[1.54]
2024-02-22T01:18:00+01:00,[60],[1.03]
2024-02-22T01:13:00+01:00,"[60,60]","[2.31,6.26]"
2024-02-22T00:50:00+01:00,[60],[2.23]
2024-02-22T00:41:00+01:00,[60],[3.09]
2024-02-22T00:37:00+01:00,[60],[1.8]
2024-02-22T00:34:00+01:00,[60],[0.25]
2024-02-22T00:32:00+01:00,[60],[0.09]
2024-02-22T00:23:00+01:00,"[60,60,60,60]","[4.03,4.28,5.05,7.47]"
2024-02-22T00:11:00+01:00,"[60,60]","[1.37,3.58]"
2024-02-21T23:50:00+01:00,[60],[1.62]
2024-02-21T02:52:00+01:00,[60],[3.09]
2024-02-21T02:29:00+01:00,[60],[1.22]
2024-02-21T02:15:00+01:00,[60],[1.05]
2024-02-21T02:03:00+01:00,[60],[1.31]
2024-02-21T02:00:00+01:00,[60],[1.66]
2024-02-21T01:06:00+01:00,[60],[1.65]
2024-02-21T01:01:00+01:00,[60],[1.74]
2024-02-21T00:52:00+01:00,[60],[11.24]
2024-02-21T00:36:00+01:00,[60],[4.46]
2024-02-20T01:54:00+01:00,[60],[2.92]
2024-02-20T01:51:00+01:00,[60],[3.01]
2024-02-19T23:55:00+01:00,[60],[0.43]
2024-02-19T23:50:00+01:00,[60],[3.35]
2024-02-19T23:48:00+01:00,[60],[4.21]
2024-02-19T01:58:00+01:00,[60],[2.76]
2024-02-19T01:46:00+01:00,[60],[2.75]
2024-02-19T00:32:00+01:00,[60],[1.92]
2024-02-19T00:01:00+01:00,[60],[1.34]
2024-02-18T23:41:00+01:00,[60],[1.92]
2024-02-18T23:27:00+01:00,"[60,60,60]","[1.92,7.08,2.08]"
2024-02-18T23:12:00+01:00,[60],[1]
2024-02-18T22:12:00+01:00,[60],[2.58]
2024-02-18T22:03:00+01:00,"[60,60]","[1.59,0.51]"
2024-02-18T02:30:00+01:00,"[60,60]","[3.85,0.5]"
2024-02-18T01:09:00+01:00,[60],[1.54]
2024-02-18T00:12:00+01:00,[60],[0.84]
2024-02-17T23:34:00+01:00,"[60,60]","[0.84,0.25]"
2024-02-17T23:33:00+01:00,[60],[4.72]
2024-02-17T22:59:00+01:00,[60],[1.18]
2024-02-17T22:52:00+01:00,[60],[1.43]
2024-02-17T22:49:00+01:00,"[60,60]","[1.6,1.52]"
2024-02-17T22:46:00+01:00,"[60,60]","[1.93,2.94]"
2024-02-17T22:42:00+01:00,"[60,60]","[1.01,1.52]"
2024-02-17T22:26:00+01:00,[60],[3.19]
2024-02-17T22:22:00+01:00,[60],[2.78]
2024-02-17T21:04:00+01:00,"[60,60]","[4.29,0.09]"
2024-02-17T02:49:58+01:00,[2],[3]
2024-02-16T03:45:29+01:00,[2],[3]
2024-02-16T02:24:38+01:00,[22],[6]
2024-02-15T00:58:45+01:00,[147],[9]
2024-02-14T21:52:13+01:00,[2],[3]
2024-02-13T05:45:00+01:00,[60],[3.09]
2024-02-13T05:32:00+01:00,[60],[0.26]
2024-02-13T05:20:06+01:00,[400],[3]
2024-02-13T04:01:00+01:00,[60],[8.28]
2024-02-13T04:01:38+01:00,[30],[9]
2024-02-13T01:45:43+01:00,[2],[3]
2024-02-13T01:31:00+01:00,"[60,60]","[3.18,0.34]"
2024-02-13T00:27:00+01:00,[60],[1.37]
2024-02-11T07:02:00+01:00,"[60,60]","[3.26,2.32]"
2024-02-11T02:37:00+01:00,[60],[1.66]
2024-02-10T02:27:00+01:00,[60],[4.39]
2024-02-10T01:16:00+01:00,[60],[1.93]
2024-02-10T00:46:00+01:00,[60],[0.93]
2024-02-10T00:10:00+01:00,[60],[2.44]
2024-02-09T22:45:00+01:00,[60],[1]
2024-02-09T22:33:00+01:00,[60],[0.67]
2024-02-09T22:01:00+01:00,"[60,60]","[3.01,3.36]"
2024-02-09T21:59:00+01:00,[60],[3.36]
2024-02-09T20:52:00+01:00,[60],[1.34]
2024-02-09T17:54:00+01:00,[60],[0.75]
2024-02-09T17:35:00+01:00,[60],[2.35]
2024-02-09T17:30:00+01:00,"[60,60]","[4.61,2.35]"
2024-02-09T17:21:00+01:00,[60],[3.01]
2024-02-09T17:11:00+01:00,[60],[0.83]
2024-02-09T17:08:00+01:00,"[60,60]","[1.17,2.76]"
2024-02-09T16:14:00+01:00,[60],[1.03]
2024-02-08T23:20:39+01:00,[2],[3]
2024-02-07T02:27:23+01:00,[2],[3]
2024-02-06T07:12:45+01:00,[2],[3]
2024-02-04T03:20:41+01:00,[2],[3]
2024-02-04T03:19:00+01:00,"[60,60]","[1.81,3.71]"
2024-02-04T02:02:00+01:00,[60],[1.67]
2024-02-04T01:54:00+01:00,[60],[1]
2024-02-04T00:42:00+01:00,"[60,60]","[1.51,0.33]"
2024-02-03T23:08:00+01:00,[60],[1.85]
2024-02-03T21:43:00+01:00,[60],[2.67]
2024-02-03T06:37:34+01:00,[2],[3]
2024-02-03T06:37:00+01:00,[61],[3.27]
2024-02-03T06:21:00+01:00,[60],[2.58]
2024-02-03T06:15:00+01:00,"[60,60]","[12.48,15.51]"
2024-02-03T06:08:00+01:00,"[60,60,60]","[8.61,2.05,0.94]"
2024-02-03T06:06:00+01:00,[60],[2.8]
2024-02-03T03:56:00+01:00,[60],[0.59]
2024-02-03T03:39:00+01:00,[60],[1.93]
2024-02-03T02:54:00+01:00,[60],[3.44]
2024-02-03T02:44:00+01:00,[60],[1.17]
2024-02-03T02:43:04+01:00,[17],[6]
2024-02-03T02:43:00+01:00,[60],[7.21]
2024-02-03T02:41:00+01:00,[60],[2.26]
2024-02-03T02:22:00+01:00,[60],[0.58]
2024-02-03T02:17:00+01:00,[60],[2.009]
2024-02-03T02:12:00+01:00,"[60,60,60,60]","[1.51,4.93,3.18,1.34]"
2024-02-03T02:04:00+01:00,[60],[1.08]
2024-02-03T02:01:00+01:00,"[60,60,60]","[2.08,7.52,5.09]"
2024-02-03T01:40:00+01:00,"[60,60]","[2.93,2.42]"
2024-02-03T01:32:00+01:00,"[60,60]","[0.5,0.58]"
2024-02-03T01:24:01+01:00,[59],[6.19]
2024-02-03T01:22:00+01:00,[60],[2.17]
2024-02-02T22:55:00+01:00,"[60,60]","[1.6,2.19]"
2024-02-02T22:40:00+01:00,[60],[2.11]
2024-02-02T22:37:00+01:00,"[60,60]","[0.67,2.1]"
2024-02-02T21:24:00+01:00,"[60,60]","[0.59,1.94]"
2024-02-02T20:59:00+01:00,"[60,60,60]","[1.77,0.42,1.43]"
2024-02-02T18:00:00+01:00,"[60,60,60]","[1.68,2.53,0.42]"
2024-02-02T17:12:00+01:00,[60],[2.43]
2024-02-02T02:27:18+01:00,[2],[3]
2024-02-02T02:07:54+01:00,[12],[3]
2024-02-02T02:26:00+01:00,"[60,60]","[1.39,5.2]"
2024-02-02T02:04:00+01:00,[60],[3.36]
2024-02-02T02:00:00+01:00,[60],[2.07]
2024-02-02T01:16:00+01:00,[60],[2.36]
2024-02-02T01:14:00+01:00,[60],[1.6]
2024-02-02T00:46:00+01:00,[60],[1.94]
2024-02-02T00:45:00+01:00,[60],[8.26]
2024-02-02T00:43:00+01:00,[60],[2.02]
2024-02-02T00:19:00+01:00,[60],[0.84]
2024-02-01T22:46:00+01:00,[60],[0.51]
2024-02-01T22:43:00+01:00,"[60,60]","[3.73,2.28]"
2024-02-01T22:10:00+01:00,[60],[1.69]
2024-02-01T22:05:00+01:00,[60],[1.61]
2024-02-01T22:02:00+01:00,"[60,60]","[2.12,0.17]"
2024-02-01T21:50:00+01:00,"[60,60]","[2.87,0.17]"
2024-02-01T21:47:00+01:00,[60],[2.02]
2024-02-01T17:44:00+01:00,"[60,60]","[2.11,0.26]"
2024-02-01T17:30:00+01:00,[60],[1.35]
2024-02-01T17:21:48+01:00,[2],[3]
2024-02-01T17:08:00+01:00,[60],[0.09]
2024-02-01T17:04:00+01:00,"[60,60]","[2.11,1.77]"
2024-02-01T16:16:00+01:00,[60],[0.69]
2024-02-01T04:06:27+01:00,[112],[3]
2024-02-01T04:17:00+01:00,[60],[3.54]
2024-02-01T02:48:00+01:00,[60],[0.17]
2024-01-31T01:31:37+01:00,[2],[3]
2024-01-31T01:20:08+01:00,[2],[3]
2024-01-30T05:59:02+01:00,[2],[3]
2024-01-30T05:58:00+01:00,[60],[3.35]
2024-01-30T04:03:00+01:00,"[60,60,60]","[1.67,3.52,0.08]"
2024-01-30T03:14:00+01:00,[60],[1.09]
2024-01-30T02:02:00+01:00,[60],[1.42]
2024-01-30T01:53:29+01:00,[2],[3]
2024-01-30T00:14:00+01:00,[60],[0.17]
2024-01-30T00:12:00+01:00,[60],[2.05]
2024-01-29T03:39:14+01:00,[2],[3]
2024-01-28T01:46:05+01:00,[2],[3]
2024-01-28T01:46:00+01:00,[60],[2.06]
2024-01-28T01:34:00+01:00,"[60,60]","[1.88,1.54]"
2024-01-28T01:22:00+01:00,"[60,60]","[1.96,1.45]"
2024-01-28T00:53:00+01:00,[60],[2.92]
2024-01-27T08:17:00+01:00,[60],[3.76]
2024-01-27T07:39:00+01:00,[60],[4.42]
2024-01-27T06:10:00+01:00,[60],[2.07]
2024-01-27T05:04:00+01:00,[60],[1.9]
2024-01-27T04:41:00+01:00,[60],[2.25]
2024-01-27T04:30:00+01:00,[60],[1.33]
2024-01-27T04:12:00+01:00,[60],[1.08]
2024-01-27T03:30:00+01:00,[60],[0.25]
2024-01-27T03:13:00+01:00,[60],[1.34]
2024-01-27T02:51:00+01:00,[60],[3.9]
2024-01-27T02:37:00+01:00,[60],[1.42]
2024-01-26T02:40:00+01:00,[60],[2.4]
2024-01-26T02:39:00+01:00,[60],[3.78]
2024-01-26T00:47:00+01:00,[60],[0.08]
2024-01-26T00:44:00+01:00,[60],[1.26]
2024-01-26T00:18:00+01:00,[60],[1.76]
2024-01-25T23:45:00+01:00,[60],[0.67]
2024-01-25T23:02:00+01:00,[60],[0.67]
2024-01-25T23:00:00+01:00,[60],[1.92]
2024-01-25T22:30:00+01:00,[60],[2.09]
2024-01-25T22:17:00+01:00,[60],[0.75]
2024-01-25T22:12:00+01:00,"[60,60]","[2.17,1.68]"
2024-01-25T21:49:00+01:00,[60],[5.68]
2024-01-25T20:39:03+01:00,[2],[3]
2024-01-25T17:35:00+01:00,[60],[1.76]
2024-01-25T17:22:00+01:00,[60],[0.83]
2024-01-25T17:08:00+01:00,"[60,60]","[2.75,1.41]"
2024-01-25T17:06:00+01:00,[60],[3.84]
2024-01-25T16:12:00+01:00,"[60,60]","[0.94,2.39]"
2024-01-25T16:02:00+01:00,[60],[1.89]
2024-01-25T05:47:00+01:00,[60],[2.92]
2024-01-25T00:51:19+01:00,[35],[3]
2024-01-25T00:51:00+01:00,[60],[4.03]
2024-01-24T23:17:00+01:00,[60],[1.4]
2024-01-24T06:42:00+01:00,[60],[1.89]
2024-01-24T06:24:00+01:00,[60],[0.34]
2024-01-24T04:04:00+01:00,[60],[0.17]
2024-01-24T03:50:00+01:00,[60],[2.44]
2024-01-24T01:01:25+01:00,[2],[3]
2024-01-24T01:00:00+01:00,"[60,60]","[2.24,3.62]"
2024-01-24T00:57:00+01:00,"[60,60]","[3.11,2.24]"
2024-01-24T00:44:00+01:00,"[60,60,60,60,60,60]","[2.5,1.72,4.74,4.65,4.82,3.45]"
2024-01-24T00:36:00+01:00,"[60,60,60]","[3.62,5.68,1.29]"
2024-01-23T00:43:43+01:00,[2],[3]
2024-01-23T00:43:00+01:00,[60],[3.12]
2024-01-22T23:23:00+01:00,[60],[3.07]
2024-01-21T05:22:00+01:00,[60],[2.59]
2024-01-21T03:37:00+01:00,[60],[1.34]
2024-01-21T03:10:00+01:00,[60],[1.34]
2024-01-21T01:41:00+01:00,"[60,60]","[2.44,0.83]"
2024-01-20T06:41:33+01:00,[2],[3]
2024-01-20T05:53:00+01:00,[60],[0.25]
2024-01-20T05:28:00+01:00,[60],[0.33]
2024-01-20T03:46:00+01:00,[60],[2.74]
2024-01-20T03:35:00+01:00,[60],[1.37]
2024-01-19T23:58:53+01:00,[2],[3]
2024-01-19T23:55:00+01:00,"[60,60,60,60]","[1.98,2.67,1.47,3.37]"
2024-01-19T23:51:00+01:00,[60],[2.33]
2024-01-19T23:34:00+01:00,"[60,60,60,60,60,60]","[3.36,6.88,3.53,2.67,5.6,1.55]"
2024-01-19T23:20:00+01:00,[60],[1.63]
2024-01-19T03:19:00+01:00,[60],[4.3]
2024-01-19T03:06:00+01:00,[60],[1.63]
2024-01-19T03:02:00+01:00,[60],[2.66]
2024-01-19T02:06:00+01:00,[60],[3.44]
2024-01-19T02:03:00+01:00,[60],[3.87]
2024-01-18T01:21:12+01:00,[2],[3]
2024-01-17T23:32:00+01:00,[60],[1.23]
2024-01-17T22:59:00+01:00,[60],[1.05]
2024-01-15T05:15:00+01:00,[60],[1.63]
2024-01-15T00:11:00+01:00,[60],[1.29]
2024-01-15T00:00:00+01:00,[60],[1.44]
2024-01-14T23:58:00+01:00,[60],[7.48]
2024-01-14T21:17:00+01:00,[60],[1.59]
2024-01-14T03:16:00+01:00,"[60,60]","[6.19,5.41]"
2024-01-14T03:11:00+01:00,[60],[1.11]
2024-01-14T02:39:00+01:00,"[60,60,60,60,60]","[4.81,4.12,4.8,4.47,3.35]"
2024-01-14T02:29:00+01:00,"[60,60,60]","[7.63,4.04,1.11]"
2024-01-14T02:15:00+01:00,"[60,60,60]","[3.87,1.55,0.77]"
2024-01-12T06:32:19+01:00,[2],[3]
2024-01-12T06:17:00+01:00,[60],[1.31]
2024-01-12T06:09:00+01:00,[60],[0.26]
2024-01-12T05:57:00+01:00,[60],[2.18]
2024-01-12T04:41:00+01:00,[60],[0.43]
2024-01-10T23:11:00+01:00,"[60,60,60,60]","[3.01,2.85,2.16,4.66]"
2024-01-10T23:06:00+01:00,"[60,60,60]","[1.46,0.17,3.71]"
2024-01-10T23:04:00+01:00,[60],[1.64]
2024-01-10T22:57:00+01:00,"[60,60]","[1.81,1.63]"
2024-01-10T22:53:00+01:00,"[60,60,60]","[1.8,0.52,1.55]"
2024-01-10T22:38:00+01:00,"[60,60]","[1.29,1.55]"
2024-01-10T01:14:00+01:00,"[60,60]","[1.98,3.87]"
2024-01-10T00:34:00+01:00,[60],[1.57]
2024-01-09T22:45:00+01:00,[60],[2.15]
2024-01-08T21:26:00+01:00,[60],[4.019]
2024-01-08T20:51:00+01:00,[60],[0.43]
2024-01-08T20:45:00+01:00,[60],[1.62]
2024-01-08T18:58:00+01:00,[60],[1.76]
2024-01-08T18:47:00+01:00,"[60,60]","[1.32,0.18]"
2024-01-08T08:24:00+01:00,"[60,60,60]","[1.42,1.42,1.68]"
2024-01-08T08:22:00+01:00,[60],[2.84]
2024-01-08T03:53:00+01:00,[60],[8.77]
2024-01-08T00:06:00+01:00,[60],[2.48]
2024-01-07T23:49:00+01:00,[60],[1.55]
2024-01-07T23:15:00+01:00,"[60,60]","[0.6,1.81]"
2024-01-07T22:44:00+01:00,[60],[1.8]
2024-01-07T06:02:29+01:00,[2],[3]
2024-01-06T22:11:25+01:00,[2],[3]
2024-01-06T19:02:24+01:00,[2],[3]
2024-01-06T04:38:36+01:00,[2],[3]
2024-01-06T01:17:00+01:00,"[60,60,60]","[2.37,0.09,2.04]"
2024-01-05T20:13:00+01:00,[60],[0.84]
2024-01-05T20:10:00+01:00,"[60,60]","[2.009,2.84]"
2024-01-05T18:37:34+01:00,[2],[3]
2024-01-05T03:50:57+01:00,[2],[3]
2024-01-04T23:54:45+01:00,[2],[3]
2024-01-04T23:54:00+01:00,[60],[1.78]
2024-01-04T23:35:00+01:00,[60],[2.71]
2024-01-04T23:11:00+01:00,[60],[1.78]
2024-01-04T21:20:00+01:00,"[60,60]","[2.47,1.44]"
2024-01-04T18:22:53+01:00,[2],[3]
2024-01-03T04:02:07+01:00,[2],[3]
2024-01-02T22:23:32+01:00,[7],[3]
2024-01-02T02:51:23+01:00,[2],[3]
2024-01-01T18:46:58+01:00,[2],[3]
2024-01-01T05:03:25+01:00,[2],[3]
2024-01-01T01:14:00+01:00,"[60,60]","[1.11,1.54]"
2024-01-01T00:51:00+01:00,[60],[2.22]
2024-01-01T00:05:00+01:00,[60],[0.08]
2023-12-31T23:50:00+01:00,[60],[1.53]
2023-12-31T23:48:00+01:00,[60],[3.4]
2023-12-31T22:52:00+01:00,[60],[1.28]
2023-12-31T22:09:00+01:00,[60],[1.19]
2023-12-31T21:42:00+01:00,[60],[1.44]
2023-12-31T21:08:00+01:00,[60],[2.39]
2023-12-31T18:10:01+01:00,[2],[3]
2023-12-31T04:05:42+01:00,[2],[3]
2023-12-30T19:54:09+01:00,[2],[3]
2023-12-29T22:00:42+01:00,[2],[3]
2023-12-29T20:17:11+01:00,[2],[3]
2023-12-28T19:53:16+01:00,[5],[3]
2023-12-28T04:17:08+01:00,[2],[3]
2023-12-27T05:33:00+01:00,[60],[0.85]
2023-12-27T04:08:00+01:00,[60],[2.21]
2023-12-27T04:05:00+01:00,[60],[1.36]
2023-12-27T02:07:08+01:00,[2],[3]
2023-12-27T01:29:00+01:00,"[60,60]","[1.19,1.95]"
2023-12-26T21:28:00+01:00,[60],[2.2]
2023-12-26T21:07:00+01:00,[60],[1.27]
2023-12-26T20:30:00+01:00,[60],[3.16]
2023-12-26T03:09:35+01:00,[2],[3]
2023-12-25T23:10:23+01:00,[2],[3]
2023-12-25T20:32:26+01:00,[2],[3]
2023-12-24T22:29:13+01:00,[2],[3]
2023-12-24T21:18:16+01:00,[893],[3]
2023-12-23T22:30:22+01:00,[11852],[3]
2023-12-23T22:07:05+01:00,[7],[3]
2023-12-23T04:33:38+01:00,[2],[3]
2023-12-23T04:09:00+01:00,[60],[0.59]
2023-12-23T03:45:00+01:00,[60],[3.04]
2023-12-23T02:20:00+01:00,[60],[4.65]
2023-12-22T06:57:35+01:00,[2],[3]
2023-12-21T20:28:13+01:00,[2],[3]
2023-12-21T18:27:13+01:00,[2],[3]
2023-12-21T05:45:03+01:00,[2],[3]
2023-12-21T00:15:47+01:00,[61],[3]
2023-12-20T22:00:43+01:00,[2],[3]
2023-12-20T17:22:45+01:00,[2],[3]
2023-12-20T04:31:57+01:00,[2],[3]
2023-12-20T03:58:00+01:00,[60],[1.78]
2023-12-20T03:07:00+01:00,[60],[2.57]
2023-12-20T00:50:00+01:00,"[60,60]","[2.25,0.42]"
2023-12-19T22:53:00+01:00,[60],[1.25]
2023-12-19T22:41:00+01:00,[60],[1]
2023-12-19T22:36:00+01:00,[60],[1.33]
2023-12-19T21:57:00+01:00,[60],[3.83]
2023-12-19T18:50:25+01:00,[2],[3]
2023-12-19T05:06:08+01:00,[2],[3]
2023-12-18T21:46:00+01:00,[60],[1.49]
2023-12-18T21:44:00+01:00,[60],[1.05]
2023-12-18T21:19:00+01:00,[60],[1.39]
2023-12-18T21:00:00+01:00,[60],[2.27]
2023-12-18T20:57:00+01:00,[60],[2]
2023-12-18T18:02:00+01:00,[60],[1.05]
2023-12-18T05:13:02+01:00,[2],[3]
2023-12-18T03:16:49+01:00,[2],[3]
2023-12-18T02:41:00+01:00,[60],[1.12]
2023-12-18T02:13:00+01:00,[60],[1.87]
2023-12-18T01:33:00+01:00,"[60,60]","[5.63,2.48]"
2023-12-18T01:19:00+01:00,[60],[2.66]
2023-12-18T01:07:00+01:00,[60],[3.96]
2023-12-17T20:30:43+01:00,[2],[3]
2023-12-17T05:15:11+01:00,[2],[3]
2023-12-17T03:45:04+01:00,[2],[3]
2023-12-16T21:51:43+01:00,[2],[3]
2023-12-16T21:28:38+01:00,[2],[3]
2023-12-16T21:51:00+01:00,[60],[2.8]
2023-12-16T21:28:00+01:00,"[60,60]","[2.029,1.61]"
2023-12-16T21:18:00+01:00,[60],[2.45]
2023-12-16T21:07:00+01:00,[60],[1.01]
2023-12-16T19:14:00+01:00,[60],[3.03]
2023-12-16T03:13:15+01:00,[76],[3]
2023-12-16T00:45:00+01:00,"[60,60]","[6.75,1.43]"
2023-12-16T00:23:00+01:00,[61],[1.6]
2023-12-16T00:11:00+01:00,"[60,60,60]","[2.62,1.77,5.32]"
2023-12-15T23:45:00+01:00,[60],[1.28]
2023-12-16T01:27:21+01:00,[2],[3]
2023-12-16T00:45:42+01:00,[15],[6]
2023-12-16T00:13:36+01:00,[20],[6]
2023-12-15T22:59:06+01:00,[2],[3]
2023-12-15T03:28:58+01:00,[2],[3]
2023-12-15T00:17:54+01:00,[7],[3]
2023-12-15T00:17:00+01:00,"[60,60]","[5,1.27]"
2023-12-14T21:39:00+01:00,[60],[1.68]
2023-12-14T21:19:00+01:00,[60],[2.35]
2023-12-14T21:14:00+01:00,[60],[2.009]
2023-12-14T21:00:00+01:00,[60],[1.08]
2023-12-14T16:51:20+01:00,[2],[3]
2023-12-14T18:53:00+01:00,[60],[1.37]
2023-12-14T16:39:01+01:00,[59],[2.34]
2023-12-14T13:12:00+01:00,[60],[0.86]
2023-12-14T10:49:00+01:00,[61],[1.46]
2023-12-14T00:32:17+01:00,[2],[3]
2023-12-13T05:23:10+01:00,[2],[3]
2023-12-13T05:23:00+01:00,[60],[2.76]
2023-12-13T05:09:00+01:00,[60],[3.01]
2023-12-13T01:20:00+01:00,[60],[1.6]
2023-12-13T00:18:00+01:00,[60],[1.47]
2023-12-11T06:33:00+01:00,[60],[3.95]
2023-12-11T05:05:00+01:00,[60],[1.46]
2023-12-11T05:03:00+01:00,[60],[2.24]
2023-12-10T03:32:53+01:00,[12],[3]
2023-12-10T03:32:00+01:00,[60],[2.56]
2023-12-10T03:12:00+01:00,[60],[2.05]
2023-12-10T00:53:00+01:00,[60],[1.13]
2023-12-10T00:47:00+01:00,[60],[2.86]
2023-12-09T05:01:02+01:00,[22],[3]
2023-12-08T22:52:00+01:00,[60],[6.33]
2023-12-08T02:53:23+01:00,[2],[3]
2023-12-08T02:12:22+01:00,[2],[3]
2023-12-07T03:20:00+01:00,[60],[2.49]
2023-12-07T00:30:00+01:00,[60],[1.18]
2023-12-06T04:18:00+01:00,[60],[3.78]
2023-12-05T20:14:00+01:00,[60],[1.42]
2023-12-05T20:11:00+01:00,[60],[1.68]
2023-12-05T17:31:00+01:00,[60],[1.09]
2023-12-05T17:07:00+01:00,[60],[2.17]
2023-12-05T01:48:00+01:00,[60],[2.58]
2023-12-05T01:03:00+01:00,[60],[2.26]
2023-12-05T01:48:00+01:00,[60],[2.58]
2023-12-05T01:03:00+01:00,[60],[2.26]
2023-12-03T06:12:52+01:00,[45],[3]
2023-12-03T05:04:00+01:00,[60],[3.35]
2023-12-03T05:02:00+01:00,[60],[5.02]
2023-12-03T05:04:00+01:00,[60],[3.35]
2023-12-03T05:02:00+01:00,[60],[5.02]
2023-12-03T03:53:00+01:00,[60],[1.33]
2023-12-03T02:47:00+01:00,[60],[1.17]
2023-12-03T01:21:00+01:00,[60],[0.83]
2023-12-03T01:13:00+01:00,[60],[1.33]
2023-12-03T03:53:00+01:00,[60],[1.33]
2023-12-03T02:47:00+01:00,[60],[1.17]
2023-12-03T01:21:00+01:00,[60],[0.83]
2023-12-03T01:13:00+01:00,[60],[1.33]
2023-12-02T01:57:14+01:00,[2],[3]
2023-12-02T01:56:00+01:00,[60],[1.46]
2023-12-02T00:22:01+01:00,"[59,60]","[3.59,1.96]"
2023-12-01T05:53:00+01:00,[60],[0.86]
2023-12-01T03:56:00+01:00,[60],[0.92]
2023-12-01T02:31:00+01:00,[60],[0.59]
2023-12-01T00:22:00+01:00,[60],[5.41]
2023-11-29T05:54:00+01:00,[60],[3.1]
2023-11-29T03:59:00+01:00,[60],[2.09]
2023-11-29T01:01:00+01:00,[60],[3.94]
2023-11-29T00:15:00+01:00,"[60,60]","[2.15,1.54]"
2023-11-28T00:57:01+01:00,[2],[3]
2023-11-28T00:56:00+01:00,[60],[5.33]
2023-11-28T00:39:00+01:00,[60],[2.1]
2023-11-28T00:32:00+01:00,[60],[1.13]
2023-11-28T00:06:00+01:00,[60],[1.39]
2023-11-27T00:09:32+01:00,[2],[3]
2023-11-27T00:09:00+01:00,[60],[3.71]
2023-11-26T22:04:00+01:00,[60],[2.18]
2023-11-25T23:16:14+01:00,[17],[3]
2023-11-25T23:16:00+01:00,[60],[2.75]
2023-11-25T23:00:00+01:00,[60],[2.27]
2023-11-25T21:05:00+01:00,[60],[6.31]
2023-11-25T01:36:22+01:00,[2],[3]
2023-11-25T01:36:00+01:00,[60],[3.63]
2023-11-24T05:25:00+01:00,[60],[2.08]
2023-11-24T05:03:00+01:00,[60],[1.99]
2023-11-24T04:56:00+01:00,"[60,60]","[4.93,0.95]"
2023-11-24T04:53:00+01:00,[60],[1.03]
2023-11-24T02:39:00+01:00,[60],[3.87]
2023-11-24T02:27:00+01:00,[60],[0.94]
2023-11-24T02:01:00+01:00,"[60,61]","[2.86,1.35]"
2023-11-24T01:53:00+01:00,[60],[1.01]
2023-11-24T01:41:00+01:00,[60],[1.94]
2023-11-24T01:04:00+01:00,[60],[5.02]
2023-11-24T00:28:00+01:00,[60],[1.02]
2023-11-23T23:59:00+01:00,[60],[1.78]
2023-11-23T23:45:00+01:00,[60],[1.37]
2023-11-23T23:40:00+01:00,[60],[4.18]
2023-11-23T23:08:00+01:00,[60],[2.11]
2023-11-23T21:50:00+01:00,[60],[1.44]
2023-11-23T21:21:00+01:00,[60],[1.94]
2023-11-23T21:06:00+01:00,[60],[2.44]
2023-11-23T21:01:00+01:00,[60],[1.34]
2023-11-23T20:40:00+01:00,[60],[1.85]
2023-11-23T20:37:00+01:00,[60],[2.18]
2023-11-23T20:15:00+01:00,[60],[1.43]
2023-11-23T19:04:00+01:00,[60],[5.37]
2023-11-23T19:01:00+01:00,[60],[8.72]
2023-11-23T18:18:00+01:00,[60],[1.34]
2023-11-23T17:24:00+01:00,[60],[1.26]
2023-11-23T16:12:00+01:00,[60],[2.009]
2023-11-23T16:08:00+01:00,[60],[4.79]
2023-11-23T03:34:00+01:00,[60],[0.84]
2023-11-22T23:19:59+01:00,[2],[3]
2023-11-23T01:38:00+01:00,[60],[3.53]
2023-11-23T01:31:00+01:00,[60],[1.42]
2023-11-23T00:44:00+01:00,"[60,60]","[2.26,2.59]"
2023-11-23T00:29:00+01:00,"[60,60]","[3.44,2.09]"
2023-11-23T00:00:00+01:00,[60],[1.17]
2023-11-22T23:19:00+01:00,"[60,60]","[3.59,2.91]"
2023-11-22T23:16:00+01:00,"[60,60]","[3,0.58]"
2023-11-22T23:06:00+01:00,[60],[1.25]
2023-11-22T22:25:00+01:00,[60],[2.17]
2023-11-22T22:21:00+01:00,"[60,60]","[6.17,0.91]"
2023-11-22T22:19:00+01:00,[60],[2.91]
2023-11-22T22:17:00+01:00,[60],[2.16]
2023-11-22T22:02:00+01:00,[60],[5.09]
2023-11-22T21:52:00+01:00,[60],[2.81]
2023-11-22T20:55:00+01:00,[60],[1.02]
2023-11-22T20:22:00+01:00,[60],[1.28]
2023-11-22T20:17:00+01:00,[60],[0.08]
2023-11-22T20:11:00+01:00,[60],[7.15]
2023-11-21T05:23:21+01:00,[2],[3]
2023-11-21T04:42:01+01:00,"[59,60]","[1.47,0.78]"
2023-11-21T04:09:00+01:00,[61],[1.62]
2023-11-21T04:03:00+01:00,[60],[1.62]
2023-11-21T03:29:00+01:00,"[60,60]","[2.65,1.71]"
2023-11-20T00:45:41+01:00,[2],[3]
2023-11-19T05:51:02+01:00,[2],[3]
2023-11-19T05:50:00+01:00,[60],[3.53]
2023-11-19T02:45:00+01:00,"[60,60]","[6.04,3.12]"
2023-11-19T02:40:00+01:00,[60],[1.68]
2023-11-19T02:35:00+01:00,[60],[1.17]
2023-11-19T02:11:00+01:00,[60],[5.17]
2023-11-19T01:57:00+01:00,"[60,60,60]","[5,5.48,3]"
2023-11-19T01:41:00+01:00,[60],[0.83]
2023-11-19T00:20:00+01:00,"[60,60,60,60]","[2.42,4.08,1.91,1.67]"
2023-11-19T00:12:00+01:00,[60],[1.75]
2023-11-18T23:48:00+01:00,[60],[2]
2023-11-18T23:45:00+01:00,[60],[0.33]
2023-11-18T23:44:00+01:00,[60],[6.24]
2023-11-18T23:37:00+01:00,[60],[1.84]
2023-11-18T23:10:00+01:00,[60],[1.6]
2023-11-18T21:12:00+01:00,[60],[7.11]
2023-11-18T21:03:00+01:00,[60],[0.76]
2023-11-18T20:16:00+01:00,"[60,60]","[0.87,5.93]"
2023-11-18T20:10:00+01:00,[60],[1.73]
2023-11-18T20:04:00+01:00,[60],[1.65]
2023-11-17T05:26:00+01:00,[60],[3.61]
2023-11-17T00:55:00+01:00,"[60,60]","[1.42,0.51]"
2023-11-17T00:18:00+01:00,[61],[0.08]
2023-11-15T04:26:00+01:00,[60],[2.93]
2023-11-15T04:02:00+01:00,[60],[1.54]
2023-11-15T03:58:46+01:00,[2],[3]
2023-11-15T03:19:00+01:00,[60],[0.75]
2023-11-15T03:07:00+01:00,"[60,60]","[8.55,0.92]"
2023-11-15T02:37:00+01:00,"[60,60]","[0.51,1.17]"
2023-11-15T00:56:00+01:00,"[60,60]","[1.94,0.92]"
2023-11-14T21:46:22+01:00,[2],[3]
2023-11-14T21:21:00+01:00,[60],[1.6]
2023-11-14T19:22:00+01:00,[60],[1.01]
2023-11-14T17:16:00+01:00,"[60,60]","[0.58,1.92]"
2023-11-14T16:10:00+01:00,"[60,60]","[1.96,1.63]"
2023-11-14T16:01:00+01:00,[60],[0.26]
2023-11-13T04:57:03+01:00,[2],[3]
2023-11-13T04:56:00+01:00,[60],[1.73]
2023-11-13T03:14:00+01:00,[60],[1.86]
2023-11-13T03:02:00+01:00,[60],[0.17]
2023-11-13T02:06:00+01:00,[60],[1.27]
2023-11-12T23:56:00+01:00,[60],[1.78]
2023-11-12T05:52:00+01:00,[60],[2.75]
2023-11-12T02:48:00+01:00,[60],[1.31]
2023-11-11T04:26:00+01:00,[60],[3.09]
2023-11-10T05:31:00+01:00,[60],[2.32]
2023-11-10T02:28:00+01:00,[60],[1.51]
2023-11-10T00:55:00+01:00,[60],[1.17]
2023-11-10T00:51:00+01:00,[60],[1.76]
2023-11-09T02:29:00+01:00,"[60,60]","[1.46,1.54]"
2023-11-09T02:06:00+01:00,[60],[4.19]
2023-11-09T00:08:00+01:00,[60],[1.85]
2023-11-08T21:24:00+01:00,[60],[1.68]
2023-11-08T21:15:00+01:00,[60],[1.68]
2023-11-08T20:51:00+01:00,[61],[1.17]
2023-11-08T17:33:00+01:00,[60],[1.09]
2023-11-08T17:09:00+01:00,[60],[0.08]
2023-11-08T16:15:00+01:00,[60],[2.13]
2023-11-08T16:12:00+01:00,[60],[3.25]
2023-11-08T05:52:00+01:00,[60],[1.38]
2023-11-08T05:48:00+01:00,[60],[0.52]
2023-11-08T03:47:00+01:00,[60],[1.18]
2023-11-08T03:37:00+01:00,[60],[0.59]
2023-11-08T00:40:00+01:00,[60],[0.34]
2023-11-06T23:05:00+01:00,"[60,60]","[5.52,3.54]"
2023-11-06T22:56:00+01:00,"[60,60,60,60,60]","[2.41,3.62,1.55,1.9,1.29]"
2023-11-06T22:27:00+01:00,"[60,60]","[1.64,0.17]"
2023-11-06T05:07:50+01:00,[2],[3]
2023-11-06T04:24:00+01:00,[60],[4.28]
2023-11-06T04:19:00+01:00,[60],[0.59]
2023-11-06T03:34:00+01:00,[60],[1.54]
2023-11-06T03:15:00+01:00,[60],[3.08]
2023-11-06T00:29:00+01:00,[60],[0.86]
2023-11-04T22:08:00+01:00,[2],[3]
2023-11-04T20:29:17+01:00,[2],[3]
2023-11-02T21:40:43+01:00,[2],[3]
2023-11-02T01:49:31+01:00,[145],[6]
2023-11-01T17:52:21+01:00,[2],[3]
2023-11-01T03:59:08+01:00,[2],[3]
2023-11-01T02:56:36+01:00,[2],[3]
2023-11-01T01:38:31+01:00,[20],[6]
2023-10-31T00:43:48+01:00,[2],[3]
2023-10-30T02:50:01+01:00,"[59,60]","[4.55,4.91]"
2023-10-30T02:28:00+01:00,[60],[1.81]
2023-10-30T02:24:00+01:00,[60],[1.8]
2023-10-30T02:14:00+01:00,"[60,60,60,60,60,60]","[2.83,1.8,4.55,3.86,4.2,1.8]"
2023-10-30T01:52:00+01:00,[60],[0.6]
2023-10-29T05:20:00+01:00,[60],[2.5]
2023-10-29T04:36:00+01:00,[60],[1.26]
2023-10-29T04:15:00+01:00,[60],[1.17]
2023-10-29T02:46:00+01:00,[60],[7.69]
2023-10-29T02:26:00+02:00,[60],[1.27]
2023-10-29T01:57:00+02:00,"[60,60]","[2.51,3.59]"
2023-10-29T01:36:00+02:00,[60],[1.5]
2023-10-29T00:33:00+02:00,[60],[1.5]
2023-10-29T00:17:00+02:00,[60],[0.76]
2023-10-29T00:09:00+02:00,"[60,60]","[1.25,0.42]"
2023-10-29T00:01:00+02:00,"[60,60,60]","[2.17,5.43,1.84]"
2023-10-28T23:42:00+02:00,"[60,60]","[1.43,3.27]"
2023-10-28T23:39:00+02:00,[60],[1.25]
2023-10-28T22:14:00+02:00,"[60,60]","[1.29,2.24]"
2023-10-28T22:08:00+02:00,[60],[1.29]
2023-10-28T06:15:00+02:00,[60],[0.95]
2023-10-28T04:59:00+02:00,[60],[2.5]
2023-10-28T04:51:00+02:00,[60],[4.14]
2023-10-28T04:48:00+02:00,[60],[2.6]
2023-10-28T04:45:00+02:00,[60],[2.33]
2023-10-28T05:14:02+02:00,[2],[3]
2023-10-28T04:27:56+02:00,[2],[3]
2023-10-27T03:32:18+02:00,[2],[3]
2023-10-26T23:57:00+02:00,[60],[8.44]
2023-10-26T02:07:17+02:00,[2],[3]
2023-10-26T02:29:00+02:00,[60],[3.27]
2023-10-26T01:52:00+02:00,[60],[2.12]
2023-10-26T01:20:00+02:00,"[60,60]","[1.92,0.51]"
2023-10-26T00:42:00+02:00,[60],[0.17]
2023-10-26T00:12:00+02:00,[60],[1.76]
2023-10-26T00:10:00+02:00,[60],[3.95]
2023-10-26T00:08:00+02:00,[60],[5.44]
2023-10-25T23:58:00+02:00,[60],[1.59]
2023-10-25T18:01:00+02:00,[60],[1.01]
2023-10-25T15:42:00+02:00,[60],[1.2]
2023-10-25T04:00:05+02:00,[2],[3]
2023-10-25T04:36:00+02:00,[60],[1.64]
2023-10-25T04:10:00+02:00,[60],[1.03]
2023-10-25T03:44:00+02:00,"[60,60]","[2.13,1.8]"
2023-10-25T03:32:00+02:00,[60],[0.51]
2023-10-24T21:46:00+02:00,[60],[1.61]
2023-10-24T19:43:00+02:00,[60],[3.03]
2023-10-24T17:09:38+02:00,[2],[3]
2023-10-22T05:31:33+02:00,[2],[3]
2023-10-22T05:22:00+02:00,[60],[1.64]
2023-10-22T05:18:00+02:00,[60],[0.43]
2023-10-22T05:16:00+02:00,[60],[0.94]
2023-10-22T02:15:00+02:00,[60],[2.41]
2023-10-22T02:13:00+02:00,[60],[1.72]
2023-10-22T02:08:00+02:00,[60],[2.15]
2023-10-22T02:04:00+02:00,[60],[1.38]
2023-10-22T01:29:00+02:00,[60],[1.12]
2023-10-22T00:42:00+02:00,"[60,60]","[4.04,5.76]"
2023-10-22T00:30:00+02:00,[60],[4.64]
2023-10-21T23:22:00+02:00,[60],[1.18]
2023-10-21T23:16:00+02:00,[60],[2.71]
2023-10-21T23:03:00+02:00,"[60,60]","[9.58,4.58]"
2023-10-21T23:00:00+02:00,[60],[4.32]
2023-10-21T22:56:01+02:00,[59],[1.52]
2023-10-21T22:54:00+02:00,[60],[2.2]
2023-10-21T22:50:00+02:00,[60],[4.059]
2023-10-21T21:40:00+02:00,[60],[1.27]
2023-10-21T20:42:00+02:00,[60],[0.09]
2023-10-20T06:05:00+02:00,[60],[2.5]
2023-10-20T02:28:00+02:00,[60],[2.02]
2023-10-20T02:23:00+02:00,[60],[0.25]
2023-10-20T00:44:00+02:00,"[60,60]","[2.27,1.69]"
2023-10-20T00:42:00+02:00,[60],[1.68]
2023-10-20T00:18:00+02:00,[60],[1.6]
2023-10-19T23:23:00+02:00,[60],[4.37]
2023-10-19T23:22:00+02:00,[60],[2.49]
2023-10-19T02:46:00+02:00,[61],[2.76]
2023-10-19T02:28:00+02:00,[60],[1.11]
2023-10-19T02:25:00+02:00,[60],[1.71]
2023-10-19T00:40:00+02:00,[60],[0.09]
2023-10-18T21:41:00+02:00,[60],[1.68]
2023-10-18T17:25:24+02:00,[2],[3]
2023-10-18T17:27:00+02:00,[60],[1.51]
2023-10-18T17:06:00+02:00,[60],[10.66]
2023-10-18T16:14:00+02:00,"[60,60]","[11.4,1.2]"
2023-10-18T04:38:00+02:00,[60],[3.63]
2023-10-18T04:09:00+02:00,[60],[0.77]
2023-10-18T04:22:44+02:00,[211],[3]
2023-10-18T04:07:17+02:00,[2],[3]
2023-10-18T03:31:00+02:00,[60],[11.37]
2023-10-18T00:46:00+02:00,[60],[1.17]
2023-10-17T22:20:00+02:00,[60],[1.77]
2023-10-17T19:57:00+02:00,"[60,60]","[2.11,1.09]"
2023-10-17T17:07:00+02:00,[60],[0.25]
2023-10-17T16:14:00+02:00,"[60,60]","[3.77,0.17]"
2023-10-16T23:22:00+02:00,[60],[2.76]
2023-10-16T22:52:00+02:00,[60],[0.94]
2023-10-16T21:34:57+02:00,[2],[3]
2023-10-16T03:17:03+02:00,[2],[3]
2023-10-16T03:16:00+02:00,[60],[3.45]
2023-10-16T02:39:00+02:00,"[60,60]","[1.37,0.34]"
2023-10-16T02:33:00+02:00,[60],[1.03]
2023-10-16T02:30:00+02:00,[60],[0.43]
2023-10-15T21:15:00+02:00,[60],[5.81]
2023-10-15T02:40:00+02:00,[60],[2.15]
2023-10-15T02:12:00+02:00,[60],[2.14]
2023-10-14T21:11:00+02:00,[60],[4.95]
2023-10-14T02:08:00+02:00,[60],[1.04]
2023-10-14T02:04:44+02:00,[259],[6]
2023-10-13T21:57:58+02:00,[2],[3]
2023-10-13T05:48:00+02:00,[60],[3.46]
2023-10-13T02:28:00+02:00,[60],[1.1]
2023-10-13T00:55:00+02:00,"[60,60]","[1.78,0.08]"
2023-10-13T00:38:00+02:00,[60],[2.87]
2023-10-13T00:33:00+02:00,[60],[2.37]
2023-10-12T23:39:00+02:00,[60],[0.09]
2023-10-12T02:09:34+02:00,[2],[3]
2023-10-12T01:17:36+02:00,[2],[3]
2023-10-12T02:37:00+02:00,[60],[5.31]
2023-10-12T01:40:00+02:00,"[60,60]","[2.39,3.25]"
2023-10-12T00:40:00+02:00,"[60,60]","[2.37,5.16]"
2023-10-11T21:53:00+02:00,[60],[1.19]
2023-10-11T20:17:00+02:00,[60],[1.44]
2023-10-11T04:01:00+02:00,[60],[3.47]
2023-10-11T03:36:00+02:00,[60],[0.86]
2023-10-11T02:35:00+02:00,"[60,60]","[9.79,0.84]"
2023-10-11T00:55:00+02:00,[60],[1.44]
2023-10-10T22:55:00+02:00,[60],[1.35]
2023-10-10T22:52:00+02:00,[60],[1.27]
2023-10-10T17:05:00+02:00,[2],[3]
2023-10-10T17:07:00+02:00,[60],[0.68]
2023-10-10T16:08:00+02:00,"[60,60,60]","[0.08,1.12,0.51]"
2023-10-09T23:03:00+02:00,"[60,60]","[5.19,2.42]"
2023-10-09T22:46:00+02:00,[60],[0.34]
2023-10-09T05:45:00+02:00,[60],[1.99]
2023-10-08T23:12:00+02:00,[60],[3.11]
2023-10-08T23:03:00+02:00,[60],[5.26]
2023-10-08T22:02:00+02:00,[60],[1.4]
2023-10-07T04:29:00+02:00,"[60,60]","[4.41,4.23]"
2023-10-07T04:27:00+02:00,[60],[3.36]
2023-10-07T04:07:00+02:00,"[60,60,60,60]","[2.67,2.07,2.07,2.85]"
2023-10-07T03:50:00+02:00,"[60,60,60]","[2.07,4.059,0.87]"
2023-10-06T05:50:00+02:00,[60],[3.02]
2023-10-06T00:13:00+02:00,[60],[9.66]
2023-10-05T05:51:02+02:00,[2],[3]
2023-10-05T05:50:00+02:00,[60],[3.11]
2023-10-04T03:48:00+02:00,[60],[2.51]
2023-10-04T03:27:00+02:00,[60],[1.03]
2023-10-04T02:35:00+02:00,[60],[1.26]
2023-10-03T22:49:00+02:00,[60],[1.94]
2023-10-03T22:47:00+02:00,[60],[1.26]
2023-10-03T22:22:00+02:00,[60],[1.18]
2023-10-03T22:13:00+02:00,[60],[1.59]
2023-10-03T20:22:00+02:00,[60],[1.35]
2023-10-03T16:13:00+02:00,[60],[3.08]
2023-10-03T04:25:00+02:00,"[60,60]","[4.05,2.93]"
2023-10-03T04:11:00+02:00,"[60,60,60]","[1.8,3.1,0.69]"
2023-10-03T04:04:00+02:00,[60],[1.81]
2023-10-02T02:17:00+02:00,[60],[2.16]
2023-10-02T02:02:00+02:00,[60],[6.37]
2023-10-02T00:58:00+02:00,"[60,60]","[1.85,0.87]"
2023-10-01T23:04:00+02:00,"[60,60]","[0.1,1.46]"
2023-10-01T22:51:00+02:00,[60],[2.65]
2023-10-01T22:48:00+02:00,"[60,60]","[1.77,5.97]"
2023-10-01T22:40:00+02:00,[60],[1.08]
2023-10-01T22:28:00+02:00,"[60,60,60,60,60,60]","[4.63,2.76,5.31,5.43,6.7,0.69]"
2023-10-01T22:20:00+02:00,"[60,60,60]","[5.32,8.37,0.29]"
2023-10-01T21:57:00+02:00,"[60,60,60,60,60,60,60,60]","[3.64,4.72,6.1,4.52,7.28,4.24,3.55,0.29]"
2023-10-01T21:52:00+02:00,"[60,60,60,60]","[4.71,5.19,8.25,4.71]"
2023-10-01T21:47:00+02:00,"[60,60,60]","[3.62,7.25,3.72]"
2023-10-01T21:42:00+02:00,"[60,60,60]","[0.79,5.28,1.97]"
2023-10-01T21:36:00+02:00,"[60,60]","[5.19,8.21]"
2023-10-01T21:34:00+02:00,[60],[2.83]
2023-10-01T21:26:00+02:00,"[60,60,60,60,60,60,60]","[3.12,4.48,5.67,3.71,8.89,5.67,3.33]"
2023-10-01T21:04:00+02:00,[60],[1.6]
2023-10-01T20:50:00+02:00,[60],[2.25]
2023-10-01T03:42:00+02:00,[60],[3.37]
2023-10-01T02:27:00+02:00,"[60,60,60]","[1.84,4.13,1.76]"
2023-10-01T02:15:00+02:00,[60],[4.12]
2023-09-29T06:02:00+02:00,[60],[3.29]
2023-09-29T00:43:00+02:00,[60],[1.1]
2023-09-28T02:40:25+02:00,[2],[3]
2023-09-28T01:20:00+02:00,"[60,60]","[0.84,1.01]"
2023-09-28T00:44:00+02:00,[60],[0.08]
2023-09-27T23:38:00+02:00,[60],[1.1]
2023-09-27T03:54:00+02:00,[60],[3.02]
2023-09-27T03:33:01+02:00,[59],[3.17]
2023-09-27T03:24:00+02:00,[60],[3.76]
2023-09-27T02:44:00+02:00,"[60,60,60,60]","[2.35,1.09,1.68,2.61]"
2023-09-27T02:42:00+02:00,[60],[1.93]
2023-09-27T02:37:00+02:00,[60],[1.34]
2023-09-27T02:33:00+02:00,[60],[0.17]
2023-09-26T19:40:00+02:00,[60],[1.09]
2023-09-26T16:11:00+02:00,[60],[0.34]
2023-09-26T04:28:05+02:00,[17],[3]
2023-09-26T04:27:00+02:00,[60],[2.84]
2023-09-24T01:06:00+02:00,[60],[2.85]
2023-09-23T22:45:00+02:00,[61],[2.82]
2023-09-22T23:12:53+02:00,[2],[3]
2023-09-22T23:11:00+02:00,"[60,60]","[1.47,6.89]"
2023-09-22T23:04:00+02:00,[60],[2.15]
2023-09-22T04:02:09+02:00,[2],[3]
2023-09-22T04:01:00+02:00,"[60,60]","[2.85,2.16]"
2023-09-22T03:28:00+02:00,[60],[1.98]
2023-09-22T02:21:00+02:00,[60],[1.42]
2023-09-22T01:04:00+02:00,[60],[3.11]
2023-09-22T00:51:00+02:00,[60],[1.6]
2023-09-22T00:13:00+02:00,[60],[2.74]
2023-09-21T02:40:50+02:00,[2],[3]
2023-09-21T02:04:11+02:00,[2],[3]
2023-09-21T02:40:00+02:00,[60],[3.11]
2023-09-21T02:07:00+02:00,[60],[0.94]
2023-09-20T23:49:00+02:00,[60],[1.18]
2023-09-20T17:26:00+02:00,[61],[1.43]
2023-09-20T16:14:00+02:00,"[60,60]","[2.48,1.63]"
2023-09-20T06:23:00+02:00,[60],[1.64]
2023-09-20T04:16:00+02:00,[60],[0.26]
2023-09-20T04:09:00+02:00,[60],[0.25]
2023-09-20T03:14:00+02:00,"[60,60,60]","[1.51,7.89,1.35]"
2023-09-20T00:53:00+02:00,[60],[3.04]
2023-09-20T00:50:00+02:00,[60],[1.35]
2023-09-20T00:47:00+02:00,[60],[8.34]
2023-09-19T23:06:00+02:00,[60],[0.34]
2023-09-19T20:02:00+02:00,[60],[1.1]
2023-09-19T17:07:00+02:00,"[60,60]","[1.43,0.25]"
2023-09-18T02:45:00+02:00,"[60,60,60,60]","[2.33,0.44,3.37,1.29]"
2023-09-18T02:02:00+02:00,[60],[1.13]
2023-09-18T01:10:00+02:00,[60],[1.69]
2023-09-18T00:40:00+02:00,[60],[1.59]
2023-09-18T00:31:00+02:00,[60],[0.26]
2023-09-18T00:27:00+02:00,[60],[1.95]
2023-09-18T00:23:00+02:00,[60],[1.95]
2023-09-18T00:04:00+02:00,[60],[2.21]
2023-09-18T00:02:00+02:00,[60],[1.15]
2023-09-17T23:35:00+02:00,[60],[2.92]
2023-09-17T23:13:00+02:00,[60],[1.77]
2023-09-17T22:32:00+02:00,"[60,60,60,60]","[6.63,1.68,1.06,1.32]"
2023-09-17T22:21:00+02:00,[60],[3.62]
2023-09-17T22:18:00+02:00,[60],[0.89]
2023-09-17T21:06:00+02:00,[60],[3.5]
2023-09-15T04:29:00+02:00,[60],[1.73]
2023-09-15T02:55:00+02:00,[60],[1.17]
2023-09-15T00:53:00+02:00,[60],[1.26]
2023-09-14T21:30:14+02:00,[2],[3]
2023-09-14T02:08:06+02:00,[2],[3]
2023-09-13T21:43:00+02:00,[60],[0.25]
2023-09-13T21:37:00+02:00,[60],[1.01]
2023-09-13T19:00:00+02:00,[60],[0.5]
2023-09-13T17:25:00+02:00,[60],[0.26]
2023-09-13T03:57:00+02:00,[60],[1.54]
2023-09-13T03:07:00+02:00,"[60,60]","[0.67,0.08]"
2023-09-13T02:27:00+02:00,[60],[1.27]
2023-09-13T02:25:00+02:00,[60],[0.42]
2023-09-13T00:55:54+02:00,[38],[3]
2023-09-12T23:14:00+02:00,[60],[0.42]
2023-09-12T23:01:00+02:00,"[60,60,60]","[1.6,0.16,1.85]"
2023-09-12T16:14:00+02:00,[60],[7.88]
2023-09-12T04:00:00+02:00,"[60,60]","[3.02,0.52]"
2023-09-12T03:57:00+02:00,[60],[2.42]
2023-09-12T03:01:00+02:00,[60],[1.75]
2023-09-12T02:20:00+02:00,[60],[2.19]
2023-09-12T01:31:00+02:00,[60],[3.58]
2023-09-11T03:42:19+02:00,[2],[3]
2023-09-11T02:06:00+02:00,[60],[1.17]
2023-09-11T00:24:00+02:00,[60],[2.1]
2023-09-11T00:09:00+02:00,[60],[1.59]
2023-09-11T00:05:00+02:00,[60],[0.92]
2023-09-10T23:53:00+02:00,[60],[1.25]
2023-09-10T23:35:00+02:00,"[60,60]","[2.25,0.17]"
2023-09-10T19:35:00+02:00,[61],[2.21]
2023-09-10T19:33:00+02:00,[60],[0.34]
2023-09-10T05:15:14+02:00,[2],[3]
2023-09-10T05:14:00+02:00,[60],[4.65]
2023-09-10T04:51:00+02:00,"[60,60]","[3.19,0.95]"
2023-09-10T04:43:00+02:00,"[61,59]","[4.64,3.19]"
2023-09-10T04:27:00+02:00,"[60,60]","[3.36,4.47]"
2023-09-10T04:05:00+02:00,"[60,60,60]","[3.02,2.41,2.07]"
2023-09-09T01:04:02+02:00,[2],[3]
2023-09-09T01:03:00+02:00,[60],[3.02]
2023-09-08T23:47:00+02:00,[60],[1.31]
2023-09-08T22:48:00+02:00,[60],[1.75]
2023-09-08T06:13:00+02:00,[60],[2.59]
2023-09-08T05:25:00+02:00,[60],[5.73]
2023-09-08T05:00:00+02:00,[60],[1.59]
2023-09-08T01:53:00+02:00,[60],[1.51]
2023-09-07T02:27:09+02:00,[2],[3]
2023-09-07T01:15:09+02:00,[10],[6]
2023-09-07T02:27:00+02:00,[60],[1.38]
2023-09-07T01:15:00+02:00,"[60,60]","[8.65,0.84]"
2023-09-07T00:53:00+02:00,[60],[1.18]
2023-09-06T19:56:00+02:00,[60],[1.34]
2023-09-06T04:29:14+02:00,[7],[3]
2023-09-06T04:09:52+02:00,[2],[3]
2023-09-06T04:09:00+02:00,"[60,60]","[3.51,2.23]"
2023-09-06T03:09:00+02:00,"[60,60,60]","[4.79,5.2,0.25]"
2023-09-05T17:29:11+02:00,[53],[3]
2023-09-05T17:30:00+02:00,[60],[2.02]
2023-09-05T16:16:00+02:00,[60],[0.09]
2023-09-05T15:56:00+02:00,[60],[0.52]
2023-09-05T04:50:25+02:00,[2],[3]
2023-09-04T05:30:09+02:00,[5],[3]
2023-09-04T03:38:00+02:00,[60],[1.29]
2023-09-03T06:42:54+02:00,[2],[3]
2023-09-03T06:42:00+02:00,[60],[1.98]
2023-09-01T05:55:00+02:00,[60],[2.25]
2023-09-01T04:02:00+02:00,[60],[1.12]
2023-09-01T00:36:55+02:00,[2],[3]
2023-09-01T00:36:00+02:00,"[60,60]","[2.36,2.2]"
2023-08-31T22:46:00+02:00,"[60,60]","[1.35,2.029]"
2023-08-31T21:52:01+02:00,[59],[0.17]
2023-08-31T17:19:00+02:00,[60],[0.59]
2023-08-31T02:25:00+02:00,[60],[2.33]
2023-08-31T01:59:00+02:00,[61],[0.09]
2023-08-31T01:50:00+02:00,[60],[0.6]
2023-08-31T00:45:00+02:00,[60],[0.09]
2023-08-31T00:12:00+02:00,[60],[1.1]
2023-08-30T18:51:39+02:00,[2],[3]
2023-08-30T18:51:00+02:00,[60],[4.31]
2023-08-30T17:52:00+02:00,[60],[1.43]
2023-08-30T17:13:00+02:00,"[60,60]","[8.58,0.09]"
2023-08-30T03:10:00+02:00,[60],[2.62]
2023-08-30T03:09:00+02:00,[60],[5.98]
2023-08-30T00:50:00+02:00,[60],[4.74]
2023-08-29T21:48:00+02:00,[60],[0.84]
2023-08-29T20:20:00+02:00,[60],[0.42]
2023-08-29T17:13:00+02:00,"[60,60,60]","[6.98,1.76,0.59]"
2023-08-29T16:08:00+02:00,[60],[0.77]
2023-08-27T04:14:00+02:00,[60],[3.45]
2023-08-26T23:15:00+02:00,[60],[2.76]
2023-08-26T07:17:00+02:00,[60],[1.64]
2023-08-25T03:58:00+02:00,[60],[2.85]
2023-08-25T03:21:01+02:00,[59],[0.52]
2023-08-25T02:49:00+02:00,[60],[1.52]
2023-08-25T02:35:00+02:00,[60],[0.09]
2023-08-25T02:25:00+02:00,[60],[2.52]
2023-08-25T02:13:00+02:00,[60],[0.92]
2023-08-24T20:41:00+02:00,[60],[2.43]
2023-08-24T20:37:00+02:00,[60],[1.85]
2023-08-24T20:34:29+02:00,[2],[3]
2023-08-24T20:22:23+02:00,[76],[15]
2023-08-24T20:32:00+02:00,"[60,60,60]","[0.84,1.51,4.72]"
2023-08-24T20:21:00+02:00,"[60,60,60]","[1.59,9.49,6.22]"
2023-08-24T20:17:00+02:00,[60],[1.68]
2023-08-24T17:39:00+02:00,[60],[1.1]
2023-08-24T17:35:00+02:00,"[60,60]","[1.34,2.52]"
2023-08-24T17:06:00+02:00,[60],[0.17]
2023-08-24T17:03:24+02:00,[96],[9]
2023-08-24T16:16:00+02:00,[60],[1.97]
2023-08-24T16:08:00+02:00,[60],[1.37]
2023-08-24T03:02:21+02:00,[2],[3]
2023-08-24T01:40:00+02:00,[60],[1.8]
2023-08-24T01:09:00+02:00,[60],[1.28]
2023-08-24T01:07:00+02:00,[60],[1.81]
2023-08-24T00:34:00+02:00,"[60,60,60]","[0.94,2.83,12.73]"
2023-08-24T00:05:00+02:00,[60],[1.86]
2023-08-23T23:30:00+02:00,[60],[3.21]
2023-08-23T20:46:00+02:00,[61],[1.88]
2023-08-23T04:08:00+02:00,[60],[3.11]
2023-08-23T02:28:00+02:00,[60],[1.09]
2023-08-23T01:00:00+02:00,[60],[2.7]
2023-08-23T00:55:00+02:00,[60],[0.08]
2023-08-23T00:51:00+02:00,[60],[4.04]
2023-08-23T00:48:00+02:00,"[60,60]","[3.54,4.97]"
2023-08-22T20:23:00+02:00,"[60,60]","[8.07,5.3]"
2023-08-22T19:09:00+02:00,[60],[3.53]
2023-08-22T00:36:00+02:00,[60],[2.84]
2023-08-21T23:05:16+02:00,[2],[3]
2023-08-21T19:14:55+02:00,[471],[3]
2023-08-19T02:11:00+02:00,[60],[1.39]
2023-08-18T23:03:00+02:00,"[60,60,60]","[3.37,1.6,0.17]"
2023-08-18T22:58:00+02:00,"[60,60]","[3.12,6.92]"
2023-08-18T21:46:00+02:00,[60],[1.09]
2023-08-18T21:44:00+02:00,[60],[1.35]
2023-08-18T18:44:00+02:00,"[60,60]","[2.53,0.25]"
2023-08-18T05:44:00+02:00,[60],[0.94]
2023-08-16T06:28:00+02:00,[60],[2.65]
2023-08-16T06:13:00+02:00,[60],[3.42]
2023-08-16T04:23:00+02:00,[60],[0.96]
2023-08-16T04:05:00+02:00,[60],[1.14]
2023-08-15T07:26:56+02:00,[2],[3]
2023-08-13T20:15:00+02:00,[60],[4.31]
2023-08-13T19:49:00+02:00,"[60,60]","[2.92,4.91]"
2023-08-13T19:28:00+02:00,[60],[0.44]
2023-08-13T17:36:00+02:00,[60],[1.18]
2023-08-13T16:28:00+02:00,[60],[2.54]
2023-08-13T16:21:00+02:00,[60],[1.73]
2023-08-13T16:14:00+02:00,[60],[1.99]
2023-08-13T16:08:00+02:00,[60],[0.63]
2023-08-13T06:12:13+02:00,[2],[3]
2023-08-13T06:54:00+02:00,"[60,60]","[1.18,1]"
2023-08-13T06:17:00+02:00,[60],[1.09]
2023-08-13T05:52:01+02:00,[59],[1.27]
2023-08-13T05:16:00+02:00,[60],[2.09]
2023-08-13T04:21:00+02:00,"[60,60,60,60,60,60]","[3.42,3.16,2.16,2.35,3.7,2.89]"
2023-08-13T04:19:00+02:00,[60],[1.62]
2023-08-13T04:11:00+02:00,[60],[1.17]
2023-08-13T03:32:00+02:00,"[60,60]","[2.08,1.63]"
2023-08-13T02:34:00+02:00,[60],[1.63]
2023-08-13T01:08:00+02:00,[60],[1.18]
2023-08-12T23:29:00+02:00,[60],[1.36]
2023-08-12T22:55:55+02:00,[28],[15]
2023-08-12T21:56:00+02:00,[60],[4.21]
2023-08-12T20:20:00+02:00,[60],[1.22]
2023-08-10T01:55:00+02:00,[60],[2.36]
2023-08-10T00:45:00+02:00,"[60,60,60]","[1.4,0.69,1.57]"
2023-08-10T00:02:00+02:00,"[60,60]","[1.4,0.17]"
2023-08-10T00:00:00+02:00,[60],[3.05]
2023-08-09T23:21:00+02:00,[60],[0.44]
2023-08-09T22:47:00+02:00,[60],[2.88]
2023-08-09T22:23:00+02:00,"[60,60]","[3.01,2.76]"
2023-08-09T22:20:00+02:00,[60],[1.64]
2023-08-09T06:24:00+02:00,[60],[1.88]
2023-08-09T05:32:00+02:00,[60],[1.56]
2023-08-07T06:29:00+02:00,[60],[2.32]
2023-08-07T06:06:00+02:00,"[60,60]","[5.34,0.86]"
2023-08-07T05:25:00+02:00,"[60,60]","[3.01,0.17]"
2023-08-07T05:17:00+02:00,"[60,60,60]","[2.67,4.65,3.44]"
2023-08-06T06:44:00+02:00,[60],[1.21]
2023-08-06T05:13:00+02:00,[60],[1.37]
2023-08-05T02:26:00+02:00,[61],[2.04]
2023-08-05T02:19:00+02:00,[60],[4.83]
2023-08-05T01:55:00+02:00,"[60,60]","[2.2,2.29]"
2023-08-05T01:46:00+02:00,[60],[0.84]
2023-08-05T01:41:00+02:00,"[60,60]","[1.6,0.59]"
2023-08-05T01:37:00+02:00,"[60,60]","[3.11,2.52]"
2023-08-05T01:27:00+02:00,[60],[1.42]
2023-08-04T22:59:00+02:00,[60],[4.04]
2023-08-04T22:12:00+02:00,"[60,60]","[5.04,0.17]"
2023-08-04T22:09:00+02:00,[60],[0.17]
2023-08-04T22:07:00+02:00,[60],[1.01]
2023-08-04T22:02:00+02:00,[60],[1.43]
2023-08-04T21:59:00+02:00,"[60,60]","[2.77,1.84]"
2023-08-04T21:57:00+02:00,[60],[10.35]
2023-08-04T21:50:00+02:00,[60],[0.59]
2023-08-04T21:43:00+02:00,"[60,60]","[1.02,1.78]"
2023-08-04T21:34:00+02:00,[60],[2.38]
2023-08-04T21:25:00+02:00,[60],[4.18]
2023-08-04T21:16:00+02:00,[60],[14.23]
2023-08-04T21:12:00+02:00,[60],[3.95]
2023-08-04T02:08:00+02:00,[60],[2.07]
2023-08-04T01:49:00+02:00,"[60,60]","[1.29,1.12]"
2023-08-04T01:47:00+02:00,[60],[0.18]
2023-08-03T07:05:00+02:00,[60],[3.17]
2023-08-03T04:41:00+02:00,[60],[1.2]
2023-08-02T06:04:00+02:00,[60],[1.54]
2023-08-02T04:39:00+02:00,[60],[1.37]
2023-07-31T05:42:00+02:00,"[60,60,60]","[1.47,1.29,1.29]"
2023-07-31T04:33:00+02:00,[60],[1.6]
2023-07-31T03:38:00+02:00,[60],[1.51]
2023-07-31T01:49:00+02:00,[60],[0.42]
2023-07-31T01:21:00+02:00,[60],[1.67]
2023-07-31T00:15:00+02:00,[60],[1.09]
2023-07-30T02:31:00+02:00,[60],[0.87]
2023-07-28T08:48:00+02:00,[60],[2.7]
2023-07-28T08:45:00+02:00,"[60,60]","[1.6,1.68]"
2023-07-28T08:40:00+02:00,[60],[0.58]
2023-07-27T05:56:00+02:00,[60],[1.96]
2023-07-27T05:19:00+02:00,[60],[0.94]
2023-07-27T01:22:00+02:00,[60],[3.62]
2023-07-27T01:16:00+02:00,[60],[1.98]
2023-07-27T00:45:00+02:00,"[60,60]","[1.47,0.94]"
2023-07-26T23:55:00+02:00,[60],[3.62]
2023-07-26T20:48:00+02:00,[60],[2.06]
2023-07-26T06:04:00+02:00,[60],[1.55]
2023-07-24T07:18:00+02:00,[60],[4.37]
2023-07-24T03:45:00+02:00,[60],[1.09]
2023-07-24T01:02:00+02:00,"[60,60]","[2.93,1.34]"
2023-07-23T05:05:00+02:00,[60],[2.85]
2023-07-23T02:03:00+02:00,"[60,60]","[4.23,0.78]"
2023-07-22T04:37:00+02:00,[60],[1.48]
