start,duration,value
2026-07-16T23:35:52+02:00,[60],[-117.332237]
2026-07-16T23:35:51+02:00,[60],[-117.332237]
2026-07-16T23:35:50+02:00,[60],[-117.332237]
2026-07-16T23:35:49+02:00,[60],[-117.332237]
2026-07-16T23:35:48+02:00,[60],[-117.332237]
2026-07-16T23:35:47+02:00,[60],[-117.332237]
2026-07-16T23:35:46+02:00,[60],[-117.332237]
2026-07-16T23:35:45+02:00,[60],[-117.332237]
2026-07-16T23:35:44+02:00,[60],[-117.332237]
2026-07-16T23:35:43+02:00,[60],[-117.332237]
2026-07-16T23:35:42+02:00,[60],[-117.332237]
2026-07-16T23:35:41+02:00,[60],[-117.332237]
2026-07-16T23:35:40+02:00,[60],[-117.332237]
2026-07-16T23:35:39+02:00,[60],[-117.332237]
2026-07-16T23:35:38+02:00,[60],[-117.332237]
2026-07-16T23:35:37+02:00,[60],[-117.332237]
2026-07-16T23:35:36+02:00,[60],[-117.332237]
2026-07-16T23:35:35+02:00,[60],[-117.332237]
2026-07-16T23:35:34+02:00,[60],[-117.332237]
2026-07-16T23:35:33+02:00,[60],[-117.332237]
2026-07-16T23:35:32+02:00,[60],[-117.332237]
2026-07-16T23:35:31+02:00,[60],[-117.332237]
2026-07-16T23:35:30+02:00,[60],[-117.332237]
2026-07-16T23:35:29+02:00,[60],[-117.332237]
2026-07-16T23:35:28+02:00,[60],[-117.332237]
2026-07-16T23:35:27+02:00,[60],[-117.332237]
2026-07-16T23:35:26+02:00,[60],[-117.332237]
2026-07-16T23:35:25+02:00,[60],[-117.332237]
2026-07-16T23:35:24+02:00,[60],[-117.332237]
2026-07-16T23:35:23+02:00,[60],[-117.332237]
2026-07-16T23:35:22+02:00,[60],[-117.332237]
2026-07-16T23:35:21+02:00,[60],[-117.332237]
2026-07-16T23:35:20+02:00,[60],[-117.332237]
2026-07-16T23:35:19+02:00,[60],[-117.332237]
2026-07-16T23:35:18+02:00,[60],[-117.332237]
2026-07-16T23:35:17+02:00,[60],[-117.332237]
2026-07-16T23:35:16+02:00,[60],[-117.332237]
2026-07-16T23:35:15+02:00,[60],[-117.332237]
2026-07-16T23:35:14+02:00,[60],[-117.332237]
2026-07-16T23:35:13+02:00,[60],[-117.332237]
2026-07-16T23:35:12+02:00,[60],[-117.332237]
2026-07-16T23:35:11+02:00,[60],[-117.332237]
2026-07-16T23:35:10+02:00,[60],[-117.332237]
2026-07-16T23:35:09+02:00,[60],[-117.332237]
2026-07-16T23:35:08+02:00,[60],[-117.332237]
2026-07-16T23:35:07+02:00,[60],[-117.332237]
2026-07-16T23:35:06+02:00,[60],[-117.332237]
2026-07-16T23:35:05+02:00,[60],[-117.332237]
2026-07-16T23:35:04+02:00,[60],[-117.332237]
2026-07-16T23:35:03+02:00,[60],[-117.332237]
2026-07-16T23:35:02+02:00,[60],[-117.332237]
2026-07-16T23:35:01+02:00,[60],[-117.332237]
2026-07-16T23:35:00+02:00,[60],[-117.332237]
2026-07-16T23:34:59+02:00,[60],[-117.332237]
2026-07-16T23:34:58+02:00,[60],[-117.332237]
2026-07-16T23:34:57+02:00,[60],[-117.332237]
2026-07-16T23:34:56+02:00,[60],[-117.332237]
2026-07-16T23:34:55+02:00,[60],[-117.332237]
2026-07-16T23:34:54+02:00,[60],[-117.332237]
2026-07-16T23:34:53+02:00,[60],[-117.332237]
2026-07-16T23:34:52+02:00,[60],[-117.332237]
2026-07-16T23:34:51+02:00,[60],[-117.332237]
2026-07-16T23:34:50+02:00,[60],[-117.332237]
2026-07-16T23:34:49+02:00,[60],[-117.332237]
2026-07-16T23:34:48+02:00,[60],[-117.332237]
2026-07-16T23:34:47+02:00,[60],[-117.332237]
2026-07-16T23:34:46+02:00,[60],[-117.332237]
2026-07-16T23:34:45+02:00,[60],[-117.332237]
2026-07-16T23:34:44+02:00,[60],[-117.332237]
2026-07-16T23:34:43+02:00,[60],[-117.332237]
2026-07-16T23:34:42+02:00,[60],[-117.332237]
2026-07-16T23:34:41+02:00,[60],[-117.332237]
2026-07-16T23:34:40+02:00,[60],[-117.332237]
2026-07-16T23:34:39+02:00,[60],[-117.332237]
2026-07-16T23:34:38+02:00,[60],[-117.332237]
2026-07-16T23:34:37+02:00,[60],[-117.332237]
2026-07-16T23:34:36+02:00,[60],[-117.332237]
2026-07-16T23:34:35+02:00,[60],[-117.332237]
2026-07-16T23:34:34+02:00,[60],[-117.332237]
2026-07-16T23:34:33+02:00,[60],[-117.332237]
2026-07-16T23:34:32+02:00,[60],[-117.332237]
2026-07-16T23:34:31+02:00,[60],[-117.332237]
2026-07-16T23:34:30+02:00,[60],[-117.332237]
2026-07-16T23:34:29+02:00,[60],[-117.332237]
2026-07-16T23:34:28+02:00,[60],[-117.332237]
2026-07-16T23:34:27+02:00,[60],[-117.332237]
2026-07-16T23:34:26+02:00,[60],[-117.332237]
2026-07-16T23:34:25+02:00,[60],[-117.332237]
2026-07-16T23:34:24+02:00,[60],[-117.332237]
2026-07-16T23:34:23+02:00,[60],[-117.332237]
2026-07-16T23:34:22+02:00,[60],[-117.332237]
2026-07-16T23:34:21+02:00,[60],[-117.332237]
2026-07-16T23:34:20+02:00,[60],[-117.332237]
2026-07-16T23:34:19+02:00,[60],[-117.332237]
2026-07-16T23:34:18+02:00,[60],[-117.332237]
2026-07-16T23:34:17+02:00,[60],[-117.332237]
2026-07-16T23:34:16+02:00,[60],[-117.332237]
2026-07-16T23:34:15+02:00,[60],[-117.332237]
2026-07-16T23:34:14+02:00,[60],[-117.332237]
2026-07-16T23:34:13+02:00,[60],[-117.332237]
2026-07-16T23:34:12+02:00,[60],[-117.332237]
2026-07-16T23:34:11+02:00,[60],[-117.332237]
2026-07-16T23:34:10+02:00,[60],[-117.332237]
2026-07-16T23:34:09+02:00,[60],[-117.332237]
2026-07-16T23:34:08+02:00,[60],[-117.332237]
2026-07-16T23:34:07+02:00,[60],[-117.332237]
2026-07-16T23:34:06+02:00,[60],[-117.332237]
2026-07-16T23:34:05+02:00,[60],[-117.332237]
2026-07-16T23:34:04+02:00,[60],[-117.332237]
2026-07-16T23:34:03+02:00,[60],[-117.332237]
2026-07-16T23:34:02+02:00,[60],[-117.332237]
2026-07-16T23:34:01+02:00,[60],[-117.332237]
2026-07-16T23:34:00+02:00,[60],[-117.332237]
2026-07-16T23:33:59+02:00,[60],[-117.332237]
2026-07-16T23:33:58+02:00,[60],[-117.332237]
2026-07-16T23:33:57+02:00,[60],[-117.332237]
2026-07-16T23:33:56+02:00,[60],[-117.332237]
2026-07-16T23:33:55+02:00,[60],[-117.332237]
2026-07-16T23:33:54+02:00,[60],[-117.332237]
2026-07-16T23:33:53+02:00,[60],[-117.332237]
2026-07-16T23:33:52+02:00,[60],[-117.332237]
2026-07-16T23:33:51+02:00,[60],[-117.332237]
2026-07-16T23:33:50+02:00,[60],[-117.332237]
2026-07-16T23:33:49+02:00,[60],[-117.332237]
2026-07-16T23:33:48+02:00,[60],[-117.332237]
2026-07-16T23:33:47+02:00,[60],[-117.332237]
2026-07-16T23:33:46+02:00,[60],[-117.332237]
2026-07-16T23:33:45+02:00,[60],[-117.332237]
2026-07-16T23:33:44+02:00,[60],[-117.332237]
2026-07-16T23:33:43+02:00,[60],[-117.332237]
2026-07-16T23:33:42+02:00,[60],[-117.332237]
2026-07-16T23:33:41+02:00,[60],[-117.332237]
2026-07-16T23:33:40+02:00,[60],[-117.332237]
2026-07-16T23:33:39+02:00,[60],[-117.332237]
2026-07-16T23:33:38+02:00,[60],[-117.332237]
2026-07-16T23:33:37+02:00,[60],[-117.332237]
2026-07-16T23:33:36+02:00,[60],[-117.332237]
2026-07-16T23:33:35+02:00,[60],[-117.332237]
2026-07-16T23:33:34+02:00,[60],[-117.332237]
2026-07-16T23:33:33+02:00,[60],[-117.332237]
2026-07-16T23:33:32+02:00,[60],[-117.332237]
2026-07-16T23:33:31+02:00,[60],[-117.332237]
2026-07-16T23:33:30+02:00,[60],[-117.332237]
2026-07-16T23:33:29+02:00,[60],[-117.332237]
2026-07-16T23:33:28+02:00,[60],[-117.332237]
2026-07-16T23:33:27+02:00,[60],[-117.332237]
2026-07-16T23:33:26+02:00,[60],[-117.332237]
2026-07-16T23:33:25+02:00,[60],[-117.332237]
2026-07-16T23:33:24+02:00,[60],[-117.332237]
2026-07-16T23:33:23+02:00,[60],[-117.332237]
2026-07-16T23:33:22+02:00,[60],[-117.332237]
2026-07-16T23:33:21+02:00,[60],[-117.332237]
2026-07-16T23:33:20+02:00,[60],[-117.332237]
2026-07-16T23:33:19+02:00,[60],[-117.332237]
2026-07-16T23:33:18+02:00,[60],[-117.332237]
2026-07-16T23:33:17+02:00,[60],[-117.332237]
2026-07-16T23:33:16+02:00,[60],[-117.332237]
2026-07-16T23:33:15+02:00,[60],[-117.332237]
2026-07-16T23:33:14+02:00,[60],[-117.332237]
2026-07-16T23:33:13+02:00,[60],[-117.332237]
2026-07-16T23:33:12+02:00,[60],[-117.332237]
2026-07-16T23:33:11+02:00,[60],[-117.332237]
2026-07-16T23:33:10+02:00,[60],[-117.332237]
2026-07-16T23:33:09+02:00,[60],[-117.332237]
2026-07-16T23:33:08+02:00,[60],[-117.332237]
2026-07-16T23:33:07+02:00,[60],[-117.332237]
2026-07-16T23:33:06+02:00,[60],[-117.332237]
2026-07-16T23:33:05+02:00,[60],[-117.332237]
2026-07-16T23:33:04+02:00,[60],[-117.332237]
2026-07-16T23:33:03+02:00,[60],[-117.332237]
2026-07-16T23:33:02+02:00,[60],[-117.332237]
2026-07-16T23:33:01+02:00,[60],[-117.332237]
2026-07-16T23:33:00+02:00,[60],[-117.332237]
2026-07-16T23:32:59+02:00,[60],[-117.332237]
2026-07-16T23:32:58+02:00,[60],[-117.332237]
2026-07-16T23:32:57+02:00,[60],[-117.332237]
2026-07-16T23:32:56+02:00,[60],[-117.332237]
2026-07-16T23:32:55+02:00,[60],[-117.332237]
2026-07-16T23:32:54+02:00,[60],[-117.332237]
2026-07-16T23:32:53+02:00,[60],[-117.332237]
2026-07-16T23:32:52+02:00,[60],[-117.332237]
2026-07-16T23:32:51+02:00,[60],[-117.332237]
2026-07-16T23:32:50+02:00,[60],[-117.332237]
2026-07-16T23:32:49+02:00,[60],[-117.332237]
2026-07-16T23:32:48+02:00,[60],[-117.332237]
2026-07-16T23:32:47+02:00,[60],[-117.332237]
2026-07-16T23:32:46+02:00,[60],[-117.332237]
2026-07-16T23:32:45+02:00,[60],[-117.332237]
2026-07-16T23:32:44+02:00,[60],[-117.332237]
2026-07-16T23:32:43+02:00,[60],[-117.332237]
2026-07-16T23:32:42+02:00,[60],[-117.332237]
2026-07-16T23:32:41+02:00,[60],[-117.332237]
2026-07-16T23:32:40+02:00,[60],[-117.332237]
2026-07-16T23:32:39+02:00,[60],[-117.332237]
2026-07-16T23:32:38+02:00,[60],[-117.332237]
2026-07-16T23:32:37+02:00,[60],[-117.332237]
2026-07-16T23:32:36+02:00,[60],[-117.332237]
2026-07-16T23:32:35+02:00,[60],[-117.332237]
2026-07-16T23:32:34+02:00,[60],[-117.332237]
2026-07-16T23:32:33+02:00,[60],[-117.332237]
2026-07-16T23:32:32+02:00,[60],[-117.332237]
2026-07-16T23:32:31+02:00,[60],[-117.332237]
2026-07-16T23:32:30+02:00,[60],[-117.332237]
2026-07-16T23:32:29+02:00,[60],[-117.332237]
2026-07-16T23:32:28+02:00,[60],[-117.332237]
2026-07-16T23:32:27+02:00,[60],[-117.332237]
2026-07-16T23:32:26+02:00,[60],[-117.332237]
2026-07-16T23:32:25+02:00,[60],[-117.332237]
2026-07-16T23:32:24+02:00,[60],[-117.332237]
2026-07-16T23:32:23+02:00,[60],[-117.332237]
2026-07-16T23:32:22+02:00,[60],[-117.332237]
2026-07-16T23:32:21+02:00,[60],[-117.332237]
2026-07-16T23:32:20+02:00,[60],[-117.332237]
2026-07-16T23:32:19+02:00,[60],[-117.332237]
2026-07-16T23:32:18+02:00,[60],[-117.332237]
2026-07-16T23:32:17+02:00,[60],[-117.332237]
2026-07-16T23:32:16+02:00,[60],[-117.332237]
2026-07-16T23:32:15+02:00,[60],[-117.332237]
2026-07-16T23:32:14+02:00,[60],[-117.332237]
2026-07-16T23:32:13+02:00,[60],[-117.332237]
2026-07-16T23:32:12+02:00,[60],[-117.332237]
2026-07-16T23:32:11+02:00,[60],[-117.332237]
2026-07-16T23:32:10+02:00,[60],[-117.332237]
2026-07-16T23:32:09+02:00,[60],[-117.332237]
2026-07-16T23:32:08+02:00,[60],[-117.332237]
2026-07-16T23:32:07+02:00,[60],[-117.332237]
2026-07-16T23:32:06+02:00,[60],[-117.332237]
2026-07-16T23:32:05+02:00,[60],[-117.332237]
2026-07-16T23:32:04+02:00,[60],[-117.332237]
2026-07-16T23:32:03+02:00,[60],[-117.332237]
2026-07-16T23:32:02+02:00,[60],[-117.332237]
2026-07-16T23:32:01+02:00,[60],[-117.332237]
2026-07-16T23:32:00+02:00,[60],[-117.332237]
2026-07-16T23:31:59+02:00,[60],[-117.332237]
2026-07-16T23:31:58+02:00,[60],[-117.332237]
2026-07-16T23:31:57+02:00,[60],[-117.332237]
2026-07-16T23:31:56+02:00,[60],[-117.332237]
2026-07-16T23:31:55+02:00,[60],[-117.332237]
2026-07-16T23:31:54+02:00,[60],[-117.332237]
2026-07-16T23:31:53+02:00,[60],[-117.332237]
2026-07-16T23:31:52+02:00,[60],[-117.332237]
2026-07-16T23:31:51+02:00,[60],[-117.332237]
2026-07-16T23:31:50+02:00,[60],[-117.332237]
2026-07-16T23:31:49+02:00,[60],[-117.332237]
2026-07-16T23:31:48+02:00,[60],[-117.332237]
2026-07-16T23:31:47+02:00,[60],[-117.332237]
2026-07-16T23:31:46+02:00,[60],[-117.332237]
2026-07-16T23:31:45+02:00,[60],[-117.332237]
2026-07-16T23:31:44+02:00,[60],[-117.332237]
2026-07-16T23:31:43+02:00,[60],[-117.332237]
2026-07-16T23:31:42+02:00,[60],[-117.332237]
2026-07-16T23:31:41+02:00,[60],[-117.332237]
2026-07-16T23:31:40+02:00,[60],[-117.332237]
2026-07-16T23:31:39+02:00,[60],[-117.332237]
2026-07-16T23:31:38+02:00,[60],[-117.332237]
2026-07-16T23:31:37+02:00,[60],[-117.332237]
2026-07-16T23:31:36+02:00,[60],[-117.332237]
2026-07-16T23:31:35+02:00,[60],[-117.332237]
2026-07-16T23:31:34+02:00,[60],[-117.332237]
2026-07-16T23:31:33+02:00,[60],[-117.332237]
2026-07-16T23:31:32+02:00,[60],[-117.332237]
2026-07-16T23:31:31+02:00,[60],[-117.332237]
2026-07-16T23:31:30+02:00,[60],[-117.332237]
2026-07-16T23:31:29+02:00,[60],[-117.332237]
2026-07-16T23:31:28+02:00,[60],[-117.332237]
2026-07-16T23:31:27+02:00,[60],[-117.332237]
2026-07-16T23:31:26+02:00,[60],[-117.332237]
2026-07-16T23:31:25+02:00,[60],[-117.332237]
2026-07-16T23:31:24+02:00,[60],[-117.332237]
2026-07-16T23:31:23+02:00,[60],[-117.332237]
2026-07-16T23:31:22+02:00,[60],[-117.332237]
2026-07-16T23:31:21+02:00,[60],[-117.332237]
2026-07-16T23:31:20+02:00,[60],[-117.332237]
2026-07-16T23:31:19+02:00,[60],[-117.332237]
2026-07-16T23:31:18+02:00,[60],[-117.332237]
2026-07-16T23:31:17+02:00,[60],[-117.332237]
2026-07-16T23:31:16+02:00,[60],[-117.332237]
2026-07-16T23:31:15+02:00,[60],[-117.332237]
2026-07-16T23:31:14+02:00,[60],[-117.332237]
2026-07-16T23:31:13+02:00,[60],[-117.332237]
2026-07-16T23:31:12+02:00,[60],[-117.332237]
2026-07-16T23:31:11+02:00,[60],[-117.332237]
2026-07-16T23:31:10+02:00,[60],[-117.332237]
2026-07-16T23:31:09+02:00,[60],[-117.332237]
2026-07-16T23:31:08+02:00,[60],[-117.332237]
2026-07-16T23:31:07+02:00,[60],[-117.332237]
2026-07-16T23:31:06+02:00,[60],[-117.332237]
2026-07-16T23:31:05+02:00,[60],[-117.332237]
2026-07-16T23:31:04+02:00,[60],[-117.332237]
2026-07-16T23:31:03+02:00,[60],[-117.332237]
2026-07-16T23:31:02+02:00,[60],[-117.332237]
2026-07-16T23:31:01+02:00,[60],[-117.332237]
2026-07-16T23:31:00+02:00,[60],[-117.332237]
2026-07-16T23:30:59+02:00,[60],[-117.332237]
2026-07-16T23:30:58+02:00,[60],[-117.332237]
2026-07-16T23:30:57+02:00,[60],[-117.332237]
2026-07-16T23:30:56+02:00,[60],[-117.332237]
2026-07-16T23:30:55+02:00,[60],[-117.332237]
2026-07-16T23:30:54+02:00,[60],[-117.332237]
2026-07-16T23:30:53+02:00,[60],[-117.332237]
2026-07-16T23:30:52+02:00,[60],[-117.332237]
2026-07-16T23:30:51+02:00,[60],[-117.332237]
2026-07-16T23:30:50+02:00,[60],[-117.332237]
2026-07-16T23:30:49+02:00,[60],[-117.332237]
2026-07-16T23:30:48+02:00,[60],[-117.332237]
2026-07-16T23:30:47+02:00,[60],[-117.332237]
2026-07-16T23:30:46+02:00,[60],[-117.332237]
2026-07-16T23:30:45+02:00,[60],[-117.332237]
2026-07-16T23:30:44+02:00,[60],[-117.332237]
2026-07-16T23:30:43+02:00,[60],[-117.332237]
2026-07-16T23:30:42+02:00,[60],[-117.332237]
2026-07-16T23:30:41+02:00,[60],[-117.332237]
2026-07-16T23:30:40+02:00,[60],[-117.332237]
2026-07-16T23:30:39+02:00,[60],[-117.332237]
2026-07-16T23:30:38+02:00,[60],[-117.332237]
2026-07-16T23:30:37+02:00,[60],[-117.332237]
2026-07-16T23:30:36+02:00,[60],[-117.332237]
2026-07-16T23:30:35+02:00,[60],[-117.332237]
2026-07-16T23:30:34+02:00,[60],[-117.332237]
2026-07-16T23:30:33+02:00,[60],[-117.332237]
2026-07-16T23:30:32+02:00,[60],[-117.332237]
2026-07-16T23:30:31+02:00,[60],[-117.332237]
2026-07-16T23:30:30+02:00,[60],[-117.332237]
2026-07-16T23:30:29+02:00,[60],[-117.332237]
2026-07-16T23:30:28+02:00,[60],[-117.332237]
2026-07-16T23:30:27+02:00,[60],[-117.332237]
2026-07-16T23:30:26+02:00,[60],[-117.332237]
2026-07-16T23:30:25+02:00,[60],[-117.332237]
2026-07-16T23:30:24+02:00,[60],[-117.332237]
2026-07-16T23:30:23+02:00,[60],[-117.332237]
2026-07-16T23:30:22+02:00,[60],[-117.332237]
2026-07-16T23:30:21+02:00,[60],[-117.332237]
2026-07-16T23:30:20+02:00,[60],[-117.332237]
2026-07-16T23:30:19+02:00,[60],[-117.332237]
2026-07-16T23:30:18+02:00,[60],[-117.332237]
2026-07-16T23:30:17+02:00,[60],[-117.332237]
2026-07-16T23:30:16+02:00,[60],[-117.332237]
2026-07-16T23:30:15+02:00,[60],[-117.332237]
2026-07-16T23:30:14+02:00,[60],[-117.332237]
2026-07-16T23:30:13+02:00,[60],[-117.332237]
2026-07-16T23:30:12+02:00,[60],[-117.332237]
2026-07-16T23:30:11+02:00,[60],[-117.332237]
2026-07-16T23:30:10+02:00,[60],[-117.332237]
2026-07-16T23:30:09+02:00,[60],[-117.332237]
2026-07-16T23:30:08+02:00,[60],[-117.332237]
2026-07-16T23:30:07+02:00,[60],[-117.332237]
2026-07-16T23:30:06+02:00,[60],[-117.332237]
2026-07-16T23:30:05+02:00,[60],[-117.332237]
2026-07-16T23:30:04+02:00,[60],[-117.332237]
2026-07-16T23:30:03+02:00,[60],[-117.332237]
2026-07-16T23:30:02+02:00,[60],[-117.332237]
2026-07-16T23:30:01+02:00,[60],[-117.332237]
2026-07-16T23:30:00+02:00,[60],[-117.332237]
2026-07-16T23:29:59+02:00,[60],[-117.332237]
2026-07-16T23:29:58+02:00,[60],[-117.332237]
2026-07-16T23:29:57+02:00,[60],[-117.332237]
2026-07-16T23:29:56+02:00,[60],[-117.332237]
2026-07-16T23:29:55+02:00,[60],[-117.332237]
2026-07-16T23:29:54+02:00,[60],[-117.332237]
2026-07-16T23:29:53+02:00,[60],[-117.332237]
2026-07-16T23:29:52+02:00,[60],[-117.332237]
2026-07-16T23:29:51+02:00,[60],[-117.332237]
2026-07-16T23:29:50+02:00,[60],[-117.332237]
2026-07-16T23:29:49+02:00,[60],[-117.332237]
2026-07-16T23:29:48+02:00,[60],[-117.332237]
2026-07-16T23:29:47+02:00,[60],[-117.332237]
2026-07-16T23:29:46+02:00,[60],[-117.332237]
2026-07-16T23:29:45+02:00,[60],[-117.332237]
2026-07-16T23:29:44+02:00,[60],[-117.332237]
2026-07-16T23:29:43+02:00,[60],[-117.332237]
2026-07-16T23:29:42+02:00,[60],[-117.332237]
2026-07-16T23:29:41+02:00,[60],[-117.332237]
2026-07-16T23:29:40+02:00,[60],[-117.332237]
2026-07-16T23:29:39+02:00,[60],[-117.332237]
2026-07-16T23:29:38+02:00,[60],[-117.332237]
2026-07-16T23:29:37+02:00,[60],[-117.332237]
2026-07-16T23:29:36+02:00,[60],[-117.332237]
2026-07-16T23:29:35+02:00,[60],[-117.332237]
2026-07-16T23:29:34+02:00,[60],[-117.332237]
2026-07-16T23:29:33+02:00,[60],[-117.332237]
2026-07-16T23:29:32+02:00,[60],[-117.332237]
2026-07-16T23:29:31+02:00,[60],[-117.332237]
2026-07-16T23:29:30+02:00,[60],[-117.332237]
2026-07-16T23:29:29+02:00,[60],[-117.332237]
2026-07-16T23:29:28+02:00,[60],[-117.332237]
2026-07-16T23:29:27+02:00,[60],[-117.332237]
2026-07-16T23:29:26+02:00,[60],[-117.332237]
2026-07-16T23:29:25+02:00,[60],[-117.332237]
2026-07-16T23:29:24+02:00,[60],[-117.332237]
2026-07-16T23:29:23+02:00,[60],[-117.332237]
2026-07-16T23:29:22+02:00,[60],[-117.332237]
2026-07-16T23:29:21+02:00,[60],[-117.332237]
2026-07-16T23:29:20+02:00,[60],[-117.332237]
2026-07-16T23:29:19+02:00,[60],[-117.332237]
2026-07-16T23:29:18+02:00,[60],[-117.332237]
2026-07-16T23:29:17+02:00,[60],[-117.332237]
2026-07-16T23:29:16+02:00,[60],[-117.332237]
2026-07-16T23:29:15+02:00,[60],[-117.332237]
2026-07-16T23:29:14+02:00,[60],[-117.332237]
2026-07-16T23:29:13+02:00,[60],[-117.332237]
2026-07-16T23:29:12+02:00,[60],[-117.332237]
2026-07-16T23:29:11+02:00,[60],[-117.332237]
2026-07-16T23:29:10+02:00,[60],[-117.332237]
2026-07-16T23:29:09+02:00,[60],[-117.332237]
2026-07-16T23:29:08+02:00,[60],[-117.332237]
2026-07-16T23:29:07+02:00,[60],[-117.332237]
2026-07-16T23:29:06+02:00,[60],[-117.332237]
2026-07-16T23:29:05+02:00,[60],[-117.332237]
2026-07-16T23:29:04+02:00,[60],[-117.332237]
2026-07-16T23:29:03+02:00,[60],[-117.332237]
2026-07-16T23:29:02+02:00,[60],[-117.332237]
2026-07-16T23:29:01+02:00,[60],[-117.332237]
2026-07-16T23:29:00+02:00,[60],[-117.332237]
2026-07-16T23:28:59+02:00,[60],[-117.332237]
2026-07-16T23:28:58+02:00,[60],[-117.332237]
2026-07-16T23:28:57+02:00,[60],[-117.332237]
2026-07-16T23:28:56+02:00,[60],[-117.332237]
2026-07-16T23:28:55+02:00,[60],[-117.332237]
2026-07-16T23:28:54+02:00,[60],[-117.332237]
2026-07-16T23:28:53+02:00,[60],[-117.332237]
2026-07-16T23:28:52+02:00,[60],[-117.332237]
2026-07-16T23:28:51+02:00,[60],[-117.332237]
2026-07-16T23:28:50+02:00,[60],[-117.332237]
2026-07-16T23:28:49+02:00,[60],[-117.332237]
2026-07-16T23:28:48+02:00,[60],[-117.332237]
2026-07-16T23:28:47+02:00,[60],[-117.332245]
2026-07-16T23:28:46+02:00,[60],[-117.332245]
2026-07-16T23:28:45+02:00,[60],[-117.332245]
2026-07-16T23:28:44+02:00,[60],[-117.332245]
2026-07-16T23:28:43+02:00,[60],[-117.332245]
2026-07-16T23:28:42+02:00,[60],[-117.332245]
2026-07-16T23:28:41+02:00,[60],[-117.332245]
2026-07-16T23:28:40+02:00,[60],[-117.332245]
2026-07-16T23:28:39+02:00,[60],[-117.332245]
2026-07-16T23:28:38+02:00,[60],[-117.332245]
2026-07-16T23:28:37+02:00,[60],[-117.332245]
2026-07-16T23:28:36+02:00,[60],[-117.332245]
2026-07-16T23:28:35+02:00,[60],[-117.332245]
2026-07-16T23:28:34+02:00,[60],[-117.332245]
2026-07-16T23:28:33+02:00,[60],[-117.332245]
2026-07-16T23:28:32+02:00,[60],[-117.332245]
2026-07-16T23:28:31+02:00,[60],[-117.332245]
2026-07-16T23:28:30+02:00,[60],[-117.332245]
2026-07-16T23:28:29+02:00,[60],[-117.332245]
2026-07-16T23:28:28+02:00,[60],[-117.332245]
2026-07-16T23:28:27+02:00,[60],[-117.332245]
2026-07-16T23:28:26+02:00,[60],[-117.332245]
2026-07-16T23:28:25+02:00,[60],[-117.332245]
2026-07-16T23:28:24+02:00,[60],[-117.332245]
2026-07-16T23:28:23+02:00,[60],[-117.332245]
2026-07-16T23:28:22+02:00,[60],[-117.332245]
2026-07-16T23:28:21+02:00,[60],[-117.332245]
2026-07-16T23:28:20+02:00,[60],[-117.332245]
2026-07-16T23:28:19+02:00,[60],[-117.332245]
2026-07-16T23:28:18+02:00,[60],[-117.332245]
2026-07-16T23:28:17+02:00,[60],[-117.332245]
2026-07-16T23:28:16+02:00,[60],[-117.332245]
2026-07-16T23:28:15+02:00,[60],[-117.332245]
2026-07-16T23:28:14+02:00,[60],[-117.332245]
2026-07-16T23:28:13+02:00,[60],[-117.332245]
2026-07-16T23:28:12+02:00,[60],[-117.332245]
2026-07-16T23:28:11+02:00,[60],[-117.332245]
2026-07-16T23:28:10+02:00,[60],[-117.332245]
2026-07-16T23:28:09+02:00,[60],[-117.332245]
2026-07-16T23:28:08+02:00,[60],[-117.332245]
2026-07-16T23:28:07+02:00,[60],[-117.332245]
2026-07-16T23:28:06+02:00,[60],[-117.332245]
2026-07-16T23:28:05+02:00,[60],[-117.332245]
2026-07-16T23:28:04+02:00,[60],[-117.332245]
2026-07-16T23:28:03+02:00,[60],[-117.332245]
2026-07-16T23:28:02+02:00,[60],[-117.332245]
2026-07-16T23:28:01+02:00,[60],[-117.332245]
2026-07-16T23:28:00+02:00,[60],[-117.332245]
2026-07-16T23:27:59+02:00,[60],[-117.332245]
2026-07-16T23:27:58+02:00,[60],[-117.332245]
2026-07-16T23:27:57+02:00,[60],[-117.332245]
2026-07-16T23:27:56+02:00,[60],[-117.332245]
2026-07-16T23:27:55+02:00,[60],[-117.332245]
2026-07-16T23:27:54+02:00,[60],[-117.332253]
2026-07-16T23:27:53+02:00,[60],[-117.332253]
2026-07-16T23:27:52+02:00,[60],[-117.332253]
2026-07-16T23:27:51+02:00,[60],[-117.332253]
2026-07-16T23:27:50+02:00,[60],[-117.332253]
2026-07-16T23:27:49+02:00,[60],[-117.332253]
2026-07-16T23:27:48+02:00,[60],[-117.332253]
2026-07-16T23:27:47+02:00,[60],[-117.332253]
2026-07-16T23:27:46+02:00,[60],[-117.332253]
2026-07-16T23:27:45+02:00,[60],[-117.332253]
2026-07-16T23:27:44+02:00,[60],[-117.332253]
2026-07-16T23:27:43+02:00,[60],[-117.332253]
2026-07-16T23:27:42+02:00,[60],[-117.332253]
2026-07-16T23:27:41+02:00,[60],[-117.332253]
2026-07-16T23:27:40+02:00,[60],[-117.332253]
2026-07-16T23:27:39+02:00,[60],[-117.33226]
2026-07-16T23:27:38+02:00,[60],[-117.33226]
2026-07-16T23:27:37+02:00,[60],[-117.33226]
2026-07-16T23:27:36+02:00,[60],[-117.33226]
2026-07-16T23:27:35+02:00,[60],[-117.33226]
2026-07-16T23:27:34+02:00,[60],[-117.33226]
2026-07-16T23:27:33+02:00,[60],[-117.33226]
2026-07-16T23:27:32+02:00,[60],[-117.33226]
2026-07-16T23:27:31+02:00,[60],[-117.33226]
2026-07-16T23:27:30+02:00,[60],[-117.33226]
2026-07-16T23:27:29+02:00,[60],[-117.33226]
2026-07-16T23:27:28+02:00,[60],[-117.33226]
2026-07-16T23:27:27+02:00,[60],[-117.33226]
2026-07-16T23:27:26+02:00,[60],[-117.33226]
2026-07-16T23:27:25+02:00,[60],[-117.33226]
2026-07-16T23:27:24+02:00,[60],[-117.33226]
2026-07-16T23:27:23+02:00,[60],[-117.33226]
2026-07-16T23:27:22+02:00,[60],[-117.33226]
2026-07-16T23:27:21+02:00,[60],[-117.33226]
2026-07-16T23:27:20+02:00,[60],[-117.33226]
2026-07-16T23:27:19+02:00,[60],[-117.33226]
2026-07-16T23:27:18+02:00,[60],[-117.33226]
2026-07-16T23:27:17+02:00,[60],[-117.33226]
2026-07-16T23:27:16+02:00,[60],[-117.33226]
2026-07-16T23:27:15+02:00,[60],[-117.33226]
2026-07-16T23:27:14+02:00,[60],[-117.33226]
2026-07-16T23:27:13+02:00,[60],[-117.33226]
2026-07-16T23:27:12+02:00,[60],[-117.33226]
2026-07-16T23:27:11+02:00,[60],[-117.33226]
2026-07-16T23:27:10+02:00,[60],[-117.33226]
2026-07-16T23:27:09+02:00,[60],[-117.33226]
2026-07-16T23:27:08+02:00,[60],[-117.33226]
2026-07-16T23:27:07+02:00,[60],[-117.332268]
2026-07-16T23:27:06+02:00,[60],[-117.332268]
2026-07-16T23:27:05+02:00,[60],[-117.332268]
2026-07-16T23:27:04+02:00,[60],[-117.332268]
2026-07-16T23:27:03+02:00,[60],[-117.332268]
2026-07-16T23:27:02+02:00,[60],[-117.332268]
2026-07-16T23:27:01+02:00,[60],[-117.332268]
2026-07-16T23:27:00+02:00,[60],[-117.332268]
2026-07-16T23:26:59+02:00,[60],[-117.332268]
2026-07-16T23:26:58+02:00,[60],[-117.33226]
2026-07-16T23:26:57+02:00,[60],[-117.33226]
2026-07-16T23:26:56+02:00,[60],[-117.33226]
2026-07-16T23:26:55+02:00,[60],[-117.33226]
2026-07-16T23:26:54+02:00,[60],[-117.33226]
2026-07-16T23:26:53+02:00,[60],[-117.332268]
2026-07-16T23:26:52+02:00,[60],[-117.332268]
2026-07-16T23:26:51+02:00,[60],[-117.332268]
2026-07-16T23:26:50+02:00,[60],[-117.332268]
2026-07-16T23:26:49+02:00,[60],[-117.332268]
2026-07-16T23:26:48+02:00,[60],[-117.332268]
2026-07-16T23:26:47+02:00,[60],[-117.332268]
2026-07-16T23:26:46+02:00,[60],[-117.332268]
2026-07-16T23:26:45+02:00,[60],[-117.332268]
2026-07-16T23:26:44+02:00,[60],[-117.332268]
2026-07-16T23:26:43+02:00,[60],[-117.33226]
2026-07-16T23:26:42+02:00,[60],[-117.33226]
2026-07-16T23:26:41+02:00,[60],[-117.332253]
2026-07-16T23:26:40+02:00,[60],[-117.33226]
2026-07-16T23:26:39+02:00,[60],[-117.33226]
2026-07-16T23:26:38+02:00,[60],[-117.33226]
2026-07-16T23:26:37+02:00,[60],[-117.33226]
2026-07-16T23:26:36+02:00,[60],[-117.33226]
2026-07-16T23:26:35+02:00,[60],[-117.33226]
2026-07-16T23:26:34+02:00,[60],[-117.33226]
2026-07-16T23:26:33+02:00,[60],[-117.33226]
2026-07-16T23:26:32+02:00,[60],[-117.33226]
2026-07-16T23:26:31+02:00,[60],[-117.332268]
2026-07-16T23:26:30+02:00,[60],[-117.332268]
2026-07-16T23:26:29+02:00,[60],[-117.332268]
2026-07-16T23:26:28+02:00,[60],[-117.332268]
2026-07-16T23:26:27+02:00,[60],[-117.332268]
2026-07-16T23:26:26+02:00,[60],[-117.332268]
2026-07-16T23:26:25+02:00,[60],[-117.332268]
2026-07-16T23:26:24+02:00,[60],[-117.332268]
2026-07-16T23:26:23+02:00,[60],[-117.332268]
2026-07-16T23:26:22+02:00,[60],[-117.332268]
2026-07-16T23:26:21+02:00,[60],[-117.332268]
2026-07-16T23:26:20+02:00,[60],[-117.332268]
2026-07-16T23:26:19+02:00,[60],[-117.332268]
2026-07-16T23:26:18+02:00,[60],[-117.332329]
2026-07-16T23:26:17+02:00,[60],[-117.332329]
2026-07-16T23:26:16+02:00,[60],[-117.332329]
2026-07-16T23:26:15+02:00,[60],[-117.332329]
2026-07-16T23:26:14+02:00,[60],[-117.332329]
2026-07-16T23:26:13+02:00,[60],[-117.332329]
2026-07-16T23:26:12+02:00,[60],[-117.332329]
2026-07-16T23:26:11+02:00,[60],[-117.332329]
2026-07-16T23:26:10+02:00,[60],[-117.332329]
2026-07-16T23:26:09+02:00,[60],[-117.332329]
2026-07-16T23:26:08+02:00,[60],[-117.332329]
2026-07-16T23:26:07+02:00,[60],[-117.332329]
2026-07-16T23:26:06+02:00,[60],[-117.332329]
2026-07-16T23:26:05+02:00,[60],[-117.332329]
2026-07-16T23:26:04+02:00,[60],[-117.332329]
2026-07-16T23:26:03+02:00,[60],[-117.332329]
2026-07-16T23:26:02+02:00,[60],[-117.332329]
2026-07-16T23:26:01+02:00,[60],[-117.332329]
2026-07-16T23:26:00+02:00,[60],[-117.332329]
2026-07-16T23:25:59+02:00,[60],[-117.332329]
2026-07-16T23:25:58+02:00,[60],[-117.332329]
2026-07-16T23:25:57+02:00,[60],[-117.332329]
2026-07-16T23:25:56+02:00,[60],[-117.332329]
2026-07-16T23:25:55+02:00,[60],[-117.332329]
2026-07-16T23:25:54+02:00,[60],[-117.332329]
2026-07-16T23:25:53+02:00,[60],[-117.332329]
2026-07-16T23:25:52+02:00,[60],[-117.332329]
2026-07-16T23:25:51+02:00,[60],[-117.332329]
2026-07-16T23:25:50+02:00,[60],[-117.332329]
2026-07-16T23:25:49+02:00,[60],[-117.332329]
2026-07-16T23:25:48+02:00,[60],[-117.332329]
2026-07-16T23:25:47+02:00,[60],[-117.332329]
2026-07-16T23:25:43+02:00,[60],[-117.332291]
2026-07-16T23:25:42+02:00,[60],[-117.332291]
2026-07-16T23:24:54+02:00,[60],[-117.332283]
2026-07-16T23:24:32+02:00,[60],[-117.332283]
2026-07-16T23:21:48+02:00,[60],[-117.33226]
2026-07-16T23:21:47+02:00,[60],[-117.33226]
2026-07-16T23:21:46+02:00,[60],[-117.33226]
2026-07-16T23:21:45+02:00,[60],[-117.33226]
2026-07-16T23:21:44+02:00,[60],[-117.33226]
2026-07-16T23:21:43+02:00,[60],[-117.33226]
2026-07-16T23:21:42+02:00,[60],[-117.33226]
2026-07-16T23:21:41+02:00,[60],[-117.33226]
2026-07-16T23:21:40+02:00,[60],[-117.33226]
2026-07-16T23:21:39+02:00,[60],[-117.33226]
2026-07-16T23:21:38+02:00,[60],[-117.33226]
2026-07-16T23:21:37+02:00,[60],[-117.33226]
2026-07-16T23:21:36+02:00,[60],[-117.33226]
2026-07-16T23:21:35+02:00,[60],[-117.33226]
2026-07-16T23:21:34+02:00,[60],[-117.33226]
2026-07-16T23:21:33+02:00,[60],[-117.33226]
2026-07-16T23:21:32+02:00,[60],[-117.33226]
2026-07-16T23:21:31+02:00,[60],[-117.33226]
2026-07-16T23:21:30+02:00,[60],[-117.33226]
2026-07-16T23:21:29+02:00,[60],[-117.33226]
2026-07-16T23:21:28+02:00,[60],[-117.33226]
2026-07-16T23:21:27+02:00,[60],[-117.33226]
2026-07-16T23:21:26+02:00,[60],[-117.33226]
2026-07-16T23:21:25+02:00,[60],[-117.33226]
2026-07-16T23:21:24+02:00,[60],[-117.33226]
2026-07-16T23:21:23+02:00,[60],[-117.33226]
2026-07-16T23:21:22+02:00,[60],[-117.33226]
2026-07-16T23:21:21+02:00,[60],[-117.33226]
2026-07-16T23:21:20+02:00,[60],[-117.33226]
2026-07-16T23:21:19+02:00,[60],[-117.33226]
2026-07-16T23:21:18+02:00,[60],[-117.33226]
2026-07-16T23:21:17+02:00,[60],[-117.33226]
2026-07-16T23:21:16+02:00,[60],[-117.33226]
2026-07-16T23:21:15+02:00,[60],[-117.33226]
2026-07-16T23:21:14+02:00,[60],[-117.33226]
2026-07-16T23:21:13+02:00,[60],[-117.33226]
2026-07-16T23:21:12+02:00,[60],[-117.33226]
2026-07-16T23:21:11+02:00,[60],[-117.33226]
2026-07-16T23:21:10+02:00,[60],[-117.33226]
2026-07-16T23:21:09+02:00,[60],[-117.33226]
2026-07-16T23:21:08+02:00,[60],[-117.33226]
2026-07-16T23:21:07+02:00,[60],[-117.33226]
2026-07-16T23:21:06+02:00,[60],[-117.33226]
2026-07-16T23:21:05+02:00,[60],[-117.33226]
2026-07-16T23:21:04+02:00,[60],[-117.33226]
2026-07-16T23:21:03+02:00,[60],[-117.33226]
2026-07-16T23:21:02+02:00,[60],[-117.33226]
2026-07-16T23:21:01+02:00,[60],[-117.33226]
2026-07-16T23:21:00+02:00,[60],[-117.33226]
2026-07-16T23:20:59+02:00,[60],[-117.33226]
2026-07-16T23:20:58+02:00,[60],[-117.33226]
2026-07-16T23:20:57+02:00,[60],[-117.33226]
2026-07-16T23:20:56+02:00,[60],[-117.33226]
2026-07-16T23:20:55+02:00,[60],[-117.33226]
2026-07-16T23:20:54+02:00,[60],[-117.33226]
2026-07-16T23:20:53+02:00,[60],[-117.33226]
2026-07-16T23:20:52+02:00,[60],[-117.33226]
2026-07-16T23:20:51+02:00,[60],[-117.33226]
2026-07-16T23:20:50+02:00,[60],[-117.33226]
2026-07-16T23:20:49+02:00,[60],[-117.33226]
2026-07-16T23:20:48+02:00,[60],[-117.33226]
2026-07-16T23:20:47+02:00,[60],[-117.33226]
2026-07-16T23:20:46+02:00,[60],[-117.33226]
2026-07-16T23:20:45+02:00,[60],[-117.33226]
2026-07-16T23:20:44+02:00,[60],[-117.33226]
2026-07-16T23:20:43+02:00,[60],[-117.33226]
2026-07-16T23:20:42+02:00,[60],[-117.33226]
2026-07-16T23:20:41+02:00,[60],[-117.33226]
2026-07-16T23:20:40+02:00,[60],[-117.33226]
2026-07-16T23:20:39+02:00,[60],[-117.33226]
2026-07-16T23:20:38+02:00,[60],[-117.33226]
2026-07-16T23:20:37+02:00,[60],[-117.33226]
2026-07-16T23:20:36+02:00,[60],[-117.33226]
2026-07-16T23:20:35+02:00,[60],[-117.33226]
2026-07-16T23:20:34+02:00,[60],[-117.332253]
2026-07-16T23:20:33+02:00,[60],[-117.332253]
2026-07-16T23:20:32+02:00,[60],[-117.332253]
2026-07-16T23:20:31+02:00,[60],[-117.332253]
2026-07-16T23:20:30+02:00,[60],[-117.332253]
2026-07-16T23:20:29+02:00,[60],[-117.332253]
2026-07-16T23:20:28+02:00,[60],[-117.332253]
2026-07-16T23:20:27+02:00,[60],[-117.332253]
2026-07-16T23:20:26+02:00,[60],[-117.332253]
2026-07-16T23:20:25+02:00,[60],[-117.332253]
2026-07-16T23:20:24+02:00,[60],[-117.332253]
2026-07-16T23:20:23+02:00,[60],[-117.332253]
2026-07-16T23:20:22+02:00,[60],[-117.332253]
2026-07-16T23:20:21+02:00,[60],[-117.332253]
2026-07-16T23:20:20+02:00,[60],[-117.332253]
2026-07-16T23:20:19+02:00,[60],[-117.332253]
2026-07-16T23:20:18+02:00,[60],[-117.332253]
2026-07-16T23:20:17+02:00,[60],[-117.332253]
2026-07-16T23:20:16+02:00,[60],[-117.332253]
2026-07-16T23:20:15+02:00,[60],[-117.332253]
2026-07-16T23:20:14+02:00,[60],[-117.332253]
2026-07-16T23:20:13+02:00,[60],[-117.332253]
2026-07-16T23:20:12+02:00,[60],[-117.332253]
2026-07-16T23:20:11+02:00,[60],[-117.332253]
2026-07-16T23:20:10+02:00,[60],[-117.332253]
2026-07-16T23:20:09+02:00,[60],[-117.332253]
2026-07-16T23:20:08+02:00,[60],[-117.332253]
2026-07-16T23:20:07+02:00,[60],[-117.332253]
2026-07-16T23:20:06+02:00,[60],[-117.332253]
2026-07-16T23:20:05+02:00,[60],[-117.332253]
2026-07-16T23:20:04+02:00,[60],[-117.332253]
2026-07-16T23:20:03+02:00,[60],[-117.332253]
2026-07-16T23:20:02+02:00,[60],[-117.332253]
2026-07-16T23:20:01+02:00,[60],[-117.332253]
2026-07-16T23:20:00+02:00,[60],[-117.332253]
2026-07-16T23:19:59+02:00,[60],[-117.332253]
2026-07-16T23:19:58+02:00,[60],[-117.332253]
2026-07-16T23:19:57+02:00,[60],[-117.332253]
2026-07-16T23:19:56+02:00,[60],[-117.332253]
2026-07-16T23:19:55+02:00,[60],[-117.332253]
2026-07-16T23:19:54+02:00,[60],[-117.332253]
2026-07-16T23:19:53+02:00,[60],[-117.332253]
2026-07-16T23:19:52+02:00,[60],[-117.332253]
2026-07-16T23:19:51+02:00,[60],[-117.332253]
2026-07-16T23:19:50+02:00,[60],[-117.332253]
2026-07-16T23:19:49+02:00,[60],[-117.332253]
2026-07-16T23:19:48+02:00,[60],[-117.332253]
2026-07-16T23:19:47+02:00,[60],[-117.332253]
2026-07-16T23:19:46+02:00,[60],[-117.332253]
2026-07-16T23:19:45+02:00,[60],[-117.332253]
2026-07-16T23:19:44+02:00,[60],[-117.332253]
2026-07-16T23:19:43+02:00,[60],[-117.332253]
2026-07-16T23:19:42+02:00,[60],[-117.332253]
2026-07-16T23:19:41+02:00,[60],[-117.332253]
2026-07-16T23:19:40+02:00,[60],[-117.332253]
2026-07-16T23:19:39+02:00,[60],[-117.332253]
2026-07-16T23:19:38+02:00,[60],[-117.332253]
2026-07-16T23:19:37+02:00,[60],[-117.332253]
2026-07-16T23:19:36+02:00,[60],[-117.332253]
2026-07-16T23:19:35+02:00,[60],[-117.332253]
2026-07-16T23:19:34+02:00,[60],[-117.332253]
2026-07-16T23:19:33+02:00,[60],[-117.332253]
2026-07-16T23:19:32+02:00,[60],[-117.332253]
2026-07-16T23:19:31+02:00,[60],[-117.332253]
2026-07-16T23:19:30+02:00,[60],[-117.332253]
2026-07-16T23:19:29+02:00,[60],[-117.332253]
2026-07-16T23:19:28+02:00,[60],[-117.332253]
2026-07-16T23:19:27+02:00,[60],[-117.332253]
2026-07-16T23:19:26+02:00,[60],[-117.332253]
2026-07-16T23:19:25+02:00,[60],[-117.332253]
2026-07-16T23:19:24+02:00,[60],[-117.332253]
2026-07-16T23:19:23+02:00,[60],[-117.332253]
2026-07-16T23:19:22+02:00,[60],[-117.332253]
2026-07-16T23:19:21+02:00,[60],[-117.332253]
2026-07-16T23:19:20+02:00,[60],[-117.332253]
2026-07-16T23:19:19+02:00,[60],[-117.332253]
2026-07-16T23:19:18+02:00,[60],[-117.332253]
2026-07-16T23:19:17+02:00,[60],[-117.332253]
2026-07-16T23:19:16+02:00,[60],[-117.332253]
2026-07-16T23:19:15+02:00,[60],[-117.332253]
2026-07-16T23:19:14+02:00,[60],[-117.332253]
2026-07-16T23:19:13+02:00,[60],[-117.332253]
2026-07-16T23:19:12+02:00,[60],[-117.332253]
2026-07-16T23:19:11+02:00,[60],[-117.332253]
2026-07-16T23:19:10+02:00,[60],[-117.332253]
2026-07-16T23:19:09+02:00,[60],[-117.332253]
2026-07-16T23:19:08+02:00,[60],[-117.332253]
2026-07-16T23:19:07+02:00,[60],[-117.332253]
2026-07-16T23:19:06+02:00,[60],[-117.332253]
2026-07-16T23:19:05+02:00,[60],[-117.332253]
2026-07-16T23:19:04+02:00,[60],[-117.332253]
2026-07-16T23:19:03+02:00,[60],[-117.332253]
2026-07-16T23:19:02+02:00,[60],[-117.332253]
2026-07-16T23:19:01+02:00,[60],[-117.332253]
2026-07-16T23:19:00+02:00,[60],[-117.332253]
2026-07-16T23:18:59+02:00,[60],[-117.332253]
2026-07-16T23:18:58+02:00,[60],[-117.332253]
2026-07-16T23:18:57+02:00,[60],[-117.332253]
2026-07-16T23:18:56+02:00,[60],[-117.332253]
2026-07-16T23:18:55+02:00,[60],[-117.332253]
2026-07-16T23:18:54+02:00,[60],[-117.332253]
2026-07-16T23:18:53+02:00,[60],[-117.332253]
2026-07-16T23:18:52+02:00,[60],[-117.332253]
2026-07-16T23:18:51+02:00,[60],[-117.332253]
2026-07-16T23:18:50+02:00,[60],[-117.332253]
2026-07-16T23:18:49+02:00,[60],[-117.332253]
2026-07-16T23:18:48+02:00,[60],[-117.332253]
2026-07-16T23:18:47+02:00,[60],[-117.332253]
2026-07-16T23:18:46+02:00,[60],[-117.332253]
2026-07-16T23:18:45+02:00,[60],[-117.332253]
2026-07-16T23:18:44+02:00,[60],[-117.332253]
2026-07-16T23:18:43+02:00,[60],[-117.332253]
2026-07-16T23:18:42+02:00,[60],[-117.332253]
2026-07-16T23:18:41+02:00,[60],[-117.332253]
2026-07-16T23:18:40+02:00,[60],[-117.332253]
2026-07-16T23:18:39+02:00,[60],[-117.332253]
2026-07-16T23:18:38+02:00,[60],[-117.332253]
2026-07-16T23:18:37+02:00,[60],[-117.332253]
2026-07-16T23:18:36+02:00,[60],[-117.332253]
2026-07-16T23:18:35+02:00,[60],[-117.332253]
2026-07-16T23:18:34+02:00,[60],[-117.332253]
2026-07-16T23:18:33+02:00,[60],[-117.332253]
2026-07-16T23:18:32+02:00,[60],[-117.332253]
2026-07-16T23:18:31+02:00,[60],[-117.332253]
2026-07-16T23:18:30+02:00,[60],[-117.332253]
2026-07-16T23:18:29+02:00,[60],[-117.332253]
2026-07-16T23:18:28+02:00,[60],[-117.332253]
2026-07-16T23:18:27+02:00,[60],[-117.332253]
2026-07-16T23:18:26+02:00,[60],[-117.332253]
2026-07-16T23:18:25+02:00,[60],[-117.332253]
2026-07-16T23:18:24+02:00,[60],[-117.332253]
2026-07-16T23:18:23+02:00,[60],[-117.332253]
2026-07-16T23:18:22+02:00,[60],[-117.332253]
2026-07-16T23:18:21+02:00,[60],[-117.332253]
2026-07-16T23:18:20+02:00,[60],[-117.332253]
2026-07-16T23:18:19+02:00,[60],[-117.332253]
2026-07-16T23:18:18+02:00,[60],[-117.332253]
2026-07-16T23:18:17+02:00,[60],[-117.332253]
2026-07-16T23:18:16+02:00,[60],[-117.332253]
2026-07-16T23:18:15+02:00,[60],[-117.332253]
2026-07-16T23:18:14+02:00,[60],[-117.332253]
2026-07-16T23:18:13+02:00,[60],[-117.332253]
2026-07-16T23:18:12+02:00,[60],[-117.332253]
2026-07-16T23:18:11+02:00,[60],[-117.332253]
2026-07-16T23:18:10+02:00,[60],[-117.332253]
2026-07-16T23:18:09+02:00,[60],[-117.332253]
2026-07-16T23:18:08+02:00,[60],[-117.332253]
2026-07-16T23:18:07+02:00,[60],[-117.332253]
2026-07-16T23:18:06+02:00,[60],[-117.332253]
2026-07-16T23:18:05+02:00,[60],[-117.332253]
2026-07-16T23:18:04+02:00,[60],[-117.332245]
2026-07-16T23:18:03+02:00,[60],[-117.332237]
2026-07-16T23:18:02+02:00,[60],[-117.332237]
2026-07-16T23:18:01+02:00,[60],[-117.332237]
2026-07-16T23:18:00+02:00,[60],[-117.332237]
2026-07-16T23:17:59+02:00,[60],[-117.332237]
2026-07-16T23:17:58+02:00,[60],[-117.332237]
2026-07-16T23:17:57+02:00,[60],[-117.332237]
2026-07-16T23:17:56+02:00,[60],[-117.332237]
2026-07-16T23:17:55+02:00,[60],[-117.332237]
2026-07-16T23:17:54+02:00,[60],[-117.332237]
2026-07-16T23:17:53+02:00,[60],[-117.332237]
2026-07-16T23:17:52+02:00,[60],[-117.332237]
2026-07-16T23:17:51+02:00,[60],[-117.332237]
2026-07-16T23:17:50+02:00,[60],[-117.332237]
2026-07-16T23:17:49+02:00,[60],[-117.332237]
2026-07-16T23:17:48+02:00,[60],[-117.332237]
2026-07-16T23:17:47+02:00,[60],[-117.332237]
2026-07-16T23:17:46+02:00,[60],[-117.332237]
2026-07-16T23:17:45+02:00,[60],[-117.332237]
2026-07-16T23:17:44+02:00,[60],[-117.332237]
2026-07-16T23:17:43+02:00,[60],[-117.332237]
2026-07-16T23:17:42+02:00,[60],[-117.332237]
2026-07-16T23:17:41+02:00,[60],[-117.332237]
2026-07-16T23:17:40+02:00,[60],[-117.332237]
2026-07-16T23:17:39+02:00,[60],[-117.332237]
2026-07-16T23:17:38+02:00,[60],[-117.332237]
2026-07-16T23:17:37+02:00,[60],[-117.332237]
2026-07-16T23:17:36+02:00,[60],[-117.332237]
2026-07-16T23:17:35+02:00,[60],[-117.332237]
2026-07-16T23:17:34+02:00,[60],[-117.332237]
2026-07-16T23:17:33+02:00,[60],[-117.332237]
2026-07-16T23:17:32+02:00,[60],[-117.332237]
2026-07-16T23:17:31+02:00,[60],[-117.332237]
2026-07-16T23:17:30+02:00,[60],[-117.332237]
2026-07-16T23:17:29+02:00,[60],[-117.332237]
2026-07-16T23:17:28+02:00,[60],[-117.332237]
2026-07-16T23:17:27+02:00,[60],[-117.332237]
2026-07-16T23:17:26+02:00,[60],[-117.332237]
2026-07-16T23:17:25+02:00,[60],[-117.332237]
2026-07-16T23:17:24+02:00,[60],[-117.332237]
2026-07-16T23:17:23+02:00,[60],[-117.332237]
2026-07-16T23:17:22+02:00,[60],[-117.332237]
2026-07-16T23:17:21+02:00,[60],[-117.332237]
2026-07-16T23:17:20+02:00,[60],[-117.332237]
2026-07-16T23:17:19+02:00,[60],[-117.332237]
2026-07-16T23:17:18+02:00,[60],[-117.332237]
2026-07-16T23:17:17+02:00,[60],[-117.332237]
2026-07-16T23:17:16+02:00,[60],[-117.332237]
2026-07-16T23:17:15+02:00,[60],[-117.332237]
2026-07-16T23:17:14+02:00,[60],[-117.332237]
2026-07-16T23:17:13+02:00,[60],[-117.332237]
2026-07-16T23:17:12+02:00,[60],[-117.332237]
2026-07-16T23:17:11+02:00,[60],[-117.332237]
2026-07-16T23:17:10+02:00,[60],[-117.332268]
2026-07-16T23:17:09+02:00,[60],[-117.332268]
2026-07-16T23:17:08+02:00,[60],[-117.332268]
2026-07-16T23:17:07+02:00,[60],[-117.332268]
2026-07-16T23:17:06+02:00,[60],[-117.332268]
2026-07-16T23:17:05+02:00,[60],[-117.332268]
2026-07-16T23:17:04+02:00,[60],[-117.332268]
2026-07-16T23:17:03+02:00,[60],[-117.332268]
2026-07-16T23:17:02+02:00,[60],[-117.332268]
2026-07-16T23:17:01+02:00,[60],[-117.332268]
2026-07-16T23:17:00+02:00,[60],[-117.332268]
2026-07-16T23:16:59+02:00,[60],[-117.332268]
2026-07-16T23:16:58+02:00,[60],[-117.332268]
2026-07-16T23:16:57+02:00,[60],[-117.332268]
2026-07-16T23:16:56+02:00,[60],[-117.332268]
2026-07-16T23:16:55+02:00,[60],[-117.332268]
2026-07-16T23:16:54+02:00,[60],[-117.332268]
2026-07-16T23:16:53+02:00,[60],[-117.332268]
2026-07-16T23:16:52+02:00,[60],[-117.332268]
2026-07-16T23:16:51+02:00,[60],[-117.332268]
2026-07-16T23:16:50+02:00,[60],[-117.332268]
2026-07-16T23:16:49+02:00,[60],[-117.332268]
2026-07-16T23:16:48+02:00,[60],[-117.332268]
2026-07-16T23:16:47+02:00,[60],[-117.332268]
2026-07-16T23:16:46+02:00,[60],[-117.332268]
2026-07-16T23:16:45+02:00,[60],[-117.332268]
2026-07-16T23:16:44+02:00,[60],[-117.332268]
2026-07-16T23:16:43+02:00,[60],[-117.332268]
2026-07-16T23:16:42+02:00,[60],[-117.332268]
2026-07-16T23:16:41+02:00,[60],[-117.332268]
2026-07-16T23:16:40+02:00,[60],[-117.332268]
2026-07-16T23:16:39+02:00,[60],[-117.332268]
2026-07-16T23:16:38+02:00,[60],[-117.332268]
2026-07-16T23:16:37+02:00,[60],[-117.332268]
2026-07-16T23:16:36+02:00,[60],[-117.332268]
2026-07-16T23:16:35+02:00,[60],[-117.332268]
2026-07-16T23:16:34+02:00,[60],[-117.332268]
2026-07-16T23:16:33+02:00,[60],[-117.332268]
2026-07-16T23:16:32+02:00,[60],[-117.332268]
2026-07-16T23:16:31+02:00,[60],[-117.332268]
2026-07-16T23:16:30+02:00,[60],[-117.332268]
2026-07-16T23:16:29+02:00,[60],[-117.332268]
2026-07-16T23:16:28+02:00,[60],[-117.332268]
2026-07-16T23:16:27+02:00,[60],[-117.332268]
2026-07-16T23:16:26+02:00,[60],[-117.332268]
2026-07-16T23:16:25+02:00,[60],[-117.332268]
2026-07-16T23:16:24+02:00,[60],[-117.332268]
2026-07-16T23:16:23+02:00,[60],[-117.332268]
2026-07-16T23:16:22+02:00,[60],[-117.332268]
2026-07-16T23:16:21+02:00,[60],[-117.332268]
2026-07-16T23:16:20+02:00,[60],[-117.332268]
2026-07-16T23:16:19+02:00,[60],[-117.332268]
2026-07-16T23:16:18+02:00,[60],[-117.332268]
2026-07-16T23:16:17+02:00,[60],[-117.332268]
2026-07-16T23:16:16+02:00,[60],[-117.332268]
2026-07-16T23:16:15+02:00,[60],[-117.332268]
2026-07-16T23:16:14+02:00,[60],[-117.332268]
2026-07-16T23:16:13+02:00,[60],[-117.332268]
2026-07-16T23:16:12+02:00,[60],[-117.332268]
2026-07-16T23:16:11+02:00,[60],[-117.332268]
2026-07-16T23:16:10+02:00,[60],[-117.332268]
2026-07-16T23:16:09+02:00,[60],[-117.332268]
2026-07-16T23:16:08+02:00,[60],[-117.332268]
2026-07-16T23:16:07+02:00,[60],[-117.332268]
2026-07-16T23:16:06+02:00,[60],[-117.332268]
2026-07-16T23:16:05+02:00,[60],[-117.332268]
2026-07-16T23:16:04+02:00,[60],[-117.332268]
2026-07-16T23:16:03+02:00,[60],[-117.332268]
2026-07-16T23:16:02+02:00,[60],[-117.332268]
2026-07-16T23:16:01+02:00,[60],[-117.332268]
2026-07-16T23:16:00+02:00,[60],[-117.332268]
2026-07-16T23:15:59+02:00,[60],[-117.332268]
2026-07-16T23:15:58+02:00,[60],[-117.332268]
2026-07-16T23:15:57+02:00,[60],[-117.332268]
2026-07-16T23:15:56+02:00,[60],[-117.332268]
2026-07-16T23:15:55+02:00,[60],[-117.332268]
2026-07-16T23:15:54+02:00,[60],[-117.332268]
2026-07-16T23:15:53+02:00,[60],[-117.332268]
2026-07-16T23:15:52+02:00,[60],[-117.332268]
2026-07-16T23:15:51+02:00,[60],[-117.332268]
2026-07-16T23:15:50+02:00,[60],[-117.332268]
2026-07-16T23:15:49+02:00,[60],[-117.332268]
2026-07-16T23:15:48+02:00,[60],[-117.332268]
2026-07-16T23:15:47+02:00,[60],[-117.332268]
2026-07-16T23:15:46+02:00,[60],[-117.332268]
2026-07-16T23:15:45+02:00,[60],[-117.332268]
2026-07-16T23:15:44+02:00,[60],[-117.332268]
2026-07-16T23:15:43+02:00,[60],[-117.332268]
2026-07-16T23:15:42+02:00,[60],[-117.332268]
2026-07-16T23:15:41+02:00,[60],[-117.332268]
2026-07-16T23:15:40+02:00,[60],[-117.332268]
2026-07-16T23:15:39+02:00,[60],[-117.332268]
2026-07-16T23:15:38+02:00,[60],[-117.332268]
2026-07-16T23:15:37+02:00,[60],[-117.332268]
2026-07-16T23:15:36+02:00,[60],[-117.332268]
2026-07-16T23:15:35+02:00,[60],[-117.332268]
2026-07-16T23:15:34+02:00,[60],[-117.332268]
2026-07-16T23:15:33+02:00,[60],[-117.332268]
2026-07-16T23:15:32+02:00,[60],[-117.332268]
2026-07-16T23:15:31+02:00,[60],[-117.332268]
2026-07-16T23:15:30+02:00,[60],[-117.332268]
2026-07-16T23:15:29+02:00,[60],[-117.332268]
2026-07-16T23:15:28+02:00,[60],[-117.332268]
2026-07-16T23:15:27+02:00,[60],[-117.332268]
2026-07-16T23:15:26+02:00,[60],[-117.332268]
2026-07-16T23:15:25+02:00,[60],[-117.332268]
2026-07-16T23:15:24+02:00,[60],[-117.332268]
2026-07-16T23:15:23+02:00,[60],[-117.332268]
2026-07-16T23:15:22+02:00,[60],[-117.332268]
2026-07-16T23:15:21+02:00,[60],[-117.332268]
2026-07-16T23:15:20+02:00,[60],[-117.332268]
2026-07-16T23:15:19+02:00,[60],[-117.332268]
2026-07-16T23:15:18+02:00,[60],[-117.332268]
2026-07-16T23:15:17+02:00,[60],[-117.332268]
2026-07-16T23:15:16+02:00,[60],[-117.332268]
2026-07-16T23:15:15+02:00,[60],[-117.332268]
2026-07-16T23:15:14+02:00,[60],[-117.332268]
2026-07-16T23:15:13+02:00,[60],[-117.332268]
2026-07-16T23:15:12+02:00,[60],[-117.332268]
2026-07-16T23:15:11+02:00,[60],[-117.332268]
2026-07-16T23:15:10+02:00,[60],[-117.332268]
2026-07-16T23:15:09+02:00,[60],[-117.332268]
2026-07-16T23:15:08+02:00,[60],[-117.332268]
2026-07-16T23:15:07+02:00,[60],[-117.332268]
2026-07-16T23:15:06+02:00,[60],[-117.332268]
2026-07-16T23:15:05+02:00,[60],[-117.332268]
2026-07-16T23:15:04+02:00,[60],[-117.332268]
2026-07-16T23:15:03+02:00,[60],[-117.332268]
2026-07-16T23:15:02+02:00,[60],[-117.332268]
2026-07-16T23:15:01+02:00,[60],[-117.332268]
2026-07-16T23:15:00+02:00,[60],[-117.332268]
2026-07-16T23:14:59+02:00,[60],[-117.332268]
2026-07-16T23:14:58+02:00,[60],[-117.332268]
2026-07-16T23:14:57+02:00,[60],[-117.332268]
2026-07-16T23:14:56+02:00,[60],[-117.332268]
2026-07-16T23:14:55+02:00,[60],[-117.332268]
2026-07-16T23:14:54+02:00,[60],[-117.332268]
2026-07-16T23:14:53+02:00,[60],[-117.332268]
2026-07-16T23:14:52+02:00,[60],[-117.332268]
2026-07-16T23:14:51+02:00,[60],[-117.332268]
2026-07-16T23:14:50+02:00,[60],[-117.332268]
2026-07-16T23:14:49+02:00,[60],[-117.332268]
2026-07-16T23:14:48+02:00,[60],[-117.332268]
2026-07-16T23:14:47+02:00,[60],[-117.332268]
2026-07-16T23:14:46+02:00,[60],[-117.332268]
2026-07-16T23:14:45+02:00,[60],[-117.332268]
2026-07-16T23:14:44+02:00,[60],[-117.332268]
2026-07-16T23:14:43+02:00,[60],[-117.332268]
2026-07-16T23:14:42+02:00,[60],[-117.332268]
2026-07-16T23:14:41+02:00,[60],[-117.332268]
2026-07-16T23:14:40+02:00,[60],[-117.332268]
2026-07-16T23:14:39+02:00,[60],[-117.332268]
2026-07-16T23:14:38+02:00,[60],[-117.332268]
2026-07-16T23:14:37+02:00,[60],[-117.332268]
2026-07-16T23:14:36+02:00,[60],[-117.332268]
2026-07-16T23:14:35+02:00,[60],[-117.332268]
2026-07-16T23:14:34+02:00,[60],[-117.332268]
2026-07-16T23:14:33+02:00,[60],[-117.332268]
2026-07-16T23:14:32+02:00,[60],[-117.332268]
2026-07-16T23:14:31+02:00,[60],[-117.332268]
2026-07-16T23:14:30+02:00,[60],[-117.332268]
2026-07-16T23:14:29+02:00,[60],[-117.332268]
2026-07-16T23:14:28+02:00,[60],[-117.332268]
2026-07-16T23:14:27+02:00,[60],[-117.332268]
2026-07-16T23:14:26+02:00,[60],[-117.332268]
2026-07-16T23:14:25+02:00,[60],[-117.332268]
2026-07-16T23:14:24+02:00,[60],[-117.332268]
2026-07-16T23:14:23+02:00,[60],[-117.332268]
2026-07-16T23:14:22+02:00,[60],[-117.332268]
2026-07-16T23:14:21+02:00,[60],[-117.332268]
2026-07-16T23:14:20+02:00,[60],[-117.332268]
2026-07-16T23:14:19+02:00,[60],[-117.332268]
2026-07-16T23:14:18+02:00,[60],[-117.332268]
2026-07-16T23:14:17+02:00,[60],[-117.332268]
2026-07-16T23:14:16+02:00,[60],[-117.332268]
2026-07-16T23:14:15+02:00,[60],[-117.332268]
2026-07-16T23:14:14+02:00,[60],[-117.332268]
2026-07-16T23:14:13+02:00,[60],[-117.332268]
2026-07-16T23:14:12+02:00,[60],[-117.332268]
2026-07-16T23:14:11+02:00,[60],[-117.332268]
2026-07-16T23:14:10+02:00,[60],[-117.332268]
2026-07-16T23:14:09+02:00,[60],[-117.332268]
2026-07-16T23:14:08+02:00,[60],[-117.332268]
2026-07-16T23:14:07+02:00,[60],[-117.332268]
2026-07-16T23:14:06+02:00,[60],[-117.332268]
2026-07-16T23:14:05+02:00,[60],[-117.332268]
2026-07-16T23:14:04+02:00,[60],[-117.332268]
2026-07-16T23:14:03+02:00,[60],[-117.332268]
2026-07-16T23:14:02+02:00,[60],[-117.332268]
2026-07-16T23:14:01+02:00,[60],[-117.332268]
2026-07-16T23:14:00+02:00,[60],[-117.332268]
2026-07-16T23:13:59+02:00,[60],[-117.332268]
2026-07-16T23:13:58+02:00,[60],[-117.332268]
2026-07-16T23:13:57+02:00,[60],[-117.332268]
2026-07-16T23:13:56+02:00,[60],[-117.332268]
2026-07-16T23:13:55+02:00,[60],[-117.332268]
2026-07-16T23:13:54+02:00,[60],[-117.332268]
2026-07-16T23:13:53+02:00,[60],[-117.332268]
2026-07-16T23:13:52+02:00,[60],[-117.332268]
2026-07-16T23:13:51+02:00,[60],[-117.332268]
2026-07-16T23:13:50+02:00,[60],[-117.332268]
2026-07-16T23:13:49+02:00,[60],[-117.332268]
2026-07-16T23:13:48+02:00,[60],[-117.332268]
2026-07-16T23:13:47+02:00,[60],[-117.332268]
2026-07-16T23:13:46+02:00,[60],[-117.332268]
2026-07-16T23:13:45+02:00,[60],[-117.332268]
2026-07-16T23:13:44+02:00,[60],[-117.332268]
2026-07-16T23:13:43+02:00,[60],[-117.332268]
2026-07-16T23:13:42+02:00,[60],[-117.332268]
2026-07-16T23:13:41+02:00,[60],[-117.332268]
2026-07-16T23:13:40+02:00,[60],[-117.332268]
2026-07-16T23:13:39+02:00,[60],[-117.332268]
2026-07-16T23:13:38+02:00,[60],[-117.332268]
2026-07-16T23:13:37+02:00,[60],[-117.332268]
2026-07-16T23:13:36+02:00,[60],[-117.332268]
2026-07-16T23:13:35+02:00,[60],[-117.332268]
2026-07-16T23:13:34+02:00,[60],[-117.332268]
2026-07-16T23:13:33+02:00,[60],[-117.332268]
2026-07-16T23:13:32+02:00,[60],[-117.332268]
2026-07-16T23:13:31+02:00,[60],[-117.332268]
2026-07-16T23:13:30+02:00,[60],[-117.332268]
2026-07-16T23:13:29+02:00,[60],[-117.332268]
2026-07-16T23:13:28+02:00,[60],[-117.332268]
2026-07-16T23:13:27+02:00,[60],[-117.332268]
2026-07-16T23:13:26+02:00,[60],[-117.332268]
2026-07-16T23:13:25+02:00,[60],[-117.332268]
2026-07-16T23:13:24+02:00,[60],[-117.332268]
2026-07-16T23:13:23+02:00,[60],[-117.332268]
2026-07-16T23:13:22+02:00,[60],[-117.332268]
2026-07-16T23:13:21+02:00,[60],[-117.332268]
2026-07-16T23:13:20+02:00,[60],[-117.332268]
2026-07-16T23:13:19+02:00,[60],[-117.332268]
2026-07-16T23:13:18+02:00,[60],[-117.332268]
2026-07-16T23:13:17+02:00,[60],[-117.332268]
2026-07-16T23:13:16+02:00,[60],[-117.332268]
2026-07-16T23:13:15+02:00,[60],[-117.332268]
2026-07-16T23:13:14+02:00,[60],[-117.332268]
2026-07-16T23:13:13+02:00,[60],[-117.332268]
2026-07-16T23:13:12+02:00,[60],[-117.332268]
2026-07-16T23:13:11+02:00,[60],[-117.332268]
2026-07-16T23:13:10+02:00,[60],[-117.332268]
2026-07-16T23:13:09+02:00,[60],[-117.332268]
2026-07-16T23:13:08+02:00,[60],[-117.332268]
2026-07-16T23:13:07+02:00,[60],[-117.332268]
2026-07-16T23:13:06+02:00,[60],[-117.332268]
2026-07-16T23:13:05+02:00,[60],[-117.332268]
2026-07-16T23:13:04+02:00,[60],[-117.332268]
2026-07-16T23:13:03+02:00,[60],[-117.332268]
2026-07-16T23:13:02+02:00,[60],[-117.332268]
2026-07-16T23:13:01+02:00,[60],[-117.332268]
2026-07-16T23:13:00+02:00,[60],[-117.332268]
2026-07-16T23:12:59+02:00,[60],[-117.332268]
2026-07-16T23:12:58+02:00,[60],[-117.332268]
2026-07-16T23:12:57+02:00,[60],[-117.332268]
2026-07-16T23:12:56+02:00,[60],[-117.332268]
2026-07-16T23:12:55+02:00,[60],[-117.332268]
2026-07-16T23:12:54+02:00,[60],[-117.332268]
2026-07-16T23:12:53+02:00,[60],[-117.332268]
2026-07-16T23:12:52+02:00,[60],[-117.332268]
2026-07-16T23:12:51+02:00,[60],[-117.332268]
2026-07-16T23:12:50+02:00,[60],[-117.332268]
2026-07-16T23:12:49+02:00,[60],[-117.332268]
2026-07-16T23:12:48+02:00,[60],[-117.332268]
2026-07-16T23:12:47+02:00,[60],[-117.332268]
2026-07-16T23:12:46+02:00,[60],[-117.332268]
2026-07-16T23:12:45+02:00,[60],[-117.332268]
2026-07-16T23:12:44+02:00,[60],[-117.332268]
2026-07-16T23:12:43+02:00,[60],[-117.332268]
2026-07-16T23:12:42+02:00,[60],[-117.332268]
2026-07-16T23:12:41+02:00,[60],[-117.332268]
2026-07-16T23:12:40+02:00,[60],[-117.332268]
2026-07-16T23:12:39+02:00,[60],[-117.332268]
2026-07-16T23:12:38+02:00,[60],[-117.332268]
2026-07-16T23:12:37+02:00,[60],[-117.332268]
2026-07-16T23:12:36+02:00,[60],[-117.332268]
2026-07-16T23:12:35+02:00,[60],[-117.332268]
2026-07-16T23:12:34+02:00,[60],[-117.332268]
2026-07-16T23:12:33+02:00,[60],[-117.332268]
2026-07-16T23:12:32+02:00,[60],[-117.332268]
2026-07-16T23:12:31+02:00,[60],[-117.332268]
2026-07-16T23:12:30+02:00,[60],[-117.332268]
2026-07-16T23:12:29+02:00,[60],[-117.332268]
2026-07-16T23:12:28+02:00,[60],[-117.332268]
2026-07-16T23:12:27+02:00,[60],[-117.332268]
2026-07-16T23:12:26+02:00,[60],[-117.332268]
2026-07-16T23:12:25+02:00,[60],[-117.332268]
2026-07-16T23:12:24+02:00,[60],[-117.332268]
2026-07-16T23:12:23+02:00,[60],[-117.332268]
2026-07-16T23:12:22+02:00,[60],[-117.332268]
2026-07-16T23:12:21+02:00,[60],[-117.332268]
2026-07-16T23:12:20+02:00,[60],[-117.332268]
2026-07-16T23:12:19+02:00,[60],[-117.332268]
2026-07-16T23:12:18+02:00,[60],[-117.332268]
2026-07-16T23:12:17+02:00,[60],[-117.332268]
2026-07-16T23:12:16+02:00,[60],[-117.332268]
2026-07-16T23:12:15+02:00,[60],[-117.332268]
2026-07-16T23:12:14+02:00,[60],[-117.332268]
2026-07-16T23:12:13+02:00,[60],[-117.332275]
2026-07-16T23:12:12+02:00,[60],[-117.332283]
2026-07-16T23:12:11+02:00,[60],[-117.332283]
2026-07-16T23:12:10+02:00,[60],[-117.332283]
2026-07-16T23:12:09+02:00,[60],[-117.332283]
2026-07-16T23:12:08+02:00,[60],[-117.332283]
2026-07-16T23:12:07+02:00,[60],[-117.332283]
2026-07-16T23:12:06+02:00,[60],[-117.332283]
2026-07-16T23:12:05+02:00,[60],[-117.332283]
2026-07-16T23:12:04+02:00,[60],[-117.332283]
2026-07-16T23:12:03+02:00,[60],[-117.332283]
2026-07-16T23:12:02+02:00,[60],[-117.332283]
2026-07-16T23:12:01+02:00,[60],[-117.332283]
2026-07-16T23:12:00+02:00,[60],[-117.332283]
2026-07-16T23:11:59+02:00,[60],[-117.332283]
2026-07-16T23:11:58+02:00,[60],[-117.332283]
2026-07-16T23:11:57+02:00,[60],[-117.332283]
2026-07-16T23:11:56+02:00,[60],[-117.332283]
2026-07-16T23:11:55+02:00,[60],[-117.332283]
2026-07-16T23:11:54+02:00,[60],[-117.332283]
2026-07-16T23:11:53+02:00,[60],[-117.332283]
2026-07-16T23:11:52+02:00,[60],[-117.332283]
2026-07-16T23:11:51+02:00,[60],[-117.332283]
2026-07-16T23:11:50+02:00,[60],[-117.332283]
2026-07-16T23:11:49+02:00,[60],[-117.332283]
2026-07-16T23:11:48+02:00,[60],[-117.332283]
2026-07-16T23:11:47+02:00,[60],[-117.332336]
2026-07-16T23:11:46+02:00,[60],[-117.332336]
2026-07-16T23:11:45+02:00,[60],[-117.332336]
2026-07-16T23:11:44+02:00,[60],[-117.332336]
2026-07-16T23:11:43+02:00,[60],[-117.332336]
2026-07-16T23:11:42+02:00,[60],[-117.332336]
2026-07-16T23:11:38+02:00,[60],[-117.332298]
2026-07-16T23:11:29+02:00,[60],[-117.332283]
2026-07-16T23:11:06+02:00,[60],[-117.332283]
2026-07-16T23:08:06+02:00,[60],[-117.33226]
2026-07-16T23:08:05+02:00,[60],[-117.33226]
2026-07-16T23:08:04+02:00,[60],[-117.33226]
2026-07-16T23:08:03+02:00,[60],[-117.33226]
2026-07-16T23:08:02+02:00,[60],[-117.33226]
2026-07-16T23:08:01+02:00,[60],[-117.33226]
2026-07-16T23:08:00+02:00,[60],[-117.33226]
2026-07-16T23:07:59+02:00,[60],[-117.33226]
2026-07-16T23:07:58+02:00,[60],[-117.33226]
2026-07-16T23:07:57+02:00,[60],[-117.332253]
2026-07-16T23:07:56+02:00,[60],[-117.332253]
2026-07-16T23:07:55+02:00,[60],[-117.33226]
2026-07-16T23:07:54+02:00,[60],[-117.332268]
2026-07-16T23:07:53+02:00,[60],[-117.332268]
2026-07-16T23:07:52+02:00,[60],[-117.332268]
2026-07-16T23:07:51+02:00,[60],[-117.332275]
2026-07-16T23:07:50+02:00,[60],[-117.33226]
2026-07-16T23:07:49+02:00,[60],[-117.33226]
2026-07-16T23:07:48+02:00,[60],[-117.33226]
2026-07-16T23:07:47+02:00,[60],[-117.33226]
2026-07-16T23:07:46+02:00,[60],[-117.33226]
2026-07-16T23:07:45+02:00,[60],[-117.33226]
2026-07-16T23:07:44+02:00,[60],[-117.33226]
2026-07-16T23:07:43+02:00,[60],[-117.33226]
2026-07-16T23:07:42+02:00,[60],[-117.33226]
2026-07-16T23:07:41+02:00,[60],[-117.33226]
2026-07-16T23:07:40+02:00,[60],[-117.33226]
2026-07-16T23:07:39+02:00,[60],[-117.33226]
2026-07-16T23:07:38+02:00,[60],[-117.33226]
2026-07-16T23:07:37+02:00,[60],[-117.33226]
2026-07-16T23:07:36+02:00,[60],[-117.33226]
2026-07-16T23:07:35+02:00,[60],[-117.33226]
2026-07-16T23:07:34+02:00,[60],[-117.33226]
2026-07-16T23:07:33+02:00,[60],[-117.33226]
2026-07-16T23:07:32+02:00,[60],[-117.33226]
2026-07-16T23:07:31+02:00,[60],[-117.33226]
2026-07-16T23:07:30+02:00,[60],[-117.33226]
2026-07-16T23:07:29+02:00,[60],[-117.33226]
2026-07-16T23:07:28+02:00,[60],[-117.33226]
2026-07-16T23:07:27+02:00,[60],[-117.33226]
2026-07-16T23:07:26+02:00,[60],[-117.33226]
2026-07-16T23:07:25+02:00,[60],[-117.33226]
2026-07-16T23:07:24+02:00,[60],[-117.33226]
2026-07-16T23:07:23+02:00,[60],[-117.33226]
2026-07-16T23:07:22+02:00,[60],[-117.33226]
2026-07-16T23:07:21+02:00,[60],[-117.33226]
2026-07-16T23:07:20+02:00,[60],[-117.33226]
2026-07-16T23:07:19+02:00,[60],[-117.33226]
2026-07-16T23:07:18+02:00,[60],[-117.33226]
2026-07-16T23:07:17+02:00,[60],[-117.33226]
2026-07-16T23:07:16+02:00,[60],[-117.33226]
2026-07-16T23:07:15+02:00,[60],[-117.33226]
2026-07-16T23:07:14+02:00,[60],[-117.33226]
2026-07-16T23:07:13+02:00,[60],[-117.33226]
2026-07-16T23:07:12+02:00,[60],[-117.33226]
2026-07-16T23:07:11+02:00,[60],[-117.33226]
2026-07-16T23:07:10+02:00,[60],[-117.33226]
2026-07-16T23:07:09+02:00,[60],[-117.33226]
2026-07-16T23:07:08+02:00,[60],[-117.33226]
2026-07-16T23:07:07+02:00,[60],[-117.33226]
2026-07-16T23:07:06+02:00,[60],[-117.33226]
2026-07-16T23:07:05+02:00,[60],[-117.33226]
2026-07-16T23:07:04+02:00,[60],[-117.33226]
2026-07-16T23:07:03+02:00,[60],[-117.33226]
2026-07-16T23:07:02+02:00,[60],[-117.33226]
2026-07-16T23:07:01+02:00,[60],[-117.33226]
2026-07-16T23:07:00+02:00,[60],[-117.33226]
2026-07-16T23:06:59+02:00,[60],[-117.33226]
2026-07-16T23:06:58+02:00,[60],[-117.33226]
2026-07-16T23:06:57+02:00,[60],[-117.33226]
2026-07-16T23:06:56+02:00,[60],[-117.33226]
2026-07-16T23:06:55+02:00,[60],[-117.33226]
2026-07-16T23:06:54+02:00,[60],[-117.33226]
2026-07-16T23:06:53+02:00,[60],[-117.33226]
2026-07-16T23:06:52+02:00,[60],[-117.33226]
2026-07-16T23:06:51+02:00,[60],[-117.33226]
2026-07-16T23:06:50+02:00,[60],[-117.33226]
2026-07-16T23:06:49+02:00,[60],[-117.33226]
2026-07-16T23:06:48+02:00,[60],[-117.33226]
2026-07-16T23:06:47+02:00,[60],[-117.33226]
2026-07-16T23:06:46+02:00,[60],[-117.33226]
2026-07-16T23:06:45+02:00,[60],[-117.33226]
2026-07-16T23:06:44+02:00,[60],[-117.33226]
2026-07-16T23:06:43+02:00,[60],[-117.33226]
2026-07-16T23:06:42+02:00,[60],[-117.33226]
2026-07-16T23:06:41+02:00,[60],[-117.33226]
2026-07-16T23:06:40+02:00,[60],[-117.33226]
2026-07-16T23:06:39+02:00,[60],[-117.33226]
2026-07-16T23:06:38+02:00,[60],[-117.33226]
2026-07-16T23:06:37+02:00,[60],[-117.33226]
2026-07-16T23:06:36+02:00,[60],[-117.33226]
2026-07-16T23:06:35+02:00,[60],[-117.33226]
2026-07-16T23:06:34+02:00,[60],[-117.33226]
2026-07-16T23:06:33+02:00,[60],[-117.33226]
2026-07-16T23:06:32+02:00,[60],[-117.33226]
2026-07-16T23:06:31+02:00,[60],[-117.33226]
2026-07-16T23:06:30+02:00,[60],[-117.33226]
2026-07-16T23:06:29+02:00,[60],[-117.33226]
2026-07-16T23:06:28+02:00,[60],[-117.33226]
2026-07-16T23:06:27+02:00,[60],[-117.33226]
2026-07-16T23:06:26+02:00,[60],[-117.33226]
2026-07-16T23:06:25+02:00,[60],[-117.33226]
2026-07-16T23:06:24+02:00,[60],[-117.33226]
2026-07-16T23:06:23+02:00,[60],[-117.33226]
2026-07-16T23:06:22+02:00,[60],[-117.33226]
2026-07-16T23:06:21+02:00,[60],[-117.33226]
2026-07-16T23:06:20+02:00,[60],[-117.33226]
2026-07-16T23:06:19+02:00,[60],[-117.33226]
2026-07-16T23:06:18+02:00,[60],[-117.33226]
2026-07-16T23:06:17+02:00,[60],[-117.33226]
2026-07-16T23:06:16+02:00,[60],[-117.33226]
2026-07-16T23:06:15+02:00,[60],[-117.33226]
2026-07-16T23:06:14+02:00,[60],[-117.33226]
2026-07-16T23:06:13+02:00,[60],[-117.33226]
2026-07-16T23:06:12+02:00,[60],[-117.33226]
2026-07-16T23:06:11+02:00,[60],[-117.33226]
2026-07-16T23:06:10+02:00,[60],[-117.33226]
2026-07-16T23:06:09+02:00,[60],[-117.33226]
2026-07-16T23:06:08+02:00,[60],[-117.33226]
2026-07-16T23:06:07+02:00,[60],[-117.33226]
2026-07-16T23:06:06+02:00,[60],[-117.33226]
2026-07-16T23:06:05+02:00,[60],[-117.33226]
2026-07-16T23:06:04+02:00,[60],[-117.33226]
2026-07-16T23:06:03+02:00,[60],[-117.33226]
2026-07-16T23:06:02+02:00,[60],[-117.33226]
2026-07-16T23:06:01+02:00,[60],[-117.332268]
2026-07-16T23:06:00+02:00,[60],[-117.332268]
2026-07-16T23:05:59+02:00,[60],[-117.332268]
2026-07-16T23:05:58+02:00,[60],[-117.332268]
2026-07-16T23:05:57+02:00,[60],[-117.332268]
2026-07-16T23:05:56+02:00,[60],[-117.332268]
2026-07-16T23:05:55+02:00,[60],[-117.332268]
2026-07-16T23:05:54+02:00,[60],[-117.332268]
2026-07-16T23:05:53+02:00,[60],[-117.332268]
2026-07-16T23:05:52+02:00,[60],[-117.332268]
2026-07-16T23:05:51+02:00,[60],[-117.332268]
2026-07-16T23:05:50+02:00,[60],[-117.332268]
2026-07-16T23:05:49+02:00,[60],[-117.332268]
2026-07-16T23:05:48+02:00,[60],[-117.332268]
2026-07-16T23:05:47+02:00,[60],[-117.332268]
2026-07-16T23:05:46+02:00,[60],[-117.332268]
2026-07-16T23:05:45+02:00,[60],[-117.332268]
2026-07-16T23:05:44+02:00,[60],[-117.332268]
2026-07-16T23:05:43+02:00,[60],[-117.332268]
2026-07-16T23:05:42+02:00,[60],[-117.332268]
2026-07-16T23:05:41+02:00,[60],[-117.332268]
2026-07-16T23:05:40+02:00,[60],[-117.332268]
2026-07-16T23:05:39+02:00,[60],[-117.332268]
2026-07-16T23:05:38+02:00,[60],[-117.332268]
2026-07-16T23:05:37+02:00,[60],[-117.332268]
2026-07-16T23:05:36+02:00,[60],[-117.332283]
2026-07-16T23:05:35+02:00,[60],[-117.332283]
2026-07-16T23:05:34+02:00,[60],[-117.332283]
2026-07-16T23:05:33+02:00,[60],[-117.332283]
2026-07-16T23:05:32+02:00,[60],[-117.332283]
2026-07-16T23:05:31+02:00,[60],[-117.332283]
2026-07-16T23:05:30+02:00,[60],[-117.332283]
2026-07-16T23:05:29+02:00,[60],[-117.332283]
2026-07-16T23:05:28+02:00,[60],[-117.332283]
2026-07-16T23:05:27+02:00,[60],[-117.332283]
2026-07-16T23:05:26+02:00,[60],[-117.332283]
2026-07-16T23:05:25+02:00,[60],[-117.332283]
2026-07-16T23:05:24+02:00,[60],[-117.332283]
2026-07-16T23:05:23+02:00,[60],[-117.332283]
2026-07-16T23:05:22+02:00,[60],[-117.332283]
2026-07-16T23:05:21+02:00,[60],[-117.332283]
2026-07-16T23:05:20+02:00,[60],[-117.332283]
2026-07-16T23:05:19+02:00,[60],[-117.332283]
2026-07-16T23:05:18+02:00,[60],[-117.332283]
2026-07-16T23:05:17+02:00,[60],[-117.332283]
2026-07-16T23:05:16+02:00,[60],[-117.332283]
2026-07-16T23:05:15+02:00,[60],[-117.332283]
2026-07-16T23:05:14+02:00,[60],[-117.332283]
2026-07-16T23:05:13+02:00,[60],[-117.332283]
2026-07-16T23:05:12+02:00,[60],[-117.332283]
2026-07-16T23:05:11+02:00,[60],[-117.332283]
2026-07-16T23:05:10+02:00,[60],[-117.332283]
2026-07-16T23:05:09+02:00,[60],[-117.332283]
2026-07-16T23:05:08+02:00,[60],[-117.332283]
2026-07-16T23:05:07+02:00,[60],[-117.332283]
2026-07-16T23:05:06+02:00,[60],[-117.332283]
2026-07-16T23:05:05+02:00,[60],[-117.332283]
2026-07-16T23:05:04+02:00,[60],[-117.332283]
2026-07-16T23:05:03+02:00,[60],[-117.332283]
2026-07-16T23:05:02+02:00,[60],[-117.332283]
2026-07-16T23:05:01+02:00,[60],[-117.332283]
2026-07-16T23:05:00+02:00,[60],[-117.332283]
2026-07-16T23:04:59+02:00,[60],[-117.332283]
2026-07-16T23:04:58+02:00,[60],[-117.332283]
2026-07-16T23:04:57+02:00,[60],[-117.332283]
2026-07-16T23:04:56+02:00,[60],[-117.332283]
2026-07-16T23:04:55+02:00,[60],[-117.332283]
2026-07-16T23:04:54+02:00,[60],[-117.332283]
2026-07-16T23:04:53+02:00,[60],[-117.332283]
2026-07-16T23:04:52+02:00,[60],[-117.332283]
2026-07-16T23:04:51+02:00,[60],[-117.332283]
2026-07-16T23:04:50+02:00,[60],[-117.332283]
2026-07-16T23:04:49+02:00,[60],[-117.332283]
2026-07-16T23:04:48+02:00,[60],[-117.332283]
2026-07-16T23:04:47+02:00,[60],[-117.332283]
2026-07-16T23:04:46+02:00,[60],[-117.332283]
2026-07-16T23:04:45+02:00,[60],[-117.332283]
2026-07-16T23:04:44+02:00,[60],[-117.332283]
2026-07-16T23:04:43+02:00,[60],[-117.332283]
2026-07-16T23:04:42+02:00,[60],[-117.332283]
2026-07-16T23:04:41+02:00,[60],[-117.332283]
2026-07-16T23:04:40+02:00,[60],[-117.332283]
2026-07-16T23:04:39+02:00,[60],[-117.332283]
2026-07-16T23:04:38+02:00,[60],[-117.332283]
2026-07-16T23:04:37+02:00,[60],[-117.332283]
2026-07-16T23:04:36+02:00,[60],[-117.332283]
2026-07-16T23:04:35+02:00,[60],[-117.332283]
2026-07-16T23:04:34+02:00,[60],[-117.332283]
2026-07-16T23:04:33+02:00,[60],[-117.332283]
2026-07-16T23:04:32+02:00,[60],[-117.332283]
2026-07-16T23:04:31+02:00,[60],[-117.332283]
2026-07-16T23:04:30+02:00,[60],[-117.332283]
2026-07-16T23:04:29+02:00,[60],[-117.332283]
2026-07-16T23:04:28+02:00,[60],[-117.332283]
2026-07-16T23:04:27+02:00,[60],[-117.332283]
2026-07-16T23:04:26+02:00,[60],[-117.332283]
2026-07-16T23:04:25+02:00,[60],[-117.33226]
2026-07-16T23:04:24+02:00,[60],[-117.33226]
2026-07-16T23:04:23+02:00,[60],[-117.33226]
2026-07-16T23:04:22+02:00,[60],[-117.33226]
2026-07-16T23:04:21+02:00,[60],[-117.33226]
2026-07-16T23:04:20+02:00,[60],[-117.33226]
2026-07-16T23:04:19+02:00,[60],[-117.33226]
2026-07-16T23:04:18+02:00,[60],[-117.33226]
2026-07-16T23:04:17+02:00,[60],[-117.33226]
2026-07-16T23:04:16+02:00,[60],[-117.33226]
2026-07-16T23:04:15+02:00,[60],[-117.33226]
2026-07-16T23:04:14+02:00,[60],[-117.33226]
2026-07-16T23:04:13+02:00,[60],[-117.33226]
2026-07-16T23:04:12+02:00,[60],[-117.33226]
2026-07-16T23:04:11+02:00,[60],[-117.33226]
2026-07-16T23:04:10+02:00,[60],[-117.33226]
2026-07-16T23:04:09+02:00,[60],[-117.33226]
2026-07-16T23:04:08+02:00,[60],[-117.33226]
2026-07-16T23:04:07+02:00,[60],[-117.33226]
2026-07-16T23:04:06+02:00,[60],[-117.33226]
2026-07-16T23:04:05+02:00,[60],[-117.33226]
2026-07-16T23:04:04+02:00,[60],[-117.33226]
2026-07-16T23:04:03+02:00,[60],[-117.33226]
2026-07-16T23:04:02+02:00,[60],[-117.33226]
2026-07-16T23:04:01+02:00,[60],[-117.33226]
2026-07-16T23:04:00+02:00,[60],[-117.33226]
2026-07-16T23:03:59+02:00,[60],[-117.33226]
2026-07-16T23:03:58+02:00,[60],[-117.33226]
2026-07-16T23:03:57+02:00,[60],[-117.33226]
2026-07-16T23:03:56+02:00,[60],[-117.33226]
2026-07-16T23:03:55+02:00,[60],[-117.33226]
2026-07-16T23:03:54+02:00,[60],[-117.33226]
2026-07-16T23:03:53+02:00,[60],[-117.33226]
2026-07-16T23:03:52+02:00,[60],[-117.33226]
2026-07-16T23:03:51+02:00,[60],[-117.33226]
2026-07-16T23:03:50+02:00,[60],[-117.33226]
2026-07-16T23:03:49+02:00,[60],[-117.33226]
2026-07-16T23:03:48+02:00,[60],[-117.33226]
2026-07-16T23:03:47+02:00,[60],[-117.33226]
2026-07-16T23:03:46+02:00,[60],[-117.33226]
2026-07-16T23:03:45+02:00,[60],[-117.33226]
2026-07-16T23:03:44+02:00,[60],[-117.33226]
2026-07-16T23:03:43+02:00,[60],[-117.33226]
2026-07-16T23:03:42+02:00,[60],[-117.33226]
2026-07-16T23:03:41+02:00,[60],[-117.33226]
2026-07-16T23:03:40+02:00,[60],[-117.33226]
2026-07-16T23:03:39+02:00,[60],[-117.33226]
2026-07-16T23:03:38+02:00,[60],[-117.33226]
2026-07-16T23:03:37+02:00,[60],[-117.33226]
2026-07-16T23:03:36+02:00,[60],[-117.33226]
2026-07-16T23:03:35+02:00,[60],[-117.33226]
2026-07-16T23:03:34+02:00,[60],[-117.33226]
2026-07-16T23:03:33+02:00,[60],[-117.33226]
2026-07-16T23:03:32+02:00,[60],[-117.33226]
2026-07-16T23:03:31+02:00,[60],[-117.33226]
2026-07-16T23:03:30+02:00,[60],[-117.33226]
2026-07-16T23:03:29+02:00,[60],[-117.33226]
2026-07-16T23:03:28+02:00,[60],[-117.33226]
2026-07-16T23:03:27+02:00,[60],[-117.33226]
2026-07-16T23:03:26+02:00,[60],[-117.33226]
2026-07-16T23:03:25+02:00,[60],[-117.33226]
2026-07-16T23:03:24+02:00,[60],[-117.33226]
2026-07-16T23:03:23+02:00,[60],[-117.33226]
2026-07-16T23:03:22+02:00,[60],[-117.33226]
2026-07-16T23:03:21+02:00,[60],[-117.33226]
2026-07-16T23:03:20+02:00,[60],[-117.33226]
2026-07-16T23:03:19+02:00,[60],[-117.33226]
2026-07-16T23:03:18+02:00,[60],[-117.33226]
2026-07-16T23:03:17+02:00,[60],[-117.33226]
2026-07-16T23:03:16+02:00,[60],[-117.33226]
2026-07-16T23:03:15+02:00,[60],[-117.33226]
2026-07-16T23:03:14+02:00,[60],[-117.33226]
2026-07-16T23:03:13+02:00,[60],[-117.33226]
2026-07-16T23:03:12+02:00,[60],[-117.33226]
2026-07-16T23:03:11+02:00,[60],[-117.33226]
2026-07-16T23:03:10+02:00,[60],[-117.33226]
2026-07-16T23:03:09+02:00,[60],[-117.33226]
2026-07-16T23:03:08+02:00,[60],[-117.33226]
2026-07-16T23:03:07+02:00,[60],[-117.33226]
2026-07-16T23:03:06+02:00,[60],[-117.33226]
2026-07-16T23:03:05+02:00,[60],[-117.33226]
2026-07-16T23:03:04+02:00,[60],[-117.33226]
2026-07-16T23:03:03+02:00,[60],[-117.33226]
2026-07-16T23:03:02+02:00,[60],[-117.33226]
2026-07-16T23:03:01+02:00,[60],[-117.33226]
2026-07-16T23:03:00+02:00,[60],[-117.33226]
2026-07-16T23:02:59+02:00,[60],[-117.33226]
2026-07-16T23:02:58+02:00,[60],[-117.33226]
2026-07-16T23:02:57+02:00,[60],[-117.33226]
2026-07-16T23:02:56+02:00,[60],[-117.33226]
2026-07-16T23:02:55+02:00,[60],[-117.33226]
2026-07-16T23:02:54+02:00,[60],[-117.33226]
2026-07-16T23:02:53+02:00,[60],[-117.33226]
2026-07-16T23:02:52+02:00,[60],[-117.33226]
2026-07-16T23:02:51+02:00,[60],[-117.33226]
2026-07-16T23:02:50+02:00,[60],[-117.33226]
2026-07-16T23:02:49+02:00,[60],[-117.33226]
2026-07-16T23:02:48+02:00,[60],[-117.33226]
2026-07-16T23:02:47+02:00,[60],[-117.33226]
2026-07-16T23:02:46+02:00,[60],[-117.33226]
2026-07-16T23:02:45+02:00,[60],[-117.33226]
2026-07-16T23:02:44+02:00,[60],[-117.33226]
2026-07-16T23:02:43+02:00,[60],[-117.33226]
2026-07-16T23:02:42+02:00,[60],[-117.33226]
2026-07-16T23:02:41+02:00,[60],[-117.33226]
2026-07-16T23:02:40+02:00,[60],[-117.33226]
2026-07-16T23:02:39+02:00,[60],[-117.33226]
2026-07-16T23:02:38+02:00,[60],[-117.33226]
2026-07-16T23:02:37+02:00,[60],[-117.33226]
2026-07-16T23:02:36+02:00,[60],[-117.33226]
2026-07-16T23:02:35+02:00,[60],[-117.33226]
2026-07-16T23:02:34+02:00,[60],[-117.33226]
2026-07-16T23:02:33+02:00,[60],[-117.33226]
2026-07-16T23:02:32+02:00,[60],[-117.33226]
2026-07-16T23:02:31+02:00,[60],[-117.33226]
2026-07-16T23:02:30+02:00,[60],[-117.33226]
2026-07-16T23:02:29+02:00,[60],[-117.33226]
2026-07-16T23:02:28+02:00,[60],[-117.33226]
2026-07-16T23:02:27+02:00,[60],[-117.33226]
2026-07-16T23:02:26+02:00,[60],[-117.33226]
2026-07-16T23:02:25+02:00,[60],[-117.33226]
2026-07-16T23:02:24+02:00,[60],[-117.33226]
2026-07-16T23:02:23+02:00,[60],[-117.33226]
2026-07-16T23:02:22+02:00,[60],[-117.33226]
2026-07-16T23:02:21+02:00,[60],[-117.33226]
2026-07-16T23:02:20+02:00,[60],[-117.33226]
2026-07-16T23:02:19+02:00,[60],[-117.33226]
2026-07-16T23:02:18+02:00,[60],[-117.33226]
2026-07-16T23:02:17+02:00,[60],[-117.33226]
2026-07-16T23:02:16+02:00,[60],[-117.33226]
2026-07-16T23:02:15+02:00,[60],[-117.33226]
2026-07-16T23:02:14+02:00,[60],[-117.33226]
2026-07-16T23:02:13+02:00,[60],[-117.33226]
2026-07-16T23:02:12+02:00,[60],[-117.33226]
2026-07-16T23:02:11+02:00,[60],[-117.33226]
2026-07-16T23:02:10+02:00,[60],[-117.33226]
2026-07-16T23:02:09+02:00,[60],[-117.33226]
2026-07-16T23:02:08+02:00,[60],[-117.33226]
2026-07-16T23:02:07+02:00,[60],[-117.33226]
2026-07-16T23:02:06+02:00,[60],[-117.33226]
2026-07-16T23:02:05+02:00,[60],[-117.33226]
2026-07-16T23:02:04+02:00,[60],[-117.33226]
2026-07-16T23:02:03+02:00,[60],[-117.33226]
2026-07-16T23:02:02+02:00,[60],[-117.33226]
2026-07-16T23:02:01+02:00,[60],[-117.33226]
2026-07-16T23:02:00+02:00,[60],[-117.33226]
2026-07-16T23:01:59+02:00,[60],[-117.33226]
2026-07-16T23:01:58+02:00,[60],[-117.33226]
2026-07-16T23:01:57+02:00,[60],[-117.33226]
2026-07-16T23:01:56+02:00,[60],[-117.33226]
2026-07-16T23:01:55+02:00,[60],[-117.33226]
2026-07-16T23:01:54+02:00,[60],[-117.33226]
2026-07-16T23:01:53+02:00,[60],[-117.33226]
2026-07-16T23:01:52+02:00,[60],[-117.33226]
2026-07-16T23:01:51+02:00,[60],[-117.33226]
2026-07-16T23:01:50+02:00,[60],[-117.33226]
2026-07-16T23:01:49+02:00,[60],[-117.33226]
2026-07-16T23:01:48+02:00,[60],[-117.33226]
2026-07-16T23:01:47+02:00,[60],[-117.33226]
2026-07-16T23:01:46+02:00,[60],[-117.33226]
2026-07-16T23:01:45+02:00,[60],[-117.33226]
2026-07-16T23:01:44+02:00,[60],[-117.33226]
2026-07-16T23:01:43+02:00,[60],[-117.33226]
2026-07-16T23:01:42+02:00,[60],[-117.33226]
2026-07-16T23:01:41+02:00,[60],[-117.33226]
2026-07-16T23:01:40+02:00,[60],[-117.33226]
2026-07-16T23:01:39+02:00,[60],[-117.33226]
2026-07-16T23:01:38+02:00,[60],[-117.33226]
2026-07-16T23:01:37+02:00,[60],[-117.33226]
2026-07-16T23:01:36+02:00,[60],[-117.33226]
2026-07-16T23:01:35+02:00,[60],[-117.33226]
2026-07-16T23:01:34+02:00,[60],[-117.33226]
2026-07-16T23:01:33+02:00,[60],[-117.33226]
2026-07-16T23:01:32+02:00,[60],[-117.33226]
2026-07-16T23:01:31+02:00,[60],[-117.33226]
2026-07-16T23:01:30+02:00,[60],[-117.33226]
2026-07-16T23:01:29+02:00,[60],[-117.33226]
2026-07-16T23:01:28+02:00,[60],[-117.33226]
2026-07-16T23:01:27+02:00,[60],[-117.33226]
2026-07-16T23:01:26+02:00,[60],[-117.33226]
2026-07-16T23:01:25+02:00,[60],[-117.33226]
2026-07-16T23:01:24+02:00,[60],[-117.33226]
2026-07-16T23:01:23+02:00,[60],[-117.33226]
2026-07-16T23:01:22+02:00,[60],[-117.33226]
2026-07-16T23:01:21+02:00,[60],[-117.33226]
2026-07-16T23:01:20+02:00,[60],[-117.33226]
2026-07-16T23:01:19+02:00,[60],[-117.33226]
2026-07-16T23:01:18+02:00,[60],[-117.33226]
2026-07-16T23:01:17+02:00,[60],[-117.33226]
2026-07-16T23:01:16+02:00,[60],[-117.33226]
2026-07-16T23:01:15+02:00,[60],[-117.33226]
2026-07-16T23:01:14+02:00,[60],[-117.33226]
2026-07-16T23:01:13+02:00,[60],[-117.33226]
2026-07-16T23:01:12+02:00,[60],[-117.33226]
2026-07-16T23:01:11+02:00,[60],[-117.33226]
2026-07-16T23:01:10+02:00,[60],[-117.33226]
2026-07-16T23:01:09+02:00,[60],[-117.33226]
2026-07-16T23:01:08+02:00,[60],[-117.33226]
2026-07-16T23:01:07+02:00,[60],[-117.33226]
2026-07-16T23:01:06+02:00,[60],[-117.33226]
2026-07-16T23:01:05+02:00,[60],[-117.33226]
2026-07-16T23:01:04+02:00,[60],[-117.33226]
2026-07-16T23:01:03+02:00,[60],[-117.33226]
2026-07-16T23:01:02+02:00,[60],[-117.33226]
2026-07-16T23:01:01+02:00,[60],[-117.33226]
2026-07-16T23:01:00+02:00,[60],[-117.33226]
2026-07-16T23:00:59+02:00,[60],[-117.33226]
2026-07-16T23:00:58+02:00,[60],[-117.33226]
2026-07-16T23:00:57+02:00,[60],[-117.33226]
2026-07-16T23:00:56+02:00,[60],[-117.33226]
2026-07-16T23:00:55+02:00,[60],[-117.33226]
2026-07-16T23:00:54+02:00,[60],[-117.33226]
2026-07-16T23:00:53+02:00,[60],[-117.33226]
2026-07-16T23:00:52+02:00,[60],[-117.33226]
2026-07-16T23:00:51+02:00,[60],[-117.33226]
2026-07-16T23:00:50+02:00,[60],[-117.33226]
2026-07-16T23:00:49+02:00,[60],[-117.33226]
2026-07-16T23:00:48+02:00,[60],[-117.33226]
2026-07-16T23:00:47+02:00,[60],[-117.33226]
2026-07-16T23:00:46+02:00,[60],[-117.33226]
2026-07-16T23:00:45+02:00,[60],[-117.33226]
2026-07-16T23:00:44+02:00,[60],[-117.33226]
2026-07-16T23:00:43+02:00,[60],[-117.33226]
2026-07-16T23:00:42+02:00,[60],[-117.33226]
2026-07-16T23:00:41+02:00,[60],[-117.33226]
2026-07-16T23:00:40+02:00,[60],[-117.33226]
2026-07-16T23:00:39+02:00,[60],[-117.33226]
2026-07-16T23:00:38+02:00,[60],[-117.33226]
2026-07-16T23:00:37+02:00,[60],[-117.33226]
2026-07-16T23:00:36+02:00,[60],[-117.33226]
2026-07-16T23:00:35+02:00,[60],[-117.33226]
2026-07-16T23:00:34+02:00,[60],[-117.33226]
2026-07-16T23:00:33+02:00,[60],[-117.33226]
2026-07-16T23:00:32+02:00,[60],[-117.33226]
2026-07-16T23:00:31+02:00,[60],[-117.33226]
2026-07-16T23:00:30+02:00,[60],[-117.33226]
2026-07-16T23:00:29+02:00,[60],[-117.33226]
2026-07-16T23:00:28+02:00,[60],[-117.33226]
2026-07-16T23:00:27+02:00,[60],[-117.33226]
2026-07-16T23:00:26+02:00,[60],[-117.33226]
2026-07-16T23:00:25+02:00,[60],[-117.33226]
2026-07-16T23:00:24+02:00,[60],[-117.33226]
2026-07-16T23:00:23+02:00,[60],[-117.33226]
2026-07-16T23:00:22+02:00,[60],[-117.33226]
2026-07-16T23:00:21+02:00,[60],[-117.33226]
2026-07-16T23:00:20+02:00,[60],[-117.33226]
2026-07-16T23:00:19+02:00,[60],[-117.33226]
2026-07-16T23:00:18+02:00,[60],[-117.33226]
2026-07-16T23:00:17+02:00,[60],[-117.33226]
2026-07-16T23:00:16+02:00,[60],[-117.33226]
2026-07-16T23:00:15+02:00,[60],[-117.33226]
2026-07-16T23:00:14+02:00,[60],[-117.33226]
2026-07-16T23:00:13+02:00,[60],[-117.33226]
2026-07-16T23:00:12+02:00,[60],[-117.33226]
2026-07-16T23:00:11+02:00,[60],[-117.33226]
2026-07-16T23:00:10+02:00,[60],[-117.33226]
2026-07-16T23:00:09+02:00,[60],[-117.33226]
2026-07-16T23:00:08+02:00,[60],[-117.33226]
2026-07-16T23:00:07+02:00,[60],[-117.33226]
2026-07-16T23:00:06+02:00,[60],[-117.33226]
2026-07-16T23:00:05+02:00,[60],[-117.33226]
2026-07-16T23:00:04+02:00,[60],[-117.33226]
2026-07-16T23:00:03+02:00,[60],[-117.33226]
2026-07-16T23:00:02+02:00,[60],[-117.33226]
2026-07-16T23:00:01+02:00,[60],[-117.33226]
2026-07-16T23:00:00+02:00,[60],[-117.33226]
2026-07-16T22:59:59+02:00,[60],[-117.33226]
2026-07-16T22:59:58+02:00,[60],[-117.33226]
2026-07-16T22:59:57+02:00,[60],[-117.33226]
2026-07-16T22:59:56+02:00,[60],[-117.33226]
2026-07-16T22:59:55+02:00,[60],[-117.33226]
2026-07-16T22:59:54+02:00,[60],[-117.33226]
2026-07-16T22:59:53+02:00,[60],[-117.33226]
2026-07-16T22:59:52+02:00,[60],[-117.33226]
2026-07-16T22:59:51+02:00,[60],[-117.33226]
2026-07-16T22:59:50+02:00,[60],[-117.33226]
2026-07-16T22:59:49+02:00,[60],[-117.33226]
2026-07-16T22:59:48+02:00,[60],[-117.33226]
2026-07-16T22:59:47+02:00,[60],[-117.33226]
2026-07-16T22:59:46+02:00,[60],[-117.33226]
2026-07-16T22:59:45+02:00,[60],[-117.33226]
2026-07-16T22:59:44+02:00,[60],[-117.33226]
2026-07-16T22:59:43+02:00,[60],[-117.33226]
2026-07-16T22:59:42+02:00,[60],[-117.33226]
2026-07-16T22:59:41+02:00,[60],[-117.33226]
2026-07-16T22:59:40+02:00,[60],[-117.33226]
2026-07-16T22:59:39+02:00,[60],[-117.33226]
2026-07-16T22:59:38+02:00,[60],[-117.33226]
2026-07-16T22:59:37+02:00,[60],[-117.33226]
2026-07-16T22:59:36+02:00,[60],[-117.33226]
2026-07-16T22:59:35+02:00,[60],[-117.33226]
2026-07-16T22:59:34+02:00,[60],[-117.33226]
2026-07-16T22:59:33+02:00,[60],[-117.33226]
2026-07-16T22:59:32+02:00,[60],[-117.33226]
2026-07-16T22:59:31+02:00,[60],[-117.33226]
2026-07-16T22:59:30+02:00,[60],[-117.33226]
2026-07-16T22:59:29+02:00,[60],[-117.33226]
2026-07-16T22:59:28+02:00,[60],[-117.33226]
2026-07-16T22:59:27+02:00,[60],[-117.33226]
2026-07-16T22:59:26+02:00,[60],[-117.33226]
2026-07-16T22:59:25+02:00,[60],[-117.33226]
2026-07-16T22:59:24+02:00,[60],[-117.33226]
2026-07-16T22:59:23+02:00,[60],[-117.33226]
2026-07-16T22:59:22+02:00,[60],[-117.33226]
2026-07-16T22:59:21+02:00,[60],[-117.33226]
2026-07-16T22:59:20+02:00,[60],[-117.33226]
2026-07-16T22:59:19+02:00,[60],[-117.33226]
2026-07-16T22:59:18+02:00,[60],[-117.33226]
2026-07-16T22:59:17+02:00,[60],[-117.33226]
2026-07-16T22:59:16+02:00,[60],[-117.33226]
2026-07-16T22:59:15+02:00,[60],[-117.33226]
2026-07-16T22:59:14+02:00,[60],[-117.33226]
2026-07-16T22:59:13+02:00,[60],[-117.33226]
2026-07-16T22:59:12+02:00,[60],[-117.33226]
2026-07-16T22:59:11+02:00,[60],[-117.33226]
2026-07-16T22:59:10+02:00,[60],[-117.33226]
2026-07-16T22:59:09+02:00,[60],[-117.33226]
2026-07-16T22:59:08+02:00,[60],[-117.33226]
2026-07-16T22:59:07+02:00,[60],[-117.33226]
2026-07-16T22:59:06+02:00,[60],[-117.33226]
2026-07-16T22:59:05+02:00,[60],[-117.33226]
2026-07-16T22:59:04+02:00,[60],[-117.33226]
2026-07-16T22:59:03+02:00,[60],[-117.33226]
2026-07-16T22:59:02+02:00,[60],[-117.33226]
2026-07-16T22:59:01+02:00,[60],[-117.33226]
2026-07-16T22:59:00+02:00,[60],[-117.33226]
2026-07-16T22:58:59+02:00,[60],[-117.33226]
2026-07-16T22:58:58+02:00,[60],[-117.33226]
2026-07-16T22:58:57+02:00,[60],[-117.33226]
2026-07-16T22:58:56+02:00,[60],[-117.33226]
2026-07-16T22:58:55+02:00,[60],[-117.33226]
2026-07-16T22:58:54+02:00,[60],[-117.33226]
2026-07-16T22:58:53+02:00,[60],[-117.33226]
2026-07-16T22:58:52+02:00,[60],[-117.33226]
2026-07-16T22:58:51+02:00,[60],[-117.33226]
2026-07-16T22:58:50+02:00,[60],[-117.33226]
2026-07-16T22:58:49+02:00,[60],[-117.33226]
2026-07-16T22:58:48+02:00,[60],[-117.33226]
2026-07-16T22:58:47+02:00,[60],[-117.33226]
2026-07-16T22:58:46+02:00,[60],[-117.33226]
2026-07-16T22:58:45+02:00,[60],[-117.33226]
2026-07-16T22:58:44+02:00,[60],[-117.33226]
2026-07-16T22:58:43+02:00,[60],[-117.33226]
2026-07-16T22:58:42+02:00,[60],[-117.33226]
2026-07-16T22:58:41+02:00,[60],[-117.33226]
2026-07-16T22:58:40+02:00,[60],[-117.33226]
2026-07-16T22:58:39+02:00,[60],[-117.33226]
2026-07-16T22:58:38+02:00,[60],[-117.33226]
2026-07-16T22:58:37+02:00,[60],[-117.33226]
2026-07-16T22:58:36+02:00,[60],[-117.33226]
2026-07-16T22:58:35+02:00,[60],[-117.332253]
2026-07-16T22:58:34+02:00,[60],[-117.332245]
2026-07-16T22:58:32+02:00,[60],[-117.33226]
2026-07-16T22:58:31+02:00,[60],[-117.33226]
2026-07-16T22:58:30+02:00,[60],[-117.33226]
2026-07-16T22:58:29+02:00,[60],[-117.33226]
2026-07-16T22:58:28+02:00,[60],[-117.332253]
2026-07-16T22:58:27+02:00,[60],[-117.332253]
2026-07-16T22:58:26+02:00,[60],[-117.33226]
2026-07-16T22:58:25+02:00,[60],[-117.33226]
2026-07-16T22:58:24+02:00,[60],[-117.33226]
2026-07-16T22:58:23+02:00,[60],[-117.33226]
2026-07-16T22:58:22+02:00,[60],[-117.33226]
2026-07-16T22:58:21+02:00,[60],[-117.33226]
2026-07-16T22:58:20+02:00,[60],[-117.33226]
2026-07-16T22:58:19+02:00,[60],[-117.33226]
2026-07-16T22:58:18+02:00,[60],[-117.33226]
2026-07-16T22:58:17+02:00,[60],[-117.33226]
2026-07-16T22:58:16+02:00,[60],[-117.33226]
2026-07-16T22:58:15+02:00,[60],[-117.33226]
2026-07-16T22:58:14+02:00,[60],[-117.332268]
2026-07-16T22:58:13+02:00,[60],[-117.332268]
2026-07-16T22:58:12+02:00,[60],[-117.332268]
2026-07-16T22:58:11+02:00,[60],[-117.332268]
2026-07-16T22:58:10+02:00,[60],[-117.332268]
2026-07-16T22:58:09+02:00,[60],[-117.332268]
2026-07-16T22:58:08+02:00,[60],[-117.332268]
2026-07-16T22:58:07+02:00,[60],[-117.332268]
2026-07-16T22:58:06+02:00,[60],[-117.332268]
2026-07-16T22:58:05+02:00,[60],[-117.332268]
2026-07-16T22:58:04+02:00,[60],[-117.332268]
2026-07-16T22:58:03+02:00,[60],[-117.332268]
2026-07-16T22:58:02+02:00,[60],[-117.332268]
2026-07-16T22:58:01+02:00,[60],[-117.332268]
2026-07-16T22:58:00+02:00,[60],[-117.332268]
2026-07-16T22:57:59+02:00,[60],[-117.332268]
2026-07-16T22:57:58+02:00,[60],[-117.332268]
2026-07-16T22:57:57+02:00,[60],[-117.332268]
2026-07-16T22:57:56+02:00,[60],[-117.332268]
2026-07-16T22:57:55+02:00,[60],[-117.332329]
2026-07-16T22:57:53+02:00,[60],[-117.332344]
2026-07-16T22:57:52+02:00,[60],[-117.332336]
2026-07-16T22:57:34+02:00,[60],[-117.332336]
2026-07-14T03:40:58+02:00,[60],[-118.32222]
2026-07-14T03:40:20+02:00,[60],[-118.322243]
2026-07-14T03:39:26+02:00,[60],[-118.322258]
2026-07-14T03:39:21+02:00,[60],[-118.322342]
2026-07-14T03:39:10+02:00,[60],[-118.322395]
2026-07-14T03:39:04+02:00,[60],[-118.322449]
2026-07-14T03:39:00+02:00,[60],[-118.32251]
2026-07-14T03:38:55+02:00,[60],[-118.322563]
2026-07-14T03:38:50+02:00,[60],[-118.322624]
2026-07-14T03:38:44+02:00,[60],[-118.322685]
2026-07-14T03:38:39+02:00,[60],[-118.322746]
2026-07-14T03:38:33+02:00,[60],[-118.3228]
2026-07-14T03:38:27+02:00,[60],[-118.322845]
2026-07-14T03:38:23+02:00,[60],[-118.322891]
2026-07-14T03:38:19+02:00,[60],[-118.322937]
2026-07-14T03:38:14+02:00,[60],[-118.32299]
2026-07-14T03:38:09+02:00,[60],[-118.323036]
2026-07-14T03:38:04+02:00,[60],[-118.323082]
2026-07-14T03:38:00+02:00,[60],[-118.323128]
2026-07-14T03:37:56+02:00,[60],[-118.323166]
2026-07-14T03:37:51+02:00,[60],[-118.323212]
2026-07-14T03:37:46+02:00,[60],[-118.32325]
2026-07-14T03:37:42+02:00,[60],[-118.323288]
2026-07-14T03:37:38+02:00,[60],[-118.323326]
2026-07-14T03:37:34+02:00,[60],[-118.323364]
2026-07-14T03:37:29+02:00,[60],[-118.32341]
2026-07-14T03:37:25+02:00,[60],[-118.323456]
2026-07-14T03:37:20+02:00,[60],[-118.323494]
2026-07-14T03:37:16+02:00,[60],[-118.32354]
2026-07-14T03:37:12+02:00,[60],[-118.323578]
2026-07-14T03:37:08+02:00,[60],[-118.323631]
2026-07-14T03:37:03+02:00,[60],[-118.323685]
2026-07-14T03:36:58+02:00,[60],[-118.323723]
2026-07-14T03:36:53+02:00,[60],[-118.323761]
2026-07-14T03:36:49+02:00,[60],[-118.323799]
2026-07-14T03:36:44+02:00,[60],[-118.323837]
2026-07-14T03:36:40+02:00,[60],[-118.323875]
2026-07-14T03:36:36+02:00,[60],[-118.323914]
2026-07-14T03:36:32+02:00,[60],[-118.323975]
2026-07-14T03:36:27+02:00,[60],[-118.324043]
2026-07-14T03:36:21+02:00,[60],[-118.324097]
2026-07-14T03:36:16+02:00,[60],[-118.32415]
2026-07-14T03:36:10+02:00,[60],[-118.324211]
2026-07-14T03:35:56+02:00,[60],[-118.324265]
2026-07-14T03:35:52+02:00,[60],[-118.324326]
2026-07-14T03:35:47+02:00,[60],[-118.324379]
2026-07-14T03:35:43+02:00,[60],[-118.324425]
2026-07-14T03:35:37+02:00,[60],[-118.324486]
2026-07-14T03:35:32+02:00,[60],[-118.324539]
2026-07-14T03:35:28+02:00,[60],[-118.3246]
2026-07-14T03:35:23+02:00,[60],[-118.324654]
2026-07-14T03:35:18+02:00,[60],[-118.324699]
2026-07-14T03:35:13+02:00,[60],[-118.324745]
2026-07-14T03:35:09+02:00,[60],[-118.324799]
2026-07-14T03:35:04+02:00,[60],[-118.324844]
2026-07-14T03:35:00+02:00,[60],[-118.324898]
2026-07-14T03:34:56+02:00,[60],[-118.324944]
2026-07-14T03:34:52+02:00,[60],[-118.324997]
2026-07-14T03:34:47+02:00,[60],[-118.32505]
2026-07-14T03:34:43+02:00,[60],[-118.325096]
2026-07-14T03:34:39+02:00,[60],[-118.325134]
2026-07-14T03:34:35+02:00,[60],[-118.32518]
2026-07-14T03:34:31+02:00,[60],[-118.325226]
2026-07-14T03:34:27+02:00,[60],[-118.325272]
2026-07-14T03:34:23+02:00,[60],[-118.325317]
2026-07-14T03:34:19+02:00,[60],[-118.325363]
2026-07-14T03:34:15+02:00,[60],[-118.325401]
2026-07-14T03:34:10+02:00,[60],[-118.325439]
2026-07-14T03:34:04+02:00,[60],[-118.325478]
2026-07-14T03:34:00+02:00,[60],[-118.325523]
2026-07-14T03:33:55+02:00,[60],[-118.325569]
2026-07-14T03:33:51+02:00,[60],[-118.325607]
2026-07-14T03:33:48+02:00,[60],[-118.325645]
2026-07-14T03:33:44+02:00,[60],[-118.325684]
2026-07-14T03:33:40+02:00,[60],[-118.325722]
2026-07-14T03:33:36+02:00,[60],[-118.325768]
2026-07-14T03:33:32+02:00,[60],[-118.325806]
2026-07-14T03:33:28+02:00,[60],[-118.325851]
2026-07-14T03:33:24+02:00,[60],[-118.32589]
2026-07-14T03:33:20+02:00,[60],[-118.32592]
2026-07-14T03:33:15+02:00,[60],[-118.325958]
2026-07-14T03:33:10+02:00,[60],[-118.325974]
2026-07-14T03:33:05+02:00,[60],[-118.325981]
2026-07-14T03:33:00+02:00,[60],[-118.326019]
2026-07-14T03:32:56+02:00,[60],[-118.326057]
2026-07-14T03:32:52+02:00,[60],[-118.326096]
2026-07-14T03:32:47+02:00,[60],[-118.326134]
2026-07-14T03:32:42+02:00,[60],[-118.326172]
2026-07-14T03:32:38+02:00,[60],[-118.326202]
2026-07-14T03:32:33+02:00,[60],[-118.326233]
2026-07-14T03:32:29+02:00,[60],[-118.326279]
2026-07-14T03:32:25+02:00,[60],[-118.326317]
2026-07-14T03:32:19+02:00,[60],[-118.326363]
2026-07-14T03:32:14+02:00,[60],[-118.326408]
2026-07-14T03:32:10+02:00,[60],[-118.326447]
2026-07-14T03:32:06+02:00,[60],[-118.326477]
2026-07-14T03:32:02+02:00,[60],[-118.326492]
2026-07-14T03:31:57+02:00,[60],[-118.326523]
2026-07-14T03:31:52+02:00,[60],[-118.326538]
2026-07-14T03:31:47+02:00,[60],[-118.326561]
2026-07-14T03:31:42+02:00,[60],[-118.326591]
2026-07-14T03:31:37+02:00,[60],[-118.326622]
2026-07-14T03:31:33+02:00,[60],[-118.326653]
2026-07-14T03:31:27+02:00,[60],[-118.326691]
2026-07-14T03:31:22+02:00,[60],[-118.326721]
2026-07-14T03:31:18+02:00,[60],[-118.326752]
2026-07-14T03:31:13+02:00,[60],[-118.326782]
2026-07-14T03:31:09+02:00,[60],[-118.326805]
2026-07-14T03:31:05+02:00,[60],[-118.326828]
2026-07-14T03:31:00+02:00,[60],[-118.326859]
2026-07-14T03:30:55+02:00,[60],[-118.326889]
2026-07-14T03:30:51+02:00,[60],[-118.326912]
2026-07-14T03:30:46+02:00,[60],[-118.326935]
2026-07-14T03:30:40+02:00,[60],[-118.326973]
2026-07-14T03:30:34+02:00,[60],[-118.326996]
2026-07-14T03:30:30+02:00,[60],[-118.327026]
2026-07-14T03:30:26+02:00,[60],[-118.327065]
2026-07-14T03:30:21+02:00,[60],[-118.327087]
2026-07-14T03:30:17+02:00,[60],[-118.32711]
2026-07-14T03:30:13+02:00,[60],[-118.327141]
2026-07-14T03:30:08+02:00,[60],[-118.327164]
2026-07-14T03:30:03+02:00,[60],[-118.327179]
2026-07-14T03:29:57+02:00,[60],[-118.327194]
2026-07-14T03:29:53+02:00,[60],[-118.327209]
2026-07-14T03:29:48+02:00,[60],[-118.327217]
2026-07-14T03:29:44+02:00,[60],[-118.327232]
2026-07-14T03:29:39+02:00,[60],[-118.327255]
2026-07-14T03:29:34+02:00,[60],[-118.327263]
2026-07-14T03:29:28+02:00,[60],[-118.327278]
2026-07-14T03:29:23+02:00,[60],[-118.327293]
2026-07-14T03:29:19+02:00,[60],[-118.327293]
2026-07-14T03:29:14+02:00,[60],[-118.327301]
2026-07-14T03:29:10+02:00,[60],[-118.327309]
2026-07-14T03:29:05+02:00,[60],[-118.327324]
2026-07-14T03:29:00+02:00,[60],[-118.327339]
2026-07-14T03:28:56+02:00,[60],[-118.327362]
2026-07-14T03:28:51+02:00,[60],[-118.327385]
2026-07-14T03:28:47+02:00,[60],[-118.327393]
2026-07-14T03:28:43+02:00,[60],[-118.327415]
2026-07-14T03:28:37+02:00,[60],[-118.327438]
2026-07-14T03:28:32+02:00,[60],[-118.327454]
2026-07-14T03:28:26+02:00,[60],[-118.327477]
2026-07-14T03:28:21+02:00,[60],[-118.327484]
2026-07-14T03:28:16+02:00,[60],[-118.327484]
2026-07-14T03:28:11+02:00,[60],[-118.327484]
2026-07-14T03:28:05+02:00,[60],[-118.327484]
2026-07-14T03:28:00+02:00,[60],[-118.327484]
2026-07-14T03:27:55+02:00,[60],[-118.327484]
2026-07-14T03:27:50+02:00,[60],[-118.327477]
2026-07-14T03:27:45+02:00,[60],[-118.327469]
2026-07-14T03:27:41+02:00,[60],[-118.327454]
2026-07-14T03:27:36+02:00,[60],[-118.327446]
2026-07-14T03:27:31+02:00,[60],[-118.327438]
2026-07-14T03:27:26+02:00,[60],[-118.327438]
2026-07-14T03:27:21+02:00,[60],[-118.327431]
2026-07-14T03:27:17+02:00,[60],[-118.327423]
2026-07-14T03:27:12+02:00,[60],[-118.327408]
2026-07-14T03:27:07+02:00,[60],[-118.327393]
2026-07-14T03:27:02+02:00,[60],[-118.32737]
2026-07-14T03:26:57+02:00,[60],[-118.327354]
2026-07-14T03:26:51+02:00,[60],[-118.327347]
2026-07-14T03:26:46+02:00,[60],[-118.327324]
2026-07-14T03:26:41+02:00,[60],[-118.327301]
2026-07-14T03:26:36+02:00,[60],[-118.327271]
2026-07-14T03:26:31+02:00,[60],[-118.327248]
2026-07-14T03:26:25+02:00,[60],[-118.327225]
2026-07-14T03:26:20+02:00,[60],[-118.327209]
2026-07-14T03:26:15+02:00,[60],[-118.327194]
2026-07-14T03:26:10+02:00,[60],[-118.327171]
2026-07-14T03:26:06+02:00,[60],[-118.327148]
2026-07-14T03:26:00+02:00,[60],[-118.32711]
2026-07-14T03:25:55+02:00,[60],[-118.32708]
2026-07-14T03:25:49+02:00,[60],[-118.327049]
2026-07-14T03:25:44+02:00,[60],[-118.327026]
2026-07-14T03:25:39+02:00,[60],[-118.326988]
2026-07-14T03:25:34+02:00,[60],[-118.32695]
2026-07-14T03:25:29+02:00,[60],[-118.326912]
2026-07-14T03:25:24+02:00,[60],[-118.326866]
2026-07-14T03:25:19+02:00,[60],[-118.326813]
2026-07-14T03:25:14+02:00,[60],[-118.326759]
2026-07-14T03:25:09+02:00,[60],[-118.326698]
2026-07-14T03:25:04+02:00,[60],[-118.326645]
2026-07-14T03:25:00+02:00,[60],[-118.326591]
2026-07-14T03:24:55+02:00,[60],[-118.326546]
2026-07-14T03:24:50+02:00,[60],[-118.3265]
2026-07-14T03:24:46+02:00,[60],[-118.326447]
2026-07-14T03:24:41+02:00,[60],[-118.326401]
2026-07-14T03:24:35+02:00,[60],[-118.326355]
2026-07-14T03:24:31+02:00,[60],[-118.326302]
2026-07-14T03:24:26+02:00,[60],[-118.326256]
2026-07-14T03:24:20+02:00,[60],[-118.326218]
2026-07-14T03:24:16+02:00,[60],[-118.32618]
2026-07-14T03:24:12+02:00,[60],[-118.326157]
2026-07-14T03:24:00+02:00,[60],[-118.326149]
2026-07-14T03:07:52+02:00,[60],[-118.326172]
2026-07-14T03:07:47+02:00,[60],[-118.326157]
2026-07-14T03:07:41+02:00,[60],[-118.326164]
2026-07-14T03:07:37+02:00,[60],[-118.326157]
2026-07-14T03:07:34+02:00,[60],[-118.326157]
2026-07-14T03:07:31+02:00,[60],[-118.326134]
2026-07-14T03:07:27+02:00,[60],[-118.326111]
2026-07-14T03:07:24+02:00,[60],[-118.326111]
2026-07-14T03:07:18+02:00,[60],[-118.326111]
2026-07-14T03:07:15+02:00,[60],[-118.326111]
2026-07-14T03:07:09+02:00,[60],[-118.326111]
2026-07-14T03:06:55+02:00,[60],[-118.326141]
2026-07-14T03:06:50+02:00,[60],[-118.326187]
2026-07-14T03:06:46+02:00,[60],[-118.326233]
2026-07-14T03:06:40+02:00,[60],[-118.326271]
2026-07-14T03:06:36+02:00,[60],[-118.326317]
2026-07-14T03:06:30+02:00,[60],[-118.326363]
2026-07-14T03:06:25+02:00,[60],[-118.326408]
2026-07-14T03:06:20+02:00,[60],[-118.326454]
2026-07-14T03:06:15+02:00,[60],[-118.3265]
2026-07-14T03:06:11+02:00,[60],[-118.326546]
2026-07-14T03:06:06+02:00,[60],[-118.326599]
2026-07-14T03:06:01+02:00,[60],[-118.326653]
2026-07-14T03:05:57+02:00,[60],[-118.326698]
2026-07-14T03:05:52+02:00,[60],[-118.326752]
2026-07-14T03:05:47+02:00,[60],[-118.326805]
2026-07-14T03:05:43+02:00,[60],[-118.326851]
2026-07-14T03:05:38+02:00,[60],[-118.326897]
2026-07-14T03:05:34+02:00,[60],[-118.326927]
2026-07-14T03:05:30+02:00,[60],[-118.326965]
2026-07-14T03:05:26+02:00,[60],[-118.326996]
2026-07-14T03:05:21+02:00,[60],[-118.327019]
2026-07-14T03:05:17+02:00,[60],[-118.327049]
2026-07-14T03:05:12+02:00,[60],[-118.327072]
2026-07-14T03:05:07+02:00,[60],[-118.327103]
2026-07-14T03:05:02+02:00,[60],[-118.327133]
2026-07-14T03:04:56+02:00,[60],[-118.327156]
2026-07-14T03:04:51+02:00,[60],[-118.327179]
2026-07-14T03:04:46+02:00,[60],[-118.327209]
2026-07-14T03:04:41+02:00,[60],[-118.327232]
2026-07-14T03:04:24+02:00,[60],[-118.327255]
2026-07-14T03:04:19+02:00,[60],[-118.327271]
2026-07-14T03:04:15+02:00,[60],[-118.327293]
2026-07-14T03:04:10+02:00,[60],[-118.327316]
2026-07-14T03:04:05+02:00,[60],[-118.327332]
2026-07-14T03:04:00+02:00,[60],[-118.327347]
2026-07-14T03:03:56+02:00,[60],[-118.327354]
2026-07-14T03:03:50+02:00,[60],[-118.32737]
2026-07-14T03:03:45+02:00,[60],[-118.327385]
2026-07-14T03:03:40+02:00,[60],[-118.3274]
2026-07-14T03:03:36+02:00,[60],[-118.327415]
2026-07-14T03:03:29+02:00,[60],[-118.327423]
2026-07-14T03:03:24+02:00,[60],[-118.327431]
2026-07-14T03:03:19+02:00,[60],[-118.327438]
2026-07-14T03:03:14+02:00,[60],[-118.327454]
2026-07-14T03:03:09+02:00,[60],[-118.327461]
2026-07-14T03:03:04+02:00,[60],[-118.327477]
2026-07-14T03:03:00+02:00,[60],[-118.327492]
2026-07-14T03:02:56+02:00,[60],[-118.327499]
2026-07-14T03:02:52+02:00,[60],[-118.327499]
2026-07-14T03:02:48+02:00,[60],[-118.327499]
2026-07-14T03:02:43+02:00,[60],[-118.327499]
2026-07-14T03:02:38+02:00,[60],[-118.327484]
2026-07-14T03:02:33+02:00,[60],[-118.327469]
2026-07-14T03:02:28+02:00,[60],[-118.327446]
2026-07-14T03:02:22+02:00,[60],[-118.327438]
2026-07-14T03:02:16+02:00,[60],[-118.327431]
2026-07-14T03:01:52+02:00,[60],[-118.327415]
2026-07-14T03:01:46+02:00,[60],[-118.327393]
2026-07-14T03:01:40+02:00,[60],[-118.327362]
2026-07-14T03:01:34+02:00,[60],[-118.327339]
2026-07-14T03:01:13+02:00,[60],[-118.327324]
2026-07-14T03:01:06+02:00,[60],[-118.327301]
2026-07-14T03:00:59+02:00,[60],[-118.327286]
2026-07-14T03:00:54+02:00,[60],[-118.327271]
2026-07-14T03:00:48+02:00,[60],[-118.327255]
2026-07-14T03:00:42+02:00,[60],[-118.32724]
2026-07-14T03:00:37+02:00,[60],[-118.327232]
2026-07-14T03:00:31+02:00,[60],[-118.327225]
2026-07-14T03:00:26+02:00,[60],[-118.327225]
2026-07-14T03:00:21+02:00,[60],[-118.327217]
2026-07-14T03:00:16+02:00,[60],[-118.327202]
2026-07-14T03:00:11+02:00,[60],[-118.327187]
2026-07-14T03:00:06+02:00,[60],[-118.327141]
2026-07-14T03:00:00+02:00,[60],[-118.327087]
2026-07-14T02:59:56+02:00,[60],[-118.327072]
2026-07-14T02:59:52+02:00,[60],[-118.327049]
2026-07-14T02:59:47+02:00,[60],[-118.327019]
2026-07-14T02:59:41+02:00,[60],[-118.326981]
2026-07-14T02:59:36+02:00,[60],[-118.326958]
2026-07-14T02:59:32+02:00,[60],[-118.32695]
2026-07-14T02:59:29+02:00,[60],[-118.326927]
2026-07-14T02:59:25+02:00,[60],[-118.326897]
2026-07-14T02:59:21+02:00,[60],[-118.326874]
2026-07-14T02:59:18+02:00,[60],[-118.326859]
2026-07-14T02:59:16+02:00,[60],[-118.326805]
2026-07-14T02:59:14+02:00,[60],[-118.326675]
2026-07-14T02:59:09+02:00,[60],[-118.326584]
2026-07-12T01:57:58+02:00,[60],[-117.887505]
2026-07-12T01:57:40+02:00,[60],[-117.887505]
2026-07-12T01:57:35+02:00,[60],[-117.887589]
2026-07-12T01:57:34+02:00,[60],[-117.887634]
2026-07-12T01:57:10+02:00,[60],[-117.887642]
2026-07-12T01:57:02+02:00,[60],[-117.887657]
2026-07-12T01:56:52+02:00,[60],[-117.887657]
2026-07-12T01:56:34+02:00,[60],[-117.887688]
2026-07-12T01:56:28+02:00,[60],[-117.887718]
2026-07-12T01:56:22+02:00,[60],[-117.887718]
2026-07-12T01:56:10+02:00,[60],[-117.887718]
2026-07-12T01:55:16+02:00,[60],[-117.887772]
2026-07-12T01:54:53+02:00,[60],[-117.887772]
2026-07-12T01:54:41+02:00,[60],[-117.887772]
2026-07-12T01:54:29+02:00,[60],[-117.887794]
2026-07-12T01:54:11+02:00,[60],[-117.887802]
2026-07-12T01:53:53+02:00,[60],[-117.88781]
2026-07-12T01:53:41+02:00,[60],[-117.887802]
2026-07-12T01:53:35+02:00,[60],[-117.88781]
2026-07-12T01:53:29+02:00,[60],[-117.88781]
2026-07-12T01:53:23+02:00,[60],[-117.88781]
2026-07-12T01:53:17+02:00,[60],[-117.88781]
2026-07-12T01:53:11+02:00,[60],[-117.887802]
2026-07-12T01:53:05+02:00,[60],[-117.887794]
2026-07-12T01:52:59+02:00,[60],[-117.887794]
2026-07-12T01:52:53+02:00,[60],[-117.88781]
2026-07-12T01:52:47+02:00,[60],[-117.88781]
2026-07-12T01:52:41+02:00,[60],[-117.887825]
2026-07-12T01:52:35+02:00,[60],[-117.887878]
2026-07-12T01:52:29+02:00,[60],[-117.887947]
2026-07-12T01:52:17+02:00,[60],[-117.887978]
2026-07-12T01:52:11+02:00,[60],[-117.887993]
2026-07-12T01:51:59+02:00,[60],[-117.888008]
2026-07-12T01:51:53+02:00,[60],[-117.888031]
2026-07-12T01:51:47+02:00,[60],[-117.888054]
2026-07-12T01:51:41+02:00,[60],[-117.888062]
2026-07-12T01:51:35+02:00,[60],[-117.888077]
2026-07-12T01:51:29+02:00,[60],[-117.888084]
2026-07-12T01:51:23+02:00,[60],[-117.888084]
2026-07-12T01:51:21+02:00,[60],[-117.888084]
2026-07-12T01:51:17+02:00,[60],[-117.888084]
2026-07-12T01:51:05+02:00,[60],[-117.888084]
2026-07-12T01:50:59+02:00,[60],[-117.8881]
2026-07-12T01:50:53+02:00,[60],[-117.888107]
2026-07-12T01:50:41+02:00,[60],[-117.888107]
2026-07-12T01:50:35+02:00,[60],[-117.888084]
2026-07-12T01:50:29+02:00,[60],[-117.888084]
2026-07-12T01:50:23+02:00,[60],[-117.888084]
2026-07-12T01:50:17+02:00,[60],[-117.888046]
2026-07-12T01:50:05+02:00,[60],[-117.888008]
2026-07-12T01:49:59+02:00,[60],[-117.887985]
2026-07-12T01:49:47+02:00,[60],[-117.887894]
2026-07-12T01:49:41+02:00,[60],[-117.887772]
2026-07-12T01:49:35+02:00,[60],[-117.887764]
2026-07-12T01:49:28+02:00,[60],[-117.887764]
2026-07-12T01:49:15+02:00,[60],[-117.887764]
2026-07-12T01:48:54+02:00,[60],[-117.887741]
2026-07-12T01:48:34+02:00,[60],[-117.887726]
2026-07-12T01:48:22+02:00,[60],[-117.887726]
2026-07-12T01:48:19+02:00,[60],[-117.887726]
2026-07-12T01:48:16+02:00,[60],[-117.887726]
2026-07-12T01:48:11+02:00,[60],[-117.887672]
2026-07-12T01:48:05+02:00,[60],[-117.887627]
2026-07-12T01:47:54+02:00,[60],[-117.887566]
2026-07-12T01:47:50+02:00,[60],[-117.887505]
2026-07-12T01:47:45+02:00,[60],[-117.887459]
2026-07-12T01:47:40+02:00,[60],[-117.887428]
2026-07-12T01:47:35+02:00,[60],[-117.887398]
2026-07-12T01:47:30+02:00,[60],[-117.88736]
2026-07-12T01:47:26+02:00,[60],[-117.887306]
2026-07-12T01:47:22+02:00,[60],[-117.887253]
2026-07-12T01:47:19+02:00,[60],[-117.887192]
2026-07-12T01:47:15+02:00,[60],[-117.887131]
2026-07-12T01:47:11+02:00,[60],[-117.88707]
2026-07-12T01:47:07+02:00,[60],[-117.887016]
2026-07-12T01:47:03+02:00,[60],[-117.886955]
2026-07-12T01:46:59+02:00,[60],[-117.886902]
2026-07-12T01:46:55+02:00,[60],[-117.886841]
2026-07-12T01:46:51+02:00,[60],[-117.886787]
2026-07-12T01:46:47+02:00,[60],[-117.886726]
2026-07-12T01:46:00+02:00,[60],[-117.886696]
2026-07-12T00:40:29+02:00,[60],[-117.882881]
2026-07-12T00:38:44+02:00,[60],[-117.882896]
2026-07-12T00:38:42+02:00,[60],[-117.882896]
2026-07-12T00:37:40+02:00,[60],[-117.882957]
2026-07-12T00:37:11+02:00,[60],[-117.88295]
2026-07-12T00:36:39+02:00,[60],[-117.882896]
2026-06-29T02:34:50+02:00,[60],[-117.522377]
2026-06-29T02:34:45+02:00,[60],[-117.522377]
2026-06-29T02:34:40+02:00,[60],[-117.522392]
2026-06-29T02:34:35+02:00,[60],[-117.522408]
2026-06-29T02:34:31+02:00,[60],[-117.522408]
2026-06-29T02:34:26+02:00,[60],[-117.522408]
2026-06-29T02:34:21+02:00,[60],[-117.522408]
2026-06-29T02:34:17+02:00,[60],[-117.522392]
2026-06-29T02:34:12+02:00,[60],[-117.522362]
2026-06-29T02:34:07+02:00,[60],[-117.522324]
2026-06-29T02:34:01+02:00,[60],[-117.522285]
2026-06-29T02:33:55+02:00,[60],[-117.522247]
2026-06-29T02:33:50+02:00,[60],[-117.522209]
2026-06-29T02:33:45+02:00,[60],[-117.522171]
2026-06-29T02:33:39+02:00,[60],[-117.522133]
2026-06-29T02:33:33+02:00,[60],[-117.522087]
2026-06-29T02:33:26+02:00,[60],[-117.522057]
2026-06-29T02:33:20+02:00,[60],[-117.522041]
2026-06-29T02:33:15+02:00,[60],[-117.522034]
2026-06-29T02:33:10+02:00,[60],[-117.522026]
2026-06-29T02:33:05+02:00,[60],[-117.522018]
2026-06-29T02:32:59+02:00,[60],[-117.522018]
2026-06-29T02:32:53+02:00,[60],[-117.522011]
2026-06-29T02:32:48+02:00,[60],[-117.522003]
2026-06-29T02:32:43+02:00,[60],[-117.522003]
2026-06-29T02:32:38+02:00,[60],[-117.522003]
2026-06-29T02:32:33+02:00,[60],[-117.521996]
2026-06-29T02:32:28+02:00,[60],[-117.521996]
2026-06-29T02:32:23+02:00,[60],[-117.521996]
2026-06-29T02:32:18+02:00,[60],[-117.521988]
2026-06-29T02:32:13+02:00,[60],[-117.52198]
2026-06-29T02:32:08+02:00,[60],[-117.521973]
2026-06-29T02:32:03+02:00,[60],[-117.521957]
2026-06-29T02:31:55+02:00,[60],[-117.521942]
2026-06-29T02:31:50+02:00,[60],[-117.521927]
2026-06-29T02:31:45+02:00,[60],[-117.521919]
2026-06-29T02:31:41+02:00,[60],[-117.521919]
2026-06-29T02:31:36+02:00,[60],[-117.521919]
2026-06-29T02:31:31+02:00,[60],[-117.521919]
2026-06-29T02:31:26+02:00,[60],[-117.521942]
2026-06-29T02:31:20+02:00,[60],[-117.52198]
2026-06-29T02:31:13+02:00,[60],[-117.522003]
2026-06-29T02:31:08+02:00,[60],[-117.522011]
2026-06-29T02:31:03+02:00,[60],[-117.522018]
2026-06-29T02:30:58+02:00,[60],[-117.522041]
2026-06-29T02:30:53+02:00,[60],[-117.522079]
2026-06-29T02:30:48+02:00,[60],[-117.522125]
2026-06-29T02:30:44+02:00,[60],[-117.522171]
2026-06-29T02:30:39+02:00,[60],[-117.522224]
2026-06-29T02:30:34+02:00,[60],[-117.52227]
2026-06-29T02:30:29+02:00,[60],[-117.522316]
2026-06-29T02:30:24+02:00,[60],[-117.522362]
2026-06-29T02:30:18+02:00,[60],[-117.522408]
2026-06-29T02:30:11+02:00,[60],[-117.522446]
2026-06-29T02:30:05+02:00,[60],[-117.522491]
2026-06-29T02:29:58+02:00,[60],[-117.522537]
2026-06-29T02:29:51+02:00,[60],[-117.522583]
2026-06-29T02:29:44+02:00,[60],[-117.522621]
2026-06-29T02:29:38+02:00,[60],[-117.522675]
2026-06-29T02:29:31+02:00,[60],[-117.52272]
2026-06-29T02:29:24+02:00,[60],[-117.522774]
2026-06-29T02:29:18+02:00,[60],[-117.522827]
2026-06-29T02:29:12+02:00,[60],[-117.522881]
2026-06-29T02:29:06+02:00,[60],[-117.522942]
2026-06-29T02:29:00+02:00,[60],[-117.522987]
2026-06-29T02:28:55+02:00,[60],[-117.523026]
2026-06-29T02:28:51+02:00,[60],[-117.523056]
2026-06-29T02:28:47+02:00,[60],[-117.523087]
2026-06-29T02:28:43+02:00,[60],[-117.523117]
2026-06-29T02:28:41+02:00,[60],[-117.523178]
2026-06-29T02:28:38+02:00,[60],[-117.523232]
2026-06-29T02:28:33+02:00,[60],[-117.523239]
2026-06-29T02:28:18+02:00,[60],[-117.523239]
2026-06-29T02:27:43+02:00,[60],[-117.523254]
2026-06-29T02:27:15+02:00,[60],[-117.523293]
2026-06-29T02:26:39+02:00,[60],[-117.523331]
2026-06-29T02:26:21+02:00,[60],[-117.523369]
2026-06-29T02:26:13+02:00,[60],[-117.523407]
2026-06-29T02:26:07+02:00,[60],[-117.523453]
2026-06-29T02:26:02+02:00,[60],[-117.523491]
2026-06-29T02:25:55+02:00,[60],[-117.523529]
2026-06-29T02:25:48+02:00,[60],[-117.523567]
2026-06-29T02:25:41+02:00,[60],[-117.523598]
2026-06-29T02:24:59+02:00,[60],[-117.523628]
2026-06-29T02:24:54+02:00,[60],[-117.523666]
2026-06-29T02:24:48+02:00,[60],[-117.523689]
2026-06-29T02:24:42+02:00,[60],[-117.523705]
2026-06-29T02:24:36+02:00,[60],[-117.523712]
2026-06-29T02:24:31+02:00,[60],[-117.52372]
2026-06-29T02:24:25+02:00,[60],[-117.52372]
2026-06-29T02:24:20+02:00,[60],[-117.52372]
2026-06-29T02:24:15+02:00,[60],[-117.52372]
2026-06-29T02:24:10+02:00,[60],[-117.52372]
2026-06-29T02:24:06+02:00,[60],[-117.52372]
2026-06-29T02:24:01+02:00,[60],[-117.52372]
2026-06-29T02:23:57+02:00,[60],[-117.523727]
2026-06-29T02:23:52+02:00,[60],[-117.523743]
2026-06-29T02:23:48+02:00,[60],[-117.523758]
2026-06-29T02:23:44+02:00,[60],[-117.523773]
2026-06-29T02:23:38+02:00,[60],[-117.523773]
2026-06-29T02:23:33+02:00,[60],[-117.523781]
2026-06-29T02:23:28+02:00,[60],[-117.523781]
2026-06-29T02:23:23+02:00,[60],[-117.523781]
2026-06-29T02:23:19+02:00,[60],[-117.523781]
2026-06-29T02:23:14+02:00,[60],[-117.523781]
2026-06-29T02:23:09+02:00,[60],[-117.523788]
2026-06-29T02:23:04+02:00,[60],[-117.523788]
2026-06-29T02:22:59+02:00,[60],[-117.523788]
2026-06-29T02:22:54+02:00,[60],[-117.523796]
2026-06-29T02:22:50+02:00,[60],[-117.523796]
2026-06-29T02:22:45+02:00,[60],[-117.523796]
2026-06-29T02:22:40+02:00,[60],[-117.523788]
2026-06-29T02:22:36+02:00,[60],[-117.523788]
2026-06-29T02:22:32+02:00,[60],[-117.523788]
2026-06-29T02:22:27+02:00,[60],[-117.523796]
2026-06-29T02:22:22+02:00,[60],[-117.523796]
2026-06-29T02:22:17+02:00,[60],[-117.523819]
2026-06-29T02:22:12+02:00,[60],[-117.523834]
2026-06-29T02:22:07+02:00,[60],[-117.523857]
2026-06-29T02:22:02+02:00,[60],[-117.52388]
2026-06-29T02:21:57+02:00,[60],[-117.523911]
2026-06-29T02:21:52+02:00,[60],[-117.523949]
2026-06-29T02:21:47+02:00,[60],[-117.523994]
2026-06-29T02:21:43+02:00,[60],[-117.524033]
2026-06-29T02:21:38+02:00,[60],[-117.524086]
2026-06-29T02:21:33+02:00,[60],[-117.524124]
2026-06-29T02:21:28+02:00,[60],[-117.524162]
2026-06-29T02:21:23+02:00,[60],[-117.524208]
2026-06-29T02:21:18+02:00,[60],[-117.524246]
2026-06-29T02:21:13+02:00,[60],[-117.524261]
2026-06-29T02:21:08+02:00,[60],[-117.524269]
2026-06-29T02:21:04+02:00,[60],[-117.524277]
2026-06-29T02:20:59+02:00,[60],[-117.524277]
2026-06-29T02:20:53+02:00,[60],[-117.524284]
2026-06-29T02:20:48+02:00,[60],[-117.524292]
2026-06-29T02:20:42+02:00,[60],[-117.524315]
2026-06-29T02:20:36+02:00,[60],[-117.524338]
2026-06-29T02:20:28+02:00,[60],[-117.524338]
2026-06-29T02:20:22+02:00,[60],[-117.524345]
2026-06-29T02:20:16+02:00,[60],[-117.524345]
2026-06-29T02:20:10+02:00,[60],[-117.524353]
2026-06-29T02:20:05+02:00,[60],[-117.524361]
2026-06-29T02:19:59+02:00,[60],[-117.524376]
2026-06-29T02:19:54+02:00,[60],[-117.524399]
2026-06-29T02:19:49+02:00,[60],[-117.524414]
2026-06-29T02:19:43+02:00,[60],[-117.524422]
2026-06-29T02:19:38+02:00,[60],[-117.524437]
2026-06-29T02:19:33+02:00,[60],[-117.52446]
2026-06-29T02:19:28+02:00,[60],[-117.524475]
2026-06-29T02:19:22+02:00,[60],[-117.524506]
2026-06-29T02:19:16+02:00,[60],[-117.524529]
2026-06-29T02:19:10+02:00,[60],[-117.524559]
2026-06-29T02:19:05+02:00,[60],[-117.524582]
2026-06-29T02:18:58+02:00,[60],[-117.524605]
2026-06-29T02:18:52+02:00,[60],[-117.524635]
2026-06-29T02:18:47+02:00,[60],[-117.524666]
2026-06-29T02:18:42+02:00,[60],[-117.524696]
2026-06-29T02:18:37+02:00,[60],[-117.524719]
2026-06-29T02:18:32+02:00,[60],[-117.52475]
2026-06-29T02:18:27+02:00,[60],[-117.524773]
2026-06-29T02:18:22+02:00,[60],[-117.524803]
2026-06-29T02:18:17+02:00,[60],[-117.524826]
2026-06-29T02:18:12+02:00,[60],[-117.524841]
2026-06-29T02:18:07+02:00,[60],[-117.524857]
2026-06-29T02:18:03+02:00,[60],[-117.524864]
2026-06-29T02:17:58+02:00,[60],[-117.524872]
2026-06-29T02:17:53+02:00,[60],[-117.524879]
2026-06-29T02:17:49+02:00,[60],[-117.524879]
2026-06-29T02:17:45+02:00,[60],[-117.524879]
2026-06-29T02:17:40+02:00,[60],[-117.524887]
2026-06-29T02:17:34+02:00,[60],[-117.524887]
2026-06-29T02:17:29+02:00,[60],[-117.524895]
2026-06-29T02:17:24+02:00,[60],[-117.524895]
2026-06-29T02:17:20+02:00,[60],[-117.524895]
2026-06-29T02:17:14+02:00,[60],[-117.524895]
2026-06-29T02:17:09+02:00,[60],[-117.524895]
2026-06-29T02:17:05+02:00,[60],[-117.524895]
2026-06-29T02:17:00+02:00,[60],[-117.524902]
2026-06-29T02:16:55+02:00,[60],[-117.52491]
2026-06-29T02:16:50+02:00,[60],[-117.524918]
2026-06-29T02:16:46+02:00,[60],[-117.524933]
2026-06-29T02:16:40+02:00,[60],[-117.52494]
2026-06-29T02:16:34+02:00,[60],[-117.52494]
2026-06-29T02:16:28+02:00,[60],[-117.52494]
2026-06-29T02:16:22+02:00,[60],[-117.52494]
2026-06-29T02:16:17+02:00,[60],[-117.52494]
2026-06-29T02:16:11+02:00,[60],[-117.52494]
2026-06-29T02:16:05+02:00,[60],[-117.52494]
2026-06-29T02:15:59+02:00,[60],[-117.52494]
2026-06-29T02:15:51+02:00,[60],[-117.52494]
2026-06-29T02:15:32+02:00,[60],[-117.52494]
2026-06-29T02:15:14+02:00,[60],[-117.524948]
2026-06-29T02:15:07+02:00,[60],[-117.524948]
2026-06-29T02:15:01+02:00,[60],[-117.524948]
2026-06-29T02:14:55+02:00,[60],[-117.524948]
2026-06-29T02:14:49+02:00,[60],[-117.524956]
2026-06-29T02:14:43+02:00,[60],[-117.524963]
2026-06-29T02:14:38+02:00,[60],[-117.524963]
2026-06-29T02:14:33+02:00,[60],[-117.524971]
2026-06-29T02:14:28+02:00,[60],[-117.524971]
2026-06-29T02:14:20+02:00,[60],[-117.524979]
2026-06-29T02:14:15+02:00,[60],[-117.524979]
2026-06-29T02:14:10+02:00,[60],[-117.524986]
2026-06-29T02:14:04+02:00,[60],[-117.524986]
2026-06-29T02:13:59+02:00,[60],[-117.524994]
2026-06-29T02:13:54+02:00,[60],[-117.524994]
2026-06-29T02:13:49+02:00,[60],[-117.524994]
2026-06-29T02:13:43+02:00,[60],[-117.525002]
2026-06-29T02:13:38+02:00,[60],[-117.525009]
2026-06-29T02:13:33+02:00,[60],[-117.525017]
2026-06-29T02:13:28+02:00,[60],[-117.525024]
2026-06-29T02:13:23+02:00,[60],[-117.525032]
2026-06-29T02:13:17+02:00,[60],[-117.52504]
2026-06-29T02:13:12+02:00,[60],[-117.525055]
2026-06-29T02:13:07+02:00,[60],[-117.52507]
2026-06-29T02:13:02+02:00,[60],[-117.525085]
2026-06-29T02:12:55+02:00,[60],[-117.525101]
2026-06-29T02:12:50+02:00,[60],[-117.525108]
2026-06-29T02:12:45+02:00,[60],[-117.525124]
2026-06-29T02:12:40+02:00,[60],[-117.525139]
2026-06-29T02:12:35+02:00,[60],[-117.525146]
2026-06-29T02:12:31+02:00,[60],[-117.525162]
2026-06-29T02:12:26+02:00,[60],[-117.525169]
2026-06-29T02:12:22+02:00,[60],[-117.525185]
2026-06-29T02:12:17+02:00,[60],[-117.525192]
2026-06-29T02:12:12+02:00,[60],[-117.5252]
2026-06-29T02:12:08+02:00,[60],[-117.525208]
2026-06-29T02:12:02+02:00,[60],[-117.525223]
2026-06-29T02:11:56+02:00,[60],[-117.52523]
2026-06-29T02:11:51+02:00,[60],[-117.52523]
2026-06-29T02:11:46+02:00,[60],[-117.52523]
2026-06-29T02:11:42+02:00,[60],[-117.52523]
2026-06-29T02:11:38+02:00,[60],[-117.52523]
2026-06-29T02:11:34+02:00,[60],[-117.52523]
2026-06-29T02:11:29+02:00,[60],[-117.52523]
2026-06-29T02:11:24+02:00,[60],[-117.52523]
2026-06-29T02:11:19+02:00,[60],[-117.52523]
2026-06-29T02:11:15+02:00,[60],[-117.525238]
2026-06-29T02:11:10+02:00,[60],[-117.525253]
2026-06-29T02:11:05+02:00,[60],[-117.525261]
2026-06-29T02:11:01+02:00,[60],[-117.525269]
2026-06-29T02:10:57+02:00,[60],[-117.525284]
2026-06-29T02:10:52+02:00,[60],[-117.525291]
2026-06-29T02:10:47+02:00,[60],[-117.525291]
2026-06-29T02:10:42+02:00,[60],[-117.525299]
2026-06-29T02:10:36+02:00,[60],[-117.525299]
2026-06-29T02:10:32+02:00,[60],[-117.525299]
2026-06-29T02:10:28+02:00,[60],[-117.525299]
2026-06-29T02:10:24+02:00,[60],[-117.525307]
2026-06-29T02:10:20+02:00,[60],[-117.525307]
2026-06-29T02:10:16+02:00,[60],[-117.525307]
2026-06-29T02:10:12+02:00,[60],[-117.525307]
2026-06-29T02:10:08+02:00,[60],[-117.525307]
2026-06-29T02:10:04+02:00,[60],[-117.525314]
2026-06-29T02:10:00+02:00,[60],[-117.525314]
2026-06-29T02:09:56+02:00,[60],[-117.525314]
2026-06-29T02:09:52+02:00,[60],[-117.525322]
2026-06-29T02:09:48+02:00,[60],[-117.525322]
2026-06-29T02:09:44+02:00,[60],[-117.525322]
2026-06-29T02:09:40+02:00,[60],[-117.525322]
2026-06-29T02:09:36+02:00,[60],[-117.525307]
2026-06-29T02:09:32+02:00,[60],[-117.525291]
2026-06-29T02:09:28+02:00,[60],[-117.525276]
2026-06-29T02:09:24+02:00,[60],[-117.525261]
2026-06-29T02:09:19+02:00,[60],[-117.525238]
2026-06-29T02:09:15+02:00,[60],[-117.525223]
2026-06-29T02:09:10+02:00,[60],[-117.525215]
2026-06-29T02:09:06+02:00,[60],[-117.5252]
2026-06-29T02:09:02+02:00,[60],[-117.5252]
2026-06-29T02:08:58+02:00,[60],[-117.525192]
2026-06-29T02:08:54+02:00,[60],[-117.525185]
2026-06-29T02:08:50+02:00,[60],[-117.525169]
2026-06-29T02:08:45+02:00,[60],[-117.525146]
2026-06-29T02:08:40+02:00,[60],[-117.525116]
2026-06-29T02:08:36+02:00,[60],[-117.525078]
2026-06-29T02:08:32+02:00,[60],[-117.52504]
2026-06-29T02:08:27+02:00,[60],[-117.525009]
2026-06-29T02:08:22+02:00,[60],[-117.524994]
2026-06-29T02:08:18+02:00,[60],[-117.524994]
2026-06-29T02:08:13+02:00,[60],[-117.524994]
2026-06-29T02:08:08+02:00,[60],[-117.524994]
2026-06-29T02:08:05+02:00,[60],[-117.525002]
2026-06-29T02:08:00+02:00,[60],[-117.525009]
2026-06-29T02:07:56+02:00,[60],[-117.525017]
2026-06-29T02:07:52+02:00,[60],[-117.525017]
2026-06-29T02:07:47+02:00,[60],[-117.525017]
2026-06-29T02:07:43+02:00,[60],[-117.525017]
2026-06-29T02:07:40+02:00,[60],[-117.525009]
2026-06-29T02:07:34+02:00,[60],[-117.524963]
2026-06-29T02:07:30+02:00,[60],[-117.52491]
2026-06-29T02:07:26+02:00,[60],[-117.524849]
2026-06-29T02:07:22+02:00,[60],[-117.524788]
2026-06-29T02:07:18+02:00,[60],[-117.524742]
2026-06-29T02:07:13+02:00,[60],[-117.524704]
2026-06-29T02:07:07+02:00,[60],[-117.524704]
2026-06-29T02:06:50+02:00,[60],[-117.524704]
2026-06-29T02:06:45+02:00,[60],[-117.524704]
2026-06-29T02:06:39+02:00,[60],[-117.524689]
2026-06-29T02:06:34+02:00,[60],[-117.524689]
2026-06-29T02:06:29+02:00,[60],[-117.524689]
2026-06-29T02:06:25+02:00,[60],[-117.524689]
2026-06-29T02:06:21+02:00,[60],[-117.524666]
2026-06-29T02:06:15+02:00,[60],[-117.524643]
2026-06-29T02:06:09+02:00,[60],[-117.524559]
2026-06-29T02:05:57+02:00,[60],[-117.524483]
2026-06-26T07:29:51+02:00,[60],[-117.328621]
2026-06-26T07:29:50+02:00,[60],[-117.328621]
2026-06-26T07:29:49+02:00,[60],[-117.328629]
2026-06-26T07:29:48+02:00,[60],[-117.328629]
2026-06-26T07:29:47+02:00,[60],[-117.328629]
2026-06-26T07:29:46+02:00,[60],[-117.328629]
2026-06-26T07:29:45+02:00,[60],[-117.328629]
2026-06-26T07:29:44+02:00,[60],[-117.328636]
2026-06-26T07:29:43+02:00,[60],[-117.328636]
2026-06-26T07:29:42+02:00,[60],[-117.328629]
2026-06-26T07:29:41+02:00,[60],[-117.328636]
2026-06-26T07:29:40+02:00,[60],[-117.328644]
2026-06-26T07:29:39+02:00,[60],[-117.328659]
2026-06-26T07:29:38+02:00,[60],[-117.328667]
2026-06-26T07:29:37+02:00,[60],[-117.328674]
2026-06-26T07:29:36+02:00,[60],[-117.328674]
2026-06-26T07:29:35+02:00,[60],[-117.328674]
2026-06-26T07:29:34+02:00,[60],[-117.328674]
2026-06-26T07:29:33+02:00,[60],[-117.328674]
2026-06-26T07:29:32+02:00,[60],[-117.328674]
2026-06-26T07:29:31+02:00,[60],[-117.328674]
2026-06-26T07:29:30+02:00,[60],[-117.328667]
2026-06-26T07:29:29+02:00,[60],[-117.328667]
2026-06-26T07:29:28+02:00,[60],[-117.328659]
2026-06-26T07:29:27+02:00,[60],[-117.328659]
2026-06-26T07:29:26+02:00,[60],[-117.328667]
2026-06-26T07:29:25+02:00,[60],[-117.328674]
2026-06-26T07:29:24+02:00,[60],[-117.328667]
2026-06-26T07:29:23+02:00,[60],[-117.328667]
2026-06-26T07:29:22+02:00,[60],[-117.328674]
2026-06-26T07:29:21+02:00,[60],[-117.328682]
2026-06-26T07:29:20+02:00,[60],[-117.328697]
2026-06-26T07:29:19+02:00,[60],[-117.328705]
2026-06-26T07:29:18+02:00,[60],[-117.328705]
2026-06-26T07:29:17+02:00,[60],[-117.328705]
2026-06-26T07:29:16+02:00,[60],[-117.328697]
2026-06-26T07:29:15+02:00,[60],[-117.328697]
2026-06-26T07:29:14+02:00,[60],[-117.328697]
2026-06-26T07:29:13+02:00,[60],[-117.328697]
2026-06-26T07:29:12+02:00,[60],[-117.328697]
2026-06-26T07:29:11+02:00,[60],[-117.32869]
2026-06-26T07:29:10+02:00,[60],[-117.328682]
2026-06-26T07:29:09+02:00,[60],[-117.328682]
2026-06-26T07:29:08+02:00,[60],[-117.328682]
2026-06-26T07:29:07+02:00,[60],[-117.328674]
2026-06-26T07:29:06+02:00,[60],[-117.328674]
2026-06-26T07:29:05+02:00,[60],[-117.328674]
2026-06-26T07:29:03+02:00,[60],[-117.328667]
2026-06-26T07:29:02+02:00,[60],[-117.328659]
2026-06-26T07:29:01+02:00,[60],[-117.328659]
2026-06-26T07:29:00+02:00,[60],[-117.328659]
2026-06-26T07:28:59+02:00,[60],[-117.328659]
2026-06-26T07:28:58+02:00,[60],[-117.328651]
2026-06-26T07:28:57+02:00,[60],[-117.328651]
2026-06-26T07:28:56+02:00,[60],[-117.328659]
2026-06-26T07:28:55+02:00,[60],[-117.328659]
2026-06-26T07:28:54+02:00,[60],[-117.328659]
2026-06-26T07:28:53+02:00,[60],[-117.328659]
2026-06-21T04:53:31+02:00,[60],[-117.837234]
2026-06-21T04:53:29+02:00,[60],[-117.837234]
2026-06-21T04:53:28+02:00,[60],[-117.837234]
2026-06-21T04:53:27+02:00,[60],[-117.837234]
2026-06-21T04:53:26+02:00,[60],[-117.837234]
2026-06-21T04:53:25+02:00,[60],[-117.837234]
2026-06-21T04:53:24+02:00,[60],[-117.837234]
2026-06-21T04:53:23+02:00,[60],[-117.837234]
2026-06-21T04:53:22+02:00,[60],[-117.837234]
2026-06-21T04:53:21+02:00,[60],[-117.837234]
2026-06-21T04:53:20+02:00,[60],[-117.837234]
2026-06-21T04:53:19+02:00,[60],[-117.837234]
2026-06-21T04:53:18+02:00,[60],[-117.837234]
2026-06-21T04:53:17+02:00,[60],[-117.837234]
2026-06-21T04:53:16+02:00,[60],[-117.837234]
2026-06-21T04:53:15+02:00,[60],[-117.837234]
2026-06-21T04:53:14+02:00,[60],[-117.837234]
2026-06-21T04:53:13+02:00,[60],[-117.837234]
2026-06-21T04:53:12+02:00,[60],[-117.837234]
2026-06-21T04:53:11+02:00,[60],[-117.837234]
2026-06-21T04:53:10+02:00,[60],[-117.837234]
2026-06-21T04:53:09+02:00,[60],[-117.837234]
2026-06-21T04:53:08+02:00,[60],[-117.837234]
2026-06-21T04:53:07+02:00,[60],[-117.837234]
2026-06-21T04:53:06+02:00,[60],[-117.837234]
2026-06-21T04:53:05+02:00,[60],[-117.837234]
2026-06-21T04:53:03+02:00,[60],[-117.837234]
2026-06-21T04:53:02+02:00,[60],[-117.837234]
2026-06-21T04:53:01+02:00,[60],[-117.837234]
2026-06-21T04:53:00+02:00,[60],[-117.837234]
2026-06-21T04:52:59+02:00,[60],[-117.837234]
2026-06-21T04:52:58+02:00,[60],[-117.837234]
2026-06-21T04:52:57+02:00,[60],[-117.837234]
2026-06-21T04:52:56+02:00,[60],[-117.837234]
2026-06-21T04:52:55+02:00,[60],[-117.837234]
2026-06-21T04:52:54+02:00,[60],[-117.837234]
2026-06-21T04:52:53+02:00,[60],[-117.837234]
2026-06-21T04:52:52+02:00,[60],[-117.837234]
2026-06-21T04:52:51+02:00,[60],[-117.837234]
2026-06-21T04:52:50+02:00,[60],[-117.837234]
2026-06-21T04:52:49+02:00,[60],[-117.837234]
2026-06-21T04:52:48+02:00,[60],[-117.837242]
2026-06-21T04:52:47+02:00,[60],[-117.837242]
2026-06-21T04:52:46+02:00,[60],[-117.837242]
2026-06-21T04:52:45+02:00,[60],[-117.837242]
2026-06-21T04:52:44+02:00,[60],[-117.83725]
2026-06-21T04:52:43+02:00,[60],[-117.83725]
2026-06-21T04:52:42+02:00,[60],[-117.837242]
2026-06-21T04:52:41+02:00,[60],[-117.837227]
2026-06-21T04:52:40+02:00,[60],[-117.837212]
2026-06-21T04:52:39+02:00,[60],[-117.837196]
2026-06-21T04:52:38+02:00,[60],[-117.837181]
2026-06-21T04:52:37+02:00,[60],[-117.837166]
2026-06-21T04:52:36+02:00,[60],[-117.837151]
2026-06-21T04:52:35+02:00,[60],[-117.837135]
2026-06-21T04:52:34+02:00,[60],[-117.83712]
2026-06-21T04:52:33+02:00,[60],[-117.837112]
2026-06-21T04:52:32+02:00,[60],[-117.837097]
2026-06-21T04:52:31+02:00,[60],[-117.83709]
2026-06-21T04:52:30+02:00,[60],[-117.837074]
2026-06-21T04:52:29+02:00,[60],[-117.837059]
2026-06-21T04:52:28+02:00,[60],[-117.837044]
2026-06-21T04:52:27+02:00,[60],[-117.837029]
2026-06-21T04:52:26+02:00,[60],[-117.837013]
2026-06-21T04:52:25+02:00,[60],[-117.837006]
2026-06-21T04:52:24+02:00,[60],[-117.83699]
2026-06-21T04:52:23+02:00,[60],[-117.836975]
2026-06-21T04:52:22+02:00,[60],[-117.83696]
2026-06-21T04:52:21+02:00,[60],[-117.836945]
2026-06-21T04:52:20+02:00,[60],[-117.836929]
2026-06-21T04:52:19+02:00,[60],[-117.836914]
2026-06-21T04:52:18+02:00,[60],[-117.836899]
2026-06-21T04:52:17+02:00,[60],[-117.836891]
2026-06-21T04:52:16+02:00,[60],[-117.836876]
2026-06-21T04:52:15+02:00,[60],[-117.836868]
2026-06-21T04:52:14+02:00,[60],[-117.836853]
2026-06-21T04:52:13+02:00,[60],[-117.836845]
2026-06-21T04:52:12+02:00,[60],[-117.83683]
2026-06-21T04:52:11+02:00,[60],[-117.836823]
2026-06-21T04:52:10+02:00,[60],[-117.836807]
2026-06-21T04:52:09+02:00,[60],[-117.836792]
2026-06-21T04:52:08+02:00,[60],[-117.836777]
2026-06-21T04:52:07+02:00,[60],[-117.836754]
2026-06-21T04:52:06+02:00,[60],[-117.836739]
2026-06-21T04:52:05+02:00,[60],[-117.836723]
2026-06-21T04:52:04+02:00,[60],[-117.836708]
2026-06-21T04:52:03+02:00,[60],[-117.8367]
2026-06-21T04:52:02+02:00,[60],[-117.836678]
2026-06-21T04:52:01+02:00,[60],[-117.836662]
2026-06-21T04:52:00+02:00,[60],[-117.836647]
2026-06-21T04:51:59+02:00,[60],[-117.836632]
2026-06-21T04:51:58+02:00,[60],[-117.836617]
2026-06-21T04:51:57+02:00,[60],[-117.836601]
2026-06-21T04:51:56+02:00,[60],[-117.836586]
2026-06-21T04:51:55+02:00,[60],[-117.836571]
2026-06-21T04:51:54+02:00,[60],[-117.836563]
2026-06-21T04:51:53+02:00,[60],[-117.836548]
2026-06-21T04:51:52+02:00,[60],[-117.83654]
2026-06-21T04:51:51+02:00,[60],[-117.836525]
2026-06-21T04:51:50+02:00,[60],[-117.83651]
2026-06-21T04:51:49+02:00,[60],[-117.836494]
2026-06-21T04:51:48+02:00,[60],[-117.836479]
2026-06-21T04:51:47+02:00,[60],[-117.836464]
2026-06-21T04:51:46+02:00,[60],[-117.836449]
2026-06-21T04:51:45+02:00,[60],[-117.836433]
2026-06-21T04:51:44+02:00,[60],[-117.836418]
2026-06-21T04:51:43+02:00,[60],[-117.836411]
2026-06-21T04:51:42+02:00,[60],[-117.836395]
2026-06-21T04:51:41+02:00,[60],[-117.83638]
2026-06-21T04:51:40+02:00,[60],[-117.836372]
2026-06-21T04:51:39+02:00,[60],[-117.836357]
2026-06-21T04:51:38+02:00,[60],[-117.836349]
2026-06-21T04:51:37+02:00,[60],[-117.836334]
2026-06-21T04:51:36+02:00,[60],[-117.836319]
2026-06-21T04:51:35+02:00,[60],[-117.836311]
2026-06-21T04:51:34+02:00,[60],[-117.836296]
2026-06-21T04:51:33+02:00,[60],[-117.836288]
2026-06-21T04:51:32+02:00,[60],[-117.836273]
2026-06-21T04:51:31+02:00,[60],[-117.836258]
2026-06-21T04:51:30+02:00,[60],[-117.836243]
2026-06-21T04:51:29+02:00,[60],[-117.836227]
2026-06-21T04:51:28+02:00,[60],[-117.83622]
2026-06-21T04:51:27+02:00,[60],[-117.836212]
2026-06-21T04:51:26+02:00,[60],[-117.836197]
2026-06-21T04:51:25+02:00,[60],[-117.836189]
2026-06-21T04:51:24+02:00,[60],[-117.836182]
2026-06-21T04:51:23+02:00,[60],[-117.836166]
2026-06-21T04:51:22+02:00,[60],[-117.836159]
2026-06-21T04:51:21+02:00,[60],[-117.836143]
2026-06-21T04:51:20+02:00,[60],[-117.836128]
2026-06-21T04:51:19+02:00,[60],[-117.836121]
2026-06-21T04:51:18+02:00,[60],[-117.836105]
2026-06-21T04:51:17+02:00,[60],[-117.836098]
2026-06-21T04:51:16+02:00,[60],[-117.836082]
2026-06-21T04:51:15+02:00,[60],[-117.836075]
2026-06-21T04:51:14+02:00,[60],[-117.83606]
2026-06-21T04:51:13+02:00,[60],[-117.836044]
2026-06-21T04:51:12+02:00,[60],[-117.836037]
2026-06-21T04:51:11+02:00,[60],[-117.836021]
2026-06-21T04:51:10+02:00,[60],[-117.836014]
2026-06-21T04:51:09+02:00,[60],[-117.836014]
2026-06-21T04:51:08+02:00,[60],[-117.835999]
2026-06-21T04:51:07+02:00,[60],[-117.835983]
2026-06-21T04:51:06+02:00,[60],[-117.835968]
2026-06-21T04:51:05+02:00,[60],[-117.83596]
2026-06-21T04:51:04+02:00,[60],[-117.835945]
2026-06-21T04:51:03+02:00,[60],[-117.83593]
2026-06-21T04:51:02+02:00,[60],[-117.835915]
2026-06-21T04:51:01+02:00,[60],[-117.835907]
2026-06-21T04:51:00+02:00,[60],[-117.835892]
2026-06-21T04:50:59+02:00,[60],[-117.835876]
2026-06-21T04:50:58+02:00,[60],[-117.835869]
2026-06-21T04:50:57+02:00,[60],[-117.835854]
2026-06-21T04:50:56+02:00,[60],[-117.835846]
2026-06-21T04:50:55+02:00,[60],[-117.835831]
2026-06-21T04:50:54+02:00,[60],[-117.835823]
2026-06-21T04:50:53+02:00,[60],[-117.835808]
2026-06-21T04:50:52+02:00,[60],[-117.835793]
2026-06-21T04:50:51+02:00,[60],[-117.835785]
2026-06-21T04:50:50+02:00,[60],[-117.83577]
2026-06-21T04:50:49+02:00,[60],[-117.835762]
2026-06-21T04:50:48+02:00,[60],[-117.835739]
2026-06-21T04:50:47+02:00,[60],[-117.835724]
2026-06-21T04:50:46+02:00,[60],[-117.835709]
2026-06-21T04:50:45+02:00,[60],[-117.835701]
2026-06-21T04:50:44+02:00,[60],[-117.835686]
2026-06-21T04:50:43+02:00,[60],[-117.835678]
2026-06-21T04:50:42+02:00,[60],[-117.83567]
2026-06-21T04:50:41+02:00,[60],[-117.835663]
2026-06-21T04:50:40+02:00,[60],[-117.835655]
2026-06-21T04:50:39+02:00,[60],[-117.83564]
2026-06-21T04:50:38+02:00,[60],[-117.835625]
2026-06-21T04:50:37+02:00,[60],[-117.835617]
2026-06-21T04:50:36+02:00,[60],[-117.835594]
2026-06-21T04:50:35+02:00,[60],[-117.835587]
2026-06-21T04:50:34+02:00,[60],[-117.835571]
2026-06-21T04:50:33+02:00,[60],[-117.835564]
2026-06-21T04:50:32+02:00,[60],[-117.835548]
2026-06-21T04:50:31+02:00,[60],[-117.835533]
2026-06-21T04:50:30+02:00,[60],[-117.835526]
2026-06-21T04:50:29+02:00,[60],[-117.835518]
2026-06-21T04:50:28+02:00,[60],[-117.835495]
2026-06-21T04:50:27+02:00,[60],[-117.83548]
2026-06-21T04:50:26+02:00,[60],[-117.835472]
2026-06-21T04:50:25+02:00,[60],[-117.835457]
2026-06-21T04:50:24+02:00,[60],[-117.835442]
2026-06-21T04:50:23+02:00,[60],[-117.835426]
2026-06-21T04:50:22+02:00,[60],[-117.835419]
2026-06-21T04:50:21+02:00,[60],[-117.835403]
2026-06-21T04:50:20+02:00,[60],[-117.835388]
2026-06-21T04:50:19+02:00,[60],[-117.835373]
2026-06-21T04:50:18+02:00,[60],[-117.835373]
2026-06-21T04:50:17+02:00,[60],[-117.835358]
2026-06-21T04:50:16+02:00,[60],[-117.835342]
2026-06-21T04:50:15+02:00,[60],[-117.835327]
2026-06-21T04:50:14+02:00,[60],[-117.835312]
2026-06-21T04:50:13+02:00,[60],[-117.835297]
2026-06-21T04:50:12+02:00,[60],[-117.835281]
2026-06-21T04:50:11+02:00,[60],[-117.835266]
2026-06-21T04:50:10+02:00,[60],[-117.835258]
2026-06-21T04:50:09+02:00,[60],[-117.835243]
2026-06-21T04:50:08+02:00,[60],[-117.835228]
2026-06-21T04:50:07+02:00,[60],[-117.83522]
2026-06-21T04:50:06+02:00,[60],[-117.835205]
2026-06-21T04:50:05+02:00,[60],[-117.835197]
2026-06-21T04:50:04+02:00,[60],[-117.835175]
2026-06-21T04:50:03+02:00,[60],[-117.835159]
2026-06-21T04:50:02+02:00,[60],[-117.835136]
2026-06-21T04:50:01+02:00,[60],[-117.835121]
2026-06-21T04:50:00+02:00,[60],[-117.835129]
2026-06-21T04:49:59+02:00,[60],[-117.835114]
2026-06-21T04:49:58+02:00,[60],[-117.835098]
2026-06-21T04:49:57+02:00,[60],[-117.835083]
2026-06-21T04:49:56+02:00,[60],[-117.835068]
2026-06-21T04:49:55+02:00,[60],[-117.835052]
2026-06-21T04:49:54+02:00,[60],[-117.835037]
2026-06-21T04:49:53+02:00,[60],[-117.835022]
2026-06-21T04:49:52+02:00,[60],[-117.834999]
2026-06-21T04:49:51+02:00,[60],[-117.834984]
2026-06-21T04:49:50+02:00,[60],[-117.834976]
2026-06-21T04:49:49+02:00,[60],[-117.834961]
2026-06-21T04:49:48+02:00,[60],[-117.834946]
2026-06-21T04:49:47+02:00,[60],[-117.83493]
2026-06-21T04:49:46+02:00,[60],[-117.834915]
2026-06-21T04:49:45+02:00,[60],[-117.8349]
2026-06-21T04:49:44+02:00,[60],[-117.834885]
2026-06-21T04:49:43+02:00,[60],[-117.834877]
2026-06-21T04:49:42+02:00,[60],[-117.834869]
2026-06-21T04:49:41+02:00,[60],[-117.834854]
2026-06-21T04:49:40+02:00,[60],[-117.834839]
2026-06-21T04:49:39+02:00,[60],[-117.834824]
2026-06-21T04:49:38+02:00,[60],[-117.834808]
2026-06-21T04:49:37+02:00,[60],[-117.834793]
2026-06-21T04:49:36+02:00,[60],[-117.834785]
2026-06-21T04:49:35+02:00,[60],[-117.83477]
2026-06-21T04:49:34+02:00,[60],[-117.834755]
2026-06-21T04:49:33+02:00,[60],[-117.83474]
2026-06-21T04:49:32+02:00,[60],[-117.834732]
2026-06-21T04:49:31+02:00,[60],[-117.834724]
2026-06-21T04:49:30+02:00,[60],[-117.834709]
2026-06-21T04:49:29+02:00,[60],[-117.834694]
2026-06-21T04:49:28+02:00,[60],[-117.834686]
2026-06-21T04:49:27+02:00,[60],[-117.834671]
2026-06-21T04:49:26+02:00,[60],[-117.834663]
2026-06-21T04:49:25+02:00,[60],[-117.834633]
2026-06-21T04:49:24+02:00,[60],[-117.834625]
2026-06-21T04:49:23+02:00,[60],[-117.83461]
2026-06-21T04:49:22+02:00,[60],[-117.834595]
2026-06-21T04:49:21+02:00,[60],[-117.834587]
2026-06-21T04:49:20+02:00,[60],[-117.834572]
2026-06-21T04:49:18+02:00,[60],[-117.834564]
2026-06-21T04:49:17+02:00,[60],[-117.834557]
2026-06-21T04:49:16+02:00,[60],[-117.834541]
2026-06-21T04:49:15+02:00,[60],[-117.834534]
2026-06-21T04:49:14+02:00,[60],[-117.834518]
2026-06-21T04:49:13+02:00,[60],[-117.834503]
2026-06-21T04:49:12+02:00,[60],[-117.834488]
2026-06-21T04:49:11+02:00,[60],[-117.834473]
2026-06-21T04:49:10+02:00,[60],[-117.834465]
2026-06-21T04:49:09+02:00,[60],[-117.83445]
2026-06-21T04:49:08+02:00,[60],[-117.834435]
2026-06-21T04:49:07+02:00,[60],[-117.834419]
2026-06-21T04:49:06+02:00,[60],[-117.834412]
2026-06-21T04:49:05+02:00,[60],[-117.834396]
2026-06-21T04:49:04+02:00,[60],[-117.834389]
2026-06-21T04:49:03+02:00,[60],[-117.834381]
2026-06-21T04:49:02+02:00,[60],[-117.834366]
2026-06-21T04:49:01+02:00,[60],[-117.834351]
2026-06-21T04:49:00+02:00,[60],[-117.834335]
2026-06-21T04:48:59+02:00,[60],[-117.83432]
2026-06-21T04:48:58+02:00,[60],[-117.834312]
2026-06-21T04:48:57+02:00,[60],[-117.834297]
2026-06-21T04:48:56+02:00,[60],[-117.834282]
2026-06-21T04:48:55+02:00,[60],[-117.834267]
2026-06-21T04:48:54+02:00,[60],[-117.834259]
2026-06-21T04:48:53+02:00,[60],[-117.834244]
2026-06-21T04:48:52+02:00,[60],[-117.834229]
2026-06-21T04:48:51+02:00,[60],[-117.834221]
2026-06-21T04:48:50+02:00,[60],[-117.834206]
2026-06-21T04:48:49+02:00,[60],[-117.834198]
2026-06-21T04:48:48+02:00,[60],[-117.834183]
2026-06-21T04:48:47+02:00,[60],[-117.834175]
2026-06-21T04:48:46+02:00,[60],[-117.83416]
2026-06-21T04:48:45+02:00,[60],[-117.834152]
2026-06-21T04:48:44+02:00,[60],[-117.834129]
2026-06-21T04:48:43+02:00,[60],[-117.834114]
2026-06-21T04:48:42+02:00,[60],[-117.834106]
2026-06-21T04:48:41+02:00,[60],[-117.834084]
2026-06-21T04:48:40+02:00,[60],[-117.834084]
2026-06-21T04:48:39+02:00,[60],[-117.834076]
2026-06-21T04:48:38+02:00,[60],[-117.834061]
2026-06-21T04:48:37+02:00,[60],[-117.834045]
2026-06-21T04:48:36+02:00,[60],[-117.83403]
2026-06-21T04:48:35+02:00,[60],[-117.834015]
2026-06-21T04:48:34+02:00,[60],[-117.834007]
2026-06-21T04:48:33+02:00,[60],[-117.834]
2026-06-21T04:48:32+02:00,[60],[-117.833984]
2026-06-21T04:48:31+02:00,[60],[-117.833977]
2026-06-21T04:48:30+02:00,[60],[-117.833961]
2026-06-21T04:48:29+02:00,[60],[-117.833946]
2026-06-21T04:48:28+02:00,[60],[-117.833939]
2026-06-21T04:48:27+02:00,[60],[-117.833923]
2026-06-21T04:48:26+02:00,[60],[-117.833908]
2026-06-21T04:48:25+02:00,[60],[-117.8339]
2026-06-21T04:48:24+02:00,[60],[-117.833893]
2026-06-21T04:48:23+02:00,[60],[-117.833885]
2026-06-21T04:48:22+02:00,[60],[-117.83387]
2026-06-21T04:48:21+02:00,[60],[-117.833862]
2026-06-21T04:48:20+02:00,[60],[-117.833855]
2026-06-21T04:48:19+02:00,[60],[-117.833839]
2026-06-21T04:48:18+02:00,[60],[-117.833832]
2026-06-21T04:48:17+02:00,[60],[-117.833817]
2026-06-21T04:48:16+02:00,[60],[-117.833809]
2026-06-21T04:48:15+02:00,[60],[-117.833801]
2026-06-21T04:48:14+02:00,[60],[-117.833794]
2026-06-21T04:48:13+02:00,[60],[-117.833778]
2026-06-21T04:48:12+02:00,[60],[-117.833778]
2026-06-21T04:48:11+02:00,[60],[-117.833763]
2026-06-21T04:48:10+02:00,[60],[-117.833755]
2026-06-21T04:48:09+02:00,[60],[-117.833755]
2026-06-21T04:48:08+02:00,[60],[-117.833748]
2026-06-21T04:48:07+02:00,[60],[-117.83374]
2026-06-21T04:48:06+02:00,[60],[-117.833725]
2026-06-21T04:48:05+02:00,[60],[-117.833725]
2026-06-21T04:48:04+02:00,[60],[-117.833725]
2026-06-21T04:48:03+02:00,[60],[-117.83371]
2026-06-21T04:48:02+02:00,[60],[-117.833694]
2026-06-21T04:48:01+02:00,[60],[-117.833687]
2026-06-21T04:48:00+02:00,[60],[-117.833679]
2026-06-21T04:47:59+02:00,[60],[-117.833664]
2026-06-21T04:47:58+02:00,[60],[-117.833641]
2026-06-21T04:47:57+02:00,[60],[-117.833633]
2026-06-21T04:47:56+02:00,[60],[-117.833626]
2026-06-21T04:47:55+02:00,[60],[-117.833611]
2026-06-21T04:47:54+02:00,[60],[-117.833595]
2026-06-21T04:47:53+02:00,[60],[-117.833588]
2026-06-21T04:47:52+02:00,[60],[-117.83358]
2026-06-21T04:47:51+02:00,[60],[-117.833565]
2026-06-21T04:47:50+02:00,[60],[-117.833542]
2026-06-21T04:47:49+02:00,[60],[-117.833534]
2026-06-21T04:47:48+02:00,[60],[-117.833527]
2026-06-21T04:47:47+02:00,[60],[-117.833511]
2026-06-21T04:47:46+02:00,[60],[-117.833504]
2026-06-21T04:47:45+02:00,[60],[-117.833496]
2026-06-21T04:47:44+02:00,[60],[-117.833481]
2026-06-21T04:47:43+02:00,[60],[-117.833473]
2026-06-21T04:47:42+02:00,[60],[-117.833466]
2026-06-21T04:47:41+02:00,[60],[-117.833458]
2026-06-21T04:47:40+02:00,[60],[-117.83345]
2026-06-21T04:47:39+02:00,[60],[-117.833443]
2026-06-21T04:47:38+02:00,[60],[-117.833435]
2026-06-21T04:47:37+02:00,[60],[-117.833427]
2026-06-21T04:47:36+02:00,[60],[-117.833427]
2026-06-21T04:47:35+02:00,[60],[-117.83342]
2026-06-21T04:47:34+02:00,[60],[-117.833412]
2026-06-21T04:47:33+02:00,[60],[-117.833405]
2026-06-21T04:47:32+02:00,[60],[-117.833397]
2026-06-21T04:47:31+02:00,[60],[-117.833389]
2026-06-21T04:47:30+02:00,[60],[-117.833389]
2026-06-21T04:47:29+02:00,[60],[-117.833389]
2026-06-21T04:47:28+02:00,[60],[-117.833389]
2026-06-21T04:47:27+02:00,[60],[-117.833389]
2026-06-21T04:47:26+02:00,[60],[-117.833389]
2026-06-21T04:47:25+02:00,[60],[-117.833389]
2026-06-21T04:47:24+02:00,[60],[-117.833389]
2026-06-21T04:47:23+02:00,[60],[-117.833389]
2026-06-21T04:47:22+02:00,[60],[-117.833389]
2026-06-21T04:47:21+02:00,[60],[-117.833389]
2026-06-21T04:47:20+02:00,[60],[-117.833389]
2026-06-21T04:47:19+02:00,[60],[-117.833389]
2026-06-21T04:47:18+02:00,[60],[-117.833389]
2026-06-21T04:47:17+02:00,[60],[-117.833389]
2026-06-21T04:47:16+02:00,[60],[-117.833389]
2026-06-21T04:47:15+02:00,[60],[-117.833389]
2026-06-21T04:47:14+02:00,[60],[-117.833382]
2026-06-21T04:47:13+02:00,[60],[-117.833382]
2026-06-21T04:47:12+02:00,[60],[-117.833382]
2026-06-21T04:47:11+02:00,[60],[-117.833374]
2026-06-21T04:47:10+02:00,[60],[-117.833374]
2026-06-21T04:47:09+02:00,[60],[-117.833374]
2026-06-21T04:47:08+02:00,[60],[-117.833374]
2026-06-21T04:47:07+02:00,[60],[-117.833374]
2026-06-21T04:47:06+02:00,[60],[-117.833374]
2026-06-21T04:47:05+02:00,[60],[-117.833374]
2026-06-21T04:47:04+02:00,[60],[-117.833374]
2026-06-21T04:47:03+02:00,[60],[-117.833366]
2026-06-21T04:47:02+02:00,[60],[-117.833366]
2026-06-21T04:47:01+02:00,[60],[-117.833366]
2026-06-21T04:47:00+02:00,[60],[-117.833366]
2026-06-21T04:46:59+02:00,[60],[-117.833366]
2026-06-21T04:46:58+02:00,[60],[-117.833359]
2026-06-21T04:46:57+02:00,[60],[-117.833359]
2026-06-21T04:46:56+02:00,[60],[-117.833359]
2026-06-21T04:46:55+02:00,[60],[-117.833359]
2026-06-21T04:46:54+02:00,[60],[-117.833359]
2026-06-21T04:46:53+02:00,[60],[-117.833359]
2026-06-21T04:46:52+02:00,[60],[-117.833359]
2026-06-21T04:46:51+02:00,[60],[-117.833359]
2026-06-21T04:46:50+02:00,[60],[-117.833359]
2026-06-21T04:46:49+02:00,[60],[-117.833359]
2026-06-21T04:46:48+02:00,[60],[-117.833359]
2026-06-21T04:46:47+02:00,[60],[-117.833359]
2026-06-21T04:46:46+02:00,[60],[-117.833359]
2026-06-21T04:46:45+02:00,[60],[-117.833366]
2026-06-21T04:46:44+02:00,[60],[-117.833366]
2026-06-21T04:46:43+02:00,[60],[-117.833366]
2026-06-21T04:46:42+02:00,[60],[-117.833366]
2026-06-21T04:46:41+02:00,[60],[-117.833366]
2026-06-21T04:46:40+02:00,[60],[-117.833366]
2026-06-21T04:46:39+02:00,[60],[-117.833366]
2026-06-21T04:46:38+02:00,[60],[-117.833366]
2026-06-21T04:46:37+02:00,[60],[-117.833374]
2026-06-21T04:46:36+02:00,[60],[-117.833374]
2026-06-21T04:46:35+02:00,[60],[-117.833374]
2026-06-21T04:46:34+02:00,[60],[-117.833382]
2026-06-21T04:46:33+02:00,[60],[-117.833389]
2026-06-21T04:46:32+02:00,[60],[-117.833389]
2026-06-21T04:46:31+02:00,[60],[-117.833397]
2026-06-21T04:46:30+02:00,[60],[-117.833397]
2026-06-21T04:46:29+02:00,[60],[-117.833405]
2026-06-21T04:46:28+02:00,[60],[-117.833405]
2026-06-21T04:46:27+02:00,[60],[-117.833412]
2026-06-21T04:46:26+02:00,[60],[-117.83342]
2026-06-21T04:46:25+02:00,[60],[-117.83342]
2026-06-21T04:46:24+02:00,[60],[-117.833427]
2026-06-21T04:46:22+02:00,[60],[-117.833435]
2026-06-21T04:46:21+02:00,[60],[-117.833443]
2026-06-21T04:46:20+02:00,[60],[-117.833458]
2026-06-21T04:46:19+02:00,[60],[-117.833466]
2026-06-21T04:46:18+02:00,[60],[-117.833481]
2026-06-21T04:46:17+02:00,[60],[-117.833496]
2026-06-21T04:46:16+02:00,[60],[-117.833511]
2026-06-21T04:46:15+02:00,[60],[-117.833527]
2026-06-21T04:46:14+02:00,[60],[-117.833542]
2026-06-21T04:46:13+02:00,[60],[-117.833549]
2026-06-21T04:46:12+02:00,[60],[-117.833565]
2026-06-21T04:46:11+02:00,[60],[-117.83358]
2026-06-21T04:46:10+02:00,[60],[-117.833588]
2026-06-21T04:46:09+02:00,[60],[-117.833603]
2026-06-21T04:46:08+02:00,[60],[-117.833611]
2026-06-21T04:46:07+02:00,[60],[-117.833626]
2026-06-21T04:46:06+02:00,[60],[-117.833641]
2026-06-21T04:46:05+02:00,[60],[-117.833656]
2026-06-21T04:46:04+02:00,[60],[-117.833664]
2026-06-21T04:46:03+02:00,[60],[-117.833679]
2026-06-21T04:46:02+02:00,[60],[-117.833687]
2026-06-21T04:46:01+02:00,[60],[-117.833702]
2026-06-21T04:46:00+02:00,[60],[-117.833717]
2026-06-21T04:45:59+02:00,[60],[-117.833725]
2026-06-21T04:45:58+02:00,[60],[-117.83374]
2026-06-21T04:45:57+02:00,[60],[-117.833755]
2026-06-21T04:45:56+02:00,[60],[-117.833755]
2026-06-21T04:45:55+02:00,[60],[-117.833771]
2026-06-21T04:45:54+02:00,[60],[-117.833771]
2026-06-21T04:45:53+02:00,[60],[-117.833778]
2026-06-21T04:45:52+02:00,[60],[-117.833786]
2026-06-21T04:45:51+02:00,[60],[-117.833794]
2026-06-21T04:45:50+02:00,[60],[-117.833794]
2026-06-21T04:45:49+02:00,[60],[-117.833801]
2026-06-21T04:45:48+02:00,[60],[-117.833801]
2026-06-21T04:45:47+02:00,[60],[-117.833809]
2026-06-21T04:45:46+02:00,[60],[-117.833809]
2026-06-21T04:45:45+02:00,[60],[-117.833809]
2026-06-21T04:45:44+02:00,[60],[-117.833809]
2026-06-21T04:45:43+02:00,[60],[-117.833809]
2026-06-21T04:45:42+02:00,[60],[-117.833809]
2026-06-21T04:45:41+02:00,[60],[-117.833809]
2026-06-21T04:45:40+02:00,[60],[-117.833809]
2026-06-21T04:45:39+02:00,[60],[-117.833801]
2026-06-21T04:45:38+02:00,[60],[-117.833801]
2026-06-21T04:45:37+02:00,[60],[-117.833801]
2026-06-21T04:45:36+02:00,[60],[-117.833794]
2026-06-21T04:45:35+02:00,[60],[-117.833794]
2026-06-21T04:45:34+02:00,[60],[-117.833786]
2026-06-21T04:45:33+02:00,[60],[-117.833786]
2026-06-21T04:45:32+02:00,[60],[-117.833786]
2026-06-21T04:45:31+02:00,[60],[-117.833786]
2026-06-21T04:45:30+02:00,[60],[-117.833778]
2026-06-21T04:45:29+02:00,[60],[-117.833771]
2026-06-21T04:45:28+02:00,[60],[-117.833763]
2026-06-21T04:45:27+02:00,[60],[-117.833755]
2026-06-21T04:45:26+02:00,[60],[-117.833748]
2026-06-21T04:45:25+02:00,[60],[-117.833748]
2026-06-21T04:45:24+02:00,[60],[-117.83374]
2026-06-21T04:45:23+02:00,[60],[-117.833733]
2026-06-21T04:45:22+02:00,[60],[-117.833725]
2026-06-21T04:45:21+02:00,[60],[-117.833717]
2026-06-21T04:45:20+02:00,[60],[-117.83371]
2026-06-21T04:45:19+02:00,[60],[-117.833702]
2026-06-21T04:45:18+02:00,[60],[-117.833702]
2026-06-21T04:45:17+02:00,[60],[-117.833702]
2026-06-21T04:45:16+02:00,[60],[-117.833702]
2026-06-21T04:45:15+02:00,[60],[-117.833694]
2026-06-21T04:45:14+02:00,[60],[-117.833694]
2026-06-21T04:45:13+02:00,[60],[-117.833694]
2026-06-21T04:45:12+02:00,[60],[-117.833687]
2026-06-21T04:45:11+02:00,[60],[-117.833687]
2026-06-21T04:45:10+02:00,[60],[-117.833687]
2026-06-21T04:45:09+02:00,[60],[-117.833687]
2026-06-21T04:45:08+02:00,[60],[-117.833679]
2026-06-21T04:45:07+02:00,[60],[-117.833679]
2026-06-21T04:45:06+02:00,[60],[-117.833672]
2026-06-21T04:45:05+02:00,[60],[-117.833672]
2026-06-21T04:45:04+02:00,[60],[-117.833672]
2026-06-21T04:45:03+02:00,[60],[-117.833672]
2026-06-21T04:45:02+02:00,[60],[-117.833672]
2026-06-21T04:45:01+02:00,[60],[-117.833672]
2026-06-21T04:45:00+02:00,[60],[-117.833672]
2026-06-21T04:44:59+02:00,[60],[-117.833672]
2026-06-21T04:44:58+02:00,[60],[-117.833679]
2026-06-21T04:44:57+02:00,[60],[-117.833687]
2026-06-21T04:44:56+02:00,[60],[-117.833694]
2026-06-21T04:44:55+02:00,[60],[-117.83371]
2026-06-21T04:44:54+02:00,[60],[-117.833725]
2026-06-21T04:44:53+02:00,[60],[-117.83374]
2026-06-21T04:44:52+02:00,[60],[-117.833755]
2026-06-21T04:44:51+02:00,[60],[-117.833763]
2026-06-21T04:44:50+02:00,[60],[-117.833771]
2026-06-21T04:44:49+02:00,[60],[-117.833786]
2026-06-21T04:44:48+02:00,[60],[-117.833801]
2026-06-21T04:44:47+02:00,[60],[-117.833809]
2026-06-21T04:44:46+02:00,[60],[-117.833824]
2026-06-21T04:44:45+02:00,[60],[-117.833839]
2026-06-21T04:44:44+02:00,[60],[-117.833847]
2026-06-21T04:44:43+02:00,[60],[-117.833862]
2026-06-21T04:44:42+02:00,[60],[-117.833878]
2026-06-21T04:44:41+02:00,[60],[-117.833893]
2026-06-21T04:44:40+02:00,[60],[-117.8339]
2026-06-21T04:44:39+02:00,[60],[-117.833916]
2026-06-21T04:44:38+02:00,[60],[-117.833931]
2026-06-21T04:44:37+02:00,[60],[-117.833939]
2026-06-21T04:44:36+02:00,[60],[-117.833954]
2026-06-21T04:44:35+02:00,[60],[-117.833969]
2026-06-21T04:44:34+02:00,[60],[-117.833977]
2026-06-21T04:44:33+02:00,[60],[-117.833992]
2026-06-21T04:44:32+02:00,[60],[-117.834]
2026-06-21T04:44:31+02:00,[60],[-117.834015]
2026-06-21T04:44:30+02:00,[60],[-117.83403]
2026-06-21T04:44:29+02:00,[60],[-117.834038]
2026-06-21T04:44:28+02:00,[60],[-117.834045]
2026-06-21T04:44:27+02:00,[60],[-117.834053]
2026-06-21T04:44:26+02:00,[60],[-117.834068]
2026-06-21T04:44:25+02:00,[60],[-117.834076]
2026-06-21T04:44:24+02:00,[60],[-117.834084]
2026-06-21T04:44:23+02:00,[60],[-117.834091]
2026-06-21T04:44:22+02:00,[60],[-117.834099]
2026-06-21T04:44:21+02:00,[60],[-117.834106]
2026-06-21T04:44:20+02:00,[60],[-117.834106]
2026-06-21T04:44:19+02:00,[60],[-117.834114]
2026-06-21T04:44:18+02:00,[60],[-117.834114]
2026-06-21T04:44:17+02:00,[60],[-117.834122]
2026-06-21T04:44:16+02:00,[60],[-117.834129]
2026-06-21T04:44:15+02:00,[60],[-117.834129]
2026-06-21T04:44:14+02:00,[60],[-117.834137]
2026-06-21T04:44:13+02:00,[60],[-117.834137]
2026-06-21T04:44:12+02:00,[60],[-117.834137]
2026-06-21T04:44:11+02:00,[60],[-117.834145]
2026-06-21T04:44:10+02:00,[60],[-117.834145]
2026-06-21T04:44:09+02:00,[60],[-117.834145]
2026-06-21T04:44:08+02:00,[60],[-117.834152]
2026-06-21T04:44:07+02:00,[60],[-117.834152]
2026-06-21T04:44:06+02:00,[60],[-117.834152]
2026-06-21T04:44:05+02:00,[60],[-117.834145]
2026-06-21T04:44:04+02:00,[60],[-117.834145]
2026-06-21T04:44:03+02:00,[60],[-117.834145]
2026-06-21T04:44:02+02:00,[60],[-117.834145]
2026-06-21T04:44:01+02:00,[60],[-117.834145]
2026-06-21T04:43:59+02:00,[60],[-117.834137]
2026-06-21T04:43:58+02:00,[60],[-117.834137]
2026-06-21T04:43:57+02:00,[60],[-117.834129]
2026-06-21T04:43:56+02:00,[60],[-117.834122]
2026-06-21T04:43:55+02:00,[60],[-117.834122]
2026-06-21T04:43:54+02:00,[60],[-117.834114]
2026-06-21T04:43:53+02:00,[60],[-117.834106]
2026-06-21T04:43:52+02:00,[60],[-117.834099]
2026-06-21T04:43:51+02:00,[60],[-117.834091]
2026-06-21T04:43:50+02:00,[60],[-117.834091]
2026-06-21T04:43:49+02:00,[60],[-117.834084]
2026-06-21T04:43:48+02:00,[60],[-117.834076]
2026-06-21T04:43:47+02:00,[60],[-117.834076]
2026-06-21T04:43:46+02:00,[60],[-117.834076]
2026-06-21T04:43:45+02:00,[60],[-117.834068]
2026-06-21T04:43:44+02:00,[60],[-117.834068]
2026-06-21T04:43:43+02:00,[60],[-117.834061]
2026-06-21T04:43:42+02:00,[60],[-117.834061]
2026-06-21T04:43:41+02:00,[60],[-117.834061]
2026-06-21T04:43:40+02:00,[60],[-117.834068]
2026-06-21T04:43:39+02:00,[60],[-117.834068]
2026-06-21T04:43:38+02:00,[60],[-117.834068]
2026-06-21T04:43:37+02:00,[60],[-117.834061]
2026-06-21T04:43:36+02:00,[60],[-117.834061]
2026-06-21T04:43:35+02:00,[60],[-117.834061]
2026-06-21T04:43:34+02:00,[60],[-117.834053]
2026-06-21T04:43:33+02:00,[60],[-117.834053]
2026-06-21T04:43:32+02:00,[60],[-117.834045]
2026-06-21T04:43:31+02:00,[60],[-117.834038]
2026-06-21T04:43:30+02:00,[60],[-117.83403]
2026-06-21T04:43:29+02:00,[60],[-117.834015]
2026-06-21T04:43:28+02:00,[60],[-117.834007]
2026-06-21T04:43:27+02:00,[60],[-117.833992]
2026-06-21T04:43:26+02:00,[60],[-117.833984]
2026-06-21T04:43:25+02:00,[60],[-117.833969]
2026-06-21T04:43:24+02:00,[60],[-117.833954]
2026-06-21T04:43:23+02:00,[60],[-117.833939]
2026-06-21T04:43:22+02:00,[60],[-117.833931]
2026-06-21T04:43:21+02:00,[60],[-117.833916]
2026-06-21T04:43:20+02:00,[60],[-117.8339]
2026-06-21T04:43:19+02:00,[60],[-117.833885]
2026-06-21T04:43:18+02:00,[60],[-117.83387]
2026-06-21T04:43:17+02:00,[60],[-117.833862]
2026-06-21T04:43:16+02:00,[60],[-117.833847]
2026-06-21T04:43:15+02:00,[60],[-117.833832]
2026-06-21T04:43:14+02:00,[60],[-117.833824]
2026-06-21T04:43:13+02:00,[60],[-117.833809]
2026-06-21T04:43:12+02:00,[60],[-117.833801]
2026-06-21T04:43:11+02:00,[60],[-117.833786]
2026-06-21T04:43:10+02:00,[60],[-117.833771]
2026-06-21T04:43:09+02:00,[60],[-117.833763]
2026-06-21T04:43:08+02:00,[60],[-117.833748]
2026-06-21T04:43:07+02:00,[60],[-117.833725]
2026-06-21T04:43:06+02:00,[60],[-117.83371]
2026-06-21T04:43:05+02:00,[60],[-117.833694]
2026-06-21T04:43:04+02:00,[60],[-117.833679]
2026-06-21T04:43:03+02:00,[60],[-117.833672]
2026-06-21T04:43:02+02:00,[60],[-117.833656]
2026-06-21T04:43:01+02:00,[60],[-117.833641]
2026-06-21T04:43:00+02:00,[60],[-117.833633]
2026-06-21T04:42:59+02:00,[60],[-117.833618]
2026-06-21T04:42:58+02:00,[60],[-117.833603]
2026-06-21T04:42:57+02:00,[60],[-117.833595]
2026-06-21T04:42:56+02:00,[60],[-117.833572]
2026-06-21T04:42:55+02:00,[60],[-117.833565]
2026-06-21T04:42:54+02:00,[60],[-117.833549]
2026-06-21T04:42:53+02:00,[60],[-117.833542]
2026-06-21T04:42:52+02:00,[60],[-117.833527]
2026-06-21T04:42:51+02:00,[60],[-117.833511]
2026-06-21T04:42:50+02:00,[60],[-117.833496]
2026-06-21T04:42:49+02:00,[60],[-117.833481]
2026-06-21T04:42:48+02:00,[60],[-117.833466]
2026-06-21T04:42:47+02:00,[60],[-117.83345]
2026-06-21T04:42:46+02:00,[60],[-117.833443]
2026-06-21T04:42:45+02:00,[60],[-117.833435]
2026-06-21T04:42:44+02:00,[60],[-117.833427]
2026-06-21T04:42:43+02:00,[60],[-117.83342]
2026-06-21T04:42:42+02:00,[60],[-117.833412]
2026-06-21T04:42:41+02:00,[60],[-117.833412]
2026-06-21T04:42:40+02:00,[60],[-117.833405]
2026-06-21T04:42:39+02:00,[60],[-117.833405]
2026-06-21T04:42:38+02:00,[60],[-117.833397]
2026-06-21T04:42:37+02:00,[60],[-117.833397]
2026-06-21T04:42:36+02:00,[60],[-117.833397]
2026-06-21T04:42:35+02:00,[60],[-117.833389]
2026-06-21T04:42:34+02:00,[60],[-117.833389]
2026-06-21T04:42:33+02:00,[60],[-117.833389]
2026-06-21T04:42:32+02:00,[60],[-117.833389]
2026-06-21T04:42:31+02:00,[60],[-117.833389]
2026-06-21T04:42:30+02:00,[60],[-117.833382]
2026-06-21T04:42:29+02:00,[60],[-117.833382]
2026-06-21T04:42:28+02:00,[60],[-117.833382]
2026-06-21T04:42:27+02:00,[60],[-117.833382]
2026-06-21T04:42:26+02:00,[60],[-117.833382]
2026-06-21T04:42:25+02:00,[60],[-117.833374]
2026-06-21T04:42:24+02:00,[60],[-117.833374]
2026-06-21T04:42:23+02:00,[60],[-117.833382]
2026-06-21T04:42:22+02:00,[60],[-117.833374]
2026-06-21T04:42:21+02:00,[60],[-117.833374]
2026-06-21T04:42:20+02:00,[60],[-117.833374]
2026-06-21T04:42:19+02:00,[60],[-117.833374]
2026-06-21T04:42:18+02:00,[60],[-117.833374]
2026-06-21T04:42:17+02:00,[60],[-117.833374]
2026-06-21T04:42:16+02:00,[60],[-117.833374]
2026-06-21T04:42:15+02:00,[60],[-117.833374]
2026-06-21T04:42:14+02:00,[60],[-117.833374]
2026-06-21T04:42:13+02:00,[60],[-117.833374]
2026-06-21T04:42:12+02:00,[60],[-117.833374]
2026-06-21T04:42:11+02:00,[60],[-117.833382]
2026-06-21T04:42:10+02:00,[60],[-117.833374]
2026-06-21T04:42:09+02:00,[60],[-117.833374]
2026-06-21T04:42:08+02:00,[60],[-117.833382]
2026-06-21T04:42:07+02:00,[60],[-117.833374]
2026-06-21T04:42:06+02:00,[60],[-117.833374]
2026-06-21T04:42:05+02:00,[60],[-117.833374]
2026-06-21T04:42:04+02:00,[60],[-117.833374]
2026-06-21T04:42:03+02:00,[60],[-117.833374]
2026-06-21T04:42:02+02:00,[60],[-117.833382]
2026-06-21T04:42:01+02:00,[60],[-117.833382]
2026-06-21T04:42:00+02:00,[60],[-117.833389]
2026-06-21T04:41:59+02:00,[60],[-117.833397]
2026-06-21T04:41:58+02:00,[60],[-117.833405]
2026-06-21T04:41:57+02:00,[60],[-117.833412]
2026-06-21T04:41:56+02:00,[60],[-117.83342]
2026-06-21T04:41:55+02:00,[60],[-117.83342]
2026-06-21T04:41:54+02:00,[60],[-117.83342]
2026-06-21T04:41:53+02:00,[60],[-117.833427]
2026-06-21T04:41:52+02:00,[60],[-117.833443]
2026-06-21T04:41:51+02:00,[60],[-117.833443]
2026-06-21T04:41:50+02:00,[60],[-117.833458]
2026-06-21T04:41:49+02:00,[60],[-117.833466]
2026-06-21T04:41:48+02:00,[60],[-117.833473]
2026-06-21T04:41:47+02:00,[60],[-117.833488]
2026-06-21T04:41:46+02:00,[60],[-117.833496]
2026-06-21T04:41:45+02:00,[60],[-117.833496]
2026-06-21T04:41:44+02:00,[60],[-117.833511]
2026-06-21T04:41:43+02:00,[60],[-117.833519]
2026-06-21T04:41:42+02:00,[60],[-117.833527]
2026-06-21T04:41:41+02:00,[60],[-117.833542]
2026-06-21T04:41:40+02:00,[60],[-117.833549]
2026-06-21T04:41:39+02:00,[60],[-117.833565]
2026-06-21T04:41:38+02:00,[60],[-117.833572]
2026-06-21T04:41:37+02:00,[60],[-117.833588]
2026-06-21T04:41:36+02:00,[60],[-117.833603]
2026-06-21T04:41:35+02:00,[60],[-117.833618]
2026-06-21T04:41:34+02:00,[60],[-117.833633]
2026-06-21T04:41:33+02:00,[60],[-117.833641]
2026-06-21T04:41:32+02:00,[60],[-117.833656]
2026-06-21T04:41:31+02:00,[60],[-117.833664]
2026-06-21T04:41:30+02:00,[60],[-117.833672]
2026-06-21T04:41:29+02:00,[60],[-117.833679]
2026-06-21T04:41:28+02:00,[60],[-117.833694]
2026-06-21T04:41:27+02:00,[60],[-117.83371]
2026-06-21T04:41:26+02:00,[60],[-117.833725]
2026-06-21T04:41:24+02:00,[60],[-117.83374]
2026-06-21T04:41:23+02:00,[60],[-117.833748]
2026-06-21T04:41:22+02:00,[60],[-117.833755]
2026-06-21T04:41:21+02:00,[60],[-117.833771]
2026-06-21T04:41:20+02:00,[60],[-117.833778]
2026-06-21T04:41:19+02:00,[60],[-117.833801]
2026-06-21T04:41:18+02:00,[60],[-117.833817]
2026-06-21T04:41:17+02:00,[60],[-117.833824]
2026-06-21T04:41:16+02:00,[60],[-117.833839]
2026-06-21T04:41:15+02:00,[60],[-117.833847]
2026-06-21T04:41:14+02:00,[60],[-117.833862]
2026-06-21T04:41:13+02:00,[60],[-117.833878]
2026-06-21T04:41:12+02:00,[60],[-117.833893]
2026-06-21T04:41:11+02:00,[60],[-117.833908]
2026-06-21T04:41:10+02:00,[60],[-117.833923]
2026-06-21T04:41:09+02:00,[60],[-117.833939]
2026-06-21T04:41:08+02:00,[60],[-117.833954]
2026-06-21T04:41:07+02:00,[60],[-117.833961]
2026-06-21T04:41:06+02:00,[60],[-117.833977]
2026-06-21T04:41:05+02:00,[60],[-117.833992]
2026-06-21T04:41:04+02:00,[60],[-117.834007]
2026-06-21T04:41:03+02:00,[60],[-117.834023]
2026-06-21T04:41:02+02:00,[60],[-117.834038]
2026-06-21T04:41:01+02:00,[60],[-117.834068]
2026-06-21T04:41:00+02:00,[60],[-117.834084]
2026-06-21T04:40:59+02:00,[60],[-117.834099]
2026-06-21T04:40:58+02:00,[60],[-117.834114]
2026-06-21T04:40:57+02:00,[60],[-117.834122]
2026-06-21T04:40:56+02:00,[60],[-117.834137]
2026-06-21T04:40:55+02:00,[60],[-117.834152]
2026-06-21T04:40:54+02:00,[60],[-117.83416]
2026-06-21T04:40:53+02:00,[60],[-117.834175]
2026-06-21T04:40:52+02:00,[60],[-117.83419]
2026-06-21T04:40:51+02:00,[60],[-117.834198]
2026-06-21T04:40:50+02:00,[60],[-117.834213]
2026-06-21T04:40:49+02:00,[60],[-117.834229]
2026-06-21T04:40:48+02:00,[60],[-117.834244]
2026-06-21T04:40:47+02:00,[60],[-117.834259]
2026-06-21T04:40:46+02:00,[60],[-117.834274]
2026-06-21T04:40:45+02:00,[60],[-117.83429]
2026-06-21T04:40:44+02:00,[60],[-117.834305]
2026-06-21T04:40:43+02:00,[60],[-117.834312]
2026-06-21T04:40:42+02:00,[60],[-117.834328]
2026-06-21T04:40:41+02:00,[60],[-117.834335]
2026-06-21T04:40:40+02:00,[60],[-117.834351]
2026-06-21T04:40:39+02:00,[60],[-117.834366]
2026-06-21T04:40:38+02:00,[60],[-117.834381]
2026-06-21T04:40:37+02:00,[60],[-117.834396]
2026-06-21T04:40:36+02:00,[60],[-117.834412]
2026-06-21T04:40:35+02:00,[60],[-117.834427]
2026-06-21T04:40:34+02:00,[60],[-117.834442]
2026-06-21T04:40:33+02:00,[60],[-117.834457]
2026-06-21T04:40:32+02:00,[60],[-117.834465]
2026-06-21T04:40:31+02:00,[60],[-117.83448]
2026-06-21T04:40:30+02:00,[60],[-117.834496]
2026-06-21T04:40:29+02:00,[60],[-117.834511]
2026-06-21T04:40:28+02:00,[60],[-117.834526]
2026-06-21T04:40:27+02:00,[60],[-117.834534]
2026-06-21T04:40:26+02:00,[60],[-117.834549]
2026-06-21T04:40:25+02:00,[60],[-117.834564]
2026-06-21T04:40:24+02:00,[60],[-117.834579]
2026-06-21T04:40:23+02:00,[60],[-117.834595]
2026-06-21T04:40:22+02:00,[60],[-117.83461]
2026-06-21T04:40:21+02:00,[60],[-117.834625]
2026-06-21T04:40:20+02:00,[60],[-117.834641]
2026-06-21T04:40:19+02:00,[60],[-117.834656]
2026-06-21T04:40:18+02:00,[60],[-117.834671]
2026-06-21T04:40:17+02:00,[60],[-117.834679]
2026-06-21T04:40:16+02:00,[60],[-117.834694]
2026-06-21T04:40:15+02:00,[60],[-117.834709]
2026-06-21T04:40:14+02:00,[60],[-117.834724]
2026-06-21T04:40:13+02:00,[60],[-117.83474]
2026-06-21T04:40:12+02:00,[60],[-117.834763]
2026-06-21T04:40:11+02:00,[60],[-117.834778]
2026-06-21T04:40:10+02:00,[60],[-117.834793]
2026-06-21T04:40:09+02:00,[60],[-117.834808]
2026-06-21T04:40:08+02:00,[60],[-117.834824]
2026-06-21T04:40:07+02:00,[60],[-117.834839]
2026-06-21T04:40:06+02:00,[60],[-117.834846]
2026-06-21T04:40:05+02:00,[60],[-117.834862]
2026-06-21T04:40:04+02:00,[60],[-117.834885]
2026-06-21T04:40:03+02:00,[60],[-117.8349]
2026-06-21T04:40:02+02:00,[60],[-117.834908]
2026-06-21T04:40:01+02:00,[60],[-117.834923]
2026-06-21T04:40:00+02:00,[60],[-117.834938]
2026-06-21T04:39:59+02:00,[60],[-117.834953]
2026-06-21T04:39:58+02:00,[60],[-117.834969]
2026-06-21T04:39:57+02:00,[60],[-117.834976]
2026-06-21T04:39:56+02:00,[60],[-117.834991]
2026-06-21T04:39:55+02:00,[60],[-117.834999]
2026-06-21T04:39:54+02:00,[60],[-117.835014]
2026-06-21T04:39:53+02:00,[60],[-117.835022]
2026-06-21T04:39:52+02:00,[60],[-117.835037]
2026-06-21T04:39:51+02:00,[60],[-117.835045]
2026-06-21T04:39:50+02:00,[60],[-117.83506]
2026-06-21T04:39:49+02:00,[60],[-117.835068]
2026-06-21T04:39:48+02:00,[60],[-117.835083]
2026-06-21T04:39:47+02:00,[60],[-117.835091]
2026-06-21T04:39:46+02:00,[60],[-117.835106]
2026-06-21T04:39:45+02:00,[60],[-117.835114]
2026-06-21T04:39:44+02:00,[60],[-117.835121]
2026-06-21T04:39:43+02:00,[60],[-117.835136]
2026-06-21T04:39:42+02:00,[60],[-117.835144]
2026-06-21T04:39:41+02:00,[60],[-117.835152]
2026-06-21T04:39:40+02:00,[60],[-117.835159]
2026-06-21T04:39:39+02:00,[60],[-117.835167]
2026-06-21T04:39:38+02:00,[60],[-117.835175]
2026-06-21T04:39:37+02:00,[60],[-117.835182]
2026-06-21T04:39:36+02:00,[60],[-117.83519]
2026-06-21T04:39:35+02:00,[60],[-117.835197]
2026-06-21T04:39:34+02:00,[60],[-117.835205]
2026-06-21T04:39:33+02:00,[60],[-117.835213]
2026-06-21T04:39:32+02:00,[60],[-117.835228]
2026-06-21T04:39:31+02:00,[60],[-117.835236]
2026-06-21T04:39:30+02:00,[60],[-117.835236]
2026-06-21T04:39:29+02:00,[60],[-117.835243]
2026-06-21T04:39:28+02:00,[60],[-117.835251]
2026-06-21T04:39:27+02:00,[60],[-117.835258]
2026-06-21T04:39:26+02:00,[60],[-117.835266]
2026-06-21T04:39:25+02:00,[60],[-117.835274]
2026-06-21T04:39:24+02:00,[60],[-117.835281]
2026-06-21T04:39:23+02:00,[60],[-117.835281]
2026-06-21T04:39:22+02:00,[60],[-117.835281]
2026-06-21T04:39:21+02:00,[60],[-117.835289]
2026-06-21T04:39:20+02:00,[60],[-117.835297]
2026-06-21T04:39:19+02:00,[60],[-117.835297]
2026-06-21T04:39:18+02:00,[60],[-117.835304]
2026-06-21T04:39:17+02:00,[60],[-117.835304]
2026-06-21T04:39:16+02:00,[60],[-117.835304]
2026-06-21T04:39:15+02:00,[60],[-117.835304]
2026-06-21T04:39:14+02:00,[60],[-117.835312]
2026-06-21T04:39:13+02:00,[60],[-117.83532]
2026-06-21T04:39:12+02:00,[60],[-117.835327]
2026-06-21T04:39:11+02:00,[60],[-117.835342]
2026-06-21T04:39:10+02:00,[60],[-117.83535]
2026-06-21T04:39:09+02:00,[60],[-117.83535]
2026-06-21T04:39:08+02:00,[60],[-117.835358]
2026-06-21T04:39:07+02:00,[60],[-117.835365]
2026-06-21T04:39:06+02:00,[60],[-117.835373]
2026-06-21T04:39:05+02:00,[60],[-117.835381]
2026-06-21T04:39:04+02:00,[60],[-117.835388]
2026-06-21T04:39:03+02:00,[60],[-117.835396]
2026-06-21T04:39:02+02:00,[60],[-117.835411]
2026-06-21T04:39:01+02:00,[60],[-117.835419]
2026-06-21T04:39:00+02:00,[60],[-117.835434]
2026-06-21T04:38:59+02:00,[60],[-117.835442]
2026-06-21T04:38:58+02:00,[60],[-117.835449]
2026-06-21T04:38:57+02:00,[60],[-117.835457]
2026-06-21T04:38:56+02:00,[60],[-117.835464]
2026-06-21T04:38:55+02:00,[60],[-117.83548]
2026-06-21T04:38:54+02:00,[60],[-117.835495]
2026-06-21T04:38:53+02:00,[60],[-117.835503]
2026-06-21T04:38:52+02:00,[60],[-117.83551]
2026-06-21T04:38:51+02:00,[60],[-117.835526]
2026-06-21T04:38:50+02:00,[60],[-117.835541]
2026-06-21T04:38:49+02:00,[60],[-117.835548]
2026-06-21T04:38:48+02:00,[60],[-117.835556]
2026-06-21T04:38:47+02:00,[60],[-117.835571]
2026-06-21T04:38:46+02:00,[60],[-117.835579]
2026-06-21T04:38:45+02:00,[60],[-117.835579]
2026-06-21T04:38:44+02:00,[60],[-117.835579]
2026-06-21T04:38:43+02:00,[60],[-117.835579]
2026-06-21T04:38:42+02:00,[60],[-117.835579]
2026-06-21T04:38:41+02:00,[60],[-117.835579]
2026-06-21T04:38:40+02:00,[60],[-117.835579]
2026-06-21T04:38:39+02:00,[60],[-117.835579]
2026-06-21T04:38:38+02:00,[60],[-117.835579]
2026-06-21T04:38:37+02:00,[60],[-117.835579]
2026-06-21T04:38:36+02:00,[60],[-117.835579]
2026-06-21T04:38:35+02:00,[60],[-117.835579]
2026-06-21T04:38:34+02:00,[60],[-117.835579]
2026-06-21T04:38:33+02:00,[60],[-117.835579]
2026-06-21T04:38:32+02:00,[60],[-117.835579]
2026-06-21T04:38:31+02:00,[60],[-117.835579]
2026-06-21T04:38:30+02:00,[60],[-117.835579]
2026-06-21T04:38:29+02:00,[60],[-117.835594]
2026-06-21T04:38:28+02:00,[60],[-117.835594]
2026-06-21T04:38:27+02:00,[60],[-117.835594]
2026-06-21T04:38:26+02:00,[60],[-117.835594]
2026-06-21T04:38:25+02:00,[60],[-117.835594]
2026-06-21T04:38:24+02:00,[60],[-117.835594]
2026-06-21T04:38:23+02:00,[60],[-117.835594]
2026-06-21T04:38:22+02:00,[60],[-117.835609]
2026-06-21T04:38:21+02:00,[60],[-117.835617]
2026-06-21T04:38:20+02:00,[60],[-117.835625]
2026-06-21T04:38:19+02:00,[60],[-117.83564]
2026-06-21T04:38:18+02:00,[60],[-117.835648]
2026-06-21T04:38:17+02:00,[60],[-117.835655]
2026-06-21T04:38:16+02:00,[60],[-117.83567]
2026-06-21T04:38:15+02:00,[60],[-117.835678]
2026-06-21T04:38:14+02:00,[60],[-117.835686]
2026-06-21T04:38:13+02:00,[60],[-117.835701]
2026-06-21T04:38:12+02:00,[60],[-117.835709]
2026-06-21T04:38:11+02:00,[60],[-117.835724]
2026-06-21T04:38:10+02:00,[60],[-117.835739]
2026-06-21T04:38:09+02:00,[60],[-117.835747]
2026-06-21T04:38:08+02:00,[60],[-117.835754]
2026-06-21T04:38:07+02:00,[60],[-117.83577]
2026-06-21T04:38:06+02:00,[60],[-117.835777]
2026-06-21T04:38:05+02:00,[60],[-117.835777]
2026-06-21T04:38:04+02:00,[60],[-117.835777]
2026-06-21T04:38:03+02:00,[60],[-117.83577]
2026-06-21T04:38:02+02:00,[60],[-117.835762]
2026-06-21T04:38:01+02:00,[60],[-117.835747]
2026-06-21T04:38:00+02:00,[60],[-117.835732]
2026-06-21T04:37:59+02:00,[60],[-117.835724]
2026-06-21T04:37:58+02:00,[60],[-117.835709]
2026-06-21T04:37:57+02:00,[60],[-117.835701]
2026-06-21T04:37:56+02:00,[60],[-117.835686]
2026-06-21T04:37:55+02:00,[60],[-117.835678]
2026-06-21T04:37:54+02:00,[60],[-117.83567]
2026-06-21T04:37:53+02:00,[60],[-117.835655]
2026-06-21T04:37:52+02:00,[60],[-117.835648]
2026-06-21T04:37:51+02:00,[60],[-117.835632]
2026-06-21T04:37:50+02:00,[60],[-117.835625]
2026-06-21T04:37:49+02:00,[60],[-117.835617]
2026-06-21T04:37:48+02:00,[60],[-117.835609]
2026-06-21T04:37:47+02:00,[60],[-117.835609]
2026-06-21T04:37:46+02:00,[60],[-117.835602]
2026-06-21T04:37:45+02:00,[60],[-117.835602]
2026-06-21T04:37:44+02:00,[60],[-117.835602]
2026-06-21T04:37:43+02:00,[60],[-117.835594]
2026-06-21T04:37:42+02:00,[60],[-117.835594]
2026-06-21T04:37:41+02:00,[60],[-117.835602]
2026-06-21T04:37:40+02:00,[60],[-117.835602]
2026-06-21T04:37:39+02:00,[60],[-117.835602]
2026-06-21T04:37:38+02:00,[60],[-117.835602]
2026-06-21T04:37:37+02:00,[60],[-117.835602]
2026-06-21T04:37:36+02:00,[60],[-117.835602]
2026-06-21T04:37:35+02:00,[60],[-117.835602]
2026-06-21T04:37:34+02:00,[60],[-117.835594]
2026-06-21T04:37:33+02:00,[60],[-117.835594]
2026-06-21T04:37:32+02:00,[60],[-117.835594]
2026-06-21T04:37:31+02:00,[60],[-117.835594]
2026-06-21T04:37:30+02:00,[60],[-117.835594]
2026-06-21T04:37:29+02:00,[60],[-117.835594]
2026-06-21T04:37:28+02:00,[60],[-117.835587]
2026-06-21T04:37:27+02:00,[60],[-117.835594]
2026-06-21T04:37:26+02:00,[60],[-117.835594]
2026-06-21T04:37:25+02:00,[60],[-117.835594]
2026-06-21T04:37:24+02:00,[60],[-117.835594]
2026-06-21T04:37:23+02:00,[60],[-117.835594]
2026-06-21T04:37:22+02:00,[60],[-117.835594]
2026-06-21T04:37:21+02:00,[60],[-117.835594]
2026-06-21T04:37:20+02:00,[60],[-117.835594]
2026-06-21T04:37:19+02:00,[60],[-117.835594]
2026-06-21T04:37:18+02:00,[60],[-117.835594]
2026-06-21T04:37:17+02:00,[60],[-117.835594]
2026-06-21T04:37:16+02:00,[60],[-117.835594]
2026-06-21T04:37:15+02:00,[60],[-117.835594]
2026-06-21T04:37:14+02:00,[60],[-117.835594]
2026-06-21T04:37:13+02:00,[60],[-117.835594]
2026-01-20T22:11:28+01:00,[60],[-117.328705]
2026-01-20T22:11:27+01:00,[60],[-117.328705]
2026-01-20T22:11:26+01:00,[60],[-117.328705]
2026-01-20T22:11:25+01:00,[60],[-117.328697]
2026-01-20T22:11:24+01:00,[60],[-117.32869]
2026-01-20T22:11:23+01:00,[60],[-117.328682]
2026-01-20T22:11:22+01:00,[60],[-117.328682]
2026-01-20T22:11:21+01:00,[60],[-117.328682]
2026-01-20T22:11:20+01:00,[60],[-117.328682]
2026-01-20T22:11:19+01:00,[60],[-117.328682]
2026-01-20T22:11:18+01:00,[60],[-117.328682]
2026-01-20T22:11:17+01:00,[60],[-117.32869]
2026-01-20T22:11:16+01:00,[60],[-117.328697]
2026-01-20T22:11:15+01:00,[60],[-117.328705]
2026-01-20T22:11:14+01:00,[60],[-117.32872]
2026-01-20T22:11:13+01:00,[60],[-117.32872]
2026-01-20T22:11:12+01:00,[60],[-117.328728]
2026-01-20T22:11:11+01:00,[60],[-117.328728]
2026-01-20T22:11:10+01:00,[60],[-117.328728]
2026-01-20T22:11:09+01:00,[60],[-117.32872]
2026-01-20T22:11:08+01:00,[60],[-117.32872]
2026-01-20T22:11:07+01:00,[60],[-117.32872]
2026-01-20T22:11:06+01:00,[60],[-117.32872]
2026-01-20T22:11:05+01:00,[60],[-117.32872]
2026-01-20T22:11:04+01:00,[60],[-117.32872]
2026-01-20T22:11:03+01:00,[60],[-117.328712]
2026-01-20T22:11:02+01:00,[60],[-117.328712]
2026-01-20T22:11:01+01:00,[60],[-117.328712]
2026-01-20T22:11:00+01:00,[60],[-117.328712]
2026-01-20T22:10:59+01:00,[60],[-117.328705]
2026-01-20T22:10:58+01:00,[60],[-117.328705]
2026-01-20T22:10:57+01:00,[60],[-117.328712]
2026-01-20T22:10:56+01:00,[60],[-117.32872]
2026-01-20T22:10:55+01:00,[60],[-117.328728]
2026-01-20T22:10:54+01:00,[60],[-117.328735]
2026-01-20T22:10:53+01:00,[60],[-117.328743]
2026-01-20T22:10:52+01:00,[60],[-117.328751]
2026-01-20T22:10:51+01:00,[60],[-117.328758]
2026-01-20T22:10:50+01:00,[60],[-117.328766]
2026-01-20T22:10:49+01:00,[60],[-117.328773]
2026-01-20T22:10:48+01:00,[60],[-117.328781]
2026-01-20T22:10:47+01:00,[60],[-117.328789]
2026-01-20T22:10:46+01:00,[60],[-117.328789]
2026-01-20T22:10:45+01:00,[60],[-117.328789]
2026-01-20T22:10:44+01:00,[60],[-117.328789]
2026-01-20T22:10:43+01:00,[60],[-117.328796]
2026-01-20T22:10:42+01:00,[60],[-117.328796]
2026-01-20T22:10:41+01:00,[60],[-117.328796]
2026-01-20T22:10:40+01:00,[60],[-117.328812]
2026-01-20T22:10:39+01:00,[60],[-117.328819]
2026-01-20T22:10:38+01:00,[60],[-117.328835]
2026-01-20T22:10:37+01:00,[60],[-117.32885]
2026-01-20T22:10:35+01:00,[60],[-117.328857]
2026-01-20T22:10:34+01:00,[60],[-117.328873]
2026-01-20T22:10:33+01:00,[60],[-117.328888]
2026-01-20T22:10:32+01:00,[60],[-117.328903]
2026-01-20T22:10:31+01:00,[60],[-117.328918]
2026-01-20T22:10:30+01:00,[60],[-117.328934]
2026-01-20T22:10:29+01:00,[60],[-117.328941]
2026-01-20T22:10:28+01:00,[60],[-117.328949]
2026-01-20T22:10:27+01:00,[60],[-117.328964]
2026-01-20T22:10:26+01:00,[60],[-117.328979]
2026-01-20T22:10:25+01:00,[60],[-117.328987]
2026-01-20T22:10:24+01:00,[60],[-117.329002]
2026-01-20T22:10:23+01:00,[60],[-117.329018]
2026-01-20T22:10:22+01:00,[60],[-117.329033]
2026-01-20T22:10:21+01:00,[60],[-117.329041]
2026-01-20T22:10:20+01:00,[60],[-117.329056]
2026-01-20T22:10:19+01:00,[60],[-117.329079]
2026-01-20T22:10:18+01:00,[60],[-117.329086]
2026-01-20T22:10:17+01:00,[60],[-117.329102]
2026-01-20T22:10:16+01:00,[60],[-117.329117]
2026-01-20T22:10:15+01:00,[60],[-117.329132]
2026-01-20T22:10:14+01:00,[60],[-117.32914]
2026-01-20T22:10:13+01:00,[60],[-117.329163]
2026-01-20T22:10:12+01:00,[60],[-117.329178]
2026-01-20T22:10:11+01:00,[60],[-117.329185]
2026-01-20T22:10:10+01:00,[60],[-117.329201]
2026-01-20T22:10:09+01:00,[60],[-117.329201]
2026-01-20T22:10:08+01:00,[60],[-117.329193]
2026-01-20T22:10:07+01:00,[60],[-117.329193]
2026-01-20T22:10:06+01:00,[60],[-117.329185]
2026-01-20T22:10:05+01:00,[60],[-117.329178]
2026-01-20T22:10:04+01:00,[60],[-117.329178]
2026-01-20T22:10:03+01:00,[60],[-117.32917]
2026-01-20T22:10:02+01:00,[60],[-117.32917]
2026-01-20T22:10:01+01:00,[60],[-117.329163]
2026-01-20T22:10:00+01:00,[60],[-117.329163]
2026-01-20T22:09:59+01:00,[60],[-117.329155]
2026-01-20T22:09:58+01:00,[60],[-117.329147]
2026-01-20T22:09:57+01:00,[60],[-117.329147]
2026-01-20T22:09:56+01:00,[60],[-117.32914]
2026-01-20T22:09:55+01:00,[60],[-117.329132]
2026-01-20T22:09:54+01:00,[60],[-117.329124]
2026-01-20T22:09:53+01:00,[60],[-117.329117]
2026-01-20T22:09:52+01:00,[60],[-117.329117]
2026-01-20T22:09:51+01:00,[60],[-117.329109]
2026-01-20T22:09:50+01:00,[60],[-117.329102]
2026-01-20T22:09:49+01:00,[60],[-117.329102]
2026-01-20T22:09:48+01:00,[60],[-117.329094]
2026-01-20T22:09:47+01:00,[60],[-117.329086]
2026-01-20T22:09:46+01:00,[60],[-117.329079]
2026-01-20T22:09:45+01:00,[60],[-117.329071]
2026-01-20T22:09:44+01:00,[60],[-117.329063]
2026-01-20T22:09:43+01:00,[60],[-117.329063]
2026-01-20T22:09:42+01:00,[60],[-117.329056]
2026-01-20T22:09:41+01:00,[60],[-117.329048]
2026-01-20T22:09:40+01:00,[60],[-117.329041]
2026-01-20T22:09:39+01:00,[60],[-117.329041]
2026-01-20T22:09:38+01:00,[60],[-117.329048]
2026-01-20T22:09:37+01:00,[60],[-117.329041]
2026-01-20T22:09:36+01:00,[60],[-117.329041]
2026-01-20T22:09:35+01:00,[60],[-117.329033]
2026-01-20T22:09:34+01:00,[60],[-117.329025]
2026-01-20T22:09:33+01:00,[60],[-117.329018]
2026-01-20T22:09:32+01:00,[60],[-117.329018]
2026-01-20T22:09:31+01:00,[60],[-117.329018]
2026-01-20T22:09:30+01:00,[60],[-117.32901]
2026-01-20T22:09:29+01:00,[60],[-117.32901]
2026-01-20T22:09:28+01:00,[60],[-117.329002]
2026-01-20T22:09:27+01:00,[60],[-117.329002]
2026-01-20T22:09:26+01:00,[60],[-117.328995]
2026-01-20T22:09:25+01:00,[60],[-117.328995]
2026-01-20T22:09:24+01:00,[60],[-117.328987]
2026-01-20T22:09:23+01:00,[60],[-117.328987]
2026-01-20T22:09:22+01:00,[60],[-117.328979]
2026-01-20T22:09:21+01:00,[60],[-117.328979]
2026-01-20T22:09:20+01:00,[60],[-117.328972]
2026-01-20T22:09:19+01:00,[60],[-117.328972]
2026-01-20T22:09:18+01:00,[60],[-117.328964]
2026-01-20T22:09:17+01:00,[60],[-117.328964]
2026-01-20T22:09:16+01:00,[60],[-117.328964]
2026-01-20T22:09:15+01:00,[60],[-117.328964]
2026-01-20T22:09:14+01:00,[60],[-117.328957]
2026-01-20T22:09:13+01:00,[60],[-117.328957]
2026-01-20T22:09:12+01:00,[60],[-117.328949]
2026-01-20T22:09:11+01:00,[60],[-117.328949]
2026-01-20T22:09:10+01:00,[60],[-117.328941]
2026-01-20T22:09:09+01:00,[60],[-117.328941]
2026-01-20T22:09:08+01:00,[60],[-117.328934]
2026-01-20T22:09:07+01:00,[60],[-117.328934]
2026-01-20T22:09:06+01:00,[60],[-117.328926]
2026-01-20T22:09:05+01:00,[60],[-117.328926]
2026-01-20T22:09:04+01:00,[60],[-117.328918]
2026-01-20T22:09:03+01:00,[60],[-117.328918]
2026-01-20T22:09:02+01:00,[60],[-117.328918]
2026-01-20T22:09:01+01:00,[60],[-117.328918]
2026-01-20T22:09:00+01:00,[60],[-117.328918]
2026-01-20T22:08:59+01:00,[60],[-117.328911]
2026-01-20T22:08:58+01:00,[60],[-117.328903]
2026-01-20T22:08:57+01:00,[60],[-117.328903]
2026-01-20T22:08:56+01:00,[60],[-117.328903]
2026-01-20T22:08:55+01:00,[60],[-117.328903]
2026-01-20T22:08:54+01:00,[60],[-117.328903]
2026-01-20T22:08:53+01:00,[60],[-117.328903]
2026-01-20T22:08:52+01:00,[60],[-117.328896]
2026-01-20T22:08:51+01:00,[60],[-117.328896]
2026-01-20T22:08:50+01:00,[60],[-117.328896]
2026-01-20T22:08:49+01:00,[60],[-117.328896]
2026-01-20T22:08:48+01:00,[60],[-117.328896]
2026-01-20T22:08:47+01:00,[60],[-117.328888]
2026-01-20T22:08:46+01:00,[60],[-117.328888]
2026-01-20T22:08:45+01:00,[60],[-117.32888]
2026-01-20T22:08:44+01:00,[60],[-117.32888]
2026-01-20T22:08:43+01:00,[60],[-117.328873]
2026-01-20T22:08:42+01:00,[60],[-117.328873]
2026-01-20T22:08:41+01:00,[60],[-117.328888]
2026-01-20T22:08:40+01:00,[60],[-117.328903]
2026-01-20T22:08:39+01:00,[60],[-117.328918]
2026-01-20T22:08:38+01:00,[60],[-117.328918]
2026-01-20T22:08:37+01:00,[60],[-117.328934]
2026-01-20T22:08:36+01:00,[60],[-117.328934]
2026-01-20T22:08:35+01:00,[60],[-117.328934]
2026-01-20T22:08:34+01:00,[60],[-117.328934]
2026-01-20T22:08:33+01:00,[60],[-117.328941]
2026-01-20T22:08:32+01:00,[60],[-117.328941]
2026-01-20T22:08:31+01:00,[60],[-117.328949]
2026-01-20T22:08:30+01:00,[60],[-117.328949]
2026-01-20T22:08:29+01:00,[60],[-117.328949]
2026-01-20T22:08:28+01:00,[60],[-117.328957]
2026-01-20T22:08:27+01:00,[60],[-117.328964]
2026-01-20T22:08:26+01:00,[60],[-117.328964]
2026-01-20T22:08:25+01:00,[60],[-117.328964]
2026-01-20T22:08:24+01:00,[60],[-117.328957]
2026-01-20T22:08:23+01:00,[60],[-117.328957]
2026-01-20T22:08:22+01:00,[60],[-117.328957]
2026-01-20T22:08:21+01:00,[60],[-117.328972]
2026-01-20T22:08:20+01:00,[60],[-117.328972]
2026-01-20T22:08:19+01:00,[60],[-117.328972]
2026-01-20T22:08:18+01:00,[60],[-117.328972]
2026-01-20T22:08:17+01:00,[60],[-117.328964]
2026-01-20T22:08:16+01:00,[60],[-117.328964]
2026-01-20T22:08:15+01:00,[60],[-117.328964]
2026-01-20T22:08:14+01:00,[60],[-117.328957]
2026-01-20T22:08:13+01:00,[60],[-117.328957]
2026-01-20T22:08:12+01:00,[60],[-117.328957]
2026-01-20T22:08:11+01:00,[60],[-117.328957]
2026-01-20T22:08:10+01:00,[60],[-117.328957]
2026-01-20T22:08:09+01:00,[60],[-117.328957]
2026-01-20T22:08:08+01:00,[60],[-117.328957]
2026-01-20T22:08:07+01:00,[60],[-117.328957]
2026-01-20T22:08:06+01:00,[60],[-117.328949]
2026-01-20T22:08:05+01:00,[60],[-117.328949]
2026-01-20T22:08:04+01:00,[60],[-117.328949]
2026-01-20T22:08:03+01:00,[60],[-117.328949]
2026-01-20T22:08:02+01:00,[60],[-117.328949]
2026-01-20T22:08:01+01:00,[60],[-117.328949]
2026-01-20T22:08:00+01:00,[60],[-117.328941]
2026-01-20T22:07:59+01:00,[60],[-117.328941]
2026-01-20T22:07:58+01:00,[60],[-117.328941]
2026-01-20T22:07:57+01:00,[60],[-117.328941]
2026-01-20T22:07:56+01:00,[60],[-117.328934]
2026-01-20T22:07:55+01:00,[60],[-117.328934]
2026-01-20T22:07:54+01:00,[60],[-117.328926]
2026-01-20T22:07:53+01:00,[60],[-117.328926]
2026-01-20T22:07:52+01:00,[60],[-117.328926]
2026-01-20T22:07:51+01:00,[60],[-117.328926]
2026-01-20T22:07:50+01:00,[60],[-117.328926]
2026-01-20T22:07:49+01:00,[60],[-117.328918]
2026-01-20T22:07:48+01:00,[60],[-117.328918]
2026-01-20T22:07:47+01:00,[60],[-117.328918]
2026-01-20T22:07:46+01:00,[60],[-117.328918]
2026-01-20T22:07:45+01:00,[60],[-117.328918]
2026-01-20T22:07:44+01:00,[60],[-117.328918]
2026-01-20T22:07:43+01:00,[60],[-117.328911]
2026-01-20T22:07:42+01:00,[60],[-117.328911]
2026-01-20T22:07:41+01:00,[60],[-117.328903]
2026-01-20T22:07:40+01:00,[60],[-117.328903]
2026-01-20T22:07:39+01:00,[60],[-117.328903]
2026-01-20T22:07:38+01:00,[60],[-117.328896]
2026-01-20T22:07:37+01:00,[60],[-117.328896]
2026-01-20T22:07:36+01:00,[60],[-117.328903]
2026-01-20T22:07:35+01:00,[60],[-117.328896]
2026-01-20T22:07:34+01:00,[60],[-117.328896]
2026-01-20T22:07:33+01:00,[60],[-117.328896]
2026-01-20T22:07:32+01:00,[60],[-117.328888]
2026-01-20T22:07:31+01:00,[60],[-117.328888]
2026-01-20T22:07:30+01:00,[60],[-117.328934]
2026-01-20T22:07:29+01:00,[60],[-117.328934]
2026-01-20T22:07:28+01:00,[60],[-117.328926]
2026-01-20T22:07:27+01:00,[60],[-117.328926]
2026-01-20T22:07:26+01:00,[60],[-117.328918]
2026-01-20T22:07:25+01:00,[60],[-117.328918]
2026-01-20T22:07:24+01:00,[60],[-117.328918]
2026-01-20T22:07:23+01:00,[60],[-117.328918]
2026-01-20T22:07:22+01:00,[60],[-117.328918]
2026-01-20T22:07:21+01:00,[60],[-117.328911]
2026-01-20T22:07:20+01:00,[60],[-117.328911]
2026-01-20T22:07:19+01:00,[60],[-117.328911]
2026-01-20T22:07:18+01:00,[60],[-117.328903]
2026-01-20T22:07:17+01:00,[60],[-117.328903]
2026-01-20T22:07:16+01:00,[60],[-117.328903]
2026-01-20T22:07:15+01:00,[60],[-117.328896]
2026-01-20T22:07:14+01:00,[60],[-117.328896]
2026-01-20T22:07:13+01:00,[60],[-117.328888]
2026-01-20T22:07:12+01:00,[60],[-117.328873]
2026-01-20T22:07:11+01:00,[60],[-117.328873]
2026-01-20T22:07:10+01:00,[60],[-117.328873]
2026-01-20T22:07:09+01:00,[60],[-117.328873]
2026-01-20T22:07:08+01:00,[60],[-117.328865]
2026-01-20T22:07:07+01:00,[60],[-117.328857]
2026-01-20T22:07:06+01:00,[60],[-117.32885]
2026-01-20T22:07:05+01:00,[60],[-117.328842]
2026-01-20T22:07:03+01:00,[60],[-117.328835]
2026-01-20T22:07:02+01:00,[60],[-117.328842]
2026-01-20T22:07:01+01:00,[60],[-117.328842]
2026-01-20T22:07:00+01:00,[60],[-117.328842]
2026-01-20T22:06:59+01:00,[60],[-117.328842]
2026-01-20T22:06:57+01:00,[60],[-117.328758]
2026-01-20T22:06:54+01:00,[60],[-117.328796]
2026-01-20T21:55:51+01:00,[60],[-117.326584]
2025-11-18T01:41:38+01:00,[60],[-117.328598]
2025-11-18T01:41:37+01:00,[60],[-117.328598]
2025-11-18T01:41:36+01:00,[60],[-117.328598]
2025-11-18T01:41:35+01:00,[60],[-117.328598]
2025-11-18T01:41:34+01:00,[60],[-117.328598]
2025-11-18T01:41:33+01:00,[60],[-117.328598]
2025-11-18T01:41:32+01:00,[60],[-117.328598]
2025-11-18T01:41:31+01:00,[60],[-117.328598]
2025-11-18T01:41:30+01:00,[60],[-117.328598]
2025-11-18T01:41:29+01:00,[60],[-117.328598]
2025-11-18T01:41:28+01:00,[60],[-117.328598]
2025-11-18T01:41:27+01:00,[60],[-117.328598]
2025-11-18T01:41:26+01:00,[60],[-117.328598]
2025-11-18T01:41:25+01:00,[60],[-117.328598]
2025-11-18T01:41:24+01:00,[60],[-117.328598]
2025-11-18T01:41:23+01:00,[60],[-117.328598]
2025-11-18T01:41:22+01:00,[60],[-117.328598]
2025-11-18T01:41:21+01:00,[60],[-117.328598]
2025-11-18T01:41:20+01:00,[60],[-117.328598]
2025-11-18T01:41:19+01:00,[60],[-117.328598]
2025-11-18T01:41:18+01:00,[60],[-117.32859]
2025-11-18T01:41:17+01:00,[60],[-117.328598]
2025-11-18T01:41:16+01:00,[60],[-117.328598]
2025-11-18T01:41:15+01:00,[60],[-117.328606]
2025-11-18T01:41:14+01:00,[60],[-117.328613]
2025-11-18T01:41:13+01:00,[60],[-117.328606]
2025-11-18T01:41:12+01:00,[60],[-117.328613]
2025-11-18T01:41:11+01:00,[60],[-117.328613]
2025-11-18T01:41:10+01:00,[60],[-117.328613]
2025-11-18T01:41:09+01:00,[60],[-117.328613]
2025-11-18T01:41:08+01:00,[60],[-117.328606]
2025-11-18T01:41:07+01:00,[60],[-117.328606]
2025-11-18T01:41:06+01:00,[60],[-117.328606]
2025-11-18T01:41:05+01:00,[60],[-117.328606]
2025-11-18T01:41:04+01:00,[60],[-117.328598]
2025-11-18T01:41:03+01:00,[60],[-117.328606]
2025-11-18T01:41:02+01:00,[60],[-117.328606]
2025-11-18T01:41:01+01:00,[60],[-117.328606]
2025-11-18T01:41:00+01:00,[60],[-117.328613]
2025-11-18T01:40:59+01:00,[60],[-117.328613]
2025-11-18T01:40:58+01:00,[60],[-117.328621]
2025-11-18T01:40:57+01:00,[60],[-117.328621]
2025-11-18T01:40:56+01:00,[60],[-117.328621]
2025-11-18T01:40:55+01:00,[60],[-117.328621]
2025-11-18T01:40:54+01:00,[60],[-117.328621]
2025-11-18T01:40:53+01:00,[60],[-117.328621]
2025-11-18T01:40:52+01:00,[60],[-117.328629]
2025-11-18T01:40:50+01:00,[60],[-117.328629]
2025-11-18T01:40:49+01:00,[60],[-117.328636]
2025-11-18T01:40:48+01:00,[60],[-117.328636]
2025-11-18T01:40:47+01:00,[60],[-117.328644]
2025-11-18T01:40:46+01:00,[60],[-117.328644]
2025-11-18T01:40:45+01:00,[60],[-117.328644]
2025-11-18T01:40:44+01:00,[60],[-117.328644]
2025-11-18T01:40:43+01:00,[60],[-117.328636]
2025-11-18T01:40:42+01:00,[60],[-117.328629]
2025-11-18T01:40:41+01:00,[60],[-117.328629]
2025-11-18T01:40:40+01:00,[60],[-117.328636]
2025-11-18T01:40:39+01:00,[60],[-117.328636]
2025-11-18T01:40:38+01:00,[60],[-117.328636]
2025-11-18T01:40:37+01:00,[60],[-117.328644]
2025-11-18T01:40:36+01:00,[60],[-117.328644]
2025-11-18T01:40:35+01:00,[60],[-117.328644]
2025-11-18T01:40:34+01:00,[60],[-117.328651]
2025-11-18T01:40:33+01:00,[60],[-117.328651]
2025-11-18T01:40:32+01:00,[60],[-117.328659]
2025-11-18T01:40:31+01:00,[60],[-117.328659]
2025-11-18T01:40:30+01:00,[60],[-117.328659]
2025-11-18T01:40:29+01:00,[60],[-117.328667]
2025-11-18T01:40:28+01:00,[60],[-117.328667]
2025-11-18T01:40:27+01:00,[60],[-117.328667]
2025-11-18T01:40:26+01:00,[60],[-117.328667]
2025-11-18T01:40:25+01:00,[60],[-117.328667]
2025-11-18T01:40:24+01:00,[60],[-117.328667]
2025-11-18T01:40:23+01:00,[60],[-117.328667]
2025-11-18T01:40:22+01:00,[60],[-117.328667]
2025-11-18T01:40:21+01:00,[60],[-117.328659]
2025-11-18T01:40:20+01:00,[60],[-117.328659]
2025-11-18T01:40:19+01:00,[60],[-117.328659]
2025-11-18T01:40:18+01:00,[60],[-117.328667]
2025-11-18T01:40:17+01:00,[60],[-117.328674]
2025-11-18T01:40:16+01:00,[60],[-117.328682]
2025-11-18T01:40:15+01:00,[60],[-117.328682]
2025-11-18T01:40:14+01:00,[60],[-117.32869]
2025-11-18T01:40:13+01:00,[60],[-117.32869]
2025-11-18T01:40:12+01:00,[60],[-117.32869]
2025-11-18T01:40:11+01:00,[60],[-117.328682]
2025-11-18T01:40:10+01:00,[60],[-117.328682]
2025-11-18T01:40:09+01:00,[60],[-117.328674]
2025-11-18T01:40:08+01:00,[60],[-117.328667]
2025-11-18T01:40:07+01:00,[60],[-117.328667]
2025-11-18T01:40:06+01:00,[60],[-117.328659]
2025-11-18T01:40:05+01:00,[60],[-117.328651]
2025-11-18T01:40:04+01:00,[60],[-117.328651]
2025-11-18T01:40:03+01:00,[60],[-117.328651]
2025-11-18T01:40:02+01:00,[60],[-117.328667]
2025-11-18T01:40:01+01:00,[60],[-117.328667]
2025-11-18T01:40:00+01:00,[60],[-117.328674]
2025-11-18T01:39:59+01:00,[60],[-117.328667]
2025-11-18T01:39:58+01:00,[60],[-117.328667]
2025-11-18T01:39:57+01:00,[60],[-117.328659]
2025-11-18T01:39:56+01:00,[60],[-117.328659]
2025-11-18T01:39:55+01:00,[60],[-117.328651]
2025-11-18T01:39:54+01:00,[60],[-117.328659]
2025-11-18T01:39:49+01:00,[60],[-117.32869]
2025-11-18T01:39:48+01:00,[60],[-117.32869]
2025-11-18T01:39:47+01:00,[60],[-117.32869]
2025-11-18T01:39:46+01:00,[60],[-117.32869]
2025-11-18T01:39:45+01:00,[60],[-117.32869]
2025-11-18T01:39:43+01:00,[60],[-117.32869]
2025-11-18T01:39:42+01:00,[60],[-117.32869]
2025-11-18T01:39:41+01:00,[60],[-117.32869]
2025-11-18T01:39:40+01:00,[60],[-117.32869]
2025-11-18T01:39:39+01:00,[60],[-117.32869]
2025-11-18T01:39:37+01:00,[60],[-117.32869]
2025-11-18T01:39:36+01:00,[60],[-117.32869]
2025-11-18T01:39:35+01:00,[60],[-117.32869]
2025-11-18T01:39:34+01:00,[60],[-117.32869]
2025-11-18T01:39:33+01:00,[60],[-117.32869]
2025-11-18T01:39:32+01:00,[60],[-117.32869]
2025-11-18T01:39:31+01:00,[60],[-117.32869]
2025-11-18T01:39:30+01:00,[60],[-117.32869]
2025-11-18T01:39:29+01:00,[60],[-117.32869]
2025-11-18T01:39:28+01:00,[60],[-117.32869]
2025-11-18T01:39:27+01:00,[60],[-117.32869]
2025-11-18T01:39:26+01:00,[60],[-117.32869]
2025-11-18T01:39:25+01:00,[60],[-117.32869]
2025-11-18T01:39:24+01:00,[60],[-117.32869]
2025-11-18T01:39:23+01:00,[60],[-117.32869]
2025-11-18T01:39:22+01:00,[60],[-117.32869]
2025-11-18T01:39:21+01:00,[60],[-117.32869]
2025-11-18T01:39:20+01:00,[60],[-117.32869]
2025-11-18T01:39:19+01:00,[60],[-117.32869]
2025-11-18T01:39:18+01:00,[60],[-117.32869]
2025-11-18T01:39:17+01:00,[60],[-117.32869]
2025-11-18T01:39:16+01:00,[60],[-117.32869]
2025-11-18T01:39:15+01:00,[60],[-117.32869]
2025-11-18T01:39:14+01:00,[60],[-117.32869]
2025-11-18T01:39:13+01:00,[60],[-117.32869]
2025-11-18T01:39:12+01:00,[60],[-117.32869]
2025-11-18T01:39:11+01:00,[60],[-117.32869]
2025-11-18T01:39:10+01:00,[60],[-117.32869]
2025-11-18T01:39:09+01:00,[60],[-117.32869]
2025-11-18T01:39:08+01:00,[60],[-117.32869]
2025-11-18T01:39:07+01:00,[60],[-117.32869]
2025-11-18T01:39:06+01:00,[60],[-117.32869]
2025-11-18T01:39:05+01:00,[60],[-117.328697]
2025-11-18T01:39:04+01:00,[60],[-117.328697]
2025-11-18T01:39:03+01:00,[60],[-117.328697]
2025-11-18T01:39:02+01:00,[60],[-117.328697]
2025-11-18T01:39:01+01:00,[60],[-117.328697]
2025-11-18T01:39:00+01:00,[60],[-117.328697]
2025-11-18T01:38:59+01:00,[60],[-117.32869]
2025-11-18T01:38:58+01:00,[60],[-117.32869]
2025-11-18T01:38:57+01:00,[60],[-117.32869]
2025-11-18T01:38:56+01:00,[60],[-117.32869]
2025-11-18T01:38:55+01:00,[60],[-117.32869]
2025-11-18T01:38:54+01:00,[60],[-117.32869]
2025-11-18T01:38:53+01:00,[60],[-117.32869]
2025-11-18T01:38:52+01:00,[60],[-117.32869]
2025-11-18T01:38:51+01:00,[60],[-117.32869]
2025-11-18T01:38:50+01:00,[60],[-117.32869]
2025-11-18T01:38:49+01:00,[60],[-117.32869]
2025-11-18T01:38:48+01:00,[60],[-117.32869]
2025-11-18T01:38:47+01:00,[60],[-117.32869]
2025-11-18T01:38:46+01:00,[60],[-117.32869]
2025-11-18T01:38:45+01:00,[60],[-117.32869]
2025-11-18T01:38:44+01:00,[60],[-117.32869]
2025-11-18T01:38:43+01:00,[60],[-117.32869]
2025-11-18T01:38:42+01:00,[60],[-117.32869]
2025-11-18T01:38:41+01:00,[60],[-117.328674]
2025-11-18T01:38:40+01:00,[60],[-117.328674]
2025-11-18T01:38:39+01:00,[60],[-117.328682]
2025-11-18T01:38:38+01:00,[60],[-117.328682]
2025-11-18T01:38:37+01:00,[60],[-117.328682]
2025-11-18T01:38:36+01:00,[60],[-117.328682]
2025-11-18T01:38:35+01:00,[60],[-117.328682]
2025-11-18T01:38:34+01:00,[60],[-117.328674]
2025-11-18T01:38:33+01:00,[60],[-117.328667]
2025-11-18T01:38:32+01:00,[60],[-117.328659]
2025-11-18T01:38:31+01:00,[60],[-117.328644]
2025-11-18T01:38:30+01:00,[60],[-117.328613]
2025-11-18T01:38:29+01:00,[60],[-117.328598]
2025-11-18T01:38:28+01:00,[60],[-117.328598]
2025-11-18T01:38:27+01:00,[60],[-117.328613]
2025-11-18T01:38:26+01:00,[60],[-117.328644]
2025-11-18T01:38:25+01:00,[60],[-117.328674]
2025-11-18T01:38:24+01:00,[60],[-117.328712]
2025-11-18T01:38:23+01:00,[60],[-117.328766]
2025-11-18T01:38:22+01:00,[60],[-117.328835]
2025-11-18T01:38:21+01:00,[60],[-117.328911]
2025-11-18T01:38:20+01:00,[60],[-117.328987]
2025-11-18T01:38:19+01:00,[60],[-117.329071]
2025-11-18T01:38:18+01:00,[60],[-117.32914]
2025-11-18T01:38:17+01:00,[60],[-117.329208]
2025-11-18T01:38:16+01:00,[60],[-117.329262]
2025-11-18T01:38:15+01:00,[60],[-117.329308]
2025-11-18T01:38:14+01:00,[60],[-117.329353]
2025-11-18T01:38:13+01:00,[60],[-117.329399]
2025-11-18T01:38:12+01:00,[60],[-117.329514]
2025-11-18T01:38:11+01:00,[60],[-117.329536]
2025-11-18T01:38:10+01:00,[60],[-117.329552]
2025-11-18T01:38:09+01:00,[60],[-117.329559]
2025-11-18T01:38:08+01:00,[60],[-117.329559]
2025-11-18T01:38:07+01:00,[60],[-117.329559]
2025-11-18T01:38:06+01:00,[60],[-117.329559]
2025-11-18T01:38:05+01:00,[60],[-117.329559]
2025-11-18T01:38:04+01:00,[60],[-117.329559]
2025-11-18T01:38:03+01:00,[60],[-117.329559]
2025-11-18T01:38:02+01:00,[60],[-117.329559]
2025-11-18T01:38:01+01:00,[60],[-117.329559]
2025-11-18T01:38:00+01:00,[60],[-117.329559]
2025-11-18T01:37:59+01:00,[60],[-117.329559]
2025-11-18T01:37:58+01:00,[60],[-117.329559]
2025-11-18T01:37:57+01:00,[60],[-117.329559]
2025-11-18T01:37:56+01:00,[60],[-117.329559]
2025-11-18T01:37:55+01:00,[60],[-117.329559]
2025-11-18T01:37:54+01:00,[60],[-117.329559]
2025-11-18T01:37:53+01:00,[60],[-117.329559]
2025-11-18T01:37:52+01:00,[60],[-117.329559]
2025-11-18T01:37:51+01:00,[60],[-117.329559]
2025-11-18T01:37:50+01:00,[60],[-117.329559]
2025-11-18T01:37:49+01:00,[60],[-117.329559]
2025-11-18T01:37:48+01:00,[60],[-117.329559]
2025-11-18T01:37:47+01:00,[60],[-117.329559]
2025-11-18T01:37:46+01:00,[60],[-117.329559]
2025-11-18T01:37:45+01:00,[60],[-117.329559]
2025-11-18T01:37:44+01:00,[60],[-117.329559]
2025-11-18T01:37:43+01:00,[60],[-117.329559]
2025-11-18T01:37:42+01:00,[60],[-117.329567]
2025-11-18T01:37:40+01:00,[60],[-117.329605]
2025-11-18T01:37:39+01:00,[60],[-117.329643]
2025-11-18T01:37:38+01:00,[60],[-117.329681]
2025-11-18T01:37:37+01:00,[60],[-117.329735]
2025-11-18T01:37:36+01:00,[60],[-117.329765]
2025-11-18T01:37:35+01:00,[60],[-117.329849]
2025-11-18T01:37:34+01:00,[60],[-117.329933]
2025-11-18T01:37:33+01:00,[60],[-117.330017]
2025-11-18T01:37:32+01:00,[60],[-117.330101]
2025-11-18T01:37:31+01:00,[60],[-117.3302]
2025-11-18T01:37:30+01:00,[60],[-117.330307]
2025-11-18T01:37:29+01:00,[60],[-117.330414]
2025-11-18T01:37:28+01:00,[60],[-117.330528]
2025-11-18T01:37:27+01:00,[60],[-117.330635]
2025-11-18T01:37:26+01:00,[60],[-117.330727]
2025-11-18T01:37:25+01:00,[60],[-117.330818]
2025-11-18T01:37:24+01:00,[60],[-117.330887]
2025-11-18T01:37:23+01:00,[60],[-117.33094]
2025-11-18T01:37:22+01:00,[60],[-117.330994]
2025-11-18T01:37:21+01:00,[60],[-117.331047]
2025-11-18T01:37:20+01:00,[60],[-117.331078]
2025-11-18T01:37:19+01:00,[60],[-117.3311]
2025-11-18T01:37:18+01:00,[60],[-117.3311]
2025-11-18T01:37:17+01:00,[60],[-117.3311]
2025-11-18T01:37:16+01:00,[60],[-117.3311]
2025-11-18T01:37:15+01:00,[60],[-117.3311]
2025-11-18T01:37:14+01:00,[60],[-117.3311]
2025-11-18T01:37:13+01:00,[60],[-117.3311]
2025-11-18T01:37:12+01:00,[60],[-117.3311]
2025-11-18T01:37:11+01:00,[60],[-117.3311]
2025-11-18T01:37:10+01:00,[60],[-117.3311]
2025-11-18T01:37:09+01:00,[60],[-117.3311]
2025-11-18T01:37:08+01:00,[60],[-117.3311]
2025-11-18T01:37:07+01:00,[60],[-117.3311]
2025-11-18T01:37:06+01:00,[60],[-117.3311]
2025-11-18T01:37:05+01:00,[60],[-117.3311]
2025-11-18T01:37:04+01:00,[60],[-117.3311]
2025-11-18T01:37:03+01:00,[60],[-117.3311]
2025-11-18T01:37:02+01:00,[60],[-117.3311]
2025-11-18T01:37:01+01:00,[60],[-117.3311]
2025-11-18T01:37:00+01:00,[60],[-117.3311]
2025-11-18T01:36:59+01:00,[60],[-117.3311]
2025-11-18T01:36:58+01:00,[60],[-117.3311]
2025-11-18T01:36:57+01:00,[60],[-117.3311]
2025-11-18T01:36:56+01:00,[60],[-117.3311]
2025-11-18T01:36:55+01:00,[60],[-117.3311]
2025-11-18T01:36:54+01:00,[60],[-117.3311]
2025-11-18T01:36:53+01:00,[60],[-117.3311]
2025-11-18T01:36:52+01:00,[60],[-117.3311]
2025-11-18T01:36:51+01:00,[60],[-117.3311]
2025-11-18T01:36:50+01:00,[60],[-117.3311]
2025-11-18T01:36:49+01:00,[60],[-117.3311]
2025-11-18T01:36:48+01:00,[60],[-117.3311]
2025-11-18T01:36:47+01:00,[60],[-117.3311]
2025-11-18T01:36:46+01:00,[60],[-117.3311]
2025-11-18T01:36:45+01:00,[60],[-117.3311]
2025-11-18T01:36:44+01:00,[60],[-117.3311]
2025-11-18T01:36:43+01:00,[60],[-117.331108]
2025-11-18T01:36:42+01:00,[60],[-117.331131]
2025-11-18T01:36:41+01:00,[60],[-117.331161]
2025-11-18T01:36:40+01:00,[60],[-117.331207]
2025-11-18T01:36:39+01:00,[60],[-117.331268]
2025-11-18T01:36:38+01:00,[60],[-117.331345]
2025-11-18T01:36:37+01:00,[60],[-117.331429]
2025-11-18T01:36:36+01:00,[60],[-117.33152]
2025-11-18T01:36:35+01:00,[60],[-117.331612]
2025-11-18T01:36:34+01:00,[60],[-117.331703]
2025-11-18T01:36:33+01:00,[60],[-117.331802]
2025-11-18T01:36:32+01:00,[60],[-117.331909]
2025-11-18T01:36:31+01:00,[60],[-117.332008]
2025-11-18T01:36:30+01:00,[60],[-117.332115]
2025-11-18T01:36:29+01:00,[60],[-117.332207]
2025-11-18T01:36:28+01:00,[60],[-117.332298]
2025-11-18T01:36:27+01:00,[60],[-117.33239]
2025-11-18T01:36:26+01:00,[60],[-117.332474]
2025-11-18T01:36:25+01:00,[60],[-117.332558]
2025-11-18T01:36:24+01:00,[60],[-117.332626]
2025-11-18T01:36:23+01:00,[60],[-117.332695]
2025-11-18T01:36:22+01:00,[60],[-117.332748]
2025-11-18T01:36:21+01:00,[60],[-117.332802]
2025-11-18T01:36:20+01:00,[60],[-117.332848]
2025-11-18T01:36:19+01:00,[60],[-117.332886]
2025-11-18T01:36:18+01:00,[60],[-117.332924]
2025-11-18T01:36:17+01:00,[60],[-117.332947]
2025-11-18T01:36:16+01:00,[60],[-117.332977]
2025-11-18T01:36:15+01:00,[60],[-117.332993]
2025-11-18T01:36:14+01:00,[60],[-117.333015]
2025-11-18T01:36:13+01:00,[60],[-117.333023]
2025-11-18T01:36:12+01:00,[60],[-117.333031]
2025-11-18T01:36:11+01:00,[60],[-117.333031]
2025-11-18T01:36:10+01:00,[60],[-117.333023]
2025-11-18T01:36:09+01:00,[60],[-117.333015]
2025-11-18T01:36:08+01:00,[60],[-117.333]
2025-11-18T01:36:07+01:00,[60],[-117.332985]
2025-11-18T01:36:06+01:00,[60],[-117.332947]
2025-11-18T01:36:05+01:00,[60],[-117.332916]
2025-11-18T01:36:04+01:00,[60],[-117.332893]
2025-11-18T01:36:03+01:00,[60],[-117.33287]
2025-11-18T01:36:02+01:00,[60],[-117.33284]
2025-11-18T01:36:01+01:00,[60],[-117.332809]
2025-11-18T01:36:00+01:00,[60],[-117.332779]
2025-11-18T01:35:59+01:00,[60],[-117.332756]
2025-11-18T01:35:58+01:00,[60],[-117.332741]
2025-11-18T01:35:57+01:00,[60],[-117.332741]
2025-11-18T01:35:56+01:00,[60],[-117.332741]
2025-11-18T01:35:55+01:00,[60],[-117.332741]
2025-11-18T01:35:54+01:00,[60],[-117.332741]
2025-11-18T01:35:53+01:00,[60],[-117.332741]
2025-11-18T01:35:52+01:00,[60],[-117.332741]
2025-11-18T01:35:51+01:00,[60],[-117.332748]
2025-11-18T01:35:50+01:00,[60],[-117.332748]
2025-11-18T01:35:49+01:00,[60],[-117.332756]
2025-11-18T01:35:48+01:00,[60],[-117.332756]
2025-11-18T01:35:47+01:00,[60],[-117.332756]
2025-11-18T01:35:45+01:00,[60],[-117.332756]
2025-11-18T01:35:44+01:00,[60],[-117.332756]
2025-11-18T01:35:43+01:00,[60],[-117.332756]
2025-11-18T01:35:42+01:00,[60],[-117.332756]
2025-11-18T01:35:41+01:00,[60],[-117.332748]
2025-11-18T01:35:40+01:00,[60],[-117.332741]
2025-11-18T01:35:39+01:00,[60],[-117.332733]
2025-11-18T01:35:38+01:00,[60],[-117.332726]
2025-11-18T01:35:37+01:00,[60],[-117.332718]
2025-11-18T01:35:36+01:00,[60],[-117.33271]
2025-11-18T01:35:35+01:00,[60],[-117.332703]
2025-11-18T01:35:34+01:00,[60],[-117.332703]
2025-11-18T01:35:33+01:00,[60],[-117.332703]
2025-11-18T01:35:32+01:00,[60],[-117.332703]
2025-11-18T01:35:31+01:00,[60],[-117.332703]
2025-11-18T01:35:30+01:00,[60],[-117.33271]
2025-11-18T01:35:29+01:00,[60],[-117.33271]
2025-11-18T01:35:28+01:00,[60],[-117.332718]
2025-11-18T01:35:27+01:00,[60],[-117.332726]
2025-11-18T01:35:26+01:00,[60],[-117.332726]
2025-11-18T01:35:25+01:00,[60],[-117.332726]
2025-11-18T01:35:24+01:00,[60],[-117.332726]
2025-11-18T01:35:23+01:00,[60],[-117.332733]
2025-11-18T01:35:22+01:00,[60],[-117.332733]
2025-11-18T01:35:21+01:00,[60],[-117.332733]
2025-11-18T01:35:20+01:00,[60],[-117.332741]
2025-11-18T01:35:19+01:00,[60],[-117.332741]
2025-11-18T01:35:18+01:00,[60],[-117.332748]
2025-11-18T01:35:17+01:00,[60],[-117.332756]
2025-11-18T01:35:16+01:00,[60],[-117.332764]
2025-11-18T01:35:15+01:00,[60],[-117.332771]
2025-11-18T01:35:14+01:00,[60],[-117.332771]
2025-11-18T01:35:13+01:00,[60],[-117.332771]
2025-11-18T01:35:12+01:00,[60],[-117.332771]
2025-11-18T01:35:11+01:00,[60],[-117.332771]
2025-11-18T01:35:09+01:00,[60],[-117.332771]
2025-11-18T01:35:08+01:00,[60],[-117.332771]
2025-11-18T01:35:07+01:00,[60],[-117.332771]
2025-11-18T01:35:06+01:00,[60],[-117.332771]
2025-11-18T01:35:05+01:00,[60],[-117.332771]
2025-11-18T01:35:04+01:00,[60],[-117.332771]
2025-11-18T01:35:03+01:00,[60],[-117.332771]
2025-11-18T01:35:02+01:00,[60],[-117.332771]
2025-11-18T01:35:01+01:00,[60],[-117.332771]
2025-11-18T01:35:00+01:00,[60],[-117.332771]
2025-11-18T01:34:59+01:00,[60],[-117.332771]
2025-11-18T01:34:58+01:00,[60],[-117.332771]
2025-11-18T01:34:57+01:00,[60],[-117.332771]
2025-11-18T01:34:56+01:00,[60],[-117.332771]
2025-11-18T01:34:55+01:00,[60],[-117.332764]
2025-11-18T01:34:54+01:00,[60],[-117.332764]
2025-11-18T01:34:53+01:00,[60],[-117.332771]
2025-11-18T01:34:52+01:00,[60],[-117.332771]
2025-11-18T01:34:51+01:00,[60],[-117.332771]
2025-11-18T01:34:50+01:00,[60],[-117.332771]
2025-11-18T01:34:49+01:00,[60],[-117.332771]
2025-11-18T01:34:48+01:00,[60],[-117.332771]
2025-11-18T01:34:47+01:00,[60],[-117.332771]
2025-11-18T01:34:46+01:00,[60],[-117.332771]
2025-11-18T01:34:45+01:00,[60],[-117.332771]
2025-11-18T01:34:44+01:00,[60],[-117.332771]
2025-11-18T01:34:43+01:00,[60],[-117.332771]
2025-11-18T01:34:42+01:00,[60],[-117.332771]
2025-11-18T01:34:41+01:00,[60],[-117.332771]
2025-11-18T01:34:40+01:00,[60],[-117.332771]
2025-11-18T01:34:39+01:00,[60],[-117.332771]
2025-11-18T01:34:38+01:00,[60],[-117.332771]
2025-11-18T01:34:37+01:00,[60],[-117.332771]
2025-11-18T01:34:36+01:00,[60],[-117.332771]
2025-11-18T01:34:35+01:00,[60],[-117.332764]
2025-11-18T01:34:33+01:00,[60],[-117.332764]
2025-11-18T01:34:32+01:00,[60],[-117.332764]
2025-11-18T01:34:31+01:00,[60],[-117.332764]
2025-11-18T01:34:30+01:00,[60],[-117.332764]
2025-11-18T01:34:29+01:00,[60],[-117.332756]
2025-11-18T01:34:28+01:00,[60],[-117.332756]
2025-11-18T01:34:27+01:00,[60],[-117.332756]
2025-11-18T01:34:26+01:00,[60],[-117.332756]
2025-11-18T01:34:25+01:00,[60],[-117.332748]
2025-11-18T01:34:24+01:00,[60],[-117.332756]
2025-11-18T01:34:23+01:00,[60],[-117.332756]
2025-11-18T01:34:22+01:00,[60],[-117.332748]
2025-11-18T01:34:21+01:00,[60],[-117.332733]
2025-11-18T01:34:20+01:00,[60],[-117.332726]
2025-11-18T01:34:19+01:00,[60],[-117.332726]
2025-11-18T01:34:18+01:00,[60],[-117.332726]
2025-11-18T01:34:17+01:00,[60],[-117.332726]
2025-11-18T01:34:16+01:00,[60],[-117.332718]
2025-11-18T01:34:15+01:00,[60],[-117.332718]
2025-11-18T01:34:14+01:00,[60],[-117.33271]
2025-11-18T01:34:13+01:00,[60],[-117.332703]
2025-11-18T01:34:12+01:00,[60],[-117.33271]
2025-11-18T01:34:11+01:00,[60],[-117.332703]
2025-11-18T01:34:10+01:00,[60],[-117.332703]
2025-11-18T01:34:09+01:00,[60],[-117.332695]
2025-11-18T01:34:08+01:00,[60],[-117.332695]
2025-11-18T01:34:07+01:00,[60],[-117.332695]
2025-11-18T01:34:06+01:00,[60],[-117.332687]
2025-11-18T01:34:05+01:00,[60],[-117.33268]
2025-11-18T01:34:04+01:00,[60],[-117.332672]
2025-11-18T01:34:03+01:00,[60],[-117.332664]
2025-11-18T01:34:02+01:00,[60],[-117.332657]
2025-11-18T01:34:01+01:00,[60],[-117.332642]
2025-11-18T01:34:00+01:00,[60],[-117.332634]
2025-11-18T01:33:59+01:00,[60],[-117.332626]
2025-11-18T01:33:58+01:00,[60],[-117.332611]
2025-11-18T01:33:57+01:00,[60],[-117.332596]
2025-11-18T01:33:56+01:00,[60],[-117.332588]
2025-11-18T01:33:55+01:00,[60],[-117.332581]
2025-11-18T01:33:54+01:00,[60],[-117.332573]
2025-11-18T01:33:53+01:00,[60],[-117.332558]
2025-11-18T01:33:52+01:00,[60],[-117.33255]
2025-11-18T01:33:51+01:00,[60],[-117.332535]
2025-11-18T01:33:50+01:00,[60],[-117.332527]
2025-11-18T01:33:49+01:00,[60],[-117.33252]
2025-11-18T01:33:48+01:00,[60],[-117.332504]
2025-11-18T01:33:47+01:00,[60],[-117.332497]
2025-11-18T01:33:46+01:00,[60],[-117.332481]
2025-11-18T01:33:45+01:00,[60],[-117.332474]
2025-11-18T01:33:44+01:00,[60],[-117.332451]
2025-11-18T01:33:43+01:00,[60],[-117.332436]
2025-11-18T01:33:42+01:00,[60],[-117.332428]
2025-11-18T01:33:41+01:00,[60],[-117.332413]
2025-11-18T01:33:40+01:00,[60],[-117.332413]
2025-11-18T01:33:39+01:00,[60],[-117.33242]
2025-11-18T01:33:38+01:00,[60],[-117.332436]
2025-11-18T01:33:37+01:00,[60],[-117.332443]
2025-11-18T01:33:36+01:00,[60],[-117.332443]
2025-11-18T01:33:35+01:00,[60],[-117.332451]
2025-11-18T01:33:34+01:00,[60],[-117.332458]
2025-11-18T01:33:33+01:00,[60],[-117.332458]
2025-11-18T01:33:32+01:00,[60],[-117.332458]
2025-11-18T01:33:31+01:00,[60],[-117.332451]
2025-11-18T01:33:30+01:00,[60],[-117.332443]
2025-11-18T01:33:29+01:00,[60],[-117.332451]
2025-11-18T01:33:28+01:00,[60],[-117.332443]
2025-11-18T01:33:27+01:00,[60],[-117.332436]
2025-11-18T01:33:26+01:00,[60],[-117.332428]
2025-11-18T01:33:25+01:00,[60],[-117.332428]
2025-11-18T01:33:24+01:00,[60],[-117.33242]
2025-11-18T01:33:23+01:00,[60],[-117.332436]
2025-11-18T01:33:22+01:00,[60],[-117.332443]
2025-11-18T01:33:21+01:00,[60],[-117.332451]
2025-11-18T01:33:20+01:00,[60],[-117.332451]
2025-11-18T01:33:19+01:00,[60],[-117.332474]
2025-11-18T01:33:18+01:00,[60],[-117.332474]
2025-11-18T01:33:17+01:00,[60],[-117.332474]
2025-11-18T01:33:16+01:00,[60],[-117.332474]
2025-11-18T01:33:15+01:00,[60],[-117.332474]
2025-11-18T01:33:14+01:00,[60],[-117.332474]
2025-11-18T01:33:13+01:00,[60],[-117.332474]
2025-11-18T01:33:12+01:00,[60],[-117.332474]
2025-11-18T01:33:11+01:00,[60],[-117.332474]
2025-11-18T01:33:10+01:00,[60],[-117.332474]
2025-11-18T01:33:09+01:00,[60],[-117.332474]
2025-11-18T01:33:08+01:00,[60],[-117.332474]
2025-11-18T01:33:07+01:00,[60],[-117.332474]
2025-11-18T01:33:06+01:00,[60],[-117.332474]
2025-11-18T01:33:05+01:00,[60],[-117.332474]
2025-11-18T01:33:04+01:00,[60],[-117.332474]
2025-11-18T01:33:03+01:00,[60],[-117.332474]
2025-11-18T01:33:02+01:00,[60],[-117.332474]
2025-11-18T01:33:01+01:00,[60],[-117.332474]
2025-11-18T01:33:00+01:00,[60],[-117.332474]
2025-11-18T01:32:59+01:00,[60],[-117.332474]
2025-11-18T01:32:58+01:00,[60],[-117.332474]
2025-11-18T01:32:57+01:00,[60],[-117.332474]
2025-11-18T01:32:56+01:00,[60],[-117.332474]
2025-11-18T01:32:55+01:00,[60],[-117.332474]
2025-11-18T01:32:54+01:00,[60],[-117.332474]
2025-11-18T01:32:53+01:00,[60],[-117.332474]
2025-11-18T01:32:52+01:00,[60],[-117.332474]
2025-11-18T01:32:51+01:00,[60],[-117.332474]
2025-11-18T01:32:50+01:00,[60],[-117.332466]
2025-11-18T01:32:49+01:00,[60],[-117.332466]
2025-11-18T01:32:48+01:00,[60],[-117.332466]
2025-11-18T01:32:47+01:00,[60],[-117.332466]
2025-11-18T01:32:46+01:00,[60],[-117.332466]
2025-11-18T01:32:45+01:00,[60],[-117.332466]
2025-11-18T01:32:44+01:00,[60],[-117.332466]
2025-11-18T01:32:43+01:00,[60],[-117.332466]
2025-11-18T01:32:42+01:00,[60],[-117.332466]
2025-11-18T01:32:41+01:00,[60],[-117.332466]
2025-11-18T01:32:40+01:00,[60],[-117.332466]
2025-11-18T01:32:39+01:00,[60],[-117.332466]
2025-11-18T01:32:38+01:00,[60],[-117.332466]
2025-11-18T01:32:37+01:00,[60],[-117.332466]
2025-11-18T01:32:36+01:00,[60],[-117.332466]
2025-11-18T01:32:35+01:00,[60],[-117.332466]
2025-11-18T01:32:34+01:00,[60],[-117.332466]
2025-11-18T01:32:33+01:00,[60],[-117.332466]
2025-11-18T01:32:32+01:00,[60],[-117.332466]
2025-11-18T01:32:31+01:00,[60],[-117.332466]
2025-11-18T01:32:30+01:00,[60],[-117.332466]
2025-11-18T01:32:29+01:00,[60],[-117.332466]
2025-11-18T01:32:27+01:00,[60],[-117.332466]
2025-11-18T01:32:26+01:00,[60],[-117.332466]
2025-11-18T01:32:25+01:00,[60],[-117.332466]
2025-11-18T01:32:24+01:00,[60],[-117.332474]
2025-11-18T01:32:23+01:00,[60],[-117.332474]
2025-11-18T01:32:22+01:00,[60],[-117.332474]
2025-11-18T01:32:21+01:00,[60],[-117.332481]
2025-11-18T01:32:20+01:00,[60],[-117.332481]
2025-11-18T01:32:19+01:00,[60],[-117.332481]
2025-11-18T01:32:18+01:00,[60],[-117.332474]
2025-11-18T01:32:17+01:00,[60],[-117.332466]
2025-11-18T01:32:16+01:00,[60],[-117.332466]
2025-11-18T01:32:15+01:00,[60],[-117.332458]
2025-11-18T01:32:14+01:00,[60],[-117.332458]
2025-11-18T01:32:13+01:00,[60],[-117.332466]
2025-11-18T01:32:12+01:00,[60],[-117.332474]
2025-11-18T01:32:11+01:00,[60],[-117.332474]
2025-11-18T01:32:10+01:00,[60],[-117.332474]
2025-11-18T01:32:09+01:00,[60],[-117.332474]
2025-11-18T01:32:08+01:00,[60],[-117.332474]
2025-11-18T01:32:07+01:00,[60],[-117.332474]
2025-11-18T01:32:06+01:00,[60],[-117.332474]
2025-11-18T01:32:05+01:00,[60],[-117.332474]
2025-11-18T01:32:04+01:00,[60],[-117.332474]
2025-11-18T01:32:03+01:00,[60],[-117.332474]
2025-11-18T01:32:02+01:00,[60],[-117.332474]
2025-11-18T01:32:01+01:00,[60],[-117.332474]
2025-11-18T01:32:00+01:00,[60],[-117.332474]
2025-11-18T01:31:59+01:00,[60],[-117.332474]
2025-11-18T01:31:58+01:00,[60],[-117.332474]
2025-11-18T01:31:57+01:00,[60],[-117.332474]
2025-11-18T01:31:56+01:00,[60],[-117.332474]
2025-11-18T01:31:55+01:00,[60],[-117.332474]
2025-11-18T01:31:54+01:00,[60],[-117.332474]
2025-11-18T01:31:53+01:00,[60],[-117.332474]
2025-11-18T01:31:52+01:00,[60],[-117.332474]
2025-11-18T01:31:51+01:00,[60],[-117.332474]
2025-11-18T01:31:50+01:00,[60],[-117.332474]
2025-11-18T01:31:49+01:00,[60],[-117.332474]
2025-11-18T01:31:48+01:00,[60],[-117.332474]
2025-11-18T01:31:47+01:00,[60],[-117.332474]
2025-11-18T01:31:46+01:00,[60],[-117.332474]
2025-11-18T01:31:45+01:00,[60],[-117.332474]
2025-11-18T01:31:44+01:00,[60],[-117.332474]
2025-11-18T01:31:43+01:00,[60],[-117.332474]
2025-11-18T01:31:42+01:00,[60],[-117.332474]
2025-11-18T01:31:41+01:00,[60],[-117.332474]
2025-11-18T01:31:40+01:00,[60],[-117.332474]
2025-11-18T01:31:39+01:00,[60],[-117.332474]
2025-11-18T01:31:38+01:00,[60],[-117.332474]
2025-11-18T01:31:37+01:00,[60],[-117.332474]
2025-11-18T01:31:36+01:00,[60],[-117.332474]
2025-11-18T01:31:35+01:00,[60],[-117.332474]
2025-11-18T01:31:34+01:00,[60],[-117.332474]
2025-11-18T01:31:33+01:00,[60],[-117.332474]
2025-11-18T01:31:32+01:00,[60],[-117.332474]
2025-11-18T01:31:31+01:00,[60],[-117.332474]
2025-11-18T01:31:30+01:00,[60],[-117.332474]
2025-11-18T01:31:29+01:00,[60],[-117.332474]
2025-11-18T01:31:28+01:00,[60],[-117.332474]
2025-11-18T01:31:27+01:00,[60],[-117.332474]
2025-11-18T01:31:26+01:00,[60],[-117.332474]
2025-11-18T01:31:25+01:00,[60],[-117.332474]
2025-11-18T01:31:24+01:00,[60],[-117.332474]
2025-11-18T01:31:23+01:00,[60],[-117.332474]
2025-11-18T01:31:22+01:00,[60],[-117.332474]
2025-11-18T01:31:21+01:00,[60],[-117.332474]
2025-11-18T01:31:20+01:00,[60],[-117.332474]
2025-11-18T01:31:19+01:00,[60],[-117.332474]
2025-11-18T01:31:18+01:00,[60],[-117.332474]
2025-11-18T01:31:17+01:00,[60],[-117.332474]
2025-11-18T01:31:16+01:00,[60],[-117.332474]
2025-11-18T01:31:15+01:00,[60],[-117.332474]
2025-11-18T01:31:14+01:00,[60],[-117.332474]
2025-11-18T01:31:13+01:00,[60],[-117.332474]
2025-11-18T01:31:12+01:00,[60],[-117.332474]
2025-11-18T01:31:11+01:00,[60],[-117.332474]
2025-11-18T01:31:10+01:00,[60],[-117.332474]
2025-11-18T01:31:09+01:00,[60],[-117.332474]
2025-11-18T01:31:07+01:00,[60],[-117.332474]
2025-11-18T01:31:06+01:00,[60],[-117.332474]
2025-11-18T01:31:05+01:00,[60],[-117.332474]
2025-11-18T01:31:04+01:00,[60],[-117.332474]
2025-11-18T01:31:03+01:00,[60],[-117.332474]
2025-11-18T01:31:02+01:00,[60],[-117.332466]
2025-11-18T01:31:01+01:00,[60],[-117.332474]
2025-11-18T01:31:00+01:00,[60],[-117.332474]
2025-11-18T01:30:59+01:00,[60],[-117.332474]
2025-11-18T01:30:58+01:00,[60],[-117.332474]
2025-11-18T01:30:57+01:00,[60],[-117.332474]
2025-11-18T01:30:56+01:00,[60],[-117.332474]
2025-11-18T01:30:55+01:00,[60],[-117.332466]
2025-11-18T01:30:54+01:00,[60],[-117.332466]
2025-11-18T01:30:53+01:00,[60],[-117.332466]
2025-11-18T01:30:52+01:00,[60],[-117.332458]
2025-11-18T01:30:51+01:00,[60],[-117.332458]
2025-11-18T01:30:50+01:00,[60],[-117.332458]
2025-11-18T01:30:49+01:00,[60],[-117.332458]
2025-11-18T01:30:48+01:00,[60],[-117.332458]
2025-11-18T01:30:47+01:00,[60],[-117.332458]
2025-11-18T01:30:46+01:00,[60],[-117.332458]
2025-11-18T01:30:45+01:00,[60],[-117.332458]
2025-11-18T01:30:44+01:00,[60],[-117.332458]
2025-11-18T01:30:43+01:00,[60],[-117.332443]
2025-11-18T01:30:42+01:00,[60],[-117.332443]
2025-11-18T01:30:41+01:00,[60],[-117.332443]
2025-11-18T01:30:40+01:00,[60],[-117.332443]
2025-11-18T01:30:39+01:00,[60],[-117.332443]
2025-11-18T01:30:38+01:00,[60],[-117.332443]
2025-11-18T01:30:37+01:00,[60],[-117.332443]
2025-11-18T01:30:36+01:00,[60],[-117.332443]
2025-11-18T01:30:35+01:00,[60],[-117.332443]
2025-11-18T01:30:34+01:00,[60],[-117.332443]
2025-11-18T01:30:33+01:00,[60],[-117.332443]
2025-11-18T01:30:32+01:00,[60],[-117.332443]
2025-11-18T01:30:31+01:00,[60],[-117.332443]
2025-11-18T01:30:30+01:00,[60],[-117.332443]
2025-11-18T01:30:29+01:00,[60],[-117.332443]
2025-11-18T01:30:28+01:00,[60],[-117.332443]
2025-11-18T01:30:27+01:00,[60],[-117.332443]
2025-11-18T01:30:26+01:00,[60],[-117.332443]
2025-11-18T01:30:25+01:00,[60],[-117.332443]
2025-11-18T01:30:24+01:00,[60],[-117.332443]
2025-11-18T01:30:23+01:00,[60],[-117.332443]
2025-11-18T01:30:22+01:00,[60],[-117.332443]
2025-11-18T01:30:21+01:00,[60],[-117.332443]
2025-11-18T01:30:20+01:00,[60],[-117.332443]
2025-11-18T01:30:19+01:00,[60],[-117.332443]
2025-11-18T01:30:18+01:00,[60],[-117.332443]
2025-11-18T01:30:17+01:00,[60],[-117.332443]
2025-11-18T01:30:16+01:00,[60],[-117.332443]
2025-11-18T01:30:15+01:00,[60],[-117.332443]
2025-11-18T01:30:14+01:00,[60],[-117.332443]
2025-11-18T01:30:13+01:00,[60],[-117.332443]
2025-11-18T01:30:12+01:00,[60],[-117.332443]
2025-11-18T01:30:11+01:00,[60],[-117.332443]
2025-11-18T01:30:10+01:00,[60],[-117.332443]
2025-11-18T01:30:09+01:00,[60],[-117.332443]
2025-11-18T01:30:08+01:00,[60],[-117.332443]
2025-11-18T01:30:07+01:00,[60],[-117.332443]
2025-11-18T01:30:06+01:00,[60],[-117.332443]
2025-11-18T01:30:05+01:00,[60],[-117.332443]
2025-11-18T01:30:04+01:00,[60],[-117.332443]
2025-11-18T01:30:03+01:00,[60],[-117.332443]
2025-11-18T01:30:02+01:00,[60],[-117.332443]
2025-11-18T01:30:01+01:00,[60],[-117.332443]
2025-11-18T01:30:00+01:00,[60],[-117.332443]
2025-11-18T01:29:59+01:00,[60],[-117.332436]
2025-11-18T01:29:58+01:00,[60],[-117.332436]
2025-11-18T01:29:57+01:00,[60],[-117.332428]
2025-11-18T01:29:56+01:00,[60],[-117.332428]
2025-11-18T01:29:55+01:00,[60],[-117.332428]
2025-11-18T01:29:54+01:00,[60],[-117.332428]
2025-11-18T01:29:53+01:00,[60],[-117.332428]
2025-11-18T01:29:52+01:00,[60],[-117.332428]
2025-11-18T01:29:51+01:00,[60],[-117.332428]
2025-11-18T01:29:50+01:00,[60],[-117.332428]
2025-11-18T01:29:49+01:00,[60],[-117.332428]
2025-11-18T01:29:48+01:00,[60],[-117.332428]
2025-11-18T01:29:47+01:00,[60],[-117.332428]
2025-11-18T01:29:46+01:00,[60],[-117.332428]
2025-11-18T01:29:45+01:00,[60],[-117.33242]
2025-11-18T01:29:44+01:00,[60],[-117.33242]
2025-11-18T01:29:43+01:00,[60],[-117.33242]
2025-11-18T01:29:42+01:00,[60],[-117.332413]
2025-11-18T01:29:41+01:00,[60],[-117.332413]
2025-11-18T01:29:40+01:00,[60],[-117.332413]
2025-11-18T01:29:39+01:00,[60],[-117.332413]
2025-11-18T01:29:38+01:00,[60],[-117.332413]
2025-11-18T01:29:37+01:00,[60],[-117.332413]
2025-11-18T01:29:36+01:00,[60],[-117.332405]
2025-11-18T01:29:35+01:00,[60],[-117.332405]
2025-11-18T01:29:34+01:00,[60],[-117.332405]
2025-11-18T01:29:33+01:00,[60],[-117.332397]
2025-11-18T01:29:32+01:00,[60],[-117.332397]
2025-11-18T01:29:31+01:00,[60],[-117.332397]
2025-11-18T01:29:30+01:00,[60],[-117.332382]
2025-11-18T01:29:29+01:00,[60],[-117.332382]
2025-11-18T01:29:28+01:00,[60],[-117.332382]
2025-11-18T01:29:27+01:00,[60],[-117.332382]
2025-11-18T01:29:26+01:00,[60],[-117.332382]
2025-11-18T01:29:25+01:00,[60],[-117.332382]
2025-11-18T01:29:24+01:00,[60],[-117.332382]
2025-11-18T01:29:23+01:00,[60],[-117.332382]
2025-11-18T01:29:22+01:00,[60],[-117.332382]
2025-11-18T01:29:21+01:00,[60],[-117.332367]
2025-11-18T01:29:20+01:00,[60],[-117.332367]
2025-11-18T01:29:19+01:00,[60],[-117.332367]
2025-11-18T01:29:18+01:00,[60],[-117.332367]
2025-11-18T01:29:17+01:00,[60],[-117.332359]
2025-11-18T01:29:16+01:00,[60],[-117.332359]
2025-11-18T01:29:15+01:00,[60],[-117.332352]
2025-11-18T01:29:14+01:00,[60],[-117.332352]
2025-11-18T01:29:13+01:00,[60],[-117.332352]
2025-11-18T01:29:12+01:00,[60],[-117.332352]
2025-11-18T01:29:11+01:00,[60],[-117.332352]
2025-11-18T01:29:10+01:00,[60],[-117.332352]
2025-11-18T01:29:09+01:00,[60],[-117.332352]
2025-11-18T01:29:08+01:00,[60],[-117.332352]
2025-11-18T01:29:07+01:00,[60],[-117.332367]
2025-11-18T01:29:06+01:00,[60],[-117.332367]
2025-11-18T01:29:05+01:00,[60],[-117.33239]
2025-11-18T01:29:04+01:00,[60],[-117.33239]
2025-11-18T01:29:03+01:00,[60],[-117.332382]
2025-11-18T01:29:02+01:00,[60],[-117.332367]
2025-11-18T01:29:01+01:00,[60],[-117.332359]
2025-11-18T01:29:00+01:00,[60],[-117.332367]
2025-11-18T01:28:59+01:00,[60],[-117.332375]
2025-11-18T01:28:58+01:00,[60],[-117.33239]
2025-11-18T01:28:57+01:00,[60],[-117.332413]
2025-11-18T01:28:56+01:00,[60],[-117.332458]
2025-11-18T01:28:55+01:00,[60],[-117.332489]
2025-11-18T01:28:54+01:00,[60],[-117.332489]
2025-11-18T01:28:53+01:00,[60],[-117.332466]
2025-11-18T01:28:52+01:00,[60],[-117.332466]
2025-11-18T01:28:51+01:00,[60],[-117.332458]
2025-11-18T01:28:50+01:00,[60],[-117.332458]
2025-11-18T01:28:49+01:00,[60],[-117.332451]
2025-11-18T01:28:48+01:00,[60],[-117.332458]
2025-11-18T01:28:47+01:00,[60],[-117.332466]
2025-11-18T01:28:46+01:00,[60],[-117.332466]
2025-11-18T01:28:45+01:00,[60],[-117.332474]
2025-11-18T01:28:44+01:00,[60],[-117.332436]
2025-11-18T01:28:43+01:00,[60],[-117.332436]
2025-11-18T01:28:42+01:00,[60],[-117.332436]
2025-11-18T01:28:41+01:00,[60],[-117.332436]
2025-11-18T01:28:40+01:00,[60],[-117.332436]
2025-11-18T01:28:39+01:00,[60],[-117.332436]
2025-11-18T01:28:38+01:00,[60],[-117.332436]
2025-11-18T01:28:37+01:00,[60],[-117.332436]
2025-11-18T01:28:36+01:00,[60],[-117.332436]
2025-11-18T01:28:35+01:00,[60],[-117.332436]
2025-11-18T01:28:34+01:00,[60],[-117.332436]
2025-11-18T01:28:33+01:00,[60],[-117.332436]
2025-11-18T01:28:32+01:00,[60],[-117.332436]
2025-11-18T01:28:31+01:00,[60],[-117.332436]
2025-11-18T01:28:30+01:00,[60],[-117.332436]
2025-11-18T01:28:29+01:00,[60],[-117.332436]
2025-11-18T01:28:28+01:00,[60],[-117.332436]
2025-11-18T01:28:27+01:00,[60],[-117.332436]
2025-11-18T01:28:26+01:00,[60],[-117.332436]
2025-11-18T01:28:25+01:00,[60],[-117.332436]
2025-11-18T01:28:24+01:00,[60],[-117.332436]
2025-11-18T01:28:23+01:00,[60],[-117.332436]
2025-11-18T01:28:22+01:00,[60],[-117.332436]
2025-11-18T01:28:21+01:00,[60],[-117.332436]
2025-11-18T01:28:20+01:00,[60],[-117.332436]
2025-11-18T01:28:19+01:00,[60],[-117.332436]
2025-11-18T01:28:18+01:00,[60],[-117.332436]
2025-11-18T01:28:17+01:00,[60],[-117.332436]
2025-11-18T01:28:16+01:00,[60],[-117.332436]
2025-11-18T01:28:15+01:00,[60],[-117.332436]
2025-11-18T01:28:14+01:00,[60],[-117.332436]
2025-11-18T01:28:13+01:00,[60],[-117.332443]
2025-11-18T01:28:12+01:00,[60],[-117.332443]
2025-11-18T01:28:11+01:00,[60],[-117.332436]
2025-11-18T01:28:10+01:00,[60],[-117.332428]
2025-11-18T01:28:09+01:00,[60],[-117.33242]
2025-11-18T01:28:08+01:00,[60],[-117.33242]
2025-11-18T01:28:07+01:00,[60],[-117.332413]
2025-11-18T01:28:06+01:00,[60],[-117.332405]
2025-11-18T01:28:05+01:00,[60],[-117.332397]
2025-11-18T01:28:04+01:00,[60],[-117.33239]
2025-11-18T01:28:03+01:00,[60],[-117.33239]
2025-11-18T01:28:02+01:00,[60],[-117.33239]
2025-11-18T01:28:01+01:00,[60],[-117.332375]
2025-11-18T01:28:00+01:00,[60],[-117.332359]
2025-11-18T01:27:59+01:00,[60],[-117.332359]
2025-11-18T01:27:58+01:00,[60],[-117.332344]
2025-11-18T01:27:57+01:00,[60],[-117.332352]
2025-11-18T01:27:56+01:00,[60],[-117.332352]
2025-11-18T01:27:55+01:00,[60],[-117.332344]
2025-11-18T01:27:54+01:00,[60],[-117.332344]
2025-11-18T01:27:53+01:00,[60],[-117.332336]
2025-11-18T01:27:52+01:00,[60],[-117.332329]
2025-11-18T01:27:51+01:00,[60],[-117.332314]
2025-11-18T01:27:50+01:00,[60],[-117.332306]
2025-11-18T01:27:49+01:00,[60],[-117.332298]
2025-11-18T01:27:48+01:00,[60],[-117.332283]
2025-11-18T01:27:47+01:00,[60],[-117.332283]
2025-11-18T01:27:46+01:00,[60],[-117.332275]
2025-11-18T01:27:45+01:00,[60],[-117.332275]
2025-11-18T01:27:44+01:00,[60],[-117.332268]
2025-11-18T01:27:43+01:00,[60],[-117.332268]
2025-11-18T01:27:42+01:00,[60],[-117.332268]
2025-11-18T01:27:41+01:00,[60],[-117.332268]
2025-11-18T01:27:40+01:00,[60],[-117.332268]
2025-11-18T01:27:39+01:00,[60],[-117.332268]
2025-11-18T01:27:38+01:00,[60],[-117.33226]
2025-11-18T01:27:37+01:00,[60],[-117.332253]
2025-11-18T01:27:36+01:00,[60],[-117.332245]
2025-11-18T01:27:35+01:00,[60],[-117.332253]
2025-11-18T01:27:34+01:00,[60],[-117.332253]
2025-11-18T01:27:33+01:00,[60],[-117.332245]
2025-11-18T01:27:32+01:00,[60],[-117.332253]
2025-11-18T01:27:31+01:00,[60],[-117.332245]
2025-11-18T01:27:30+01:00,[60],[-117.332245]
2025-11-18T01:27:29+01:00,[60],[-117.332245]
2025-11-18T01:27:28+01:00,[60],[-117.33223]
2025-11-18T01:27:27+01:00,[60],[-117.33223]
2025-11-18T01:27:26+01:00,[60],[-117.332222]
2025-11-18T01:27:25+01:00,[60],[-117.33223]
2025-11-18T01:27:24+01:00,[60],[-117.332214]
2025-11-18T01:27:23+01:00,[60],[-117.332191]
2025-11-18T01:27:22+01:00,[60],[-117.332169]
2025-11-18T01:27:21+01:00,[60],[-117.332161]
2025-11-18T01:27:20+01:00,[60],[-117.332161]
2025-11-18T01:27:19+01:00,[60],[-117.332176]
2025-11-18T01:27:18+01:00,[60],[-117.332176]
2025-11-18T01:27:17+01:00,[60],[-117.332184]
2025-11-18T01:27:16+01:00,[60],[-117.332191]
2025-11-18T01:27:15+01:00,[60],[-117.332184]
2025-11-18T01:27:14+01:00,[60],[-117.332184]
2025-11-18T01:27:13+01:00,[60],[-117.332176]
2025-11-18T01:27:12+01:00,[60],[-117.332169]
2025-11-18T01:27:11+01:00,[60],[-117.332161]
2025-11-18T01:27:10+01:00,[60],[-117.332161]
2025-11-18T01:27:09+01:00,[60],[-117.332146]
2025-11-18T01:27:08+01:00,[60],[-117.332138]
2025-11-18T01:27:07+01:00,[60],[-117.33213]
2025-11-18T01:27:06+01:00,[60],[-117.332108]
2025-11-18T01:27:05+01:00,[60],[-117.332108]
2025-11-18T01:27:04+01:00,[60],[-117.332085]
2025-11-18T01:27:03+01:00,[60],[-117.332085]
2025-11-18T01:27:02+01:00,[60],[-117.332077]
2025-11-18T01:27:01+01:00,[60],[-117.332069]
2025-11-18T01:27:00+01:00,[60],[-117.332069]
2025-11-18T01:26:59+01:00,[60],[-117.332069]
2025-11-18T01:26:58+01:00,[60],[-117.332069]
2025-11-18T01:26:57+01:00,[60],[-117.332077]
2025-11-18T01:26:56+01:00,[60],[-117.332092]
2025-11-18T01:26:55+01:00,[60],[-117.3321]
2025-11-18T01:26:54+01:00,[60],[-117.332108]
2025-11-18T01:26:53+01:00,[60],[-117.332123]
2025-11-18T01:26:52+01:00,[60],[-117.332115]
2025-11-18T01:26:51+01:00,[60],[-117.33213]
2025-11-18T01:26:50+01:00,[60],[-117.332138]
2025-11-18T01:26:49+01:00,[60],[-117.332138]
2025-11-18T01:26:48+01:00,[60],[-117.33213]
2025-11-18T01:26:47+01:00,[60],[-117.33213]
2025-11-18T01:26:46+01:00,[60],[-117.332108]
2025-11-18T01:26:45+01:00,[60],[-117.332108]
2025-11-18T01:26:44+01:00,[60],[-117.332092]
2025-11-18T01:26:43+01:00,[60],[-117.332085]
2025-11-18T01:26:42+01:00,[60],[-117.332062]
2025-11-18T01:26:41+01:00,[60],[-117.332062]
2025-11-18T01:26:40+01:00,[60],[-117.332062]
2025-11-18T01:26:39+01:00,[60],[-117.332062]
2025-11-18T01:26:38+01:00,[60],[-117.332069]
2025-11-18T01:26:37+01:00,[60],[-117.332092]
2025-11-18T01:26:36+01:00,[60],[-117.332092]
2025-11-18T01:26:35+01:00,[60],[-117.332092]
2025-11-18T01:26:34+01:00,[60],[-117.3321]
2025-11-18T01:26:33+01:00,[60],[-117.3321]
2025-11-18T01:26:32+01:00,[60],[-117.332108]
2025-11-18T01:26:31+01:00,[60],[-117.332108]
2025-11-18T01:26:30+01:00,[60],[-117.332115]
2025-11-18T01:26:29+01:00,[60],[-117.332115]
2025-11-18T01:26:28+01:00,[60],[-117.332115]
2025-11-18T01:26:27+01:00,[60],[-117.332115]
2025-11-18T01:26:26+01:00,[60],[-117.332123]
2025-11-18T01:26:25+01:00,[60],[-117.332115]
2025-11-18T01:26:24+01:00,[60],[-117.332115]
2025-11-18T01:26:23+01:00,[60],[-117.332115]
2025-11-18T01:26:22+01:00,[60],[-117.332115]
2025-11-18T01:26:21+01:00,[60],[-117.332115]
2025-11-18T01:26:20+01:00,[60],[-117.332115]
2025-11-18T01:26:19+01:00,[60],[-117.332115]
2025-11-18T01:26:18+01:00,[60],[-117.332115]
2025-11-18T01:26:17+01:00,[60],[-117.332115]
2025-11-18T01:26:16+01:00,[60],[-117.332115]
2025-11-18T01:26:15+01:00,[60],[-117.332108]
2025-11-18T01:26:14+01:00,[60],[-117.332108]
2025-11-18T01:26:13+01:00,[60],[-117.332108]
2025-11-18T01:26:12+01:00,[60],[-117.332108]
2025-11-18T01:26:11+01:00,[60],[-117.332108]
2025-11-18T01:26:10+01:00,[60],[-117.3321]
2025-11-18T01:26:09+01:00,[60],[-117.3321]
2025-11-18T01:26:08+01:00,[60],[-117.3321]
2025-11-18T01:26:07+01:00,[60],[-117.3321]
2025-11-18T01:26:06+01:00,[60],[-117.3321]
2025-11-18T01:26:05+01:00,[60],[-117.332108]
2025-11-18T01:26:04+01:00,[60],[-117.332108]
2025-11-18T01:26:03+01:00,[60],[-117.332108]
2025-11-18T01:26:02+01:00,[60],[-117.332108]
2025-11-18T01:26:01+01:00,[60],[-117.332108]
2025-11-18T01:26:00+01:00,[60],[-117.332108]
2025-11-18T01:25:59+01:00,[60],[-117.332108]
2025-11-18T01:25:58+01:00,[60],[-117.332108]
2025-11-18T01:25:57+01:00,[60],[-117.332092]
2025-11-18T01:25:56+01:00,[60],[-117.332085]
2025-11-18T01:25:55+01:00,[60],[-117.332077]
2025-11-18T01:25:54+01:00,[60],[-117.332077]
2025-11-18T01:25:53+01:00,[60],[-117.332085]
2025-11-18T01:25:52+01:00,[60],[-117.332085]
2025-11-18T01:25:51+01:00,[60],[-117.332077]
2025-11-18T01:25:50+01:00,[60],[-117.332062]
2025-11-18T01:25:49+01:00,[60],[-117.332062]
2025-11-18T01:25:48+01:00,[60],[-117.332062]
2025-11-18T01:25:47+01:00,[60],[-117.332062]
2025-11-18T01:25:46+01:00,[60],[-117.332069]
2025-11-18T01:25:45+01:00,[60],[-117.332069]
2025-11-18T01:25:44+01:00,[60],[-117.332069]
2025-11-18T01:25:43+01:00,[60],[-117.332077]
2025-11-18T01:25:42+01:00,[60],[-117.332077]
2025-11-18T01:25:41+01:00,[60],[-117.332077]
2025-11-18T01:25:40+01:00,[60],[-117.332077]
2025-11-18T01:25:39+01:00,[60],[-117.332077]
2025-11-18T01:25:38+01:00,[60],[-117.332077]
2025-11-18T01:25:37+01:00,[60],[-117.332077]
2025-11-18T01:25:36+01:00,[60],[-117.332077]
2025-11-18T01:25:35+01:00,[60],[-117.332077]
2025-11-18T01:25:34+01:00,[60],[-117.332069]
2025-11-18T01:25:33+01:00,[60],[-117.332069]
2025-11-18T01:25:32+01:00,[60],[-117.332069]
2025-11-18T01:25:31+01:00,[60],[-117.332069]
2025-11-18T01:25:30+01:00,[60],[-117.332062]
2025-11-18T01:25:29+01:00,[60],[-117.332062]
2025-11-18T01:25:28+01:00,[60],[-117.332062]
2025-11-18T01:25:27+01:00,[60],[-117.332062]
2025-11-18T01:25:26+01:00,[60],[-117.332062]
2025-11-18T01:25:25+01:00,[60],[-117.332062]
2025-11-18T01:25:24+01:00,[60],[-117.332062]
2025-11-18T01:25:23+01:00,[60],[-117.332069]
2025-11-18T01:25:22+01:00,[60],[-117.332062]
2025-11-18T01:25:21+01:00,[60],[-117.332062]
2025-11-18T01:25:20+01:00,[60],[-117.332062]
2025-11-18T01:25:19+01:00,[60],[-117.332062]
2025-11-18T01:25:18+01:00,[60],[-117.332062]
2025-11-18T01:25:17+01:00,[60],[-117.332054]
2025-11-18T01:25:16+01:00,[60],[-117.332062]
2025-11-18T01:25:15+01:00,[60],[-117.332062]
2025-11-18T01:25:14+01:00,[60],[-117.332062]
2025-11-18T01:25:13+01:00,[60],[-117.332069]
2025-11-18T01:25:12+01:00,[60],[-117.332069]
2025-11-18T01:25:11+01:00,[60],[-117.332077]
2025-11-18T01:25:10+01:00,[60],[-117.332077]
2025-11-18T01:25:09+01:00,[60],[-117.332069]
2025-11-18T01:25:08+01:00,[60],[-117.332069]
2025-11-18T01:25:07+01:00,[60],[-117.332069]
2025-11-18T01:25:06+01:00,[60],[-117.332069]
2025-11-18T01:25:05+01:00,[60],[-117.332069]
2025-11-18T01:25:04+01:00,[60],[-117.332077]
2025-11-18T01:25:03+01:00,[60],[-117.332077]
2025-11-18T01:25:02+01:00,[60],[-117.332077]
2025-11-18T01:25:01+01:00,[60],[-117.332077]
2025-11-18T01:25:00+01:00,[60],[-117.332085]
2025-11-18T01:24:59+01:00,[60],[-117.332085]
2025-11-18T01:24:58+01:00,[60],[-117.332077]
2025-11-18T01:24:57+01:00,[60],[-117.332077]
2025-11-18T01:24:56+01:00,[60],[-117.332069]
2025-11-18T01:24:55+01:00,[60],[-117.332069]
2025-11-18T01:24:54+01:00,[60],[-117.332069]
2025-11-18T01:24:53+01:00,[60],[-117.332062]
2025-11-18T01:24:52+01:00,[60],[-117.332069]
2025-11-18T01:24:51+01:00,[60],[-117.332069]
2025-11-18T01:24:50+01:00,[60],[-117.332069]
2025-11-18T01:24:49+01:00,[60],[-117.332062]
2025-11-18T01:24:48+01:00,[60],[-117.332062]
2025-11-18T01:24:47+01:00,[60],[-117.332062]
2025-11-18T01:24:46+01:00,[60],[-117.332069]
2025-11-18T01:24:45+01:00,[60],[-117.332069]
2025-11-18T01:24:44+01:00,[60],[-117.332069]
2025-11-18T01:24:43+01:00,[60],[-117.332069]
2025-11-18T01:24:42+01:00,[60],[-117.332069]
2025-11-18T01:24:41+01:00,[60],[-117.332077]
2025-11-18T01:24:40+01:00,[60],[-117.332077]
2025-11-18T01:24:39+01:00,[60],[-117.332077]
2025-11-18T01:24:38+01:00,[60],[-117.332069]
2025-11-18T01:24:37+01:00,[60],[-117.332069]
2025-11-18T01:24:36+01:00,[60],[-117.332069]
2025-11-18T01:24:35+01:00,[60],[-117.332069]
2025-11-18T01:24:34+01:00,[60],[-117.332069]
2025-11-18T01:24:33+01:00,[60],[-117.332069]
2025-11-18T01:24:32+01:00,[60],[-117.332069]
2025-11-18T01:24:31+01:00,[60],[-117.332069]
2025-11-18T01:24:30+01:00,[60],[-117.332062]
2025-11-18T01:24:29+01:00,[60],[-117.332062]
2025-11-18T01:24:28+01:00,[60],[-117.332062]
2025-11-18T01:24:27+01:00,[60],[-117.332062]
2025-11-18T01:24:26+01:00,[60],[-117.332062]
2025-11-18T01:24:25+01:00,[60],[-117.332062]
2025-11-18T01:24:24+01:00,[60],[-117.332062]
2025-11-18T01:24:23+01:00,[60],[-117.332062]
2025-11-18T01:24:22+01:00,[60],[-117.332062]
2025-11-18T01:24:21+01:00,[60],[-117.332062]
2025-11-18T01:24:20+01:00,[60],[-117.332069]
2025-11-18T01:24:19+01:00,[60],[-117.332069]
2025-11-18T01:24:18+01:00,[60],[-117.332069]
2025-11-18T01:24:17+01:00,[60],[-117.332069]
2025-11-18T01:24:16+01:00,[60],[-117.332069]
2025-11-18T01:24:15+01:00,[60],[-117.332077]
2025-11-18T01:24:14+01:00,[60],[-117.332077]
2025-11-18T01:24:13+01:00,[60],[-117.332077]
2025-11-18T01:24:12+01:00,[60],[-117.332077]
2025-11-18T01:24:11+01:00,[60],[-117.332069]
2025-11-18T01:24:10+01:00,[60],[-117.332069]
2025-11-18T01:24:09+01:00,[60],[-117.332069]
2025-11-18T01:24:08+01:00,[60],[-117.332062]
2025-11-18T01:24:07+01:00,[60],[-117.332069]
2025-11-18T01:24:06+01:00,[60],[-117.332069]
2025-11-18T01:24:05+01:00,[60],[-117.332069]
2025-11-18T01:24:04+01:00,[60],[-117.332062]
2025-11-18T01:24:03+01:00,[60],[-117.332069]
2025-11-18T01:24:02+01:00,[60],[-117.332069]
2025-11-18T01:24:01+01:00,[60],[-117.332069]
2025-11-18T01:24:00+01:00,[60],[-117.332069]
2025-11-18T01:23:59+01:00,[60],[-117.332069]
2025-11-18T01:23:58+01:00,[60],[-117.332077]
2025-11-18T01:23:57+01:00,[60],[-117.332069]
2025-11-18T01:23:56+01:00,[60],[-117.332069]
2025-11-18T01:23:55+01:00,[60],[-117.332077]
2025-11-18T01:23:54+01:00,[60],[-117.332077]
2025-11-18T01:23:53+01:00,[60],[-117.332077]
2025-11-18T01:23:52+01:00,[60],[-117.332069]
2025-11-18T01:23:51+01:00,[60],[-117.332069]
2025-11-18T01:23:50+01:00,[60],[-117.332069]
2025-11-18T01:23:49+01:00,[60],[-117.332077]
2025-11-18T01:23:48+01:00,[60],[-117.332069]
2025-11-18T01:23:47+01:00,[60],[-117.332069]
2025-11-18T01:23:46+01:00,[60],[-117.332077]
2025-11-18T01:23:45+01:00,[60],[-117.332077]
2025-11-18T01:23:44+01:00,[60],[-117.332069]
2025-11-18T01:23:43+01:00,[60],[-117.332069]
2025-11-18T01:23:42+01:00,[60],[-117.332069]
2025-11-18T01:23:41+01:00,[60],[-117.332077]
2025-11-18T01:23:40+01:00,[60],[-117.332077]
2025-11-18T01:23:39+01:00,[60],[-117.332077]
2025-11-18T01:23:38+01:00,[60],[-117.332077]
2025-11-18T01:23:37+01:00,[60],[-117.332085]
2025-11-18T01:23:36+01:00,[60],[-117.332085]
2025-11-18T01:23:35+01:00,[60],[-117.332092]
2025-11-18T01:23:34+01:00,[60],[-117.332092]
2025-11-18T01:23:33+01:00,[60],[-117.332085]
2025-11-18T01:23:32+01:00,[60],[-117.332077]
2025-11-18T01:23:31+01:00,[60],[-117.332077]
2025-11-18T01:23:30+01:00,[60],[-117.332077]
2025-11-18T01:23:29+01:00,[60],[-117.332085]
2025-11-18T01:23:28+01:00,[60],[-117.332085]
2025-11-18T01:23:27+01:00,[60],[-117.332077]
2025-11-18T01:23:26+01:00,[60],[-117.332077]
2025-11-18T01:23:25+01:00,[60],[-117.332077]
2025-11-18T01:23:24+01:00,[60],[-117.332077]
2025-11-18T01:23:23+01:00,[60],[-117.332085]
2025-11-18T01:23:22+01:00,[60],[-117.332085]
2025-11-18T01:23:21+01:00,[60],[-117.332085]
2025-11-18T01:23:20+01:00,[60],[-117.332085]
2025-11-18T01:23:19+01:00,[60],[-117.332077]
2025-11-18T01:23:18+01:00,[60],[-117.332085]
2025-11-18T01:23:17+01:00,[60],[-117.332085]
2025-11-18T01:23:16+01:00,[60],[-117.332092]
2025-11-18T01:23:15+01:00,[60],[-117.332092]
2025-11-18T01:23:14+01:00,[60],[-117.332085]
2025-11-18T01:23:13+01:00,[60],[-117.332085]
2025-11-18T01:23:12+01:00,[60],[-117.332085]
2025-11-18T01:23:11+01:00,[60],[-117.332085]
2025-11-18T01:23:10+01:00,[60],[-117.332085]
2025-11-18T01:23:09+01:00,[60],[-117.332077]
2025-11-18T01:23:08+01:00,[60],[-117.332077]
2025-11-18T01:23:07+01:00,[60],[-117.332077]
2025-11-18T01:23:06+01:00,[60],[-117.332077]
2025-11-18T01:23:05+01:00,[60],[-117.332085]
2025-11-18T01:23:04+01:00,[60],[-117.332085]
2025-11-18T01:23:03+01:00,[60],[-117.332085]
2025-11-18T01:23:02+01:00,[60],[-117.332077]
2025-11-18T01:23:01+01:00,[60],[-117.332077]
2025-11-18T01:23:00+01:00,[60],[-117.332069]
2025-11-18T01:22:59+01:00,[60],[-117.332069]
2025-11-18T01:22:58+01:00,[60],[-117.332069]
2025-11-18T01:22:57+01:00,[60],[-117.332069]
2025-11-18T01:22:56+01:00,[60],[-117.332069]
2025-11-18T01:22:55+01:00,[60],[-117.332069]
2025-11-18T01:22:54+01:00,[60],[-117.332077]
2025-11-18T01:22:53+01:00,[60],[-117.332085]
2025-11-18T01:22:52+01:00,[60],[-117.332085]
2025-11-18T01:22:51+01:00,[60],[-117.332085]
2025-11-18T01:22:50+01:00,[60],[-117.332077]
2025-11-18T01:22:49+01:00,[60],[-117.332077]
2025-11-18T01:22:48+01:00,[60],[-117.332077]
2025-11-18T01:22:47+01:00,[60],[-117.332077]
2025-11-18T01:22:46+01:00,[60],[-117.332069]
2025-11-18T01:22:45+01:00,[60],[-117.332069]
2025-11-18T01:22:44+01:00,[60],[-117.332069]
2025-11-18T01:22:43+01:00,[60],[-117.332062]
2025-11-18T01:22:42+01:00,[60],[-117.332069]
2025-11-18T01:22:41+01:00,[60],[-117.332062]
2025-11-18T01:22:40+01:00,[60],[-117.332062]
2025-11-18T01:22:39+01:00,[60],[-117.332062]
2025-11-18T01:22:38+01:00,[60],[-117.332062]
2025-11-18T01:22:37+01:00,[60],[-117.332062]
2025-11-18T01:22:36+01:00,[60],[-117.332062]
2025-11-18T01:22:35+01:00,[60],[-117.332069]
2025-11-18T01:22:34+01:00,[60],[-117.332069]
2025-11-18T01:22:33+01:00,[60],[-117.332069]
2025-11-18T01:22:32+01:00,[60],[-117.332069]
2025-11-18T01:22:31+01:00,[60],[-117.332069]
2025-11-18T01:22:30+01:00,[60],[-117.332077]
2025-11-18T01:22:29+01:00,[60],[-117.332077]
2025-11-18T01:22:28+01:00,[60],[-117.332077]
2025-11-18T01:22:27+01:00,[60],[-117.332077]
2025-11-18T01:22:26+01:00,[60],[-117.332077]
2025-11-18T01:22:25+01:00,[60],[-117.332077]
2025-11-18T01:22:24+01:00,[60],[-117.332077]
2025-11-18T01:22:23+01:00,[60],[-117.332077]
2025-11-18T01:22:22+01:00,[60],[-117.332077]
2025-11-18T01:22:21+01:00,[60],[-117.332077]
2025-11-18T01:22:20+01:00,[60],[-117.332077]
2025-11-18T01:22:19+01:00,[60],[-117.332077]
2025-11-18T01:22:18+01:00,[60],[-117.332077]
2025-11-18T01:22:17+01:00,[60],[-117.332077]
2025-11-18T01:22:16+01:00,[60],[-117.332077]
2025-11-18T01:22:15+01:00,[60],[-117.332077]
2025-11-18T01:22:14+01:00,[60],[-117.332077]
2025-11-18T01:22:13+01:00,[60],[-117.332077]
2025-11-18T01:22:12+01:00,[60],[-117.332077]
2025-11-18T01:22:11+01:00,[60],[-117.332077]
2025-11-18T01:22:10+01:00,[60],[-117.332077]
2025-11-18T01:22:09+01:00,[60],[-117.332077]
2025-11-18T01:22:08+01:00,[60],[-117.332077]
2025-11-18T01:22:07+01:00,[60],[-117.332077]
2025-11-18T01:22:06+01:00,[60],[-117.332077]
2025-11-18T01:22:05+01:00,[60],[-117.332077]
2025-11-18T01:22:04+01:00,[60],[-117.332077]
2025-11-18T01:22:03+01:00,[60],[-117.332077]
2025-11-18T01:22:02+01:00,[60],[-117.332077]
2025-11-18T01:22:01+01:00,[60],[-117.332077]
2025-11-18T01:22:00+01:00,[60],[-117.332077]
2025-11-18T01:21:59+01:00,[60],[-117.332077]
2025-11-18T01:21:58+01:00,[60],[-117.332077]
2025-11-18T01:21:57+01:00,[60],[-117.332077]
2025-11-18T01:21:56+01:00,[60],[-117.332077]
2025-11-18T01:21:54+01:00,[60],[-117.332092]
2025-11-18T01:21:51+01:00,[60],[-117.332092]
2025-11-18T01:21:41+01:00,[60],[-117.332092]
2025-11-18T01:21:40+01:00,[60],[-117.332092]
2025-11-18T01:21:39+01:00,[60],[-117.332092]
2025-11-18T01:21:38+01:00,[60],[-117.332092]
2025-11-18T01:21:37+01:00,[60],[-117.332092]
2025-11-18T01:21:36+01:00,[60],[-117.332092]
2025-11-18T01:21:35+01:00,[60],[-117.332092]
2025-11-18T01:21:34+01:00,[60],[-117.332092]
2025-11-18T01:21:33+01:00,[60],[-117.332092]
2025-11-18T01:21:32+01:00,[60],[-117.332092]
2025-11-18T01:21:31+01:00,[60],[-117.332092]
2025-11-18T01:21:30+01:00,[60],[-117.332092]
2025-11-18T01:21:29+01:00,[60],[-117.332092]
2025-11-18T01:21:28+01:00,[60],[-117.332092]
2025-11-18T01:21:27+01:00,[60],[-117.332092]
2025-11-18T01:21:26+01:00,[60],[-117.332092]
2025-11-18T01:21:25+01:00,[60],[-117.332092]
2025-11-18T01:21:24+01:00,[60],[-117.332092]
2025-11-18T01:21:23+01:00,[60],[-117.332092]
2025-11-18T01:21:22+01:00,[60],[-117.332092]
2025-11-18T01:21:21+01:00,[60],[-117.332092]
2025-11-18T01:21:20+01:00,[60],[-117.332092]
2025-11-18T01:21:19+01:00,[60],[-117.332092]
2025-11-18T01:21:18+01:00,[60],[-117.332092]
2025-11-18T01:21:17+01:00,[60],[-117.332092]
2025-11-18T01:21:16+01:00,[60],[-117.332092]
2025-11-18T01:21:15+01:00,[60],[-117.332092]
2025-11-18T01:21:14+01:00,[60],[-117.332092]
2025-11-18T01:21:13+01:00,[60],[-117.332092]
2025-11-18T01:21:12+01:00,[60],[-117.332092]
2025-11-18T01:21:11+01:00,[60],[-117.332092]
2025-11-18T01:21:10+01:00,[60],[-117.332092]
2025-11-18T01:21:09+01:00,[60],[-117.332092]
2025-11-18T01:21:08+01:00,[60],[-117.332092]
2025-11-18T01:21:07+01:00,[60],[-117.332092]
2025-11-18T01:21:06+01:00,[60],[-117.332092]
2025-11-18T01:21:05+01:00,[60],[-117.332092]
2025-11-18T01:21:04+01:00,[60],[-117.332092]
2025-11-18T01:21:03+01:00,[60],[-117.332092]
2025-11-18T01:21:02+01:00,[60],[-117.332092]
2025-11-18T01:21:01+01:00,[60],[-117.332092]
2025-11-18T01:21:00+01:00,[60],[-117.332092]
2025-11-18T01:20:59+01:00,[60],[-117.332092]
2025-11-18T01:20:58+01:00,[60],[-117.332092]
2025-11-18T01:20:57+01:00,[60],[-117.332092]
2025-11-18T01:20:56+01:00,[60],[-117.332092]
2025-11-18T01:20:55+01:00,[60],[-117.332092]
2025-11-18T01:20:54+01:00,[60],[-117.332092]
2025-11-18T01:20:53+01:00,[60],[-117.332092]
2025-11-18T01:20:52+01:00,[60],[-117.332092]
2025-11-18T01:20:51+01:00,[60],[-117.332092]
2025-11-18T01:20:50+01:00,[60],[-117.332092]
2025-11-18T01:20:49+01:00,[60],[-117.332092]
2025-11-18T01:20:48+01:00,[60],[-117.332092]
2025-11-18T01:20:47+01:00,[60],[-117.332092]
2025-11-18T01:20:46+01:00,[60],[-117.332092]
2025-11-18T01:20:45+01:00,[60],[-117.332092]
2025-11-18T01:20:44+01:00,[60],[-117.332092]
2025-11-18T01:20:43+01:00,[60],[-117.332092]
2025-11-18T01:20:42+01:00,[60],[-117.332092]
2025-11-18T01:20:41+01:00,[60],[-117.332092]
2025-11-18T01:20:40+01:00,[60],[-117.332092]
2025-11-18T01:20:39+01:00,[60],[-117.332092]
2025-11-18T01:20:38+01:00,[60],[-117.332092]
2025-11-18T01:20:37+01:00,[60],[-117.332092]
2025-11-18T01:20:36+01:00,[60],[-117.332092]
2025-11-18T01:20:35+01:00,[60],[-117.332092]
2025-11-18T01:20:34+01:00,[60],[-117.332092]
2025-11-18T01:20:33+01:00,[60],[-117.332092]
2025-11-18T01:20:32+01:00,[60],[-117.332092]
2025-11-18T01:20:31+01:00,[60],[-117.332092]
2025-11-18T01:20:30+01:00,[60],[-117.332092]
2025-11-18T01:20:29+01:00,[60],[-117.332092]
2025-11-18T01:20:28+01:00,[60],[-117.332092]
2025-11-18T01:20:27+01:00,[60],[-117.332092]
2025-11-18T01:20:26+01:00,[60],[-117.332092]
2025-11-18T01:20:25+01:00,[60],[-117.332092]
2025-11-18T01:20:24+01:00,[60],[-117.332092]
2025-11-18T01:20:23+01:00,[60],[-117.332092]
2025-11-18T01:20:22+01:00,[60],[-117.332092]
2025-11-18T01:20:21+01:00,[60],[-117.332092]
2025-11-18T01:20:20+01:00,[60],[-117.332092]
2025-11-18T01:20:19+01:00,[60],[-117.332092]
2025-11-18T01:20:18+01:00,[60],[-117.332092]
2025-11-18T01:20:17+01:00,[60],[-117.332092]
2025-11-18T01:20:16+01:00,[60],[-117.332092]
2025-11-18T01:20:15+01:00,[60],[-117.332092]
2025-11-18T01:20:14+01:00,[60],[-117.332092]
2025-11-18T01:20:13+01:00,[60],[-117.332092]
2025-11-18T01:20:12+01:00,[60],[-117.332092]
2025-11-18T01:20:11+01:00,[60],[-117.332092]
2025-11-18T01:20:10+01:00,[60],[-117.332092]
2025-11-18T01:20:09+01:00,[60],[-117.332092]
2025-11-18T01:20:07+01:00,[60],[-117.332092]
2025-11-18T01:20:06+01:00,[60],[-117.332092]
2025-11-18T01:20:05+01:00,[60],[-117.332092]
2025-11-18T01:20:04+01:00,[60],[-117.332092]
2025-11-18T01:20:03+01:00,[60],[-117.332092]
2025-11-18T01:20:02+01:00,[60],[-117.332092]
2025-11-18T01:20:01+01:00,[60],[-117.332092]
2025-11-18T01:20:00+01:00,[60],[-117.332092]
2025-11-18T01:19:59+01:00,[60],[-117.332092]
2025-11-18T01:19:58+01:00,[60],[-117.332092]
2025-11-18T01:19:57+01:00,[60],[-117.332092]
2025-11-18T01:19:56+01:00,[60],[-117.332092]
2025-11-18T01:19:55+01:00,[60],[-117.332092]
2025-11-18T01:19:54+01:00,[60],[-117.332092]
2025-11-18T01:19:53+01:00,[60],[-117.332092]
2025-11-18T01:19:52+01:00,[60],[-117.332092]
2025-11-18T01:19:51+01:00,[60],[-117.332092]
2025-11-18T01:19:50+01:00,[60],[-117.332092]
2025-11-18T01:19:49+01:00,[60],[-117.332092]
2025-11-18T01:19:48+01:00,[60],[-117.332092]
2025-11-18T01:19:47+01:00,[60],[-117.332092]
2025-11-18T01:19:46+01:00,[60],[-117.332092]
2025-11-18T01:19:45+01:00,[60],[-117.332092]
2025-11-18T01:19:44+01:00,[60],[-117.332092]
2025-11-18T01:19:43+01:00,[60],[-117.332092]
2025-11-18T01:19:42+01:00,[60],[-117.332092]
2025-11-18T01:19:41+01:00,[60],[-117.332092]
2025-11-18T01:19:40+01:00,[60],[-117.332092]
2025-11-18T01:19:39+01:00,[60],[-117.332092]
2025-11-18T01:19:38+01:00,[60],[-117.332092]
2025-11-18T01:19:37+01:00,[60],[-117.332092]
2025-11-18T01:19:36+01:00,[60],[-117.332092]
2025-11-18T01:19:35+01:00,[60],[-117.332092]
2025-11-18T01:19:34+01:00,[60],[-117.332092]
2025-11-18T01:19:33+01:00,[60],[-117.332092]
2025-11-18T01:19:32+01:00,[60],[-117.332092]
2025-11-18T01:19:31+01:00,[60],[-117.332092]
2025-11-18T01:19:30+01:00,[60],[-117.332092]
2025-11-18T01:19:29+01:00,[60],[-117.332092]
2025-11-18T01:19:28+01:00,[60],[-117.332092]
2025-11-18T01:19:27+01:00,[60],[-117.332092]
2025-11-18T01:19:26+01:00,[60],[-117.332092]
2025-11-18T01:19:25+01:00,[60],[-117.332092]
2025-11-18T01:19:24+01:00,[60],[-117.332092]
2025-11-18T01:19:23+01:00,[60],[-117.332092]
2025-11-18T01:19:22+01:00,[60],[-117.332092]
2025-11-18T01:19:21+01:00,[60],[-117.332092]
2025-11-18T01:19:20+01:00,[60],[-117.332092]
2025-11-18T01:19:19+01:00,[60],[-117.332092]
2025-11-18T01:19:18+01:00,[60],[-117.332092]
2025-11-18T01:19:17+01:00,[60],[-117.332092]
2025-11-18T01:19:16+01:00,[60],[-117.332092]
2025-11-18T01:19:15+01:00,[60],[-117.332092]
2025-11-18T01:19:14+01:00,[60],[-117.332092]
2025-11-18T01:19:13+01:00,[60],[-117.332092]
2025-11-18T01:19:12+01:00,[60],[-117.332092]
2025-11-18T01:19:11+01:00,[60],[-117.332092]
2025-11-18T01:19:10+01:00,[60],[-117.332092]
2025-11-18T01:19:09+01:00,[60],[-117.332092]
2025-11-18T01:19:08+01:00,[60],[-117.332092]
2025-11-18T01:19:07+01:00,[60],[-117.332092]
2025-11-18T01:19:06+01:00,[60],[-117.332092]
2025-11-18T01:19:05+01:00,[60],[-117.332092]
2025-11-18T01:19:04+01:00,[60],[-117.332092]
2025-11-18T01:19:03+01:00,[60],[-117.332092]
2025-11-18T01:19:02+01:00,[60],[-117.332092]
2025-11-18T01:19:01+01:00,[60],[-117.332092]
2025-11-18T01:19:00+01:00,[60],[-117.332092]
2025-11-18T01:18:59+01:00,[60],[-117.332092]
2025-11-18T01:18:58+01:00,[60],[-117.332092]
2025-11-18T01:18:57+01:00,[60],[-117.332092]
2025-11-18T01:18:56+01:00,[60],[-117.332092]
2025-11-18T01:18:55+01:00,[60],[-117.332092]
2025-11-18T01:18:54+01:00,[60],[-117.332092]
2025-11-18T01:18:53+01:00,[60],[-117.332092]
2025-11-18T01:18:52+01:00,[60],[-117.332092]
2025-11-18T01:18:51+01:00,[60],[-117.332092]
2025-11-18T01:18:50+01:00,[60],[-117.332092]
2025-11-18T01:18:49+01:00,[60],[-117.332092]
2025-11-18T01:18:48+01:00,[60],[-117.332092]
2025-11-18T01:18:47+01:00,[60],[-117.332092]
2025-11-18T01:18:46+01:00,[60],[-117.332092]
2025-11-18T01:18:45+01:00,[60],[-117.332092]
2025-11-18T01:18:44+01:00,[60],[-117.332092]
2025-11-18T01:18:43+01:00,[60],[-117.332092]
2025-11-18T01:18:42+01:00,[60],[-117.332092]
2025-11-18T01:18:41+01:00,[60],[-117.332092]
2025-11-18T01:18:40+01:00,[60],[-117.332092]
2025-11-18T01:18:39+01:00,[60],[-117.332092]
2025-11-18T01:18:38+01:00,[60],[-117.332092]
2025-11-18T01:18:37+01:00,[60],[-117.332092]
2025-11-18T01:18:36+01:00,[60],[-117.332092]
2025-11-18T01:18:35+01:00,[60],[-117.332092]
2025-11-18T01:18:34+01:00,[60],[-117.332092]
2025-11-18T01:18:33+01:00,[60],[-117.332092]
2025-11-18T01:18:32+01:00,[60],[-117.332092]
2025-11-18T01:18:31+01:00,[60],[-117.332092]
2025-11-18T01:18:30+01:00,[60],[-117.332092]
2025-11-18T01:18:29+01:00,[60],[-117.332092]
2025-11-18T01:18:28+01:00,[60],[-117.332092]
2025-11-18T01:18:27+01:00,[60],[-117.332092]
2025-11-18T01:18:26+01:00,[60],[-117.332092]
2025-11-18T01:18:25+01:00,[60],[-117.332092]
2025-11-18T01:18:24+01:00,[60],[-117.332092]
2025-11-18T01:18:23+01:00,[60],[-117.332092]
2025-11-18T01:18:22+01:00,[60],[-117.332092]
2025-11-18T01:18:21+01:00,[60],[-117.332092]
2025-11-18T01:18:20+01:00,[60],[-117.332092]
2025-11-18T01:18:19+01:00,[60],[-117.332092]
2025-11-18T01:18:18+01:00,[60],[-117.332092]
2025-11-18T01:18:17+01:00,[60],[-117.332092]
2025-11-18T01:18:16+01:00,[60],[-117.332092]
2025-11-18T01:18:15+01:00,[60],[-117.332092]
2025-11-18T01:18:14+01:00,[60],[-117.332092]
2025-11-18T01:18:13+01:00,[60],[-117.332092]
2025-11-18T01:18:12+01:00,[60],[-117.332092]
2025-11-18T01:18:11+01:00,[60],[-117.332092]
2025-11-18T01:18:10+01:00,[60],[-117.332092]
2025-11-18T01:18:09+01:00,[60],[-117.332092]
2025-11-18T01:18:08+01:00,[60],[-117.332092]
2025-11-18T01:18:07+01:00,[60],[-117.332092]
2025-11-18T01:18:06+01:00,[60],[-117.332092]
2025-11-18T01:18:05+01:00,[60],[-117.332092]
2025-11-18T01:18:04+01:00,[60],[-117.332092]
2025-11-18T01:18:03+01:00,[60],[-117.332092]
2025-11-18T01:18:01+01:00,[60],[-117.332092]
2025-11-18T01:18:00+01:00,[60],[-117.332092]
2025-11-18T01:17:59+01:00,[60],[-117.332092]
2025-11-18T01:17:58+01:00,[60],[-117.332092]
2025-11-18T01:17:57+01:00,[60],[-117.332092]
2025-11-18T01:17:56+01:00,[60],[-117.332092]
2025-11-18T01:17:55+01:00,[60],[-117.332092]
2025-11-18T01:17:54+01:00,[60],[-117.332092]
2025-11-18T01:17:53+01:00,[60],[-117.332092]
2025-11-18T01:17:52+01:00,[60],[-117.332092]
2025-11-18T01:17:51+01:00,[60],[-117.332092]
2025-11-18T01:17:50+01:00,[60],[-117.332092]
2025-11-18T01:17:49+01:00,[60],[-117.332092]
2025-11-18T01:17:48+01:00,[60],[-117.332092]
2025-11-18T01:17:47+01:00,[60],[-117.332092]
2025-11-18T01:17:46+01:00,[60],[-117.332092]
2025-11-18T01:17:45+01:00,[60],[-117.332092]
2025-11-18T01:17:44+01:00,[60],[-117.332092]
2025-11-18T01:17:43+01:00,[60],[-117.332092]
2025-11-18T01:17:42+01:00,[60],[-117.332092]
2025-11-18T01:17:41+01:00,[60],[-117.332092]
2025-11-18T01:17:40+01:00,[60],[-117.332092]
2025-11-18T01:17:39+01:00,[60],[-117.332092]
2025-11-18T01:17:38+01:00,[60],[-117.332092]
2025-11-18T01:17:37+01:00,[60],[-117.332092]
2025-11-18T01:17:36+01:00,[60],[-117.332092]
2025-11-18T01:17:35+01:00,[60],[-117.332092]
2025-11-18T01:17:34+01:00,[60],[-117.332092]
2025-11-18T01:17:33+01:00,[60],[-117.332092]
2025-11-18T01:17:32+01:00,[60],[-117.332092]
2025-11-18T01:17:31+01:00,[60],[-117.332092]
2025-11-18T01:17:30+01:00,[60],[-117.332092]
2025-11-18T01:17:29+01:00,[60],[-117.332092]
2025-11-18T01:17:28+01:00,[60],[-117.332092]
2025-11-18T01:17:27+01:00,[60],[-117.332092]
2025-11-18T01:17:26+01:00,[60],[-117.332092]
2025-11-18T01:17:25+01:00,[60],[-117.332092]
2025-11-18T01:17:24+01:00,[60],[-117.332092]
2025-11-18T01:17:23+01:00,[60],[-117.332092]
2025-11-18T01:17:22+01:00,[60],[-117.332092]
2025-11-18T01:17:21+01:00,[60],[-117.332092]
2025-11-18T01:17:20+01:00,[60],[-117.332092]
2025-11-18T01:17:19+01:00,[60],[-117.332092]
2025-11-18T01:17:18+01:00,[60],[-117.332092]
2025-11-18T01:17:17+01:00,[60],[-117.332092]
2025-11-18T01:17:16+01:00,[60],[-117.332092]
2025-11-18T01:17:15+01:00,[60],[-117.332092]
2025-11-18T01:17:14+01:00,[60],[-117.332092]
2025-11-18T01:17:13+01:00,[60],[-117.332092]
2025-11-18T01:17:12+01:00,[60],[-117.332092]
2025-11-18T01:17:11+01:00,[60],[-117.332092]
2025-11-18T01:17:10+01:00,[60],[-117.332092]
2025-11-18T01:17:09+01:00,[60],[-117.332092]
2025-11-18T01:17:08+01:00,[60],[-117.332092]
2025-11-18T01:17:07+01:00,[60],[-117.332092]
2025-11-18T01:17:06+01:00,[60],[-117.332092]
2025-11-18T01:17:05+01:00,[60],[-117.332092]
2025-11-18T01:17:04+01:00,[60],[-117.332092]
2025-11-18T01:17:03+01:00,[60],[-117.332092]
2025-11-18T01:17:02+01:00,[60],[-117.332092]
2025-11-18T01:17:01+01:00,[60],[-117.332092]
2025-11-18T01:17:00+01:00,[60],[-117.332092]
2025-11-18T01:16:59+01:00,[60],[-117.332092]
2025-11-18T01:16:58+01:00,[60],[-117.332092]
2025-11-18T01:16:57+01:00,[60],[-117.332092]
2025-11-18T01:16:56+01:00,[60],[-117.332092]
2025-11-18T01:16:55+01:00,[60],[-117.332092]
2025-11-18T01:16:54+01:00,[60],[-117.332092]
2025-11-18T01:16:53+01:00,[60],[-117.332092]
2025-11-18T01:16:52+01:00,[60],[-117.332092]
2025-11-18T01:16:51+01:00,[60],[-117.332092]
2025-11-18T01:16:50+01:00,[60],[-117.332092]
2025-11-18T01:16:49+01:00,[60],[-117.332092]
2025-11-18T01:16:48+01:00,[60],[-117.332092]
2025-11-18T01:16:47+01:00,[60],[-117.332092]
2025-11-18T01:16:46+01:00,[60],[-117.332092]
2025-11-18T01:16:45+01:00,[60],[-117.332092]
2025-11-18T01:16:44+01:00,[60],[-117.332092]
2025-11-18T01:16:43+01:00,[60],[-117.332092]
2025-11-18T01:16:42+01:00,[60],[-117.332092]
2025-11-18T01:16:41+01:00,[60],[-117.332092]
2025-11-18T01:16:40+01:00,[60],[-117.332092]
2025-11-18T01:16:39+01:00,[60],[-117.332092]
2025-11-18T01:16:38+01:00,[60],[-117.332092]
2025-11-18T01:16:37+01:00,[60],[-117.332092]
2025-11-18T01:16:36+01:00,[60],[-117.332092]
2025-11-18T01:16:35+01:00,[60],[-117.332092]
2025-11-18T01:16:34+01:00,[60],[-117.332092]
2025-11-18T01:16:33+01:00,[60],[-117.332092]
2025-11-18T01:16:32+01:00,[60],[-117.332092]
2025-11-18T01:16:31+01:00,[60],[-117.332092]
2025-11-18T01:16:30+01:00,[60],[-117.332092]
2025-11-18T01:16:29+01:00,[60],[-117.332092]
2025-11-18T01:16:28+01:00,[60],[-117.332092]
2025-11-18T01:16:27+01:00,[60],[-117.332092]
2025-11-18T01:16:26+01:00,[60],[-117.332092]
2025-11-18T01:16:25+01:00,[60],[-117.332092]
2025-11-18T01:16:24+01:00,[60],[-117.332092]
2025-11-18T01:16:23+01:00,[60],[-117.332092]
2025-11-18T01:16:22+01:00,[60],[-117.332092]
2025-11-18T01:16:21+01:00,[60],[-117.332092]
2025-11-18T01:16:20+01:00,[60],[-117.332092]
2025-11-18T01:16:19+01:00,[60],[-117.332092]
2025-11-18T01:16:18+01:00,[60],[-117.332092]
2025-11-18T01:16:17+01:00,[60],[-117.332092]
2025-11-18T01:16:16+01:00,[60],[-117.332092]
2025-11-18T01:16:15+01:00,[60],[-117.332092]
2025-11-18T01:16:14+01:00,[60],[-117.332092]
2025-11-18T01:16:13+01:00,[60],[-117.332092]
2025-11-18T01:16:12+01:00,[60],[-117.332092]
2025-11-18T01:16:11+01:00,[60],[-117.332092]
2025-11-18T01:16:10+01:00,[60],[-117.332092]
2025-11-18T01:16:09+01:00,[60],[-117.332092]
2025-11-18T01:16:08+01:00,[60],[-117.332092]
2025-11-18T01:16:07+01:00,[60],[-117.332092]
2025-11-18T01:16:06+01:00,[60],[-117.332092]
2025-11-18T01:16:05+01:00,[60],[-117.332092]
2025-11-18T01:16:04+01:00,[60],[-117.332092]
2025-11-18T01:16:03+01:00,[60],[-117.332092]
2025-11-18T01:16:02+01:00,[60],[-117.332092]
2025-11-18T01:16:01+01:00,[60],[-117.332092]
2025-11-18T01:16:00+01:00,[60],[-117.332092]
2025-11-18T01:15:59+01:00,[60],[-117.332092]
2025-11-18T01:15:58+01:00,[60],[-117.332092]
2025-11-18T01:15:57+01:00,[60],[-117.332092]
2025-11-18T01:15:55+01:00,[60],[-117.332092]
2025-11-18T01:15:54+01:00,[60],[-117.332092]
2025-11-18T01:15:53+01:00,[60],[-117.332092]
2025-11-18T01:15:52+01:00,[60],[-117.332092]
2025-11-18T01:15:51+01:00,[60],[-117.332092]
2025-11-18T01:15:50+01:00,[60],[-117.332092]
2025-11-18T01:15:49+01:00,[60],[-117.332092]
2025-11-18T01:15:48+01:00,[60],[-117.332092]
2025-11-18T01:15:47+01:00,[60],[-117.332092]
2025-11-18T01:15:46+01:00,[60],[-117.332092]
2025-11-18T01:15:45+01:00,[60],[-117.332092]
2025-11-18T01:15:44+01:00,[60],[-117.332092]
2025-11-18T01:15:43+01:00,[60],[-117.332092]
2025-11-18T01:15:42+01:00,[60],[-117.332092]
2025-11-18T01:15:41+01:00,[60],[-117.332092]
2025-11-18T01:15:40+01:00,[60],[-117.332092]
2025-11-18T01:15:39+01:00,[60],[-117.332092]
2025-11-18T01:15:38+01:00,[60],[-117.332092]
2025-11-18T01:15:37+01:00,[60],[-117.332092]
2025-11-18T01:15:36+01:00,[60],[-117.332092]
2025-11-18T01:15:35+01:00,[60],[-117.332092]
2025-11-18T01:15:34+01:00,[60],[-117.332092]
2025-11-18T01:15:33+01:00,[60],[-117.332092]
2025-11-18T01:15:32+01:00,[60],[-117.332092]
2025-11-18T01:15:31+01:00,[60],[-117.332092]
2025-11-18T01:15:30+01:00,[60],[-117.332092]
2025-11-18T01:15:29+01:00,[60],[-117.332092]
2025-11-18T01:15:28+01:00,[60],[-117.332092]
2025-11-18T01:15:27+01:00,[60],[-117.332092]
2025-11-18T01:15:26+01:00,[60],[-117.332092]
2025-11-18T01:15:25+01:00,[60],[-117.332092]
2025-11-18T01:15:24+01:00,[60],[-117.332092]
2025-11-18T01:15:23+01:00,[60],[-117.332092]
2025-11-18T01:15:22+01:00,[60],[-117.332092]
2025-11-18T01:15:21+01:00,[60],[-117.332092]
2025-11-18T01:15:20+01:00,[60],[-117.332092]
2025-11-18T01:15:19+01:00,[60],[-117.332092]
2025-11-18T01:15:18+01:00,[60],[-117.332092]
2025-11-18T01:15:17+01:00,[60],[-117.332092]
2025-11-18T01:15:16+01:00,[60],[-117.332092]
2025-11-18T01:15:15+01:00,[60],[-117.332092]
2025-11-18T01:15:14+01:00,[60],[-117.332092]
2025-11-18T01:15:13+01:00,[60],[-117.332092]
2025-11-18T01:15:12+01:00,[60],[-117.332092]
2025-11-18T01:15:11+01:00,[60],[-117.332092]
2025-11-18T01:15:10+01:00,[60],[-117.3321]
2025-11-18T01:15:09+01:00,[60],[-117.332092]
2025-11-18T01:15:08+01:00,[60],[-117.332092]
2025-11-18T01:15:07+01:00,[60],[-117.332092]
2025-11-18T01:15:06+01:00,[60],[-117.332092]
2025-11-18T01:15:05+01:00,[60],[-117.332092]
2025-11-18T01:15:04+01:00,[60],[-117.332092]
2025-11-18T01:15:03+01:00,[60],[-117.332092]
2025-11-18T01:15:02+01:00,[60],[-117.332092]
2025-11-18T01:15:01+01:00,[60],[-117.332092]
2025-11-18T01:15:00+01:00,[60],[-117.332092]
2025-11-18T01:14:59+01:00,[60],[-117.332092]
2025-11-18T01:14:58+01:00,[60],[-117.332092]
2025-11-18T01:14:57+01:00,[60],[-117.332092]
2025-11-18T01:14:56+01:00,[60],[-117.332092]
2025-11-18T01:14:55+01:00,[60],[-117.332092]
2025-11-18T01:14:54+01:00,[60],[-117.332092]
2025-11-18T01:14:53+01:00,[60],[-117.332092]
2025-11-18T01:14:52+01:00,[60],[-117.332092]
2025-11-18T01:14:51+01:00,[60],[-117.332092]
2025-11-18T01:14:50+01:00,[60],[-117.332092]
2025-11-18T01:14:49+01:00,[60],[-117.332092]
2025-11-18T01:14:48+01:00,[60],[-117.332092]
2025-11-18T01:14:47+01:00,[60],[-117.332092]
2025-11-18T01:14:46+01:00,[60],[-117.332092]
2025-11-18T01:14:45+01:00,[60],[-117.332092]
2025-11-18T01:14:44+01:00,[60],[-117.332092]
2025-11-18T01:14:43+01:00,[60],[-117.332092]
2025-11-18T01:14:42+01:00,[60],[-117.332092]
2025-11-18T01:14:41+01:00,[60],[-117.332092]
2025-11-18T01:14:40+01:00,[60],[-117.332092]
2025-11-18T01:14:39+01:00,[60],[-117.332092]
2025-11-18T01:14:38+01:00,[60],[-117.332092]
2025-11-18T01:14:37+01:00,[60],[-117.332092]
2025-11-18T01:14:36+01:00,[60],[-117.332092]
2025-11-18T01:14:35+01:00,[60],[-117.332092]
2025-11-18T01:14:34+01:00,[60],[-117.332092]
2025-11-18T01:14:33+01:00,[60],[-117.332092]
2025-11-18T01:14:32+01:00,[60],[-117.332092]
2025-11-18T01:14:31+01:00,[60],[-117.332092]
2025-11-18T01:14:30+01:00,[60],[-117.332092]
2025-11-18T01:14:29+01:00,[60],[-117.332092]
2025-11-18T01:14:28+01:00,[60],[-117.332092]
2025-11-18T01:14:27+01:00,[60],[-117.332092]
2025-11-18T01:14:26+01:00,[60],[-117.332092]
2025-11-18T01:14:25+01:00,[60],[-117.332092]
2025-11-18T01:14:24+01:00,[60],[-117.332092]
2025-11-18T01:14:23+01:00,[60],[-117.332092]
2025-11-18T01:14:22+01:00,[60],[-117.332092]
2025-11-18T01:14:21+01:00,[60],[-117.332092]
2025-11-18T01:14:20+01:00,[60],[-117.332092]
2025-11-18T01:14:19+01:00,[60],[-117.332092]
2025-11-18T01:14:18+01:00,[60],[-117.332092]
2025-11-18T01:14:17+01:00,[60],[-117.332092]
2025-11-18T01:14:16+01:00,[60],[-117.332092]
2025-11-18T01:14:15+01:00,[60],[-117.332092]
2025-11-18T01:14:14+01:00,[60],[-117.332092]
2025-11-18T01:14:13+01:00,[60],[-117.332092]
2025-11-18T01:14:12+01:00,[60],[-117.332092]
2025-11-18T01:14:11+01:00,[60],[-117.332092]
2025-11-18T01:14:10+01:00,[60],[-117.332092]
2025-11-18T01:14:09+01:00,[60],[-117.332092]
2025-11-18T01:14:08+01:00,[60],[-117.332092]
2025-11-18T01:14:07+01:00,[60],[-117.332092]
2025-11-18T01:14:06+01:00,[60],[-117.332092]
2025-11-18T01:14:05+01:00,[60],[-117.332092]
2025-11-18T01:14:04+01:00,[60],[-117.332092]
2025-11-18T01:14:03+01:00,[60],[-117.332092]
2025-11-18T01:14:02+01:00,[60],[-117.332092]
2025-11-18T01:14:01+01:00,[60],[-117.332092]
2025-11-18T01:14:00+01:00,[60],[-117.332092]
2025-11-18T01:13:59+01:00,[60],[-117.332092]
2025-11-18T01:13:58+01:00,[60],[-117.332092]
2025-11-18T01:13:57+01:00,[60],[-117.332092]
2025-11-18T01:13:56+01:00,[60],[-117.332092]
2025-11-18T01:13:55+01:00,[60],[-117.332092]
2025-11-18T01:13:54+01:00,[60],[-117.332092]
2025-11-18T01:13:53+01:00,[60],[-117.332092]
2025-11-18T01:13:52+01:00,[60],[-117.332092]
2025-11-18T01:13:51+01:00,[60],[-117.332092]
2025-11-18T01:13:49+01:00,[60],[-117.332092]
2025-11-18T01:13:48+01:00,[60],[-117.332092]
2025-11-18T01:13:47+01:00,[60],[-117.332092]
2025-11-18T01:13:46+01:00,[60],[-117.332092]
2025-11-18T01:13:45+01:00,[60],[-117.332092]
2025-11-18T01:13:44+01:00,[60],[-117.332092]
2025-11-18T01:13:43+01:00,[60],[-117.332092]
2025-11-18T01:13:42+01:00,[60],[-117.332092]
2025-11-18T01:13:41+01:00,[60],[-117.332092]
2025-11-18T01:13:40+01:00,[60],[-117.332092]
2025-11-18T01:13:39+01:00,[60],[-117.332092]
2025-11-18T01:13:38+01:00,[60],[-117.332092]
2025-11-18T01:13:37+01:00,[60],[-117.332092]
2025-11-18T01:13:36+01:00,[60],[-117.332092]
2025-11-18T01:13:35+01:00,[60],[-117.332092]
2025-11-18T01:13:34+01:00,[60],[-117.332092]
2025-11-18T01:13:33+01:00,[60],[-117.332092]
2025-11-18T01:13:32+01:00,[60],[-117.332092]
2025-11-18T01:13:31+01:00,[60],[-117.332092]
2025-11-18T01:13:30+01:00,[60],[-117.332092]
2025-11-18T01:13:29+01:00,[60],[-117.332092]
2025-11-18T01:13:28+01:00,[60],[-117.332092]
2025-11-18T01:13:27+01:00,[60],[-117.332092]
2025-11-18T01:13:26+01:00,[60],[-117.332092]
2025-11-18T01:13:25+01:00,[60],[-117.332092]
2025-11-18T01:13:24+01:00,[60],[-117.332092]
2025-11-18T01:13:23+01:00,[60],[-117.332092]
2025-11-18T01:13:22+01:00,[60],[-117.332092]
2025-11-18T01:13:21+01:00,[60],[-117.332092]
2025-11-18T01:13:20+01:00,[60],[-117.332092]
2025-11-18T01:13:19+01:00,[60],[-117.332092]
2025-11-18T01:13:18+01:00,[60],[-117.332092]
2025-11-18T01:13:17+01:00,[60],[-117.332092]
2025-11-18T01:13:16+01:00,[60],[-117.332092]
2025-11-18T01:13:15+01:00,[60],[-117.332092]
2025-11-18T01:13:14+01:00,[60],[-117.332092]
2025-11-18T01:13:13+01:00,[60],[-117.332092]
2025-11-18T01:13:12+01:00,[60],[-117.332092]
2025-11-18T01:13:11+01:00,[60],[-117.332092]
2025-11-18T01:13:10+01:00,[60],[-117.332092]
2025-11-18T01:13:09+01:00,[60],[-117.332092]
2025-11-18T01:13:08+01:00,[60],[-117.332092]
2025-11-18T01:13:07+01:00,[60],[-117.332092]
2025-11-18T01:13:06+01:00,[60],[-117.332092]
2025-11-18T01:13:05+01:00,[60],[-117.332092]
2025-11-18T01:13:04+01:00,[60],[-117.332092]
2025-11-18T01:13:03+01:00,[60],[-117.332092]
2025-11-18T01:13:02+01:00,[60],[-117.332092]
2025-11-18T01:13:01+01:00,[60],[-117.332092]
2025-11-18T01:13:00+01:00,[60],[-117.332092]
2025-11-18T01:12:59+01:00,[60],[-117.332092]
2025-11-18T01:12:58+01:00,[60],[-117.332092]
2025-11-18T01:12:57+01:00,[60],[-117.332092]
2025-11-18T01:12:56+01:00,[60],[-117.332092]
2025-11-18T01:12:55+01:00,[60],[-117.332092]
2025-11-18T01:12:54+01:00,[60],[-117.332092]
2025-11-18T01:12:53+01:00,[60],[-117.332092]
2025-11-18T01:12:52+01:00,[60],[-117.332092]
2025-11-18T01:12:51+01:00,[60],[-117.332092]
2025-11-18T01:12:50+01:00,[60],[-117.332092]
2025-11-18T01:12:49+01:00,[60],[-117.332092]
2025-11-18T01:12:48+01:00,[60],[-117.332092]
2025-11-18T01:12:47+01:00,[60],[-117.332092]
2025-11-18T01:12:46+01:00,[60],[-117.332092]
2025-11-18T01:12:45+01:00,[60],[-117.332092]
2025-11-18T01:12:44+01:00,[60],[-117.332092]
2025-11-18T01:12:43+01:00,[60],[-117.332092]
2025-11-18T01:12:42+01:00,[60],[-117.332092]
2025-11-18T01:12:41+01:00,[60],[-117.332092]
2025-11-18T01:12:40+01:00,[60],[-117.332092]
2025-11-18T01:12:39+01:00,[60],[-117.332092]
2025-11-18T01:12:38+01:00,[60],[-117.332092]
2025-11-18T01:12:37+01:00,[60],[-117.332092]
2025-11-18T01:12:36+01:00,[60],[-117.332092]
2025-11-18T01:12:35+01:00,[60],[-117.332092]
2025-11-18T01:12:34+01:00,[60],[-117.332092]
2025-11-18T01:12:33+01:00,[60],[-117.332092]
2025-11-18T01:12:32+01:00,[60],[-117.332092]
2025-11-18T01:12:31+01:00,[60],[-117.332092]
2025-11-18T01:12:30+01:00,[60],[-117.332092]
2025-11-18T01:12:29+01:00,[60],[-117.332092]
2025-11-18T01:12:28+01:00,[60],[-117.332092]
2025-11-18T01:12:27+01:00,[60],[-117.332092]
2025-11-18T01:12:26+01:00,[60],[-117.332092]
2025-11-18T01:12:25+01:00,[60],[-117.332092]
2025-11-18T01:12:24+01:00,[60],[-117.332092]
2025-11-18T01:12:23+01:00,[60],[-117.332085]
2025-11-18T01:12:22+01:00,[60],[-117.332085]
2025-11-18T01:12:21+01:00,[60],[-117.332085]
2025-11-18T01:12:20+01:00,[60],[-117.332085]
2025-11-18T01:12:19+01:00,[60],[-117.332085]
2025-11-18T01:12:18+01:00,[60],[-117.332085]
2025-11-18T01:12:17+01:00,[60],[-117.332085]
2025-11-18T01:12:16+01:00,[60],[-117.332085]
2025-11-18T01:12:15+01:00,[60],[-117.332085]
2025-11-18T01:12:14+01:00,[60],[-117.332085]
2025-11-18T01:12:13+01:00,[60],[-117.332085]
2025-11-18T01:12:12+01:00,[60],[-117.332085]
2025-11-18T01:12:11+01:00,[60],[-117.332085]
2025-11-18T01:12:10+01:00,[60],[-117.332085]
2025-11-18T01:12:09+01:00,[60],[-117.332085]
2025-11-18T01:12:08+01:00,[60],[-117.332085]
2025-11-18T01:12:07+01:00,[60],[-117.332085]
2025-11-18T01:12:06+01:00,[60],[-117.332085]
2025-11-18T01:12:05+01:00,[60],[-117.332085]
2025-11-18T01:12:04+01:00,[60],[-117.332085]
2025-11-18T01:12:03+01:00,[60],[-117.332085]
2025-11-18T01:12:02+01:00,[60],[-117.332085]
2025-11-18T01:12:01+01:00,[60],[-117.332085]
2025-11-18T01:12:00+01:00,[60],[-117.332085]
2025-11-18T01:11:59+01:00,[60],[-117.332085]
2025-11-18T01:11:58+01:00,[60],[-117.332085]
2025-11-18T01:11:57+01:00,[60],[-117.332085]
2025-11-18T01:11:56+01:00,[60],[-117.332077]
2025-11-18T01:11:55+01:00,[60],[-117.332077]
2025-11-18T01:11:54+01:00,[60],[-117.332077]
2025-11-18T01:11:53+01:00,[60],[-117.332077]
2025-11-18T01:11:52+01:00,[60],[-117.332077]
2025-11-18T01:11:51+01:00,[60],[-117.332077]
2025-11-18T01:11:50+01:00,[60],[-117.332077]
2025-11-18T01:11:49+01:00,[60],[-117.332077]
2025-11-18T01:11:48+01:00,[60],[-117.332077]
2025-11-18T01:11:47+01:00,[60],[-117.332077]
2025-11-18T01:11:46+01:00,[60],[-117.332077]
2025-11-18T01:11:45+01:00,[60],[-117.332077]
2025-11-18T01:11:43+01:00,[60],[-117.332077]
2025-11-18T01:11:42+01:00,[60],[-117.332077]
2025-11-18T01:11:41+01:00,[60],[-117.332077]
2025-11-18T01:11:40+01:00,[60],[-117.332077]
2025-11-18T01:11:39+01:00,[60],[-117.332077]
2025-11-18T01:11:38+01:00,[60],[-117.332077]
2025-11-18T01:11:37+01:00,[60],[-117.332077]
2025-11-18T01:11:36+01:00,[60],[-117.332077]
2025-11-18T01:11:35+01:00,[60],[-117.332077]
2025-11-18T01:11:34+01:00,[60],[-117.332077]
2025-11-18T01:11:33+01:00,[60],[-117.332077]
2025-11-18T01:11:32+01:00,[60],[-117.332077]
2025-11-18T01:11:31+01:00,[60],[-117.332077]
2025-11-18T01:11:30+01:00,[60],[-117.332077]
2025-11-18T01:11:29+01:00,[60],[-117.332077]
2025-11-18T01:11:28+01:00,[60],[-117.332077]
2025-11-18T01:11:27+01:00,[60],[-117.332077]
2025-11-18T01:11:26+01:00,[60],[-117.332077]
2025-11-18T01:11:25+01:00,[60],[-117.332077]
2025-11-18T01:11:24+01:00,[60],[-117.332077]
2025-11-18T01:11:23+01:00,[60],[-117.332077]
2025-11-18T01:11:22+01:00,[60],[-117.332077]
2025-11-18T01:11:21+01:00,[60],[-117.332077]
2025-11-18T01:11:20+01:00,[60],[-117.332077]
2025-11-18T01:11:19+01:00,[60],[-117.332077]
2025-11-18T01:11:18+01:00,[60],[-117.332077]
2025-11-18T01:11:17+01:00,[60],[-117.332077]
2025-11-18T01:11:16+01:00,[60],[-117.332077]
2025-11-18T01:11:15+01:00,[60],[-117.332077]
2025-11-18T01:11:14+01:00,[60],[-117.332077]
2025-11-18T01:11:13+01:00,[60],[-117.332077]
2025-11-18T01:11:12+01:00,[60],[-117.332077]
2025-11-18T01:11:11+01:00,[60],[-117.332077]
2025-11-18T01:11:10+01:00,[60],[-117.332077]
2025-11-18T01:11:09+01:00,[60],[-117.332077]
2025-11-18T01:11:08+01:00,[60],[-117.332077]
2025-11-18T01:11:07+01:00,[60],[-117.332077]
2025-11-18T01:11:06+01:00,[60],[-117.332077]
2025-11-18T01:11:05+01:00,[60],[-117.332077]
2025-11-18T01:11:04+01:00,[60],[-117.332077]
2025-11-18T01:11:03+01:00,[60],[-117.332077]
2025-11-18T01:11:02+01:00,[60],[-117.332077]
2025-11-18T01:11:01+01:00,[60],[-117.332077]
2025-11-18T01:11:00+01:00,[60],[-117.332077]
2025-11-18T01:10:59+01:00,[60],[-117.332077]
2025-11-18T01:10:58+01:00,[60],[-117.332077]
2025-11-18T01:10:57+01:00,[60],[-117.332077]
2025-11-18T01:10:56+01:00,[60],[-117.332077]
2025-11-18T01:10:55+01:00,[60],[-117.332077]
2025-11-18T01:10:54+01:00,[60],[-117.332077]
2025-11-18T01:10:53+01:00,[60],[-117.332077]
2025-11-18T01:10:52+01:00,[60],[-117.332077]
2025-11-18T01:10:51+01:00,[60],[-117.332077]
2025-11-18T01:10:50+01:00,[60],[-117.332077]
2025-11-18T01:10:49+01:00,[60],[-117.332077]
2025-11-18T01:10:48+01:00,[60],[-117.332077]
2025-11-18T01:10:47+01:00,[60],[-117.332077]
2025-11-18T01:10:46+01:00,[60],[-117.332077]
2025-11-18T01:10:45+01:00,[60],[-117.332077]
2025-11-18T01:10:44+01:00,[60],[-117.332077]
2025-11-18T01:10:43+01:00,[60],[-117.332077]
2025-11-18T01:10:42+01:00,[60],[-117.332077]
2025-11-18T01:10:41+01:00,[60],[-117.332077]
2025-11-18T01:10:40+01:00,[60],[-117.332077]
2025-11-18T01:10:39+01:00,[60],[-117.332077]
2025-11-18T01:10:38+01:00,[60],[-117.332077]
2025-11-18T01:10:37+01:00,[60],[-117.332077]
2025-11-18T01:10:36+01:00,[60],[-117.332077]
2025-11-18T01:10:35+01:00,[60],[-117.332077]
2025-11-18T01:10:34+01:00,[60],[-117.332077]
2025-11-18T01:10:33+01:00,[60],[-117.332077]
2025-11-18T01:10:32+01:00,[60],[-117.332077]
2025-11-18T01:10:31+01:00,[60],[-117.332077]
2025-11-18T01:10:30+01:00,[60],[-117.332077]
2025-11-18T01:10:29+01:00,[60],[-117.332077]
2025-11-18T01:10:28+01:00,[60],[-117.332077]
2025-11-18T01:10:27+01:00,[60],[-117.332077]
2025-11-18T01:10:26+01:00,[60],[-117.332077]
2025-11-18T01:10:25+01:00,[60],[-117.332077]
2025-11-18T01:10:24+01:00,[60],[-117.332077]
2025-11-18T01:10:23+01:00,[60],[-117.332077]
2025-11-18T01:10:22+01:00,[60],[-117.332077]
2025-11-18T01:10:21+01:00,[60],[-117.332077]
2025-11-18T01:10:20+01:00,[60],[-117.332077]
2025-11-18T01:10:19+01:00,[60],[-117.332077]
2025-11-18T01:10:18+01:00,[60],[-117.332077]
2025-11-18T01:10:17+01:00,[60],[-117.332077]
2025-11-18T01:10:16+01:00,[60],[-117.332077]
2025-11-18T01:10:15+01:00,[60],[-117.332077]
2025-11-18T01:10:14+01:00,[60],[-117.332077]
2025-11-18T01:10:13+01:00,[60],[-117.332077]
2025-11-18T01:10:12+01:00,[60],[-117.332077]
2025-11-18T01:10:10+01:00,[60],[-117.332077]
2025-11-18T01:10:09+01:00,[60],[-117.332077]
2025-11-18T01:10:08+01:00,[60],[-117.332077]
2025-11-18T01:10:07+01:00,[60],[-117.332077]
2025-11-18T01:10:06+01:00,[60],[-117.332077]
2025-11-18T01:10:05+01:00,[60],[-117.332077]
2025-11-18T01:10:04+01:00,[60],[-117.332077]
2025-11-18T01:10:03+01:00,[60],[-117.332077]
2025-11-18T01:10:02+01:00,[60],[-117.332077]
2025-11-18T01:10:01+01:00,[60],[-117.332077]
2025-11-18T01:10:00+01:00,[60],[-117.332077]
2025-11-18T01:09:59+01:00,[60],[-117.332077]
2025-11-18T01:09:58+01:00,[60],[-117.332077]
2025-11-18T01:09:57+01:00,[60],[-117.332077]
2025-11-18T01:09:56+01:00,[60],[-117.332077]
2025-11-18T01:09:55+01:00,[60],[-117.332077]
2025-11-18T01:09:54+01:00,[60],[-117.332077]
2025-11-18T01:09:53+01:00,[60],[-117.332077]
2025-11-18T01:09:52+01:00,[60],[-117.332077]
2025-11-18T01:09:51+01:00,[60],[-117.332077]
2025-11-18T01:09:50+01:00,[60],[-117.332077]
2025-11-18T01:09:49+01:00,[60],[-117.332077]
2025-11-18T01:09:48+01:00,[60],[-117.332077]
2025-11-18T01:09:47+01:00,[60],[-117.332077]
2025-11-18T01:09:46+01:00,[60],[-117.332077]
2025-11-18T01:09:45+01:00,[60],[-117.332077]
2025-11-18T01:09:44+01:00,[60],[-117.332077]
2025-11-18T01:09:43+01:00,[60],[-117.332077]
2025-11-18T01:09:42+01:00,[60],[-117.332077]
2025-11-18T01:09:41+01:00,[60],[-117.332077]
2025-11-18T01:09:40+01:00,[60],[-117.332077]
2025-11-18T01:09:39+01:00,[60],[-117.332077]
2025-11-18T01:09:38+01:00,[60],[-117.332077]
2025-11-18T01:09:37+01:00,[60],[-117.332077]
2025-11-18T01:09:36+01:00,[60],[-117.332077]
2025-11-18T01:09:35+01:00,[60],[-117.332077]
2025-11-18T01:09:34+01:00,[60],[-117.332077]
2025-11-18T01:09:33+01:00,[60],[-117.332077]
2025-11-18T01:09:32+01:00,[60],[-117.332077]
2025-11-18T01:09:31+01:00,[60],[-117.332077]
2025-11-18T01:09:30+01:00,[60],[-117.332077]
2025-11-18T01:09:29+01:00,[60],[-117.332077]
2025-11-18T01:09:28+01:00,[60],[-117.332077]
2025-11-18T01:09:27+01:00,[60],[-117.332077]
2025-11-18T01:09:26+01:00,[60],[-117.332077]
2025-11-18T01:09:25+01:00,[60],[-117.332077]
2025-11-18T01:09:24+01:00,[60],[-117.332077]
2025-11-18T01:09:23+01:00,[60],[-117.332077]
2025-11-18T01:09:22+01:00,[60],[-117.332077]
2025-11-18T01:09:21+01:00,[60],[-117.332077]
2025-11-18T01:09:20+01:00,[60],[-117.332077]
2025-11-18T01:09:19+01:00,[60],[-117.332077]
2025-11-18T01:09:18+01:00,[60],[-117.332077]
2025-11-18T01:09:17+01:00,[60],[-117.332077]
2025-11-18T01:09:16+01:00,[60],[-117.332077]
2025-11-18T01:09:15+01:00,[60],[-117.332077]
2025-11-18T01:09:14+01:00,[60],[-117.332077]
2025-11-18T01:09:13+01:00,[60],[-117.332077]
2025-11-18T01:09:12+01:00,[60],[-117.332077]
2025-11-18T01:09:11+01:00,[60],[-117.332077]
2025-11-18T01:09:10+01:00,[60],[-117.332077]
2025-11-18T01:09:09+01:00,[60],[-117.332077]
2025-11-18T01:09:08+01:00,[60],[-117.332077]
2025-11-18T01:09:07+01:00,[60],[-117.332077]
2025-11-18T01:09:06+01:00,[60],[-117.332077]
2025-11-18T01:09:05+01:00,[60],[-117.332077]
2025-11-18T01:09:04+01:00,[60],[-117.332077]
2025-11-18T01:09:03+01:00,[60],[-117.332077]
2025-11-18T01:09:02+01:00,[60],[-117.332077]
2025-11-18T01:09:01+01:00,[60],[-117.332077]
2025-11-18T01:09:00+01:00,[60],[-117.332077]
2025-11-18T01:08:59+01:00,[60],[-117.332077]
2025-11-18T01:08:58+01:00,[60],[-117.332077]
2025-11-18T01:08:57+01:00,[60],[-117.332077]
2025-11-18T01:08:56+01:00,[60],[-117.332077]
2025-11-18T01:08:55+01:00,[60],[-117.332077]
2025-11-18T01:08:54+01:00,[60],[-117.332077]
2025-11-18T01:08:53+01:00,[60],[-117.332077]
2025-11-18T01:08:52+01:00,[60],[-117.332077]
2025-11-18T01:08:51+01:00,[60],[-117.332077]
2025-11-18T01:08:50+01:00,[60],[-117.332077]
2025-11-18T01:08:49+01:00,[60],[-117.332077]
2025-11-18T01:08:48+01:00,[60],[-117.332077]
2025-11-18T01:08:47+01:00,[60],[-117.332077]
2025-11-18T01:08:46+01:00,[60],[-117.332077]
2025-11-18T01:08:45+01:00,[60],[-117.332077]
2025-11-18T01:08:44+01:00,[60],[-117.332077]
2025-11-18T01:08:43+01:00,[60],[-117.332077]
2025-11-18T01:08:42+01:00,[60],[-117.332077]
2025-11-18T01:08:41+01:00,[60],[-117.332077]
2025-11-18T01:08:40+01:00,[60],[-117.332077]
2025-11-18T01:08:39+01:00,[60],[-117.332077]
2025-11-18T01:08:38+01:00,[60],[-117.332077]
2025-11-18T01:08:37+01:00,[60],[-117.332077]
2025-11-18T01:08:36+01:00,[60],[-117.332077]
2025-11-18T01:08:35+01:00,[60],[-117.332077]
2025-11-18T01:08:34+01:00,[60],[-117.332077]
2025-11-18T01:08:33+01:00,[60],[-117.332077]
2025-11-18T01:08:32+01:00,[60],[-117.332077]
2025-11-18T01:08:31+01:00,[60],[-117.332077]
2025-11-18T01:08:30+01:00,[60],[-117.332077]
2025-11-18T01:08:29+01:00,[60],[-117.332077]
2025-11-18T01:08:28+01:00,[60],[-117.332077]
2025-11-18T01:08:27+01:00,[60],[-117.332077]
2025-11-18T01:08:26+01:00,[60],[-117.332077]
2025-11-18T01:08:25+01:00,[60],[-117.332077]
2025-11-18T01:08:24+01:00,[60],[-117.332077]
2025-11-18T01:08:23+01:00,[60],[-117.332077]
2025-11-18T01:08:22+01:00,[60],[-117.332077]
2025-11-18T01:08:21+01:00,[60],[-117.332077]
2025-11-18T01:08:20+01:00,[60],[-117.332077]
2025-11-18T01:08:19+01:00,[60],[-117.332077]
2025-11-18T01:08:18+01:00,[60],[-117.332077]
2025-11-18T01:08:17+01:00,[60],[-117.332077]
2025-11-18T01:08:16+01:00,[60],[-117.332077]
2025-11-18T01:08:15+01:00,[60],[-117.332077]
2025-11-18T01:08:14+01:00,[60],[-117.332077]
2025-11-18T01:08:13+01:00,[60],[-117.332077]
2025-11-18T01:08:12+01:00,[60],[-117.332077]
2025-11-18T01:08:11+01:00,[60],[-117.332077]
2025-11-18T01:08:10+01:00,[60],[-117.332077]
2025-11-18T01:08:09+01:00,[60],[-117.332077]
2025-11-18T01:08:08+01:00,[60],[-117.332077]
2025-11-18T01:08:07+01:00,[60],[-117.332077]
2025-11-18T01:08:06+01:00,[60],[-117.332077]
2025-11-18T01:08:05+01:00,[60],[-117.332077]
2025-11-18T01:08:04+01:00,[60],[-117.332077]
2025-11-18T01:08:03+01:00,[60],[-117.332077]
2025-11-18T01:08:02+01:00,[60],[-117.332077]
2025-11-18T01:08:01+01:00,[60],[-117.332077]
2025-11-18T01:08:00+01:00,[60],[-117.332077]
2025-11-18T01:07:59+01:00,[60],[-117.332077]
2025-11-18T01:07:58+01:00,[60],[-117.332077]
2025-11-18T01:07:57+01:00,[60],[-117.332077]
2025-11-18T01:07:56+01:00,[60],[-117.332077]
2025-11-18T01:07:55+01:00,[60],[-117.332077]
2025-11-18T01:07:54+01:00,[60],[-117.332077]
2025-11-18T01:07:53+01:00,[60],[-117.332077]
2025-11-18T01:07:52+01:00,[60],[-117.332077]
2025-11-18T01:07:51+01:00,[60],[-117.332077]
2025-11-18T01:07:50+01:00,[60],[-117.332077]
2025-11-18T01:07:49+01:00,[60],[-117.332077]
2025-11-18T01:07:48+01:00,[60],[-117.332077]
2025-11-18T01:07:47+01:00,[60],[-117.332077]
2025-11-18T01:07:46+01:00,[60],[-117.332077]
2025-11-18T01:07:45+01:00,[60],[-117.332077]
2025-11-18T01:07:44+01:00,[60],[-117.332077]
2025-11-18T01:07:43+01:00,[60],[-117.332077]
2025-11-18T01:07:42+01:00,[60],[-117.332077]
2025-11-18T01:07:41+01:00,[60],[-117.332077]
2025-11-18T01:07:40+01:00,[60],[-117.332077]
2025-11-18T01:07:39+01:00,[60],[-117.332077]
2025-11-18T01:07:38+01:00,[60],[-117.332077]
2025-11-18T01:07:37+01:00,[60],[-117.332077]
2025-11-18T01:07:36+01:00,[60],[-117.332077]
2025-11-18T01:07:35+01:00,[60],[-117.332077]
2025-11-18T01:07:34+01:00,[60],[-117.332077]
2025-11-18T01:07:33+01:00,[60],[-117.332077]
2025-11-18T01:07:32+01:00,[60],[-117.332077]
2025-11-18T01:07:31+01:00,[60],[-117.332077]
2025-11-18T01:07:30+01:00,[60],[-117.332077]
2025-11-18T01:07:29+01:00,[60],[-117.332077]
2025-11-18T01:07:28+01:00,[60],[-117.332077]
2025-11-18T01:07:27+01:00,[60],[-117.332077]
2025-11-18T01:07:26+01:00,[60],[-117.332077]
2025-11-18T01:07:25+01:00,[60],[-117.332077]
2025-11-18T01:07:24+01:00,[60],[-117.332077]
2025-11-18T01:07:23+01:00,[60],[-117.332077]
2025-11-18T01:07:22+01:00,[60],[-117.332077]
2025-11-18T01:07:21+01:00,[60],[-117.332077]
2025-11-18T01:07:20+01:00,[60],[-117.332077]
2025-11-18T01:07:19+01:00,[60],[-117.332077]
2025-11-18T01:07:18+01:00,[60],[-117.332077]
2025-11-18T01:07:17+01:00,[60],[-117.332077]
2025-11-18T01:07:16+01:00,[60],[-117.332077]
2025-11-18T01:07:15+01:00,[60],[-117.332077]
2025-11-18T01:07:14+01:00,[60],[-117.332077]
2025-11-18T01:07:13+01:00,[60],[-117.332077]
2025-11-18T01:07:12+01:00,[60],[-117.332077]
2025-11-18T01:07:11+01:00,[60],[-117.332077]
2025-11-18T01:07:10+01:00,[60],[-117.332077]
2025-11-18T01:07:09+01:00,[60],[-117.332077]
2025-11-18T01:07:08+01:00,[60],[-117.332077]
2025-11-18T01:07:07+01:00,[60],[-117.332077]
2025-11-18T01:07:06+01:00,[60],[-117.332077]
2025-11-18T01:07:05+01:00,[60],[-117.332077]
2025-11-18T01:07:04+01:00,[60],[-117.332077]
2025-11-18T01:07:03+01:00,[60],[-117.332077]
2025-11-18T01:07:02+01:00,[60],[-117.332077]
2025-11-18T01:07:01+01:00,[60],[-117.332077]
2025-11-18T01:07:00+01:00,[60],[-117.332077]
2025-11-18T01:06:59+01:00,[60],[-117.332077]
2025-11-18T01:06:58+01:00,[60],[-117.332077]
2025-11-18T01:06:57+01:00,[60],[-117.332077]
2025-11-18T01:06:56+01:00,[60],[-117.332077]
2025-11-18T01:06:55+01:00,[60],[-117.332077]
2025-11-18T01:06:54+01:00,[60],[-117.332077]
2025-11-18T01:06:53+01:00,[60],[-117.332077]
2025-11-18T01:06:52+01:00,[60],[-117.332077]
2025-11-18T01:06:51+01:00,[60],[-117.332077]
2025-11-18T01:06:50+01:00,[60],[-117.332077]
2025-11-18T01:06:49+01:00,[60],[-117.332077]
2025-11-18T01:06:48+01:00,[60],[-117.332077]
2025-11-18T01:06:47+01:00,[60],[-117.332077]
2025-11-18T01:06:46+01:00,[60],[-117.332077]
2025-11-18T01:06:45+01:00,[60],[-117.332077]
2025-11-18T01:06:44+01:00,[60],[-117.332077]
2025-11-18T01:06:43+01:00,[60],[-117.332077]
2025-11-18T01:06:42+01:00,[60],[-117.332077]
2025-11-18T01:06:41+01:00,[60],[-117.332077]
2025-11-18T01:06:40+01:00,[60],[-117.332077]
2025-11-18T01:06:39+01:00,[60],[-117.332077]
2025-11-18T01:06:38+01:00,[60],[-117.332077]
2025-11-18T01:06:37+01:00,[60],[-117.332077]
2025-11-18T01:06:36+01:00,[60],[-117.332077]
2025-11-18T01:06:35+01:00,[60],[-117.332077]
2025-11-18T01:06:34+01:00,[60],[-117.332077]
2025-11-18T01:06:33+01:00,[60],[-117.332077]
2025-11-18T01:06:32+01:00,[60],[-117.332077]
2025-11-18T01:06:31+01:00,[60],[-117.332077]
2025-11-18T01:06:30+01:00,[60],[-117.332077]
2025-11-18T01:06:29+01:00,[60],[-117.332077]
2025-11-18T01:06:28+01:00,[60],[-117.332077]
2025-11-18T01:06:27+01:00,[60],[-117.332077]
2025-11-18T01:06:26+01:00,[60],[-117.332077]
2025-11-18T01:06:25+01:00,[60],[-117.332077]
2025-11-18T01:06:24+01:00,[60],[-117.332077]
2025-11-18T01:06:23+01:00,[60],[-117.332077]
2025-11-18T01:06:22+01:00,[60],[-117.332077]
2025-11-18T01:06:21+01:00,[60],[-117.332077]
2025-11-18T01:06:20+01:00,[60],[-117.332077]
2025-11-18T01:06:19+01:00,[60],[-117.332077]
2025-11-18T01:06:18+01:00,[60],[-117.332077]
2025-11-18T01:06:17+01:00,[60],[-117.332077]
2025-11-18T01:06:16+01:00,[60],[-117.332077]
2025-11-18T01:06:15+01:00,[60],[-117.332077]
2025-11-18T01:06:14+01:00,[60],[-117.332077]
2025-11-18T01:06:13+01:00,[60],[-117.332077]
2025-11-18T01:06:12+01:00,[60],[-117.332077]
2025-11-18T01:06:11+01:00,[60],[-117.332077]
2025-11-18T01:06:10+01:00,[60],[-117.332077]
2025-11-18T01:06:09+01:00,[60],[-117.332077]
2025-11-18T01:06:08+01:00,[60],[-117.332077]
2025-11-18T01:06:07+01:00,[60],[-117.332077]
2025-11-18T01:06:06+01:00,[60],[-117.332077]
2025-11-18T01:06:05+01:00,[60],[-117.332077]
2025-11-18T01:06:04+01:00,[60],[-117.332077]
2025-11-18T01:06:03+01:00,[60],[-117.332077]
2025-11-18T01:06:02+01:00,[60],[-117.332077]
2025-11-18T01:06:01+01:00,[60],[-117.332077]
2025-11-18T01:06:00+01:00,[60],[-117.332077]
2025-11-18T01:05:59+01:00,[60],[-117.332077]
2025-11-18T01:05:58+01:00,[60],[-117.332077]
2025-11-18T01:05:57+01:00,[60],[-117.332077]
2025-11-18T01:05:56+01:00,[60],[-117.332077]
2025-11-18T01:05:55+01:00,[60],[-117.332077]
2025-11-18T01:05:54+01:00,[60],[-117.332077]
2025-11-18T01:05:53+01:00,[60],[-117.332077]
2025-11-18T01:05:52+01:00,[60],[-117.332077]
2025-11-18T01:05:51+01:00,[60],[-117.332077]
2025-11-18T01:05:50+01:00,[60],[-117.332077]
2025-11-18T01:05:49+01:00,[60],[-117.332077]
2025-11-18T01:05:48+01:00,[60],[-117.332077]
2025-11-18T01:05:47+01:00,[60],[-117.332077]
2025-11-18T01:05:46+01:00,[60],[-117.332077]
2025-11-18T01:05:45+01:00,[60],[-117.332077]
2025-11-18T01:05:44+01:00,[60],[-117.332077]
2025-11-18T01:05:43+01:00,[60],[-117.332077]
2025-11-18T01:05:42+01:00,[60],[-117.332077]
2025-11-18T01:05:41+01:00,[60],[-117.332077]
2025-11-18T01:05:40+01:00,[60],[-117.332077]
2025-11-18T01:05:39+01:00,[60],[-117.332077]
2025-11-18T01:05:38+01:00,[60],[-117.332077]
2025-11-18T01:05:37+01:00,[60],[-117.332077]
2025-11-18T01:05:36+01:00,[60],[-117.332077]
2025-11-18T01:05:35+01:00,[60],[-117.332077]
2025-11-18T01:05:34+01:00,[60],[-117.332077]
2025-11-18T01:05:33+01:00,[60],[-117.332077]
2025-11-18T01:05:32+01:00,[60],[-117.332077]
2025-11-18T01:05:31+01:00,[60],[-117.332077]
2025-11-18T01:05:30+01:00,[60],[-117.332077]
2025-11-18T01:05:29+01:00,[60],[-117.332077]
2025-11-18T01:05:28+01:00,[60],[-117.332077]
2025-11-18T01:05:27+01:00,[60],[-117.332077]
2025-11-18T01:05:26+01:00,[60],[-117.332077]
2025-11-18T01:05:25+01:00,[60],[-117.332077]
2025-11-18T01:05:24+01:00,[60],[-117.332077]
2025-11-18T01:05:23+01:00,[60],[-117.332077]
2025-11-18T01:05:22+01:00,[60],[-117.332077]
2025-11-18T01:05:21+01:00,[60],[-117.332077]
2025-11-18T01:05:20+01:00,[60],[-117.332077]
2025-11-18T01:05:19+01:00,[60],[-117.332077]
2025-11-18T01:05:18+01:00,[60],[-117.332077]
2025-11-18T01:05:17+01:00,[60],[-117.332077]
2025-11-18T01:05:16+01:00,[60],[-117.332077]
2025-11-18T01:05:15+01:00,[60],[-117.332077]
2025-11-18T01:05:14+01:00,[60],[-117.332077]
2025-11-18T01:05:13+01:00,[60],[-117.332077]
2025-11-18T01:05:12+01:00,[60],[-117.332077]
2025-11-18T01:05:11+01:00,[60],[-117.332077]
2025-11-18T01:05:10+01:00,[60],[-117.332077]
2025-11-18T01:05:09+01:00,[60],[-117.332077]
2025-11-18T01:05:08+01:00,[60],[-117.332077]
2025-11-18T01:05:07+01:00,[60],[-117.332077]
2025-11-18T01:05:06+01:00,[60],[-117.332077]
2025-11-18T01:05:05+01:00,[60],[-117.332077]
2025-11-18T01:05:04+01:00,[60],[-117.332077]
2025-11-18T01:05:03+01:00,[60],[-117.332077]
2025-11-18T01:05:02+01:00,[60],[-117.332077]
2025-11-18T01:05:01+01:00,[60],[-117.332077]
2025-11-18T01:05:00+01:00,[60],[-117.332077]
2025-11-18T01:04:59+01:00,[60],[-117.332077]
2025-11-18T01:04:58+01:00,[60],[-117.332077]
2025-11-18T01:04:57+01:00,[60],[-117.332077]
2025-11-18T01:04:56+01:00,[60],[-117.332077]
2025-11-18T01:04:55+01:00,[60],[-117.332077]
2025-11-18T01:04:54+01:00,[60],[-117.332077]
2025-11-18T01:04:53+01:00,[60],[-117.332077]
2025-11-18T01:04:52+01:00,[60],[-117.332077]
2025-11-18T01:04:51+01:00,[60],[-117.332077]
2025-11-18T01:04:50+01:00,[60],[-117.332077]
2025-11-18T01:04:49+01:00,[60],[-117.332077]
2025-11-18T01:04:48+01:00,[60],[-117.332077]
2025-11-18T01:04:47+01:00,[60],[-117.332077]
2025-11-18T01:04:46+01:00,[60],[-117.332077]
2025-11-18T01:04:45+01:00,[60],[-117.332077]
2025-11-18T01:04:44+01:00,[60],[-117.332077]
2025-11-18T01:04:43+01:00,[60],[-117.332077]
2025-11-18T01:04:42+01:00,[60],[-117.332077]
2025-11-18T01:04:41+01:00,[60],[-117.332077]
2025-11-18T01:04:40+01:00,[60],[-117.332077]
2025-11-18T01:04:39+01:00,[60],[-117.332077]
2025-11-18T01:04:38+01:00,[60],[-117.332077]
2025-11-18T01:04:37+01:00,[60],[-117.332077]
2025-11-18T01:04:36+01:00,[60],[-117.332077]
2025-11-18T01:04:35+01:00,[60],[-117.332077]
2025-11-18T01:04:34+01:00,[60],[-117.332077]
2025-11-18T01:04:33+01:00,[60],[-117.332077]
2025-11-18T01:04:32+01:00,[60],[-117.332077]
2025-11-18T01:04:31+01:00,[60],[-117.332077]
2025-11-18T01:04:30+01:00,[60],[-117.332077]
2025-11-18T01:04:29+01:00,[60],[-117.332077]
2025-11-18T01:04:28+01:00,[60],[-117.332077]
2025-11-18T01:04:27+01:00,[60],[-117.332077]
2025-11-18T01:04:26+01:00,[60],[-117.332077]
2025-11-18T01:04:25+01:00,[60],[-117.332077]
2025-11-18T01:04:24+01:00,[60],[-117.332077]
2025-11-18T01:04:23+01:00,[60],[-117.332077]
2025-11-18T01:04:22+01:00,[60],[-117.332077]
2025-11-18T01:04:21+01:00,[60],[-117.332077]
2025-11-18T01:04:20+01:00,[60],[-117.332077]
2025-11-18T01:04:19+01:00,[60],[-117.332077]
2025-11-18T01:04:18+01:00,[60],[-117.332077]
2025-11-18T01:04:17+01:00,[60],[-117.332077]
2025-11-18T01:04:16+01:00,[60],[-117.332077]
2025-11-18T01:04:15+01:00,[60],[-117.332077]
2025-11-18T01:04:14+01:00,[60],[-117.332077]
2025-11-18T01:04:13+01:00,[60],[-117.332077]
2025-11-18T01:04:12+01:00,[60],[-117.332077]
2025-11-18T01:04:11+01:00,[60],[-117.332077]
2025-11-18T01:04:10+01:00,[60],[-117.332077]
2025-11-18T01:04:09+01:00,[60],[-117.332077]
2025-11-18T01:04:08+01:00,[60],[-117.332077]
2025-11-18T01:04:07+01:00,[60],[-117.332077]
2025-11-18T01:04:06+01:00,[60],[-117.332077]
2025-11-18T01:04:05+01:00,[60],[-117.332077]
2025-11-18T01:04:04+01:00,[60],[-117.332077]
2025-11-18T01:04:03+01:00,[60],[-117.332077]
2025-11-18T01:04:02+01:00,[60],[-117.332077]
2025-11-18T01:04:01+01:00,[60],[-117.332077]
2025-11-18T01:04:00+01:00,[60],[-117.332077]
2025-11-18T01:03:59+01:00,[60],[-117.332077]
2025-11-18T01:03:58+01:00,[60],[-117.332077]
2025-11-18T01:03:57+01:00,[60],[-117.332077]
2025-11-18T01:03:56+01:00,[60],[-117.332077]
2025-11-18T01:03:55+01:00,[60],[-117.332077]
2025-11-18T01:03:54+01:00,[60],[-117.332077]
2025-11-18T01:03:53+01:00,[60],[-117.332077]
2025-11-18T01:03:52+01:00,[60],[-117.332077]
2025-11-18T01:03:51+01:00,[60],[-117.332077]
2025-11-18T01:03:50+01:00,[60],[-117.332077]
2025-11-18T01:03:49+01:00,[60],[-117.332077]
2025-11-18T01:03:48+01:00,[60],[-117.332077]
2025-11-18T01:03:47+01:00,[60],[-117.332077]
2025-11-18T01:03:46+01:00,[60],[-117.332077]
2025-11-18T01:03:45+01:00,[60],[-117.332077]
2025-11-18T01:03:44+01:00,[60],[-117.332077]
2025-11-18T01:03:43+01:00,[60],[-117.332077]
2025-11-18T01:03:42+01:00,[60],[-117.332077]
2025-11-18T01:03:41+01:00,[60],[-117.332077]
2025-11-18T01:03:40+01:00,[60],[-117.332077]
2025-11-18T01:03:39+01:00,[60],[-117.332077]
2025-11-18T01:03:38+01:00,[60],[-117.332077]
2025-11-18T01:03:37+01:00,[60],[-117.332077]
2025-11-18T01:03:36+01:00,[60],[-117.332077]
2025-11-18T01:03:35+01:00,[60],[-117.332077]
2025-11-18T01:03:34+01:00,[60],[-117.332077]
2025-11-18T01:03:33+01:00,[60],[-117.332077]
2025-11-18T01:03:32+01:00,[60],[-117.332077]
2025-11-18T01:03:31+01:00,[60],[-117.332077]
2025-11-18T01:03:30+01:00,[60],[-117.332077]
2025-11-18T01:03:29+01:00,[60],[-117.332077]
2025-11-18T01:03:28+01:00,[60],[-117.332077]
2025-11-18T01:03:27+01:00,[60],[-117.332077]
2025-11-18T01:03:26+01:00,[60],[-117.332077]
2025-11-18T01:03:25+01:00,[60],[-117.332077]
2025-11-18T01:03:24+01:00,[60],[-117.332077]
2025-11-18T01:03:23+01:00,[60],[-117.332077]
2025-11-18T01:03:22+01:00,[60],[-117.332077]
2025-11-18T01:03:21+01:00,[60],[-117.332077]
2025-11-18T01:03:20+01:00,[60],[-117.332077]
2025-11-18T01:03:19+01:00,[60],[-117.332077]
2025-11-18T01:03:18+01:00,[60],[-117.332077]
2025-11-18T01:03:17+01:00,[60],[-117.332077]
2025-11-18T01:03:16+01:00,[60],[-117.332077]
2025-11-18T01:03:15+01:00,[60],[-117.332077]
2025-11-18T01:03:14+01:00,[60],[-117.332077]
2025-11-18T01:03:13+01:00,[60],[-117.332077]
2025-11-18T01:03:12+01:00,[60],[-117.332077]
2025-11-18T01:03:11+01:00,[60],[-117.332077]
2025-11-18T01:03:10+01:00,[60],[-117.332077]
2025-11-18T01:03:09+01:00,[60],[-117.332077]
2025-11-18T01:03:08+01:00,[60],[-117.332077]
2025-11-18T01:03:07+01:00,[60],[-117.332077]
2025-11-18T01:03:06+01:00,[60],[-117.332077]
2025-11-18T01:03:05+01:00,[60],[-117.332077]
2025-11-18T01:03:04+01:00,[60],[-117.332077]
2025-11-18T01:03:03+01:00,[60],[-117.332077]
2025-11-18T01:03:02+01:00,[60],[-117.332077]
2025-11-18T01:03:01+01:00,[60],[-117.332077]
2025-11-18T01:03:00+01:00,[60],[-117.332077]
2025-11-18T01:02:59+01:00,[60],[-117.332077]
2025-11-18T01:02:58+01:00,[60],[-117.332077]
2025-11-18T01:02:57+01:00,[60],[-117.332077]
2025-11-18T01:02:56+01:00,[60],[-117.332077]
2025-11-18T01:02:55+01:00,[60],[-117.332077]
2025-11-18T01:02:54+01:00,[60],[-117.332077]
2025-11-18T01:02:53+01:00,[60],[-117.332077]
2025-11-18T01:02:52+01:00,[60],[-117.332077]
2025-11-18T01:02:51+01:00,[60],[-117.332077]
2025-11-18T01:02:50+01:00,[60],[-117.332077]
2025-11-18T01:02:49+01:00,[60],[-117.332077]
2025-11-18T01:02:48+01:00,[60],[-117.332077]
2025-11-18T01:02:47+01:00,[60],[-117.332077]
2025-11-18T01:02:46+01:00,[60],[-117.332077]
2025-11-18T01:02:45+01:00,[60],[-117.332077]
2025-11-18T01:02:44+01:00,[60],[-117.332077]
2025-11-18T01:02:43+01:00,[60],[-117.332077]
2025-11-18T01:02:42+01:00,[60],[-117.332077]
2025-11-18T01:02:41+01:00,[60],[-117.332077]
2025-11-18T01:02:40+01:00,[60],[-117.332077]
2025-11-18T01:02:39+01:00,[60],[-117.332077]
2025-11-18T01:02:38+01:00,[60],[-117.332077]
2025-11-18T01:02:37+01:00,[60],[-117.332077]
2025-11-18T01:02:36+01:00,[60],[-117.332077]
2025-11-18T01:02:35+01:00,[60],[-117.332077]
2025-11-18T01:02:34+01:00,[60],[-117.332077]
2025-11-18T01:02:33+01:00,[60],[-117.332077]
2025-11-18T01:02:32+01:00,[60],[-117.332077]
2025-11-18T01:02:31+01:00,[60],[-117.332077]
2025-11-18T01:02:30+01:00,[60],[-117.332077]
2025-11-18T01:02:29+01:00,[60],[-117.332077]
2025-11-18T01:02:28+01:00,[60],[-117.332077]
2025-11-18T01:02:27+01:00,[60],[-117.332077]
2025-11-18T01:02:26+01:00,[60],[-117.332077]
2025-11-18T01:02:25+01:00,[60],[-117.332077]
2025-11-18T01:02:24+01:00,[60],[-117.332077]
2025-11-18T01:02:23+01:00,[60],[-117.332077]
2025-11-18T01:02:22+01:00,[60],[-117.332077]
2025-11-18T01:02:21+01:00,[60],[-117.332077]
2025-11-18T01:02:20+01:00,[60],[-117.332077]
2025-11-18T01:02:19+01:00,[60],[-117.332077]
2025-11-18T01:02:18+01:00,[60],[-117.332077]
2025-11-18T01:02:17+01:00,[60],[-117.332077]
2025-11-18T01:02:16+01:00,[60],[-117.332077]
2025-11-18T01:02:15+01:00,[60],[-117.332077]
2025-11-18T01:02:14+01:00,[60],[-117.332077]
2025-11-18T01:02:13+01:00,[60],[-117.332077]
2025-11-18T01:02:12+01:00,[60],[-117.332077]
2025-11-18T01:02:11+01:00,[60],[-117.332077]
2025-11-18T01:02:10+01:00,[60],[-117.332077]
2025-11-18T01:02:09+01:00,[60],[-117.332077]
2025-11-18T01:02:08+01:00,[60],[-117.332077]
2025-11-18T01:02:07+01:00,[60],[-117.332077]
2025-11-18T01:02:06+01:00,[60],[-117.332077]
2025-11-18T01:02:05+01:00,[60],[-117.332077]
2025-11-18T01:02:04+01:00,[60],[-117.332077]
2025-11-18T01:02:03+01:00,[60],[-117.332077]
2025-11-18T01:02:02+01:00,[60],[-117.332077]
2025-11-18T01:02:01+01:00,[60],[-117.332077]
2025-11-18T01:02:00+01:00,[60],[-117.332077]
2025-11-18T01:01:59+01:00,[60],[-117.332077]
2025-11-18T01:01:58+01:00,[60],[-117.332077]
2025-11-18T01:01:57+01:00,[60],[-117.332077]
2025-11-18T01:01:56+01:00,[60],[-117.332077]
2025-11-18T01:01:55+01:00,[60],[-117.332077]
2025-11-18T01:01:54+01:00,[60],[-117.332077]
2025-11-18T01:01:53+01:00,[60],[-117.332077]
2025-11-18T01:01:52+01:00,[60],[-117.332077]
2025-11-18T01:01:51+01:00,[60],[-117.332077]
2025-11-18T01:01:50+01:00,[60],[-117.332077]
2025-11-18T01:01:49+01:00,[60],[-117.332077]
2025-11-18T01:01:48+01:00,[60],[-117.332077]
2025-11-18T01:01:47+01:00,[60],[-117.332077]
2025-11-18T01:01:46+01:00,[60],[-117.332077]
2025-11-18T01:01:45+01:00,[60],[-117.332077]
2025-11-18T01:01:44+01:00,[60],[-117.332077]
2025-11-18T01:01:43+01:00,[60],[-117.332077]
2025-11-18T01:01:42+01:00,[60],[-117.332077]
2025-11-18T01:01:41+01:00,[60],[-117.332077]
2025-11-18T01:01:40+01:00,[60],[-117.332077]
2025-11-18T01:01:39+01:00,[60],[-117.332077]
2025-11-18T01:01:38+01:00,[60],[-117.332077]
2025-11-18T01:01:37+01:00,[60],[-117.332077]
2025-11-18T01:01:36+01:00,[60],[-117.332077]
2025-11-18T01:01:35+01:00,[60],[-117.332077]
2025-11-18T01:01:34+01:00,[60],[-117.332077]
2025-11-18T01:01:33+01:00,[60],[-117.332077]
2025-11-18T01:01:32+01:00,[60],[-117.332077]
2025-11-18T01:01:31+01:00,[60],[-117.332077]
2025-11-18T01:01:30+01:00,[60],[-117.332077]
2025-11-18T01:01:29+01:00,[60],[-117.332077]
2025-11-18T01:01:28+01:00,[60],[-117.332077]
2025-11-18T01:01:27+01:00,[60],[-117.332077]
2025-11-18T01:01:26+01:00,[60],[-117.332077]
2025-11-18T01:01:25+01:00,[60],[-117.332077]
2025-11-18T01:01:24+01:00,[60],[-117.332077]
2025-11-18T01:01:23+01:00,[60],[-117.332077]
2025-11-18T01:01:22+01:00,[60],[-117.332077]
2025-11-18T01:01:21+01:00,[60],[-117.332077]
2025-11-18T01:01:20+01:00,[60],[-117.332077]
2025-11-18T01:01:19+01:00,[60],[-117.332077]
2025-11-18T01:01:18+01:00,[60],[-117.332077]
2025-11-18T01:01:17+01:00,[60],[-117.332077]
2025-11-18T01:01:16+01:00,[60],[-117.332077]
2025-11-18T01:01:15+01:00,[60],[-117.332077]
2025-11-18T01:01:14+01:00,[60],[-117.332077]
2025-11-18T01:01:13+01:00,[60],[-117.332077]
2025-11-18T01:01:12+01:00,[60],[-117.332077]
2025-11-18T01:01:11+01:00,[60],[-117.332077]
2025-11-18T01:01:10+01:00,[60],[-117.332077]
2025-11-18T01:01:09+01:00,[60],[-117.332077]
2025-11-18T01:01:08+01:00,[60],[-117.332077]
2025-11-18T01:01:07+01:00,[60],[-117.332077]
2025-11-18T01:01:06+01:00,[60],[-117.332077]
2025-11-18T01:01:05+01:00,[60],[-117.332077]
2025-11-18T01:01:04+01:00,[60],[-117.332077]
2025-11-18T01:01:03+01:00,[60],[-117.332077]
2025-11-18T01:01:02+01:00,[60],[-117.332077]
2025-11-18T01:01:01+01:00,[60],[-117.332077]
2025-11-18T01:01:00+01:00,[60],[-117.332077]
2025-11-18T01:00:59+01:00,[60],[-117.332077]
2025-11-18T01:00:58+01:00,[60],[-117.332077]
2025-11-18T01:00:57+01:00,[60],[-117.332077]
2025-11-18T01:00:56+01:00,[60],[-117.332077]
2025-11-18T01:00:55+01:00,[60],[-117.332077]
2025-11-18T01:00:54+01:00,[60],[-117.332077]
2025-11-18T01:00:53+01:00,[60],[-117.332077]
2025-11-18T01:00:52+01:00,[60],[-117.332077]
2025-11-18T01:00:51+01:00,[60],[-117.332077]
2025-11-18T01:00:50+01:00,[60],[-117.332077]
2025-11-18T01:00:49+01:00,[60],[-117.332077]
2025-11-18T01:00:48+01:00,[60],[-117.332077]
2025-11-18T01:00:47+01:00,[60],[-117.332077]
2025-11-18T01:00:46+01:00,[60],[-117.332077]
2025-11-18T01:00:45+01:00,[60],[-117.332077]
2025-11-18T01:00:44+01:00,[60],[-117.332077]
2025-11-18T01:00:43+01:00,[60],[-117.332077]
2025-11-18T01:00:42+01:00,[60],[-117.332077]
2025-11-18T01:00:41+01:00,[60],[-117.332077]
2025-11-18T01:00:40+01:00,[60],[-117.332077]
2025-11-18T01:00:39+01:00,[60],[-117.332077]
2025-11-18T01:00:38+01:00,[60],[-117.332077]
2025-11-18T01:00:37+01:00,[60],[-117.332077]
2025-11-18T01:00:36+01:00,[60],[-117.332077]
2025-11-18T01:00:35+01:00,[60],[-117.332077]
2025-11-18T01:00:34+01:00,[60],[-117.332077]
2025-11-18T01:00:33+01:00,[60],[-117.332077]
2025-11-18T01:00:32+01:00,[60],[-117.332077]
2025-11-18T01:00:31+01:00,[60],[-117.332077]
2025-11-18T01:00:30+01:00,[60],[-117.332077]
2025-11-18T01:00:29+01:00,[60],[-117.332077]
2025-11-18T01:00:28+01:00,[60],[-117.332077]
2025-11-18T01:00:27+01:00,[60],[-117.332077]
2025-11-18T01:00:26+01:00,[60],[-117.332077]
2025-11-18T01:00:25+01:00,[60],[-117.332077]
2025-11-18T01:00:24+01:00,[60],[-117.332077]
2025-11-18T01:00:23+01:00,[60],[-117.332077]
2025-11-18T01:00:22+01:00,[60],[-117.332077]
2025-11-18T01:00:21+01:00,[60],[-117.332077]
2025-11-18T01:00:20+01:00,[60],[-117.332077]
2025-11-18T01:00:19+01:00,[60],[-117.332077]
2025-11-18T01:00:18+01:00,[60],[-117.332077]
2025-11-18T01:00:17+01:00,[60],[-117.332077]
2025-11-18T01:00:16+01:00,[60],[-117.332077]
2025-11-18T01:00:15+01:00,[60],[-117.332077]
2025-11-18T01:00:14+01:00,[60],[-117.332077]
2025-11-18T01:00:13+01:00,[60],[-117.332077]
2025-11-18T01:00:12+01:00,[60],[-117.332077]
2025-11-18T01:00:11+01:00,[60],[-117.332077]
2025-11-18T01:00:10+01:00,[60],[-117.332077]
2025-11-18T01:00:09+01:00,[60],[-117.332077]
2025-11-18T01:00:08+01:00,[60],[-117.332077]
2025-11-18T01:00:07+01:00,[60],[-117.332077]
2025-11-18T01:00:06+01:00,[60],[-117.332077]
2025-11-18T01:00:05+01:00,[60],[-117.332077]
2025-11-18T01:00:04+01:00,[60],[-117.332077]
2025-11-18T01:00:03+01:00,[60],[-117.332077]
2025-11-18T01:00:02+01:00,[60],[-117.332077]
2025-11-18T01:00:01+01:00,[60],[-117.332077]
2025-11-18T01:00:00+01:00,[60],[-117.332077]
2025-11-18T00:59:59+01:00,[60],[-117.332077]
2025-11-18T00:59:58+01:00,[60],[-117.332077]
2025-11-18T00:59:57+01:00,[60],[-117.332077]
2025-11-18T00:59:56+01:00,[60],[-117.332077]
2025-11-18T00:59:55+01:00,[60],[-117.332077]
2025-11-18T00:59:54+01:00,[60],[-117.332077]
2025-11-18T00:59:53+01:00,[60],[-117.332077]
2025-11-18T00:59:52+01:00,[60],[-117.332077]
2025-11-18T00:59:51+01:00,[60],[-117.332077]
2025-11-18T00:59:50+01:00,[60],[-117.332077]
2025-11-18T00:59:49+01:00,[60],[-117.332077]
2025-11-18T00:59:48+01:00,[60],[-117.332077]
2025-11-18T00:59:47+01:00,[60],[-117.332077]
2025-11-18T00:59:46+01:00,[60],[-117.332077]
2025-11-18T00:59:45+01:00,[60],[-117.332077]
2025-11-18T00:59:44+01:00,[60],[-117.332077]
2025-11-18T00:59:43+01:00,[60],[-117.332077]
2025-11-18T00:59:42+01:00,[60],[-117.332077]
2025-11-18T00:59:41+01:00,[60],[-117.332077]
2025-11-18T00:59:40+01:00,[60],[-117.332077]
2025-11-18T00:59:39+01:00,[60],[-117.332077]
2025-11-18T00:59:38+01:00,[60],[-117.332077]
2025-11-18T00:59:37+01:00,[60],[-117.332077]
2025-11-18T00:59:36+01:00,[60],[-117.332077]
2025-11-18T00:59:35+01:00,[60],[-117.332077]
2025-11-18T00:59:34+01:00,[60],[-117.332077]
2025-11-18T00:59:33+01:00,[60],[-117.332077]
2025-11-18T00:59:32+01:00,[60],[-117.332077]
2025-11-18T00:59:31+01:00,[60],[-117.332077]
2025-11-18T00:59:30+01:00,[60],[-117.332077]
2025-11-18T00:59:29+01:00,[60],[-117.332077]
2025-11-18T00:59:28+01:00,[60],[-117.332077]
2025-11-18T00:59:27+01:00,[60],[-117.332077]
2025-11-18T00:59:26+01:00,[60],[-117.332077]
2025-11-18T00:59:25+01:00,[60],[-117.332077]
2025-11-18T00:59:24+01:00,[60],[-117.332077]
2025-11-18T00:59:23+01:00,[60],[-117.332077]
2025-11-18T00:59:22+01:00,[60],[-117.332077]
2025-11-18T00:59:21+01:00,[60],[-117.332077]
2025-11-18T00:59:20+01:00,[60],[-117.332077]
2025-11-18T00:59:19+01:00,[60],[-117.332077]
2025-11-18T00:59:18+01:00,[60],[-117.332077]
2025-11-18T00:59:17+01:00,[60],[-117.332077]
2025-11-18T00:59:16+01:00,[60],[-117.332077]
2025-11-18T00:59:15+01:00,[60],[-117.332077]
2025-11-18T00:59:14+01:00,[60],[-117.332077]
2025-11-18T00:59:13+01:00,[60],[-117.332077]
2025-11-18T00:59:12+01:00,[60],[-117.332077]
2025-11-18T00:59:11+01:00,[60],[-117.332077]
2025-11-18T00:59:10+01:00,[60],[-117.332077]
2025-11-18T00:59:09+01:00,[60],[-117.332077]
2025-11-18T00:59:08+01:00,[60],[-117.332077]
2025-11-18T00:59:07+01:00,[60],[-117.332077]
2025-11-18T00:59:06+01:00,[60],[-117.332077]
2025-11-18T00:59:05+01:00,[60],[-117.332077]
2025-11-18T00:59:04+01:00,[60],[-117.332077]
2025-11-18T00:59:03+01:00,[60],[-117.332077]
2025-11-18T00:59:02+01:00,[60],[-117.332077]
2025-11-18T00:59:01+01:00,[60],[-117.332077]
2025-11-18T00:59:00+01:00,[60],[-117.332077]
2025-11-18T00:58:59+01:00,[60],[-117.332077]
2025-11-18T00:58:58+01:00,[60],[-117.332077]
2025-11-18T00:58:57+01:00,[60],[-117.332077]
2025-11-18T00:58:56+01:00,[60],[-117.332077]
2025-11-18T00:58:55+01:00,[60],[-117.332077]
2025-11-18T00:58:54+01:00,[60],[-117.332077]
2025-11-18T00:58:53+01:00,[60],[-117.332077]
2025-11-18T00:58:52+01:00,[60],[-117.332077]
2025-11-18T00:58:51+01:00,[60],[-117.332077]
2025-11-18T00:58:50+01:00,[60],[-117.332077]
2025-11-18T00:58:49+01:00,[60],[-117.332077]
2025-11-18T00:58:48+01:00,[60],[-117.332077]
2025-11-18T00:58:47+01:00,[60],[-117.332077]
2025-11-18T00:58:46+01:00,[60],[-117.332077]
2025-11-18T00:58:45+01:00,[60],[-117.332077]
2025-11-18T00:58:44+01:00,[60],[-117.332077]
2025-11-18T00:58:43+01:00,[60],[-117.332077]
2025-11-18T00:58:42+01:00,[60],[-117.332077]
2025-11-18T00:58:41+01:00,[60],[-117.332077]
2025-11-18T00:58:40+01:00,[60],[-117.332077]
2025-11-18T00:58:39+01:00,[60],[-117.332077]
2025-11-18T00:58:38+01:00,[60],[-117.332077]
2025-11-18T00:58:37+01:00,[60],[-117.332077]
2025-11-18T00:58:36+01:00,[60],[-117.332077]
2025-11-18T00:58:35+01:00,[60],[-117.332077]
2025-11-18T00:58:34+01:00,[60],[-117.332077]
2025-11-18T00:58:33+01:00,[60],[-117.332077]
2025-11-18T00:58:32+01:00,[60],[-117.332077]
2025-11-18T00:58:31+01:00,[60],[-117.332077]
2025-11-18T00:58:30+01:00,[60],[-117.332077]
2025-11-18T00:58:29+01:00,[60],[-117.332077]
2025-11-18T00:58:28+01:00,[60],[-117.332077]
2025-11-18T00:58:27+01:00,[60],[-117.332077]
2025-11-18T00:58:26+01:00,[60],[-117.332077]
2025-11-18T00:58:25+01:00,[60],[-117.332077]
2025-11-18T00:58:24+01:00,[60],[-117.332077]
2025-11-18T00:58:23+01:00,[60],[-117.332077]
2025-11-18T00:58:22+01:00,[60],[-117.332077]
2025-11-18T00:58:21+01:00,[60],[-117.332077]
2025-11-18T00:58:20+01:00,[60],[-117.332077]
2025-11-18T00:58:19+01:00,[60],[-117.332077]
2025-11-18T00:58:18+01:00,[60],[-117.332077]
2025-11-18T00:58:17+01:00,[60],[-117.332077]
2025-11-18T00:58:16+01:00,[60],[-117.332077]
2025-11-18T00:58:15+01:00,[60],[-117.332077]
2025-11-18T00:58:14+01:00,[60],[-117.332077]
2025-11-18T00:58:13+01:00,[60],[-117.332077]
2025-11-18T00:58:12+01:00,[60],[-117.332077]
2025-11-18T00:58:11+01:00,[60],[-117.332077]
2025-11-18T00:58:10+01:00,[60],[-117.332077]
2025-11-18T00:58:09+01:00,[60],[-117.332077]
2025-11-18T00:58:08+01:00,[60],[-117.332077]
2025-11-18T00:58:07+01:00,[60],[-117.332077]
2025-11-18T00:58:06+01:00,[60],[-117.332077]
2025-11-18T00:58:05+01:00,[60],[-117.332077]
2025-11-18T00:58:04+01:00,[60],[-117.332077]
2025-11-18T00:58:03+01:00,[60],[-117.332077]
2025-11-18T00:58:02+01:00,[60],[-117.332077]
2025-11-18T00:58:01+01:00,[60],[-117.332077]
2025-11-18T00:58:00+01:00,[60],[-117.332077]
2025-11-18T00:57:59+01:00,[60],[-117.332077]
2025-11-18T00:57:58+01:00,[60],[-117.332077]
2025-11-18T00:57:57+01:00,[60],[-117.332077]
2025-11-18T00:57:56+01:00,[60],[-117.332077]
2025-11-18T00:57:55+01:00,[60],[-117.332077]
2025-11-18T00:57:54+01:00,[60],[-117.332077]
2025-11-18T00:57:53+01:00,[60],[-117.332077]
2025-11-18T00:57:52+01:00,[60],[-117.332077]
2025-11-18T00:57:51+01:00,[60],[-117.332077]
2025-11-18T00:57:50+01:00,[60],[-117.332077]
2025-11-18T00:57:49+01:00,[60],[-117.332077]
2025-11-18T00:57:48+01:00,[60],[-117.332077]
2025-11-18T00:57:47+01:00,[60],[-117.332077]
2025-11-18T00:57:46+01:00,[60],[-117.332077]
2025-11-18T00:57:45+01:00,[60],[-117.332077]
2025-11-18T00:57:44+01:00,[60],[-117.332077]
2025-11-18T00:57:43+01:00,[60],[-117.332077]
2025-11-18T00:57:42+01:00,[60],[-117.332077]
2025-11-18T00:57:41+01:00,[60],[-117.332077]
2025-11-18T00:57:40+01:00,[60],[-117.332077]
2025-11-18T00:57:39+01:00,[60],[-117.332077]
2025-11-18T00:57:38+01:00,[60],[-117.332077]
2025-11-18T00:57:37+01:00,[60],[-117.332077]
2025-11-18T00:57:36+01:00,[60],[-117.332077]
2025-11-18T00:57:35+01:00,[60],[-117.332077]
2025-11-18T00:57:34+01:00,[60],[-117.332077]
2025-11-18T00:57:33+01:00,[60],[-117.332077]
2025-11-18T00:57:32+01:00,[60],[-117.332077]
2025-11-18T00:57:31+01:00,[60],[-117.332077]
2025-11-18T00:57:30+01:00,[60],[-117.332077]
2025-11-18T00:57:29+01:00,[60],[-117.332077]
2025-11-18T00:57:28+01:00,[60],[-117.332077]
2025-11-18T00:57:27+01:00,[60],[-117.332077]
2025-11-18T00:57:26+01:00,[60],[-117.332077]
2025-11-18T00:57:25+01:00,[60],[-117.332077]
2025-11-18T00:57:24+01:00,[60],[-117.332077]
2025-11-18T00:57:23+01:00,[60],[-117.332077]
2025-11-18T00:57:22+01:00,[60],[-117.332077]
2025-11-18T00:57:21+01:00,[60],[-117.332077]
2025-11-18T00:57:20+01:00,[60],[-117.332077]
2025-11-18T00:57:19+01:00,[60],[-117.332077]
2025-11-18T00:57:18+01:00,[60],[-117.332077]
2025-11-18T00:57:17+01:00,[60],[-117.332077]
2025-11-18T00:57:16+01:00,[60],[-117.332077]
2025-11-18T00:57:14+01:00,[60],[-117.332077]
2025-11-18T00:57:13+01:00,[60],[-117.332077]
2025-11-18T00:57:12+01:00,[60],[-117.332077]
2025-11-18T00:57:11+01:00,[60],[-117.332077]
2025-11-18T00:57:10+01:00,[60],[-117.332077]
2025-11-18T00:57:08+01:00,[60],[-117.332077]
2025-11-18T00:57:07+01:00,[60],[-117.332077]
2025-11-18T00:57:05+01:00,[60],[-117.332077]
2025-11-18T00:57:04+01:00,[60],[-117.332077]
2025-11-18T00:57:03+01:00,[60],[-117.332077]
2025-11-18T00:57:02+01:00,[60],[-117.332077]
2025-11-18T00:57:01+01:00,[60],[-117.332077]
2025-11-18T00:57:00+01:00,[60],[-117.332077]
2025-11-18T00:56:59+01:00,[60],[-117.332077]
2025-11-18T00:56:58+01:00,[60],[-117.332077]
2025-11-18T00:56:57+01:00,[60],[-117.332077]
2025-11-18T00:56:56+01:00,[60],[-117.332077]
2025-11-18T00:56:55+01:00,[60],[-117.332077]
2025-11-18T00:56:54+01:00,[60],[-117.332077]
2025-11-18T00:56:53+01:00,[60],[-117.332077]
2025-11-18T00:56:52+01:00,[60],[-117.332077]
2025-11-18T00:56:51+01:00,[60],[-117.332077]
2025-11-18T00:56:50+01:00,[60],[-117.332077]
2025-11-18T00:56:49+01:00,[60],[-117.332077]
2025-11-18T00:56:48+01:00,[60],[-117.332077]
2025-11-18T00:56:47+01:00,[60],[-117.332077]
2025-11-18T00:56:46+01:00,[60],[-117.332077]
2025-11-18T00:56:45+01:00,[60],[-117.332077]
2025-11-18T00:56:44+01:00,[60],[-117.332077]
2025-11-18T00:56:43+01:00,[60],[-117.332077]
2025-11-18T00:56:42+01:00,[60],[-117.332077]
2025-11-18T00:56:41+01:00,[60],[-117.332077]
2025-11-18T00:56:40+01:00,[60],[-117.332077]
2025-11-18T00:56:39+01:00,[60],[-117.332077]
2025-11-18T00:56:38+01:00,[60],[-117.332077]
2025-11-18T00:56:37+01:00,[60],[-117.332077]
2025-11-18T00:56:36+01:00,[60],[-117.332077]
2025-11-18T00:56:35+01:00,[60],[-117.332077]
2025-11-18T00:56:34+01:00,[60],[-117.332077]
2025-11-18T00:56:33+01:00,[60],[-117.332077]
2025-11-18T00:56:32+01:00,[60],[-117.332077]
2025-11-18T00:56:31+01:00,[60],[-117.332077]
2025-11-18T00:56:30+01:00,[60],[-117.332077]
2025-11-18T00:56:29+01:00,[60],[-117.332077]
2025-11-18T00:56:28+01:00,[60],[-117.332077]
2025-11-18T00:56:27+01:00,[60],[-117.332077]
2025-11-18T00:56:26+01:00,[60],[-117.332077]
2025-11-18T00:56:25+01:00,[60],[-117.332077]
2025-11-18T00:56:24+01:00,[60],[-117.332077]
2025-11-18T00:56:23+01:00,[60],[-117.332077]
2025-11-18T00:56:22+01:00,[60],[-117.332077]
2025-11-18T00:56:21+01:00,[60],[-117.332077]
2025-11-18T00:56:20+01:00,[60],[-117.332077]
2025-11-18T00:56:19+01:00,[60],[-117.332077]
2025-11-18T00:56:18+01:00,[60],[-117.332077]
2025-11-18T00:56:17+01:00,[60],[-117.332077]
2025-11-18T00:56:16+01:00,[60],[-117.332077]
2025-11-18T00:56:15+01:00,[60],[-117.332077]
2025-11-18T00:56:14+01:00,[60],[-117.332077]
2025-11-18T00:56:13+01:00,[60],[-117.332077]
2025-11-18T00:56:12+01:00,[60],[-117.332077]
2025-11-18T00:56:11+01:00,[60],[-117.332077]
2025-11-18T00:56:10+01:00,[60],[-117.332077]
2025-11-18T00:56:09+01:00,[60],[-117.332077]
2025-11-18T00:56:08+01:00,[60],[-117.332077]
2025-11-18T00:56:07+01:00,[60],[-117.332077]
2025-11-18T00:56:06+01:00,[60],[-117.332077]
2025-11-18T00:56:05+01:00,[60],[-117.332077]
2025-11-18T00:56:04+01:00,[60],[-117.332077]
2025-11-18T00:56:03+01:00,[60],[-117.332077]
2025-11-18T00:56:02+01:00,[60],[-117.332077]
2025-11-18T00:56:01+01:00,[60],[-117.332077]
2025-11-18T00:56:00+01:00,[60],[-117.332077]
2025-11-18T00:55:59+01:00,[60],[-117.332077]
2025-11-18T00:55:58+01:00,[60],[-117.332077]
2025-11-18T00:55:57+01:00,[60],[-117.332077]
2025-11-18T00:55:56+01:00,[60],[-117.332077]
2025-11-18T00:55:55+01:00,[60],[-117.332077]
2025-11-18T00:55:54+01:00,[60],[-117.332077]
2025-11-18T00:55:53+01:00,[60],[-117.332077]
2025-11-18T00:55:52+01:00,[60],[-117.332077]
2025-11-18T00:55:51+01:00,[60],[-117.332077]
2025-11-18T00:55:50+01:00,[60],[-117.332077]
2025-11-18T00:55:49+01:00,[60],[-117.332077]
2025-11-18T00:55:48+01:00,[60],[-117.332077]
2025-11-18T00:55:47+01:00,[60],[-117.332077]
2025-11-18T00:55:46+01:00,[60],[-117.332077]
2025-11-18T00:55:45+01:00,[60],[-117.332077]
2025-11-18T00:55:44+01:00,[60],[-117.332077]
2025-11-18T00:55:43+01:00,[60],[-117.332077]
2025-11-18T00:55:42+01:00,[60],[-117.332077]
2025-11-18T00:55:41+01:00,[60],[-117.332077]
2025-11-18T00:55:40+01:00,[60],[-117.332077]
2025-11-18T00:55:39+01:00,[60],[-117.332077]
2025-11-18T00:55:38+01:00,[60],[-117.332077]
2025-11-18T00:55:37+01:00,[60],[-117.332077]
2025-11-18T00:55:36+01:00,[60],[-117.332077]
2025-11-18T00:55:35+01:00,[60],[-117.332077]
2025-11-18T00:55:34+01:00,[60],[-117.332077]
2025-11-18T00:55:33+01:00,[60],[-117.332077]
2025-11-18T00:55:32+01:00,[60],[-117.332077]
2025-11-18T00:55:31+01:00,[60],[-117.332077]
2025-11-18T00:55:30+01:00,[60],[-117.332077]
2025-11-18T00:55:29+01:00,[60],[-117.332077]
2025-11-18T00:55:28+01:00,[60],[-117.332077]
2025-11-18T00:55:27+01:00,[60],[-117.332077]
2025-11-18T00:55:26+01:00,[60],[-117.332077]
2025-11-18T00:55:25+01:00,[60],[-117.332077]
2025-11-18T00:55:24+01:00,[60],[-117.332077]
2025-11-18T00:55:23+01:00,[60],[-117.332077]
2025-11-18T00:55:22+01:00,[60],[-117.332077]
2025-11-18T00:55:21+01:00,[60],[-117.332077]
2025-11-18T00:55:20+01:00,[60],[-117.332077]
2025-11-18T00:55:19+01:00,[60],[-117.332069]
2025-11-18T00:55:18+01:00,[60],[-117.332069]
2025-11-18T00:55:17+01:00,[60],[-117.332069]
2025-11-18T00:55:16+01:00,[60],[-117.332062]
2025-11-18T00:55:15+01:00,[60],[-117.332069]
2025-11-18T00:55:14+01:00,[60],[-117.332069]
2025-11-18T00:55:13+01:00,[60],[-117.332069]
2025-11-18T00:55:12+01:00,[60],[-117.332069]
2025-11-18T00:55:11+01:00,[60],[-117.332069]
2025-11-18T00:55:10+01:00,[60],[-117.332069]
2025-11-18T00:55:09+01:00,[60],[-117.332069]
2025-11-18T00:55:08+01:00,[60],[-117.332069]
2025-11-18T00:55:07+01:00,[60],[-117.332069]
2025-11-18T00:55:06+01:00,[60],[-117.332069]
2025-11-18T00:55:05+01:00,[60],[-117.332069]
2025-11-18T00:55:04+01:00,[60],[-117.332069]
2025-11-18T00:55:03+01:00,[60],[-117.332069]
2025-11-18T00:55:02+01:00,[60],[-117.332069]
2025-11-18T00:55:01+01:00,[60],[-117.332077]
2025-11-18T00:55:00+01:00,[60],[-117.332069]
2025-11-18T00:54:58+01:00,[60],[-117.332077]
2025-11-18T00:54:57+01:00,[60],[-117.332069]
2025-11-18T00:54:56+01:00,[60],[-117.332069]
2025-11-18T00:54:55+01:00,[60],[-117.332069]
2025-11-18T00:54:54+01:00,[60],[-117.332069]
2025-11-18T00:54:53+01:00,[60],[-117.332062]
2025-11-18T00:54:52+01:00,[60],[-117.332069]
2025-11-18T00:54:51+01:00,[60],[-117.332069]
2025-11-18T00:54:50+01:00,[60],[-117.332069]
2025-11-18T00:54:49+01:00,[60],[-117.332069]
2025-11-18T00:54:48+01:00,[60],[-117.332069]
2025-11-18T00:54:47+01:00,[60],[-117.332069]
2025-11-18T00:54:46+01:00,[60],[-117.332062]
2025-11-18T00:54:45+01:00,[60],[-117.332062]
2025-11-18T00:54:44+01:00,[60],[-117.332062]
2025-11-18T00:54:43+01:00,[60],[-117.332069]
2025-11-18T00:54:42+01:00,[60],[-117.332069]
2025-11-18T00:54:41+01:00,[60],[-117.332062]
2025-11-18T00:54:40+01:00,[60],[-117.332054]
2025-11-18T00:54:39+01:00,[60],[-117.332054]
2025-11-18T00:54:38+01:00,[60],[-117.332054]
2025-11-18T00:54:37+01:00,[60],[-117.332054]
2025-11-18T00:54:36+01:00,[60],[-117.332054]
2025-11-18T00:54:35+01:00,[60],[-117.332062]
2025-11-18T00:54:34+01:00,[60],[-117.332054]
2025-11-18T00:54:33+01:00,[60],[-117.332054]
2025-11-18T00:54:32+01:00,[60],[-117.332054]
2025-11-18T00:54:31+01:00,[60],[-117.332054]
2025-11-18T00:54:30+01:00,[60],[-117.332054]
2025-11-18T00:54:29+01:00,[60],[-117.332062]
2025-11-18T00:54:28+01:00,[60],[-117.332054]
2025-11-18T00:54:27+01:00,[60],[-117.332054]
2025-11-18T00:54:26+01:00,[60],[-117.332062]
2025-11-18T00:54:25+01:00,[60],[-117.332054]
2025-11-18T00:54:24+01:00,[60],[-117.332054]
2025-11-18T00:54:23+01:00,[60],[-117.332054]
2025-11-18T00:54:22+01:00,[60],[-117.332054]
2025-11-18T00:54:21+01:00,[60],[-117.332054]
2025-11-18T00:54:20+01:00,[60],[-117.332054]
2025-11-18T00:54:19+01:00,[60],[-117.332054]
2025-11-18T00:54:18+01:00,[60],[-117.332054]
2025-11-18T00:54:17+01:00,[60],[-117.332054]
2025-11-18T00:54:16+01:00,[60],[-117.332054]
2025-11-18T00:54:15+01:00,[60],[-117.332054]
2025-11-18T00:54:14+01:00,[60],[-117.332054]
2025-11-18T00:54:13+01:00,[60],[-117.332054]
2025-11-18T00:54:12+01:00,[60],[-117.332054]
2025-11-18T00:54:11+01:00,[60],[-117.332047]
2025-11-18T00:54:10+01:00,[60],[-117.332047]
2025-11-18T00:54:09+01:00,[60],[-117.332047]
2025-11-18T00:54:08+01:00,[60],[-117.332047]
2025-11-18T00:54:07+01:00,[60],[-117.332054]
2025-11-18T00:54:06+01:00,[60],[-117.332062]
2025-11-18T00:54:05+01:00,[60],[-117.332054]
2025-11-18T00:54:04+01:00,[60],[-117.332054]
2025-11-18T00:54:03+01:00,[60],[-117.332054]
2025-11-18T00:54:02+01:00,[60],[-117.332054]
2025-11-18T00:54:01+01:00,[60],[-117.332047]
2025-11-18T00:54:00+01:00,[60],[-117.332047]
2025-11-18T00:53:59+01:00,[60],[-117.332047]
2025-11-18T00:53:58+01:00,[60],[-117.332047]
2025-11-18T00:53:57+01:00,[60],[-117.332047]
2025-11-18T00:53:56+01:00,[60],[-117.332047]
2025-11-18T00:53:55+01:00,[60],[-117.332054]
2025-11-18T00:53:54+01:00,[60],[-117.332054]
2025-11-18T00:53:53+01:00,[60],[-117.332054]
2025-11-18T00:53:52+01:00,[60],[-117.332054]
2025-11-18T00:53:51+01:00,[60],[-117.332054]
2025-11-18T00:53:50+01:00,[60],[-117.332054]
2025-11-18T00:53:49+01:00,[60],[-117.332054]
2025-11-18T00:53:48+01:00,[60],[-117.332054]
2025-11-18T00:53:47+01:00,[60],[-117.332054]
2025-11-18T00:53:46+01:00,[60],[-117.332047]
2025-11-18T00:53:45+01:00,[60],[-117.332047]
2025-11-18T00:53:44+01:00,[60],[-117.332047]
2025-11-18T00:53:43+01:00,[60],[-117.332047]
2025-11-18T00:53:42+01:00,[60],[-117.332047]
2025-11-18T00:53:41+01:00,[60],[-117.332047]
2025-11-18T00:53:40+01:00,[60],[-117.332054]
2025-11-18T00:53:39+01:00,[60],[-117.332054]
2025-11-18T00:53:38+01:00,[60],[-117.332054]
2025-11-18T00:53:37+01:00,[60],[-117.332054]
2025-11-18T00:53:36+01:00,[60],[-117.332054]
2025-11-18T00:53:35+01:00,[60],[-117.332054]
2025-11-18T00:53:34+01:00,[60],[-117.332054]
2025-11-18T00:53:33+01:00,[60],[-117.332054]
2025-11-18T00:53:32+01:00,[60],[-117.332054]
2025-11-18T00:53:31+01:00,[60],[-117.332054]
2025-11-18T00:53:30+01:00,[60],[-117.332047]
2025-11-18T00:53:29+01:00,[60],[-117.332047]
2025-11-18T00:53:28+01:00,[60],[-117.332047]
2025-11-18T00:53:27+01:00,[60],[-117.332047]
2025-11-18T00:53:26+01:00,[60],[-117.332047]
2025-11-18T00:53:25+01:00,[60],[-117.332047]
2025-11-18T00:53:24+01:00,[60],[-117.332047]
2025-11-18T00:53:23+01:00,[60],[-117.332054]
2025-11-18T00:53:22+01:00,[60],[-117.332054]
2025-11-18T00:53:21+01:00,[60],[-117.332054]
2025-11-18T00:53:20+01:00,[60],[-117.332047]
2025-11-18T00:53:19+01:00,[60],[-117.332047]
2025-11-18T00:53:18+01:00,[60],[-117.332039]
2025-11-18T00:53:17+01:00,[60],[-117.332047]
2025-11-18T00:53:16+01:00,[60],[-117.332054]
2025-11-18T00:53:15+01:00,[60],[-117.332047]
2025-11-18T00:53:14+01:00,[60],[-117.332047]
2025-11-18T00:53:13+01:00,[60],[-117.332047]
2025-11-18T00:53:12+01:00,[60],[-117.332054]
2025-11-18T00:53:11+01:00,[60],[-117.332054]
2025-11-18T00:53:10+01:00,[60],[-117.332054]
2025-11-18T00:53:09+01:00,[60],[-117.332054]
2025-11-18T00:53:08+01:00,[60],[-117.332054]
2025-11-18T00:53:07+01:00,[60],[-117.332054]
2025-11-18T00:53:06+01:00,[60],[-117.332054]
2025-11-18T00:53:05+01:00,[60],[-117.332062]
2025-11-18T00:53:04+01:00,[60],[-117.332062]
2025-11-18T00:53:03+01:00,[60],[-117.332062]
2025-11-18T00:53:02+01:00,[60],[-117.332062]
2025-11-18T00:53:01+01:00,[60],[-117.332062]
2025-11-18T00:53:00+01:00,[60],[-117.332062]
2025-11-18T00:52:59+01:00,[60],[-117.332062]
2025-11-18T00:52:58+01:00,[60],[-117.332069]
2025-11-18T00:52:57+01:00,[60],[-117.332069]
2025-11-18T00:52:56+01:00,[60],[-117.332069]
2025-11-18T00:52:55+01:00,[60],[-117.332062]
2025-11-18T00:52:53+01:00,[60],[-117.332062]
2025-11-18T00:52:52+01:00,[60],[-117.332054]
2025-11-18T00:52:51+01:00,[60],[-117.332062]
2025-11-18T00:52:50+01:00,[60],[-117.332062]
2025-11-18T00:52:49+01:00,[60],[-117.332062]
2025-11-18T00:52:48+01:00,[60],[-117.332069]
2025-11-18T00:52:47+01:00,[60],[-117.332069]
2025-11-18T00:52:46+01:00,[60],[-117.332062]
2025-11-18T00:52:45+01:00,[60],[-117.332062]
2025-11-18T00:52:44+01:00,[60],[-117.332062]
2025-11-18T00:52:43+01:00,[60],[-117.332062]
2025-11-18T00:52:42+01:00,[60],[-117.332062]
2025-11-18T00:52:41+01:00,[60],[-117.332062]
2025-11-18T00:52:40+01:00,[60],[-117.332062]
2025-11-18T00:52:39+01:00,[60],[-117.332069]
2025-11-18T00:52:38+01:00,[60],[-117.332069]
2025-11-18T00:52:37+01:00,[60],[-117.332077]
2025-11-18T00:52:36+01:00,[60],[-117.332069]
2025-11-18T00:52:35+01:00,[60],[-117.332077]
2025-11-18T00:52:34+01:00,[60],[-117.332077]
2025-11-18T00:52:33+01:00,[60],[-117.332069]
2025-11-18T00:52:32+01:00,[60],[-117.332069]
2025-11-18T00:52:31+01:00,[60],[-117.332069]
2025-11-18T00:52:30+01:00,[60],[-117.332077]
2025-11-18T00:52:29+01:00,[60],[-117.332077]
2025-11-18T00:52:28+01:00,[60],[-117.332077]
2025-11-18T00:52:27+01:00,[60],[-117.332077]
2025-11-18T00:52:26+01:00,[60],[-117.332077]
2025-11-18T00:52:25+01:00,[60],[-117.332077]
2025-11-18T00:52:24+01:00,[60],[-117.332069]
2025-11-18T00:52:23+01:00,[60],[-117.332069]
2025-11-18T00:52:22+01:00,[60],[-117.332069]
2025-11-18T00:52:21+01:00,[60],[-117.332069]
2025-11-18T00:52:20+01:00,[60],[-117.332069]
2025-11-18T00:52:19+01:00,[60],[-117.332069]
2025-11-18T00:52:18+01:00,[60],[-117.332062]
2025-11-18T00:52:17+01:00,[60],[-117.332069]
2025-11-18T00:52:16+01:00,[60],[-117.332069]
2025-11-18T00:52:15+01:00,[60],[-117.332069]
2025-11-18T00:52:14+01:00,[60],[-117.332062]
2025-11-18T00:52:13+01:00,[60],[-117.332069]
2025-11-18T00:52:12+01:00,[60],[-117.332069]
2025-11-18T00:52:11+01:00,[60],[-117.332069]
2025-11-18T00:52:10+01:00,[60],[-117.332062]
2025-11-18T00:52:09+01:00,[60],[-117.332062]
2025-11-18T00:52:08+01:00,[60],[-117.332069]
2025-11-18T00:52:07+01:00,[60],[-117.332069]
2025-11-18T00:52:06+01:00,[60],[-117.332069]
2025-11-18T00:52:05+01:00,[60],[-117.332069]
2025-11-18T00:52:04+01:00,[60],[-117.332062]
2025-11-18T00:52:03+01:00,[60],[-117.332062]
2025-11-18T00:52:02+01:00,[60],[-117.332069]
2025-11-18T00:52:01+01:00,[60],[-117.332069]
2025-11-18T00:52:00+01:00,[60],[-117.332062]
2025-11-18T00:51:59+01:00,[60],[-117.332069]
2025-11-18T00:51:58+01:00,[60],[-117.332069]
2025-11-18T00:51:57+01:00,[60],[-117.332077]
2025-11-18T00:51:56+01:00,[60],[-117.332085]
2025-11-18T00:51:55+01:00,[60],[-117.332085]
2025-11-18T00:51:54+01:00,[60],[-117.332085]
2025-11-18T00:51:53+01:00,[60],[-117.332085]
2025-11-18T00:51:52+01:00,[60],[-117.332085]
2025-11-18T00:51:51+01:00,[60],[-117.332085]
2025-11-18T00:51:50+01:00,[60],[-117.332085]
2025-11-18T00:51:49+01:00,[60],[-117.332085]
2025-11-18T00:51:48+01:00,[60],[-117.332085]
2025-11-18T00:51:47+01:00,[60],[-117.332092]
2025-11-18T00:51:46+01:00,[60],[-117.3321]
2025-11-18T00:51:45+01:00,[60],[-117.3321]
2025-11-18T00:51:44+01:00,[60],[-117.3321]
2025-11-18T00:51:43+01:00,[60],[-117.3321]
2025-11-18T00:51:42+01:00,[60],[-117.3321]
2025-11-18T00:51:41+01:00,[60],[-117.332092]
2025-11-18T00:51:40+01:00,[60],[-117.332092]
2025-11-18T00:51:39+01:00,[60],[-117.332092]
2025-11-18T00:51:38+01:00,[60],[-117.332092]
2025-11-18T00:51:37+01:00,[60],[-117.3321]
2025-11-18T00:51:36+01:00,[60],[-117.3321]
2025-11-18T00:51:35+01:00,[60],[-117.332092]
2025-11-18T00:51:34+01:00,[60],[-117.332092]
2025-11-18T00:51:33+01:00,[60],[-117.332092]
2025-11-18T00:51:32+01:00,[60],[-117.332092]
2025-11-18T00:51:31+01:00,[60],[-117.332092]
2025-11-18T00:51:30+01:00,[60],[-117.332092]
2025-11-18T00:51:29+01:00,[60],[-117.332085]
2025-11-18T00:51:28+01:00,[60],[-117.332085]
2025-11-18T00:51:27+01:00,[60],[-117.332085]
2025-11-18T00:51:26+01:00,[60],[-117.332085]
2025-11-18T00:51:25+01:00,[60],[-117.332085]
2025-11-18T00:51:24+01:00,[60],[-117.332077]
2025-11-18T00:51:23+01:00,[60],[-117.332085]
2025-11-18T00:51:22+01:00,[60],[-117.332069]
2025-11-18T00:51:21+01:00,[60],[-117.332062]
2025-11-18T00:51:20+01:00,[60],[-117.332069]
2025-11-18T00:51:19+01:00,[60],[-117.332069]
2025-11-18T00:51:18+01:00,[60],[-117.332069]
2025-11-18T00:51:17+01:00,[60],[-117.332069]
2025-11-18T00:51:16+01:00,[60],[-117.332062]
2025-11-18T00:51:15+01:00,[60],[-117.332062]
2025-11-18T00:51:14+01:00,[60],[-117.332062]
2025-11-18T00:51:13+01:00,[60],[-117.332054]
2025-11-18T00:51:12+01:00,[60],[-117.332054]
2025-11-18T00:51:11+01:00,[60],[-117.332062]
2025-11-18T00:51:10+01:00,[60],[-117.332069]
2025-11-18T00:51:09+01:00,[60],[-117.332077]
2025-11-18T00:51:08+01:00,[60],[-117.332085]
2025-11-18T00:51:07+01:00,[60],[-117.332085]
2025-11-18T00:51:06+01:00,[60],[-117.332085]
2025-11-18T00:51:05+01:00,[60],[-117.332085]
2025-11-18T00:51:04+01:00,[60],[-117.332085]
2025-11-18T00:51:03+01:00,[60],[-117.332092]
2025-11-18T00:51:02+01:00,[60],[-117.332092]
2025-11-18T00:51:01+01:00,[60],[-117.332092]
2025-11-18T00:51:00+01:00,[60],[-117.332092]
2025-11-18T00:50:59+01:00,[60],[-117.3321]
2025-11-18T00:50:58+01:00,[60],[-117.332092]
2025-11-18T00:50:57+01:00,[60],[-117.332092]
2025-11-18T00:50:56+01:00,[60],[-117.332085]
2025-11-18T00:50:55+01:00,[60],[-117.332085]
2025-11-18T00:50:54+01:00,[60],[-117.332085]
2025-11-18T00:50:53+01:00,[60],[-117.332092]
2025-11-18T00:50:52+01:00,[60],[-117.332092]
2025-11-18T00:50:51+01:00,[60],[-117.332085]
2025-11-18T00:50:50+01:00,[60],[-117.332092]
2025-11-18T00:50:49+01:00,[60],[-117.332092]
2025-11-18T00:50:47+01:00,[60],[-117.332092]
2025-11-18T00:50:46+01:00,[60],[-117.332092]
2025-11-18T00:50:45+01:00,[60],[-117.332092]
2025-11-18T00:50:44+01:00,[60],[-117.332092]
2025-11-18T00:50:43+01:00,[60],[-117.332092]
2025-11-18T00:50:42+01:00,[60],[-117.332092]
2025-11-18T00:50:41+01:00,[60],[-117.332092]
2025-11-18T00:50:40+01:00,[60],[-117.332092]
2025-11-18T00:50:39+01:00,[60],[-117.332092]
2025-11-18T00:50:38+01:00,[60],[-117.332085]
2025-11-18T00:50:37+01:00,[60],[-117.332092]
2025-11-18T00:50:36+01:00,[60],[-117.332092]
2025-11-18T00:50:35+01:00,[60],[-117.332092]
2025-11-18T00:50:34+01:00,[60],[-117.332085]
2025-11-18T00:50:33+01:00,[60],[-117.332085]
2025-11-18T00:50:32+01:00,[60],[-117.332085]
2025-11-18T00:50:31+01:00,[60],[-117.332085]
2025-11-18T00:50:30+01:00,[60],[-117.332085]
2025-11-18T00:50:29+01:00,[60],[-117.332085]
2025-11-18T00:50:28+01:00,[60],[-117.332085]
2025-11-18T00:50:27+01:00,[60],[-117.332092]
2025-11-18T00:50:26+01:00,[60],[-117.332092]
2025-11-18T00:50:25+01:00,[60],[-117.332085]
2025-11-18T00:50:24+01:00,[60],[-117.332092]
2025-11-18T00:50:23+01:00,[60],[-117.332085]
2025-11-18T00:50:22+01:00,[60],[-117.332085]
2025-11-18T00:50:21+01:00,[60],[-117.332092]
2025-11-18T00:50:20+01:00,[60],[-117.332092]
2025-11-18T00:50:19+01:00,[60],[-117.332092]
2025-11-18T00:50:18+01:00,[60],[-117.332085]
2025-11-18T00:50:17+01:00,[60],[-117.332092]
2025-11-18T00:50:16+01:00,[60],[-117.3321]
2025-11-18T00:50:15+01:00,[60],[-117.3321]
2025-11-18T00:50:14+01:00,[60],[-117.332092]
2025-11-18T00:50:13+01:00,[60],[-117.332092]
2025-11-18T00:50:12+01:00,[60],[-117.332085]
2025-11-18T00:50:11+01:00,[60],[-117.332085]
2025-11-18T00:50:10+01:00,[60],[-117.332085]
2025-11-18T00:50:09+01:00,[60],[-117.332085]
2025-11-18T00:50:08+01:00,[60],[-117.332077]
2025-11-18T00:50:07+01:00,[60],[-117.332077]
2025-11-18T00:50:06+01:00,[60],[-117.332077]
2025-11-18T00:50:05+01:00,[60],[-117.332077]
2025-11-18T00:50:04+01:00,[60],[-117.332077]
2025-11-18T00:50:03+01:00,[60],[-117.332069]
2025-11-18T00:50:02+01:00,[60],[-117.332077]
2025-11-18T00:50:01+01:00,[60],[-117.332077]
2025-11-18T00:50:00+01:00,[60],[-117.332077]
2025-11-18T00:49:59+01:00,[60],[-117.332077]
2025-11-18T00:49:58+01:00,[60],[-117.332077]
2025-11-18T00:49:57+01:00,[60],[-117.332077]
2025-11-18T00:49:56+01:00,[60],[-117.332077]
2025-11-18T00:49:55+01:00,[60],[-117.332077]
2025-11-18T00:49:54+01:00,[60],[-117.332077]
2025-11-18T00:49:53+01:00,[60],[-117.332077]
2025-11-18T00:49:52+01:00,[60],[-117.332069]
2025-11-18T00:49:51+01:00,[60],[-117.332069]
2025-11-18T00:49:50+01:00,[60],[-117.332077]
2025-11-18T00:49:49+01:00,[60],[-117.332077]
2025-11-18T00:49:48+01:00,[60],[-117.332077]
2025-11-18T00:49:47+01:00,[60],[-117.332077]
2025-11-18T00:49:46+01:00,[60],[-117.332077]
2025-11-18T00:49:45+01:00,[60],[-117.332077]
2025-11-18T00:49:44+01:00,[60],[-117.332077]
2025-11-18T00:49:43+01:00,[60],[-117.332077]
2025-11-18T00:49:42+01:00,[60],[-117.332077]
2025-11-18T00:49:41+01:00,[60],[-117.332077]
2025-11-18T00:49:40+01:00,[60],[-117.332077]
2025-11-18T00:49:39+01:00,[60],[-117.332077]
2025-11-18T00:49:38+01:00,[60],[-117.332077]
2025-11-18T00:49:37+01:00,[60],[-117.332077]
2025-11-18T00:49:36+01:00,[60],[-117.332077]
2025-11-18T00:49:35+01:00,[60],[-117.332077]
2025-11-18T00:49:34+01:00,[60],[-117.332077]
2025-11-18T00:49:33+01:00,[60],[-117.332077]
2025-11-18T00:49:32+01:00,[60],[-117.332077]
2025-11-18T00:49:31+01:00,[60],[-117.332077]
2025-11-18T00:49:30+01:00,[60],[-117.332077]
2025-11-18T00:49:29+01:00,[60],[-117.332077]
2025-11-18T00:49:28+01:00,[60],[-117.332085]
2025-11-18T00:49:27+01:00,[60],[-117.332077]
2025-11-18T00:49:26+01:00,[60],[-117.332077]
2025-11-18T00:49:25+01:00,[60],[-117.332069]
2025-11-18T00:49:24+01:00,[60],[-117.332069]
2025-11-18T00:49:23+01:00,[60],[-117.332069]
2025-11-18T00:49:22+01:00,[60],[-117.332069]
2025-11-18T00:49:21+01:00,[60],[-117.332069]
2025-11-18T00:49:20+01:00,[60],[-117.332069]
2025-11-18T00:49:19+01:00,[60],[-117.332069]
2025-11-18T00:49:18+01:00,[60],[-117.332069]
2025-11-18T00:49:17+01:00,[60],[-117.332062]
2025-11-18T00:49:16+01:00,[60],[-117.332062]
2025-11-18T00:49:15+01:00,[60],[-117.332062]
2025-11-18T00:49:14+01:00,[60],[-117.332069]
2025-11-18T00:49:13+01:00,[60],[-117.332069]
2025-11-18T00:49:12+01:00,[60],[-117.332069]
2025-11-18T00:49:11+01:00,[60],[-117.332069]
2025-11-18T00:49:10+01:00,[60],[-117.332077]
2025-11-18T00:49:09+01:00,[60],[-117.332077]
2025-11-18T00:49:08+01:00,[60],[-117.332077]
2025-11-18T00:49:07+01:00,[60],[-117.332077]
2025-11-18T00:49:06+01:00,[60],[-117.332077]
2025-11-18T00:49:05+01:00,[60],[-117.332077]
2025-11-18T00:49:04+01:00,[60],[-117.332077]
2025-11-18T00:49:03+01:00,[60],[-117.332077]
2025-11-18T00:49:02+01:00,[60],[-117.332077]
2025-11-18T00:49:01+01:00,[60],[-117.332077]
2025-11-18T00:49:00+01:00,[60],[-117.332077]
2025-11-18T00:48:59+01:00,[60],[-117.332077]
2025-11-18T00:48:58+01:00,[60],[-117.332077]
2025-11-18T00:48:57+01:00,[60],[-117.332069]
2025-11-18T00:48:56+01:00,[60],[-117.332069]
2025-11-18T00:48:55+01:00,[60],[-117.332069]
2025-11-18T00:48:54+01:00,[60],[-117.332077]
2025-11-18T00:48:53+01:00,[60],[-117.332077]
2025-11-18T00:48:52+01:00,[60],[-117.332077]
2025-11-18T00:48:51+01:00,[60],[-117.332077]
2025-11-18T00:48:50+01:00,[60],[-117.332085]
2025-11-18T00:48:49+01:00,[60],[-117.332085]
2025-11-18T00:48:48+01:00,[60],[-117.332085]
2025-11-18T00:48:47+01:00,[60],[-117.332077]
2025-11-18T00:48:46+01:00,[60],[-117.332077]
2025-11-18T00:48:45+01:00,[60],[-117.332085]
2025-11-18T00:48:44+01:00,[60],[-117.332085]
2025-11-18T00:48:43+01:00,[60],[-117.332092]
2025-11-18T00:48:41+01:00,[60],[-117.3321]
2025-11-18T00:48:40+01:00,[60],[-117.3321]
2025-11-18T00:48:39+01:00,[60],[-117.3321]
2025-11-18T00:48:38+01:00,[60],[-117.332108]
2025-11-18T00:48:37+01:00,[60],[-117.332108]
2025-11-18T00:48:36+01:00,[60],[-117.332108]
2025-11-18T00:48:35+01:00,[60],[-117.332108]
2025-11-18T00:48:34+01:00,[60],[-117.3321]
2025-11-18T00:48:33+01:00,[60],[-117.3321]
2025-11-18T00:48:32+01:00,[60],[-117.332092]
2025-11-18T00:48:31+01:00,[60],[-117.3321]
2025-11-18T00:48:30+01:00,[60],[-117.3321]
2025-11-18T00:48:29+01:00,[60],[-117.332108]
2025-11-18T00:48:28+01:00,[60],[-117.332108]
2025-11-18T00:48:27+01:00,[60],[-117.332108]
2025-11-18T00:48:26+01:00,[60],[-117.332108]
2025-11-18T00:48:25+01:00,[60],[-117.332108]
2025-11-18T00:48:24+01:00,[60],[-117.332108]
2025-11-18T00:48:23+01:00,[60],[-117.332108]
2025-11-18T00:48:22+01:00,[60],[-117.332108]
2025-11-18T00:48:21+01:00,[60],[-117.332108]
2025-11-18T00:48:20+01:00,[60],[-117.3321]
2025-11-18T00:48:19+01:00,[60],[-117.3321]
2025-11-18T00:48:18+01:00,[60],[-117.3321]
2025-11-18T00:48:17+01:00,[60],[-117.3321]
2025-11-18T00:48:16+01:00,[60],[-117.3321]
2025-11-18T00:48:15+01:00,[60],[-117.332092]
2025-11-18T00:48:14+01:00,[60],[-117.332092]
2025-11-18T00:48:13+01:00,[60],[-117.332092]
2025-11-18T00:48:12+01:00,[60],[-117.332085]
2025-11-18T00:48:11+01:00,[60],[-117.332085]
2025-11-18T00:48:10+01:00,[60],[-117.332085]
2025-11-18T00:48:09+01:00,[60],[-117.332085]
2025-11-18T00:48:08+01:00,[60],[-117.332085]
2025-11-18T00:48:07+01:00,[60],[-117.332085]
2025-11-18T00:48:06+01:00,[60],[-117.332085]
2025-11-18T00:48:05+01:00,[60],[-117.332077]
2025-11-18T00:48:04+01:00,[60],[-117.332077]
2025-11-18T00:48:03+01:00,[60],[-117.332085]
2025-11-18T00:48:02+01:00,[60],[-117.332085]
2025-11-18T00:48:01+01:00,[60],[-117.332092]
2025-11-18T00:48:00+01:00,[60],[-117.332085]
2025-11-18T00:47:59+01:00,[60],[-117.332085]
2025-11-18T00:47:58+01:00,[60],[-117.332085]
2025-11-18T00:47:57+01:00,[60],[-117.332085]
2025-11-18T00:47:56+01:00,[60],[-117.332085]
2025-11-18T00:47:55+01:00,[60],[-117.332092]
2025-11-18T00:47:54+01:00,[60],[-117.332092]
2025-11-18T00:47:53+01:00,[60],[-117.3321]
2025-11-18T00:47:52+01:00,[60],[-117.3321]
2025-11-18T00:47:51+01:00,[60],[-117.3321]
2025-11-18T00:47:50+01:00,[60],[-117.332092]
2025-11-18T00:47:49+01:00,[60],[-117.332092]
2025-11-18T00:47:48+01:00,[60],[-117.332085]
2025-11-18T00:47:47+01:00,[60],[-117.332085]
2025-11-18T00:47:46+01:00,[60],[-117.332085]
2025-11-18T00:47:45+01:00,[60],[-117.332085]
2025-11-18T00:47:44+01:00,[60],[-117.332085]
2025-11-18T00:47:43+01:00,[60],[-117.332085]
2025-11-18T00:47:42+01:00,[60],[-117.332077]
2025-11-18T00:47:41+01:00,[60],[-117.332085]
2025-11-18T00:47:40+01:00,[60],[-117.332077]
2025-11-18T00:47:39+01:00,[60],[-117.332085]
2025-11-18T00:47:38+01:00,[60],[-117.332085]
2025-11-18T00:47:37+01:00,[60],[-117.332077]
2025-11-18T00:47:36+01:00,[60],[-117.332077]
2025-11-18T00:47:35+01:00,[60],[-117.332077]
2025-11-18T00:47:34+01:00,[60],[-117.332077]
2025-11-18T00:47:33+01:00,[60],[-117.332085]
2025-11-18T00:47:32+01:00,[60],[-117.332085]
2025-11-18T00:47:31+01:00,[60],[-117.332092]
2025-11-18T00:47:30+01:00,[60],[-117.3321]
2025-11-18T00:47:29+01:00,[60],[-117.332092]
2025-11-18T00:47:28+01:00,[60],[-117.332092]
2025-11-18T00:47:27+01:00,[60],[-117.332092]
2025-11-18T00:47:26+01:00,[60],[-117.332092]
2025-11-18T00:47:25+01:00,[60],[-117.332092]
2025-11-18T00:47:24+01:00,[60],[-117.332085]
2025-11-18T00:47:23+01:00,[60],[-117.332085]
2025-11-18T00:47:22+01:00,[60],[-117.332077]
2025-11-18T00:47:21+01:00,[60],[-117.332077]
2025-11-18T00:47:20+01:00,[60],[-117.332085]
2025-11-18T00:47:19+01:00,[60],[-117.332077]
2025-11-18T00:47:18+01:00,[60],[-117.332077]
2025-11-18T00:47:17+01:00,[60],[-117.332077]
2025-11-18T00:47:16+01:00,[60],[-117.332077]
2025-11-18T00:47:15+01:00,[60],[-117.332077]
2025-11-18T00:47:14+01:00,[60],[-117.332077]
2025-11-18T00:47:13+01:00,[60],[-117.332077]
2025-11-18T00:47:12+01:00,[60],[-117.332077]
2025-11-18T00:47:11+01:00,[60],[-117.332077]
2025-11-18T00:47:10+01:00,[60],[-117.332077]
2025-11-18T00:47:09+01:00,[60],[-117.332077]
2025-11-18T00:47:08+01:00,[60],[-117.332085]
2025-11-18T00:47:07+01:00,[60],[-117.332077]
2025-11-18T00:47:06+01:00,[60],[-117.332077]
2025-11-18T00:47:05+01:00,[60],[-117.332077]
2025-11-18T00:47:04+01:00,[60],[-117.332069]
2025-11-18T00:47:03+01:00,[60],[-117.332077]
2025-11-18T00:47:02+01:00,[60],[-117.332077]
2025-11-18T00:47:01+01:00,[60],[-117.332077]
2025-11-18T00:47:00+01:00,[60],[-117.332069]
2025-11-18T00:46:59+01:00,[60],[-117.332077]
2025-11-18T00:46:58+01:00,[60],[-117.332077]
2025-11-18T00:46:57+01:00,[60],[-117.332077]
2025-11-18T00:46:56+01:00,[60],[-117.332085]
2025-11-18T00:46:55+01:00,[60],[-117.332085]
2025-11-18T00:46:54+01:00,[60],[-117.332085]
2025-11-18T00:46:53+01:00,[60],[-117.332085]
2025-11-18T00:46:52+01:00,[60],[-117.332085]
2025-11-18T00:46:51+01:00,[60],[-117.332077]
2025-11-18T00:46:50+01:00,[60],[-117.332077]
2025-11-18T00:46:49+01:00,[60],[-117.332077]
2025-11-18T00:46:48+01:00,[60],[-117.332069]
2025-11-18T00:46:47+01:00,[60],[-117.332069]
2025-11-18T00:46:46+01:00,[60],[-117.332069]
2025-11-18T00:46:45+01:00,[60],[-117.332069]
2025-11-18T00:46:44+01:00,[60],[-117.332069]
2025-11-18T00:46:43+01:00,[60],[-117.332069]
2025-11-18T00:46:42+01:00,[60],[-117.332069]
2025-11-18T00:46:41+01:00,[60],[-117.332069]
2025-11-18T00:46:40+01:00,[60],[-117.332062]
2025-11-18T00:46:39+01:00,[60],[-117.332062]
2025-11-18T00:46:38+01:00,[60],[-117.332069]
2025-11-18T00:46:36+01:00,[60],[-117.332069]
2025-11-18T00:46:35+01:00,[60],[-117.332062]
2025-11-18T00:46:34+01:00,[60],[-117.332062]
2025-11-18T00:46:33+01:00,[60],[-117.332069]
2025-11-18T00:46:32+01:00,[60],[-117.332069]
2025-11-18T00:46:31+01:00,[60],[-117.332069]
2025-11-18T00:46:30+01:00,[60],[-117.332062]
2025-11-18T00:46:29+01:00,[60],[-117.332069]
2025-11-18T00:46:28+01:00,[60],[-117.332077]
2025-11-18T00:46:27+01:00,[60],[-117.332077]
2025-11-18T00:46:26+01:00,[60],[-117.332077]
2025-11-18T00:46:25+01:00,[60],[-117.332077]
2025-11-18T00:46:24+01:00,[60],[-117.332077]
2025-11-18T00:46:23+01:00,[60],[-117.332069]
2025-11-18T00:46:22+01:00,[60],[-117.332069]
2025-11-18T00:46:21+01:00,[60],[-117.332069]
2025-11-18T00:46:20+01:00,[60],[-117.332069]
2025-11-18T00:46:19+01:00,[60],[-117.332069]
2025-11-18T00:46:18+01:00,[60],[-117.332069]
2025-11-18T00:46:17+01:00,[60],[-117.332069]
2025-11-18T00:46:16+01:00,[60],[-117.332069]
2025-11-18T00:46:15+01:00,[60],[-117.332077]
2025-11-18T00:46:14+01:00,[60],[-117.332069]
2025-11-18T00:46:13+01:00,[60],[-117.332069]
2025-11-18T00:46:12+01:00,[60],[-117.332069]
2025-11-18T00:46:11+01:00,[60],[-117.332069]
2025-11-18T00:46:10+01:00,[60],[-117.332069]
2025-11-18T00:46:09+01:00,[60],[-117.332069]
2025-11-18T00:46:08+01:00,[60],[-117.332069]
2025-11-18T00:46:07+01:00,[60],[-117.332077]
2025-11-18T00:46:06+01:00,[60],[-117.332077]
2025-11-18T00:46:05+01:00,[60],[-117.332077]
2025-11-18T00:46:04+01:00,[60],[-117.332077]
2025-11-18T00:46:03+01:00,[60],[-117.332077]
2025-11-18T00:46:02+01:00,[60],[-117.332077]
2025-11-18T00:46:01+01:00,[60],[-117.332077]
2025-11-18T00:46:00+01:00,[60],[-117.332077]
2025-11-18T00:45:59+01:00,[60],[-117.332077]
2025-11-18T00:45:58+01:00,[60],[-117.332069]
2025-11-18T00:45:57+01:00,[60],[-117.332077]
2025-11-18T00:45:56+01:00,[60],[-117.332069]
2025-11-18T00:45:55+01:00,[60],[-117.332069]
2025-11-18T00:45:54+01:00,[60],[-117.332069]
2025-11-18T00:45:53+01:00,[60],[-117.332069]
2025-11-18T00:45:52+01:00,[60],[-117.332069]
2025-11-18T00:45:51+01:00,[60],[-117.332069]
2025-11-18T00:45:50+01:00,[60],[-117.332069]
2025-11-18T00:45:49+01:00,[60],[-117.332069]
2025-11-18T00:45:48+01:00,[60],[-117.332069]
2025-11-18T00:45:47+01:00,[60],[-117.332069]
2025-11-18T00:45:46+01:00,[60],[-117.332069]
2025-11-18T00:45:45+01:00,[60],[-117.332069]
2025-11-18T00:45:44+01:00,[60],[-117.332069]
2025-11-18T00:45:43+01:00,[60],[-117.332069]
2025-11-18T00:45:42+01:00,[60],[-117.332069]
2025-11-18T00:45:41+01:00,[60],[-117.332069]
2025-11-18T00:45:40+01:00,[60],[-117.332062]
2025-11-18T00:45:39+01:00,[60],[-117.332062]
2025-11-18T00:45:38+01:00,[60],[-117.332054]
2025-11-18T00:45:37+01:00,[60],[-117.332054]
2025-11-18T00:45:36+01:00,[60],[-117.332062]
2025-11-18T00:45:35+01:00,[60],[-117.332062]
2025-11-18T00:45:34+01:00,[60],[-117.332054]
2025-11-18T00:45:33+01:00,[60],[-117.332054]
2025-11-18T00:45:32+01:00,[60],[-117.332054]
2025-11-18T00:45:31+01:00,[60],[-117.332054]
2025-11-18T00:45:30+01:00,[60],[-117.332054]
2025-11-18T00:45:29+01:00,[60],[-117.332054]
2025-11-18T00:45:28+01:00,[60],[-117.332054]
2025-11-18T00:45:27+01:00,[60],[-117.332054]
2025-11-18T00:45:26+01:00,[60],[-117.332054]
2025-11-18T00:45:25+01:00,[60],[-117.332054]
2025-11-18T00:45:24+01:00,[60],[-117.332047]
2025-11-18T00:45:23+01:00,[60],[-117.332047]
2025-11-18T00:45:22+01:00,[60],[-117.332047]
2025-11-18T00:45:21+01:00,[60],[-117.332047]
2025-11-18T00:45:20+01:00,[60],[-117.332047]
2025-11-18T00:45:19+01:00,[60],[-117.332039]
2025-11-18T00:45:18+01:00,[60],[-117.332047]
2025-11-18T00:45:17+01:00,[60],[-117.332047]
2025-11-18T00:45:16+01:00,[60],[-117.332047]
2025-11-18T00:45:15+01:00,[60],[-117.332054]
2025-11-18T00:45:14+01:00,[60],[-117.332047]
2025-11-18T00:45:13+01:00,[60],[-117.332047]
2025-11-18T00:45:12+01:00,[60],[-117.332047]
2025-11-18T00:45:11+01:00,[60],[-117.332047]
2025-11-18T00:45:10+01:00,[60],[-117.332039]
2025-11-18T00:45:09+01:00,[60],[-117.332039]
2025-11-18T00:45:08+01:00,[60],[-117.332047]
2025-11-18T00:45:07+01:00,[60],[-117.332047]
2025-11-18T00:45:06+01:00,[60],[-117.332054]
2025-11-18T00:45:05+01:00,[60],[-117.332054]
2025-11-18T00:45:04+01:00,[60],[-117.332054]
2025-11-18T00:45:03+01:00,[60],[-117.332047]
2025-11-18T00:45:02+01:00,[60],[-117.332039]
2025-11-18T00:45:01+01:00,[60],[-117.332039]
2025-11-18T00:45:00+01:00,[60],[-117.332031]
2025-11-18T00:44:59+01:00,[60],[-117.332024]
2025-11-18T00:44:58+01:00,[60],[-117.332024]
2025-11-18T00:44:57+01:00,[60],[-117.332024]
2025-11-18T00:44:56+01:00,[60],[-117.332024]
2025-11-18T00:44:55+01:00,[60],[-117.332024]
2025-11-18T00:44:54+01:00,[60],[-117.332024]
2025-11-18T00:44:53+01:00,[60],[-117.332024]
2025-11-18T00:44:52+01:00,[60],[-117.332024]
2025-11-18T00:44:51+01:00,[60],[-117.332024]
2025-11-18T00:44:50+01:00,[60],[-117.332031]
2025-11-18T00:44:49+01:00,[60],[-117.332031]
2025-11-18T00:44:48+01:00,[60],[-117.332031]
2025-11-18T00:44:47+01:00,[60],[-117.332039]
2025-11-18T00:44:46+01:00,[60],[-117.332039]
2025-11-18T00:44:45+01:00,[60],[-117.332047]
2025-11-18T00:44:44+01:00,[60],[-117.332039]
2025-11-18T00:44:43+01:00,[60],[-117.332047]
2025-11-18T00:44:42+01:00,[60],[-117.332039]
2025-11-18T00:44:41+01:00,[60],[-117.332047]
2025-11-18T00:44:40+01:00,[60],[-117.332039]
2025-11-18T00:44:39+01:00,[60],[-117.332031]
2025-11-18T00:44:38+01:00,[60],[-117.332031]
2025-11-18T00:44:37+01:00,[60],[-117.332031]
2025-11-18T00:44:36+01:00,[60],[-117.332031]
2025-11-18T00:44:35+01:00,[60],[-117.332031]
2025-11-18T00:44:34+01:00,[60],[-117.332039]
2025-11-18T00:44:33+01:00,[60],[-117.332039]
2025-11-18T00:44:32+01:00,[60],[-117.332031]
2025-11-18T00:44:30+01:00,[60],[-117.332039]
2025-11-18T00:44:29+01:00,[60],[-117.332031]
2025-11-18T00:44:28+01:00,[60],[-117.332039]
2025-11-18T00:44:27+01:00,[60],[-117.332039]
2025-11-18T00:44:26+01:00,[60],[-117.332031]
2025-11-18T00:44:25+01:00,[60],[-117.332039]
2025-11-18T00:44:24+01:00,[60],[-117.332039]
2025-11-18T00:44:23+01:00,[60],[-117.332039]
2025-11-18T00:44:22+01:00,[60],[-117.332039]
2025-11-18T00:44:21+01:00,[60],[-117.332039]
2025-11-18T00:44:20+01:00,[60],[-117.332039]
2025-11-18T00:44:19+01:00,[60],[-117.332039]
2025-11-18T00:44:18+01:00,[60],[-117.332047]
2025-11-18T00:44:17+01:00,[60],[-117.332039]
2025-11-18T00:44:16+01:00,[60],[-117.332039]
2025-11-18T00:44:15+01:00,[60],[-117.332047]
2025-11-18T00:44:14+01:00,[60],[-117.332062]
2025-11-18T00:44:13+01:00,[60],[-117.332062]
2025-11-18T00:44:12+01:00,[60],[-117.332069]
2025-11-18T00:44:11+01:00,[60],[-117.332062]
2025-11-18T00:44:10+01:00,[60],[-117.332062]
2025-11-18T00:44:09+01:00,[60],[-117.332062]
2025-11-18T00:44:08+01:00,[60],[-117.332062]
2025-11-18T00:44:07+01:00,[60],[-117.332062]
2025-11-18T00:44:06+01:00,[60],[-117.332069]
2025-11-18T00:44:05+01:00,[60],[-117.332069]
2025-11-18T00:44:04+01:00,[60],[-117.332062]
2025-11-18T00:44:03+01:00,[60],[-117.332062]
2025-11-18T00:44:02+01:00,[60],[-117.332062]
2025-11-18T00:44:01+01:00,[60],[-117.332069]
2025-11-18T00:44:00+01:00,[60],[-117.332069]
2025-11-18T00:43:59+01:00,[60],[-117.332069]
2025-11-18T00:43:58+01:00,[60],[-117.332069]
2025-11-18T00:43:57+01:00,[60],[-117.332069]
2025-11-18T00:43:56+01:00,[60],[-117.332077]
2025-11-18T00:43:55+01:00,[60],[-117.332077]
2025-11-18T00:43:54+01:00,[60],[-117.332085]
2025-11-18T00:43:53+01:00,[60],[-117.332077]
2025-11-18T00:43:52+01:00,[60],[-117.332077]
2025-11-18T00:43:51+01:00,[60],[-117.332077]
2025-11-18T00:43:50+01:00,[60],[-117.332077]
2025-11-18T00:43:49+01:00,[60],[-117.332069]
2025-11-18T00:43:48+01:00,[60],[-117.332062]
2025-11-18T00:43:47+01:00,[60],[-117.332054]
2025-11-18T00:43:46+01:00,[60],[-117.332062]
2025-11-18T00:43:45+01:00,[60],[-117.332054]
2025-11-18T00:43:44+01:00,[60],[-117.332062]
2025-11-18T00:43:43+01:00,[60],[-117.332062]
2025-11-18T00:43:42+01:00,[60],[-117.332062]
2025-11-18T00:43:41+01:00,[60],[-117.332054]
2025-11-18T00:43:40+01:00,[60],[-117.332062]
2025-11-18T00:43:39+01:00,[60],[-117.332062]
2025-11-18T00:43:38+01:00,[60],[-117.332062]
2025-11-18T00:43:37+01:00,[60],[-117.332062]
2025-11-18T00:43:36+01:00,[60],[-117.332062]
2025-11-18T00:43:35+01:00,[60],[-117.332062]
2025-11-18T00:43:34+01:00,[60],[-117.332062]
2025-11-18T00:43:33+01:00,[60],[-117.332062]
2025-11-18T00:43:32+01:00,[60],[-117.332062]
2025-11-18T00:43:31+01:00,[60],[-117.332062]
2025-11-18T00:43:30+01:00,[60],[-117.332062]
2025-11-18T00:43:29+01:00,[60],[-117.332054]
2025-11-18T00:43:28+01:00,[60],[-117.332062]
2025-11-18T00:43:27+01:00,[60],[-117.332062]
2025-11-18T00:43:26+01:00,[60],[-117.332062]
2025-11-18T00:43:25+01:00,[60],[-117.332062]
2025-11-18T00:43:24+01:00,[60],[-117.332062]
2025-11-18T00:43:23+01:00,[60],[-117.332062]
2025-11-18T00:43:22+01:00,[60],[-117.332069]
2025-11-18T00:43:21+01:00,[60],[-117.332069]
2025-11-18T00:43:20+01:00,[60],[-117.332062]
2025-11-18T00:43:19+01:00,[60],[-117.332062]
2025-11-18T00:43:18+01:00,[60],[-117.332062]
2025-11-18T00:43:17+01:00,[60],[-117.332069]
2025-11-18T00:43:16+01:00,[60],[-117.332069]
2025-11-18T00:43:15+01:00,[60],[-117.332069]
2025-11-18T00:43:14+01:00,[60],[-117.332062]
2025-11-18T00:43:13+01:00,[60],[-117.332069]
2025-11-18T00:43:12+01:00,[60],[-117.332069]
2025-11-18T00:43:11+01:00,[60],[-117.332069]
2025-11-18T00:43:10+01:00,[60],[-117.332069]
2025-11-18T00:43:09+01:00,[60],[-117.332069]
2025-11-18T00:43:08+01:00,[60],[-117.332062]
2025-11-18T00:43:07+01:00,[60],[-117.332062]
2025-11-18T00:43:06+01:00,[60],[-117.332062]
2025-11-18T00:43:05+01:00,[60],[-117.332062]
2025-11-18T00:43:04+01:00,[60],[-117.332062]
2025-11-18T00:43:03+01:00,[60],[-117.332062]
2025-11-18T00:43:02+01:00,[60],[-117.332069]
2025-11-18T00:43:01+01:00,[60],[-117.332069]
2025-11-18T00:43:00+01:00,[60],[-117.332069]
2025-11-18T00:42:59+01:00,[60],[-117.332069]
2025-11-18T00:42:58+01:00,[60],[-117.332069]
2025-11-18T00:42:57+01:00,[60],[-117.332069]
2025-11-18T00:42:56+01:00,[60],[-117.332069]
2025-11-18T00:42:55+01:00,[60],[-117.332069]
2025-11-18T00:42:54+01:00,[60],[-117.332077]
2025-11-18T00:42:53+01:00,[60],[-117.332085]
2025-11-18T00:42:52+01:00,[60],[-117.332085]
2025-11-18T00:42:51+01:00,[60],[-117.332085]
2025-11-18T00:42:50+01:00,[60],[-117.332085]
2025-11-18T00:42:49+01:00,[60],[-117.332085]
2025-11-18T00:42:48+01:00,[60],[-117.332085]
2025-11-18T00:42:47+01:00,[60],[-117.332085]
2025-11-18T00:42:46+01:00,[60],[-117.332085]
2025-11-18T00:42:45+01:00,[60],[-117.332085]
2025-11-18T00:42:44+01:00,[60],[-117.332085]
2025-11-18T00:42:43+01:00,[60],[-117.332085]
2025-11-18T00:42:42+01:00,[60],[-117.332085]
2025-11-18T00:42:41+01:00,[60],[-117.332085]
2025-11-18T00:42:40+01:00,[60],[-117.332085]
2025-11-18T00:42:39+01:00,[60],[-117.332085]
2025-11-18T00:42:38+01:00,[60],[-117.332085]
2025-11-18T00:42:37+01:00,[60],[-117.332085]
2025-11-18T00:42:36+01:00,[60],[-117.332085]
2025-11-18T00:42:35+01:00,[60],[-117.332085]
2025-11-18T00:42:34+01:00,[60],[-117.332085]
2025-11-18T00:42:33+01:00,[60],[-117.332085]
2025-11-18T00:42:32+01:00,[60],[-117.332085]
2025-11-18T00:42:31+01:00,[60],[-117.332085]
2025-11-18T00:42:30+01:00,[60],[-117.332085]
2025-11-18T00:42:29+01:00,[60],[-117.332085]
2025-11-18T00:42:28+01:00,[60],[-117.332085]
2025-11-18T00:42:27+01:00,[60],[-117.332085]
2025-11-18T00:42:26+01:00,[60],[-117.332085]
2025-11-18T00:42:24+01:00,[60],[-117.332085]
2025-11-18T00:42:23+01:00,[60],[-117.332085]
2025-11-18T00:42:22+01:00,[60],[-117.332085]
2025-11-18T00:42:20+01:00,[60],[-117.332207]
2025-11-18T00:42:17+01:00,[60],[-117.332207]
2025-11-11T02:59:50+01:00,[60],[-117.328568]
2025-11-11T02:59:49+01:00,[60],[-117.328575]
2025-11-11T02:59:48+01:00,[60],[-117.328575]
2025-11-11T02:59:47+01:00,[60],[-117.328575]
2025-11-11T02:59:46+01:00,[60],[-117.328575]
2025-11-11T02:59:45+01:00,[60],[-117.328575]
2025-11-11T02:59:44+01:00,[60],[-117.328575]
2025-11-11T02:59:43+01:00,[60],[-117.328575]
2025-11-11T02:59:42+01:00,[60],[-117.328545]
2025-11-11T02:59:41+01:00,[60],[-117.328529]
2025-11-11T02:59:40+01:00,[60],[-117.328522]
2025-11-11T02:59:39+01:00,[60],[-117.328514]
2025-11-11T02:59:38+01:00,[60],[-117.328537]
2025-11-11T02:59:37+01:00,[60],[-117.328552]
2025-11-11T02:59:36+01:00,[60],[-117.328568]
2025-11-11T02:59:35+01:00,[60],[-117.328583]
2025-11-11T02:59:34+01:00,[60],[-117.328606]
2025-11-11T02:59:33+01:00,[60],[-117.328629]
2025-11-11T02:59:32+01:00,[60],[-117.328636]
2025-11-11T02:59:31+01:00,[60],[-117.328644]
2025-11-11T02:59:30+01:00,[60],[-117.328644]
2025-11-11T02:59:29+01:00,[60],[-117.328644]
2025-11-11T02:59:28+01:00,[60],[-117.328651]
2025-11-11T02:59:27+01:00,[60],[-117.328667]
2025-11-11T02:59:26+01:00,[60],[-117.328651]
2025-11-11T02:59:25+01:00,[60],[-117.328644]
2025-11-11T02:59:24+01:00,[60],[-117.328644]
2025-11-11T02:59:23+01:00,[60],[-117.328644]
2025-11-11T02:59:22+01:00,[60],[-117.328651]
2025-11-11T02:59:21+01:00,[60],[-117.328659]
2025-11-11T02:59:20+01:00,[60],[-117.328651]
2025-11-11T02:59:19+01:00,[60],[-117.328667]
2025-11-11T02:59:18+01:00,[60],[-117.328682]
2025-11-11T02:59:17+01:00,[60],[-117.328697]
2025-11-11T02:59:16+01:00,[60],[-117.328712]
2025-11-11T02:59:15+01:00,[60],[-117.328728]
2025-11-11T02:59:14+01:00,[60],[-117.328743]
2025-11-11T02:59:13+01:00,[60],[-117.328751]
2025-11-11T02:59:12+01:00,[60],[-117.328766]
2025-11-11T02:59:11+01:00,[60],[-117.328781]
2025-11-11T02:59:10+01:00,[60],[-117.328789]
2025-11-11T02:59:09+01:00,[60],[-117.328796]
2025-11-11T02:59:08+01:00,[60],[-117.328804]
2025-11-11T02:59:07+01:00,[60],[-117.328819]
2025-11-11T02:59:06+01:00,[60],[-117.328827]
2025-11-11T02:59:05+01:00,[60],[-117.328835]
2025-11-11T02:59:04+01:00,[60],[-117.32885]
2025-11-11T02:59:03+01:00,[60],[-117.328857]
2025-11-11T02:59:02+01:00,[60],[-117.328873]
2025-11-11T02:59:01+01:00,[60],[-117.32888]
2025-11-11T02:59:00+01:00,[60],[-117.328888]
2025-11-11T02:58:59+01:00,[60],[-117.328896]
2025-11-11T02:58:58+01:00,[60],[-117.328903]
2025-11-11T02:58:57+01:00,[60],[-117.328918]
2025-11-11T02:58:56+01:00,[60],[-117.328926]
2025-11-11T02:58:55+01:00,[60],[-117.328941]
2025-11-11T02:58:54+01:00,[60],[-117.328949]
2025-11-11T02:58:53+01:00,[60],[-117.328964]
2025-11-11T02:58:52+01:00,[60],[-117.328972]
2025-11-11T02:58:51+01:00,[60],[-117.328987]
2025-11-11T02:58:50+01:00,[60],[-117.329002]
2025-11-11T02:58:49+01:00,[60],[-117.329018]
2025-11-11T02:58:48+01:00,[60],[-117.329033]
2025-11-11T02:58:47+01:00,[60],[-117.329048]
2025-11-11T02:58:46+01:00,[60],[-117.329056]
2025-11-11T02:58:45+01:00,[60],[-117.329063]
2025-11-11T02:58:44+01:00,[60],[-117.329079]
2025-11-11T02:58:43+01:00,[60],[-117.329094]
2025-11-11T02:58:42+01:00,[60],[-117.329109]
2025-11-11T02:58:41+01:00,[60],[-117.329117]
2025-11-11T02:58:40+01:00,[60],[-117.329124]
2025-11-11T02:58:39+01:00,[60],[-117.329132]
2025-11-11T02:58:38+01:00,[60],[-117.329132]
2025-11-11T02:58:37+01:00,[60],[-117.32914]
2025-11-11T02:58:36+01:00,[60],[-117.329147]
2025-11-11T02:58:34+01:00,[60],[-117.329163]
2025-11-11T02:58:33+01:00,[60],[-117.32917]
2025-11-11T02:58:32+01:00,[60],[-117.329178]
2025-11-11T02:58:31+01:00,[60],[-117.329185]
2025-11-11T02:58:30+01:00,[60],[-117.329193]
2025-11-11T02:58:29+01:00,[60],[-117.329201]
2025-11-11T02:58:28+01:00,[60],[-117.329208]
2025-11-11T02:58:27+01:00,[60],[-117.329216]
2025-11-11T02:58:26+01:00,[60],[-117.329216]
2025-11-11T02:58:25+01:00,[60],[-117.329216]
2025-11-11T02:58:24+01:00,[60],[-117.329201]
2025-11-11T02:58:23+01:00,[60],[-117.329208]
2025-11-11T02:58:22+01:00,[60],[-117.329208]
2025-11-11T02:58:21+01:00,[60],[-117.329208]
2025-11-11T02:58:20+01:00,[60],[-117.329208]
2025-11-11T02:58:19+01:00,[60],[-117.329208]
2025-11-11T02:58:18+01:00,[60],[-117.329208]
2025-11-11T02:58:17+01:00,[60],[-117.329208]
2025-11-11T02:58:16+01:00,[60],[-117.329208]
2025-11-11T02:58:15+01:00,[60],[-117.329208]
2025-11-11T02:58:14+01:00,[60],[-117.329208]
2025-11-11T02:58:13+01:00,[60],[-117.329208]
2025-11-11T02:58:12+01:00,[60],[-117.329208]
2025-11-11T02:58:11+01:00,[60],[-117.329208]
2025-11-11T02:58:10+01:00,[60],[-117.329208]
2025-11-11T02:58:09+01:00,[60],[-117.329208]
2025-11-11T02:58:08+01:00,[60],[-117.329208]
2025-11-11T02:58:07+01:00,[60],[-117.329208]
2025-11-11T02:58:06+01:00,[60],[-117.329208]
2025-11-11T02:58:05+01:00,[60],[-117.329208]
2025-11-11T02:58:04+01:00,[60],[-117.329216]
2025-11-11T02:58:03+01:00,[60],[-117.329216]
2025-11-11T02:58:02+01:00,[60],[-117.329216]
2025-11-11T02:58:01+01:00,[60],[-117.329216]
2025-11-11T02:58:00+01:00,[60],[-117.329216]
2025-11-11T02:57:59+01:00,[60],[-117.329224]
2025-11-11T02:57:58+01:00,[60],[-117.329224]
2025-11-11T02:57:57+01:00,[60],[-117.329224]
2025-11-11T02:57:56+01:00,[60],[-117.329224]
2025-11-11T02:57:55+01:00,[60],[-117.329224]
2025-11-11T02:57:54+01:00,[60],[-117.329224]
2025-11-11T02:57:53+01:00,[60],[-117.329216]
2025-11-11T02:57:52+01:00,[60],[-117.329216]
2025-11-11T02:57:51+01:00,[60],[-117.329208]
2025-11-11T02:57:50+01:00,[60],[-117.329216]
2025-11-11T02:57:49+01:00,[60],[-117.329216]
2025-11-11T02:57:48+01:00,[60],[-117.329216]
2025-11-11T02:57:47+01:00,[60],[-117.329216]
2025-11-11T02:57:46+01:00,[60],[-117.329208]
2025-11-11T02:57:45+01:00,[60],[-117.329208]
2025-11-11T02:57:44+01:00,[60],[-117.329208]
2025-11-11T02:57:43+01:00,[60],[-117.329201]
2025-11-11T02:57:42+01:00,[60],[-117.329201]
2025-11-11T02:57:41+01:00,[60],[-117.329201]
2025-11-11T02:57:40+01:00,[60],[-117.329201]
2025-11-11T02:57:39+01:00,[60],[-117.329201]
2025-11-11T02:57:38+01:00,[60],[-117.329193]
2025-11-11T02:57:37+01:00,[60],[-117.329193]
2025-11-11T02:57:36+01:00,[60],[-117.329193]
2025-11-11T02:57:35+01:00,[60],[-117.329193]
2025-11-11T02:57:34+01:00,[60],[-117.329185]
2025-11-11T02:57:33+01:00,[60],[-117.329201]
2025-11-11T02:57:32+01:00,[60],[-117.329201]
2025-11-11T02:57:31+01:00,[60],[-117.329201]
2025-11-11T02:57:30+01:00,[60],[-117.329201]
2025-11-11T02:57:29+01:00,[60],[-117.329201]
2025-11-11T02:57:28+01:00,[60],[-117.329201]
2025-11-11T02:57:27+01:00,[60],[-117.329201]
2025-11-11T02:57:26+01:00,[60],[-117.329201]
2025-11-11T02:57:25+01:00,[60],[-117.329201]
2025-11-11T02:57:24+01:00,[60],[-117.329208]
2025-11-11T02:57:23+01:00,[60],[-117.329201]
2025-11-11T02:57:22+01:00,[60],[-117.329216]
2025-11-11T02:57:21+01:00,[60],[-117.329216]
2025-11-11T02:57:20+01:00,[60],[-117.329216]
2025-11-11T02:57:19+01:00,[60],[-117.329216]
2025-11-11T02:57:18+01:00,[60],[-117.329216]
2025-11-11T02:57:17+01:00,[60],[-117.329208]
2025-11-11T02:57:16+01:00,[60],[-117.329208]
2025-11-11T02:57:15+01:00,[60],[-117.329216]
2025-11-11T02:57:14+01:00,[60],[-117.329231]
2025-11-11T02:57:13+01:00,[60],[-117.329239]
2025-11-11T02:57:12+01:00,[60],[-117.329254]
2025-11-11T02:57:11+01:00,[60],[-117.329262]
2025-11-11T02:57:10+01:00,[60],[-117.329277]
2025-11-11T02:57:09+01:00,[60],[-117.3293]
2025-11-11T02:57:08+01:00,[60],[-117.329323]
2025-11-11T02:57:07+01:00,[60],[-117.32933]
2025-11-11T02:57:06+01:00,[60],[-117.329353]
2025-11-11T02:57:05+01:00,[60],[-117.329353]
2025-11-11T02:57:04+01:00,[60],[-117.329376]
2025-11-11T02:57:03+01:00,[60],[-117.329384]
2025-11-11T02:57:02+01:00,[60],[-117.329399]
2025-11-11T02:57:01+01:00,[60],[-117.329407]
2025-11-11T02:57:00+01:00,[60],[-117.329422]
2025-11-11T02:56:59+01:00,[60],[-117.32943]
2025-11-11T02:56:58+01:00,[60],[-117.329437]
2025-11-11T02:56:57+01:00,[60],[-117.329453]
2025-11-11T02:56:56+01:00,[60],[-117.329468]
2025-11-11T02:56:55+01:00,[60],[-117.329475]
2025-11-11T02:56:54+01:00,[60],[-117.329483]
2025-11-11T02:56:53+01:00,[60],[-117.329498]
2025-11-11T02:56:52+01:00,[60],[-117.329506]
2025-11-11T02:56:51+01:00,[60],[-117.329514]
2025-11-11T02:56:50+01:00,[60],[-117.329521]
2025-11-11T02:56:49+01:00,[60],[-117.329536]
2025-11-11T02:56:48+01:00,[60],[-117.329544]
2025-11-11T02:56:47+01:00,[60],[-117.329552]
2025-11-11T02:56:46+01:00,[60],[-117.329559]
2025-11-11T02:56:45+01:00,[60],[-117.329575]
2025-11-11T02:56:44+01:00,[60],[-117.329582]
2025-11-11T02:56:43+01:00,[60],[-117.329597]
2025-11-11T02:56:42+01:00,[60],[-117.329605]
2025-11-11T02:56:41+01:00,[60],[-117.329613]
2025-11-11T02:56:40+01:00,[60],[-117.32962]
2025-11-11T02:56:39+01:00,[60],[-117.329628]
2025-11-11T02:56:38+01:00,[60],[-117.329636]
2025-11-11T02:56:37+01:00,[60],[-117.329643]
2025-11-11T02:56:36+01:00,[60],[-117.329659]
2025-11-11T02:56:35+01:00,[60],[-117.329666]
2025-11-11T02:56:34+01:00,[60],[-117.329674]
2025-11-11T02:56:33+01:00,[60],[-117.329681]
2025-11-11T02:56:32+01:00,[60],[-117.329697]
2025-11-11T02:56:31+01:00,[60],[-117.329704]
2025-11-11T02:56:30+01:00,[60],[-117.329712]
2025-11-11T02:56:28+01:00,[60],[-117.32972]
2025-11-11T02:56:27+01:00,[60],[-117.329735]
2025-11-11T02:56:26+01:00,[60],[-117.329742]
2025-11-11T02:56:25+01:00,[60],[-117.32975]
2025-11-11T02:56:24+01:00,[60],[-117.329765]
2025-11-11T02:56:23+01:00,[60],[-117.329773]
2025-11-11T02:56:22+01:00,[60],[-117.329781]
2025-11-11T02:56:21+01:00,[60],[-117.329796]
2025-11-11T02:56:20+01:00,[60],[-117.329803]
2025-11-11T02:56:19+01:00,[60],[-117.329811]
2025-11-11T02:56:18+01:00,[60],[-117.329819]
2025-11-11T02:56:17+01:00,[60],[-117.329842]
2025-11-11T02:56:16+01:00,[60],[-117.329849]
2025-11-11T02:56:15+01:00,[60],[-117.329865]
2025-11-11T02:56:14+01:00,[60],[-117.32988]
2025-11-11T02:56:13+01:00,[60],[-117.329887]
2025-11-11T02:56:12+01:00,[60],[-117.329903]
2025-11-11T02:56:11+01:00,[60],[-117.329918]
2025-11-11T02:56:10+01:00,[60],[-117.329933]
2025-11-11T02:56:09+01:00,[60],[-117.329941]
2025-11-11T02:56:08+01:00,[60],[-117.329948]
2025-11-11T02:56:07+01:00,[60],[-117.329964]
2025-11-11T02:56:06+01:00,[60],[-117.329979]
2025-11-11T02:56:05+01:00,[60],[-117.329987]
2025-11-11T02:56:04+01:00,[60],[-117.329994]
2025-11-11T02:56:03+01:00,[60],[-117.330002]
2025-11-11T02:56:02+01:00,[60],[-117.330009]
2025-11-11T02:56:01+01:00,[60],[-117.330025]
2025-11-11T02:56:00+01:00,[60],[-117.330032]
2025-11-11T02:55:59+01:00,[60],[-117.33004]
2025-11-11T02:55:58+01:00,[60],[-117.330048]
2025-11-11T02:55:57+01:00,[60],[-117.330055]
2025-11-11T02:55:56+01:00,[60],[-117.33007]
2025-11-11T02:55:55+01:00,[60],[-117.330078]
2025-11-11T02:55:54+01:00,[60],[-117.330086]
2025-11-11T02:55:53+01:00,[60],[-117.330093]
2025-11-11T02:55:52+01:00,[60],[-117.330101]
2025-11-11T02:55:51+01:00,[60],[-117.330109]
2025-11-11T02:55:50+01:00,[60],[-117.330116]
2025-11-11T02:55:49+01:00,[60],[-117.330116]
2025-11-11T02:55:48+01:00,[60],[-117.330124]
2025-11-11T02:55:47+01:00,[60],[-117.330124]
2025-11-11T02:55:46+01:00,[60],[-117.330132]
2025-11-11T02:55:45+01:00,[60],[-117.330132]
2025-11-11T02:55:44+01:00,[60],[-117.330139]
2025-11-11T02:55:43+01:00,[60],[-117.330139]
2025-11-11T02:55:42+01:00,[60],[-117.330147]
2025-11-11T02:55:41+01:00,[60],[-117.330154]
2025-11-11T02:55:40+01:00,[60],[-117.330162]
2025-11-11T02:55:39+01:00,[60],[-117.330177]
2025-11-11T02:55:38+01:00,[60],[-117.330185]
2025-11-11T02:55:37+01:00,[60],[-117.330193]
2025-11-11T02:55:36+01:00,[60],[-117.3302]
2025-11-11T02:55:35+01:00,[60],[-117.330215]
2025-11-11T02:55:34+01:00,[60],[-117.330231]
2025-11-11T02:55:33+01:00,[60],[-117.330238]
2025-11-11T02:55:32+01:00,[60],[-117.330246]
2025-11-11T02:55:31+01:00,[60],[-117.330261]
2025-11-11T02:55:30+01:00,[60],[-117.330269]
2025-11-11T02:55:29+01:00,[60],[-117.330276]
2025-11-11T02:55:28+01:00,[60],[-117.330292]
2025-11-11T02:55:27+01:00,[60],[-117.330307]
2025-11-11T02:55:26+01:00,[60],[-117.330322]
2025-11-11T02:55:25+01:00,[60],[-117.330338]
2025-11-11T02:55:24+01:00,[60],[-117.330338]
2025-11-11T02:55:23+01:00,[60],[-117.330345]
2025-11-11T02:55:22+01:00,[60],[-117.330353]
2025-11-11T02:55:21+01:00,[60],[-117.330368]
2025-11-11T02:55:20+01:00,[60],[-117.330391]
2025-11-11T02:55:19+01:00,[60],[-117.330414]
2025-11-11T02:55:18+01:00,[60],[-117.330429]
2025-11-11T02:55:17+01:00,[60],[-117.330444]
2025-11-11T02:55:16+01:00,[60],[-117.330452]
2025-11-11T02:55:15+01:00,[60],[-117.330467]
2025-11-11T02:55:14+01:00,[60],[-117.330482]
2025-11-11T02:55:13+01:00,[60],[-117.330498]
2025-11-11T02:55:12+01:00,[60],[-117.330513]
2025-11-11T02:55:11+01:00,[60],[-117.330528]
2025-11-11T02:55:10+01:00,[60],[-117.330544]
2025-11-11T02:55:09+01:00,[60],[-117.330559]
2025-11-11T02:55:08+01:00,[60],[-117.330566]
2025-11-11T02:55:07+01:00,[60],[-117.330582]
2025-11-11T02:55:06+01:00,[60],[-117.330597]
2025-11-11T02:55:05+01:00,[60],[-117.330612]
2025-11-11T02:55:04+01:00,[60],[-117.330635]
2025-11-11T02:55:03+01:00,[60],[-117.330643]
2025-11-11T02:55:02+01:00,[60],[-117.330658]
2025-11-11T02:55:01+01:00,[60],[-117.330673]
2025-11-11T02:55:00+01:00,[60],[-117.330681]
2025-11-11T02:54:59+01:00,[60],[-117.330688]
2025-11-11T02:54:58+01:00,[60],[-117.330696]
2025-11-11T02:54:57+01:00,[60],[-117.330711]
2025-11-11T02:54:56+01:00,[60],[-117.330719]
2025-11-11T02:54:55+01:00,[60],[-117.330719]
2025-11-11T02:54:54+01:00,[60],[-117.330719]
2025-11-11T02:54:53+01:00,[60],[-117.330742]
2025-11-11T02:54:52+01:00,[60],[-117.330757]
2025-11-11T02:54:51+01:00,[60],[-117.330757]
2025-11-11T02:54:50+01:00,[60],[-117.330765]
2025-11-11T02:54:49+01:00,[60],[-117.330772]
2025-11-11T02:54:48+01:00,[60],[-117.33078]
2025-11-11T02:54:47+01:00,[60],[-117.330772]
2025-11-11T02:54:46+01:00,[60],[-117.330772]
2025-11-11T02:54:45+01:00,[60],[-117.330772]
2025-11-11T02:54:44+01:00,[60],[-117.33078]
2025-11-11T02:54:43+01:00,[60],[-117.330788]
2025-11-11T02:54:42+01:00,[60],[-117.330788]
2025-11-11T02:54:41+01:00,[60],[-117.33078]
2025-11-11T02:54:40+01:00,[60],[-117.33078]
2025-11-11T02:54:39+01:00,[60],[-117.330788]
2025-11-11T02:54:38+01:00,[60],[-117.330795]
2025-11-11T02:54:37+01:00,[60],[-117.330803]
2025-11-11T02:54:36+01:00,[60],[-117.330803]
2025-11-11T02:54:35+01:00,[60],[-117.330818]
2025-11-11T02:54:34+01:00,[60],[-117.330826]
2025-11-11T02:54:33+01:00,[60],[-117.330841]
2025-11-11T02:54:32+01:00,[60],[-117.330849]
2025-11-11T02:54:31+01:00,[60],[-117.330856]
2025-11-11T02:54:30+01:00,[60],[-117.330864]
2025-11-11T02:54:29+01:00,[60],[-117.330856]
2025-11-11T02:54:28+01:00,[60],[-117.330856]
2025-11-11T02:54:27+01:00,[60],[-117.330872]
2025-11-11T02:54:26+01:00,[60],[-117.330887]
2025-11-11T02:54:25+01:00,[60],[-117.330894]
2025-11-11T02:54:23+01:00,[60],[-117.330902]
2025-11-11T02:54:22+01:00,[60],[-117.33091]
2025-11-11T02:54:21+01:00,[60],[-117.33091]
2025-11-11T02:54:20+01:00,[60],[-117.330925]
2025-11-11T02:54:19+01:00,[60],[-117.330933]
2025-11-11T02:54:18+01:00,[60],[-117.330948]
2025-11-11T02:54:17+01:00,[60],[-117.330956]
2025-11-11T02:54:16+01:00,[60],[-117.330963]
2025-11-11T02:54:15+01:00,[60],[-117.330963]
2025-11-11T02:54:14+01:00,[60],[-117.330956]
2025-11-11T02:54:13+01:00,[60],[-117.330963]
2025-11-11T02:54:12+01:00,[60],[-117.330963]
2025-11-11T02:54:11+01:00,[60],[-117.330971]
2025-11-11T02:54:10+01:00,[60],[-117.330971]
2025-11-11T02:54:09+01:00,[60],[-117.330971]
2025-11-11T02:54:08+01:00,[60],[-117.330971]
2025-11-11T02:54:07+01:00,[60],[-117.330978]
2025-11-11T02:54:06+01:00,[60],[-117.330978]
2025-11-11T02:54:05+01:00,[60],[-117.330986]
2025-11-11T02:54:04+01:00,[60],[-117.330994]
2025-11-11T02:54:03+01:00,[60],[-117.330994]
2025-11-11T02:54:02+01:00,[60],[-117.331001]
2025-11-11T02:54:01+01:00,[60],[-117.331009]
2025-11-11T02:54:00+01:00,[60],[-117.331001]
2025-11-11T02:53:59+01:00,[60],[-117.331001]
2025-11-11T02:53:58+01:00,[60],[-117.331009]
2025-11-11T02:53:57+01:00,[60],[-117.331009]
2025-11-11T02:53:56+01:00,[60],[-117.331009]
2025-11-11T02:53:55+01:00,[60],[-117.331009]
2025-11-11T02:53:54+01:00,[60],[-117.331017]
2025-11-11T02:53:53+01:00,[60],[-117.331017]
2025-11-11T02:53:52+01:00,[60],[-117.331009]
2025-11-11T02:53:51+01:00,[60],[-117.331017]
2025-11-11T02:53:50+01:00,[60],[-117.331017]
2025-11-11T02:53:49+01:00,[60],[-117.331009]
2025-11-11T02:53:48+01:00,[60],[-117.331009]
2025-11-11T02:53:47+01:00,[60],[-117.331009]
2025-11-11T02:53:46+01:00,[60],[-117.331009]
2025-11-11T02:53:45+01:00,[60],[-117.331009]
2025-11-11T02:53:44+01:00,[60],[-117.331009]
2025-11-11T02:53:43+01:00,[60],[-117.331001]
2025-11-11T02:53:42+01:00,[60],[-117.331001]
2025-11-11T02:53:41+01:00,[60],[-117.331001]
2025-11-11T02:53:40+01:00,[60],[-117.331009]
2025-11-11T02:53:39+01:00,[60],[-117.331017]
2025-11-11T02:53:38+01:00,[60],[-117.331009]
2025-11-11T02:53:37+01:00,[60],[-117.331009]
2025-11-11T02:53:36+01:00,[60],[-117.331009]
2025-11-11T02:53:35+01:00,[60],[-117.331009]
2025-11-11T02:53:34+01:00,[60],[-117.331017]
2025-11-11T02:53:33+01:00,[60],[-117.331017]
2025-11-11T02:53:32+01:00,[60],[-117.331009]
2025-11-11T02:53:31+01:00,[60],[-117.331009]
2025-11-11T02:53:30+01:00,[60],[-117.331001]
2025-11-11T02:53:29+01:00,[60],[-117.331009]
2025-11-11T02:53:28+01:00,[60],[-117.331009]
2025-11-11T02:53:27+01:00,[60],[-117.331009]
2025-11-11T02:53:26+01:00,[60],[-117.331001]
2025-11-11T02:53:25+01:00,[60],[-117.331001]
2025-11-11T02:53:24+01:00,[60],[-117.331009]
2025-11-11T02:53:23+01:00,[60],[-117.331001]
2025-11-11T02:53:22+01:00,[60],[-117.331009]
2025-11-11T02:53:21+01:00,[60],[-117.331009]
2025-11-11T02:53:20+01:00,[60],[-117.331009]
2025-11-11T02:53:19+01:00,[60],[-117.331017]
2025-11-11T02:53:18+01:00,[60],[-117.331017]
2025-11-11T02:53:17+01:00,[60],[-117.331017]
2025-11-11T02:53:16+01:00,[60],[-117.331024]
2025-11-11T02:53:15+01:00,[60],[-117.331017]
2025-11-11T02:53:14+01:00,[60],[-117.331017]
2025-11-11T02:53:13+01:00,[60],[-117.331009]
2025-11-11T02:53:12+01:00,[60],[-117.331017]
2025-11-11T02:53:11+01:00,[60],[-117.331017]
2025-11-11T02:53:10+01:00,[60],[-117.331017]
2025-11-11T02:53:09+01:00,[60],[-117.331017]
2025-11-11T02:53:08+01:00,[60],[-117.331024]
2025-11-11T02:53:07+01:00,[60],[-117.331024]
2025-11-11T02:53:06+01:00,[60],[-117.331024]
2025-11-11T02:53:05+01:00,[60],[-117.331024]
2025-11-11T02:53:04+01:00,[60],[-117.331017]
2025-11-11T02:53:03+01:00,[60],[-117.331009]
2025-11-11T02:53:02+01:00,[60],[-117.331009]
2025-11-11T02:53:01+01:00,[60],[-117.331009]
2025-11-11T02:53:00+01:00,[60],[-117.331009]
2025-11-11T02:52:59+01:00,[60],[-117.331009]
2025-11-11T02:52:58+01:00,[60],[-117.331017]
2025-11-11T02:52:57+01:00,[60],[-117.331017]
2025-11-11T02:52:56+01:00,[60],[-117.331009]
2025-11-11T02:52:55+01:00,[60],[-117.331009]
2025-11-11T02:52:54+01:00,[60],[-117.331017]
2025-11-11T02:52:53+01:00,[60],[-117.331017]
2025-11-11T02:52:52+01:00,[60],[-117.331017]
2025-11-11T02:52:51+01:00,[60],[-117.331009]
2025-11-11T02:52:50+01:00,[60],[-117.331009]
2025-11-11T02:52:49+01:00,[60],[-117.331009]
2025-11-11T02:52:48+01:00,[60],[-117.331009]
2025-11-11T02:52:47+01:00,[60],[-117.331009]
2025-11-11T02:52:46+01:00,[60],[-117.331001]
2025-11-11T02:52:45+01:00,[60],[-117.331001]
2025-11-11T02:52:44+01:00,[60],[-117.331001]
2025-11-11T02:52:43+01:00,[60],[-117.330994]
2025-11-11T02:52:42+01:00,[60],[-117.330994]
2025-11-11T02:52:41+01:00,[60],[-117.331001]
2025-11-11T02:52:40+01:00,[60],[-117.331001]
2025-11-11T02:52:39+01:00,[60],[-117.331009]
2025-11-11T02:52:38+01:00,[60],[-117.331001]
2025-11-11T02:52:37+01:00,[60],[-117.331001]
2025-11-11T02:52:36+01:00,[60],[-117.331009]
2025-11-11T02:52:35+01:00,[60],[-117.331009]
2025-11-11T02:52:34+01:00,[60],[-117.331001]
2025-11-11T02:52:33+01:00,[60],[-117.331017]
2025-11-11T02:52:32+01:00,[60],[-117.331017]
2025-11-11T02:52:31+01:00,[60],[-117.331009]
2025-11-11T02:52:30+01:00,[60],[-117.331017]
2025-11-11T02:52:29+01:00,[60],[-117.331009]
2025-11-11T02:52:28+01:00,[60],[-117.331009]
2025-11-11T02:52:27+01:00,[60],[-117.331001]
2025-11-11T02:52:26+01:00,[60],[-117.331009]
2025-11-11T02:52:25+01:00,[60],[-117.331009]
2025-11-11T02:52:24+01:00,[60],[-117.331009]
2025-11-11T02:52:23+01:00,[60],[-117.331009]
2025-11-11T02:52:22+01:00,[60],[-117.331009]
2025-11-11T02:52:21+01:00,[60],[-117.331009]
2025-11-11T02:52:20+01:00,[60],[-117.331009]
2025-11-11T02:52:19+01:00,[60],[-117.331009]
2025-11-11T02:52:17+01:00,[60],[-117.331009]
2025-11-11T02:52:16+01:00,[60],[-117.331009]
2025-11-11T02:52:15+01:00,[60],[-117.331009]
2025-11-11T02:52:14+01:00,[60],[-117.331009]
2025-11-11T02:52:13+01:00,[60],[-117.331009]
2025-11-11T02:52:12+01:00,[60],[-117.331009]
2025-11-11T02:52:11+01:00,[60],[-117.331001]
2025-11-11T02:52:10+01:00,[60],[-117.331001]
2025-11-11T02:52:09+01:00,[60],[-117.331001]
2025-11-11T02:52:08+01:00,[60],[-117.331001]
2025-11-11T02:52:07+01:00,[60],[-117.331001]
2025-11-11T02:52:06+01:00,[60],[-117.331001]
2025-11-11T02:52:05+01:00,[60],[-117.331001]
2025-11-11T02:52:04+01:00,[60],[-117.331001]
2025-11-11T02:52:03+01:00,[60],[-117.331001]
2025-11-11T02:52:02+01:00,[60],[-117.331001]
2025-11-11T02:52:01+01:00,[60],[-117.331009]
2025-11-11T02:52:00+01:00,[60],[-117.331009]
2025-11-11T02:51:59+01:00,[60],[-117.331009]
2025-11-11T02:51:58+01:00,[60],[-117.331009]
2025-11-11T02:51:57+01:00,[60],[-117.331009]
2025-11-11T02:51:56+01:00,[60],[-117.331009]
2025-11-11T02:51:55+01:00,[60],[-117.331001]
2025-11-11T02:51:54+01:00,[60],[-117.330994]
2025-11-11T02:51:53+01:00,[60],[-117.331001]
2025-11-11T02:51:52+01:00,[60],[-117.331001]
2025-11-11T02:51:51+01:00,[60],[-117.331001]
2025-11-11T02:51:50+01:00,[60],[-117.331001]
2025-11-11T02:51:49+01:00,[60],[-117.330994]
2025-11-11T02:51:48+01:00,[60],[-117.330994]
2025-11-11T02:51:47+01:00,[60],[-117.330994]
2025-11-11T02:51:46+01:00,[60],[-117.330994]
2025-11-11T02:51:45+01:00,[60],[-117.330994]
2025-11-11T02:51:44+01:00,[60],[-117.330994]
2025-11-11T02:51:43+01:00,[60],[-117.330994]
2025-11-11T02:51:42+01:00,[60],[-117.330994]
2025-11-11T02:51:41+01:00,[60],[-117.330994]
2025-11-11T02:51:40+01:00,[60],[-117.331001]
2025-11-11T02:51:39+01:00,[60],[-117.331001]
2025-11-11T02:51:38+01:00,[60],[-117.330994]
2025-11-11T02:51:37+01:00,[60],[-117.330994]
2025-11-11T02:51:36+01:00,[60],[-117.330994]
2025-11-11T02:51:35+01:00,[60],[-117.330994]
2025-11-11T02:51:34+01:00,[60],[-117.331001]
2025-11-11T02:51:33+01:00,[60],[-117.331001]
2025-11-11T02:51:32+01:00,[60],[-117.331009]
2025-11-11T02:51:31+01:00,[60],[-117.331009]
2025-11-11T02:51:30+01:00,[60],[-117.331001]
2025-11-11T02:51:29+01:00,[60],[-117.331001]
2025-11-11T02:51:28+01:00,[60],[-117.330994]
2025-11-11T02:51:27+01:00,[60],[-117.330994]
2025-11-11T02:51:26+01:00,[60],[-117.330994]
2025-11-11T02:51:25+01:00,[60],[-117.330994]
2025-11-11T02:51:24+01:00,[60],[-117.330994]
2025-11-11T02:51:23+01:00,[60],[-117.330994]
2025-11-11T02:51:22+01:00,[60],[-117.330994]
2025-11-11T02:51:21+01:00,[60],[-117.330986]
2025-11-11T02:51:20+01:00,[60],[-117.330986]
2025-11-11T02:51:19+01:00,[60],[-117.330986]
2025-11-11T02:51:18+01:00,[60],[-117.330986]
2025-11-11T02:51:17+01:00,[60],[-117.330986]
2025-11-11T02:51:16+01:00,[60],[-117.330986]
2025-11-11T02:51:15+01:00,[60],[-117.330986]
2025-11-11T02:51:14+01:00,[60],[-117.330986]
2025-11-11T02:51:13+01:00,[60],[-117.330986]
2025-11-11T02:51:12+01:00,[60],[-117.330986]
2025-11-11T02:51:11+01:00,[60],[-117.330986]
2025-11-11T02:51:10+01:00,[60],[-117.330986]
2025-11-11T02:51:09+01:00,[60],[-117.330986]
2025-11-11T02:51:08+01:00,[60],[-117.330986]
2025-11-11T02:51:07+01:00,[60],[-117.330986]
2025-11-11T02:51:06+01:00,[60],[-117.330986]
2025-11-11T02:51:05+01:00,[60],[-117.330986]
2025-11-11T02:51:04+01:00,[60],[-117.330978]
2025-11-11T02:51:03+01:00,[60],[-117.330986]
2025-11-11T02:51:02+01:00,[60],[-117.330986]
2025-11-11T02:51:01+01:00,[60],[-117.330986]
2025-11-11T02:51:00+01:00,[60],[-117.330986]
2025-11-11T02:50:59+01:00,[60],[-117.330986]
2025-11-11T02:50:58+01:00,[60],[-117.330986]
2025-11-11T02:50:57+01:00,[60],[-117.330986]
2025-11-11T02:50:56+01:00,[60],[-117.330986]
2025-11-11T02:50:55+01:00,[60],[-117.330986]
2025-11-11T02:50:54+01:00,[60],[-117.330986]
2025-11-11T02:50:53+01:00,[60],[-117.330986]
2025-11-11T02:50:52+01:00,[60],[-117.330986]
2025-11-11T02:50:51+01:00,[60],[-117.330986]
2025-11-11T02:50:50+01:00,[60],[-117.330986]
2025-11-11T02:50:49+01:00,[60],[-117.330986]
2025-11-11T02:50:48+01:00,[60],[-117.330986]
2025-11-11T02:50:47+01:00,[60],[-117.330986]
2025-11-11T02:50:46+01:00,[60],[-117.330986]
2025-11-11T02:50:45+01:00,[60],[-117.330986]
2025-11-11T02:50:44+01:00,[60],[-117.330986]
2025-11-11T02:50:43+01:00,[60],[-117.330986]
2025-11-11T02:50:42+01:00,[60],[-117.330986]
2025-11-11T02:50:41+01:00,[60],[-117.330986]
2025-11-11T02:50:40+01:00,[60],[-117.330986]
2025-11-11T02:50:39+01:00,[60],[-117.330994]
2025-11-11T02:50:38+01:00,[60],[-117.330994]
2025-11-11T02:50:37+01:00,[60],[-117.330994]
2025-11-11T02:50:36+01:00,[60],[-117.330994]
2025-11-11T02:50:35+01:00,[60],[-117.331001]
2025-11-11T02:50:34+01:00,[60],[-117.331001]
2025-11-11T02:50:33+01:00,[60],[-117.330986]
2025-11-11T02:50:32+01:00,[60],[-117.330986]
2025-11-11T02:50:31+01:00,[60],[-117.330986]
2025-11-11T02:50:30+01:00,[60],[-117.330986]
2025-11-11T02:50:29+01:00,[60],[-117.330986]
2025-11-11T02:50:28+01:00,[60],[-117.330986]
2025-11-11T02:50:27+01:00,[60],[-117.330978]
2025-11-11T02:50:26+01:00,[60],[-117.330978]
2025-11-11T02:50:25+01:00,[60],[-117.330971]
2025-11-11T02:50:24+01:00,[60],[-117.330978]
2025-11-11T02:50:23+01:00,[60],[-117.330971]
2025-11-11T02:50:22+01:00,[60],[-117.330978]
2025-11-11T02:50:21+01:00,[60],[-117.330978]
2025-11-11T02:50:20+01:00,[60],[-117.330978]
2025-11-11T02:50:19+01:00,[60],[-117.330978]
2025-11-11T02:50:18+01:00,[60],[-117.330978]
2025-11-11T02:50:17+01:00,[60],[-117.330978]
2025-11-11T02:50:16+01:00,[60],[-117.330971]
2025-11-11T02:50:15+01:00,[60],[-117.330963]
2025-11-11T02:50:14+01:00,[60],[-117.330978]
2025-11-11T02:50:13+01:00,[60],[-117.330978]
2025-11-11T02:50:12+01:00,[60],[-117.330978]
2025-11-11T02:50:11+01:00,[60],[-117.330978]
2025-11-11T02:50:10+01:00,[60],[-117.330978]
2025-11-11T02:50:09+01:00,[60],[-117.330978]
2025-11-11T02:50:08+01:00,[60],[-117.330978]
2025-11-11T02:50:07+01:00,[60],[-117.330986]
2025-11-11T02:50:06+01:00,[60],[-117.330994]
2025-11-11T02:50:05+01:00,[60],[-117.330994]
2025-11-11T02:50:04+01:00,[60],[-117.330994]
2025-11-11T02:50:03+01:00,[60],[-117.330986]
2025-11-11T02:50:02+01:00,[60],[-117.330986]
2025-11-11T02:50:01+01:00,[60],[-117.330986]
2025-11-11T02:50:00+01:00,[60],[-117.330986]
2025-11-11T02:49:59+01:00,[60],[-117.330978]
2025-11-11T02:49:58+01:00,[60],[-117.330978]
2025-11-11T02:49:57+01:00,[60],[-117.330978]
2025-11-11T02:49:56+01:00,[60],[-117.330971]
2025-11-11T02:49:55+01:00,[60],[-117.330971]
2025-11-11T02:49:54+01:00,[60],[-117.330971]
2025-11-11T02:49:53+01:00,[60],[-117.330971]
2025-11-11T02:49:52+01:00,[60],[-117.330971]
2025-11-11T02:49:51+01:00,[60],[-117.330971]
2025-11-11T02:49:50+01:00,[60],[-117.330971]
2025-11-11T02:49:49+01:00,[60],[-117.330971]
2025-11-11T02:49:48+01:00,[60],[-117.330978]
2025-11-11T02:49:47+01:00,[60],[-117.330978]
2025-11-11T02:49:46+01:00,[60],[-117.330978]
2025-11-11T02:49:45+01:00,[60],[-117.330978]
2025-11-11T02:49:44+01:00,[60],[-117.330971]
2025-11-11T02:49:43+01:00,[60],[-117.330971]
2025-11-11T02:49:42+01:00,[60],[-117.330963]
2025-11-11T02:49:41+01:00,[60],[-117.330963]
2025-11-11T02:49:40+01:00,[60],[-117.330978]
2025-11-11T02:49:39+01:00,[60],[-117.330994]
2025-11-11T02:49:38+01:00,[60],[-117.330994]
2025-11-11T02:49:37+01:00,[60],[-117.331009]
2025-11-11T02:49:36+01:00,[60],[-117.331017]
2025-11-11T02:49:35+01:00,[60],[-117.331001]
2025-11-11T02:49:34+01:00,[60],[-117.331001]
2025-11-11T02:49:33+01:00,[60],[-117.331009]
2025-11-11T02:49:32+01:00,[60],[-117.331009]
2025-11-11T02:49:31+01:00,[60],[-117.331009]
2025-11-11T02:49:30+01:00,[60],[-117.331009]
2025-11-11T02:49:29+01:00,[60],[-117.331009]
2025-11-11T02:49:28+01:00,[60],[-117.331017]
2025-11-11T02:49:27+01:00,[60],[-117.331009]
2025-11-11T02:49:26+01:00,[60],[-117.331009]
2025-11-11T02:49:25+01:00,[60],[-117.331009]
2025-11-11T02:49:24+01:00,[60],[-117.331009]
2025-11-11T02:49:23+01:00,[60],[-117.331009]
2025-11-11T02:49:22+01:00,[60],[-117.331009]
2025-11-11T02:49:21+01:00,[60],[-117.331009]
2025-11-11T02:49:20+01:00,[60],[-117.331009]
2025-11-11T02:49:19+01:00,[60],[-117.331009]
2025-11-11T02:49:18+01:00,[60],[-117.331009]
2025-11-11T02:49:17+01:00,[60],[-117.331009]
2025-11-11T02:49:16+01:00,[60],[-117.331009]
2025-11-11T02:49:15+01:00,[60],[-117.331009]
2025-11-11T02:49:14+01:00,[60],[-117.331009]
2025-11-11T02:49:13+01:00,[60],[-117.331009]
2025-11-11T02:49:12+01:00,[60],[-117.331009]
2025-11-11T02:49:11+01:00,[60],[-117.331009]
2025-11-11T02:49:10+01:00,[60],[-117.331009]
2025-11-11T02:49:09+01:00,[60],[-117.331009]
2025-11-11T02:49:08+01:00,[60],[-117.331009]
2025-11-11T02:49:07+01:00,[60],[-117.331009]
2025-11-11T02:49:06+01:00,[60],[-117.331009]
2025-11-11T02:49:05+01:00,[60],[-117.331001]
2025-11-11T02:49:04+01:00,[60],[-117.331001]
2025-11-11T02:49:03+01:00,[60],[-117.331017]
2025-11-11T02:49:02+01:00,[60],[-117.331017]
2025-11-11T02:49:01+01:00,[60],[-117.331017]
2025-11-11T02:49:00+01:00,[60],[-117.331017]
2025-11-11T02:48:59+01:00,[60],[-117.331017]
2025-11-11T02:48:58+01:00,[60],[-117.331017]
2025-11-11T02:48:57+01:00,[60],[-117.331017]
2025-11-11T02:48:56+01:00,[60],[-117.331009]
2025-11-11T02:48:55+01:00,[60],[-117.331001]
2025-11-11T02:48:54+01:00,[60],[-117.331001]
2025-11-11T02:48:53+01:00,[60],[-117.331001]
2025-11-11T02:48:52+01:00,[60],[-117.331001]
2025-11-11T02:48:51+01:00,[60],[-117.331009]
2025-11-11T02:48:50+01:00,[60],[-117.331001]
2025-11-11T02:48:49+01:00,[60],[-117.331009]
2025-11-11T02:48:48+01:00,[60],[-117.331009]
2025-11-11T02:48:47+01:00,[60],[-117.331009]
2025-11-11T02:48:46+01:00,[60],[-117.331009]
2025-11-11T02:48:45+01:00,[60],[-117.331017]
2025-11-11T02:48:44+01:00,[60],[-117.331017]
2025-11-11T02:48:43+01:00,[60],[-117.331017]
2025-11-11T02:48:42+01:00,[60],[-117.331017]
2025-11-11T02:48:41+01:00,[60],[-117.331017]
2025-11-11T02:48:40+01:00,[60],[-117.331009]
2025-11-11T02:48:39+01:00,[60],[-117.331009]
2025-11-11T02:48:38+01:00,[60],[-117.331009]
2025-11-11T02:48:37+01:00,[60],[-117.331009]
2025-11-11T02:48:36+01:00,[60],[-117.331009]
2025-11-11T02:48:35+01:00,[60],[-117.331001]
2025-11-11T02:48:34+01:00,[60],[-117.331009]
2025-11-11T02:48:33+01:00,[60],[-117.331009]
2025-11-11T02:48:32+01:00,[60],[-117.331009]
2025-11-11T02:48:31+01:00,[60],[-117.331009]
2025-11-11T02:48:30+01:00,[60],[-117.331009]
2025-11-11T02:48:29+01:00,[60],[-117.331009]
2025-11-11T02:48:28+01:00,[60],[-117.331001]
2025-11-11T02:48:27+01:00,[60],[-117.331001]
2025-11-11T02:48:26+01:00,[60],[-117.331001]
2025-11-11T02:48:25+01:00,[60],[-117.331001]
2025-11-11T02:48:24+01:00,[60],[-117.330994]
2025-11-11T02:48:23+01:00,[60],[-117.331001]
2025-11-11T02:48:22+01:00,[60],[-117.331001]
2025-11-11T02:48:21+01:00,[60],[-117.331001]
2025-11-11T02:48:20+01:00,[60],[-117.331001]
2025-11-11T02:48:19+01:00,[60],[-117.331001]
2025-11-11T02:48:18+01:00,[60],[-117.331001]
2025-11-11T02:48:17+01:00,[60],[-117.331001]
2025-11-11T02:48:16+01:00,[60],[-117.331001]
2025-11-11T02:48:15+01:00,[60],[-117.331001]
2025-11-11T02:48:14+01:00,[60],[-117.331001]
2025-11-11T02:48:13+01:00,[60],[-117.331001]
2025-11-11T02:48:12+01:00,[60],[-117.331001]
2025-11-11T02:48:11+01:00,[60],[-117.331001]
2025-11-11T02:48:10+01:00,[60],[-117.331001]
2025-11-11T02:48:09+01:00,[60],[-117.331001]
2025-11-11T02:48:08+01:00,[60],[-117.331001]
2025-11-11T02:48:07+01:00,[60],[-117.331001]
2025-11-11T02:48:06+01:00,[60],[-117.331009]
2025-11-11T02:48:05+01:00,[60],[-117.331001]
2025-11-11T02:48:04+01:00,[60],[-117.331001]
2025-11-11T02:48:03+01:00,[60],[-117.331009]
2025-11-11T02:48:02+01:00,[60],[-117.331009]
2025-11-11T02:48:01+01:00,[60],[-117.331001]
2025-11-11T02:48:00+01:00,[60],[-117.330994]
2025-11-11T02:47:59+01:00,[60],[-117.331001]
2025-11-11T02:47:58+01:00,[60],[-117.330994]
2025-11-11T02:47:57+01:00,[60],[-117.331001]
2025-11-11T02:47:56+01:00,[60],[-117.331001]
2025-11-11T02:47:55+01:00,[60],[-117.331001]
2025-11-11T02:47:54+01:00,[60],[-117.331001]
2025-11-11T02:47:53+01:00,[60],[-117.331001]
2025-11-11T02:47:52+01:00,[60],[-117.330986]
2025-11-11T02:47:51+01:00,[60],[-117.330978]
2025-11-11T02:47:50+01:00,[60],[-117.330971]
2025-11-11T02:47:49+01:00,[60],[-117.330948]
2025-11-11T02:47:48+01:00,[60],[-117.330933]
2025-11-11T02:47:47+01:00,[60],[-117.330917]
2025-11-11T02:47:46+01:00,[60],[-117.330902]
2025-11-11T02:47:45+01:00,[60],[-117.330887]
2025-11-11T02:47:44+01:00,[60],[-117.330864]
2025-11-11T02:47:43+01:00,[60],[-117.330849]
2025-11-11T02:47:42+01:00,[60],[-117.330841]
2025-11-11T02:47:41+01:00,[60],[-117.330818]
2025-11-11T02:47:40+01:00,[60],[-117.330803]
2025-11-11T02:47:39+01:00,[60],[-117.33078]
2025-11-11T02:47:38+01:00,[60],[-117.330772]
2025-11-11T02:47:37+01:00,[60],[-117.330757]
2025-11-11T02:47:36+01:00,[60],[-117.33075]
2025-11-11T02:47:35+01:00,[60],[-117.330727]
2025-11-11T02:47:34+01:00,[60],[-117.330711]
2025-11-11T02:47:33+01:00,[60],[-117.330696]
2025-11-11T02:47:32+01:00,[60],[-117.330688]
2025-11-11T02:47:31+01:00,[60],[-117.330673]
2025-11-11T02:47:30+01:00,[60],[-117.330666]
2025-11-11T02:47:29+01:00,[60],[-117.33065]
2025-11-11T02:47:28+01:00,[60],[-117.330635]
2025-11-11T02:47:27+01:00,[60],[-117.330627]
2025-11-11T02:47:26+01:00,[60],[-117.330612]
2025-11-11T02:47:25+01:00,[60],[-117.330597]
2025-11-11T02:47:24+01:00,[60],[-117.330589]
2025-11-11T02:47:23+01:00,[60],[-117.330566]
2025-11-11T02:47:22+01:00,[60],[-117.330551]
2025-11-11T02:47:21+01:00,[60],[-117.330536]
2025-11-11T02:47:20+01:00,[60],[-117.330528]
2025-11-11T02:47:19+01:00,[60],[-117.330521]
2025-11-11T02:47:18+01:00,[60],[-117.330505]
2025-11-11T02:47:17+01:00,[60],[-117.33049]
2025-11-11T02:47:16+01:00,[60],[-117.330482]
2025-11-11T02:47:15+01:00,[60],[-117.330467]
2025-11-11T02:47:14+01:00,[60],[-117.33046]
2025-11-11T02:47:13+01:00,[60],[-117.330452]
2025-11-11T02:47:12+01:00,[60],[-117.330444]
2025-11-11T02:47:11+01:00,[60],[-117.330429]
2025-11-11T02:47:10+01:00,[60],[-117.330414]
2025-11-11T02:47:09+01:00,[60],[-117.330399]
2025-11-11T02:47:08+01:00,[60],[-117.330383]
2025-11-11T02:47:07+01:00,[60],[-117.330368]
2025-11-11T02:47:06+01:00,[60],[-117.33036]
2025-11-11T02:47:05+01:00,[60],[-117.330353]
2025-11-11T02:47:04+01:00,[60],[-117.330338]
2025-11-11T02:47:03+01:00,[60],[-117.330315]
2025-11-11T02:47:02+01:00,[60],[-117.330292]
2025-11-11T02:47:01+01:00,[60],[-117.330276]
2025-11-11T02:47:00+01:00,[60],[-117.330261]
2025-11-11T02:46:59+01:00,[60],[-117.330246]
2025-11-11T02:46:58+01:00,[60],[-117.330238]
2025-11-11T02:46:57+01:00,[60],[-117.330231]
2025-11-11T02:46:56+01:00,[60],[-117.330215]
2025-11-11T02:46:55+01:00,[60],[-117.330208]
2025-11-11T02:46:54+01:00,[60],[-117.3302]
2025-11-11T02:46:53+01:00,[60],[-117.3302]
2025-11-11T02:46:52+01:00,[60],[-117.330193]
2025-11-11T02:46:51+01:00,[60],[-117.330185]
2025-11-11T02:46:50+01:00,[60],[-117.330185]
2025-11-11T02:46:49+01:00,[60],[-117.330185]
2025-11-11T02:46:48+01:00,[60],[-117.330185]
2025-11-11T02:46:47+01:00,[60],[-117.330177]
2025-11-11T02:46:46+01:00,[60],[-117.330177]
2025-11-11T02:46:45+01:00,[60],[-117.33017]
2025-11-11T02:46:44+01:00,[60],[-117.33017]
2025-11-11T02:46:43+01:00,[60],[-117.330177]
2025-11-11T02:46:42+01:00,[60],[-117.330177]
2025-11-11T02:46:41+01:00,[60],[-117.33017]
2025-11-11T02:46:40+01:00,[60],[-117.330162]
2025-11-11T02:46:39+01:00,[60],[-117.330162]
2025-11-11T02:46:38+01:00,[60],[-117.330162]
2025-11-11T02:46:37+01:00,[60],[-117.330147]
2025-11-11T02:46:36+01:00,[60],[-117.330132]
2025-11-11T02:46:35+01:00,[60],[-117.330116]
2025-11-11T02:46:34+01:00,[60],[-117.330101]
2025-11-11T02:46:33+01:00,[60],[-117.330086]
2025-11-11T02:46:32+01:00,[60],[-117.330063]
2025-11-11T02:46:31+01:00,[60],[-117.330048]
2025-11-11T02:46:30+01:00,[60],[-117.330032]
2025-11-11T02:46:29+01:00,[60],[-117.330025]
2025-11-11T02:46:28+01:00,[60],[-117.330017]
2025-11-11T02:46:27+01:00,[60],[-117.330002]
2025-11-11T02:46:26+01:00,[60],[-117.329987]
2025-11-11T02:46:25+01:00,[60],[-117.329971]
2025-11-11T02:46:24+01:00,[60],[-117.329956]
2025-11-11T02:46:23+01:00,[60],[-117.329941]
2025-11-11T02:46:22+01:00,[60],[-117.329933]
2025-11-11T02:46:21+01:00,[60],[-117.329918]
2025-11-11T02:46:20+01:00,[60],[-117.32991]
2025-11-11T02:46:19+01:00,[60],[-117.329895]
2025-11-11T02:46:18+01:00,[60],[-117.32988]
2025-11-11T02:46:17+01:00,[60],[-117.329865]
2025-11-11T02:46:16+01:00,[60],[-117.329849]
2025-11-11T02:46:15+01:00,[60],[-117.329834]
2025-11-11T02:46:14+01:00,[60],[-117.329819]
2025-11-11T02:46:13+01:00,[60],[-117.329803]
2025-11-11T02:46:12+01:00,[60],[-117.329788]
2025-11-11T02:46:11+01:00,[60],[-117.329773]
2025-11-11T02:46:10+01:00,[60],[-117.329758]
2025-11-11T02:46:09+01:00,[60],[-117.329742]
2025-11-11T02:46:08+01:00,[60],[-117.329727]
2025-11-11T02:46:07+01:00,[60],[-117.329712]
2025-11-11T02:46:06+01:00,[60],[-117.329697]
2025-11-11T02:46:05+01:00,[60],[-117.329674]
2025-11-11T02:46:04+01:00,[60],[-117.329666]
2025-11-11T02:46:03+01:00,[60],[-117.329651]
2025-11-11T02:46:02+01:00,[60],[-117.329643]
2025-11-11T02:46:01+01:00,[60],[-117.329628]
2025-11-11T02:46:00+01:00,[60],[-117.329613]
2025-11-11T02:45:59+01:00,[60],[-117.329597]
2025-11-11T02:45:58+01:00,[60],[-117.329582]
2025-11-11T02:45:57+01:00,[60],[-117.329575]
2025-11-11T02:45:56+01:00,[60],[-117.329559]
2025-11-11T02:45:55+01:00,[60],[-117.329544]
2025-11-11T02:45:54+01:00,[60],[-117.329529]
2025-11-11T02:45:53+01:00,[60],[-117.329514]
2025-11-11T02:45:52+01:00,[60],[-117.329498]
2025-11-11T02:45:51+01:00,[60],[-117.329483]
2025-11-11T02:45:50+01:00,[60],[-117.329468]
2025-11-11T02:45:49+01:00,[60],[-117.329453]
2025-11-11T02:45:48+01:00,[60],[-117.329437]
2025-11-11T02:45:47+01:00,[60],[-117.32943]
2025-11-11T02:45:46+01:00,[60],[-117.329414]
2025-11-11T02:45:45+01:00,[60],[-117.329391]
2025-11-11T02:45:44+01:00,[60],[-117.329376]
2025-11-11T02:45:43+01:00,[60],[-117.329361]
2025-11-11T02:45:42+01:00,[60],[-117.329346]
2025-11-11T02:45:41+01:00,[60],[-117.32933]
2025-11-11T02:45:40+01:00,[60],[-117.329323]
2025-11-11T02:45:39+01:00,[60],[-117.3293]
2025-11-11T02:45:38+01:00,[60],[-117.329277]
2025-11-11T02:45:37+01:00,[60],[-117.329262]
2025-11-11T02:45:36+01:00,[60],[-117.329262]
2025-11-11T02:45:35+01:00,[60],[-117.329247]
2025-11-11T02:45:34+01:00,[60],[-117.329231]
2025-11-11T02:45:33+01:00,[60],[-117.329216]
2025-11-11T02:45:32+01:00,[60],[-117.329193]
2025-11-11T02:45:31+01:00,[60],[-117.329178]
2025-11-11T02:45:30+01:00,[60],[-117.329163]
2025-11-11T02:45:29+01:00,[60],[-117.329163]
2025-11-11T02:45:28+01:00,[60],[-117.329147]
2025-11-11T02:45:27+01:00,[60],[-117.329132]
2025-11-11T02:45:26+01:00,[60],[-117.329109]
2025-11-11T02:45:25+01:00,[60],[-117.329094]
2025-11-11T02:45:24+01:00,[60],[-117.329079]
2025-11-11T02:45:23+01:00,[60],[-117.329063]
2025-11-11T02:45:22+01:00,[60],[-117.329048]
2025-11-11T02:45:21+01:00,[60],[-117.329033]
2025-11-11T02:45:20+01:00,[60],[-117.32901]
2025-11-11T02:45:19+01:00,[60],[-117.329002]
2025-11-11T02:45:18+01:00,[60],[-117.328987]
2025-11-11T02:45:17+01:00,[60],[-117.328972]
2025-11-11T02:45:16+01:00,[60],[-117.328964]
2025-11-11T02:45:15+01:00,[60],[-117.328949]
2025-11-11T02:45:14+01:00,[60],[-117.328941]
2025-11-11T02:45:13+01:00,[60],[-117.328926]
2025-11-11T02:45:12+01:00,[60],[-117.328903]
2025-11-11T02:45:11+01:00,[60],[-117.328888]
2025-11-11T02:45:10+01:00,[60],[-117.328873]
2025-11-11T02:45:09+01:00,[60],[-117.328857]
2025-11-11T02:45:08+01:00,[60],[-117.328835]
2025-11-11T02:45:07+01:00,[60],[-117.328819]
2025-11-11T02:45:06+01:00,[60],[-117.328804]
2025-11-11T02:45:05+01:00,[60],[-117.328796]
2025-11-11T02:45:04+01:00,[60],[-117.328781]
2025-11-11T02:45:03+01:00,[60],[-117.328766]
2025-11-11T02:45:02+01:00,[60],[-117.328751]
2025-11-11T02:45:01+01:00,[60],[-117.328735]
2025-11-11T02:45:00+01:00,[60],[-117.328712]
2025-11-11T02:44:59+01:00,[60],[-117.328705]
2025-11-11T02:44:58+01:00,[60],[-117.32869]
2025-11-11T02:44:57+01:00,[60],[-117.328667]
2025-11-11T02:44:56+01:00,[60],[-117.328651]
2025-11-11T02:44:55+01:00,[60],[-117.328644]
2025-11-11T02:44:54+01:00,[60],[-117.328621]
2025-11-11T02:44:53+01:00,[60],[-117.328606]
2025-11-11T02:44:52+01:00,[60],[-117.32859]
2025-11-11T02:44:51+01:00,[60],[-117.328575]
2025-11-11T02:44:50+01:00,[60],[-117.32856]
2025-11-11T02:44:49+01:00,[60],[-117.328552]
2025-11-11T02:44:48+01:00,[60],[-117.328537]
2025-11-11T02:44:47+01:00,[60],[-117.328522]
2025-11-11T02:44:46+01:00,[60],[-117.328506]
2025-11-11T02:44:45+01:00,[60],[-117.328491]
2025-11-11T02:44:44+01:00,[60],[-117.328476]
2025-11-11T02:44:43+01:00,[60],[-117.328461]
2025-11-11T02:44:42+01:00,[60],[-117.328438]
2025-11-11T02:44:41+01:00,[60],[-117.32843]
2025-11-11T02:44:40+01:00,[60],[-117.328415]
2025-11-11T02:44:39+01:00,[60],[-117.3284]
2025-11-11T02:44:38+01:00,[60],[-117.328384]
2025-11-11T02:44:37+01:00,[60],[-117.328369]
2025-11-11T02:44:36+01:00,[60],[-117.328354]
2025-11-11T02:44:35+01:00,[60],[-117.328339]
2025-11-11T02:44:34+01:00,[60],[-117.328331]
2025-11-11T02:44:33+01:00,[60],[-117.328316]
2025-11-11T02:44:32+01:00,[60],[-117.3283]
2025-11-11T02:44:31+01:00,[60],[-117.328285]
2025-11-11T02:44:30+01:00,[60],[-117.328262]
2025-11-11T02:44:29+01:00,[60],[-117.328255]
2025-11-11T02:44:28+01:00,[60],[-117.328247]
2025-11-11T02:44:27+01:00,[60],[-117.328232]
2025-11-11T02:44:26+01:00,[60],[-117.328217]
2025-11-11T02:44:25+01:00,[60],[-117.328209]
2025-11-11T02:44:24+01:00,[60],[-117.328209]
2025-11-11T02:44:23+01:00,[60],[-117.328201]
2025-11-11T02:44:22+01:00,[60],[-117.328201]
2025-11-11T02:44:21+01:00,[60],[-117.328209]
2025-11-11T02:44:20+01:00,[60],[-117.328209]
2025-11-11T02:44:19+01:00,[60],[-117.328209]
2025-11-11T02:44:18+01:00,[60],[-117.328209]
2025-11-11T02:44:17+01:00,[60],[-117.328209]
2025-11-11T02:44:16+01:00,[60],[-117.328194]
2025-11-11T02:44:15+01:00,[60],[-117.328201]
2025-11-11T02:44:14+01:00,[60],[-117.328194]
2025-11-11T02:44:13+01:00,[60],[-117.328194]
2025-11-11T02:44:12+01:00,[60],[-117.328194]
2025-11-11T02:44:11+01:00,[60],[-117.328194]
2025-11-11T02:44:10+01:00,[60],[-117.328186]
2025-11-11T02:44:09+01:00,[60],[-117.328171]
2025-11-11T02:44:08+01:00,[60],[-117.328156]
2025-11-11T02:44:07+01:00,[60],[-117.328148]
2025-11-11T02:44:06+01:00,[60],[-117.328133]
2025-11-11T02:44:05+01:00,[60],[-117.32811]
2025-11-11T02:44:04+01:00,[60],[-117.328094]
2025-11-11T02:44:03+01:00,[60],[-117.328072]
2025-11-11T02:44:02+01:00,[60],[-117.328049]
2025-11-11T02:44:01+01:00,[60],[-117.328041]
2025-11-11T02:44:00+01:00,[60],[-117.328033]
2025-11-11T02:43:59+01:00,[60],[-117.328018]
2025-11-11T02:43:58+01:00,[60],[-117.328011]
2025-11-11T02:43:57+01:00,[60],[-117.327988]
2025-11-11T02:43:56+01:00,[60],[-117.327972]
2025-11-11T02:43:55+01:00,[60],[-117.327957]
2025-11-11T02:43:54+01:00,[60],[-117.327942]
2025-11-11T02:43:53+01:00,[60],[-117.327927]
2025-11-11T02:43:52+01:00,[60],[-117.327911]
2025-11-11T02:43:51+01:00,[60],[-117.327904]
2025-11-11T02:43:50+01:00,[60],[-117.327888]
2025-11-11T02:43:49+01:00,[60],[-117.327873]
2025-11-11T02:43:48+01:00,[60],[-117.327858]
2025-11-11T02:43:47+01:00,[60],[-117.327835]
2025-11-11T02:43:46+01:00,[60],[-117.32782]
2025-11-11T02:43:45+01:00,[60],[-117.327812]
2025-11-11T02:43:44+01:00,[60],[-117.327797]
2025-11-11T02:43:43+01:00,[60],[-117.327782]
2025-11-11T02:43:42+01:00,[60],[-117.327766]
2025-11-11T02:43:41+01:00,[60],[-117.327759]
2025-11-11T02:43:40+01:00,[60],[-117.327736]
2025-11-11T02:43:39+01:00,[60],[-117.327721]
2025-11-11T02:43:38+01:00,[60],[-117.327713]
2025-11-11T02:43:37+01:00,[60],[-117.327705]
2025-11-11T02:43:36+01:00,[60],[-117.327698]
2025-11-11T02:43:35+01:00,[60],[-117.327682]
2025-11-11T02:43:34+01:00,[60],[-117.327667]
2025-11-11T02:43:33+01:00,[60],[-117.327652]
2025-11-11T02:43:32+01:00,[60],[-117.327637]
2025-11-11T02:43:31+01:00,[60],[-117.327621]
2025-11-11T02:43:30+01:00,[60],[-117.327599]
2025-11-11T02:43:29+01:00,[60],[-117.327583]
2025-11-11T02:43:28+01:00,[60],[-117.327568]
2025-11-11T02:43:27+01:00,[60],[-117.327553]
2025-11-11T02:43:26+01:00,[60],[-117.327538]
2025-11-11T02:43:25+01:00,[60],[-117.327515]
2025-11-11T02:43:24+01:00,[60],[-117.327499]
2025-11-11T02:43:23+01:00,[60],[-117.327484]
2025-11-11T02:43:22+01:00,[60],[-117.327477]
2025-11-11T02:43:21+01:00,[60],[-117.327461]
2025-11-11T02:43:20+01:00,[60],[-117.327446]
2025-11-11T02:43:19+01:00,[60],[-117.327431]
2025-11-11T02:43:18+01:00,[60],[-117.327423]
2025-11-11T02:43:17+01:00,[60],[-117.327408]
2025-11-11T02:43:16+01:00,[60],[-117.327393]
2025-11-11T02:43:15+01:00,[60],[-117.327377]
2025-11-11T02:43:14+01:00,[60],[-117.327362]
2025-11-11T02:43:13+01:00,[60],[-117.327347]
2025-11-11T02:43:12+01:00,[60],[-117.327332]
2025-11-11T02:43:11+01:00,[60],[-117.327309]
2025-11-11T02:43:10+01:00,[60],[-117.327301]
2025-11-11T02:43:09+01:00,[60],[-117.327286]
2025-11-11T02:43:08+01:00,[60],[-117.327271]
2025-11-11T02:43:07+01:00,[60],[-117.327255]
2025-11-11T02:43:06+01:00,[60],[-117.32724]
2025-11-11T02:43:05+01:00,[60],[-117.327232]
2025-11-11T02:43:04+01:00,[60],[-117.327217]
2025-11-11T02:43:03+01:00,[60],[-117.327209]
2025-11-11T02:43:02+01:00,[60],[-117.327194]
2025-11-11T02:43:01+01:00,[60],[-117.327179]
2025-11-11T02:43:00+01:00,[60],[-117.327164]
2025-11-11T02:42:59+01:00,[60],[-117.327148]
2025-11-11T02:42:58+01:00,[60],[-117.327133]
2025-11-11T02:42:57+01:00,[60],[-117.327118]
2025-11-11T02:42:56+01:00,[60],[-117.327095]
2025-11-11T02:42:55+01:00,[60],[-117.327087]
2025-11-11T02:42:54+01:00,[60],[-117.327065]
2025-11-11T02:42:53+01:00,[60],[-117.327049]
2025-11-11T02:42:52+01:00,[60],[-117.327034]
2025-11-11T02:42:51+01:00,[60],[-117.327019]
2025-11-11T02:42:50+01:00,[60],[-117.327003]
2025-11-11T02:42:49+01:00,[60],[-117.326981]
2025-11-11T02:42:48+01:00,[60],[-117.326973]
2025-11-11T02:42:47+01:00,[60],[-117.326965]
2025-11-11T02:42:46+01:00,[60],[-117.326958]
2025-11-11T02:42:45+01:00,[60],[-117.326942]
2025-11-11T02:42:44+01:00,[60],[-117.326927]
2025-11-11T02:42:43+01:00,[60],[-117.326912]
2025-11-11T02:42:42+01:00,[60],[-117.326897]
2025-11-11T02:42:41+01:00,[60],[-117.326874]
2025-11-11T02:42:40+01:00,[60],[-117.326866]
2025-11-11T02:42:39+01:00,[60],[-117.326851]
2025-11-11T02:42:38+01:00,[60],[-117.326836]
2025-11-11T02:42:37+01:00,[60],[-117.32682]
2025-11-11T02:42:36+01:00,[60],[-117.326813]
2025-11-11T02:42:35+01:00,[60],[-117.326797]
2025-11-11T02:42:34+01:00,[60],[-117.32679]
2025-11-11T02:42:33+01:00,[60],[-117.326767]
2025-11-11T02:42:32+01:00,[60],[-117.326759]
2025-11-11T02:42:31+01:00,[60],[-117.326752]
2025-11-11T02:42:30+01:00,[60],[-117.326744]
2025-11-11T02:42:29+01:00,[60],[-117.326736]
2025-11-11T02:42:28+01:00,[60],[-117.326729]
2025-11-11T02:42:27+01:00,[60],[-117.326714]
2025-11-11T02:42:26+01:00,[60],[-117.326706]
2025-11-11T02:42:25+01:00,[60],[-117.326706]
2025-11-11T02:42:24+01:00,[60],[-117.326698]
2025-11-11T02:42:23+01:00,[60],[-117.326691]
2025-11-11T02:42:22+01:00,[60],[-117.326668]
2025-11-11T02:42:21+01:00,[60],[-117.326653]
2025-11-11T02:42:20+01:00,[60],[-117.326637]
2025-11-11T02:42:19+01:00,[60],[-117.326622]
2025-11-11T02:42:18+01:00,[60],[-117.326607]
2025-11-11T02:42:17+01:00,[60],[-117.326591]
2025-11-11T02:42:16+01:00,[60],[-117.326584]
2025-11-11T02:42:15+01:00,[60],[-117.326553]
2025-11-11T02:42:14+01:00,[60],[-117.326538]
2025-11-11T02:42:13+01:00,[60],[-117.32653]
2025-11-11T02:42:12+01:00,[60],[-117.326515]
2025-11-11T02:42:11+01:00,[60],[-117.3265]
2025-11-11T02:42:10+01:00,[60],[-117.326485]
2025-11-11T02:42:09+01:00,[60],[-117.326469]
2025-11-11T02:42:08+01:00,[60],[-117.326447]
2025-11-11T02:42:07+01:00,[60],[-117.326431]
2025-11-11T02:42:06+01:00,[60],[-117.326416]
2025-11-11T02:42:05+01:00,[60],[-117.326408]
2025-11-11T02:42:04+01:00,[60],[-117.326401]
2025-11-11T02:42:03+01:00,[60],[-117.326385]
2025-11-11T02:42:02+01:00,[60],[-117.326378]
2025-11-11T02:42:01+01:00,[60],[-117.326363]
2025-11-11T02:42:00+01:00,[60],[-117.326355]
2025-11-11T02:41:59+01:00,[60],[-117.326347]
2025-11-11T02:41:58+01:00,[60],[-117.326347]
2025-11-11T02:41:57+01:00,[60],[-117.326355]
2025-11-11T02:41:56+01:00,[60],[-117.326355]
2025-11-11T02:41:55+01:00,[60],[-117.326347]
2025-11-11T02:41:54+01:00,[60],[-117.326355]
2025-11-11T02:41:53+01:00,[60],[-117.326355]
2025-11-11T02:41:52+01:00,[60],[-117.326347]
2025-11-11T02:41:51+01:00,[60],[-117.32634]
2025-11-11T02:41:50+01:00,[60],[-117.326332]
2025-11-11T02:41:49+01:00,[60],[-117.326332]
2025-11-11T02:41:48+01:00,[60],[-117.326317]
2025-11-11T02:41:47+01:00,[60],[-117.326317]
2025-11-11T02:41:46+01:00,[60],[-117.326302]
2025-11-11T02:41:45+01:00,[60],[-117.326294]
2025-11-11T02:41:44+01:00,[60],[-117.326279]
2025-11-11T02:41:43+01:00,[60],[-117.326271]
2025-11-11T02:41:42+01:00,[60],[-117.326248]
2025-11-11T02:41:41+01:00,[60],[-117.326225]
2025-11-11T02:41:40+01:00,[60],[-117.326225]
2025-11-11T02:41:39+01:00,[60],[-117.326218]
2025-11-11T02:41:38+01:00,[60],[-117.326218]
2025-11-11T02:41:37+01:00,[60],[-117.326225]
2025-11-11T02:41:36+01:00,[60],[-117.326225]
2025-11-11T02:41:35+01:00,[60],[-117.326225]
2025-11-11T02:41:34+01:00,[60],[-117.326225]
2025-11-11T02:41:33+01:00,[60],[-117.326218]
2025-11-11T02:41:32+01:00,[60],[-117.326218]
2025-11-11T02:41:31+01:00,[60],[-117.326218]
2025-11-11T02:41:30+01:00,[60],[-117.32621]
2025-11-11T02:41:29+01:00,[60],[-117.32621]
2025-11-11T02:41:28+01:00,[60],[-117.32621]
2025-11-11T02:41:27+01:00,[60],[-117.32621]
2025-11-11T02:41:26+01:00,[60],[-117.32621]
2025-11-11T02:41:25+01:00,[60],[-117.326202]
2025-11-11T02:41:24+01:00,[60],[-117.326202]
2025-11-11T02:41:23+01:00,[60],[-117.326202]
2025-11-11T02:41:22+01:00,[60],[-117.326202]
2025-11-11T02:41:21+01:00,[60],[-117.326202]
2025-11-11T02:41:20+01:00,[60],[-117.326195]
2025-11-11T02:41:19+01:00,[60],[-117.326195]
2025-11-11T02:41:18+01:00,[60],[-117.326195]
2025-11-11T02:41:17+01:00,[60],[-117.326187]
2025-11-11T02:41:16+01:00,[60],[-117.32618]
2025-11-11T02:41:15+01:00,[60],[-117.32618]
2025-11-11T02:41:14+01:00,[60],[-117.32618]
2025-11-11T02:41:13+01:00,[60],[-117.326172]
2025-11-11T02:41:12+01:00,[60],[-117.326172]
2025-11-11T02:41:11+01:00,[60],[-117.326164]
2025-11-11T02:41:10+01:00,[60],[-117.326164]
2025-11-11T02:41:09+01:00,[60],[-117.326164]
2025-11-11T02:41:08+01:00,[60],[-117.326157]
2025-11-11T02:41:07+01:00,[60],[-117.326149]
2025-11-11T02:41:06+01:00,[60],[-117.326149]
2025-11-11T02:41:05+01:00,[60],[-117.326149]
2025-11-11T02:41:04+01:00,[60],[-117.326149]
2025-11-11T02:41:03+01:00,[60],[-117.326141]
2025-11-11T02:41:02+01:00,[60],[-117.326134]
2025-11-11T02:41:01+01:00,[60],[-117.326126]
2025-11-11T02:41:00+01:00,[60],[-117.326126]
2025-11-11T02:40:59+01:00,[60],[-117.326118]
2025-11-11T02:40:58+01:00,[60],[-117.326126]
2025-11-11T02:40:57+01:00,[60],[-117.326111]
2025-11-11T02:40:56+01:00,[60],[-117.326103]
2025-11-11T02:40:55+01:00,[60],[-117.326096]
2025-11-11T02:40:54+01:00,[60],[-117.326096]
2025-11-11T02:40:53+01:00,[60],[-117.326096]
2025-11-11T02:40:52+01:00,[60],[-117.326088]
2025-11-11T02:40:51+01:00,[60],[-117.32608]
2025-11-11T02:40:50+01:00,[60],[-117.326073]
2025-11-11T02:40:49+01:00,[60],[-117.326073]
2025-11-11T02:40:48+01:00,[60],[-117.326065]
2025-11-11T02:40:47+01:00,[60],[-117.326057]
2025-11-11T02:40:46+01:00,[60],[-117.32605]
2025-11-11T02:40:45+01:00,[60],[-117.326042]
2025-11-11T02:40:44+01:00,[60],[-117.326035]
2025-11-11T02:40:43+01:00,[60],[-117.326035]
2025-11-11T02:40:42+01:00,[60],[-117.326035]
2025-11-11T02:40:41+01:00,[60],[-117.326027]
2025-11-11T02:40:40+01:00,[60],[-117.326027]
2025-11-11T02:40:39+01:00,[60],[-117.326027]
2025-11-11T02:40:38+01:00,[60],[-117.326027]
2025-11-11T02:40:37+01:00,[60],[-117.326019]
2025-11-11T02:40:36+01:00,[60],[-117.326019]
2025-11-11T02:40:35+01:00,[60],[-117.326012]
2025-11-11T02:40:34+01:00,[60],[-117.326004]
2025-11-11T02:40:33+01:00,[60],[-117.326004]
2025-11-11T02:40:32+01:00,[60],[-117.325996]
2025-11-11T02:40:31+01:00,[60],[-117.325981]
2025-11-11T02:40:30+01:00,[60],[-117.325981]
2025-11-11T02:40:29+01:00,[60],[-117.325974]
2025-11-11T02:40:28+01:00,[60],[-117.325966]
2025-11-11T02:40:27+01:00,[60],[-117.325966]
2025-11-11T02:40:26+01:00,[60],[-117.325966]
2025-11-11T02:40:25+01:00,[60],[-117.325966]
2025-11-11T02:40:24+01:00,[60],[-117.325966]
2025-11-11T02:40:23+01:00,[60],[-117.325966]
2025-11-11T02:40:22+01:00,[60],[-117.325951]
2025-11-11T02:40:21+01:00,[60],[-117.325928]
2025-11-11T02:40:20+01:00,[60],[-117.32592]
2025-11-11T02:40:19+01:00,[60],[-117.32592]
2025-11-11T02:40:18+01:00,[60],[-117.32592]
2025-11-11T02:40:17+01:00,[60],[-117.325912]
2025-11-11T02:40:16+01:00,[60],[-117.325905]
2025-11-11T02:40:15+01:00,[60],[-117.325897]
2025-11-11T02:40:14+01:00,[60],[-117.32589]
2025-11-11T02:40:13+01:00,[60],[-117.325882]
2025-11-11T02:40:12+01:00,[60],[-117.325874]
2025-11-11T02:40:11+01:00,[60],[-117.325867]
2025-11-11T02:40:10+01:00,[60],[-117.325859]
2025-11-11T02:40:09+01:00,[60],[-117.325859]
2025-11-11T02:40:08+01:00,[60],[-117.325851]
2025-11-11T02:40:07+01:00,[60],[-117.325844]
2025-11-11T02:40:06+01:00,[60],[-117.325836]
2025-11-11T02:40:05+01:00,[60],[-117.325829]
2025-11-11T02:40:04+01:00,[60],[-117.325813]
2025-11-11T02:40:03+01:00,[60],[-117.325806]
2025-11-11T02:40:02+01:00,[60],[-117.325806]
2025-11-11T02:40:01+01:00,[60],[-117.32579]
2025-11-11T02:40:00+01:00,[60],[-117.32579]
2025-11-11T02:39:59+01:00,[60],[-117.325775]
2025-11-11T02:39:58+01:00,[60],[-117.325768]
2025-11-11T02:39:57+01:00,[60],[-117.325752]
2025-11-11T02:39:56+01:00,[60],[-117.325737]
2025-11-11T02:39:55+01:00,[60],[-117.325729]
2025-11-11T02:39:54+01:00,[60],[-117.325714]
2025-11-11T02:39:53+01:00,[60],[-117.325706]
2025-11-11T02:39:52+01:00,[60],[-117.325691]
2025-11-11T02:39:51+01:00,[60],[-117.325684]
2025-11-11T02:39:50+01:00,[60],[-117.325676]
2025-11-11T02:39:49+01:00,[60],[-117.325661]
2025-11-11T02:39:48+01:00,[60],[-117.325645]
2025-11-11T02:39:47+01:00,[60],[-117.32563]
2025-11-11T02:39:46+01:00,[60],[-117.325623]
2025-11-11T02:39:45+01:00,[60],[-117.325623]
2025-11-11T02:39:44+01:00,[60],[-117.3256]
2025-11-11T02:39:43+01:00,[60],[-117.325592]
2025-11-11T02:39:42+01:00,[60],[-117.325584]
2025-11-11T02:39:41+01:00,[60],[-117.325569]
2025-11-11T02:39:40+01:00,[60],[-117.325562]
2025-11-11T02:39:39+01:00,[60],[-117.325546]
2025-11-11T02:39:38+01:00,[60],[-117.325539]
2025-11-11T02:39:37+01:00,[60],[-117.325516]
2025-11-11T02:39:36+01:00,[60],[-117.325508]
2025-11-11T02:39:35+01:00,[60],[-117.325493]
2025-11-11T02:39:34+01:00,[60],[-117.325485]
2025-11-11T02:39:33+01:00,[60],[-117.32547]
2025-11-11T02:39:32+01:00,[60],[-117.325462]
2025-11-11T02:39:31+01:00,[60],[-117.325447]
2025-11-11T02:39:30+01:00,[60],[-117.325439]
2025-11-11T02:39:29+01:00,[60],[-117.325424]
2025-11-11T02:39:28+01:00,[60],[-117.325417]
2025-11-11T02:39:27+01:00,[60],[-117.325409]
2025-11-11T02:39:26+01:00,[60],[-117.325394]
2025-11-11T02:39:25+01:00,[60],[-117.325386]
2025-11-11T02:39:24+01:00,[60],[-117.325378]
2025-11-11T02:39:23+01:00,[60],[-117.325378]
2025-11-11T02:39:22+01:00,[60],[-117.325363]
2025-11-11T02:39:21+01:00,[60],[-117.325348]
2025-11-11T02:39:20+01:00,[60],[-117.32534]
2025-11-11T02:39:19+01:00,[60],[-117.325325]
2025-11-11T02:39:18+01:00,[60],[-117.325317]
2025-11-11T02:39:17+01:00,[60],[-117.325302]
2025-11-11T02:39:16+01:00,[60],[-117.325294]
2025-11-11T02:39:15+01:00,[60],[-117.325287]
2025-11-11T02:39:14+01:00,[60],[-117.325272]
2025-11-11T02:39:13+01:00,[60],[-117.325264]
2025-11-11T02:39:12+01:00,[60],[-117.325256]
2025-11-11T02:39:11+01:00,[60],[-117.325241]
2025-11-11T02:39:10+01:00,[60],[-117.325233]
2025-11-11T02:39:09+01:00,[60],[-117.325226]
2025-11-11T02:39:08+01:00,[60],[-117.325211]
2025-11-11T02:39:07+01:00,[60],[-117.325195]
2025-11-11T02:39:06+01:00,[60],[-117.325188]
2025-11-11T02:39:05+01:00,[60],[-117.32518]
2025-11-11T02:39:04+01:00,[60],[-117.325165]
2025-11-11T02:39:03+01:00,[60],[-117.325157]
2025-11-11T02:39:02+01:00,[60],[-117.32515]
2025-11-11T02:39:01+01:00,[60],[-117.325142]
2025-11-11T02:39:00+01:00,[60],[-117.325127]
2025-11-11T02:38:59+01:00,[60],[-117.325119]
2025-11-11T02:38:58+01:00,[60],[-117.325104]
2025-11-11T02:38:57+01:00,[60],[-117.325089]
2025-11-11T02:38:56+01:00,[60],[-117.325081]
2025-11-11T02:38:55+01:00,[60],[-117.325066]
2025-11-11T02:38:54+01:00,[60],[-117.325058]
2025-11-11T02:38:53+01:00,[60],[-117.325043]
2025-11-11T02:38:52+01:00,[60],[-117.32502]
2025-11-11T02:38:51+01:00,[60],[-117.32502]
2025-11-11T02:38:50+01:00,[60],[-117.325012]
2025-11-11T02:38:49+01:00,[60],[-117.324989]
2025-11-11T02:38:48+01:00,[60],[-117.324982]
2025-11-11T02:38:47+01:00,[60],[-117.324974]
2025-11-11T02:38:46+01:00,[60],[-117.324959]
2025-11-11T02:38:45+01:00,[60],[-117.324944]
2025-11-11T02:38:44+01:00,[60],[-117.324928]
2025-11-11T02:38:43+01:00,[60],[-117.324921]
2025-11-11T02:38:42+01:00,[60],[-117.324905]
2025-11-11T02:38:41+01:00,[60],[-117.32489]
2025-11-11T02:38:40+01:00,[60],[-117.324875]
2025-11-11T02:38:39+01:00,[60],[-117.324852]
2025-11-11T02:38:38+01:00,[60],[-117.324844]
2025-11-11T02:38:37+01:00,[60],[-117.324837]
2025-11-11T02:38:36+01:00,[60],[-117.324829]
2025-11-11T02:38:35+01:00,[60],[-117.324814]
2025-11-11T02:38:34+01:00,[60],[-117.324814]
2025-11-11T02:38:33+01:00,[60],[-117.324799]
2025-11-11T02:38:32+01:00,[60],[-117.324791]
2025-11-11T02:38:31+01:00,[60],[-117.324776]
2025-11-11T02:38:30+01:00,[60],[-117.324768]
2025-11-11T02:38:29+01:00,[60],[-117.32476]
2025-11-11T02:38:28+01:00,[60],[-117.324753]
2025-11-11T02:38:27+01:00,[60],[-117.324745]
2025-11-11T02:38:26+01:00,[60],[-117.32473]
2025-11-11T02:38:25+01:00,[60],[-117.324715]
2025-11-11T02:38:24+01:00,[60],[-117.324707]
2025-11-11T02:38:23+01:00,[60],[-117.324699]
2025-11-11T02:38:22+01:00,[60],[-117.324684]
2025-11-11T02:38:21+01:00,[60],[-117.324677]
2025-11-11T02:38:20+01:00,[60],[-117.324661]
2025-11-11T02:38:19+01:00,[60],[-117.324646]
2025-11-11T02:38:18+01:00,[60],[-117.324638]
2025-11-11T02:38:17+01:00,[60],[-117.324631]
2025-11-11T02:38:16+01:00,[60],[-117.324615]
2025-11-11T02:38:15+01:00,[60],[-117.324615]
2025-11-11T02:38:14+01:00,[60],[-117.3246]
2025-11-11T02:38:13+01:00,[60],[-117.324593]
2025-11-11T02:38:12+01:00,[60],[-117.324577]
2025-11-11T02:38:11+01:00,[60],[-117.32457]
2025-11-11T02:38:10+01:00,[60],[-117.324562]
2025-11-11T02:38:09+01:00,[60],[-117.324547]
2025-11-11T02:38:08+01:00,[60],[-117.324532]
2025-11-11T02:38:07+01:00,[60],[-117.324516]
2025-11-11T02:38:06+01:00,[60],[-117.324509]
2025-11-11T02:38:05+01:00,[60],[-117.324501]
2025-11-11T02:38:04+01:00,[60],[-117.324493]
2025-11-11T02:38:03+01:00,[60],[-117.324478]
2025-11-11T02:38:02+01:00,[60],[-117.324471]
2025-11-11T02:38:01+01:00,[60],[-117.324455]
2025-11-11T02:38:00+01:00,[60],[-117.324448]
2025-11-11T02:37:59+01:00,[60],[-117.32444]
2025-11-11T02:37:58+01:00,[60],[-117.324432]
2025-11-11T02:37:57+01:00,[60],[-117.324417]
2025-11-11T02:37:56+01:00,[60],[-117.324402]
2025-11-11T02:37:55+01:00,[60],[-117.324387]
2025-11-11T02:37:54+01:00,[60],[-117.324379]
2025-11-11T02:37:53+01:00,[60],[-117.324364]
2025-11-11T02:37:52+01:00,[60],[-117.324348]
2025-11-11T02:37:51+01:00,[60],[-117.324341]
2025-11-11T02:37:50+01:00,[60],[-117.324326]
2025-11-11T02:37:49+01:00,[60],[-117.32431]
2025-11-11T02:37:48+01:00,[60],[-117.324303]
2025-11-11T02:37:47+01:00,[60],[-117.324287]
2025-11-11T02:37:46+01:00,[60],[-117.32428]
2025-11-11T02:37:45+01:00,[60],[-117.324257]
2025-11-11T02:37:44+01:00,[60],[-117.324249]
2025-11-11T02:37:43+01:00,[60],[-117.324242]
2025-11-11T02:37:42+01:00,[60],[-117.324234]
2025-11-11T02:37:41+01:00,[60],[-117.324226]
2025-11-11T02:37:40+01:00,[60],[-117.324211]
2025-11-11T02:37:39+01:00,[60],[-117.324203]
2025-11-11T02:37:38+01:00,[60],[-117.324188]
2025-11-11T02:37:37+01:00,[60],[-117.324181]
2025-11-11T02:37:36+01:00,[60],[-117.324165]
2025-11-11T02:37:35+01:00,[60],[-117.32415]
2025-11-11T02:37:34+01:00,[60],[-117.324135]
2025-11-11T02:37:33+01:00,[60],[-117.324127]
2025-11-11T02:37:32+01:00,[60],[-117.324112]
2025-11-11T02:37:31+01:00,[60],[-117.324104]
2025-11-11T02:37:30+01:00,[60],[-117.324089]
2025-11-11T02:37:29+01:00,[60],[-117.324066]
2025-11-11T02:37:28+01:00,[60],[-117.324059]
2025-11-11T02:37:27+01:00,[60],[-117.324043]
2025-11-11T02:37:26+01:00,[60],[-117.324036]
2025-11-11T02:37:25+01:00,[60],[-117.324013]
2025-11-11T02:37:24+01:00,[60],[-117.324005]
2025-11-11T02:37:23+01:00,[60],[-117.323982]
2025-11-11T02:37:22+01:00,[60],[-117.323967]
2025-11-11T02:37:21+01:00,[60],[-117.323952]
2025-11-11T02:37:20+01:00,[60],[-117.323944]
2025-11-11T02:37:19+01:00,[60],[-117.323936]
2025-11-11T02:37:18+01:00,[60],[-117.323921]
2025-11-11T02:37:17+01:00,[60],[-117.323906]
2025-11-11T02:37:16+01:00,[60],[-117.323891]
2025-11-11T02:37:15+01:00,[60],[-117.323891]
2025-11-11T02:37:14+01:00,[60],[-117.323875]
2025-11-11T02:37:13+01:00,[60],[-117.32386]
2025-11-11T02:37:12+01:00,[60],[-117.323853]
2025-11-11T02:37:11+01:00,[60],[-117.323837]
2025-11-11T02:37:10+01:00,[60],[-117.323822]
2025-11-11T02:37:09+01:00,[60],[-117.323807]
2025-11-11T02:37:08+01:00,[60],[-117.323799]
2025-11-11T02:37:07+01:00,[60],[-117.323784]
2025-11-11T02:37:06+01:00,[60],[-117.323769]
2025-11-11T02:37:05+01:00,[60],[-117.323761]
2025-11-11T02:37:04+01:00,[60],[-117.323746]
2025-11-11T02:37:03+01:00,[60],[-117.323738]
2025-11-11T02:37:02+01:00,[60],[-117.323723]
2025-11-11T02:37:01+01:00,[60],[-117.323723]
2025-11-11T02:37:00+01:00,[60],[-117.323708]
2025-11-11T02:36:59+01:00,[60],[-117.323692]
2025-11-11T02:36:58+01:00,[60],[-117.323677]
2025-11-11T02:36:57+01:00,[60],[-117.323654]
2025-11-11T02:36:56+01:00,[60],[-117.323631]
2025-11-11T02:36:55+01:00,[60],[-117.323616]
2025-11-11T02:36:54+01:00,[60],[-117.323608]
2025-11-11T02:36:53+01:00,[60],[-117.323593]
2025-11-11T02:36:52+01:00,[60],[-117.323586]
2025-11-11T02:36:51+01:00,[60],[-117.323578]
2025-11-11T02:36:50+01:00,[60],[-117.323563]
2025-11-11T02:36:49+01:00,[60],[-117.32354]
2025-11-11T02:36:48+01:00,[60],[-117.323532]
2025-11-11T02:36:47+01:00,[60],[-117.323532]
2025-11-11T02:36:46+01:00,[60],[-117.323524]
2025-11-11T02:36:45+01:00,[60],[-117.323509]
2025-11-11T02:36:44+01:00,[60],[-117.323486]
2025-11-11T02:36:43+01:00,[60],[-117.323471]
2025-11-11T02:36:42+01:00,[60],[-117.323456]
2025-11-11T02:36:41+01:00,[60],[-117.323441]
2025-11-11T02:36:40+01:00,[60],[-117.323425]
2025-11-11T02:36:39+01:00,[60],[-117.323418]
2025-11-11T02:36:38+01:00,[60],[-117.32341]
2025-11-11T02:36:37+01:00,[60],[-117.323402]
2025-11-11T02:36:36+01:00,[60],[-117.323395]
2025-11-11T02:36:35+01:00,[60],[-117.323372]
2025-11-11T02:36:34+01:00,[60],[-117.323364]
2025-11-11T02:36:33+01:00,[60],[-117.323357]
2025-11-11T02:36:32+01:00,[60],[-117.323349]
2025-11-11T02:36:31+01:00,[60],[-117.323334]
2025-11-11T02:36:30+01:00,[60],[-117.323318]
2025-11-11T02:36:29+01:00,[60],[-117.323288]
2025-11-11T02:36:28+01:00,[60],[-117.32325]
2025-11-11T02:36:27+01:00,[60],[-117.323235]
2025-11-11T02:36:26+01:00,[60],[-117.323219]
2025-11-11T02:36:25+01:00,[60],[-117.323212]
2025-11-11T02:36:24+01:00,[60],[-117.323212]
2025-11-11T02:36:23+01:00,[60],[-117.323212]
2025-11-11T02:36:22+01:00,[60],[-117.323212]
2025-11-11T02:36:21+01:00,[60],[-117.323204]
2025-11-11T02:36:20+01:00,[60],[-117.323212]
2025-11-11T02:36:19+01:00,[60],[-117.323219]
2025-11-11T02:36:18+01:00,[60],[-117.323235]
2025-11-11T02:36:17+01:00,[60],[-117.323235]
2025-11-11T02:36:16+01:00,[60],[-117.323242]
2025-11-11T02:36:15+01:00,[60],[-117.323257]
2025-11-11T02:36:14+01:00,[60],[-117.323273]
2025-11-11T02:36:13+01:00,[60],[-117.323288]
2025-11-11T02:36:12+01:00,[60],[-117.323296]
2025-11-11T02:36:11+01:00,[60],[-117.323311]
2025-11-11T02:36:10+01:00,[60],[-117.323318]
2025-11-11T02:36:09+01:00,[60],[-117.323334]
2025-11-11T02:36:08+01:00,[60],[-117.323349]
2025-11-11T02:36:07+01:00,[60],[-117.323349]
2025-11-11T02:36:06+01:00,[60],[-117.323372]
2025-11-11T02:36:05+01:00,[60],[-117.32338]
2025-11-11T02:36:04+01:00,[60],[-117.323395]
2025-11-11T02:36:03+01:00,[60],[-117.32341]
2025-11-11T02:36:02+01:00,[60],[-117.323418]
2025-11-11T02:36:01+01:00,[60],[-117.323433]
2025-11-11T02:36:00+01:00,[60],[-117.323448]
2025-11-11T02:35:59+01:00,[60],[-117.323471]
2025-11-11T02:35:58+01:00,[60],[-117.323479]
2025-11-11T02:35:57+01:00,[60],[-117.323486]
2025-11-11T02:35:56+01:00,[60],[-117.323502]
2025-11-11T02:35:55+01:00,[60],[-117.323509]
2025-11-11T02:35:54+01:00,[60],[-117.323517]
2025-11-11T02:35:53+01:00,[60],[-117.323532]
2025-11-11T02:35:52+01:00,[60],[-117.323547]
2025-11-11T02:35:51+01:00,[60],[-117.323555]
2025-11-11T02:35:50+01:00,[60],[-117.323563]
2025-11-11T02:35:49+01:00,[60],[-117.323578]
2025-11-11T02:35:48+01:00,[60],[-117.323586]
2025-11-11T02:35:47+01:00,[60],[-117.323608]
2025-11-11T02:35:46+01:00,[60],[-117.323624]
2025-11-11T02:35:45+01:00,[60],[-117.323631]
2025-11-11T02:35:44+01:00,[60],[-117.323639]
2025-11-11T02:35:43+01:00,[60],[-117.323647]
2025-11-11T02:35:42+01:00,[60],[-117.323662]
2025-11-11T02:35:41+01:00,[60],[-117.323677]
2025-11-11T02:35:40+01:00,[60],[-117.323685]
2025-11-11T02:35:39+01:00,[60],[-117.323708]
2025-11-11T02:35:38+01:00,[60],[-117.323715]
2025-11-11T02:35:37+01:00,[60],[-117.323723]
2025-11-11T02:35:36+01:00,[60],[-117.323746]
2025-11-11T02:35:35+01:00,[60],[-117.323753]
2025-11-11T02:35:34+01:00,[60],[-117.323769]
2025-11-11T02:35:33+01:00,[60],[-117.323784]
2025-11-11T02:35:31+01:00,[60],[-117.323799]
2025-11-11T02:35:30+01:00,[60],[-117.323814]
2025-11-11T02:35:29+01:00,[60],[-117.323822]
2025-11-11T02:35:28+01:00,[60],[-117.323837]
2025-11-11T02:35:27+01:00,[60],[-117.323845]
2025-11-11T02:35:26+01:00,[60],[-117.323853]
2025-11-11T02:35:25+01:00,[60],[-117.32386]
2025-11-11T02:35:24+01:00,[60],[-117.323875]
2025-11-11T02:35:23+01:00,[60],[-117.323883]
2025-11-11T02:35:22+01:00,[60],[-117.323891]
2025-11-11T02:35:21+01:00,[60],[-117.323906]
2025-11-11T02:35:20+01:00,[60],[-117.323921]
2025-11-11T02:35:19+01:00,[60],[-117.323936]
2025-11-11T02:35:18+01:00,[60],[-117.323952]
2025-11-11T02:35:17+01:00,[60],[-117.323959]
2025-11-11T02:35:16+01:00,[60],[-117.323967]
2025-11-11T02:35:15+01:00,[60],[-117.323982]
2025-11-11T02:35:14+01:00,[60],[-117.32399]
2025-11-11T02:35:13+01:00,[60],[-117.324013]
2025-11-11T02:35:12+01:00,[60],[-117.32402]
2025-11-11T02:35:11+01:00,[60],[-117.324036]
2025-11-11T02:35:10+01:00,[60],[-117.324043]
2025-11-11T02:35:09+01:00,[60],[-117.324051]
2025-11-11T02:35:08+01:00,[60],[-117.324066]
2025-11-11T02:35:07+01:00,[60],[-117.324081]
2025-11-11T02:35:06+01:00,[60],[-117.324097]
2025-11-11T02:35:05+01:00,[60],[-117.324112]
2025-11-11T02:35:04+01:00,[60],[-117.32412]
2025-11-11T02:35:03+01:00,[60],[-117.324135]
2025-11-11T02:35:02+01:00,[60],[-117.32415]
2025-11-11T02:35:01+01:00,[60],[-117.324158]
2025-11-11T02:35:00+01:00,[60],[-117.324173]
2025-11-11T02:34:59+01:00,[60],[-117.324181]
2025-11-11T02:34:58+01:00,[60],[-117.324196]
2025-11-11T02:34:57+01:00,[60],[-117.324211]
2025-11-11T02:34:56+01:00,[60],[-117.324226]
2025-11-11T02:34:55+01:00,[60],[-117.324234]
2025-11-11T02:34:54+01:00,[60],[-117.324242]
2025-11-11T02:34:53+01:00,[60],[-117.324257]
2025-11-11T02:34:52+01:00,[60],[-117.324272]
2025-11-11T02:34:51+01:00,[60],[-117.324287]
2025-11-11T02:34:50+01:00,[60],[-117.324295]
2025-11-11T02:34:49+01:00,[60],[-117.32431]
2025-11-11T02:34:48+01:00,[60],[-117.324318]
2025-11-11T02:34:47+01:00,[60],[-117.324341]
2025-11-11T02:34:46+01:00,[60],[-117.324348]
2025-11-11T02:34:45+01:00,[60],[-117.324364]
2025-11-11T02:34:44+01:00,[60],[-117.324371]
2025-11-11T02:34:43+01:00,[60],[-117.324387]
2025-11-11T02:34:42+01:00,[60],[-117.324394]
2025-11-11T02:34:41+01:00,[60],[-117.324402]
2025-11-11T02:34:40+01:00,[60],[-117.324409]
2025-11-11T02:34:39+01:00,[60],[-117.324425]
2025-11-11T02:34:38+01:00,[60],[-117.32444]
2025-11-11T02:34:37+01:00,[60],[-117.324455]
2025-11-11T02:34:36+01:00,[60],[-117.324463]
2025-11-11T02:34:35+01:00,[60],[-117.324478]
2025-11-11T02:34:34+01:00,[60],[-117.324486]
2025-11-11T02:34:33+01:00,[60],[-117.324493]
2025-11-11T02:34:32+01:00,[60],[-117.324509]
2025-11-11T02:34:31+01:00,[60],[-117.324516]
2025-11-11T02:34:30+01:00,[60],[-117.324532]
2025-11-11T02:34:29+01:00,[60],[-117.324547]
2025-11-11T02:34:28+01:00,[60],[-117.324554]
2025-11-11T02:34:27+01:00,[60],[-117.324562]
2025-11-11T02:34:26+01:00,[60],[-117.32457]
2025-11-11T02:34:25+01:00,[60],[-117.324585]
2025-11-11T02:34:24+01:00,[60],[-117.324593]
2025-11-11T02:34:23+01:00,[60],[-117.324593]
2025-11-11T02:34:22+01:00,[60],[-117.324615]
2025-11-11T02:34:21+01:00,[60],[-117.324623]
2025-11-11T02:34:20+01:00,[60],[-117.324638]
2025-11-11T02:34:19+01:00,[60],[-117.324638]
2025-11-11T02:34:18+01:00,[60],[-117.324654]
2025-11-11T02:34:17+01:00,[60],[-117.324661]
2025-11-11T02:34:16+01:00,[60],[-117.324669]
2025-11-11T02:34:15+01:00,[60],[-117.324677]
2025-11-11T02:34:14+01:00,[60],[-117.324692]
2025-11-11T02:34:13+01:00,[60],[-117.324699]
2025-11-11T02:34:12+01:00,[60],[-117.324699]
2025-11-11T02:34:11+01:00,[60],[-117.324707]
2025-11-11T02:34:10+01:00,[60],[-117.324715]
2025-11-11T02:34:09+01:00,[60],[-117.324722]
2025-11-11T02:34:08+01:00,[60],[-117.32473]
2025-11-11T02:34:07+01:00,[60],[-117.32473]
2025-11-11T02:34:06+01:00,[60],[-117.32473]
2025-11-11T02:34:05+01:00,[60],[-117.32473]
2025-11-11T02:34:04+01:00,[60],[-117.32473]
2025-11-11T02:34:03+01:00,[60],[-117.324738]
2025-11-11T02:34:02+01:00,[60],[-117.324738]
2025-11-11T02:34:01+01:00,[60],[-117.32473]
2025-11-11T02:34:00+01:00,[60],[-117.324722]
2025-11-11T02:33:59+01:00,[60],[-117.324707]
2025-11-11T02:33:58+01:00,[60],[-117.324699]
2025-11-11T02:33:57+01:00,[60],[-117.324699]
2025-11-11T02:33:56+01:00,[60],[-117.324699]
2025-11-11T02:33:55+01:00,[60],[-117.324707]
2025-11-11T02:33:54+01:00,[60],[-117.324699]
2025-11-11T02:33:53+01:00,[60],[-117.324684]
2025-11-11T02:33:52+01:00,[60],[-117.324669]
2025-11-11T02:33:51+01:00,[60],[-117.324661]
2025-11-11T02:33:50+01:00,[60],[-117.324646]
2025-11-11T02:33:49+01:00,[60],[-117.324638]
2025-11-11T02:33:48+01:00,[60],[-117.324615]
2025-11-11T02:33:47+01:00,[60],[-117.3246]
2025-11-11T02:33:46+01:00,[60],[-117.324593]
2025-11-11T02:33:45+01:00,[60],[-117.324577]
2025-11-11T02:33:44+01:00,[60],[-117.324562]
2025-11-11T02:33:43+01:00,[60],[-117.324554]
2025-11-11T02:33:42+01:00,[60],[-117.324539]
2025-11-11T02:33:41+01:00,[60],[-117.324524]
2025-11-11T02:33:40+01:00,[60],[-117.324509]
2025-11-11T02:33:39+01:00,[60],[-117.324493]
2025-11-11T02:33:38+01:00,[60],[-117.324471]
2025-11-11T02:33:37+01:00,[60],[-117.324463]
2025-11-11T02:33:36+01:00,[60],[-117.324455]
2025-11-11T02:33:35+01:00,[60],[-117.324432]
2025-11-11T02:33:34+01:00,[60],[-117.324417]
2025-11-11T02:33:33+01:00,[60],[-117.324394]
2025-11-11T02:33:32+01:00,[60],[-117.324379]
2025-11-11T02:33:31+01:00,[60],[-117.324379]
2025-11-11T02:33:30+01:00,[60],[-117.324371]
2025-11-11T02:33:29+01:00,[60],[-117.324364]
2025-11-11T02:33:28+01:00,[60],[-117.324356]
2025-11-11T02:33:27+01:00,[60],[-117.324348]
2025-11-11T02:33:25+01:00,[60],[-117.324341]
2025-11-11T02:33:24+01:00,[60],[-117.324326]
2025-11-11T02:33:23+01:00,[60],[-117.324318]
2025-11-11T02:33:22+01:00,[60],[-117.32431]
2025-11-11T02:33:21+01:00,[60],[-117.324295]
2025-11-11T02:33:20+01:00,[60],[-117.324287]
2025-11-11T02:33:19+01:00,[60],[-117.324272]
2025-11-11T02:33:18+01:00,[60],[-117.324265]
2025-11-11T02:33:17+01:00,[60],[-117.324265]
2025-11-11T02:33:16+01:00,[60],[-117.324265]
2025-11-11T02:33:15+01:00,[60],[-117.324257]
2025-11-11T02:33:14+01:00,[60],[-117.324249]
2025-11-11T02:33:13+01:00,[60],[-117.324234]
2025-11-11T02:33:12+01:00,[60],[-117.324219]
2025-11-11T02:33:11+01:00,[60],[-117.324211]
2025-11-11T02:33:10+01:00,[60],[-117.324196]
2025-11-11T02:33:09+01:00,[60],[-117.324181]
2025-11-11T02:33:08+01:00,[60],[-117.324181]
2025-11-11T02:33:07+01:00,[60],[-117.324173]
2025-11-11T02:33:06+01:00,[60],[-117.324158]
2025-11-11T02:33:05+01:00,[60],[-117.32415]
2025-11-11T02:33:04+01:00,[60],[-117.324135]
2025-11-11T02:33:03+01:00,[60],[-117.32412]
2025-11-11T02:33:02+01:00,[60],[-117.324112]
2025-11-11T02:33:01+01:00,[60],[-117.324097]
2025-11-11T02:33:00+01:00,[60],[-117.324081]
2025-11-11T02:32:59+01:00,[60],[-117.324074]
2025-11-11T02:32:58+01:00,[60],[-117.324066]
2025-11-11T02:32:57+01:00,[60],[-117.324059]
2025-11-11T02:32:56+01:00,[60],[-117.324036]
2025-11-11T02:32:55+01:00,[60],[-117.32402]
2025-11-11T02:32:54+01:00,[60],[-117.324005]
2025-11-11T02:32:53+01:00,[60],[-117.32399]
2025-11-11T02:32:52+01:00,[60],[-117.323982]
2025-11-11T02:32:51+01:00,[60],[-117.323975]
2025-11-11T02:32:50+01:00,[60],[-117.323967]
2025-11-11T02:32:49+01:00,[60],[-117.323952]
2025-11-11T02:32:48+01:00,[60],[-117.323929]
2025-11-11T02:32:47+01:00,[60],[-117.323921]
2025-11-11T02:32:46+01:00,[60],[-117.323914]
2025-11-11T02:32:45+01:00,[60],[-117.323906]
2025-11-11T02:32:44+01:00,[60],[-117.323891]
2025-11-11T02:32:43+01:00,[60],[-117.323883]
2025-11-11T02:32:42+01:00,[60],[-117.323868]
2025-11-11T02:32:41+01:00,[60],[-117.32386]
2025-11-11T02:32:40+01:00,[60],[-117.323845]
2025-11-11T02:32:39+01:00,[60],[-117.323837]
2025-11-11T02:32:38+01:00,[60],[-117.32383]
2025-11-11T02:32:37+01:00,[60],[-117.323822]
2025-11-11T02:32:36+01:00,[60],[-117.323814]
2025-11-11T02:32:35+01:00,[60],[-117.323807]
2025-11-11T02:32:34+01:00,[60],[-117.323792]
2025-11-11T02:32:33+01:00,[60],[-117.323776]
2025-11-11T02:32:32+01:00,[60],[-117.323761]
2025-11-11T02:32:31+01:00,[60],[-117.323746]
2025-11-11T02:32:30+01:00,[60],[-117.323746]
2025-11-11T02:32:29+01:00,[60],[-117.323738]
2025-11-11T02:32:28+01:00,[60],[-117.323723]
2025-11-11T02:32:27+01:00,[60],[-117.3237]
2025-11-11T02:32:26+01:00,[60],[-117.323685]
2025-11-11T02:32:25+01:00,[60],[-117.323669]
2025-11-11T02:32:24+01:00,[60],[-117.323662]
2025-11-11T02:32:23+01:00,[60],[-117.323662]
2025-11-11T02:32:22+01:00,[60],[-117.323662]
2025-11-11T02:32:21+01:00,[60],[-117.323654]
2025-11-11T02:32:20+01:00,[60],[-117.323654]
2025-11-11T02:32:19+01:00,[60],[-117.323669]
2025-11-11T02:32:18+01:00,[60],[-117.323669]
2025-11-11T02:32:17+01:00,[60],[-117.323677]
2025-11-11T02:32:16+01:00,[60],[-117.323692]
2025-11-11T02:32:15+01:00,[60],[-117.323715]
2025-11-11T02:32:14+01:00,[60],[-117.323723]
2025-11-11T02:32:13+01:00,[60],[-117.323738]
2025-11-11T02:32:12+01:00,[60],[-117.323746]
2025-11-11T02:32:11+01:00,[60],[-117.323753]
2025-11-11T02:32:10+01:00,[60],[-117.323769]
2025-11-11T02:32:09+01:00,[60],[-117.323784]
2025-11-11T02:32:08+01:00,[60],[-117.323792]
2025-11-11T02:32:07+01:00,[60],[-117.323799]
2025-11-11T02:32:06+01:00,[60],[-117.323814]
2025-11-11T02:32:05+01:00,[60],[-117.323822]
2025-11-11T02:32:04+01:00,[60],[-117.32383]
2025-11-11T02:32:03+01:00,[60],[-117.323837]
2025-11-11T02:32:02+01:00,[60],[-117.323853]
2025-11-11T02:32:01+01:00,[60],[-117.32386]
2025-11-11T02:32:00+01:00,[60],[-117.323875]
2025-11-11T02:31:59+01:00,[60],[-117.323883]
2025-11-11T02:31:58+01:00,[60],[-117.323891]
2025-11-11T02:31:57+01:00,[60],[-117.323898]
2025-11-11T02:31:56+01:00,[60],[-117.323914]
2025-11-11T02:31:55+01:00,[60],[-117.323921]
2025-11-11T02:31:54+01:00,[60],[-117.323929]
2025-11-11T02:31:53+01:00,[60],[-117.323944]
2025-11-11T02:31:52+01:00,[60],[-117.323952]
2025-11-11T02:31:51+01:00,[60],[-117.323959]
2025-11-11T02:31:50+01:00,[60],[-117.323967]
2025-11-11T02:31:49+01:00,[60],[-117.323975]
2025-11-11T02:31:48+01:00,[60],[-117.32399]
2025-11-11T02:31:47+01:00,[60],[-117.323997]
2025-11-11T02:31:46+01:00,[60],[-117.324005]
2025-11-11T02:31:45+01:00,[60],[-117.324013]
2025-11-11T02:31:44+01:00,[60],[-117.32402]
2025-11-11T02:31:43+01:00,[60],[-117.324036]
2025-11-11T02:31:42+01:00,[60],[-117.324043]
2025-11-11T02:31:41+01:00,[60],[-117.324051]
2025-11-11T02:31:40+01:00,[60],[-117.324059]
2025-11-11T02:31:39+01:00,[60],[-117.324066]
2025-11-11T02:31:38+01:00,[60],[-117.324074]
2025-11-11T02:31:37+01:00,[60],[-117.324081]
2025-11-11T02:31:36+01:00,[60],[-117.324097]
2025-11-11T02:31:35+01:00,[60],[-117.324104]
2025-11-11T02:31:34+01:00,[60],[-117.324112]
2025-11-11T02:31:33+01:00,[60],[-117.32412]
2025-11-11T02:31:32+01:00,[60],[-117.324127]
2025-11-11T02:31:31+01:00,[60],[-117.324135]
2025-11-11T02:31:30+01:00,[60],[-117.32415]
2025-11-11T02:31:29+01:00,[60],[-117.324158]
2025-11-11T02:31:28+01:00,[60],[-117.324165]
2025-11-11T02:31:27+01:00,[60],[-117.324173]
2025-11-11T02:31:26+01:00,[60],[-117.324181]
2025-11-11T02:31:25+01:00,[60],[-117.324188]
2025-11-11T02:31:24+01:00,[60],[-117.324188]
2025-11-11T02:31:23+01:00,[60],[-117.324203]
2025-11-11T02:31:22+01:00,[60],[-117.324211]
2025-11-11T02:31:21+01:00,[60],[-117.324219]
2025-11-11T02:31:19+01:00,[60],[-117.324234]
2025-11-11T02:31:18+01:00,[60],[-117.324242]
2025-11-11T02:31:17+01:00,[60],[-117.324242]
2025-11-11T02:31:16+01:00,[60],[-117.324234]
2025-11-11T02:31:15+01:00,[60],[-117.324226]
2025-11-11T02:31:14+01:00,[60],[-117.324234]
2025-11-11T02:31:13+01:00,[60],[-117.324249]
2025-11-11T02:31:12+01:00,[60],[-117.324265]
2025-11-11T02:31:11+01:00,[60],[-117.32428]
2025-11-11T02:31:10+01:00,[60],[-117.32428]
2025-11-11T02:31:09+01:00,[60],[-117.32428]
2025-11-11T02:31:08+01:00,[60],[-117.324287]
2025-11-11T02:31:07+01:00,[60],[-117.324303]
2025-11-11T02:31:06+01:00,[60],[-117.32431]
2025-11-11T02:31:05+01:00,[60],[-117.324318]
2025-11-11T02:31:04+01:00,[60],[-117.324326]
2025-11-11T02:31:03+01:00,[60],[-117.324333]
2025-11-11T02:31:02+01:00,[60],[-117.324341]
2025-11-11T02:31:01+01:00,[60],[-117.324356]
2025-11-11T02:31:00+01:00,[60],[-117.324364]
2025-11-11T02:30:59+01:00,[60],[-117.324379]
2025-11-11T02:30:58+01:00,[60],[-117.324394]
2025-11-11T02:30:57+01:00,[60],[-117.324417]
2025-11-11T02:30:56+01:00,[60],[-117.324425]
2025-11-11T02:30:55+01:00,[60],[-117.324432]
2025-11-11T02:30:54+01:00,[60],[-117.324425]
2025-11-11T02:30:53+01:00,[60],[-117.324432]
2025-11-11T02:30:52+01:00,[60],[-117.324455]
2025-11-11T02:30:51+01:00,[60],[-117.324471]
2025-11-11T02:30:50+01:00,[60],[-117.324493]
2025-11-11T02:30:49+01:00,[60],[-117.324509]
2025-11-11T02:30:48+01:00,[60],[-117.324524]
2025-11-11T02:30:47+01:00,[60],[-117.324539]
2025-11-11T02:30:46+01:00,[60],[-117.324554]
2025-11-11T02:30:45+01:00,[60],[-117.324562]
2025-11-11T02:30:44+01:00,[60],[-117.32457]
2025-11-11T02:30:43+01:00,[60],[-117.324562]
2025-11-11T02:30:42+01:00,[60],[-117.324577]
2025-11-11T02:30:41+01:00,[60],[-117.324585]
2025-11-11T02:30:40+01:00,[60],[-117.3246]
2025-11-11T02:30:39+01:00,[60],[-117.324608]
2025-11-11T02:30:38+01:00,[60],[-117.324615]
2025-11-11T02:30:37+01:00,[60],[-117.324623]
2025-11-11T02:30:36+01:00,[60],[-117.324638]
2025-11-11T02:30:35+01:00,[60],[-117.324646]
2025-11-11T02:30:34+01:00,[60],[-117.324654]
2025-11-11T02:30:33+01:00,[60],[-117.324669]
2025-11-11T02:30:32+01:00,[60],[-117.324684]
2025-11-11T02:30:31+01:00,[60],[-117.324699]
2025-11-11T02:30:30+01:00,[60],[-117.324699]
2025-11-11T02:30:29+01:00,[60],[-117.324715]
2025-11-11T02:30:28+01:00,[60],[-117.32473]
2025-11-11T02:30:27+01:00,[60],[-117.324738]
2025-11-11T02:30:26+01:00,[60],[-117.324745]
2025-11-11T02:30:25+01:00,[60],[-117.324753]
2025-11-11T02:30:24+01:00,[60],[-117.324768]
2025-11-11T02:30:23+01:00,[60],[-117.324776]
2025-11-11T02:30:22+01:00,[60],[-117.324791]
2025-11-11T02:30:21+01:00,[60],[-117.324806]
2025-11-11T02:30:20+01:00,[60],[-117.324814]
2025-11-11T02:30:19+01:00,[60],[-117.324821]
2025-11-11T02:30:18+01:00,[60],[-117.324829]
2025-11-11T02:30:17+01:00,[60],[-117.324837]
2025-11-11T02:30:16+01:00,[60],[-117.32486]
2025-11-11T02:30:15+01:00,[60],[-117.32486]
2025-11-11T02:30:14+01:00,[60],[-117.324867]
2025-11-11T02:30:13+01:00,[60],[-117.324883]
2025-11-11T02:30:12+01:00,[60],[-117.324898]
2025-11-11T02:30:11+01:00,[60],[-117.324905]
2025-11-11T02:30:10+01:00,[60],[-117.324913]
2025-11-11T02:30:09+01:00,[60],[-117.324921]
2025-11-11T02:30:08+01:00,[60],[-117.324928]
2025-11-11T02:30:07+01:00,[60],[-117.324936]
2025-11-11T02:30:06+01:00,[60],[-117.324944]
2025-11-11T02:30:05+01:00,[60],[-117.324944]
2025-11-11T02:30:04+01:00,[60],[-117.324951]
2025-11-11T02:30:03+01:00,[60],[-117.324959]
2025-11-11T02:30:02+01:00,[60],[-117.324966]
2025-11-11T02:30:01+01:00,[60],[-117.324974]
2025-11-11T02:30:00+01:00,[60],[-117.324982]
2025-11-11T02:29:59+01:00,[60],[-117.324982]
2025-11-11T02:29:58+01:00,[60],[-117.324989]
2025-11-11T02:29:57+01:00,[60],[-117.324997]
2025-11-11T02:29:56+01:00,[60],[-117.325005]
2025-11-11T02:29:55+01:00,[60],[-117.325012]
2025-11-11T02:29:54+01:00,[60],[-117.32502]
2025-11-11T02:29:53+01:00,[60],[-117.325027]
2025-11-11T02:29:52+01:00,[60],[-117.325035]
2025-11-11T02:29:51+01:00,[60],[-117.32505]
2025-11-11T02:29:50+01:00,[60],[-117.325073]
2025-11-11T02:29:49+01:00,[60],[-117.325081]
2025-11-11T02:29:48+01:00,[60],[-117.325081]
2025-11-11T02:29:47+01:00,[60],[-117.325081]
2025-11-11T02:29:46+01:00,[60],[-117.325089]
2025-11-11T02:29:45+01:00,[60],[-117.325096]
2025-11-11T02:29:44+01:00,[60],[-117.325104]
2025-11-11T02:29:43+01:00,[60],[-117.325104]
2025-11-11T02:29:42+01:00,[60],[-117.325111]
2025-11-11T02:29:41+01:00,[60],[-117.325119]
2025-11-11T02:29:40+01:00,[60],[-117.325127]
2025-11-11T02:29:39+01:00,[60],[-117.325134]
2025-11-11T02:29:38+01:00,[60],[-117.325142]
2025-11-11T02:29:37+01:00,[60],[-117.32515]
2025-11-11T02:29:36+01:00,[60],[-117.325165]
2025-11-11T02:29:35+01:00,[60],[-117.325165]
2025-11-11T02:29:34+01:00,[60],[-117.325172]
2025-11-11T02:29:33+01:00,[60],[-117.32518]
2025-11-11T02:29:32+01:00,[60],[-117.325188]
2025-11-11T02:29:31+01:00,[60],[-117.325195]
2025-11-11T02:29:30+01:00,[60],[-117.325203]
2025-11-11T02:29:29+01:00,[60],[-117.325211]
2025-11-11T02:29:28+01:00,[60],[-117.325218]
2025-11-11T02:29:27+01:00,[60],[-117.325218]
2025-11-11T02:29:26+01:00,[60],[-117.325226]
2025-11-11T02:29:25+01:00,[60],[-117.325233]
2025-11-11T02:29:24+01:00,[60],[-117.325249]
2025-11-11T02:29:23+01:00,[60],[-117.325256]
2025-11-11T02:29:22+01:00,[60],[-117.325264]
2025-11-11T02:29:21+01:00,[60],[-117.325272]
2025-11-11T02:29:20+01:00,[60],[-117.325279]
2025-11-11T02:29:19+01:00,[60],[-117.325287]
2025-11-11T02:29:18+01:00,[60],[-117.325294]
2025-11-11T02:29:17+01:00,[60],[-117.32531]
2025-11-11T02:29:16+01:00,[60],[-117.325317]
2025-11-11T02:29:15+01:00,[60],[-117.325317]
2025-11-11T02:29:13+01:00,[60],[-117.325317]
2025-11-11T02:29:12+01:00,[60],[-117.325333]
2025-11-11T02:29:11+01:00,[60],[-117.32534]
2025-11-11T02:29:10+01:00,[60],[-117.325356]
2025-11-11T02:29:09+01:00,[60],[-117.325356]
2025-11-11T02:29:08+01:00,[60],[-117.325371]
2025-11-11T02:29:07+01:00,[60],[-117.325386]
2025-11-11T02:29:06+01:00,[60],[-117.325394]
2025-11-11T02:29:05+01:00,[60],[-117.325401]
2025-11-11T02:29:04+01:00,[60],[-117.325401]
2025-11-11T02:29:03+01:00,[60],[-117.325409]
2025-11-11T02:29:02+01:00,[60],[-117.325424]
2025-11-11T02:29:01+01:00,[60],[-117.325432]
2025-11-11T02:29:00+01:00,[60],[-117.325439]
2025-11-11T02:28:59+01:00,[60],[-117.325439]
2025-11-11T02:28:58+01:00,[60],[-117.325447]
2025-11-11T02:28:57+01:00,[60],[-117.325455]
2025-11-11T02:28:56+01:00,[60],[-117.325462]
2025-11-11T02:28:55+01:00,[60],[-117.32547]
2025-11-11T02:28:54+01:00,[60],[-117.325478]
2025-11-11T02:28:53+01:00,[60],[-117.3255]
2025-11-11T02:28:52+01:00,[60],[-117.325508]
2025-11-11T02:28:51+01:00,[60],[-117.325523]
2025-11-11T02:28:50+01:00,[60],[-117.325539]
2025-11-11T02:28:49+01:00,[60],[-117.325546]
2025-11-11T02:28:48+01:00,[60],[-117.325554]
2025-11-11T02:28:47+01:00,[60],[-117.325562]
2025-11-11T02:28:46+01:00,[60],[-117.325577]
2025-11-11T02:28:45+01:00,[60],[-117.325584]
2025-11-11T02:28:44+01:00,[60],[-117.325592]
2025-11-11T02:28:43+01:00,[60],[-117.325592]
2025-11-11T02:28:42+01:00,[60],[-117.325592]
2025-11-11T02:28:41+01:00,[60],[-117.325592]
2025-11-11T02:28:40+01:00,[60],[-117.3256]
2025-11-11T02:28:39+01:00,[60],[-117.325615]
2025-11-11T02:28:38+01:00,[60],[-117.32563]
2025-11-11T02:28:37+01:00,[60],[-117.325645]
2025-11-11T02:28:36+01:00,[60],[-117.325661]
2025-11-11T02:28:35+01:00,[60],[-117.325668]
2025-11-11T02:28:34+01:00,[60],[-117.325676]
2025-11-11T02:28:33+01:00,[60],[-117.325691]
2025-11-11T02:28:32+01:00,[60],[-117.325691]
2025-11-11T02:28:31+01:00,[60],[-117.325706]
2025-11-11T02:28:30+01:00,[60],[-117.325722]
2025-11-11T02:28:29+01:00,[60],[-117.325737]
2025-11-11T02:28:28+01:00,[60],[-117.325752]
2025-11-11T02:28:27+01:00,[60],[-117.32576]
2025-11-11T02:28:26+01:00,[60],[-117.325768]
2025-11-11T02:28:25+01:00,[60],[-117.325783]
2025-11-11T02:28:24+01:00,[60],[-117.325798]
2025-11-11T02:28:23+01:00,[60],[-117.325813]
2025-11-11T02:28:22+01:00,[60],[-117.325821]
2025-11-11T02:28:21+01:00,[60],[-117.325836]
2025-11-11T02:28:20+01:00,[60],[-117.325844]
2025-11-11T02:28:19+01:00,[60],[-117.325859]
2025-11-11T02:28:18+01:00,[60],[-117.325867]
2025-11-11T02:28:17+01:00,[60],[-117.325882]
2025-11-11T02:28:16+01:00,[60],[-117.325897]
2025-11-11T02:28:15+01:00,[60],[-117.325912]
2025-11-11T02:28:14+01:00,[60],[-117.325928]
2025-11-11T02:28:13+01:00,[60],[-117.325935]
2025-11-11T02:28:12+01:00,[60],[-117.325943]
2025-11-11T02:28:11+01:00,[60],[-117.325958]
2025-11-11T02:28:10+01:00,[60],[-117.325974]
2025-11-11T02:28:09+01:00,[60],[-117.325989]
2025-11-11T02:28:08+01:00,[60],[-117.326004]
2025-11-11T02:28:07+01:00,[60],[-117.326012]
2025-11-11T02:28:06+01:00,[60],[-117.326019]
2025-11-11T02:28:05+01:00,[60],[-117.326035]
2025-11-11T02:28:04+01:00,[60],[-117.326057]
2025-11-11T02:28:03+01:00,[60],[-117.326065]
2025-11-11T02:28:02+01:00,[60],[-117.326088]
2025-11-11T02:28:01+01:00,[60],[-117.326096]
2025-11-11T02:28:00+01:00,[60],[-117.326111]
2025-11-11T02:27:59+01:00,[60],[-117.326118]
2025-11-11T02:27:58+01:00,[60],[-117.326134]
2025-11-11T02:27:57+01:00,[60],[-117.326149]
2025-11-11T02:27:56+01:00,[60],[-117.326157]
2025-11-11T02:27:55+01:00,[60],[-117.326164]
2025-11-11T02:27:54+01:00,[60],[-117.326172]
2025-11-11T02:27:53+01:00,[60],[-117.326187]
2025-11-11T02:27:52+01:00,[60],[-117.326202]
2025-11-11T02:27:51+01:00,[60],[-117.326218]
2025-11-11T02:27:50+01:00,[60],[-117.326225]
2025-11-11T02:27:49+01:00,[60],[-117.326233]
2025-11-11T02:27:48+01:00,[60],[-117.326248]
2025-11-11T02:27:47+01:00,[60],[-117.326263]
2025-11-11T02:27:46+01:00,[60],[-117.326279]
2025-11-11T02:27:45+01:00,[60],[-117.326294]
2025-11-11T02:27:44+01:00,[60],[-117.326309]
2025-11-11T02:27:43+01:00,[60],[-117.326324]
2025-11-11T02:27:42+01:00,[60],[-117.326347]
2025-11-11T02:27:41+01:00,[60],[-117.326363]
2025-11-11T02:27:40+01:00,[60],[-117.326378]
2025-11-11T02:27:39+01:00,[60],[-117.326393]
2025-11-11T02:27:38+01:00,[60],[-117.326416]
2025-11-11T02:27:37+01:00,[60],[-117.326439]
2025-11-11T02:27:36+01:00,[60],[-117.326447]
2025-11-11T02:27:35+01:00,[60],[-117.326469]
2025-11-11T02:27:34+01:00,[60],[-117.326485]
2025-11-11T02:27:33+01:00,[60],[-117.3265]
2025-11-11T02:27:32+01:00,[60],[-117.326515]
2025-11-11T02:27:31+01:00,[60],[-117.32653]
2025-11-11T02:27:30+01:00,[60],[-117.326546]
2025-11-11T02:27:29+01:00,[60],[-117.326569]
2025-11-11T02:27:28+01:00,[60],[-117.326584]
2025-11-11T02:27:27+01:00,[60],[-117.326591]
2025-11-11T02:27:26+01:00,[60],[-117.326607]
2025-11-11T02:27:25+01:00,[60],[-117.326622]
2025-11-11T02:27:24+01:00,[60],[-117.326637]
2025-11-11T02:27:23+01:00,[60],[-117.32666]
2025-11-11T02:27:22+01:00,[60],[-117.326675]
2025-11-11T02:27:21+01:00,[60],[-117.326683]
2025-11-11T02:27:20+01:00,[60],[-117.326691]
2025-11-11T02:27:19+01:00,[60],[-117.326706]
2025-11-11T02:27:18+01:00,[60],[-117.326729]
2025-11-11T02:27:17+01:00,[60],[-117.326744]
2025-11-11T02:27:16+01:00,[60],[-117.326744]
2025-11-11T02:27:15+01:00,[60],[-117.326752]
2025-11-11T02:27:14+01:00,[60],[-117.326767]
2025-11-11T02:27:13+01:00,[60],[-117.326782]
2025-11-11T02:27:12+01:00,[60],[-117.32679]
2025-11-11T02:27:11+01:00,[60],[-117.326805]
2025-11-11T02:27:10+01:00,[60],[-117.326813]
2025-11-11T02:27:09+01:00,[60],[-117.326836]
2025-11-11T02:27:08+01:00,[60],[-117.326851]
2025-11-11T02:27:07+01:00,[60],[-117.326866]
2025-11-11T02:27:06+01:00,[60],[-117.326881]
2025-11-11T02:27:05+01:00,[60],[-117.326889]
2025-11-11T02:27:04+01:00,[60],[-117.326897]
2025-11-11T02:27:03+01:00,[60],[-117.32692]
2025-11-11T02:27:02+01:00,[60],[-117.326935]
2025-11-11T02:27:01+01:00,[60],[-117.326942]
2025-11-11T02:27:00+01:00,[60],[-117.32695]
2025-11-11T02:26:59+01:00,[60],[-117.326973]
2025-11-11T02:26:58+01:00,[60],[-117.326981]
2025-11-11T02:26:57+01:00,[60],[-117.326996]
2025-11-11T02:26:56+01:00,[60],[-117.327011]
2025-11-11T02:26:55+01:00,[60],[-117.327019]
2025-11-11T02:26:54+01:00,[60],[-117.327026]
2025-11-11T02:26:53+01:00,[60],[-117.327042]
2025-11-11T02:26:52+01:00,[60],[-117.327065]
2025-11-11T02:26:51+01:00,[60],[-117.327072]
2025-11-11T02:26:50+01:00,[60],[-117.327095]
2025-11-11T02:26:49+01:00,[60],[-117.327103]
2025-11-11T02:26:48+01:00,[60],[-117.327126]
2025-11-11T02:26:47+01:00,[60],[-117.327133]
2025-11-11T02:26:46+01:00,[60],[-117.327156]
2025-11-11T02:26:45+01:00,[60],[-117.327171]
2025-11-11T02:26:44+01:00,[60],[-117.327187]
2025-11-11T02:26:43+01:00,[60],[-117.327194]
2025-11-11T02:26:42+01:00,[60],[-117.327217]
2025-11-11T02:26:41+01:00,[60],[-117.327232]
2025-11-11T02:26:40+01:00,[60],[-117.327255]
2025-11-11T02:26:39+01:00,[60],[-117.327255]
2025-11-11T02:26:38+01:00,[60],[-117.327278]
2025-11-11T02:26:37+01:00,[60],[-117.327293]
2025-11-11T02:26:36+01:00,[60],[-117.327301]
2025-11-11T02:26:35+01:00,[60],[-117.327316]
2025-11-11T02:26:34+01:00,[60],[-117.327339]
2025-11-11T02:26:33+01:00,[60],[-117.327354]
2025-11-11T02:26:32+01:00,[60],[-117.327362]
2025-11-11T02:26:31+01:00,[60],[-117.32737]
2025-11-11T02:26:30+01:00,[60],[-117.327377]
2025-11-11T02:26:29+01:00,[60],[-117.327385]
2025-11-11T02:26:28+01:00,[60],[-117.3274]
2025-11-11T02:26:27+01:00,[60],[-117.327415]
2025-11-11T02:26:26+01:00,[60],[-117.327431]
2025-11-11T02:26:25+01:00,[60],[-117.327446]
2025-11-11T02:26:24+01:00,[60],[-117.327461]
2025-11-11T02:26:23+01:00,[60],[-117.327477]
2025-11-11T02:26:22+01:00,[60],[-117.327484]
2025-11-11T02:26:21+01:00,[60],[-117.327492]
2025-11-11T02:26:20+01:00,[60],[-117.327499]
2025-11-11T02:26:19+01:00,[60],[-117.327499]
2025-11-11T02:26:18+01:00,[60],[-117.327507]
2025-11-11T02:26:17+01:00,[60],[-117.327522]
2025-11-11T02:26:16+01:00,[60],[-117.32753]
2025-11-11T02:26:15+01:00,[60],[-117.327545]
2025-11-11T02:26:14+01:00,[60],[-117.327553]
2025-11-11T02:26:13+01:00,[60],[-117.327568]
2025-11-11T02:26:12+01:00,[60],[-117.327583]
2025-11-11T02:26:11+01:00,[60],[-117.327606]
2025-11-11T02:26:10+01:00,[60],[-117.327614]
2025-11-11T02:26:09+01:00,[60],[-117.327629]
2025-11-11T02:26:08+01:00,[60],[-117.327637]
2025-11-11T02:26:07+01:00,[60],[-117.32766]
2025-11-11T02:26:06+01:00,[60],[-117.327667]
2025-11-11T02:26:05+01:00,[60],[-117.32769]
2025-11-11T02:26:04+01:00,[60],[-117.327705]
2025-11-11T02:26:03+01:00,[60],[-117.327721]
2025-11-11T02:26:02+01:00,[60],[-117.327736]
2025-11-11T02:26:01+01:00,[60],[-117.327751]
2025-11-11T02:26:00+01:00,[60],[-117.327774]
2025-11-11T02:25:59+01:00,[60],[-117.327789]
2025-11-11T02:25:58+01:00,[60],[-117.327805]
2025-11-11T02:25:57+01:00,[60],[-117.32782]
2025-11-11T02:25:56+01:00,[60],[-117.327843]
2025-11-11T02:25:55+01:00,[60],[-117.327866]
2025-11-11T02:25:54+01:00,[60],[-117.327881]
2025-11-11T02:25:53+01:00,[60],[-117.327896]
2025-11-11T02:25:52+01:00,[60],[-117.327919]
2025-11-11T02:25:51+01:00,[60],[-117.327934]
2025-11-11T02:25:50+01:00,[60],[-117.327957]
2025-11-11T02:25:49+01:00,[60],[-117.327972]
2025-11-11T02:25:48+01:00,[60],[-117.327988]
2025-11-11T02:25:47+01:00,[60],[-117.328003]
2025-11-11T02:25:46+01:00,[60],[-117.328026]
2025-11-11T02:25:45+01:00,[60],[-117.328049]
2025-11-11T02:25:44+01:00,[60],[-117.328064]
2025-11-11T02:25:43+01:00,[60],[-117.328072]
2025-11-11T02:25:42+01:00,[60],[-117.328087]
2025-11-11T02:25:41+01:00,[60],[-117.328102]
2025-11-11T02:25:40+01:00,[60],[-117.328117]
2025-11-11T02:25:39+01:00,[60],[-117.32814]
2025-11-11T02:25:38+01:00,[60],[-117.328156]
2025-11-11T02:25:37+01:00,[60],[-117.328178]
2025-11-11T02:25:36+01:00,[60],[-117.328194]
2025-11-11T02:25:35+01:00,[60],[-117.328217]
2025-11-11T02:25:34+01:00,[60],[-117.328232]
2025-11-11T02:25:33+01:00,[60],[-117.328247]
2025-11-11T02:25:32+01:00,[60],[-117.32827]
2025-11-11T02:25:31+01:00,[60],[-117.328285]
2025-11-11T02:25:30+01:00,[60],[-117.328308]
2025-11-11T02:25:29+01:00,[60],[-117.328323]
2025-11-11T02:25:28+01:00,[60],[-117.328339]
2025-11-11T02:25:27+01:00,[60],[-117.328362]
2025-11-11T02:25:26+01:00,[60],[-117.328377]
2025-11-11T02:25:25+01:00,[60],[-117.328392]
2025-11-11T02:25:24+01:00,[60],[-117.328415]
2025-11-11T02:25:23+01:00,[60],[-117.32843]
2025-11-11T02:25:22+01:00,[60],[-117.328453]
2025-11-11T02:25:21+01:00,[60],[-117.328468]
2025-11-11T02:25:20+01:00,[60],[-117.328484]
2025-11-11T02:25:19+01:00,[60],[-117.328499]
2025-11-11T02:25:18+01:00,[60],[-117.328506]
2025-11-11T02:25:17+01:00,[60],[-117.328529]
2025-11-11T02:25:16+01:00,[60],[-117.328545]
2025-11-11T02:25:15+01:00,[60],[-117.32856]
2025-11-11T02:25:14+01:00,[60],[-117.328575]
2025-11-11T02:25:13+01:00,[60],[-117.328583]
2025-11-11T02:25:12+01:00,[60],[-117.32859]
2025-11-11T02:25:11+01:00,[60],[-117.328606]
2025-11-11T02:25:10+01:00,[60],[-117.328621]
2025-11-11T02:25:09+01:00,[60],[-117.328644]
2025-11-11T02:25:08+01:00,[60],[-117.328659]
2025-11-11T02:25:07+01:00,[60],[-117.328674]
2025-11-11T02:25:06+01:00,[60],[-117.32869]
2025-11-11T02:25:05+01:00,[60],[-117.328712]
2025-11-11T02:25:04+01:00,[60],[-117.328728]
2025-11-11T02:25:03+01:00,[60],[-117.328743]
2025-11-11T02:25:02+01:00,[60],[-117.328766]
2025-11-11T02:25:01+01:00,[60],[-117.328781]
2025-11-11T02:25:00+01:00,[60],[-117.328804]
2025-11-11T02:24:59+01:00,[60],[-117.328819]
2025-11-11T02:24:58+01:00,[60],[-117.328835]
2025-11-11T02:24:57+01:00,[60],[-117.32885]
2025-11-11T02:24:56+01:00,[60],[-117.328873]
2025-11-11T02:24:55+01:00,[60],[-117.328888]
2025-11-11T02:24:54+01:00,[60],[-117.328903]
2025-11-11T02:24:53+01:00,[60],[-117.328918]
2025-11-11T02:24:52+01:00,[60],[-117.328934]
2025-11-11T02:24:51+01:00,[60],[-117.328949]
2025-11-11T02:24:50+01:00,[60],[-117.328972]
2025-11-11T02:24:49+01:00,[60],[-117.328995]
2025-11-11T02:24:48+01:00,[60],[-117.32901]
2025-11-11T02:24:47+01:00,[60],[-117.329025]
2025-11-11T02:24:46+01:00,[60],[-117.329033]
2025-11-11T02:24:45+01:00,[60],[-117.329056]
2025-11-11T02:24:44+01:00,[60],[-117.329063]
2025-11-11T02:24:43+01:00,[60],[-117.329086]
2025-11-11T02:24:42+01:00,[60],[-117.329102]
2025-11-11T02:24:41+01:00,[60],[-117.329117]
2025-11-11T02:24:40+01:00,[60],[-117.329132]
2025-11-11T02:24:39+01:00,[60],[-117.329147]
2025-11-11T02:24:38+01:00,[60],[-117.329163]
2025-11-11T02:24:37+01:00,[60],[-117.32917]
2025-11-11T02:24:36+01:00,[60],[-117.329185]
2025-11-11T02:24:35+01:00,[60],[-117.329208]
2025-11-11T02:24:34+01:00,[60],[-117.329224]
2025-11-11T02:24:33+01:00,[60],[-117.329239]
2025-11-11T02:24:32+01:00,[60],[-117.329254]
2025-11-11T02:24:31+01:00,[60],[-117.329269]
2025-11-11T02:24:30+01:00,[60],[-117.329285]
2025-11-11T02:24:29+01:00,[60],[-117.3293]
2025-11-11T02:24:28+01:00,[60],[-117.329323]
2025-11-11T02:24:27+01:00,[60],[-117.329338]
2025-11-11T02:24:26+01:00,[60],[-117.329353]
2025-11-11T02:24:25+01:00,[60],[-117.329369]
2025-11-11T02:24:24+01:00,[60],[-117.329384]
2025-11-11T02:24:23+01:00,[60],[-117.329391]
2025-11-11T02:24:22+01:00,[60],[-117.329399]
2025-11-11T02:24:21+01:00,[60],[-117.329414]
2025-11-11T02:24:20+01:00,[60],[-117.329437]
2025-11-11T02:24:19+01:00,[60],[-117.329437]
2025-11-11T02:24:18+01:00,[60],[-117.329453]
2025-11-11T02:24:17+01:00,[60],[-117.329468]
2025-11-11T02:24:16+01:00,[60],[-117.329491]
2025-11-11T02:24:15+01:00,[60],[-117.329506]
2025-11-11T02:24:14+01:00,[60],[-117.329514]
2025-11-11T02:24:13+01:00,[60],[-117.329521]
2025-11-11T02:24:12+01:00,[60],[-117.329529]
2025-11-11T02:24:11+01:00,[60],[-117.329544]
2025-11-11T02:24:10+01:00,[60],[-117.329559]
2025-11-11T02:24:09+01:00,[60],[-117.329575]
2025-11-11T02:24:08+01:00,[60],[-117.329597]
2025-11-11T02:24:07+01:00,[60],[-117.329613]
2025-11-11T02:24:06+01:00,[60],[-117.32962]
2025-11-11T02:24:05+01:00,[60],[-117.329636]
2025-11-11T02:24:04+01:00,[60],[-117.329643]
2025-11-11T02:24:03+01:00,[60],[-117.329651]
2025-11-11T02:24:02+01:00,[60],[-117.329666]
2025-11-11T02:24:01+01:00,[60],[-117.329674]
2025-11-11T02:24:00+01:00,[60],[-117.329689]
2025-11-11T02:23:59+01:00,[60],[-117.329704]
2025-11-11T02:23:58+01:00,[60],[-117.329712]
2025-11-11T02:23:57+01:00,[60],[-117.32972]
2025-11-11T02:23:56+01:00,[60],[-117.329735]
2025-11-11T02:23:55+01:00,[60],[-117.329742]
2025-11-11T02:23:54+01:00,[60],[-117.329758]
2025-11-11T02:23:53+01:00,[60],[-117.329773]
2025-11-11T02:23:52+01:00,[60],[-117.329788]
2025-11-11T02:23:51+01:00,[60],[-117.329803]
2025-11-11T02:23:50+01:00,[60],[-117.329819]
2025-11-11T02:23:49+01:00,[60],[-117.329834]
2025-11-11T02:23:48+01:00,[60],[-117.329849]
2025-11-11T02:23:47+01:00,[60],[-117.329865]
2025-11-11T02:23:46+01:00,[60],[-117.32988]
2025-11-11T02:23:45+01:00,[60],[-117.329895]
2025-11-11T02:23:44+01:00,[60],[-117.32991]
2025-11-11T02:23:43+01:00,[60],[-117.329933]
2025-11-11T02:23:42+01:00,[60],[-117.329948]
2025-11-11T02:23:41+01:00,[60],[-117.329956]
2025-11-11T02:23:40+01:00,[60],[-117.329971]
2025-11-11T02:23:39+01:00,[60],[-117.329987]
2025-11-11T02:23:38+01:00,[60],[-117.330009]
2025-11-11T02:23:37+01:00,[60],[-117.330032]
2025-11-11T02:23:36+01:00,[60],[-117.330048]
2025-11-11T02:23:35+01:00,[60],[-117.330055]
2025-11-11T02:23:34+01:00,[60],[-117.330078]
2025-11-11T02:23:33+01:00,[60],[-117.330093]
2025-11-11T02:23:32+01:00,[60],[-117.330109]
2025-11-11T02:23:31+01:00,[60],[-117.330124]
2025-11-11T02:23:30+01:00,[60],[-117.330132]
2025-11-11T02:23:29+01:00,[60],[-117.330154]
2025-11-11T02:23:28+01:00,[60],[-117.330162]
2025-11-11T02:23:27+01:00,[60],[-117.330185]
2025-11-11T02:23:26+01:00,[60],[-117.330193]
2025-11-11T02:23:25+01:00,[60],[-117.330208]
2025-11-11T02:23:24+01:00,[60],[-117.330223]
2025-11-11T02:23:23+01:00,[60],[-117.330238]
2025-11-11T02:23:22+01:00,[60],[-117.330246]
2025-11-11T02:23:21+01:00,[60],[-117.330269]
2025-11-11T02:23:20+01:00,[60],[-117.330276]
2025-11-11T02:23:19+01:00,[60],[-117.330292]
2025-11-11T02:23:18+01:00,[60],[-117.330299]
2025-11-11T02:23:17+01:00,[60],[-117.33033]
2025-11-11T02:23:16+01:00,[60],[-117.330345]
2025-11-11T02:23:15+01:00,[60],[-117.330353]
2025-11-11T02:23:14+01:00,[60],[-117.330368]
2025-11-11T02:23:13+01:00,[60],[-117.330383]
2025-11-11T02:23:12+01:00,[60],[-117.330399]
2025-11-11T02:23:11+01:00,[60],[-117.330414]
2025-11-11T02:23:10+01:00,[60],[-117.330429]
2025-11-11T02:23:09+01:00,[60],[-117.330444]
2025-11-11T02:23:08+01:00,[60],[-117.33046]
2025-11-11T02:23:07+01:00,[60],[-117.330467]
2025-11-11T02:23:06+01:00,[60],[-117.330498]
2025-11-11T02:23:05+01:00,[60],[-117.330505]
2025-11-11T02:23:04+01:00,[60],[-117.330528]
2025-11-11T02:23:03+01:00,[60],[-117.330536]
2025-11-11T02:23:02+01:00,[60],[-117.330551]
2025-11-11T02:23:01+01:00,[60],[-117.330566]
2025-11-11T02:23:00+01:00,[60],[-117.330582]
2025-11-11T02:22:59+01:00,[60],[-117.330589]
2025-11-11T02:22:58+01:00,[60],[-117.330605]
2025-11-11T02:22:57+01:00,[60],[-117.330627]
2025-11-11T02:22:56+01:00,[60],[-117.330635]
2025-11-11T02:22:55+01:00,[60],[-117.330643]
2025-11-11T02:22:54+01:00,[60],[-117.330666]
2025-11-11T02:22:53+01:00,[60],[-117.330688]
2025-11-11T02:22:52+01:00,[60],[-117.330688]
2025-11-11T02:22:51+01:00,[60],[-117.330696]
2025-11-11T02:22:50+01:00,[60],[-117.330704]
2025-11-11T02:22:49+01:00,[60],[-117.330719]
2025-11-11T02:22:48+01:00,[60],[-117.330734]
2025-11-11T02:22:47+01:00,[60],[-117.330734]
2025-11-11T02:22:46+01:00,[60],[-117.330734]
2025-11-11T02:22:45+01:00,[60],[-117.330742]
2025-11-11T02:22:44+01:00,[60],[-117.33075]
2025-11-11T02:22:43+01:00,[60],[-117.330742]
2025-11-11T02:22:42+01:00,[60],[-117.33075]
2025-11-11T02:22:41+01:00,[60],[-117.330734]
2025-11-11T02:22:40+01:00,[60],[-117.330734]
2025-11-11T02:22:39+01:00,[60],[-117.330727]
2025-11-11T02:22:38+01:00,[60],[-117.330727]
2025-11-11T02:22:37+01:00,[60],[-117.330734]
2025-11-11T02:22:36+01:00,[60],[-117.330734]
2025-11-11T02:22:35+01:00,[60],[-117.330719]
2025-11-11T02:22:34+01:00,[60],[-117.330696]
2025-11-11T02:22:33+01:00,[60],[-117.330681]
2025-11-11T02:22:32+01:00,[60],[-117.330666]
2025-11-11T02:22:31+01:00,[60],[-117.33065]
2025-11-11T02:22:30+01:00,[60],[-117.330643]
2025-11-11T02:22:29+01:00,[60],[-117.330627]
2025-11-11T02:22:28+01:00,[60],[-117.330612]
2025-11-11T02:22:27+01:00,[60],[-117.330605]
2025-11-11T02:22:26+01:00,[60],[-117.330582]
2025-11-11T02:22:25+01:00,[60],[-117.330566]
2025-11-11T02:22:24+01:00,[60],[-117.330559]
2025-11-11T02:22:23+01:00,[60],[-117.330544]
2025-11-11T02:22:22+01:00,[60],[-117.330521]
2025-11-11T02:22:21+01:00,[60],[-117.330505]
2025-11-11T02:22:20+01:00,[60],[-117.330498]
2025-11-11T02:22:19+01:00,[60],[-117.330482]
2025-11-11T02:22:18+01:00,[60],[-117.330475]
2025-11-11T02:22:17+01:00,[60],[-117.330475]
2025-11-11T02:22:16+01:00,[60],[-117.330467]
2025-11-11T02:22:15+01:00,[60],[-117.330452]
2025-11-11T02:22:14+01:00,[60],[-117.330437]
2025-11-11T02:22:13+01:00,[60],[-117.330421]
2025-11-11T02:22:12+01:00,[60],[-117.330406]
2025-11-11T02:22:11+01:00,[60],[-117.330391]
2025-11-11T02:22:10+01:00,[60],[-117.330376]
2025-11-11T02:22:09+01:00,[60],[-117.33036]
2025-11-11T02:22:08+01:00,[60],[-117.330353]
2025-11-11T02:22:07+01:00,[60],[-117.330338]
2025-11-11T02:22:06+01:00,[60],[-117.330322]
2025-11-11T02:22:05+01:00,[60],[-117.330307]
2025-11-11T02:22:04+01:00,[60],[-117.330299]
2025-11-11T02:22:03+01:00,[60],[-117.330284]
2025-11-11T02:22:02+01:00,[60],[-117.330276]
2025-11-11T02:22:01+01:00,[60],[-117.330261]
2025-11-11T02:22:00+01:00,[60],[-117.330254]
2025-11-11T02:21:59+01:00,[60],[-117.330246]
2025-11-11T02:21:58+01:00,[60],[-117.330238]
2025-11-11T02:21:57+01:00,[60],[-117.330223]
2025-11-11T02:21:56+01:00,[60],[-117.3302]
2025-11-11T02:21:55+01:00,[60],[-117.330185]
2025-11-11T02:21:54+01:00,[60],[-117.330177]
2025-11-11T02:21:53+01:00,[60],[-117.330162]
2025-11-11T02:21:52+01:00,[60],[-117.330139]
2025-11-11T02:21:51+01:00,[60],[-117.330139]
2025-11-11T02:21:50+01:00,[60],[-117.330132]
2025-11-11T02:21:49+01:00,[60],[-117.330116]
2025-11-11T02:21:48+01:00,[60],[-117.330109]
2025-11-11T02:21:47+01:00,[60],[-117.330086]
2025-11-11T02:21:46+01:00,[60],[-117.33007]
2025-11-11T02:21:45+01:00,[60],[-117.33007]
2025-11-11T02:21:44+01:00,[60],[-117.330063]
2025-11-11T02:21:43+01:00,[60],[-117.330048]
2025-11-11T02:21:42+01:00,[60],[-117.330032]
2025-11-11T02:21:41+01:00,[60],[-117.330017]
2025-11-11T02:21:39+01:00,[60],[-117.330002]
2025-11-11T02:21:38+01:00,[60],[-117.329994]
2025-11-11T02:21:37+01:00,[60],[-117.329979]
2025-11-11T02:21:36+01:00,[60],[-117.329964]
2025-11-11T02:21:35+01:00,[60],[-117.329948]
2025-11-11T02:21:34+01:00,[60],[-117.329926]
2025-11-11T02:21:33+01:00,[60],[-117.32991]
2025-11-11T02:21:32+01:00,[60],[-117.329895]
2025-11-11T02:21:31+01:00,[60],[-117.329887]
2025-11-11T02:21:30+01:00,[60],[-117.329872]
2025-11-11T02:21:29+01:00,[60],[-117.329857]
2025-11-11T02:21:28+01:00,[60],[-117.329842]
2025-11-11T02:21:27+01:00,[60],[-117.329826]
2025-11-11T02:21:26+01:00,[60],[-117.329811]
2025-11-11T02:21:25+01:00,[60],[-117.329803]
2025-11-11T02:21:24+01:00,[60],[-117.329796]
2025-11-11T02:21:23+01:00,[60],[-117.329788]
2025-11-11T02:21:22+01:00,[60],[-117.329781]
2025-11-11T02:21:21+01:00,[60],[-117.329773]
2025-11-11T02:21:20+01:00,[60],[-117.329758]
2025-11-11T02:21:19+01:00,[60],[-117.32975]
2025-11-11T02:21:18+01:00,[60],[-117.329735]
2025-11-11T02:21:17+01:00,[60],[-117.32972]
2025-11-11T02:21:16+01:00,[60],[-117.329712]
2025-11-11T02:21:15+01:00,[60],[-117.329697]
2025-11-11T02:21:14+01:00,[60],[-117.329689]
2025-11-11T02:21:13+01:00,[60],[-117.329681]
2025-11-11T02:21:12+01:00,[60],[-117.329674]
2025-11-11T02:21:11+01:00,[60],[-117.329659]
2025-11-11T02:21:10+01:00,[60],[-117.329643]
2025-11-11T02:21:09+01:00,[60],[-117.329628]
2025-11-11T02:21:08+01:00,[60],[-117.329628]
2025-11-11T02:21:07+01:00,[60],[-117.329613]
2025-11-11T02:21:06+01:00,[60],[-117.329605]
2025-11-11T02:21:05+01:00,[60],[-117.32959]
2025-11-11T02:21:04+01:00,[60],[-117.329582]
2025-11-11T02:21:03+01:00,[60],[-117.329567]
2025-11-11T02:21:02+01:00,[60],[-117.329559]
2025-11-11T02:21:01+01:00,[60],[-117.329559]
2025-11-11T02:21:00+01:00,[60],[-117.329536]
2025-11-11T02:20:59+01:00,[60],[-117.329529]
2025-11-11T02:20:58+01:00,[60],[-117.329514]
2025-11-11T02:20:57+01:00,[60],[-117.329514]
2025-11-11T02:20:56+01:00,[60],[-117.329514]
2025-11-11T02:20:55+01:00,[60],[-117.329506]
2025-11-11T02:20:54+01:00,[60],[-117.329498]
2025-11-11T02:20:53+01:00,[60],[-117.329483]
2025-11-11T02:20:52+01:00,[60],[-117.329475]
2025-11-11T02:20:51+01:00,[60],[-117.329468]
2025-11-11T02:20:50+01:00,[60],[-117.329445]
2025-11-11T02:20:49+01:00,[60],[-117.329445]
2025-11-11T02:20:48+01:00,[60],[-117.32943]
2025-11-11T02:20:47+01:00,[60],[-117.329422]
2025-11-11T02:20:46+01:00,[60],[-117.329407]
2025-11-11T02:20:45+01:00,[60],[-117.329399]
2025-11-11T02:20:44+01:00,[60],[-117.329391]
2025-11-11T02:20:43+01:00,[60],[-117.329384]
2025-11-11T02:20:42+01:00,[60],[-117.329384]
2025-11-11T02:20:41+01:00,[60],[-117.329376]
2025-11-11T02:20:40+01:00,[60],[-117.329376]
2025-11-11T02:20:39+01:00,[60],[-117.329376]
2025-11-11T02:20:38+01:00,[60],[-117.329369]
2025-11-11T02:20:37+01:00,[60],[-117.329361]
2025-11-11T02:20:36+01:00,[60],[-117.329353]
2025-11-11T02:20:35+01:00,[60],[-117.329346]
2025-11-11T02:20:34+01:00,[60],[-117.32933]
2025-11-11T02:20:33+01:00,[60],[-117.329323]
2025-11-11T02:20:32+01:00,[60],[-117.329315]
2025-11-11T02:20:31+01:00,[60],[-117.3293]
2025-11-11T02:20:30+01:00,[60],[-117.329292]
2025-11-11T02:20:29+01:00,[60],[-117.329277]
2025-11-11T02:20:28+01:00,[60],[-117.329269]
2025-11-11T02:20:27+01:00,[60],[-117.329254]
2025-11-11T02:20:26+01:00,[60],[-117.329239]
2025-11-11T02:20:25+01:00,[60],[-117.329231]
2025-11-11T02:20:24+01:00,[60],[-117.329224]
2025-11-11T02:20:23+01:00,[60],[-117.329224]
2025-11-11T02:20:22+01:00,[60],[-117.329208]
2025-11-11T02:20:21+01:00,[60],[-117.329201]
2025-11-11T02:20:20+01:00,[60],[-117.329193]
2025-11-11T02:20:19+01:00,[60],[-117.329185]
2025-11-11T02:20:18+01:00,[60],[-117.32917]
2025-11-11T02:20:17+01:00,[60],[-117.329147]
2025-11-11T02:20:16+01:00,[60],[-117.329132]
2025-11-11T02:20:15+01:00,[60],[-117.329124]
2025-11-11T02:20:14+01:00,[60],[-117.329109]
2025-11-11T02:20:13+01:00,[60],[-117.329086]
2025-11-11T02:20:12+01:00,[60],[-117.329071]
2025-11-11T02:20:11+01:00,[60],[-117.329071]
2025-11-11T02:20:10+01:00,[60],[-117.329063]
2025-11-11T02:20:09+01:00,[60],[-117.329048]
2025-11-11T02:20:08+01:00,[60],[-117.329033]
2025-11-11T02:20:07+01:00,[60],[-117.329025]
2025-11-11T02:20:06+01:00,[60],[-117.32901]
2025-11-11T02:20:05+01:00,[60],[-117.328995]
2025-11-11T02:20:04+01:00,[60],[-117.328979]
2025-11-11T02:20:03+01:00,[60],[-117.328964]
2025-11-11T02:20:02+01:00,[60],[-117.328941]
2025-11-11T02:20:01+01:00,[60],[-117.328926]
2025-11-11T02:20:00+01:00,[60],[-117.328911]
2025-11-11T02:19:59+01:00,[60],[-117.328903]
2025-11-11T02:19:58+01:00,[60],[-117.328896]
2025-11-11T02:19:57+01:00,[60],[-117.328896]
2025-11-11T02:19:56+01:00,[60],[-117.328888]
2025-11-11T02:19:55+01:00,[60],[-117.328865]
2025-11-11T02:19:54+01:00,[60],[-117.32885]
2025-11-11T02:19:53+01:00,[60],[-117.328835]
2025-11-11T02:19:52+01:00,[60],[-117.328827]
2025-11-11T02:19:51+01:00,[60],[-117.328819]
2025-11-11T02:19:50+01:00,[60],[-117.328812]
2025-11-11T02:19:49+01:00,[60],[-117.328796]
2025-11-11T02:19:48+01:00,[60],[-117.328781]
2025-11-11T02:19:47+01:00,[60],[-117.328766]
2025-11-11T02:19:46+01:00,[60],[-117.328751]
2025-11-11T02:19:45+01:00,[60],[-117.328743]
2025-11-11T02:19:44+01:00,[60],[-117.328735]
2025-11-11T02:19:43+01:00,[60],[-117.328735]
2025-11-11T02:19:42+01:00,[60],[-117.328728]
2025-11-11T02:19:41+01:00,[60],[-117.32872]
2025-11-11T02:19:40+01:00,[60],[-117.32872]
2025-11-11T02:19:39+01:00,[60],[-117.32872]
2025-11-11T02:19:38+01:00,[60],[-117.328728]
2025-11-11T02:19:37+01:00,[60],[-117.32872]
2025-11-11T02:19:36+01:00,[60],[-117.328712]
2025-11-11T02:19:35+01:00,[60],[-117.328697]
2025-11-11T02:19:34+01:00,[60],[-117.328682]
2025-11-11T02:19:33+01:00,[60],[-117.328674]
2025-11-11T02:19:32+01:00,[60],[-117.328667]
2025-11-11T02:19:31+01:00,[60],[-117.328667]
2025-11-11T02:19:30+01:00,[60],[-117.328667]
2025-11-11T02:19:29+01:00,[60],[-117.328667]
2025-11-11T02:19:28+01:00,[60],[-117.328667]
2025-11-11T02:19:27+01:00,[60],[-117.328674]
2025-11-11T02:19:26+01:00,[60],[-117.328682]
2025-11-11T02:19:25+01:00,[60],[-117.328682]
2025-11-11T02:19:24+01:00,[60],[-117.328697]
2025-11-11T02:19:23+01:00,[60],[-117.328705]
2025-11-11T02:19:22+01:00,[60],[-117.328705]
2025-11-11T02:19:21+01:00,[60],[-117.328705]
2025-11-11T02:19:20+01:00,[60],[-117.328697]
2025-11-11T02:19:19+01:00,[60],[-117.328697]
2025-11-11T02:19:18+01:00,[60],[-117.328697]
2025-11-11T02:19:17+01:00,[60],[-117.328705]
2025-11-11T02:19:16+01:00,[60],[-117.328705]
2025-11-11T02:19:15+01:00,[60],[-117.328697]
2025-11-11T02:19:14+01:00,[60],[-117.328697]
2025-11-11T02:19:13+01:00,[60],[-117.32869]
2025-11-11T02:19:12+01:00,[60],[-117.328674]
2025-11-11T02:19:11+01:00,[60],[-117.328674]
2025-11-11T02:19:10+01:00,[60],[-117.328651]
2025-11-11T02:19:09+01:00,[60],[-117.328651]
2025-11-11T02:19:08+01:00,[60],[-117.328667]
2025-11-11T02:19:07+01:00,[60],[-117.328682]
2025-11-11T02:19:06+01:00,[60],[-117.32869]
2025-11-11T02:19:05+01:00,[60],[-117.328712]
2025-11-11T02:19:04+01:00,[60],[-117.32872]
2025-11-11T02:19:03+01:00,[60],[-117.328735]
2025-11-11T02:19:02+01:00,[60],[-117.328728]
2025-11-11T02:19:01+01:00,[60],[-117.32872]
2025-11-11T02:19:00+01:00,[60],[-117.32872]
2025-11-11T02:18:59+01:00,[60],[-117.32872]
2025-11-11T02:18:58+01:00,[60],[-117.32872]
2025-11-11T02:18:57+01:00,[60],[-117.32872]
2025-11-11T02:18:56+01:00,[60],[-117.328712]
2025-11-11T02:18:55+01:00,[60],[-117.328712]
2025-11-11T02:18:54+01:00,[60],[-117.328712]
2025-11-11T02:18:53+01:00,[60],[-117.328712]
2025-11-11T02:18:52+01:00,[60],[-117.328712]
2025-11-11T02:18:51+01:00,[60],[-117.328705]
2025-11-11T02:18:50+01:00,[60],[-117.328705]
2025-11-11T02:18:49+01:00,[60],[-117.328705]
2025-11-11T02:18:48+01:00,[60],[-117.328712]
2025-11-11T02:18:47+01:00,[60],[-117.32872]
2025-11-11T02:18:46+01:00,[60],[-117.328712]
2025-11-11T02:18:45+01:00,[60],[-117.328712]
2025-11-11T02:18:44+01:00,[60],[-117.328712]
2025-11-11T02:18:43+01:00,[60],[-117.328712]
2025-11-11T02:18:42+01:00,[60],[-117.328735]
2025-11-11T02:18:41+01:00,[60],[-117.328743]
2025-11-11T02:18:40+01:00,[60],[-117.328857]
2025-11-11T02:18:32+01:00,[60],[-117.328842]
2025-11-11T02:17:42+01:00,[60],[-117.328842]
2025-11-06T05:07:36+01:00,[60],[-117.328606]
2025-11-06T05:07:35+01:00,[60],[-117.328613]
2025-11-06T05:07:34+01:00,[60],[-117.328621]
2025-11-06T05:07:33+01:00,[60],[-117.328621]
2025-11-06T05:07:32+01:00,[60],[-117.328621]
2025-11-06T05:07:31+01:00,[60],[-117.328629]
2025-11-06T05:07:30+01:00,[60],[-117.328636]
2025-11-06T05:07:29+01:00,[60],[-117.328644]
2025-11-06T05:07:28+01:00,[60],[-117.328667]
2025-11-06T05:07:27+01:00,[60],[-117.328674]
2025-11-06T05:07:26+01:00,[60],[-117.328667]
2025-11-06T05:07:25+01:00,[60],[-117.328804]
2025-11-06T05:07:24+01:00,[60],[-117.328888]
2025-11-06T05:07:19+01:00,[60],[-117.328865]
2025-11-06T05:07:17+01:00,[60],[-117.328865]
2025-11-06T03:50:12+01:00,[60],[-117.328896]
2025-11-06T03:49:56+01:00,[60],[-117.328896]
2025-11-06T03:09:04+01:00,[60],[-117.328583]
2025-11-06T03:08:29+01:00,[60],[-117.328583]
2025-11-06T03:01:15+01:00,[60],[-117.329964]
2025-11-06T03:01:11+01:00,[60],[-117.329964]
2025-11-06T02:49:10+01:00,[60],[-117.332008]
2025-09-14T04:43:13+02:00,[60],[-117.33371]
2025-09-14T04:43:12+02:00,[60],[-117.33371]
2025-09-14T04:43:11+02:00,[60],[-117.33371]
2025-09-14T04:43:10+02:00,[60],[-117.33371]
2025-09-14T04:43:09+02:00,[60],[-117.33371]
2025-09-14T04:43:08+02:00,[60],[-117.33371]
2025-09-14T04:43:07+02:00,[60],[-117.333702]
2025-09-14T04:43:06+02:00,[60],[-117.333702]
2025-09-14T04:43:05+02:00,[60],[-117.333702]
2025-09-14T04:43:04+02:00,[60],[-117.333702]
2025-09-14T04:43:03+02:00,[60],[-117.333702]
2025-09-14T04:43:02+02:00,[60],[-117.333702]
2025-09-14T04:43:01+02:00,[60],[-117.333702]
2025-09-14T04:43:00+02:00,[60],[-117.333702]
2025-09-14T04:42:59+02:00,[60],[-117.333702]
2025-09-14T04:42:58+02:00,[60],[-117.333702]
2025-09-14T04:42:57+02:00,[60],[-117.333702]
2025-09-14T04:42:56+02:00,[60],[-117.333702]
2025-09-14T04:42:55+02:00,[60],[-117.333702]
2025-09-14T04:42:54+02:00,[60],[-117.333702]
2025-09-14T04:42:53+02:00,[60],[-117.333702]
2025-09-14T04:42:52+02:00,[60],[-117.333702]
2025-09-14T04:42:51+02:00,[60],[-117.33371]
2025-09-14T04:42:50+02:00,[60],[-117.33371]
2025-09-14T04:42:49+02:00,[60],[-117.33371]
2025-09-14T04:42:48+02:00,[60],[-117.33371]
2025-09-14T04:42:47+02:00,[60],[-117.33371]
2025-09-14T04:42:46+02:00,[60],[-117.333717]
2025-09-14T04:42:45+02:00,[60],[-117.333717]
2025-09-14T04:42:44+02:00,[60],[-117.333717]
2025-09-14T04:42:43+02:00,[60],[-117.333717]
2025-09-14T04:42:42+02:00,[60],[-117.333717]
2025-09-14T04:42:41+02:00,[60],[-117.333717]
2025-09-14T04:42:40+02:00,[60],[-117.333717]
2025-09-14T04:42:39+02:00,[60],[-117.333717]
2025-09-14T04:42:38+02:00,[60],[-117.333717]
2025-09-14T04:42:37+02:00,[60],[-117.333717]
2025-09-14T04:42:36+02:00,[60],[-117.333733]
2025-09-14T04:42:35+02:00,[60],[-117.333733]
2025-09-14T04:42:34+02:00,[60],[-117.33374]
2025-09-14T04:42:33+02:00,[60],[-117.33374]
2025-09-14T04:42:32+02:00,[60],[-117.33374]
2025-09-14T04:42:31+02:00,[60],[-117.33374]
2025-09-14T04:42:30+02:00,[60],[-117.333748]
2025-09-14T04:42:29+02:00,[60],[-117.333748]
2025-09-14T04:42:28+02:00,[60],[-117.33374]
2025-09-14T04:42:27+02:00,[60],[-117.333748]
2025-09-14T04:42:26+02:00,[60],[-117.333748]
2025-09-14T04:42:25+02:00,[60],[-117.333748]
2025-09-14T04:42:24+02:00,[60],[-117.333755]
2025-09-14T04:42:23+02:00,[60],[-117.333763]
2025-09-14T04:42:22+02:00,[60],[-117.333771]
2025-09-14T04:42:21+02:00,[60],[-117.333778]
2025-09-14T04:42:20+02:00,[60],[-117.333794]
2025-09-14T04:42:19+02:00,[60],[-117.333801]
2025-09-14T04:42:18+02:00,[60],[-117.333809]
2025-09-14T04:42:17+02:00,[60],[-117.333817]
2025-09-14T04:42:16+02:00,[60],[-117.333824]
2025-09-14T04:42:15+02:00,[60],[-117.333832]
2025-09-14T04:42:14+02:00,[60],[-117.333847]
2025-09-14T04:42:13+02:00,[60],[-117.333855]
2025-09-14T04:42:12+02:00,[60],[-117.333862]
2025-09-14T04:42:11+02:00,[60],[-117.333878]
2025-09-14T04:42:10+02:00,[60],[-117.333885]
2025-09-14T04:42:09+02:00,[60],[-117.3339]
2025-09-14T04:42:08+02:00,[60],[-117.3339]
2025-09-14T04:42:07+02:00,[60],[-117.3339]
2025-09-14T04:42:06+02:00,[60],[-117.3339]
2025-09-14T04:42:05+02:00,[60],[-117.3339]
2025-09-14T04:42:04+02:00,[60],[-117.3339]
2025-09-14T04:42:03+02:00,[60],[-117.333908]
2025-09-14T04:42:02+02:00,[60],[-117.3339]
2025-09-14T04:42:01+02:00,[60],[-117.333908]
2025-09-14T04:42:00+02:00,[60],[-117.3339]
2025-09-14T04:41:59+02:00,[60],[-117.333908]
2025-09-14T04:41:58+02:00,[60],[-117.333916]
2025-09-14T04:41:57+02:00,[60],[-117.333923]
2025-09-14T04:41:56+02:00,[60],[-117.333931]
2025-09-14T04:41:55+02:00,[60],[-117.333931]
2025-09-14T04:41:54+02:00,[60],[-117.333923]
2025-09-14T04:41:53+02:00,[60],[-117.333923]
2025-09-14T04:41:52+02:00,[60],[-117.333931]
2025-09-14T04:41:51+02:00,[60],[-117.333939]
2025-09-14T04:41:50+02:00,[60],[-117.333954]
2025-09-14T04:41:49+02:00,[60],[-117.333961]
2025-09-14T04:41:48+02:00,[60],[-117.333969]
2025-09-14T04:41:47+02:00,[60],[-117.333984]
2025-09-14T04:41:46+02:00,[60],[-117.333992]
2025-09-14T04:41:45+02:00,[60],[-117.334007]
2025-09-14T04:41:44+02:00,[60],[-117.334023]
2025-09-14T04:41:43+02:00,[60],[-117.334038]
2025-09-14T04:41:42+02:00,[60],[-117.334053]
2025-09-14T04:41:41+02:00,[60],[-117.334061]
2025-09-14T04:41:40+02:00,[60],[-117.334076]
2025-09-14T04:41:39+02:00,[60],[-117.334091]
2025-09-14T04:41:38+02:00,[60],[-117.334106]
2025-09-14T04:41:37+02:00,[60],[-117.334129]
2025-09-14T04:41:36+02:00,[60],[-117.334137]
2025-09-14T04:41:35+02:00,[60],[-117.334152]
2025-09-14T04:41:34+02:00,[60],[-117.334152]
2025-09-14T04:41:33+02:00,[60],[-117.334167]
2025-09-14T04:41:32+02:00,[60],[-117.334183]
2025-09-14T04:41:31+02:00,[60],[-117.33419]
2025-09-14T04:41:30+02:00,[60],[-117.334206]
2025-09-14T04:41:29+02:00,[60],[-117.334221]
2025-09-14T04:41:28+02:00,[60],[-117.334236]
2025-09-14T04:41:27+02:00,[60],[-117.334251]
2025-09-14T04:41:26+02:00,[60],[-117.334259]
2025-09-14T04:41:25+02:00,[60],[-117.334274]
2025-09-14T04:41:24+02:00,[60],[-117.33429]
2025-09-14T04:41:23+02:00,[60],[-117.334305]
2025-09-14T04:41:22+02:00,[60],[-117.33432]
2025-09-14T04:41:21+02:00,[60],[-117.334335]
2025-09-14T04:41:20+02:00,[60],[-117.334343]
2025-09-14T04:41:19+02:00,[60],[-117.334358]
2025-09-14T04:41:18+02:00,[60],[-117.334373]
2025-09-14T04:41:17+02:00,[60],[-117.334389]
2025-09-14T04:41:16+02:00,[60],[-117.334412]
2025-09-14T04:41:15+02:00,[60],[-117.334419]
2025-09-14T04:41:14+02:00,[60],[-117.334435]
2025-09-14T04:41:13+02:00,[60],[-117.33445]
2025-09-14T04:41:12+02:00,[60],[-117.334465]
2025-09-14T04:41:11+02:00,[60],[-117.33448]
2025-09-14T04:41:10+02:00,[60],[-117.334496]
2025-09-14T04:41:09+02:00,[60],[-117.334511]
2025-09-14T04:41:08+02:00,[60],[-117.334526]
2025-09-14T04:41:07+02:00,[60],[-117.334534]
2025-09-14T04:41:06+02:00,[60],[-117.334549]
2025-09-14T04:41:05+02:00,[60],[-117.334564]
2025-09-14T04:41:04+02:00,[60],[-117.334579]
2025-09-14T04:41:03+02:00,[60],[-117.334587]
2025-09-14T04:41:02+02:00,[60],[-117.334602]
2025-09-14T04:41:01+02:00,[60],[-117.334618]
2025-09-14T04:41:00+02:00,[60],[-117.334625]
2025-09-14T04:40:59+02:00,[60],[-117.334641]
2025-09-14T04:40:58+02:00,[60],[-117.334656]
2025-09-14T04:40:57+02:00,[60],[-117.334671]
2025-09-14T04:40:56+02:00,[60],[-117.334679]
2025-09-14T04:40:55+02:00,[60],[-117.334702]
2025-09-14T04:40:54+02:00,[60],[-117.334709]
2025-09-14T04:40:53+02:00,[60],[-117.334717]
2025-09-14T04:40:52+02:00,[60],[-117.33474]
2025-09-14T04:40:51+02:00,[60],[-117.334755]
2025-09-14T04:40:50+02:00,[60],[-117.334778]
2025-09-14T04:40:49+02:00,[60],[-117.334793]
2025-09-14T04:40:48+02:00,[60],[-117.334808]
2025-09-14T04:40:47+02:00,[60],[-117.334824]
2025-09-14T04:40:46+02:00,[60],[-117.334839]
2025-09-14T04:40:45+02:00,[60],[-117.334854]
2025-09-14T04:40:44+02:00,[60],[-117.334862]
2025-09-14T04:40:43+02:00,[60],[-117.334885]
2025-09-14T04:40:42+02:00,[60],[-117.3349]
2025-09-14T04:40:41+02:00,[60],[-117.334908]
2025-09-14T04:40:40+02:00,[60],[-117.334923]
2025-09-14T04:40:39+02:00,[60],[-117.33493]
2025-09-14T04:40:38+02:00,[60],[-117.334946]
2025-09-14T04:40:37+02:00,[60],[-117.334969]
2025-09-14T04:40:36+02:00,[60],[-117.334976]
2025-09-14T04:40:35+02:00,[60],[-117.334991]
2025-09-14T04:40:34+02:00,[60],[-117.334999]
2025-09-14T04:40:33+02:00,[60],[-117.335014]
2025-09-14T04:40:32+02:00,[60],[-117.33503]
2025-09-14T04:40:31+02:00,[60],[-117.335045]
2025-09-14T04:40:30+02:00,[60],[-117.335052]
2025-09-14T04:40:29+02:00,[60],[-117.335068]
2025-09-14T04:40:28+02:00,[60],[-117.335083]
2025-09-14T04:40:27+02:00,[60],[-117.335098]
2025-09-14T04:40:26+02:00,[60],[-117.335114]
2025-09-14T04:40:25+02:00,[60],[-117.335121]
2025-09-14T04:40:24+02:00,[60],[-117.335136]
2025-09-14T04:40:23+02:00,[60],[-117.335152]
2025-09-14T04:40:22+02:00,[60],[-117.335167]
2025-09-14T04:40:21+02:00,[60],[-117.33519]
2025-09-14T04:40:20+02:00,[60],[-117.335197]
2025-09-14T04:40:19+02:00,[60],[-117.335213]
2025-09-14T04:40:18+02:00,[60],[-117.335228]
2025-09-14T04:40:17+02:00,[60],[-117.335243]
2025-09-14T04:40:16+02:00,[60],[-117.335258]
2025-09-14T04:40:15+02:00,[60],[-117.335274]
2025-09-14T04:40:14+02:00,[60],[-117.335289]
2025-09-14T04:40:13+02:00,[60],[-117.335304]
2025-09-14T04:40:12+02:00,[60],[-117.33532]
2025-09-14T04:40:11+02:00,[60],[-117.335335]
2025-09-14T04:40:10+02:00,[60],[-117.335358]
2025-09-14T04:40:09+02:00,[60],[-117.335373]
2025-09-14T04:40:08+02:00,[60],[-117.335373]
2025-09-14T04:40:07+02:00,[60],[-117.335388]
2025-09-14T04:40:06+02:00,[60],[-117.335396]
2025-09-14T04:40:05+02:00,[60],[-117.335411]
2025-09-14T04:40:04+02:00,[60],[-117.335426]
2025-09-14T04:40:03+02:00,[60],[-117.335442]
2025-09-14T04:40:02+02:00,[60],[-117.335449]
2025-09-14T04:40:01+02:00,[60],[-117.335457]
2025-09-14T04:40:00+02:00,[60],[-117.335472]
2025-09-14T04:39:59+02:00,[60],[-117.335487]
2025-09-14T04:39:58+02:00,[60],[-117.335503]
2025-09-14T04:39:57+02:00,[60],[-117.335518]
2025-09-14T04:39:56+02:00,[60],[-117.335526]
2025-09-14T04:39:55+02:00,[60],[-117.335533]
2025-09-14T04:39:54+02:00,[60],[-117.335548]
2025-09-14T04:39:53+02:00,[60],[-117.335556]
2025-09-14T04:39:52+02:00,[60],[-117.335571]
2025-09-14T04:39:51+02:00,[60],[-117.335587]
2025-09-14T04:39:50+02:00,[60],[-117.335602]
2025-09-14T04:39:49+02:00,[60],[-117.335609]
2025-09-14T04:39:48+02:00,[60],[-117.335617]
2025-09-14T04:39:47+02:00,[60],[-117.335632]
2025-09-14T04:39:46+02:00,[60],[-117.335648]
2025-09-14T04:39:45+02:00,[60],[-117.335663]
2025-09-14T04:39:44+02:00,[60],[-117.33567]
2025-09-14T04:39:43+02:00,[60],[-117.335686]
2025-09-14T04:39:42+02:00,[60],[-117.335701]
2025-09-14T04:39:41+02:00,[60],[-117.335709]
2025-09-14T04:39:40+02:00,[60],[-117.335716]
2025-09-14T04:39:39+02:00,[60],[-117.335724]
2025-09-14T04:39:38+02:00,[60],[-117.335739]
2025-09-14T04:39:37+02:00,[60],[-117.335747]
2025-09-14T04:39:36+02:00,[60],[-117.335762]
2025-09-14T04:39:35+02:00,[60],[-117.335777]
2025-09-14T04:39:34+02:00,[60],[-117.335793]
2025-09-14T04:39:33+02:00,[60],[-117.3358]
2025-09-14T04:39:32+02:00,[60],[-117.335815]
2025-09-14T04:39:31+02:00,[60],[-117.335831]
2025-09-14T04:39:30+02:00,[60],[-117.335838]
2025-09-14T04:39:29+02:00,[60],[-117.335854]
2025-09-14T04:39:28+02:00,[60],[-117.335861]
2025-09-14T04:39:27+02:00,[60],[-117.335876]
2025-09-14T04:39:26+02:00,[60],[-117.335899]
2025-09-14T04:39:25+02:00,[60],[-117.335915]
2025-09-14T04:39:24+02:00,[60],[-117.335922]
2025-09-14T04:39:23+02:00,[60],[-117.33593]
2025-09-14T04:39:22+02:00,[60],[-117.335945]
2025-09-14T04:39:21+02:00,[60],[-117.33596]
2025-09-14T04:39:20+02:00,[60],[-117.335968]
2025-09-14T04:39:19+02:00,[60],[-117.335983]
2025-09-14T04:39:18+02:00,[60],[-117.335991]
2025-09-14T04:39:17+02:00,[60],[-117.336006]
2025-09-14T04:39:16+02:00,[60],[-117.336029]
2025-09-14T04:39:15+02:00,[60],[-117.336029]
2025-09-14T04:39:14+02:00,[60],[-117.336037]
2025-09-14T04:39:13+02:00,[60],[-117.336044]
2025-09-14T04:39:12+02:00,[60],[-117.33606]
2025-09-14T04:39:11+02:00,[60],[-117.336075]
2025-09-14T04:39:10+02:00,[60],[-117.336082]
2025-09-14T04:39:09+02:00,[60],[-117.336098]
2025-09-14T04:39:08+02:00,[60],[-117.336105]
2025-09-14T04:39:07+02:00,[60],[-117.336113]
2025-09-14T04:39:06+02:00,[60],[-117.336121]
2025-09-14T04:39:05+02:00,[60],[-117.336128]
2025-09-14T04:39:04+02:00,[60],[-117.336143]
2025-09-14T04:39:03+02:00,[60],[-117.336151]
2025-09-14T04:39:02+02:00,[60],[-117.336166]
2025-09-14T04:39:01+02:00,[60],[-117.336174]
2025-09-14T04:39:00+02:00,[60],[-117.336182]
2025-09-14T04:38:59+02:00,[60],[-117.336189]
2025-09-14T04:38:58+02:00,[60],[-117.336205]
2025-09-14T04:38:57+02:00,[60],[-117.336212]
2025-09-14T04:38:56+02:00,[60],[-117.336227]
2025-09-14T04:38:55+02:00,[60],[-117.336235]
2025-09-14T04:38:54+02:00,[60],[-117.336243]
2025-09-14T04:38:53+02:00,[60],[-117.33625]
2025-09-14T04:38:52+02:00,[60],[-117.336258]
2025-09-14T04:38:51+02:00,[60],[-117.336273]
2025-09-14T04:38:50+02:00,[60],[-117.336288]
2025-09-14T04:38:49+02:00,[60],[-117.336296]
2025-09-14T04:38:48+02:00,[60],[-117.336311]
2025-09-14T04:38:47+02:00,[60],[-117.336319]
2025-09-14T04:38:46+02:00,[60],[-117.336327]
2025-09-14T04:38:45+02:00,[60],[-117.336342]
2025-09-14T04:38:44+02:00,[60],[-117.336349]
2025-09-14T04:38:43+02:00,[60],[-117.336357]
2025-09-14T04:38:42+02:00,[60],[-117.336365]
2025-09-14T04:38:41+02:00,[60],[-117.33638]
2025-09-14T04:38:40+02:00,[60],[-117.336395]
2025-09-14T04:38:39+02:00,[60],[-117.336403]
2025-09-14T04:38:38+02:00,[60],[-117.336403]
2025-09-14T04:38:37+02:00,[60],[-117.336411]
2025-09-14T04:38:36+02:00,[60],[-117.336418]
2025-09-14T04:38:35+02:00,[60],[-117.336441]
2025-09-14T04:38:34+02:00,[60],[-117.336449]
2025-09-14T04:38:33+02:00,[60],[-117.336456]
2025-09-14T04:38:32+02:00,[60],[-117.336464]
2025-09-14T04:38:31+02:00,[60],[-117.336479]
2025-09-14T04:38:30+02:00,[60],[-117.336494]
2025-09-14T04:38:29+02:00,[60],[-117.336502]
2025-09-14T04:38:28+02:00,[60],[-117.336525]
2025-09-14T04:38:27+02:00,[60],[-117.336548]
2025-09-14T04:38:26+02:00,[60],[-117.336555]
2025-09-14T04:38:25+02:00,[60],[-117.336571]
2025-09-14T04:38:24+02:00,[60],[-117.336578]
2025-09-14T04:38:23+02:00,[60],[-117.336594]
2025-09-14T04:38:22+02:00,[60],[-117.336609]
2025-09-14T04:38:21+02:00,[60],[-117.336624]
2025-09-14T04:38:20+02:00,[60],[-117.336632]
2025-09-14T04:38:19+02:00,[60],[-117.336647]
2025-09-14T04:38:18+02:00,[60],[-117.336662]
2025-09-14T04:38:17+02:00,[60],[-117.336678]
2025-09-14T04:38:16+02:00,[60],[-117.336685]
2025-09-14T04:38:15+02:00,[60],[-117.336693]
2025-09-14T04:38:14+02:00,[60],[-117.336708]
2025-09-14T04:38:13+02:00,[60],[-117.336723]
2025-09-14T04:38:12+02:00,[60],[-117.336731]
2025-09-14T04:38:11+02:00,[60],[-117.336746]
2025-09-14T04:38:10+02:00,[60],[-117.336761]
2025-09-14T04:38:09+02:00,[60],[-117.336769]
2025-09-14T04:38:08+02:00,[60],[-117.336784]
2025-09-14T04:38:07+02:00,[60],[-117.336792]
2025-09-14T04:38:06+02:00,[60],[-117.336807]
2025-09-14T04:38:05+02:00,[60],[-117.336823]
2025-09-14T04:38:04+02:00,[60],[-117.33683]
2025-09-14T04:38:03+02:00,[60],[-117.336853]
2025-09-14T04:38:02+02:00,[60],[-117.336861]
2025-09-14T04:38:01+02:00,[60],[-117.336868]
2025-09-14T04:38:00+02:00,[60],[-117.336876]
2025-09-14T04:37:59+02:00,[60],[-117.336891]
2025-09-14T04:37:58+02:00,[60],[-117.336899]
2025-09-14T04:37:57+02:00,[60],[-117.336906]
2025-09-14T04:37:56+02:00,[60],[-117.336914]
2025-09-14T04:37:55+02:00,[60],[-117.336929]
2025-09-14T04:37:54+02:00,[60],[-117.336945]
2025-09-14T04:37:53+02:00,[60],[-117.336952]
2025-09-14T04:37:52+02:00,[60],[-117.33696]
2025-09-14T04:37:51+02:00,[60],[-117.336967]
2025-09-14T04:37:50+02:00,[60],[-117.336967]
2025-09-14T04:37:49+02:00,[60],[-117.336983]
2025-09-14T04:37:48+02:00,[60],[-117.33699]
2025-09-14T04:37:47+02:00,[60],[-117.337006]
2025-09-14T04:37:46+02:00,[60],[-117.337006]
2025-09-14T04:37:45+02:00,[60],[-117.337013]
2025-09-14T04:37:44+02:00,[60],[-117.337029]
2025-09-14T04:37:43+02:00,[60],[-117.337044]
2025-09-14T04:37:42+02:00,[60],[-117.337051]
2025-09-14T04:37:41+02:00,[60],[-117.337059]
2025-09-14T04:37:40+02:00,[60],[-117.337074]
2025-09-14T04:37:39+02:00,[60],[-117.33709]
2025-09-14T04:37:38+02:00,[60],[-117.33709]
2025-09-14T04:37:37+02:00,[60],[-117.337105]
2025-09-14T04:37:36+02:00,[60],[-117.33712]
2025-09-14T04:37:35+02:00,[60],[-117.337135]
2025-09-14T04:37:34+02:00,[60],[-117.337143]
2025-09-14T04:37:33+02:00,[60],[-117.337158]
2025-09-14T04:37:32+02:00,[60],[-117.337166]
2025-09-14T04:37:31+02:00,[60],[-117.337173]
2025-09-14T04:37:30+02:00,[60],[-117.337181]
2025-09-14T04:37:29+02:00,[60],[-117.337189]
2025-09-14T04:37:28+02:00,[60],[-117.337189]
2025-09-14T04:37:27+02:00,[60],[-117.337204]
2025-09-14T04:37:26+02:00,[60],[-117.337212]
2025-09-14T04:37:25+02:00,[60],[-117.337227]
2025-09-14T04:37:24+02:00,[60],[-117.337234]
2025-09-14T04:37:23+02:00,[60],[-117.33725]
2025-09-14T04:37:22+02:00,[60],[-117.337257]
2025-09-14T04:37:21+02:00,[60],[-117.337257]
2025-09-14T04:37:20+02:00,[60],[-117.337257]
2025-09-14T04:37:19+02:00,[60],[-117.33728]
2025-09-14T04:37:18+02:00,[60],[-117.337288]
2025-09-14T04:37:17+02:00,[60],[-117.337303]
2025-09-14T04:37:16+02:00,[60],[-117.337311]
2025-09-14T04:37:15+02:00,[60],[-117.337318]
2025-09-14T04:37:14+02:00,[60],[-117.337326]
2025-09-14T04:37:13+02:00,[60],[-117.337334]
2025-09-14T04:37:12+02:00,[60],[-117.337341]
2025-09-14T04:37:11+02:00,[60],[-117.337357]
2025-09-14T04:37:10+02:00,[60],[-117.337364]
2025-09-14T04:37:09+02:00,[60],[-117.337372]
2025-09-14T04:37:08+02:00,[60],[-117.337387]
2025-09-14T04:37:07+02:00,[60],[-117.337402]
2025-09-14T04:37:06+02:00,[60],[-117.33741]
2025-09-14T04:37:05+02:00,[60],[-117.337425]
2025-09-14T04:37:04+02:00,[60],[-117.33744]
2025-09-14T04:37:03+02:00,[60],[-117.337448]
2025-09-14T04:37:02+02:00,[60],[-117.337456]
2025-09-14T04:37:01+02:00,[60],[-117.337471]
2025-09-14T04:37:00+02:00,[60],[-117.337494]
2025-09-14T04:36:59+02:00,[60],[-117.337502]
2025-09-14T04:36:58+02:00,[60],[-117.337509]
2025-09-14T04:36:57+02:00,[60],[-117.337524]
2025-09-14T04:36:56+02:00,[60],[-117.337524]
2025-09-14T04:36:55+02:00,[60],[-117.33754]
2025-09-14T04:36:54+02:00,[60],[-117.337547]
2025-09-14T04:36:53+02:00,[60],[-117.337563]
2025-09-14T04:36:52+02:00,[60],[-117.337578]
2025-09-14T04:36:51+02:00,[60],[-117.337585]
2025-09-14T04:36:50+02:00,[60],[-117.337601]
2025-09-14T04:36:49+02:00,[60],[-117.337608]
2025-09-14T04:36:48+02:00,[60],[-117.337616]
2025-09-14T04:36:47+02:00,[60],[-117.337624]
2025-09-14T04:36:46+02:00,[60],[-117.337639]
2025-09-14T04:36:45+02:00,[60],[-117.337654]
2025-09-14T04:36:44+02:00,[60],[-117.337662]
2025-09-14T04:36:43+02:00,[60],[-117.337677]
2025-09-14T04:36:42+02:00,[60],[-117.337692]
2025-09-14T04:36:41+02:00,[60],[-117.3377]
2025-09-14T04:36:40+02:00,[60],[-117.337715]
2025-09-14T04:36:39+02:00,[60],[-117.337723]
2025-09-14T04:36:38+02:00,[60],[-117.337738]
2025-09-14T04:36:37+02:00,[60],[-117.337746]
2025-09-14T04:36:36+02:00,[60],[-117.337761]
2025-09-14T04:36:35+02:00,[60],[-117.337769]
2025-09-14T04:36:34+02:00,[60],[-117.337776]
2025-09-14T04:36:33+02:00,[60],[-117.337784]
2025-09-14T04:36:32+02:00,[60],[-117.337799]
2025-09-14T04:36:31+02:00,[60],[-117.337807]
2025-09-14T04:36:30+02:00,[60],[-117.337814]
2025-09-14T04:36:29+02:00,[60],[-117.337822]
2025-09-14T04:36:28+02:00,[60],[-117.337837]
2025-09-14T04:36:27+02:00,[60],[-117.337845]
2025-09-14T04:36:26+02:00,[60],[-117.33786]
2025-09-14T04:36:25+02:00,[60],[-117.337868]
2025-09-14T04:36:24+02:00,[60],[-117.337898]
2025-09-14T04:36:23+02:00,[60],[-117.337898]
2025-09-14T04:36:22+02:00,[60],[-117.337906]
2025-09-14T04:36:21+02:00,[60],[-117.337921]
2025-09-14T04:36:20+02:00,[60],[-117.337936]
2025-09-14T04:36:19+02:00,[60],[-117.337944]
2025-09-14T04:36:18+02:00,[60],[-117.337959]
2025-09-14T04:36:17+02:00,[60],[-117.337975]
2025-09-14T04:36:16+02:00,[60],[-117.337982]
2025-09-14T04:36:15+02:00,[60],[-117.337997]
2025-09-14T04:36:14+02:00,[60],[-117.33802]
2025-09-14T04:36:13+02:00,[60],[-117.338028]
2025-09-14T04:36:12+02:00,[60],[-117.338028]
2025-09-14T04:36:11+02:00,[60],[-117.338051]
2025-09-14T04:36:10+02:00,[60],[-117.338066]
2025-09-14T04:36:08+02:00,[60],[-117.338074]
2025-09-14T04:36:07+02:00,[60],[-117.338081]
2025-09-14T04:36:06+02:00,[60],[-117.338089]
2025-09-14T04:36:05+02:00,[60],[-117.338104]
2025-09-14T04:36:04+02:00,[60],[-117.338135]
2025-09-14T04:36:03+02:00,[60],[-117.338142]
2025-09-14T04:36:02+02:00,[60],[-117.33815]
2025-09-14T04:36:01+02:00,[60],[-117.338158]
2025-09-14T04:36:00+02:00,[60],[-117.338165]
2025-09-14T04:35:59+02:00,[60],[-117.338181]
2025-09-14T04:35:58+02:00,[60],[-117.338188]
2025-09-14T04:35:57+02:00,[60],[-117.338196]
2025-09-14T04:35:56+02:00,[60],[-117.338211]
2025-09-14T04:35:55+02:00,[60],[-117.338226]
2025-09-14T04:35:54+02:00,[60],[-117.338226]
2025-09-14T04:35:53+02:00,[60],[-117.338242]
2025-09-14T04:35:52+02:00,[60],[-117.338249]
2025-09-14T04:35:51+02:00,[60],[-117.338264]
2025-09-14T04:35:50+02:00,[60],[-117.338272]
2025-09-14T04:35:49+02:00,[60],[-117.338287]
2025-09-14T04:35:48+02:00,[60],[-117.338295]
2025-09-14T04:35:47+02:00,[60],[-117.338303]
2025-09-14T04:35:46+02:00,[60],[-117.338318]
2025-09-14T04:35:45+02:00,[60],[-117.338326]
2025-09-14T04:35:44+02:00,[60],[-117.338333]
2025-09-14T04:35:43+02:00,[60],[-117.338348]
2025-09-14T04:35:42+02:00,[60],[-117.338356]
2025-09-14T04:35:41+02:00,[60],[-117.338364]
2025-09-14T04:35:40+02:00,[60],[-117.338379]
2025-09-14T04:35:39+02:00,[60],[-117.338387]
2025-09-14T04:35:38+02:00,[60],[-117.338394]
2025-09-14T04:35:37+02:00,[60],[-117.338402]
2025-09-14T04:35:36+02:00,[60],[-117.338417]
2025-09-14T04:35:35+02:00,[60],[-117.338425]
2025-09-14T04:35:34+02:00,[60],[-117.33844]
2025-09-14T04:35:33+02:00,[60],[-117.338448]
2025-09-14T04:35:32+02:00,[60],[-117.338463]
2025-09-14T04:35:31+02:00,[60],[-117.338478]
2025-09-14T04:35:30+02:00,[60],[-117.338486]
2025-09-14T04:35:29+02:00,[60],[-117.338509]
2025-09-14T04:35:28+02:00,[60],[-117.338524]
2025-09-14T04:35:27+02:00,[60],[-117.338539]
2025-09-14T04:35:26+02:00,[60],[-117.338562]
2025-09-14T04:35:25+02:00,[60],[-117.33857]
2025-09-14T04:35:24+02:00,[60],[-117.338593]
2025-09-14T04:35:23+02:00,[60],[-117.338608]
2025-09-14T04:35:22+02:00,[60],[-117.338615]
2025-09-14T04:35:21+02:00,[60],[-117.338623]
2025-09-14T04:35:20+02:00,[60],[-117.338638]
2025-09-14T04:35:19+02:00,[60],[-117.338646]
2025-09-14T04:35:18+02:00,[60],[-117.338661]
2025-09-14T04:35:17+02:00,[60],[-117.338669]
2025-09-14T04:35:16+02:00,[60],[-117.338684]
2025-09-14T04:35:15+02:00,[60],[-117.338699]
2025-09-14T04:35:14+02:00,[60],[-117.338715]
2025-09-14T04:35:13+02:00,[60],[-117.33873]
2025-09-14T04:35:12+02:00,[60],[-117.338745]
2025-09-14T04:35:11+02:00,[60],[-117.33876]
2025-09-14T04:35:10+02:00,[60],[-117.338768]
2025-09-14T04:35:09+02:00,[60],[-117.338768]
2025-09-14T04:35:08+02:00,[60],[-117.338783]
2025-09-14T04:35:07+02:00,[60],[-117.338799]
2025-09-14T04:35:06+02:00,[60],[-117.338806]
2025-09-14T04:35:05+02:00,[60],[-117.338814]
2025-09-14T04:35:04+02:00,[60],[-117.338829]
2025-09-14T04:35:03+02:00,[60],[-117.338837]
2025-09-14T04:35:02+02:00,[60],[-117.338844]
2025-09-14T04:35:01+02:00,[60],[-117.338837]
2025-09-14T04:35:00+02:00,[60],[-117.338837]
2025-09-14T04:34:59+02:00,[60],[-117.338837]
2025-09-14T04:34:58+02:00,[60],[-117.338837]
2025-09-14T04:34:57+02:00,[60],[-117.338837]
2025-09-14T04:34:56+02:00,[60],[-117.338837]
2025-09-14T04:34:55+02:00,[60],[-117.338837]
2025-09-14T04:34:54+02:00,[60],[-117.338837]
2025-09-14T04:34:53+02:00,[60],[-117.338837]
2025-09-14T04:34:52+02:00,[60],[-117.338837]
2025-09-14T04:34:51+02:00,[60],[-117.338837]
2025-09-14T04:34:50+02:00,[60],[-117.338837]
2025-09-14T04:34:49+02:00,[60],[-117.338837]
2025-09-14T04:34:48+02:00,[60],[-117.338837]
2025-09-14T04:34:47+02:00,[60],[-117.338837]
2025-09-14T04:34:46+02:00,[60],[-117.338837]
2025-09-14T04:34:45+02:00,[60],[-117.338844]
2025-09-14T04:34:44+02:00,[60],[-117.338852]
2025-09-14T04:34:43+02:00,[60],[-117.338867]
2025-09-14T04:34:42+02:00,[60],[-117.338882]
2025-09-14T04:34:41+02:00,[60],[-117.33889]
2025-09-14T04:34:40+02:00,[60],[-117.338898]
2025-09-14T04:34:39+02:00,[60],[-117.338913]
2025-09-14T04:34:38+02:00,[60],[-117.338921]
2025-09-14T04:34:37+02:00,[60],[-117.338936]
2025-09-14T04:34:36+02:00,[60],[-117.338943]
2025-09-14T04:34:35+02:00,[60],[-117.338959]
2025-09-14T04:34:34+02:00,[60],[-117.338966]
2025-09-14T04:34:33+02:00,[60],[-117.338982]
2025-09-14T04:34:32+02:00,[60],[-117.338997]
2025-09-14T04:34:31+02:00,[60],[-117.339005]
2025-09-14T04:34:30+02:00,[60],[-117.33902]
2025-09-14T04:34:29+02:00,[60],[-117.339035]
2025-09-14T04:34:28+02:00,[60],[-117.339035]
2025-09-14T04:34:27+02:00,[60],[-117.339058]
2025-09-14T04:34:26+02:00,[60],[-117.339073]
2025-09-14T04:34:25+02:00,[60],[-117.339081]
2025-09-14T04:34:24+02:00,[60],[-117.339104]
2025-09-14T04:34:23+02:00,[60],[-117.339119]
2025-09-14T04:34:22+02:00,[60],[-117.339134]
2025-09-14T04:34:21+02:00,[60],[-117.339149]
2025-09-14T04:34:20+02:00,[60],[-117.339165]
2025-09-14T04:34:19+02:00,[60],[-117.339188]
2025-09-14T04:34:18+02:00,[60],[-117.339218]
2025-09-14T04:34:17+02:00,[60],[-117.339233]
2025-09-14T04:34:16+02:00,[60],[-117.339256]
2025-09-14T04:34:15+02:00,[60],[-117.339272]
2025-09-14T04:34:14+02:00,[60],[-117.339287]
2025-09-14T04:34:13+02:00,[60],[-117.33931]
2025-09-14T04:34:12+02:00,[60],[-117.339317]
2025-09-14T04:34:11+02:00,[60],[-117.339325]
2025-09-14T04:34:10+02:00,[60],[-117.339317]
2025-09-14T04:34:09+02:00,[60],[-117.339333]
2025-09-14T04:34:08+02:00,[60],[-117.33934]
2025-09-14T04:34:07+02:00,[60],[-117.339386]
2025-09-14T04:34:06+02:00,[60],[-117.339401]
2025-09-14T04:34:05+02:00,[60],[-117.339424]
2025-09-14T04:34:04+02:00,[60],[-117.339447]
2025-09-14T04:34:03+02:00,[60],[-117.339455]
2025-09-14T04:34:02+02:00,[60],[-117.33947]
2025-09-14T04:34:01+02:00,[60],[-117.339485]
2025-09-14T04:34:00+02:00,[60],[-117.3395]
2025-09-14T04:33:59+02:00,[60],[-117.339508]
2025-09-14T04:33:58+02:00,[60],[-117.339531]
2025-09-14T04:33:57+02:00,[60],[-117.339546]
2025-09-14T04:33:55+02:00,[60],[-117.339569]
2025-09-14T04:33:54+02:00,[60],[-117.339577]
2025-09-14T04:33:53+02:00,[60],[-117.339592]
2025-09-14T04:33:52+02:00,[60],[-117.339615]
2025-09-14T04:33:51+02:00,[60],[-117.33963]
2025-09-14T04:33:50+02:00,[60],[-117.339645]
2025-09-14T04:33:49+02:00,[60],[-117.339645]
2025-09-14T04:33:48+02:00,[60],[-117.339668]
2025-09-14T04:33:47+02:00,[60],[-117.339684]
2025-09-14T04:33:46+02:00,[60],[-117.339699]
2025-09-14T04:33:45+02:00,[60],[-117.339706]
2025-09-14T04:33:44+02:00,[60],[-117.339722]
2025-09-14T04:33:43+02:00,[60],[-117.339729]
2025-09-14T04:33:42+02:00,[60],[-117.339745]
2025-09-14T04:33:41+02:00,[60],[-117.33976]
2025-09-14T04:33:40+02:00,[60],[-117.339775]
2025-09-14T04:33:39+02:00,[60],[-117.33979]
2025-09-14T04:33:38+02:00,[60],[-117.339806]
2025-09-14T04:33:37+02:00,[60],[-117.339821]
2025-09-14T04:33:36+02:00,[60],[-117.339828]
2025-09-14T04:33:35+02:00,[60],[-117.339836]
2025-09-14T04:33:34+02:00,[60],[-117.339851]
2025-09-14T04:33:33+02:00,[60],[-117.339867]
2025-09-14T04:33:32+02:00,[60],[-117.339874]
2025-09-14T04:33:31+02:00,[60],[-117.339882]
2025-09-14T04:33:30+02:00,[60],[-117.339897]
2025-09-14T04:33:29+02:00,[60],[-117.339928]
2025-09-14T04:33:28+02:00,[60],[-117.339943]
2025-09-14T04:33:27+02:00,[60],[-117.339943]
2025-09-14T04:33:26+02:00,[60],[-117.339958]
2025-09-14T04:33:25+02:00,[60],[-117.339966]
2025-09-14T04:33:24+02:00,[60],[-117.339981]
2025-09-14T04:33:23+02:00,[60],[-117.339989]
2025-09-14T04:33:22+02:00,[60],[-117.339989]
2025-09-14T04:33:21+02:00,[60],[-117.339989]
2025-09-14T04:33:20+02:00,[60],[-117.339989]
2025-09-14T04:33:19+02:00,[60],[-117.339989]
2025-09-14T04:33:18+02:00,[60],[-117.339989]
2025-09-14T04:33:17+02:00,[60],[-117.339989]
2025-09-14T04:33:16+02:00,[60],[-117.339989]
2025-09-14T04:33:15+02:00,[60],[-117.339989]
2025-09-14T04:33:14+02:00,[60],[-117.339989]
2025-09-14T04:33:13+02:00,[60],[-117.339989]
2025-09-14T04:33:12+02:00,[60],[-117.339989]
2025-09-14T04:33:11+02:00,[60],[-117.339989]
2025-09-14T04:33:10+02:00,[60],[-117.339989]
2025-09-14T04:33:09+02:00,[60],[-117.339989]
2025-09-14T04:33:08+02:00,[60],[-117.339989]
2025-09-14T04:33:07+02:00,[60],[-117.339989]
2025-09-14T04:33:06+02:00,[60],[-117.339989]
2025-09-14T04:33:05+02:00,[60],[-117.339989]
2025-09-14T04:33:04+02:00,[60],[-117.339989]
2025-09-14T04:33:03+02:00,[60],[-117.339989]
2025-09-14T04:33:02+02:00,[60],[-117.339989]
2025-09-14T04:33:01+02:00,[60],[-117.339989]
2025-09-14T04:33:00+02:00,[60],[-117.339989]
2025-09-14T04:32:59+02:00,[60],[-117.339989]
2025-09-14T04:32:58+02:00,[60],[-117.339989]
2025-09-14T04:32:57+02:00,[60],[-117.339989]
2025-09-14T04:32:56+02:00,[60],[-117.339989]
2025-09-14T04:32:55+02:00,[60],[-117.339989]
2025-09-14T04:32:54+02:00,[60],[-117.339989]
2025-09-14T04:32:53+02:00,[60],[-117.339989]
2025-09-14T04:32:52+02:00,[60],[-117.339989]
2025-09-14T04:32:51+02:00,[60],[-117.339989]
2025-09-14T04:32:50+02:00,[60],[-117.339989]
2025-09-14T04:32:49+02:00,[60],[-117.339989]
2025-09-14T04:32:48+02:00,[60],[-117.339989]
2025-09-14T04:32:47+02:00,[60],[-117.339989]
2025-09-14T04:32:46+02:00,[60],[-117.339989]
2025-09-14T04:32:45+02:00,[60],[-117.339989]
2025-09-14T04:32:44+02:00,[60],[-117.339989]
2025-09-14T04:32:43+02:00,[60],[-117.339989]
2025-09-14T04:32:42+02:00,[60],[-117.339989]
2025-09-14T04:32:41+02:00,[60],[-117.339989]
2025-09-14T04:32:40+02:00,[60],[-117.339989]
2025-09-14T04:32:39+02:00,[60],[-117.339989]
2025-09-14T04:32:38+02:00,[60],[-117.339989]
2025-09-14T04:32:37+02:00,[60],[-117.339989]
2025-09-14T04:32:36+02:00,[60],[-117.339989]
2025-09-14T04:32:35+02:00,[60],[-117.339989]
2025-09-14T04:32:34+02:00,[60],[-117.339989]
2025-09-14T04:32:33+02:00,[60],[-117.339989]
2025-09-14T04:32:32+02:00,[60],[-117.339989]
2025-09-14T04:32:31+02:00,[60],[-117.339989]
2025-09-14T04:32:30+02:00,[60],[-117.339989]
2025-09-14T04:32:29+02:00,[60],[-117.339981]
2025-09-14T04:32:28+02:00,[60],[-117.339989]
2025-09-14T04:32:27+02:00,[60],[-117.339996]
2025-09-14T04:32:26+02:00,[60],[-117.340012]
2025-09-14T04:32:25+02:00,[60],[-117.340019]
2025-09-14T04:32:24+02:00,[60],[-117.340034]
2025-09-14T04:32:23+02:00,[60],[-117.340042]
2025-09-14T04:32:22+02:00,[60],[-117.340057]
2025-09-14T04:32:21+02:00,[60],[-117.340073]
2025-09-14T04:32:20+02:00,[60],[-117.34008]
2025-09-14T04:32:19+02:00,[60],[-117.340096]
2025-09-14T04:32:18+02:00,[60],[-117.340111]
2025-09-14T04:32:17+02:00,[60],[-117.340118]
2025-09-14T04:32:16+02:00,[60],[-117.340134]
2025-09-14T04:32:15+02:00,[60],[-117.340149]
2025-09-14T04:32:14+02:00,[60],[-117.340164]
2025-09-14T04:32:13+02:00,[60],[-117.340172]
2025-09-14T04:32:12+02:00,[60],[-117.340179]
2025-09-14T04:32:11+02:00,[60],[-117.340195]
2025-09-14T04:32:10+02:00,[60],[-117.340218]
2025-09-14T04:32:09+02:00,[60],[-117.340233]
2025-09-14T04:32:08+02:00,[60],[-117.34024]
2025-09-14T04:32:07+02:00,[60],[-117.340256]
2025-09-14T04:32:06+02:00,[60],[-117.340271]
2025-09-14T04:32:05+02:00,[60],[-117.340279]
2025-09-14T04:32:04+02:00,[60],[-117.340294]
2025-09-14T04:32:03+02:00,[60],[-117.340309]
2025-09-14T04:32:02+02:00,[60],[-117.340317]
2025-09-14T04:32:01+02:00,[60],[-117.340332]
2025-09-14T04:32:00+02:00,[60],[-117.340347]
2025-09-14T04:31:59+02:00,[60],[-117.340363]
2025-09-14T04:31:58+02:00,[60],[-117.340378]
2025-09-14T04:31:57+02:00,[60],[-117.340385]
2025-09-14T04:31:56+02:00,[60],[-117.340393]
2025-09-14T04:31:55+02:00,[60],[-117.340408]
2025-09-14T04:31:54+02:00,[60],[-117.340416]
2025-09-14T04:31:53+02:00,[60],[-117.340424]
2025-09-14T04:31:52+02:00,[60],[-117.340439]
2025-09-14T04:31:50+02:00,[60],[-117.340454]
2025-09-14T04:31:49+02:00,[60],[-117.340462]
2025-09-14T04:31:48+02:00,[60],[-117.340485]
2025-09-14T04:31:47+02:00,[60],[-117.3405]
2025-09-14T04:31:46+02:00,[60],[-117.340508]
2025-09-14T04:31:45+02:00,[60],[-117.340515]
2025-09-14T04:31:44+02:00,[60],[-117.34053]
2025-09-14T04:31:43+02:00,[60],[-117.340546]
2025-09-14T04:31:42+02:00,[60],[-117.340553]
2025-09-14T04:31:41+02:00,[60],[-117.340561]
2025-09-14T04:31:40+02:00,[60],[-117.340561]
2025-09-14T04:31:39+02:00,[60],[-117.340569]
2025-09-14T04:31:38+02:00,[60],[-117.340569]
2025-09-14T04:31:37+02:00,[60],[-117.340576]
2025-09-14T04:31:36+02:00,[60],[-117.340584]
2025-09-14T04:31:35+02:00,[60],[-117.340584]
2025-09-14T04:31:34+02:00,[60],[-117.340576]
2025-09-14T04:31:33+02:00,[60],[-117.340584]
2025-09-14T04:31:32+02:00,[60],[-117.340591]
2025-09-14T04:31:31+02:00,[60],[-117.340599]
2025-09-14T04:31:30+02:00,[60],[-117.340599]
2025-09-14T04:31:29+02:00,[60],[-117.340607]
2025-09-14T04:31:28+02:00,[60],[-117.340622]
2025-09-14T04:31:27+02:00,[60],[-117.340622]
2025-09-14T04:31:26+02:00,[60],[-117.340622]
2025-09-14T04:31:25+02:00,[60],[-117.340637]
2025-09-14T04:31:24+02:00,[60],[-117.340645]
2025-09-14T04:31:23+02:00,[60],[-117.34066]
2025-09-14T04:31:22+02:00,[60],[-117.340675]
2025-09-14T04:31:21+02:00,[60],[-117.340691]
2025-09-14T04:31:20+02:00,[60],[-117.340706]
2025-09-14T04:31:19+02:00,[60],[-117.340721]
2025-09-14T04:31:18+02:00,[60],[-117.340729]
2025-09-14T04:31:17+02:00,[60],[-117.340744]
2025-09-14T04:31:16+02:00,[60],[-117.340759]
2025-09-14T04:31:15+02:00,[60],[-117.340775]
2025-09-14T04:31:14+02:00,[60],[-117.340797]
2025-09-14T04:31:13+02:00,[60],[-117.340805]
2025-09-14T04:31:12+02:00,[60],[-117.340828]
2025-09-14T04:31:11+02:00,[60],[-117.340836]
2025-09-14T04:31:10+02:00,[60],[-117.340851]
2025-09-14T04:31:09+02:00,[60],[-117.340851]
2025-09-14T04:31:08+02:00,[60],[-117.340874]
2025-09-14T04:31:07+02:00,[60],[-117.340881]
2025-09-14T04:31:06+02:00,[60],[-117.340897]
2025-09-14T04:31:05+02:00,[60],[-117.340904]
2025-09-14T04:31:04+02:00,[60],[-117.340919]
2025-09-14T04:31:03+02:00,[60],[-117.340942]
2025-09-14T04:31:02+02:00,[60],[-117.34095]
2025-09-14T04:31:01+02:00,[60],[-117.340973]
2025-09-14T04:31:00+02:00,[60],[-117.340981]
2025-09-14T04:30:59+02:00,[60],[-117.340996]
2025-09-14T04:30:58+02:00,[60],[-117.341003]
2025-09-14T04:30:57+02:00,[60],[-117.341019]
2025-09-14T04:30:56+02:00,[60],[-117.341026]
2025-09-14T04:30:55+02:00,[60],[-117.341042]
2025-09-14T04:30:54+02:00,[60],[-117.341057]
2025-09-14T04:30:53+02:00,[60],[-117.341064]
2025-09-14T04:30:52+02:00,[60],[-117.341072]
2025-09-14T04:30:51+02:00,[60],[-117.341087]
2025-09-14T04:30:50+02:00,[60],[-117.341103]
2025-09-14T04:30:49+02:00,[60],[-117.341118]
2025-09-14T04:30:48+02:00,[60],[-117.341125]
2025-09-14T04:30:47+02:00,[60],[-117.341141]
2025-09-14T04:30:46+02:00,[60],[-117.341148]
2025-09-14T04:30:45+02:00,[60],[-117.341164]
2025-09-14T04:30:44+02:00,[60],[-117.341171]
2025-09-14T04:30:43+02:00,[60],[-117.341187]
2025-09-14T04:30:42+02:00,[60],[-117.341194]
2025-09-14T04:30:41+02:00,[60],[-117.341202]
2025-09-14T04:30:40+02:00,[60],[-117.341209]
2025-09-14T04:30:39+02:00,[60],[-117.341225]
2025-09-14T04:30:38+02:00,[60],[-117.341255]
2025-09-14T04:30:37+02:00,[60],[-117.341263]
2025-09-14T04:30:36+02:00,[60],[-117.341278]
2025-09-14T04:30:35+02:00,[60],[-117.341286]
2025-09-14T04:30:34+02:00,[60],[-117.341293]
2025-09-14T04:30:33+02:00,[60],[-117.341301]
2025-09-14T04:30:32+02:00,[60],[-117.341316]
2025-09-14T04:30:31+02:00,[60],[-117.341331]
2025-09-14T04:30:30+02:00,[60],[-117.341347]
2025-09-14T04:30:29+02:00,[60],[-117.341354]
2025-09-14T04:30:28+02:00,[60],[-117.341362]
2025-09-14T04:30:27+02:00,[60],[-117.341377]
2025-09-14T04:30:26+02:00,[60],[-117.341385]
2025-09-14T04:30:25+02:00,[60],[-117.341393]
2025-09-14T04:30:24+02:00,[60],[-117.3414]
2025-09-14T04:30:23+02:00,[60],[-117.341415]
2025-09-14T04:30:22+02:00,[60],[-117.341431]
2025-09-14T04:30:21+02:00,[60],[-117.341446]
2025-09-14T04:30:20+02:00,[60],[-117.341454]
2025-09-14T04:30:19+02:00,[60],[-117.341461]
2025-09-14T04:30:18+02:00,[60],[-117.341476]
2025-09-14T04:30:17+02:00,[60],[-117.341499]
2025-09-14T04:30:16+02:00,[60],[-117.341507]
2025-09-14T04:30:15+02:00,[60],[-117.341515]
2025-09-14T04:30:14+02:00,[60],[-117.341522]
2025-09-14T04:30:13+02:00,[60],[-117.341537]
2025-09-14T04:30:12+02:00,[60],[-117.34156]
2025-09-14T04:30:11+02:00,[60],[-117.341576]
2025-09-14T04:30:10+02:00,[60],[-117.341583]
2025-09-14T04:30:09+02:00,[60],[-117.341591]
2025-09-14T04:30:08+02:00,[60],[-117.341599]
2025-09-14T04:30:07+02:00,[60],[-117.341614]
2025-09-14T04:30:06+02:00,[60],[-117.341629]
2025-09-14T04:30:05+02:00,[60],[-117.341637]
2025-09-14T04:30:04+02:00,[60],[-117.341644]
2025-09-14T04:30:03+02:00,[60],[-117.341652]
2025-09-14T04:30:02+02:00,[60],[-117.341667]
2025-09-14T04:30:01+02:00,[60],[-117.341682]
2025-09-14T04:30:00+02:00,[60],[-117.34169]
2025-09-14T04:29:59+02:00,[60],[-117.341698]
2025-09-14T04:29:58+02:00,[60],[-117.341713]
2025-09-14T04:29:57+02:00,[60],[-117.341728]
2025-09-14T04:29:56+02:00,[60],[-117.341736]
2025-09-14T04:29:55+02:00,[60],[-117.341743]
2025-09-14T04:29:54+02:00,[60],[-117.341743]
2025-09-14T04:29:53+02:00,[60],[-117.341766]
2025-09-14T04:29:52+02:00,[60],[-117.341782]
2025-09-14T04:29:51+02:00,[60],[-117.341797]
2025-09-14T04:29:50+02:00,[60],[-117.341805]
2025-09-14T04:29:49+02:00,[60],[-117.34182]
2025-09-14T04:29:48+02:00,[60],[-117.341827]
2025-09-14T04:29:47+02:00,[60],[-117.341843]
2025-09-14T04:29:45+02:00,[60],[-117.34185]
2025-09-14T04:29:44+02:00,[60],[-117.341858]
2025-09-14T04:29:43+02:00,[60],[-117.341873]
2025-09-14T04:29:42+02:00,[60],[-117.341881]
2025-09-14T04:29:41+02:00,[60],[-117.341904]
2025-09-14T04:29:40+02:00,[60],[-117.341911]
2025-09-14T04:29:39+02:00,[60],[-117.341919]
2025-09-14T04:29:38+02:00,[60],[-117.341942]
2025-09-14T04:29:37+02:00,[60],[-117.341957]
2025-09-14T04:29:36+02:00,[60],[-117.341965]
2025-09-14T04:29:35+02:00,[60],[-117.34198]
2025-09-14T04:29:34+02:00,[60],[-117.341988]
2025-09-14T04:29:33+02:00,[60],[-117.341995]
2025-09-14T04:29:32+02:00,[60],[-117.34201]
2025-09-14T04:29:31+02:00,[60],[-117.342026]
2025-09-14T04:29:30+02:00,[60],[-117.342033]
2025-09-14T04:29:29+02:00,[60],[-117.342041]
2025-09-14T04:29:28+02:00,[60],[-117.342056]
2025-09-14T04:29:27+02:00,[60],[-117.342064]
2025-09-14T04:29:26+02:00,[60],[-117.342079]
2025-09-14T04:29:25+02:00,[60],[-117.342094]
2025-09-14T04:29:24+02:00,[60],[-117.342102]
2025-09-14T04:29:23+02:00,[60],[-117.342117]
2025-09-14T04:29:22+02:00,[60],[-117.342133]
2025-09-14T04:29:21+02:00,[60],[-117.342148]
2025-09-14T04:29:20+02:00,[60],[-117.342155]
2025-09-14T04:29:19+02:00,[60],[-117.342171]
2025-09-14T04:29:18+02:00,[60],[-117.342178]
2025-09-14T04:29:17+02:00,[60],[-117.342194]
2025-09-14T04:29:16+02:00,[60],[-117.342201]
2025-09-14T04:29:15+02:00,[60],[-117.342216]
2025-09-14T04:29:14+02:00,[60],[-117.342224]
2025-09-14T04:29:13+02:00,[60],[-117.342247]
2025-09-14T04:29:12+02:00,[60],[-117.342262]
2025-09-14T04:29:11+02:00,[60],[-117.342278]
2025-09-14T04:29:10+02:00,[60],[-117.342293]
2025-09-14T04:29:09+02:00,[60],[-117.3423]
2025-09-14T04:29:08+02:00,[60],[-117.342308]
2025-09-14T04:29:07+02:00,[60],[-117.342316]
2025-09-14T04:29:06+02:00,[60],[-117.342331]
2025-09-14T04:29:05+02:00,[60],[-117.342339]
2025-09-14T04:29:04+02:00,[60],[-117.342354]
2025-09-14T04:29:03+02:00,[60],[-117.342361]
2025-09-14T04:29:02+02:00,[60],[-117.342377]
2025-09-14T04:29:01+02:00,[60],[-117.342392]
2025-09-14T04:29:00+02:00,[60],[-117.3424]
2025-09-14T04:28:59+02:00,[60],[-117.342407]
2025-09-14T04:28:58+02:00,[60],[-117.342422]
2025-09-14T04:28:57+02:00,[60],[-117.342438]
2025-09-14T04:28:56+02:00,[60],[-117.342453]
2025-09-14T04:28:55+02:00,[60],[-117.342468]
2025-09-14T04:28:54+02:00,[60],[-117.342484]
2025-09-14T04:28:53+02:00,[60],[-117.342491]
2025-09-14T04:28:52+02:00,[60],[-117.342506]
2025-09-14T04:28:51+02:00,[60],[-117.342522]
2025-09-14T04:28:50+02:00,[60],[-117.342529]
2025-09-14T04:28:49+02:00,[60],[-117.34256]
2025-09-14T04:28:48+02:00,[60],[-117.342567]
2025-09-14T04:28:47+02:00,[60],[-117.342583]
2025-09-14T04:28:46+02:00,[60],[-117.34259]
2025-09-14T04:28:45+02:00,[60],[-117.342598]
2025-09-14T04:28:44+02:00,[60],[-117.342613]
2025-09-14T04:28:43+02:00,[60],[-117.342621]
2025-09-14T04:28:42+02:00,[60],[-117.342628]
2025-09-14T04:28:41+02:00,[60],[-117.342636]
2025-09-14T04:28:40+02:00,[60],[-117.342644]
2025-09-14T04:28:39+02:00,[60],[-117.342651]
2025-09-14T04:28:38+02:00,[60],[-117.342651]
2025-09-14T04:28:37+02:00,[60],[-117.342651]
2025-09-14T04:28:36+02:00,[60],[-117.342651]
2025-09-14T04:28:35+02:00,[60],[-117.342651]
2025-09-14T04:28:34+02:00,[60],[-117.342651]
2025-09-14T04:28:33+02:00,[60],[-117.342651]
2025-09-14T04:28:32+02:00,[60],[-117.342651]
2025-09-14T04:28:31+02:00,[60],[-117.342659]
2025-09-14T04:28:30+02:00,[60],[-117.342659]
2025-09-14T04:28:29+02:00,[60],[-117.342651]
2025-09-14T04:28:28+02:00,[60],[-117.342651]
2025-09-14T04:28:27+02:00,[60],[-117.342651]
2025-09-14T04:28:26+02:00,[60],[-117.342659]
2025-09-14T04:28:25+02:00,[60],[-117.342651]
2025-09-14T04:28:24+02:00,[60],[-117.342651]
2025-09-14T04:28:23+02:00,[60],[-117.342659]
2025-09-14T04:28:22+02:00,[60],[-117.342659]
2025-09-14T04:28:21+02:00,[60],[-117.342667]
2025-09-14T04:28:20+02:00,[60],[-117.342667]
2025-09-14T04:28:19+02:00,[60],[-117.342667]
2025-09-14T04:28:18+02:00,[60],[-117.342667]
2025-09-14T04:28:17+02:00,[60],[-117.342667]
2025-09-14T04:28:16+02:00,[60],[-117.342674]
2025-09-14T04:28:15+02:00,[60],[-117.342674]
2025-09-14T04:28:14+02:00,[60],[-117.342674]
2025-09-14T04:28:13+02:00,[60],[-117.342674]
2025-09-14T04:28:12+02:00,[60],[-117.342674]
2025-09-14T04:28:11+02:00,[60],[-117.342674]
2025-09-14T04:28:10+02:00,[60],[-117.342674]
2025-09-14T04:28:09+02:00,[60],[-117.342674]
2025-09-14T04:28:08+02:00,[60],[-117.342674]
2025-09-14T04:28:07+02:00,[60],[-117.342674]
2025-09-14T04:28:06+02:00,[60],[-117.342674]
2025-09-14T04:28:05+02:00,[60],[-117.342682]
2025-09-14T04:28:04+02:00,[60],[-117.342682]
2025-09-14T04:28:03+02:00,[60],[-117.34269]
2025-09-14T04:28:02+02:00,[60],[-117.342682]
2025-09-14T04:28:01+02:00,[60],[-117.342682]
2025-09-14T04:28:00+02:00,[60],[-117.342682]
2025-09-14T04:27:59+02:00,[60],[-117.342682]
2025-09-14T04:27:58+02:00,[60],[-117.342682]
2025-09-14T04:27:57+02:00,[60],[-117.342674]
2025-09-14T04:27:56+02:00,[60],[-117.342674]
2025-09-14T04:27:55+02:00,[60],[-117.342682]
2025-09-14T04:27:54+02:00,[60],[-117.342674]
2025-09-14T04:27:53+02:00,[60],[-117.342674]
2025-09-14T04:27:52+02:00,[60],[-117.342674]
2025-09-14T04:27:51+02:00,[60],[-117.342667]
2025-09-14T04:27:50+02:00,[60],[-117.342667]
2025-09-14T04:27:49+02:00,[60],[-117.342659]
2025-09-14T04:27:48+02:00,[60],[-117.342659]
2025-09-14T04:27:47+02:00,[60],[-117.342651]
2025-09-14T04:27:46+02:00,[60],[-117.342644]
2025-09-14T04:27:45+02:00,[60],[-117.342644]
2025-09-14T04:27:44+02:00,[60],[-117.342636]
2025-09-14T04:27:43+02:00,[60],[-117.342636]
2025-09-14T04:27:42+02:00,[60],[-117.342628]
2025-09-14T04:27:41+02:00,[60],[-117.342621]
2025-09-14T04:27:39+02:00,[60],[-117.342621]
2025-09-14T04:27:38+02:00,[60],[-117.342613]
2025-09-14T04:27:37+02:00,[60],[-117.342606]
2025-09-14T04:27:36+02:00,[60],[-117.342598]
2025-09-14T04:27:35+02:00,[60],[-117.342598]
2025-09-14T04:27:34+02:00,[60],[-117.34259]
2025-09-14T04:27:33+02:00,[60],[-117.342583]
2025-09-14T04:27:32+02:00,[60],[-117.342583]
2025-09-14T04:27:31+02:00,[60],[-117.342575]
2025-09-14T04:27:30+02:00,[60],[-117.342575]
2025-09-14T04:27:29+02:00,[60],[-117.342575]
2025-09-14T04:27:28+02:00,[60],[-117.34256]
2025-09-14T04:27:27+02:00,[60],[-117.342552]
2025-09-14T04:27:26+02:00,[60],[-117.342545]
2025-09-14T04:27:25+02:00,[60],[-117.342529]
2025-09-14T04:27:24+02:00,[60],[-117.342529]
2025-09-14T04:27:23+02:00,[60],[-117.342514]
2025-09-14T04:27:22+02:00,[60],[-117.342506]
2025-09-14T04:27:21+02:00,[60],[-117.342499]
2025-09-14T04:27:20+02:00,[60],[-117.342499]
2025-09-14T04:27:19+02:00,[60],[-117.342491]
2025-09-14T04:27:18+02:00,[60],[-117.342484]
2025-09-14T04:27:17+02:00,[60],[-117.342476]
2025-09-14T04:27:16+02:00,[60],[-117.342461]
2025-09-14T04:27:15+02:00,[60],[-117.342461]
2025-09-14T04:27:14+02:00,[60],[-117.342453]
2025-09-14T04:27:13+02:00,[60],[-117.342453]
2025-09-14T04:27:12+02:00,[60],[-117.342445]
2025-09-14T04:27:11+02:00,[60],[-117.342438]
2025-09-14T04:27:10+02:00,[60],[-117.342422]
2025-09-14T04:27:09+02:00,[60],[-117.342422]
2025-09-14T04:27:08+02:00,[60],[-117.342422]
2025-09-14T04:27:07+02:00,[60],[-117.342415]
2025-09-14T04:27:06+02:00,[60],[-117.342407]
2025-09-14T04:27:05+02:00,[60],[-117.3424]
2025-09-14T04:27:04+02:00,[60],[-117.342392]
2025-09-14T04:27:03+02:00,[60],[-117.342392]
2025-09-14T04:27:02+02:00,[60],[-117.342377]
2025-09-14T04:27:01+02:00,[60],[-117.342369]
2025-09-14T04:27:00+02:00,[60],[-117.342361]
2025-09-14T04:26:59+02:00,[60],[-117.342361]
2025-09-14T04:26:58+02:00,[60],[-117.342354]
2025-09-14T04:26:57+02:00,[60],[-117.342339]
2025-09-14T04:26:56+02:00,[60],[-117.342331]
2025-09-14T04:26:55+02:00,[60],[-117.342323]
2025-09-14T04:26:54+02:00,[60],[-117.342316]
2025-09-14T04:26:53+02:00,[60],[-117.342308]
2025-09-14T04:26:52+02:00,[60],[-117.342293]
2025-09-14T04:26:51+02:00,[60],[-117.342285]
2025-09-14T04:26:50+02:00,[60],[-117.342278]
2025-09-14T04:26:49+02:00,[60],[-117.34227]
2025-09-14T04:26:48+02:00,[60],[-117.342262]
2025-09-14T04:26:47+02:00,[60],[-117.342262]
2025-09-14T04:26:46+02:00,[60],[-117.342255]
2025-09-14T04:26:45+02:00,[60],[-117.342247]
2025-09-14T04:26:44+02:00,[60],[-117.342239]
2025-09-14T04:26:43+02:00,[60],[-117.342232]
2025-09-14T04:26:42+02:00,[60],[-117.342239]
2025-09-14T04:26:41+02:00,[60],[-117.342247]
2025-09-14T04:26:40+02:00,[60],[-117.342255]
2025-09-14T04:26:39+02:00,[60],[-117.34227]
2025-09-14T04:26:38+02:00,[60],[-117.342285]
2025-09-14T04:26:37+02:00,[60],[-117.342293]
2025-09-14T04:26:36+02:00,[60],[-117.342316]
2025-09-14T04:26:35+02:00,[60],[-117.342331]
2025-09-14T04:26:34+02:00,[60],[-117.342339]
2025-09-14T04:26:33+02:00,[60],[-117.342354]
2025-09-14T04:26:32+02:00,[60],[-117.342384]
2025-09-14T04:26:31+02:00,[60],[-117.342392]
2025-09-14T04:26:30+02:00,[60],[-117.342392]
2025-09-14T04:26:29+02:00,[60],[-117.342407]
2025-09-14T04:26:28+02:00,[60],[-117.342415]
2025-09-14T04:26:27+02:00,[60],[-117.342422]
2025-09-14T04:26:26+02:00,[60],[-117.34243]
2025-09-14T04:26:25+02:00,[60],[-117.342445]
2025-09-14T04:26:24+02:00,[60],[-117.342453]
2025-09-14T04:26:23+02:00,[60],[-117.342453]
2025-09-14T04:26:22+02:00,[60],[-117.342461]
2025-09-14T04:26:21+02:00,[60],[-117.342461]
2025-09-14T04:26:20+02:00,[60],[-117.342468]
2025-09-14T04:26:19+02:00,[60],[-117.342476]
2025-09-14T04:26:18+02:00,[60],[-117.342476]
2025-09-14T04:26:17+02:00,[60],[-117.342476]
2025-09-14T04:26:16+02:00,[60],[-117.342499]
2025-09-14T04:26:14+02:00,[60],[-117.342514]
2025-09-14T04:26:13+02:00,[60],[-117.342522]
2025-09-14T04:26:12+02:00,[60],[-117.342537]
2025-09-14T04:26:11+02:00,[60],[-117.342545]
2025-09-14T04:26:10+02:00,[60],[-117.342552]
2025-09-14T04:26:09+02:00,[60],[-117.342552]
2025-09-14T04:26:08+02:00,[60],[-117.34256]
2025-09-14T04:26:07+02:00,[60],[-117.34256]
2025-09-14T04:26:06+02:00,[60],[-117.342567]
2025-09-14T04:26:05+02:00,[60],[-117.342575]
2025-09-14T04:26:04+02:00,[60],[-117.342575]
2025-09-14T04:26:03+02:00,[60],[-117.342583]
2025-09-14T04:26:02+02:00,[60],[-117.342583]
2025-09-14T04:26:01+02:00,[60],[-117.342598]
2025-09-14T04:26:00+02:00,[60],[-117.342598]
2025-09-14T04:25:59+02:00,[60],[-117.342606]
2025-09-14T04:25:58+02:00,[60],[-117.342613]
2025-09-14T04:25:57+02:00,[60],[-117.342621]
2025-09-14T04:25:56+02:00,[60],[-117.342628]
2025-09-14T04:25:55+02:00,[60],[-117.342636]
2025-09-14T04:25:54+02:00,[60],[-117.342628]
2025-09-14T04:25:53+02:00,[60],[-117.342644]
2025-09-14T04:25:52+02:00,[60],[-117.342644]
2025-09-14T04:25:51+02:00,[60],[-117.342644]
2025-09-14T04:25:50+02:00,[60],[-117.342651]
2025-09-14T04:25:49+02:00,[60],[-117.342659]
2025-09-14T04:25:48+02:00,[60],[-117.342667]
2025-09-14T04:25:47+02:00,[60],[-117.342674]
2025-09-14T04:25:46+02:00,[60],[-117.342674]
2025-09-14T04:25:45+02:00,[60],[-117.342682]
2025-09-14T04:25:44+02:00,[60],[-117.34269]
2025-09-14T04:25:43+02:00,[60],[-117.34269]
2025-09-14T04:25:42+02:00,[60],[-117.342697]
2025-09-14T04:25:41+02:00,[60],[-117.342697]
2025-09-14T04:25:40+02:00,[60],[-117.342705]
2025-09-14T04:25:39+02:00,[60],[-117.342712]
2025-09-14T04:25:38+02:00,[60],[-117.34272]
2025-09-14T04:25:37+02:00,[60],[-117.34272]
2025-09-14T04:25:36+02:00,[60],[-117.342728]
2025-09-14T04:25:35+02:00,[60],[-117.342728]
2025-09-14T04:25:34+02:00,[60],[-117.342735]
2025-09-14T04:25:33+02:00,[60],[-117.342751]
2025-09-14T04:25:32+02:00,[60],[-117.342751]
2025-09-14T04:25:31+02:00,[60],[-117.342751]
2025-09-14T04:25:30+02:00,[60],[-117.342758]
2025-09-14T04:25:29+02:00,[60],[-117.342766]
2025-09-14T04:25:28+02:00,[60],[-117.342773]
2025-09-14T04:25:27+02:00,[60],[-117.342781]
2025-09-14T04:25:26+02:00,[60],[-117.342789]
2025-09-14T04:25:25+02:00,[60],[-117.342796]
2025-09-14T04:25:24+02:00,[60],[-117.342796]
2025-09-14T04:25:23+02:00,[60],[-117.342804]
2025-09-14T04:25:22+02:00,[60],[-117.342804]
2025-09-14T04:25:21+02:00,[60],[-117.342804]
2025-09-14T04:25:20+02:00,[60],[-117.342812]
2025-09-14T04:25:19+02:00,[60],[-117.342812]
2025-09-14T04:25:18+02:00,[60],[-117.342812]
2025-09-14T04:25:17+02:00,[60],[-117.342819]
2025-09-14T04:25:16+02:00,[60],[-117.342819]
2025-09-14T04:25:15+02:00,[60],[-117.342827]
2025-09-14T04:25:14+02:00,[60],[-117.342827]
2025-09-14T04:25:13+02:00,[60],[-117.342827]
2025-09-14T04:25:12+02:00,[60],[-117.342834]
2025-09-14T04:25:11+02:00,[60],[-117.342834]
2025-09-14T04:25:10+02:00,[60],[-117.342842]
2025-09-14T04:25:09+02:00,[60],[-117.342842]
2025-09-14T04:25:08+02:00,[60],[-117.342834]
2025-09-14T04:25:07+02:00,[60],[-117.342842]
2025-09-14T04:25:06+02:00,[60],[-117.342842]
2025-09-14T04:25:05+02:00,[60],[-117.34285]
2025-09-14T04:25:04+02:00,[60],[-117.342842]
2025-09-14T04:25:03+02:00,[60],[-117.342842]
2025-09-14T04:25:02+02:00,[60],[-117.342842]
2025-09-14T04:25:01+02:00,[60],[-117.342842]
2025-09-14T04:25:00+02:00,[60],[-117.342834]
2025-09-14T04:24:59+02:00,[60],[-117.342842]
2025-09-14T04:24:58+02:00,[60],[-117.342842]
2025-09-14T04:24:57+02:00,[60],[-117.342842]
2025-09-14T04:24:56+02:00,[60],[-117.342842]
2025-09-14T04:24:55+02:00,[60],[-117.342834]
2025-09-14T04:24:54+02:00,[60],[-117.342834]
2025-09-14T04:24:53+02:00,[60],[-117.342834]
2025-09-14T04:24:52+02:00,[60],[-117.342834]
2025-09-14T04:24:51+02:00,[60],[-117.342834]
2025-09-14T04:24:50+02:00,[60],[-117.342834]
2025-09-14T04:24:49+02:00,[60],[-117.342834]
2025-09-14T04:24:48+02:00,[60],[-117.342827]
2025-09-14T04:24:47+02:00,[60],[-117.342827]
2025-09-14T04:24:46+02:00,[60],[-117.342827]
2025-09-14T04:24:45+02:00,[60],[-117.342827]
2025-09-14T04:24:44+02:00,[60],[-117.342819]
2025-09-14T04:24:43+02:00,[60],[-117.342819]
2025-09-14T04:24:42+02:00,[60],[-117.342819]
2025-09-14T04:24:41+02:00,[60],[-117.342812]
2025-09-14T04:24:40+02:00,[60],[-117.342819]
2025-09-14T04:24:39+02:00,[60],[-117.342827]
2025-09-14T04:24:38+02:00,[60],[-117.342819]
2025-09-14T04:24:37+02:00,[60],[-117.342827]
2025-09-14T04:24:36+02:00,[60],[-117.342827]
2025-09-14T04:24:35+02:00,[60],[-117.342827]
2025-09-14T04:24:34+02:00,[60],[-117.342827]
2025-09-14T04:24:33+02:00,[60],[-117.342819]
2025-09-14T04:24:32+02:00,[60],[-117.342819]
2025-09-14T04:24:31+02:00,[60],[-117.342819]
2025-09-14T04:24:30+02:00,[60],[-117.342819]
2025-09-14T04:24:29+02:00,[60],[-117.342819]
2025-09-14T04:24:28+02:00,[60],[-117.342819]
2025-09-14T04:24:27+02:00,[60],[-117.342819]
2025-09-14T04:24:26+02:00,[60],[-117.342812]
2025-09-14T04:24:25+02:00,[60],[-117.342812]
2025-09-14T04:24:24+02:00,[60],[-117.342812]
2025-09-14T04:24:23+02:00,[60],[-117.342812]
2025-09-14T04:24:22+02:00,[60],[-117.342812]
2025-09-14T04:24:21+02:00,[60],[-117.342812]
2025-09-14T04:24:20+02:00,[60],[-117.342804]
2025-09-14T04:24:19+02:00,[60],[-117.342812]
2025-09-14T04:24:18+02:00,[60],[-117.342819]
2025-09-14T04:24:17+02:00,[60],[-117.342812]
2025-09-14T04:24:16+02:00,[60],[-117.342796]
2025-09-14T04:24:15+02:00,[60],[-117.342781]
2025-09-14T04:24:14+02:00,[60],[-117.342766]
2025-09-14T04:24:13+02:00,[60],[-117.342751]
2025-09-14T04:24:12+02:00,[60],[-117.342735]
2025-09-14T04:24:11+02:00,[60],[-117.342728]
2025-09-14T04:24:10+02:00,[60],[-117.34272]
2025-09-14T04:24:09+02:00,[60],[-117.342705]
2025-09-14T04:24:08+02:00,[60],[-117.34269]
2025-09-14T04:24:07+02:00,[60],[-117.342674]
2025-09-14T04:24:06+02:00,[60],[-117.342667]
2025-09-14T04:24:05+02:00,[60],[-117.342659]
2025-09-14T04:24:04+02:00,[60],[-117.342651]
2025-09-14T04:24:03+02:00,[60],[-117.342651]
2025-09-14T04:24:02+02:00,[60],[-117.342644]
2025-09-14T04:24:01+02:00,[60],[-117.342644]
2025-09-14T04:24:00+02:00,[60],[-117.342644]
2025-09-14T04:23:59+02:00,[60],[-117.342644]
2025-09-14T04:23:58+02:00,[60],[-117.342644]
2025-09-14T04:23:57+02:00,[60],[-117.342636]
2025-09-14T04:23:56+02:00,[60],[-117.342636]
2025-09-14T04:23:55+02:00,[60],[-117.342628]
2025-09-14T04:23:54+02:00,[60],[-117.342621]
2025-09-14T04:23:53+02:00,[60],[-117.342628]
2025-09-14T04:23:52+02:00,[60],[-117.342621]
2025-09-14T04:23:51+02:00,[60],[-117.342613]
2025-09-14T04:23:50+02:00,[60],[-117.342598]
2025-09-14T04:23:49+02:00,[60],[-117.342583]
2025-09-14T04:23:48+02:00,[60],[-117.342575]
2025-09-14T04:23:47+02:00,[60],[-117.34256]
2025-09-14T04:23:46+02:00,[60],[-117.342552]
2025-09-14T04:23:45+02:00,[60],[-117.342537]
2025-09-14T04:23:44+02:00,[60],[-117.342522]
2025-09-14T04:23:43+02:00,[60],[-117.342514]
2025-09-14T04:23:42+02:00,[60],[-117.342499]
2025-09-14T04:23:41+02:00,[60],[-117.342484]
2025-09-14T04:23:40+02:00,[60],[-117.342468]
2025-09-14T04:23:39+02:00,[60],[-117.342445]
2025-09-14T04:23:38+02:00,[60],[-117.342438]
2025-09-14T04:23:37+02:00,[60],[-117.342422]
2025-09-14T04:23:36+02:00,[60],[-117.342415]
2025-09-14T04:23:35+02:00,[60],[-117.3424]
2025-09-14T04:23:34+02:00,[60],[-117.342384]
2025-09-14T04:23:33+02:00,[60],[-117.342369]
2025-09-14T04:23:32+02:00,[60],[-117.342354]
2025-09-14T04:23:31+02:00,[60],[-117.342354]
2025-09-14T04:23:30+02:00,[60],[-117.342331]
2025-09-14T04:23:29+02:00,[60],[-117.342316]
2025-09-14T04:23:28+02:00,[60],[-117.3423]
2025-09-14T04:23:27+02:00,[60],[-117.342293]
2025-09-14T04:23:26+02:00,[60],[-117.342285]
2025-09-14T04:23:25+02:00,[60],[-117.34227]
2025-09-14T04:23:24+02:00,[60],[-117.342255]
2025-09-14T04:23:23+02:00,[60],[-117.342239]
2025-09-14T04:23:22+02:00,[60],[-117.342224]
2025-09-14T04:23:21+02:00,[60],[-117.342201]
2025-09-14T04:23:20+02:00,[60],[-117.342194]
2025-09-14T04:23:19+02:00,[60],[-117.342178]
2025-09-14T04:23:18+02:00,[60],[-117.342163]
2025-09-14T04:23:17+02:00,[60],[-117.342148]
2025-09-14T04:23:16+02:00,[60],[-117.342133]
2025-09-14T04:23:15+02:00,[60],[-117.342117]
2025-09-14T04:23:14+02:00,[60],[-117.342102]
2025-09-14T04:23:13+02:00,[60],[-117.342087]
2025-09-14T04:23:12+02:00,[60],[-117.342072]
2025-09-14T04:23:11+02:00,[60],[-117.342056]
2025-09-14T04:23:10+02:00,[60],[-117.342041]
2025-09-14T04:23:09+02:00,[60],[-117.342026]
2025-09-14T04:23:08+02:00,[60],[-117.34201]
2025-09-14T04:23:07+02:00,[60],[-117.341995]
2025-09-14T04:23:06+02:00,[60],[-117.341988]
2025-09-14T04:23:05+02:00,[60],[-117.34198]
2025-09-14T04:23:04+02:00,[60],[-117.341965]
2025-09-14T04:23:03+02:00,[60],[-117.341957]
2025-09-14T04:23:02+02:00,[60],[-117.341949]
2025-09-14T04:23:01+02:00,[60],[-117.341942]
2025-09-14T04:23:00+02:00,[60],[-117.341927]
2025-09-14T04:22:59+02:00,[60],[-117.341919]
2025-09-14T04:22:58+02:00,[60],[-117.341904]
2025-09-14T04:22:57+02:00,[60],[-117.341888]
2025-09-14T04:22:56+02:00,[60],[-117.341873]
2025-09-14T04:22:55+02:00,[60],[-117.341858]
2025-09-14T04:22:54+02:00,[60],[-117.34185]
2025-09-14T04:22:53+02:00,[60],[-117.341835]
2025-09-14T04:22:52+02:00,[60],[-117.34182]
2025-09-14T04:22:51+02:00,[60],[-117.341805]
2025-09-14T04:22:50+02:00,[60],[-117.341797]
2025-09-14T04:22:49+02:00,[60],[-117.341782]
2025-09-14T04:22:48+02:00,[60],[-117.341766]
2025-09-14T04:22:47+02:00,[60],[-117.341751]
2025-09-14T04:22:46+02:00,[60],[-117.341736]
2025-09-14T04:22:45+02:00,[60],[-117.341721]
2025-09-14T04:22:44+02:00,[60],[-117.341705]
2025-09-14T04:22:43+02:00,[60],[-117.34169]
2025-09-14T04:22:42+02:00,[60],[-117.341675]
2025-09-14T04:22:41+02:00,[60],[-117.34166]
2025-09-14T04:22:40+02:00,[60],[-117.341652]
2025-09-14T04:22:39+02:00,[60],[-117.341637]
2025-09-14T04:22:38+02:00,[60],[-117.341621]
2025-09-14T04:22:37+02:00,[60],[-117.341606]
2025-09-14T04:22:36+02:00,[60],[-117.341591]
2025-09-14T04:22:35+02:00,[60],[-117.341583]
2025-09-14T04:22:34+02:00,[60],[-117.341568]
2025-09-14T04:22:33+02:00,[60],[-117.341545]
2025-09-14T04:22:32+02:00,[60],[-117.341537]
2025-09-14T04:22:31+02:00,[60],[-117.341515]
2025-09-14T04:22:30+02:00,[60],[-117.341499]
2025-09-14T04:22:29+02:00,[60],[-117.341484]
2025-09-14T04:22:28+02:00,[60],[-117.341469]
2025-09-14T04:22:27+02:00,[60],[-117.341461]
2025-09-14T04:22:26+02:00,[60],[-117.341454]
2025-09-14T04:22:25+02:00,[60],[-117.341438]
2025-09-14T04:22:24+02:00,[60],[-117.341423]
2025-09-14T04:22:23+02:00,[60],[-117.341408]
2025-09-14T04:22:22+02:00,[60],[-117.341393]
2025-09-14T04:22:21+02:00,[60],[-117.341385]
2025-09-14T04:22:20+02:00,[60],[-117.34137]
2025-09-14T04:22:19+02:00,[60],[-117.341354]
2025-09-14T04:22:18+02:00,[60],[-117.341339]
2025-09-14T04:22:17+02:00,[60],[-117.341331]
2025-09-14T04:22:16+02:00,[60],[-117.341316]
2025-09-14T04:22:15+02:00,[60],[-117.341309]
2025-09-14T04:22:14+02:00,[60],[-117.341301]
2025-09-14T04:22:13+02:00,[60],[-117.341278]
2025-09-14T04:22:12+02:00,[60],[-117.341263]
2025-09-14T04:22:11+02:00,[60],[-117.341255]
2025-09-14T04:22:10+02:00,[60],[-117.341232]
2025-09-14T04:22:09+02:00,[60],[-117.341217]
2025-09-14T04:22:08+02:00,[60],[-117.341209]
2025-09-14T04:22:07+02:00,[60],[-117.341194]
2025-09-14T04:22:06+02:00,[60],[-117.341179]
2025-09-14T04:22:05+02:00,[60],[-117.341164]
2025-09-14T04:22:04+02:00,[60],[-117.341156]
2025-09-14T04:22:03+02:00,[60],[-117.341141]
2025-09-14T04:22:02+02:00,[60],[-117.341133]
2025-09-14T04:22:01+02:00,[60],[-117.34111]
2025-09-14T04:22:00+02:00,[60],[-117.341103]
2025-09-14T04:21:59+02:00,[60],[-117.34108]
2025-09-14T04:21:58+02:00,[60],[-117.341072]
2025-09-14T04:21:57+02:00,[60],[-117.341057]
2025-09-14T04:21:56+02:00,[60],[-117.341049]
2025-09-14T04:21:55+02:00,[60],[-117.341034]
2025-09-14T04:21:54+02:00,[60],[-117.341026]
2025-09-14T04:21:53+02:00,[60],[-117.341011]
2025-09-14T04:21:52+02:00,[60],[-117.340996]
2025-09-14T04:21:51+02:00,[60],[-117.340981]
2025-09-14T04:21:50+02:00,[60],[-117.340973]
2025-09-14T04:21:49+02:00,[60],[-117.340958]
2025-09-14T04:21:48+02:00,[60],[-117.340942]
2025-09-14T04:21:47+02:00,[60],[-117.340935]
2025-09-14T04:21:46+02:00,[60],[-117.340927]
2025-09-14T04:21:45+02:00,[60],[-117.340912]
2025-09-14T04:21:44+02:00,[60],[-117.340897]
2025-09-14T04:21:43+02:00,[60],[-117.340889]
2025-09-14T04:21:42+02:00,[60],[-117.340874]
2025-09-14T04:21:41+02:00,[60],[-117.340866]
2025-09-14T04:21:40+02:00,[60],[-117.340851]
2025-09-14T04:21:39+02:00,[60],[-117.340843]
2025-09-14T04:21:38+02:00,[60],[-117.340828]
2025-09-14T04:21:37+02:00,[60],[-117.340813]
2025-09-14T04:21:36+02:00,[60],[-117.340813]
2025-09-14T04:21:35+02:00,[60],[-117.340797]
2025-09-14T04:21:34+02:00,[60],[-117.34079]
2025-09-14T04:21:33+02:00,[60],[-117.340775]
2025-09-14T04:21:32+02:00,[60],[-117.340759]
2025-09-14T04:21:31+02:00,[60],[-117.340752]
2025-09-14T04:21:30+02:00,[60],[-117.340736]
2025-09-14T04:21:29+02:00,[60],[-117.340714]
2025-09-14T04:21:28+02:00,[60],[-117.340706]
2025-09-14T04:21:27+02:00,[60],[-117.340691]
2025-09-14T04:21:26+02:00,[60],[-117.340675]
2025-09-14T04:21:25+02:00,[60],[-117.340668]
2025-09-14T04:21:24+02:00,[60],[-117.34066]
2025-09-14T04:21:23+02:00,[60],[-117.340645]
2025-09-14T04:21:22+02:00,[60],[-117.34063]
2025-09-14T04:21:21+02:00,[60],[-117.340622]
2025-09-14T04:21:20+02:00,[60],[-117.340607]
2025-09-14T04:21:19+02:00,[60],[-117.340591]
2025-09-14T04:21:18+02:00,[60],[-117.340576]
2025-09-14T04:21:17+02:00,[60],[-117.340569]
2025-09-14T04:21:16+02:00,[60],[-117.340553]
2025-09-14T04:21:15+02:00,[60],[-117.340538]
2025-09-14T04:21:14+02:00,[60],[-117.34053]
2025-09-14T04:21:13+02:00,[60],[-117.340515]
2025-09-14T04:21:12+02:00,[60],[-117.3405]
2025-09-14T04:21:11+02:00,[60],[-117.340485]
2025-09-14T04:21:10+02:00,[60],[-117.340469]
2025-09-14T04:21:09+02:00,[60],[-117.340454]
2025-09-14T04:21:08+02:00,[60],[-117.340446]
2025-09-14T04:21:07+02:00,[60],[-117.340431]
2025-09-14T04:21:06+02:00,[60],[-117.340408]
2025-09-14T04:21:05+02:00,[60],[-117.340401]
2025-09-14T04:21:04+02:00,[60],[-117.340393]
2025-09-14T04:21:03+02:00,[60],[-117.340378]
2025-09-14T04:21:02+02:00,[60],[-117.34037]
2025-09-14T04:21:01+02:00,[60],[-117.340355]
2025-09-14T04:21:00+02:00,[60],[-117.340347]
2025-09-14T04:20:59+02:00,[60],[-117.340332]
2025-09-14T04:20:58+02:00,[60],[-117.340324]
2025-09-14T04:20:57+02:00,[60],[-117.340309]
2025-09-14T04:20:56+02:00,[60],[-117.340302]
2025-09-14T04:20:55+02:00,[60],[-117.340286]
2025-09-14T04:20:54+02:00,[60],[-117.340271]
2025-09-14T04:20:53+02:00,[60],[-117.340263]
2025-09-14T04:20:52+02:00,[60],[-117.34024]
2025-09-14T04:20:51+02:00,[60],[-117.340225]
2025-09-14T04:20:50+02:00,[60],[-117.340218]
2025-09-14T04:20:49+02:00,[60],[-117.340202]
2025-09-14T04:20:48+02:00,[60],[-117.340195]
2025-09-14T04:20:47+02:00,[60],[-117.340179]
2025-09-14T04:20:46+02:00,[60],[-117.340164]
2025-09-14T04:20:45+02:00,[60],[-117.340149]
2025-09-14T04:20:44+02:00,[60],[-117.340141]
2025-09-14T04:20:43+02:00,[60],[-117.340126]
2025-09-14T04:20:42+02:00,[60],[-117.340118]
2025-09-14T04:20:41+02:00,[60],[-117.340103]
2025-09-14T04:20:40+02:00,[60],[-117.340088]
2025-09-14T04:20:39+02:00,[60],[-117.340065]
2025-09-14T04:20:38+02:00,[60],[-117.340057]
2025-09-14T04:20:37+02:00,[60],[-117.34005]
2025-09-14T04:20:36+02:00,[60],[-117.340027]
2025-09-14T04:20:35+02:00,[60],[-117.340019]
2025-09-14T04:20:34+02:00,[60],[-117.340004]
2025-09-14T04:20:33+02:00,[60],[-117.339996]
2025-09-14T04:20:32+02:00,[60],[-117.339981]
2025-09-14T04:20:31+02:00,[60],[-117.339973]
2025-09-14T04:20:30+02:00,[60],[-117.339958]
2025-09-14T04:20:29+02:00,[60],[-117.339943]
2025-09-14T04:20:28+02:00,[60],[-117.339935]
2025-09-14T04:20:27+02:00,[60],[-117.339928]
2025-09-14T04:20:26+02:00,[60],[-117.339912]
2025-09-14T04:20:25+02:00,[60],[-117.339897]
2025-09-14T04:20:24+02:00,[60],[-117.33989]
2025-09-14T04:20:23+02:00,[60],[-117.339874]
2025-09-14T04:20:22+02:00,[60],[-117.339859]
2025-09-14T04:20:21+02:00,[60],[-117.339851]
2025-09-14T04:20:20+02:00,[60],[-117.339844]
2025-09-14T04:20:19+02:00,[60],[-117.339836]
2025-09-14T04:20:18+02:00,[60],[-117.339821]
2025-09-14T04:20:17+02:00,[60],[-117.339806]
2025-09-14T04:20:16+02:00,[60],[-117.33979]
2025-09-14T04:20:15+02:00,[60],[-117.33979]
2025-09-14T04:20:14+02:00,[60],[-117.339775]
2025-09-14T04:20:13+02:00,[60],[-117.339767]
2025-09-14T04:20:12+02:00,[60],[-117.339752]
2025-09-14T04:20:11+02:00,[60],[-117.339737]
2025-09-14T04:20:10+02:00,[60],[-117.339722]
2025-09-14T04:20:09+02:00,[60],[-117.339706]
2025-09-14T04:20:08+02:00,[60],[-117.339691]
2025-09-14T04:20:07+02:00,[60],[-117.339684]
2025-09-14T04:20:06+02:00,[60],[-117.339668]
2025-09-14T04:20:05+02:00,[60],[-117.339653]
2025-09-14T04:20:04+02:00,[60],[-117.339645]
2025-09-14T04:20:03+02:00,[60],[-117.33963]
2025-09-14T04:20:02+02:00,[60],[-117.339615]
2025-09-14T04:20:01+02:00,[60],[-117.339607]
2025-09-14T04:20:00+02:00,[60],[-117.339592]
2025-09-14T04:19:59+02:00,[60],[-117.339577]
2025-09-14T04:19:58+02:00,[60],[-117.339554]
2025-09-14T04:19:57+02:00,[60],[-117.339539]
2025-09-14T04:19:56+02:00,[60],[-117.339531]
2025-09-14T04:19:55+02:00,[60],[-117.339516]
2025-09-14T04:19:54+02:00,[60],[-117.339508]
2025-09-14T04:19:53+02:00,[60],[-117.339493]
2025-09-14T04:19:52+02:00,[60],[-117.339478]
2025-09-14T04:19:51+02:00,[60],[-117.339462]
2025-09-14T04:19:50+02:00,[60],[-117.339447]
2025-09-14T04:19:49+02:00,[60],[-117.339432]
2025-09-14T04:19:48+02:00,[60],[-117.339417]
2025-09-14T04:19:47+02:00,[60],[-117.339409]
2025-09-14T04:19:46+02:00,[60],[-117.339394]
2025-09-14T04:19:45+02:00,[60],[-117.339378]
2025-09-14T04:19:44+02:00,[60],[-117.339363]
2025-09-14T04:19:43+02:00,[60],[-117.339348]
2025-09-14T04:19:42+02:00,[60],[-117.33934]
2025-09-14T04:19:41+02:00,[60],[-117.339325]
2025-09-14T04:19:40+02:00,[60],[-117.33931]
2025-09-14T04:19:39+02:00,[60],[-117.339294]
2025-09-14T04:19:38+02:00,[60],[-117.339287]
2025-09-14T04:19:37+02:00,[60],[-117.339272]
2025-09-14T04:19:36+02:00,[60],[-117.339256]
2025-09-14T04:19:35+02:00,[60],[-117.339249]
2025-09-14T04:19:34+02:00,[60],[-117.339233]
2025-09-14T04:19:33+02:00,[60],[-117.339218]
2025-09-14T04:19:32+02:00,[60],[-117.339203]
2025-09-14T04:19:31+02:00,[60],[-117.339188]
2025-09-14T04:19:30+02:00,[60],[-117.339172]
2025-09-14T04:19:29+02:00,[60],[-117.339157]
2025-09-14T04:19:28+02:00,[60],[-117.339142]
2025-09-14T04:19:27+02:00,[60],[-117.339134]
2025-09-14T04:19:26+02:00,[60],[-117.339119]
2025-09-14T04:19:25+02:00,[60],[-117.339104]
2025-09-14T04:19:24+02:00,[60],[-117.339096]
2025-09-14T04:19:23+02:00,[60],[-117.339081]
2025-09-14T04:19:22+02:00,[60],[-117.339066]
2025-09-14T04:19:21+02:00,[60],[-117.33905]
2025-09-14T04:19:20+02:00,[60],[-117.339043]
2025-09-14T04:19:19+02:00,[60],[-117.339027]
2025-09-14T04:19:18+02:00,[60],[-117.339012]
2025-09-14T04:19:17+02:00,[60],[-117.338997]
2025-09-14T04:19:16+02:00,[60],[-117.338982]
2025-09-14T04:19:15+02:00,[60],[-117.338974]
2025-09-14T04:19:14+02:00,[60],[-117.338959]
2025-09-14T04:19:13+02:00,[60],[-117.338943]
2025-09-14T04:19:12+02:00,[60],[-117.338936]
2025-09-14T04:19:11+02:00,[60],[-117.338921]
2025-09-14T04:19:10+02:00,[60],[-117.338905]
2025-09-14T04:19:09+02:00,[60],[-117.338898]
2025-09-14T04:19:08+02:00,[60],[-117.338882]
2025-09-14T04:19:07+02:00,[60],[-117.338867]
2025-09-14T04:19:06+02:00,[60],[-117.33886]
2025-09-14T04:19:05+02:00,[60],[-117.338844]
2025-09-14T04:19:04+02:00,[60],[-117.338829]
2025-09-14T04:19:03+02:00,[60],[-117.338821]
2025-09-14T04:19:02+02:00,[60],[-117.338806]
2025-09-14T04:19:01+02:00,[60],[-117.338791]
2025-09-14T04:19:00+02:00,[60],[-117.338776]
2025-09-14T04:18:59+02:00,[60],[-117.338768]
2025-09-14T04:18:58+02:00,[60],[-117.338753]
2025-09-14T04:18:57+02:00,[60],[-117.338737]
2025-09-14T04:18:56+02:00,[60],[-117.33873]
2025-09-14T04:18:55+02:00,[60],[-117.338722]
2025-09-14T04:18:54+02:00,[60],[-117.338707]
2025-09-14T04:18:53+02:00,[60],[-117.338692]
2025-09-14T04:18:52+02:00,[60],[-117.338676]
2025-09-14T04:18:51+02:00,[60],[-117.338661]
2025-09-14T04:18:50+02:00,[60],[-117.338646]
2025-09-14T04:18:49+02:00,[60],[-117.338638]
2025-09-14T04:18:48+02:00,[60],[-117.338623]
2025-09-14T04:18:47+02:00,[60],[-117.338608]
2025-09-14T04:18:46+02:00,[60],[-117.338593]
2025-09-14T04:18:45+02:00,[60],[-117.338585]
2025-09-14T04:18:44+02:00,[60],[-117.33857]
2025-09-14T04:18:43+02:00,[60],[-117.338554]
2025-09-14T04:18:42+02:00,[60],[-117.338539]
2025-09-14T04:18:41+02:00,[60],[-117.338531]
2025-09-14T04:18:40+02:00,[60],[-117.338516]
2025-09-14T04:18:39+02:00,[60],[-117.338501]
2025-09-14T04:18:38+02:00,[60],[-117.338493]
2025-09-14T04:18:37+02:00,[60],[-117.338486]
2025-09-14T04:18:36+02:00,[60],[-117.33847]
2025-09-14T04:18:35+02:00,[60],[-117.338455]
2025-09-14T04:18:34+02:00,[60],[-117.33844]
2025-09-14T04:18:33+02:00,[60],[-117.338425]
2025-09-14T04:18:32+02:00,[60],[-117.338417]
2025-09-14T04:18:31+02:00,[60],[-117.338402]
2025-09-14T04:18:30+02:00,[60],[-117.338387]
2025-09-14T04:18:29+02:00,[60],[-117.338371]
2025-09-14T04:18:28+02:00,[60],[-117.338364]
2025-09-14T04:18:27+02:00,[60],[-117.338341]
2025-09-14T04:18:26+02:00,[60],[-117.338333]
2025-09-14T04:18:25+02:00,[60],[-117.338326]
2025-09-14T04:18:24+02:00,[60],[-117.33831]
2025-09-14T04:18:23+02:00,[60],[-117.338295]
2025-09-14T04:18:22+02:00,[60],[-117.338287]
2025-09-14T04:18:21+02:00,[60],[-117.338264]
2025-09-14T04:18:20+02:00,[60],[-117.338257]
2025-09-14T04:18:19+02:00,[60],[-117.338242]
2025-09-14T04:18:18+02:00,[60],[-117.338226]
2025-09-14T04:18:17+02:00,[60],[-117.338203]
2025-09-14T04:18:16+02:00,[60],[-117.338196]
2025-09-14T04:18:15+02:00,[60],[-117.338173]
2025-09-14T04:18:14+02:00,[60],[-117.338165]
2025-09-14T04:18:13+02:00,[60],[-117.338158]
2025-09-14T04:18:12+02:00,[60],[-117.338142]
2025-09-14T04:18:11+02:00,[60],[-117.338127]
2025-09-14T04:18:10+02:00,[60],[-117.33812]
2025-09-14T04:18:09+02:00,[60],[-117.338104]
2025-09-14T04:18:08+02:00,[60],[-117.338089]
2025-09-14T04:18:07+02:00,[60],[-117.338074]
2025-09-14T04:18:06+02:00,[60],[-117.338058]
2025-09-14T04:18:05+02:00,[60],[-117.338051]
2025-09-14T04:18:04+02:00,[60],[-117.338036]
2025-09-14T04:18:03+02:00,[60],[-117.33802]
2025-09-14T04:18:02+02:00,[60],[-117.338005]
2025-09-14T04:18:01+02:00,[60],[-117.33799]
2025-09-14T04:18:00+02:00,[60],[-117.337975]
2025-09-14T04:17:59+02:00,[60],[-117.337952]
2025-09-14T04:17:58+02:00,[60],[-117.337944]
2025-09-14T04:17:57+02:00,[60],[-117.337929]
2025-09-14T04:17:56+02:00,[60],[-117.337914]
2025-09-14T04:17:55+02:00,[60],[-117.337906]
2025-09-14T04:17:54+02:00,[60],[-117.337891]
2025-09-14T04:17:53+02:00,[60],[-117.337875]
2025-09-14T04:17:52+02:00,[60],[-117.33786]
2025-09-14T04:17:51+02:00,[60],[-117.337852]
2025-09-14T04:17:50+02:00,[60],[-117.337837]
2025-09-14T04:17:49+02:00,[60],[-117.337822]
2025-09-14T04:17:48+02:00,[60],[-117.337822]
2025-09-14T04:17:47+02:00,[60],[-117.337807]
2025-09-14T04:17:46+02:00,[60],[-117.337799]
2025-09-14T04:17:45+02:00,[60],[-117.337784]
2025-09-14T04:17:44+02:00,[60],[-117.337776]
2025-09-14T04:17:43+02:00,[60],[-117.337761]
2025-09-14T04:17:42+02:00,[60],[-117.337753]
2025-09-14T04:17:41+02:00,[60],[-117.337738]
2025-09-14T04:17:40+02:00,[60],[-117.337723]
2025-09-14T04:17:39+02:00,[60],[-117.337708]
2025-09-14T04:17:38+02:00,[60],[-117.337708]
2025-09-14T04:17:37+02:00,[60],[-117.337692]
2025-09-14T04:17:36+02:00,[60],[-117.337677]
2025-09-14T04:17:35+02:00,[60],[-117.337662]
2025-09-14T04:17:34+02:00,[60],[-117.337646]
2025-09-14T04:17:33+02:00,[60],[-117.337639]
2025-09-14T04:17:32+02:00,[60],[-117.337616]
2025-09-14T04:17:31+02:00,[60],[-117.337608]
2025-09-14T04:17:30+02:00,[60],[-117.337585]
2025-09-14T04:17:29+02:00,[60],[-117.337563]
2025-09-14T04:17:28+02:00,[60],[-117.337555]
2025-09-14T04:17:27+02:00,[60],[-117.33754]
2025-09-14T04:17:26+02:00,[60],[-117.337524]
2025-09-14T04:17:25+02:00,[60],[-117.337509]
2025-09-14T04:17:24+02:00,[60],[-117.337494]
2025-09-14T04:17:23+02:00,[60],[-117.337479]
2025-09-14T04:17:22+02:00,[60],[-117.337471]
2025-09-14T04:17:21+02:00,[60],[-117.337463]
2025-09-14T04:17:20+02:00,[60],[-117.337448]
2025-09-14T04:17:19+02:00,[60],[-117.337425]
2025-09-14T04:17:18+02:00,[60],[-117.337418]
2025-09-14T04:17:17+02:00,[60],[-117.337402]
2025-09-14T04:17:16+02:00,[60],[-117.337395]
2025-09-14T04:17:15+02:00,[60],[-117.337379]
2025-09-14T04:17:14+02:00,[60],[-117.337364]
2025-09-14T04:17:13+02:00,[60],[-117.337357]
2025-09-14T04:17:12+02:00,[60],[-117.337341]
2025-09-14T04:17:11+02:00,[60],[-117.337334]
2025-09-14T04:17:10+02:00,[60],[-117.337318]
2025-09-14T04:17:09+02:00,[60],[-117.337311]
2025-09-14T04:17:08+02:00,[60],[-117.337296]
2025-09-14T04:17:07+02:00,[60],[-117.337296]
2025-09-14T04:17:06+02:00,[60],[-117.33728]
2025-09-14T04:17:05+02:00,[60],[-117.337265]
2025-09-14T04:17:04+02:00,[60],[-117.337257]
2025-09-14T04:17:03+02:00,[60],[-117.337242]
2025-09-14T04:17:02+02:00,[60],[-117.337234]
2025-09-14T04:17:01+02:00,[60],[-117.337227]
2025-09-14T04:17:00+02:00,[60],[-117.337212]
2025-09-14T04:16:59+02:00,[60],[-117.337204]
2025-09-14T04:16:58+02:00,[60],[-117.337189]
2025-09-14T04:16:57+02:00,[60],[-117.337181]
2025-09-14T04:16:56+02:00,[60],[-117.337166]
2025-09-14T04:16:55+02:00,[60],[-117.337151]
2025-09-14T04:16:54+02:00,[60],[-117.337143]
2025-09-14T04:16:53+02:00,[60],[-117.337135]
2025-09-14T04:16:52+02:00,[60],[-117.337112]
2025-09-14T04:16:51+02:00,[60],[-117.337097]
2025-09-14T04:16:50+02:00,[60],[-117.33709]
2025-09-14T04:16:49+02:00,[60],[-117.337082]
2025-09-14T04:16:48+02:00,[60],[-117.337074]
2025-09-14T04:16:47+02:00,[60],[-117.337059]
2025-09-14T04:16:46+02:00,[60],[-117.337051]
2025-09-14T04:16:45+02:00,[60],[-117.337044]
2025-09-14T04:16:44+02:00,[60],[-117.337029]
2025-09-14T04:16:43+02:00,[60],[-117.337021]
2025-09-14T04:16:42+02:00,[60],[-117.337006]
2025-09-14T04:16:41+02:00,[60],[-117.33699]
2025-09-14T04:16:40+02:00,[60],[-117.336975]
2025-09-14T04:16:39+02:00,[60],[-117.336967]
2025-09-14T04:16:38+02:00,[60],[-117.336952]
2025-09-14T04:16:37+02:00,[60],[-117.336945]
2025-09-14T04:16:36+02:00,[60],[-117.336937]
2025-09-14T04:16:35+02:00,[60],[-117.336922]
2025-09-14T04:16:34+02:00,[60],[-117.336914]
2025-09-14T04:16:33+02:00,[60],[-117.336899]
2025-09-14T04:16:32+02:00,[60],[-117.336891]
2025-09-14T04:16:31+02:00,[60],[-117.336876]
2025-09-14T04:16:30+02:00,[60],[-117.336868]
2025-09-14T04:16:29+02:00,[60],[-117.336861]
2025-09-14T04:16:28+02:00,[60],[-117.336853]
2025-09-14T04:16:27+02:00,[60],[-117.336838]
2025-09-14T04:16:26+02:00,[60],[-117.336838]
2025-09-14T04:16:25+02:00,[60],[-117.336823]
2025-09-14T04:16:24+02:00,[60],[-117.336807]
2025-09-14T04:16:23+02:00,[60],[-117.3368]
2025-09-14T04:16:22+02:00,[60],[-117.336784]
2025-09-14T04:16:21+02:00,[60],[-117.336769]
2025-09-14T04:16:20+02:00,[60],[-117.336761]
2025-09-14T04:16:19+02:00,[60],[-117.336746]
2025-09-14T04:16:18+02:00,[60],[-117.336739]
2025-09-14T04:16:17+02:00,[60],[-117.336731]
2025-09-14T04:16:16+02:00,[60],[-117.336723]
2025-09-14T04:16:15+02:00,[60],[-117.336708]
2025-09-14T04:16:14+02:00,[60],[-117.336693]
2025-09-14T04:16:13+02:00,[60],[-117.336678]
2025-09-14T04:16:12+02:00,[60],[-117.33667]
2025-09-14T04:16:11+02:00,[60],[-117.336655]
2025-09-14T04:16:10+02:00,[60],[-117.336632]
2025-09-14T04:16:09+02:00,[60],[-117.336617]
2025-09-14T04:16:08+02:00,[60],[-117.336609]
2025-09-14T04:16:07+02:00,[60],[-117.336601]
2025-09-14T04:16:06+02:00,[60],[-117.336586]
2025-09-14T04:16:05+02:00,[60],[-117.336563]
2025-09-14T04:16:04+02:00,[60],[-117.336555]
2025-09-14T04:16:03+02:00,[60],[-117.33654]
2025-09-14T04:16:02+02:00,[60],[-117.336533]
2025-09-14T04:16:01+02:00,[60],[-117.336517]
2025-09-14T04:16:00+02:00,[60],[-117.336502]
2025-09-14T04:15:59+02:00,[60],[-117.336487]
2025-09-14T04:15:58+02:00,[60],[-117.336479]
2025-09-14T04:15:57+02:00,[60],[-117.336464]
2025-09-14T04:15:56+02:00,[60],[-117.336456]
2025-09-14T04:15:55+02:00,[60],[-117.336441]
2025-09-14T04:15:54+02:00,[60],[-117.336426]
2025-09-14T04:15:53+02:00,[60],[-117.336418]
2025-09-14T04:15:52+02:00,[60],[-117.336403]
2025-09-14T04:15:51+02:00,[60],[-117.336388]
2025-09-14T04:15:50+02:00,[60],[-117.33638]
2025-09-14T04:15:49+02:00,[60],[-117.336365]
2025-09-14T04:15:48+02:00,[60],[-117.336357]
2025-09-14T04:15:47+02:00,[60],[-117.336342]
2025-09-14T04:15:46+02:00,[60],[-117.336334]
2025-09-14T04:15:45+02:00,[60],[-117.336319]
2025-09-14T04:15:44+02:00,[60],[-117.336311]
2025-09-14T04:15:43+02:00,[60],[-117.336296]
2025-09-14T04:15:42+02:00,[60],[-117.336281]
2025-09-14T04:15:41+02:00,[60],[-117.336273]
2025-09-14T04:15:40+02:00,[60],[-117.336258]
2025-09-14T04:15:39+02:00,[60],[-117.336243]
2025-09-14T04:15:38+02:00,[60],[-117.336235]
2025-09-14T04:15:37+02:00,[60],[-117.336227]
2025-09-14T04:15:36+02:00,[60],[-117.336212]
2025-09-14T04:15:35+02:00,[60],[-117.336197]
2025-09-14T04:15:34+02:00,[60],[-117.336182]
2025-09-14T04:15:33+02:00,[60],[-117.336174]
2025-09-14T04:15:32+02:00,[60],[-117.336159]
2025-09-14T04:15:31+02:00,[60],[-117.336143]
2025-09-14T04:15:30+02:00,[60],[-117.336136]
2025-09-14T04:15:29+02:00,[60],[-117.336121]
2025-09-14T04:15:28+02:00,[60],[-117.336113]
2025-09-14T04:15:27+02:00,[60],[-117.336105]
2025-09-14T04:15:26+02:00,[60],[-117.33609]
2025-09-14T04:15:25+02:00,[60],[-117.336082]
2025-09-14T04:15:24+02:00,[60],[-117.336067]
2025-09-14T04:15:23+02:00,[60],[-117.336052]
2025-09-14T04:15:22+02:00,[60],[-117.336044]
2025-09-14T04:15:21+02:00,[60],[-117.336029]
2025-09-14T04:15:20+02:00,[60],[-117.336014]
2025-09-14T04:15:19+02:00,[60],[-117.335999]
2025-09-14T04:15:18+02:00,[60],[-117.335983]
2025-09-14T04:15:17+02:00,[60],[-117.335976]
2025-09-14T04:15:16+02:00,[60],[-117.33596]
2025-09-14T04:15:15+02:00,[60],[-117.335945]
2025-09-14T04:15:14+02:00,[60],[-117.335938]
2025-09-14T04:15:13+02:00,[60],[-117.335922]
2025-09-14T04:15:12+02:00,[60],[-117.335915]
2025-09-14T04:15:11+02:00,[60],[-117.335907]
2025-09-14T04:15:10+02:00,[60],[-117.335892]
2025-09-14T04:15:09+02:00,[60],[-117.335884]
2025-09-14T04:15:08+02:00,[60],[-117.335876]
2025-09-14T04:15:07+02:00,[60],[-117.335854]
2025-09-14T04:15:06+02:00,[60],[-117.335846]
2025-09-14T04:15:05+02:00,[60],[-117.335831]
2025-09-14T04:15:04+02:00,[60],[-117.335815]
2025-09-14T04:15:03+02:00,[60],[-117.3358]
2025-09-14T04:15:02+02:00,[60],[-117.335785]
2025-09-14T04:15:01+02:00,[60],[-117.335777]
2025-09-14T04:15:00+02:00,[60],[-117.335762]
2025-09-14T04:14:59+02:00,[60],[-117.335747]
2025-09-14T04:14:58+02:00,[60],[-117.335732]
2025-09-14T04:14:57+02:00,[60],[-117.335724]
2025-09-14T04:14:56+02:00,[60],[-117.335709]
2025-09-14T04:14:55+02:00,[60],[-117.335693]
2025-09-14T04:14:54+02:00,[60],[-117.335678]
2025-09-14T04:14:53+02:00,[60],[-117.335663]
2025-09-14T04:14:52+02:00,[60],[-117.335648]
2025-09-14T04:14:51+02:00,[60],[-117.335632]
2025-09-14T04:14:50+02:00,[60],[-117.335625]
2025-09-14T04:14:49+02:00,[60],[-117.335609]
2025-09-14T04:14:48+02:00,[60],[-117.335594]
2025-09-14T04:14:47+02:00,[60],[-117.335579]
2025-09-14T04:14:46+02:00,[60],[-117.335564]
2025-09-14T04:14:45+02:00,[60],[-117.335548]
2025-09-14T04:14:44+02:00,[60],[-117.335541]
2025-09-14T04:14:43+02:00,[60],[-117.335526]
2025-09-14T04:14:42+02:00,[60],[-117.335518]
2025-09-14T04:14:41+02:00,[60],[-117.335503]
2025-09-14T04:14:40+02:00,[60],[-117.335487]
2025-09-14T04:14:39+02:00,[60],[-117.335472]
2025-09-14T04:14:38+02:00,[60],[-117.335457]
2025-09-14T04:14:37+02:00,[60],[-117.335442]
2025-09-14T04:14:36+02:00,[60],[-117.335434]
2025-09-14T04:14:35+02:00,[60],[-117.335426]
2025-09-14T04:14:34+02:00,[60],[-117.335403]
2025-09-14T04:14:33+02:00,[60],[-117.335396]
2025-09-14T04:14:32+02:00,[60],[-117.335381]
2025-09-14T04:14:31+02:00,[60],[-117.335365]
2025-09-14T04:14:30+02:00,[60],[-117.33535]
2025-09-14T04:14:29+02:00,[60],[-117.335335]
2025-09-14T04:14:28+02:00,[60],[-117.335327]
2025-09-14T04:14:27+02:00,[60],[-117.33532]
2025-09-14T04:14:26+02:00,[60],[-117.335312]
2025-09-14T04:14:25+02:00,[60],[-117.335289]
2025-09-14T04:14:24+02:00,[60],[-117.335274]
2025-09-14T04:14:23+02:00,[60],[-117.335266]
2025-09-14T04:14:22+02:00,[60],[-117.335251]
2025-09-14T04:14:21+02:00,[60],[-117.335236]
2025-09-14T04:14:20+02:00,[60],[-117.33522]
2025-09-14T04:14:19+02:00,[60],[-117.335205]
2025-09-14T04:14:18+02:00,[60],[-117.335197]
2025-09-14T04:14:17+02:00,[60],[-117.335182]
2025-09-14T04:14:16+02:00,[60],[-117.335167]
2025-09-14T04:14:15+02:00,[60],[-117.335159]
2025-09-14T04:14:14+02:00,[60],[-117.335144]
2025-09-14T04:14:13+02:00,[60],[-117.335136]
2025-09-14T04:14:12+02:00,[60],[-117.335121]
2025-09-14T04:14:11+02:00,[60],[-117.335114]
2025-09-14T04:14:10+02:00,[60],[-117.335098]
2025-09-14T04:14:09+02:00,[60],[-117.335091]
2025-09-14T04:14:08+02:00,[60],[-117.335083]
2025-09-14T04:14:07+02:00,[60],[-117.335068]
2025-09-14T04:14:06+02:00,[60],[-117.335052]
2025-09-14T04:14:05+02:00,[60],[-117.335037]
2025-09-14T04:14:04+02:00,[60],[-117.335022]
2025-09-14T04:14:03+02:00,[60],[-117.335014]
2025-09-14T04:14:02+02:00,[60],[-117.334999]
2025-09-14T04:14:01+02:00,[60],[-117.334984]
2025-09-14T04:14:00+02:00,[60],[-117.334961]
2025-09-14T04:13:59+02:00,[60],[-117.334946]
2025-09-14T04:13:58+02:00,[60],[-117.334946]
2025-09-14T04:13:57+02:00,[60],[-117.33493]
2025-09-14T04:13:56+02:00,[60],[-117.334915]
2025-09-14T04:13:55+02:00,[60],[-117.3349]
2025-09-14T04:13:54+02:00,[60],[-117.334885]
2025-09-14T04:13:53+02:00,[60],[-117.334877]
2025-09-14T04:13:52+02:00,[60],[-117.334862]
2025-09-14T04:13:51+02:00,[60],[-117.334854]
2025-09-14T04:13:50+02:00,[60],[-117.334839]
2025-09-14T04:13:49+02:00,[60],[-117.334831]
2025-09-14T04:13:48+02:00,[60],[-117.334808]
2025-09-14T04:13:47+02:00,[60],[-117.334801]
2025-09-14T04:13:46+02:00,[60],[-117.334785]
2025-09-14T04:13:45+02:00,[60],[-117.33477]
2025-09-14T04:13:44+02:00,[60],[-117.334755]
2025-09-14T04:13:43+02:00,[60],[-117.33474]
2025-09-14T04:13:42+02:00,[60],[-117.334732]
2025-09-14T04:13:41+02:00,[60],[-117.334717]
2025-09-14T04:13:40+02:00,[60],[-117.334709]
2025-09-14T04:13:39+02:00,[60],[-117.334694]
2025-09-14T04:13:38+02:00,[60],[-117.334686]
2025-09-14T04:13:37+02:00,[60],[-117.334671]
2025-09-14T04:13:36+02:00,[60],[-117.334656]
2025-09-14T04:13:35+02:00,[60],[-117.334648]
2025-09-14T04:13:34+02:00,[60],[-117.334633]
2025-09-14T04:13:33+02:00,[60],[-117.334625]
2025-09-14T04:13:32+02:00,[60],[-117.33461]
2025-09-14T04:13:31+02:00,[60],[-117.334602]
2025-09-14T04:13:30+02:00,[60],[-117.334595]
2025-09-14T04:13:29+02:00,[60],[-117.334579]
2025-09-14T04:13:28+02:00,[60],[-117.334572]
2025-09-14T04:13:27+02:00,[60],[-117.334564]
2025-09-14T04:13:26+02:00,[60],[-117.334549]
2025-09-14T04:13:25+02:00,[60],[-117.334534]
2025-09-14T04:13:24+02:00,[60],[-117.334526]
2025-09-14T04:13:23+02:00,[60],[-117.334511]
2025-09-14T04:13:22+02:00,[60],[-117.334496]
2025-09-14T04:13:21+02:00,[60],[-117.334488]
2025-09-14T04:13:20+02:00,[60],[-117.334473]
2025-09-14T04:13:19+02:00,[60],[-117.334465]
2025-09-14T04:13:18+02:00,[60],[-117.334457]
2025-09-14T04:13:17+02:00,[60],[-117.33445]
2025-09-14T04:13:16+02:00,[60],[-117.334435]
2025-09-14T04:13:15+02:00,[60],[-117.334419]
2025-09-14T04:13:14+02:00,[60],[-117.334404]
2025-09-14T04:13:13+02:00,[60],[-117.334396]
2025-09-14T04:13:12+02:00,[60],[-117.334381]
2025-09-14T04:13:11+02:00,[60],[-117.334366]
2025-09-14T04:13:10+02:00,[60],[-117.334358]
2025-09-14T04:13:09+02:00,[60],[-117.334351]
2025-09-14T04:13:08+02:00,[60],[-117.334335]
2025-09-14T04:13:07+02:00,[60],[-117.33432]
2025-09-14T04:13:06+02:00,[60],[-117.334305]
2025-09-14T04:13:05+02:00,[60],[-117.33429]
2025-09-14T04:13:04+02:00,[60],[-117.334282]
2025-09-14T04:13:03+02:00,[60],[-117.334267]
2025-09-14T04:13:02+02:00,[60],[-117.334251]
2025-09-14T04:13:01+02:00,[60],[-117.334236]
2025-09-14T04:12:59+02:00,[60],[-117.334221]
2025-09-14T04:12:58+02:00,[60],[-117.33419]
2025-09-14T04:12:57+02:00,[60],[-117.33403]
2025-09-14T04:12:55+02:00,[60],[-117.333305]
2025-09-14T04:12:53+02:00,[60],[-117.333702]
2025-09-14T04:12:49+02:00,[60],[-117.333702]
2025-02-04T00:37:12+01:00,[60],[-117.332397]
2025-02-04T00:37:10+01:00,[60],[-117.332397]
2025-02-04T00:37:08+01:00,[60],[-117.332397]
2025-02-04T00:37:07+01:00,[60],[-117.332397]
2025-02-04T00:37:05+01:00,[60],[-117.332397]
2025-02-04T00:37:03+01:00,[60],[-117.332397]
2025-02-04T00:37:01+01:00,[60],[-117.332397]
2025-02-04T00:36:59+01:00,[60],[-117.332397]
2025-02-04T00:36:57+01:00,[60],[-117.332397]
2025-02-04T00:36:55+01:00,[60],[-117.332397]
2025-02-04T00:36:53+01:00,[60],[-117.332397]
2025-02-04T00:36:51+01:00,[60],[-117.332397]
2025-02-04T00:36:49+01:00,[60],[-117.332397]
2025-02-04T00:36:47+01:00,[60],[-117.332397]
2025-02-04T00:36:45+01:00,[60],[-117.332375]
2025-02-04T00:36:44+01:00,[60],[-117.332375]
2025-02-04T00:36:42+01:00,[60],[-117.332375]
2025-02-04T00:36:41+01:00,[60],[-117.332375]
2025-02-04T00:36:39+01:00,[60],[-117.332375]
2025-02-04T00:36:38+01:00,[60],[-117.332375]
2025-02-04T00:36:36+01:00,[60],[-117.332375]
2025-02-04T00:36:35+01:00,[60],[-117.332375]
2025-02-04T00:36:33+01:00,[60],[-117.332375]
2025-02-04T00:36:32+01:00,[60],[-117.332375]
2025-02-04T00:36:30+01:00,[60],[-117.332375]
2025-02-04T00:36:28+01:00,[60],[-117.332375]
2025-02-04T00:36:26+01:00,[60],[-117.332375]
2025-02-04T00:36:24+01:00,[60],[-117.332375]
2025-02-04T00:36:22+01:00,[60],[-117.332375]
2025-02-04T00:36:20+01:00,[60],[-117.332375]
2025-02-04T00:36:18+01:00,[60],[-117.332375]
2025-02-04T00:36:16+01:00,[60],[-117.332375]
2025-02-04T00:36:14+01:00,[60],[-117.332375]
2025-02-04T00:36:12+01:00,[60],[-117.332375]
2025-02-04T00:36:10+01:00,[60],[-117.332375]
2025-02-04T00:36:08+01:00,[60],[-117.332375]
2025-02-04T00:36:06+01:00,[60],[-117.332375]
2025-02-04T00:36:04+01:00,[60],[-117.332375]
2025-02-04T00:36:02+01:00,[60],[-117.332375]
2025-02-04T00:36:00+01:00,[60],[-117.332375]
2025-02-04T00:35:58+01:00,[60],[-117.332375]
2025-02-04T00:35:56+01:00,[60],[-117.332375]
2025-02-04T00:35:54+01:00,[60],[-117.332375]
2025-02-04T00:35:52+01:00,[60],[-117.332375]
2025-02-04T00:35:50+01:00,[60],[-117.332375]
2025-02-04T00:35:48+01:00,[60],[-117.332375]
2025-02-04T00:35:46+01:00,[60],[-117.332375]
2025-02-04T00:35:44+01:00,[60],[-117.332375]
2025-02-04T00:35:42+01:00,[60],[-117.332375]
2025-02-04T00:35:40+01:00,[60],[-117.332375]
2025-02-04T00:35:38+01:00,[60],[-117.332375]
2025-02-04T00:35:36+01:00,[60],[-117.332375]
2025-02-04T00:35:34+01:00,[60],[-117.332367]
2025-02-04T00:35:32+01:00,[60],[-117.332359]
2025-02-04T00:35:30+01:00,[60],[-117.332359]
2025-02-04T00:35:28+01:00,[60],[-117.332367]
2025-02-04T00:35:26+01:00,[60],[-117.332367]
2025-02-04T00:35:24+01:00,[60],[-117.332382]
2025-02-04T00:35:22+01:00,[60],[-117.332382]
2025-02-04T00:35:20+01:00,[60],[-117.332382]
2025-02-04T00:35:18+01:00,[60],[-117.33239]
2025-02-04T00:35:16+01:00,[60],[-117.33239]
2025-02-04T00:35:14+01:00,[60],[-117.33239]
2025-02-04T00:35:13+01:00,[60],[-117.332405]
2025-02-04T00:35:11+01:00,[60],[-117.332413]
2025-02-04T00:35:09+01:00,[60],[-117.33242]
2025-02-04T00:35:07+01:00,[60],[-117.33242]
2025-02-04T00:35:05+01:00,[60],[-117.33242]
2025-02-04T00:35:03+01:00,[60],[-117.33242]
2025-02-04T00:35:01+01:00,[60],[-117.332413]
2025-02-04T00:34:59+01:00,[60],[-117.332413]
2025-02-04T00:34:57+01:00,[60],[-117.332413]
2025-02-04T00:34:55+01:00,[60],[-117.332428]
2025-02-04T00:34:53+01:00,[60],[-117.332428]
2025-02-04T00:34:51+01:00,[60],[-117.332428]
2025-02-04T00:34:49+01:00,[60],[-117.332428]
2025-02-04T00:34:47+01:00,[60],[-117.332436]
2025-02-04T00:34:45+01:00,[60],[-117.332436]
2025-02-04T00:34:43+01:00,[60],[-117.332436]
2025-02-04T00:34:41+01:00,[60],[-117.332428]
2025-02-04T00:34:39+01:00,[60],[-117.332428]
2025-02-04T00:34:38+01:00,[60],[-117.332428]
2025-02-04T00:34:36+01:00,[60],[-117.332428]
2025-02-04T00:34:35+01:00,[60],[-117.332428]
2025-02-04T00:34:33+01:00,[60],[-117.332428]
2025-02-04T00:34:32+01:00,[60],[-117.332428]
2025-02-04T00:34:30+01:00,[60],[-117.332428]
2025-02-04T00:34:29+01:00,[60],[-117.332428]
2025-02-04T00:34:27+01:00,[60],[-117.332428]
2025-02-04T00:34:26+01:00,[60],[-117.332428]
2025-02-04T00:34:24+01:00,[60],[-117.332436]
2025-02-04T00:34:22+01:00,[60],[-117.332443]
2025-02-04T00:34:20+01:00,[60],[-117.332443]
2025-02-04T00:34:18+01:00,[60],[-117.332443]
2025-02-04T00:34:16+01:00,[60],[-117.332443]
2025-02-04T00:34:14+01:00,[60],[-117.332436]
2025-02-04T00:34:12+01:00,[60],[-117.332428]
2025-02-04T00:34:10+01:00,[60],[-117.33242]
2025-02-04T00:34:08+01:00,[60],[-117.332405]
2025-02-04T00:34:06+01:00,[60],[-117.332375]
2025-02-04T00:34:04+01:00,[60],[-117.332359]
2025-02-04T00:34:02+01:00,[60],[-117.332336]
2025-02-04T00:34:00+01:00,[60],[-117.332321]
2025-02-04T00:33:58+01:00,[60],[-117.332306]
2025-02-04T00:33:56+01:00,[60],[-117.332283]
2025-02-04T00:33:54+01:00,[60],[-117.33226]
2025-02-04T00:33:52+01:00,[60],[-117.332245]
2025-02-04T00:33:50+01:00,[60],[-117.33223]
2025-02-04T00:33:48+01:00,[60],[-117.332214]
2025-02-04T00:33:46+01:00,[60],[-117.332207]
2025-02-04T00:33:44+01:00,[60],[-117.332207]
2025-02-04T00:33:42+01:00,[60],[-117.332207]
2025-02-04T00:33:40+01:00,[60],[-117.332207]
2025-02-04T00:33:38+01:00,[60],[-117.332207]
2025-02-04T00:33:36+01:00,[60],[-117.332207]
2025-02-04T00:33:34+01:00,[60],[-117.332207]
2025-02-04T00:33:32+01:00,[60],[-117.332207]
2025-02-04T00:33:31+01:00,[60],[-117.332207]
2025-02-04T00:33:29+01:00,[60],[-117.332207]
2025-02-04T00:33:27+01:00,[60],[-117.332207]
2025-02-04T00:33:25+01:00,[60],[-117.332207]
2025-02-04T00:33:23+01:00,[60],[-117.332207]
2025-02-04T00:33:21+01:00,[60],[-117.332207]
2025-02-04T00:33:19+01:00,[60],[-117.332207]
2025-02-04T00:33:17+01:00,[60],[-117.332207]
2025-02-04T00:33:15+01:00,[60],[-117.332207]
2025-02-04T00:33:13+01:00,[60],[-117.332207]
2025-02-04T00:33:11+01:00,[60],[-117.332214]
2025-02-04T00:33:09+01:00,[60],[-117.332222]
2025-02-04T00:33:07+01:00,[60],[-117.332245]
2025-02-04T00:33:05+01:00,[60],[-117.332253]
2025-02-04T00:33:03+01:00,[60],[-117.332245]
2025-02-04T00:33:01+01:00,[60],[-117.332245]
2025-02-04T00:32:59+01:00,[60],[-117.33226]
2025-02-04T00:32:57+01:00,[60],[-117.332245]
2025-02-04T00:32:55+01:00,[60],[-117.332253]
2025-02-04T00:32:53+01:00,[60],[-117.332253]
2025-02-04T00:32:51+01:00,[60],[-117.332253]
2025-02-04T00:32:49+01:00,[60],[-117.332253]
2025-02-04T00:32:47+01:00,[60],[-117.332237]
2025-02-04T00:32:45+01:00,[60],[-117.332237]
2025-02-04T00:32:43+01:00,[60],[-117.332237]
2025-02-04T00:32:41+01:00,[60],[-117.332237]
2025-02-04T00:32:39+01:00,[60],[-117.332237]
2025-02-04T00:32:37+01:00,[60],[-117.332237]
2025-02-04T00:32:35+01:00,[60],[-117.332237]
2025-02-04T00:32:33+01:00,[60],[-117.332237]
2025-02-04T00:32:32+01:00,[60],[-117.332237]
2025-02-04T00:32:30+01:00,[60],[-117.332237]
2025-02-04T00:32:29+01:00,[60],[-117.332237]
2025-02-04T00:32:27+01:00,[60],[-117.332237]
2025-02-04T00:32:26+01:00,[60],[-117.332237]
2025-02-04T00:32:24+01:00,[60],[-117.332237]
2025-02-04T00:32:23+01:00,[60],[-117.332237]
2025-02-04T00:32:21+01:00,[60],[-117.332237]
2025-02-04T00:32:20+01:00,[60],[-117.332237]
2025-02-04T00:32:18+01:00,[60],[-117.332237]
2025-02-04T00:32:16+01:00,[60],[-117.332237]
2025-02-04T00:32:14+01:00,[60],[-117.332237]
2025-02-04T00:32:12+01:00,[60],[-117.332237]
2025-02-04T00:32:10+01:00,[60],[-117.332237]
2025-02-04T00:32:08+01:00,[60],[-117.332237]
2025-02-04T00:32:06+01:00,[60],[-117.332237]
2025-02-04T00:32:04+01:00,[60],[-117.332237]
2025-02-04T00:32:02+01:00,[60],[-117.332237]
2025-02-04T00:32:00+01:00,[60],[-117.332237]
2025-02-04T00:31:58+01:00,[60],[-117.332237]
2025-02-04T00:31:56+01:00,[60],[-117.332237]
2025-02-04T00:31:54+01:00,[60],[-117.332237]
2025-02-04T00:31:52+01:00,[60],[-117.332237]
2025-02-04T00:31:50+01:00,[60],[-117.332237]
2025-02-04T00:31:48+01:00,[60],[-117.332237]
2025-02-04T00:31:46+01:00,[60],[-117.332237]
2025-02-04T00:31:44+01:00,[60],[-117.332237]
2025-02-04T00:31:42+01:00,[60],[-117.332237]
2025-02-04T00:31:40+01:00,[60],[-117.332237]
2025-02-04T00:31:38+01:00,[60],[-117.332237]
2025-02-04T00:31:36+01:00,[60],[-117.332237]
2025-02-04T00:31:34+01:00,[60],[-117.332237]
2025-02-04T00:31:32+01:00,[60],[-117.332237]
2025-02-04T00:31:31+01:00,[60],[-117.332237]
2025-02-04T00:31:29+01:00,[60],[-117.332237]
2025-02-04T00:31:27+01:00,[60],[-117.332245]
2025-02-04T00:31:25+01:00,[60],[-117.332245]
2025-02-04T00:31:23+01:00,[60],[-117.332245]
2025-02-04T00:31:21+01:00,[60],[-117.332245]
2025-02-04T00:31:19+01:00,[60],[-117.332237]
2025-02-04T00:31:17+01:00,[60],[-117.332237]
2025-02-04T00:31:15+01:00,[60],[-117.332237]
2025-02-04T00:31:13+01:00,[60],[-117.332237]
2025-02-04T00:31:11+01:00,[60],[-117.332237]
2025-02-04T00:31:09+01:00,[60],[-117.332237]
2025-02-04T00:31:07+01:00,[60],[-117.332237]
2025-02-04T00:31:05+01:00,[60],[-117.332237]
2025-02-04T00:31:03+01:00,[60],[-117.332237]
2025-02-04T00:31:01+01:00,[60],[-117.332237]
2025-02-04T00:30:59+01:00,[60],[-117.332237]
2025-02-04T00:30:57+01:00,[60],[-117.332245]
2025-02-04T00:30:55+01:00,[60],[-117.332245]
2025-02-04T00:30:53+01:00,[60],[-117.332245]
2025-02-04T00:30:51+01:00,[60],[-117.332245]
2025-02-04T00:30:49+01:00,[60],[-117.332253]
2025-02-04T00:30:47+01:00,[60],[-117.332253]
2025-02-04T00:30:45+01:00,[60],[-117.332245]
2025-02-04T00:30:43+01:00,[60],[-117.332245]
2025-02-04T00:30:41+01:00,[60],[-117.332245]
2025-02-04T00:30:39+01:00,[60],[-117.332253]
2025-02-04T00:30:37+01:00,[60],[-117.332253]
2025-02-04T00:30:35+01:00,[60],[-117.332253]
2025-02-04T00:30:33+01:00,[60],[-117.332253]
2025-02-04T00:30:31+01:00,[60],[-117.332245]
2025-02-04T00:30:29+01:00,[60],[-117.332245]
2025-02-04T00:30:27+01:00,[60],[-117.332245]
2025-02-04T00:30:25+01:00,[60],[-117.332245]
2025-02-04T00:30:23+01:00,[60],[-117.332245]
2025-02-04T00:30:21+01:00,[60],[-117.332253]
2025-02-04T00:30:20+01:00,[60],[-117.332253]
2025-02-04T00:30:19+01:00,[60],[-117.332253]
2025-02-04T00:30:17+01:00,[60],[-117.332253]
2025-02-04T00:30:15+01:00,[60],[-117.332253]
2025-02-04T00:30:14+01:00,[60],[-117.332253]
2025-02-04T00:30:11+01:00,[60],[-117.332253]
2025-02-04T00:30:09+01:00,[60],[-117.332253]
2025-02-04T00:30:07+01:00,[60],[-117.332253]
2025-02-04T00:30:05+01:00,[60],[-117.332253]
2025-02-04T00:30:03+01:00,[60],[-117.332253]
2025-02-04T00:30:01+01:00,[60],[-117.332253]
2025-02-04T00:29:59+01:00,[60],[-117.332253]
2025-02-04T00:29:57+01:00,[60],[-117.332253]
2025-02-04T00:29:55+01:00,[60],[-117.332253]
2025-02-04T00:29:53+01:00,[60],[-117.332253]
2025-02-04T00:29:51+01:00,[60],[-117.332253]
2025-02-04T00:29:49+01:00,[60],[-117.332253]
2025-02-04T00:29:47+01:00,[60],[-117.332253]
2025-02-04T00:29:45+01:00,[60],[-117.332253]
2025-02-04T00:29:43+01:00,[60],[-117.332253]
2025-02-04T00:29:41+01:00,[60],[-117.332253]
2025-02-04T00:29:39+01:00,[60],[-117.332253]
2025-02-04T00:29:38+01:00,[60],[-117.332253]
2025-02-04T00:29:36+01:00,[60],[-117.332253]
2025-02-04T00:29:34+01:00,[60],[-117.332253]
2025-02-04T00:29:32+01:00,[60],[-117.332253]
2025-02-04T00:29:30+01:00,[60],[-117.332253]
2025-02-04T00:29:28+01:00,[60],[-117.332253]
2025-02-04T00:29:26+01:00,[60],[-117.332253]
2025-02-04T00:29:24+01:00,[60],[-117.332253]
2025-02-04T00:29:22+01:00,[60],[-117.332253]
2025-02-04T00:29:20+01:00,[60],[-117.332253]
2025-02-04T00:29:18+01:00,[60],[-117.332253]
2025-02-04T00:29:16+01:00,[60],[-117.332253]
2025-02-04T00:29:14+01:00,[60],[-117.332253]
2025-02-04T00:29:12+01:00,[60],[-117.332253]
2025-02-04T00:29:10+01:00,[60],[-117.332253]
2025-02-04T00:29:08+01:00,[60],[-117.332253]
2025-02-04T00:29:06+01:00,[60],[-117.332253]
2025-02-04T00:29:04+01:00,[60],[-117.332253]
2025-02-04T00:29:02+01:00,[60],[-117.332253]
2025-02-04T00:29:00+01:00,[60],[-117.332253]
2025-02-04T00:28:58+01:00,[60],[-117.332253]
2025-02-04T00:28:56+01:00,[60],[-117.332253]
2025-02-04T00:28:54+01:00,[60],[-117.332253]
2025-02-04T00:28:52+01:00,[60],[-117.332253]
2025-02-04T00:28:50+01:00,[60],[-117.332253]
2025-02-04T00:28:48+01:00,[60],[-117.332253]
2025-02-04T00:28:46+01:00,[60],[-117.332253]
2025-02-04T00:28:44+01:00,[60],[-117.332253]
2025-02-04T00:28:42+01:00,[60],[-117.332253]
2025-02-04T00:28:40+01:00,[60],[-117.332253]
2025-02-04T00:28:38+01:00,[60],[-117.332253]
2025-02-04T00:28:36+01:00,[60],[-117.332253]
2025-02-04T00:28:34+01:00,[60],[-117.332253]
2025-02-04T00:28:32+01:00,[60],[-117.332253]
2025-02-04T00:28:30+01:00,[60],[-117.332253]
2025-02-04T00:28:28+01:00,[60],[-117.332253]
2025-02-04T00:28:26+01:00,[60],[-117.332253]
2025-02-04T00:28:24+01:00,[60],[-117.332253]
2025-02-04T00:28:22+01:00,[60],[-117.332253]
2025-02-04T00:28:20+01:00,[60],[-117.332253]
2025-02-04T00:28:19+01:00,[60],[-117.332253]
2025-02-04T00:28:17+01:00,[60],[-117.332253]
2025-02-04T00:28:16+01:00,[60],[-117.332253]
2025-02-04T00:28:14+01:00,[60],[-117.33226]
2025-02-04T00:28:13+01:00,[60],[-117.33226]
2025-02-04T00:28:11+01:00,[60],[-117.33226]
2025-02-04T00:28:10+01:00,[60],[-117.33226]
2025-02-04T00:28:08+01:00,[60],[-117.33226]
2025-02-04T00:28:07+01:00,[60],[-117.33226]
2025-02-04T00:28:06+01:00,[60],[-117.33226]
2025-02-04T00:28:04+01:00,[60],[-117.33226]
2025-02-04T00:28:02+01:00,[60],[-117.33226]
2025-02-04T00:28:00+01:00,[60],[-117.33226]
2025-02-04T00:27:58+01:00,[60],[-117.33226]
2025-02-04T00:27:56+01:00,[60],[-117.332253]
2025-02-04T00:27:54+01:00,[60],[-117.332253]
2025-02-04T00:27:52+01:00,[60],[-117.332253]
2025-02-04T00:27:50+01:00,[60],[-117.332253]
2025-02-04T00:27:48+01:00,[60],[-117.332253]
2025-02-04T00:27:46+01:00,[60],[-117.332253]
2025-02-04T00:27:44+01:00,[60],[-117.332253]
2025-02-04T00:27:42+01:00,[60],[-117.332253]
2025-02-04T00:27:40+01:00,[60],[-117.332253]
2025-02-04T00:27:38+01:00,[60],[-117.332253]
2025-02-04T00:27:36+01:00,[60],[-117.332245]
2025-02-04T00:27:34+01:00,[60],[-117.332245]
2025-02-04T00:27:32+01:00,[60],[-117.332245]
2025-02-04T00:27:30+01:00,[60],[-117.332245]
2025-02-04T00:27:28+01:00,[60],[-117.332245]
2025-02-04T00:27:26+01:00,[60],[-117.332245]
2025-02-04T00:27:24+01:00,[60],[-117.332245]
2025-02-04T00:27:22+01:00,[60],[-117.332245]
2025-02-04T00:27:20+01:00,[60],[-117.332245]
2025-02-04T00:27:18+01:00,[60],[-117.332245]
2025-02-04T00:27:16+01:00,[60],[-117.332253]
2025-02-04T00:27:14+01:00,[60],[-117.332253]
2025-02-04T00:27:12+01:00,[60],[-117.332253]
2025-02-04T00:27:10+01:00,[60],[-117.332253]
2025-02-04T00:27:08+01:00,[60],[-117.332253]
2025-02-04T00:27:06+01:00,[60],[-117.332237]
2025-02-04T00:27:04+01:00,[60],[-117.332237]
2025-02-04T00:27:02+01:00,[60],[-117.332237]
2025-02-04T00:27:00+01:00,[60],[-117.332237]
2025-02-04T00:26:58+01:00,[60],[-117.332237]
2025-02-04T00:26:56+01:00,[60],[-117.332237]
2025-02-04T00:26:54+01:00,[60],[-117.332237]
2025-02-04T00:26:52+01:00,[60],[-117.332237]
2025-02-04T00:26:50+01:00,[60],[-117.332237]
2025-02-04T00:26:48+01:00,[60],[-117.332237]
2025-02-04T00:26:46+01:00,[60],[-117.33223]
2025-02-04T00:26:44+01:00,[60],[-117.33223]
2025-02-04T00:26:42+01:00,[60],[-117.33223]
2025-02-04T00:26:40+01:00,[60],[-117.33223]
2025-02-04T00:26:38+01:00,[60],[-117.33223]
2025-02-04T00:26:36+01:00,[60],[-117.33223]
2025-02-04T00:26:34+01:00,[60],[-117.33223]
2025-02-04T00:26:32+01:00,[60],[-117.33223]
2025-02-04T00:26:30+01:00,[60],[-117.33223]
2025-02-04T00:26:28+01:00,[60],[-117.33223]
2025-02-04T00:26:26+01:00,[60],[-117.33223]
2025-02-04T00:26:24+01:00,[60],[-117.33223]
2025-02-04T00:26:22+01:00,[60],[-117.33223]
2025-02-04T00:26:20+01:00,[60],[-117.33223]
2025-02-04T00:26:18+01:00,[60],[-117.33223]
2025-02-04T00:26:16+01:00,[60],[-117.33223]
2025-02-04T00:26:14+01:00,[60],[-117.33223]
2025-02-04T00:26:12+01:00,[60],[-117.33223]
2025-02-04T00:26:10+01:00,[60],[-117.33223]
2025-02-04T00:26:08+01:00,[60],[-117.33223]
2025-02-04T00:26:06+01:00,[60],[-117.33223]
2025-02-04T00:26:04+01:00,[60],[-117.33223]
2025-02-04T00:26:02+01:00,[60],[-117.33223]
2025-02-04T00:26:01+01:00,[60],[-117.33223]
2025-02-04T00:25:59+01:00,[60],[-117.33223]
2025-02-04T00:25:57+01:00,[60],[-117.332237]
2025-02-04T00:25:55+01:00,[60],[-117.332237]
2025-02-04T00:25:53+01:00,[60],[-117.332237]
2025-02-04T00:25:51+01:00,[60],[-117.332237]
2025-02-04T00:25:49+01:00,[60],[-117.332253]
2025-02-04T00:25:47+01:00,[60],[-117.332253]
2025-02-04T00:25:45+01:00,[60],[-117.332253]
2025-02-04T00:25:43+01:00,[60],[-117.332253]
2025-02-04T00:25:41+01:00,[60],[-117.33226]
2025-02-04T00:25:39+01:00,[60],[-117.332253]
2025-02-04T00:25:37+01:00,[60],[-117.332253]
2025-02-04T00:25:35+01:00,[60],[-117.332253]
2025-02-04T00:25:33+01:00,[60],[-117.332253]
2025-02-04T00:25:31+01:00,[60],[-117.332253]
2025-02-04T00:25:29+01:00,[60],[-117.332253]
2025-02-04T00:25:27+01:00,[60],[-117.332253]
2025-02-04T00:25:25+01:00,[60],[-117.332253]
2025-02-04T00:25:23+01:00,[60],[-117.332253]
2025-02-04T00:25:21+01:00,[60],[-117.332253]
2025-02-04T00:25:19+01:00,[60],[-117.332253]
2025-02-04T00:25:17+01:00,[60],[-117.332253]
2025-02-04T00:25:15+01:00,[60],[-117.332253]
2025-02-04T00:25:13+01:00,[60],[-117.332245]
2025-02-04T00:25:11+01:00,[60],[-117.332245]
2025-02-04T00:25:09+01:00,[60],[-117.332245]
2025-02-04T00:25:07+01:00,[60],[-117.332245]
2025-02-04T00:25:06+01:00,[60],[-117.332245]
2025-02-04T00:25:04+01:00,[60],[-117.332237]
2025-02-04T00:25:02+01:00,[60],[-117.332237]
2025-02-04T00:25:00+01:00,[60],[-117.332237]
2025-02-04T00:24:58+01:00,[60],[-117.332237]
2025-02-04T00:24:56+01:00,[60],[-117.332237]
2025-02-04T00:24:54+01:00,[60],[-117.332253]
2025-02-04T00:24:52+01:00,[60],[-117.332245]
2025-02-04T00:24:50+01:00,[60],[-117.332245]
2025-02-04T00:24:48+01:00,[60],[-117.332245]
2025-02-04T00:24:46+01:00,[60],[-117.332245]
2025-02-04T00:24:44+01:00,[60],[-117.332245]
2025-02-04T00:24:42+01:00,[60],[-117.332245]
2025-02-04T00:24:40+01:00,[60],[-117.332245]
2025-02-04T00:24:38+01:00,[60],[-117.332245]
2025-02-04T00:24:36+01:00,[60],[-117.332245]
2025-02-04T00:24:34+01:00,[60],[-117.332245]
2025-02-04T00:24:32+01:00,[60],[-117.332237]
2025-02-04T00:24:30+01:00,[60],[-117.332237]
2025-02-04T00:24:28+01:00,[60],[-117.332237]
2025-02-04T00:24:26+01:00,[60],[-117.332237]
2025-02-04T00:24:24+01:00,[60],[-117.332237]
2025-02-04T00:24:22+01:00,[60],[-117.332237]
2025-02-04T00:24:20+01:00,[60],[-117.332237]
2025-02-04T00:24:18+01:00,[60],[-117.332237]
2025-02-04T00:24:16+01:00,[60],[-117.332237]
2025-02-04T00:24:14+01:00,[60],[-117.332237]
2025-02-04T00:24:12+01:00,[60],[-117.332237]
2025-02-04T00:24:10+01:00,[60],[-117.332237]
2025-02-04T00:24:08+01:00,[60],[-117.332237]
2025-02-04T00:24:07+01:00,[60],[-117.332237]
2025-02-04T00:24:05+01:00,[60],[-117.332237]
2025-02-04T00:24:04+01:00,[60],[-117.332237]
2025-02-04T00:24:02+01:00,[60],[-117.332237]
2025-02-04T00:24:01+01:00,[60],[-117.332237]
2025-02-04T00:23:59+01:00,[60],[-117.332237]
2025-02-04T00:23:58+01:00,[60],[-117.332237]
2025-02-04T00:23:56+01:00,[60],[-117.332237]
2025-02-04T00:23:55+01:00,[60],[-117.332237]
2025-02-04T00:23:53+01:00,[60],[-117.332237]
2025-02-04T00:23:51+01:00,[60],[-117.332237]
2025-02-04T00:23:49+01:00,[60],[-117.332237]
2025-02-04T00:23:47+01:00,[60],[-117.332237]
2025-02-04T00:23:45+01:00,[60],[-117.332237]
2025-02-04T00:23:43+01:00,[60],[-117.332237]
2025-02-04T00:23:41+01:00,[60],[-117.332237]
2025-02-04T00:23:39+01:00,[60],[-117.332237]
2025-02-04T00:23:37+01:00,[60],[-117.332237]
2025-02-04T00:23:35+01:00,[60],[-117.332237]
2025-02-04T00:23:33+01:00,[60],[-117.332237]
2025-02-04T00:23:31+01:00,[60],[-117.332237]
2025-02-04T00:23:29+01:00,[60],[-117.332237]
2025-02-04T00:23:27+01:00,[60],[-117.332237]
2025-02-04T00:23:25+01:00,[60],[-117.332237]
2025-02-04T00:23:23+01:00,[60],[-117.332237]
2025-02-04T00:23:21+01:00,[60],[-117.332237]
2025-02-04T00:23:19+01:00,[60],[-117.332237]
2025-02-04T00:23:17+01:00,[60],[-117.332237]
2025-02-04T00:23:15+01:00,[60],[-117.332237]
2025-02-04T00:23:13+01:00,[60],[-117.332237]
2025-02-04T00:23:11+01:00,[60],[-117.332237]
2025-02-04T00:23:09+01:00,[60],[-117.332237]
2025-02-04T00:23:07+01:00,[60],[-117.332237]
2025-02-04T00:23:05+01:00,[60],[-117.332237]
2025-02-04T00:23:03+01:00,[60],[-117.33226]
2025-02-04T00:23:01+01:00,[60],[-117.33226]
2025-02-04T00:22:59+01:00,[60],[-117.33226]
2025-02-04T00:22:57+01:00,[60],[-117.33226]
2025-02-04T00:22:55+01:00,[60],[-117.33226]
2025-02-04T00:22:53+01:00,[60],[-117.33226]
2025-02-04T00:22:51+01:00,[60],[-117.33226]
2025-02-04T00:22:49+01:00,[60],[-117.33226]
2025-02-04T00:22:47+01:00,[60],[-117.33226]
2025-02-04T00:22:45+01:00,[60],[-117.33226]
2025-02-04T00:22:43+01:00,[60],[-117.33226]
2025-02-04T00:22:41+01:00,[60],[-117.33226]
2025-02-04T00:22:39+01:00,[60],[-117.33226]
2025-02-04T00:22:37+01:00,[60],[-117.33226]
2025-02-04T00:22:35+01:00,[60],[-117.33226]
2025-02-04T00:22:33+01:00,[60],[-117.33226]
2025-02-04T00:22:31+01:00,[60],[-117.33226]
2025-02-04T00:22:29+01:00,[60],[-117.33226]
2025-02-04T00:22:27+01:00,[60],[-117.33226]
2025-02-04T00:22:25+01:00,[60],[-117.33226]
2025-02-04T00:22:23+01:00,[60],[-117.33226]
2025-02-04T00:22:21+01:00,[60],[-117.33226]
2025-02-04T00:22:19+01:00,[60],[-117.33226]
2025-02-04T00:22:17+01:00,[60],[-117.33226]
2025-02-04T00:22:15+01:00,[60],[-117.33226]
2025-02-04T00:22:13+01:00,[60],[-117.33226]
2025-02-04T00:22:11+01:00,[60],[-117.33226]
2025-02-04T00:22:09+01:00,[60],[-117.33226]
2025-02-04T00:22:07+01:00,[60],[-117.33226]
2025-02-04T00:22:05+01:00,[60],[-117.33226]
2025-02-04T00:22:03+01:00,[60],[-117.33226]
2025-02-04T00:22:01+01:00,[60],[-117.33226]
2025-02-04T00:21:59+01:00,[60],[-117.33226]
2025-02-04T00:21:58+01:00,[60],[-117.33226]
2025-02-04T00:21:56+01:00,[60],[-117.33226]
2025-02-04T00:21:55+01:00,[60],[-117.33226]
2025-02-04T00:21:54+01:00,[60],[-117.33226]
2025-02-04T00:21:26+01:00,[60],[-117.332237]
2025-02-04T00:21:24+01:00,[60],[-117.332245]
2025-02-04T00:21:22+01:00,[60],[-117.332245]
2025-02-04T00:21:20+01:00,[60],[-117.332253]
2025-02-04T00:21:18+01:00,[60],[-117.332245]
2025-02-04T00:21:16+01:00,[60],[-117.332245]
2025-02-04T00:21:14+01:00,[60],[-117.332245]
2025-02-04T00:21:12+01:00,[60],[-117.332245]
2025-02-04T00:21:10+01:00,[60],[-117.332245]
2025-02-04T00:21:08+01:00,[60],[-117.332245]
2025-02-04T00:21:06+01:00,[60],[-117.332245]
2025-02-04T00:21:04+01:00,[60],[-117.332237]
2025-02-04T00:21:02+01:00,[60],[-117.332237]
2025-02-04T00:21:00+01:00,[60],[-117.332237]
2025-02-04T00:20:58+01:00,[60],[-117.332237]
2025-02-04T00:20:56+01:00,[60],[-117.332237]
2025-02-04T00:20:54+01:00,[60],[-117.332237]
2025-02-04T00:20:52+01:00,[60],[-117.332237]
2025-02-04T00:20:50+01:00,[60],[-117.332237]
2025-02-04T00:20:48+01:00,[60],[-117.332237]
2025-02-04T00:20:46+01:00,[60],[-117.332237]
2025-02-04T00:20:44+01:00,[60],[-117.332237]
2025-02-04T00:20:42+01:00,[60],[-117.332237]
2025-02-04T00:20:40+01:00,[60],[-117.332237]
2025-02-04T00:20:38+01:00,[60],[-117.332245]
2025-02-04T00:20:36+01:00,[60],[-117.332245]
2025-02-04T00:20:34+01:00,[60],[-117.332245]
2025-02-04T00:20:32+01:00,[60],[-117.332245]
2025-02-04T00:20:30+01:00,[60],[-117.332245]
2025-02-04T00:20:28+01:00,[60],[-117.332245]
2025-02-04T00:20:26+01:00,[60],[-117.332245]
2025-02-04T00:20:24+01:00,[60],[-117.332245]
2025-02-04T00:20:22+01:00,[60],[-117.332245]
2025-02-04T00:20:20+01:00,[60],[-117.332245]
2025-02-04T00:20:18+01:00,[60],[-117.332245]
2025-02-04T00:20:16+01:00,[60],[-117.332245]
2025-02-04T00:20:14+01:00,[60],[-117.332245]
2025-02-04T00:20:12+01:00,[60],[-117.33223]
2025-02-04T00:20:10+01:00,[60],[-117.332237]
2025-02-04T00:20:08+01:00,[60],[-117.33223]
2025-02-04T00:20:06+01:00,[60],[-117.33223]
2025-02-04T00:20:04+01:00,[60],[-117.33223]
2025-02-04T00:20:02+01:00,[60],[-117.33223]
2025-02-04T00:20:00+01:00,[60],[-117.33223]
2025-02-04T00:19:58+01:00,[60],[-117.33223]
2025-02-04T00:19:56+01:00,[60],[-117.33223]
2025-02-04T00:19:55+01:00,[60],[-117.33223]
2025-02-04T00:19:53+01:00,[60],[-117.332222]
2025-02-04T00:19:52+01:00,[60],[-117.332222]
2025-02-04T00:19:50+01:00,[60],[-117.332222]
2025-02-04T00:19:49+01:00,[60],[-117.332222]
2025-02-04T00:19:47+01:00,[60],[-117.332222]
2025-02-04T00:19:46+01:00,[60],[-117.332222]
2025-02-04T00:19:44+01:00,[60],[-117.332222]
2025-02-04T00:19:43+01:00,[60],[-117.332222]
2025-02-04T00:19:41+01:00,[60],[-117.332222]
2025-02-04T00:19:39+01:00,[60],[-117.332222]
2025-02-04T00:19:37+01:00,[60],[-117.332222]
2025-02-04T00:19:35+01:00,[60],[-117.332222]
2025-02-04T00:19:33+01:00,[60],[-117.332222]
2025-02-04T00:19:31+01:00,[60],[-117.332222]
2025-02-04T00:19:29+01:00,[60],[-117.332222]
2025-02-04T00:19:27+01:00,[60],[-117.332222]
2025-02-04T00:19:25+01:00,[60],[-117.332222]
2025-02-04T00:19:23+01:00,[60],[-117.332222]
2025-02-04T00:19:21+01:00,[60],[-117.332222]
2025-02-04T00:19:19+01:00,[60],[-117.332214]
2025-02-04T00:19:17+01:00,[60],[-117.332214]
2025-02-04T00:19:15+01:00,[60],[-117.332214]
2025-02-04T00:19:13+01:00,[60],[-117.332214]
2025-02-04T00:19:11+01:00,[60],[-117.332214]
2025-02-04T00:19:09+01:00,[60],[-117.332214]
2025-02-04T00:19:07+01:00,[60],[-117.332214]
2025-02-04T00:19:05+01:00,[60],[-117.332214]
2025-02-04T00:19:03+01:00,[60],[-117.332214]
2025-02-04T00:19:01+01:00,[60],[-117.332214]
2025-02-04T00:18:59+01:00,[60],[-117.332214]
2025-02-04T00:18:57+01:00,[60],[-117.332214]
2025-02-04T00:18:55+01:00,[60],[-117.332214]
2025-02-04T00:18:53+01:00,[60],[-117.332214]
2025-02-04T00:18:51+01:00,[60],[-117.332214]
2025-02-04T00:18:49+01:00,[60],[-117.332214]
2025-02-04T00:18:47+01:00,[60],[-117.332214]
2025-02-04T00:18:45+01:00,[60],[-117.332214]
2025-02-04T00:18:43+01:00,[60],[-117.332214]
2025-02-04T00:18:41+01:00,[60],[-117.332214]
2025-02-04T00:18:39+01:00,[60],[-117.332214]
2025-02-04T00:18:37+01:00,[60],[-117.332214]
2025-02-04T00:18:35+01:00,[60],[-117.332214]
2025-02-04T00:18:33+01:00,[60],[-117.332214]
2025-02-04T00:18:31+01:00,[60],[-117.332214]
2025-02-04T00:18:29+01:00,[60],[-117.332214]
2025-02-04T00:18:27+01:00,[60],[-117.332214]
2025-02-04T00:18:25+01:00,[60],[-117.332214]
2025-02-04T00:18:23+01:00,[60],[-117.332214]
2025-02-04T00:18:21+01:00,[60],[-117.332214]
2025-02-04T00:18:19+01:00,[60],[-117.332214]
2025-02-04T00:18:17+01:00,[60],[-117.332214]
2025-02-04T00:18:15+01:00,[60],[-117.332214]
2025-02-04T00:18:13+01:00,[60],[-117.332214]
2025-02-04T00:18:11+01:00,[60],[-117.332214]
2025-02-04T00:18:09+01:00,[60],[-117.332214]
2025-02-04T00:18:07+01:00,[60],[-117.332214]
2025-02-04T00:18:05+01:00,[60],[-117.332214]
2025-02-04T00:18:03+01:00,[60],[-117.332214]
2025-02-04T00:18:01+01:00,[60],[-117.332214]
2025-02-04T00:17:59+01:00,[60],[-117.332214]
2025-02-04T00:17:57+01:00,[60],[-117.332214]
2025-02-04T00:17:55+01:00,[60],[-117.332222]
2025-02-04T00:17:53+01:00,[60],[-117.332222]
2025-02-04T00:17:52+01:00,[60],[-117.33223]
2025-02-04T00:17:50+01:00,[60],[-117.332222]
2025-02-04T00:17:48+01:00,[60],[-117.332222]
2025-02-04T00:17:47+01:00,[60],[-117.332222]
2025-02-04T00:17:46+01:00,[60],[-117.33223]
2025-02-04T00:17:44+01:00,[60],[-117.33223]
2025-02-04T00:17:42+01:00,[60],[-117.33223]
2025-02-04T00:17:41+01:00,[60],[-117.33223]
2025-02-04T00:17:39+01:00,[60],[-117.33223]
2025-02-04T00:17:38+01:00,[60],[-117.33223]
2025-02-04T00:17:36+01:00,[60],[-117.33223]
2025-02-04T00:17:34+01:00,[60],[-117.332222]
2025-02-04T00:17:32+01:00,[60],[-117.332214]
2025-02-04T00:17:30+01:00,[60],[-117.332214]
2025-02-04T00:17:28+01:00,[60],[-117.332214]
2025-02-04T00:17:26+01:00,[60],[-117.33223]
2025-02-04T00:17:24+01:00,[60],[-117.332237]
2025-02-04T00:17:22+01:00,[60],[-117.33223]
2025-02-04T00:17:20+01:00,[60],[-117.332237]
2025-02-04T00:17:18+01:00,[60],[-117.332237]
2025-02-04T00:17:16+01:00,[60],[-117.332222]
2025-02-04T00:17:14+01:00,[60],[-117.332214]
2025-02-04T00:17:12+01:00,[60],[-117.332207]
2025-02-04T00:17:10+01:00,[60],[-117.332222]
2025-02-04T00:17:08+01:00,[60],[-117.33223]
2025-02-04T00:17:06+01:00,[60],[-117.33223]
2025-02-04T00:17:04+01:00,[60],[-117.332237]
2025-02-04T00:17:02+01:00,[60],[-117.33223]
2025-02-04T00:17:00+01:00,[60],[-117.332237]
2025-02-04T00:16:58+01:00,[60],[-117.33223]
2025-02-04T00:16:56+01:00,[60],[-117.33223]
2025-02-04T00:16:54+01:00,[60],[-117.33223]
2025-02-04T00:16:52+01:00,[60],[-117.332237]
2025-02-04T00:16:50+01:00,[60],[-117.33223]
2025-02-04T00:16:48+01:00,[60],[-117.33223]
2025-02-04T00:16:46+01:00,[60],[-117.332222]
2025-02-04T00:16:44+01:00,[60],[-117.332222]
2025-02-04T00:16:42+01:00,[60],[-117.332222]
2025-02-04T00:16:40+01:00,[60],[-117.33223]
2025-02-04T00:16:38+01:00,[60],[-117.332237]
2025-02-04T00:16:36+01:00,[60],[-117.332237]
2025-02-04T00:16:34+01:00,[60],[-117.332237]
2025-02-04T00:16:32+01:00,[60],[-117.332237]
2025-02-04T00:16:30+01:00,[60],[-117.332245]
2025-02-04T00:16:28+01:00,[60],[-117.332245]
2025-02-04T00:16:26+01:00,[60],[-117.332245]
2025-02-04T00:16:24+01:00,[60],[-117.332245]
2025-02-04T00:16:22+01:00,[60],[-117.332237]
2025-02-04T00:16:20+01:00,[60],[-117.332245]
2025-02-04T00:16:18+01:00,[60],[-117.332245]
2025-02-04T00:16:16+01:00,[60],[-117.332253]
2025-02-04T00:16:14+01:00,[60],[-117.332253]
2025-02-04T00:16:12+01:00,[60],[-117.332253]
2025-02-04T00:16:10+01:00,[60],[-117.332253]
2025-02-04T00:16:08+01:00,[60],[-117.332253]
2025-02-04T00:16:06+01:00,[60],[-117.332253]
2025-02-04T00:16:04+01:00,[60],[-117.332253]
2025-02-04T00:16:02+01:00,[60],[-117.332253]
2025-02-04T00:16:00+01:00,[60],[-117.332253]
2025-02-04T00:15:58+01:00,[60],[-117.332253]
2025-02-04T00:15:56+01:00,[60],[-117.332253]
2025-02-04T00:15:54+01:00,[60],[-117.332253]
2025-02-04T00:15:52+01:00,[60],[-117.33226]
2025-02-04T00:15:50+01:00,[60],[-117.33226]
2025-02-04T00:15:48+01:00,[60],[-117.33226]
2025-02-04T00:15:47+01:00,[60],[-117.332253]
2025-02-04T00:15:45+01:00,[60],[-117.332253]
2025-02-04T00:15:44+01:00,[60],[-117.332253]
2025-02-04T00:15:42+01:00,[60],[-117.332253]
2025-02-04T00:15:41+01:00,[60],[-117.332253]
2025-02-04T00:15:39+01:00,[60],[-117.332253]
2025-02-04T00:15:38+01:00,[60],[-117.332253]
2025-02-04T00:15:36+01:00,[60],[-117.332253]
2025-02-04T00:15:35+01:00,[60],[-117.332253]
2025-02-04T00:15:33+01:00,[60],[-117.33226]
2025-02-04T00:15:32+01:00,[60],[-117.33226]
2025-02-04T00:15:30+01:00,[60],[-117.33226]
2025-02-04T00:15:28+01:00,[60],[-117.33226]
2025-02-04T00:15:26+01:00,[60],[-117.33226]
2025-02-04T00:15:24+01:00,[60],[-117.33226]
2025-02-04T00:15:22+01:00,[60],[-117.33226]
2025-02-04T00:15:20+01:00,[60],[-117.33226]
2025-02-04T00:15:18+01:00,[60],[-117.33226]
2025-02-04T00:15:16+01:00,[60],[-117.33226]
2025-02-04T00:15:14+01:00,[60],[-117.332253]
2025-02-04T00:15:12+01:00,[60],[-117.332253]
2025-02-04T00:15:10+01:00,[60],[-117.332253]
2025-02-04T00:15:08+01:00,[60],[-117.33226]
2025-02-04T00:15:06+01:00,[60],[-117.332268]
2025-02-04T00:15:04+01:00,[60],[-117.33226]
2025-02-04T00:15:02+01:00,[60],[-117.332253]
2025-02-04T00:15:00+01:00,[60],[-117.332253]
2025-02-04T00:14:58+01:00,[60],[-117.332253]
2025-02-04T00:14:56+01:00,[60],[-117.332245]
2025-02-04T00:14:54+01:00,[60],[-117.332245]
2025-02-04T00:14:52+01:00,[60],[-117.332253]
2025-02-04T00:14:50+01:00,[60],[-117.332253]
2025-02-04T00:14:48+01:00,[60],[-117.332245]
2025-02-04T00:14:46+01:00,[60],[-117.332237]
2025-02-04T00:14:44+01:00,[60],[-117.33223]
2025-02-04T00:14:42+01:00,[60],[-117.332222]
2025-02-04T00:14:40+01:00,[60],[-117.332222]
2025-02-04T00:14:38+01:00,[60],[-117.332222]
2025-02-04T00:14:36+01:00,[60],[-117.332222]
2025-02-04T00:14:34+01:00,[60],[-117.332222]
2025-02-04T00:14:32+01:00,[60],[-117.332222]
2025-02-04T00:14:30+01:00,[60],[-117.332222]
2025-02-04T00:14:28+01:00,[60],[-117.332222]
2025-02-04T00:14:26+01:00,[60],[-117.332222]
2025-02-04T00:14:24+01:00,[60],[-117.332222]
2025-02-04T00:14:22+01:00,[60],[-117.332222]
2025-02-04T00:14:20+01:00,[60],[-117.332222]
2025-02-04T00:14:18+01:00,[60],[-117.332222]
2025-02-04T00:14:16+01:00,[60],[-117.332222]
2025-02-04T00:14:14+01:00,[60],[-117.33223]
2025-02-04T00:14:12+01:00,[60],[-117.33223]
2025-02-04T00:14:10+01:00,[60],[-117.33223]
2025-02-04T00:14:08+01:00,[60],[-117.332222]
2025-02-04T00:14:06+01:00,[60],[-117.332222]
2025-02-04T00:14:04+01:00,[60],[-117.33223]
2025-02-04T00:14:02+01:00,[60],[-117.332245]
2025-02-04T00:14:00+01:00,[60],[-117.332237]
2025-02-04T00:13:58+01:00,[60],[-117.332237]
2025-02-04T00:13:56+01:00,[60],[-117.332245]
2025-02-04T00:13:54+01:00,[60],[-117.332237]
2025-02-04T00:13:52+01:00,[60],[-117.332237]
2025-02-04T00:13:50+01:00,[60],[-117.332237]
2025-02-04T00:13:48+01:00,[60],[-117.332245]
2025-02-04T00:13:46+01:00,[60],[-117.332237]
2025-02-04T00:13:44+01:00,[60],[-117.332237]
2025-02-04T00:13:43+01:00,[60],[-117.332237]
2025-02-04T00:13:41+01:00,[60],[-117.33223]
2025-02-04T00:13:39+01:00,[60],[-117.33223]
2025-02-04T00:13:38+01:00,[60],[-117.332237]
2025-02-04T00:13:36+01:00,[60],[-117.332245]
2025-02-04T00:13:35+01:00,[60],[-117.332245]
2025-02-04T00:13:33+01:00,[60],[-117.332245]
2025-02-04T00:13:32+01:00,[60],[-117.332245]
2025-02-04T00:13:30+01:00,[60],[-117.332245]
2025-02-04T00:13:28+01:00,[60],[-117.332245]
2025-02-04T00:13:26+01:00,[60],[-117.332253]
2025-02-04T00:13:24+01:00,[60],[-117.332237]
2025-02-04T00:13:23+01:00,[60],[-117.332184]
2025-02-04T00:13:21+01:00,[60],[-117.332291]
2025-02-04T00:13:19+01:00,[60],[-117.332214]
2025-02-04T00:13:18+01:00,[60],[-117.332001]
2025-02-04T00:13:06+01:00,[60],[-117.332329]
2025-02-04T00:12:57+01:00,[60],[-117.332329]
2024-08-09T04:47:09+02:00,[60],[-117.332085]
2024-08-09T04:08:34+02:00,[60],[-117.332031]
2024-08-09T04:08:09+02:00,[60],[-117.332062]
2024-08-09T04:08:05+02:00,[60],[-117.332016]
2024-08-09T04:08:03+02:00,[60],[-117.332047]
2024-08-09T04:08:01+02:00,[60],[-117.332047]
2024-08-09T04:07:59+02:00,[60],[-117.332138]
2024-08-09T04:07:29+02:00,[60],[-117.332054]
2024-08-09T04:07:27+02:00,[60],[-117.332039]
2024-08-09T04:07:25+02:00,[60],[-117.332039]
2024-08-09T04:06:49+02:00,[60],[-117.332138]
2024-08-09T04:05:21+02:00,[60],[-117.332138]
